/data3fast/users/mbermudez/de_03/TFGDataset/img/train_t2_0252_1.png|(((NNNNNa?NNmNNNNtNNN?NNNNNNtNöNNNam.rinnanNNNaiNaaaNNNNNNNNNNNtt*NnNtN*mmNNnnnNNNaaN**mmmNmmNNNN?NNNNNNNNNNNr
/data3fast/users/mbermudez/de_03/TFGDataset/img/train_t2_0524.png|aa{NNNNNNNaaaa??a {{röraaaaaaaNNNNa
/data3fast/users/mbermudez/de_03/TFGDataset/img/train_t2_0453_0.png|nmNNNNaNNamaNNaaaaNaaNa{{NNNNtNNNNNNNNöüiiiööNNNNNNNNNNNNNNNNNNNNNNöiiNNNNNNNN*NNNNiNaNNNNNNNaNNNNNNNN
/data3fast/users/mbermudez/de_03/TFGDataset/img/train_t2_0567_2.png|asü{nnaNNaa**aaaa{{{{{öööaaöNNNNNNaaaNaNNNNNN}}ttNNNNNNNNNöNNNNNNNNNNNNaaNNiNrNtNaNNNNNNNtNNNNNNmNNNNNi
/data3fast/users/mbermudez/de_03/TFGDataset/img/train_t2_1401_2.png|??aa{NNaNNNNNNNrr{{faaN{{{NNNNNN}NNNNNNNNNnnnNNNN{aaraNiiNNNNNNN*NNNNNNNNsNN???ttNNNNr}}aaaaNaNaaaaaNNnrn*aa
/data3fast/users/mbermudez/de_03/TFGDataset/img/train_t2_1387_1.png|iiöö}öaNöNNNNNNNNNNazööaaNaaaa{{{aaa{aNNNaaaaaaanaaa{aaN{{aaaaaaaaan{aaa{t{{{aaNNNNN*NNN*******mmöön*aaa{ar?N{{{NNNNNNa
/data3fast/users/mbermudez/de_03/TFGDataset/img/train_t2_1255_2.png|NN{{NllaaaaNa(aaaaaaanN??NNaaaraaaana***annnaaNnnaa?aöa{atNNaNN**NNNNN(NNöNNöaaaa*aaa{aaaaaaaaanna?{aa{NNNaööö
/data3fast/users/mbermudez/de_03/TFGDataset/img/train_t2_1189_0.png|k  öööaaaa{a{NNNNNNNNNNNNtN***{{{{{NNNNNNaaaaaaNNNNa?aaöööööNNNNNNNöNNNNNr}aa{NNaNNNNN*r*{{N{NNöööö(NNNNNNNN
/data3fast/users/mbermudez/de_03/TFGDataset/img/train_t2_1118_1.png|@nööööaaaNaaammmmiaNtNNaaaNN????öa{{{NNNNN?NNNnnrNaaaannnaaaaaaaaNNNNNN((ttNNNNNrNrNünrrNN*naaaNnnNnN*NrNNNNNaN?N??N
/data3fast/users/mbermudez/de_03/TFGDataset/img/train_t2_1462_2.png|l(öö (zNNaaNNNNNNNNaNaN**{{NNNNNNNN???NNNaaNNNNNaöNNNNNNN(((((NNNNNNNn(NüNaasaaannnnnnaaaaaaarösssaaa*Naauaaa(((
/data3fast/users/mbermudez/de_03/TFGDataset/img/train_t2_0013_0.png|lliiNNNNNNNNN
/data3fast/users/mbermudez/de_03/TFGDataset/img/train_t2_0440_1.png|?((((aaiöNNNNaaaaaaaaa{???NNNNNNNNNNNrrr aaaa({{NNNNNNöNNNNNNNNaiiiiiiNaaaaaaaaaarNNaaaannnNNnnaaaa{n{aNa?
/data3fast/users/mbermudez/de_03/TFGDataset/img/train_t2_0908_2.png|a{{{aaa aaaraaa?a{{{{NNNzNNöNN}NNNzzNNNaaatt{aaaaaaaaaaaaaaaNaNNN*t?aNnnnaaaaaanaaaaaaaaai{{{NNNNNNNNNNN???NNNNNNN
/data3fast/users/mbermudez/de_03/TFGDataset/img/train_t2_1329.png|**{{{ööNNNööNNNN:N(:*{a*aaNNnnaanaaNNaaaaaaaaaaaaanaaaaaaaaaannnN*aaaaaa{a{aaNNNNaN*Nnn  aaaaa{{{NNNNNmNrrriva
/data3fast/users/mbermudez/de_03/TFGDataset/img/train_t2_1340_0.png|{{{ööaaaaaaaNNNNaN**adNNnrrrrööaaaa{aaaann*n**r**aann*aaaaaannaaaaaa??aaaaannaaa{{iNNNNaaNNNnNNNNNNNrNN***ö{iNNaaaN
/data3fast/users/mbermudez/de_03/TFGDataset/img/train_t2_0589_1.png|nnN{NNaaaaasnr  aaaaaai{{aaiNaaaaaa{{a{{{öN{NNNaatayyiaaaNNnNNNNNNN*raNr**{aaa{aa{aNNNNNaaNaaNtarNrNNNa{??NNNNNNNN?ött
/data3fast/users/mbermudez/de_03/TFGDataset/img/train_t2_1357.png|{{{NNaaaNN**?(aaaNNNNatNaira{a{NöarrraaNNNnnaaaaaaa{{{iNNNNaNNNNN(N?csNNNöaaaaaaaannnnhhannnnaa**nnnnnann*aanaaaaaa
/data3fast/users/mbermudez/de_03/TFGDataset/img/train_t2_1408_2.png|hilaaaaaaaaaa?aaa{{{{NaNaNaa*NaaNNiiiNNNNNNNNa(?aaaNN{{NNNNNiNNNN**tazzaaaaiiNNNNNaarrrNNNNNNNNa*NttttNNNNiiiNaNNNNNNn
/data3fast/users/mbermudez/de_03/TFGDataset/img/train_t2_0806_0.png|aaaaaaaa*aaaaiaaaa{a{{aaaaNaarr{{aaaiiNNaaanN{taaaaa{NNaaaNaNnnaaaa***aa{aaNainnaaaaaai{{{aaNraaNaaana{NNaaNaannann{{{{
/data3fast/users/mbermudez/de_03/TFGDataset/img/train_t2_0097_1.png|ä@@NNNaaN{NNNatttNNaa aama{aaaaaaaaaraaaaaaaaaar{rNaNaaaaNNaNrraamminiiaNraaaNNnnaaanrnntaaannaannaaaaaNNNtnuaNaNNa
/data3fast/users/mbermudez/de_03/TFGDataset/img/train_t2_0607_1.png|oyaaaaaaaaiNaNNaaant{{NaaaaNNNNNaa??anaaaaaaaaatniaaannnaa{{aaaNNnaaaaaaaaann{{aaaNNNNNNNNNNtNNNNNNNcNNNaaaa*NuNN{NNNtt
/data3fast/users/mbermudez/de_03/TFGDataset/img/train_t2_1459_0.png|liiNNaaaaaaaaaaaaa?{{{ az*aaaaaaaa?{r{NN{NNNnaat{n*aanaannNaaan{aaaNnnaa{{*ia{{aaannnaaaaaaanaNNn????aaaaaanaaaaar{{aa
/data3fast/users/mbermudez/de_03/TFGDataset/img/train_t2_0083_1.png|aaNaaaannnn{{anaaanna{a{{NNNaNNNacc**niaaaa{{{r aaaaaaaanaaaaannnan***a{nnnaaa{{{NNNNNNsNa*aNaaaaaNNinNaNaaaaaNNaaaaa 
/data3fast/users/mbermudez/de_03/TFGDataset/img/train_t2_0871_0.png|iiinnn{nnaaaaaaaaaaaa?{{{{NNNNNNNNNNN?Nnannnaaaaa{znaaaaaaattiNiNNaann{r{rnaaaaannnnaaaar{aaaanaaanNnnaNaaaart{??aNNNN
/data3fast/users/mbermudez/de_03/TFGDataset/img/train_t2_1388_1.png|öööööNNNNNNNattNNNNnnnNNN   * naaaaaaaaaaaaaaaNnnnaaaaaannnaaaanaaNN{aniaaaaaaittiNNNNiNNNNtrr aaaaa{nnnnnaNNaNNiianaaa
/data3fast/users/mbermudez/de_03/TFGDataset/img/train_t2_0720.png|siiaaaaNaraaiaaanaa*nnnaaanaaaaaa{aaaaNaaaaaaanaaaaaaaaaaaaNaaaaaaaaa iaaaaaiNaaaatnaaaaiaNaaaanaaaaaaNNnanaaaanaaannaa
/data3fast/users/mbermudez/de_03/TFGDataset/img/train_t2_0372_0.png|t?aaaaaaatnnnaa*NNaaaanaaiaaannnanaaaaanaaaaaaa  nnnnnna*aaaa{ NNaaaaaaaaiaana{{aaannNNnNaarrranaaaaaaataaaniaaaannnnan
/data3fast/users/mbermudez/de_03/TFGDataset/img/train_t2_1385_1.png|aaaaaaaa{aaaaaaaaaaaaaaaaaaaaann{{  aaaaaaaa{n aaaaaaaaaNaaaaaa{ntaNNNaNiNaaNaNataaaaannnnaaaanaaaaanaaaaaNaNaNiNNNNtdN
/data3fast/users/mbermudez/de_03/TFGDataset/img/train_t2_0905_0.png|laaasnnnattaa{{{a   r aaaaNaaaNNNNaNaata aaaarraaaaannaaaanannaaaaannnnanaaaaaaaarNnnnnra*NNrnnnaaaNNnnnntNNrnnNna*naaa
/data3fast/users/mbermudez/de_03/TFGDataset/img/train_t2_0587_0.png|(aaaaaannannnnn*aaannnaannara aaaaaa a aa{aaNaa iNNaaaaaiiiNaNNNaar?nnriNanaaaaaaaarnnaa**aaaarNNNrNtrNaarNaaaaaaaaNNaN
/data3fast/users/mbermudez/de_03/TFGDataset/img/train_t2_0108_1.png|t((aaNaaaaanaannaaaaaaaaaaaaanaannnnnnnaaaan{aannnnaaaa{{NNaaaNaNnnN aaaaNaaaNaaaaannnnaaaaaaannannNa}}anNNNNNrrrraaaaa
/data3fast/users/mbermudez/de_03/TFGDataset/img/train_t2_0494_1.png|a{{{{aaar   aaaaaa{{NaNaaaaNNNNNr?ttNNNNN a   aaaaaNaNaaaaaiaiaaaaar{{{ aNNNaaarNNaNNNNrNa   nnnaaaaaaaaNNn?arrrriaa
/data3fast/users/mbermudez/de_03/TFGDataset/img/train_t2_0144_1.png|aaannaa   *aaaaaaattti NNaNtaaaaNNNaNNaaiiiaNNNNNNttttssaNNöNNrzaaaanNNaattt{{{{aaaaNNNNNNiaaaaaa{aattNNNNNNNNr dm
/data3fast/users/mbermudez/de_03/TFGDataset/img/train_t2_0761_1.png|aiaaa eaaaNNNNa    mmmmaiiüööööiöööaNNNNNNNNöü  ii n     aaa?g}NaaannnnnnyyaaaanNNaNN??ai      NaöaaöNNaNNat
/data3fast/users/mbermudez/de_03/TFGDataset/img/train_t2_1286.png|{öiaöaN(öaaaaaaa{aaaaaannaa{aazaaaa  r aaaaaaaaa{rr{iiaaaaaaN{NNNNarrrrr(nan{a{aaaaaaaannnnnaaaaanaaan{iNNNNNNNrNaNN nn
/data3fast/users/mbermudez/de_03/TFGDataset/img/train_t2_0750_0.png|aaanu{tt {  a  aaaaaaataaiia{aaaaaaaaaaannnaaaaaaa{Nnaannann*naaannaaaaaaNNaaiiNNNNrNaccca{{{a aaaaaaanaa{{ööNNNNNNaaa
/data3fast/users/mbermudez/de_03/TFGDataset/img/train_t2_0592_2.png|aanraaanannnnnaa nn aaaa{nnaaaaaaaaaan    a  aaaaaaaNaiaaa  {iiNNNNaaaNNnnnnaaa aaaa           zaaaaaaannaa aaaaaaaaaaa
/data3fast/users/mbermudez/de_03/TFGDataset/img/train_t2_0431_0.png|e(ö  a aaaaN eaaa nnn aaaa     az     aaaa aaaaaaaaan   an  a aaaaaaaaiaaaini aaaa  aaaaaai aaaaaaaaa{ eae aaaaannnnnNN
/data3fast/users/mbermudez/de_03/TFGDataset/img/train_t2_0413_1.png|aaöörr aaaaaaaannnnn aaaa{{{nNaaaaaaaaanaaa     aaaaaaaaa      aaaaaaaaa iiNNaaaaaaanananii iaaaNaaaaaataatr aa aaaannn
/data3fast/users/mbermudez/de_03/TFGDataset/img/train_t2_0662_1.png|aaaiiiiiaaaa  NNaaa a aaaa     a aa  aaaaaaaa  aaaaaa{aaarsnartittaNiiNN  i aaaaaeaaaaaa a aaat   iaaaaaaaan aaaaaaaaas
/data3fast/users/mbermudez/de_03/TFGDataset/img/train_t2_0070_2.png|Nn     aaaa aaaaaaaaaanniNa aa aaaaaaaaa    aaaaaaaaa    a aza   aaaaaaiaN    a     aaaaaNNrNNN        aaaaaaaaNaaNNN
/data3fast/users/mbermudez/de_03/TFGDataset/img/train_t2_1307_2.png|eeaaaaeeaaannnaaaaasa      aaaaaNaaaaa nnaaaaaaaaaaaaa   zN aaaa naaaa   azza  N    aaaaaaaiaaaaaaa a a  aaaaaaaaaaaaa 
/data3fast/users/mbermudez/de_03/TFGDataset/img/train_t2_0335.png|la     a aaaaa{{aaaaaaaaaa  aaaa aaaan   aaaaaa  aaa a  aaa   aNaaaaaaaiaannaaaaa   aaaaaaaaaaaaaannnnaaaas{     aaaaaa
/data3fast/users/mbermudez/de_03/TFGDataset/img/train_t2_0435_0.png|aaaaa      z  aaaaaanaaaaaaanaa  aaaaaa iaaaaaaaaaaaaaan naaaaaaaaa {ss NNNNaaNaaaaananaaaarnnnnaanaaaaaannaaaaa   a ii
/data3fast/users/mbermudez/de_03/TFGDataset/img/train_t2_0917_0.png|aaannnnai{aaaNraaaiiNiiNaaaö ttNNaNNaaaaannaaaaaannnaaaaannnNNrNNNtNNNNNNtrNnaaiaaaNtNNaaaaaa niaa a aaaaaaaaaaaa{Nt
/data3fast/users/mbermudez/de_03/TFGDataset/img/train_t2_1078_1.png|{aaaaaaiaaa aa   aaamaaaiaaaaa aaaitNta  aaa ss a NaaaaaaaaaaaNaaa     a**aaaaaaaa aaNNe  a a aaaaaaaaaaia     aaaaaaaa
/data3fast/users/mbermudez/de_03/TFGDataset/img/train_t2_0648_1.png|(aaaanr naa     aaaaaa {   aaaaaaaaaaaaanna    a aa aaaanaaaaaaaa tNnaa nnaaaaaaa   aaaaNrrrrr iiiiaaaaaaaaaaa  na aaaa
/data3fast/users/mbermudez/de_03/TFGDataset/img/train_t2_0445_0.png|lss     aaaaaaeann aaaaaa  n        zzaa a v aaa  aaaaaaaa{ NNn  azaaaaaa eaaataa  aaaann  aaaaa        zzaaaaazz Na  
/data3fast/users/mbermudez/de_03/TFGDataset/img/train_t2_0534.png|ainneeea aaaa         z z zaaaaa a       aaa  aaar         a    azzr aasaaa   a      aa   a  eaa aaaaana     aaa a     
/data3fast/users/mbermudez/de_03/TFGDataset/img/train_t2_1291_1.png|?iierriaaaaaanaaaai   a  aaaaa aa aee   a  a    c  a aaara         z    aaaa aae      aaaa      ae        zzzaaaaar   i
/data3fast/users/mbermudez/de_03/TFGDataset/img/train_t2_1066_2.png|aan    a aaan a      aaaera aaa    aaa   aaaa     aaaaa          aaaaa     aa aa  a   aaaaa   a aaaa     aa         aaa
/data3fast/users/mbermudez/de_03/TFGDataset/img/train_t2_0455_0.png|iiia    aa  aaaaar   aa aa  aaaa  t     aaaaaaa        aaaaaaNat    aaaa            zaaaaaa     aaaaraa        aa  aaav
/data3fast/users/mbermudez/de_03/TFGDataset/img/train_t2_1138_2.png|daarrann   aaaaaaa   a a aaaa  aa terri a aaaaaaaaa   a    Ni   aaaaaataa aiiaaaaaa    a aaaaai   raaa a   aa ra       
/data3fast/users/mbermudez/de_03/TFGDataset/img/train_t2_0971.png|ai     aa  aaaaa   aa  a      aaaa  e aa  aa  a     aa          a  aaa aaaaaa        aa a aa aaaaa a             aaaaaa
/data3fast/users/mbermudez/de_03/TFGDataset/img/train_t2_1403_2.png|aaaaaairr  aa aaaaaaa a aa    aaaaaaa  aaaaNaaa  aa       aa    aaaaaaaa a  a       a  a  aaaa  sssst taaaaaanaaa aai  
/data3fast/users/mbermudez/de_03/TFGDataset/img/train_t2_0818_0.png|uu           a   a       zaa aa   aa          zz  aaaaaaa  aa       aaaaaaaa a     aa   aa                   aa  aa    
/data3fast/users/mbermudez/de_03/TFGDataset/img/train_t2_0215_0.png|{nnaaa      n  a   aa aaaaaaaainna aaaaana       zzaaza   a in  NNannnnnnaan         zaa a     aaaaaa aaaa    aa  aaaai
/data3fast/users/mbermudez/de_03/TFGDataset/img/train_t2_1498_2.png|nnaaan              aaaa    aaaa ee   eaaaa     aa  aa        aaa aaaa     aatte  aaa    a   aaa      aaaaa    eee  aa 
/data3fast/users/mbermudez/de_03/TFGDataset/img/train_t2_0417_0.png|vvisiaaaaa a aaaaaa     eeaaaaaa            zz           zaa aaeNaa       aaaa     aaaaa     aa   eaeea aaa  nn    e   
/data3fast/users/mbermudez/de_03/TFGDataset/img/train_t2_0302_2.png|dnnn    aaaa   a aa    aaa   a   aaaaa a       aac     aaaaaaa  aaaannaaa    aaaaaa       aaaaa aa a        aaaaaaaaaan
/data3fast/users/mbermudez/de_03/TFGDataset/img/train_t2_1228_0.png|@N     aa   a                   a  a a             a a                   a          a          aaa       ee aaaa     a 
/data3fast/users/mbermudez/de_03/TFGDataset/img/train_t2_1313_2.png|v  aaaar       z        aaaaa        a   a     aa   aaa            aaa  aa    a a   a       a  a        aaaa     aa    
/data3fast/users/mbermudez/de_03/TFGDataset/img/train_t2_0131_2.png|eeeea          aa    aa       a   aaa aaaaaaaa          aa  a    aa                 aa         eaaa                    
/data3fast/users/mbermudez/de_03/TFGDataset/img/train_t2_1254_0.png|d{na   a  aaa    aaaaaaiaaa                aaa  a         aaaaaan         a a   a i a    aa   a         aa aaa         
/data3fast/users/mbermudez/de_03/TFGDataset/img/train_t2_1261.png|aa        a aaa a                              ac        a  a a      aaaa     a        aaaa    aa             zzza     
/data3fast/users/mbermudez/de_03/TFGDataset/img/train_t2_0993_0.png|{{{{      aa aa      aa aa          aaaaa   a       a aaa     aaa      aaa    a aaa      a  a  aaaaa a    a  aaaa      
/data3fast/users/mbermudez/de_03/TFGDataset/img/train_t2_0110_2.png|öö(          zaaa               z     a   aaaaaaaaa  aaa aaaaa       aaaaaa     aaae          a    a    aaaa           
/data3fast/users/mbermudez/de_03/TFGDataset/img/train_t2_1353_1.png|avd        aaaaa a     aa                 aa a    aaaaan  anaaa       aa  aa   aa r n         aaaaa   aa     aa        
/data3fast/users/mbermudez/de_03/TFGDataset/img/train_t2_0020_2.png|deaanra      aaaa     a  aaaaa      aaaaaaa      aa                    aaa  za a      aaa         aa    eeeaaaaaa      
/data3fast/users/mbermudez/de_03/TFGDataset/img/train_t2_1420_2.png|@@@ar aaa a  a     aaaa    aaaa            aa  aa             a      aa         aaaa                  t          aa    
/data3fast/users/mbermudez/de_03/TFGDataset/img/train_t2_1383_1.png|*{{ö     aaaaaa    aaaaa         aaaaaa  ee      aaaaa       eaaa    a   a                    aa      aaa         zz aa
/data3fast/users/mbermudez/de_03/TFGDataset/img/train_t2_0063.png|{ai    aaa  aaa             azaa     aa      aa       r raa              aa  eeee eaa          a    e eea     a  aaaaa 
/data3fast/users/mbermudez/de_03/TFGDataset/img/train_t2_1193.png|aa                    aa       ee                       aa              z        aae           aa                 zz   
/data3fast/users/mbermudez/de_03/TFGDataset/img/train_t2_0187_2.png|aa                            z  a              aee                                                         a     eaae 
/data3fast/users/mbermudez/de_03/TFGDataset/img/train_t2_0319_0.png|d                    a             cc      eaaa        a         aa      aaaa                             e   a    a   
/data3fast/users/mbermudez/de_03/TFGDataset/img/train_t2_1421_1.png|sei    e             a                aa             a a                          aaa                                  
/data3fast/users/mbermudez/de_03/TFGDataset/img/train_t2_1309_0.png|fdi                         aa                   aaaa            e      ezz aa                     a   ae     a        
/data3fast/users/mbermudez/de_03/TFGDataset/img/train_t2_1342_1.png|nnn            a                    a      a                         aa   e                                          aa
/data3fast/users/mbermudez/de_03/TFGDataset/img/train_t2_1148_0.png|lii                                ee                                         a                                        
/data3fast/users/mbermudez/de_03/TFGDataset/img/train_t2_0048_1.png|saaa                             a         aaaa e    ee                                             aa a         d     
/data3fast/users/mbermudez/de_03/TFGDataset/img/train_t2_0848_1.png|eei                               aa         a  ee     ee aa                  a          a             a a aa   e     a
/data3fast/users/mbermudez/de_03/TFGDataset/img/train_t2_1484.png|dörr         a                    z                                                        ea ee a                     
/data3fast/users/mbermudez/de_03/TFGDataset/img/train_t2_1016.png|a{{              a     a         aaa a      a           a                                            a      i a        
/data3fast/users/mbermudez/de_03/TFGDataset/img/train_t2_1223_0.png|a(e a                                             a            a            aa                  ss                 ee  
/data3fast/users/mbermudez/de_03/TFGDataset/img/train_t2_0308_0.png|aaeeaa     a                                e                                                     a                    
/data3fast/users/mbermudez/de_03/TFGDataset/img/train_t2_0298.png|ln           a                                                                     ee     e    ee                      
/data3fast/users/mbermudez/de_03/TFGDataset/img/train_t2_0151.png|*n                     aa              e                  a  e         e                          e                    
/data3fast/users/mbermudez/de_03/TFGDataset/img/train_t2_1149.png|sss                                  a             e                                                                   
/data3fast/users/mbermudez/de_03/TFGDataset/img/train_t2_1234_1.png|ennn                                           ee                                                                   e  
/data3fast/users/mbermudez/de_03/TFGDataset/img/train_t2_0304_2.png|fea              e                                e              a                              ee  e     a            
/data3fast/users/mbermudez/de_03/TFGDataset/img/train_t2_0328_0.png|laee                                                 ee ee                                      a                      
/data3fast/users/mbermudez/de_03/TFGDataset/img/train_t2_0798_0.png|uus          e e a                                                                             aa                      
/data3fast/users/mbermudez/de_03/TFGDataset/img/train_t2_0390_0.png|d                aa                                                                              e        a     e      
/data3fast/users/mbermudez/de_03/TFGDataset/img/train_t2_0292.png|@ n                                                                  a                                                 
/data3fast/users/mbermudez/de_03/TFGDataset/img/train_t2_0361_2.png|((e            ee  i                e           ee  aaa       eeea              e     a aaa                            
/data3fast/users/mbermudez/de_03/TFGDataset/img/train_t2_1363.png|ss        a            a       e                          e                 ee                                         
/data3fast/users/mbermudez/de_03/TFGDataset/img/train_t2_1065_2.png|{ee                                             e  e  e      ee   e                                  e ee  e          e
/data3fast/users/mbermudez/de_03/TFGDataset/img/train_t2_0392_0.png|hs        e                                   e                                  e    e             ee  e              
/data3fast/users/mbermudez/de_03/TFGDataset/img/train_t2_0811_0.png|dee                 e eeee e                                                                                           
/data3fast/users/mbermudez/de_03/TFGDataset/img/train_t2_1004.png|iiae                  eee                 ee                                                                         e 
/data3fast/users/mbermudez/de_03/TFGDataset/img/train_t2_0120_1.png|aaa                                                                                                                    
/data3fast/users/mbermudez/de_03/TFGDataset/img/train_t2_0246_2.png|ae e              e    e         e                                                    e                       a  e     
/data3fast/users/mbermudez/de_03/TFGDataset/img/train_t2_1453_2.png|nnna              aae   e                e       a  eae            aa r   e    e    aaae            a  a               
/data3fast/users/mbermudez/de_03/TFGDataset/img/train_t2_0808_0.png|dd  eeeee                                         e                                                                    
/data3fast/users/mbermudez/de_03/TFGDataset/img/train_t2_0795_2.png|aaaae                                      a                                                               a           
/data3fast/users/mbermudez/de_03/TFGDataset/img/train_t2_0822_0.png|aee                                      e     e ee                  e           e                                     
/data3fast/users/mbermudez/de_03/TFGDataset/img/train_t2_1454_2.png|fe                     ee    e                                                                            a           e
/data3fast/users/mbermudez/de_03/TFGDataset/img/train_t2_1263_1.png|eee                                                                            ee e                                    
/data3fast/users/mbermudez/de_03/TFGDataset/img/train_t2_0799_0.png|y*                                                           e                                                         
/data3fast/users/mbermudez/de_03/TFGDataset/img/train_t2_0619.png|dde                                                                                                                e   
/data3fast/users/mbermudez/de_03/TFGDataset/img/train_t2_0021_2.png|dnee                                                                                   e                               
/data3fast/users/mbermudez/de_03/TFGDataset/img/train_t2_0093_0.png|eee                                                                                                                    
/data3fast/users/mbermudez/de_03/TFGDataset/img/train_t2_0735_2.png|ae e                          e                                           ee                              ee eeeee     
/data3fast/users/mbermudez/de_03/TFGDataset/img/train_t2_0361.png|aee    ee    e                                  e         e e                                                          
/data3fast/users/mbermudez/de_03/TFGDataset/img/train_t2_1210_1.png|ddre                                eeee                                                                               
/data3fast/users/mbermudez/de_03/TFGDataset/img/train_t2_0035_1.png|bdr                                                      e                                                    e        
/data3fast/users/mbermudez/de_03/TFGDataset/img/train_t2_0837_0.png|ddrr                                                                                                                   
/data3fast/users/mbermudez/de_03/TFGDataset/img/train_t2_1393_0.png|ddeee                     e           e                                                               e                
/data3fast/users/mbermudez/de_03/TFGDataset/img/train_t2_1423_0.png|alee             e                                e                                                  e                 
/data3fast/users/mbermudez/de_03/TFGDataset/img/train_t2_0939_2.png|lee                e                 e               e                eee         ee    e                          e  e
/data3fast/users/mbermudez/de_03/TFGDataset/img/train_t2_0652.png|lee    e e                   e  e                     e                                                           e    
/data3fast/users/mbermudez/de_03/TFGDataset/img/train_t2_0011.png|ll        eee e                                             e       e       e            ee                            
/data3fast/users/mbermudez/de_03/TFGDataset/img/train_t2_0479_2.png|see                         e                                              e     e              e               e      
/data3fast/users/mbermudez/de_03/TFGDataset/img/train_t2_0875_2.png|aee                                                                                             e                      
/data3fast/users/mbermudez/de_03/TFGDataset/img/train_t2_0547_1.png|ldde                                e e                eee     e          e   e                                        
/data3fast/users/mbermudez/de_03/TFGDataset/img/train_t2_0079_1.png|deee                                e  e                    e                                                          
/data3fast/users/mbermudez/de_03/TFGDataset/img/train_t2_1230_2.png|an                                                                                                                     
/data3fast/users/mbermudez/de_03/TFGDataset/img/train_t2_0356_0.png|eee            ee                                                      eee e                                           
/data3fast/users/mbermudez/de_03/TFGDataset/img/train_t2_0191.png|veee                                                  ee                                                               
/data3fast/users/mbermudez/de_03/TFGDataset/img/train_t2_0274_1.png|saeaee                                                     e      eee                                       e         e
/data3fast/users/mbermudez/de_03/TFGDataset/img/train_t2_0554_2.png|dd         ee                                                            e               e        e                    
/data3fast/users/mbermudez/de_03/TFGDataset/img/train_t2_0062_0.png|eeeee                                                                                                               ee 
/data3fast/users/mbermudez/de_03/TFGDataset/img/train_t2_1248.png|dse                                         e                                                            ee            
/data3fast/users/mbermudez/de_03/TFGDataset/img/train_t2_0713_1.png|nnnee                                                                              ee                    ee            
/data3fast/users/mbermudez/de_03/TFGDataset/img/train_t2_0336_0.png|dde  e                                                                                                                 
/data3fast/users/mbermudez/de_03/TFGDataset/img/train_t2_1337.png|aae                         e                e                                   ee                                    
/data3fast/users/mbermudez/de_03/TFGDataset/img/train_t2_0410_1.png|dden                             ee                            e   e   e                        e  ee                 e
/data3fast/users/mbermudez/de_03/TFGDataset/img/train_t2_0713_0.png|as                                                                             e        ee                         eeee
/data3fast/users/mbermudez/de_03/TFGDataset/img/train_t2_0211.png|aa            eee   e                          e e                     ee e                                            
/data3fast/users/mbermudez/de_03/TFGDataset/img/train_t2_0743_0.png|eeeee     e  e                                                                           e                             
/data3fast/users/mbermudez/de_03/TFGDataset/img/train_t2_0755.png|ee e          e                                                         e ee  e                                      e 
/data3fast/users/mbermudez/de_03/TFGDataset/img/train_t2_0746_1.png|dee                            e  e e                                                         ee e                     
/data3fast/users/mbermudez/de_03/TFGDataset/img/train_t2_0937.png|deeeee eee   e                                                                                                      e  
/data3fast/users/mbermudez/de_03/TFGDataset/img/train_t2_1257_1.png|iie                                            eee                                    e                                
/data3fast/users/mbermudez/de_03/TFGDataset/img/train_t2_1294_0.png|dd                           e                  e                                                     e                
/data3fast/users/mbermudez/de_03/TFGDataset/img/train_t2_0511_2.png|dd                               e                             e                  e                e                   
/data3fast/users/mbermudez/de_03/TFGDataset/img/train_t2_1455_2.png|aeee                                                                                                            e      
/data3fast/users/mbermudez/de_03/TFGDataset/img/train_t2_0462_2.png|ee                                                                                                                     
/data3fast/users/mbermudez/de_03/TFGDataset/img/train_t2_0709_0.png|da                                                                                                                     
/data3fast/users/mbermudez/de_03/TFGDataset/img/train_t2_0987_1.png|aii                                                                      e                 eee                         
/data3fast/users/mbermudez/de_03/TFGDataset/img/train_t2_0428_1.png|ee                                  e                            e                                                     
/data3fast/users/mbermudez/de_03/TFGDataset/img/train_t2_0630_2.png|dee   ee             e                                                                    e  eeee                      
/data3fast/users/mbermudez/de_03/TFGDataset/img/train_t2_1157_0.png|dl                              e            e            e e                e e                                       
/data3fast/users/mbermudez/de_03/TFGDataset/img/train_t2_1229_1.png|dee                                                    e  e                                              e             
/data3fast/users/mbermudez/de_03/TFGDataset/img/train_t2_0309_2.png|eeee     e                                                                 ee                                          
/data3fast/users/mbermudez/de_03/TFGDataset/img/train_t2_0739_1.png|eee                e                                           e                             e e    e                  
/data3fast/users/mbermudez/de_03/TFGDataset/img/train_t2_0588.png|dee                                                   e                                             e                  
/data3fast/users/mbermudez/de_03/TFGDataset/img/train_t2_0431.png|dee e                                                                                               e                  
/data3fast/users/mbermudez/de_03/TFGDataset/img/train_t2_0023_2.png|lee                                                                                          e                e        
/data3fast/users/mbermudez/de_03/TFGDataset/img/train_t2_0079_0.png|ddee                                                                                  e          ee e                  
/data3fast/users/mbermudez/de_03/TFGDataset/img/train_t2_1255_1.png|de                                                   e                  e                                              
/data3fast/users/mbermudez/de_03/TFGDataset/img/train_t2_1162_2.png|dd                                      e                             e              ee                                
/data3fast/users/mbermudez/de_03/TFGDataset/img/train_t2_1339_1.png|de                                                        e       e                                                    
/data3fast/users/mbermudez/de_03/TFGDataset/img/train_t2_0699_2.png|ee                                                                                                                     
/data3fast/users/mbermudez/de_03/TFGDataset/img/train_t2_0753_0.png|#d                        e                                                        ee                                  
/data3fast/users/mbermudez/de_03/TFGDataset/img/train_t2_1249_2.png|eee                           e                e                                                                       
/data3fast/users/mbermudez/de_03/TFGDataset/img/train_t2_0880.png|aa ee                                                                                                                  
/data3fast/users/mbermudez/de_03/TFGDataset/img/train_t2_1486_2.png|dee             e                                                                                        e             
/data3fast/users/mbermudez/de_03/TFGDataset/img/train_t2_0872_1.png|ie                                                                                                               e  e  
/data3fast/users/mbermudez/de_03/TFGDataset/img/train_t2_0808_2.png|ee           e                                    e                                                                    
/data3fast/users/mbermudez/de_03/TFGDataset/img/train_t2_0088.png|ee                                  e                            e                                                     
/data3fast/users/mbermudez/de_03/TFGDataset/img/train_t2_0705_1.png|de                                                                                                                     
/data3fast/users/mbermudez/de_03/TFGDataset/img/train_t2_0861_2.png|ai   e                                                                                     e                           
/data3fast/users/mbermudez/de_03/TFGDataset/img/train_t2_1311_2.png|ee                         e                                  ee                      e                                
/data3fast/users/mbermudez/de_03/TFGDataset/img/train_t2_1143_2.png|aa                      e        e                                             e                                       
/data3fast/users/mbermudez/de_03/TFGDataset/img/train_t2_1306_1.png|see               e                                                                                                  e 
/data3fast/users/mbermudez/de_03/TFGDataset/img/train_t2_0345.png|dee                                                                                                                    
/data3fast/users/mbermudez/de_03/TFGDataset/img/train_t2_0765_2.png|de                                   eeee           ee                      e                                          
/data3fast/users/mbermudez/de_03/TFGDataset/img/train_t2_0771_0.png|eeeee     e          eeee       e         e ee   e      e        eee                          e               e        
/data3fast/users/mbermudez/de_03/TFGDataset/img/train_t2_0177_0.png|eee         ee                                   ee                                                                    
/data3fast/users/mbermudez/de_03/TFGDataset/img/train_t2_1083.png|ee e                                                                                                  e                
/data3fast/users/mbermudez/de_03/TFGDataset/img/train_t2_0600.png|eeee                                               e                                                      ee           
/data3fast/users/mbermudez/de_03/TFGDataset/img/train_t2_1036.png|ae                                                                                                                     
/data3fast/users/mbermudez/de_03/TFGDataset/img/train_t2_1119_2.png|dee         e ee                                                                                                       
/data3fast/users/mbermudez/de_03/TFGDataset/img/train_t2_0725_2.png|deeee                                   e                                                                              
/data3fast/users/mbermudez/de_03/TFGDataset/img/train_t2_0279_2.png|ee                                                             e                  e                      ee            
/data3fast/users/mbermudez/de_03/TFGDataset/img/train_t2_0466_2.png|dee                                                                                                                    
/data3fast/users/mbermudez/de_03/TFGDataset/img/train_t2_0697.png|eee                                                                                                                    
/data3fast/users/mbermudez/de_03/TFGDataset/img/train_t2_1454_1.png|eee                                                     ee             e                                               
/data3fast/users/mbermudez/de_03/TFGDataset/img/train_t2_0362_1.png|de                                                                                                                     
/data3fast/users/mbermudez/de_03/TFGDataset/img/train_t2_0308_2.png|deeee                                                                                                                  
/data3fast/users/mbermudez/de_03/TFGDataset/img/train_t2_1499.png|ae                                  e                                                                                  
/data3fast/users/mbermudez/de_03/TFGDataset/img/train_t2_0420_0.png|eee                                                                                                   e                
/data3fast/users/mbermudez/de_03/TFGDataset/img/train_t2_0318.png|de   e                                                                                                                 
/data3fast/users/mbermudez/de_03/TFGDataset/img/train_t2_0512_1.png|eeee e                                                                                                                 
/data3fast/users/mbermudez/de_03/TFGDataset/img/train_t2_0276_0.png|deeeee                                                                                           e                     
/data3fast/users/mbermudez/de_03/TFGDataset/img/train_t2_0669_2.png|eee                                                                                                                    
/data3fast/users/mbermudez/de_03/TFGDataset/img/train_t2_0006.png|eee                                                                                                                    
/data3fast/users/mbermudez/de_03/TFGDataset/img/train_t2_0514.png|deee                                                              e                                                    
/data3fast/users/mbermudez/de_03/TFGDataset/img/train_t2_0904_2.png|dee                                      e                                  e                                          
/data3fast/users/mbermudez/de_03/TFGDataset/img/train_t2_0419_2.png|eee                                                                          e                                         
/data3fast/users/mbermudez/de_03/TFGDataset/img/train_t2_0768.png|eee                                                                                    e                               
/data3fast/users/mbermudez/de_03/TFGDataset/img/train_t2_0279.png|eeeee                ee                        eee                                                                     
/data3fast/users/mbermudez/de_03/TFGDataset/img/train_t2_0491_2.png|dee                                                              e e                                                   
/data3fast/users/mbermudez/de_03/TFGDataset/img/train_t2_1106_2.png|aee                    e                                                              e                                
/data3fast/users/mbermudez/de_03/TFGDataset/img/train_t2_1294.png|deee                                                                                                                   
/data3fast/users/mbermudez/de_03/TFGDataset/img/train_t2_0603.png|deee                                  e               e                                             e                  
/data3fast/users/mbermudez/de_03/TFGDataset/img/train_t2_0334_1.png|de ee        e                         e         e  e                                                                  
/data3fast/users/mbermudez/de_03/TFGDataset/img/train_t2_0976_1.png|de                                                                                                                     
/data3fast/users/mbermudez/de_03/TFGDataset/img/train_t2_0840_1.png|ddeee                                                            ee                                                    
/data3fast/users/mbermudez/de_03/TFGDataset/img/train_t2_0820.png|eee     e                                                                                                              
/data3fast/users/mbermudez/de_03/TFGDataset/img/train_t2_0282.png|dd                                     e                               e                                               
/data3fast/users/mbermudez/de_03/TFGDataset/img/train_t2_1050_1.png|dee                                                                                                                    
/data3fast/users/mbermudez/de_03/TFGDataset/img/train_t2_0135_0.png|eee   e                                                                                                                
/data3fast/users/mbermudez/de_03/TFGDataset/img/train_t2_0347.png|de                                                      ee                                                             
/data3fast/users/mbermudez/de_03/TFGDataset/img/train_t2_0988_1.png|de                                                                          e   e                  e                   
/data3fast/users/mbermudez/de_03/TFGDataset/img/train_t2_1090_1.png|deee                                                                                                                   
/data3fast/users/mbermudez/de_03/TFGDataset/img/train_t2_0976.png|deeee                                                                       ee                                         
/data3fast/users/mbermudez/de_03/TFGDataset/img/train_t2_0583_0.png|dee                                                                                 ee                                 
/data3fast/users/mbermudez/de_03/TFGDataset/img/train_t2_1349_0.png|dee                                                                                                                    
/data3fast/users/mbermudez/de_03/TFGDataset/img/train_t2_0568_2.png|eeee                                                                                                                   
/data3fast/users/mbermudez/de_03/TFGDataset/img/train_t2_0575_1.png|de  e                                                                                                                  
/data3fast/users/mbermudez/de_03/TFGDataset/img/train_t2_0080_0.png|ee  e                 e                                                                                                
/data3fast/users/mbermudez/de_03/TFGDataset/img/train_t2_0960.png|de                                                                                                                     
/data3fast/users/mbermudez/de_03/TFGDataset/img/train_t2_0243_1.png|dee                                                                                                                    
/data3fast/users/mbermudez/de_03/TFGDataset/img/train_t2_0835_1.png|eee                       e                             e          e                        ee                         
/data3fast/users/mbermudez/de_03/TFGDataset/img/train_t2_0798_1.png|deee          e                                                                                                        
/data3fast/users/mbermudez/de_03/TFGDataset/img/train_t2_0426_2.png|d                                                                                                                      
/data3fast/users/mbermudez/de_03/TFGDataset/img/train_t2_0871_1.png|eee                         e                                                                                          
/data3fast/users/mbermudez/de_03/TFGDataset/img/train_t2_0258_0.png|eee                                                                                                                    
/data3fast/users/mbermudez/de_03/TFGDataset/img/train_t2_0018.png|eeee                                                 e       e                                  e                      
/data3fast/users/mbermudez/de_03/TFGDataset/img/train_t2_1051_2.png|eee                                                                                                                    
/data3fast/users/mbermudez/de_03/TFGDataset/img/train_t2_1397.png|dee                                                          e                                                  e      
/data3fast/users/mbermudez/de_03/TFGDataset/img/train_t2_1006_2.png|e e                                                                                                                    
/data3fast/users/mbermudez/de_03/TFGDataset/img/train_t2_0779.png|deee               e                e                                 ee                                               
/data3fast/users/mbermudez/de_03/TFGDataset/img/train_t2_0441_2.png|de e  e                                                                                                                
/data3fast/users/mbermudez/de_03/TFGDataset/img/train_t2_0008_1.png|eee                                                                                                                    
/data3fast/users/mbermudez/de_03/TFGDataset/img/train_t2_0946_0.png|ee                                                                              e    e                                 
/data3fast/users/mbermudez/de_03/TFGDataset/img/train_t2_1491_2.png|eee                                                                                                                    
/data3fast/users/mbermudez/de_03/TFGDataset/img/train_t2_1419_1.png|eee                        e                                                                                           
/data3fast/users/mbermudez/de_03/TFGDataset/img/train_t2_0273_0.png|deeee       e                                                                                                          
/data3fast/users/mbermudez/de_03/TFGDataset/img/train_t2_0890_0.png|eee  e                                                                                                                 
/data3fast/users/mbermudez/de_03/TFGDataset/img/train_t2_0589_2.png|eee                                                                                                                    
/data3fast/users/mbermudez/de_03/TFGDataset/img/train_t2_0748.png|dee                                                                                                                    
/data3fast/users/mbermudez/de_03/TFGDataset/img/train_t2_0053_2.png|eee                                                                                               e                    
/data3fast/users/mbermudez/de_03/TFGDataset/img/train_t2_1464_0.png|dee       e                                                                                                            
/data3fast/users/mbermudez/de_03/TFGDataset/img/train_t2_1030_0.png|de                                                                                                                     
/data3fast/users/mbermudez/de_03/TFGDataset/img/train_t2_1238_2.png|dee                                                                                                                    
/data3fast/users/mbermudez/de_03/TFGDataset/img/train_t2_0214_1.png|dee                                                                                                                    
/data3fast/users/mbermudez/de_03/TFGDataset/img/train_t2_0196_0.png|eee                                                                                                                    
/data3fast/users/mbermudez/de_03/TFGDataset/img/train_t2_1100_2.png|eee                                                                                                                    
/data3fast/users/mbermudez/de_03/TFGDataset/img/train_t2_0391_0.png|de            e                                                                                                        
/data3fast/users/mbermudez/de_03/TFGDataset/img/train_t2_0203_1.png|eee                                                                                                                    
/data3fast/users/mbermudez/de_03/TFGDataset/img/train_t2_1019_1.png|dee                                                                                                                    
/data3fast/users/mbermudez/de_03/TFGDataset/img/train_t2_1213_2.png|de                                                                                                                     
/data3fast/users/mbermudez/de_03/TFGDataset/img/train_t2_0935_2.png|eee                                                                                                                    
/data3fast/users/mbermudez/de_03/TFGDataset/img/train_t2_0155.png|deee                ee                            e                                                                    
/data3fast/users/mbermudez/de_03/TFGDataset/img/train_t2_0090_2.png|ee                                                                                                                     
/data3fast/users/mbermudez/de_03/TFGDataset/img/train_t2_1143.png|de ee                                                                                                                  
/data3fast/users/mbermudez/de_03/TFGDataset/img/train_t2_1022.png|ee                                                                                                                     
/data3fast/users/mbermudez/de_03/TFGDataset/img/train_t2_1031_1.png|dee                                                                                                                    
/data3fast/users/mbermudez/de_03/TFGDataset/img/train_t2_1402_1.png|dee                         e                                                                                          
/data3fast/users/mbermudez/de_03/TFGDataset/img/train_t2_0132.png|ee      e                                        e                                                                     
/data3fast/users/mbermudez/de_03/TFGDataset/img/train_t2_1358.png|dee                                                                                                                    
/data3fast/users/mbermudez/de_03/TFGDataset/img/train_t2_1441_1.png|eeeee                                                                                                                  
/data3fast/users/mbermudez/de_03/TFGDataset/img/train_t2_0380_1.png|eeee                                                                                                                   
/data3fast/users/mbermudez/de_03/TFGDataset/img/train_t2_0046.png|eeee                                                                                                                   
/data3fast/users/mbermudez/de_03/TFGDataset/img/train_t2_1499_2.png|dee                                                                                                               e    
/data3fast/users/mbermudez/de_03/TFGDataset/img/train_t2_1421.png|ee                                                                                                                     
/data3fast/users/mbermudez/de_03/TFGDataset/img/train_t2_0921_1.png|eee                                                                                                                    
/data3fast/users/mbermudez/de_03/TFGDataset/img/train_t2_1389_0.png|ee                                                                                                                     
/data3fast/users/mbermudez/de_03/TFGDataset/img/train_t2_1314_2.png|dee                                                                                                                    
/data3fast/users/mbermudez/de_03/TFGDataset/img/train_t2_1168_1.png|eeeee                                                                                                                  
/data3fast/users/mbermudez/de_03/TFGDataset/img/train_t2_0239_1.png|eeee    e                                                                                                              
/data3fast/users/mbermudez/de_03/TFGDataset/img/train_t2_0239.png|eeee                e                                                                                                  
/data3fast/users/mbermudez/de_03/TFGDataset/img/train_t2_1381_0.png|dee                                                                                                                    
/data3fast/users/mbermudez/de_03/TFGDataset/img/train_t2_1361_2.png|dee                                                                                                                    
/data3fast/users/mbermudez/de_03/TFGDataset/img/train_t2_0448_2.png|ee e                                                                                                                   
/data3fast/users/mbermudez/de_03/TFGDataset/img/train_t2_1208.png|dee                                                       e                                                            
/data3fast/users/mbermudez/de_03/TFGDataset/img/train_t2_0251_0.png|eeee                                                                 ee                        e                       
/data3fast/users/mbermudez/de_03/TFGDataset/img/train_t2_0624.png|de ee                                                                                                                  
/data3fast/users/mbermudez/de_03/TFGDataset/img/train_t2_1081_1.png|eeee                                                                                                                   
/data3fast/users/mbermudez/de_03/TFGDataset/img/train_t2_0523.png|eee         e                                                                             e                            
/data3fast/users/mbermudez/de_03/TFGDataset/img/train_t2_0014_0.png|eee          e                                                    e                                                    
/data3fast/users/mbermudez/de_03/TFGDataset/img/train_t2_1145_2.png|ee                                                                                                                     
/data3fast/users/mbermudez/de_03/TFGDataset/img/train_t2_1131_1.png|dee                                                                                                                    
/data3fast/users/mbermudez/de_03/TFGDataset/img/train_t2_0572.png|eee                                                                                                                    
/data3fast/users/mbermudez/de_03/TFGDataset/img/train_t2_0877_0.png|eee                                                                                         e                          
/data3fast/users/mbermudez/de_03/TFGDataset/img/train_t2_0879_1.png|de                                                                                            ee                       
/data3fast/users/mbermudez/de_03/TFGDataset/img/train_t2_0974_2.png|ee                                                                                                                     
/data3fast/users/mbermudez/de_03/TFGDataset/img/train_t2_1490_1.png|dee e             e                                  e                                                                 
/data3fast/users/mbermudez/de_03/TFGDataset/img/train_t2_1052_0.png|eee        e                          e                                                                                
/data3fast/users/mbermudez/de_03/TFGDataset/img/train_t2_0650.png|eee                                                                                                                    
/data3fast/users/mbermudez/de_03/TFGDataset/img/train_t2_0237_1.png|eee                                                      e                             e                               
/data3fast/users/mbermudez/de_03/TFGDataset/img/train_t2_0732_0.png|ee                                                           e                                                         
/data3fast/users/mbermudez/de_03/TFGDataset/img/train_t2_0835_2.png|ee  e                                                                                                                  
/data3fast/users/mbermudez/de_03/TFGDataset/img/train_t2_1045_1.png|eeee                                                                                                                   
/data3fast/users/mbermudez/de_03/TFGDataset/img/train_t2_0326_1.png|eeee                                                                                                                   
/data3fast/users/mbermudez/de_03/TFGDataset/img/train_t2_1101_0.png|eee  e                       e                                                                                         
/data3fast/users/mbermudez/de_03/TFGDataset/img/train_t2_0909_1.png|ee e ee                                                                                                                
/data3fast/users/mbermudez/de_03/TFGDataset/img/train_t2_1331_2.png|eeeee ee                                                                                 e                             
/data3fast/users/mbermudez/de_03/TFGDataset/img/train_t2_0549_2.png|eee                                                                             e                                      
/data3fast/users/mbermudez/de_03/TFGDataset/img/train_t2_1031_2.png|eee                                                                                                                    
/data3fast/users/mbermudez/de_03/TFGDataset/img/train_t2_0494_2.png|deeee                                                                                                                  
/data3fast/users/mbermudez/de_03/TFGDataset/img/train_t2_0263_0.png|eeee                                                                                                                   
/data3fast/users/mbermudez/de_03/TFGDataset/img/train_t2_1168.png|eee               e                                                                         e                          
/data3fast/users/mbermudez/de_03/TFGDataset/img/train_t2_1109.png|ee                                                                  e                                                  
/data3fast/users/mbermudez/de_03/TFGDataset/img/train_t2_0151_0.png|eee  e                                       e e                                                                       
/data3fast/users/mbermudez/de_03/TFGDataset/img/train_t2_0626_1.png|eeee                                                                                               ee                  
/data3fast/users/mbermudez/de_03/TFGDataset/img/train_t2_1115_2.png|ee                                                                                              e                      
/data3fast/users/mbermudez/de_03/TFGDataset/img/train_t2_0721_2.png|de                         e                                                               e                           
/data3fast/users/mbermudez/de_03/TFGDataset/img/train_t2_0870_2.png|eee                                                             e                                                      
/data3fast/users/mbermudez/de_03/TFGDataset/img/train_t2_0333.png|eeee                          ee                                                    e    e                             
/data3fast/users/mbermudez/de_03/TFGDataset/img/train_t2_1387.png|eeee                                                                                                                   
/data3fast/users/mbermudez/de_03/TFGDataset/img/train_t2_0934_0.png|ee                                                            e                                                        
/data3fast/users/mbermudez/de_03/TFGDataset/img/train_t2_0438.png|dee                                                                                               e                    
/data3fast/users/mbermudez/de_03/TFGDataset/img/train_t2_0635_1.png|deee   e                                                        e     e                                                
/data3fast/users/mbermudez/de_03/TFGDataset/img/train_t2_0130_0.png|eee                                                                                                                    
/data3fast/users/mbermudez/de_03/TFGDataset/img/train_t2_1138.png|eeee                      e  e                                                                                         
/data3fast/users/mbermudez/de_03/TFGDataset/img/train_t2_0112_1.png|eeee                                                                                                                   
/data3fast/users/mbermudez/de_03/TFGDataset/img/train_t2_0351.png|eeeee                                  ee                                                                              
/data3fast/users/mbermudez/de_03/TFGDataset/img/train_t2_0903.png|eeee                          ee                                                                              e        
/data3fast/users/mbermudez/de_03/TFGDataset/img/train_t2_1226_2.png|eee      e                                                                                              e  ee          
/data3fast/users/mbermudez/de_03/TFGDataset/img/train_t2_0367_0.png|eee                                      e                                                                             
/data3fast/users/mbermudez/de_03/TFGDataset/img/train_t2_0002.png|eeeeee   e            e                                                                                   e            
/data3fast/users/mbermudez/de_03/TFGDataset/img/train_t2_0374_0.png|eeee                                                       e                                                           
/data3fast/users/mbermudez/de_03/TFGDataset/img/train_t2_0468.png|eee                                                                       e                       e                    
/data3fast/users/mbermudez/de_03/TFGDataset/img/train_t2_0117_2.png|eee        e                        e ee                                                                               
/data3fast/users/mbermudez/de_03/TFGDataset/img/train_t2_1277_2.png|deeeee                                 e                 e        e                                                    
/data3fast/users/mbermudez/de_03/TFGDataset/img/train_t2_0785.png|eee                                                                                                                    
/data3fast/users/mbermudez/de_03/TFGDataset/img/train_t2_0655_2.png|eeee                                                                            e                                      
/data3fast/users/mbermudez/de_03/TFGDataset/img/train_t2_0614_2.png|eeeee                                      e                                                 e        e                
/data3fast/users/mbermudez/de_03/TFGDataset/img/train_t2_0344_1.png|eeee                                 e                                              e                                  
/data3fast/users/mbermudez/de_03/TFGDataset/img/train_t2_0087_2.png|ee   e ee                                                    e       eeee                                              
/data3fast/users/mbermudez/de_03/TFGDataset/img/train_t2_1062_2.png|eeee                                                                     e                                         e   
/data3fast/users/mbermudez/de_03/TFGDataset/img/train_t2_0462_0.png|eeee                 e          ee      e                                                                              
/data3fast/users/mbermudez/de_03/TFGDataset/img/train_t2_0163_2.png|eeee   e                                                                                                  e            
/data3fast/users/mbermudez/de_03/TFGDataset/img/train_t2_1205_2.png|eee     e             e                                           e eee                                           e    
/data3fast/users/mbermudez/de_03/TFGDataset/img/train_t2_0782_0.png|eee     ee                                                                                                             
/data3fast/users/mbermudez/de_03/TFGDataset/img/train_t2_0889_0.png|eee               eee                                    e                              e       ee eee                 
/data3fast/users/mbermudez/de_03/TFGDataset/img/train_t2_0575_2.png|eee                                                                                e    e  e                           
/data3fast/users/mbermudez/de_03/TFGDataset/img/train_t2_0508_1.png|eee       ee                                                                                      e                    
/data3fast/users/mbermudez/de_03/TFGDataset/img/train_t2_1489.png|eeee e                                  ee   e   e                       e                                             
/data3fast/users/mbermudez/de_03/TFGDataset/img/train_t2_0608_2.png|eee ee  ee      e                        e e                                                                           
/data3fast/users/mbermudez/de_03/TFGDataset/img/train_t2_0556_2.png|deee               e                       e                        e        e                                    e    
/data3fast/users/mbermudez/de_03/TFGDataset/img/train_t2_0886_2.png|eee                                                                                                              e     
/data3fast/users/mbermudez/de_03/TFGDataset/img/train_t2_0001.png|eeee        e                                                                                                          
/data3fast/users/mbermudez/de_03/TFGDataset/img/train_t2_0581_1.png|eeeeee                       eee             e                        e                                                
/data3fast/users/mbermudez/de_03/TFGDataset/img/train_t2_0641_2.png|eee                                                                          e   e                                     
/data3fast/users/mbermudez/de_03/TFGDataset/img/train_t2_1137_0.png|eeeee          e      e                  ee                                        e                                   
/data3fast/users/mbermudez/de_03/TFGDataset/img/train_t2_1350_2.png|eeee                 e                     ee     ee               ee                                                  
/data3fast/users/mbermudez/de_03/TFGDataset/img/train_t2_0889_1.png|eeeee e    ee          e                             e e                           ee                          e       
/data3fast/users/mbermudez/de_03/TFGDataset/img/train_t2_1114.png|eeee              ee                                    e       e           e                                   e      
/data3fast/users/mbermudez/de_03/TFGDataset/img/train_t2_0799_2.png|eee               e e                                            e   e                                                 
/data3fast/users/mbermudez/de_03/TFGDataset/img/train_t2_1366_0.png|eeeeee      e  ee                                 e        eeeee     eee      e  e               e   ee                
/data3fast/users/mbermudez/de_03/TFGDataset/img/train_t2_0213_1.png|eeee                                     e                                                      e                      
/data3fast/users/mbermudez/de_03/TFGDataset/img/train_t2_0623_1.png|eee           e           eee                                e                   e eee                 ee         e e  
/data3fast/users/mbermudez/de_03/TFGDataset/img/train_t2_1363_1.png|eee                          e    e                     e                                          ee    ee            
/data3fast/users/mbermudez/de_03/TFGDataset/img/train_t2_0737_2.png|eeee           e                                                e                                                      
/data3fast/users/mbermudez/de_03/TFGDataset/img/train_t2_0016_0.png|eee                                           e                                        e                               
/data3fast/users/mbermudez/de_03/TFGDataset/img/train_t2_0981_2.png|eeee                                  e       e                                 e e              ee                    
/data3fast/users/mbermudez/de_03/TFGDataset/img/train_t2_0688_0.png|eee                      e                                 e e                                                         
/data3fast/users/mbermudez/de_03/TFGDataset/img/train_t2_1250_0.png|eeee                                      ee                      eee e                              e  eeee           
/data3fast/users/mbermudez/de_03/TFGDataset/img/train_t2_0354.png|eeeee                 e                          e     eeee    e                                       e             e 
/data3fast/users/mbermudez/de_03/TFGDataset/img/train_t2_1282_0.png|eeee      eeee  e                e                       e    e                                                e eeeee 
/data3fast/users/mbermudez/de_03/TFGDataset/img/train_t2_1289_1.png|eeee                                             e    e                                                                
/data3fast/users/mbermudez/de_03/TFGDataset/img/train_t2_0253_0.png|eee      ee     e            e    e   e     e          e e                e e                       eeee e          e  
/data3fast/users/mbermudez/de_03/TFGDataset/img/train_t2_0744_1.png|eeeeee e        ee          e         e                            e    e                            e   ee       eee  
/data3fast/users/mbermudez/de_03/TFGDataset/img/train_t2_1011_1.png|ee    ee       e     ee       eee        e     ee                                        ee                       eee  
/data3fast/users/mbermudez/de_03/TFGDataset/img/train_t2_0077_1.png|eeee  e             e                                    e          e                    ee                            
/data3fast/users/mbermudez/de_03/TFGDataset/img/train_t2_0949.png|eeeeee          e              e            e       ee     e                 e                e        e  e eee        
/data3fast/users/mbermudez/de_03/TFGDataset/img/train_t2_0583_2.png|eeeee e        e                    eeee               e                          eee                 e e           e  
/data3fast/users/mbermudez/de_03/TFGDataset/img/train_t2_0272_1.png|eee                           ee     e                                 ee             e            e       e      e    
/data3fast/users/mbermudez/de_03/TFGDataset/img/train_t2_1009_1.png|eee ee eeeee  e   e        e    e e                                        e   e    e     eeee    ee              ee   
/data3fast/users/mbermudez/de_03/TFGDataset/img/train_t2_1098_0.png|eeee  e e      e   ee  e                         e e  ee                             ee       e                      ee
/data3fast/users/mbermudez/de_03/TFGDataset/img/train_t2_1358_2.png|eeeeeeee     ee            e                  e  e    ee                                e  ee ee    e    e eee ee      
/data3fast/users/mbermudez/de_03/TFGDataset/img/train_t2_0620_2.png|eeeeee                  e              eeeee e                e              e         e                    ee     eee 
/data3fast/users/mbermudez/de_03/TFGDataset/img/train_t2_0074_1.png|deee            eee   e   eee e              ee        e    e              e     e        e      e      e   ee       ee
/data3fast/users/mbermudez/de_03/TFGDataset/img/train_t2_0611_0.png|eee        e    e               e         e      e  e          e          e      eeeeeee            e ee ee eee   e e  
/data3fast/users/mbermudez/de_03/TFGDataset/img/train_t2_0937_0.png|ee e           e   e                ee   eeeee  eeee   e            e                             e               e    
/data3fast/users/mbermudez/de_03/TFGDataset/img/train_t2_1208_2.png|eeeee                        e             e                         e   ee                              eeee          
/data3fast/users/mbermudez/de_03/TFGDataset/img/train_t2_1170.png|eeeeee e     e                  e        e      e  e  eeee             e         e              e         e  e     e   
/data3fast/users/mbermudez/de_03/TFGDataset/img/train_t2_0751.png|eeee e                       e              e                                e   e    eee                             e
/data3fast/users/mbermudez/de_03/TFGDataset/img/train_t2_0714_0.png|eeee         e      eee        eeeee              e   e          e e   eee  ee                     eeeee  eeeeee e     
/data3fast/users/mbermudez/de_03/TFGDataset/img/train_t2_0863_0.png|ee      ee                   e eeee           ee          e         e            eee                ee            eee  
/data3fast/users/mbermudez/de_03/TFGDataset/img/train_t2_0129_0.png|eeeee       e   ee    ee         e ee  e e   ee                 e  ee     e  e         e  ee    e e        ee eeeeeee e
/data3fast/users/mbermudez/de_03/TFGDataset/img/train_t2_1032.png|eeee            e                   e                                 eee eee e             ee    eeeeeeeeee    e   eee
/data3fast/users/mbermudez/de_03/TFGDataset/img/train_t2_0070_1.png|eeeeeee               ee                  e        e           e       ee  e ee e            e  eee e  e   ee    e   e 
/data3fast/users/mbermudez/de_03/TFGDataset/img/train_t2_0130.png|eeeeeee e    ee  e eee             ee  e     e   e        ee  eee     e               ee          e e              e ee
/data3fast/users/mbermudez/de_03/TFGDataset/img/train_t2_1392_0.png|eeeee ee   eeee ee  eeeee  e e   ee  ee   e eeeee e  eee     eeee eeeee    e      e                  eeeeeeee      ee e
/data3fast/users/mbermudez/de_03/TFGDataset/img/train_t2_0568.png|eeee              e        eee    ee               e          e             eee eee       e e eeee    e e      e e   e 
/data3fast/users/mbermudez/de_03/TFGDataset/img/train_t2_0788_1.png|eeeee e      eee    ee            ee   e eee eeee e       ee ee eee  e           e     ee  e   e              e        
/data3fast/users/mbermudez/de_03/TFGDataset/img/train_t2_0032.png|eeeee   eeee                       e e e        eeeee   e   eee  ee   eee       eeee                   e    eeee  e    
/data3fast/users/mbermudez/de_03/TFGDataset/img/train_t2_0406_2.png|eee           ee eee           ee  eee    e  eeee e         e      ee  e   e    eeeeeee           e ee         ee      
/data3fast/users/mbermudez/de_03/TFGDataset/img/train_t2_1380_0.png|eeeeee   e e                          ee                                     e e    e     ee                   e e     
/data3fast/users/mbermudez/de_03/TFGDataset/img/train_t2_0979_1.png|eeee eeee       eeee             e     ee    e e      e          eee                     e eeeee               e      e
/data3fast/users/mbermudez/de_03/TFGDataset/img/train_t2_1328_1.png|eeeeeeee eee            ee           e    eeeeee ee    eeeeee     ee         e  e e eee  eee ee          ee e    e     
/data3fast/users/mbermudez/de_03/TFGDataset/img/train_t2_0676_0.png|eeeeeeee ee    ee      e ee      e ee        eeee  e e    ee     e eeeee  ee   e  ee e      e e    eeee   eee  e  ee   
/data3fast/users/mbermudez/de_03/TFGDataset/img/train_t2_1179_2.png|eeeeeeee                         eee e        eee e    ee       e  e     e            e     e         e      ee        
/data3fast/users/mbermudez/de_03/TFGDataset/img/train_t2_1180.png|eeee    e eeee            e eeeee e     e     e e         ee      e      eee  ee   e          ee     e e    ee   e     
/data3fast/users/mbermudez/de_03/TFGDataset/img/train_t2_0948_2.png|eeeeeeeee      eee  eee  e ee e   e eee           eeee ee    e ee e  e   e ee e          e       e   ee ee  ee ee  ee  
/data3fast/users/mbermudez/de_03/TFGDataset/img/train_t2_0345_0.png|eeeee e  e    e ee   ee      ee e    eeeeee   e           e        e   e e       e                    eee e      e     
/data3fast/users/mbermudez/de_03/TFGDataset/img/train_t2_0794_0.png|eeeeeeee  e e      ee  e   e       ee        eeeeee eeee      ee e            ee e e  eee     e  ee  e eee          eee
/data3fast/users/mbermudez/de_03/TFGDataset/img/train_t2_0379.png|eee e                          ee eee  ee e e     e  e   e    e  ee         eee e    ee   e                   e     eee
/data3fast/users/mbermudez/de_03/TFGDataset/img/train_t2_0895_1.png|eeeeeee     e     eee               eeeeeeee   eeee           eee e          ee e    e          eee ee  eeee   e      e
/data3fast/users/mbermudez/de_03/TFGDataset/img/train_t2_0823_0.png|eeee       ee       e   e   eee   ee     ee    ee  eeeee     e eeee e       e                eeeeee e  eeeee     eeeee 
/data3fast/users/mbermudez/de_03/TFGDataset/img/train_t2_0156_2.png|eeee     eee               eee ee   e    e  eee   e e            e      eee               e                   e   e   e
/data3fast/users/mbermudez/de_03/TFGDataset/img/train_t2_1266.png|eeeee ee     eeeeeeeee    e                 eee                     e ee     e e     e e        ee   e   eee  e  eeee  
/data3fast/users/mbermudez/de_03/TFGDataset/img/train_t2_0680_1.png|eeeeee      eeeeeeeeee       ee         ee    e eeeee  eee e e   eee e            e   eeeee ee e e      eeee eeee e    
/data3fast/users/mbermudez/de_03/TFGDataset/img/train_t2_0473_1.png|eeee  eee  ee e          ee        e e       ee  ee e     ee         eeeeee  eee  e  eeeeeee eeeee eeee     eee   e e  
/data3fast/users/mbermudez/de_03/TFGDataset/img/train_t2_0293_1.png|eeeeeee   e  e  e        ee   eeee  e       e     eee e     eeeeee eeee         eeee ee ee    e eeee   ee e e         e
/data3fast/users/mbermudez/de_03/TFGDataset/img/train_t2_0002_2.png|eeeeeee  ee           e eee   e    ee e e  e   eeeee eeeeeee   eeeee eeeee         eeeee  e ee   e     eeee       ee   
/data3fast/users/mbermudez/de_03/TFGDataset/img/train_t2_1496.png|eeeeeeeeee            eee  e eeee  ee   ee      ee    e       eeee   eeee  e     e e ee e        e e    e e     e  e   
/data3fast/users/mbermudez/de_03/TFGDataset/img/train_t2_0450_0.png|eeeeee  ee      ee            e             ee          e  ee   e   e  e  e e   e  ee e                    eeeee    e e
/data3fast/users/mbermudez/de_03/TFGDataset/img/train_t2_1436_1.png|eeee  eee eeee  e   e ee eeeee          eeeeeeee eee   e  e   eee  e    ee       eeeee               e    ee  e eee eee
/data3fast/users/mbermudez/de_03/TFGDataset/img/train_t2_0736_0.png|eeee              ee                              e   ee e e   eeeeeeeee  e    e   eee            ee       e        eee
/data3fast/users/mbermudez/de_03/TFGDataset/img/train_t2_1283_1.png|eee eeeee       eeeeeeeee    e eee       eeee   ee eeee e ee   e  ee           e    eee       e   eeeeeee e  e  ee     
/data3fast/users/mbermudez/de_03/TFGDataset/img/train_t2_0766_1.png|eeeeeeeeee         eee        eeee          e  eeeeee e eeeee      eeeee e       ee   ee e    e    eeee  e       e     
/data3fast/users/mbermudez/de_03/TFGDataset/img/train_t2_0060_2.png|eeeee  eeeee                 eee    e   ee  ee eee ee  e  ee       e   ee    e eeee    ee ee e          eeee e eeee    
/data3fast/users/mbermudez/de_03/TFGDataset/img/train_t2_0018_1.png|eeeee    e e        e  eee      e e         eeee e     e    e  eeeeee             e   e e  e  eeeee          e       e 
/data3fast/users/mbermudez/de_03/TFGDataset/img/train_t2_0596_0.png|eeeeee e ee     e    e      eeeee e     ee eeeeeeeee e    ee          e e   ee  eeeee     e  ee  eeeeee   e      e   ee
/data3fast/users/mbermudez/de_03/TFGDataset/img/train_t2_0439_1.png|eeeee eee  eeeee       eeeeeeee  e  e   eeee e  ee    e    e    e    e  e        e     ee   ee    ee        ee   e     
/data3fast/users/mbermudez/de_03/TFGDataset/img/train_t2_1402.png|eeeeeee   e     eee    ee  eeeeee        ee ee eeeee   ee       e ee   e         eee         eeeeee   ee  eeeeeee eeeee
/data3fast/users/mbermudez/de_03/TFGDataset/img/train_t2_0058_0.png|eeeeee ee  e e   e  ee          e   e ee  ee eeeeeee   ee     e    e  e ee    ee e e eeeee             e   ee  e  ee e 
/data3fast/users/mbermudez/de_03/TFGDataset/img/train_t2_1403_1.png|eeeeeeee e e    e    ee         e     e  eee        eeee   ee ee eeee         e e e      e ee e  e eeee    e eee       
/data3fast/users/mbermudez/de_03/TFGDataset/img/train_t2_1400_2.png|eeee ee eeee    eeeee ee     e   ee             e   eeeeeeeeeee eee e  e ee ee   e     eeee eeeeee        e  e e       
/data3fast/users/mbermudez/de_03/TFGDataset/img/train_t2_1445_2.png|eeee e    ee eeee    eeee    e      e eeee   ee eeee        ee eeeeeeeeeeeee eee   e e ee ee  eeee e         eee    eee
/data3fast/users/mbermudez/de_03/TFGDataset/img/train_t2_0664_1.png|eeeeeeeeeeeeeeeee ee   eeeeeee     eeeeee  e    eee e  ee   e e       eeeee      eee  eeeee   e e  e eeee           ee 
/data3fast/users/mbermudez/de_03/TFGDataset/img/train_t2_1428_0.png|eeee   e  eee  e  e   eeeee   e    eeeee                eeeee ee  eeee    e      eeeeeeeee   eeeeeee            e     e
/data3fast/users/mbermudez/de_03/TFGDataset/img/train_t2_0064_2.png|eeeeeeeee e eeeeee                 e    e     ee  e  ee  e             ee eeee    eeeee  eeeeee  e eee        eeeee    
/data3fast/users/mbermudez/de_03/TFGDataset/img/train_t2_0762_2.png|eeee   eeee  ee   eeee       e eee  eee  ee  e eeee   ee e        eeeee         e   e  e e  ee         e  e eeeeeeee e 
/data3fast/users/mbermudez/de_03/TFGDataset/img/train_t2_1147_1.png|eeeeee e  ee  e eee     ee e         e           e       e      ee e    e  eee eeee eeeeeeeeeeeeeeeeee   eeeeeeeee     
/data3fast/users/mbermudez/de_03/TFGDataset/img/train_t2_0500.png|eeeee  eeeee e          eee    e eeeeeee eeeeeeeeeeeee   e eee  e eeee eeeeee    ee    eeee  eeee ee  e e              
/data3fast/users/mbermudez/de_03/TFGDataset/img/train_t2_1038_0.png|eeee  eee   ee     ee       e   e   ee e   e eeee     ee       ee   e eeee   e         ee  e e ee     e     e     e   e
/data3fast/users/mbermudez/de_03/TFGDataset/img/train_t2_0907.png|eeeee e        ee  ee  e      eee   eeeee e e  e      eeee e           eeeeee    eee   ee       e  eeee e e   e       e
/data3fast/users/mbermudez/de_03/TFGDataset/img/train_t2_0147.png|eeeeee       ee e eeeeee ee      e          ee  eeee  eeeeee     eee  eeee  ee   ee     e e  eeeeeeeeee eee  eee    eee
/data3fast/users/mbermudez/de_03/TFGDataset/img/train_t2_0528_2.png|eeee e  eeeeeeeeee ee     eeeeeeeee    eeeee eeeeee        eee        e    ee   e    eee  e    ee          eeeeeeee    
/data3fast/users/mbermudez/de_03/TFGDataset/img/train_t2_1251_0.png|eeeee    e         ee    e e e e e eeee  ee e  eeeeeee e   e e  ee        e  eeeeee          e eeee   eee  e eeeeeeee  
/data3fast/users/mbermudez/de_03/TFGDataset/img/train_t2_0828_0.png|eeee         e     e   e  ee eee e e eeeeeeeeeeeeee eeeeeeeee  eee     eeee e      e eee ee          eee e e   e       
/data3fast/users/mbermudez/de_03/TFGDataset/img/train_t2_1473_2.png|eeeeeeeee e  e  eeee  e  eeeeeee  ee   e           eee  eeeee e ee  ee    eeeee   eeeeeee eeeeeee       eeeee  eeeeee e
/data3fast/users/mbermudez/de_03/TFGDataset/img/train_t2_1374.png|eeeee e     eee    eee    eee  eee  e eeeeeeee ee   eee e  e       ee  e    eee  e e eeee ee e      eeee   e eeeeeeeee 
/data3fast/users/mbermudez/de_03/TFGDataset/img/train_t2_0531_2.png|eeeeeeeeee    e  e  e e  eee      eeee     e e   ee  e  eee ee  ee       eeee  e  eeee e    e e  e  e e  e ee   ee ee  
/data3fast/users/mbermudez/de_03/TFGDataset/img/train_t2_0783_1.png|eeeee      eeee eeeeeeeee ee    ee   ee           ee   e eeeeeee   ee  e  ee ee    ee    e eee     eee eeee     eeeeeee
/data3fast/users/mbermudez/de_03/TFGDataset/img/train_t2_0395_1.png|eeee    e  ee e  eeee   eeeeeeeeeeeeeeeeeeeee  eeeee e e   ee     e eee  e  eeeeeeeee  ee  eee     e e e    e eee      
/data3fast/users/mbermudez/de_03/TFGDataset/img/train_t2_1077_2.png|eeeee   eee      e  eee e        ee   e    eeee  eeee   eeeee   eeeee                eeeeee eee   eee     e            
/data3fast/users/mbermudez/de_03/TFGDataset/img/train_t2_0429.png|eeeeeeeeee eee e      e      e    eee ee eee e     ee ee e    ee     eeeee eeeeee        eeee ee      e           e    
/data3fast/users/mbermudez/de_03/TFGDataset/img/train_t2_0880_0.png|eeee  e    ee           eeeeeeeee eeeee e eeeeeeeee   ee   e  e ee  e    e  e          e eeeeeeeeeee  eeeee eeeeee   e 
/data3fast/users/mbermudez/de_03/TFGDataset/img/train_t2_0231_1.png|eeeee ee      eeeeee e eee e eeeeeeee  e ee eee   eeeee e     eeee     ee  e ee   e       eeee     eeee       eeee ee  
/data3fast/users/mbermudez/de_03/TFGDataset/img/train_t2_1121_2.png|eee  eeeeee ee  ee          e  eeee eeee    eeeeeeeeeee    ee ee   ee   eee   eee e  e ee e       eeeeee eeee    eeeee 
/data3fast/users/mbermudez/de_03/TFGDataset/img/train_t2_1190_0.png|eeeeeee ee  e    e   eeeeee eeeeeeee  ee    ee eee       e e  ee  e    e   ee e   e    ee    eeeeeeee  e   e e    ee e 
/data3fast/users/mbermudez/de_03/TFGDataset/img/train_t2_1217_2.png|eeeeeeeeeeeeeeeeee eeeee   eeee eeeeeeee ee     ee  ee eee e     eeee eeee e eeeee  e            e   eeee      eee  eee
/data3fast/users/mbermudez/de_03/TFGDataset/img/train_t2_0685_0.png|eeeeee    e         ee ee  e eeee  eeeee eeee    eee  eee     e    eeeeeeee        e e  e  eeeeeeeeee   eee eeee   e e 
/data3fast/users/mbermudez/de_03/TFGDataset/img/train_t2_0958_0.png|eeeeeeeeeeee e   eeeeeee            eeeeee  ee  e        ee     e  e       eeeee e  e eeeeeeeee  eeeeee          ee    
/data3fast/users/mbermudez/de_03/TFGDataset/img/train_t2_1260.png|eeeeeeee  eee  e e e eeee  e   ee   eeeeee    eeeeee eee     eeeee   eeeee   eeeee   eeeeeee  e eeee ee     e ee  eeeee
/data3fast/users/mbermudez/de_03/TFGDataset/img/train_t2_1256_2.png|eeeeee  e    ee      eeee ee   ee         e    eee e   ee   eeeeeeeee        eee   e        e    eeee e         eeeeee 
/data3fast/users/mbermudez/de_03/TFGDataset/img/train_t2_0914_1.png|eeeeee  ee e ee e     eeeee     eeeeeeeeeeeeeeeeeeeee   e eeee e  eee  eeeeeeee  eee    ee eeee ee eee   e      eeeeeee
/data3fast/users/mbermudez/de_03/TFGDataset/img/train_t2_0862.png|eeeeeeee ee eeeeee eeeee   eee        eeee ee  eee eeee  eee  ee   eeeeeeeeeeeeeeee      ee           eeeeeeeee eee  ee
/data3fast/users/mbermudez/de_03/TFGDataset/img/train_t2_1327_1.png|eeeee eeee    e   ee     e      ee    e ee   eeeeee             ee eeeeee  e      e eee eeeeeeeeeeeeeee       ee  eeeee
/data3fast/users/mbermudez/de_03/TFGDataset/img/train_t2_0576_2.png|eeeeeeeee ee eee ee  ee e    ee eeeeeeeeeeeeeeeeeeee    eeeeeee  e eeeee eeee e   ee     eeeee    eeeeeeee e e e     ee
/data3fast/users/mbermudez/de_03/TFGDataset/img/train_t2_0841_0.png|eeeeeeee   ee ee  e   eeeeeee  ee eeeeee   eeee     ee e eeeee   eeeeeeeeeee ee ee        eee eeee eeeeeee eeeee ee    
/data3fast/users/mbermudez/de_03/TFGDataset/img/train_t2_1171_0.png|eeeeeeeeeeeeee  e     eeeeee   eeeeee  eeee   e e  eee ee        e    e e e      ee   e      eeeeee     eee     ee   ee
/data3fast/users/mbermudez/de_03/TFGDataset/img/train_t2_0599_2.png|eeeeee     eeeeee   e e  e   eeeeee  e      e    eee  eee    e  eeee                e      eeee eee ee   eeee eee      
/data3fast/users/mbermudez/de_03/TFGDataset/img/train_t2_1321_0.png|eeeeeeeeee eeeeee       e   eeeeeeee   eee eee ee eee eeee   e e   eeee    e e eee eee  e e ee  eee eeeeee eeee  ee   e
/data3fast/users/mbermudez/de_03/TFGDataset/img/train_t2_1411.png|eeeee    e e      ee eeee      e ee eeeeeeee eee      eeeeee   e        e e ee eee  e  e ee eeee eeeee eee     e ee    
/data3fast/users/mbermudez/de_03/TFGDataset/img/train_t2_1009_2.png|eeeee      ee  eeee  eee    eeeeeeee      ee    ee       eeeeeee  e     eeeeee   e ee                eee   eee   ee eee
/data3fast/users/mbermudez/de_03/TFGDataset/img/train_t2_0964_0.png|eeeeeee e eeeeeeeeeeeeeeeeeeeeeee ee eee eeee  eeeeeeeee  e   ee  eeeee ee eeeeeeeeeee        e   e  e   e ee  ee eeeee
/data3fast/users/mbermudez/de_03/TFGDataset/img/train_t2_0023.png|eeee        eeeeee   e    e     ee eeee  eee   eeeeee     eee   e eeeeeee   eeeee   e       eeeee  eee eeee eeeee      
/data3fast/users/mbermudez/de_03/TFGDataset/img/train_t2_1450.png|eeeeeee eeeeee e     e    eeee  e e  eeee     e       ee    eeeee ee        e ee   eeeeeeeeee       eeeee   eee      e 
/data3fast/users/mbermudez/de_03/TFGDataset/img/train_t2_1414_2.png|eeeeee  eeeeee   ee eee  e eeeee  e  ee  ee e eee    eeeee  ee      eeeeeee  e   eeee eeee     e ee eeeeeeeeeeee e ee e
/data3fast/users/mbermudez/de_03/TFGDataset/img/train_t2_1047.png|eeeeee     e    e            e e  eeeeeeeee e  eeee  eeeeeeee  eeeeeeeeeeee e e ee eee eeeee   eee  e eeeee ee eeeeee e
/data3fast/users/mbermudez/de_03/TFGDataset/img/train_t2_0896_0.png|eee   e eeeee          e      eeee ee   ee           eeeeeeee      ee eeeeeeeeee eeeeeeeee    e ee    eeeee e  e e     
/data3fast/users/mbermudez/de_03/TFGDataset/img/train_t2_0806_2.png|eeeeee ee eeee   ee  e eee    e e   ee e   eeeeee           eeeeeeeeeee    e eeeeeeeee       eee e   ee ee   eeeeeeeeee
/data3fast/users/mbermudez/de_03/TFGDataset/img/train_t2_0026_2.png|eeeeeeeeee ee eee  eeee  eeee         eee e   eee     e    eee  eee ee eeeeeeee e  e  ee    ee         e   e eee   eeee
/data3fast/users/mbermudez/de_03/TFGDataset/img/train_t2_0740_0.png|eeeeeeeeeeee   eeeeeeeeee  e    e    e ee  e     ee  eeeeeee eeeeeee    e  e e eeee   e eeeeeeeee ee   e eeeeee      e 
/data3fast/users/mbermudez/de_03/TFGDataset/img/train_t2_0857.png|eeeeeeee  eeeeeeeeee    e  e e e e eeeeeee  ee     eee e eeeee  eeeee eeeeeeeee ee  ee e  e  eee  eeeeeeeeeeee   e   ee
/data3fast/users/mbermudez/de_03/TFGDataset/img/train_t2_0310_2.png|eeee         e eeee e eee ee  e  ee   ee eeeee eeeeee  eee  eee       eeeeee ee eeeeee      e eeeee eeeeeee      eee   
/data3fast/users/mbermudez/de_03/TFGDataset/img/train_t2_0484_0.png|eeeeeeee  e        eeeeeeeeeeeeee e  ee e   eee  e eee     e e   eeeeee e  e eeeeeee e    e ee e eeeeeeeee e e   eee  e
/data3fast/users/mbermudez/de_03/TFGDataset/img/train_t2_1055.png|eeeeeee     eeeeeee   eee    ee eeeeeeeee eeeeeeeeeee  e eeeeee  eee e  eeeee ee     eeee e            eeeee   eeeeeeee
/data3fast/users/mbermudez/de_03/TFGDataset/img/train_t2_0259_1.png|eeee   eee  e  e eeeeeeeeee e         eeeeeee  e    ee  ee e   eeeee eeeeeee e     e  e eee   eeee      eeeeeeeeee e   
/data3fast/users/mbermudez/de_03/TFGDataset/img/train_t2_1141.png|eeeee  eeeee e eee e e     eee  e    ee    eeeeeeeeee   e     e eeee eeee  ee  e  e    ee  e       ee  eeee e   e   ee 
/data3fast/users/mbermudez/de_03/TFGDataset/img/train_t2_0072_1.png|eee e ee e eee    e e e   eeeee             eeeeeee eeeeee    eeee   eeee e  e   eeeeeeeeee eeee ee e e eeee eee eeee e
/data3fast/users/mbermudez/de_03/TFGDataset/img/train_t2_1344_1.png|eeeeeee e eee   e eee    ee  e e     e    e eeeeeeee  e    e  eee   eeeeeee e ee ee eeee  eeeeee   e e  ee      e eee e
/data3fast/users/mbermudez/de_03/TFGDataset/img/train_t2_0219_0.png|eeeeee      eeeeeeeee   e eee ee ee eeeeeee   ee   e  eeeee  e    e  e e    e e      ee     e  eeeeeee e e  e  ee e    
/data3fast/users/mbermudez/de_03/TFGDataset/img/train_t2_0451_0.png|eeee ee eeee   ee e  eeeee  e              ee eeeee eeee   e   e  e  eeeeeeeeeee   ee  eeee  e eeee eeee e ee e eee eee
/data3fast/users/mbermudez/de_03/TFGDataset/img/train_t2_0337.png|eeeeeeeeee  eeeeeee  e eeee    eeeeeeee  e  e e   ee eeee    e   eeeeee        ee eeee  ee ee    e eee e   eeeee e   e 
/data3fast/users/mbermudez/de_03/TFGDataset/img/train_t2_0540_2.png|eeeeee eeee  e   eeeeeeeeeee e      ee e e    eeeeeeeeeeeeeeeee  ee eeeeeee  eeee  ee e     eeeeeeeeeeeee eee      eeee
/data3fast/users/mbermudez/de_03/TFGDataset/img/train_t2_0047.png|eeeeeeee eeeeeeeeee        eeeee  e eeee e ee  eeeeeeeeeeeeeeee             e  e ee   e e   ee   ee    eee  eee    e   
/data3fast/users/mbermudez/de_03/TFGDataset/img/train_t2_1401_0.png|eee  e   e     e       e   ee  eee  eee    eeeeee e e  e     e  ee  e   e e    eeeeeeeee  ee eee  e     eeeeeeeeee    e
/data3fast/users/mbermudez/de_03/TFGDataset/img/train_t2_0928.png|eeeeeee  eeeeee   e          e eeee ee   ee ee             eeeeeeeeeeee  e     e eeeee e       eeee                    
/data3fast/users/mbermudez/de_03/TFGDataset/img/train_t2_1420.png|eeeeeeee     ee eeee     eee ee e      e      eeee eeeeee eeeeeee ee  eeeee ee       eee eeeeeee ee    e           e   
/data3fast/users/mbermudez/de_03/TFGDataset/img/train_t2_1076_2.png|eeeeeee e  ee eeeee ee eeeee  e  eeeeeee   eee ee e eeee    e e ee  ee e ee  ee e ee e  e ee   eee eeeeee     eeeeee ee
/data3fast/users/mbermudez/de_03/TFGDataset/img/train_t2_0361_0.png|eeeeeee e     ee eeeeee eeeee ee  ee e e e   e eee  e           eeee   eeee  ee e     e  ee  eeeeeeeee   eeeeeeeeeee   
/data3fast/users/mbermudez/de_03/TFGDataset/img/train_t2_1033_1.png|eee eeee e    eeeeee eee       ee ee       eee  e   eeee e   eeeee e eeee    eee    e e e           ee              eee
/data3fast/users/mbermudez/de_03/TFGDataset/img/train_t2_0116_0.png|eeeee   eeee    eeee  e   e e e eee  eee ee   eeeeee eeeeeee ee  eee   ee eeeeee  eeeee      eee       eee e     eeee  
/data3fast/users/mbermudez/de_03/TFGDataset/img/train_t2_0369_0.png|eeeee ee eeeeeeee  eeeeee  e  ee    e      e      e  eeee eee   e  eeeee eeeeee e    ee e ee  eeeeee  e       eeeee eee
/data3fast/users/mbermudez/de_03/TFGDataset/img/train_t2_0941_1.png|eeeeeeeee  e      ee   ee   eee      eeeeee      eeeeee e eee    eeeeeeeeee ee    eee    eee   ee  ee ee e eeee  eee   
/data3fast/users/mbermudez/de_03/TFGDataset/img/train_t2_1379_2.png|eee e         e     eeee  eeeeeee   eeeeeeeee eeeeee   eeee        eeee   eeee        e       eeee   eee e        e   e
/data3fast/users/mbermudez/de_03/TFGDataset/img/train_t2_0661_0.png|eeeeeeeeeeee eeeeeeeee eeee e eeeeee eeeeeeeeee    e e ee eeeee   e e ee  ee                 eeeee  ee      ee e      e
/data3fast/users/mbermudez/de_03/TFGDataset/img/train_t2_0422_1.png|eeeeeee e  e     e   e eeeeeeee e e   e   eeeeeeeeeee   ee  eeeee   eeeee ee eeee e   eeee e eeeeee   e ee  e eee eee  
/data3fast/users/mbermudez/de_03/TFGDataset/img/train_t2_0500_1.png|eeeeeee   e eeeeee ee eeee eeeeeeeee  ee e ee     eee  e   e  eeeeee eeeee        eeee e      ee    eee  eeee eeeeeeee 
/data3fast/users/mbermudez/de_03/TFGDataset/img/train_t2_1112.png|eee e      e eeeee ee     e   eeeeeee ee     e  e  eeeeeeeeeeeeeeeee e   e e     eee   eeee   ee ee    e ee  eeeeeeeee 
/data3fast/users/mbermudez/de_03/TFGDataset/img/train_t2_1010.png|eeeeeee e     ee   eeeeeeee        e     eeee       ee           eeeeee  e      e eee e    ee            eeee    e e   
/data3fast/users/mbermudez/de_03/TFGDataset/img/train_t2_1024_0.png|eeeeeeeeee eeee    eeee   ee            ee          e e  e     eee ee eeeeee    eeee e e  e  eeee  e    eee            
/data3fast/users/mbermudez/de_03/TFGDataset/img/train_t2_1262_1.png|eee         e    eeeeee  ee e   e  e   eeee eee eeeeee     e    e ee    e     eee e       eee     eeee      eeee e e ee
/data3fast/users/mbermudez/de_03/TFGDataset/img/train_t2_1225_1.png|eeeeeeeee  eeeeeee eeeeeeeee ee    eeeee      ee e eee    e    ee  e  eeeee e   e           e eee   e eeeeeeee  ee  e  
/data3fast/users/mbermudez/de_03/TFGDataset/img/train_t2_0040_0.png|eeeeeeeeee    eeeeee     eeee      e   eee eee eeeee         eeee e  eeee e   e        e  ee eeeee      e     eeeeeee  
/data3fast/users/mbermudez/de_03/TFGDataset/img/train_t2_0470_1.png|eeeeeee    e  eeeee eee  eeee eeeee   e e    e      e ee    e e            eeeeeee  ee   eee   eeeeeeeeeeee ee         
/data3fast/users/mbermudez/de_03/TFGDataset/img/train_t2_0248_0.png|eeeee   e e eeeee ee ee   e  eee    eee     eee ee    ee   e e  e    e eeee     e   eee  ee ee e  eee  eeee      e eeee
/data3fast/users/mbermudez/de_03/TFGDataset/img/train_t2_0076_1.png|eeeeeeeee e e  eee             e  eeeeeeee          eeee  eee   eee eeee e             eee    eeeee eeeeee  e  ee      
/data3fast/users/mbermudez/de_03/TFGDataset/img/train_t2_1116_0.png|eeee e  eee   e e    eeeeee  e e e     e eeeeee eee eeee  ee e      e    eee   ee    eeee e   ee eeeee  e eeeeee e  eee
/data3fast/users/mbermudez/de_03/TFGDataset/img/train_t2_0428_0.png|eeeeeee        eeeee  eeeeeeee      eeeeeeee    ee     eee  ee   eeeee e    ee ee e       e eee e ee    ee      e      
/data3fast/users/mbermudez/de_03/TFGDataset/img/train_t2_0873_2.png|eeee    ee  e  eeeeeeeee      eeeee             e         eeeee                    eeee  e   e   ee    e  e eee       e
/data3fast/users/mbermudez/de_03/TFGDataset/img/train_t2_1391.png|eeeeeeeee e  eee    e   eee       ee   e eeeeee     eeeeeeeeeee e    e     eeee  ee     ee  ee eeeeee  ee     e        
/data3fast/users/mbermudez/de_03/TFGDataset/img/train_t2_0071_0.png|eeeee  ee   eeee      e              ee          e       eeeee ee e ee eeeee e   eeee     eeee        e      eeee ee   
/data3fast/users/mbermudez/de_03/TFGDataset/img/train_t2_0609.png|eeeee    e eee eee   e   eeeeee  ee      ee            e          eeeee ee ee     eeeeeeeeeeee      e       e          
/data3fast/users/mbermudez/de_03/TFGDataset/img/train_t2_1187.png|eeeee        e   eee     e    eeeeeee         e e      e    e e              eeeeeeeeeeeeee  eee     ee           eee e
/data3fast/users/mbermudez/de_03/TFGDataset/img/train_t2_0317_2.png|eeeeee      eeeeeeee   e            eee     e e    e   ee eee             eeeeee   e e eeeee eeeeee  eeee ee          e
/data3fast/users/mbermudez/de_03/TFGDataset/img/train_t2_0113.png|eeeeeeee      e    e  e e                   eeee e e eee        e   ee   e     e     e                 ee e            
/data3fast/users/mbermudez/de_03/TFGDataset/img/train_t2_0555.png|eee  ee eee         e  eeee eeeee  ee  e e e        e eeeeeeee    eeeeeeeeeee  eeeeee     e             e   eee eee    
/data3fast/users/mbermudez/de_03/TFGDataset/img/train_t2_0908.png|eeeee   ee  e e      ee   e eee         e e eeeee      e    ee e    eee e     ee   ee e e  e  e    eee    e e   e e e  
/data3fast/users/mbermudez/de_03/TFGDataset/img/train_t2_0176_1.png|eeeeee  e  eeeee e       e   ee              e   e   e       eeee        eeeeeeeeee e   ee   ee  eee      ee  e e  eeee
/data3fast/users/mbermudez/de_03/TFGDataset/img/train_t2_0377_0.png|eeeeeee e             ee    eeee          e  e eeeee eee eeeee         e e       eeeeeeeeee   e  e  e eeeeeee          
/data3fast/users/mbermudez/de_03/TFGDataset/img/train_t2_0542_0.png|eeeeee    e         eeeeee      e         e eee e e               e   eee    e e  e e  e e     e              e   e    
/data3fast/users/mbermudez/de_03/TFGDataset/img/train_t2_0929_2.png|eeeee    ee     e  ee e eeeee  e  eeee      eeeeee eeee                 ee   e     ee  ee eee       eee  eeeee        e
/data3fast/users/mbermudez/de_03/TFGDataset/img/train_t2_0149_1.png|eeeeeee       ee eee e e   e   ee ee ee eee          e          e  e      e      eeeeee     e     e ee   eee         e 
/data3fast/users/mbermudez/de_03/TFGDataset/img/train_t2_0226_2.png|eeeee  eeeeee           e   eee       e    eeee  ee    ee e  e              eeeeee    eeee e   e     eee  eeeee e  eee 
/data3fast/users/mbermudez/de_03/TFGDataset/img/train_t2_0469_2.png|eeeee   e   eeee   e            e    e        eeeeee e e eeee      ee       e         eeee  ee   eeee eeeeeee          
/data3fast/users/mbermudez/de_03/TFGDataset/img/train_t2_0602.png|eeeeee ee    eeee               e  eee         ee    e    eeeee  e  e e ee                   eee      e ee ee    eeeeee
/data3fast/users/mbermudez/de_03/TFGDataset/img/train_t2_1156.png|eeeeee      ee           e  ee         e   e      e eee    eee  ee        ee                                e e        
/data3fast/users/mbermudez/de_03/TFGDataset/img/train_t2_1110.png|eeee ee e e          e                      ee       e             e  ee  ee e  e  ee e      e   e          eee        
/data3fast/users/mbermudez/de_03/TFGDataset/img/train_t2_0509_0.png|eeee  eee eee   e     ee           e      ee          e      eee  eeeeee e      eee           e e    eeeeee           e
/data3fast/users/mbermudez/de_03/TFGDataset/img/train_t2_1360_1.png|eeeeeeee  e e ee eeeeee     eeee  ee     eeee  e  e ee     e            ee  eeee                    eeeeeee      ee    
/data3fast/users/mbermudez/de_03/TFGDataset/img/train_t2_0329.png|eeee  e         e  eee         e e          e   ee   e eeeeee e e e         e      e  e                  e  e          
/data3fast/users/mbermudez/de_03/TFGDataset/img/train_t2_0749_2.png|eeee               eeeee eeee         e  ee       e ee              e  e  eeeee     eeee     e e     ee     ee   eee e 
/data3fast/users/mbermudez/de_03/TFGDataset/img/train_t2_0958.png|eeeeeee  e  eeee   e    eeee      eeeee               e    ee          e           e e     ee ee     e  e           eee
/data3fast/users/mbermudez/de_03/TFGDataset/img/train_t2_0955.png|eeeeee    ee    e     e   ee          ee    e     e e          ee ee              e    e   eeeee             ee    e e 
/data3fast/users/mbermudez/de_03/TFGDataset/img/train_t2_1465.png|eeeee   e e     ee           eeee                    e  eee            ee      e  eee           e   eee       ee       
/data3fast/users/mbermudez/de_03/TFGDataset/img/train_t2_0572_1.png|eeeeeeeee   e         e          eeeee  e     e     ee     ee           e   eeeeee eeeee e     eeeeee    eee          e
/data3fast/users/mbermudez/de_03/TFGDataset/img/train_t2_1322_2.png|eeeeeeeeee        eeee    e  e       ee  eee eee               e   ee  e          e e  eee        ee        ee         
/data3fast/users/mbermudez/de_03/TFGDataset/img/train_t2_1164_2.png|eeeeeee e  e         eeee  e          e     e  e eee eeee       eee e              eeeee    eeee                       
/data3fast/users/mbermudez/de_03/TFGDataset/img/train_t2_0884_1.png|eeee eee  e e  e      e          ee   eeee              e ee  ee eee eee                      e     ee     eee         
/data3fast/users/mbermudez/de_03/TFGDataset/img/train_t2_1033_0.png|eeee ee      eee                 eee                      e        e                      e    ee e        e        eee
/data3fast/users/mbermudez/de_03/TFGDataset/img/train_t2_0340.png|eeeeeeee      e   ee    ee e e     e     e             eee            e  e    e     eeee    eeee                       
/data3fast/users/mbermudez/de_03/TFGDataset/img/train_t2_1328.png|eeeeeeee       e  eeee ee e                          ee  e      ee            ee    ee              e  ee     e    eeee
/data3fast/users/mbermudez/de_03/TFGDataset/img/train_t2_1430_2.png|eeeee    eeee  eee                      ee      eeee          ee          eee  ee eeee   ee  ee ee  e   eee           e
/data3fast/users/mbermudez/de_03/TFGDataset/img/train_t2_0255_2.png|eeee   eeee  e    e eeeeeee      e        e        e e e ee       ee    e  ee        e            eeee  ee   e       e 
/data3fast/users/mbermudez/de_03/TFGDataset/img/train_t2_0046_2.png|eeeeeeeeeee e           eee   ee   eeeeee    e      e    eeee        e  e   eee  eee  e         eee    ee e eeee eee   
/data3fast/users/mbermudez/de_03/TFGDataset/img/train_t2_1222_2.png|eeeeeee    e e e eeee         e            e e   eee                  e e  e  ee    eeeeeeeee  eee     ee   e          
/data3fast/users/mbermudez/de_03/TFGDataset/img/train_t2_0731_0.png|eeeeee ee  e   e    e     e      e       ee             e         ee          ee eee  eeeeeeeee                  e  ee 
/data3fast/users/mbermudez/de_03/TFGDataset/img/train_t2_0542_2.png|eeeeeeeeeee  e ee         e ee e                            ee                 eeeee e      e     eeee   ee eee ee     
/data3fast/users/mbermudez/de_03/TFGDataset/img/train_t2_0118.png|eeeeee      e   e             eeee   e  ee e  e               eeee    e      e        eeeeee                        e  
/data3fast/users/mbermudez/de_03/TFGDataset/img/train_t2_0161_2.png|eee          e    e    ee      ee                    e eeee            ee   e      e eee         e  eeee               
/data3fast/users/mbermudez/de_03/TFGDataset/img/train_t2_1079_1.png|eeeee       ee                        e                       e      e  ee         e     e e      e          e ee     e
/data3fast/users/mbermudez/de_03/TFGDataset/img/train_t2_0527_2.png|eeeee    e         e e   e           eeeee e eeee  e  ee      e  e e       eeee e  e      e    e    e  ee e            
/data3fast/users/mbermudez/de_03/TFGDataset/img/train_t2_0306_0.png|eeeee e e             eeeeee  e                eeeee  e        e  ee       e         e       e  e          e       e e 
/data3fast/users/mbermudez/de_03/TFGDataset/img/train_t2_0091.png|eeee eee                            e   eee  eee   eee     e                       e      e           ee e          e  
/data3fast/users/mbermudez/de_03/TFGDataset/img/train_t2_1274_2.png|eeee            e     e     e     ee e   e   e    eee     e      ee eeeee     e   ee  e     ee ee  e eeeeeeeee      ee 
/data3fast/users/mbermudez/de_03/TFGDataset/img/train_t2_0774_0.png|eeeeee  e                     e                        e         e               eee e                                 
/data3fast/users/mbermudez/de_03/TFGDataset/img/train_t2_0390_2.png|eeeee        eeeeee  eee  e eee  e    e ee ee  e e       ee      ee             ee eeee                 e      e  e ee 
/data3fast/users/mbermudez/de_03/TFGDataset/img/train_t2_0658_1.png|eeeee    ee      ee  e  eeee        e     eeee   ee       e                  eeeeeee           ee      ee    e   eeeee 
/data3fast/users/mbermudez/de_03/TFGDataset/img/train_t2_0642.png|eeee  e ee         e e     e    ee                      e       ee     e       e   ee eee                  ee    ee    
/data3fast/users/mbermudez/de_03/TFGDataset/img/train_t2_0540.png|eeee    e                    eeee e  eee    e            eeee e  eee     e eeeeee     e  e      eee    e       ee      
/data3fast/users/mbermudez/de_03/TFGDataset/img/train_t2_0141_2.png|eeee  e        e  e    e       ee e                 e     ee e           eeee               e ee ee              e     
/data3fast/users/mbermudez/de_03/TFGDataset/img/train_t2_0251_1.png|eeeee       e e       ee  e                  eee e  ee       e      ee                                  e         e    
/data3fast/users/mbermudez/de_03/TFGDataset/img/train_t2_0119_1.png|eeeeee           e             e     ee e e         ee              e  ee        ee       e  eee         ee ee  e      
/data3fast/users/mbermudez/de_03/TFGDataset/img/train_t2_0168_2.png|eeee eeee       e e    e     e    eeeee    ee   ee      ee eee    e ee        ee             ee          e   e eee     
/data3fast/users/mbermudez/de_03/TFGDataset/img/train_t2_0868.png|eeeeeee                           ee ee                      eeee                 e   ee      e e  eeeeee       e  eee 
/data3fast/users/mbermudez/de_03/TFGDataset/img/train_t2_0386.png|eeeeeeeee   ee e   e eeeeee       ee   ee e          ee   ee                           e           e         e         
/data3fast/users/mbermudez/de_03/TFGDataset/img/train_t2_0560_1.png|eeeee e        ee                        e    e   eee            e ee        ee                       ee    e          
/data3fast/users/mbermudez/de_03/TFGDataset/img/train_t2_0991_0.png|eeeeeeee  eee eee   eee ee ee             e    eee             e e e         e     ee             ee              e eee
/data3fast/users/mbermudez/de_03/TFGDataset/img/train_t2_1055_1.png|eeeeee               e ee     e          e                eee            eee e  ee        e                  eee e     
/data3fast/users/mbermudez/de_03/TFGDataset/img/train_t2_1024.png|eeeee      eeeeee ee    e         e                         e              e     eeeee   e                  ee eee   ee
/data3fast/users/mbermudez/de_03/TFGDataset/img/train_t2_1448_2.png|eeee e eeeee      e eee e          e e  e    e   e                  e  ee              ee  e   e           ee e        
/data3fast/users/mbermudez/de_03/TFGDataset/img/train_t2_0044_1.png|eeeeee ee    e         e e  eee e  e e e                           e eee    eeee         e     eeee       e e  ee      
/data3fast/users/mbermudez/de_03/TFGDataset/img/train_t2_0931_1.png|eeeee e  eeee eee ee    e        eee            e   eeee      e     e eee    e       eee   e     ee            eee     
/data3fast/users/mbermudez/de_03/TFGDataset/img/train_t2_0565.png|eeee          ee  ee        e        e e                 eee    e e    e ee    e   e           e        ee       ee    
/data3fast/users/mbermudez/de_03/TFGDataset/img/train_t2_0071_2.png|eeeee   e ee         ee       e                                     e          eeee              e  ee ee           e  
/data3fast/users/mbermudez/de_03/TFGDataset/img/train_t2_1130_1.png|eeeeee   ee                 eeeeeeee          ee      e      e      ee                ee    eeeee                      
/data3fast/users/mbermudez/de_03/TFGDataset/img/train_t2_1472.png|eeeee e  e   e      e    e        e       ee  e e      e      e             e       eeeeee                        e    
/data3fast/users/mbermudez/de_03/TFGDataset/img/train_t2_1390.png|eeee  e e e e   eee                       e    ee            e ee  e             eeee          eee e e         ee  e   
/data3fast/users/mbermudez/de_03/TFGDataset/img/train_t2_0096_1.png|eee  ee                e    eee eee e                        e eee  eee      e     e            e             ee ee    
/data3fast/users/mbermudez/de_03/TFGDataset/img/train_t2_1242_2.png|eeeee e ee e   e eee e        e      e                   e                      e    ee   e e  e     e e               
/data3fast/users/mbermudez/de_03/TFGDataset/img/train_t2_0084_1.png|eeee   eee  ee   eee      eee  eee  e  e e     eeeeee                         e           ee      eeee e      ee   e e 
/data3fast/users/mbermudez/de_03/TFGDataset/img/train_t2_0494_0.png|eeeeee    eee        ee                   ee  e        e ee e     e eee            eeee eeee    e   eee             e  
/data3fast/users/mbermudez/de_03/TFGDataset/img/train_t2_0090.png|eeeee e    eeeeeeeeeeee           ee eee   ee         e e        ee eee  ee       e e    e   eee     e        ee     ee
/data3fast/users/mbermudez/de_03/TFGDataset/img/train_t2_0095.png|eeeee ee                        ee              e     e                eee       e  e          e   e     e      eee    
/data3fast/users/mbermudez/de_03/TFGDataset/img/train_t2_0485.png|eeee                   eeeee   e  ee                      e         ee                    e e    eee e  ee ee       e e
/data3fast/users/mbermudez/de_03/TFGDataset/img/train_t2_0952_1.png|eee  e    eee  e     eee  eee      eee  e  e   eeeee eee   e e  eeee         eee    ee  e e ee           ee e e  e e   
/data3fast/users/mbermudez/de_03/TFGDataset/img/train_t2_0406_0.png|eeeeeee   e ee   e  eeeeeee  e   e         e ee         eeee          ee  eee ee  eeee      ee               e  e  e  e
/data3fast/users/mbermudez/de_03/TFGDataset/img/train_t2_0001_2.png|eeee e      e       ee                eeeeeee e     ee         eeeeee    e e  ee eeeee   e e  eee e ee ee  e      eeee 
/data3fast/users/mbermudez/de_03/TFGDataset/img/train_t2_0033_1.png|eeeee               e   e e e   ee  ee ee     e  e          e e    eeee       e           e e  e      ee ee        eee 
/data3fast/users/mbermudez/de_03/TFGDataset/img/train_t2_0797_0.png|eeeeeee e        e e     e  e       ee       e           e  ee         ee   eee  eee        e   ee         ee e        
/data3fast/users/mbermudez/de_03/TFGDataset/img/train_t2_0482_1.png|eeeee     ee      e    e   e     e      e           e  ee e  eee     e eeee    eee    e eeee         eee      e ee    e
/data3fast/users/mbermudez/de_03/TFGDataset/img/train_t2_0781_2.png|eeeee                     e              e                 ee   e eeeee e ee      ee     eeeeee                        
/data3fast/users/mbermudez/de_03/TFGDataset/img/train_t2_0733_0.png|eee    e           ee    eee        e       eeee e ee      e           e    e    e  e                  ee         e    
/data3fast/users/mbermudez/de_03/TFGDataset/img/train_t2_1075_1.png|eeee   e       ee  e      eee        e eeeeee       e  eeee e         e        eee  eee        eee     ee e      e    e
/data3fast/users/mbermudez/de_03/TFGDataset/img/train_t2_0068_2.png|eeeee eee  e ee  e      e                        e       eee ee e            e     e       e eee   ee    e      ee    e
/data3fast/users/mbermudez/de_03/TFGDataset/img/train_t2_0525_2.png|eeee    eee   ee ee                              e                  ee  eee             ee eeeee eeeeeee e            e
/data3fast/users/mbermudez/de_03/TFGDataset/img/train_t2_0325_0.png|eeeeee  e   e    e          ee   ee e      ee e      ee     eeee e ee     e         e ee     eee   ee eee      eeeee   
/data3fast/users/mbermudez/de_03/TFGDataset/img/train_t2_0882_2.png|eeeeee eeee   ee     e     eeeeeeeee    e                  e eeee    e    e ee    e e  e                              e
/data3fast/users/mbermudez/de_03/TFGDataset/img/train_t2_0621_1.png|eeeeeeee          ee  ee  ee        ee   e e        e       e        e e    ee ee  e e      ee  eeeeeee  eee    e  ee e
/data3fast/users/mbermudez/de_03/TFGDataset/img/train_t2_0606_0.png|eeee e       e      e        e e           ee     e ee eeeeee        e      e e e e                   eeee e           
/data3fast/users/mbermudez/de_03/TFGDataset/img/train_t2_0638_0.png|eeeee ee  ee ee             eeeeeee e   ee               e      eeeee  ee ee                              e eee e    e 
/data3fast/users/mbermudez/de_03/TFGDataset/img/train_t2_0199_2.png|eeeee e e  e    e  ee eee    e                   ee      eee eeee        ee   ee  e  eeee  e   eeeee     e e         ee
/data3fast/users/mbermudez/de_03/TFGDataset/img/train_t2_0811_2.png|eeee          e eeeeeee      eeee  e         e        e  eee   eee         ee                      eee   ee e  e e  e  
/data3fast/users/mbermudez/de_03/TFGDataset/img/train_t2_1484_0.png|eeeee eee eee     e           eee   e  eeeeeeee                e                ee             ee ee  ee    e   e      
/data3fast/users/mbermudez/de_03/TFGDataset/img/train_t2_0179_1.png|eeeeeee   ee      ee               e       ee e          eeeeeeee   ee e   ee                 e     e     eee   eeeee e
/data3fast/users/mbermudez/de_03/TFGDataset/img/train_t2_0243_0.png|eeeee            eeeeeeeeee   e   ee   eee   e  ee   e    ee   eeeeee e         eeee        e      eeee    e   e   e   
/data3fast/users/mbermudez/de_03/TFGDataset/img/train_t2_0071_1.png|eeee e    e           e   eee     eee  ee e e    ee   e  e eeeee            ee  e   e eee        e         e           
/data3fast/users/mbermudez/de_03/TFGDataset/img/train_t2_1153_2.png|eeeeee    e      ee      eee  ee  e  eeeeeeeeeeeeeee       ee    eee    ee e ee  ee             eeeee  e e        e e  
/data3fast/users/mbermudez/de_03/TFGDataset/img/train_t2_0043_1.png|eeeee      e e  e   eeee e       e         e ee   e    ee e eeeee   ee e  eeeeee eeee   eeeee  eeee e e      e       ee
/data3fast/users/mbermudez/de_03/TFGDataset/img/train_t2_1285_2.png|eeeeeee          e e   e      e e                   e             ee  e      e    eeeeeeeeee   e    e  eeeeeee         
/data3fast/users/mbermudez/de_03/TFGDataset/img/train_t2_0344_0.png|eeeeeee     ee    eee       ee ee  eee     e eee    eeee e ee            eee             e      e  eeee                
/data3fast/users/mbermudez/de_03/TFGDataset/img/train_t2_0777_0.png|eeeeee     e ee     e eeeeeeeee eeee   e  e    eee   eee    ee    ee   eee eee     e  eee  eee   eeeeee e  ee          
/data3fast/users/mbermudez/de_03/TFGDataset/img/train_t2_0044_2.png|eeeeeee  eeee             e      eee  e     e      ee  e e e    ee eeeeee      e e   e      eeeeee   e         eee   ee
/data3fast/users/mbermudez/de_03/TFGDataset/img/train_t2_0619_0.png|eeeee           eeee e     ee e  e     eeeeeeee    ee    e    ee ee  e   e                 ee  eee e ee          eeee  
/data3fast/users/mbermudez/de_03/TFGDataset/img/train_t2_0476_1.png|eeee  e        eee    e        ee  ee   e  eeeeee   ee     e       ee ee  e eeee  eeeeee                eeeeeee    e   
/data3fast/users/mbermudez/de_03/TFGDataset/img/train_t2_0943_0.png|eeeee e  e      e     eee        e eeeeee       e             e  e e        eee    e e      e             e  e  eeeeeee
/data3fast/users/mbermudez/de_03/TFGDataset/img/train_t2_0351_2.png|eeeeee    eeee ee ee     e eee          ee           ee          e ee  ee             e   eeee e e   eeee  e           
/data3fast/users/mbermudez/de_03/TFGDataset/img/train_t2_1298_1.png|eeeeee ee            eeeee e   e ee  e            e  ee e e       ee   eeeeeee      eeeeeeeeee eeeeee                 e
/data3fast/users/mbermudez/de_03/TFGDataset/img/train_t2_1220_1.png|eeeeee ee eeeeeee              eeee  e eeeeeeeeeeee  e     ee eeeeeeee         eee     eee  e         e           eee  
/data3fast/users/mbermudez/de_03/TFGDataset/img/train_t2_0550_2.png|eeeeee   e      e eee        eee e  e             e   eeeeeeee  e   ee                    eeee    e   ee     ee    ee  
/data3fast/users/mbermudez/de_03/TFGDataset/img/train_t2_0870.png|eeeee   e e  ee    e  ee eee   eeeeeee  e      e   ee   e e ee      e  eeee   e  e e  e     e        e    e e  e  e    
/data3fast/users/mbermudez/de_03/TFGDataset/img/train_t2_0421_1.png|eeeeeeeeeee  eeeeeee ee   e e      e     e   ee         eeee ee  eeee                 eeee      e ee ee ee    e  ee    
/data3fast/users/mbermudez/de_03/TFGDataset/img/train_t2_1019_0.png|eeeeee e eee eeeee  eeeeeeee  e    eeee eeeeeeee  e  ee       eeee            e eeeee  eee e eeee    eeeeeeee ee     ee
/data3fast/users/mbermudez/de_03/TFGDataset/img/train_t2_0385_2.png|eeeeeee  e e  e        eeee      e               ee    ee   eeeeee       e        ee ee   eeeeeee   eeeeeeeeeeee e     
/data3fast/users/mbermudez/de_03/TFGDataset/img/train_t2_1023_2.png|eeeeeeeeeee     ee  ee eeeee             eeee     e e  e eee     eee    ee   e   ee eeeeeee    eeeeeee eeee   e e eee  
/data3fast/users/mbermudez/de_03/TFGDataset/img/train_t2_1014_2.png|eeee    e  eeeee ee      eee e            ee eeeeee      e     e e    eeee       eeeeeeeeeeee        e       eeee  ee  
/data3fast/users/mbermudez/de_03/TFGDataset/img/train_t2_1478_1.png|eeeeeeee  eee  ee     e    eee e   e        ee       e ee     eee    eeee    ee ee   eeee ee e  eeeeeeeeee ee   eee    
/data3fast/users/mbermudez/de_03/TFGDataset/img/train_t2_1297_0.png|eeeeee    eeeeeee  e  eeeeee  e          e    e   e  eee         eeee     ee e   e      ee e eee  e  e ee   e  e     ee
/data3fast/users/mbermudez/de_03/TFGDataset/img/train_t2_0599_0.png|eeee                    ee  eee     eee eee eeeeeeeeee       e  e ee e          eee             ee ee   e      e   eeee
/data3fast/users/mbermudez/de_03/TFGDataset/img/train_t2_1404_0.png|eeeeee     e e  eeeee  ee e e ee  eeeeeeeeeeee eee      e eeeeeeeeeeeeeeeeeee  e   e e  e   e         e eeeeeeee       
/data3fast/users/mbermudez/de_03/TFGDataset/img/train_t2_0661.png|eeeee eee   e e e e          e  ee         ee    eeeee       ee  ee  e   e    ee    eeeeee  ee e         eeeee  e  ee  
/data3fast/users/mbermudez/de_03/TFGDataset/img/train_t2_0817_2.png|eeee  eeee       e   eeeee e         ee  e    eee    e    ee  e      eee e   e     e eeeeeeeee   e eeee  e   eee  e e e
/data3fast/users/mbermudez/de_03/TFGDataset/img/train_t2_0547_2.png|eeee     ee     ee          ee         eeee  eeeeeee eeeee ee e    e ee        ee  eee      eeeee         e   ee  ee e 
/data3fast/users/mbermudez/de_03/TFGDataset/img/train_t2_0670_1.png|eeeeeeee ee       eeeeee  ee eeee  eeeeee   eeee      e eeeee    eee e  eee eee        e   e   eeeeeeeee e eeee   e  ee
/data3fast/users/mbermudez/de_03/TFGDataset/img/train_t2_0171_2.png|eeeeeeee eeeeeeee   e e eeee    eee ee    ee   eeeeeee         e     eeeeeeee eeee  eee   eeeeee ee  e  e e eee e e eee
/data3fast/users/mbermudez/de_03/TFGDataset/img/train_t2_0498_1.png|eeeeeeeee e       eeeee e  e     ee                e eeeeeee e         eee  e e eeee e  e    e     e         e ee ee   
/data3fast/users/mbermudez/de_03/TFGDataset/img/train_t2_1140_1.png|eeeee       e  ee   eee     e     e  eeee  eee  e   e  eee e          ee eeeeee    eee  eee    eeeeeee            eeee 
/data3fast/users/mbermudez/de_03/TFGDataset/img/train_t2_1067.png|eeeeeeeeeee      ee  eeee       eee e    eee    eee  ee eee e     eee ee     ee  ee  e eee eeee   e     e      e   eee 
/data3fast/users/mbermudez/de_03/TFGDataset/img/train_t2_0388.png|eeeeeeeee  e          eee   e   eeeee   e    eeeeee   ee     eeeeee    e eeeeeeeee           ee    eeeeee eeeeeeeeeee  
/data3fast/users/mbermudez/de_03/TFGDataset/img/train_t2_0410_0.png|eeeeeeeee   eee   eeee e  ee eeeeee  eeeeee e   eeeee eeee e eee      eeeee   e    eeeeeeeee e  eee eeeeee  e e        
/data3fast/users/mbermudez/de_03/TFGDataset/img/train_t2_1113_1.png|eeeeee  eeeee      eeee   e   eee eeeeeee  ee     e  eeeeeeeeeeeeeeeeee   eee   e   eee ee   ee ee e                eee
/data3fast/users/mbermudez/de_03/TFGDataset/img/train_t2_1343_1.png|eeeeeeee     e eeeee e ee    e       ee   e ee e  e   e  e ee ee e  ee  e ee         eeeee eee     e ee     ee    e   e
/data3fast/users/mbermudez/de_03/TFGDataset/img/train_t2_1359_1.png|eeeeeeee eee     e       ee  eeeeeeee ee  e eeeeeeeeeeeeeeeeee    eee   eeeeeeee  e ee  ee         eeeeeee      e  eee 
/data3fast/users/mbermudez/de_03/TFGDataset/img/train_t2_1497_2.png|eeee   e  e eeeeee eeeeee  eeeeee e  eeeeeee    e e      ee      ee  e      eeeeeee     ee   e   ee     ee           e 
/data3fast/users/mbermudez/de_03/TFGDataset/img/train_t2_1498_0.png|eeeee  eee      eee e  eee e  eeeeeeeeeeeeeee e ee eeee      e e   e       e e e eee eeeeeeeeee eee e eeeeeee ee   e  e
/data3fast/users/mbermudez/de_03/TFGDataset/img/train_t2_0560.png|eeee     ee  e e     eee       e e  eeee e     e  eeeee ee      ee   eeeee e eee       ee eeee eeeeeeee eeee   eeee e  
/data3fast/users/mbermudez/de_03/TFGDataset/img/train_t2_1035_1.png|eeeeeeeee  eeee   eee       e          eeeee ee  eeee  e    e      e eeeeeeeeeee eee      e eee eeeeeeee   e  ee    eee
/data3fast/users/mbermudez/de_03/TFGDataset/img/train_t2_0718_0.png|eeeeeeeeeeeee e   e eee  e        e   e     eee   eeeee  e        eeee eeee       eeeeeee       eee  e     eeeeeeee  e 
/data3fast/users/mbermudez/de_03/TFGDataset/img/train_t2_0886_1.png|eeeee  eeee e e  e     eeee eeeeee eee  eee   eeeeeeee   e e   eeeee  eeeeeeeee         e eee  eeeeeeeeeeeeeeeeeeeeee  
/data3fast/users/mbermudez/de_03/TFGDataset/img/train_t2_1106_1.png|eeeee   e  eeeeeee eeeeee  eeeeeeeee      eeeeeeeeeeee  eeeeeeee     ee  e eee ee     eeeeeee   ee eee     e e     eee 
/data3fast/users/mbermudez/de_03/TFGDataset/img/train_t2_0490_2.png|eeeeeeeeeeeeeeeeeeeee eeeeee     ee e eeeeeee  eeeee ee ee   eee ee   ee   e  eeeee ee        eeeeee   e eeeeeeee   e e
/data3fast/users/mbermudez/de_03/TFGDataset/img/train_t2_1462_0.png|eeee  eeeeeee   e      ee     e  e    ee ee  eeee   eeeeee eeeeeeeeeeeeee eeeeeeee eeee  ee eeee    eeee               
/data3fast/users/mbermudez/de_03/TFGDataset/img/train_t2_0391_2.png|eeeeeeeeeeee e        eee e    eeeeee  ee    eeeeeee  ee  e     e ee    e ee eeeee eee    eee     eeeeeee e ee eeeee ee
/data3fast/users/mbermudez/de_03/TFGDataset/img/train_t2_1233_0.png|eeeee   e  eeeeeeeeeee     ee  eeeeeeeeeeee    eeeeeeeee   e eeee  eeeee e   e                       eeeeeeeeeee eeeeee
/data3fast/users/mbermudez/de_03/TFGDataset/img/train_t2_1470_0.png|eeeeeee  eeeeeeeeee ee  e e    e     ee eeeee           ee eee eeeeeeee  ee eeeee ee   eeeeee   e eee e    eee         
/data3fast/users/mbermudez/de_03/TFGDataset/img/train_t2_0360_1.png|eeeeeeeee      eeeeee e    eeeee    eeeee  eeeee             ee  ee      e        ee eeeeeeeeeee ee    e  eee e e    ee
/data3fast/users/mbermudez/de_03/TFGDataset/img/train_t2_0162_0.png|eeeeeee eee e eeeeeeeeeeeeee  eee  eeeeeeeeeeeeee   ee  ee      e            e        eeeeeee  eeeeee      e eee  e  e 
/data3fast/users/mbermudez/de_03/TFGDataset/img/train_t2_0398_0.png|eeeeeeee            eeeeeeeeeeeeeeee      e   e eeeee    eeeeee ee  ee eeee  eee e eee       eee eee  ee ee   e    e ee
/data3fast/users/mbermudez/de_03/TFGDataset/img/train_t2_1326.png|eeeeeee  eee e  eeeeeeeeeeee  eeeeee   eeeeeeee  e      e   eeee  e eee e  eeeeeee e    e eee   e eeeeee eeeeee  e  e  
/data3fast/users/mbermudez/de_03/TFGDataset/img/train_t2_0244_2.png|eeeee  e eeeeeeee e   ee ee e   ee  e eeeeeee  eee     eeeee  e eeee     ee  e  e e ee   e    eeeee   e eeee   ee  eeee
/data3fast/users/mbermudez/de_03/TFGDataset/img/train_t2_1149_0.png|eeeee eeeeeeeeeeeeeeee eeee     eee         e e ee ee e  e   eee          e  e  eee  eeee eeeeeeeeeeeee eeeeeeeee  e   
/data3fast/users/mbermudez/de_03/TFGDataset/img/train_t2_0095_0.png|eeeeeee e e eeeee eee e  eeee   eeeeeeeeee eeeeee eeeeeeeee      eeeeee  eeeeeeeee   eeee  ee  e eee eeee    eeeeeeeeee
/data3fast/users/mbermudez/de_03/TFGDataset/img/train_t2_0651_2.png|eeeeeee          e    eeee eeeee e      eeee eeeeeeeeee ee    e    e eee    eeeeeee  eeeeeee ee   ee   e    eee eeeee  
/data3fast/users/mbermudez/de_03/TFGDataset/img/train_t2_1232_1.png|eeeeeee     eeeeee ee   eee     e e e  eeeeeeeeeeeeeeeeeeeee e          e        e   eeeee e eee ee    eeeee  ee e e   
/data3fast/users/mbermudez/de_03/TFGDataset/img/train_t2_1406_1.png|eee  eeeeeeeeeee ee ee        eeeeeeeeeee      ee    eeee   e  eeeee  e  ee e eeeeeeeeeee e e   eeeee   eeeeee eeee e  
/data3fast/users/mbermudez/de_03/TFGDataset/img/train_t2_0160_1.png|eeeeee   e  e eeeeeee eeee    e  e  eeeeee e       e   eeeeeee ee ee ee    eeeeeeeeeeeee  eee   eeeee  e    e     e  ee
/data3fast/users/mbermudez/de_03/TFGDataset/img/train_t2_0448_0.png|eeeeee eeee e  ee eeeeeee e eee   eee e  eee eeeeeee  e        eee    e    ee            eee eeee    eeeeeeee     e ee 
/data3fast/users/mbermudez/de_03/TFGDataset/img/train_t2_1294_2.png|eeeeee       eeee e  eeee  eeee  e ee eeeeeee ee        ee ee  ee  eeee  eee  e eee e    eeeeeeeeeeee  eeeeeee   e    e
/data3fast/users/mbermudez/de_03/TFGDataset/img/train_t2_1054_0.png|eeeeee     eeeeeee  eeeeeee     eee  eeeee   eeeeeeee       eeeeeeeeee eeeeeeeeeeee eeeeeeee       eeee e  e     eeeee 
/data3fast/users/mbermudez/de_03/TFGDataset/img/train_t2_1477.png|eeee eeeee e     eeeeeee ee     e  e  e  ee  e   eee ee e eeeeee  eeeeeeeeee   e  eee    eeeee          e eeeeee e  e e
/data3fast/users/mbermudez/de_03/TFGDataset/img/train_t2_0944_0.png|eeeeeeeeeeeeeee  e    eee      eee eeeeeeee e e   e eeeeeeeeeeeeeeee      e eeee  e eeeeee e ee ee        eeee  e e    
/data3fast/users/mbermudez/de_03/TFGDataset/img/train_t2_0677_0.png|eeeeeee   eeeeeee e  e    e  e    eeee    e    ee   ee  e e    eeee eeeee  e     eeeeeee ee eeeee eee eee eee     eee e
/data3fast/users/mbermudez/de_03/TFGDataset/img/train_t2_0313.png|eeeeeeeeeeeeeeeeee e e eeeee    eeeee        e e  eeeeeeee  eeee   eee        ee    ee eeeee  eeee eeeeee e eeee    ee 
/data3fast/users/mbermudez/de_03/TFGDataset/img/train_t2_0550_0.png|eeeeeeeee     eeeeee eeeeeee   eeee       eeeeee   e     eee  eee   e  ee  eeeee      eeeee       ee    e  ee       eee
/data3fast/users/mbermudez/de_03/TFGDataset/img/train_t2_1077_0.png|eeeeeeeeee eeeee eeee ee  eeee    ee e   e    eeeeeeee   ee   eeeeeeeeeeeeeeeeee      e eee ee ee     eee ee ee    eee 
/data3fast/users/mbermudez/de_03/TFGDataset/img/train_t2_1225.png|eeeeeeee eee    eee  eeeeee e e  eee   ee eeee e ee  eeee    eee        eeeeee  eeeeeeeee    e       eeeee   ee   eeeee
/data3fast/users/mbermudez/de_03/TFGDataset/img/train_t2_0824_2.png|eeeee eee          eeeeeeeee ee  eeeeeeeee eeeeeeee    e eeee  e eeeeeee   ee   eeeeeee eeeee     eeeeee      eee ee ee
/data3fast/users/mbermudez/de_03/TFGDataset/img/train_t2_0111_0.png|eeeeeeeeee eee eeeeeeeeeeeeeeeeeeeeeee eeee e    eeeeee ee      eeeeee   eeee      eeeeeee eeeee  e e    e eeeeeeeeeeee
/data3fast/users/mbermudez/de_03/TFGDataset/img/train_t2_0519_0.png|eeeeeeeeeee e  eee     eeee  eeee   eeeeeee e       e  ee  ee  e eeeee  e    eeeeeeeee e  eeeee eee e e    e e    e  e 
/data3fast/users/mbermudez/de_03/TFGDataset/img/train_t2_1016_1.png|eeeeeeee eee      e eee  e    e      eeeeeeeeee   e ee e           eeee     ee          ee    ee e    eeeeeee    eeeee 
/data3fast/users/mbermudez/de_03/TFGDataset/img/train_t2_1418_1.png|eeeeeeeee   eeeeeee ee   ee   eeeeeee      e eeeeeee eee       eeeee e  e ee eeeee  eeeeeeeeeeeeeeeeeeeeeeeeeeee       
/data3fast/users/mbermudez/de_03/TFGDataset/img/train_t2_1374_1.png|eeeeeeeeeee    eeeeee eeee e  eeeeeeeee eeeeeeee ee    e   e  eee e e   eeeeeeeeeeeeeeeeee         eee e e eeeeee e    
/data3fast/users/mbermudez/de_03/TFGDataset/img/train_t2_1435_1.png|eeeeeeee e     ee eee      eee         e e eeeeeee  e    eee       eeee  ee eeeeeeee  eeeeeeeee ee         eeee     e e
/data3fast/users/mbermudez/de_03/TFGDataset/img/train_t2_0094.png|eeeeeeeeeeeeee ee  eee   eeeeeeeee e e    eee  e eeeee   eeeeeee ee   ee  e eeeeee       e    e ee e eee  ee   e      e
/data3fast/users/mbermudez/de_03/TFGDataset/img/train_t2_1203.png|eeeeeeee e  eeeeee e eeeee  eeee  e  e    eeeeee eeeeeeeeeee e  ee   eee eee  ee eeeee eeeeeee  eee  e  eeeeee  ee  eee
/data3fast/users/mbermudez/de_03/TFGDataset/img/train_t2_0060.png|eeeeee eee   eeeee e   e ee eeeeee e        eeee  e      eee  eeeeee        ee eeee  eeee   e  eee eeeeeeeee   ee e   e
/data3fast/users/mbermudez/de_03/TFGDataset/img/train_t2_0679_1.png|eeeeeee eee   e ee   eeeeeeeee   eeee e eeee  eeeeee eeeeeeee   eeeeeee eeee eeeeeeeeee  eeee e ee  ee e    e  e   eee 
/data3fast/users/mbermudez/de_03/TFGDataset/img/train_t2_0349_2.png|eeeee eeeeeeee  eeeeeeeeeeee eee  ee e e eee      e  eeee e e eeeeeeeeeeeee eee eeeeeeee   e  e  e   eeeeeeeeeeeee    e
/data3fast/users/mbermudez/de_03/TFGDataset/img/train_t2_0717.png|eeeee    e eeeeeeee  e    e ee eeeeeeee  e e eeee eeeeeee ee e eee   eee   eeeee ee e  ee      eeee e eeee  eee ee     
/data3fast/users/mbermudez/de_03/TFGDataset/img/train_t2_1256_0.png|eeeeeeeeeeeee  eee           eeeeee  eeee ee   eeeeeee eeee ee    e eeeeee  e eee                 e   e e e      e e e 
/data3fast/users/mbermudez/de_03/TFGDataset/img/train_t2_0376_1.png|eeeeeeeeeeeeeee        e   eeeee eeee      e    e e  e     eee ee eeeeeeeeeee   e      eeee e   eeeee eeeeee  eeee   ee
/data3fast/users/mbermudez/de_03/TFGDataset/img/train_t2_0441.png|eeeeeeeee eeeeeeeeeeeee e   ee ee       eeee  eeeeee e    e eeeeee  e  e    e    e e   eeeee  e       eeeee eeeeeeee   
/data3fast/users/mbermudez/de_03/TFGDataset/img/train_t2_0236_0.png|eeeeeeeeeee       ee ee eeeee    eeee    e eeeeeeeee e      eeeee e eeee  e eeeeeeee    eeeeeeeeeeeeeeeeeee eeeeeeeee  
/data3fast/users/mbermudez/de_03/TFGDataset/img/train_t2_0523_1.png|eeeeeeeeeee       eeeeee  eee  eeeee          eee      ee  e eeeee         e ee  e e      eeeeeeee eeeee   eeeeeeee eee
/data3fast/users/mbermudez/de_03/TFGDataset/img/train_t2_1367_0.png|eeee eeee  eee e   eeee   e  eee e e  ee  eeeeeeeee   ee ee    ee   eee eeeee   e ee eeeeeeee  eeeee   ee   ee e eee   
/data3fast/users/mbermudez/de_03/TFGDataset/img/train_t2_0198.png|eeeeee eeee  eee  eee  e  eeeeeeeeeeee ee  e      ee e e    eeeee ee   eeeee  e eeeeeeeeeeeeeeeee e e ee  eeeee   e    
/data3fast/users/mbermudez/de_03/TFGDataset/img/train_t2_0838_0.png|eeeeeeeee     ee e ee    ee e  eee e eee  e    ee ee e               e e e ee    eeeeeeee   e ee e e eeeeeeeeeeeeeeeeee
/data3fast/users/mbermudez/de_03/TFGDataset/img/train_t2_0490.png|eeeeeeee    eeeee   ee          e    e   eeeeee e   ee   eeeeeeeeee e ee  eeeeeeee   ee eee     eeeeeeeee eee e ee  eee
/data3fast/users/mbermudez/de_03/TFGDataset/img/train_t2_1204_2.png|eeeeee   e e eeeee eeeee    eee ee  e eeeeee e    ee      e e      eeeee   eeeeee   e eee    e   eee     eee   eeeeeee 
/data3fast/users/mbermudez/de_03/TFGDataset/img/train_t2_0666.png|eeeeeeeeeee      ee    ee eeee  e ee  ee  eee     eee ee   e    eee e   eeeeeeeeee e   e  e eeeeeee eeeee eee  ee eee  
/data3fast/users/mbermudez/de_03/TFGDataset/img/train_t2_1069_1.png|eeeee            e e e eeeeeee e e e ee    eeeeeeee  eeeeeeeee  eeeee       e  e        eeeeeeee eee eeeeeeeee   e  eee
/data3fast/users/mbermudez/de_03/TFGDataset/img/train_t2_0877_1.png|eeeeeee  eeeeeee       e    eeeeeee eeeeeee eeeeeeeeeeeeee e eee e    eeee  ee ee      e  eeeeeeee    ee    eeeeeeeeeee
/data3fast/users/mbermudez/de_03/TFGDataset/img/train_t2_0311_0.png|eeee eeeeeee eee       ee   ee    e      eee e      eeee eeee eeeee        eee ee eeeeee      ee   ee eeeee eeee   e ee
/data3fast/users/mbermudez/de_03/TFGDataset/img/train_t2_0605_1.png|eeeeeeee    eeeeeee      e     eeeee  e  eee ee eeeeeeeee   eeeeeee    ee        e    ee e      eeeeee        ee  e eee
/data3fast/users/mbermudez/de_03/TFGDataset/img/train_t2_1488_0.png|eeeeeeeeeee       ee              eeeeee   eee    eeeeeeeeeeeee   eeeeeeeeeeeee ee   eeeeeee   eeeeee   eeeee  eeeeee  
/data3fast/users/mbermudez/de_03/TFGDataset/img/train_t2_1353.png|eeeeee e  e   e e         e    e  ee eeeeee ee e eeee   ee ee e   ee eeeeeeee e  eee  e          eeee           eee   e
/data3fast/users/mbermudez/de_03/TFGDataset/img/train_t2_0512.png|eeeeeeeee            eee    ee           eee ee ee eeeee       e  eeee eeeeeee e eeeeee eeeee   eeee  e   e eeeeeeeeeee
/data3fast/users/mbermudez/de_03/TFGDataset/img/train_t2_0499.png|eeeeee   e  eeeee eee eeee      eee  eee     eeeeeee  eeeeeeeeeeeee  e eeeeeeeeeeeeeeee      ee      eeee e eeee  eeeee
/data3fast/users/mbermudez/de_03/TFGDataset/img/train_t2_1195.png|eeeeeeee       eeeeeeeee      eeeee   eeeeeee     eeeeeee e   ee  eeee    eee eeeeeeeeeeee       e e   eee    ee    e e
/data3fast/users/mbermudez/de_03/TFGDataset/img/train_t2_0434.png|eeeee    e eeeeeee e    e e   eee   eeeeeeee e           ee  e eeee  eeeeeeeeee    e        e     eeeeeeeee   eeeee eee
/data3fast/users/mbermudez/de_03/TFGDataset/img/train_t2_1371_1.png|eeeee    eee   ee eee eee  eeeeeee        eeee   ee eeeeeee e   eee    ee eeee     e  eeeeee  eeeeee    e eeee      ee 
/data3fast/users/mbermudez/de_03/TFGDataset/img/train_t2_0708_0.png|eeeeeeeeeeeeee  eeee e ee  e  eeee  eeeeeeee e       eeeeeee     e ee e e  e ee        ee   ee e e      eeee     ee    
/data3fast/users/mbermudez/de_03/TFGDataset/img/train_t2_1177_2.png|eeeeee e   ee  eeeeee      eeeee    e  eeeeeeee   e    eee     eeeee e e e  e  eeeeeeee  ee ee e    e   e   eeeee e  e 
/data3fast/users/mbermudez/de_03/TFGDataset/img/train_t2_1436_0.png|eeeee          e    eeee  eeee    e    e  eeeee    eee   e ee     eeee ee e         eee  eee  eeeeeeeee eeee e   e e  e
/data3fast/users/mbermudez/de_03/TFGDataset/img/train_t2_1299_0.png|eeeeeeee ee        e        e eeeeeeeeee eeeee  eeeee     e ee     e e    e        e ee    ee  ee ee   ee e   eeeeeee  
/data3fast/users/mbermudez/de_03/TFGDataset/img/train_t2_0295_0.png|eeeeeeeeeee   ee   e eeeeee  e  eee e  eeeee e eeee     eeeee ee     eeeeee          ee   eeee       e e eee    ee eee 
/data3fast/users/mbermudez/de_03/TFGDataset/img/train_t2_1286_0.png|eeeeeeeeeee   e e   eeee  ee     e    e ee              e   e eee  e  eeeeee    eee eee         eeeee     ee  eeeee ee 
/data3fast/users/mbermudez/de_03/TFGDataset/img/train_t2_0865.png|eeeeeee e eeeeeeee ee    eeeeeeee   e    e  ee  e  e eeeeeeee     eee eeeeee        eee  e e    eeeee  e eeeeeeee      
/data3fast/users/mbermudez/de_03/TFGDataset/img/train_t2_0391.png|eeeeeeeeee eeee eee e eeee eee ee     e e  e eee    e ee   eeeee      e e     ee eeeeeeeeee   ee     e eeeeeee     e   
/data3fast/users/mbermudez/de_03/TFGDataset/img/train_t2_0303_0.png|eeeeeeeeeee    e     eeee     e  ee  eeeee       eeeee  ee eeeeee     ee   e eeee e             eee eeeeeeeeee    e    
/data3fast/users/mbermudez/de_03/TFGDataset/img/train_t2_1068_2.png|eeeeeee      eeeee   e   e      e   e  e  eeeeeeeee    e    eeeee      e  ee e eee     e   eeee      eee e e eeeeeeee e
/data3fast/users/mbermudez/de_03/TFGDataset/img/train_t2_0568_1.png|eeeeeeeeee    e   ee  e ee e    e      eee e        e  eeee       eeeeee ee       ee    e ee  eee eeee eeee e     ee   
/data3fast/users/mbermudez/de_03/TFGDataset/img/train_t2_0299.png|eeeeeeeeeee eee  eeeeee   ee eeee  e eee e e ee e eeee     e  e   eeeeeee   e ee ee  ee      eeeeeee e  ee  e   e      
/data3fast/users/mbermudez/de_03/TFGDataset/img/train_t2_0822_2.png|eeeeee     e e  ee  ee    e e  eeeeee eeeee eeeee  e e e   e     e  eeeee  e            ee  ee e       ee    eeee eeeee
/data3fast/users/mbermudez/de_03/TFGDataset/img/train_t2_0744_2.png|eeeeeee e    e             eeeeee e e    eee   ee    eee      eeee eee eeeeee    eee       e e     eeeeeee ee    eeeeee
/data3fast/users/mbermudez/de_03/TFGDataset/img/train_t2_0952_2.png|eeeeee        ee      ee  e   eeee     e           ee      e e ee  ee    e         e eeeeeeeeee   ee    e     eeeeeeeee
/data3fast/users/mbermudez/de_03/TFGDataset/img/train_t2_1310_1.png|eeeeeeeee            e   eeee  eeeeeee eee    ee  eee    eeeeee        ee    e    ee   eee ee    eeee ee e   e    e  ee
/data3fast/users/mbermudez/de_03/TFGDataset/img/train_t2_1091_2.png|eeeeeeeee e  e eee    e e ee    e   eeee ee eeeeeee   eeeee   eee  e eeeeeee eee  e      e e  eeeee          e  ee eee 
/data3fast/users/mbermudez/de_03/TFGDataset/img/train_t2_0535_1.png|eeeeeeeeeee eee       e eee   e  e   eeee   ee              e    eeee eeee eeeee eeeeeee eee   eeeeee eeeeee ee  e ee  
/data3fast/users/mbermudez/de_03/TFGDataset/img/train_t2_1040.png|eeeeee  e    e  eeeeeeee    e  e ee     eeeee       ee    eee    e     eeeeee eee eeeeeeeeeeeeeee           e ee   ee e
/data3fast/users/mbermudez/de_03/TFGDataset/img/train_t2_0062.png|eeeee      e      ee   eee     eee    ee  eeeeeeeeee    eeeeeeee eeee  ee eeeeee       eeeee ee         eeeee e  ee e e
/data3fast/users/mbermudez/de_03/TFGDataset/img/train_t2_0854.png|eeeeeeeee   ee eeee   ee eeee eeeee eeeee eee  e  eee eeeeeeeeeeeeeeeeeee          eeee ee   eeeee eeeeeeeeeee     e   
/data3fast/users/mbermudez/de_03/TFGDataset/img/train_t2_0465_1.png|eeeeeeeeeeeee  eeeeeee     eeee     eeeee       e    eeee    ee  e e e eeeee e  eee  eeeee e e eeeee  e   eee    ee e e
/data3fast/users/mbermudez/de_03/TFGDataset/img/train_t2_1476_2.png|eeeeeeeeeeeeee  e   ee  eeeeee eee  eeeeee   ee            e ee  eeeee  e    eeeee       eeee eee  e      ee  e      e 
/data3fast/users/mbermudez/de_03/TFGDataset/img/train_t2_0095_2.png|eeee ee  ee e e  ee         e e       eee  ee    eeee eee   ee    e eeeee       e   e             eeee eeeeeee e     ee
/data3fast/users/mbermudez/de_03/TFGDataset/img/train_t2_0613_1.png|eeeeeeeeeeee     e eee e  e e e  e eeee eeeeeeeeeeeee e eee    eeee e eeeee e eeee ee  ee  eeee e    ee ee eeeee   e ee
/data3fast/users/mbermudez/de_03/TFGDataset/img/train_t2_1429_2.png|eeeeee eee  ee    e   eeeeeeeeeee eeeeeeeee ee  e       eeee    eee  e eeeeeeee   eeeeeee            e   eeee   e   ee 
/data3fast/users/mbermudez/de_03/TFGDataset/img/train_t2_0166_1.png|eeeeeeeeee   e   e eeeeeee                 e     e eeeeeeeee eee eee         e   e eeee  e e  eeee  eee  ee e    eee   
/data3fast/users/mbermudez/de_03/TFGDataset/img/train_t2_1475_2.png|eeeeee e      eeeeeee    e  e   eeee e  e eee      eeeee e  eeee  eee eee    eeeeeee e  ee eeeee eeeeee       ee eeee  
/data3fast/users/mbermudez/de_03/TFGDataset/img/train_t2_0394_2.png|eeeeeee eeeeeeee       e    eee  eeeeeeeee       e   e e eeeeeeee  eeeeee eeeeeeeee ee eeeeeeeeee   e              ee  
/data3fast/users/mbermudez/de_03/TFGDataset/img/train_t2_1433.png|eeeeeee     e    ee   eee  eeee           eeeeee    e eeeeeeee       e  eeeeeeeee eee  eee    e eeeee  eeee  e  e e   e
/data3fast/users/mbermudez/de_03/TFGDataset/img/train_t2_0110_0.png|eeeeeee  ee       ee   eee     eee     eeeeee eee e  ee    ee   e               e     eee    ee e e e  e eee      ee ee
/data3fast/users/mbermudez/de_03/TFGDataset/img/train_t2_0175.png|eeeeeeee   eeee      ee eee ee ee     ee ee   eeeeeeeee  ee e  e  e   ee    ee   eeeeeeeeeee    e ee ee ee         e ee
/data3fast/users/mbermudez/de_03/TFGDataset/img/train_t2_0350_2.png|eeeeeee      ee    e      eee eeeeeeee           eeeee e   eee   ee     e     eeee      ee  e  e e                e    
/data3fast/users/mbermudez/de_03/TFGDataset/img/train_t2_0696_0.png|eeeeee eeeeeeeee  eee      eeeeeeeeeeee e  eeeeeeee e ee  e   eeeeeee    eeeee  ee   e        e                eeeee  e
/data3fast/users/mbermudez/de_03/TFGDataset/img/train_t2_0604_2.png|eeeee   eeeeee       ee    eeeeeeeee   eeee  eee        ee eee   e e      e   eeeee    ee eeeeeeeee    e eeee   e e eee
/data3fast/users/mbermudez/de_03/TFGDataset/img/train_t2_0163_1.png|eeeeeeeee  eeeeee          e         eeeeee  e  ee   eee e      eee      eeeee  e ee eeeee     eee       e    e e      
/data3fast/users/mbermudez/de_03/TFGDataset/img/train_t2_0579_0.png|eeeeeeeeeee      eeee   e eeeee  eee   eeee ee ee  eee e  e  e e   e     ee  e  ee        eeeeeeeee eeeee    eee     ee
/data3fast/users/mbermudez/de_03/TFGDataset/img/train_t2_1104.png|eeeeeee  eeeeeee   eeeeee ee e e    eeee    ee   eeeee  eee    eee eeeeeee      ee    eeeeeeeeee e      eee           e
/data3fast/users/mbermudez/de_03/TFGDataset/img/train_t2_1182_0.png|eeeeeeee ee e   ee      eee      e    ee           ee  e eeeeee  ee e    e    e e       eeeeeeeeee e e     e      eee  
/data3fast/users/mbermudez/de_03/TFGDataset/img/train_t2_0372_2.png|eeeeeeee           e  eeeeeeee  eeeeeeeee eee ee      e      e                 e    ee     e eeee   e ee e    ee e e   
/data3fast/users/mbermudez/de_03/TFGDataset/img/train_t2_0854_0.png|eeeeee      e ee ee  ee e   eee  eee  e  ee    e          ee  eeee    eeeee   eeeeee  eeeeeeeeeeeeee   ee eeeeee ee eee
/data3fast/users/mbermudez/de_03/TFGDataset/img/train_t2_0580_1.png|eeeeeeeee e   e e e eeeeeeeeee    eee eee e eeeeee   ee  e      eee   ee eee e          e  eeeee e  eee    ee     e    
/data3fast/users/mbermudez/de_03/TFGDataset/img/train_t2_1307.png|eeeeeeeee eee          e e      ee      eeee e            eeeeee               e eee eee eee  e     ee   ee e eee     e
/data3fast/users/mbermudez/de_03/TFGDataset/img/train_t2_0762.png|eeeeeeee     ee    eee  e           ee e eeee     e   e   eeee     ee    e     e  ee e e ee   ee      e      eeeee  eee
/data3fast/users/mbermudez/de_03/TFGDataset/img/train_t2_1344_2.png|eeeeeee  e e  e eee eeee  e             eeeeeeee   eee   e   e    e e eeee  ee ee eeeeeeeeee   ee     eeeeeeeeeeeeeee e
/data3fast/users/mbermudez/de_03/TFGDataset/img/train_t2_1100_1.png|eeee  eee   e   eeeeee eeeee  e  ee   eeeeee  ee       eee ee      ee    eeeeeeeeeeeeee      eeeee   ee  ee ee  eeeeee 
/data3fast/users/mbermudez/de_03/TFGDataset/img/train_t2_0526_2.png|eeeee  ee eeeee       ee    ee e        eeeeeee eeeeeee             e   e ee         eee   e        eee ee e    e eee  
/data3fast/users/mbermudez/de_03/TFGDataset/img/train_t2_0813_2.png|eeeeeeee    eee          e      ee  eee eeeeee  ee eeeee   e            e eeee  eeeeee e e ee ee    eeeeee    ee eeee  
/data3fast/users/mbermudez/de_03/TFGDataset/img/train_t2_0846_1.png|eeeeeeeeeeeeee  e  ee    eee         eeee  e       e   eeee     ee e  ee eee eeee e e     e ee ee eeeeee    ee eeee   e
/data3fast/users/mbermudez/de_03/TFGDataset/img/train_t2_0873.png|eeeee  eeeeeeeee   eeeeeeee eee ee        ee e      eeeee eeeeeeee eeeeeee  ee       e      eeeee     e  ee         ee 
/data3fast/users/mbermudez/de_03/TFGDataset/img/train_t2_0443_2.png|eeeeeee          eee        eee e  e       eee    eeee          eeee e  ee  eeeeee e   e ee eeeeeee  eeeee  e e  eee ee
/data3fast/users/mbermudez/de_03/TFGDataset/img/train_t2_0360_0.png|eeeeeeeeeeee eeee e  ee e ee ee  e          ee  eeeeeeeeee    e        e     ee e                 ee   ee      e  e eee
/data3fast/users/mbermudez/de_03/TFGDataset/img/train_t2_0312_1.png|eeeeeee   eee   ee  e eeeee       eeee         eeeee  eee  ee  e ee e    eeeee eeeee     eeeee  ee          ee  eeee   
/data3fast/users/mbermudez/de_03/TFGDataset/img/train_t2_1462_1.png|eeeee  ee   eeee     e   e ee      e eeee   ee eeeeeeeee  eeeeeee        ee ee eeee    eeeeeeeeeeee  e   ee      e  ee 
/data3fast/users/mbermudez/de_03/TFGDataset/img/train_t2_0139.png|eeee e        ee        e    ee eeee ee     eeeee    ee ee eeeee      eeeeee    ee  e e e   ee   e    eee    e     ee  
/data3fast/users/mbermudez/de_03/TFGDataset/img/train_t2_0774_1.png|eeeeeeee e   e      eeeeee e ee  eee      ee   eeeee e eeee    eeeeeee    ee eeeee    eee      eeee  e    eee          
/data3fast/users/mbermudez/de_03/TFGDataset/img/train_t2_0529_1.png|eeeeeeeeee e    ee    eee            e  eeee ee e  e e     e  ee   eeee     eeee    e             ee  e   eeee   eeeeee
/data3fast/users/mbermudez/de_03/TFGDataset/img/train_t2_1163_2.png|eeee  ee eeeeee e  e  ee ee   e   eee eee e        eeeeeee  ee eeeeeeeee eeee  ee    eeeeee   eeee   e    e  e         
/data3fast/users/mbermudez/de_03/TFGDataset/img/train_t2_1385_0.png|eeee ee   eeeeee eee eee    eee e   ee e eee     e     ee ee  eeee e          eeeeeeee eeee   ee           e  eeee     
/data3fast/users/mbermudez/de_03/TFGDataset/img/train_t2_0894_0.png|eeeeeee               e e e          eeee   eee    e   eee    e   ee   e      e  ee e         eeeee  e eee eee eeee    
/data3fast/users/mbermudez/de_03/TFGDataset/img/train_t2_0454_1.png|eeeeeeeee e eeeeee   ee          e e     ee eee  eee            e    eeee   eeeeee ee       eeee e e eeeeeeeeee     e  
/data3fast/users/mbermudez/de_03/TFGDataset/img/train_t2_1150_1.png|eeeeeeee eeeee e   e     e     eeeeee         e ee    e  e eee eeeeeeeee eeee        e   e eeee   e  e  eee       eeee 
/data3fast/users/mbermudez/de_03/TFGDataset/img/train_t2_0111_1.png|eeeeeeee eeee  e    eeeeeeee  eeeee ee e      e eeee ee eee    e e     e   eeeee eeeeeeeeeeee       e eeeeeeeeee e    e
/data3fast/users/mbermudez/de_03/TFGDataset/img/train_t2_0501_1.png|eeeeeee    eeeeeee e  e  eeeeeeeee   eeeee       e   eee       eee  ee e ee        e  ee   eeeeeeeeee   e    e     eeee
/data3fast/users/mbermudez/de_03/TFGDataset/img/train_t2_0089_1.png|eee    eeeeee     eeee     eeeee         eee ee         eeeee   eeee     eeeeeeeeeeee  ee             e  eee e         
/data3fast/users/mbermudez/de_03/TFGDataset/img/train_t2_0383.png|eeee eeee ee     eeee ee e  eeeeeeee   ee            e    eee      ee      ee  e   e e  e eeeeeeee ee       e ee       
/data3fast/users/mbermudez/de_03/TFGDataset/img/train_t2_0106.png|eeeeeee   ee    e    ee      e    e e     eeee  e eee         ee e eeeeee     e  eeee ee e e          eeeeee  eeee  eee
/data3fast/users/mbermudez/de_03/TFGDataset/img/train_t2_0511.png|eeee e   eeee  e    e   ee   e  e e ee e    eee eeeeeeeee  ee   e  eee e   ee    eeeeeeeee    eeeee       e        eeee
/data3fast/users/mbermudez/de_03/TFGDataset/img/train_t2_0856_2.png|eeeeeeee  e   e  ee e     ee   e    eeeee   ee  eeeeee e eee       e ee  eeeeeeeeee eeee eee  ee    eeee   eeeeeee e  e
/data3fast/users/mbermudez/de_03/TFGDataset/img/train_t2_1405_1.png|eeeee e ee  ee  eeeeee    e      e  eee  eeeeeeee       ee  eeeeee  e    ee eeeee  e   eeeeeeeee   eee eeeeeee         
/data3fast/users/mbermudez/de_03/TFGDataset/img/train_t2_1194_1.png|eeeeeee eeeeeeeeeeee  e eeeeee e   e   e e eeeeeee eeeeeee  eeeeeeeee  e eeeeee  eee     eee     eeeeeeeeeeeeeee e ee  
/data3fast/users/mbermudez/de_03/TFGDataset/img/train_t2_0780_1.png|eeeeeeeeee e        ee  eeeeee  e eeeee    e    ee ee        e e e   e   eeee e  eee e ee  eee     eeee eeee eee       
/data3fast/users/mbermudez/de_03/TFGDataset/img/train_t2_1055_2.png|eeeeee   eeeee eeeeee        eee    e       ee   eee eeeeeee   e      ee     eeeeeee   ee  e     e eeeeeeeeee  eeee eee
/data3fast/users/mbermudez/de_03/TFGDataset/img/train_t2_1479_0.png|eeeeeeeee            eeeeeeee eeeeeee   eeeeeeeeeeeeeeeeee  e    e  eeeeeee eeeeeeeeeeeee eeeee eee e e          e  eee
/data3fast/users/mbermudez/de_03/TFGDataset/img/train_t2_0379_2.png|eeeeeeeeee     eee  eeeee   ee  e eee  eee ee eeeee eeeeee  eee eee e ee  ee    e  eeeeee               e   ee ee ee   
/data3fast/users/mbermudez/de_03/TFGDataset/img/train_t2_1214_2.png|eeee  e ee  ee   eeee  e eeee         eee eee eee eeeeeee  ee e     eeee  eeee  eeee ee   e    ee    e  ee           ee
/data3fast/users/mbermudez/de_03/TFGDataset/img/train_t2_0893_0.png|eeeeeeee                ee eeeeeeeeeeeee  eeeee      eeee      e e  e  eee  ee eeeeeeeeeee  eee   eee    eeee  eeeee   
/data3fast/users/mbermudez/de_03/TFGDataset/img/train_t2_0551.png|eeeeeeeeeeeeee e  ee           e    eeeeee e           eee e  e    ee      eeee    eeeeeeeeeeee   eeeeeeee eee         
/data3fast/users/mbermudez/de_03/TFGDataset/img/train_t2_0179_0.png|eeeeeee e     ee eeeee  eee  eee              eeeeeeee  e e           eeeeee ee ee eeee  e     ee e ee    ee eeeeeeeeee
/data3fast/users/mbermudez/de_03/TFGDataset/img/train_t2_1212_1.png|eeeee   e eee e   ee      eee    e eeeeeee     e     ee e e  e           eeeeeeee ee eeeee      e ee ee   e       e e  
/data3fast/users/mbermudez/de_03/TFGDataset/img/train_t2_1011_0.png|eeeeee ee      ee eeee eeeeee  ee   e   e    ee   eeeeeeeeeeeee    e  eeee ee      eeeeeeeeee  ee  e eeeeeeee  ee e e e
/data3fast/users/mbermudez/de_03/TFGDataset/img/train_t2_1267_0.png|eeeeeeeeeeeeeeeeeee e      eee      e    ee    eee  eeee     eee    e             e    e ee    eee ee eeeeeeeee  ee  ee
/data3fast/users/mbermudez/de_03/TFGDataset/img/train_t2_1259_1.png|eeeeee     eeeeee ee         e   e    e eeeeeee ee e eee e  e   eeee         ee eeeee ee eeeeeeeeeeee  eeeeee  eeeee ee
/data3fast/users/mbermudez/de_03/TFGDataset/img/train_t2_0816_2.png|eeeeeeeeeee ee eee  e e    ee      ee ee  eee   eeeeeee                 eeeeeee           ee  e ee    e   eeeeeeeeeeeee
/data3fast/users/mbermudez/de_03/TFGDataset/img/train_t2_1368_1.png|eeeeeeeeeee     e e eeee eeeeeeeee      ee eeeee  e    e  e  e   e    ee      eee   eeee e   e  eee  e  eeeeeeeeeeeeeee
/data3fast/users/mbermudez/de_03/TFGDataset/img/train_t2_0166_2.png|eeeeeeee   eee e e    eeeeee  ee  eee       eeeee ee e e  eeeee  eeeeee      e  ee eeeee e e      eeeeeeee   eee ee    
/data3fast/users/mbermudez/de_03/TFGDataset/img/train_t2_0341_2.png|eeeeeeee e  e  e  ee e     eeee    eeeeee ee eeeee  e eeeee   ee e          e  ee  e          e eeeeeeee e eeee  ee  ee
/data3fast/users/mbermudez/de_03/TFGDataset/img/train_t2_0939_1.png|eeeeeeee     e  e    e eeeeee eeeee eeeeeeeeeee ee       e eee   ee  e e  e  ee  e  ee  eeee   eeeeee  eeee           e
/data3fast/users/mbermudez/de_03/TFGDataset/img/train_t2_1323_2.png|eeeeeeeeee           eee ee     e eee  eeeee      eeee         e e e  e              e e    e      eeee       e    ee e
/data3fast/users/mbermudez/de_03/TFGDataset/img/train_t2_1221_1.png|eeeee eeeeee e     e eee   eeeeeee eeeee  e   e            eeeeee ee   e e   eeee eeeee            ee  e  e eee       e
/data3fast/users/mbermudez/de_03/TFGDataset/img/train_t2_0649.png|eeeeeee e    ee eee eee       e      eeeee eeeeeeee eeee e eeeeeee  e  ee eeeee e ee    e   eeee e ee    eee    e      
/data3fast/users/mbermudez/de_03/TFGDataset/img/train_t2_0052_2.png|eeeeeeeeee        eeeeee e ee eeeeeeeee       e    ee    eeeeeeee  eeeeeeeeeeeee  ee   e    ee           eee    e   e e
/data3fast/users/mbermudez/de_03/TFGDataset/img/train_t2_1401.png|eeeeee    eee eeeee       eeee eeeee       eeeeeeeeeeee eeeee   e eee eee eeee  e    e   eee eeeeeee eeeeeeeee  eeeeee 
/data3fast/users/mbermudez/de_03/TFGDataset/img/train_t2_1077_1.png|eeeeeeeeeeee  eeeee e eee eeeeee ee e    eeeee e     e  eeeeeeeee  eee   e    e  ee  eee   e     e e   eee   ee eeeeeee
/data3fast/users/mbermudez/de_03/TFGDataset/img/train_t2_0033.png|eeeeee    e   e e      e e  eeee   eeee          e              e e ee e    eeeee     e    eeeee   e ee    eee  ee eeee
/data3fast/users/mbermudez/de_03/TFGDataset/img/train_t2_0348_1.png|eeeeeeeee eee     eeee          eeeeee  e    eeeeee  eeeeeeeeeeeeee eeeee   e e    ee    eeeeeeee  eeeeeeee  e      e e
/data3fast/users/mbermudez/de_03/TFGDataset/img/train_t2_0522.png|eeeeeee eee eee   e eeee  e    eeee   ee eeeeeeee  eeee eeeeee  e  eeeeeeeeeeeeeeeeeee e eeeee  e eee   e  e   e    e e
/data3fast/users/mbermudez/de_03/TFGDataset/img/train_t2_0795_1.png|eeeeee eeeee         e eeeeeeeee eeeee  eeeeee e e  ee   eee eee ee e ee         eeeeee  eeeeeeeeeeeeeeeeeee  eeeee   e
/data3fast/users/mbermudez/de_03/TFGDataset/img/train_t2_0364_0.png|eeeeeeeeeeeeee e  e eeeeeeeee eeeee eee      eee ee eeeee    e e    e e  eeee eeee     ee e e         ee eeeee     eeee
/data3fast/users/mbermudez/de_03/TFGDataset/img/train_t2_0977_2.png|eeeeeee     eeeeeeeeeeeeeeee    eeeeeee    e e e ee ee e e e ee         ee eeeee  eeeeeeeeeeee     eeee  eeeee  e e eee
/data3fast/users/mbermudez/de_03/TFGDataset/img/train_t2_0467_2.png|eeeee ee eee  eee e   e  eeeee  ee eee  eeee    e e  e e e     e          eeeeeeeee  e   eeeeee      ee   ee eeeeee e  
/data3fast/users/mbermudez/de_03/TFGDataset/img/train_t2_0342_1.png|eeeeee      eee e     e e  e eeeeee e  e  ee  eee      ee eeeeeeeeeeeee      eeeeeeee   ee  eeeeeeeeee    e  eee  eeeee
/data3fast/users/mbermudez/de_03/TFGDataset/img/train_t2_1151_2.png|eeeee   eee eeeeeeeee eee  ee      eee  eee    e  e eeeeeeeeee       eeeeeee eeee eeeeeeeeeeeeeeeeee     e eee    eeee 
/data3fast/users/mbermudez/de_03/TFGDataset/img/train_t2_0514_0.png|eeeee  eeeeee       eeeeeeee eeeeee       eeeee e  eeeeeeee   eeee  eeeeeeee eeee    ee eee  e eeeeeeee e  eeeeeee eeee
/data3fast/users/mbermudez/de_03/TFGDataset/img/train_t2_1103_1.png|eeeeeee   eeeeee eeeeee       e eeee ee  ee   eee eee e eee ee eeeee  e   e  e    e eeeeeee ee ee ee  eeeeeeee eeeee ee
/data3fast/users/mbermudez/de_03/TFGDataset/img/train_t2_1376_2.png|eeeeeeeeeeeeeeeeeeeeeeeee  eeeee   eee     e    eeeeeeeee  ee   eeeeeeeee ee   ee      e  e  eeeee     eee         eeee
/data3fast/users/mbermudez/de_03/TFGDataset/img/train_t2_0143_0.png|eeeeeeeeee ee   e eeeeee e eeeeeeeeeee eeeeee eeeeeeee eeeeee ee   eeeeee eeeeeeeee        eee  eee  eeee eee  ee      
/data3fast/users/mbermudez/de_03/TFGDataset/img/train_t2_0453_2.png|eeeeeeeeeeeeeeeeee             e    eeeeeee        e   eeee eeeeee ee  e e    eeeeeeee eeeeeeeeeeeee   eee e   e     ee
/data3fast/users/mbermudez/de_03/TFGDataset/img/train_t2_0698_1.png|eeeeee        e eeee  eeeeee eee    eeeeeeeeeeeeeeee  eeee  e  e eeeee eee   eee e e eeee e ee  e e  ee  e       e  eee
/data3fast/users/mbermudez/de_03/TFGDataset/img/train_t2_1041_1.png|eeeee        eeee   e    eee       e  e      eee    eeeee ee  e eeee                 eeeeeeeeeeeeee      eeee eeee ee  
/data3fast/users/mbermudez/de_03/TFGDataset/img/train_t2_0681.png|eeeeeee    eeeee ee e  eee   e e ee   e ee  eee   eeeeeeeeeeeeeeeeee      e eeeee   ee eeeeee  e ee   ee     eeeeeeeeee
/data3fast/users/mbermudez/de_03/TFGDataset/img/train_t2_0394.png|eeeeeeeeeeeeeeeee eeeeee ee    eeeeeeee        e    eeeeee      ee  eeeeeeeee        eeee e ee e  eee       eeeee e   e
/data3fast/users/mbermudez/de_03/TFGDataset/img/train_t2_1424_2.png|eeeeeeeeeeeeee ee eee eee e e  e     e eeee     ee          eeeee eeeee    ee eeeeee   e eeeee      eeee        eeeee e
/data3fast/users/mbermudez/de_03/TFGDataset/img/train_t2_0618_0.png|eeeeeeeeee eee     eee      eeeeeeeee   e   eeeee e     ee    eeeeeeeee       eee e         eee e eee      e  eeee eeee
/data3fast/users/mbermudez/de_03/TFGDataset/img/train_t2_1132_2.png|eeeeeeeeeeee  eee ee  eee  ee     eeeee eee e   eee   ee e eeee       eee eee   eeeeee e  ee    e  eeeee  ee eeeeeee  e
/data3fast/users/mbermudez/de_03/TFGDataset/img/train_t2_0814_2.png|eeeeeeeeeeee          e  eeeeeee  eeeeeeeee              eeeee ee                 eeee eee      ee   e e e  e       e  
/data3fast/users/mbermudez/de_03/TFGDataset/img/train_t2_0655_1.png|eeeeeeeeeeee    eee e eeeeee   ee        ee  ee e eee      ee        e  e      eeee   eeee  eeeeee    ee       eeee   e
/data3fast/users/mbermudez/de_03/TFGDataset/img/train_t2_0571_2.png|eeeeee   e e ee  e   ee ee e eeeeee         ee   e     ee e ee    eeeee     e  e    e        e  eeeeeee  eee eee ee  e 
/data3fast/users/mbermudez/de_03/TFGDataset/img/train_t2_1456_2.png|eeeeeeee  eeee e e  e   e       e e  e eee  eee e eeeeeeeeee           eeee eeeee ee    eeeeeeeeee   e    eeee    eee  
/data3fast/users/mbermudez/de_03/TFGDataset/img/train_t2_0270_0.png|eeeeee     e    eee ee    eeeeeee  e    e  eeeeeeee   e  eeee    e   e        eeeee       e  eee  eee             eeeee
/data3fast/users/mbermudez/de_03/TFGDataset/img/train_t2_0800.png|eeeeeeee e   e   e          e    e          eeeeee  eeee  eeeee    e e  eeee   eeee ee     eeee    eeeeee       eee    
/data3fast/users/mbermudez/de_03/TFGDataset/img/train_t2_0946.png|eeeee eeeeee eee    ee e e       eee ee   e   e  e eeeee e    e  eeeeee   e     eeeee ee ee      eeee   eeeee  eeeeeeee
/data3fast/users/mbermudez/de_03/TFGDataset/img/train_t2_0788_0.png|eeeeee    e  eee ee e       ee e ee eee  eee      eeeeee  e  ee  eeeeeeeeee  eeeeeee   eeeee      eee eee  e e e       
/data3fast/users/mbermudez/de_03/TFGDataset/img/train_t2_0102_0.png|eeeeeeeeee   ee e   ee e      eee ee e eee        ee   e e           eeeee   eeeeee   eee  eee  e  eeee   eeeee e e   e
/data3fast/users/mbermudez/de_03/TFGDataset/img/train_t2_1153_0.png|eeeeeeeee  eee    ee e eee  eee e    eeeee ee eee   eeee     e  eee e        eeee eee   e   eee  eeee   e eeeeeeeeee   
/data3fast/users/mbermudez/de_03/TFGDataset/img/train_t2_1102_2.png|eeeeee ee   e       e e         e eee eeeeeee e e    e       e   ee     e e  ee     eeeeeeeee  e  eeee  e   ee  eee e  
/data3fast/users/mbermudez/de_03/TFGDataset/img/train_t2_1271_0.png|eeeeeeeeeee     eeee  e       eee eee       e  eeeeeeee   ee      eee e   eee e   e  e  ee           eeeeeeeeeee    e  
/data3fast/users/mbermudez/de_03/TFGDataset/img/train_t2_1220_0.png|eeeee     e e eee eeeeee e eeeeeeeee eeee  eeeeeee  ee    eeeeeeeeee e eeee  e   e eeeeeee  eee     eeeeeeeeeeeeeeee   
/data3fast/users/mbermudez/de_03/TFGDataset/img/train_t2_0610_0.png|eeeee ee eeeeeeee e eee       ee e eee  eeee   e     eee   ee e      ee     e   e ee e  ee ee  eeeeeeee e eeeeeee      
/data3fast/users/mbermudez/de_03/TFGDataset/img/train_t2_0601_2.png|eeeeee  e  e e eeeee ee  e   ee  e eeeeeeeee    ee   ee  e        ee eeeeeeee e   ee ee   eeeeeeee       e     ee      
/data3fast/users/mbermudez/de_03/TFGDataset/img/train_t2_0338_0.png|eeeeeeeeeeeee  e e eeeeeeeeee    eeeee e eeeee e e   e     ee e    eeeee  eeeeeeeeeeeee   e eeeeeee         e          
/data3fast/users/mbermudez/de_03/TFGDataset/img/train_t2_0291_2.png|eeeeeee   ee  e   eeeeeeeee e           e            e ee         eeee    eee eee  eeeeeee   eeeeeeeeeee e e   ee  e   
/data3fast/users/mbermudez/de_03/TFGDataset/img/train_t2_1143_0.png|eeeeeeeee  e eeeeee e    eeeeee eeeeeee    eeeee  eee  eeeeeeee eee eeee   e     eeeeeeeeee     e  ee ee     e eeeeeeee
/data3fast/users/mbermudez/de_03/TFGDataset/img/train_t2_0562_2.png|eeeee ee eeee    ee   e eeeeeeeeee eeeeee eeeeee   e       e  eeeeeeeeee      eee e eeeeeeee eeeeeeeeee   ee e ee    e 
/data3fast/users/mbermudez/de_03/TFGDataset/img/train_t2_0285_1.png|eeeeeee eeee eee  ee  e   eeee  eeee        eeeee  eeeee e e   e e   eeeeeeeeeeeeeeeeeeeeee e   e eee  e ee  eeee      
/data3fast/users/mbermudez/de_03/TFGDataset/img/train_t2_0276.png|eeeeeeeee   eeee eeeeeee eeeeee e       ee eeeee e eee    e ee     eeeeeee eee e eee eeeeeeeeeee    ee eeeee    e  eeee
/data3fast/users/mbermudez/de_03/TFGDataset/img/train_t2_0347_0.png|eeeeeee      e    e     eeee  ee         eeeeee eeee   ee     eeee      ee e        e eeeeee eeeee  ee   ee e        ee
/data3fast/users/mbermudez/de_03/TFGDataset/img/train_t2_1000_1.png|eeeee  e    e    e e       e  eeee   e  ee     eeee e           eeeeeeeeeeeeee eeee  eee e ee      eeeeeeee  eeee eeeee
/data3fast/users/mbermudez/de_03/TFGDataset/img/train_t2_1135_0.png|eeeee e       eeeeeeeeeee          eeeeeeeee  eeeeee  eeee eeeeeeee  eee e     eee  e  eeeeee eeeee             e e ee 
/data3fast/users/mbermudez/de_03/TFGDataset/img/train_t2_0171_0.png|eeeeeeeee eeeee  e  ee ee eeee      eeeeeeeeeeee   eee     e eeeee       eeeee            e e    e eee       e  eee e  
/data3fast/users/mbermudez/de_03/TFGDataset/img/train_t2_0108_2.png|eeee      eeeeee      e  eeeeee  ee  eee  e                 ee   e    eee       eeeeeeeeee        e eeeee   e      ee e
/data3fast/users/mbermudez/de_03/TFGDataset/img/train_t2_0694_0.png|eeeeee  e    e ee    eeee e  e ee eeee eee   eeeeeeeee  eeeeeeee e     eeeeeeeeeeeeeee                     eeeee eee   
/data3fast/users/mbermudez/de_03/TFGDataset/img/train_t2_0024.png|eeeeee  eeee ee      ee e eee     e    eeeeee  eeeeee  e eee   ee    e    eee eeeee eeee eeee eeeeeeeeeeeeeeeeeee  ee  
/data3fast/users/mbermudez/de_03/TFGDataset/img/train_t2_0571_0.png|eeeeeeee  e  e e  eee eee               eeee               eee     ee eeeeeeeee e            e e   e    ee eeee eee eee
/data3fast/users/mbermudez/de_03/TFGDataset/img/train_t2_1163.png|eeeeeee         eeeee  eeee eeeee e          e eeeee         eee eee e    e e  eeeee eeee     eee eeeeeeeeeee   ee e   
/data3fast/users/mbermudez/de_03/TFGDataset/img/train_t2_0425_1.png|eeeeeeeeee eeeeeee eeee       eeeeeeeeee eeeee      eee       e eee   ee    e  e ee  e ee  eeee eeeeeee    e ee    ee e
/data3fast/users/mbermudez/de_03/TFGDataset/img/train_t2_1369.png|eeeeeeeeeee   ee e   ee    e eeee       e       e  ee  eeeeee  eeeeeee   ee ee     eee    eee     ee  eeeeeeeeeeeee    
/data3fast/users/mbermudez/de_03/TFGDataset/img/train_t2_1469_2.png|eeeeeeeeee eeee e   eeeee    e e  eeeee   e eeee e  e   eeeeeee   e eeeeee    ee      eee   eee eeee     ee eee e      
/data3fast/users/mbermudez/de_03/TFGDataset/img/train_t2_1145_0.png|eeeeeee e     e  ee  eeeee ee  e   eeeeee e       e e    ee     eeeeeeeeee ee  ee   eee e   eeee   e ee             e e
/data3fast/users/mbermudez/de_03/TFGDataset/img/train_t2_1469.png|eeeeee e ee   eeeeeeeee  eee  eeeeeeee    eee  eeee     e ee  e     ee        ee   eee eeeee eee      e     e eeeeee   
/data3fast/users/mbermudez/de_03/TFGDataset/img/train_t2_1327.png|eeeeeeeeeeee ee  e  eeeeee  e   eee ee     eeeeeeeeee eeeeee     eeee   eeeeeeeee e eeeeeeeeee      e   e  ee  eeeeee  
/data3fast/users/mbermudez/de_03/TFGDataset/img/train_t2_0685_1.png|eeeee ee eeee eeeeeeee         e      e          eee eeee       ee    e       e    ee  eee  e    e  e  eee        eeee 
/data3fast/users/mbermudez/de_03/TFGDataset/img/train_t2_0777_1.png|eeeeeeeeeeeeeeee   ee ee eeee e ee   ee    e  eee   e  ee  ee         eeeeee  e    eeee eeeeeeeeee             e eeeeee
/data3fast/users/mbermudez/de_03/TFGDataset/img/train_t2_0136_1.png|eeeee  ee  eee eeee  e    ee  e         eeee    eee    eeee eeee        eee   e  ee        e e  ee e  e ee eee  ee  eee
/data3fast/users/mbermudez/de_03/TFGDataset/img/train_t2_1307_0.png|eeeeee ee                  eeeeee ee   e   eeeeeeeee   e ee ee    e       ee ee  e        e   ee     e    e  e eeee eee
/data3fast/users/mbermudez/de_03/TFGDataset/img/train_t2_0910_1.png|eeee ee  ee e        eeee   ee     e     eeeee ee  eee        e e  eee eeeeeeeeeeee     eeeeeeee    e e         e e    
/data3fast/users/mbermudez/de_03/TFGDataset/img/train_t2_0608_1.png|eeeeee    e     e   e  eeeee  e ee  ee e    ee          eeee eeee    e      e e   ee         e               eeee      
/data3fast/users/mbermudez/de_03/TFGDataset/img/train_t2_1242_1.png|eeeeee     eeeeeeeeeeeeee eee     eeee       eee eeee                    e ee  eeeee e    ee            eeeee eeee  e e
/data3fast/users/mbermudez/de_03/TFGDataset/img/train_t2_0195_0.png|eeeeee ee  eeee eee  e      eee       e     ee  eee      e        eeee ee  e       eeeee e   e      ee e      ee ee   e
/data3fast/users/mbermudez/de_03/TFGDataset/img/train_t2_1398_2.png|eeeeeeeeee   ee     e        e            e e             e ee      ee   ee e       e   e      eeeeeeee        e ee   e
/data3fast/users/mbermudez/de_03/TFGDataset/img/train_t2_0407_2.png|eeeeeeeeee eeeeee    eeee e  eeeeeeeeee  eeee   ee e   ee   eeeeee   eeee      eeeee  e ee eeeeeeeeeee   ee ee       e 
/data3fast/users/mbermudez/de_03/TFGDataset/img/train_t2_1315_0.png|eeeeeeee              e    e   eeee    e  eee    eeeeeee eee  ee eeeee   ee e  e   ee e       ee      eeee   eee ee e  
/data3fast/users/mbermudez/de_03/TFGDataset/img/train_t2_0238_0.png|eeeeeeee  eeee  eeee     e    ee         e     e         e     e  eeeeee  ee  ee         eee  e  ee       e   e   ee ee
/data3fast/users/mbermudez/de_03/TFGDataset/img/train_t2_0381_1.png|eeeeeee     ee e eeeeeeeee ee  e ee      e eee   e  eee    ee  e ee  eeee e       eeee eee eee ee ee  eeeeeee  e   eee 
/data3fast/users/mbermudez/de_03/TFGDataset/img/train_t2_0051_0.png|eeeeee e           ee ee e         eeee    ee ee    e   e  e eeee  ee e      e e eee      eeee        eee    eeee      
/data3fast/users/mbermudez/de_03/TFGDataset/img/train_t2_0302_0.png|eeeeeeee eee e     ee   e    ee eeeeeeeeeeeee            eeeeee      e    eee  e eeeeeeee eeeeee     eee    eeeeee   ee
/data3fast/users/mbermudez/de_03/TFGDataset/img/train_t2_1458_0.png|eeeeeeee ee eeeeee  e        ee    e ee    eee eee    eeeeeeeeeeeeeeeeeeeeee          e ee e  ee  eeee e     eeee     e
/data3fast/users/mbermudez/de_03/TFGDataset/img/train_t2_0222_1.png|eeeeeee ee eee e         e eee e eeeeeeeeee e e  eeeee     eee  eeeeeeee   ee e    e   eeeeee  e  eeeeee e e           
/data3fast/users/mbermudez/de_03/TFGDataset/img/train_t2_1431_2.png|eeeeeeeeeeee  eeeee   e          ee e ee e   eeeeee e e  eeeee  eeeeee     ee  e     eeeeeeee  e eeee e       eeee ee  
/data3fast/users/mbermudez/de_03/TFGDataset/img/train_t2_1013_2.png|eeeeeee e  e e   e    ee   eee eee eeee      eeeee eee        eeeeeee      e eeeee             e      e   eeee ee      
/data3fast/users/mbermudez/de_03/TFGDataset/img/train_t2_1070_2.png|eeee    e e     eee eeee       e     e  e ee   eeeee    eeeee             e  eee  e e  e eeeeeeeeee  ee ee       eeeeee
/data3fast/users/mbermudez/de_03/TFGDataset/img/train_t2_0103_0.png|eeeeeee e ee e eee    eeeeeee     e      e   e e      ee  ee    e  e   ee ee e        eeeeeeee      eeeeeee  e     eeee
/data3fast/users/mbermudez/de_03/TFGDataset/img/train_t2_1477_2.png|eeeeeee   e e e    ee      e e     eeee   e eeeee ee e ee    eeeee eeeeee  e e     e eeee eeeeeeee       e       eeeeee
/data3fast/users/mbermudez/de_03/TFGDataset/img/train_t2_0963_2.png|eeeeeeeeeeeeee     eee  e e ee eeeee eee e  eee         ee     eeee    eeeeee    e  e ee  e    e                   eeee
/data3fast/users/mbermudez/de_03/TFGDataset/img/train_t2_1463_0.png|eeeeeeeee  e    e e eeee  ee  eeeee e          eee     e  e   eeeeeee    eee  e   e eeeeeeeee  ee     eee     e  ee   e
/data3fast/users/mbermudez/de_03/TFGDataset/img/train_t2_0031_1.png|eeeeee            eeee                       e       e  eeeeee       eee e             eeee eeeee ee   ee    ee e  e   
/data3fast/users/mbermudez/de_03/TFGDataset/img/train_t2_1326_2.png|eeeeeeeeee      eee  e  e e eeee         eee    e  e   ee   eeee       e   e       eee e   e e  eeee  e e ee    e      
/data3fast/users/mbermudez/de_03/TFGDataset/img/train_t2_0446_2.png|eeeeeeee e            eeeee   eeeeee         eeee e    e eeee    ee              ee    eeeeeeee e            e eeeeee  
/data3fast/users/mbermudez/de_03/TFGDataset/img/train_t2_0752_1.png|eeeeeeee e   eeeeee     e    eeeeee          e  eeeeeee e               e    eeeeeee e e  e           eeeeee ee e      
/data3fast/users/mbermudez/de_03/TFGDataset/img/train_t2_0915_2.png|eeee                     eeeeeeeeeeeeeeeeee   eee  e                   e  e         ee   e e  eeeeeee                 e
/data3fast/users/mbermudez/de_03/TFGDataset/img/train_t2_0437_2.png|eeeeee  eee              e          e   e  eee  eeeee        e      ee              e e   e          ee    ee e    e e 
/data3fast/users/mbermudez/de_03/TFGDataset/img/train_t2_0655_0.png|eeeee   e   e             e              e      e ee     eee  eeeeeeee          ee     e          eeee   e e  e     eee
/data3fast/users/mbermudez/de_03/TFGDataset/img/train_t2_0809_1.png|eeeeeeee          e e    ee  ee   e         e       ee  e              e              eeee e  ee  e eee e   e  e   e ee
/data3fast/users/mbermudez/de_03/TFGDataset/img/train_t2_1469_1.png|eeeeee   eee   e          e e           e     ee  ee         eeeeee        e e      e             eeeee e     ee  e    
/data3fast/users/mbermudez/de_03/TFGDataset/img/train_t2_1390_1.png|eeeeeeeee        eeeeee      ee       e e  eee e       eee eeeee  e eeee  eee             e  eee      e                
/data3fast/users/mbermudez/de_03/TFGDataset/img/train_t2_0971_2.png|eeeeeeeeeee e e ee eeee  e         eeee eeee     e         e    e e  e eeeeee  eee  e  e  e e eeee  eee        e      e
/data3fast/users/mbermudez/de_03/TFGDataset/img/train_t2_1389.png|deee ee   eee   e    e            ee           eee eee     e      ee eeee   eeeeeeeeeeee     ee  ee   e e   eeee eeee  
/data3fast/users/mbermudez/de_03/TFGDataset/img/train_t2_0831_2.png|eeeee e eeee e          e  ee   e       e eee e       e       e    eeeee                    e           e  ee         e
/data3fast/users/mbermudez/de_03/TFGDataset/img/train_t2_0178_0.png|eeee              eeeee ee                   e   ee        e    e     ee      eeee e            ee     eeeee  e  ee eee
/data3fast/users/mbermudez/de_03/TFGDataset/img/train_t2_0618_2.png|eeeee                      eeee           e   eeeee ee    eeee  eee    e   e  eeeeee  eeeeeeeee   ee         ee   e  ee
/data3fast/users/mbermudez/de_03/TFGDataset/img/train_t2_0232_2.png|eeeeeeee  ee       e  e                e    e  eeeeee  e   eee ee     ee  ee    eee eee      eeee       e  eeeeee   e  
/data3fast/users/mbermudez/de_03/TFGDataset/img/train_t2_0722_2.png|eeeeeeeeee  e ee  e   eee  eee        e     e                 ee e         e e        eee       e  e   e e    eee      
/data3fast/users/mbermudez/de_03/TFGDataset/img/train_t2_0507_0.png|eeeeeeee   e                     e  e eee                     e  e     ee        ee              e          e          
/data3fast/users/mbermudez/de_03/TFGDataset/img/train_t2_0940_1.png|eeeee      eeeeeeee   e  e       eeeeeee      eeeee eee          e ee                  e e     ee       e ee   e ee    
/data3fast/users/mbermudez/de_03/TFGDataset/img/train_t2_1443_0.png|eeeeeeee       eeeee ee             ee      e                     eeeeeeee  e e  eeeeee       eeeeeeeee e ee e    e   e
/data3fast/users/mbermudez/de_03/TFGDataset/img/train_t2_0975_0.png|eeeee        e  e eeee           e e  ee    e    e   eee e      e    eeeee ee      eeeeeeee    e               e eeeee 
/data3fast/users/mbermudez/de_03/TFGDataset/img/train_t2_0898_0.png|eeee                     e                    e   ee  e e   eee      e   eee ee       eeee  e     e     e      eeeeee  
/data3fast/users/mbermudez/de_03/TFGDataset/img/train_t2_1020_2.png|eee    ee          e                       ee ee  e         e          ee  eeeee e   ee        e ee e eeeeee   eeeeeee 
/data3fast/users/mbermudez/de_03/TFGDataset/img/train_t2_0858_1.png|eeeeeeeeeee        e e       eee  eee         ee eeeee           e                   eee         e             e   ee  
/data3fast/users/mbermudez/de_03/TFGDataset/img/train_t2_1334_2.png|eeeeeee           e         ee e      ee            e              ee              eeeeeee  ee    e       e ee     e   
/data3fast/users/mbermudez/de_03/TFGDataset/img/train_t2_1346_1.png|eeee        eeeeee  eee       eeee          eeee      ee     ee              e eee            e  e  ee    ee    ee     
/data3fast/users/mbermudez/de_03/TFGDataset/img/train_t2_1090_0.png|eeee ee         ee                            ee           e              e e    ee  e    eeee                        e
/data3fast/users/mbermudez/de_03/TFGDataset/img/train_t2_0892_2.png|eeeeee        e  e   e      eeeee eeeeeeeee  e     e e   e           e    eeeeeee e  e    e   e     e ee ee e          
/data3fast/users/mbermudez/de_03/TFGDataset/img/train_t2_1364_0.png|eeeeeeee                          e eee        eee  e     e       eeee e       eee  e ee   e       e      e     eee    
/data3fast/users/mbermudez/de_03/TFGDataset/img/train_t2_0807_1.png|eeeeeeeeeee ee e          e     e      e   e       e          eeee        e                           e     e         e
/data3fast/users/mbermudez/de_03/TFGDataset/img/train_t2_0246_1.png|eeee  e            e      e    eeee  eeee                            e       eee    ee   ee e eee e    eeeeeee e  eee  
/data3fast/users/mbermudez/de_03/TFGDataset/img/train_t2_0002_1.png|eeeeee       ee   eeee                    e   e          eee            eee       eee  ee ee e  e e          eeee      
/data3fast/users/mbermudez/de_03/TFGDataset/img/train_t2_1216_0.png|eeeeee e ee              e                               ee       e    e                   e             e   eeeeee  e 
/data3fast/users/mbermudez/de_03/TFGDataset/img/train_t2_1159_0.png|eeeee          e     eee        eeeee eeeee   e                                   e        e ee      ee                
/data3fast/users/mbermudez/de_03/TFGDataset/img/train_t2_0622_1.png|eeeeeee                  e   e            e  e e              e                    ee   e      eeeee e            e    
/data3fast/users/mbermudez/de_03/TFGDataset/img/train_t2_1105_0.png|eeeeeee     e e ee      e     e e e       eeeee   eee          eee          e  e                   ee     e            
/data3fast/users/mbermudez/de_03/TFGDataset/img/train_t2_0715_2.png|eeeeeeee      e e  e    eeeeee   eee  e e                  e eee    e            ee       e  eeee e                    
/data3fast/users/mbermudez/de_03/TFGDataset/img/train_t2_1268_0.png|eeeeeeeee                 e     e                     e        e          ee   eee       eee          eee    e    e e  
/data3fast/users/mbermudez/de_03/TFGDataset/img/train_t2_1080.png|eeeee eee   e  ee   e eee e    e  e              e ee    e          e e  e          e       eeeeee  e                  
/data3fast/users/mbermudez/de_03/TFGDataset/img/train_t2_0342_0.png|eeeeeee               e   e e                          e             e eee e  ee e      eee e     eeeee                
/data3fast/users/mbermudez/de_03/TFGDataset/img/train_t2_0641_0.png|eeeee      e          ee          e                          e   eee            e           e e e e   e  e  ee ee      
/data3fast/users/mbermudez/de_03/TFGDataset/img/train_t2_1022_2.png|eeee  e e e e       e              eee eee       e e                                  eeee      e            e         
/data3fast/users/mbermudez/de_03/TFGDataset/img/train_t2_0571.png|eeeeee          ee           e    e             ee                          eeeee eeeee         eee  e  e           ee 
/data3fast/users/mbermudez/de_03/TFGDataset/img/train_t2_0643_0.png|eeeeee         e    e   e  ee e             e  ee e        ee e   e e e                e  ee  e              e         
/data3fast/users/mbermudez/de_03/TFGDataset/img/train_t2_0257_0.png|eeeeeeee e                         e   ee      ee           ee               ee     e     eeee           eee ee     e  
/data3fast/users/mbermudez/de_03/TFGDataset/img/train_t2_0537.png|eeeeeeee       eee  ee         e eee      e             e e     e e               ee            e    ee              e 
/data3fast/users/mbermudez/de_03/TFGDataset/img/train_t2_1167_2.png|eeeeeee      eee     e        e           e  eee     ee    ee       e  e        ee e     ee e            ee        ee e
/data3fast/users/mbermudez/de_03/TFGDataset/img/train_t2_0737_0.png|eeeeee    ee   e e ee  e   e            eee e  ee             e eeeeeee e  e                           e   e  eee      
/data3fast/users/mbermudez/de_03/TFGDataset/img/train_t2_0566_2.png|eeeeeee ee e       eee               eee           e            ee  ee         e       e      e     e e       e  e     
/data3fast/users/mbermudez/de_03/TFGDataset/img/train_t2_1233.png|eeeeee            e  e     e         eeee e                ee    ee e        e eee e         ee ee         e e      e  
/data3fast/users/mbermudez/de_03/TFGDataset/img/train_t2_1168_0.png|eeeee               e      e eee   eee   e                e     e           e             ee  e             e e        
/data3fast/users/mbermudez/de_03/TFGDataset/img/train_t2_1369_0.png|eeeee     e  e e            ee e  e   e  e e                    ee   e                    ee  e             eeee  e    
/data3fast/users/mbermudez/de_03/TFGDataset/img/train_t2_0503_1.png|eeeeeeeeee eee e e  ee   ee e  e    ee       e eee  e      ee  e           ee            eee eee  e       eeee         
/data3fast/users/mbermudez/de_03/TFGDataset/img/train_t2_0494.png|eeeee       e eeee        ee e ee     e     e    eeee                e               eee        e             e        
/data3fast/users/mbermudez/de_03/TFGDataset/img/train_t2_1200.png|ee        eee e   eee    ee      ee     e           e     eee       eee            e        e             eee e        
/data3fast/users/mbermudez/de_03/TFGDataset/img/train_t2_1312_0.png|eeeee            ee   e                  e  e  e  ee e ee ee ee    e      e          eee                eee  e eee     
/data3fast/users/mbermudez/de_03/TFGDataset/img/train_t2_0843_1.png|eeee e e                ee     e    eee       e       eee e                       e       eee        e   e   e  ee     
/data3fast/users/mbermudez/de_03/TFGDataset/img/train_t2_0786_2.png|eeeeeeeee           ee e    ee     eee          e            ee  e     ee  e e  e      e                 ee    e eee   
/data3fast/users/mbermudez/de_03/TFGDataset/img/train_t2_0457_2.png|eeeeeee    e  eeeeee     ee    e e             e    e           e   e  eee       ee e  e      eee    ee                
/data3fast/users/mbermudez/de_03/TFGDataset/img/train_t2_1334.png|eeeeee  ee                             e  e e e            e                eeee  e          eee                  e    
/data3fast/users/mbermudez/de_03/TFGDataset/img/train_t2_1377.png|eeeeeeeee        e   e eee       e        e    ee   e e e        ee   e  e  e     ee                                   
/data3fast/users/mbermudez/de_03/TFGDataset/img/train_t2_1194_0.png|eeeee     e     e     e           eee         ee eee            e    ee                  eee   e    e              e  e
/data3fast/users/mbermudez/de_03/TFGDataset/img/train_t2_1209_0.png|eeee                         eeeee      e        eee  e      e e e        e e   e    e       e                    e    
/data3fast/users/mbermudez/de_03/TFGDataset/img/train_t2_0958_2.png|eeeee ee e  eeee eeeee               e   eee      e            eeee  eee ee  ee                               e        
/data3fast/users/mbermudez/de_03/TFGDataset/img/train_t2_1337_1.png|eeeeeeee   e         e  e     eeeeee e    eee ee        e             e    eee        ee             ee        e     ee
/data3fast/users/mbermudez/de_03/TFGDataset/img/train_t2_0971_1.png|eeeeee     ee e  ee        e               e   e            eee e eee e             ee               e ee ee         ee
/data3fast/users/mbermudez/de_03/TFGDataset/img/train_t2_1275.png|eeeeee        e e        e  e                    e                   eeee    ee        e    e    e ee              e   
/data3fast/users/mbermudez/de_03/TFGDataset/img/train_t2_0498_0.png|eeeee            eee                                                            eeeeee                              e e
/data3fast/users/mbermudez/de_03/TFGDataset/img/train_t2_0027_0.png|eeeee ee        e                          eee                    e                       e              e    e       e
/data3fast/users/mbermudez/de_03/TFGDataset/img/train_t2_0930_2.png|eeeeeeee  eeeeee ee e     e ee         e                  e     e      e    e     e            ee e eeeee  e     e e e 
/data3fast/users/mbermudez/de_03/TFGDataset/img/train_t2_0268_1.png|eeeeeee eeee  ee          eeee       ee         e ee   eee  e      e     ee                     e                      
/data3fast/users/mbermudez/de_03/TFGDataset/img/train_t2_0434_1.png|eeee     e   ee                                            eeee      e                             e            e    e 
/data3fast/users/mbermudez/de_03/TFGDataset/img/train_t2_0845_2.png|eeeee   e eee    ee                                ee      eeeee   e  e              ee     e            ee    e eeee  
/data3fast/users/mbermudez/de_03/TFGDataset/img/train_t2_1009.png|eeeee              eeeeeee      ee ee      eeee                 e  e           ee   e                  ee e e      e   
/data3fast/users/mbermudez/de_03/TFGDataset/img/train_t2_0456_2.png|eeee ee  e      ee    e      e                   e              e  eeeeeee                     e    ee e      e        
/data3fast/users/mbermudez/de_03/TFGDataset/img/train_t2_0247_0.png|eeeeee         ee            eeeee    ee  e        e    ee          eee           ee ee   e                   e        
/data3fast/users/mbermudez/de_03/TFGDataset/img/train_t2_0012.png|eeee                              e ee    eee e           ee  eeeee e ee e  e eee                e                     
/data3fast/users/mbermudez/de_03/TFGDataset/img/train_t2_0496_2.png|eeee   ee            ee        eeee  eee       ee             e                               e                        
/data3fast/users/mbermudez/de_03/TFGDataset/img/train_t2_0225_2.png|eeeee e   e  ee     eee     ee      ee   ee                 e  eee           eee        e      eeeee           e       
/data3fast/users/mbermudez/de_03/TFGDataset/img/train_t2_0787.png|eeeee eeee  ee        ee  e      e eeee  ee     e         e  e           e e   e ee  ee        e ee e e e       ee  eee
/data3fast/users/mbermudez/de_03/TFGDataset/img/train_t2_1345_1.png|deeeee    e        eeee            e        e              e e            eee ee                e e                   e
/data3fast/users/mbermudez/de_03/TFGDataset/img/train_t2_1174_1.png|eeeee           ee     ee   eee       ee     ee           e  e                    eee  e                     e       e 
/data3fast/users/mbermudez/de_03/TFGDataset/img/train_t2_0592_0.png|eeee     e       e ee         ee    e      ee  e   e   eeee      ee e    ee     ee          eeee       eeeee          e
/data3fast/users/mbermudez/de_03/TFGDataset/img/train_t2_0438_2.png|eeee      e  e    ee         e            e eeeee        ee          e  ee   eee     ee   e     e   ee e          ee   
/data3fast/users/mbermudez/de_03/TFGDataset/img/train_t2_0122_1.png|eeeeee e                e eee  e   e      e    e     e  ee       e ee             e       e                  e        e
/data3fast/users/mbermudez/de_03/TFGDataset/img/train_t2_0448_1.png|eeeee     ee  ee            e         eeeee e        e e       ee                      e ee  e                 e       
/data3fast/users/mbermudez/de_03/TFGDataset/img/train_t2_0366_2.png|eeeeee eee            e  e        e                          e                   e         e   ee e    e               
/data3fast/users/mbermudez/de_03/TFGDataset/img/train_t2_1328_2.png|eeee      ee                       e   e   ee e   e      e        ee                  e   e     e             ee ee    
/data3fast/users/mbermudez/de_03/TFGDataset/img/train_t2_0061_1.png|eeeeeee      e e              e  e e   ee             e eee  eee    ee     ee e  e    ee         e ee                  
/data3fast/users/mbermudez/de_03/TFGDataset/img/train_t2_0401_1.png|eeeee      ee   e           e    e eee      ee                  ee                  ee  e               eeee  ee       
/data3fast/users/mbermudez/de_03/TFGDataset/img/train_t2_1094_0.png|eeeee                      ee             e             ee   e     e        eee  ee                    ee       ee     
/data3fast/users/mbermudez/de_03/TFGDataset/img/train_t2_1208_0.png|eeeee          e    ee          e  e           ee                                  e           ee        eee ee      ee
/data3fast/users/mbermudez/de_03/TFGDataset/img/train_t2_0702_0.png|eeeee  e                ee  ee       ee       e           e   e             ee                e    e ee  e      ee     
/data3fast/users/mbermudez/de_03/TFGDataset/img/train_t2_0564_0.png|eeeee e                    e            e e      ee   e ee e    eee       e   e   eee   e        e            e    ee  
/data3fast/users/mbermudez/de_03/TFGDataset/img/train_t2_1342_0.png|deeee                eee                  e  ee   ee        ee    e           e             e   e e          ee        
/data3fast/users/mbermudez/de_03/TFGDataset/img/train_t2_1351.png|eeeeee           ee ee    eee     e eee          e                e  e       eeeee e                e e     e          
/data3fast/users/mbermudez/de_03/TFGDataset/img/train_t2_0968.png|eeee  e             eeee                 e     ee      e eee   e     e       ee      e       e   eeee     e  eee eeee  
/data3fast/users/mbermudez/de_03/TFGDataset/img/train_t2_1053_2.png|eeeeeeee     e        ee                   e  e     e        eeeee  e                                   ee    e  e     
/data3fast/users/mbermudez/de_03/TFGDataset/img/train_t2_1015.png|eeeeeee    e    e           e              eee        e       eeee           eee   eeee  ee         eeee  e  e      e e
/data3fast/users/mbermudez/de_03/TFGDataset/img/train_t2_0017.png|eeeeeee ee eeeee                         e e e    ee  eeee                         e    e e e     e  e                 
/data3fast/users/mbermudez/de_03/TFGDataset/img/train_t2_0185_0.png|eeeeee   ee   e eee   eee                    e           ee        e  e e  ee ee e      e eeeee                        
/data3fast/users/mbermudez/de_03/TFGDataset/img/train_t2_0042_1.png|eeee           e     e      ee     eee   eeeee e  e        e                ee    e  e e  e e          e   eee   e     
/data3fast/users/mbermudez/de_03/TFGDataset/img/train_t2_0443_1.png|eee                             e     e                     eee  e         ee     e        e   e eeeeeee        e      
/data3fast/users/mbermudez/de_03/TFGDataset/img/train_t2_0843_0.png|eeee    e  ee ee      e        e    e                                 e   e   e   eee  e                e            ee
/data3fast/users/mbermudez/de_03/TFGDataset/img/train_t2_1087_1.png|eeee e  e  e                   e   ee     e    e               eeeee ee                            e ee            eee 
/data3fast/users/mbermudez/de_03/TFGDataset/img/train_t2_1159_1.png|eeeeee e            e     eeeee ee        e     e       eeee e   eee     e                   ee           e     eee  e 
/data3fast/users/mbermudez/de_03/TFGDataset/img/train_t2_0699.png|eeeeeeee       e  e    e e e        e  e  eee                              e                  e     e     eee      eeee
/data3fast/users/mbermudez/de_03/TFGDataset/img/train_t2_0079.png|eeeee  e e ee    e       ee    eee e            e                     e   e                                  eeee      
/data3fast/users/mbermudez/de_03/TFGDataset/img/train_t2_0747.png|eeee    e    e e                     e               eee        eeeee    ee    e ee eeee        eee     eee   e  e     
/data3fast/users/mbermudez/de_03/TFGDataset/img/train_t2_0314.png|eeeeeee  e    ee            e e     e       e       e        e       e          e e                e     ee    e   e   
/data3fast/users/mbermudez/de_03/TFGDataset/img/train_t2_1017_0.png|eeeeeee  e e ee         e      e e e e   e          ee  e e                    e   ee e e  e   e  e ee     e    e ee   
/data3fast/users/mbermudez/de_03/TFGDataset/img/train_t2_0569_0.png|eeee                      ee  e         e  eeee e                         e   e       e           eee    e             
/data3fast/users/mbermudez/de_03/TFGDataset/img/train_t2_0826_1.png|eeee eeeee           eee          e  e ee              eee e    e           e    ee                  e  eee            
/data3fast/users/mbermudez/de_03/TFGDataset/img/train_t2_0973_2.png|eeeee                      e  e e   eee   ee e                   e                            e                     eee
/data3fast/users/mbermudez/de_03/TFGDataset/img/train_t2_1354_2.png|eeeeeee             e e e               e             e                             e ee             e  eee        eeee
/data3fast/users/mbermudez/de_03/TFGDataset/img/train_t2_1406_2.png|eeeeeeeeee       ee        ee e    e            e               eeeeee ee     e           e    eee  e      eeee        
/data3fast/users/mbermudez/de_03/TFGDataset/img/train_t2_1147_2.png|eeeee         ee     e           e             ee         e                eeeee                 ee   e e              
/data3fast/users/mbermudez/de_03/TFGDataset/img/train_t2_0283_1.png|deeee          ee e     e       eee e                                   eee         e    e            e               e
/data3fast/users/mbermudez/de_03/TFGDataset/img/train_t2_1378_2.png|eee              e  e          e ee              ee       e          e   eee                    e     ee               
/data3fast/users/mbermudez/de_03/TFGDataset/img/train_t2_1125_0.png|eeeeee e  e  e  e e eee                          e           eeee            e e   e      e eeee  e  e                 
/data3fast/users/mbermudez/de_03/TFGDataset/img/train_t2_0256_1.png|eeeeee  e ee  e e           eeeee e  e              e  e          ee               e             e     e  e        ee  
/data3fast/users/mbermudez/de_03/TFGDataset/img/train_t2_0311.png|eeeee              eee           e            e      eee eee e          e                   eee   ee     e   e         
/data3fast/users/mbermudez/de_03/TFGDataset/img/train_t2_1390_2.png|eeee  e         e              e         ee   eee               e                                      e eee        e  
/data3fast/users/mbermudez/de_03/TFGDataset/img/train_t2_0237_0.png|eeeeee                 e               e        e     ee                       e     e                          e      
/data3fast/users/mbermudez/de_03/TFGDataset/img/train_t2_1313_1.png|eeeeeeee          e   eee   ee    e    e e          e  eee          ee    e           ee       eeeee                   
/data3fast/users/mbermudez/de_03/TFGDataset/img/train_t2_0066_1.png|eeee e eee e                e          ee eee       ee  ee                        e          e   e           e        e
/data3fast/users/mbermudez/de_03/TFGDataset/img/train_t2_1389_2.png|eeeee ee         e       ee      eee ee       ee e ee  ee     e         e  e     e          ee                         
/data3fast/users/mbermudez/de_03/TFGDataset/img/train_t2_1078_2.png|eeeee  ee   ee        e              eeee          e     ee    e     e e                e                  e           
/data3fast/users/mbermudez/de_03/TFGDataset/img/train_t2_0288.png|eeeeee                 eee             e eeee            ee eeee ee       e       e           ee ee ee             ee e
/data3fast/users/mbermudez/de_03/TFGDataset/img/train_t2_1312_1.png|eeeeee  e   ee     ee e                        e e  e      e ee     ee e   eee  eee      ee        e            e    e 
/data3fast/users/mbermudez/de_03/TFGDataset/img/train_t2_1422_1.png|deeeeee e     e e       e    e eee        eee e                e  ee                  eeee  eee    e         ee        
/data3fast/users/mbermudez/de_03/TFGDataset/img/train_t2_0580.png|eeeee         eeeeee e  eeee eee eeeeee   ee   eee       e       e                 e             e           e   e     
/data3fast/users/mbermudez/de_03/TFGDataset/img/train_t2_0894.png|eeeeee     ee   e                    e   e     eee             e   ee         ee   eeeee e     ee     ee    eee   ee   
/data3fast/users/mbermudez/de_03/TFGDataset/img/train_t2_1061.png|eeeeeee                                         e             e ee          e                                          
/data3fast/users/mbermudez/de_03/TFGDataset/img/train_t2_0838_2.png|eeeeee              e                        ee           ee      e               ee   e                            e e
/data3fast/users/mbermudez/de_03/TFGDataset/img/train_t2_1405.png|eeeee e  eee  e e  eeeeeee  ee      e eeeee ee e           e         e        eee  e e                           ee    
/data3fast/users/mbermudez/de_03/TFGDataset/img/train_t2_1057.png|eeeeeeeee          e     e   e          ee                                       eee        e                     e    
/data3fast/users/mbermudez/de_03/TFGDataset/img/train_t2_1169_1.png|eeeeee          ee    e     e e          e         e          e          ee          e         eeee               ee  e
/data3fast/users/mbermudez/de_03/TFGDataset/img/train_t2_0314_1.png|eeeee  e         eeeee  ee ee        e ee                 ee  e                eee ee          eee e                ee 
/data3fast/users/mbermudez/de_03/TFGDataset/img/train_t2_1470.png|eee               ee      e             e          ee e            e          eee  ee           e       ee             
/data3fast/users/mbermudez/de_03/TFGDataset/img/train_t2_1107_1.png|eeee eee                eeeee     e e ee    e   eeee         e   e e           ee     e                       e   ee   
/data3fast/users/mbermudez/de_03/TFGDataset/img/train_t2_0107.png|eeeeee   e e             e    eee            ee     eee     e e              eeeee    ee      e ee ee  ee          ee  
/data3fast/users/mbermudez/de_03/TFGDataset/img/train_t2_1264_1.png|eee                      e  ee                            e              e         ee    ee   e      e      e          
/data3fast/users/mbermudez/de_03/TFGDataset/img/train_t2_1311_0.png|eeee                       ee        ee              e     eeee      ee    e                    e  e eeee     e e      
/data3fast/users/mbermudez/de_03/TFGDataset/img/train_t2_0157_1.png|eeeeeeee         e       e   ee           ee eeee e    e   e                 e         e      e  ee     eeeee          
/data3fast/users/mbermudez/de_03/TFGDataset/img/train_t2_0888_1.png|eeeeeee      ee               e      e     eee     e                    ee            e           e        eeeeee      
/data3fast/users/mbermudez/de_03/TFGDataset/img/train_t2_1054.png|eeeeeee                         eee            e       e      e             ee   e           ee            ee e        
/data3fast/users/mbermudez/de_03/TFGDataset/img/train_t2_1493_2.png|eeee   eeee  e e  e                  e           eee   e e e e e    ee   e             eeeee  eee   e e eeeeeeee e     
/data3fast/users/mbermudez/de_03/TFGDataset/img/train_t2_1487_2.png|eeeeee            ee e e  e e                          e e     eeeee                 e    e              e ee          
/data3fast/users/mbermudez/de_03/TFGDataset/img/train_t2_0258.png|eeeee             eee          eeee      eeeeeeee   e      e      eeee e         e  e            eeee      e eee  ee   
/data3fast/users/mbermudez/de_03/TFGDataset/img/train_t2_1482_1.png|eeeee   e    ee  e        e            e          ee  eeeee              e       ee     e  e   e           eeeeee ee   
/data3fast/users/mbermudez/de_03/TFGDataset/img/train_t2_0250_1.png|eeeeeee ee ee    e      eee   e           e     e        ee  e  e  eee e  eeeee   e     e                e e   ee      
/data3fast/users/mbermudez/de_03/TFGDataset/img/train_t2_1317_2.png|eeee         e e              e             e      ee                        eeee     e      e   ee                e e 
/data3fast/users/mbermudez/de_03/TFGDataset/img/train_t2_0579.png|deeee      ee ee  e  e            e e       ee              e                              ee     e                    
/data3fast/users/mbermudez/de_03/TFGDataset/img/train_t2_0187.png|eeee          e           e  ee   e   e    ee     e          eeee              e ee       e eeee   e    ee  ee       e 
/data3fast/users/mbermudez/de_03/TFGDataset/img/train_t2_0799.png|eeee      ee  e   ee e            e e     ee  eee     e      ee       ee   ee         e  e              e     e        
/data3fast/users/mbermudez/de_03/TFGDataset/img/train_t2_0632_1.png|eeeeeee  eeeee e   e ee    e e   e  e e eeeee         e    e    ee       ee                 eee               ee  e    
/data3fast/users/mbermudez/de_03/TFGDataset/img/train_t2_0423_2.png|eeeeee  ee eeeee      ee      e     eeee                  ee  ee  e    ee     ee       eee  eee  eee   e eee ee     e e
/data3fast/users/mbermudez/de_03/TFGDataset/img/train_t2_1224.png|eeeeeeeeeeee          ee      e  e ee       e      eee   eeee             e   e               eeeeeee e      e         
/data3fast/users/mbermudez/de_03/TFGDataset/img/train_t2_0138_0.png|eeeeeee   e    eee e    e      e     ee       e       e e                    e       e     e   ee          eee     e   
/data3fast/users/mbermudez/de_03/TFGDataset/img/train_t2_1043.png|eeeeeee          e    e   eee   e   ee   e   e e  ee e  e  e   e   e e     e   e                  ee eee  e  ee        
/data3fast/users/mbermudez/de_03/TFGDataset/img/train_t2_0978_0.png|eeeeeeeeee     e                ee       ee eeeeee        e  e   e      e  e                            eeeee  e e ee e
/data3fast/users/mbermudez/de_03/TFGDataset/img/train_t2_0667_0.png|eeeeeee  e    e        e ee eeeeee            e  eee  eee  ee  ee       eeeee   eee                  e e ee      e     
/data3fast/users/mbermudez/de_03/TFGDataset/img/train_t2_1269_2.png|eeeeee e      eeeeee                                ee       ee          e   ee    eeeee      eee       eee ee  e    e 
/data3fast/users/mbermudez/de_03/TFGDataset/img/train_t2_0458.png|eeeee  ee e    eee e   e           eeee e           e ee e ee e          e ee    ee  e                           e  ee 
/data3fast/users/mbermudez/de_03/TFGDataset/img/train_t2_0335_1.png|eeeee     ee   e    ee     ee  ee     e  e e   e             e      e eeee     e    e ee       e    eee eee            
/data3fast/users/mbermudez/de_03/TFGDataset/img/train_t2_1155.png|eeee         e       e   ee e                        e     e eeee eeee  eeeeeee ee       e         e     e          e  
/data3fast/users/mbermudez/de_03/TFGDataset/img/train_t2_0967_2.png|eeeeee   eee     e             ee ee e            e e  e  eee   eeee                e    e e         e     e ee e e  e 
/data3fast/users/mbermudez/de_03/TFGDataset/img/train_t2_0181_0.png|eeeeeeeee eeeeeeeee ee  eeeeeeee  ee eee      ee        e        eeeeeee    e ee eeee   e       e  e  ee          e eee
/data3fast/users/mbermudez/de_03/TFGDataset/img/train_t2_0752_0.png|eeeee eeee   eeee eeee   eeeee eee    eeeee             eee eeee          ee     ee   eee                              
/data3fast/users/mbermudez/de_03/TFGDataset/img/train_t2_1266_0.png|eeeeeee e    e   e      e ee         e   ee          ee         eeeeeeee  ee ee   e e        e    e      e    eee ee  e
/data3fast/users/mbermudez/de_03/TFGDataset/img/train_t2_0962_1.png|eeee      ee e  e         e       e          eee e        e   e e    e e  e eee    eee       e ee eee   e e          e 
/data3fast/users/mbermudez/de_03/TFGDataset/img/train_t2_1252_1.png|eeeeeeeee    eeeeee      ee  eeee eee   e         e      eee eeeeeee       e e    ee   eee        ee          eee      
/data3fast/users/mbermudez/de_03/TFGDataset/img/train_t2_0637_2.png|eeeeeeeeee     e e eeee      e   eee  e ee e  eeeee  ee      eeee  e       eeeeee eee    e            eee     ee eeeee 
/data3fast/users/mbermudez/de_03/TFGDataset/img/train_t2_1274_0.png|eeeeeee  e      ee e   eeeeee   e eeee    ee       ee   eee     eeeee          eeee e   ee e          e          eeee  
/data3fast/users/mbermudez/de_03/TFGDataset/img/train_t2_0717_0.png|eeeeee e    ee    eee  e        e e      e      e   eeeeeee  eee e             e   e         e    e  eeeeeee     e     
/data3fast/users/mbermudez/de_03/TFGDataset/img/train_t2_0856_0.png|eeeee  e e ee       e e    e   ee    ee                e ee e e   ee e   e e   eeee e  e ee    eeeeeee    eeeeee  e   e
/data3fast/users/mbermudez/de_03/TFGDataset/img/train_t2_0440_2.png|eeeeeee        eeeeeee    ee e           eeeeeee    eee e    e ee          e    e  e e  eeee         e ee      e ee eee
/data3fast/users/mbermudez/de_03/TFGDataset/img/train_t2_1398_1.png|eeeeee     e e ee      eeeee      e     e eeeeeeee e         e                 e                      ee eeee         e
/data3fast/users/mbermudez/de_03/TFGDataset/img/train_t2_0768_2.png|eeee e  e     eee    eee     eee eeeee  eee      eee             e   eee   eeee         ee e    eeee      e  e e     ee
/data3fast/users/mbermudez/de_03/TFGDataset/img/train_t2_1371_0.png|eeeeee  eee eee ee e          e           eeeeee e e   e         eeee    eeeeee    eee  e  e e   e  eee eeee eeeeee  e 
/data3fast/users/mbermudez/de_03/TFGDataset/img/train_t2_0613_2.png|eeeeeeee    ee    eeeee eee      eeeeeeeeeee e eeeeeeeeee    eee  eeeeeeeeeeeeeee ee      e   e                eeee    
/data3fast/users/mbermudez/de_03/TFGDataset/img/train_t2_0126_1.png|eeeeeeeee    e        ee    e ee  e eeee           e   e   eee    ee eeee eee   eeee   e    eeeeee ee   e ee eeeeeeeeee
/data3fast/users/mbermudez/de_03/TFGDataset/img/train_t2_0922_1.png|eeeee   eee e    e e e      eeeee  ee e eeee      e   e        eeeeee eee     eeeee  eeee       e  e  eeeeeeeeeeeee   e
/data3fast/users/mbermudez/de_03/TFGDataset/img/train_t2_1293_0.png|deeee e       ee     eeee e    e e eeeeeeeeee eeeeee ee            e ee  eeeeeeee  ee ee e   eee      e      e e eeee e
/data3fast/users/mbermudez/de_03/TFGDataset/img/train_t2_1222.png|eeeeeeeeee ee e      eee  e      ee      e   e     e ee e  e       eee    e    e eee   e eee  eeeee ee ee  e ee e  eee 
/data3fast/users/mbermudez/de_03/TFGDataset/img/train_t2_0080_2.png|eeee    eee eeeeeeeeeee eee   eeee ee            e  eeee eee      e e   e                        e e       eeee  ee    
/data3fast/users/mbermudez/de_03/TFGDataset/img/train_t2_0120_0.png|eeeeeeee eeeee    ee ee          eeeeee  e  e  e      eeeee eee        eeeeeee     ee      e         eeeeeee           
/data3fast/users/mbermudez/de_03/TFGDataset/img/train_t2_0868_2.png|eeeee       eeeee eeeeeeeeee       e    e   e eeeee   ee e  ee            eeeee      eee ee  e  eeeeeeeeeeee       e   
/data3fast/users/mbermudez/de_03/TFGDataset/img/train_t2_1274_1.png|eeeeeeeeeee   ee   eee e         eee    eeee eeeeee            e     ee     e e ee   e      eeeee  ee e  ee     ee eee 
/data3fast/users/mbermudez/de_03/TFGDataset/img/train_t2_0019_2.png|eeeeee e       eeeeeeee   e         eeeeee e     e     ee ee   eeee    e  e  eeee eeeee          ee      e       eeee  
/data3fast/users/mbermudez/de_03/TFGDataset/img/train_t2_1387_0.png|eeeeeeeeeeeeee   eee               eee e  eeee  eeee  e   eee  eeeeeeee    e     eeeee   e       e   ee e     ee  eeeee
/data3fast/users/mbermudez/de_03/TFGDataset/img/train_t2_0734_0.png|eeeeeeeee  e eeee   e e e  e       eeeee   eeeeee       e  e ee eeeee eeee     e ee  e       eeeeee    e   eeeeeeeeee  
/data3fast/users/mbermudez/de_03/TFGDataset/img/train_t2_1416_0.png|eeee eee  e   eeeeeee    eee eeee  e ee  eeeeee e   ee    e eeeeeeeeeeeeeeee eeee    e  ee eeeeeeee   ee  ee    e    ee
/data3fast/users/mbermudez/de_03/TFGDataset/img/train_t2_1214_0.png|eeeeeee eee   eeeeeee   e e    eee ee eeeee eeeeee eee  e e   e eeee ee    eee eeeeeeeee    e      e  ee      ee  ee   
/data3fast/users/mbermudez/de_03/TFGDataset/img/train_t2_0584_0.png|eeeeeee  eeeeee  eeee    eeee   eeeeeeeeeee   eee ee  e       e   eeeeeeeeeee    ee     ee ee  e   eeeeeee          e  
/data3fast/users/mbermudez/de_03/TFGDataset/img/train_t2_0658.png|eeeee eeeeee     eeeee   e     e   ee e    eeeeeeeeeeeeeeeeeee ee   eeeeeeee eeeee e eeeee eee   e     eee  ee eee eeee
/data3fast/users/mbermudez/de_03/TFGDataset/img/train_t2_0795.png|eeeeeee    ee  eee  eeeeeeeeeee  eeeeeee   eeeee eeeeeee eee   eeeeee  eeee ee   eee  ee  e e       ee eeee e   eeeeee 
/data3fast/users/mbermudez/de_03/TFGDataset/img/train_t2_0006_1.png|eeeeeeeeeeeeeeeee e  ee  ee ee     eeee eeeee   ee  e         ee e e e        e             eee eee eeeeeeeeeeeee  e   
/data3fast/users/mbermudez/de_03/TFGDataset/img/train_t2_1439_0.png|eeeeeeeeeee  e  e ee  eeeee  eeeeee e     eeeeee   eeeee eee      ee    ee  eee    eeeeeeeeeeee eeeeeeeeeee  eee       
/data3fast/users/mbermudez/de_03/TFGDataset/img/train_t2_0165_1.png|eeeeeeeeee  eeee  e       eeeeee   eeeeee ee eeee e e  eeeeee   e    eeeeeee   eeee ee e eeee e   eeee  ee    eeeeeeee 
/data3fast/users/mbermudez/de_03/TFGDataset/img/train_t2_1430_0.png|eeeeeeeeee   ee ee   ee  eeeee eeee  e eeeeeee    e  eeeeeeeee      e e      e  ee   eeeeeeee   e   eeeeeee   eeeee  ee
/data3fast/users/mbermudez/de_03/TFGDataset/img/train_t2_1316.png|eeee  eeeee    eeeeeeee ee  eeee eeeeeeeeeeee e ee e  eeee  eeeeeeeeee  eeee eeee ee e   eeee   eeeee   ee    ee    ee 
/data3fast/users/mbermudez/de_03/TFGDataset/img/train_t2_0156_0.png|eeeeeeeee  e    ee   e   ee ee e    e  eeeeeee  eeeeeeee    e     e   e  e eeeeeeeee e  eeee eeee  ee   eeee e eeeee  e
/data3fast/users/mbermudez/de_03/TFGDataset/img/train_t2_1126_2.png|eeeeeee    e    eeeeeee e eeeeeee eeee   eeeeeeeeeeeeee e   eeee   eeeeeeeeeeeee  eee  eeeeeeeeeeeeee e         e e ee 
/data3fast/users/mbermudez/de_03/TFGDataset/img/train_t2_0556.png|eeeeee eeee eeeeeeee    eeeeeeeeeee e eee       eeee e eeeeee  eee eee eeeeeeee     eeeeee      e   e  e eeeeee    eeee
/data3fast/users/mbermudez/de_03/TFGDataset/img/train_t2_0374.png|eeeeee eeeeeeeeee  e eee  eee eee e    eee eeeee    ee eee   eee eeeeee  eeeeeeeeee e  eeeeee   e    eeeeeeee     e  ee
/data3fast/users/mbermudez/de_03/TFGDataset/img/train_t2_0461_1.png|eeeeeeeeeeeee eeee   eee  ee    e    e eeeeeeee  e  ee eeeeee  e e eeee eeeeeee ee  e    eeeeee      eee eee eeeee  eee
/data3fast/users/mbermudez/de_03/TFGDataset/img/train_t2_1347_1.png|eeee    ee ee eeeee   eeeeee e eee eeee e    e  ee ee      e   eeee   eeeeeeeee eeee eee eeeeeeeeeeeee  eee   e e eeeee
/data3fast/users/mbermudez/de_03/TFGDataset/img/train_t2_0123_2.png|deeeee eeeee  e        eeeee  eeeeeeeeee  ee e eee ee           ee ee   ee  e eeeeeeeeeeeeeeeeeeeeeeeeeee   eeeeeeeeeee
/data3fast/users/mbermudez/de_03/TFGDataset/img/train_t2_1181_0.png|eeee eeee eeeeeeeeeeeee e      e e     e  ee eeeee   eeeeee    e eeeeeeee ee eeeeeeee e eeeeeeeeee      e e   eee   eee
/data3fast/users/mbermudez/de_03/TFGDataset/img/train_t2_0817_0.png|eeeee eeeeeeee  eeeeeee    eee   eeeeeeeeeeeeee e ee e    e e eee  eeeeee eeee  eeeeeeee  e  eeeeeeee    eee ee   ee ee
/data3fast/users/mbermudez/de_03/TFGDataset/img/train_t2_0070.png|eeeeeeeeee ee  e      e eeeee         eeeeeeee  e  ee      eeeeee ee ee ee  eeeeee   e e eeee   eeeeeeeeeeee eeeeeeeeee
/data3fast/users/mbermudez/de_03/TFGDataset/img/train_t2_0183_0.png|deeeeeee  eeeee   e e eeeeeeeeeeeeeee ee   eee eee e  e  eeeeeeeeeeeeee eeeeee   eeeeeeeeeeeeeeeeeeeeeeeeeeeeeeee    ee
/data3fast/users/mbermudez/de_03/TFGDataset/img/train_t2_0369_1.png|eeeee            e eeeeee       ee  eeeeeee  eeeeeeeee       eeeeee  eeeeee     eeeeeeee ee  e  ee   eeeeeeeeeeeeee eee
/data3fast/users/mbermudez/de_03/TFGDataset/img/train_t2_0834_2.png|eeeeeee e eeeeeee eeeeeeeeeeeeeeeeeee eeeee ee ee  eeee  eee  e    e  eee ee  eeeeeeee       eeeeeeeeeeeeeee e eeeeeee 
/data3fast/users/mbermudez/de_03/TFGDataset/img/train_t2_1221_0.png|eeeeeeeeeeeeeeeeeeeeeeeeeeee   ee eeeeeeeeee eee   eeeeeeeee eeeeeeeee  ee   e  e eeeeeeeeeeeeeeeeeeee    e  e    eeeee
/data3fast/users/mbermudez/de_03/TFGDataset/img/train_t2_0260_1.png|eeeeeeeeeeee eeeeeeee   eeee   eeeeeeee   eeeeeeeeeeeeeee ee  ee e   eeeee eee eee eeeeeeee     eeee  eeeeee e     eeee
/data3fast/users/mbermudez/de_03/TFGDataset/img/train_t2_0232_1.png|eeeeeeeeeeeeeeeeee  eeeeeeeeeee  eee eee    eeeeeee e eeeeeeeeeeeee e  eeeee   eeeee  eeeeee   eeeeeeeeeeeeee eeeee    
/data3fast/users/mbermudez/de_03/TFGDataset/img/train_t2_0421_0.png|eeeeeeeeeeeeeeee eeeeee  ee   e eeeeeee eee e eeeeeee ee e  eeeeee eeeeeeeee   eeeeeeeee eee   eeeee eeeeeee eeeee    e
/data3fast/users/mbermudez/de_03/TFGDataset/img/train_t2_1345_0.png|eeeeeeeeeeeeeeeeeeee   eeee  eee  e    ee eeeeee     e  e ee  ee e e  eeeeeee ee e eee eeeeeee ee e e   eeeeee e ee eee
/data3fast/users/mbermudez/de_03/TFGDataset/img/train_t2_0828.png|eeeeee  eeee   eeee eeeeeeee  e eeeeeee     eeeee   e  eee eeeeee eeeeeeeeeeeeeeeee eeee  eeeeee eeeee eee ee e eeeeeee
/data3fast/users/mbermudez/de_03/TFGDataset/img/train_t2_0204_1.png|eeee e eee  eeeee eeeeee   eee   eeeeeeee e   eee eeeeeeeeeeeeeeeeeeeeee   eee  ee  e     eeeeeeee  e    ee eeeeeeeeee 
/data3fast/users/mbermudez/de_03/TFGDataset/img/train_t2_1147.png|eeeeeeeeeee  ee   eeeee e  ee   eeeee e   ee    e eeeeeeee  eeeee  ee eeeeeee     eee   e   eee e  e   eeee eee  eee e 
/data3fast/users/mbermudez/de_03/TFGDataset/img/train_t2_1378_1.png|eeeeeeeeeeeeeeeeeeeeee  eeeeeeeeeeeee      ee eeeeeee eeee   ee eeeeee eeeeeee eee   ee    ee ee e  e eeeee   eee e eee
/data3fast/users/mbermudez/de_03/TFGDataset/img/train_t2_0951_2.png|eeeeeeeeee       eeee eeeeeeeeeee e eeeeeeeee eeeeeeeee  e ee e  ee  eeeee   ee eee eeeeeeeee  e  eee  eee eeeee eeeeee
/data3fast/users/mbermudez/de_03/TFGDataset/img/train_t2_0467_0.png|eeeeee     eeeeeeeeeeee eeeeeee    ee ee eeeee   eeeee ee  eeeeeeeeeeee eee    eeee  eeeeeeeeee eeee  e e eeeeeee eeeee
/data3fast/users/mbermudez/de_03/TFGDataset/img/train_t2_0656_1.png|eeeeeeee   ee  eeeee   e  ee e   ee ee eeeeeeeeeee  e eeee eee ee eeeeeeeeeeeeeeeeeeee  eee  e   eee eeee eee eeeeeeeee
/data3fast/users/mbermudez/de_03/TFGDataset/img/train_t2_0350_1.png|eeeeee e ee  eeeeeeeeeeeeeee eee eeee ee  ee eeeeeeeeeeeeeeeeeeeeeee ee   eeee e   ee eeeeeeeeee e ee  e  eee e   eeeee
/data3fast/users/mbermudez/de_03/TFGDataset/img/train_t2_0404_1.png|eeeeeeeeee  eeeeeeeeeeeeeeeeeeeeeeeeeeee      eeeeeeeeeeeeeeeeeeee eeeee   e ee eeeeeeeeee   eeeeeee eee e eeeeeeeeeeee
/data3fast/users/mbermudez/de_03/TFGDataset/img/train_t2_0433.png|eeee ee eeeee e  eeeee eeeeeeee    e   e eeeeeeeee  eeeeee e  eeeeeeeeeeeeeee eeeeeeee  eee eeeeeeeeeeeeeeeeeeeeeee   e
/data3fast/users/mbermudez/de_03/TFGDataset/img/train_t2_0394_0.png|eeeeeeeeeeeeeeeee  eeeeeeeeeeee    e e e eee eeeeeeeeeeeeee eeeeeeee eeeeee eeeeeeeeeeeeee ee eeeeeeeeeee  eeeee    e e
/data3fast/users/mbermudez/de_03/TFGDataset/img/train_t2_0247_1.png|deeeeeeeeeeeeeeeeeeeeeeeeeeeee  eee   eeeeeeeeeee  eeeee eeeeeeeeeeee e ee  eeee  ee eeeeeeee     e    ee       e e    
/data3fast/users/mbermudez/de_03/TFGDataset/img/train_t2_0475_0.png|eeeeeeeeee   eeeee  eeee  eeeeeeeeee  e  ee   eeee eeeeeeeeeee eeeee eeeeeeeeeeeeeeee e e eeeeeeeeeeeeeeeeee      eeeee
/data3fast/users/mbermudez/de_03/TFGDataset/img/train_t2_1145.png|eeeeee eeeee eeeeeeeeeeeeeeeeeeeeeeee eeeeee  eee eeeeeee eeeeeee  eee   eeeeeeeeee    eeeeeeeeeeeee   eeeeeeeeeeeeeeee
/data3fast/users/mbermudez/de_03/TFGDataset/img/train_t2_1045.png|eeeeeeeeeeeee  eeeee e  ee  e eee    ee e  eeeeeeeee eeeee eeeeeeeeeeee   eeeeeeeeee eeeeeeeeeeeeeeeeeeeeeeeeeeeee   ee
/data3fast/users/mbermudez/de_03/TFGDataset/img/train_t2_0128.png|eeeeeeeeee eeeeeeeeee ee e eeeeee eee   eeee eeeeeeeeeee eeeeeeee eee e eeeeeee ee   eeeeeee eee eeeeeeeeeeeeeeeeee  ee
/data3fast/users/mbermudez/de_03/TFGDataset/img/train_t2_0424_1.png|eeeeeee eeee eeee e      eeeeeeeeeeeeeeeeeeeeeeeeee eee   e eeee eeeee ee      eeeee ee e   eeeeeeeeeeeeeeeeeeeeeeeeee 
/data3fast/users/mbermudez/de_03/TFGDataset/img/train_t2_0969_1.png|eeeeeeeeeeeeeeee             eeeeee e eeeeeeeeee ee  e eeeeee eee eeeeeeeeee   ee  e ee  e  eeeeeeee eee ee e   e ee   
/data3fast/users/mbermudez/de_03/TFGDataset/img/train_t2_0999_1.png|eeeeeeeeeeee ee  eeee  eeeeeeee e eee eeeeeeeeeeeeeeeeeeeeee e   eee ee    e   eeeeeeeeeeeeeee   e e eeee eeeeeeeeee  e
/data3fast/users/mbermudez/de_03/TFGDataset/img/train_t2_0102_1.png|eeeeeeeeee eeeeee eeeeeeeeeeee eeeeeeeeeeee  eeeee eeeeeeeeeeeeeeeeeeeeeeeeeeeeeeee eeeeeeeeeeeeeeeeeeeee eeeeeeeeeeeee
/data3fast/users/mbermudez/de_03/TFGDataset/img/train_t2_0857_2.png|eeeeeeeeeeee eeeeeee  eeeee  e ee   eee   eeeeeeeeeeeeeeeeee eeeeeeeeeeeee e e e eeeeee  e eeeeeeeeeeeeeeeeeeeeeeee    
/data3fast/users/mbermudez/de_03/TFGDataset/img/train_t2_0377_2.png|eeeeeee   eeeeeeeeeeee   eeeeeee    eee  eeeeeeeee    eeeeeeee   ee  e   eeeeeeeeeee   eee eeee eeeeeeee eeeeeeeeeeeeee
/data3fast/users/mbermudez/de_03/TFGDataset/img/train_t2_0148_1.png|eeeee ee e eeeeeeeeeeeeeeeeeeeee eeeeeeee  e  eeee ee eeeee  eeee eeeeeeeeeeeeeeee  e eeeeeeeeeeeeeeee eee    ee    eee
/data3fast/users/mbermudez/de_03/TFGDataset/img/train_t2_0947_0.png|eeeeeeeeeeeeee  eeeeeeee eeeee  eeeee  eee   ee e eeeeee eeee e eee      ee  eeeeeeeeee  eeee  ee e e  eee  eeeeee e  e
/data3fast/users/mbermudez/de_03/TFGDataset/img/train_t2_0258_2.png|eeeeee eeeeeee eeeee eeee e   eeeeeeee e     eeeeeeee   eeeeeee   eeee  ee eeeeeeeeeeeee   eeeeeeeeeee   eeeeeeeeeeeeee
/data3fast/users/mbermudez/de_03/TFGDataset/img/train_t2_0653_1.png|deeeeeeeeeeee   eeeeeeeeeeeee   eee eeeeeeeeee eeeeeeee ee ee  eeee  eeeeee ee eeeeeeeeeee e eeeee e       e  eeeeeeeee
/data3fast/users/mbermudez/de_03/TFGDataset/img/train_t2_0024_0.png|eeeee  e eeeeee  e eeeeeeeeeeeeeeeeeee e    eeeeeeeee eee   eeeeeeeeeeeeeeeeeeeee ee eeeeeeeeeeee eeee eee e e   eeeeee
/data3fast/users/mbermudez/de_03/TFGDataset/img/train_t2_1155_1.png|eeeeeeeeee ee eeeeee   e e eeeeeeeeeeeee e  eee    eeeee e eeeeeeee eeee eeeeeeeee e  e eeeeeeeeeeeeeeeeeeeeeeeeeee eee
/data3fast/users/mbermudez/de_03/TFGDataset/img/train_t2_0535_0.png|eeee e e eeeeeeeeeeeee eee eeeeeeee eeeee eeeeeeeeeeeeeeee   eee ee   eeeeeeeeeeeeeeeeeeeee eeeeeee eeeeeeeeeeeeeeeee e
/data3fast/users/mbermudez/de_03/TFGDataset/img/train_t2_0612_2.png|eeeeeeeeee      eeeee     eeeee ee e  eeee e e e  eeeeeeee  ee ee eeeeeeeee  eee eeeeeeeeeeeeeee eeeee     ee e eeeeeee
/data3fast/users/mbermudez/de_03/TFGDataset/img/train_t2_0455.png|eeee    eeeeeeeee eeeeeeeeeeeeeeeeeee      e eeeee   e eeeeeeeeeeeee ee ee  eee eeeeeeeeee e eeeeeeee ee eeeeee  e     
/data3fast/users/mbermudez/de_03/TFGDataset/img/train_t2_1251_2.png|eeeeee  e  e  eeeeeeeeee e eeeeeeeee eee  eeeeeeeeeee  eeee eeeeeee eeeeee eeeeeeeeee eeeeeeeeeeeeeeeeee  eee eeeeeeeee
/data3fast/users/mbermudez/de_03/TFGDataset/img/train_t2_0478_0.png|deeeeeeeeeeeee  eeeeeeeeeeeeee eeeeeeeeeeee  eeeeeeeeeeeeeeeeee  eeeeeeeeeeee e   eeeeeeeee ee   ee e eeeeeeeeeeee  eee
/data3fast/users/mbermudez/de_03/TFGDataset/img/train_t2_0114_2.png|eeeeeeee  eeeeeeeeeeeeeee eeeeeeeeeeeeeeeeeee     e  eee eeeeeeeeeeeeee eeeeee  eeeeeee   eee ee eeee eeeeeeeeeeeeeee  
/data3fast/users/mbermudez/de_03/TFGDataset/img/train_t2_0935_0.png|eeeeeeeeeeeeeeee eeeeeeeeeeeeeeeeeee ee  e e ee  eeeeeeeee eeeeeeee e       eee  eeeeee eeee  eeeeeeee    eeeeeeee   ee
/data3fast/users/mbermudez/de_03/TFGDataset/img/train_t2_0715_1.png|eeeeeeee    e      e  eeeeeee  eeeeee eeeeeeeeeeee eeeeeeeeee eeee ee  e eee eeeeee  eeeeeeeee ee  eeee e   eeeeeeeeee 
/data3fast/users/mbermudez/de_03/TFGDataset/img/train_t2_1323_0.png|eeeee e eee e eee e e   eeeeeeeeeeeee  e  eee  eeeeeeee eeeeeee    eeeeeeeeeeeeeeeeeeeeeeeeeeeeeee       eeeeeeeee e   
/data3fast/users/mbermudez/de_03/TFGDataset/img/train_t2_0414_2.png|eeeeeeeeeeeee e     eeeeeee eeeeeeeeeeee eeeeeeeeeeeeeee eeee    eeeeeeeeeeeeeeeeeeeeeeee  eeeeeeeeee e  eeeeeeeeeeeeee
/data3fast/users/mbermudez/de_03/TFGDataset/img/train_t2_0164_1.png|eeeeeeee e  eeeee eeeeeeeeeeeee  e      eeeeeeeeeeeeee e   eeeeeeeeeeeeee eeeeee e   eeeeeeeee eeeeeeeeeeeeeeeeeeeeeeee
/data3fast/users/mbermudez/de_03/TFGDataset/img/train_t2_0750_1.png|eeeeeeeeeeeee eee  e ee eeeeeeeeeeeee e e  eeeeeeee eeeeee eeee  eeee   e  ee eeee e  eeeeeeeeeee eeeee e eeeee  eeeeee
/data3fast/users/mbermudez/de_03/TFGDataset/img/train_t2_0169.png|eeeee eeeeeeee  e ee eeeeeee eeeeeeeee ee eeee eeeeeeeeeeeeeeeee   eeeeeeeeeeee eeee   ee eeee   ee  ee  eeeee eee   ee
/data3fast/users/mbermudez/de_03/TFGDataset/img/train_t2_0084.png|deeeeee   eeee    eeeeeeeeeeeeeee   eeeeeeeeeeeeee   eeeee e ee eeee e  eee     eeee eeeeeeeeeeeeeeeeeeeeeee eeeeeeeeee
/data3fast/users/mbermudez/de_03/TFGDataset/img/train_t2_0264_1.png|eeeeeeeeeeeeee   eeee  eeeeee e eeeee eeee  eeeeeeeeeee  eee  e  e e eeee eeeeeeeeeeeeeeeeeee ee  eeeee      e  eeee ee
/data3fast/users/mbermudez/de_03/TFGDataset/img/train_t2_0218_1.png|eeeeeeeeeeeeeeeeeeeee  eeeeeeeeeeeeeee eeeeee eeee eeee  eeeeeeeee e  eeeeeeeeeeeeeeeee   e e eeeee eeeeeee     eeeeee 
/data3fast/users/mbermudez/de_03/TFGDataset/img/train_t2_1284_0.png|eeeeee e eeee eeeee eeee e e  eeeee  eeeeeeee  e e      e eeee eeeeee eeeeeee e eeeeee  e     e eeee e       eeeeeeeee 
/data3fast/users/mbermudez/de_03/TFGDataset/img/train_t2_0850_0.png|eeeeeeeeeeeee  e ee   eeeeee eeeeeeeeeeee eeeeee eeee eee   eeeeeeeeee eeeeeeeeee     ee  eeeeeeee  e  e e        ee   
/data3fast/users/mbermudez/de_03/TFGDataset/img/train_t2_0233_1.png|eeeeeeeeeeee eeeeeee  eeeee e eeeeeee e    eeeeee e ee  eee   eee   eeeeeeeeeeeee e  eee  e  eeeeeeeeeeee   e  eeeeeee 
/data3fast/users/mbermudez/de_03/TFGDataset/img/train_t2_0154_0.png|deeeeeeeeeeeeeee e   eee   ee eeeee eee eee ee eeeeeeee    eeeee  eeeeeeeeeee ee eeeeeeeeeeee eeeeeeeee     e eeeeeee  
/data3fast/users/mbermudez/de_03/TFGDataset/img/train_t2_0619_1.png|eeeeeeeee eeeee eee e  eeeeeeee eeee e eee ee eeeeeee    e   e e  eeeeeeeeeeeeeeee  e eeee  ee eee  eeeeeeeeeeeeeee   e
/data3fast/users/mbermudez/de_03/TFGDataset/img/train_t2_1264.png|eeeeeeeeeeeeeeeeee ee eee eeee e eeeeeeeeeeeeeeeeee     eeeeeeeeeeee eeeeee ee   e ee eeeeeeee  eeeee eeeeeeeeeeeeeeeee
/data3fast/users/mbermudez/de_03/TFGDataset/img/train_t2_0436_2.png|deeeee       e ee      eeeeeeee eeeeeeeeeeeeeeee eeee   e eeee    eeeeeeeeeeeeeeeeeeeeeeee   eeeeeeeeeeeeeeeeee eee eee
/data3fast/users/mbermudez/de_03/TFGDataset/img/train_t2_0913_2.png|deeeeeeeeeeeeee  e e       eeeeeeeeeeeeeeeeeee e   e eeeeeeeeeeeeee eeeee ee eeeeeeee e eee eeeeeeeeeeeeeeeee eeeeeeeee
/data3fast/users/mbermudez/de_03/TFGDataset/img/train_t2_0655.png|eeeeeeeee   eeeeeeeeee eeeeeeeeeeeeeeee  e  eeeee  eeeeeee eeee e  ee     e ee  ee e e ee e eeeeeeeeeeeeeeeeeeeee  eeee
/data3fast/users/mbermudez/de_03/TFGDataset/img/train_t2_0876_0.png|eeee  e ee eeeeeeee eeeeeeeeeee eeeeeeeeeeeeeee e  e eeeeeeee eeeeeeee eeeeeeeeee eeeee e   eeeeeeee  eeeeeeeeeeeee eee
/data3fast/users/mbermudez/de_03/TFGDataset/img/train_t2_0514_2.png|eeee ee e  eeeeeee          eeeeeeeee  e e ee  eeeeeeeeee e    e  eeeeeeeee      eeee   eeeeee  eeeeeeeeeeeeeeeeeee eee
/data3fast/users/mbermudez/de_03/TFGDataset/img/train_t2_1118_2.png|deeeeeeee eeee eeeeee    eeeeeeeeeee eee eeeeeee   eee ee       eeee e eee  e e ee  eeee   eee ee    eeeeeeeeee e   eee
/data3fast/users/mbermudez/de_03/TFGDataset/img/train_t2_0975_1.png|eeeeeeeeeeeeee   eeee e eee ee eee    eee ee  eeeeeeeeeeeeeee   e ee  eeeeeeee   eee eeeeeeeeeeee      e  ee e eeeeeeee
/data3fast/users/mbermudez/de_03/TFGDataset/img/train_t2_1088_0.png|eeeeeeeeeeeeeeeeeeeeeeee eeeeeeee  eeeeeee e ee     eeeee  eeee e e eeeeeeeeeeeeeee  ee ee  e  eeee eeeeeeeeee  eeeeeee
/data3fast/users/mbermudez/de_03/TFGDataset/img/train_t2_0034_2.png|eeeeeeee      e e   ee     eeee eeeeeeee eeeeeeee eeeeeeeeeee   eee  eeeeeeeee   eee   ee ee  eeeeeeee   e eeeeee eee  
/data3fast/users/mbermudez/de_03/TFGDataset/img/train_t2_0879.png|eeeeeee eeeeee eeeee   e eeeeeeeeeeeeeeeee  eeeeeeeeeeeeeeeeeeee  e   eeeeeeeeeeeeee     e eeeeee  eeeeeeeeeeee e  ee  
/data3fast/users/mbermudez/de_03/TFGDataset/img/train_t2_1497.png|eeee eeeeeeee eeeeeee      eeeeeeee eeeeeeeeee e  eeeeeeeeeeee eeeeeee   eeeeeee e    ee eeeeee ee    eeeeeeeee  eeeeee
/data3fast/users/mbermudez/de_03/TFGDataset/img/train_t2_0723_0.png|deeeeeeeeeeee   eeeeeeeeeeeeeeeeee  eeee  eeee e eeeeeeee  eeeeeeeeeeeeeeeeeeeee    ee ee      e  eeeeeeeeeeeeeeeeeee e
/data3fast/users/mbermudez/de_03/TFGDataset/img/train_t2_1244_1.png|deeeeeeee eeeee  eeeeeeee e eeeeeee eeeeeeeeeee e   e eeeeeeeeeeeee  e   eeeeeeeeeeeeeeee  eeee        eeee   eeee   ee
/data3fast/users/mbermudez/de_03/TFGDataset/img/train_t2_1000.png|eeeeeeeee     ee    eee  eeee  e    eeee  eeeeeeeeeeee eeeeeeeeeeeeeeee  eeeeeeeeeee eeee ee eeeeee  eeee ee  eee   eee
/data3fast/users/mbermudez/de_03/TFGDataset/img/train_t2_1273_2.png|deeeeeeeeeeeeeeeeee eeeeee eeeeeeee eee ee eeeeeeeee eeeeeeee   ee eeeeee eeee eeeee   eeeeeeeeeeeeee eee e eeeeee   ee
/data3fast/users/mbermudez/de_03/TFGDataset/img/train_t2_0151_1.png|eeee eeee    e ee eee  eeee  eee  e eeeeeee  eeee  e eeeeeeee e  eeee eeeee e eeeee e eeeeeeee  eeeeeeeeeeeeeeeee eee e
/data3fast/users/mbermudez/de_03/TFGDataset/img/train_t2_0410.png|eeeeeeeeeeeee             eeeeeeee  eeee  eeeeeee   eeeeeeeeeeeeeeeeeeeeee   e  eeeeeee ee  e  eee   eeeeeeeee e ee e e
/data3fast/users/mbermudez/de_03/TFGDataset/img/train_t2_1326_0.png|eeeeeeeeeeeee e    eeeeee eeeeeeeeeeeeee eeee   ee   eee  e  eeee eeee   eeeeeeeeeeeeeeeeee eeeeeeeeeee   e ee ee eeeee
/data3fast/users/mbermudez/de_03/TFGDataset/img/train_t2_0834_1.png|deeeeeee     ee e eee ee    ee   e eeeeeeeeeeeeee ee eeeeeeeeeee  e eee e  eeeeeeeeeeeeeeeeeeee  eeeeeeee eeeeee ee   e
/data3fast/users/mbermudez/de_03/TFGDataset/img/train_t2_1002_0.png|deeeee      ee  e e   e eeeeeee eeeeeeeeee ee eeeeeeee   eee  ee  ee eeee  eeee        eeeeeeee e  eeeeeeee e  eee  e  
/data3fast/users/mbermudez/de_03/TFGDataset/img/train_t2_0768_1.png|deeee ee eeeeeee   e eeee e  ee eeeeeee ee   eeeeeeeee eee e    eeeee ee   e    ee eeeeeeeee eeeee  eeeeeeeeeeeee      
/data3fast/users/mbermudez/de_03/TFGDataset/img/train_t2_0326_0.png|eeeeeeeeeeeee eeeeee eeeeeeeeeeeee eeeeeee  eeeeee e  eeeee  e  e    ee    eeeee eeeeeeeeeeeeee    eeeeeeeeeeeeee eeeee
/data3fast/users/mbermudez/de_03/TFGDataset/img/train_t2_0782_1.png|eeeeeee eeeee   e    ee e  eeeeeeeeeee  eee   ee   e   eeee eeeeeeee  eeeeeeee  eeeee        ee eee e eeeeeeee eeeeeeee
/data3fast/users/mbermudez/de_03/TFGDataset/img/train_t2_1324_2.png|eeeeeeeee eee    ee ee    eee  ee e  e  ee ee  e eee eeee    eeeee      eeeeeee  eee eeee e          e eeeeeeeeeeeeeee 
/data3fast/users/mbermudez/de_03/TFGDataset/img/train_t2_0668_0.png|eeeeeeeeee e e  e eee eeeeeeeeeeeeeeeeeeee eeeeeeee  eeee eee eeeeeeeeeeeeee eeeeeee eeeeeee  eee eee  e eeeeeeee   eee
/data3fast/users/mbermudez/de_03/TFGDataset/img/train_t2_1338_0.png|eeeeeeeeeeee ee e eeeeeeeeeee   e  ee ee  e ee eee  e  e  eee eeeee eeeeeeeeeeeeeeeee          eeeeeeeeeee eeeeeeeeeee 
/data3fast/users/mbermudez/de_03/TFGDataset/img/train_t2_0027_2.png|eeee eeeeee   eeeeeeeeeeeeeee e eeee eeeeeee     eeeee e   eee e  e  ee     ee    eee eee eeeeeee  eeeeeeeeeee e       
/data3fast/users/mbermudez/de_03/TFGDataset/img/train_t2_1170_1.png|eeee  e  e  e       eeeeeeeeeeeeeeee eee  ee    eee  e eeee ee  eee e eeeeeeeeeeeeeeeeeee eeeeeeeeeeeee     ee e  eeeee
/data3fast/users/mbermudez/de_03/TFGDataset/img/train_t2_0490_1.png|eeeeeeee   eeeeeeeeeeeeeee   eeeeeeeeee    eeeeeeeeee  ee  ee  eeeeeeeeee        eeeeeeee eee  e eeeeee ee eeee  e eeee
/data3fast/users/mbermudez/de_03/TFGDataset/img/train_t2_0378_1.png|deeeeeeee eeee ee  e     eee e ee  eee eeee    eee eeee     ee e e eeeeee e   eee eeee  ee eeeeee  e ee eee    eeee ee 
/data3fast/users/mbermudez/de_03/TFGDataset/img/train_t2_0481.png|deeeeee         e e eeeeeee   ee  eeeeeee  e   e   eeee       ee e   eeeeee   e e   eeee          e        e   eeeeeeee
/data3fast/users/mbermudez/de_03/TFGDataset/img/train_t2_0063_2.png|eeeee ee e  eeee    e   eeeeee  eee  e e ee   eeee  e  ee eeeee     eeee ee    eee   e  ee      e e e  e   eeee e e    
/data3fast/users/mbermudez/de_03/TFGDataset/img/train_t2_1345.png|eeeee  e ee  e          e    e  ee  eeeeeeeeeee       eeeeeeeeeeeeeee eee  e eee   ee eeee ee     e e eee eee e ee ee e
/data3fast/users/mbermudez/de_03/TFGDataset/img/train_t2_1169.png|deeee   eeee eee     e              eeeeeeeee  eee     e  eeee  eeeeee   eeeee e e       eeee   ee  e  eeeee eeeeee ee 
/data3fast/users/mbermudez/de_03/TFGDataset/img/train_t2_0290.png|eeeee ee eeeeee    e    e ee e e    e  eeee e e  eeeeeee  eeeee  e   e   ee  e eeeeeeeeeee ee    eeeeee eeee    e   eee
/data3fast/users/mbermudez/de_03/TFGDataset/img/train_t2_0531_1.png|deeeeee     ee  eee  eeeeee   ee e ee  eeeeee   eee  e   ee   e    eeeeee eeeee   eee         e eeeeeeeeee    eeeee e  
/data3fast/users/mbermudez/de_03/TFGDataset/img/train_t2_0695.png|eeee      e  eeee eeeeeeee eeeeee    ee    eeeeee e     eee ee  e eeeeeeee e   eeee    e   eee   e  eeeeeeeeeee  e    e
/data3fast/users/mbermudez/de_03/TFGDataset/img/train_t2_0218_2.png|eeeee           eeeee    eee ee e e eeeeee    eeeeeeeeeeeeeee    e e e      e ee   eee ee eeeee    e e eee eeeeee    ee
/data3fast/users/mbermudez/de_03/TFGDataset/img/train_t2_1324_0.png|deeeeeeeeeeeeeee e  eeeee eeee  eeee  e  eee eee eeeeeee   eeeeeeee    ee eeeeeee   e   eee     e   eeeeee eeee     eee
/data3fast/users/mbermudez/de_03/TFGDataset/img/train_t2_0294_2.png|eeee    eee eeeee  eeee eeeeeeeee   e e   eee  eeee eee   eeeeeeee eeee eeeeeeeee e    e e eee      eeeeeeeeee e     e 
/data3fast/users/mbermudez/de_03/TFGDataset/img/train_t2_1045_0.png|deeeeeeee ee eeeee  ee e    eeeeee              e  e eee      eeeeeeeeeeeeeee eeeeeeeee   eee e   ee e    eeee   eee   
/data3fast/users/mbermudez/de_03/TFGDataset/img/train_t2_1116_2.png|deeeeeeeeee ee    eeee  e          ee  ee   eeeeeeeee       eeeee     eeeeeeee    ee ee   e  ee     e e    eeeeeee     
/data3fast/users/mbermudez/de_03/TFGDataset/img/train_t2_1324.png|deeeeee ee        ee eee e eeeeee  e e ee eeeeee  eeeeee ee  ee ee e  ee e        e e    eeee e          eeeeeee    ee 
/data3fast/users/mbermudez/de_03/TFGDataset/img/train_t2_0139_1.png|eeeeee e e      ee eee       ee  e eeeeeee      e eee ee  ee  eee         eeee           eee     eeeee  e ee  eeeeee ee
/data3fast/users/mbermudez/de_03/TFGDataset/img/train_t2_0751_1.png|eeeeeeee  e e     eee        eeee  eeeeeeeeeee eeee   eeee ee  ee       e  e e      e  ee     eeee eeeeeeeeeeee      ee
/data3fast/users/mbermudez/de_03/TFGDataset/img/train_t2_0102.png|eeeeeee   e e ee    eeeeee  eeeee e         e    eeeeee ee e e e           eeee e  eee eee   eeeeeee e eeeeeeeeeeeeeeee
/data3fast/users/mbermudez/de_03/TFGDataset/img/train_t2_1127_2.png|eeeeee eeeee        eeee      eeeee     eee       e   ee e    eee  eeee  ee e  eeeeeeeeeeee  eee  eee    e eee    eee e
/data3fast/users/mbermudez/de_03/TFGDataset/img/train_t2_0665.png|eeeeeeeee e  eeee    eeee    eee  ee   ee   e    e  eee     eeeee   eeeeeeeee      eee  eeeeee ee   ee   e ee ee   eee 
/data3fast/users/mbermudez/de_03/TFGDataset/img/train_t2_0712_1.png|eeeeee e eeeeeeeeee   eeeee     e eee    e ee  ee  e e    ee  e e   e  e eeeeee   eeeeeee   eeeee e   ee e   ee eeeeeee
/data3fast/users/mbermudez/de_03/TFGDataset/img/train_t2_0189_2.png|eeeee     e   eeeee  eeeeeeee  eeee   e eee  ee e   eeeee e ee  eeeeee  e eeee  eeeeee eeeeeeeeeee eeee e ee   e       
/data3fast/users/mbermudez/de_03/TFGDataset/img/train_t2_1466.png|eeeeeeeee      e            e e  e  eeeeeee eeeeee  e    e  e e ee eeee e     ee  eeee    ee eeeeeeeee eeeeee  ee   eee
/data3fast/users/mbermudez/de_03/TFGDataset/img/train_t2_0988.png|deeeee       eeeee e  eeeeeeeeeeee  ee  e      eeeeeeeeeeee ee e  e e    ee   e e  eeeeeee eeee  ee  eee eeee e eee   e
/data3fast/users/mbermudez/de_03/TFGDataset/img/train_t2_0583.png|deeeeee       eeee  ee  eeeee  eeee e    eee  eee     e e             eeeeee ee   eeeee  eee e     eeeee    e ee  eeee 
/data3fast/users/mbermudez/de_03/TFGDataset/img/train_t2_0583_1.png|deeeeee   eeee      eee eeeeeee e       eeeeee eeeee  eee e e e      e eeee e   e  ee          eeeeeeeeee      eeeee   
/data3fast/users/mbermudez/de_03/TFGDataset/img/train_t2_0793_2.png|eeee      eee e ee e ee             eeee          eeeeee      ee   e     eeee   eeee         ee           ee  e eee    
/data3fast/users/mbermudez/de_03/TFGDataset/img/train_t2_0626.png|eeeeeee  e  ee   eee      eeee e eeeeee     eee          e       eeeeee     e  eeeee      eeeee  ee      e  e    e  e  
/data3fast/users/mbermudez/de_03/TFGDataset/img/train_t2_0231.png|eeeeeeee      e  eee e eeeeeeeeeee    e  eee  e   e  eee ee  e ee ee   e      eeeeee e   ee e e eeee e   e eeee    e ee
/data3fast/users/mbermudez/de_03/TFGDataset/img/train_t2_0936_0.png|eeeee   e   ee   ee e   e e       e  e eeeeeeeee eeeeee e   e e   ee  e e   e  eeeee    e e   eeeeee    e      eee ee  
/data3fast/users/mbermudez/de_03/TFGDataset/img/train_t2_0023_1.png|eeeeeee      e          e   ee   e          ee          e             eeeeeeee        e e       e  eeee    eeeeee      
/data3fast/users/mbermudez/de_03/TFGDataset/img/train_t2_0757_2.png|eee           eeeeee  eeeee  e ee  ee       ee  e        e eee   e    eeeeee eeeee            eeeeeeee  e ee eeee     e
/data3fast/users/mbermudez/de_03/TFGDataset/img/train_t2_0955_1.png|eeeeeeee       ee  eee   eee    e   eeeeeee e         e    e eee  e eeeeeeeeeeeeeee e ee   e eeee e e      ee e  e  e e
/data3fast/users/mbermudez/de_03/TFGDataset/img/train_t2_0566.png|eeee eeeeee       e e   ee      eeee  eeeeeeee   ee eee eee e     eeeeeee   eee     e          e   e        eee  eeee e
/data3fast/users/mbermudez/de_03/TFGDataset/img/train_t2_1003_2.png|eeeee  e  ee ee      eeeee  eeeeee  ee e                  e eee   eeee  eeeee   eeeeee          eeeeeeee  eeeeeee eee  
/data3fast/users/mbermudez/de_03/TFGDataset/img/train_t2_0874_0.png|eeeeee    e  e e     eeeeeee         e e eeeeeee e  e eee      e eeeee   e      ee  e e   e e   e           e ee   eee 
/data3fast/users/mbermudez/de_03/TFGDataset/img/train_t2_1396_1.png|eeeeee     e e   ee eeeeeeee        eeeeeeeee    e e          e  eeeeeeeeee  eeeeee      e  e   ee ee  eeeeeeee ee eeee
/data3fast/users/mbermudez/de_03/TFGDataset/img/train_t2_0075_0.png|eeee ee    e    eeeeee   e  e  ee     e            eeee    e    e  eeee  e         eee e   eee    eeeee e eee  e  e    
/data3fast/users/mbermudez/de_03/TFGDataset/img/train_t2_0094_2.png|eeee             e   ee e ee  e         e  eeee       e e   eeeeeeeee       eeeee       e  e  eee     eeeeeee eeeeee   
/data3fast/users/mbermudez/de_03/TFGDataset/img/train_t2_0296_1.png|eeeeeeee     e eeee    e     eeee    eeee      eeeeee   eeeee eeeeeeeeeeeee e       e     e ee      e eeeeeeeeee   ee e
/data3fast/users/mbermudez/de_03/TFGDataset/img/train_t2_0161_1.png|eeeee     eeee   eee   e e eee  e      ee e  e      e  e              e  ee     e eee   e    e    ee e ee    ee        
/data3fast/users/mbermudez/de_03/TFGDataset/img/train_t2_1419.png|eeeee  ee e              e ee eeee eeeeee       e e  e                e ee  e  e eee                e       eee e      
/data3fast/users/mbermudez/de_03/TFGDataset/img/train_t2_0217_1.png|eeeee eee   e    eee ee        eeeeeeee    e   e   ee e ee ee e e         ee e  e               eeeeeee   eee ee   e   
/data3fast/users/mbermudez/de_03/TFGDataset/img/train_t2_0329_2.png|eeeee     ee  eeee        e   e   e   eee    e eee    e            e ee       ee     e e   e    ee eeee   e e eeeeee  e
/data3fast/users/mbermudez/de_03/TFGDataset/img/train_t2_0683_0.png|eeeeee e ee     eeee e     ee   eee eeeeee  e              e   ee         ee     ee   eeeeeeeee           ee      e    
/data3fast/users/mbermudez/de_03/TFGDataset/img/train_t2_0133_1.png|eeeee ee            e   e  eee              eee       e   ee   e  eee  e eee            ee ee           eeeeeee eeeeee 
/data3fast/users/mbermudez/de_03/TFGDataset/img/train_t2_1433_0.png|eeeee  e            e e         ee  ee  ee   eeeee  ee            e eee e e e  e e ee     e    e e eeeeee              
/data3fast/users/mbermudez/de_03/TFGDataset/img/train_t2_0038.png|deeeeeee e     e  e     ee   e  ee     e e ee     ee e     eee      e  e               e e     eeee  eeeee       e  ee 
/data3fast/users/mbermudez/de_03/TFGDataset/img/train_t2_1076_1.png|eeee eee  eeeee eeee      e e      e        ee         ee eeee  eeeee    e     e eee e  e   eee e   e                  
/data3fast/users/mbermudez/de_03/TFGDataset/img/train_t2_1101_2.png|eeeee   ee    ee         e ee                  e     ee  eeee      e      e                             e e   e ee e   
/data3fast/users/mbermudez/de_03/TFGDataset/img/train_t2_1087_0.png|eee     e      ee     e        ee      ee     e         eeeee  e          e     e e   e           eeee           e  ee 
/data3fast/users/mbermudez/de_03/TFGDataset/img/train_t2_0743_2.png|eeeee    ee    eee  eee    e       ee    e ee           e      e e  ee       eee e ee  ee   e  ee                      
/data3fast/users/mbermudez/de_03/TFGDataset/img/train_t2_1239_0.png|deeee  eee     e        e                         ee          e          eeeeeeee  e eeeee e      e     e     eeeee   e
/data3fast/users/mbermudez/de_03/TFGDataset/img/train_t2_0456.png|eeeeee      e    e           ee  ee            eeee     e              e    e e e   e     e  eeee       eeeeeee  eee   
/data3fast/users/mbermudez/de_03/TFGDataset/img/train_t2_0272.png|eeeeee     e          e   e e                           e    ee  e eeeeee e              e     eeee         ee    e  ee
/data3fast/users/mbermudez/de_03/TFGDataset/img/train_t2_0069_0.png|deeeeeee         e          e       eeeeee eeeee      e            e  eeee    e   eee    e  e  e     eeee   ee         
/data3fast/users/mbermudez/de_03/TFGDataset/img/train_t2_0763_2.png|eeeeee  e       e    ee                              eeeee    e e        e  e e       e  ee      ee     e  e           
/data3fast/users/mbermudez/de_03/TFGDataset/img/train_t2_0588_2.png|eeeeee       e        e    eeeeee ee                          e      e         eee              e   e          eeeee   
/data3fast/users/mbermudez/de_03/TFGDataset/img/train_t2_0805_1.png|eeeeeeee        e        eee e    ee  ee e           ee   e      e  eeee   ee     e eee e       e          e      e    
/data3fast/users/mbermudez/de_03/TFGDataset/img/train_t2_0009_2.png|eeeee ee e          e         eeeeee  e         e      ee          e     e ee e           ee    eeee eee  eee     ee  e
/data3fast/users/mbermudez/de_03/TFGDataset/img/train_t2_0516_2.png|eeeee          e  e     eeee                   e   ee e                eeeee e   e     eeee                e    eee    
/data3fast/users/mbermudez/de_03/TFGDataset/img/train_t2_0088_1.png|eeee  e         eeee  e             eee eee    e  eeeeee e eee eee       eeee           e     e     e      eeee       e
/data3fast/users/mbermudez/de_03/TFGDataset/img/train_t2_0277_1.png|deeee   e            eee    ee eee eeeee   e                e eee e e e        e  e     eeeee     ee e  ee  eeeee    ee
/data3fast/users/mbermudez/de_03/TFGDataset/img/train_t2_0209.png|deeeeeeee   e            e e            e      eeeee       eee e               e   e                           ee  eee 
/data3fast/users/mbermudez/de_03/TFGDataset/img/train_t2_0223.png|eeee            ee            eee e    e     e            eeeeee               e         eeee                          
/data3fast/users/mbermudez/de_03/TFGDataset/img/train_t2_1273_0.png|deeeeeeee  ee e     ee  eee               ee           ee       e        e       e  e     eeeee      ee     eeee  e    
/data3fast/users/mbermudez/de_03/TFGDataset/img/train_t2_0249.png|deee   eee eee e         ee     e e      e   ee                        ee  e        e    eeeeee   eee   ee       e  eee
/data3fast/users/mbermudez/de_03/TFGDataset/img/train_t2_1494_0.png|eeee             e        e   e    ee                    e   eee   e                 eeeee                      e  ee  
/data3fast/users/mbermudez/de_03/TFGDataset/img/train_t2_0460_1.png|eee e ee        e            eee    e   e e                  eee e    e                 eeee      e             eeee  e
/data3fast/users/mbermudez/de_03/TFGDataset/img/train_t2_1417_2.png|eeeeeeeeee                e e e e         eeeee     e        e                                    e                    
/data3fast/users/mbermudez/de_03/TFGDataset/img/train_t2_1023.png|eeeeee       eee                  e   e  ee        ee                   e    e  e   e  ee   e            eee   e   e   
/data3fast/users/mbermudez/de_03/TFGDataset/img/train_t2_1408_1.png|eeeeeeee       e   ee      eee e  ee e   e e    e     e e      ee                             ee eee  e        e    ee 
/data3fast/users/mbermudez/de_03/TFGDataset/img/train_t2_0982.png|eeeee eee ee e      e       eeeeee            e           e e      eeeeee          e e                e e    ee  eeeeee
/data3fast/users/mbermudez/de_03/TFGDataset/img/train_t2_0714_1.png|eeee  eeee            ee e   eeee     eeeee  e             e      eee ee       eee    ee      e e           ee       e 
/data3fast/users/mbermudez/de_03/TFGDataset/img/train_t2_1134_1.png|eeeee               e             eee e   e     ee  e        e e       eee e ee    e  e      eeeeeeee e        ee e  ee
/data3fast/users/mbermudez/de_03/TFGDataset/img/train_t2_1450_2.png|deee    e      e    ee      e e                    e eee e    eeee                ee            e e             e      
/data3fast/users/mbermudez/de_03/TFGDataset/img/train_t2_0010_2.png|eeeee e    e    ee         e            e       e       ee     eee           ee  e            e     e ee eee ee    e   
/data3fast/users/mbermudez/de_03/TFGDataset/img/train_t2_1342.png|eeeee  e              eee      e ee               e     eeeeeee    ee   e                  e                     e e   
/data3fast/users/mbermudez/de_03/TFGDataset/img/train_t2_0045.png|eeeeee            ee         e  e                                                             e     ee   e         e   
/data3fast/users/mbermudez/de_03/TFGDataset/img/train_t2_1433_2.png|eee                              eeee   e          eee     e                            eeee e eee    eee   e         e
/data3fast/users/mbermudez/de_03/TFGDataset/img/train_t2_0214_2.png|eeeee  eee              e  e e             ee  e    eeeeeeee  ee           e                  ee         e     ee     e
/data3fast/users/mbermudez/de_03/TFGDataset/img/train_t2_0360.png|eeee          eeeee  e   e             eee      eee      e         e   eeee        e               eee           ee  ee
/data3fast/users/mbermudez/de_03/TFGDataset/img/train_t2_1487_0.png|eeee e           e e         e   e   eeeeee eee  ee   e         ee e  e               ee e    e  eee         e     e   
/data3fast/users/mbermudez/de_03/TFGDataset/img/train_t2_1280_0.png|eeee     e        e                e  e   e            ee       e     e   eeeeee   eee        e         e eee          
/data3fast/users/mbermudez/de_03/TFGDataset/img/train_t2_0885_0.png|eeeee         e ee            e        e   ee        e  eeeeeee  ee  e ee                       ee             e       
/data3fast/users/mbermudez/de_03/TFGDataset/img/train_t2_1015_2.png|deee     e       e            ee            e                   e eeeee   ee     e            ee                   ee e
/data3fast/users/mbermudez/de_03/TFGDataset/img/train_t2_1285_1.png|eeee          e   eeee  e            eeee     e           e      ee                           e e    ee          ee eee
/data3fast/users/mbermudez/de_03/TFGDataset/img/train_t2_0987_2.png|deeeeeee     e            e        e e   e                       e     e e     eee    eee    e        e     e  eeeeeee 
/data3fast/users/mbermudez/de_03/TFGDataset/img/train_t2_0899_0.png|eeeee       e e                   e               ee          eeee  e       e ee   ee eee                    eeeee ee  
/data3fast/users/mbermudez/de_03/TFGDataset/img/train_t2_0865_0.png|eee  ee     e      ee   e             eee e             e               e         e         e    ee                   e
/data3fast/users/mbermudez/de_03/TFGDataset/img/train_t2_0960_2.png|eeee          eee        e ee                  e                   e     e e              e          ee   eee      e   
/data3fast/users/mbermudez/de_03/TFGDataset/img/train_t2_1297_2.png|deeeee e ee  eee         ee ee eeeeeeeee                    eeee e   e             e              eeee     e e         
/data3fast/users/mbermudez/de_03/TFGDataset/img/train_t2_0427_2.png|eeeeeeee    eeee                  eee e e       e        e eee                    e   e e                eeeee      eee
/data3fast/users/mbermudez/de_03/TFGDataset/img/train_t2_0405_1.png|eeeee       e             ee                e ee         e   e    e     ee                  e     ee       e           
/data3fast/users/mbermudez/de_03/TFGDataset/img/train_t2_0657.png|eeeeee      eee        ee                 e        ee e                          e        ee e        ee     e   e   e 
/data3fast/users/mbermudez/de_03/TFGDataset/img/train_t2_1380_2.png|eee  e    e ee      e  e                      eeee  e    ee               e                        e  e   e   e        
/data3fast/users/mbermudez/de_03/TFGDataset/img/train_t2_0008_2.png|eeeeee   e                 e                 e                    ee    e                                              
/data3fast/users/mbermudez/de_03/TFGDataset/img/train_t2_0625_1.png|eeeeeeee e           e      e      ee   e eee   ee   e   eeeeeee            ee       ee        e                   ee  
/data3fast/users/mbermudez/de_03/TFGDataset/img/train_t2_0492.png|eeeee                e         ee e ee                         e       ee eeee         e e  ee     e e          ee     
/data3fast/users/mbermudez/de_03/TFGDataset/img/train_t2_1415_1.png|eeeee                                          e            e             eee   e                          e           
/data3fast/users/mbermudez/de_03/TFGDataset/img/train_t2_0216_0.png|eeee           e e  ee          e   e      eeeeeee e ee     ee         ee                   eeee    e             e  e 
/data3fast/users/mbermudez/de_03/TFGDataset/img/train_t2_1493.png|deee             ee                    ee  e eee     ee     ee     e                                    e       eeee   
/data3fast/users/mbermudez/de_03/TFGDataset/img/train_t2_0284_1.png|deeee        e   ee  e           e   eee e                  e ee   e e       eee            ee e    e          e       
/data3fast/users/mbermudez/de_03/TFGDataset/img/train_t2_0459.png|deee      e       e e                     eeee                                         eeeee   ee e                    
/data3fast/users/mbermudez/de_03/TFGDataset/img/train_t2_0286_1.png|eeeeeee      ee    e         eee          eee        eee      ee e    eeeeeeeee e     e  eee e         eee  ee e       
/data3fast/users/mbermudez/de_03/TFGDataset/img/train_t2_0938_1.png|deee e ee ee                e                eee       e        eee  eeee   ee               ee e       eee eee       e
/data3fast/users/mbermudez/de_03/TFGDataset/img/train_t2_0644_0.png|eeeeee e                         e         e e                     e    e                   eee e           e     e   e
/data3fast/users/mbermudez/de_03/TFGDataset/img/train_t2_0416.png|eeeee   e           ee  eeee e eee e e      ee  e  eee e                e   e                        eee  eee          
/data3fast/users/mbermudez/de_03/TFGDataset/img/train_t2_0674_2.png|deeee            ee                  e       e            e eee                 eeee       ee                          
/data3fast/users/mbermudez/de_03/TFGDataset/img/train_t2_0503_0.png|deeee   ee  e e          e              ee                 e               ee         ee      e             eee e   e  
/data3fast/users/mbermudez/de_03/TFGDataset/img/train_t2_0430_1.png|deee                    e         ee  e  e   ee           e    e   eee                   eee    ee                 e  e
/data3fast/users/mbermudez/de_03/TFGDataset/img/train_t2_0235_1.png|eeee                   e  e                              ee           e e e    eee         ee             ee           
/data3fast/users/mbermudez/de_03/TFGDataset/img/train_t2_0470.png|eeeeee                 e        eee          ee      ee        eee  e   eee ee        e      e  ee         ee ee    e  
/data3fast/users/mbermudez/de_03/TFGDataset/img/train_t2_0972_1.png|eee      eee        e   e    e e ee  e       ee e      ee        e      e       eee  e   eeee  e eee          e ee     
/data3fast/users/mbermudez/de_03/TFGDataset/img/train_t2_0405_2.png|eeee   e       e                  e e        e                                                  e   ee        e e   ee 
/data3fast/users/mbermudez/de_03/TFGDataset/img/train_t2_0895_0.png|eeee                           eeeeee  e  e                  e  ee e  e                e                               
/data3fast/users/mbermudez/de_03/TFGDataset/img/train_t2_0033_0.png|deeee e       e             e      e     e e        ee                                 e   eee e e ee  e   e      e    
/data3fast/users/mbermudez/de_03/TFGDataset/img/train_t2_0315_0.png|deeeee                ee  e eee eeeeeeee        e e                  e     e                    ee           e ee e    
/data3fast/users/mbermudez/de_03/TFGDataset/img/train_t2_0594_1.png|eeeeeee               ee                   eee   ee                 e                  e           eee          eeee   
/data3fast/users/mbermudez/de_03/TFGDataset/img/train_t2_1243_0.png|eeee          e            e   ee     e   e          e    ee e      eeeee       e   eeeee         e            e       
/data3fast/users/mbermudez/de_03/TFGDataset/img/train_t2_0098_1.png|eeeeee         e ee            ee       e       e  eee    e  e e  e                         e       e      e       ee  
/data3fast/users/mbermudez/de_03/TFGDataset/img/train_t2_1410_2.png|deeeeee                            e  e          e  e        eeee         eee     e e            eeee    eeeeeeee      
/data3fast/users/mbermudez/de_03/TFGDataset/img/train_t2_0446.png|eeeee    e         e       e    eee          eee             e e      e e    e  e      e eee       e                   
/data3fast/users/mbermudez/de_03/TFGDataset/img/train_t2_0705.png|eeeeee  e      e  ee e ee                    e                          eeee                    eee                  e 
/data3fast/users/mbermudez/de_03/TFGDataset/img/train_t2_0897.png|deeee           eee   e          ee     e          e              e     e            ee   eee    eee                   
/data3fast/users/mbermudez/de_03/TFGDataset/img/train_t2_0878.png|eeeeeeee            e  e  e e ee   e        ee     e   e ee eee  e    ee            eeeeee            e e    e ee     e
/data3fast/users/mbermudez/de_03/TFGDataset/img/train_t2_0672.png|eeeeee      eee        eee  e       e     ee  eee eee   e   e         eee           e                       eeee  e e e
/data3fast/users/mbermudez/de_03/TFGDataset/img/train_t2_0361_1.png|eeeeee e   eee  e      ee                  ee ee  ee         e ee                 e                            ee   eee
/data3fast/users/mbermudez/de_03/TFGDataset/img/train_t2_0119_0.png|eeeeeee                    e         e    ee  e                    eee    e       e        e                       e e 
/data3fast/users/mbermudez/de_03/TFGDataset/img/train_t2_0995.png|eeeee    eeeee         e      e         e  eee             ee  eee           e  e  e           ee e             e      
/data3fast/users/mbermudez/de_03/TFGDataset/img/train_t2_0914_0.png|eeee ee      ee   e  ee   e    e e    eeee   e      e       ee                   e              e           e         e
/data3fast/users/mbermudez/de_03/TFGDataset/img/train_t2_0838_1.png|deeee eee  e  e ee    e   eeee         e     e       e         e            e           e e    e          ee   eeee    
/data3fast/users/mbermudez/de_03/TFGDataset/img/train_t2_0359_1.png|eee            e  eeeeeeee             e e eee     eeee           e  ee  e ee             eeeeee         eeeee ee   e e
/data3fast/users/mbermudez/de_03/TFGDataset/img/train_t2_0591.png|deeeeee ee       ee       eee      e e  e                   e   e        e       e               e                   ee
/data3fast/users/mbermudez/de_03/TFGDataset/img/train_t2_0384_2.png|eeeeeee    e     eeeeee eeeeee   ee   ee               eee   ee        e    eeeeee ee     e     ee        ee   eeeee  e
/data3fast/users/mbermudez/de_03/TFGDataset/img/train_t2_0229_1.png|eeee           ee ee eeee      e      ee     eeee ee           e   e  ee ee      ee  e eeee    ee   ee  e    eeee    e 
/data3fast/users/mbermudez/de_03/TFGDataset/img/train_t2_1217_1.png|eeeeeee   e                 e     eeee         e   ee           ee  ee            e       e e  ee    ee                
/data3fast/users/mbermudez/de_03/TFGDataset/img/train_t2_0754_0.png|deeee e                     eee        e      e         e  ee      e    e e e     e e              e   e               
/data3fast/users/mbermudez/de_03/TFGDataset/img/train_t2_1221.png|eeee e        e    e   eeee       eeeee                  eee    eee       ee               ee        e                 
/data3fast/users/mbermudez/de_03/TFGDataset/img/train_t2_0018_2.png|eeeeee    eee    eee       eeeeeeeeeee       ee ee e        e      eee   e       eeee  e  e    e       e   e       ee e
/data3fast/users/mbermudez/de_03/TFGDataset/img/train_t2_0883_1.png|eeeee             ee      eeeeee e          e   eee        e  e         e  e  e     eee               e     e    ee   e
/data3fast/users/mbermudez/de_03/TFGDataset/img/train_t2_1244.png|eeeeeeeee    ee e e e        eee e e  ee e            e   e  ee    ee     ee e   e e eee          ee                   
/data3fast/users/mbermudez/de_03/TFGDataset/img/train_t2_0500_2.png|eeeeeeeee e              eeeeee  eeeeeee ee                eeee        eeee ee           ee            e   e         e 
/data3fast/users/mbermudez/de_03/TFGDataset/img/train_t2_0994_2.png|eeee     e    e              e e ee   eeee                ee      e  ee e                ee                  ee        
/data3fast/users/mbermudez/de_03/TFGDataset/img/train_t2_0074_0.png|eeeee e     ee    e eeeeee e  eee  eee ee eee  e   e   ee         e e      eeee     eee   ee   eeeee e ee       ee     
/data3fast/users/mbermudez/de_03/TFGDataset/img/train_t2_1139.png|eee               e   ee    e  e  e          ee   e     e  eeee  eeeeee e e         eeeeeee               eeee         
/data3fast/users/mbermudez/de_03/TFGDataset/img/train_t2_0479_1.png|eeeeeee e      e         e      ee     ee      eee e       e        eee   ee e  e      eee     ee  e  eeee      ee     
/data3fast/users/mbermudez/de_03/TFGDataset/img/train_t2_0964_1.png|eeeeeee  e               eeeeeeeee ee eeee  e  ee          e eeeee     eeeee ee  e ee     e e  e  e      e     e       
/data3fast/users/mbermudez/de_03/TFGDataset/img/train_t2_0775_2.png|eeeeee  eeeeeee  eeeee  e     e e              e    eeee           e  ee          ee       eee   e            e   e  e 
/data3fast/users/mbermudez/de_03/TFGDataset/img/train_t2_0731_1.png|eeeeee ee e   e e   e          e           ee     e eee              eee e     eee          ee  ee                     
/data3fast/users/mbermudez/de_03/TFGDataset/img/train_t2_1412_2.png|eeee e      e ee     eee  e e e e  eee   eeeee       e  eee  eee eee ee  e           e  eee  eee    e  e     eee   e  e
/data3fast/users/mbermudez/de_03/TFGDataset/img/train_t2_0090_0.png|deeeeeeeee e e eeeee    ee           eeeeee                e  eeee ee    e  e                       eeee      e   eee  
/data3fast/users/mbermudez/de_03/TFGDataset/img/train_t2_0280_0.png|deeeeeeeeee      e    eee     e e   eeeeee  eeee  ee  e   e   e e  e eeee   ee  e          e  e e       ee             
/data3fast/users/mbermudez/de_03/TFGDataset/img/train_t2_0007_1.png|eee e       ee    eee     e e             eee        e  e         eeeee   eee      e   ee   e  ee            ee  ee   e
/data3fast/users/mbermudez/de_03/TFGDataset/img/train_t2_0826_0.png|eeeeee        eee    e     ee   eee          eeeeee    eee  e             e  e  e e ee     eee   ee      eee e ee   e  
/data3fast/users/mbermudez/de_03/TFGDataset/img/train_t2_1179_1.png|eeee  eee  e  ee e   e    ee         e  e        eeee  e          e ee                   eeee   eeee    eeeeee   e  e e
/data3fast/users/mbermudez/de_03/TFGDataset/img/train_t2_0187_0.png|eeeee  eeee    ee e    eee e eeeee e          e  eeeeeee e   ee                         eee  e   eee  eeeeeeee         
/data3fast/users/mbermudez/de_03/TFGDataset/img/train_t2_0215_2.png|eeeee  eee e   ee              eee    e e        ee      ee  e   eeee ee eee      ee  e         e       e        eee e 
/data3fast/users/mbermudez/de_03/TFGDataset/img/train_t2_1273_1.png|deeeeeee           e ee   eeee       ee     e e     e  eeeee e      e e eeee  eee   eeeeeee  e e ee eeee    eeee     e 
/data3fast/users/mbermudez/de_03/TFGDataset/img/train_t2_0559_2.png|eeee eeee        ee        e eeeee    eeee           ee   e   e     eeeee e e      e e e   ee      eee e   e e         
/data3fast/users/mbermudez/de_03/TFGDataset/img/train_t2_0005.png|deeeee ee    e e              ee     eee eeee                  e eeee e          e      e   e       eee e       e eee  
/data3fast/users/mbermudez/de_03/TFGDataset/img/train_t2_0783_0.png|eeeeee       ee   eee e   e   eeeee    eee   e  eee    eee   ee eee e     eee e  e ee e ee eeee  eeeeee eee  eee e   e 
/data3fast/users/mbermudez/de_03/TFGDataset/img/train_t2_0833_0.png|eeeeeee e   e                                 eeee ee      ee          ee       e  ee         eeeee         eeee      e
/data3fast/users/mbermudez/de_03/TFGDataset/img/train_t2_1186.png|eeeeeeeeeeeeeeee  eee   e   eee e   e                 eeeee         eeeee             eeeeeeeeee      e   ee        ee 
/data3fast/users/mbermudez/de_03/TFGDataset/img/train_t2_1369_2.png|eeeee ee        e        e         eee  e e eee  eeee              e   eee   ee e e e    ee   e  e       ee    e  e    
/data3fast/users/mbermudez/de_03/TFGDataset/img/train_t2_0454_0.png|deeeeeeeeee  e    e e        e e e          e    e e     eeee         e     ee ee   e ee  e ee   ee    e  eee ee  ee   
/data3fast/users/mbermudez/de_03/TFGDataset/img/train_t2_0106_2.png|eeeee eee   e eee    eeee eee e   e    ee   e    e    eeee  ee    ee e e          e      e e  e      ee    e  e  ee ee 
/data3fast/users/mbermudez/de_03/TFGDataset/img/train_t2_0889.png|deeeee    eee     eeeeeeee  e   e                    e e  eeee ee      e e e   ee   e   ee   e  e  ee ee         e  e  
/data3fast/users/mbermudez/de_03/TFGDataset/img/train_t2_1351_2.png|deeeeeeeeeee    e      ee    e         e e          e                      eee e              e     e      ee  e       
/data3fast/users/mbermudez/de_03/TFGDataset/img/train_t2_0518_1.png|eeeeee  e   eeeee   e           ee   ee eeee    e e      eee  eeee  e ee eeee    e  eeeeeeeeeeee  eeeee    eeee  e    e
/data3fast/users/mbermudez/de_03/TFGDataset/img/train_t2_0336_1.png|eeeeeeeee  ee    eee        eeeeeee ee e eeeeeeeee     eeee     eee      eeeee ee       e ee eeeeeeeeee  e eeee   e e  
/data3fast/users/mbermudez/de_03/TFGDataset/img/train_t2_0922_0.png|deeee   ee   eeeeeeeeeeee e   eeeeeeeeeeee ee     e       eee    eeee e e   e  ee   e   eeeeeeeee            e       e 
/data3fast/users/mbermudez/de_03/TFGDataset/img/train_t2_1154.png|eeeeeeeeeee eeeeee eeee  e   e     e     eee  eeee  e  eeeeee     eeeee      e   ee    e           eee  e    eeee ee   
/data3fast/users/mbermudez/de_03/TFGDataset/img/train_t2_0040.png|eeeeee    eeeeeeee       ee  ee ee        eeeee e eeee            ee  eee      e       eeee    e eeeeeeeee eeeee  ee e 
/data3fast/users/mbermudez/de_03/TFGDataset/img/train_t2_1104_1.png|eeeeee eeee  ee        ee       eee          eee  e     ee  e      eee      eeeee e e   e e         eeee     eee     ee
/data3fast/users/mbermudez/de_03/TFGDataset/img/train_t2_1136_2.png|eeee                e eee    ee        e  eee eee             eee     eeee e  ee  e ee e   eee  eee ee      eee e     e
/data3fast/users/mbermudez/de_03/TFGDataset/img/train_t2_1045_2.png|eeeeee e eeeee   eeeeeee             ee  eeeeeee     eeeee  e          eeee e   eee  e e  eeee eeee   eee ee  ee  ee   
/data3fast/users/mbermudez/de_03/TFGDataset/img/train_t2_1283.png|eeeeeee      e eeeeee e     e  e eeee      eee  eeeeeeeee   e  eee e   e eeee e eee e ee  e     eee         eeeeee     
/data3fast/users/mbermudez/de_03/TFGDataset/img/train_t2_1100.png|eeeeeee  ee  e e       eee   eeeeeeeeeee     eeeeee ee        e e  ee             eee  e       ee e    e     eee       
/data3fast/users/mbermudez/de_03/TFGDataset/img/train_t2_1475_1.png|eeeeee e    eee         eeee       eeeee   eeeee ee e     e  eeeeeeeeee         ee     e    eeeee  e    eeeee      e   
/data3fast/users/mbermudez/de_03/TFGDataset/img/train_t2_0111_2.png|eeeeeee   ee   eee  e             ee       eeeee eeee        e e   eeee    e e      ee eee eee     e e              e  
/data3fast/users/mbermudez/de_03/TFGDataset/img/train_t2_1352.png|eeeeeee   e   e     eeeee         eeeeeee eeeeee     e eeeeeee     ee e ee        eeeeeee    e       eeeeee ee  eeeeee 
/data3fast/users/mbermudez/de_03/TFGDataset/img/train_t2_1043_0.png|eeeeeeee  e    ee eeeeeeeee e  eee    ee    e eeeeeee eeeeeeeeee e     ee    eeee e     e ee      ee      e eeeeeeeee  
/data3fast/users/mbermudez/de_03/TFGDataset/img/train_t2_0397_2.png|eeeeeeee      eeeeeeeee       e eeeeeee e  eeee e  eee ee     eee    eeeeeeeeeee       e        e      eee       e  eee
/data3fast/users/mbermudez/de_03/TFGDataset/img/train_t2_1089.png|eeeee e eeee      e   eeeeee     eee     ee         eee  ee   eeee e   e e  ee ee     eee e   e  eeeee           ee eee
/data3fast/users/mbermudez/de_03/TFGDataset/img/train_t2_0760_1.png|deeeeeeeee    eeeeee e ee e eee   eeeee  eeeeeeeee eeeeeeee e  ee e ee     eeee   eeeee eeeee e e e      e    eeeeeeee 
/data3fast/users/mbermudez/de_03/TFGDataset/img/train_t2_1430_1.png|eeeeee eeee eee                   ee e eeee     eeee   eeeeeeee eee e     eeeee ee  eee  e      eeee e e e  eeeee      
/data3fast/users/mbermudez/de_03/TFGDataset/img/train_t2_1421_2.png|eeeeeeeeee     ee eeee eee     e     e   ee ee             ee eeee          e e e  eeee       e     e ee  ee     eee  e
/data3fast/users/mbermudez/de_03/TFGDataset/img/train_t2_0295_1.png|eeeeeee e  e eeeeeee    e     e ee e   e   eeee   ee e   e         eee e   e eeeeeeee       eeeeeeee      e eeeeeeeeeee
/data3fast/users/mbermudez/de_03/TFGDataset/img/train_t2_1151_1.png|eeeee          eeeeeeeeee   eeeeeeeee   ee  eeeee       e eeee     eee e e eeeeeeee ee  eee     eee eeeee eee e  eee   
/data3fast/users/mbermudez/de_03/TFGDataset/img/train_t2_0706_2.png|eeeeee e  eeeeeeeeee ee     eee          eeeee   e     e     eeeeeeeee      ee    eeeeeeeee eee    eeeeeeeee e     e   
/data3fast/users/mbermudez/de_03/TFGDataset/img/train_t2_0613_0.png|eeeeee ee          e  eeeee     ee e      eee      eeeeee  eeee      eeeeee e  eee       eee  eee   e  eeee e    eee ee
/data3fast/users/mbermudez/de_03/TFGDataset/img/train_t2_1073_0.png|eeeeeee      eeeee e  e eeeeeeee      eee     eeeeeee e  e  e e    eee     ee  e  eee     eeeee e   e    e             
/data3fast/users/mbermudez/de_03/TFGDataset/img/train_t2_0478.png|eeeeeeee   eee ee  eeee  eeeee  ee   eeeee eeeeeee eeeeeeeeeeeeeee  ee eeeee eeeee    e  e   ee eeeee eee    eee eee   
/data3fast/users/mbermudez/de_03/TFGDataset/img/train_t2_0724_2.png|eeeeeeeeeeeeeeeeeee   eeeeeeee e e   eee ee  ee eeee e ee e   eeeeeeeee  e  e e e  eeeeeeeee e  ee  ee e  eeee     ee e
/data3fast/users/mbermudez/de_03/TFGDataset/img/train_t2_0253_1.png|eeeeeee e eee  e    e  eee   e  ee e   ee  eee  e       e ee  eeeeeeee e  eee e  eeee   eee eeeee e ee  e   e e       e
/data3fast/users/mbermudez/de_03/TFGDataset/img/train_t2_0947.png|eeeeee   eeeeee e      ee   eeee   e  eee eeeeeeeeeeeeeee eee  eeeeeee   e   eeeeeee e ee     e ee eeeee       eeeeeee 
/data3fast/users/mbermudez/de_03/TFGDataset/img/train_t2_0866.png|eeee  e  e ee          eeee eeeeeeee   e  e    eeee       eeee    eeeee e eeeee ee  e     eeeeeeeeeee      eeeeeeeeee  
/data3fast/users/mbermudez/de_03/TFGDataset/img/train_t2_0117_1.png|eeeeeeeeeee e  e e   eeeeeeeee eeeeeee      e  e   e ee    e  e eeeeeeeee  eeee      eee    e       ee      eeeee    ee
/data3fast/users/mbermudez/de_03/TFGDataset/img/train_t2_1393_2.png|eeeeee    e       eeee      e eeeee     eeee  eeeeeeeeeee    eeeeeee eeeeeee  e  e eee      eeeeee     eeee ee    ee ee
/data3fast/users/mbermudez/de_03/TFGDataset/img/train_t2_0422_0.png|eeeeeee  eeeeeeeeeeeeeeeeee    e    e eee    e   e e eeeeeeeee       eeeeeeeeee eeeeee  eee e e eee e    eeeee     e   
/data3fast/users/mbermudez/de_03/TFGDataset/img/train_t2_1037.png|eeeeee  e eeeee e e   ee ee    eee   e  eee ee e e      e     eeeeeeeeee  eeeeeeee    ee eee   eeeeeeee  eeeeeeeeee  ee
/data3fast/users/mbermudez/de_03/TFGDataset/img/train_t2_0825_1.png|deeeee e ee  eeee e e  ee ee  eee  eeeeeeeeeeeeeeee   ee e eeeeeeee eeeeeee eeee eeee     eeeeeee e    eeeeeeeeeeeee  e
/data3fast/users/mbermudez/de_03/TFGDataset/img/train_t2_1197_0.png|eeeee eeeeeeee   eeeee eee eeee e   ee    eeeeeeee  eee  eeeeeeeeeeeeeeeee  eeeee eeeee   e eeeeeeeeeeeee e e  eeee    
/data3fast/users/mbermudez/de_03/TFGDataset/img/train_t2_1474_1.png|eeeee   ee             e   e     eee  e    ee    e eeeeeee ee   eeee      eee    eeeeee ee  e      eeee eee eeeee  eeee
/data3fast/users/mbermudez/de_03/TFGDataset/img/train_t2_0481_1.png|eeeeeeeeee eeeeeeeee eee  eeee  eeeeeeee  e  eeeeeeeeee   e   eeeee  eeee e ee     eee     e eeeeee ee  eee e  e eee ee
/data3fast/users/mbermudez/de_03/TFGDataset/img/train_t2_0878_1.png|eeeeeee eeeeee eeeeee eeeeeeee ee e eeee eee      e   ee eee e eeeee   eee e eeeeeeeeee    eee   ee e    eeeee  ee    e
/data3fast/users/mbermudez/de_03/TFGDataset/img/train_t2_0243.png|eeeeeeeeeee e eeeeeeeee   eeeeee    e  e ee       ee eeeeeeee     eeee  eeee eeeeeeee e  e    eee e eeeeeeeeee ee   eee
/data3fast/users/mbermudez/de_03/TFGDataset/img/train_t2_0260_0.png|eeeeeeee    eeeee  e ee  e           e  ee    ee      e ee  eee eeeee  eeeeeee   eeeeeeeee eee      eee  eeeeeeee eeeee
/data3fast/users/mbermudez/de_03/TFGDataset/img/train_t2_1188.png|eeeeeeeee  eeeeeee eee  eeeeeeee e   e     e   eeee   ee  eeeeeee  eeeeeeee     ee     eeeee     ee   eeeeeeeeeeeee e  
/data3fast/users/mbermudez/de_03/TFGDataset/img/train_t2_0517_2.png|eeeeeeeee      eeee  eee     eeeeee eeeee    eeeeeeeeeeeeee e eeeeeee  e   e  eeeeee eee  e   eeeeeee   e   eee eeeeeee
/data3fast/users/mbermudez/de_03/TFGDataset/img/train_t2_1392.png|eeeeeeee    eeee   e eeee e      eeeeeeeee eee       eeeeeee  eee  ee    eeeee    eeeeeee   eee   ee  e    eee      eee
/data3fast/users/mbermudez/de_03/TFGDataset/img/train_t2_0053_0.png|eeeeeeeeee      eee    ee ee eeeeeeeee eeee  eeee e           eeeeeeeeeeeeeeee    eeeeeeee eee e ee     eeeee e  eee   
/data3fast/users/mbermudez/de_03/TFGDataset/img/train_t2_0109_2.png|eeeeeeeeee  ee eeeee     ee    eeeeeeeeeeeeeeeeeeeeee eeeeeeeeeee eeeeeeee  ee e ee   eee e  eeeeeeeeee eee    e eeeeee
/data3fast/users/mbermudez/de_03/TFGDataset/img/train_t2_1035_2.png|eeeeeeeee       e   ee eee  ee   ee eeeee  eeee ee eeeee     e     e  eeeee    eeeee eeeeeeeee e  eee eeeee eeeee  e   
/data3fast/users/mbermudez/de_03/TFGDataset/img/train_t2_0985_0.png|eeeeee    e eeeeeeeeeeeeee eeee e   e ee eee eeeeeeeee eeeeeee eeeeeeeeeeeee    eee  ee   e    eeeeeee eeeeee     eee  
/data3fast/users/mbermudez/de_03/TFGDataset/img/train_t2_0689_1.png|eeeeeeeee eeeeeeeee  eeeeeeeee   eee eeeeee   eee eeeeeeeee eeeeeee ee eee     eeeeeeeeeeeee eee  eee  e    eeee  eee e
/data3fast/users/mbermudez/de_03/TFGDataset/img/train_t2_0832_0.png|eeeeeeeeee eeeeeeeeee   e  e   ee eee e    eeeeeee e  ee eeeeeee e    ee  eeee eeeeeeeeeeee  ee eee  ee   e eeeeeeeeeee
/data3fast/users/mbermudez/de_03/TFGDataset/img/train_t2_0848_2.png|eeeeee eeeee e  eee eeeeeeeeeeeeeeeeee ee eeeeee eeeeee e eeee ee  ee eee   eee eee   eeee   ee e    eeee eeeee   eeeee
/data3fast/users/mbermudez/de_03/TFGDataset/img/train_t2_0929.png|eeee e  ee     e  eeeeeeeee eeeee ee  eee eee   ee   eeeeeeeee  ee eeeeeee eeeeeee eeeeee e     eee     e   ee eee    e
/data3fast/users/mbermudez/de_03/TFGDataset/img/train_t2_0609_0.png|eeeeeeeeeeeeeeeee   ee e  e     e e    e      eeeeeeeeeeeeeeeeeeeee ee  ee  e   eeee   ee   eeeeeeee    eeeeeeeeeeeeeee
/data3fast/users/mbermudez/de_03/TFGDataset/img/train_t2_0376.png|eeeee e eeeeee ee  eeee ee   eeeeeeeeeeeeeee  ee     ee     e eeeeee eeee e  eeeeeeeeeeeeee  eee e eeeeeeeee   eeeeeeee
/data3fast/users/mbermudez/de_03/TFGDataset/img/train_t2_1301.png|eeeeeee e      eeee  ee   eeeeeeeeeeeeeeeeeeeeeeee eeeeeee eeeeeeeeeeeee eee      ee   eee e   eeeeeeeeeeeee ee    eeee
/data3fast/users/mbermudez/de_03/TFGDataset/img/train_t2_1130.png|eeeee e eeee  ee   eeeeeeeee eee eeeeee     eeeeee    ee eeeeeee  eeee eeeee eeee   e  ee eee   e  e e   eeeeeeee  e ee
/data3fast/users/mbermudez/de_03/TFGDataset/img/train_t2_0532_0.png|eeeeeeeeeee eeeee    eeeeee e eeeee   eeeeeee    eeeeee  eeeeee eeeee   eeeeeeee ee   eeeeeeee   e    eeeee     eeeeee 
/data3fast/users/mbermudez/de_03/TFGDataset/img/train_t2_0327_2.png|eeeeeeeeeeeeeeee e   e  e   ee eeee e eeee e eee ee e eeeeeee    eeeee   eee eeeeeeeeeeeeeeee ee eeeee eeeeee  e  eeeee
/data3fast/users/mbermudez/de_03/TFGDataset/img/train_t2_0317_1.png|eeeeeeeeeeeeeeeeee  eeeee  eeeee ee e eee  eeee  ee e eeeeeeeeeeeeeeeeeee  e   eeeeeeeee  eeeeeeeeeeee    ee  eeeeeeeee
/data3fast/users/mbermudez/de_03/TFGDataset/img/train_t2_0288_1.png|eeeeee        eeee  eee      eeeeee eeeeee ee  eee eeeeeee eeeeeeeeeeee eee ee ee eeeeeeeeeeee  e eee     eeeeeeeeeeeee
/data3fast/users/mbermudez/de_03/TFGDataset/img/train_t2_1268_2.png|eeeeeeeeeeeeeeeeeee eeeee  eeeeeeeeeeeeeeeeee  eee  eeeeeee eeeeeee      eeeeeeeeee ee e e eeeee   eeeeeeee e eeee eeee
/data3fast/users/mbermudez/de_03/TFGDataset/img/train_t2_1410_0.png|eeeeeeee  ee   eeeeeeee eeeeee    eee  eeee  eeeeeeeee  eeeeee  e  eeeeeeeeeeeee  ee  eeeeeeeeeeeeee eee eee     eeee e
/data3fast/users/mbermudez/de_03/TFGDataset/img/train_t2_0784_0.png|eeeeee   eeeeeee ee eeeeee eee ee eeeee ee eeeeeee   ee eeeeee    eeeeeee e   eee e e  eeeeeee  ee e ee ee e eeeeeeeeee
/data3fast/users/mbermudez/de_03/TFGDataset/img/train_t2_0904.png|eeeeeeeeeeeeeeeeee    ee ee eeeeeeeeeeeeee  e eeeeeeeeeeeeeeeee e    eeeee  eeee e   eeee eeeeeeeeeeeeeeeeeeeeeee eeee 
/data3fast/users/mbermudez/de_03/TFGDataset/img/train_t2_1372.png|eeeeeeeeeeeeeeee ee  eeee  e e e eeeeeeeee ee eeeeeeeeeeeeee e e    eeee eeeee e eeeeeeee      eeeeeeeeeeeeeeeeeeeeeeee
/data3fast/users/mbermudez/de_03/TFGDataset/img/train_t2_0542.png|eeeeee eeeee     e ee eeeeee ee eeee  e eeeee eeeeeeeeeeeeeeeee ee        ee  e eeeeeeeeeeee eeeeeeeeeeeeeeeeeeeeee eee
/data3fast/users/mbermudez/de_03/TFGDataset/img/train_t2_1049_1.png|eeeeeeeeee   eeeeeee    eee  ee eee  e  eeeeeeeee  e    eee   eeeeeeeeeee eeeeeeeeeeeeeeeee  e ee  e  ee  eeeeeeeeeeeee
/data3fast/users/mbermudez/de_03/TFGDataset/img/train_t2_0158.png|eeeeeee   eeeeeee e eeee eeee   ee  ee     eeeeeeeee  eeeeeeee     eeeee eeeeeeeeee eeeeeeee  eeeee  e    e   e  eeeeee
/data3fast/users/mbermudez/de_03/TFGDataset/img/train_t2_0652_1.png|deeeeee  eeeeee eeeee e   e eeeee eeeeeee   eeeeeeee  eeeeeeeeeeeeeee  ee ee  eeee  eeeeeeeeeeeeeeeeeeeeee       eee  e
/data3fast/users/mbermudez/de_03/TFGDataset/img/train_t2_1290.png|eeeeeeeeeee          eeeeeee eee e  e eee eeeeeeeeeeeee eeeeeeeeeee   e ee eeeee          eeeeee  eeeeee ee e   ee eeee
/data3fast/users/mbermudez/de_03/TFGDataset/img/train_t2_0866_0.png|eeeeeeeeeeee e  ee e    e  ee e  e eeeeeeeeeee eeeee      eeee  e  eeee  e eeeeeeeeee   eeee eeee ee ee  eee e  ee eeee
/data3fast/users/mbermudez/de_03/TFGDataset/img/train_t2_0001_1.png|eeee eeeeeeeeeeeeeeeeeeeee   eee ee    ee  e    eee   eeeeeee ee   eeeeeeeeeeeeeeeeeee     e  ee   eeeeeeeeeeeee eeeeee
/data3fast/users/mbermudez/de_03/TFGDataset/img/train_t2_0360_2.png|eeeeee  e      eeeeeeeeeeeee eeeeeee   eeeeeeeeeee   eeeee  e  eeee   eeee    eee eeeeeeeeeeeeeeeeeeeee   eeeee      ee
/data3fast/users/mbermudez/de_03/TFGDataset/img/train_t2_0294_1.png|eeeeeeeee  eeeee   ee      e  e   eee eeeeeee   ee eeeeeeee   eeee     eeeeeee ee    eeeeee e  eeeeeeeeeeeeeeeeeeeee ee
/data3fast/users/mbermudez/de_03/TFGDataset/img/train_t2_0875_1.png|eeeeeee  eeeeeeeeeee  ee  ee           ee eee  eeeeee  eeeeeeeeeee  ee  eeeeeeee eeeeeee ee eee  ee ee e  ee  eeeeeeeee
/data3fast/users/mbermudez/de_03/TFGDataset/img/train_t2_1076.png|eeeeeeeeeeeeeeeee eee e ee e  eeeeeee  eeee   e   eee eeeeee eeeeeee eeeeeee ee  e  eeeeeeeeeeeeeeeeeeee eeee    eeeeee
/data3fast/users/mbermudez/de_03/TFGDataset/img/train_t2_1330_1.png|eeeeeeeeeee         eeeeeeeeeeeeeeeeeeeeeeeeeee   eeee e eeeeeeee eeee  eeee  e  eee   eeee eeee  eeeee e       eeee ee
/data3fast/users/mbermudez/de_03/TFGDataset/img/train_t2_0986_2.png|eeeeeeeeeeeeeeeeeeeeeeeeeeeeee eeeeeeeeeeeeeeeeeee eeee eee eee ee e    e  ee    eeeeee   eee e eeeeeeeeeeeeeeeeeee  ee
/data3fast/users/mbermudez/de_03/TFGDataset/img/train_t2_0225_0.png|eeeeeeee eeeeeeeeeeee  eeeeeeeeeeeeeeeeeeee ee   eeeee   e e  ee eee  eeeee eeeeeee  e  eeeee         eeeeeeeee eeeeeee
/data3fast/users/mbermudez/de_03/TFGDataset/img/train_t2_0888_2.png|eeeeeeeeeee e eeeeeee ee  eee eeee  eeee   e eeee ee        eeeee     eeeeeee e eeeeee eeeee eeeeeeee  ee ee  e e   eee
/data3fast/users/mbermudez/de_03/TFGDataset/img/train_t2_0015_2.png|eeeeeeeeeeeeeeee e e  eee eeeee  eee   eee   e eeeeeeeee   eee ee  eeee eee eeeeeeeeeee    ee ee       eeeee e  e   e  
/data3fast/users/mbermudez/de_03/TFGDataset/img/train_t2_0650_0.png|eeeeeeeeeee eee      eeeeeee e    eeeeee e e e eeeeee   eeeeee e  ee e  eeeeeeeeeeeeeeeeeeeeeeeeeeee    eeeeee        e
/data3fast/users/mbermudez/de_03/TFGDataset/img/train_t2_0327.png|eeeeeeee     eeeee ee eeeeeeeeeeeeeeeeeeee eeeeeeeeeeeee e  ee e eeeeeeee eee     ee eeeeeeeeeeee    eee eeeee eeeee ee
/data3fast/users/mbermudez/de_03/TFGDataset/img/train_t2_0912_1.png|eeeeeee  ee    eee eeeeeeeeee eeeeeee eee eeeeeeee ee  ee eeeeeee      eeeeee   ee   ee eeeeeeeeee eeeee    eee eeeee  
/data3fast/users/mbermudez/de_03/TFGDataset/img/train_t2_0527.png|eeeeeeeeeee eeeeeee     ee eeeeeee eeeeeeeeeeeeeee eeee eeeeee eeeeeeee   eee eee     ee    eeeeeeeeee ee   eeeeeeeeeee
/data3fast/users/mbermudez/de_03/TFGDataset/img/train_t2_1322_1.png|eeeeeee ee   eeee  eeeeeee ee  eeeeeeee ee eeeeeeeeee   ee   ee e   e eeee    eeeeeee eee    e eee eeeeeeeee eeeeeeeeee
/data3fast/users/mbermudez/de_03/TFGDataset/img/train_t2_0038_2.png|eeeeeeeeeeee  e  eeeeeeeee e  eee  eee  e  eeeeeeeeee eeeeee ee eeeeee  eeee e  eeeeee  eeeeeeee   eeeeeeeeeeeeeeeeeeee
/data3fast/users/mbermudez/de_03/TFGDataset/img/train_t2_0300.png|eeeeeeeeee eeeee  e  ee e  eeeeeee eee eeeeee   eeee  eeee ee  eeeeeeeeee eee eeeee    ee e ee eee ee eeeeeeeeee eeeeee
/data3fast/users/mbermudez/de_03/TFGDataset/img/train_t2_1105_1.png|eeeeeeeeeeeeeeeeeeeeeeeeeeeee  eeee     eeeeeeeeeee    eeeeeeeeee e eee e eeeeeeeeeeee   eeeee e  e      e       ee    
/data3fast/users/mbermudez/de_03/TFGDataset/img/train_t2_0076.png|eeeeeeeeee eee    ee  eeeeeee   e eeeeeeeeee e  eeeeeeeeee eeee  eeeeeeee ee eeeee e  eeeee   eeeeeee eee  eeee  ee eee
/data3fast/users/mbermudez/de_03/TFGDataset/img/train_t2_0019_1.png|eeeeeee  eeee     eee eee e  ee ee e eeee eeeeeeeee eee      eeee ee ee eeeeeee  e eeeeee e  eeeeeee    eeee e ee  eeee
/data3fast/users/mbermudez/de_03/TFGDataset/img/train_t2_0127.png|eeeeeeeeeeee eee eeeee   eee ee  eee  eeee  e eeee   ee  e eeeeeee eeeee eee   eeeeeeeeee eeeeeeeeeeeeeeeeeeee      eee
/data3fast/users/mbermudez/de_03/TFGDataset/img/train_t2_1338_1.png|eeeeeeeeeeeeeeeeeeee  ee e  eeeeeee  e   e e  eeee     eeeeeee   ee eeeeeeeee eeeeeeeeeeeeee  eeeeeeeeeeeeeeeeeeeeeee e
/data3fast/users/mbermudez/de_03/TFGDataset/img/train_t2_0329_1.png|eeeeeeeeeeee e  eeeeeeee  eeeee    e eee      ee ee    eeeeeeeeeee eee  ee   e   e ee e    ee e ee ee    eeeeeeeeee    
/data3fast/users/mbermudez/de_03/TFGDataset/img/train_t2_1054_1.png|eeeeeeee e       e ee eeeeeeee ee eeeeeeeeeeeeeee  eeeeeee eeeee  e e ee eee e e   e  eee eeeeeeeeeee eee e eeeeeeeee  
/data3fast/users/mbermudez/de_03/TFGDataset/img/train_t2_1158_1.png|eeeeeeeeeeeeeeeeeee eee e     eeeeeeeee   eeeeeeeeeeee eeeeeeeeeeee   ee  eeee  e  eeeeeeee eeee e      eeeee e eeeeeee
/data3fast/users/mbermudez/de_03/TFGDataset/img/train_t2_0749_0.png|eeeeeee    ee  ee eeeeeeeeee  e  eeeee   e eeeeeee eeeeeee    eeeeeeeeeeeeeeeeeeeeeeeeeeeeeeeeeeeeeeeeee eeeeeee   eee 
/data3fast/users/mbermudez/de_03/TFGDataset/img/train_t2_0723.png|eeeeeeee    eeeeeeeeeeee    eeeeeee  eee   ee   eeee   eeee eeee ee e   eee  ee    ee  eeeee   eeeeeeee    e    eeeee  
/data3fast/users/mbermudez/de_03/TFGDataset/img/train_t2_1464.png|eeeeeeeeeeeeeeeeeeeeee  e  e   e   eeeeee     ee eeee e    eee  eeeeeeee  eeeee eeeee eeeeeeeeee   eee eeeeeeeee      e
/data3fast/users/mbermudez/de_03/TFGDataset/img/train_t2_1471_1.png|eeeee  eeeeeeee  eee  e  e   e e ee e  eee e e  eeeeeeee    eeeee eeeee e  eeeeeeee ee  eeeeee ee eeeeee eeeeeeee  eeee
/data3fast/users/mbermudez/de_03/TFGDataset/img/train_t2_0952.png|eeeee      e  ee ee    eeeee  e   eeeeeee ee eeeeeeeeee   ee ee ee eeee  eeeeeeeeeeeeee ee   e       eeeee e eeeeee  ee
/data3fast/users/mbermudez/de_03/TFGDataset/img/train_t2_0856_1.png|eeeeeeeeeeeeeeeeeeee eeeeeeee  eeeeeeeeeeeee   e    eeeeeeeeeeeee  eeeeee eeeeee  eee eeeeee eeeeee  eee e   eeeeee ee 
/data3fast/users/mbermudez/de_03/TFGDataset/img/train_t2_0349.png|eeeeee e eeeeee ee e eeeeeee ee ee   ee  ee    eeeee  eeee eee   eeeeeeee eee  eeeeeeee eeeee e   eee eeeeeee  eeee   e
/data3fast/users/mbermudez/de_03/TFGDataset/img/train_t2_1247.png|eeeeeee ee  ee  eeeeeeeeeeeeee   e eee   eeeeeeeeee eeeeee eeeeeee eeeeeee  eeeee  eee  eeee    ee   eee   ee e e  eee 
/data3fast/users/mbermudez/de_03/TFGDataset/img/train_t2_0715.png|eeeeeeeee  e  eeeeeeee   eeeeeeee eeeeee eeeeee   eeeee eeeeee eee eeeeeeee ee  ee  e eeeeeeeeeee      ee    eeeeeeee e
/data3fast/users/mbermudez/de_03/TFGDataset/img/train_t2_0122_0.png|eeeeeeeeeee eee  e  e  eeeeeee eeeeeee eeeeeeee e  e eee e  eeee  eee   eeeeeeeeee eeeeee        eee   ee ee  eee eeeee
/data3fast/users/mbermudez/de_03/TFGDataset/img/train_t2_1452_0.png|eeeeeeeeeeeee ee  eeeeeeee e eeee        eeeee eeeeeeeeee  ee  ee ee ee ee eeeeeeeeee e  e e ee eeeeee   e ee    eeeeee
/data3fast/users/mbermudez/de_03/TFGDataset/img/train_t2_1476.png|eeeeee     ee eee ee eeeee    eeeee  eeeee  e  eeeee  eeeeeeeeeeee     eeeeeeeeee e   eeee eeeee eeeeeeeeee  eeeeeeeee 
/data3fast/users/mbermudez/de_03/TFGDataset/img/train_t2_0764_2.png|eeeeeeee eeee ee      e     e e   ee eeeee   eeee    ee    ee eeee  e  ee eeeeeeeeeeeeeeeeeeeeeeeeeee e eeeeeee eeee   
/data3fast/users/mbermudez/de_03/TFGDataset/img/train_t2_0042_0.png|eeeeeeee eeeeeeee eeee   e   eeeee eeeeeeeeeeeee   eeee      e eeeee eeeeeeeeee eeeee eeeee ee eeeeeeeeeeeee  ee e eee 
/data3fast/users/mbermudez/de_03/TFGDataset/img/train_t2_1176_2.png|eeeeeeeeee eeee    eeeeeee   eee   ee e  eeeeeee   e e   eeeeee  eeeeeeee  eeeeee eeeeeeeeeeeee         eeeeeee   ee e 
/data3fast/users/mbermudez/de_03/TFGDataset/img/train_t2_1027_0.png|eeeeeeeeee   eee ee  eeeeeee   eee    e eeeeee   eeee           eeeeeeeeee  e eeeeee   eeeeeeeeeee     e   eeeeeeeeeee 
/data3fast/users/mbermudez/de_03/TFGDataset/img/train_t2_0825_2.png|eeeeeeeeeeeee eeeeeeee       eeeeeeeeeee e ee ee   eeeeee   e eeeee eeeeeee e e eee ee   eeeeee eeeeeeeeee e eeeeee ee 
/data3fast/users/mbermudez/de_03/TFGDataset/img/train_t2_0879_0.png|eeeeee e e  eeeeeeee e    eee       e e eeeee  e eee eeeeeee     eeeeeeeeeeeeeeeee      eeeee  eeeeeeeeee ee eeeeeee   
/data3fast/users/mbermudez/de_03/TFGDataset/img/train_t2_0651_1.png|eeeeeeeeee  eeee     eeeeeee e ee  ee eeeeeeee  ee eeeeeee e eeeeeeeeeee ee ee    eeeee e eeee  eeeeee e  eeeeeeeeee  e
/data3fast/users/mbermudez/de_03/TFGDataset/img/train_t2_0562_1.png|eeeeeeeeeeee  e           ee eeeee    eeee eeeeeee       eeeee ee eeeeee eeeeee   ee      eeee eee  eee  eeeeeee eeeeee
/data3fast/users/mbermudez/de_03/TFGDataset/img/train_t2_0917_1.png|eeeeeeeeeeeeeeeeeeeee e  ee  eee ee  eeeeeeeeeee eeeee ee eeeeeeeeee  eeeeeeeeee e   e    eeeeeeeeeeeeee  eeeee     ee 
/data3fast/users/mbermudez/de_03/TFGDataset/img/train_t2_1133_1.png|eeeeeee eeee eeeeeee eee      ee   eeeeee eeee     e eee   eee eeeeeee       eee   e     eeeeeeeeeeee  e eee eeeeee eee
/data3fast/users/mbermudez/de_03/TFGDataset/img/train_t2_0638_2.png|eeeeee eee ee    e  ee eee    e     ee  eeeeeee    eeeeee   e   eee  eeee  e  eeeeee eeee e eeee  e e  eeeee eeeeeeee  
/data3fast/users/mbermudez/de_03/TFGDataset/img/train_t2_0862_2.png|eeeeeeeeee  eeeeeeeeeeeeeeee  eeeeee    eeeeee    e eee  eeeeeee eeeee e  eeee  ee eeee eee e e e eeeeee  e eeeee  eeee
/data3fast/users/mbermudez/de_03/TFGDataset/img/train_t2_1048_1.png|eeeeeeee eeeeeeeeeeeeeeeeeeeeeeee    e   eeee eeee eeee  eeeeeee e eeeeeeeeeeee eee  ee  eeeee e   eeeeeeeeeeeee eeeeee
/data3fast/users/mbermudez/de_03/TFGDataset/img/train_t2_1002_1.png|eeeeeee         e e   ee e  ee eeeeeeeeeeeeeeeeeeee  eeeee   ee    eeeeeeee  eee  eeeeeeeeeee  e   eeee eeeeee eeeeeeee
/data3fast/users/mbermudez/de_03/TFGDataset/img/train_t2_1302_2.png|eeeeeeee   e   eeeee eeeee   eeeeeeee eee  eeeeee e  eeeeeeeeeeeeeeeeeeee e    eeeeeeeeeee   eeee eeeeeeeeeeeee e   eee
/data3fast/users/mbermudez/de_03/TFGDataset/img/train_t2_0157_0.png|eeeeeeeeeeeeee  e eeee eee   e eeeeeeeeeeeeeeeeeee eeeeee     eeeee   eeeeee  e     e  ee     eee e      e e e ee ee ee
/data3fast/users/mbermudez/de_03/TFGDataset/img/train_t2_0087.png|eeeeeee   e e    e        eeee e   eeeeee e e  ee eeeeeee eeee eeee ee      e  e e  e e eeeeeeeee      eeeeeee eee eeee
/data3fast/users/mbermudez/de_03/TFGDataset/img/train_t2_1027_2.png|eeeeeeeeeeee   e eeeeeeeeee   ee ee       eeeeeee eee eeee  e   e eee eeeeeeee   eeeeee eeeeeee       eeeeee e       ee
/data3fast/users/mbermudez/de_03/TFGDataset/img/train_t2_1110_0.png|eeeeeee ee   ee e e   e  eeeeeeeeeee eeeeeee eeeeeeee ee        eeee e     eeeee     ee   eeeeeee    eeee    ee eee  e 
/data3fast/users/mbermudez/de_03/TFGDataset/img/train_t2_0242_1.png|eeeeeeeeeee ee  ee    eeeeeeeee e e e   ee  eeee eeeeeeeee  ee e  ee eeee e  ee e  ee     ee   eeee e      ee ee eee ee
/data3fast/users/mbermudez/de_03/TFGDataset/img/train_t2_1389_1.png|eeeee eeeee    e  e eee   e eeeee  ee eee     e eeeee  eeeeeeeeeeeeee eeee  e eeeee     eeeeeeeeee  ee eeee  e  e eee  
/data3fast/users/mbermudez/de_03/TFGDataset/img/train_t2_1166_2.png|eeeeeeeeeeee  eeeeeeee  eee e e  e      eeee  ee  e e   eee e eee eeeeeeeeeeeee ee  e eeeeeeeeeeeeeeeeeeeeee e  ee eee 
/data3fast/users/mbermudez/de_03/TFGDataset/img/train_t2_0156.png|eeeeeeeeeeeeeeee eeeeeeeeeee   e eeeeee  e     eee           ee       eee  e eeeee    eeeeeeeeeeee  ee eeeeeeeeeeeeeeee
/data3fast/users/mbermudez/de_03/TFGDataset/img/train_t2_0433_1.png|eeeeeeeeee  eeee e ee   eeeeee     eeeee      ee e eeeeeee      eeeeeeeeeeeeeeeee eeeeee eee e  eeeeeeeeee   eee     ee
/data3fast/users/mbermudez/de_03/TFGDataset/img/train_t2_1084_0.png|eeeeeeeeeee e      ee  ee  eeee  e    eeeeeeeeeeeeee  ee eeeeee   e   e eeeeeeeee  ee e  eeeee eee            ee eeee  
/data3fast/users/mbermudez/de_03/TFGDataset/img/train_t2_1006.png|eeeeeee ee e eeeeee eeee   e  e  e e eeeeeeee e  ee ee e  e  eeeeeeeeeee eeee   eeeeeee e    eeee eee ee   eeeeeee     
/data3fast/users/mbermudez/de_03/TFGDataset/img/train_t2_1110_1.png|eeeee   eeeee    eeeee ee     eeeee        eeeeee   eeeeeeee        e   e eeeeeeee  e eee eeeee e   eee  eeeeeeee   eee
/data3fast/users/mbermudez/de_03/TFGDataset/img/train_t2_0792_1.png|eeeee e        e eeeeeeeeeeeeeee    e       e  eeee ee    eee    e eeeeee ee eeeeeee      e    e   e            eee eee
/data3fast/users/mbermudez/de_03/TFGDataset/img/train_t2_1305.png|eeeeeeeeee  eeee eeeeeeeeee eee  eeee  eeee   ee   ee eee eee       ee ee e e eeee eeeeeeeeeeeeeeeeeeeee eeee e  eeee e
/data3fast/users/mbermudez/de_03/TFGDataset/img/train_t2_0222_2.png|eeeeeeeeee  ee   eeeeeeeeee ee  eeeee eee   e   eeee ee    ee     eee eeee     eeee       eee e  eeeeee eeeeeee eeee   
/data3fast/users/mbermudez/de_03/TFGDataset/img/train_t2_0074.png|eeeeeeeeeeeeee ee   e  eeee eeee eee     e eeeee  e    eeeee  e          e eeeeeee eeee      eeee   e     eee eee  e   
/data3fast/users/mbermudez/de_03/TFGDataset/img/train_t2_0417.png|eeeeeeeeeeeeeeeee e e e eeeeee  eeeeeeeee    eeeeeee  eeeeeeee e    e     eeeeeeeee e  e  eee  eeeee    eee  eee  eeeee
/data3fast/users/mbermudez/de_03/TFGDataset/img/train_t2_0628_2.png|eeeeee  eeeeeeeeeee      eee e     e       eeeee e eee   eeee  eeeeeeeee eeeee e ee eeeeeeeee e eeeeeeeeeeeee eeee  e  
/data3fast/users/mbermudez/de_03/TFGDataset/img/train_t2_0501.png|eeeeeeeeeeee   eeee  ee       e eee ee  eeeeeeeeeeeeeeeeeee  e      eee     eeee eee    eeeeeeeeeeeeeeeeeeeee  eee     
/data3fast/users/mbermudez/de_03/TFGDataset/img/train_t2_0459_0.png|eeeeeeee eee eeeeee eeee e        eee eeeeeee ee    ee   e eeeeeeeeee   e  eeeee  eeee  e   eeee eee eeeeeeee eeeee eee
/data3fast/users/mbermudez/de_03/TFGDataset/img/train_t2_1316_1.png|eeeeeee eeeeeeee      eeeeeeeeeeee    eeeeeeeee e e eee e e     e  ee      eeee e  eeeeeee    e         e  e   e   ee e
/data3fast/users/mbermudez/de_03/TFGDataset/img/train_t2_0522_2.png|eeeeeee   eeeeeee eee  e eeee   eeeeeeee    ee     eeee  eeee  e  ee ee eeee ee eeeeee eeee    eeeeeeeeee e ee  e     e
/data3fast/users/mbermudez/de_03/TFGDataset/img/train_t2_1273.png|eeeeeeee      e e  eeee  eeeeee      e eeeee eeee ee eee eeeee  e e eee  e ee eeeeee ee           eeeeeeeee eeeee  ee  
/data3fast/users/mbermudez/de_03/TFGDataset/img/train_t2_1327_2.png|eeeeeeeeee          eeeee eee  ee e  eee      e    ee e eeee ee ee ee     eeee  eeee e   eeeeeeeee e   eeee   ee   e   
