/data3fast/users/mbermudez/de_03/TFGDataset/img/train_t2_0793_2.png|bess aa eeeee    eeee   sschhsshheeNNN      cccchhhheeee
/data3fast/users/mbermudez/de_03/TFGDataset/img/train_t2_0433_1.png|geeeeeeeer rdee  aun hhhiinn    lllsh   nnd
/data3fast/users/mbermudez/de_03/TFGDataset/img/train_t2_0532_0.png|mmteeeeeeeeeeeeee nnnnn  lleennneer sssiie nneeee
/data3fast/users/mbermudez/de_03/TFGDataset/img/train_t2_0374.png|aaa   n  eccchhaaugllleeee  rrr al  ennnnsssss
/data3fast/users/mbermudez/de_03/TFGDataset/img/train_t2_1187.png|annnn    deeeee lll   uun eeehhhh    n d   iii haar
/data3fast/users/mbermudez/de_03/TFGDataset/img/train_t2_0280_0.png|ieennnn   eeee  aaaastttttth  ddrrreeeee
/data3fast/users/mbermudez/de_03/TFGDataset/img/train_t2_1345_0.png|gee  d    dd  tcchhiinnnnnaaata eeeee
/data3fast/users/mbermudez/de_03/TFGDataset/img/train_t2_1273_2.png|ceeess    dd    aaeeeet nnndeeneee u  eeeetthh
/data3fast/users/mbermudez/de_03/TFGDataset/img/train_t2_0001_2.png|gee  unuu   esleeeeeeeeeeee  d  sssaaa eeesseeh
/data3fast/users/mbermudez/de_03/TFGDataset/img/train_t2_0377_2.png|dass ttttttt  sssaaann eer  reeeeeesasaahttteee
/data3fast/users/mbermudez/de_03/TFGDataset/img/train_t2_0507_0.png|innneee  sssschhleeed eerreneeee   ssteeeeeccclle  dd
/data3fast/users/mbermudez/de_03/TFGDataset/img/train_t2_1138.png|areeeee   ddnnnee sssseeeeelhee   eesseeeee  deee
/data3fast/users/mbermudez/de_03/TFGDataset/img/train_t2_0417.png|sttttt  nnuu  sssee    sssssee  uu  ellgeedd   ****..*.
/data3fast/users/mbermudez/de_03/TFGDataset/img/train_t2_1470_0.png|in  rrlhhht ddee   ********         eeeeee  ass de eccee
/data3fast/users/mbermudez/de_03/TFGDataset/img/train_t2_0068_2.png|eettcccchhseeeNdde aaaddd   aah ddeeeennnnnaaalll
/data3fast/users/mbermudez/de_03/TFGDataset/img/train_t2_1177_2.png|beeeeeeeee ddd annddd rrrrtttttt eeennneeeeee
/data3fast/users/mbermudez/de_03/TFGDataset/img/train_t2_0834_2.png|iireeeegggeeeettt  resslllhhhheeeenn   ssss
/data3fast/users/mbermudez/de_03/TFGDataset/img/train_t2_0136_1.png|aasseeeeeeeeessseeN  s uu nneeee   llhh nneee******..
/data3fast/users/mbermudez/de_03/TFGDataset/img/train_t2_0294_1.png|"u  aaaa   rraatt  saaa ngellhheeeNNnnnneee s
/data3fast/users/mbermudez/de_03/TFGDataset/img/train_t2_0296_1.png|in    eeeeeett d r aaaa  eeee   ihhhieddd aa
/data3fast/users/mbermudez/de_03/TFGDataset/img/train_t2_1359_1.png|deeeeeeesss     ddeeeelllleee  esccc  dd  nnnnd  
/data3fast/users/mbermudez/de_03/TFGDataset/img/train_t2_0807_1.png|be  aach eeeennnnieeee   sssllsse    nnddee
/data3fast/users/mbermudez/de_03/TFGDataset/img/train_t2_1105_1.png|ee    arrreeeesslll  d esseeeeelhhtetti   d    eeeeee
/data3fast/users/mbermudez/de_03/TFGDataset/img/train_t2_1262_1.png|ssseee ccch ee  aalllh ndd aageee aahhtieeee
/data3fast/users/mbermudez/de_03/TFGDataset/img/train_t2_1345_1.png|gee  drr   ddrccthhee n aaaaaa leeett
/data3fast/users/mbermudez/de_03/TFGDataset/img/train_t2_0347.png|diittteeeeennnenntttttt aahhtt eee   aau
/data3fast/users/mbermudez/de_03/TFGDataset/img/train_t2_1477.png|geeeNessseN  uuu ddde   uussscch seeee nnn ttt 
/data3fast/users/mbermudez/de_03/TFGDataset/img/train_t2_1011_0.png|# 
/data3fast/users/mbermudez/de_03/TFGDataset/img/train_t2_0084.png|wnnn   ssssstt      .  s  echhi   eeee  ss      tiiiieeeeN
/data3fast/users/mbermudez/de_03/TFGDataset/img/train_t2_0982.png|dieeeeeeeennd  schhee  hhhh sssee   nee  cllllllcccchhh
/data3fast/users/mbermudez/de_03/TFGDataset/img/train_t2_1167_2.png|unnddeeeNsssscchheeeeeeeee  aaa  deeeeddeeeee
/data3fast/users/mbermudez/de_03/TFGDataset/img/train_t2_0476_1.png|deeeeee  annn       e 
/data3fast/users/mbermudez/de_03/TFGDataset/img/train_t2_0667_0.png|lllee  ddeeeee***   cccchheeee    aaaa ddrrrreeeeeee
/data3fast/users/mbermudez/de_03/TFGDataset/img/train_t2_0531_2.png|dieeeeeefuufsssschttt nnnninnnndeee aaa eeeeee
/data3fast/users/mbermudez/de_03/TFGDataset/img/train_t2_0929_2.png|ttt  ddrraaasssseee  nnd  cchh  nneeinnnnadde
/data3fast/users/mbermudez/de_03/TFGDataset/img/train_t2_1342_1.png|aan    ttseee nnnneeinnedes chhhee  deeesseeN uuu
/data3fast/users/mbermudez/de_03/TFGDataset/img/train_t2_0905_0.png|ggggn   ccchh  ddrr nndnn nn     
/data3fast/users/mbermudez/de_03/TFGDataset/img/train_t2_0816_2.png|und ss tteee    
/data3fast/users/mbermudez/de_03/TFGDataset/img/train_t2_0391_0.png|woeee  ssssed   hannd    enneeeiichhhheeeettt  dddeee
/data3fast/users/mbermudez/de_03/TFGDataset/img/train_t2_0138_0.png|aaa   ssrrrrrrr aauuuuuggeeeet  gggggeeeNNeed
/data3fast/users/mbermudez/de_03/TFGDataset/img/train_t2_0356_0.png|be  nnnneeen aaaaannas  nn  cchh  aaa  eeee  uun
/data3fast/users/mbermudez/de_03/TFGDataset/img/train_t2_1491_2.png|aass nnndeeee*******...    er cccccseeNN e  ssccnneee
/data3fast/users/mbermudez/de_03/TFGDataset/img/train_t2_0407_2.png|uu  eeeeeee   gggee       scccs dddessschhhhe
/data3fast/users/mbermudez/de_03/TFGDataset/img/train_t2_1244.png|hhheeNNeeeeett tttauuu eeee sthsssslle   eee
/data3fast/users/mbermudez/de_03/TFGDataset/img/train_t2_0223.png|leettt     
/data3fast/users/mbermudez/de_03/TFGDataset/img/train_t2_0518_1.png|der aaalh deeee   d riiieeinn    rrlllleetttt
/data3fast/users/mbermudez/de_03/TFGDataset/img/train_t2_1419_1.png|geee  nnddaattttttee   aaalleeeeeeeets  uueeeeeee
/data3fast/users/mbermudez/de_03/TFGDataset/img/train_t2_1027_0.png|iieeeeeelaauu eeee eesseeeNN e ssschhsseeerrr
/data3fast/users/mbermudez/de_03/TFGDataset/img/train_t2_1462_1.png|aanderichhh  de   cceeN   d  miieeeennnnnssss
/data3fast/users/mbermudez/de_03/TFGDataset/img/train_t2_0263_0.png|nnn cchhhss  dd  aaaahhttttiin  ddrrrelhheeeN
/data3fast/users/mbermudez/de_03/TFGDataset/img/train_t2_0423_2.png|wiin aalllle  ndd  tttteeeeeeeeenn   ccllh
/data3fast/users/mbermudez/de_03/TFGDataset/img/train_t2_1022_2.png|deeNN  eeggggeett u dessseeeeeeeeesseeee nn
/data3fast/users/mbermudez/de_03/TFGDataset/img/train_t2_0422_0.png|eesshhhhh annddee    eeess uuuugee uunneeecccch
/data3fast/users/mbermudez/de_03/TFGDataset/img/train_t2_1313_1.png|ass     aasssthee ndd   a    e  allllliiin eesssee
/data3fast/users/mbermudez/de_03/TFGDataset/img/train_t2_0870.png|usss eeeereeeihtte    daaaudssa uugeeeeeNNss
/data3fast/users/mbermudez/de_03/TFGDataset/img/train_t2_0904.png|ee  allllehiinnggeelll   ddn ee**     eeeee
/data3fast/users/mbermudez/de_03/TFGDataset/img/train_t2_0820.png|nnnn  tttttttinnceee  nnnieeiiicchssllsss     cclll
/data3fast/users/mbermudez/de_03/TFGDataset/img/train_t2_0895_0.png|eee nneeeeee  aaauu  eee nnneee  tttseeeeee dddre
/data3fast/users/mbermudez/de_03/TFGDataset/img/train_t2_1419.png|geee   nndda tttttt     aallleeeeeetttt  uggeeee
/data3fast/users/mbermudez/de_03/TFGDataset/img/train_t2_0602.png|dr  aa eeedd e  eee   neeeeN     sss cccsss   cssshhhh
/data3fast/users/mbermudez/de_03/TFGDataset/img/train_t2_0042_1.png|de   rrreee  aahhhttt n   seeeeeeeeeeeiihhesssedd
/data3fast/users/mbermudez/de_03/TFGDataset/img/train_t2_0766_1.png|auunneeeiniechhnnn  eeeet   d aaaaahhhhhll
/data3fast/users/mbermudez/de_03/TFGDataset/img/train_t2_1220_1.png|iih    dde  afgee    a a  tteee    dddsee
/data3fast/users/mbermudez/de_03/TFGDataset/img/train_t2_0560_1.png|aallseelhhhh aaasssschhhhnnnnntttttt   nne eeeeee
/data3fast/users/mbermudez/de_03/TFGDataset/img/train_t2_1118_1.png|desscchsauuuuuuu  hheee    nnnnee  naaas    dddee
/data3fast/users/mbermudez/de_03/TFGDataset/img/train_t2_1051_2.png|nneeeeeeccceee nnd  seeeeeee tt  a  rrrreee  aan
/data3fast/users/mbermudez/de_03/TFGDataset/img/train_t2_1323_0.png|beeeeeeeeeihhhhhhhhe ellleeee  ee  unddd sss  nneeeee
/data3fast/users/mbermudez/de_03/TFGDataset/img/train_t2_0244_2.png|bee ddeeeeee llleeenee  a eettteeeteeeeeN
/data3fast/users/mbermudez/de_03/TFGDataset/img/train_t2_0033.png|tiieiiiiii  esss   *  iiiihhh  rrsssee   rellee eeee
/data3fast/users/mbermudez/de_03/TFGDataset/img/train_t2_0181_0.png|seee Ngallh   eglesstttt dd   eeiia rrreeeee
/data3fast/users/mbermudez/de_03/TFGDataset/img/train_t2_1163.png|wweeee ssssll dd  aaaa seee  nnnun eeee  ....
/data3fast/users/mbermudez/de_03/TFGDataset/img/train_t2_1307.png|cheeeeeeeeee   dddddee  ggggge  ttt a   eeee tt
/data3fast/users/mbermudez/de_03/TFGDataset/img/train_t2_1208.png|dass  eeeeeee nnnnaaiegeee tt t eeeeeinn
/data3fast/users/mbermudez/de_03/TFGDataset/img/train_t2_0963_2.png|uu  eeeeeeN uuaaaaa ssss eede  iiinnddeessssssss
/data3fast/users/mbermudez/de_03/TFGDataset/img/train_t2_0314.png|atttt      ddrrrtahtsssseeNNNsssslee aaaarr
/data3fast/users/mbermudez/de_03/TFGDataset/img/train_t2_0216_0.png|tetticchhhlleNNN nnnndde  ssseeeeeee nu  ee  nddd
/data3fast/users/mbermudez/de_03/TFGDataset/img/train_t2_1155.png|irrrrrr   aa  tt     sreeeeee aachht deeeee
/data3fast/users/mbermudez/de_03/TFGDataset/img/train_t2_0119_0.png|chhhhhhhhhtee   nnnndde nnaaddd eee   aa reree
/data3fast/users/mbermudez/de_03/TFGDataset/img/train_t2_0939_2.png|iihe  sseehhheeeen aalssh nneeee   ddeeeeelaaa
/data3fast/users/mbermudez/de_03/TFGDataset/img/train_t2_0722_2.png|ceeNNN ggeeeNN  uufgggetttttttrreeeNss   dddeee
/data3fast/users/mbermudez/de_03/TFGDataset/img/train_t2_1009_1.png|anndeerrrricchhheeee  eeeii nchhdde  aassss
/data3fast/users/mbermudez/de_03/TFGDataset/img/train_t2_0670_1.png|"eeee   nd eeeeee  aa etttt lssee  **  n
/data3fast/users/mbermudez/de_03/TFGDataset/img/train_t2_0641_2.png|aannnnnnnee ninneenneeesschhheeeie   a deee   m
/data3fast/users/mbermudez/de_03/TFGDataset/img/train_t2_0743_2.png|auua llll  iddenneeeeeeeddee gggeeeN  eee
/data3fast/users/mbermudez/de_03/TFGDataset/img/train_t2_0112_1.png|aaee    ssss  ddeeeee*        nn    e        ee****  saaa
/data3fast/users/mbermudez/de_03/TFGDataset/img/train_t2_0361_2.png|#  e
/data3fast/users/mbermudez/de_03/TFGDataset/img/train_t2_1186.png|neecchhheee     dees  aaannneee    andd  eeeeel
/data3fast/users/mbermudez/de_03/TFGDataset/img/train_t2_0523_1.png|eett     cchhreeeleeNN dd aaachheeeeeessssseer
/data3fast/users/mbermudez/de_03/TFGDataset/img/train_t2_0126_1.png|"    lhhtteeN  nndd   chhicceeeN    uaaaas
/data3fast/users/mbermudez/de_03/TFGDataset/img/train_t2_1127_2.png|dee   eneeeegee rrriiieedrr  aaahheeeellhh
/data3fast/users/mbermudez/de_03/TFGDataset/img/train_t2_1194_1.png|eeeN       ch eee  ih eee eessssssssh  unnn   stt   eeeeeit
/data3fast/users/mbermudez/de_03/TFGDataset/img/train_t2_0392_0.png|mittteeet  neeee rrrrralleennnnnde    dddn
/data3fast/users/mbermudez/de_03/TFGDataset/img/train_t2_1293_0.png|alle    aa eeeee  u  uuufeeee  hhnndde  eeeeee
/data3fast/users/mbermudez/de_03/TFGDataset/img/train_t2_0295_1.png|geeihhitteseeeg nnnneee    eeeetttee uaau
/data3fast/users/mbermudez/de_03/TFGDataset/img/train_t2_0567_2.png|ann eeetsttttn chh eeeerraaaa  dd sssh nneeee
/data3fast/users/mbermudez/de_03/TFGDataset/img/train_t2_0583.png|auuee  ssuuunddd nnallss iihcssthheeeee llleerrrll
/data3fast/users/mbermudez/de_03/TFGDataset/img/train_t2_0196_0.png|teN  aaa dddeesseette  nnn  nn ndddd asllllh
/data3fast/users/mbermudez/de_03/TFGDataset/img/train_t2_1066_2.png|wee nnnaadeeeeiiiitteee     lllla ss   iii
/data3fast/users/mbermudez/de_03/TFGDataset/img/train_t2_1255_1.png|lleN ddddddeeellhheN  cciineeee aa eeeetttnnnnddd
/data3fast/users/mbermudez/de_03/TFGDataset/img/train_t2_1424_2.png|iirhhheeeee  aaaageeee  n aaaann eee       alleeeee
/data3fast/users/mbermudez/de_03/TFGDataset/img/train_t2_0637_2.png|bes uu ddddassseettinnneeeee sssse     aaeeeee
/data3fast/users/mbermudez/de_03/TFGDataset/img/train_t2_1016_1.png|nee ttt  nniihhheee nnderretteee     seeNNNN  uuNN
/data3fast/users/mbermudez/de_03/TFGDataset/img/train_t2_0938_1.png|weeeetttttttta
/data3fast/users/mbermudez/de_03/TFGDataset/img/train_t2_0613_2.png|geeeennieihcchhh ddr   eeeeesslcssssNN   dddee
/data3fast/users/mbermudez/de_03/TFGDataset/img/train_t2_0385_2.png|iii haaaaass   nnneelhhee   nnddeeelleee  ****...ii
/data3fast/users/mbermudez/de_03/TFGDataset/img/train_t2_0880_0.png|ooleeee   aa sseeeNnn ieet   ....
/data3fast/users/mbermudez/de_03/TFGDataset/img/train_t2_1242_1.png|rrrccchhhcsssss    sss  ddrrrrrihet   sssse  rddedrr ss
/data3fast/users/mbermudez/de_03/TFGDataset/img/train_t2_1285_2.png|dd    rreeeee  acheeeeee *eee    lllllceeNN * * **eeeeennee
/data3fast/users/mbermudez/de_03/TFGDataset/img/train_t2_0008_1.png|dddde    uuuunnntteeee e   ..   sseeeeee dd  
/data3fast/users/mbermudez/de_03/TFGDataset/img/train_t2_0814_2.png|leee   dee aassseeeeiieeen aeeeee  ass  derrttt
/data3fast/users/mbermudez/de_03/TFGDataset/img/train_t2_1474_1.png|auu deee ttsssuussseeeee    de  nnesshet  uuaa
/data3fast/users/mbermudez/de_03/TFGDataset/img/train_t2_0292.png|annh eer  nnnnneet  uufge   ccchheeNsssseeeNN
/data3fast/users/mbermudez/de_03/TFGDataset/img/train_t2_1181_0.png|ttt  eeeeeeaaalese   saeeee  ndddeeeeeessscchhnnn
/data3fast/users/mbermudez/de_03/TFGDataset/img/train_t2_0080_0.png|aan    d   aaeeeeeedeee  anneeeeeeiiinnederrrrr
/data3fast/users/mbermudez/de_03/TFGDataset/img/train_t2_1115_2.png|ihrrrreerrr    reeeetttiire      tttt u ee
/data3fast/users/mbermudez/de_03/TFGDataset/img/train_t2_0110_2.png|ooossssssssllhhhieeeeein  dasalllleeeileeetsteeenn
/data3fast/users/mbermudez/de_03/TFGDataset/img/train_t2_0883_1.png|deeeeee    tti     seeeeeeeeee      tt    eee******e   
/data3fast/users/mbermudez/de_03/TFGDataset/img/train_t2_0422_1.png|eeshhhhhhhau ddde    eee     nnggg  ungggnnncccc
/data3fast/users/mbermudez/de_03/TFGDataset/img/train_t2_0947.png|mahhhhhhhhhnnndd  aaau eeeesssc nndd achttt
/data3fast/users/mbermudez/de_03/TFGDataset/img/train_t2_0090_0.png|deeelllhee  neeee  rrrrer aaaah ddee
/data3fast/users/mbermudez/de_03/TFGDataset/img/train_t2_0579.png|oonndeeeeeNNnnnnicheee   .
/data3fast/users/mbermudez/de_03/TFGDataset/img/train_t2_1047.png|sss  aaaaaauu ssssee nnddeeeeeeeeee ddrrrrrr
/data3fast/users/mbermudez/de_03/TFGDataset/img/train_t2_1316.png|iieeeerttttttt
/data3fast/users/mbermudez/de_03/TFGDataset/img/train_t2_1421_1.png|ssshheettttaaaau
/data3fast/users/mbermudez/de_03/TFGDataset/img/train_t2_0290.png|eeeNeeeeeeeeeeeeeee   sse  aa  llhhheetteeeeeee au
/data3fast/users/mbermudez/de_03/TFGDataset/img/train_t2_1477_2.png|ggeeNNNsseNN uunnddde    aaaa   ssseeeeennnnitt dd
/data3fast/users/mbermudez/de_03/TFGDataset/img/train_t2_1338_0.png|ine   schheedeeee dddriinnnnnii ****    llllss
/data3fast/users/mbermudez/de_03/TFGDataset/img/train_t2_1429_2.png|#
/data3fast/users/mbermudez/de_03/TFGDataset/img/train_t2_0076.png|der  nnnn  sssseeNN u  iieteeee  nnneee  rrd
/data3fast/users/mbermudez/de_03/TFGDataset/img/train_t2_0243_0.png|aahhheeeeee  uuaahheeeelllhhte  ttteeee uauddeeee
/data3fast/users/mbermudez/de_03/TFGDataset/img/train_t2_0873_2.png|innnnnaaaaeeee n aaasssseeddee    eieee       scchhhhh
/data3fast/users/mbermudez/de_03/TFGDataset/img/train_t2_0604_2.png|scchheNN  dd  iich   ..
/data3fast/users/mbermudez/de_03/TFGDataset/img/train_t2_1166_2.png|dee  *****eeeee llla dd  lllsseeee    a sseeeee cchhsssssu
/data3fast/users/mbermudez/de_03/TFGDataset/img/train_t2_0199_2.png|wlll errllleee   ddddrd res    eeett ahllee
/data3fast/users/mbermudez/de_03/TFGDataset/img/train_t2_0568.png|cheeeeeee    saaaa  eee  ttinheee deeeeettt
/data3fast/users/mbermudez/de_03/TFGDataset/img/train_t2_0243_1.png|aachheeeeeN uuaaachheee lalhhn eetsseee uuuudeeeee
/data3fast/users/mbermudez/de_03/TFGDataset/img/train_t2_0154_0.png|eettiieei chtttttt eerrttt deeee    dd neee
/data3fast/users/mbermudez/de_03/TFGDataset/img/train_t2_0877_0.png|llleNnnnnnneee    dd rrllllhheeN uauuaa nnnndd
/data3fast/users/mbermudez/de_03/TFGDataset/img/train_t2_1088_0.png|unnnngeeeeN ss gggeeene  d acht    ee          h
/data3fast/users/mbermudez/de_03/TFGDataset/img/train_t2_1020_2.png|# 
/data3fast/users/mbermudez/de_03/TFGDataset/img/train_t2_0779.png|wweeee    ddddess llllhhiiinnnn d ssssseeeeeeeeN
/data3fast/users/mbermudez/de_03/TFGDataset/img/train_t2_0698_1.png|"   eennnnnnaachhhheeeeeeeihheeeicc  eesshhee
/data3fast/users/mbermudez/de_03/TFGDataset/img/train_t2_0083_1.png|uunneeeerreeeetttttteee       rraaattt    sss
/data3fast/users/mbermudez/de_03/TFGDataset/img/train_t2_0626.png|de  nnngee anndeeethh  dd   ddieeeesseeee
/data3fast/users/mbermudez/de_03/TFGDataset/img/train_t2_0890_0.png|neeeeeeeeddd   asscchhhss llleeeeeNll eee nnneee  aaaa
/data3fast/users/mbermudez/de_03/TFGDataset/img/train_t2_1363.png|uerrrr  eeeii    sssleee s leee  ieeettt   e   aa
/data3fast/users/mbermudez/de_03/TFGDataset/img/train_t2_0975_0.png|hhndddd   ua t ddeer alllle   d  ssss ti  tt
/data3fast/users/mbermudez/de_03/TFGDataset/img/train_t2_0024.png|bbeeeegeeeesttttt  eeellhh eeeeee       ss  nddeee
/data3fast/users/mbermudez/de_03/TFGDataset/img/train_t2_0481_1.png|sseeee deeeeeeNN  gee   st   deesss   tt  aannn
/data3fast/users/mbermudez/de_03/TFGDataset/img/train_t2_1062_2.png|angggeN      iieeee  reeeeennni ccccshhsheeeee **   ssss
/data3fast/users/mbermudez/de_03/TFGDataset/img/train_t2_0046_2.png|drr   tttttteeeee  tttii   adrrrlllleeee  r
/data3fast/users/mbermudez/de_03/TFGDataset/img/train_t2_0535_1.png|meee  dee  ****..  llht    rrrr aahleeeNN dnn
/data3fast/users/mbermudez/de_03/TFGDataset/img/train_t2_0087_2.png|diessttteeeN as  dee aassseeN ndd   aaaaadde
/data3fast/users/mbermudez/de_03/TFGDataset/img/train_t2_0151.png|shhe   uaachheeddrrrrrtrr  ccccnnnndd sssseede
/data3fast/users/mbermudez/de_03/TFGDataset/img/train_t2_0431_0.png|bbeeeeeeeet  aaanddeee scchh nnddeellleNNNN
/data3fast/users/mbermudez/de_03/TFGDataset/img/train_t2_0715_1.png|mtt  annnnnnnnneeeerrrrree  nnnn itteehhhnn
/data3fast/users/mbermudez/de_03/TFGDataset/img/train_t2_0129_0.png|# dee
/data3fast/users/mbermudez/de_03/TFGDataset/img/train_t2_1159_0.png|uuu eeee nnn  aa ddaau deeeeicee  uuualeeeee
/data3fast/users/mbermudez/de_03/TFGDataset/img/train_t2_1420_2.png|tt    eeeee ssshiennniiiellaassss  aaauueennnnn eeee
/data3fast/users/mbermudez/de_03/TFGDataset/img/train_t2_0560.png|aasselllees     ssschhhhnnnnnteettttt  nnn eeeeee
/data3fast/users/mbermudez/de_03/TFGDataset/img/train_t2_1397.png|daa    eee       nn lcchhhdeeeriit ee e
/data3fast/users/mbermudez/de_03/TFGDataset/img/train_t2_0348_1.png|wirt    rr aaattttt   sss ssss t   eeee  naaneeetttt
/data3fast/users/mbermudez/de_03/TFGDataset/img/train_t2_0448_2.png|ger ddrrr ddreeett neeeellllleeeer ddeeee  de
/data3fast/users/mbermudez/de_03/TFGDataset/img/train_t2_0369_0.png|vieeelhhhhhaa   deesseeeN nnneeeeeneeetttt  aauu
/data3fast/users/mbermudez/de_03/TFGDataset/img/train_t2_0635_1.png|dii  iiiichc  aalle dder cchhhit    hhhttt
/data3fast/users/mbermudez/de_03/TFGDataset/img/train_t2_1274_1.png|aass eneess  ddeessssstt uu eeeeeNglleeeN
/data3fast/users/mbermudez/de_03/TFGDataset/img/train_t2_0217_1.png|nnee    tttscchh ddeerr  tttshhh nndeeeeteeeetmmnnn
/data3fast/users/mbermudez/de_03/TFGDataset/img/train_t2_0665.png|leee  dda n  ellaaaahtteee  nnd eeeeeN
/data3fast/users/mbermudez/de_03/TFGDataset/img/train_t2_0459.png|see   nnuuuuuuneennitttt eeeneeeeeeee  aaaaaleeee
/data3fast/users/mbermudez/de_03/TFGDataset/img/train_t2_1229_1.png|"llee  ddd aaletee hinddd sssch  dddreerrhhhh
/data3fast/users/mbermudez/de_03/TFGDataset/img/train_t2_0885_0.png|nndderrrchheeN  ndddeeerddeeiiillleellt  dd
/data3fast/users/mbermudez/de_03/TFGDataset/img/train_t2_0750_0.png|ceeees   dddee***....sss   eeee*****  sssssll  ddrrrr
/data3fast/users/mbermudez/de_03/TFGDataset/img/train_t2_1038_0.png|deraaaauustuuuneeee   ssttt a geee nntttttt  d
/data3fast/users/mbermudez/de_03/TFGDataset/img/train_t2_0074.png|tt    eeee lch   eeee   nchhdeee  nnneeettt
/data3fast/users/mbermudez/de_03/TFGDataset/img/train_t2_1104_1.png|offee aaanneegennnndd  aalllhheeeeetttaa dde
/data3fast/users/mbermudez/de_03/TFGDataset/img/train_t2_0514.png|dassss     eessshlh   s ee   eeeeeeeN  dd schheeeeNNnnn ss n
/data3fast/users/mbermudez/de_03/TFGDataset/img/train_t2_0706_2.png|der iinnneee  aaangggeeeetteeeN nnnneeeeeshheeee
/data3fast/users/mbermudez/de_03/TFGDataset/img/train_t2_0394_2.png|unnddeeetttheeeee   nneeeeedeerlccieee   ddd
/data3fast/users/mbermudez/de_03/TFGDataset/img/train_t2_1033_1.png|aahhttt   n ttt   accchh deeennittttt   dee nn
/data3fast/users/mbermudez/de_03/TFGDataset/img/train_t2_1322_2.png|iieeeeeellleett  d    eeecchh  dddn  ssssdd
/data3fast/users/mbermudez/de_03/TFGDataset/img/train_t2_0588.png|dee ddeeeggg  eeesete  d  nnee   ss  eeeee
/data3fast/users/mbermudez/de_03/TFGDataset/img/train_t2_0500_2.png|geessseeeerraaahtt nnneeet      aa eeeeettt
/data3fast/users/mbermudez/de_03/TFGDataset/img/train_t2_0705.png|eeeeNNNNN    rrrtttt     a  rtt aauunn
/data3fast/users/mbermudez/de_03/TFGDataset/img/train_t2_1290.png|best  udddrrreede   ccchheee lcch    aaa  ddee
/data3fast/users/mbermudez/de_03/TFGDataset/img/train_t2_1224.png|oo   iiieeeeee    eeeeeehhhheee  lllssch nnniii
/data3fast/users/mbermudez/de_03/TFGDataset/img/train_t2_1326.png|ssse     nnnnn nnddnnnn  deeereeettetttt      rrrihh
/data3fast/users/mbermudez/de_03/TFGDataset/img/train_t2_1400_2.png|bee nnnne
/data3fast/users/mbermudez/de_03/TFGDataset/img/train_t2_0527_2.png|dee lhceeeN nnn eeelchh daaauaaach ddeeeicheeNNN
/data3fast/users/mbermudez/de_03/TFGDataset/img/train_t2_0304_2.png|rrnnn  mtttt aageeNNnggeeee  st   e elllgnnnnn
/data3fast/users/mbermudez/de_03/TFGDataset/img/train_t2_0237_1.png|allss  
/data3fast/users/mbermudez/de_03/TFGDataset/img/train_t2_0650_0.png|lllleeeeeeeeee  nndeeeeieeennnddeeellll  ddd  ssehhh
/data3fast/users/mbermudez/de_03/TFGDataset/img/train_t2_0360_1.png|alss aachaau sslllhh   ssseeeeeehhheee   ssaa nnnhhh
/data3fast/users/mbermudez/de_03/TFGDataset/img/train_t2_0031_1.png|eee     cchhddeeeene  aaanndddeeeltttteeenn
/data3fast/users/mbermudez/de_03/TFGDataset/img/train_t2_0410_1.png|eeeeeeeeeeeeeee  eechheeeee       staallee nnn   rrraaa
/data3fast/users/mbermudez/de_03/TFGDataset/img/train_t2_0685_0.png|diiieeeeeee**e g  auuuggeeeeeett asssdde
/data3fast/users/mbermudez/de_03/TFGDataset/img/train_t2_0888_1.png|wiee    r raagggeeN nndd   allseeeiin  ssss  aaa
/data3fast/users/mbermudez/de_03/TFGDataset/img/train_t2_0185_0.png|ann eeechhh ndnnnddddee  aalhhhhhhnnnddddrsss
/data3fast/users/mbermudez/de_03/TFGDataset/img/train_t2_0618_0.png|chhssss    n dsssss  ss  nnnn  ccnnddeeeerechhhhh   eeeaa
/data3fast/users/mbermudez/de_03/TFGDataset/img/train_t2_0889_0.png|see ellllleeeettttteeee   eeee***eeeeeeeitttn
/data3fast/users/mbermudez/de_03/TFGDataset/img/train_t2_0752_1.png|inneeeeettlleeenn e ssseeeessss  n e   aaa eeeee
/data3fast/users/mbermudez/de_03/TFGDataset/img/train_t2_1337_1.png|"u   eeeellausssee ddreeeeedeee ccchddeeeN
/data3fast/users/mbermudez/de_03/TFGDataset/img/train_t2_0517_2.png|oo    aa eeeelle  ttt eeeeeeeene    csssse  ddeeee
/data3fast/users/mbermudez/de_03/TFGDataset/img/train_t2_1233_0.png|woodd 
/data3fast/users/mbermudez/de_03/TFGDataset/img/train_t2_0935_2.png|ttt   eeeichhhtt auu eeessssctsscchh nndee
/data3fast/users/mbermudez/de_03/TFGDataset/img/train_t2_0811_2.png|aass   eeeeeeeeeeeechhh niieeeeee   naaaallcch uuuu
/data3fast/users/mbermudez/de_03/TFGDataset/img/train_t2_0762_2.png|eer tteeeeeeeeeeee   i   
/data3fast/users/mbermudez/de_03/TFGDataset/img/train_t2_0809_1.png|dee   nn  eeeeeN naa ddeiinnneeen* *e   eeeeeeell
/data3fast/users/mbermudez/de_03/TFGDataset/img/train_t2_0858_1.png|unddd aareeee essseeeettteeeeeeee dsssss
/data3fast/users/mbermudez/de_03/TFGDataset/img/train_t2_1450.png|mahh     deeeee   t   n eeeessseeeeeeeehhiee aaaa
/data3fast/users/mbermudez/de_03/TFGDataset/img/train_t2_0097_1.png|ttttt*tttttt    aaaaa    riiiee nniiiiellassss
/data3fast/users/mbermudez/de_03/TFGDataset/img/train_t2_0971.png|lllssttt  rrlllaaaanchiiiie   aalleenneeellleeenn
/data3fast/users/mbermudez/de_03/TFGDataset/img/train_t2_1040.png|iiih la ssss     ihhhl  dddee caaassseeeccssteeee
/data3fast/users/mbermudez/de_03/TFGDataset/img/train_t2_0286_1.png|#  
/data3fast/users/mbermudez/de_03/TFGDataset/img/train_t2_0349.png|ss   allluuu asseee     t  iiiieeeeiicchhnn
/data3fast/users/mbermudez/de_03/TFGDataset/img/train_t2_1366_0.png|beeeee nnn eeellhees      dde   .*..      uuugennn
/data3fast/users/mbermudez/de_03/TFGDataset/img/train_t2_0019_1.png|ihh eee  ndeerraaa deeennneeeeeiccee  ss   rrreee
/data3fast/users/mbermudez/de_03/TFGDataset/img/train_t2_0542_2.png|eeennnnn aaaaaau deee eddeddd  iccchheelllee
/data3fast/users/mbermudez/de_03/TFGDataset/img/train_t2_0094_2.png|nnnesssssa  ttt eeeeN unnnnnnnchee e   ******  *niccchh
/data3fast/users/mbermudez/de_03/TFGDataset/img/train_t2_0589_1.png|mit  eeeeeeessssssse  eeeee eee sshhheeenn  tttttt
/data3fast/users/mbermudez/de_03/TFGDataset/img/train_t2_0826_0.png|iii      ssscchhtt ****....  ciee     ihh  eeerelleee  nnnn
/data3fast/users/mbermudez/de_03/TFGDataset/img/train_t2_1487_2.png|iin      neeeerraaallllee    sssseeee  aaaaa
/data3fast/users/mbermudez/de_03/TFGDataset/img/train_t2_0599_0.png|ddd   chhhheee  sclllla    u aa   dd ssihhheee nn
/data3fast/users/mbermudez/de_03/TFGDataset/img/train_t2_1297_2.png|auueeesseeee llsssauuddd seeg u ts       ereeeeee
/data3fast/users/mbermudez/de_03/TFGDataset/img/train_t2_1174_1.png|iir aaaa eeeeiiiin uu  eeell  ddd  iieeeeeeeee****e
/data3fast/users/mbermudez/de_03/TFGDataset/img/train_t2_0131_2.png|oon d  allttt dreeee    .......
/data3fast/users/mbermudez/de_03/TFGDataset/img/train_t2_0871_0.png|geeeeeeeeee  ndd ssa eennndda s eee auuddee ralll
/data3fast/users/mbermudez/de_03/TFGDataset/img/train_t2_0239_1.png|"u elllsssseeeeee   ...
/data3fast/users/mbermudez/de_03/TFGDataset/img/train_t2_0843_0.png|geeN   ss eeihaaahhhttt  eeee aatttunttteeee
/data3fast/users/mbermudez/de_03/TFGDataset/img/train_t2_1369.png|beeeeeeeet   dd  nicccs          eeennnn
/data3fast/users/mbermudez/de_03/TFGDataset/img/train_t2_0865_0.png|bee eeeeeleN  
/data3fast/users/mbermudez/de_03/TFGDataset/img/train_t2_0871_1.png|geeeeeeeeee  nndsss     nddd  sseee aau dee  alll
/data3fast/users/mbermudez/de_03/TFGDataset/img/train_t2_0359_1.png|eeenneeeeee            ss  
/data3fast/users/mbermudez/de_03/TFGDataset/img/train_t2_0434_1.png|siihhhinnnnngaee eiieeeeeettsshha ttre   asss
/data3fast/users/mbermudez/de_03/TFGDataset/img/train_t2_0414_2.png|geee        iih eeellhhhtttt  nnnnnee   au     eeeeee
/data3fast/users/mbermudez/de_03/TFGDataset/img/train_t2_0090_2.png|deelllcheeN  neeeeehhirrrr aaccchdii
/data3fast/users/mbermudez/de_03/TFGDataset/img/train_t2_1465.png|auu  ee  scch nn aalll aa  eeee  scccsssssssuauuudde
/data3fast/users/mbermudez/de_03/TFGDataset/img/train_t2_0569_0.png|oo  eeesssseeee a eeee  t*  *ieegeee  eeeeeeeeeeethheee
/data3fast/users/mbermudez/de_03/TFGDataset/img/train_t2_0825_2.png|seeeeerrrrrrcclleeNNssssss  aahhhtt eeeeennnn
/data3fast/users/mbermudez/de_03/TFGDataset/img/train_t2_0806_2.png|eeNNNee   httt   eeeeelllee   dddrreellleeeee
/data3fast/users/mbermudez/de_03/TFGDataset/img/train_t2_0828.png|unndddddrrrraal ddereeddrss    neeeggetttta
/data3fast/users/mbermudez/de_03/TFGDataset/img/train_t2_0341_2.png|errchhhhieeeeeerrrlleetttttddrrrrihheee   nddd
/data3fast/users/mbermudez/de_03/TFGDataset/img/train_t2_1069_1.png|redddeerrrree  aasleesssttteeennnn esssss   ....
/data3fast/users/mbermudez/de_03/TFGDataset/img/train_t2_1321_0.png|ssetttttteeeeNe  eeellcheeNss ll  aaaa nnn  ..
/data3fast/users/mbermudez/de_03/TFGDataset/img/train_t2_0336_1.png|chhe  nee  uttt ee  asauuneeeeee  ttttttttt
/data3fast/users/mbermudez/de_03/TFGDataset/img/train_t2_0912_1.png|oo   nnddeeeeeeeee ennnaggeeee ihhaa eedd raaah
/data3fast/users/mbermudez/de_03/TFGDataset/img/train_t2_0183_0.png|ann eeleeee  rrrrre   aassseer   eeeeiiihhhaa
/data3fast/users/mbermudez/de_03/TFGDataset/img/train_t2_1055.png|sseeee  aaaaat      aahtt eeieccssssss
/data3fast/users/mbermudez/de_03/TFGDataset/img/train_t2_1464.png|nne sss  ss nnnnnd nnn ddeee ddeeeelcchhee  aaa
/data3fast/users/mbermudez/de_03/TFGDataset/img/train_t2_0931_1.png|teeeeeeeN  undnnii   edeess   eeeeeitt    eeeeeeii
/data3fast/users/mbermudez/de_03/TFGDataset/img/train_t2_0571_0.png|beeeeee    aaaseeee   n  eeee  fllllgnnnne
/data3fast/users/mbermudez/de_03/TFGDataset/img/train_t2_0525_2.png|beeeeeeeesssshhheee     ssssc    nnni cch nnddnnnnallls
/data3fast/users/mbermudez/de_03/TFGDataset/img/train_t2_0591.png|ddss  eeerrrttiiii ee  auuu eenneeeeeeeesccss  aaaaaa
/data3fast/users/mbermudez/de_03/TFGDataset/img/train_t2_0737_2.png|des   nndd  iinnccchhleeeee ereettttn
/data3fast/users/mbermudez/de_03/TFGDataset/img/train_t2_0653_1.png|aal  eeeeee s eeeeeeschiieen     cllleNN
/data3fast/users/mbermudez/de_03/TFGDataset/img/train_t2_0522_2.png|glllllleeeeettttslhleee drrrrddeeeeeee   uuuaaa
/data3fast/users/mbermudez/de_03/TFGDataset/img/train_t2_1009.png|"  ddeerrrrhchheee  eeeei  ach  dd  aaasss
/data3fast/users/mbermudez/de_03/TFGDataset/img/train_t2_1383_1.png|sssseeheheeNe asssthh  ddeeseeeehle neeeeeetttt
/data3fast/users/mbermudez/de_03/TFGDataset/img/train_t2_1226_2.png|aas   nnnddeeee*******.    eeelss   ddeeccchhssseeNee
/data3fast/users/mbermudez/de_03/TFGDataset/img/train_t2_0861_2.png|mtteeeeedd r  ttnnaageeeihhhaaadddeeeeeitttnn
/data3fast/users/mbermudez/de_03/TFGDataset/img/train_t2_1179_2.png|aaa  drrrehhee  uuuuaaddeeee  *    aanndd   sshhhtt
/data3fast/users/mbermudez/de_03/TFGDataset/img/train_t2_0987_1.png|# d
/data3fast/users/mbermudez/de_03/TFGDataset/img/train_t2_0897.png|geee  aleeennnneeeeeennneeeNN     n  aallle
/data3fast/users/mbermudez/de_03/TFGDataset/img/train_t2_0720.png|nnd  ssseee   eei nnnn      ccheeeeeN  ss tt  asseeeNN
/data3fast/users/mbermudez/de_03/TFGDataset/img/train_t2_0106.png|"ss    sccch neee****.   reesscll 
/data3fast/users/mbermudez/de_03/TFGDataset/img/train_t2_0679_1.png|un eellllheet ee aaaaleee  ccchhssh  unnuggeeee
/data3fast/users/mbermudez/de_03/TFGDataset/img/train_t2_0222_2.png|tttt**  ss  ddee    ddd  ss ennnnn eee sssee        rrr
/data3fast/users/mbermudez/de_03/TFGDataset/img/train_t2_1168_1.png|cchh    e sss nnnn dsssschhsshiieeNNe  ee  sss   ddeeelll
/data3fast/users/mbermudez/de_03/TFGDataset/img/train_t2_1403_1.png|iirhhhhhtttttt   nniih ddddrrreeeeeeeeeee* nnccccc
/data3fast/users/mbermudez/de_03/TFGDataset/img/train_t2_0441_2.png|tt  geeeeN nnd  it e  aasss  ttttte   d
/data3fast/users/mbermudez/de_03/TFGDataset/img/train_t2_0656_1.png|voiie  cc nn geeeeetteeNN llcheee   reeeeeeeeeeee
/data3fast/users/mbermudez/de_03/TFGDataset/img/train_t2_1283_1.png|so    ttteeeed  aaa seeeeeennnnnnn dnaaa eeetttt
/data3fast/users/mbermudez/de_03/TFGDataset/img/train_t2_0008_2.png|ddd      gnuuu  teeee e    . .   ssseeeee  aan
/data3fast/users/mbermudez/de_03/TFGDataset/img/train_t2_0899_0.png|iihhhieeeeeess deeerraaarr ssssaa  elhaaandee sssss
/data3fast/users/mbermudez/de_03/TFGDataset/img/train_t2_1390_1.png|nnteet  n nnndddeee tttschhh aaeees au   lleeeeee
/data3fast/users/mbermudez/de_03/TFGDataset/img/train_t2_1462_2.png|anndeeechhh  d   llleeN  d aaahhheeeennnn ss
/data3fast/users/mbermudez/de_03/TFGDataset/img/train_t2_0592_2.png|issssd reerrhhhheeeN nn   slllhhneeee        d r
/data3fast/users/mbermudez/de_03/TFGDataset/img/train_t2_1273_0.png|ceee     ad ss aa eettt unndeeeeenuu deeeetttt
/data3fast/users/mbermudez/de_03/TFGDataset/img/train_t2_0231.png|wisssssslluuuuunnn  n eee  iichheeee  uu tteeeeee
/data3fast/users/mbermudez/de_03/TFGDataset/img/train_t2_0443_2.png|der rrrraaateseesettiennneeee eesssseshhtt
/data3fast/users/mbermudez/de_03/TFGDataset/img/train_t2_0312_1.png|er nnddee nn iiheeeesetttee   nnelhhh ddeei nnnnng
/data3fast/users/mbermudez/de_03/TFGDataset/img/train_t2_0655.png|wisssse  allhhhttee nnn   iinnee   aa  sss
/data3fast/users/mbermudez/de_03/TFGDataset/img/train_t2_0410.png|reeeeeeeeeee  e  llhheee**e**      t allle nn     rraaaa
/data3fast/users/mbermudez/de_03/TFGDataset/img/train_t2_0612_2.png|aaa  eee  ssllleeee iiitttttt nndee ti.......rr
/data3fast/users/mbermudez/de_03/TFGDataset/img/train_t2_0600.png|oonnnnd   allls  uuun  tttt  aassreee
/data3fast/users/mbermudez/de_03/TFGDataset/img/train_t2_0177_0.png|deessscllleeNNuuu deeesscch  ddss        uggaahhh
/data3fast/users/mbermudez/de_03/TFGDataset/img/train_t2_0120_0.png|aaeseeeNee ddderrr  inn eeellll add acchhneeeee
/data3fast/users/mbermudez/de_03/TFGDataset/img/train_t2_0904_2.png|er allllleeiingggeeelle  nnd   e  u   eeeee
/data3fast/users/mbermudez/de_03/TFGDataset/img/train_t2_1003_2.png|tteeeeeehhhhttshhhhhhe  dd rriieeeeeeeeeeee     n ddd
/data3fast/users/mbermudez/de_03/TFGDataset/img/train_t2_1151_1.png|eee 
/data3fast/users/mbermudez/de_03/TFGDataset/img/train_t2_0661.png|inneeeettttt ggg  sssse rre    ..
/data3fast/users/mbermudez/de_03/TFGDataset/img/train_t2_0171_2.png|iihh 
/data3fast/users/mbermudez/de_03/TFGDataset/img/train_t2_1223_0.png|ttt   aaaleeen  lssssssssseeee nnd ssaaaaunddd
/data3fast/users/mbermudez/de_03/TFGDataset/img/train_t2_0437_2.png|wieeeee  aahhhtlsllhhee  d e  a n iih    hhhh
/data3fast/users/mbermudez/de_03/TFGDataset/img/train_t2_0880.png|ffleeeN    aassssee nnn tttt  ...
/data3fast/users/mbermudez/de_03/TFGDataset/img/train_t2_1024_0.png|settt innndd rittteN eeesettsccsheeennnnnddeerttt
/data3fast/users/mbermudez/de_03/TFGDataset/img/train_t2_1486_2.png|mireeeeeee  nniellllas  nen ssshheede   dddeer
/data3fast/users/mbermudez/de_03/TFGDataset/img/train_t2_0523.png|eettt   cchhheeellleeN  n aaaahheeeee  sss eeee
/data3fast/users/mbermudez/de_03/TFGDataset/img/train_t2_0344_1.png|fnneee aaaaud sssttt    ggunnn   ggllcheedd da
/data3fast/users/mbermudez/de_03/TFGDataset/img/train_t2_0619_0.png|dee    eeeeeeee   eeeeeii n aa seeeeeelleeeee aa  ttttt
/data3fast/users/mbermudez/de_03/TFGDataset/img/train_t2_0875_1.png|lee  ddeeee naaassse eeeegge hiiie    chhdde
/data3fast/users/mbermudez/de_03/TFGDataset/img/train_t2_0610_0.png|de  aaaa     eeee  ccclllllleeeee    chtttttt   eee
/data3fast/users/mbermudez/de_03/TFGDataset/img/train_t2_0862_2.png|wassssehht  ann  aallleeecchheeN  dee  nudd
/data3fast/users/mbermudez/de_03/TFGDataset/img/train_t2_1302_2.png|geeeN nnn n ccch   ngggee    nn       aaaseeeee
/data3fast/users/mbermudez/de_03/TFGDataset/img/train_t2_1422_1.png|gglhhhht  r rrrree  deeee     eeeeee  ggee      eeett
/data3fast/users/mbermudez/de_03/TFGDataset/img/train_t2_0071_2.png|andd rsa  dee    achheeeee   ee ccllle   aa  dddee
/data3fast/users/mbermudez/de_03/TFGDataset/img/train_t2_1220_0.png|iih    dde  aggge  nndaa tttttee nndddss
/data3fast/users/mbermudez/de_03/TFGDataset/img/train_t2_0438.png|fflee     eeeeeee    egeeuunn aa ttteee
/data3fast/users/mbermudez/de_03/TFGDataset/img/train_t2_0494_0.png|wsssse
/data3fast/users/mbermudez/de_03/TFGDataset/img/train_t2_0878.png|ier  ndaacchee   llllenn  eeinnaalssscttttthhhe
/data3fast/users/mbermudez/de_03/TFGDataset/img/train_t2_1353_1.png|geennnnngesss   asss  ddesseee aaa eeeeeeseeeeed
/data3fast/users/mbermudez/de_03/TFGDataset/img/train_t2_1110_0.png|au  eeeeeee  drree aa tttt     s ccc eeeeNN
/data3fast/users/mbermudez/de_03/TFGDataset/img/train_t2_0632_1.png|de  hh  deeeeiinnnneggggeeeeleetttt  aattttt
/data3fast/users/mbermudez/de_03/TFGDataset/img/train_t2_0948_2.png|bee  lleeeettttttt   dd nnneee tttt  eee   sseN
/data3fast/users/mbermudez/de_03/TFGDataset/img/train_t2_0038.png|sshhlllaauuu dee    niiissseeeeN   sccheeeee   unn
/data3fast/users/mbermudez/de_03/TFGDataset/img/train_t2_1388_1.png|bellhhhh    dsssss e e ichn d  eee   uaaau deee
/data3fast/users/mbermudez/de_03/TFGDataset/img/train_t2_1289_1.png|ffeeee dddrrrreeeeee eeeeeeeeeeeee   eee sshh ee aaaaaa
/data3fast/users/mbermudez/de_03/TFGDataset/img/train_t2_0865.png|beeeeeellleNN 
/data3fast/users/mbermudez/de_03/TFGDataset/img/train_t2_0046.png|drr    ttttteeee   tttii   a re lllleee  rrr
/data3fast/users/mbermudez/de_03/TFGDataset/img/train_t2_1031_1.png|beeeeeeelettteeellchi d niiiieeeinnnnddr
/data3fast/users/mbermudez/de_03/TFGDataset/img/train_t2_0169.png|dee  eiiihhhtt  dderreheeeeeee   cnnnnneeNN nn
/data3fast/users/mbermudez/de_03/TFGDataset/img/train_t2_0276.png|"sss  t  unnnddnnnnes  glhhhttt   nncc
/data3fast/users/mbermudez/de_03/TFGDataset/img/train_t2_1334.png|ooo deeeennnneeceeN nddd  rtie nnaaaleeeeee
/data3fast/users/mbermudez/de_03/TFGDataset/img/train_t2_0540_2.png|#
/data3fast/users/mbermudez/de_03/TFGDataset/img/train_t2_0239.png|"    llsssseeeeeee    ...
/data3fast/users/mbermudez/de_03/TFGDataset/img/train_t2_0879_1.png|iis  deeseeeeeerrrrrrreee  dddeennnnne*
/data3fast/users/mbermudez/de_03/TFGDataset/img/train_t2_0799_0.png|ieeeeeeeseeeee innelllaalhee eieeeennnnggeeeettt
/data3fast/users/mbermudez/de_03/TFGDataset/img/train_t2_0734_0.png|rrrrrr eeeeeeee  nndddde  *.. ..       rreieeneeeeee**
/data3fast/users/mbermudez/de_03/TFGDataset/img/train_t2_0395_1.png|dassss  nnn  dddeeeitti iih eggelll   ss a udaas
/data3fast/users/mbermudez/de_03/TFGDataset/img/train_t2_0113.png|rrhhheees     rtttt    ddr aaatt eeieeeereeeedeesss
/data3fast/users/mbermudez/de_03/TFGDataset/img/train_t2_0755.png|ieesstt innnnnnsssssa n    saaaa eeeeee  ma
/data3fast/users/mbermudez/de_03/TFGDataset/img/train_t2_0161_2.png|arauuu  aeeetthhh iieeee aaaunndeeeeeeesscccllllll
/data3fast/users/mbermudez/de_03/TFGDataset/img/train_t2_1443_0.png|aahhnneee  asssuunnneeeee  ii    *** nnee  llss   eeee
/data3fast/users/mbermudez/de_03/TFGDataset/img/train_t2_1023_2.png|dee eegggggNN  ddd   eegeeeetttt  uundddee
/data3fast/users/mbermudez/de_03/TFGDataset/img/train_t2_0872_1.png|mittteelll  tta  ddeeeeee*eennnnn dee ssstssss
/data3fast/users/mbermudez/de_03/TFGDataset/img/train_t2_0751_1.png|eee  deers     nnnchee  aagee    hhh drrhhsss
/data3fast/users/mbermudez/de_03/TFGDataset/img/train_t2_1387_0.png|ott ******   eeeeeeNNN    sslllllaah  dd ssseeeeee  ihi
/data3fast/users/mbermudez/de_03/TFGDataset/img/train_t2_1416_0.png|deetteeegggneeee  aa ddee cannnd  aaalhee  drrr
/data3fast/users/mbermudez/de_03/TFGDataset/img/train_t2_0195_0.png|wachhh  ddrr achshhhnnnee    rrrrraaa nneee
/data3fast/users/mbermudez/de_03/TFGDataset/img/train_t2_0084_1.png|nnnn  essssst *    .    seeeihii   dee   ee    ***  t ieeeeeee
/data3fast/users/mbermudez/de_03/TFGDataset/img/train_t2_1458_0.png|de   nnnettttnnnde  it*****  gg d rrrrreeeee
/data3fast/users/mbermudez/de_03/TFGDataset/img/train_t2_0551.png|lleeee    rsseeeeenndee icha   ssshhhaaa ndnneee
/data3fast/users/mbermudez/de_03/TFGDataset/img/train_t2_0247_1.png|aahh   ddeerrreee nnnd rrhaahleeeeegg aeerrr
/data3fast/users/mbermudez/de_03/TFGDataset/img/train_t2_0556.png|mee aaasseeenn  ggeett uu sss nnnncchi  de   u
/data3fast/users/mbermudez/de_03/TFGDataset/img/train_t2_1208_0.png|ddssseerreeeee nnnahheeee  ssstt  eeeelnnnnnn
/data3fast/users/mbermudez/de_03/TFGDataset/img/train_t2_1037.png|allle  rrredd aaassseeeNnnnnneeeecchheed  eeeeeeehhhh
/data3fast/users/mbermudez/de_03/TFGDataset/img/train_t2_0702_0.png|hheeee  ssseeeeeellss    nii    sleeNNNNNN
/data3fast/users/mbermudez/de_03/TFGDataset/img/train_t2_0277_1.png|diitte  aaacc tt ..
/data3fast/users/mbermudez/de_03/TFGDataset/img/train_t2_0655_1.png|wessss   acchhheee  nnn amtneee   uuaasss
/data3fast/users/mbermudez/de_03/TFGDataset/img/train_t2_1147_1.png|aas    aachh eeeeeee*    aaaaeeertttt   r ddde
/data3fast/users/mbermudez/de_03/TFGDataset/img/train_t2_1312_0.png|erthhhhh  eeeeeeegeeeeeeeet      eeee
/data3fast/users/mbermudez/de_03/TFGDataset/img/train_t2_1077_1.png|see  deeeettthhheeee      errrrhh aa  lllls
/data3fast/users/mbermudez/de_03/TFGDataset/img/train_t2_0243.png|aalhheeeeeN uuuaacheeeNgllhhttt eeeeeeNuuuuddeeee
/data3fast/users/mbermudez/de_03/TFGDataset/img/train_t2_0978_0.png|ss ee   ccchhhhheeNNeessheennnccteee  aahieeee
/data3fast/users/mbermudez/de_03/TFGDataset/img/train_t2_0780_1.png|oondddeeeeeeeeee   .
/data3fast/users/mbermudez/de_03/TFGDataset/img/train_t2_0748.png|eeehnnneee nnnnnnneeieeee   leeeiiieerrrreett
/data3fast/users/mbermudez/de_03/TFGDataset/img/train_t2_0599_2.png|ddd    hhhheeeN slllllaaae    u    ss iieeeeN    ee
/data3fast/users/mbermudez/de_03/TFGDataset/img/train_t2_0556_2.png|mee aasseee n  gggeettnn  ss lgnneiihi  dd  
/data3fast/users/mbermudez/de_03/TFGDataset/img/train_t2_0045.png|ttttaaaauu ddeecchneeN  s   ggellhhee  nnngnnnnnn
/data3fast/users/mbermudez/de_03/TFGDataset/img/train_t2_0550_0.png|eee eeeeeeel  ndde     deeeeee  llleeerrrrtttttt
/data3fast/users/mbermudez/de_03/TFGDataset/img/train_t2_0272.png|mtt  llle   unddde  acchhaa ddss  ddeenneertttt
/data3fast/users/mbermudez/de_03/TFGDataset/img/train_t2_1158_1.png|anndddrrrestttt   dereeeee tttteeeNe   cchh  alee
/data3fast/users/mbermudez/de_03/TFGDataset/img/train_t2_0058_0.png|de  iiiichhheeeeeed   ***. .  nndd sssllllleeeeiiieeee
/data3fast/users/mbermudez/de_03/TFGDataset/img/train_t2_0388.png|aarreeeeeee   t...tttttttt  u  iccheeNeeennnn tt   
/data3fast/users/mbermudez/de_03/TFGDataset/img/train_t2_1006.png|der    tt  egenahh    egelleeee audddd aa  se
/data3fast/users/mbermudez/de_03/TFGDataset/img/train_t2_0413_1.png|ee dddd    ddsses   auaaahhhnn ttttt dde icchhh
/data3fast/users/mbermudez/de_03/TFGDataset/img/train_t2_1452_0.png|ooo eeeelll ddeeeeeiii   assleeee aaahnnniihhhee
/data3fast/users/mbermudez/de_03/TFGDataset/img/train_t2_0699.png|cceeNeeeeeeeeee   dded   ch diihh gggeettt ss saaudd
/data3fast/users/mbermudez/de_03/TFGDataset/img/train_t2_1310_1.png|weeeeeessslleeN  add eiitte  t eellt
/data3fast/users/mbermudez/de_03/TFGDataset/img/train_t2_0213_1.png|ooo   ddeeee ssssNNN   ggee   eettteeeee   nnhh
/data3fast/users/mbermudez/de_03/TFGDataset/img/train_t2_0806_0.png|eeeeeee ttttt  eeeeellleeN  ddd reelllllle
/data3fast/users/mbermudez/de_03/TFGDataset/img/train_t2_0676_0.png|# e
/data3fast/users/mbermudez/de_03/TFGDataset/img/train_t2_0874_0.png|onne    ccchssesss iiiinn aahhhee  uaa eeeee sss   nnnn
/data3fast/users/mbermudez/de_03/TFGDataset/img/train_t2_0746_1.png|gerrrree aaaseeeeeeer aann iihhhhssss  ch ddeer
/data3fast/users/mbermudez/de_03/TFGDataset/img/train_t2_1049_1.png|aaannnnddd   uuggggeeecchhassss    eeeggeeee
/data3fast/users/mbermudez/de_03/TFGDataset/img/train_t2_1324_0.png|chh  sssseeee    *..t   nddd  alllhh nnn  aa ddder 
/data3fast/users/mbermudez/de_03/TFGDataset/img/train_t2_1329.png|scchhhtttttt *****.**  eeeeeeee  nndds  nnndddsseNN
/data3fast/users/mbermudez/de_03/TFGDataset/img/train_t2_0482_1.png|err chheeN   aageee  llchhiinnneee**    ccsllsss
/data3fast/users/mbermudez/de_03/TFGDataset/img/train_t2_0808_2.png|iee   auaaas   riieee   u  edee  iteeeeNNN
/data3fast/users/mbermudez/de_03/TFGDataset/img/train_t2_0498_1.png|ees tattu eeeettlee ddeeeellhhchs e       uuu
/data3fast/users/mbermudez/de_03/TFGDataset/img/train_t2_0311.png|gann tiiiheee    hheeeeeeett auuuu eeestt  nnn
/data3fast/users/mbermudez/de_03/TFGDataset/img/train_t2_1194_0.png|eeNNdd       neeeihhhinneee  ssesshh  uu  nn    t eeeeeei
/data3fast/users/mbermudez/de_03/TFGDataset/img/train_t2_1239_0.png|oon  eeeeeelt  ddee *............
/data3fast/users/mbermudez/de_03/TFGDataset/img/train_t2_1055_2.png|sieee    aahttt       miteee  csssss
/data3fast/users/mbermudez/de_03/TFGDataset/img/train_t2_0342_0.png|iennnniiiellaaasssee ddr    deee   cchheeerrrreelle
/data3fast/users/mbermudez/de_03/TFGDataset/img/train_t2_1417_2.png|ire  aaaarrrdder aanndd ttt dddreettth
/data3fast/users/mbermudez/de_03/TFGDataset/img/train_t2_0157_0.png|oonn   eeeerrrreeee sslllte  nnnnua  eeeee
/data3fast/users/mbermudez/de_03/TFGDataset/img/train_t2_1221_0.png|nnn    eeeeeglllee      trhheeeeeee  t   llleee
/data3fast/users/mbermudez/de_03/TFGDataset/img/train_t2_0360_2.png|llss  aaaaauu slllhh   ssseeeeshhheee  dsss aa iii
/data3fast/users/mbermudez/de_03/TFGDataset/img/train_t2_0360.png|aass aaaaauuussslhh  aaaseeeeeehhhee   sss a nnni
/data3fast/users/mbermudez/de_03/TFGDataset/img/train_t2_1035_1.png|oohh  ttaaahhhe nndddrrerrreeeeieeeeesseiinnnnnn
/data3fast/users/mbermudez/de_03/TFGDataset/img/train_t2_0317_1.png|wirdd  nncchhlleeN   nddeee **eee    sscchtssieeNN
/data3fast/users/mbermudez/de_03/TFGDataset/img/train_t2_0079_0.png|mi  eeeeichheNN  ss ddeen it  dde ccccneNnn ddeee
/data3fast/users/mbermudez/de_03/TFGDataset/img/train_t2_0811_0.png|assss eeeeeeeeeeeiihhhnnnggeeeee   nggaaaahhh uuuu
/data3fast/users/mbermudez/de_03/TFGDataset/img/train_t2_0503_1.png|unddeeeeee s aa ssseeeee nnne eiiirrr aaaa
/data3fast/users/mbermudez/de_03/TFGDataset/img/train_t2_0941_1.png|lchh  nneeeeihhhe nddd   aageeeeeee t hleeelll
/data3fast/users/mbermudez/de_03/TFGDataset/img/train_t2_1269_2.png|ttteeetttss lllee nnneeeeNssllee     eeetttttttt
/data3fast/users/mbermudez/de_03/TFGDataset/img/train_t2_0972_1.png|asttthhhh
/data3fast/users/mbermudez/de_03/TFGDataset/img/train_t2_1204_2.png|geettttttt sshheeeN ssseeeeeesseee  nnnddeeeeenneeee
/data3fast/users/mbermudez/de_03/TFGDataset/img/train_t2_0337.png|beeeeeeeee  n aaalleeeee scchh  ddddeeecheeddesss
/data3fast/users/mbermudez/de_03/TFGDataset/img/train_t2_1307_2.png|ceeeeeeeeee   asddeeeeglggggnnttttttu  eeeett
/data3fast/users/mbermudez/de_03/TFGDataset/img/train_t2_1098_0.png|wiss   aaassschchh  ddeeleee   sssau sss ieeell  eelssss
/data3fast/users/mbermudez/de_03/TFGDataset/img/train_t2_0391.png|woeee ssss dd  ccnndd   ieeeenieccchheeetttt   ddee
/data3fast/users/mbermudez/de_03/TFGDataset/img/train_t2_0638_0.png|ohheeNN  n iieeeeeeeenniiihhhhh  e  d aaaa  enneee
/data3fast/users/mbermudez/de_03/TFGDataset/img/train_t2_0237_0.png|aalsss 
/data3fast/users/mbermudez/de_03/TFGDataset/img/train_t2_0127.png|daaaaaalee   eeereei nnneee****     ddeeeeelleeeN
/data3fast/users/mbermudez/de_03/TFGDataset/img/train_t2_0526_2.png|nnng aaatttuuuu   ttttteeleeee e innnng
/data3fast/users/mbermudez/de_03/TFGDataset/img/train_t2_0596_0.png|tteeeggggneeee    aasslchhheeiinnn d ssss
/data3fast/users/mbermudez/de_03/TFGDataset/img/train_t2_0914_1.png|assss       eeee    ttseeeeee ee dddeeeeerddrrr
/data3fast/users/mbermudez/de_03/TFGDataset/img/train_t2_0340.png|llle nnde  alllhhha nnnddddd rrree  nnneeessss
/data3fast/users/mbermudez/de_03/TFGDataset/img/train_t2_0345_0.png|chhhhahhtt ddderrrhhheeN   nndddeelccnheessseeeee
/data3fast/users/mbermudez/de_03/TFGDataset/img/train_t2_0879_0.png|iit d erssrrrrrrrrrrrrre  eeeeennneee**
/data3fast/users/mbermudez/de_03/TFGDataset/img/train_t2_0934_0.png|dii    cclheeeeeeetttt ggge uu neee
/data3fast/users/mbermudez/de_03/TFGDataset/img/train_t2_0696_0.png|oonneeee  eeeeeee**ennnnnnnnd  aasseeeeggeeee
/data3fast/users/mbermudez/de_03/TFGDataset/img/train_t2_1107_1.png|#   e
/data3fast/users/mbermudez/de_03/TFGDataset/img/train_t2_1353.png|gegnnnnneess   ssss ddesssNee   a eeeeeeeeee  
/data3fast/users/mbermudez/de_03/TFGDataset/img/train_t2_1016.png|nettttt nneeihhheeeeenn  rrleeee       seeeN ssffNN
/data3fast/users/mbermudez/de_03/TFGDataset/img/train_t2_0508_1.png|"   eeeeee   asschhaaaasseeslleeeereeeett
/data3fast/users/mbermudez/de_03/TFGDataset/img/train_t2_1143_2.png|eeee    alleeenndd   **..... aaaa tt    iiittss
/data3fast/users/mbermudez/de_03/TFGDataset/img/train_t2_1126_2.png|seee eiieeeeeessssssllleNN    e ttt  e  aaggeeedd
/data3fast/users/mbermudez/de_03/TFGDataset/img/train_t2_0360_0.png|allsaaahhaaaaassllhh  assseeeehhhhee    sssaaannih
/data3fast/users/mbermudez/de_03/TFGDataset/img/train_t2_0522.png|gllllllleeeeeetttchheee drrrrdeeeede      gallll
/data3fast/users/mbermudez/de_03/TFGDataset/img/train_t2_1294_2.png|aaneee  ddeesss eeeeeeNNNNeeee**n itt    err aihheeee
/data3fast/users/mbermudez/de_03/TFGDataset/img/train_t2_0445_0.png|un eeeeeeN  s   dnn nnn ettttlllleneeeeiitt
/data3fast/users/mbermudez/de_03/TFGDataset/img/train_t2_1430_0.png|dee   d egee  aaaah seee   nnd ellllei
/data3fast/users/mbermudez/de_03/TFGDataset/img/train_t2_0467_2.png|"nn eeittttihhee     seseet aaaass  cccchsts  nddee
/data3fast/users/mbermudez/de_03/TFGDataset/img/train_t2_1498_0.png|di  nnnneessscheedderrrrr ddrrrrrtttt   eeeetttt
/data3fast/users/mbermudez/de_03/TFGDataset/img/train_t2_0500.png|geessseeeer aahhh nnneeett undaaaseeee tttt
/data3fast/users/mbermudez/de_03/TFGDataset/img/train_t2_1214_0.png|uuu ddrrraaa  de lhe      eeeeee aaund essshhhee
/data3fast/users/mbermudez/de_03/TFGDataset/img/train_t2_0699_2.png|sseeNNeeeeeeee   ee    cch d rclllgggetttt  aaaaudd
/data3fast/users/mbermudez/de_03/TFGDataset/img/train_t2_1076.png|geeeeeeeeesssssssee  uuddee aaaanenn e   eee*ii   aaaa
/data3fast/users/mbermudez/de_03/TFGDataset/img/train_t2_0419_2.png|dii  ccsssh  n tt.tt   tt  enne sscctttttt
/data3fast/users/mbermudez/de_03/TFGDataset/img/train_t2_0166_2.png|ee  gllleeeeeeee aaaus    n geeeee  eeeeee  e  aaaaa
/data3fast/users/mbermudez/de_03/TFGDataset/img/train_t2_0302_2.png|geesssseee   eeeeeneneennnnnnna  tttteeeeennnnneee
/data3fast/users/mbermudez/de_03/TFGDataset/img/train_t2_1482_1.png|llln  dde  nndde rrhllh  aarraaaaaaaaallllll
/data3fast/users/mbermudez/de_03/TFGDataset/img/train_t2_0695.png|nnnsssssssccchheeellhhttteeNe   ss eee*  *icc   a
/data3fast/users/mbermudez/de_03/TFGDataset/img/train_t2_0705_1.png|leeeNNNNNe   iieee t a       ttt uuua
/data3fast/users/mbermudez/de_03/TFGDataset/img/train_t2_0066_1.png|ff deeeelllaachteeeeNtttt  de llllessllheee
/data3fast/users/mbermudez/de_03/TFGDataset/img/train_t2_0713_1.png|# de
/data3fast/users/mbermudez/de_03/TFGDataset/img/train_t2_0909_1.png|tti nneeneiiihttt ii derrrrdeeee esseee chh   h
/data3fast/users/mbermudez/de_03/TFGDataset/img/train_t2_0361_0.png|#  e
/data3fast/users/mbermudez/de_03/TFGDataset/img/train_t2_0798_0.png|ieeeeee  asss d aassseeee deeedee
/data3fast/users/mbermudez/de_03/TFGDataset/img/train_t2_0426_2.png|sstt  uuu  eerrr s  sss ddee   nndd  ddeeetttte  esseee
/data3fast/users/mbermudez/de_03/TFGDataset/img/train_t2_0991_0.png|ee  nnnnnninnandd    aaasssscccchhtiiit ....   ee
/data3fast/users/mbermudez/de_03/TFGDataset/img/train_t2_0242_1.png|ert   drerrreeeeeeedd reeeeettt   ccc  u sseeeNNNN
/data3fast/users/mbermudez/de_03/TFGDataset/img/train_t2_0255_2.png|"   rrrttaannnn   rtterr lllleN  nnneihheeee
/data3fast/users/mbermudez/de_03/TFGDataset/img/train_t2_0333.png|oissseeeeee iiieee  na  eeeeeNnn  scchhssseell unnna
/data3fast/users/mbermudez/de_03/TFGDataset/img/train_t2_1271_0.png|mhhh uuufgeeeeNNesleeeNN   daaa ss   d    eee    eeeee
/data3fast/users/mbermudez/de_03/TFGDataset/img/train_t2_0095_2.png|undddrrreeeeee aas  it     tttteeeeeeeesssss
/data3fast/users/mbermudez/de_03/TFGDataset/img/train_t2_1377.png|wlll anndeeetttaaunnddsschhee   iiieeeee
/data3fast/users/mbermudez/de_03/TFGDataset/img/train_t2_0524.png|ieeeeeeeN nddd eeees     .
/data3fast/users/mbermudez/de_03/TFGDataset/img/train_t2_1222_2.png|wllll   deeeee lllhin ieeeeeer ddd asstttti
/data3fast/users/mbermudez/de_03/TFGDataset/img/train_t2_0562_2.png|iinneeeeee***..
/data3fast/users/mbermudez/de_03/TFGDataset/img/train_t2_0908.png|st     eeeegau   eeeeeeeet  aaauu nnnnttttttt
/data3fast/users/mbermudez/de_03/TFGDataset/img/train_t2_0070_1.png|desssticinnnahhittttt   tts egeeiiiitt  ee
/data3fast/users/mbermudez/de_03/TFGDataset/img/train_t2_1110_1.png|asseeeeennee  deer am tttt  dsssssscceeNNN
/data3fast/users/mbermudez/de_03/TFGDataset/img/train_t2_0787.png|ereeN  dndd sschhin  ddee   ndda hie     lllle
/data3fast/users/mbermudez/de_03/TFGDataset/img/train_t2_0406_0.png|iii  eeenaaaheeett   rrrd  sslchhd  iiin
/data3fast/users/mbermudez/de_03/TFGDataset/img/train_t2_1234_1.png|gee ss   ee    e    tttteeeN    eN    nndd   tt   rrr
/data3fast/users/mbermudez/de_03/TFGDataset/img/train_t2_0625_1.png|dieeeeeeett iitttteee   d  chhhhtt u   eelleeet nn
/data3fast/users/mbermudez/de_03/TFGDataset/img/train_t2_1363_1.png|urd  rrrteh    ssssleeeNssslee  niteettt       aaau
/data3fast/users/mbermudez/de_03/TFGDataset/img/train_t2_0947_0.png|aahhhhahhhi nddde aaau  ee ssss nnndaahhhh
/data3fast/users/mbermudez/de_03/TFGDataset/img/train_t2_1387_1.png|ttt* ***** ee e  eees     csssllaaaah ddesseeee   ttnnnee
/data3fast/users/mbermudez/de_03/TFGDataset/img/train_t2_1371_1.png|das eeihheet   ddrr haddaaasdde   aann ssseeee  ie e nnnn
/data3fast/users/mbermudez/de_03/TFGDataset/img/train_t2_0922_1.png|chheeeeeeeeees   dd nnannngslchht eellllss allle
/data3fast/users/mbermudez/de_03/TFGDataset/img/train_t2_0662_1.png|eeeN   nndeeeeellltallse ennne e  auneeeeesss
/data3fast/users/mbermudez/de_03/TFGDataset/img/train_t2_0509_0.png|reeeeeeeeeeeee**** eeee  llssst  eeeeeeee  aa eeeeeee
/data3fast/users/mbermudez/de_03/TFGDataset/img/train_t2_0325_0.png|au   ee  r nnnngeeN   ccchinnnddeeeeelinn
/data3fast/users/mbermudez/de_03/TFGDataset/img/train_t2_0964_1.png|ttt     ahhheeeeNNschh deee  ggeeeeed  rllll
/data3fast/users/mbermudez/de_03/TFGDataset/img/train_t2_0619.png|dee    eeeeeee    eeeeiinnn   a  eeeeeeleeeeer aa ttttt
/data3fast/users/mbermudez/de_03/TFGDataset/img/train_t2_1205_2.png|was  rerrrllggee  ererscch  t  lllleeeN
/data3fast/users/mbermudez/de_03/TFGDataset/img/train_t2_1182_0.png|iii   aaa ehhee   ndeee   dd sscheesssss eeer  leeeeeei
/data3fast/users/mbermudez/de_03/TFGDataset/img/train_t2_1393_0.png|nnddnnngggeNN
/data3fast/users/mbermudez/de_03/TFGDataset/img/train_t2_0478_0.png|geehhhheeee naaee nn eellhhhit   eee cccceeNN ssssss
/data3fast/users/mbermudez/de_03/TFGDataset/img/train_t2_1112.png|ssss    nnaaassss   nnaaaahahahss eeeee nnclchh
/data3fast/users/mbermudez/de_03/TFGDataset/img/train_t2_0258_2.png|ggggngeeed esseee  hhhhtt aasslsttttt ndde
/data3fast/users/mbermudez/de_03/TFGDataset/img/train_t2_0133_1.png|te     ttttsllenneee  aa ttt  eee  tteeee
/data3fast/users/mbermudez/de_03/TFGDataset/img/train_t2_1153_2.png|undddeeeelccheeN .
/data3fast/users/mbermudez/de_03/TFGDataset/img/train_t2_0514_0.png|dsss    n eee shh     eseeeeeeeeeeessN  dd ssseeeeNnnnnn ss
/data3fast/users/mbermudez/de_03/TFGDataset/img/train_t2_0248_0.png|rrr neeeeeet nnneeeeeddeeeeeeellhht deeeeee    aade
/data3fast/users/mbermudez/de_03/TFGDataset/img/train_t2_0453_0.png|unnd uuuunnndeeeettt eddeerttaatttunne
/data3fast/users/mbermudez/de_03/TFGDataset/img/train_t2_1327_1.png|eeNnnnd iihaasseeeeetteeee   d nndd eeclcls uuuu
/data3fast/users/mbermudez/de_03/TFGDataset/img/train_t2_0873.png|iinnnn   eeeee naassss   deeeegliiiiee nn    achhhhhh
/data3fast/users/mbermudez/de_03/TFGDataset/img/train_t2_1149_0.png|unddrrtttrreeeeeeennn haasssss  ndeeessllleeee
/data3fast/users/mbermudez/de_03/TFGDataset/img/train_t2_0908_2.png|st   eeeeeee naau eeeeeeett  aaau  nnnn tttt
/data3fast/users/mbermudez/de_03/TFGDataset/img/train_t2_0835_2.png|dee  ann ddees  uu eeeeee   ttttettttt aa eer   eee
/data3fast/users/mbermudez/de_03/TFGDataset/img/train_t2_0566_2.png|dee slllleee   i ee  aahee aauu eee tcchh    e
/data3fast/users/mbermudez/de_03/TFGDataset/img/train_t2_1374.png|ooeee     aachhnnneeni itt  nageeee
/data3fast/users/mbermudez/de_03/TFGDataset/img/train_t2_1487_0.png|inn ssss nneeee aaalllee    tcccheeee daaaa
/data3fast/users/mbermudez/de_03/TFGDataset/img/train_t2_0270_0.png|"sss   
/data3fast/users/mbermudez/de_03/TFGDataset/img/train_t2_1137_0.png|wir     ss eeeeeeee    ssseeeed  aaa  eeeeeeeann
/data3fast/users/mbermudez/de_03/TFGDataset/img/train_t2_1494_0.png|erss   eeeeeee sssseeN   n  e e lleeelleeee  rrrreeee
/data3fast/users/mbermudez/de_03/TFGDataset/img/train_t2_0800.png|dds  .....   ccchhee  dd        ccccsss sss  uu eelllllee
/data3fast/users/mbermudez/de_03/TFGDataset/img/train_t2_1116_0.png|de     fgfunnaaan aauu dd  sss   caaassluune
/data3fast/users/mbermudez/de_03/TFGDataset/img/train_t2_0743_0.png|auuu aaalee nnnndeeeee d eeeegeee    eeeee
/data3fast/users/mbermudez/de_03/TFGDataset/img/train_t2_0021_2.png|aalleeeettt dreeeiinnnieit derrrrrrr
/data3fast/users/mbermudez/de_03/TFGDataset/img/train_t2_0889.png|ssee llleeeeeetttteeee eeedeeee eeeeeeiiitt
/data3fast/users/mbermudez/de_03/TFGDataset/img/train_t2_1294_0.png|aaneeeeee  ssss  ieeeeee   e e  ee ctsss   ree ameeee
/data3fast/users/mbermudez/de_03/TFGDataset/img/train_t2_0161_1.png|raa  naaaaeeett i ii eede  aannneeeeeee sscchhllll
/data3fast/users/mbermudez/de_03/TFGDataset/img/train_t2_1203.png|geeeNssssstt   ee aalleellhinnneeeelllee  d
/data3fast/users/mbermudez/de_03/TFGDataset/img/train_t2_0380_1.png|geestthhhh aa see   nn  essslssss  eee llhhh eee
/data3fast/users/mbermudez/de_03/TFGDataset/img/train_t2_0571.png|beeeeeeeee  aasseeee  nn eeeeee  glleennnnder
/data3fast/users/mbermudez/de_03/TFGDataset/img/train_t2_0376.png|aaahheeeeleeeet iiii ddeeeiicnnnnnddeseettccchh
/data3fast/users/mbermudez/de_03/TFGDataset/img/train_t2_0317_2.png|wiiddd nnncchhhleeN  nndd   nne dd   sctttccsssh
/data3fast/users/mbermudez/de_03/TFGDataset/img/train_t2_1453_2.png|#
/data3fast/users/mbermudez/de_03/TFGDataset/img/train_t2_0737_0.png|des   nnndd  inccccahhleeedeeeerr  
/data3fast/users/mbermudez/de_03/TFGDataset/img/train_t2_1418_1.png|geeehhhhttt
/data3fast/users/mbermudez/de_03/TFGDataset/img/train_t2_1428_0.png|ertttnnnnn eeeennne ssss      rrttteeee aassss
/data3fast/users/mbermudez/de_03/TFGDataset/img/train_t2_1045_1.png|wllhhhhtt  dreettttttt  aaaaallleest  uuuu  e
/data3fast/users/mbermudez/de_03/TFGDataset/img/train_t2_1251_0.png|beeeeeeN   ancheeeeeeee rrr eeeteeeeellttt
/data3fast/users/mbermudez/de_03/TFGDataset/img/train_t2_0361.png|#  d
/data3fast/users/mbermudez/de_03/TFGDataset/img/train_t2_0450_0.png|iiettt t uunn tt  ee aaunnnnnddsssccieeeee
/data3fast/users/mbermudez/de_03/TFGDataset/img/train_t2_0501_1.png|geehheeeNssssss     nnneeeehhhh  ddreellleeNNnnne
/data3fast/users/mbermudez/de_03/TFGDataset/img/train_t2_1193.png|wiinneeennnneeesssss        sccheeeNe sssssse  nnndd 
/data3fast/users/mbermudez/de_03/TFGDataset/img/train_t2_0214_1.png|aannn aa ee     deee  deeellleee    s eeee aaasse  
/data3fast/users/mbermudez/de_03/TFGDataset/img/train_t2_0516_2.png|wlleee  aaaeeeessset uuuuusssseeeeee eeeeeeeee
/data3fast/users/mbermudez/de_03/TFGDataset/img/train_t2_1305.png|beeccchhhee    ccchn dd ssss  ass  eeeenee        eeeennn
/data3fast/users/mbermudez/de_03/TFGDataset/img/train_t2_0484_0.png|brrrddeeeeeneeenicch aaa eaa nddeeeeee  ichhttt
/data3fast/users/mbermudez/de_03/TFGDataset/img/train_t2_1286_0.png|auu eee  tsssh  nnne sshhheeeshchh ddrrrreegg
/data3fast/users/mbermudez/de_03/TFGDataset/img/train_t2_0845_2.png|deee   nnnnehhieeeeN  aassss   aancccssssee
/data3fast/users/mbermudez/de_03/TFGDataset/img/train_t2_0888_2.png|wieedd    ragggeeN nnndd  sallle  iii  ssss uaaaa
/data3fast/users/mbermudez/de_03/TFGDataset/img/train_t2_0328_0.png|ditttttttttt 
/data3fast/users/mbermudez/de_03/TFGDataset/img/train_t2_1475_1.png|nerrlleerdrreeeeeeeee**** nnn dee aaa ssseerrrr
/data3fast/users/mbermudez/de_03/TFGDataset/img/train_t2_1309_0.png|lee nnnn a eeee   ndddssseettt neeeeeettt  dddeee
/data3fast/users/mbermudez/de_03/TFGDataset/img/train_t2_0438_2.png|fogee     eeseeNN aaaeee  unn a tttteee
/data3fast/users/mbermudez/de_03/TFGDataset/img/train_t2_1233.png|wwreddd
/data3fast/users/mbermudez/de_03/TFGDataset/img/train_t2_0044_1.png|wieee   aaaaseennnnnnnn  esslll nnnnetttN
/data3fast/users/mbermudez/de_03/TFGDataset/img/train_t2_1498_2.png|di   nnn ssshheeedddrrde ddddrr  ttt  ssssssttts
/data3fast/users/mbermudez/de_03/TFGDataset/img/train_t2_0198.png|di   nnnufeetttttt  aalleeNeeeeeeeie  aassseee  uuuu
/data3fast/users/mbermudez/de_03/TFGDataset/img/train_t2_0697.png|hhh  e  att  e  lsseeeee llhh  deee * nnn  assllle
/data3fast/users/mbermudez/de_03/TFGDataset/img/train_t2_0761_1.png|geennnneeei  tttt...
/data3fast/users/mbermudez/de_03/TFGDataset/img/train_t2_1057.png|eeeeeeiitttt  ieelhheeeddeerrrrraaht deee 
/data3fast/users/mbermudez/de_03/TFGDataset/img/train_t2_0416.png|brsss  eeeN     nnddeee   asss eee        rrrreeeltttt
/data3fast/users/mbermudez/de_03/TFGDataset/img/train_t2_0308_2.png|dittiiei ndde  nnnessteeeee nnccnnnddeeee nn sss
/data3fast/users/mbermudez/de_03/TFGDataset/img/train_t2_1401_2.png|innd  esssccchhtee  aa  eee rrrr   nutttuu
/data3fast/users/mbermudez/de_03/TFGDataset/img/train_t2_0651_1.png|bet    deeeeraaau esse nnnnnndddd ssss   eee  hhhhhh
/data3fast/users/mbermudez/de_03/TFGDataset/img/train_t2_0717.png|das  eeeeet   re  aahieeeee  scccchnaaa aalhh de
/data3fast/users/mbermudez/de_03/TFGDataset/img/train_t2_0976.png|oossssaaaaaaalsllllllee   niiittt reeeessssseeddnnn
/data3fast/users/mbermudez/de_03/TFGDataset/img/train_t2_0850_0.png|eeehhhheeeeeee    uu eeeeee     
/data3fast/users/mbermudez/de_03/TFGDataset/img/train_t2_0429.png|geeeNeeeeeeee      ssss   tiiiieeeeeesshheeNN  u  e
/data3fast/users/mbermudez/de_03/TFGDataset/img/train_t2_0723_0.png|geeeee    nnnllhhhi dee  nannn ddeettt ee
/data3fast/users/mbermudez/de_03/TFGDataset/img/train_t2_0828_0.png|nnnd  derrrraaarrrrrrredd sss  nngeeeee taaa
/data3fast/users/mbermudez/de_03/TFGDataset/img/train_t2_0672.png|vnnneeeee ddr  nnd rchhheeeettttttteerrr
/data3fast/users/mbermudez/de_03/TFGDataset/img/train_t2_0446.png|drrllhee  d sss  d      *   ee  nnnsssee neecchhide
/data3fast/users/mbermudez/de_03/TFGDataset/img/train_t2_0122_0.png|uu eeeeeeede eeeeee eeeee uufeeeNeeeeeinneeee
/data3fast/users/mbermudez/de_03/TFGDataset/img/train_t2_0732_0.png|aa  eeeeeeee*****   ccchht e  nn    
/data3fast/users/mbermudez/de_03/TFGDataset/img/train_t2_0467_0.png|un   eiitttiiiee    ssees t haa ss  nnicchss  dddee
/data3fast/users/mbermudez/de_03/TFGDataset/img/train_t2_0053_0.png|asss   ddaaasssss  llllt      eeeee   tttttssstt
/data3fast/users/mbermudez/de_03/TFGDataset/img/train_t2_1361_2.png|"u  ddeeeeeeeeeeettnnnnen cchtt uu ddd icchlle
/data3fast/users/mbermudez/de_03/TFGDataset/img/train_t2_0554_2.png|geeeN   sssss    neeeecccchhhhhheei   i eeesN  d  ccheeeeN
/data3fast/users/mbermudez/de_03/TFGDataset/img/train_t2_0215_2.png|chhe    taa  eee  ssseeNN uu    nnnee  iii e ihheee
/data3fast/users/mbermudez/de_03/TFGDataset/img/train_t2_1150_1.png|nnnnnnneee nmi   agllleeet uu deeeee r  aaad
/data3fast/users/mbermudez/de_03/TFGDataset/img/train_t2_0435_0.png|eeN  ddeersshhh      neeee lsssede   rrrriiii  aaani
/data3fast/users/mbermudez/de_03/TFGDataset/img/train_t2_0052_2.png|dii  *****   un      heettt     ssllleeeeeellleeNNuund
/data3fast/users/mbermudez/de_03/TFGDataset/img/train_t2_0788_0.png|oon aaaaaa  eeeeiiiie   a  aaaaa eeeee
/data3fast/users/mbermudez/de_03/TFGDataset/img/train_t2_0914_0.png|asssee   ddeeee tthheeseeeee   eeereee drreeerrttt
/data3fast/users/mbermudez/de_03/TFGDataset/img/train_t2_0490_1.png|errrhhtt     tm nnnniihitnniee aaeeee  tsssheee
/data3fast/users/mbermudez/de_03/TFGDataset/img/train_t2_0406_2.png|iie ennn aaaleett   rrddd sscch    iinn
/data3fast/users/mbermudez/de_03/TFGDataset/img/train_t2_0583_0.png|auee    uuunddnnnnaalee  n iithheeee  llleeeerr
/data3fast/users/mbermudez/de_03/TFGDataset/img/train_t2_1228_0.png|gee  nddeeerra dd sssssdddssssaauffNNNee  eeeeell
/data3fast/users/mbermudez/de_03/TFGDataset/img/train_t2_0988.png|gesschhsssNN 
/data3fast/users/mbermudez/de_03/TFGDataset/img/train_t2_1402.png|wol     aaaa nnieeccceesst   n  ellhheeeettttt
/data3fast/users/mbermudez/de_03/TFGDataset/img/train_t2_1351_2.png|nnnnniiheeenneeeeellllle   
/data3fast/users/mbermudez/de_03/TFGDataset/img/train_t2_0075_0.png|"   rhetteNss st  .
/data3fast/users/mbermudez/de_03/TFGDataset/img/train_t2_0313.png|vneee  nndddee  cctt   eeetttth nnnneeeeeeeee cchh
/data3fast/users/mbermudez/de_03/TFGDataset/img/train_t2_0110_0.png|ooo ssssheeeecchheeeeeinn daaallleeeeeeeeeet  nnn
/data3fast/users/mbermudez/de_03/TFGDataset/img/train_t2_0785.png|nnn cllcheennggge ttt  rdeennnaaadd sss  aaa hhhhh
/data3fast/users/mbermudez/de_03/TFGDataset/img/train_t2_0456.png|bee  annnlleNN undd ii**..... tttteeeneeeelle
/data3fast/users/mbermudez/de_03/TFGDataset/img/train_t2_1402_1.png|woll  dd saat  neeeccchsest      llhheeeeettee
/data3fast/users/mbermudez/de_03/TFGDataset/img/train_t2_1145_2.png|fffeeeeeeeeee aaddnd ssseeee d   cchhaa  desseeeee
/data3fast/users/mbermudez/de_03/TFGDataset/img/train_t2_0875_2.png|eee dddeeeee  ssssseeeeeeeeeniiiii ii cch ddee
/data3fast/users/mbermudez/de_03/TFGDataset/img/train_t2_0080_2.png|mannnn d   aaeeeedeeeeeennnn eeeeiinneeedderree
/data3fast/users/mbermudez/de_03/TFGDataset/img/train_t2_1054_0.png|wwleeee aaahht   dddreeeegg    ssss    eeeeee
/data3fast/users/mbermudez/de_03/TFGDataset/img/train_t2_0319_0.png|ccheeeee***    aaaa   gget  eeee  chaaunddeeeeiee
/data3fast/users/mbermudez/de_03/TFGDataset/img/train_t2_0479_1.png|lettteesslllll  rrrddrrraa nddd  r cchlgNN
/data3fast/users/mbermudez/de_03/TFGDataset/img/train_t2_0976_1.png|sssss aaaau  ssll llihhi  nneeettt  ddeeessseee ddnn
/data3fast/users/mbermudez/de_03/TFGDataset/img/train_t2_0441.png|ttnnggeeNN  nn  tte   aassss   ttttt   dde
/data3fast/users/mbermudez/de_03/TFGDataset/img/train_t2_1323_2.png|beeeNNNeeeeehhhhhhh  eelllese   le   nnddesss  nneeesstt
/data3fast/users/mbermudez/de_03/TFGDataset/img/train_t2_0070.png|dessss cccnnnhhhtttt    tssseeeeeiiiit  eee
/data3fast/users/mbermudez/de_03/TFGDataset/img/train_t2_1054.png|wwlleeee aaahhhtt ddddreeeel  usssst    reeeer
/data3fast/users/mbermudez/de_03/TFGDataset/img/train_t2_0822_2.png|unnd   tt uffau nnnggnnnnggnnnnuncccchhl
/data3fast/users/mbermudez/de_03/TFGDataset/img/train_t2_0122_1.png|"u eeeeeeddeeeeee eee eee s u feeeeeeeeein  aaaee
/data3fast/users/mbermudez/de_03/TFGDataset/img/train_t2_0879.png|sst dd rrrrhheerrrrrrreeee  ddeeeiinnneeeee
/data3fast/users/mbermudez/de_03/TFGDataset/img/train_t2_1068_2.png|gelhhhteee aaaa ddee  ahha ddeeelchhe       eeeeNNN
/data3fast/users/mbermudez/de_03/TFGDataset/img/train_t2_0027_0.png|er aannnnn ii  aauau tttteeee  aassssss
/data3fast/users/mbermudez/de_03/TFGDataset/img/train_t2_1411.png|mtt  llgeeeettt eeeeeee u nd  aateeettt
/data3fast/users/mbermudez/de_03/TFGDataset/img/train_t2_1369_2.png|beeeeeeett  ndd  ccccss    es     ennnnn
/data3fast/users/mbermudez/de_03/TFGDataset/img/train_t2_1230_2.png|auu deee nnnnneeNNgglllleNuu    ssshhhinneeeedr
/data3fast/users/mbermudez/de_03/TFGDataset/img/train_t2_1225.png|# d
/data3fast/users/mbermudez/de_03/TFGDataset/img/train_t2_0764_2.png|fneeeeeeinnnn llla  dde aahhheenn aa eerssh  nn
/data3fast/users/mbermudez/de_03/TFGDataset/img/train_t2_0062.png|tttt  n eeeneee  llledddrrriiieeeee  *ee**   gggallll
/data3fast/users/mbermudez/de_03/TFGDataset/img/train_t2_1328.png|der  alla          uudddeeecchiee     nnndeeN
/data3fast/users/mbermudez/de_03/TFGDataset/img/train_t2_1033_0.png|mahhttt   nnntt    aahch ddeeeenitttttt edeeenn
/data3fast/users/mbermudez/de_03/TFGDataset/img/train_t2_0178_0.png|mhhht t   eerrrrrrreeeeeeeet uu  nhh  rrrrrrri
/data3fast/users/mbermudez/de_03/TFGDataset/img/train_t2_1496.png|oonnn eee s  egnnnnnee   aaaneeeeeN
/data3fast/users/mbermudez/de_03/TFGDataset/img/train_t2_0351_2.png|hheeeeeeeeNNN   dd  eedd  rrrrr   ssaaaahhh
/data3fast/users/mbermudez/de_03/TFGDataset/img/train_t2_0379_2.png|dii eeeeeeeree   asscch ndd ss ettti
/data3fast/users/mbermudez/de_03/TFGDataset/img/train_t2_0390_0.png|sssssNNNNeeeeeelllchht  aaaa ssssseeee  addeeerreeeee
/data3fast/users/mbermudez/de_03/TFGDataset/img/train_t2_0568_1.png|cheeeee     sssaaaa eeettt iiiie ddeeeeetttt
/data3fast/users/mbermudez/de_03/TFGDataset/img/train_t2_0042_0.png|de   eeeeee  sschhht n   sseeeeeeeeeetteellssseddd
/data3fast/users/mbermudez/de_03/TFGDataset/img/train_t2_0451_0.png|leetteeeiieeeeeesstchh udddee aass  eeeer  rrt
/data3fast/users/mbermudez/de_03/TFGDataset/img/train_t2_1011_1.png|# d
/data3fast/users/mbermudez/de_03/TFGDataset/img/train_t2_1372.png|eeeeee eeeichhh nneeeeeechheeNN  aa  dderaaalleeee
/data3fast/users/mbermudez/de_03/TFGDataset/img/train_t2_0642.png|diieeeihhnnnedesssschhh ssseeeeeniieett nu  ess
/data3fast/users/mbermudez/de_03/TFGDataset/img/train_t2_0841_0.png|seeeee  tsssheeN nn aaccnee     aaa eeddeeeeeee*
/data3fast/users/mbermudez/de_03/TFGDataset/img/train_t2_1342.png|ann eeettee uunnneiinneee  thhheee ddeeeeeleN uu
/data3fast/users/mbermudez/de_03/TFGDataset/img/train_t2_0494_2.png|wisseNN
/data3fast/users/mbermudez/de_03/TFGDataset/img/train_t2_0273_0.png|ee  aan     nneeeeeeettttt  nuuaa dee    tteeeeeenne
/data3fast/users/mbermudez/de_03/TFGDataset/img/train_t2_0735_2.png|fffn  ttttttt t
/data3fast/users/mbermudez/de_03/TFGDataset/img/train_t2_0837_0.png|deeeellss  eeeese nnnnnnn  dd    nneeennnen
/data3fast/users/mbermudez/de_03/TFGDataset/img/train_t2_0238_0.png|de  lllllhhhheeeNNNtt sss aaah  ddreeleeeeddddr
/data3fast/users/mbermudez/de_03/TFGDataset/img/train_t2_0753_0.png|arssttttttstteeeeneeeeieet  rrrrree aaauuu
/data3fast/users/mbermudez/de_03/TFGDataset/img/train_t2_1299_0.png|mit drrrrecheee  aandd s cchhe  aaasss  eeeehhhhh
/data3fast/users/mbermudez/de_03/TFGDataset/img/train_t2_0648_1.png|ahndddrrr  ed d ssccccll    u  nddeeeee   nnng
/data3fast/users/mbermudez/de_03/TFGDataset/img/train_t2_0680_1.png|aaeeeeeeNeeenneeehhhttt  nn  achhieee  aahhtttthheee
/data3fast/users/mbermudez/de_03/TFGDataset/img/train_t2_0903.png|nneeeeticch nn  eeeeet   eeenneeN uugeeeeeNsss
/data3fast/users/mbermudez/de_03/TFGDataset/img/train_t2_0211.png|annddeesee  nnn  mhhheeeellllllssass  rrr  dd
/data3fast/users/mbermudez/de_03/TFGDataset/img/train_t2_0540.png|#
/data3fast/users/mbermudez/de_03/TFGDataset/img/train_t2_0967_2.png|ee  gggeeettaas  eeeeeeeeeinnndeee   tt
/data3fast/users/mbermudez/de_03/TFGDataset/img/train_t2_1347_1.png|aahhh   nnaaa sss  nddeeeeeeeeee*   uuuuuffgeeeeeet
/data3fast/users/mbermudez/de_03/TFGDataset/img/train_t2_1213_2.png|ss eeeeeeeecchhhhhhhhheett nnd  alllahttttttss
/data3fast/users/mbermudez/de_03/TFGDataset/img/train_t2_0252_1.png|geeeeie nnnttiiiitttt  ddeeeeesleeNNN
/data3fast/users/mbermudez/de_03/TFGDataset/img/train_t2_1358.png|dasssccheeNN ddd   tt   ddeeeennnnneee     .    e
/data3fast/users/mbermudez/de_03/TFGDataset/img/train_t2_0951_2.png|voeeeeNN allchheee   rreeeeee  eeee tt sssche  nnnn
/data3fast/users/mbermudez/de_03/TFGDataset/img/train_t2_0002_2.png|miettttttlllle  d aaauuu sssseeichidd
/data3fast/users/mbermudez/de_03/TFGDataset/img/train_t2_0443_1.png|der rrrraaateeeseettiinneee erresssesssttt
/data3fast/users/mbermudez/de_03/TFGDataset/img/train_t2_0478.png|geehhheeee  aan    e llllhhit t  dee lccneNN sssss
/data3fast/users/mbermudez/de_03/TFGDataset/img/train_t2_0149_1.png|geeeee     eerrcchtt   d ee*   ****.
/data3fast/users/mbermudez/de_03/TFGDataset/img/train_t2_1135_0.png|ggeeeeetttt   ahhtssteeee  aa ddeeeee  deesss
/data3fast/users/mbermudez/de_03/TFGDataset/img/train_t2_1471_1.png|sttttaaaa e   ddne  cccllll  dd sss  gnnnn eee     
/data3fast/users/mbermudez/de_03/TFGDataset/img/train_t2_1076_1.png|gegggeeeess   ssss  u ddd  aaagggu ndeeeee  ee   aaaa
/data3fast/users/mbermudez/de_03/TFGDataset/img/train_t2_0739_1.png|tee  ee ssscchcchheee e eeegggeeettt   dda ssceeNN
/data3fast/users/mbermudez/de_03/TFGDataset/img/train_t2_1180.png|eee d deeeritt d  sstttssst ssss   nn  lll
/data3fast/users/mbermudez/de_03/TFGDataset/img/train_t2_1091_2.png|eeee   nn eeesssccch   eeeet uuu  eeleee  aa eeerrrrr
/data3fast/users/mbermudez/de_03/TFGDataset/img/train_t2_0141_2.png|weee ddrr  annn  mmeeesss d eeeettchssstt  nnn
/data3fast/users/mbermudez/de_03/TFGDataset/img/train_t2_0376_1.png|aaa  eellleee rrrih  ddeeeecchnnnndeeseetcchhh
/data3fast/users/mbermudez/de_03/TFGDataset/img/train_t2_0630_2.png|oolee d   acccccchheeN 
/data3fast/users/mbermudez/de_03/TFGDataset/img/train_t2_1433_0.png|iihheeelll  nddeessshhhhhinnneeeeee      sessssseeN
/data3fast/users/mbermudez/de_03/TFGDataset/img/train_t2_0466_2.png|eeessttssssaa ddees   ** *    nh eeeeeshhheeeee  aahh
/data3fast/users/mbermudez/de_03/TFGDataset/img/train_t2_0128.png|iih   eeee cchh deerihhhhaan eeeeee  tt       aeee
/data3fast/users/mbermudez/de_03/TFGDataset/img/train_t2_0009_2.png|beedd rrrraaaattt nnnneeeeeellchhh     sss
/data3fast/users/mbermudez/de_03/TFGDataset/img/train_t2_0249.png|ueeeeeeeellhhhhhh          nniiiieeeeeeeeee  aaa eee
/data3fast/users/mbermudez/de_03/TFGDataset/img/train_t2_1153_0.png|unddeeeelllcheN 
/data3fast/users/mbermudez/de_03/TFGDataset/img/train_t2_0157_1.png|ooo  nneeeeeeeeeeed  scchhte    nnnaa eeeeee
/data3fast/users/mbermudez/de_03/TFGDataset/img/train_t2_1140_1.png|wweeees   nnnnnnnneeeiinn ddniihhh rrree
/data3fast/users/mbermudez/de_03/TFGDataset/img/train_t2_0401_1.png|gee  nnett nuunnett nnneeeeeeesssschh nn e
/data3fast/users/mbermudez/de_03/TFGDataset/img/train_t2_0246_2.png|iitt       aanngeeeiin  s  eeeelcceeeeeee*
/data3fast/users/mbermudez/de_03/TFGDataset/img/train_t2_0397_2.png|lll  dd    ddere  reellleeeenng aassssttt
/data3fast/users/mbermudez/de_03/TFGDataset/img/train_t2_0774_1.png|daeeelleeNNuuuueeee  ccheeN ndd rcheeeeeeeeeeee
/data3fast/users/mbermudez/de_03/TFGDataset/img/train_t2_0351.png|ooeeeeegggNNN uuddd  eed rrrrtt      s chhhh
/data3fast/users/mbermudez/de_03/TFGDataset/img/train_t2_0868_2.png|unddeeer  add rteeellheeerrhhssssseee   uu
/data3fast/users/mbermudez/de_03/TFGDataset/img/train_t2_0350_1.png|geeehhheNNN asachnndd eessscssssNNssssssee  unnnee nnn nn
/data3fast/users/mbermudez/de_03/TFGDataset/img/train_t2_1114.png|nnn chhhl nndddeeeeeeeeeeeee *     s  nneennneeeii  aaaa
/data3fast/users/mbermudez/de_03/TFGDataset/img/train_t2_1475_2.png|nee alledde rreeeeeeeeee**nnndd e  aaaeeeeeer rr
/data3fast/users/mbermudez/de_03/TFGDataset/img/train_t2_0033_0.png|ttiiiiiihheeess      nnichhh ee ssssse   aleeeeeeeee
/data3fast/users/mbermudez/de_03/TFGDataset/img/train_t2_1342_0.png|aan eeettteee dnnnnineeee    hlhee ddeeeeeeeNNuuu
/data3fast/users/mbermudez/de_03/TFGDataset/img/train_t2_0236_0.png|aasseeeeee  ggeettrrrrrrrrrd aassseescc
/data3fast/users/mbermudez/de_03/TFGDataset/img/train_t2_0446_2.png|drrllhhtt     s        *e**eggnnnesssee nnnicchhii
/data3fast/users/mbermudez/de_03/TFGDataset/img/train_t2_0012.png|thh   eenederrr aaa dd  c eee nnneeeeNN  e
/data3fast/users/mbermudez/de_03/TFGDataset/img/train_t2_0490_2.png|rrrlltt    ttt annnniiiinnieeeaa eee ttthhhheeN
/data3fast/users/mbermudez/de_03/TFGDataset/img/train_t2_0470.png|wweeeeetttttt
/data3fast/users/mbermudez/de_03/TFGDataset/img/train_t2_0335.png|dass   nnnnnetttt ee rreeee aannnnnncccheeNNe
/data3fast/users/mbermudez/de_03/TFGDataset/img/train_t2_0937_0.png|breee  sssseer d aachnnn eeeeeett  nnnnuuu
/data3fast/users/mbermudez/de_03/TFGDataset/img/train_t2_1441_1.png|beell  see   nng laa  n iii   ddssallleeeeeeeet
/data3fast/users/mbermudez/de_03/TFGDataset/img/train_t2_1469.png|hhrrreeeeeee     ddd           c          . ..... 
/data3fast/users/mbermudez/de_03/TFGDataset/img/train_t2_1197_0.png|weee  d  sssstttt  aadd  anddsss tt  ree**......
/data3fast/users/mbermudez/de_03/TFGDataset/img/train_t2_0768.png|aage   a eeeee  nnhhhhht  
/data3fast/users/mbermudez/de_03/TFGDataset/img/train_t2_1133_1.png|ttt  nndaaa ddeeegggu eeee eellett  ddeecccheeNNN
/data3fast/users/mbermudez/de_03/TFGDataset/img/train_t2_0203_1.png|"ne nnnee  aageee a eeeee  n  eee  s aaaaareesss
/data3fast/users/mbermudez/de_03/TFGDataset/img/train_t2_0076_1.png|dee eeeege ssseeNN  uunneetttee  nnheeee rrr
/data3fast/users/mbermudez/de_03/TFGDataset/img/train_t2_0623_1.png|dar    eer aahh edeeettinniietnnddeeeetttt
/data3fast/users/mbermudez/de_03/TFGDataset/img/train_t2_0114_2.png|diieeehcshsss uuuuddeeeeennneelllhh      hlllllaa
/data3fast/users/mbermudez/de_03/TFGDataset/img/train_t2_0799_2.png|ieeeeeeeeeeee  nnnclllhhhheeeeeiiiennnnnggeeetsss
/data3fast/users/mbermudez/de_03/TFGDataset/img/train_t2_1079_1.png|lche   sssleeee   t eeettt  n aa eeeee
/data3fast/users/mbermudez/de_03/TFGDataset/img/train_t2_0760_1.png|un eerr aaaachhhh  aallleeeeeeeeeNNN
/data3fast/users/mbermudez/de_03/TFGDataset/img/train_t2_0189_2.png|eeeeehhhheee    eeeeehh   llee  tttheeeeeenddddreee
/data3fast/users/mbermudez/de_03/TFGDataset/img/train_t2_1316_1.png|iieeeerttttt  
/data3fast/users/mbermudez/de_03/TFGDataset/img/train_t2_1401.png|nndd   sscchhhheee  aa  eeeeerr  uuuu tttt
/data3fast/users/mbermudez/de_03/TFGDataset/img/train_t2_0354.png|cchh   sseeeeee    nnde  afgeeeeccceiieeeeeggguua
/data3fast/users/mbermudez/de_03/TFGDataset/img/train_t2_1378_2.png|bbeeee  t        nnncchiii nnnes   eee aallsshhhhh
/data3fast/users/mbermudez/de_03/TFGDataset/img/train_t2_0564_0.png|wwr    dd   aasssst   as  r   rrr **......
/data3fast/users/mbermudez/de_03/TFGDataset/img/train_t2_1061.png|brrdd ssscllle  fee  aanneeelllleee nnnd  aaasse
/data3fast/users/mbermudez/de_03/TFGDataset/img/train_t2_1324.png|ches ssss ddeeee***...     d  alllehiinnn a dddde
/data3fast/users/mbermudez/de_03/TFGDataset/img/train_t2_1378_1.png|oeeee  tt  e      nnn ichhnnn  se n ee  lllshhhhhhhh
/data3fast/users/mbermudez/de_03/TFGDataset/img/train_t2_0088.png|eet   ddeee nnmhheeeeenneet rrrdreeeeiiiiidddd
/data3fast/users/mbermudez/de_03/TFGDataset/img/train_t2_0979_1.png|sshh     eeeee cccsst  llll uuu eeeeeeccccch ndd aa
/data3fast/users/mbermudez/de_03/TFGDataset/img/train_t2_0061_1.png|oodnrreer amttttteeeeeN nuuddsssseee 
/data3fast/users/mbermudez/de_03/TFGDataset/img/train_t2_0293_1.png|dee eeeeestttteee  a dee  auuuannheeellhheeeeeeeN
/data3fast/users/mbermudez/de_03/TFGDataset/img/train_t2_0151_0.png|ssee  aaahheeeed rrrtttr iichhnnndd ssssseeeee
/data3fast/users/mbermudez/de_03/TFGDataset/img/train_t2_1345.png|gee    d  dddrttchhhhinnnn  aaa reeeet
/data3fast/users/mbermudez/de_03/TFGDataset/img/train_t2_0783_1.png|eeschhhhinnnneee**   assssseeee haatt rrraleee
/data3fast/users/mbermudez/de_03/TFGDataset/img/train_t2_0977_2.png|ee   neeen  d   ahhiieeilleeeeettte  ee aaalleee
/data3fast/users/mbermudez/de_03/TFGDataset/img/train_t2_0622_1.png|geeeNNNN  dd aa dreelleeee nnnnn a cc ddd aascchh
/data3fast/users/mbermudez/de_03/TFGDataset/img/train_t2_0952_1.png|ees   nnnnddeessseeeeeeeeeettt  u ddder aha     dre
/data3fast/users/mbermudez/de_03/TFGDataset/img/train_t2_1326_0.png|ssssN   nnnnnn   nninnddrereeesseetttt     eerrrri
/data3fast/users/mbermudez/de_03/TFGDataset/img/train_t2_0096_1.png|aaee   nnnnaah eee  n  ssa  edeee  aallln
/data3fast/users/mbermudez/de_03/TFGDataset/img/train_t2_0148_1.png|ttt*ttttttt  ddee d   esschheeeeee lllleeennneettttst
/data3fast/users/mbermudez/de_03/TFGDataset/img/train_t2_0016_0.png|geeeieettthhl   
/data3fast/users/mbermudez/de_03/TFGDataset/img/train_t2_0470_1.png|wweeeetttttt
/data3fast/users/mbermudez/de_03/TFGDataset/img/train_t2_1490_1.png|"e   uuu etttt     uu ddderrrr iiieeessss  a
/data3fast/users/mbermudez/de_03/TFGDataset/img/train_t2_1478_1.png|iieee ss     eeennneeella  dddeesseee iii
/data3fast/users/mbermudez/de_03/TFGDataset/img/train_t2_0117_1.png|geeeee   eeee    ccheee  aa ttta  e  ahhh  iiih
/data3fast/users/mbermudez/de_03/TFGDataset/img/train_t2_1132_2.png|err  sseee lllleeeeiht deees  d   csss  drrr
/data3fast/users/mbermudez/de_03/TFGDataset/img/train_t2_0501.png|geechheeNNsssss   ndde nnieellhhe ddeeellheee nne
/data3fast/users/mbermudez/de_03/TFGDataset/img/train_t2_1169.png|dee reeeeet     tttmnnnn ddesseeN n alllaauuuunnee
/data3fast/users/mbermudez/de_03/TFGDataset/img/train_t2_0664_1.png|mii hheeeeeeeeeeee   nncchh    eeennnnne  sssss
/data3fast/users/mbermudez/de_03/TFGDataset/img/train_t2_0119_1.png|lllhaaaahhh ennnaandn   nnnnddd ee e  aa rree
/data3fast/users/mbermudez/de_03/TFGDataset/img/train_t2_1338_1.png|nee  ssccheeedeer adde iinnneeiii**..   eglllsNNN
/data3fast/users/mbermudez/de_03/TFGDataset/img/train_t2_0854_0.png|bbe aaasseeeedd achhidder   ieeesslllleee  aaaa  ddd
/data3fast/users/mbermudez/de_03/TFGDataset/img/train_t2_0974_2.png|# 
/data3fast/users/mbermudez/de_03/TFGDataset/img/train_t2_0661_0.png|ii  eettttt gggllssss  rree    .
/data3fast/users/mbermudez/de_03/TFGDataset/img/train_t2_0856_1.png|iirraaaaaeeeeee   nneeeeeeeee sssseeee cceeeeeeNeN
/data3fast/users/mbermudez/de_03/TFGDataset/img/train_t2_1014_2.png|ggeeeee eeeelllllee   chhiieeelllssss  d ssss  deeeee
/data3fast/users/mbermudez/de_03/TFGDataset/img/train_t2_1312_1.png|ersthhhh  eeeeeeeeeeiie       a eeee
/data3fast/users/mbermudez/de_03/TFGDataset/img/train_t2_0898_0.png|hheeegggleett  deeeihhtee  eerrinnnddddereee
/data3fast/users/mbermudez/de_03/TFGDataset/img/train_t2_0310_2.png|deeeeeetttttttttee ffasssseseeleeeee    dedddd
/data3fast/users/mbermudez/de_03/TFGDataset/img/train_t2_0344_0.png|vnneeeaaaaa ddssshhtt  afenn nnnnglllhhee dddaaa
/data3fast/users/mbermudez/de_03/TFGDataset/img/train_t2_1154.png|eest   aachhhttt.
/data3fast/users/mbermudez/de_03/TFGDataset/img/train_t2_0866.png|ffnnn  ssss  eee nnnichtteee     ieeeee  dde
/data3fast/users/mbermudez/de_03/TFGDataset/img/train_t2_0063.png|eN  nnnnddn ss  eelchhheeestetthh  n  ssslchh  t  rrr
/data3fast/users/mbermudez/de_03/TFGDataset/img/train_t2_1268_2.png|wir    aaanndee  aand  amtssseeNN fufue  nn
/data3fast/users/mbermudez/de_03/TFGDataset/img/train_t2_1094_0.png|"    asssschnnd  cchheee ddde ccc a  eeeeeennnne
/data3fast/users/mbermudez/de_03/TFGDataset/img/train_t2_0652_1.png|geeaaa ssllllaa  dde  ccccs   aa  ee  **......
/data3fast/users/mbermudez/de_03/TFGDataset/img/train_t2_0334_1.png|iihreeeegeeeett d aahherrr tt hhhhllllleee aaaa
/data3fast/users/mbermudez/de_03/TFGDataset/img/train_t2_0894.png|un eeesshhhh   eseeeeee  nn gleeettreer    ddrrinnnnd
/data3fast/users/mbermudez/de_03/TFGDataset/img/train_t2_0498_0.png|eettaa u  eeeeellh  eeeeeelicciii  *.....aa
/data3fast/users/mbermudez/de_03/TFGDataset/img/train_t2_0993_0.png|ma   eeeeeguuudee   eee ddnnnncchhe dd  eehhhh
/data3fast/users/mbermudez/de_03/TFGDataset/img/train_t2_0652.png|geeaaaallse aal  dde   ccss  aa ddeei*.........
/data3fast/users/mbermudez/de_03/TFGDataset/img/train_t2_1387.png|ttee*****eeeee  eesee      ssllllaa      ssseeerrrrtieee
/data3fast/users/mbermudez/de_03/TFGDataset/img/train_t2_0428_1.png|nnneeeeettaau t sscchheee  eeee      uuunndeee
/data3fast/users/mbermudez/de_03/TFGDataset/img/train_t2_0253_0.png|ffnnnneeee       ssseeeerrreeett nndeeeeeeee
/data3fast/users/mbermudez/de_03/TFGDataset/img/train_t2_0235_1.png|geetttteetthh nnddsseeel aahhhinnnnn eerr nnn
/data3fast/users/mbermudez/de_03/TFGDataset/img/train_t2_0398_0.png|mit   eeee  asss  deeer  tttttttt lggeeed  sssee
/data3fast/users/mbermudez/de_03/TFGDataset/img/train_t2_0566.png|de  slllllee  tt     aahee auuudee   cch    drr
/data3fast/users/mbermudez/de_03/TFGDataset/img/train_t2_0014_0.png|in  essee iteee  nntt  unddee cchhheeerr   hnnnnnn
/data3fast/users/mbermudez/de_03/TFGDataset/img/train_t2_1195.png|iiitttauaa  eeellle    .
/data3fast/users/mbermudez/de_03/TFGDataset/img/train_t2_1032.png|eeee  e  in ccchh hhhcheeddddeesssseeN   nneeerr
/data3fast/users/mbermudez/de_03/TFGDataset/img/train_t2_0468.png|aaa  nneeeeleee   sssteee nneeetttttteeieeeeaaaa
/data3fast/users/mbermudez/de_03/TFGDataset/img/train_t2_0534.png|gee hhhts dssssN    ssdd escctttteee   a n iieeee
/data3fast/users/mbermudez/de_03/TFGDataset/img/train_t2_0750_1.png|crre ss  ddr  ii.*....   dd eee***     sschh ddddeee
/data3fast/users/mbermudez/de_03/TFGDataset/img/train_t2_1311_0.png|leetN  nngeeedddrrrccheee    nddeeeelllhh aaa eeee
/data3fast/users/mbermudez/de_03/TFGDataset/img/train_t2_0514_2.png|dass       eess  h a eee  eeeeeleeeN   nd  ccheeeeennnnnnnnn
/data3fast/users/mbermudez/de_03/TFGDataset/img/train_t2_1315_0.png|bee  eiiihtte auuddeeeeeeeeee  e ssseeeNnnn eeeet
/data3fast/users/mbermudez/de_03/TFGDataset/img/train_t2_0607_1.png|geeelnnnaasse   sssss  nnndaa  eessseeellllee
/data3fast/users/mbermudez/de_03/TFGDataset/img/train_t2_0089_1.png|aasee ihhh deeeieegggee tteeggeeee aaau
/data3fast/users/mbermudez/de_03/TFGDataset/img/train_t2_0547_2.png|iihhhhhhhhhhhhee eeeeess ddddd achhhhhhieee  unndee nn
/data3fast/users/mbermudez/de_03/TFGDataset/img/train_t2_0915_2.png|allll eeeeseeeee e ssssee   eeeennggasssse  ndeeee
/data3fast/users/mbermudez/de_03/TFGDataset/img/train_t2_1280_0.png|geee   
/data3fast/users/mbermudez/de_03/TFGDataset/img/train_t2_0018_1.png|meeeeeeeeiinndddrreelleeeeeeeee****    d  ssseeeN
/data3fast/users/mbermudez/de_03/TFGDataset/img/train_t2_0421_1.png|glleeeeteet     mhhhttanntttttttss ee ellleerrd
/data3fast/users/mbermudez/de_03/TFGDataset/img/train_t2_0274_1.png|brre     aggggeggllleee    rrr e  aueee
/data3fast/users/mbermudez/de_03/TFGDataset/img/train_t2_0788_1.png|ooo aaaaaaa eeeeiiii     raaaaa eeeee
/data3fast/users/mbermudez/de_03/TFGDataset/img/train_t2_1283.png|ss   tttteeeee   aaassseee nnnnnnnnnn aaa  eeettt
/data3fast/users/mbermudez/de_03/TFGDataset/img/train_t2_1210_1.png|geeeeeeeerrhh   daaaunnnee  ccchheeeeeee  nn
/data3fast/users/mbermudez/de_03/TFGDataset/img/train_t2_1379_2.png|mitt eeeeessseeeN n   leeeN   ..
/data3fast/users/mbermudez/de_03/TFGDataset/img/train_t2_1143.png|eeess  aaallh nnndd    ...   aaaa ttttt iicchsss
/data3fast/users/mbermudez/de_03/TFGDataset/img/train_t2_0832_0.png|aass    ss eennnnnee  ddr  ttellla uddeeee  nnn
/data3fast/users/mbermudez/de_03/TFGDataset/img/train_t2_0531_1.png|dieesseeeuuussssshhtt nnnninnnndeeeaann eeeeeee
/data3fast/users/mbermudez/de_03/TFGDataset/img/train_t2_0285_1.png|fgeee  unddaattttteeeessee  rrrleeettt
/data3fast/users/mbermudez/de_03/TFGDataset/img/train_t2_0233_1.png|berrhhhhhee  *******  neee aaheeeee   ndd a r eeiiiii
/data3fast/users/mbermudez/de_03/TFGDataset/img/train_t2_0771_0.png|#  
/data3fast/users/mbermudez/de_03/TFGDataset/img/train_t2_0547_1.png|iirhhsstthhhhteeee**   s e dd aahhhhhhheeee  nnddee
/data3fast/users/mbermudez/de_03/TFGDataset/img/train_t2_0040_0.png|aaseeeeeellhh dd a      aaannnaa eeeeerrrrr
/data3fast/users/mbermudez/de_03/TFGDataset/img/train_t2_0179_1.png|tthnnnnnnn d nn eeeennnneesscchhheeeNNeeette
/data3fast/users/mbermudez/de_03/TFGDataset/img/train_t2_0257_0.png|voeehhhhhtee    acaassse   a  eehhlennnnecchhhssee
/data3fast/users/mbermudez/de_03/TFGDataset/img/train_t2_0848_1.png|gemttttttttiinnnde  iii****   llssN   nddd   mll
/data3fast/users/mbermudez/de_03/TFGDataset/img/train_t2_0139.png|atttt  eee n ttt  ded  sss ddrrreeeeeeee ee eeeeeeee
/data3fast/users/mbermudez/de_03/TFGDataset/img/train_t2_0823_0.png|seet   uuuuuu aaasssteedd enneee**n ssciiiichhh
/data3fast/users/mbermudez/de_03/TFGDataset/img/train_t2_0123_2.png|undd aascchheeeeeeeraaaa  aaauu ddeeeee
/data3fast/users/mbermudez/de_03/TFGDataset/img/train_t2_0072_1.png|aannnnnnndeeescccttsschi       ..  u f eesshhheeeee
/data3fast/users/mbermudez/de_03/TFGDataset/img/train_t2_0315_0.png|unneeeeee ieeeennnndeee  ree nnnnnaaeeeeeerr
/data3fast/users/mbermudez/de_03/TFGDataset/img/train_t2_0718_0.png|detttt  asssseeeeiiiee aanch dddeeN nndddee
/data3fast/users/mbermudez/de_03/TFGDataset/img/train_t2_1106_1.png|llleee  r dreerrrrd aachh eee  ***..       llchh
/data3fast/users/mbermudez/de_03/TFGDataset/img/train_t2_0272_1.png|mtt  aalee unnddde  aahhhaaaadss  eeneeeetttttt
/data3fast/users/mbermudez/de_03/TFGDataset/img/train_t2_1054_1.png|wllleeee aahhht drddddeeegggg  sssss  eeeeee
/data3fast/users/mbermudez/de_03/TFGDataset/img/train_t2_0362_1.png|auugenneeeee  reeeNennn  aalleeeellleeeN    eee
/data3fast/users/mbermudez/de_03/TFGDataset/img/train_t2_0456_2.png|bee annnllleNN  nndee *  ...   tltee nneeeeell
/data3fast/users/mbermudez/de_03/TFGDataset/img/train_t2_1110.png|asseeeeeeeeee deeer a tt   d sssslleeeNNeNN
/data3fast/users/mbermudez/de_03/TFGDataset/img/train_t2_0162_0.png|dessssssetteeNnneeee tt     eeeeteeeeeellheeee     a
/data3fast/users/mbermudez/de_03/TFGDataset/img/train_t2_0655_2.png|wissss   hhhhhhhtteee   aa neeee    a  sss
/data3fast/users/mbermudez/de_03/TFGDataset/img/train_t2_1116_2.png|deNN  fnfgnngallaaaauun dd sss   aaaalllleN
/data3fast/users/mbermudez/de_03/TFGDataset/img/train_t2_0027_2.png|ee  annnnnn  e  uuuu  ttttee   aasss
/data3fast/users/mbermudez/de_03/TFGDataset/img/train_t2_0575_1.png|uu  elhhhheeedd  aacheee ddeeeeelleeeeeeeetttnnn
/data3fast/users/mbermudez/de_03/TFGDataset/img/train_t2_0870_2.png|msss eee deeeiihhhh nnddaauu ssauu eeeeeeNNN
/data3fast/users/mbermudez/de_03/TFGDataset/img/train_t2_0685_1.png|dii eeeeee**** gl auunnggeeeeet  asssdde
/data3fast/users/mbermudez/de_03/TFGDataset/img/train_t2_0010_2.png|dee   itiiinnndeeee s     ieeee  *******    t   dderreeee
/data3fast/users/mbermudez/de_03/TFGDataset/img/train_t2_0015_2.png|der rrrtee   deee    eeeggeeeessslll aasssttttt
/data3fast/users/mbermudez/de_03/TFGDataset/img/train_t2_0251_0.png|der rsshcheeethhh ddeesstt  eeeslllleeeheeet aaa dee
/data3fast/users/mbermudez/de_03/TFGDataset/img/train_t2_0218_1.png|anneeeettt nn aaaasseee   nnallle  uss  nnnee
/data3fast/users/mbermudez/de_03/TFGDataset/img/train_t2_1376_2.png|mmn eeeee nnnddacchhheee  aageee      niii
/data3fast/users/mbermudez/de_03/TFGDataset/img/train_t2_1414_2.png|oooeeeeee nnnntteerrre  aaahheeee  d eerrrr
/data3fast/users/mbermudez/de_03/TFGDataset/img/train_t2_0958.png|deN    nnnneeeess cchhhnn  ssssaa  nnddeeeeeNNNNsss
/data3fast/users/mbermudez/de_03/TFGDataset/img/train_t2_1398_2.png|ee   aasseehhheeeeeeee nneiihaa di tiieee
/data3fast/users/mbermudez/de_03/TFGDataset/img/train_t2_0768_2.png|aaee a hheeee   achhhhit 
/data3fast/users/mbermudez/de_03/TFGDataset/img/train_t2_0715_2.png|mtt aau emmannneee rrreeee nnnd ittterhaaann
/data3fast/users/mbermudez/de_03/TFGDataset/img/train_t2_0714_0.png|annhehhhtthauu ddeeeicchne scll   eee   rrrr
/data3fast/users/mbermudez/de_03/TFGDataset/img/train_t2_1351.png|gnnnnccheeeeeen  eselleee  
/data3fast/users/mbermudez/de_03/TFGDataset/img/train_t2_1401_0.png|innddsssssscccchee  aa eeeerrrrt  unnntttu
/data3fast/users/mbermudez/de_03/TFGDataset/img/train_t2_0613_0.png|geeennneihhhhhhh ddd i eeseeesslcsssssN  nddddee
/data3fast/users/mbermudez/de_03/TFGDataset/img/train_t2_0725_2.png|dir llllhe   nnneeee tt  d  tsss eesshheeeee
/data3fast/users/mbermudez/de_03/TFGDataset/img/train_t2_0712_1.png|de  aaaaaneeeeeetttt    reee  eeelllleeN uu
/data3fast/users/mbermudez/de_03/TFGDataset/img/train_t2_1157_0.png|dittttt     uu eee  mhhhhnneeeeNNscccnn ggeeeeeeeeeecee
/data3fast/users/mbermudez/de_03/TFGDataset/img/train_t2_0335_1.png|ddsss   nnn ttttt  drrrrree  annnnnnncccheeddd
/data3fast/users/mbermudez/de_03/TFGDataset/img/train_t2_0929.png|ttt ddddd   assssssee  nnd chhhh nnniiinnn dd
/data3fast/users/mbermudez/de_03/TFGDataset/img/train_t2_0485.png|beee  eeee ttt  elllheeeeeeeell  eeerrrede   
/data3fast/users/mbermudez/de_03/TFGDataset/img/train_t2_0043_1.png|das  iiihhaahleeeeNe ssss eeeraaneeeiiiee
/data3fast/users/mbermudez/de_03/TFGDataset/img/train_t2_1298_1.png|dee sscchl eeeelllhhhlhhhee aaaaa eeeeellchhhe
/data3fast/users/mbermudez/de_03/TFGDataset/img/train_t2_0462_2.png|eee   rlhhhh ddeeeeeeelle   tt ddeeess uuussseell
/data3fast/users/mbermudez/de_03/TFGDataset/img/train_t2_0454_0.png|cheeee nnnnneeeggeeeeee r daaass  dde dd annnn
/data3fast/users/mbermudez/de_03/TFGDataset/img/train_t2_0284_1.png|oddeeeeeeiinnnett nnnggeeeN ddr reeesssss   nnn
/data3fast/users/mbermudez/de_03/TFGDataset/img/train_t2_0379.png|ddi  eeeerreee   acchhnnd ssstttiit
/data3fast/users/mbermudez/de_03/TFGDataset/img/train_t2_1267_0.png|anndd  a  sssstchtttccceNN *****.ssccch   ddrrrr
/data3fast/users/mbermudez/de_03/TFGDataset/img/train_t2_1328_2.png|der aaaa         uuu dee icceeeN     nnndeeee
/data3fast/users/mbermudez/de_03/TFGDataset/img/train_t2_0462_0.png|ee   elllhh dddeeeereeeee   rtteede ss  ussseelll
/data3fast/users/mbermudez/de_03/TFGDataset/img/train_t2_1134_1.png|ttt   d aaaallleeeeeeeett uugeeeeee rrrrddr
/data3fast/users/mbermudez/de_03/TFGDataset/img/train_t2_0795_1.png|errnnnnnnnnnd eeeehhhe  aaasseee  * *       aanaerr
/data3fast/users/mbermudez/de_03/TFGDataset/img/train_t2_0628_2.png|lleNNN nnnnnn tttttt nnnnnnnechheeettttttee  nn
/data3fast/users/mbermudez/de_03/TFGDataset/img/train_t2_0988_1.png|geessssssNNN
/data3fast/users/mbermudez/de_03/TFGDataset/img/train_t2_0843_1.png|geeNN d  rrrraahhhhhtt deeee n aahttnneeee de
/data3fast/users/mbermudez/de_03/TFGDataset/img/train_t2_1188.png|chesssshhheehhh ee   scc        nnddeeccchhhh  nndddss
/data3fast/users/mbermudez/de_03/TFGDataset/img/train_t2_0329.png|cehhteeNNNNNNsss      chhh  deeee ccnee   ccclllee dnnd
/data3fast/users/mbermudez/de_03/TFGDataset/img/train_t2_0361_1.png|#  e
/data3fast/users/mbermudez/de_03/TFGDataset/img/train_t2_0669_2.png|dieeee uun eeeeeeet  nggeNnn daallssstttt
/data3fast/users/mbermudez/de_03/TFGDataset/img/train_t2_0338_0.png|che   sssssssh  naallleee  unn   ttt****  eeeeeeeee
/data3fast/users/mbermudez/de_03/TFGDataset/img/train_t2_1358_2.png|dasseechheN nndd rtttt  nddeegnnnneeee  ***    eeee
/data3fast/users/mbermudez/de_03/TFGDataset/img/train_t2_1389_1.png|eeed  eeeeett  d aachhhireeeeeeennn  ttt
/data3fast/users/mbermudez/de_03/TFGDataset/img/train_t2_1027_2.png|dieeeeelaaauu eeeeeeessseeN d  ssshhhseeeeee
/data3fast/users/mbermudez/de_03/TFGDataset/img/train_t2_1410_0.png|nndd aalleeee   llsssee nncchttteeeettttttttrrr
/data3fast/users/mbermudez/de_03/TFGDataset/img/train_t2_0095_0.png|undddeeeeneeeee aa  it    tt    eeeeeeNssssss
/data3fast/users/mbermudez/de_03/TFGDataset/img/train_t2_0345.png|ichhhhhhht dddrereecheeeN aandddeeiicnnceeees s sss
/data3fast/users/mbermudez/de_03/TFGDataset/img/train_t2_0047.png|wiiee   eeee nnneeee uuuuueeeneeeessst 
/data3fast/users/mbermudez/de_03/TFGDataset/img/train_t2_0638_2.png|ohhee      chheeeeeeeeiiihchhhh  ee   aaaasseeeee
/data3fast/users/mbermudez/de_03/TFGDataset/img/train_t2_1015_2.png|ett a  aaaddd eeiihnnee  sssuunnneeeeee  ddee
/data3fast/users/mbermudez/de_03/TFGDataset/img/train_t2_1469_2.png|hrrrreeeee     .   ddd         cc     .    ..... aaall
/data3fast/users/mbermudez/de_03/TFGDataset/img/train_t2_0975_1.png|hhnndddd aaa   dee  allhl  s   ssssst  t t
/data3fast/users/mbermudez/de_03/TFGDataset/img/train_t2_1010.png|geeettt  nddd arrrlaaaseee ateeeeerreeetttaaa
/data3fast/users/mbermudez/de_03/TFGDataset/img/train_t2_0155.png|aa      ee  ann sschtt    **  eesstttte  naalleeeNN
/data3fast/users/mbermudez/de_03/TFGDataset/img/train_t2_0253_1.png|fnnnggeeeee     ssssseeeeeereeeii nddeeeeeeed
/data3fast/users/mbermudez/de_03/TFGDataset/img/train_t2_0311_0.png|ggnn    hheee    ihreeeeeeett aaa eeeettee   und
/data3fast/users/mbermudez/de_03/TFGDataset/img/train_t2_0620_2.png|inneeeeeeiieeeeee  aaaa  eeinnn n ddeellleeinnn
/data3fast/users/mbermudez/de_03/TFGDataset/img/train_t2_1466.png|aattttt  aa eeee re  n eeeeiieeeeeess     fseee cchh
/data3fast/users/mbermudez/de_03/TFGDataset/img/train_t2_0384_2.png|neeeeeNss    nneee uufggnnnttee  dddeeeeeeeei
/data3fast/users/mbermudez/de_03/TFGDataset/img/train_t2_0327.png|die   sseNssss eggeee  ttteggeeeeeNNunnnnee
/data3fast/users/mbermudez/de_03/TFGDataset/img/train_t2_1221_1.png|oon  ii eeeeellleee    tt rhheeeNe    tccclleeee
/data3fast/users/mbermudez/de_03/TFGDataset/img/train_t2_0580_1.png|aaa hhheehhchee ddasssllless   ff sss  ddde
/data3fast/users/mbermudez/de_03/TFGDataset/img/train_t2_0062_0.png|tttt nnneeeeeN   llleeddrr iiiieeeeeee*   e   alllll
/data3fast/users/mbermudez/de_03/TFGDataset/img/train_t2_0060.png|ee   nndddeeessssssccheeeeehhhha  rerrra d aaa
/data3fast/users/mbermudez/de_03/TFGDataset/img/train_t2_1469_1.png|hrrrreeeee        dd e        ccc     ....       aa
/data3fast/users/mbermudez/de_03/TFGDataset/img/train_t2_0689_1.png|undd saeee   ttee   ssssdd aaslleeiieeeeet
/data3fast/users/mbermudez/de_03/TFGDataset/img/train_t2_0410_0.png|eeeeeeeeeee eee  elccheeee *e    sssshllgennnn    rrraa
/data3fast/users/mbermudez/de_03/TFGDataset/img/train_t2_0300.png|aahh e e  rd ee   aaa iitttmtthteeN  nnnnnaaaat
/data3fast/users/mbermudez/de_03/TFGDataset/img/train_t2_0191.png|err nnnnnneeeeeett eggggeeeett ndddaaaaaeeeee
/data3fast/users/mbermudez/de_03/TFGDataset/img/train_t2_1100.png|iihh nn  eeeee elllleee seeeeeeccchaau ddeeetttt
/data3fast/users/mbermudez/de_03/TFGDataset/img/train_t2_1266_0.png|"  eeeN    sllleeeehh annnngeeN    nnnneeee
/data3fast/users/mbermudez/de_03/TFGDataset/img/train_t2_0246_1.png|iitttt   ee naggeeeee   eeeeecccheeNNNe***
/data3fast/users/mbermudez/de_03/TFGDataset/img/train_t2_1317_2.png|daseeeeeeeee a  eeee      s  a   tteeessee   nnnd
/data3fast/users/mbermudez/de_03/TFGDataset/img/train_t2_0937.png|beeee d  srrr   aaachhnnneeeeeettt  nnnaaa
/data3fast/users/mbermudez/de_03/TFGDataset/img/train_t2_1125_0.png|geehtttt nnn  ssssseeeeeee ddeeeelst  nn deeerree
/data3fast/users/mbermudez/de_03/TFGDataset/img/train_t2_0279.png|dee  **eennnn  anauu  d rtteee t iiee ttt     
/data3fast/users/mbermudez/de_03/TFGDataset/img/train_t2_0071_0.png|andd sss seeed   a h i eseeeeee  cclleee dd nndde
/data3fast/users/mbermudez/de_03/TFGDataset/img/train_t2_1330_1.png|iinnn ggggnnttt nnnn cch d iiii  nndd  ssstttt
/data3fast/users/mbermudez/de_03/TFGDataset/img/train_t2_0575_2.png|uu ellhhhheen  aachheeeddeeeeelllleeeeeeiiitt
/data3fast/users/mbermudez/de_03/TFGDataset/img/train_t2_1448_2.png|ggetteeeeeihnn essseeee aaaaaahit    eeellleNNdd
/data3fast/users/mbermudez/de_03/TFGDataset/img/train_t2_1337.png|"     eeeellasssseee  d eeee deee cch deee
/data3fast/users/mbermudez/de_03/TFGDataset/img/train_t2_1101_2.png|ditttsssssllllee  rdddaaac deee aaaauu ee
/data3fast/users/mbermudez/de_03/TFGDataset/img/train_t2_0624.png|di  lllllshhhteeeeee nnneeichee  eee   ddddssss
/data3fast/users/mbermudez/de_03/TFGDataset/img/train_t2_0884_1.png|des    eeeet    teeelleeee rrsschh     dddee aaa
/data3fast/users/mbermudez/de_03/TFGDataset/img/train_t2_1291_1.png|andd sss ttt  eeegeiientt   dd ellhh ddde
/data3fast/users/mbermudez/de_03/TFGDataset/img/train_t2_0349_2.png|stt  llau u sssseee    tttiihheerriiicch  
/data3fast/users/mbermudez/de_03/TFGDataset/img/train_t2_0069_0.png|innd  eeeeeeengee  ttrrrlllllnn tsseeNN nnn eee
/data3fast/users/mbermudez/de_03/TFGDataset/img/train_t2_0519_0.png|bee           ee      rrrlllle   aannnnneesst
/data3fast/users/mbermudez/de_03/TFGDataset/img/train_t2_0103_0.png|#  e
/data3fast/users/mbermudez/de_03/TFGDataset/img/train_t2_0294_2.png|"u  aaaa   rrattt   uaanneeeschheeNnnnnneee aa
/data3fast/users/mbermudez/de_03/TFGDataset/img/train_t2_1314_2.png|uuu   esssseeleelll nnnnich    alllllss  ddnnn    t
/data3fast/users/mbermudez/de_03/TFGDataset/img/train_t2_0176_1.png|mi       fallle d accc ddeee********   llllllihhneee
/data3fast/users/mbermudez/de_03/TFGDataset/img/train_t2_0856_0.png|irrraaaaeeeeeee  nneeeeeeeddee eseeeeeeeeggeeeeeN
/data3fast/users/mbermudez/de_03/TFGDataset/img/train_t2_1385_0.png|is    tst eeee  n eeeeee dde    dee  aasshh neeeeeeiihhh
/data3fast/users/mbermudez/de_03/TFGDataset/img/train_t2_0372_2.png|der chhheeeeee aassssee   daaaallleeeeeeeett
/data3fast/users/mbermudez/de_03/TFGDataset/img/train_t2_1273.png|reeesss uuddsaa   mttt nndeeeennn   deeeetttte
/data3fast/users/mbermudez/de_03/TFGDataset/img/train_t2_0306_0.png|ssss     d  eeeeeehhheeeeennn ese nnnddeesssttttttt
/data3fast/users/mbermudez/de_03/TFGDataset/img/train_t2_1454_2.png|iiieeiiiiicchnneeeeeeennnnncssee   aalleee
/data3fast/users/mbermudez/de_03/TFGDataset/img/train_t2_1352.png|deeeeeeeeestttedeeeeeee  ttteeee   ddee   uuduuua
/data3fast/users/mbermudez/de_03/TFGDataset/img/train_t2_1433.png|ihhheeggeN  ddddeesshhheiineeeeee  a dd esssssNN
/data3fast/users/mbermudez/de_03/TFGDataset/img/train_t2_0102_1.png|aan teeeee nnnnieennccshh ndd   iieeeeeeeeee
/data3fast/users/mbermudez/de_03/TFGDataset/img/train_t2_1499_2.png|see  aaaasss  nndeeeeeee   ss  glh hthtt  teeerrr
/data3fast/users/mbermudez/de_03/TFGDataset/img/train_t2_0877_1.png|lleNNNnnnnnee      derrlllccheN  uuaaahh  nn
/data3fast/users/mbermudez/de_03/TFGDataset/img/train_t2_0936_0.png|dnnnnniiesccchcccttt ......* n eeichhttt  dddeeeeee
/data3fast/users/mbermudez/de_03/TFGDataset/img/train_t2_0857_2.png|dee      ssaaaunuu     ttt    ccceeeeee  ssssssa
/data3fast/users/mbermudez/de_03/TFGDataset/img/train_t2_0440_2.png|de  aaa dd   tt  tt     .
/data3fast/users/mbermudez/de_03/TFGDataset/img/train_t2_1412_2.png|daaaaaauddss  eeenn  cchssstchhh nneecchhe  unachhee
/data3fast/users/mbermudez/de_03/TFGDataset/img/train_t2_0436_2.png|dd sssseeienneetttehhhhe allleeittt nn eeeesseeeeee
/data3fast/users/mbermudez/de_03/TFGDataset/img/train_t2_0952.png|brstt  nnnndeesseeeeeeeeeettt   ddderr aandddd   dr
/data3fast/users/mbermudez/de_03/TFGDataset/img/train_t2_0187_2.png|de   niiiieeeeeee****  uu   s eeeeeellll   aeeeee  nn
/data3fast/users/mbermudez/de_03/TFGDataset/img/train_t2_0264_1.png|oo   eettt   uaaassellleee   nnn s     rrr
/data3fast/users/mbermudez/de_03/TFGDataset/img/train_t2_0291_2.png|ieesscssseNN  dddderlhhtt rrr  ddd rlllchh annnn
/data3fast/users/mbermudez/de_03/TFGDataset/img/train_t2_0559_2.png|unnneeee   aasssellleee  nn mi eeeeN sllle   rrreee
/data3fast/users/mbermudez/de_03/TFGDataset/img/train_t2_0589_2.png|mitteenneeeeessssseN eeeeeee e  scclleee tt   ttt
/data3fast/users/mbermudez/de_03/TFGDataset/img/train_t2_0943_0.png|ee  aaa deeeennneeeiihhheeeglltteeerr
/data3fast/users/mbermudez/de_03/TFGDataset/img/train_t2_1456_2.png|iiee   dd eeti eeelllhe  d ereeeeeccchee   ndd
/data3fast/users/mbermudez/de_03/TFGDataset/img/train_t2_0024_0.png|bbeeeeeeeesstttt   eegllht ddeee*      sssa nndee
/data3fast/users/mbermudez/de_03/TFGDataset/img/train_t2_1216_0.png|neeeeerrreedrrreeggee sss unnddd eeee  uuuutt
/data3fast/users/mbermudez/de_03/TFGDataset/img/train_t2_1076_2.png|geeeeeeesss  sssss aaudde   aa genn e eeee  eei   aaa
/data3fast/users/mbermudez/de_03/TFGDataset/img/train_t2_0649.png|"sssss aa   ccc ddesss dd  cccclllleceee  eeee
/data3fast/users/mbermudez/de_03/TFGDataset/img/train_t2_1100_2.png|iahaa  deeeeee  allleeessNee   llcaauu ddeeetttt
/data3fast/users/mbermudez/de_03/TFGDataset/img/train_t2_0156.png|de  icchne deeeeee dddnnaac   dee   ssseeeN  tttt
/data3fast/users/mbermudez/de_03/TFGDataset/img/train_t2_0619_1.png|dee    eeee  e   eeeett nnn aasseeeeeeeeeeee     ttttt
/data3fast/users/mbermudez/de_03/TFGDataset/img/train_t2_0708_0.png|neeeeeellleeeeN uu asssstt  nnnneeiineenn
/data3fast/users/mbermudez/de_03/TFGDataset/img/train_t2_0562_1.png|nnnnneeeee***.
/data3fast/users/mbermudez/de_03/TFGDataset/img/train_t2_1119_2.png|eeeeennnneee  errreeheeeee  anddd sss   iteessssssss nn
/data3fast/users/mbermudez/de_03/TFGDataset/img/train_t2_0035_1.png|der  t ****     nnlcch dde rrrehttee nneeeiiaaa
/data3fast/users/mbermudez/de_03/TFGDataset/img/train_t2_0878_1.png|berra daaacheee  llle  nneeiinn aassshttttthhh
/data3fast/users/mbermudez/de_03/TFGDataset/img/train_t2_0765_2.png|eennndeeree    geeeeiitt    aauuueeeeee
/data3fast/users/mbermudez/de_03/TFGDataset/img/train_t2_1106_2.png|ollle    rreeerrrddaaaah deeeet    .    allhhh
/data3fast/users/mbermudez/de_03/TFGDataset/img/train_t2_0583_2.png|augee  ssuu ddnnnnllllss  iichtthleeeNe llleeerr
/data3fast/users/mbermudez/de_03/TFGDataset/img/train_t2_1257_1.png|dee  ******  alleeetttt  ddeerichheee  nnnnnn
/data3fast/users/mbermudez/de_03/TFGDataset/img/train_t2_0862.png|asssseehet  an   aallleeeeeeheeee     nndds
/data3fast/users/mbermudez/de_03/TFGDataset/img/train_t2_0026_2.png|miireleeerrddrrrrrraaleee rrer  un dde  sssssttt
/data3fast/users/mbermudez/de_03/TFGDataset/img/train_t2_1004.png|che       eeeeeee   a nneee nndddeee   nnddneennnnnee
/data3fast/users/mbermudez/de_03/TFGDataset/img/train_t2_1346_1.png|asss       aauuddeeeeeneeeettt d  a  arrhaaaaass
/data3fast/users/mbermudez/de_03/TFGDataset/img/train_t2_0987_2.png|# d
/data3fast/users/mbermudez/de_03/TFGDataset/img/train_t2_1022.png|deN    eeeegllet uud sseeee eeeeesseeeennnnnn
/data3fast/users/mbermudez/de_03/TFGDataset/img/train_t2_1431_2.png|dee  lleNNnnnddiinnnnee tteeee  usssssaeee
/data3fast/users/mbermudez/de_03/TFGDataset/img/train_t2_0347_0.png|ditttttteeennnin ttttt  aahttt  dee  aa
/data3fast/users/mbermudez/de_03/TFGDataset/img/train_t2_1327.png|eeN nnnne  hhaaeeeee  eeee  r ddddd ellcchs uu
/data3fast/users/mbermudez/de_03/TFGDataset/img/train_t2_0260_0.png|nneeeNsssN unnneeeeeee  iiieeglllllaaaaaassseee
/data3fast/users/mbermudez/de_03/TFGDataset/img/train_t2_0455.png|undd  cchhrrrrrrlllhhhhachh e  alhhhhhhshh 
/data3fast/users/mbermudez/de_03/TFGDataset/img/train_t2_1147_2.png|wass   gll hh eeeeeee*    aaa eerrttttrrraaddrre
/data3fast/users/mbermudez/de_03/TFGDataset/img/train_t2_0584_0.png|das  ieeeee  htttaa
/data3fast/users/mbermudez/de_03/TFGDataset/img/train_t2_0644_0.png|neeeeeenn  eeeee  ssssseeneeeeenieee   aa  eerrr
/data3fast/users/mbermudez/de_03/TFGDataset/img/train_t2_1263_1.png|geehttttetttuuffunnee d  i .....  rr   nnndesss
/data3fast/users/mbermudez/de_03/TFGDataset/img/train_t2_1050_1.png|weee  dnnd ssst   ddeerreeeee   allleeeeennne
/data3fast/users/mbermudez/de_03/TFGDataset/img/train_t2_1307_0.png|cheeeeeeeeee    dddeee llggggg tttt au eeeeetttt
/data3fast/users/mbermudez/de_03/TFGDataset/img/train_t2_0018.png|mieeeeeeee nnndeeeellleeeeeeeeee    eeee  sseee
/data3fast/users/mbermudez/de_03/TFGDataset/img/train_t2_1380_0.png|nnddeeerreseeeeN*******    sssstt   ndddsslllssddde
/data3fast/users/mbermudez/de_03/TFGDataset/img/train_t2_0209.png|nnneeeeeeee aaaaallleeeeNedeeeiiccchhh  aaaaaa
/data3fast/users/mbermudez/de_03/TFGDataset/img/train_t2_0833_0.png|ooeeesssslchs uu ee eeeeeN  nnah drihhaaa  iiitt
/data3fast/users/mbermudez/de_03/TFGDataset/img/train_t2_1248.png|eeeee  ee    dnicccsss    l  dd  cieeennnnn
/data3fast/users/mbermudez/de_03/TFGDataset/img/train_t2_0868.png|unddeeer aaadrrrrellchheeehhhsseeesssst u
/data3fast/users/mbermudez/de_03/TFGDataset/img/train_t2_1391.png|unnd  ettiinnee   ssss   d sscchheeNN n ddeeeee
/data3fast/users/mbermudez/de_03/TFGDataset/img/train_t2_0866_0.png|fnnn  ssssseeee nncchsseeeee    ieeeeeeedrrr
/data3fast/users/mbermudez/de_03/TFGDataset/img/train_t2_0917_0.png|#
/data3fast/users/mbermudez/de_03/TFGDataset/img/train_t2_1273_1.png|hhee     ddss  aaaheett nndeeeeeenun deeeettttt
/data3fast/users/mbermudez/de_03/TFGDataset/img/train_t2_0643_0.png|de   cchhhiiiichh  drrrrcchhtss  deennnnn    dddee
/data3fast/users/mbermudez/de_03/TFGDataset/img/train_t2_1406_1.png|de   ccauunee i   eeeelllhenn  sscchhnnnu ddeeeechhee
/data3fast/users/mbermudez/de_03/TFGDataset/img/train_t2_0111_0.png|ffeeeee    rllllhhiiihhhhnneeeeNNsslllaannnnee
/data3fast/users/mbermudez/de_03/TFGDataset/img/train_t2_0147.png|ttteee ssaauudddeeeeeee cchhhnnnn nneerlleeed
/data3fast/users/mbermudez/de_03/TFGDataset/img/train_t2_0001_1.png|geN nnnn u eelleeeeeeeeeeee nnddss aaaddeeeesehhh
/data3fast/users/mbermudez/de_03/TFGDataset/img/train_t2_1297_0.png|aueeeesseeee  llssauuud a ee un ssttt u   eeeeee
/data3fast/users/mbermudez/de_03/TFGDataset/img/train_t2_0258_0.png|ggggneeeddessseee  hhhtttaaaassttttt nnnddee
/data3fast/users/mbermudez/de_03/TFGDataset/img/train_t2_0258.png|gggnneeeedeesseee  hhhhttaaaasssettt   dder
/data3fast/users/mbermudez/de_03/TFGDataset/img/train_t2_1045_0.png|wllhhhhtt  ddeettttttee aaaaallessee uuut eee
/data3fast/users/mbermudez/de_03/TFGDataset/img/train_t2_0960.png|deeeeeeeeeeeeee   ** ttttet    ttsseNeNNN uuuuuneeeeesssseee
/data3fast/users/mbermudez/de_03/TFGDataset/img/train_t2_0144_1.png|hheee lssttt nddeeichhheeee  asssssslhhh    drr
/data3fast/users/mbermudez/de_03/TFGDataset/img/train_t2_1454_1.png|iiieeeniiiicnnngeeNe nnnnnccsss    chaeee
/data3fast/users/mbermudez/de_03/TFGDataset/img/train_t2_1130.png|err sssteee  asss ii nnnndeeeeeeeeennneeeeeehhtt
/data3fast/users/mbermudez/de_03/TFGDataset/img/train_t2_0091.png|undd aaaaauuufalleee    aad ssssiieedeee
/data3fast/users/mbermudez/de_03/TFGDataset/img/train_t2_0383.png|iirrrrsschhheee sscheeNeed  aaddd   n  alllleel  ndee
/data3fast/users/mbermudez/de_03/TFGDataset/img/train_t2_1381_0.png|tt********  ccc tt        t  nallle d     gehieeeeeeeee
/data3fast/users/mbermudez/de_03/TFGDataset/img/train_t2_1360_1.png|geetseeeeeess  eedeee auuuu ndeeggggggeeeee
/data3fast/users/mbermudez/de_03/TFGDataset/img/train_t2_0894_0.png|unsseeesshh   ssseeeeeeN  nnngeeett errr aadder  ann
/data3fast/users/mbermudez/de_03/TFGDataset/img/train_t2_1009_2.png|"u dderrrrhchhheee  eeeei  nchh dd  aass
/data3fast/users/mbermudez/de_03/TFGDataset/img/train_t2_1045_2.png|weeehhhh   drer ttttttee aaaaalessse  uuuteee
/data3fast/users/mbermudez/de_03/TFGDataset/img/train_t2_1017_0.png|# de
/data3fast/users/mbermudez/de_03/TFGDataset/img/train_t2_1368_1.png|geeeeeeeeethheuu deeeeeeettee   ddeeiii  nnnnn
/data3fast/users/mbermudez/de_03/TFGDataset/img/train_t2_0971_2.png|lllss   e llllaaa hhhhiht  nn aalleennneelllhee
/data3fast/users/mbermudez/de_03/TFGDataset/img/train_t2_1138_2.png|aaedd    nnnneee ssssseeelleee  ddeessseee   eee
/data3fast/users/mbermudez/de_03/TFGDataset/img/train_t2_1043.png|oneee     aah ee  alreeeee s   dddsssseeeeel uu neeee
/data3fast/users/mbermudez/de_03/TFGDataset/img/train_t2_1209_0.png|iii  nnneetttee  adddessee d icchnnnneeNNN
/data3fast/users/mbermudez/de_03/TFGDataset/img/train_t2_1484.png|dds   rsschhheennnnneeennddeeeeeeeei  * *** ssccc uu
/data3fast/users/mbermudez/de_03/TFGDataset/img/train_t2_0886_1.png|unnn  nnnddessscccttsheeNN *** cccaauu uuuug
/data3fast/users/mbermudez/de_03/TFGDataset/img/train_t2_0731_0.png|ooo     riirrerddeeeeieeeeeeeneeee  ssttt  tteeee
/data3fast/users/mbermudez/de_03/TFGDataset/img/train_t2_1208_2.png|dds eerreeeee nnnaa eeeeg atttt eeeeggnn
/data3fast/users/mbermudez/de_03/TFGDataset/img/train_t2_0784_0.png|dee  aannua dddeeetteee aalseNNd   llleed  aalleee
/data3fast/users/mbermudez/de_03/TFGDataset/img/train_t2_0757_2.png|eeest    ss  dee lllleeN n  eeiittttt ddrrrell
/data3fast/users/mbermudez/de_03/TFGDataset/img/train_t2_1143_0.png|eeess  aaalleeinnddee **...  aaaa  ttt  michtss
/data3fast/users/mbermudez/de_03/TFGDataset/img/train_t2_0968.png|mitthhllleessss  aaaaaall lllhh  eeee****   tt eerraaahhh
/data3fast/users/mbermudez/de_03/TFGDataset/img/train_t2_1266.png|"  eee      lllshee   aannaggee    nnnnneee
/data3fast/users/mbermudez/de_03/TFGDataset/img/train_t2_0481.png|seeeeeedeeeee sgggN    sstt deeeessttt   uauu
/data3fast/users/mbermudez/de_03/TFGDataset/img/train_t2_0006.png|ddssss          ****  nnnn  sse  nnn deeerrrddderree aal
/data3fast/users/mbermudez/de_03/TFGDataset/img/train_t2_0256_1.png|art   nneeeeiieeeeeeeggeeesss       eneneen
/data3fast/users/mbermudez/de_03/TFGDataset/img/train_t2_0512_1.png|aaallllh  t   eeNeNeN  ndddeeeeeeN  d  leeeeee dde
/data3fast/users/mbermudez/de_03/TFGDataset/img/train_t2_0838_0.png|chhh   der aaa eeettttttt  aaaaeee nnnneeeeeeh
/data3fast/users/mbermudez/de_03/TFGDataset/img/train_t2_0063_2.png|ee  dddnnnnnass eellhheeeeeeettt n ddssschheet   d
/data3fast/users/mbermudez/de_03/TFGDataset/img/train_t2_0308_0.png|diittieeeddde  nn eeteeeee innncccc  ddeee cn sss
/data3fast/users/mbermudez/de_03/TFGDataset/img/train_t2_0799.png|eeeeeeeeceee  iiinlllchhhheeeeeeei nnngggeeeeees
/data3fast/users/mbermudez/de_03/TFGDataset/img/train_t2_1217_2.png|wlleeN nn  sssschhee dd   ammtt eeee   ttee  un
/data3fast/users/mbermudez/de_03/TFGDataset/img/train_t2_0786_2.png|oon acchhheeee  llhhhhieeeeesss  nneeeiiiicch
/data3fast/users/mbermudez/de_03/TFGDataset/img/train_t2_0088_1.png|eet   deee   mattegggnneeett  rdreeerriihadddr
/data3fast/users/mbermudez/de_03/TFGDataset/img/train_t2_0165_1.png|bes  dddssssschhhaunnnn     eeeeetttt unnuuu
/data3fast/users/mbermudez/de_03/TFGDataset/img/train_t2_0572.png|bee ddd   eeee   scceeeenneeeee     ddee   taaaat
/data3fast/users/mbermudez/de_03/TFGDataset/img/train_t2_1078_1.png|getttttt
/data3fast/users/mbermudez/de_03/TFGDataset/img/train_t2_0797_0.png|weeeeeschhhhhnnndd  reeeeeeel  ndd   nnnee
/data3fast/users/mbermudez/de_03/TFGDataset/img/train_t2_0111_1.png|aggeeee ttssllllrrihhhhhnnneeeeNsslll  nnneeaaass
/data3fast/users/mbermudez/de_03/TFGDataset/img/train_t2_1334_2.png|sosddeeeeennnieehhe nudd  ttte   aaeeeeeell
/data3fast/users/mbermudez/de_03/TFGDataset/img/train_t2_0032.png|aarrrteeee    aaa deereeeeeeeeeee eene  eeeeelht
/data3fast/users/mbermudez/de_03/TFGDataset/img/train_t2_0079.png|mit eeeerrccheN sss  nnnnitt  rr lccheeNNnndddee
/data3fast/users/mbermudez/de_03/TFGDataset/img/train_t2_0955.png|wllle    .........   eeee        eeeeN  unggeee   ...
/data3fast/users/mbermudez/de_03/TFGDataset/img/train_t2_1410_2.png|undd aalleeee  alssss d  iicchtttteeetttttt er
/data3fast/users/mbermudez/de_03/TFGDataset/img/train_t2_1023.png|derreeegge   ddeeeeeeegeeetttttauundddeee
/data3fast/users/mbermudez/de_03/TFGDataset/img/train_t2_0459_0.png|stt   ddnaauu eeeennittiieeeeelleeee  aaaaaeeeee
/data3fast/users/mbermudez/de_03/TFGDataset/img/train_t2_0608_1.png|blleeeeeeee******   sstts eee eeeeiiiiiht un eeee
/data3fast/users/mbermudez/de_03/TFGDataset/img/train_t2_1301.png|dee   neeeiicch   ssss ddd        eeeeee sssss      nnnlleeeN
/data3fast/users/mbermudez/de_03/TFGDataset/img/train_t2_0118.png|ihhhhhhee aaaaahh   drreeichee    c  deeellleeee
/data3fast/users/mbermudez/de_03/TFGDataset/img/train_t2_1435_1.png|mii eeeeee   ccchss   t  dderraassss  uuuu
/data3fast/users/mbermudez/de_03/TFGDataset/img/train_t2_0329_1.png|eettteeeeNeNssss     cchi   deee ccneeN  ssllleedddd
/data3fast/users/mbermudez/de_03/TFGDataset/img/train_t2_0132.png|beeeeesssee     aaaau eeeeee nnnn ee  eeesseeeNeeeeelhh
/data3fast/users/mbermudez/de_03/TFGDataset/img/train_t2_1322_1.png|tieeeeeellettr ddd   eesshh  ddddd sss ddd
/data3fast/users/mbermudez/de_03/TFGDataset/img/train_t2_0944_0.png|allllaalllauuunnnn tt  a  eeeesssst  d   cheeee
/data3fast/users/mbermudez/de_03/TFGDataset/img/train_t2_0668_0.png|nnn nneeeeee  unnua  teeelhhieeeeersrihhtttth
/data3fast/users/mbermudez/de_03/TFGDataset/img/train_t2_1102_2.png|aaaaa ieeeeeee   ....
/data3fast/users/mbermudez/de_03/TFGDataset/img/train_t2_1159_1.png|uu   eeennndd  anaaaa ddee eieeeNuuuuuaseeee
/data3fast/users/mbermudez/de_03/TFGDataset/img/train_t2_1087_0.png|eesttst sffeee   miiiett   ddd aaauuussd
/data3fast/users/mbermudez/de_03/TFGDataset/img/train_t2_0231_1.png|wsssssssshauuundd   nneeeee iiiheeee u  tttteeeeee
/data3fast/users/mbermudez/de_03/TFGDataset/img/train_t2_0579_0.png|oonnnenneennnnneiiccee   .
/data3fast/users/mbermudez/de_03/TFGDataset/img/train_t2_0023_1.png|geeetttteeeteeeeeeelllineenennnn  d   eeddeeeiieeee
/data3fast/users/mbermudez/de_03/TFGDataset/img/train_t2_0782_1.png|nnn  geeeteeeNNN**eeeeeeeett aanmmeeeeeeesss
/data3fast/users/mbermudez/de_03/TFGDataset/img/train_t2_0098_1.png|ste   dd  sssrreei      rlrrrrrdddeeddssssss
/data3fast/users/mbermudez/de_03/TFGDataset/img/train_t2_0164_1.png|weeee   aalccch ..
/data3fast/users/mbermudez/de_03/TFGDataset/img/train_t2_0650.png|allleeeeeeeeeee     eeeen nnnnddeelllh   dd ss hhhtt
/data3fast/users/mbermudez/de_03/TFGDataset/img/train_t2_1077_0.png|sse ddeeeettcchhheee       e rrrrraaasreehhhl
/data3fast/users/mbermudez/de_03/TFGDataset/img/train_t2_1324_2.png|chhs sssseeeeee    tt.t   dd a lllllhhnnn aa dddee
/data3fast/users/mbermudez/de_03/TFGDataset/img/train_t2_0156_0.png|dee  iiinn  eeerer dd   ccc ndeee  sssseeeN  ttt
/data3fast/users/mbermudez/de_03/TFGDataset/img/train_t2_0283_1.png|weeeeeesssssleeeeeiiieeeaaleee   dd aa ddeee
/data3fast/users/mbermudez/de_03/TFGDataset/img/train_t2_0214_2.png|aanne    eee  aa deeeede  raleeee  rrrteeeessss de
/data3fast/users/mbermudez/de_03/TFGDataset/img/train_t2_0768_1.png|alee    rrreerr acchh   .
/data3fast/users/mbermudez/de_03/TFGDataset/img/train_t2_0222_1.png|ttt****   dddssss  ndde sss  nnnnnneee ssssee   *     d
/data3fast/users/mbermudez/de_03/TFGDataset/img/train_t2_1421_2.png|ssshtetehhaaaa  
/data3fast/users/mbermudez/de_03/TFGDataset/img/train_t2_0606_0.png|weeeee    eee  au    e    uaaahheeeeeeeeeetiittt
/data3fast/users/mbermudez/de_03/TFGDataset/img/train_t2_0329_2.png|eretteeNNNNN sss      ccc  ddee  cccNNN   alllll ddddnn
/data3fast/users/mbermudez/de_03/TFGDataset/img/train_t2_1171_0.png|asss  dd eeeeeittinnneeenn a  eeesssseeeeeeee
/data3fast/users/mbermudez/de_03/TFGDataset/img/train_t2_1176_2.png|hnneeeeNNeNNNNe ee  a  hhhh nnnnlchheeeeeesssss
/data3fast/users/mbermudez/de_03/TFGDataset/img/train_t2_1083.png|neeeechhhhh  dnndndddeees  a  aaaaaa   aa dddesseeeee
/data3fast/users/mbermudez/de_03/TFGDataset/img/train_t2_0017.png|die nnn a nnne      . .    cchhheeeeeeeee
/data3fast/users/mbermudez/de_03/TFGDataset/img/train_t2_0288_1.png|iinn  tttii  neeeeeeeeee nnndeeeeeeeett lleeeeee   ahh
/data3fast/users/mbermudez/de_03/TFGDataset/img/train_t2_0002_1.png|miieettttelllg   d aaauu sssseeiiiidde
/data3fast/users/mbermudez/de_03/TFGDataset/img/train_t2_0218_2.png|aaeeesssee  nndassssee     nnlllee  s nnnnee
/data3fast/users/mbermudez/de_03/TFGDataset/img/train_t2_1430_1.png|der   u  eee  aaah sssse  nnd  alleee
/data3fast/users/mbermudez/de_03/TFGDataset/img/train_t2_1389_0.png|bedd  aaellht dd  aacchheeeeeeeennn  tttttt
/data3fast/users/mbermudez/de_03/TFGDataset/img/train_t2_0535_0.png|mee  edde  ***..sssllhht  ddrr aaaasseeeNN dnn
/data3fast/users/mbermudez/de_03/TFGDataset/img/train_t2_0863_0.png|eeeee *********  eee lle     rri     *  **  uuu ssheee     eseele
/data3fast/users/mbermudez/de_03/TFGDataset/img/train_t2_1103_1.png|geeNNNngeeeeeett aaaaan deeeee iichhh ee  aaaaaan
/data3fast/users/mbermudez/de_03/TFGDataset/img/train_t2_0609_0.png|rrrllltttt ddeee ssseeeeeetiiinnnesssssssNNN
/data3fast/users/mbermudez/de_03/TFGDataset/img/train_t2_0494.png|wsssse 
/data3fast/users/mbermudez/de_03/TFGDataset/img/train_t2_1024.png|sstteeinnnddrr tttee edesssttschee  nnnnddee tttt
/data3fast/users/mbermudez/de_03/TFGDataset/img/train_t2_0465_1.png|au    e uuuuuu geeeeeeete rdeee  nn
/data3fast/users/mbermudez/de_03/TFGDataset/img/train_t2_0935_0.png|tttt     ehhhhhtt uuu eee   ssshhhhhhnneeerr
/data3fast/users/mbermudez/de_03/TFGDataset/img/train_t2_1294.png|aaneeee  dessss   eeeee   e ee ***   ssh    ee aaaheee
/data3fast/users/mbermudez/de_03/TFGDataset/img/train_t2_0896_0.png|uu eeeeelll  assshh eddeee dddraaasseee 
/data3fast/users/mbermudez/de_03/TFGDataset/img/train_t2_1252_1.png|deellllleee  esehhhtttttttt    d eeeee i i nggggg
/data3fast/users/mbermudez/de_03/TFGDataset/img/train_t2_0528_2.png|ee   neeee tttttttttttteeeeeeeerchhtt  aaaaa
/data3fast/users/mbermudez/de_03/TFGDataset/img/train_t2_0225_2.png|llheeee     reeeeeeeeeihhttt drer nndddrrrrhhh
/data3fast/users/mbermudez/de_03/TFGDataset/img/train_t2_1328_1.png|der aaall         au dddeeicceeN        nneee
/data3fast/users/mbermudez/de_03/TFGDataset/img/train_t2_0683_0.png|ttt eessse hllless   nnndeee  uu iiieeeeenniie
/data3fast/users/mbermudez/de_03/TFGDataset/img/train_t2_1476_2.png|eeN   nnnngeee ttttt    ee  nnnnneeegggene
/data3fast/users/mbermudez/de_03/TFGDataset/img/train_t2_0171_0.png|iiih 
/data3fast/users/mbermudez/de_03/TFGDataset/img/train_t2_0427_2.png|wss   ddaannnneei cchllee  nnttteeeee deerralleee
/data3fast/users/mbermudez/de_03/TFGDataset/img/train_t2_0958_2.png|deN     nnnneeessss ccnnn   ssssc unnnddeeeeNN eess
/data3fast/users/mbermudez/de_03/TFGDataset/img/train_t2_1221.png|onn  ttieeeeglllee     itthheeeeeee   ttsclleeeN
/data3fast/users/mbermudez/de_03/TFGDataset/img/train_t2_1118_2.png|der saaaauuuuu   hhtee    nnnnnei  naa sss nnndeee
/data3fast/users/mbermudez/de_03/TFGDataset/img/train_t2_0910_1.png|wraaau eeeeeerr  dasssst   essssehheeeeNNNuuu
/data3fast/users/mbermudez/de_03/TFGDataset/img/train_t2_1222.png|wllllau  eeeee llllinneleee re ddee aa  ttt
/data3fast/users/mbermudez/de_03/TFGDataset/img/train_t2_0503_0.png|unneeeeeNeecch  assseeeennnniiii ii rrraaa
/data3fast/users/mbermudez/de_03/TFGDataset/img/train_t2_1343_1.png|nnn   eeee nnneeehhhteee   shhhee        .  ieee ddeee
/data3fast/users/mbermudez/de_03/TFGDataset/img/train_t2_1392_0.png|# 
/data3fast/users/mbermudez/de_03/TFGDataset/img/train_t2_1141.png|mmhh  neihhhh der aaaa eeess  u  ssse  nnddde
/data3fast/users/mbermudez/de_03/TFGDataset/img/train_t2_1445_2.png|sees   ee    annggauudderrriheee  aandddd
/data3fast/users/mbermudez/de_03/TFGDataset/img/train_t2_1493.png|ggghhteeN    .
/data3fast/users/mbermudez/de_03/TFGDataset/img/train_t2_1013_2.png|die  esss aaanggeecn  u nnneeecchh  nddeetiiee 
/data3fast/users/mbermudez/de_03/TFGDataset/img/train_t2_0666.png|deeeeeeessseeeNN ddassss eeeeeht     cchheeee    sseeee
/data3fast/users/mbermudez/de_03/TFGDataset/img/train_t2_0225_0.png|iiheeeee  a eeeeeeeeeichtt deer   dddeerrchhh
/data3fast/users/mbermudez/de_03/TFGDataset/img/train_t2_1476.png|eN  nnnnnnnggge tttt   eee nnnneeeeeecleeeN
/data3fast/users/mbermudez/de_03/TFGDataset/img/train_t2_0583_1.png|aagee sssu ddennnnaaless   ccsshheeeNN llleeerr
/data3fast/users/mbermudez/de_03/TFGDataset/img/train_t2_1045.png|weehhhttt  d rrtttttttelaaaaaeeeestttt  u eee 
/data3fast/users/mbermudez/de_03/TFGDataset/img/train_t2_1075_1.png|eetttt  eeee aahhhhe  deessssheeess   nnneennnneee
/data3fast/users/mbermudez/de_03/TFGDataset/img/train_t2_0922_0.png|shheeeeeesssee  nndaannnn lsschh   ellhssslllll
/data3fast/users/mbermudez/de_03/TFGDataset/img/train_t2_0491_2.png|aa eeeerrrrhheee   ddddsaaaseeedde  .......
/data3fast/users/mbermudez/de_03/TFGDataset/img/train_t2_0139_1.png|stttt    u   tt  eee  ssss dddreeeeeeeee neee*ee
/data3fast/users/mbermudez/de_03/TFGDataset/img/train_t2_0744_1.png|dee   eennnnn     aaauunniit    sssee    nnnnahhhh
/data3fast/users/mbermudez/de_03/TFGDataset/img/train_t2_0747.png|mrrhlllluu dd  ttteee t eeeeeeeeee **** nnnccch
/data3fast/users/mbermudez/de_03/TFGDataset/img/train_t2_0259_1.png|der  dde       dd rrrresst ieeee      n     sssre
/data3fast/users/mbermudez/de_03/TFGDataset/img/train_t2_1041_1.png|meee nnnncccccheeN 
/data3fast/users/mbermudez/de_03/TFGDataset/img/train_t2_0229_1.png|iihhhhaaachh   llleee slleeeeecheeNNNeccchhhee  u deees
/data3fast/users/mbermudez/de_03/TFGDataset/img/train_t2_0721_2.png|eee   uuusssschhe    ssssshhhee  ssssee iiii ddeeee uuu
/data3fast/users/mbermudez/de_03/TFGDataset/img/train_t2_1398_1.png|ee  aasss lllheeeddeeeeene  aand ttteeeeee
/data3fast/users/mbermudez/de_03/TFGDataset/img/train_t2_1349_0.png|eeriiinniitt  rer eeggee nnnnchhtt  eerrrrrrreeetttt
/data3fast/users/mbermudez/de_03/TFGDataset/img/train_t2_0731_1.png|ooo   d riiiee rreereeeeeeeeeee eieeessstttteesesee
/data3fast/users/mbermudez/de_03/TFGDataset/img/train_t2_0093_0.png|dii aannaaadddeeeeeellllalgeeee aaasstttttt
/data3fast/users/mbermudez/de_03/TFGDataset/img/train_t2_1136_2.png|"eeeeeeeaaauuuddd sss     d  n ihieeeeeeesst
/data3fast/users/mbermudez/de_03/TFGDataset/img/train_t2_0279_2.png|dee  eeeennnnnnnaau d  iieee    iieeettta  d n
/data3fast/users/mbermudez/de_03/TFGDataset/img/train_t2_1055_1.png|seeeNNd  achatt u   aammtteeeecssssssss
/data3fast/users/mbermudez/de_03/TFGDataset/img/train_t2_0226_2.png|eN   gee
/data3fast/users/mbermudez/de_03/TFGDataset/img/train_t2_0107.png|dessseeeeeNdd er ttt aannneee  e    iheee rr
/data3fast/users/mbermudez/de_03/TFGDataset/img/train_t2_0314_1.png|aatttt aa ddeer aattsssseeNNssssee   aa a
/data3fast/users/mbermudez/de_03/TFGDataset/img/train_t2_1392.png|#  
/data3fast/users/mbermudez/de_03/TFGDataset/img/train_t2_0775_2.png|geeenneeeeeeeetttaaaallg aauu ddd rr tttttttt
/data3fast/users/mbermudez/de_03/TFGDataset/img/train_t2_1436_1.png|gee aaaasleNNNddeereeeeeeeeee **n   a  ttttttttt
/data3fast/users/mbermudez/de_03/TFGDataset/img/train_t2_1462_0.png|annder ihhh  dde  ccheeN dd   hheeeennnnssssse
/data3fast/users/mbermudez/de_03/TFGDataset/img/train_t2_0434.png|sttthhiinnnnaaeeseeeeeeieetsss h    rss  aaas
/data3fast/users/mbermudez/de_03/TFGDataset/img/train_t2_0151_1.png|ssh   uaaaheeedderrrrrt   ichnnnnnddsssss ddee
/data3fast/users/mbermudez/de_03/TFGDataset/img/train_t2_0782_0.png|in    eeeslcceNN **eeeeeeeettaunnnmieeeeettsss
/data3fast/users/mbermudez/de_03/TFGDataset/img/train_t2_1000_1.png|lleteeeee niicchan geeeet    seeeeeeeeeeerrrrreeeee
/data3fast/users/mbermudez/de_03/TFGDataset/img/train_t2_0187_0.png|der  rriieeeennee ee n  uuss   eeeee llllaa  eeeedddn
/data3fast/users/mbermudez/de_03/TFGDataset/img/train_t2_0433.png|geeeeeee  dddee  au  hhhhennnd  slchss  undd
/data3fast/users/mbermudez/de_03/TFGDataset/img/train_t2_0295_0.png|geeeiiieet    gnnnneee   n eeeette  uuuu
/data3fast/users/mbermudez/de_03/TFGDataset/img/train_t2_0372_0.png|der hhheeeerrss aassseee  dd aaallleeeeieette
/data3fast/users/mbermudez/de_03/TFGDataset/img/train_t2_0723.png|geennn  nnn  lcchhhdde  nnndnndddeetttee
/data3fast/users/mbermudez/de_03/TFGDataset/img/train_t2_1389_2.png|eee  eeeellhtt    aachhheeeeeeeeennaatttt
/data3fast/users/mbermudez/de_03/TFGDataset/img/train_t2_0288.png|iiieeettttta ngeeeeeee  nndeeeeeeeiehhlleee nne  
/data3fast/users/mbermudez/de_03/TFGDataset/img/train_t2_0781_2.png|"  eeeeee****  nn  llleeN nua teeNN    nnn
/data3fast/users/mbermudez/de_03/TFGDataset/img/train_t2_0876_0.png|meeeeeeeeeeelllleen   chhht  dee  slllleeeettt
/data3fast/users/mbermudez/de_03/TFGDataset/img/train_t2_0740_0.png|dee   *  ssee      sccssshcheee eeeee    sshh    sssseeN  dderr
/data3fast/users/mbermudez/de_03/TFGDataset/img/train_t2_1493_2.png|ggeeteNNNN   ..
/data3fast/users/mbermudez/de_03/TFGDataset/img/train_t2_1344_2.png|dd        nnd eeee    cch   ll aaaddasssaaaueee
/data3fast/users/mbermudez/de_03/TFGDataset/img/train_t2_0457_2.png|vrerrssseeeerraeee   ssaau ett heeeee ddeeesssttttt
/data3fast/users/mbermudez/de_03/TFGDataset/img/train_t2_1168.png|ochh ee  sss  nnneesssscccshheeN  eeee*    ss   ddeeeeehh
/data3fast/users/mbermudez/de_03/TFGDataset/img/train_t2_1080.png|ieerr rrrttt aasssslhh   lla nnnnuu ddeeeetttt
/data3fast/users/mbermudez/de_03/TFGDataset/img/train_t2_0795.png|errnnnnnnnnn d reehhh   llleeee  **        aaaeeee
/data3fast/users/mbermudez/de_03/TFGDataset/img/train_t2_1357.png|lcchh   eesleeeee  ciinn   uu  dee aandd sse  nnddde
/data3fast/users/mbermudez/de_03/TFGDataset/img/train_t2_1090_1.png|errtttttttt  
/data3fast/users/mbermudez/de_03/TFGDataset/img/train_t2_1169_1.png|derrittttt       t mnnn deessee nnaaalauuuu ee
/data3fast/users/mbermudez/de_03/TFGDataset/img/train_t2_1000.png|lettt eeeeniiihh  ngeeeei    eesseNeeeee  teeeeee
/data3fast/users/mbermudez/de_03/TFGDataset/img/train_t2_0674_2.png|"s  nnnneeeN sss  lledeeeeetteeeegelsssuu
/data3fast/users/mbermudez/de_03/TFGDataset/img/train_t2_1190_0.png|aatt   mihheeeettt  ud  tttt nnnneee  eedeeerr
/data3fast/users/mbermudez/de_03/TFGDataset/img/train_t2_1433_2.png|ihhhllleee   dd sssseehhiiinneeeee  a  ddessssssN
/data3fast/users/mbermudez/de_03/TFGDataset/img/train_t2_0717_0.png|dass  eeeet    rraaat eeneee sscch naaaaaaaal ede
/data3fast/users/mbermudez/de_03/TFGDataset/img/train_t2_0688_0.png|wieed   nddereeehthh  nnnaaaddss    dieeeeeeeeeee*n eenn
/data3fast/users/mbermudez/de_03/TFGDataset/img/train_t2_0405_2.png|wennnnnnnniieee   gggeesccceNNN*****e
/data3fast/users/mbermudez/de_03/TFGDataset/img/train_t2_0611_0.png|"     eeeeNe aaau    r ddeeeee rresseehhhhhhh
/data3fast/users/mbermudez/de_03/TFGDataset/img/train_t2_0120_1.png|aaseeeeeeeee ddrrr iiinneee lll ddaaccchnnneeee
/data3fast/users/mbermudez/de_03/TFGDataset/img/train_t2_0011.png|aaaun  eeeeeethttttte   nee  sseeee  an ndeeseNNNN
/data3fast/users/mbermudez/de_03/TFGDataset/img/train_t2_1052_0.png|nnneeennnngeee  assllllheee nauaunddeessee nnde  
/data3fast/users/mbermudez/de_03/TFGDataset/img/train_t2_0461_1.png|dd  aaalaa   eeeee   ccchsseN     cchheeeN uuuddee
/data3fast/users/mbermudez/de_03/TFGDataset/img/train_t2_0448_1.png|gee  d    ddeesttinneeeslllleee  rrdeeeeddr
/data3fast/users/mbermudez/de_03/TFGDataset/img/train_t2_0111_2.png|fbeeeessssshllleeelhhhhhnnegeeNN ssll nnnneeeaa
/data3fast/users/mbermudez/de_03/TFGDataset/img/train_t2_1364_0.png|sttteeeeeeeee llchhheet    uu nccchnneeess dddeess
/data3fast/users/mbermudez/de_03/TFGDataset/img/train_t2_0394_0.png|unddeee  tttttteeN  neeeeeddrrlccneee   dddd
/data3fast/users/mbermudez/de_03/TFGDataset/img/train_t2_1250_0.png|wasseeeeeeeeeeeeeee   aau eeeerriiiieee
/data3fast/users/mbermudez/de_03/TFGDataset/img/train_t2_1350_2.png|neeeetttttteeN  u   eeee        ach drrlccchaau  dde
/data3fast/users/mbermudez/de_03/TFGDataset/img/train_t2_0391_2.png|woeee  ssaa de   a nd   ttenneee ichhheeeettt    eeee
/data3fast/users/mbermudez/de_03/TFGDataset/img/train_t2_1139.png|ee  aaafee    aaahhhieteee  icclleeddeee*****
/data3fast/users/mbermudez/de_03/TFGDataset/img/train_t2_0946_0.png|utteeee eeddee  asss  e           i  aa eeeeeett
/data3fast/users/mbermudez/de_03/TFGDataset/img/train_t2_0108_1.png|aassseeeeeeeeiiieeihhsseeennnneeee d  aaddde
/data3fast/users/mbermudez/de_03/TFGDataset/img/train_t2_1163_2.png|weeeeNssssll  d  caaa deeer nnggun eeeeer.*
/data3fast/users/mbermudez/de_03/TFGDataset/img/train_t2_0204_1.png|# 
/data3fast/users/mbermudez/de_03/TFGDataset/img/train_t2_0179_0.png|thhnnnnnnndd   ieeeiinn  ssllcccheeeeeeseett
/data3fast/users/mbermudez/de_03/TFGDataset/img/train_t2_0838_2.png|chhh   dreraaareer ttttttihhhhs   nnnnneeeeelhhhh
/data3fast/users/mbermudez/de_03/TFGDataset/img/train_t2_0326_0.png|gggeessssssah   n ahchhhnnneeeett t tt    dsssssN
/data3fast/users/mbermudez/de_03/TFGDataset/img/train_t2_0749_2.png|eeeeeee   ch  eeee   aaa eeeeeee lllle  ncnddeee eerrr
/data3fast/users/mbermudez/de_03/TFGDataset/img/train_t2_0369_1.png|vieelhhhhhhhh  ddeeeeeeee nnneeeeeeietttet  saaa
/data3fast/users/mbermudez/de_03/TFGDataset/img/train_t2_0946.png|un eeeeeeeddee aaasssee     .    i  aaareeeeeett
/data3fast/users/mbermudez/de_03/TFGDataset/img/train_t2_0777_0.png|dee  ttteeNN udddeeee     nggler iineeedeeaannee
/data3fast/users/mbermudez/de_03/TFGDataset/img/train_t2_0074_0.png|tt   nneeeaahhh  ddeee  nna  deee nnnn ettt
/data3fast/users/mbermudez/de_03/TFGDataset/img/train_t2_0808_0.png|hhet  uuuaass  rriinee  su  eeeerieeeeeNN
/data3fast/users/mbermudez/de_03/TFGDataset/img/train_t2_0581_1.png|eee nnddaasss   dddsss    rttssss  hhhhh eeeeeeee
/data3fast/users/mbermudez/de_03/TFGDataset/img/train_t2_1243_0.png|eeeeeeeeNNN unnn ttt  eeee  eees  u eeeeeestttheeee
/data3fast/users/mbermudez/de_03/TFGDataset/img/train_t2_1408_1.png|drrttttttttt
/data3fast/users/mbermudez/de_03/TFGDataset/img/train_t2_0247_0.png|aaaa    ddddeeeee nnnn iihhhhleeee aaaatter
/data3fast/users/mbermudez/de_03/TFGDataset/img/train_t2_0774_0.png|daeeeeeeeNNuuuuuneeeecccceNN ddd    eeeeeeeeeege
/data3fast/users/mbermudez/de_03/TFGDataset/img/train_t2_1261.png|drttte  e  nnnn eeeettuunndeeeellllleNNnn
/data3fast/users/mbermudez/de_03/TFGDataset/img/train_t2_0856_2.png|irrrallleerrrr  g nnneeeeeeddessseeeeeeeNNNNeeNNNN
/data3fast/users/mbermudez/de_03/TFGDataset/img/train_t2_0499.png|eee nnnnnn  ddeeetttaaaa heeehhhhh   d nnnnee   o
/data3fast/users/mbermudez/de_03/TFGDataset/img/train_t2_1070_2.png|ooll a  rrrrttthaauuuudddeeett   ddddre
/data3fast/users/mbermudez/de_03/TFGDataset/img/train_t2_1089.png|inn eeeee ddrreellhhhhtee    lllleeegeeesslleeeddeee
/data3fast/users/mbermudez/de_03/TFGDataset/img/train_t2_0709_0.png|dee  ieeeeeeeee eee     aaasssttteeet uuudd   nneeee
/data3fast/users/mbermudez/de_03/TFGDataset/img/train_t2_1225_1.png|# dd
/data3fast/users/mbermudez/de_03/TFGDataset/img/train_t2_0168_2.png|uuu  u deeeeeneee  ssshtt aaunalleee d sss ddd ehchhh
/data3fast/users/mbermudez/de_03/TFGDataset/img/train_t2_0960_2.png|dee  eeeeeeeeee  eeettttttt  nn tsseeeN  uuu eeeeeeessssee
/data3fast/users/mbermudez/de_03/TFGDataset/img/train_t2_0913_2.png|aat   errrreettt aahheeNdeeertttee deee ttttt
/data3fast/users/mbermudez/de_03/TFGDataset/img/train_t2_0163_1.png|dee nnnnneeeeeeiiittt     neesccchheeNNeelllcchhh  nn
/data3fast/users/mbermudez/de_03/TFGDataset/img/train_t2_1019_0.png|geeeee    eeeeiiihttt  ddeeeeeelleeN
/data3fast/users/mbermudez/de_03/TFGDataset/img/train_t2_1019_1.png|geeeeee  neeeetthhtt   ddreeeeellle
/data3fast/users/mbermudez/de_03/TFGDataset/img/train_t2_1380_2.png|inddeeeeeeseeeN***********  .sssstt  audd sallss ddde
/data3fast/users/mbermudez/de_03/TFGDataset/img/train_t2_1275.png|beN  aaacnndeeellhhee   nnnieini   *****   slls    rrr
/data3fast/users/mbermudez/de_03/TFGDataset/img/train_t2_1179_1.png|aa   eeerreeehhhaauuuu deeee         uundd sschhhhh
/data3fast/users/mbermudez/de_03/TFGDataset/img/train_t2_1423_0.png|unnneeeettttteeeeed  nnnddr aa deeeessss
/data3fast/users/mbermudez/de_03/TFGDataset/img/train_t2_1260.png|bleeettttteeN  nnd sssschhhie naaaalllenn
/data3fast/users/mbermudez/de_03/TFGDataset/img/train_t2_1374_1.png|ooee      aachhnnneeniittt aanageeee
/data3fast/users/mbermudez/de_03/TFGDataset/img/train_t2_0455_0.png|unddd  iiirrerrrlllhh aahh ee  aahhhhhchch 
/data3fast/users/mbermudez/de_03/TFGDataset/img/train_t2_0130_0.png|cheeddeeeeee n ii heeeeett aau dde   sssehhhnneeeess
/data3fast/users/mbermudez/de_03/TFGDataset/img/train_t2_0621_1.png|sseeNNNNNeeennnneen  nnannhhhhieei   aaleeen
/data3fast/users/mbermudez/de_03/TFGDataset/img/train_t2_0580.png|aa   eeeehhheeedddasssllles   aaee sss  dd ...
/data3fast/users/mbermudez/de_03/TFGDataset/img/train_t2_1274_2.png|aaseenneess  ddeeesstt  uu eeeeeegllggee
/data3fast/users/mbermudez/de_03/TFGDataset/img/train_t2_0594_1.png|ie   aaddeeeerrrrtt nnuu   tt sshheeeN  dneee
/data3fast/users/mbermudez/de_03/TFGDataset/img/train_t2_0893_0.png|eetsssslllee ih  nddeeee aahhheelssssssdeeee   ichhh
/data3fast/users/mbermudez/de_03/TFGDataset/img/train_t2_1497_2.png|tte   erreeeeee   eeiiinnneeeee rrdd annnhh
/data3fast/users/mbermudez/de_03/TFGDataset/img/train_t2_0268_1.png|aauu dd   aee  nnnn ccaaasseeedd re chhh   nn iihh
/data3fast/users/mbermudez/de_03/TFGDataset/img/train_t2_1472.png|errt  ddd rrllchhnndd   lllee dei  *****  ssclseNN
/data3fast/users/mbermudez/de_03/TFGDataset/img/train_t2_0431.png|bbeeeeeee   taaa ddeeessscchnndd eellleNNN
/data3fast/users/mbermudez/de_03/TFGDataset/img/train_t2_0094.png|andee  ssashtt  eeee  uunnnn ceeeeeee    *****   ii
/data3fast/users/mbermudez/de_03/TFGDataset/img/train_t2_1274_0.png|aaseeeee     dddeesssst   uu  eeee llllgeN
/data3fast/users/mbermudez/de_03/TFGDataset/img/train_t2_0394.png|unddd e ttttttteeNN nneee drr lchieee  anndd
/data3fast/users/mbermudez/de_03/TFGDataset/img/train_t2_1405.png|ttnn eeer taaleunn ssee  a ee    allleeN
/data3fast/users/mbermudez/de_03/TFGDataset/img/train_t2_0299.png|rraaandddesseeeeeeeeegiihiieettt  u       eeeenn
/data3fast/users/mbermudez/de_03/TFGDataset/img/train_t2_1277_2.png|de  aaa eeeeennnndd sscchnneeeeeNN  nd iichn ddesseeeht
/data3fast/users/mbermudez/de_03/TFGDataset/img/train_t2_0060_2.png|ee   adddeeeee  sschhhheeeehhh aa rerra a  uaau
/data3fast/users/mbermudez/de_03/TFGDataset/img/train_t2_1036.png|chhgeeeee  sss hhtt dddeesseeeet   a s eeeerrre
/data3fast/users/mbermudez/de_03/TFGDataset/img/train_t2_1048_1.png|geeheee eeeeeee   nnn    **eeeeeeeeettthhh   aaaasrrrrrss
/data3fast/users/mbermudez/de_03/TFGDataset/img/train_t2_0798_1.png|eeeeeee aasss d  ssseee  eeeeddder
/data3fast/users/mbermudez/de_03/TFGDataset/img/train_t2_0002.png|mii  tttttlllee  ddaaaauu sseeeiiihiidee
/data3fast/users/mbermudez/de_03/TFGDataset/img/train_t2_1464_0.png|eees   sss  nnnnnn  nnddeeee ddeeellhhee  aaahhhh
/data3fast/users/mbermudez/de_03/TFGDataset/img/train_t2_1145_0.png|ooneeeeeeerrraa  dddasssseeeeee  accht   ddeesseee
/data3fast/users/mbermudez/de_03/TFGDataset/img/train_t2_0955_1.png|wllle   ...........  lleeN      cheeee   gfnge      
/data3fast/users/mbermudez/de_03/TFGDataset/img/train_t2_0070_2.png|dess  ichhhhhhhh tt aa  ssseeeeeihcii  eee
/data3fast/users/mbermudez/de_03/TFGDataset/img/train_t2_0762.png|eertt  eeeeeeeee    i   e
/data3fast/users/mbermudez/de_03/TFGDataset/img/train_t2_1344_1.png|dd       dnd  eeee    cch  aallaa dd sssaaaneeee
/data3fast/users/mbermudez/de_03/TFGDataset/img/train_t2_0458.png|dii   nnee auuu dsssss      lllltt   eeeeihheeeeeesssss
/data3fast/users/mbermudez/de_03/TFGDataset/img/train_t2_0549_2.png|eesstttt
/data3fast/users/mbermudez/de_03/TFGDataset/img/train_t2_1264_1.png|daa teeeleeee     dd aaaaa eeeeriinneeee  aaaa
/data3fast/users/mbermudez/de_03/TFGDataset/img/train_t2_0102_0.png|aantteeeee nnniiieen ssc  nddd  rreeeeeee mm
/data3fast/users/mbermudez/de_03/TFGDataset/img/train_t2_0117_2.png|ggeee  eeee  un ihhee    aasstt  e   aaniiiiie
/data3fast/users/mbermudez/de_03/TFGDataset/img/train_t2_1130_1.png|errr sseee  aassssciinnnndddeeeeeeennnnneeeeihheee
/data3fast/users/mbermudez/de_03/TFGDataset/img/train_t2_1285_1.png|dd     eeeeee   ahheeeeeee   ee  llllllheeeei** **** eeennn
/data3fast/users/mbermudez/de_03/TFGDataset/img/train_t2_1369_0.png|bbeeeeeee u dd iiccchss    e    nnneee
/data3fast/users/mbermudez/de_03/TFGDataset/img/train_t2_0023.png|gerrhhhhhrreeeeeeeellleeegennnnn  d     deeeddeeeeee
/data3fast/users/mbermudez/de_03/TFGDataset/img/train_t2_1326_2.png|sseNNN nnn   n  nnn iinnddere  eeseetttt     rrrrr
/data3fast/users/mbermudez/de_03/TFGDataset/img/train_t2_1390_2.png|nntt     nnn   deesssthchhhaau eess uu   shhhhee
/data3fast/users/mbermudez/de_03/TFGDataset/img/train_t2_0658_1.png|mit    addderiiheeeeeeee eee rlllllllhhh eerrrr
/data3fast/users/mbermudez/de_03/TFGDataset/img/train_t2_0962_1.png|wchhh   d sssee  n ssseeNN   uudddseeeeeeeeee ee***e
/data3fast/users/mbermudez/de_03/TFGDataset/img/train_t2_0187.png|der   ieeeeeenneeeee    u   sseeeeeeelllaaaa eee  d  
/data3fast/users/mbermudez/de_03/TFGDataset/img/train_t2_0425_1.png|tte    ssschheee astteeenneeecchsss ee eeeeee
/data3fast/users/mbermudez/de_03/TFGDataset/img/train_t2_1170_1.png|oon eeeesstttt  dd   hhnnnnnamteeeeinaaa
/data3fast/users/mbermudez/de_03/TFGDataset/img/train_t2_0479_2.png|leeeeeN ssllll   drddrr aaaddd a   hlllnn
/data3fast/users/mbermudez/de_03/TFGDataset/img/train_t2_0724_2.png|gee   sass  eee rreeeee  aa  eesschhnnnnddeetttttt
/data3fast/users/mbermudez/de_03/TFGDataset/img/train_t2_0079_1.png|mt  deeeeicceeN sss   nnn  ttt  e lccnnnNN dddde
/data3fast/users/mbermudez/de_03/TFGDataset/img/train_t2_1405_1.png|tun eeeer aaalg uu sse   alee   alllee
/data3fast/users/mbermudez/de_03/TFGDataset/img/train_t2_1473_2.png|wii  hlleeeeert t aaallll  ndd icht nnnnnnn
/data3fast/users/mbermudez/de_03/TFGDataset/img/train_t2_0378_1.png|oo    ddeee ennchhhh    dde aaaassheeeeiiccseeeeeeee
/data3fast/users/mbermudez/de_03/TFGDataset/img/train_t2_0986_2.png|aateeeeeeeihhtte e  aattt eeeeeettttt uu
/data3fast/users/mbermudez/de_03/TFGDataset/img/train_t2_0448_0.png|gee d   s  ddeesstinneeeellllleeee rreeeeddd
/data3fast/users/mbermudez/de_03/TFGDataset/img/train_t2_0381_1.png|dee  eeeeeh eeee  ihhaau  eeeeeNeeeei cchhssssschhh
/data3fast/users/mbermudez/de_03/TFGDataset/img/train_t2_0475_0.png|iii  nndeeeesssslluun icchhleee   ee  cccchhee e
/data3fast/users/mbermudez/de_03/TFGDataset/img/train_t2_0537.png|"  eenniic   ss eeeeeeett    nddeeeitteeee
/data3fast/users/mbermudez/de_03/TFGDataset/img/train_t2_0795_2.png|errnnnnnnuunddeeelehi  aaasseeee *** .     aaaaee
/data3fast/users/mbermudez/de_03/TFGDataset/img/train_t2_0817_2.png|ddeeee lleeee  ii s ch  n geeeNNN  neetteeeeN  allleessssee
/data3fast/users/mbermudez/de_03/TFGDataset/img/train_t2_0565.png|afbeeeNe   aadddss  ttttaaaahntttss   eeecchh
/data3fast/users/mbermudez/de_03/TFGDataset/img/train_t2_0794_0.png|mee   eleeeddeee***eee   aa   aaaalleeeeeessllleee
/data3fast/users/mbermudez/de_03/TFGDataset/img/train_t2_0095.png|nndddee  nneeee aaasttt     tt eeeeeeeNNsssss
/data3fast/users/mbermudez/de_03/TFGDataset/img/train_t2_1109.png|veeelccch n   s   au lss         
/data3fast/users/mbermudez/de_03/TFGDataset/img/train_t2_1390.png|nnttttt nnnnnnddeee tttschhnnnees uuaasssehhhhe
/data3fast/users/mbermudez/de_03/TFGDataset/img/train_t2_0390_2.png|llsssNNNeeeeeeeeichhhhh aaan esssseeNe  nnddeeettte
/data3fast/users/mbermudez/de_03/TFGDataset/img/train_t2_1081_1.png|gennnnneeee asseeeee         e ggllllee    aa eerrl
/data3fast/users/mbermudez/de_03/TFGDataset/img/train_t2_0733_0.png|ssee   aaaeeeeeeiinnneeerteeeeee   nnngeee n
/data3fast/users/mbermudez/de_03/TFGDataset/img/train_t2_0555.png|dasss     d eeeeee nn   eeeeerr anndee  n tt eeeee
/data3fast/users/mbermudez/de_03/TFGDataset/img/train_t2_0350_2.png|geehheeeeN aaaacch ddee  llllsssNN sssssee  nnnn    nnn
/data3fast/users/mbermudez/de_03/TFGDataset/img/train_t2_1067.png|uuuggeeeeetthhnnennniitttt       aaaa eee
/data3fast/users/mbermudez/de_03/TFGDataset/img/train_t2_0232_1.png|wwee   aach dsssseecch ndderrrrrrrreeeeeeeeeiiii
/data3fast/users/mbermudez/de_03/TFGDataset/img/train_t2_0835_1.png|de   annd  see  uaa eeee  mii tteett aaa a    rrree
/data3fast/users/mbermudez/de_03/TFGDataset/img/train_t2_1147.png|aaa  aalllh  deeeee**    aa  aeeerrtt  ardddrr
/data3fast/users/mbermudez/de_03/TFGDataset/img/train_t2_0336_0.png|chee    ee attt       uuugeeeeeer ttttttttt
/data3fast/users/mbermudez/de_03/TFGDataset/img/train_t2_0817_0.png|die rrellleeeeiii  ssch   geeeeeennnieeeeee aallleessse
/data3fast/users/mbermudez/de_03/TFGDataset/img/train_t2_0651_2.png|se  i iieeeraaand sssennnnnddddde ss ss nneiinaaah
/data3fast/users/mbermudez/de_03/TFGDataset/img/train_t2_0215_0.png|hhh  raaaa rreee sssss    ue t nnnn eichh  iiiheeee
/data3fast/users/mbermudez/de_03/TFGDataset/img/train_t2_1078_2.png|llttttt
/data3fast/users/mbermudez/de_03/TFGDataset/img/train_t2_0736_0.png|mit eeeeeeetttgggeeee  .
/data3fast/users/mbermudez/de_03/TFGDataset/img/train_t2_1489.png|aachchhsssa  ddddssss ddnnnnaac ddeeeeettt
/data3fast/users/mbermudez/de_03/TFGDataset/img/train_t2_1168_0.png|ohhn  ee ssss  nnndd sssssccccsiee eee*    ss  nddeeeeehh
/data3fast/users/mbermudez/de_03/TFGDataset/img/train_t2_1164_2.png|eraaaannnnnneee  eeeeenne eee    eess sllleeer
/data3fast/users/mbermudez/de_03/TFGDataset/img/train_t2_0571_2.png|beeee dee  aasseee  nn eeeee   lllgennnniie
/data3fast/users/mbermudez/de_03/TFGDataset/img/train_t2_0882_2.png|wweee     neeeeee    nnngeeedd  **ssccchnnnnn
/data3fast/users/mbermudez/de_03/TFGDataset/img/train_t2_1499.png|se    aaassaa  dddeeeeeeee  sss  glhhtttttt eeerr 
/data3fast/users/mbermudez/de_03/TFGDataset/img/train_t2_1105_0.png|eee    ahheeeee slll dddseeeeeehhheeeiinnd   reeeeee
/data3fast/users/mbermudez/de_03/TFGDataset/img/train_t2_0641_0.png|mnnnnnneeettnnneenneeesssshheeeeee  a eeee   ttt
/data3fast/users/mbermudez/de_03/TFGDataset/img/train_t2_0527.png|dee llleeNnnnndeeelhhh  daaaauna  ddeeeehhheeeNN
/data3fast/users/mbermudez/de_03/TFGDataset/img/train_t2_1084_0.png|auu d  a ea rrh a  egeegeeuuu      schhtttthh
/data3fast/users/mbermudez/de_03/TFGDataset/img/train_t2_1162_2.png|"  eeee ss e  rrlllla  dd   ..  sss
/data3fast/users/mbermudez/de_03/TFGDataset/img/train_t2_0364_0.png|rrrnnnn  aaaaaaa   d aa tttttttuu eeeeeeeennnnnddeeee
/data3fast/users/mbermudez/de_03/TFGDataset/img/train_t2_1043_0.png|oneeee   aaah ddee ahheeeeess   dddssseeeeel  unneeee
/data3fast/users/mbermudez/de_03/TFGDataset/img/train_t2_0053_2.png|asss  nnn aasse  ssshht e   d  ee    rrttttsss
/data3fast/users/mbermudez/de_03/TFGDataset/img/train_t2_1031_2.png|beeNNeeeettteeeeellh  dniiiiieee nnndde
/data3fast/users/mbermudez/de_03/TFGDataset/img/train_t2_0999_1.png|ersthhhh  lleeerrrrd ee aauggeelleeNe eee*nnnniiihh
/data3fast/users/mbermudez/de_03/TFGDataset/img/train_t2_1100_1.png|iih   deeeeeeeeallleeessseeNe  cccaauudddeeeeiit
/data3fast/users/mbermudez/de_03/TFGDataset/img/train_t2_0250_1.png|eeeeNe  tttttteeeN unndd sseee  eeeellee  deellll
/data3fast/users/mbermudez/de_03/TFGDataset/img/train_t2_1371_0.png|das eeeeeii t  derrhh  daa  ddee  annessseeeee  nnnnnnn
/data3fast/users/mbermudez/de_03/TFGDataset/img/train_t2_0949.png|oolelllhhhinneee*****......  eeeeeecchh nn aaa
/data3fast/users/mbermudez/de_03/TFGDataset/img/train_t2_0952_2.png|bsss   nnnndeessseeeeeeeeettttt   ddd   ahndddd rr
/data3fast/users/mbermudez/de_03/TFGDataset/img/train_t2_0714_1.png|annhhhhhhht aau deeeeiccee  chhtteee e rrrr
/data3fast/users/mbermudez/de_03/TFGDataset/img/train_t2_0460_1.png|beeeenneeiic   ssschuuuu  sshhuuddeeee
/data3fast/users/mbermudez/de_03/TFGDataset/img/train_t2_1254_0.png|mit  errrreeeee  ndd  aaeer     drerccheeNeggeeeeeN
/data3fast/users/mbermudez/de_03/TFGDataset/img/train_t2_0298.png|un  elllhee  sscccchllla ndnnaaahhdd drrrreee nnneeeee
/data3fast/users/mbermudez/de_03/TFGDataset/img/train_t2_0038_2.png|ssllll uuuu eee     hhh eeseeNeee  tchheeeee  un
/data3fast/users/mbermudez/de_03/TFGDataset/img/train_t2_0618_2.png|"ssssss     dd sssssss     nnn  hiieed ereehhhhsaa  eeea
/data3fast/users/mbermudez/de_03/TFGDataset/img/train_t2_1389.png|eee    geel tt d  aachhhrreeeeeeenna ttttt
/data3fast/users/mbermudez/de_03/TFGDataset/img/train_t2_0473_1.png|geennnttte    
/data3fast/users/mbermudez/de_03/TFGDataset/img/train_t2_0108_2.png|aassseeeeeeee  eeeehsssee nnneeeeed  s   ddee
/data3fast/users/mbermudez/de_03/TFGDataset/img/train_t2_1385_1.png|ssst tttteeeeN n eeee  eed      dee alschchh eeeeeeecchh
/data3fast/users/mbermudez/de_03/TFGDataset/img/train_t2_0840_1.png|oondde   sss  nneeeeerriii   ......
/data3fast/users/mbermudez/de_03/TFGDataset/img/train_t2_1073_0.png|# 
/data3fast/users/mbermudez/de_03/TFGDataset/img/train_t2_0424_1.png|tee   n eeeneeeee     acsseed r    a  tttttt
/data3fast/users/mbermudez/de_03/TFGDataset/img/train_t2_0367_0.png|aar  eeelletteeeeeeeeeeeeett rrreellche  nnnnn
/data3fast/users/mbermudez/de_03/TFGDataset/img/train_t2_1170.png|oonneeeeestt    drerchnnnnnettttinn aalle
/data3fast/users/mbermudez/de_03/TFGDataset/img/train_t2_0430_1.png|aah  ngggeeeettttt rreeer aannnnndssseeee  iiiih
/data3fast/users/mbermudez/de_03/TFGDataset/img/train_t2_1313_2.png|aus    uaaasstheinnn   aaas e  allllleei nneelssss
/data3fast/users/mbermudez/de_03/TFGDataset/img/train_t2_0964_0.png|chte    rrcchleeees chhddeee  ggeeee   rrlll
/data3fast/users/mbermudez/de_03/TFGDataset/img/train_t2_0496_2.png|miteeeeennn dddnnneeeeeehhee   ssssaallllll ndn
/data3fast/users/mbermudez/de_03/TFGDataset/img/train_t2_0327_2.png|die e    sNNN   gggeeee tteeegeeeee  nnnneee
/data3fast/users/mbermudez/de_03/TFGDataset/img/train_t2_0763_2.png|sscthhhhhheNNNeee  sss   adsseedddeess eettchhhhaaa
/data3fast/users/mbermudez/de_03/TFGDataset/img/train_t2_1497.png|tte  eeeeeetteee      iiinggeeee rrdd annaachh
/data3fast/users/mbermudez/de_03/TFGDataset/img/train_t2_0469_2.png|teN   sstt  eeerrrraateeesstteet nnnneee
/data3fast/users/mbermudez/de_03/TFGDataset/img/train_t2_0232_2.png|weee  daa  d sssseesccin deerrrrrrrdeeeeeeeeeeii
/data3fast/users/mbermudez/de_03/TFGDataset/img/train_t2_0511_2.png|oogeeelstt neeeeee  aaassshhiit aaaa errehh  n d
/data3fast/users/mbermudez/de_03/TFGDataset/img/train_t2_1264.png|daa teeeleeee   n d aaaaa eeeeiiinneeeee aaaa
/data3fast/users/mbermudez/de_03/TFGDataset/img/train_t2_0309_2.png|dassseeeeleeeeeeheee    dsss   an tt dderrihh
/data3fast/users/mbermudez/de_03/TFGDataset/img/train_t2_1256_2.png|nnee  ****  *.s        rrlhee  nnn   eennnnnnteee
/data3fast/users/mbermudez/de_03/TFGDataset/img/train_t2_1104.png|oobee  aannneeennnnndd aaalllheeeettttta  ddrr
/data3fast/users/mbermudez/de_03/TFGDataset/img/train_t2_0940_1.png|der lleeeeeeelllhnnnaaddde  sslchhee  ndddeeeennnee
/data3fast/users/mbermudez/de_03/TFGDataset/img/train_t2_1436_0.png|ges aaahlleNN d  rreeeeeeeeeeeee      ttttettttt
/data3fast/users/mbermudez/de_03/TFGDataset/img/train_t2_0609.png|errlllttt   deee ssseeeeeiittinn  ssslsssse
/data3fast/users/mbermudez/de_03/TFGDataset/img/train_t2_0995.png|geeleeeee aaa  nndddeesss uuuueeesseeeeee   ndde  
/data3fast/users/mbermudez/de_03/TFGDataset/img/train_t2_0064_2.png|bt    iii ntte sshhaanddellccch scccccsseee ******.
/data3fast/users/mbermudez/de_03/TFGDataset/img/train_t2_1367_0.png|" eeeleeeee ss  dssssccc      lleeeiiiiichhheeeeee
/data3fast/users/mbermudez/de_03/TFGDataset/img/train_t2_0576_2.png|geeeee     ss dd  aaa dddeeicccnnnnddddennnn
/data3fast/users/mbermudez/de_03/TFGDataset/img/train_t2_0453_2.png|nnn uuuuuunddeettttee derrrtaaattttnneee
/data3fast/users/mbermudez/de_03/TFGDataset/img/train_t2_1354_2.png|wiieeesste    saasst      hhchht  aa aaa
/data3fast/users/mbermudez/de_03/TFGDataset/img/train_t2_0588_2.png|dee ddeeeg au eeeeeette    nnne   sss eeeee
/data3fast/users/mbermudez/de_03/TFGDataset/img/train_t2_1430_2.png|der   un gggee aaah sssee   nnn alleeei
/data3fast/users/mbermudez/de_03/TFGDataset/img/train_t2_0608_2.png|blleeeee  e*******   sssss  ee  eeeeiiiiic nnnedee
/data3fast/users/mbermudez/de_03/TFGDataset/img/train_t2_0106_2.png|"s  sss ccchiddee   ..     ssccceeN
/data3fast/users/mbermudez/de_03/TFGDataset/img/train_t2_0848_2.png|geaa tttttteinnnn    *.*    eelllssN nnddd   ee
/data3fast/users/mbermudez/de_03/TFGDataset/img/train_t2_0251_1.png|der   sslleeeeeih  dee   tet  llelllleeeet   aaa eeed
/data3fast/users/mbermudez/de_03/TFGDataset/img/train_t2_1212_1.png|ee  nnneeesssNNnnd eeiieeeeerree    ggeeeeee
/data3fast/users/mbermudez/de_03/TFGDataset/img/train_t2_0490.png|errllht      tmnnnnnichtt  tiee aa eettttsshhhee
/data3fast/users/mbermudez/de_03/TFGDataset/img/train_t2_1327_2.png|ee  nnnee hhhalleee t  eeee    dddd rrlllsss uu
/data3fast/users/mbermudez/de_03/TFGDataset/img/train_t2_1306_1.png|dee  nn**nnnnneeeeesschhhtteeeee  eleeeettt ide
/data3fast/users/mbermudez/de_03/TFGDataset/img/train_t2_0834_1.png|iireeeeegggeeetttt   ssllllhhhieeeenne   ssss
/data3fast/users/mbermudez/de_03/TFGDataset/img/train_t2_0428_0.png|"nneeeeetttaau  tsssccheee  deeee**    uunnnd
/data3fast/users/mbermudez/de_03/TFGDataset/img/train_t2_0777_1.png|dee  teeeee  nddeee t  nnnnaae  ineeeedee  aneee
/data3fast/users/mbermudez/de_03/TFGDataset/img/train_t2_0626_1.png|de  nnneeeennnddreehh ddd    nieeeeeeee  e
/data3fast/users/mbermudez/de_03/TFGDataset/img/train_t2_0439_1.png|aasss d  ssseeeeeerllleeggggnggeeeess  nnnnddeeeee
/data3fast/users/mbermudez/de_03/TFGDataset/img/train_t2_1311_2.png|seseNNN eeeeeee drrreheeee  nnddeeeeellhh aaaa eee
/data3fast/users/mbermudez/de_03/TFGDataset/img/train_t2_0160_1.png|aasa  hh dderrrrr  cccch      eeeeegeelhhtt un
/data3fast/users/mbermudez/de_03/TFGDataset/img/train_t2_0792_1.png|uutttiiiieeeeeeedrrdnnneeeeetttt  nnn ssstttttt
/data3fast/users/mbermudez/de_03/TFGDataset/img/train_t2_0601_2.png|bbellaaaaallllggnnnddeeeee   llchhtt aaattt
/data3fast/users/mbermudez/de_03/TFGDataset/img/train_t2_1339_1.png|tttt  ddddaaaaaalsst  aaah   reicchhhiee   uuuuu
/data3fast/users/mbermudez/de_03/TFGDataset/img/train_t2_0163_2.png|dee nnneeeeeeeittttt e     ssshchhheeNNNesschhhh 
/data3fast/users/mbermudez/de_03/TFGDataset/img/train_t2_0326_1.png|anneeessssshh  nn hshhheenneeett uuatttt   seeeN
/data3fast/users/mbermudez/de_03/TFGDataset/img/train_t2_1217_1.png|wlleNN dd  sllsse  rrrre  amtt  eeee  reee unnn
/data3fast/users/mbermudez/de_03/TFGDataset/img/train_t2_1189_0.png|wweeedderiiihhlleee  aaanndsss uuneeeee 
/data3fast/users/mbermudez/de_03/TFGDataset/img/train_t2_0529_1.png|leeeNNd ss c  ndd  tt  ssh nnnaaatttteetttt
/data3fast/users/mbermudez/de_03/TFGDataset/img/train_t2_0958_0.png|de     nnnnneeetttshhh nn  ssss   unnndeeeeeNeess
/data3fast/users/mbermudez/de_03/TFGDataset/img/train_t2_1200.png|#
/data3fast/users/mbermudez/de_03/TFGDataset/img/train_t2_0143_0.png|"  eeellleNN
/data3fast/users/mbermudez/de_03/TFGDataset/img/train_t2_1242_2.png|rrrtcccchhhssshh ss    sssdeeerrhhe    ssseeeeeddrrr  cccch
/data3fast/users/mbermudez/de_03/TFGDataset/img/train_t2_1255_2.png|leeN dddddeeellleee nnccchiiieee  ageeee t nnnnddde
/data3fast/users/mbermudez/de_03/TFGDataset/img/train_t2_0303_0.png|ooee    unneeeeeeee rrrrr    nniiiicchha ngge
/data3fast/users/mbermudez/de_03/TFGDataset/img/train_t2_1488_0.png|uu  eeeeeeeeeeeettt    rddrerraa    annnngee
/data3fast/users/mbermudez/de_03/TFGDataset/img/train_t2_0749_0.png|eeeee  innihh eeee   affufeeeee llle  nccc deeeeseeeer
/data3fast/users/mbermudez/de_03/TFGDataset/img/train_t2_1259_1.png|#  
/data3fast/users/mbermudez/de_03/TFGDataset/img/train_t2_1077_2.png|see dd eeeetcchhheeeet  aa  all ri aaasssllle
/data3fast/users/mbermudez/de_03/TFGDataset/img/train_t2_0013_0.png|uu  eeee  ddd rrrtlleeeee   
/data3fast/users/mbermudez/de_03/TFGDataset/img/train_t2_1155_1.png|iirdrrrr a u tt    s  reeeeeeaaaahttt  deeelll
/data3fast/users/mbermudez/de_03/TFGDataset/img/train_t2_0366_2.png|daaaaasssseeeeedd rre    aeeeeeeeee      uuu
/data3fast/users/mbermudez/de_03/TFGDataset/img/train_t2_0572_1.png|fee ddn aa deeee  nneeeennneeeee     ddd     mtttt
/data3fast/users/mbermudez/de_03/TFGDataset/img/train_t2_0260_1.png|nneeesssssNuunneiieeettiinn eeelllllaaaaaaasseeeeN
/data3fast/users/mbermudez/de_03/TFGDataset/img/train_t2_0090.png|deeelllhee  nnneeiiiiierr  aach de
/data3fast/users/mbermudez/de_03/TFGDataset/img/train_t2_0994_2.png|diittt   d eeesssss   de   **      sschheeeee nnnnd
/data3fast/users/mbermudez/de_03/TFGDataset/img/train_t2_0282.png|weeee     eeedddr      sseeettttt   ggeeeess aah
/data3fast/users/mbermudez/de_03/TFGDataset/img/train_t2_1420.png|ttt   deeee  scch nnnnicchll asssss  aa eeennn  aee
/data3fast/users/mbermudez/de_03/TFGDataset/img/train_t2_1470.png|ii  rrrthtt  deee *      *          reeeeN au   deeeessehhe
/data3fast/users/mbermudez/de_03/TFGDataset/img/train_t2_1148_0.png|te   deerrreeee  utt s lllh  ad reerr
/data3fast/users/mbermudez/de_03/TFGDataset/img/train_t2_0512.png|daalllll ttt   eee eeeN u ddeeeen   eeeelleeee  erd
/data3fast/users/mbermudez/de_03/TFGDataset/img/train_t2_1415_1.png|iineeiinnnddeeeeeeeii    s sscc     eeeeeeeeihlllhhh
/data3fast/users/mbermudez/de_03/TFGDataset/img/train_t2_0019_2.png|ihhh  eee eee aaaaaeeeee neeeeeiccee   s  rreeee
/data3fast/users/mbermudez/de_03/TFGDataset/img/train_t2_0020_2.png|aaan  eettcclleeNNeN uuuttteeeed   nndddeeihhh
/data3fast/users/mbermudez/de_03/TFGDataset/img/train_t2_0857.png|de       sss auun    ttttt   icchteeee   sssssssss
/data3fast/users/mbermudez/de_03/TFGDataset/img/train_t2_0930_2.png|sssheeee  ss  ee**   ccchieenee  aaggeeeeecchheNN ssss
/data3fast/users/mbermudez/de_03/TFGDataset/img/train_t2_0044_2.png|wieee   aaasse  nnnnnnn deesslllunnn  nn
/data3fast/users/mbermudez/de_03/TFGDataset/img/train_t2_1247.png|iieeeessss ddesscch  nnnnee  anddeeeeeieeee
/data3fast/users/mbermudez/de_03/TFGDataset/img/train_t2_1404_0.png|sshhlllee nnngfuu  dsssch   n llannn  t    eillhnn
/data3fast/users/mbermudez/de_03/TFGDataset/img/train_t2_0500_1.png|geesseeeeer aaahtt nnneeet   dd sss eee ttt
/data3fast/users/mbermudez/de_03/TFGDataset/img/train_t2_0511.png|oooeeeet nneeeenn  aasss chhtt aas   eeerhh    
/data3fast/users/mbermudez/de_03/TFGDataset/img/train_t2_0087.png|die  eteeessaa  de  assseeN  ndd  aaaaauddee
/data3fast/users/mbermudez/de_03/TFGDataset/img/train_t2_1121_2.png|wlleeN sssss  nnniieeerrrrreeere innnngeennneessss
/data3fast/users/mbermudez/de_03/TFGDataset/img/train_t2_0838_1.png|chhh  d rrraa eeeerttthh i  aaa  dnnnnnggeele
/data3fast/users/mbermudez/de_03/TFGDataset/img/train_t2_0854.png|obr aasslee dd rcchid   tsh eesscllleeee  aass  dd
/data3fast/users/mbermudez/de_03/TFGDataset/img/train_t2_0166_1.png|ne  lllleeeeee  aaas   d  ufgeeeNeee   eeee    aaaa
/data3fast/users/mbermudez/de_03/TFGDataset/img/train_t2_0969_1.png|seeeeeeeeNenneeettttt  eeeeeacht un sse   eeeer aaeeeee
/data3fast/users/mbermudez/de_03/TFGDataset/img/train_t2_0420_0.png|daahh eeeeeeeihhheeett  nddee n aa   aeeell
/data3fast/users/mbermudez/de_03/TFGDataset/img/train_t2_1459_0.png|deeNNennnnechheeee  ihhhllee  ndd   eeeeee    tuu
/data3fast/users/mbermudez/de_03/TFGDataset/img/train_t2_0754_0.png|und ssss eeeeeeesccheN   sseeennn   hhhhe  eeeeettt
/data3fast/users/mbermudez/de_03/TFGDataset/img/train_t2_0826_1.png|ii      asscccsss  *********    e  d   iii eeeeeelee   nnnn
/data3fast/users/mbermudez/de_03/TFGDataset/img/train_t2_1479_0.png|wer asseeen n  deerr d  ssee nnnnnteeeee
/data3fast/users/mbermudez/de_03/TFGDataset/img/train_t2_0440_1.png|der aaandd  a tt  ttt    aaa
/data3fast/users/mbermudez/de_03/TFGDataset/img/train_t2_0818_0.png|"s   heeeeeee  llll .
/data3fast/users/mbermudez/de_03/TFGDataset/img/train_t2_0219_0.png|dee   ee uuu  deee aaassseeN      n ddd     . ccc
/data3fast/users/mbermudez/de_03/TFGDataset/img/train_t2_1002_0.png|eeeeeeeeeeeeeeee*eeeettee   reeetsettstttttt  nnnee
/data3fast/users/mbermudez/de_03/TFGDataset/img/train_t2_1131_1.png|ihheeeeeeenn eeeesseN uuuaam eeeeeeestt    ssscchhh
/data3fast/users/mbermudez/de_03/TFGDataset/img/train_t2_1455_2.png|uu  eeeeeeese llhhhh d ccchhee  tss   nnneeeeeitttt
/data3fast/users/mbermudez/de_03/TFGDataset/img/train_t2_0605_1.png|sttteeeggeeeeerreee  dassss t  dd aaa eee nddde
/data3fast/users/mbermudez/de_03/TFGDataset/img/train_t2_0135_0.png|wisss  nnne   ee nnndde  a eeehchhhhi thhheeeiiinn
/data3fast/users/mbermudez/de_03/TFGDataset/img/train_t2_1214_2.png|auu dee aaaa   eeleet     sseeee aaaddd   chhheee
/data3fast/users/mbermudez/de_03/TFGDataset/img/train_t2_0783_0.png|errcchhheennneee  uusssss eeee aaa   rraaaeeee
/data3fast/users/mbermudez/de_03/TFGDataset/img/train_t2_0404_1.png|beeellllheiinn
/data3fast/users/mbermudez/de_03/TFGDataset/img/train_t2_0023_2.png|geerhhhhee et eeeeeellllnneeeennnnn d    dee deeeeee
/data3fast/users/mbermudez/de_03/TFGDataset/img/train_t2_0973_2.png|eeN  ccccnnee lhhee    atttteeeeeeee iirrrereeeee
/data3fast/users/mbermudez/de_03/TFGDataset/img/train_t2_1035_2.png|oohhh  aaahhhiinnnddrrreeiiieeeeeeeeetttt nnnn
/data3fast/users/mbermudez/de_03/TFGDataset/img/train_t2_0928.png|der aahhaa  aaass    iiieitttteeeellllauun
/data3fast/users/mbermudez/de_03/TFGDataset/img/train_t2_0377_0.png|dass tttttttss  aaaan ee r  eeeeN aaasahh eeee
/data3fast/users/mbermudez/de_03/TFGDataset/img/train_t2_1053_2.png|dii  nnnddesss  dddeeetiieee    ssssddee
/data3fast/users/mbermudez/de_03/TFGDataset/img/train_t2_0386.png|unddeessseeneeennii  tt sscllee  llll    eee   eesschhssslsl
/data3fast/users/mbermudez/de_03/TFGDataset/img/train_t2_1284_0.png|dieeeessse  nnn  cchhaaa eeeN  dnnn tttt  eeNnuu
/data3fast/users/mbermudez/de_03/TFGDataset/img/train_t2_0156_2.png|der llhnneeeeeeee  de  ccnnn dee    seeeeeee nttttt
/data3fast/users/mbermudez/de_03/TFGDataset/img/train_t2_1065_2.png|lllee  ddneeiiehseN  acasss   aa deeeeeeee n      ee
/data3fast/users/mbermudez/de_03/TFGDataset/img/train_t2_0892_2.png|nnngaasstttt ddeeeescclleeN  eeeeeeN ssssseeeeeeee
/data3fast/users/mbermudez/de_03/TFGDataset/img/train_t2_1101_0.png|diitteee sllleee rdddaaaa   eee  aaauude
/data3fast/users/mbermudez/de_03/TFGDataset/img/train_t2_1006_2.png|der  eettt gge  aahh  eeeggeeeee  udddd aauueee
/data3fast/users/mbermudez/de_03/TFGDataset/img/train_t2_0658.png|mit      ddeiiieeeeeeeeee e   llllllhhhheeeerr
/data3fast/users/mbermudez/de_03/TFGDataset/img/train_t2_0454_1.png|scheennnnnnneeeegeeeee r r aaas  dddrdrr annnnn
/data3fast/users/mbermudez/de_03/TFGDataset/img/train_t2_0895_1.png|nennnnneeeee  naaau  ee  nnggee mtttesseeeNN ddde
/data3fast/users/mbermudez/de_03/TFGDataset/img/train_t2_0006_1.png|dasss         e  *  ** nnn  ssc nnnn   eee rrddrrrraall
/data3fast/users/mbermudez/de_03/TFGDataset/img/train_t2_0846_1.png|annndee   nnnee    eelchheeeeihhhhhnneeeeg  a eeeeee
/data3fast/users/mbermudez/de_03/TFGDataset/img/train_t2_0542.png|eeriinn  aaaaaa  deee  eeeede   scchhh  llaaeee
/data3fast/users/mbermudez/de_03/TFGDataset/img/train_t2_0109_2.png|aaseeeeeeee  aaaseeeeee nnnddeiindddesslle   as
/data3fast/users/mbermudez/de_03/TFGDataset/img/train_t2_1421.png|sssehhttthhhtt 
/data3fast/users/mbermudez/de_03/TFGDataset/img/train_t2_0568_2.png|cheeeeeet    asaau deer tt iiccee dee etttt
/data3fast/users/mbermudez/de_03/TFGDataset/img/train_t2_0614_2.png|wireeeeeeinnnn aheeeee  itt    r reeee  ssccsssseedds
/data3fast/users/mbermudez/de_03/TFGDataset/img/train_t2_0342_1.png|ieinniiichlaasssseee  dd     ee   sccchleeeeeellhhh
/data3fast/users/mbermudez/de_03/TFGDataset/img/train_t2_0681.png|diessssslll   dssssssssch nnnnnnee  eeeeee  aaageeee
/data3fast/users/mbermudez/de_03/TFGDataset/img/train_t2_0677_0.png|aal    uuutteeeeeeee    hhleetsshhidd
/data3fast/users/mbermudez/de_03/TFGDataset/img/train_t2_0971_1.png|wohhssttrrrlllaaachhhhhtte  aaahheeenneellleen
/data3fast/users/mbermudez/de_03/TFGDataset/img/train_t2_1450_2.png|aahh    ddeeeeee  tt  nn geeesseeeNee iiihe  aaaa
/data3fast/users/mbermudez/de_03/TFGDataset/img/train_t2_0542_0.png|eee  n   aaaaaauueee  eeeedddee ccccccnelll e
/data3fast/users/mbermudez/de_03/TFGDataset/img/train_t2_0001.png|geN  nnnuuffeslleeeeeeeeee ndddsssaaa deeessslhh
/data3fast/users/mbermudez/de_03/TFGDataset/img/train_t2_1015.png|te  aaaadd ddeeecchnnee  ss  nnnnneee    eee
/data3fast/users/mbermudez/de_03/TFGDataset/img/train_t2_1087_1.png|eessssss  ffeee  annieeet nnddd aaaaausssde
/data3fast/users/mbermudez/de_03/TFGDataset/img/train_t2_0813_2.png|hht  rrrrrrrrreessseeesslll  ddes   cchhheee dddeer
/data3fast/users/mbermudez/de_03/TFGDataset/img/train_t2_0592_0.png|nnssd  rrreeeichheeeN  dd   lllc nnnee    *...  dnn
/data3fast/users/mbermudez/de_03/TFGDataset/img/train_t2_1408_2.png|drrttttttttt
/data3fast/users/mbermudez/de_03/TFGDataset/img/train_t2_0158.png|sst   eeeeeNeelleeeee dnnn iccnnnneeee  ttt annnnne
/data3fast/users/mbermudez/de_03/TFGDataset/img/train_t2_0694_0.png|eeee ttttt  nnnnieeee     aadeerdrreeeeeeeee
/data3fast/users/mbermudez/de_03/TFGDataset/img/train_t2_0302_0.png|geeeesssee   eeeeeneeeeNnnnn  a  tttteeeeeeeinnneeer
/data3fast/users/mbermudez/de_03/TFGDataset/img/train_t2_1156.png|lleeNNNNellchheee aaa eeee dddrr      hhestt i    dn
/data3fast/users/mbermudez/de_03/TFGDataset/img/train_t2_1249_2.png|und  ssshhhh       geee ahhteeeeeeee       mmt
/data3fast/users/mbermudez/de_03/TFGDataset/img/train_t2_1393_2.png|nndennnngggeN
/data3fast/users/mbermudez/de_03/TFGDataset/img/train_t2_0175.png|iiee eeeeeesssslllff ttss uuffeeeee llllllll
/data3fast/users/mbermudez/de_03/TFGDataset/img/train_t2_1256_0.png|nne  **********          aleeee  dddss eiinnntteeee
/data3fast/users/mbermudez/de_03/TFGDataset/img/train_t2_0494_1.png|wssss  ..
/data3fast/users/mbermudez/de_03/TFGDataset/img/train_t2_0034_2.png|# eeee
/data3fast/users/mbermudez/de_03/TFGDataset/img/train_t2_0822_0.png|unn  eet uuuaa ngggggn ggnnnnnnnccchhlle
/data3fast/users/mbermudez/de_03/TFGDataset/img/train_t2_0074_1.png|tt    eeeerlhhhhrrreee  nnh deeer nnn eeett
/data3fast/users/mbermudez/de_03/TFGDataset/img/train_t2_0805_1.png|iieesllllleNN aauddeeeecceeN s         eeee   aa
/data3fast/users/mbermudez/de_03/TFGDataset/img/train_t2_0825_1.png|seeee  rddrrrchleeNNN ssss   lllhtt  deeeeennn
/data3fast/users/mbermudez/de_03/TFGDataset/img/train_t2_0130.png|cheeededeeeee    hreeehhtt uu ddeeellssse hineee as
/data3fast/users/mbermudez/de_03/TFGDataset/img/train_t2_0071_1.png|aadd     eeeed  aaa  eeeeeeeee  cllle   aa dddee
/data3fast/users/mbermudez/de_03/TFGDataset/img/train_t2_0713_0.png|# ee
/data3fast/users/mbermudez/de_03/TFGDataset/img/train_t2_1403_2.png|iire  htttttt uu n iin dddrrrieeeeeeeeeee*nnncccc
/data3fast/users/mbermudez/de_03/TFGDataset/img/train_t2_0405_1.png|weennnnnnnneeeee  uggeegschheNN  *eee
/data3fast/users/mbermudez/de_03/TFGDataset/img/train_t2_0048_1.png|ooeeedd        seeeeet  eeeeeee aaaa dddssseeeee
/data3fast/users/mbermudez/de_03/TFGDataset/img/train_t2_1282_0.png|sttt       ss         eeelllch       teee     .
/data3fast/users/mbermudez/de_03/TFGDataset/img/train_t2_0752_0.png|nnddeeeettlleeenn eessele  ssss tttt ee  aeeee
/data3fast/users/mbermudez/de_03/TFGDataset/img/train_t2_0613_1.png|geeenneeeehhhhhaaddd   eeeeeeesllssssNN  ndddeee
/data3fast/users/mbermudez/de_03/TFGDataset/img/train_t2_0102.png|aaatteeeee  nniieeee cchtt nndd riieeeee  aaee
/data3fast/users/mbermudez/de_03/TFGDataset/img/train_t2_0921_1.png|dd       sseeennnnn esscllssss    ........
/data3fast/users/mbermudez/de_03/TFGDataset/img/train_t2_1331_2.png|mit   assssshhhee nndeeeeeee aa dsess hhhh auu ee  uauu
/data3fast/users/mbermudez/de_03/TFGDataset/img/train_t2_0889_1.png|see elllhheeetttteee    eeeeeee***eeeeiiiiin
/data3fast/users/mbermudez/de_03/TFGDataset/img/train_t2_1238_2.png|aan sscheeee  rrrrrieeeeneee  e     sscllll  eee nneeeNN
/data3fast/users/mbermudez/de_03/TFGDataset/img/train_t2_1113_1.png|lllllllleeennnnnndeeeee aa eeetttee  rr llsss
/data3fast/users/mbermudez/de_03/TFGDataset/img/train_t2_0939_1.png|iih eeeeerhhhienn  aalss  nneees  ddeeeeelaaa
/data3fast/users/mbermudez/de_03/TFGDataset/img/train_t2_1340_0.png|errttttttt  
/data3fast/users/mbermudez/de_03/TFGDataset/img/train_t2_1484_0.png|dasssseeeescheeennnnneen  ddeeeeeeeeiee     icch  a
/data3fast/users/mbermudez/de_03/TFGDataset/img/train_t2_0051_0.png|cchhnnnnneecchhinneegeehhhe   add i ddd     ieee
/data3fast/users/mbermudez/de_03/TFGDataset/img/train_t2_0587_0.png|der hannddd  t n dee nnngeeitth heeeee  a  ee
/data3fast/users/mbermudez/de_03/TFGDataset/img/train_t2_1232_1.png|geeeeetttteeegeee tttsssschaa eeetttt eeee    das
/data3fast/users/mbermudez/de_03/TFGDataset/img/train_t2_0981_2.png|sttt      ssuu eeee sssshlsssss  nnneeeee   hhttt  deerrshhe
/data3fast/users/mbermudez/de_03/TFGDataset/img/train_t2_1268_0.png|wiidd  aaanndee  annd  a ttseeeeN fgggNNun
/data3fast/users/mbermudez/de_03/TFGDataset/img/train_t2_0744_2.png|deeee  ennnnddrr aaaannn chh     ssee       achhh
/data3fast/users/mbermudez/de_03/TFGDataset/img/train_t2_1090_0.png|eeetttttttttt
/data3fast/users/mbermudez/de_03/TFGDataset/img/train_t2_0831_2.png|neesssshtchhtteNe  ee**   aannn  eee d aaaeeeennnn
/data3fast/users/mbermudez/de_03/TFGDataset/img/train_t2_1244_1.png|hhheeeeeeeeet  tt aaauddee  tcsshhelle d rr
/data3fast/users/mbermudez/de_03/TFGDataset/img/train_t2_0007_1.png|ee    ernnaaugennneet aa  eeee  aallleeeeee
/data3fast/users/mbermudez/de_03/TFGDataset/img/train_t2_0018_2.png|mheeeeeeeinnndd  rrelleeeeeeeee**    de    seeee
/data3fast/users/mbermudez/de_03/TFGDataset/img/train_t2_0886_2.png|nnn ie nnddersccctttcheeNN  *e  caaattuuuuu 
/data3fast/users/mbermudez/de_03/TFGDataset/img/train_t2_0417_0.png|asttt     nn   seee    ssssse   aaeeelll eeee   ****** nn
/data3fast/users/mbermudez/de_03/TFGDataset/img/train_t2_0276_0.png|"s      unndd  nnn     lllcchht    ncccc
/data3fast/users/mbermudez/de_03/TFGDataset/img/train_t2_1396_1.png|alle   eesseeleee  undddddeesehhiiiicssss  aaarr
/data3fast/users/mbermudez/de_03/TFGDataset/img/train_t2_1251_2.png|ber eeee   nacheeeeeeeerr arrreee eeeleee
/data3fast/users/mbermudez/de_03/TFGDataset/img/train_t2_1145.png|oonneeeeeerllddddddassseeeee    achhaa ddesseeee
/data3fast/users/mbermudez/de_03/TFGDataset/img/train_t2_1030_0.png|uu eeesstttt  deeeeeeee   llhhhhheedde
/data3fast/users/mbermudez/de_03/TFGDataset/img/train_t2_0550_2.png|see eeeeees  nndde   nndeeeeeN   llheeterrr aaatt
/data3fast/users/mbermudez/de_03/TFGDataset/img/train_t2_0655_0.png|weessss  aallhhhtee    naneeeee   u aaasss
/data3fast/users/mbermudez/de_03/TFGDataset/img/train_t2_0603.png|nn  lllsseederr adddeeeeeeeeeee  eeeeeNuu    tttttttt
/data3fast/users/mbermudez/de_03/TFGDataset/img/train_t2_0917_1.png|#
/data3fast/users/mbermudez/de_03/TFGDataset/img/train_t2_0421_0.png|gleeheeeeNt   mhchth ann itttsst   eeeeleeee
/data3fast/users/mbermudez/de_03/TFGDataset/img/train_t2_1463_0.png|inn  eeeeeett unnddeer  dd ieeeee**    eeelleeett
/data3fast/users/mbermudez/de_03/TFGDataset/img/train_t2_0751.png|eee  deeesss nnnncch e  aaeee   hhh rrrrhhssse
/data3fast/users/mbermudez/de_03/TFGDataset/img/train_t2_0318.png|de   eeeee  ddnnnaa ssst   deeiic    nnnn
/data3fast/users/mbermudez/de_03/TFGDataset/img/train_t2_0824_2.png|und ssshheee    e   eeeeeennneeeegllch    aahh eeheeerr
/data3fast/users/mbermudez/de_03/TFGDataset/img/train_t2_0374_0.png|aas  nnn egglhhhauuggeeeeee    as   nnessssss
/data3fast/users/mbermudez/de_03/TFGDataset/img/train_t2_0907.png|weeeeeeNNN****nnnnneeeeeeeeeee *    llaaallleiinn
/data3fast/users/mbermudez/de_03/TFGDataset/img/train_t2_1151_2.png|eee 
/data3fast/users/mbermudez/de_03/TFGDataset/img/train_t2_0985_0.png|der  iiienneee******   gge aaass  lllhhhaahhtiii aaaa
/data3fast/users/mbermudez/de_03/TFGDataset/img/train_t2_1002_1.png|rrreeeeeeeeee eeeeeeett e  rrreeeeesstttttt   nnne
/data3fast/users/mbermudez/de_03/TFGDataset/img/train_t2_1406_2.png|de   aaa nn   itt deeeeellhnne sssccccauuu deeeeeihee
/data3fast/users/mbermudez/de_03/TFGDataset/img/train_t2_1439_0.png|tteNN nneg sss   ieelhhht aaaahhttt deeeelll
/data3fast/users/mbermudez/de_03/TFGDataset/img/train_t2_0077_1.png|innnnnnen  aaccheeeeddeeesslllunnnnnd aaaass
/data3fast/users/mbermudez/de_03/TFGDataset/img/train_t2_1149.png|udddrrrrrrrrreeeeenn aaaassssh dddd essllleee
/data3fast/users/mbermudez/de_03/TFGDataset/img/train_t2_0040.png|assseeeellhe dddsss  r  a unn a eeeeeerrr
/data3fast/users/mbermudez/de_03/TFGDataset/img/train_t2_0005.png|weeeee  nnniieeeedddaaalllleeleeeeeee  nnnnn
/data3fast/users/mbermudez/de_03/TFGDataset/img/train_t2_0116_0.png|"   eeeeaahhtttee  dddd  ssll ddee  rrccheeeenne
/data3fast/users/mbermudez/de_03/TFGDataset/img/train_t2_1286.png|auu  ee   sst  nnnd sscchheessch  ddeereee
/data3fast/users/mbermudez/de_03/TFGDataset/img/train_t2_0657.png|annggeeee    drsste  eeeeeett  deeeeeeee  s  ass eeee
/data3fast/users/mbermudez/de_03/TFGDataset/img/train_t2_0492.png|oorrrreeet nnnnccchaaa   eseeeii nngeeeteenneeee
/data3fast/users/mbermudez/de_03/TFGDataset/img/train_t2_0715.png|mtt  uufgeunnnnneeeeerrree  dnd  tt eeehhnnnn
/data3fast/users/mbermudez/de_03/TFGDataset/img/train_t2_0033_1.png|tieeeeeiiiie sss  * * iccchieerrrsssssee  llleeeeeNN
