/data3fast/users/mbermudez/de_03/TFGDataset/img/train_t2_0871_0.png|geeeeeNe   d  n aslle ddnd a ss e  aaa ddee aaall
/data3fast/users/mbermudez/de_03/TFGDataset/img/train_t2_1450.png|aaahh    deeeeee ttt  nngeesssteeeeellhheee aaaaa
/data3fast/users/mbermudez/de_03/TFGDataset/img/train_t2_1418_1.png|geehhhttte
/data3fast/users/mbermudez/de_03/TFGDataset/img/train_t2_0064_2.png|bb    niinnttttssaaaa ddeellch  ssttcssseee ****.*****
/data3fast/users/mbermudez/de_03/TFGDataset/img/train_t2_1229_1.png|llle   nn aaaleee chhndd ssshhh dd reerachhh
/data3fast/users/mbermudez/de_03/TFGDataset/img/train_t2_1130_1.png|derr reeee  aassss iihnnnndddeeeeeeeennnnneeeeheee
/data3fast/users/mbermudez/de_03/TFGDataset/img/train_t2_0914_0.png|assss      deeeee hhttseeeeee  rerr neeedederrrrtttt
/data3fast/users/mbermudez/de_03/TFGDataset/img/train_t2_0424_1.png|tee    eennneeee      ssseeed ri   uu sttttt
/data3fast/users/mbermudez/de_03/TFGDataset/img/train_t2_0579_0.png|oonnneeeeennneeeiccch   .
/data3fast/users/mbermudez/de_03/TFGDataset/img/train_t2_0739_1.png|tee  e esssschhheeeNN  neeeeggeee tt   dd sseieeeNN
/data3fast/users/mbermudez/de_03/TFGDataset/img/train_t2_0392_0.png|mtttttetee nneee  a rallleennnnnd     nnnn
/data3fast/users/mbermudez/de_03/TFGDataset/img/train_t2_0282.png|weeet   reeee dde       seeeettt   geeeeeee aa
/data3fast/users/mbermudez/de_03/TFGDataset/img/train_t2_0834_2.png|iireeeeeeeeeeeett  rr ssllhchhhieeennn   sss
/data3fast/users/mbermudez/de_03/TFGDataset/img/train_t2_0889_0.png|seee llllheeeetttteeeeee  eee **eeeeeeeiichi
/data3fast/users/mbermudez/de_03/TFGDataset/img/train_t2_0374.png|aaa  nnnnneehchhauufllleeee  rd aa   nn ssssss
/data3fast/users/mbermudez/de_03/TFGDataset/img/train_t2_0243.png|aachheeeeeN  uuaaccheee alhhhie tseeeeN uuuudeeee
/data3fast/users/mbermudez/de_03/TFGDataset/img/train_t2_0336_1.png|chee ne   ttttttee   aauueeeieeee  tttttaatt
/data3fast/users/mbermudez/de_03/TFGDataset/img/train_t2_1297_0.png|aueeee sseeelllllssauudd al  nn  sss    aaeeeeee
/data3fast/users/mbermudez/de_03/TFGDataset/img/train_t2_1309_0.png|geeennnn  niiee    dddessse t  neeeeeettt nddeeee
/data3fast/users/mbermudez/de_03/TFGDataset/img/train_t2_1168.png|nnhh       s   nnndessssccccsscciee ee eee  ss  ndddeeehhh
/data3fast/users/mbermudez/de_03/TFGDataset/img/train_t2_1369_2.png|bbeeeeeet  ndd  iccccss dd ee    nnnnnn
/data3fast/users/mbermudez/de_03/TFGDataset/img/train_t2_0709_0.png|dee  rreeeeeeeeee***  aaaaassteeett  u dddss  eeeee
/data3fast/users/mbermudez/de_03/TFGDataset/img/train_t2_0931_1.png|eeeeeeeeeN  nnn i   rrddeees t iietti  eeeelleeeit
/data3fast/users/mbermudez/de_03/TFGDataset/img/train_t2_0572.png|bee ddd  a eeee  cceeeennneeee    in ddee   ttt
/data3fast/users/mbermudez/de_03/TFGDataset/img/train_t2_0390_0.png|llssNN  eeeeeeeeellhhhhhhaaa   sseeeee   ndeeereeee
/data3fast/users/mbermudez/de_03/TFGDataset/img/train_t2_1159_0.png|uuu eeeee ndd  h ddaauddeeeeiceeN uuuufeeeeN
/data3fast/users/mbermudez/de_03/TFGDataset/img/train_t2_0514_2.png|das      eeee  schh  eeeee e  eeeeeeNN nnd  heeeeeeennnnnee
/data3fast/users/mbermudez/de_03/TFGDataset/img/train_t2_0165_1.png|bee  ddsssssshhhh nnnange    eeeettttt annnnn
/data3fast/users/mbermudez/de_03/TFGDataset/img/train_t2_1367_0.png|" eeeeeeeer    ssssccci     aalleeeeiiichhheeeee
/data3fast/users/mbermudez/de_03/TFGDataset/img/train_t2_0737_2.png|des  anddd  ii  ccchlleeee reeer ttnnn
/data3fast/users/mbermudez/de_03/TFGDataset/img/train_t2_0935_0.png|tttt  eeeecchhttaau ddeeessscthhhhhhiinderr
/data3fast/users/mbermudez/de_03/TFGDataset/img/train_t2_0507_0.png|iinnneee  sssschhleeedde  eeeeee  rtsteeee hchhlee  dd
/data3fast/users/mbermudez/de_03/TFGDataset/img/train_t2_1232_1.png|geeeeetttteeeegeettt ssssll eeeetttt geet u    as
/data3fast/users/mbermudez/de_03/TFGDataset/img/train_t2_0303_0.png|oeeedd    nneeeeeeerrrrrrr a niniiiicccllllnnn
/data3fast/users/mbermudez/de_03/TFGDataset/img/train_t2_1477.png|geeeeettstNN  uundddee   aussaaaheeese inniiii   
/data3fast/users/mbermudez/de_03/TFGDataset/img/train_t2_0095_0.png|nndddreeenneeee aaatt  n   ttt  eeenneeesssss
/data3fast/users/mbermudez/de_03/TFGDataset/img/train_t2_0746_1.png|geeeeee  aaasseeeeeeee aaa  ihhhhssss ch  ddeee
/data3fast/users/mbermudez/de_03/TFGDataset/img/train_t2_1390_1.png|nnttte  nnn  n deeees chchh  n ees  u  eeshheeee
/data3fast/users/mbermudez/de_03/TFGDataset/img/train_t2_0787.png|eeeeNNN nddsscchhhnn  eee   dd  ree    allleN
/data3fast/users/mbermudez/de_03/TFGDataset/img/train_t2_0976_1.png|ssss aaaaaasslll  lllhh    iiiett  rdeeeesssee ddnn
/data3fast/users/mbermudez/de_03/TFGDataset/img/train_t2_0058_0.png|de   iiiccheeeNNeddee  i i    .   daassllleeeeeheeee
/data3fast/users/mbermudez/de_03/TFGDataset/img/train_t2_0608_2.png|bleeeeeee********  uu tssuf ee eeeeeiiiihhnnn eeee
/data3fast/users/mbermudez/de_03/TFGDataset/img/train_t2_0715_2.png|mtt uu eemnnnnneeeeeeeerrr  nnn  tteeehhauu
/data3fast/users/mbermudez/de_03/TFGDataset/img/train_t2_1119_2.png|eeeegeeeeeeeeddrerrreeheee  aa dddsss   iieessssssss nnn
/data3fast/users/mbermudez/de_03/TFGDataset/img/train_t2_1366_0.png|beeeeeeiinn  ellheesssst  ddd   ie         uuueeee
/data3fast/users/mbermudez/de_03/TFGDataset/img/train_t2_0161_2.png|aaauudd aeeetiiiiiindeee  aaannndeeeeeeescchlllll
/data3fast/users/mbermudez/de_03/TFGDataset/img/train_t2_1017_0.png|# de
/data3fast/users/mbermudez/de_03/TFGDataset/img/train_t2_0771_0.png|#  e
/data3fast/users/mbermudez/de_03/TFGDataset/img/train_t2_1430_2.png|dee  uud eeet aaaa ssseee  nnd aallle
/data3fast/users/mbermudez/de_03/TFGDataset/img/train_t2_0725_2.png|die  lllle d  nnneee tt     atsseeeschheeeN
/data3fast/users/mbermudez/de_03/TFGDataset/img/train_t2_1131_1.png|chheee    nneeeeessee  uuua   eegeeeesst   sssschhh
/data3fast/users/mbermudez/de_03/TFGDataset/img/train_t2_0952.png|bsss   nnnddesssseeeeeeeeeetttts udddde ch ddddd  rr
/data3fast/users/mbermudez/de_03/TFGDataset/img/train_t2_0077_1.png|eennnnn e aachheeeeedd  sssllllunnnnndaaaass
/data3fast/users/mbermudez/de_03/TFGDataset/img/train_t2_0256_1.png|aat   d ee inneeeeeeeeggllessss      eeennnne
/data3fast/users/mbermudez/de_03/TFGDataset/img/train_t2_1045_1.png|wlllhh     drrrttttttee aaaaaallesett uuuu eee
/data3fast/users/mbermudez/de_03/TFGDataset/img/train_t2_0019_2.png|ihhh eeee ddrraaalaedeeeeeeeeeeeiceeNss s   rreeee
/data3fast/users/mbermudez/de_03/TFGDataset/img/train_t2_0698_1.png|"   eeennnnnmchchtthleeeeeicheeic   ddsseehh
/data3fast/users/mbermudez/de_03/TFGDataset/img/train_t2_0863_0.png|eeeN*************   llleee         ******      s chee     essleee
/data3fast/users/mbermudez/de_03/TFGDataset/img/train_t2_0822_0.png|unn eee  uuaaauneegnnannnnnnnnnnncchllle
/data3fast/users/mbermudez/de_03/TFGDataset/img/train_t2_1023.png|drr eeegeeele dddderreggeeeeettttaauudddee
/data3fast/users/mbermudez/de_03/TFGDataset/img/train_t2_0026_2.png|iireeeerrrredrrrrrraaleeee ree  nndeee  assssti
/data3fast/users/mbermudez/de_03/TFGDataset/img/train_t2_1372.png|eeetteeeee iichnnnggeeeelcheee   a  deer aahhleede
/data3fast/users/mbermudez/de_03/TFGDataset/img/train_t2_0523_1.png|ttt    nccchheeeeellN  nd aacchheeeeg assss eer
/data3fast/users/mbermudez/de_03/TFGDataset/img/train_t2_0117_1.png|ggeee   eegg     chheee  aas    tre  ann iiiih
/data3fast/users/mbermudez/de_03/TFGDataset/img/train_t2_0679_1.png|unn elllhhtte   iaaaa ddee  cccccht  unnnggggeee
/data3fast/users/mbermudez/de_03/TFGDataset/img/train_t2_0889_1.png|ssee lllleeeeeettteee  eeeeeeeeeeeeeeeiitiin
/data3fast/users/mbermudez/de_03/TFGDataset/img/train_t2_1294_2.png|aandes eedd sss n eeeee    eee**   sss   dde aahheeee
/data3fast/users/mbermudez/de_03/TFGDataset/img/train_t2_1294.png|aaneee  dd  ssss  deeeeeNN Nee e*   css    e  achhee
/data3fast/users/mbermudez/de_03/TFGDataset/img/train_t2_0736_0.png|mtt  eeeeelltttgggee   
/data3fast/users/mbermudez/de_03/TFGDataset/img/train_t2_1347_1.png|aahhh   nnnaassssuundddeeeee e**     uuuffgggueee
/data3fast/users/mbermudez/de_03/TFGDataset/img/train_t2_0889.png|see  lllleeeeetttteeee eee  ee eeeeeeeechtnnn
/data3fast/users/mbermudez/de_03/TFGDataset/img/train_t2_1043.png|oneee    aahh eee  aheeee   ss    d ssseeeee suunneeee
/data3fast/users/mbermudez/de_03/TFGDataset/img/train_t2_0253_0.png|fnnggg deeeee   sssseeeerrreeettnnneeeeeeeN
/data3fast/users/mbermudez/de_03/TFGDataset/img/train_t2_0270_0.png|"   s  
/data3fast/users/mbermudez/de_03/TFGDataset/img/train_t2_0884_1.png|dee   iieeee     eselleeeee rsshhh   c dddeeraall
/data3fast/users/mbermudez/de_03/TFGDataset/img/train_t2_0397_2.png|llau   e nddderr   eeglgeeeieng aasssttt
/data3fast/users/mbermudez/de_03/TFGDataset/img/train_t2_0848_2.png|getttttttttennn eee **..   glllssNN  nnddd eell
/data3fast/users/mbermudez/de_03/TFGDataset/img/train_t2_1371_1.png|dasseeeeeee    dderchaaddaas dee   nnn sscheeeeeee nnnn
/data3fast/users/mbermudez/de_03/TFGDataset/img/train_t2_0260_1.png|nneeessse  uunneeeeett  iieeeellllaaaaauuusseeee
/data3fast/users/mbermudez/de_03/TFGDataset/img/train_t2_0277_1.png|dirttt  aaacctttt.
/data3fast/users/mbermudez/de_03/TFGDataset/img/train_t2_0826_1.png|ii    aassscchsstt ***......   seN     ihheeeeeelleee uunnnn
/data3fast/users/mbermudez/de_03/TFGDataset/img/train_t2_0195_0.png|wachh   ddrr aashhhhhee     rrrrraaannnneee
/data3fast/users/mbermudez/de_03/TFGDataset/img/train_t2_0879.png|ii   deeerehrrrrrrrrreee  ddeeeinnnneee
/data3fast/users/mbermudez/de_03/TFGDataset/img/train_t2_0139_1.png|sstt  eefuu  ttt  ee   sssddrrreeeeeeeee eeeeee ee
/data3fast/users/mbermudez/de_03/TFGDataset/img/train_t2_0681.png|diessssllll  dssssssssiic nnnnddeeeeeeeee  aaleeeee
/data3fast/users/mbermudez/de_03/TFGDataset/img/train_t2_0922_0.png|ssheeeeeesssee  ndnnaaannfgsllhtt  ellhssslllll
/data3fast/users/mbermudez/de_03/TFGDataset/img/train_t2_0974_2.png|# 
/data3fast/users/mbermudez/de_03/TFGDataset/img/train_t2_0126_1.png|"     hhhteeN  nnd  a ccchheeeN    aaaaasss
/data3fast/users/mbermudez/de_03/TFGDataset/img/train_t2_0670_1.png|ffhee  ddd  nnnee  aufgtttttaasseNeee nnn
/data3fast/users/mbermudez/de_03/TFGDataset/img/train_t2_1476.png|eeN uddnn ageee tttt  eeeeennnnieeeeelleene
/data3fast/users/mbermudez/de_03/TFGDataset/img/train_t2_0873_2.png|iin nnnaa eeee  aaassseeedde lhh iiiie      scchhhhhhh
/data3fast/users/mbermudez/de_03/TFGDataset/img/train_t2_0856_1.png|irrraaaareeerr      eeeeeeeeee sseeeeeeteeggggNeNN
/data3fast/users/mbermudez/de_03/TFGDataset/img/train_t2_0439_1.png|aasss  d sss ieeeerlllheennnn geeeNs  nnndddeeee
/data3fast/users/mbermudez/de_03/TFGDataset/img/train_t2_0941_1.png|lchhh nniirihhee nnddd    ggggeeNe  mmhllllhhhh
/data3fast/users/mbermudez/de_03/TFGDataset/img/train_t2_1429_2.png|#
/data3fast/users/mbermudez/de_03/TFGDataset/img/train_t2_0457_2.png|drrrrssseeer rarret   assau eettreeeedddeersssttttt
/data3fast/users/mbermudez/de_03/TFGDataset/img/train_t2_0975_0.png|hhn dddnn aaa   der aclha eed   sssstt   mtt
/data3fast/users/mbermudez/de_03/TFGDataset/img/train_t2_1030_0.png|uudeeeestttt  eeeeeeeeee   ccccheeeedeee
/data3fast/users/mbermudez/de_03/TFGDataset/img/train_t2_0731_1.png|oooo   iiiiii   erreeeeeeeeeeee nneeeesstttteeeeee
/data3fast/users/mbermudez/de_03/TFGDataset/img/train_t2_0395_1.png|dass    hnnnnnddeeihitt iihteegggll    aa aa dd
/data3fast/users/mbermudez/de_03/TFGDataset/img/train_t2_0283_1.png|weeeee  lleeeeeeeiiii eggllteee r  aaauuddee
/data3fast/users/mbermudez/de_03/TFGDataset/img/train_t2_0624.png|die  llllllhheeeee  nnnneeechee   ee    ddd ssss
/data3fast/users/mbermudez/de_03/TFGDataset/img/train_t2_1234_1.png|gee     ee ee   d    ttteeee  sseee   nnnndd ttttt ddr
/data3fast/users/mbermudez/de_03/TFGDataset/img/train_t2_0027_2.png|er aannnnnn iee auuu  tttteee  aaass
/data3fast/users/mbermudez/de_03/TFGDataset/img/train_t2_1213_2.png|"s eeeeeeeecchhhhhhhhheett nndd glllah eetttt
/data3fast/users/mbermudez/de_03/TFGDataset/img/train_t2_1430_1.png|dee   nd eeee  aaahh esse  nndd aageeem
/data3fast/users/mbermudez/de_03/TFGDataset/img/train_t2_0988.png|gecsclssssNN
/data3fast/users/mbermudez/de_03/TFGDataset/img/train_t2_0609.png|rrrlllttt  deeed  ssseeeeeeiiii  nesssssseNN
/data3fast/users/mbermudez/de_03/TFGDataset/img/train_t2_0106_2.png|"ssssssscchh ddeee        sssccceNN
/data3fast/users/mbermudez/de_03/TFGDataset/img/train_t2_1392_0.png|# 
/data3fast/users/mbermudez/de_03/TFGDataset/img/train_t2_0156_0.png|de   inhnneeeeeee  dd  nnacch ddde   sssseeeeNtnntt
/data3fast/users/mbermudez/de_03/TFGDataset/img/train_t2_0017.png|dii nnnnannnnn       ..***  cchheeetteeeee
/data3fast/users/mbermudez/de_03/TFGDataset/img/train_t2_0799_0.png|neeeeeeeheeee  inneelaaahheeeeeeeiennnnnngeeeettee
/data3fast/users/mbermudez/de_03/TFGDataset/img/train_t2_0808_2.png|hhtt uuaaass     ieeeen  aufeee  riieeeNNN 
/data3fast/users/mbermudez/de_03/TFGDataset/img/train_t2_1027_2.png|dieeeeeellaau seeedeessseee  desssshhs eeeee
/data3fast/users/mbermudez/de_03/TFGDataset/img/train_t2_0151_1.png|ssee  uaaahhee dderrrrtte   cnnnnndd  ssss ddee
/data3fast/users/mbermudez/de_03/TFGDataset/img/train_t2_1396_1.png|alle  d ssseellee  unndddeesseeeiihhhht   aaah
/data3fast/users/mbermudez/de_03/TFGDataset/img/train_t2_0040.png|assseeeelllhh dd ss      aannnnaageeeeerr
/data3fast/users/mbermudez/de_03/TFGDataset/img/train_t2_1456_2.png|ieee   dd  etti neeelllhh  d ee eeeeeccheee nnd
/data3fast/users/mbermudez/de_03/TFGDataset/img/train_t2_1045_0.png|weehhhhhtt  deerttttttee aaaaaeelettt uuu    ee
/data3fast/users/mbermudez/de_03/TFGDataset/img/train_t2_0379.png|di   eeerrree     ssch nnddsss ti   
/data3fast/users/mbermudez/de_03/TFGDataset/img/train_t2_1381_0.png|tt*******   ccttt    rr       aalle   aa  eelheeeeeeee*
/data3fast/users/mbermudez/de_03/TFGDataset/img/train_t2_0196_0.png|teN  aaaanddeessttee   nn nnn    ndddaaasllll
/data3fast/users/mbermudez/de_03/TFGDataset/img/train_t2_0898_0.png|hreeeggglleet  deeeeceeee   eeeinnddddeeeeee
/data3fast/users/mbermudez/de_03/TFGDataset/img/train_t2_1390_2.png|nntt  t   nnnnndees    shchh uneess  aa  sseeeee
/data3fast/users/mbermudez/de_03/TFGDataset/img/train_t2_0279_2.png|deee ee nneni a aau   eetteee   ieee ttta    aich
/data3fast/users/mbermudez/de_03/TFGDataset/img/train_t2_0024.png|bbeeeeeeesssttttt  eeellhh  deeee     sss  nnneee
/data3fast/users/mbermudez/de_03/TFGDataset/img/train_t2_0760_1.png|un eeer aaaahhhh  aaaallleeelleeeNNNN
/data3fast/users/mbermudez/de_03/TFGDataset/img/train_t2_0613_1.png|geeennneelchhhhh dd  ddeeeeee sssssssNNN  dddeei
/data3fast/users/mbermudez/de_03/TFGDataset/img/train_t2_0249.png|ueeeeeelllhhhsshhi nee   u nniiiieeeeeeee   aaa dee
/data3fast/users/mbermudez/de_03/TFGDataset/img/train_t2_1389.png|bee    ggllltt dd aacchhieeeeeeenn aa ttttt
/data3fast/users/mbermudez/de_03/TFGDataset/img/train_t2_0242_1.png|ett   drrreeerreeeeddrrrreeeet nnnccc    ssseeeNN
/data3fast/users/mbermudez/de_03/TFGDataset/img/train_t2_0128.png|ihh   eeee ccch deeeehhhhhaannneeeerttt  dd  aaeee
/data3fast/users/mbermudez/de_03/TFGDataset/img/train_t2_0138_0.png|mtt  ssss rrrih  aauuufggeett eeggggeeeeeeeee
/data3fast/users/mbermudez/de_03/TFGDataset/img/train_t2_0868_2.png|unddeeeer  aa rrreellhheerrrcllsssseee  u
/data3fast/users/mbermudez/de_03/TFGDataset/img/train_t2_1297_2.png|aaeeeeeeeeee lllss uuuddasseee u sss     eeeeeeee
/data3fast/users/mbermudez/de_03/TFGDataset/img/train_t2_1433_0.png|iiheeeeele unddeeesechhiiiineeeeee  a    eeessssee
/data3fast/users/mbermudez/de_03/TFGDataset/img/train_t2_0251_1.png|der ressshheeeeihh  eeeetttee  lsllllheeett  aaseeee
/data3fast/users/mbermudez/de_03/TFGDataset/img/train_t2_0843_0.png|geeNN  ss ree haaahh t  eeeeeg aatttnnnteeeee
/data3fast/users/mbermudez/de_03/TFGDataset/img/train_t2_1317_2.png|das eeeeeeehh    elee  n   aa t  teeees     nnnd
/data3fast/users/mbermudez/de_03/TFGDataset/img/train_t2_1464_0.png|nees sss    nnnnn   nnnddeeee ddee llhhhe nnaach
/data3fast/users/mbermudez/de_03/TFGDataset/img/train_t2_1342_1.png|ann    ttteee nnnnneennede  ttihee  ddeeseeeN uuuu
/data3fast/users/mbermudez/de_03/TFGDataset/img/train_t2_0744_2.png|dee eeeee nnne    aaaunnncche  dsssee       acccch
/data3fast/users/mbermudez/de_03/TFGDataset/img/train_t2_0874_0.png|ooeee  nncccssssee iciiinnnaahheee  aaheeeeellss   nnn
/data3fast/users/mbermudez/de_03/TFGDataset/img/train_t2_0512.png|aaalllllittt  ee   eeN  udddeeeenn   eeelleee eerde
/data3fast/users/mbermudez/de_03/TFGDataset/img/train_t2_0988_1.png|gesschsssNNN
/data3fast/users/mbermudez/de_03/TFGDataset/img/train_t2_0046.png|der       tteeee tttttt ir a  essllllee  rr
/data3fast/users/mbermudez/de_03/TFGDataset/img/train_t2_0753_0.png|aastttte etteeeee eeeeeett  ddreeee aaauuunn
/data3fast/users/mbermudez/de_03/TFGDataset/img/train_t2_1154.png|eesst  aahhhht  .
/data3fast/users/mbermudez/de_03/TFGDataset/img/train_t2_1404_0.png|sshhllgennnn  ffuu eesschnnn  aaaannni  d  iiinngg
/data3fast/users/mbermudez/de_03/TFGDataset/img/train_t2_0440_1.png|de  aaand   aa t   ttt    aa
/data3fast/users/mbermudez/de_03/TFGDataset/img/train_t2_0637_2.png|bss  unndddsssseheeeinnnneee  ssssse   e  aeeeee
/data3fast/users/mbermudez/de_03/TFGDataset/img/train_t2_1315_0.png|beee eeiiihee uu ddeeeeeeeeeee  essseeeeNN  ndeeechh
/data3fast/users/mbermudez/de_03/TFGDataset/img/train_t2_0381_1.png|deeerrererra eeenicch  u eeeeeeeee  iicclssssshhhhhhh
/data3fast/users/mbermudez/de_03/TFGDataset/img/train_t2_0917_0.png|##
/data3fast/users/mbermudez/de_03/TFGDataset/img/train_t2_0070_1.png|deessticccnnchhh ttt    ssteeeeeiiciie dee
/data3fast/users/mbermudez/de_03/TFGDataset/img/train_t2_0592_0.png|nnss    eeeeichheeeeN nnd   lllhnnneee **       iiin
/data3fast/users/mbermudez/de_03/TFGDataset/img/train_t2_1251_2.png|beee ee  nnnccleeeeee  rr rreeeteeee lllee
/data3fast/users/mbermudez/de_03/TFGDataset/img/train_t2_1410_0.png|undd aalleeeee  alsss ee  ncchttttteettttttt ee
/data3fast/users/mbermudez/de_03/TFGDataset/img/train_t2_0795_2.png|errnnnnnnnndddeeehhhh  aaa eeeii i **     aaaaae
/data3fast/users/mbermudez/de_03/TFGDataset/img/train_t2_0948_2.png|bee lletteeetttttt  dd  nneee  ttt deeeee sseeNN
/data3fast/users/mbermudez/de_03/TFGDataset/img/train_t2_0109_2.png|aleeeeeeeeee  aaa eeeeeeinnnddeei n eeeellll  d
/data3fast/users/mbermudez/de_03/TFGDataset/img/train_t2_1327_2.png|ee  nnneii aaalleeee  eeeeee   ddd   elllee uuu
/data3fast/users/mbermudez/de_03/TFGDataset/img/train_t2_1080.png|ieeerrrrret    sssllhh    aaaunnnn u ddeeeei
/data3fast/users/mbermudez/de_03/TFGDataset/img/train_t2_0467_2.png|unn eeittt  inee  d  sssees hhaaasss nnccsss   ddeee
/data3fast/users/mbermudez/de_03/TFGDataset/img/train_t2_0425_1.png|ttt  ** sscccheeeestttt eeenegellssseeeeeeeett
/data3fast/users/mbermudez/de_03/TFGDataset/img/train_t2_1055_1.png|seeeNN   aacht      mmmtieeeccssssss
/data3fast/users/mbermudez/de_03/TFGDataset/img/train_t2_1084_0.png|auu      alleer aaaeeeeeeet u d e  scchh    m
/data3fast/users/mbermudez/de_03/TFGDataset/img/train_t2_0655_0.png|wiesss   alllhhheee  nn a eienees   adasss
/data3fast/users/mbermudez/de_03/TFGDataset/img/train_t2_1076_2.png|geeggeeeesss sssee   uddee  aaunggnnndee ee  eii aaas
/data3fast/users/mbermudez/de_03/TFGDataset/img/train_t2_0476_1.png|deeeeeeee  nnn t   e  .
/data3fast/users/mbermudez/de_03/TFGDataset/img/train_t2_1273_2.png|ceeees      aa  aaeett nnnddeeeee uu deeeettt
/data3fast/users/mbermudez/de_03/TFGDataset/img/train_t2_0835_1.png|de   anndd ee   uu eeeee n  tteeeeett aa  rrrsserre
/data3fast/users/mbermudez/de_03/TFGDataset/img/train_t2_1273.png|cheesss uud ssaaaeeett nnd eeeeeN uu  eee tttt
/data3fast/users/mbermudez/de_03/TFGDataset/img/train_t2_0697.png|hhh       tt   eesleeeeN ellhht  eee   n    aalllee
/data3fast/users/mbermudez/de_03/TFGDataset/img/train_t2_0854_0.png|bbe aaalleee    chieerr    tc  llllllee   aass  dd
/data3fast/users/mbermudez/de_03/TFGDataset/img/train_t2_0840_1.png|oonndee  sss  nneeee  iii***......
/data3fast/users/mbermudez/de_03/TFGDataset/img/train_t2_1107_1.png|ss ee
/data3fast/users/mbermudez/de_03/TFGDataset/img/train_t2_1452_0.png|ssteeeeelllldddreeeiiitt   sslleeee aahhhhhiihhe
/data3fast/users/mbermudez/de_03/TFGDataset/img/train_t2_1140_1.png|weeeeee   nnnnnnnneeii nnndniicchhtrrrr
/data3fast/users/mbermudez/de_03/TFGDataset/img/train_t2_0308_2.png|diitteiindde   nneessteeeeee ncncch ddeee cnnnsss
/data3fast/users/mbermudez/de_03/TFGDataset/img/train_t2_0677_0.png|aal  euuu teeeeeeee     hhheeessschhddde
/data3fast/users/mbermudez/de_03/TFGDataset/img/train_t2_1436_1.png|eee  aaalleeNNddereeeeeeeeeeeee       tttteetttt
/data3fast/users/mbermudez/de_03/TFGDataset/img/train_t2_0450_0.png|iiettt  aunnne   dee aaaunnnnddsssccheeeeee
/data3fast/users/mbermudez/de_03/TFGDataset/img/train_t2_1264_1.png|daatteeeeeleee   udd aaaaa  eeeeiiinnneeee aaaaa
/data3fast/users/mbermudez/de_03/TFGDataset/img/train_t2_1405_1.png|tnn  eeeet allfunnnssss  alee     lllee
/data3fast/users/mbermudez/de_03/TFGDataset/img/train_t2_0485.png|bbee hheeetttt  eellheeeeee lh ddreeerrdee aa
/data3fast/users/mbermudez/de_03/TFGDataset/img/train_t2_0302_0.png|geessseeeee  eeeeeenneennnnnnnn ttttteeee innnnddee
/data3fast/users/mbermudez/de_03/TFGDataset/img/train_t2_1189_0.png|wweeeeeeriiiihlllees  aa   eesss uuneeee  
/data3fast/users/mbermudez/de_03/TFGDataset/img/train_t2_1430_0.png|dee  uddeeeet aaah ssssee nndd aalleiii
/data3fast/users/mbermudez/de_03/TFGDataset/img/train_t2_0896_0.png|uu  eeeeeeaaaassshh eddeee dddr  aasssee 
/data3fast/users/mbermudez/de_03/TFGDataset/img/train_t2_0610_0.png|dee aaaasuddd   eee ccclllleeeeN    chhhttttt   eee
/data3fast/users/mbermudez/de_03/TFGDataset/img/train_t2_0569_0.png|ooo  eesseeeerraaeeen   it**  eeeee  eeee  deeee ssheee
/data3fast/users/mbermudez/de_03/TFGDataset/img/train_t2_0132.png|beeeeeleess      aaau u eeeeeN nnn  ee   eeessee eeeeellhh
/data3fast/users/mbermudez/de_03/TFGDataset/img/train_t2_0258.png|ggggnneeeeddsseee ahhhht aaaalsetttt    deer
/data3fast/users/mbermudez/de_03/TFGDataset/img/train_t2_0655_2.png|wissss  rhchhhheee   nn  m nneeee   aaass
/data3fast/users/mbermudez/de_03/TFGDataset/img/train_t2_0611_0.png|"    eeeeee laaa    rr ddeeenerrreeeseiiiichh
/data3fast/users/mbermudez/de_03/TFGDataset/img/train_t2_0335.png|das    nnnnntttt   errrrre  aunnnnnnccchedd
/data3fast/users/mbermudez/de_03/TFGDataset/img/train_t2_1266_0.png|"ndeeN   ssssllheee aannnnngeeN    nnniiie
/data3fast/users/mbermudez/de_03/TFGDataset/img/train_t2_0641_0.png|mnnnnnnnttttieeennneeesss hhheeeeee aaeeee  ttt
/data3fast/users/mbermudez/de_03/TFGDataset/img/train_t2_0090.png|deeellcchee nnneeeeiirrrr aaah dde
/data3fast/users/mbermudez/de_03/TFGDataset/img/train_t2_0514_0.png|dssss   nndesssc      ssee  eeeeeees   dd sscheeeeennnnnnnn
/data3fast/users/mbermudez/de_03/TFGDataset/img/train_t2_1091_2.png|eeee  nnn eeesssshhhha eeee t    eeeeeeerraadeeerrreeeee
/data3fast/users/mbermudez/de_03/TFGDataset/img/train_t2_0794_0.png|mee    lleeeeeeeeeee   ahtt aaaaseeeeee scllleeN
/data3fast/users/mbermudez/de_03/TFGDataset/img/train_t2_1498_0.png|di  nnnn ssscheedddeeerrrdddrrrrrittt  sseeetttst
/data3fast/users/mbermudez/de_03/TFGDataset/img/train_t2_0272_1.png|mtt aaaleeN  nddd  aaachhhaddsss   deeeeeeetttt
/data3fast/users/mbermudez/de_03/TFGDataset/img/train_t2_0441.png|ttnnngeeeN und  tt ee aaasss   ittts  a dee
/data3fast/users/mbermudez/de_03/TFGDataset/img/train_t2_0718_0.png|dettt    ssseeeniieeee aacch ddeeN nnndddee
/data3fast/users/mbermudez/de_03/TFGDataset/img/train_t2_0475_0.png|iii nnddeeeesssslllnnniccclleeee  d e llcchh eeee
/data3fast/users/mbermudez/de_03/TFGDataset/img/train_t2_0284_1.png|odeeeeeeeinneet  nnngleeeeNdddr rresessss   nd
/data3fast/users/mbermudez/de_03/TFGDataset/img/train_t2_0441_2.png|tt  ggeeeNN nnn tt     aasss  ttttt    ddde
/data3fast/users/mbermudez/de_03/TFGDataset/img/train_t2_1130.png|eer  ssseeee aassstiinnnnndeeeeeegggnneeeeerihheee
/data3fast/users/mbermudez/de_03/TFGDataset/img/train_t2_0500_2.png|geessseeeeraaalhhtaaneeeet  nd asseeeeetttt
/data3fast/users/mbermudez/de_03/TFGDataset/img/train_t2_0910_1.png|waaa  eeeeee rr ddaassss   eesss  hhleeNNN uu
/data3fast/users/mbermudez/de_03/TFGDataset/img/train_t2_0841_0.png|seeeeeessst hhee  dnaaaceeN   d  aaa edeeeeeeeeee
/data3fast/users/mbermudez/de_03/TFGDataset/img/train_t2_1035_2.png|lllhhh  aaahhhinnnnddeerrrreeieilleeeettt  nnnn
/data3fast/users/mbermudez/de_03/TFGDataset/img/train_t2_0143_0.png|"  eellllleN
/data3fast/users/mbermudez/de_03/TFGDataset/img/train_t2_0904_2.png|ee  llllleeinnggeeellle nnnee        eeeeee
/data3fast/users/mbermudez/de_03/TFGDataset/img/train_t2_0469_2.png|eeNNetstt  derrrrr aareeesetttttinnnneee
/data3fast/users/mbermudez/de_03/TFGDataset/img/train_t2_0380_1.png|geesttt hnnaasse  n  n    sllssss  eeeelche  drr
/data3fast/users/mbermudez/de_03/TFGDataset/img/train_t2_0366_2.png|daaaaassseeeeee rrrrr   reeeeeeee  **    uuu
/data3fast/users/mbermudez/de_03/TFGDataset/img/train_t2_0699.png|chheNee**eeee  rddee    ccidee hllleeettt   sss aaddd
/data3fast/users/mbermudez/de_03/TFGDataset/img/train_t2_1151_1.png|eee 
/data3fast/users/mbermudez/de_03/TFGDataset/img/train_t2_0868.png|undddeee  aad rrrrellhheerrrlhhsseeeee   aa
/data3fast/users/mbermudez/de_03/TFGDataset/img/train_t2_0130_0.png|cheedeeeeeee ni i iieehhtt aauudde  ssssehcccnneee sss
/data3fast/users/mbermudez/de_03/TFGDataset/img/train_t2_0390_2.png|llsseNNNNNeeeeeeeellhhhhh aahh eesseeeN nn ddeeettee
/data3fast/users/mbermudez/de_03/TFGDataset/img/train_t2_0715_1.png|mtttauun nnnnnngeeeerrrree nnndn ittteehhnnn
/data3fast/users/mbermudez/de_03/TFGDataset/img/train_t2_0360.png|aaas a aaaaauu sslhhh  aasseeeeecchhee    ss annnihh
/data3fast/users/mbermudez/de_03/TFGDataset/img/train_t2_0470_1.png|wweeeerttttt
/data3fast/users/mbermudez/de_03/TFGDataset/img/train_t2_1323_2.png|beeeeeNeeelhhhhhhh  lllllee   le nnnddeesss  nnnesss
/data3fast/users/mbermudez/de_03/TFGDataset/img/train_t2_0714_1.png|nnnnehhhh  aauuddeeeiccnneessshhteeeeerrrrr
/data3fast/users/mbermudez/de_03/TFGDataset/img/train_t2_0011.png|aann  eeeeereihhttteeee  drrrsrteee  andd ss eeeNN
/data3fast/users/mbermudez/de_03/TFGDataset/img/train_t2_0880.png|ooleeeNN   aassssee nnnniitt     
/data3fast/users/mbermudez/de_03/TFGDataset/img/train_t2_0605_1.png|tttteeeegeeeeeereddd  sss ttte    aaaeee nndddr
/data3fast/users/mbermudez/de_03/TFGDataset/img/train_t2_0877_0.png|lleeNnnnneeee      drrrrllcheeN  uuuaa nnnnnd
/data3fast/users/mbermudez/de_03/TFGDataset/img/train_t2_0562_2.png|iinneeee******
/data3fast/users/mbermudez/de_03/TFGDataset/img/train_t2_0952_2.png|brs    nneeee sseeeeeeeeeetttt   ddde  hh ddd   rrrr
/data3fast/users/mbermudez/de_03/TFGDataset/img/train_t2_0068_2.png|tettccchhseeeeee raaanddd   aaahh eeeennnnnaaaall
/data3fast/users/mbermudez/de_03/TFGDataset/img/train_t2_0460_1.png|beeennddeiii dssschnnu ttsttuundddseeee
/data3fast/users/mbermudez/de_03/TFGDataset/img/train_t2_0871_1.png|geeeee  eee  nddssll  dnnddd ss ee aau ddeeraall
/data3fast/users/mbermudez/de_03/TFGDataset/img/train_t2_0079.png|mit eeeeeeiheeNN  ss ennnii  deelchhhheNN dddeee
/data3fast/users/mbermudez/de_03/TFGDataset/img/train_t2_0314_1.png|aatttttt  dderttttttseeeNNssseeee uaaa tt
/data3fast/users/mbermudez/de_03/TFGDataset/img/train_t2_0276_0.png|"o       nnd   nnne  alllhhhttt    cccc
/data3fast/users/mbermudez/de_03/TFGDataset/img/train_t2_0111_2.png|ffeeeesssssllllleellhhhhnnngeeNesllllaannneeeaaa
/data3fast/users/mbermudez/de_03/TFGDataset/img/train_t2_0768_2.png|aleee aahieeee ahchihii.
/data3fast/users/mbermudez/de_03/TFGDataset/img/train_t2_0991_0.png|ee  nnnnnnn nnddd  tt u sssthhctttti  **    eeeee
/data3fast/users/mbermudez/de_03/TFGDataset/img/train_t2_0253_1.png|fnnnnnneeeeee    sssseeeerrreeett nddeeeedee
/data3fast/users/mbermudez/de_03/TFGDataset/img/train_t2_0596_0.png|tteeeegggeeeee rr a  slllhhieeeiennee   sssss
/data3fast/users/mbermudez/de_03/TFGDataset/img/train_t2_1353.png|geennnnneeess sss    d sseee   aaeeeeeleeeeeedd
/data3fast/users/mbermudez/de_03/TFGDataset/img/train_t2_0006_1.png|dassss    s    ****** nnn   ss nnnn   eeeerrrddeeeerell
/data3fast/users/mbermudez/de_03/TFGDataset/img/train_t2_1011_1.png|# d
/data3fast/users/mbermudez/de_03/TFGDataset/img/train_t2_0909_1.png|oo   neieeiitttt ii deeerrrdreer sseee   ca   hh
/data3fast/users/mbermudez/de_03/TFGDataset/img/train_t2_0002_1.png|miie ttttllgff   d aaauu sssste hhiidde
/data3fast/users/mbermudez/de_03/TFGDataset/img/train_t2_1177_2.png|beeeeeeee  d     nddderrttttttttteeennnieeeeee
/data3fast/users/mbermudez/de_03/TFGDataset/img/train_t2_0798_1.png|eeeeeee  aassee   ssseeeedeeeeede
/data3fast/users/mbermudez/de_03/TFGDataset/img/train_t2_0873.png|inn nnnhh eeee  aaassseeeeerrr ieeiei    d s cchhhhhh
/data3fast/users/mbermudez/de_03/TFGDataset/img/train_t2_1302_2.png|geeeN  nnn   cci   eggeee     d   ee  aaaeeeeeee
/data3fast/users/mbermudez/de_03/TFGDataset/img/train_t2_0870_2.png|aussee dddeerhhhee   nndaaa  aaaa  ggeeeeNN
/data3fast/users/mbermudez/de_03/TFGDataset/img/train_t2_0971.png|lcchssteerrlllaaahchhhiii    aalheennneeelllheen
/data3fast/users/mbermudez/de_03/TFGDataset/img/train_t2_0831_2.png|nesssssssthhhteeeN **eee*   aunn geeee   aaaeeeeennn
/data3fast/users/mbermudez/de_03/TFGDataset/img/train_t2_1282_0.png|sst        ss.   ** .      llcch        tt     ...
/data3fast/users/mbermudez/de_03/TFGDataset/img/train_t2_0372_0.png|der ihheeeeee   assseee nndd aaalleeieeleeeete
/data3fast/users/mbermudez/de_03/TFGDataset/img/train_t2_0583.png|aageN  suuunddennnalll    ccchstheeee  lllleeeellll
/data3fast/users/mbermudez/de_03/TFGDataset/img/train_t2_1352.png|dee  eeeeeeettt  eeeeegge tttteee   dde s   dd aaa
/data3fast/users/mbermudez/de_03/TFGDataset/img/train_t2_0724_2.png|gee    ss   eeee reeeee aa eeess  cnnnnneeettttts
/data3fast/users/mbermudez/de_03/TFGDataset/img/train_t2_0163_2.png|deennnggeeeeeeittttt   e  eeesschcheeNNe  lleehhht  
/data3fast/users/mbermudez/de_03/TFGDataset/img/train_t2_0308_0.png|dettii eendde    ttteeeeeeennnncchndddeeei nnsss
/data3fast/users/mbermudez/de_03/TFGDataset/img/train_t2_1377.png|wllllu neeeetttaauuddd scheee  aiieeeee
/data3fast/users/mbermudez/de_03/TFGDataset/img/train_t2_1167_2.png|unddddeeesssccchheeeeleeedee aau deeeedeeeeeee
/data3fast/users/mbermudez/de_03/TFGDataset/img/train_t2_1339_1.png|ttt   dddd aaaaallstt  aa   rellcchhieee  uuuu
/data3fast/users/mbermudez/de_03/TFGDataset/img/train_t2_1314_2.png|uu   sssssseelllllll nnniiii  aaallllsss ddeen   rtt
/data3fast/users/mbermudez/de_03/TFGDataset/img/train_t2_1041_1.png|eeee  nnaccchheee
/data3fast/users/mbermudez/de_03/TFGDataset/img/train_t2_0717.png|das reeeeerrt   aatteeeeee  cchhh   aaaaaaaa edee
/data3fast/users/mbermudez/de_03/TFGDataset/img/train_t2_0106.png|"sssssssccchindee**....      llceN
/data3fast/users/mbermudez/de_03/TFGDataset/img/train_t2_0428_1.png|"nneeeeettaauu  ssschheeeeedddee      uunnnee
/data3fast/users/mbermudez/de_03/TFGDataset/img/train_t2_0344_0.png|nnneeeaaauuddssseett   ge unn   ggllhh dddd 
/data3fast/users/mbermudez/de_03/TFGDataset/img/train_t2_0434_1.png|siihhhinnnaagee   eeeiiieeesssshaa eetssscchhs
/data3fast/users/mbermudez/de_03/TFGDataset/img/train_t2_1353_1.png|ggennnnnneee   ssss ddeeeseee    u eeeeeeeeeeee 
/data3fast/users/mbermudez/de_03/TFGDataset/img/train_t2_0540.png|#
/data3fast/users/mbermudez/de_03/TFGDataset/img/train_t2_0777_0.png|dee  eeteeNN  nddeee t nng la   iieeedee  ann
/data3fast/users/mbermudez/de_03/TFGDataset/img/train_t2_1186.png|nnechhhhee      deee saaaanneeee  an dddreeeellll
/data3fast/users/mbermudez/de_03/TFGDataset/img/train_t2_0744_1.png|dee  eee* nn  dd  aaaunn chtt    ssee     aaahhh
/data3fast/users/mbermudez/de_03/TFGDataset/img/train_t2_0446.png|drrrlhhe  d sss  i    *****   uun  ssseeeenncchhee
/data3fast/users/mbermudez/de_03/TFGDataset/img/train_t2_0535_1.png|mrre dree***...   lllhttdderr aalllleeeNN  nn
/data3fast/users/mbermudez/de_03/TFGDataset/img/train_t2_1326_2.png|oosseN  nnnnn n    nnnn ddeerreeseettttte  rrrrrrih
/data3fast/users/mbermudez/de_03/TFGDataset/img/train_t2_0319_0.png|iiheeNe*****   aaaa  ggg eeeee erlch    ddeeeihh
/data3fast/users/mbermudez/de_03/TFGDataset/img/train_t2_1499.png|ee     aaasshhnnddeeesseee  ss ee  ahhhttttteeerrlll
/data3fast/users/mbermudez/de_03/TFGDataset/img/train_t2_1171_0.png|ass   ddeeleeeiiiinnnnneee nnmhhee sssgggeeeedeee
/data3fast/users/mbermudez/de_03/TFGDataset/img/train_t2_1106_1.png|llleerr r ddeerrrrd aaachddeee   .       lllhh
/data3fast/users/mbermudez/de_03/TFGDataset/img/train_t2_0817_2.png|dd   rlllleenn   iisch   eeeeeeNN eeetteeee  aallleeessseee
/data3fast/users/mbermudez/de_03/TFGDataset/img/train_t2_1324_2.png|cch  ssssseeeee   tt     ddd  aalllhhi nn aandddee
/data3fast/users/mbermudez/de_03/TFGDataset/img/train_t2_0318.png|de   eeee   nnnaa  ssaaa  deeei nnt  nnn
/data3fast/users/mbermudez/de_03/TFGDataset/img/train_t2_1176_2.png|inneeeeeseeeeeeeeee  aa hhhh  gnlllhheeeeesssssss
/data3fast/users/mbermudez/de_03/TFGDataset/img/train_t2_0899_0.png|iihhhiieee  sssddeee rahhr  sssa  drrhhh dddeesssss
/data3fast/users/mbermudez/de_03/TFGDataset/img/train_t2_0451_0.png|lleete eeeeeeeeeetcchha  deee aall   eerr  rr
/data3fast/users/mbermudez/de_03/TFGDataset/img/train_t2_0511.png|oooeeee tt  eeeenn aaads s cht aaas eeerrha  e
/data3fast/users/mbermudez/de_03/TFGDataset/img/train_t2_1256_0.png|nnnd ***********        aareeee  dd seeeennnn eeee
/data3fast/users/mbermudez/de_03/TFGDataset/img/train_t2_0252_1.png|geeeeee  nnn  iichttt  ddeeeeeslleNNN
/data3fast/users/mbermudez/de_03/TFGDataset/img/train_t2_0782_0.png|in    eellccttNNNeeeeeeeeeet aaanniieeeeeess
/data3fast/users/mbermudez/de_03/TFGDataset/img/train_t2_0422_0.png|ersshhhhh nnnnee rr eeeeess uuunne unngggnnnh
/data3fast/users/mbermudez/de_03/TFGDataset/img/train_t2_1322_1.png|tteeeeeelleeett rd   seeeschh nnnddd sss  ddd
/data3fast/users/mbermudez/de_03/TFGDataset/img/train_t2_0033_1.png|tteeeiii  eeesss      icchh  eer sssseer alleeeeggeeN
/data3fast/users/mbermudez/de_03/TFGDataset/img/train_t2_0866.png|ffnn   ssss  eeennncchttteeee    eeeeeee  dee
/data3fast/users/mbermudez/de_03/TFGDataset/img/train_t2_0987_2.png|# d
/data3fast/users/mbermudez/de_03/TFGDataset/img/train_t2_0456_2.png|ber aallnlggNN  ndddee***...   ttteenneeeelllll
/data3fast/users/mbermudez/de_03/TFGDataset/img/train_t2_1145.png|off eeeeeeerraa dddd  sseeeee   aaahaa  ddeesseeee
/data3fast/users/mbermudez/de_03/TFGDataset/img/train_t2_0405_2.png|wennnnnnnnnneee   ffgeelccceNNN*****
/data3fast/users/mbermudez/de_03/TFGDataset/img/train_t2_0108_1.png|dass eieeeeee ieeehhheeee nnneeeee d   a ndee
/data3fast/users/mbermudez/de_03/TFGDataset/img/train_t2_0436_2.png|adssssseeen eeeetseellhhe aalleettiin    ee sseeheee
/data3fast/users/mbermudez/de_03/TFGDataset/img/train_t2_0833_0.png|ooeeessssccl s    eeeeeeeN nnaa  drrraaa   ii it
/data3fast/users/mbermudez/de_03/TFGDataset/img/train_t2_1439_0.png|tteeeengg aasstt ellllhht aaahhhttt deeeel
/data3fast/users/mbermudez/de_03/TFGDataset/img/train_t2_0623_1.png|dra   eerraaaaah eeerrriiiictt n deeeettt
/data3fast/users/mbermudez/de_03/TFGDataset/img/train_t2_1077_1.png|see ddeeeettcchheeeee     rr rrrr aaa   llheh
/data3fast/users/mbermudez/de_03/TFGDataset/img/train_t2_0903.png|nnee  ccch   n  eeetet   eeeinnee uuugeeeNNN
/data3fast/users/mbermudez/de_03/TFGDataset/img/train_t2_1168_0.png|ochn de sssss  nnnddsssschhchtteeNee**  *e  ss  nnddeeeehht
/data3fast/users/mbermudez/de_03/TFGDataset/img/train_t2_1155_1.png|iiddrrrr  a ttt   d    eeeee  aaahtteeeeee
/data3fast/users/mbermudez/de_03/TFGDataset/img/train_t2_0999_1.png|errthhhh   lleeedrrrrrd   afgeelleeeeenn*neeiiniii
/data3fast/users/mbermudez/de_03/TFGDataset/img/train_t2_0020_2.png|aaann  eeccclleeeeee uu ttteeeee   nndddeiii
/data3fast/users/mbermudez/de_03/TFGDataset/img/train_t2_0237_1.png|aals   .
/data3fast/users/mbermudez/de_03/TFGDataset/img/train_t2_0342_0.png|eennnnniie aaasssse  dddr   eee   cchheeeee eeelhhe
/data3fast/users/mbermudez/de_03/TFGDataset/img/train_t2_0937_0.png|beeedddesssrr ddaaachhinneeeettee   nnn
/data3fast/users/mbermudez/de_03/TFGDataset/img/train_t2_0066_1.png|fffdeee llllhhtteeeee tt  d  llllee sshhee
/data3fast/users/mbermudez/de_03/TFGDataset/img/train_t2_1006.png|der     eeeeggnnahh deeeelleeeeN a ddddddau ssee
/data3fast/users/mbermudez/de_03/TFGDataset/img/train_t2_0239.png|"u  ellssseee eee   .....
/data3fast/users/mbermudez/de_03/TFGDataset/img/train_t2_0090_2.png|deeellleeeN  nnneei irrrrr  aach dde
/data3fast/users/mbermudez/de_03/TFGDataset/img/train_t2_0529_1.png|lleeNNN     aadddit  tssschnn aaalttteeetttee
/data3fast/users/mbermudez/de_03/TFGDataset/img/train_t2_0642.png|diieeeeeinnnddeessssichh ssseeeeeeneeett uuddsss
/data3fast/users/mbermudez/de_03/TFGDataset/img/train_t2_0090_0.png|deelllchhee nneee  irrrre  aaa  d
/data3fast/users/mbermudez/de_03/TFGDataset/img/train_t2_0494_0.png|wsssee 
/data3fast/users/mbermudez/de_03/TFGDataset/img/train_t2_1104.png|ofbe  aaaneeeeennnnd  aa elllheeeeettttta ddrr
/data3fast/users/mbermudez/de_03/TFGDataset/img/train_t2_0846_1.png|annnee e  nne N  see elcheee  iiehhhi  eeeee a eeeeee
/data3fast/users/mbermudez/de_03/TFGDataset/img/train_t2_1212_1.png|ee  nn eessseN nnd see neeeeeeeee   eeeeeeee
/data3fast/users/mbermudez/de_03/TFGDataset/img/train_t2_0094_2.png|andeesssssshht  ddeee  ffuu nncseeed  ********  nncchh
/data3fast/users/mbermudez/de_03/TFGDataset/img/train_t2_0857.png|de       ssaa nn     rrttt    cccheeee    ssssslll
/data3fast/users/mbermudez/de_03/TFGDataset/img/train_t2_0097_1.png|tttttt.tttt rrraaaaa   ttihiieeennnniclllaasss
/data3fast/users/mbermudez/de_03/TFGDataset/img/train_t2_0166_2.png|ee   llleeeeee    aas  d   u eeeeede eeee   deeaaaaaa
/data3fast/users/mbermudez/de_03/TFGDataset/img/train_t2_0979_1.png|iish aaa  eeeiiiccts tslll aua deeeeeiccchh ddddaaa
/data3fast/users/mbermudez/de_03/TFGDataset/img/train_t2_1463_0.png|inndn eeeee      dde      n ieeee *... eeelleeee
/data3fast/users/mbermudez/de_03/TFGDataset/img/train_t2_1462_0.png|anddeericchh   d  ccceeN  d aamheeeeennnnsssss
/data3fast/users/mbermudez/de_03/TFGDataset/img/train_t2_0907.png|zeeeeeNNNNee**nnnnnne eeeee* e    llaaallleeii
/data3fast/users/mbermudez/de_03/TFGDataset/img/train_t2_0107.png|desss eeeee  de ttttt  gngeeeeeee   cchee dd
/data3fast/users/mbermudez/de_03/TFGDataset/img/train_t2_0111_1.png|ffgeeeeess  lllllhhhhhhhnnggeeeNssllla nnnneeal
/data3fast/users/mbermudez/de_03/TFGDataset/img/train_t2_0522.png|ggllllleeeeetttsshhheeee dddrr reeeee      aallll
/data3fast/users/mbermudez/de_03/TFGDataset/img/train_t2_0084.png|weennneesss     .   .s  sssehhhii  deee sss       tiieeeee
/data3fast/users/mbermudez/de_03/TFGDataset/img/train_t2_1271_0.png|mmh uuuuu eeeeNeeslleeNN      asss   dd  eee     eee
/data3fast/users/mbermudez/de_03/TFGDataset/img/train_t2_0568_2.png|ceeeeeee    assaa  eee  t icch eedee etttt
/data3fast/users/mbermudez/de_03/TFGDataset/img/train_t2_0135_0.png|wssss   neeee    annde aeeee cchhhh hhtteeeiiiinn
/data3fast/users/mbermudez/de_03/TFGDataset/img/train_t2_1147_1.png|aas   aaalhh deeee**    aaaee  eeett  aaa ddrr
/data3fast/users/mbermudez/de_03/TFGDataset/img/train_t2_1363.png|rrr ree t eiit   ssssleee sseeNe  teeett   dd  auu
/data3fast/users/mbermudez/de_03/TFGDataset/img/train_t2_0360_2.png|allsaaaaaauu  slllhhh  asseeeeehhheee    sssa nnihh
/data3fast/users/mbermudez/de_03/TFGDataset/img/train_t2_1083.png|neeeechhhhh  nnddndd eeeee   u    hhhtttaa dddeeeeee
/data3fast/users/mbermudez/de_03/TFGDataset/img/train_t2_0354.png|cchh    sseeeettt  nd e  ffgeeethhheetiieeegggguuass
/data3fast/users/mbermudez/de_03/TFGDataset/img/train_t2_0993_0.png|mm   eeeeeguundd   rreed   nnecchhhddd    hhhhh
/data3fast/users/mbermudez/de_03/TFGDataset/img/train_t2_0705_1.png|leeeNNNNN   rrreeittt  a ss rrt  auun
/data3fast/users/mbermudez/de_03/TFGDataset/img/train_t2_1055.png|sieeee  aaatttt     mtiieeee cssssss
/data3fast/users/mbermudez/de_03/TFGDataset/img/train_t2_1374_1.png|geee d    aachhnnnnneii tt  ngggeee
/data3fast/users/mbermudez/de_03/TFGDataset/img/train_t2_1110_0.png|aus eeeenneee rree n ttttt deesssslceeeNNN
/data3fast/users/mbermudez/de_03/TFGDataset/img/train_t2_1003_2.png|tteeeeeiihhttscchhhe    drdrrrieeeeeeeeeeeeee   nn dda
/data3fast/users/mbermudez/de_03/TFGDataset/img/train_t2_1105_1.png|tet     rreeeeNsslll ddd sseeesehhetttiinnd   reteeee
/data3fast/users/mbermudez/de_03/TFGDataset/img/train_t2_0484_0.png|brrddeeeeenneee  ich  aa   unddrreeee   chhtttt
/data3fast/users/mbermudez/de_03/TFGDataset/img/train_t2_1454_1.png|iiieeeeniicchnn eeNdnnnnnncccsseN naalleeee
/data3fast/users/mbermudez/de_03/TFGDataset/img/train_t2_0564_0.png|woo     d aa  sssst  a   rr     ..........
/data3fast/users/mbermudez/de_03/TFGDataset/img/train_t2_1126_2.png|iie   iieeeee sssssllleN    eeett   relaanggeeee
/data3fast/users/mbermudez/de_03/TFGDataset/img/train_t2_1054_1.png|wwlleeee aaahttr ddddeeeeggn tsssss  rreeeee
/data3fast/users/mbermudez/de_03/TFGDataset/img/train_t2_1087_1.png|eesssssssuffeee  annieet  nndddaaaaauuuusddee
/data3fast/users/mbermudez/de_03/TFGDataset/img/train_t2_0360_0.png|alls aaacaauusssllhh  aasseeeeeehhhhe     sa  nnni
/data3fast/users/mbermudez/de_03/TFGDataset/img/train_t2_0033_0.png|tttiiiiii   ss       ccchh eer  sss rerrallleeeeggge
/data3fast/users/mbermudez/de_03/TFGDataset/img/train_t2_0892_2.png|unnaaalastt  deeee  cllleeeeeeeeeeNssssss  ddeeee
/data3fast/users/mbermudez/de_03/TFGDataset/img/train_t2_1274_1.png|aaseeeneees  ddeessssst uuufeeeee llleeNNN
/data3fast/users/mbermudez/de_03/TFGDataset/img/train_t2_1024.png|setthiinn dderttttee   seeetcchhheennnnddee tt
/data3fast/users/mbermudez/de_03/TFGDataset/img/train_t2_1153_2.png|undddeeellliieN .
/data3fast/users/mbermudez/de_03/TFGDataset/img/train_t2_1311_2.png|seeeNN nnneeeedrrreeheee  nndddeeeeelllhhaaaaeeeee
/data3fast/users/mbermudez/de_03/TFGDataset/img/train_t2_0969_1.png|eeeeNNNNNeeenneeettt  deeeeaahtt  u  see  eeer aaeeee
/data3fast/users/mbermudez/de_03/TFGDataset/img/train_t2_0921_1.png|dd     sssseegnnnnn tsssllssse   ...........
/data3fast/users/mbermudez/de_03/TFGDataset/img/train_t2_1471_1.png|sttttthh  e  ndnee  ccchlell  dde sseennnneeeee nnc
/data3fast/users/mbermudez/de_03/TFGDataset/img/train_t2_0861_2.png|mtt eeeeee  aammmaaaggeeicchha dddrreeeeeett
/data3fast/users/mbermudez/de_03/TFGDataset/img/train_t2_0420_0.png|daa   eeeeeeeehhttteeet unddee n aauuu allll
/data3fast/users/mbermudez/de_03/TFGDataset/img/train_t2_0391_0.png|ooeee ssss eer   ndd a ieeeeneeihhhheeeet t  ddree
/data3fast/users/mbermudez/de_03/TFGDataset/img/train_t2_0419_2.png|die     ssstt     ***.ttttt  ee    tttttttt
/data3fast/users/mbermudez/de_03/TFGDataset/img/train_t2_0568.png|ceeeeeeee   sssaaaneee   iiihheeNeeeeee tttt
/data3fast/users/mbermudez/de_03/TFGDataset/img/train_t2_0995.png|geellleee     nnddeeesss uuugeeeseeeeeeeee ddd e
/data3fast/users/mbermudez/de_03/TFGDataset/img/train_t2_1469_1.png|hhrrr eeeeN        d ee       ccc          .....a
/data3fast/users/mbermudez/de_03/TFGDataset/img/train_t2_0721_2.png|nee   uuuussschee  ssssssshhhe assseeiiii  deeeee nnu
/data3fast/users/mbermudez/de_03/TFGDataset/img/train_t2_0391_2.png|woeee ssas  ddr hnndd   ieeeen illllheeettt   ddeeee
/data3fast/users/mbermudez/de_03/TFGDataset/img/train_t2_0012.png|thh eeeneddrr  aaauuud ccheee nnngeseeNeee
/data3fast/users/mbermudez/de_03/TFGDataset/img/train_t2_1346_1.png|aassN     aauuddeeiinneeesttt  d   lllrrraaaa
/data3fast/users/mbermudez/de_03/TFGDataset/img/train_t2_1022.png|deeN   eeeegleett u d sseeeee eeeesseeeee nnnnn
/data3fast/users/mbermudez/de_03/TFGDataset/img/train_t2_0524.png|ieeeeeeeN  ddndeeee e    ...
/data3fast/users/mbermudez/de_03/TFGDataset/img/train_t2_0971_1.png|scchhhtt eerlllaacccchhhie  naaahheeneeeelleeinnn
/data3fast/users/mbermudez/de_03/TFGDataset/img/train_t2_0750_0.png|rreeess   dd    .   sss  d   eeee* *   ssshhaa edddrrr
/data3fast/users/mbermudez/de_03/TFGDataset/img/train_t2_1340_0.png|eeetttttttt 
/data3fast/users/mbermudez/de_03/TFGDataset/img/train_t2_1274_2.png|aas   nneNs  ddeeesstt  uu eeee   lllleeN
/data3fast/users/mbermudez/de_03/TFGDataset/img/train_t2_0987_1.png|# d
/data3fast/users/mbermudez/de_03/TFGDataset/img/train_t2_0619_1.png|dee  ** ddee reee lleet inn   as eeeeeeeeeeee    ttttttt
/data3fast/users/mbermudez/de_03/TFGDataset/img/train_t2_1101_2.png|dittttssllllee rrrddddaacc deee aaaauudd
/data3fast/users/mbermudez/de_03/TFGDataset/img/train_t2_0556_2.png|mhh  assseeenn aageet nn  ssaannneiihh  dde  
/data3fast/users/mbermudez/de_03/TFGDataset/img/train_t2_0612_2.png|aaa  eee  aaaleeeee eeitttttt nndeeett..... drrr
/data3fast/users/mbermudez/de_03/TFGDataset/img/train_t2_0072_1.png|waannnnnddeescctsscchitt * .   uuuuf esschheeeee
/data3fast/users/mbermudez/de_03/TFGDataset/img/train_t2_0720.png|ind ssseeee    eeennnn       ccheeeNN      tsssssleeeN
/data3fast/users/mbermudez/de_03/TFGDataset/img/train_t2_0613_0.png|geeeinnneeccccch  dd    eeeseeesssssssNN  ddde
/data3fast/users/mbermudez/de_03/TFGDataset/img/train_t2_0518_1.png|de  aalaa deee     rriiieennaa eraalleeettt
/data3fast/users/mbermudez/de_03/TFGDataset/img/train_t2_0080_2.png|aaannn dd    eeeeeddeee nnnn eeeetinn ederreee
/data3fast/users/mbermudez/de_03/TFGDataset/img/train_t2_0088.png|eet     ee nnatheeeeeeneee   rdrrerriiihi rd
/data3fast/users/mbermudez/de_03/TFGDataset/img/train_t2_1260.png|beeetttttteeN   n   ssssshhh    aallllenn
/data3fast/users/mbermudez/de_03/TFGDataset/img/train_t2_0494_2.png|wssssN  
/data3fast/users/mbermudez/de_03/TFGDataset/img/train_t2_0214_1.png|aggg  a eee   aaeeeeeedeeer leeee  tsteeeee sss   e
/data3fast/users/mbermudez/de_03/TFGDataset/img/train_t2_0215_0.png|hhhr  aatttteeee sssseNN u   t  nnnne hhheeieihheee
/data3fast/users/mbermudez/de_03/TFGDataset/img/train_t2_1462_2.png|anneeeiichh  ee aachee  dd a mhheeennnn sssse
/data3fast/users/mbermudez/de_03/TFGDataset/img/train_t2_0806_2.png|eeNeeeeeaattt  eeeeeelleee   ddd  eeellhhien
/data3fast/users/mbermudez/de_03/TFGDataset/img/train_t2_0818_0.png|"sssshheeeeeelllll  
/data3fast/users/mbermudez/de_03/TFGDataset/img/train_t2_0243_1.png|aachheeeeee  uuaaacheeeglachtieteesthee uuuudeeess
/data3fast/users/mbermudez/de_03/TFGDataset/img/train_t2_0044_2.png|wie    aaassse nnnnn i ndeesssll nnnnn tt
/data3fast/users/mbermudez/de_03/TFGDataset/img/train_t2_1369.png|bbeeeeeett   dd n cchtt    eee    eennnnn
/data3fast/users/mbermudez/de_03/TFGDataset/img/train_t2_0743_0.png|aauaaaallaeddnnnndeeeeddd eeeggee    eeee
/data3fast/users/mbermudez/de_03/TFGDataset/img/train_t2_0943_0.png|ee  aaadddeee nnddeeihhheeeeaahttee   d
/data3fast/users/mbermudez/de_03/TFGDataset/img/train_t2_1125_0.png|geettttttnn   ssssseeeeeee deeeeesse  nnn ddeeeee
/data3fast/users/mbermudez/de_03/TFGDataset/img/train_t2_1016_1.png|netttttt  nncchhheeennnn eeetteeee    sseeeNNss uuse
/data3fast/users/mbermudez/de_03/TFGDataset/img/train_t2_1298_1.png|deesssccch  eeeelllhhhh  rrraaaaa ieeeeelchhhte
/data3fast/users/mbermudez/de_03/TFGDataset/img/train_t2_1217_2.png|wlllNN  dd ssschhs  eeee  ammtt  eeee   seee nnnn
/data3fast/users/mbermudez/de_03/TFGDataset/img/train_t2_1289_1.png|ffree  ddddrreeennneeeee**eeeeette e  d sssch  ddraaaas
/data3fast/users/mbermudez/de_03/TFGDataset/img/train_t2_1155.png|inddrrrr  aa tt   ss  reeeeee aahhttt  eeeee
/data3fast/users/mbermudez/de_03/TFGDataset/img/train_t2_0437_2.png|wiieeee  aachttssllchhe         n  ichh ihhhhh
/data3fast/users/mbermudez/de_03/TFGDataset/img/train_t2_0960.png|deeeeeeeeeeeeee  e*   ttttt n tttssseNNNN   uu  eeeeeesssseee
/data3fast/users/mbermudez/de_03/TFGDataset/img/train_t2_0870.png|uusss  reeeeeihett  nndaaa   saauu egeeeeNNss
/data3fast/users/mbermudez/de_03/TFGDataset/img/train_t2_1019_1.png|geeeeee    eeeictttt   ddieeeesssllNN
/data3fast/users/mbermudez/de_03/TFGDataset/img/train_t2_0843_1.png|geeN   as  rehhhhhhtt   eeeee  aautttnnteeeee
/data3fast/users/mbermudez/de_03/TFGDataset/img/train_t2_0443_1.png|der  rrrraattsseeettiinnneeeerressseesttttt
/data3fast/users/mbermudez/de_03/TFGDataset/img/train_t2_0512_1.png|aaaallllhht   eeeNNN   nddd eeeee   d eeeeleeerr dd
/data3fast/users/mbermudez/de_03/TFGDataset/img/train_t2_0947_0.png|aaahhhhhhh nnndd r aauudeeescccc   d n mhtt
/data3fast/users/mbermudez/de_03/TFGDataset/img/train_t2_0856_2.png|irrralleerrr eggnnnneeeeee   esssseeeeeeeNNNNeeeeeN
/data3fast/users/mbermudez/de_03/TFGDataset/img/train_t2_1221_0.png|oos     eeeeelllee       t hheeeee     sscccleee
/data3fast/users/mbermudez/de_03/TFGDataset/img/train_t2_0216_0.png|eetttchhhsslee   nnndnee  sssseeeeeN uuddee  nndd
/data3fast/users/mbermudez/de_03/TFGDataset/img/train_t2_1441_1.png|bblll       nnngessunnntsii dd aasllleeeeeeeett
/data3fast/users/mbermudez/de_03/TFGDataset/img/train_t2_0658_1.png|mit      ddeeiieeeeeeeN  eeee llllehlhhhheeeerll
/data3fast/users/mbermudez/de_03/TFGDataset/img/train_t2_1469.png|hrrrrreeeeNN      ddd         cc        e   ..   aa
/data3fast/users/mbermudez/de_03/TFGDataset/img/train_t2_0905_0.png|nnggee   cccht  ddr  nnd       .
/data3fast/users/mbermudez/de_03/TFGDataset/img/train_t2_1181_0.png|ttt  eeee  relllss    eesee  unddddeeeeessecchhnnn
/data3fast/users/mbermudez/de_03/TFGDataset/img/train_t2_0865_0.png|bee eeeeeeeeN .
/data3fast/users/mbermudez/de_03/TFGDataset/img/train_t2_1000.png|leeeeeeenniiichhnnngeeee i n   seeeeeeeeee  eeeeeee
/data3fast/users/mbermudez/de_03/TFGDataset/img/train_t2_0490_1.png|errrllttt     t nnnnicchhnnnet  aaeeett sshheeN
/data3fast/users/mbermudez/de_03/TFGDataset/img/train_t2_1033_1.png|mahhtt  annnttt    cchha ddeennnttttt dddeennnn
/data3fast/users/mbermudez/de_03/TFGDataset/img/train_t2_1143_2.png|eess   aalleeinnndeee****    aaan  t    nihhtsss
/data3fast/users/mbermudez/de_03/TFGDataset/img/train_t2_0053_2.png|asss  nddaaassseess  alle   d  eee    iihetsssss
/data3fast/users/mbermudez/de_03/TFGDataset/img/train_t2_0606_0.png|weeeeeess   ee  nneeeN   uuachheeeeeleeeeeiitiii
/data3fast/users/mbermudez/de_03/TFGDataset/img/train_t2_0333.png|oooeessseee hchhee  naalleeNNnn  scchhessshllee uu
/data3fast/users/mbermudez/de_03/TFGDataset/img/train_t2_0074_0.png|tt   ngee alhtt  ddeee  achd re  nnndeett
/data3fast/users/mbermudez/de_03/TFGDataset/img/train_t2_1087_0.png|eesssts  fffNe    niieet  uddd aaaauuass d
/data3fast/users/mbermudez/de_03/TFGDataset/img/train_t2_0765_2.png|eennndeerrra  geeeeichitt   aaa  eeeeee
/data3fast/users/mbermudez/de_03/TFGDataset/img/train_t2_0136_1.png|aassseeeeNee ssseNNNsss u nneeee  llchh neeee** ...
/data3fast/users/mbermudez/de_03/TFGDataset/img/train_t2_0130.png|cheeeddeeeeeeiin i iihheett aa ddeeessssellnnneeessss
/data3fast/users/mbermudez/de_03/TFGDataset/img/train_t2_0854.png|bbb aaasseee dd cch err ssshhee cllleee  aaas ddd
/data3fast/users/mbermudez/de_03/TFGDataset/img/train_t2_1321_0.png|sseeettttseeeeeeeelllceeNNss  ler  auu     ...
/data3fast/users/mbermudez/de_03/TFGDataset/img/train_t2_0618_2.png|"hssss    ddsssss   sss   nddn  nchn ddeeerrchhhhaa ee aade
/data3fast/users/mbermudez/de_03/TFGDataset/img/train_t2_0327.png|dii  esse sss  ggeeee tttteeeeeeeNN unnnnee
/data3fast/users/mbermudez/de_03/TFGDataset/img/train_t2_1368_1.png|geeeeeeeeeehhhe u deeeeeeeettt  ddeeeiinnnnn
/data3fast/users/mbermudez/de_03/TFGDataset/img/train_t2_0147.png|ttteeesssaauuddeeeeeeeee chhnnnnnnndrraaleeee
/data3fast/users/mbermudez/de_03/TFGDataset/img/train_t2_1369_0.png|breeeeeee   dd  iiccch   d eee  u eeennn
/data3fast/users/mbermudez/de_03/TFGDataset/img/train_t2_0231_1.png|wisssssssscauunnn     neeee  ichheeee   attttsesees
/data3fast/users/mbermudez/de_03/TFGDataset/img/train_t2_0076_1.png|deeeenneee sseeNNN unn iiettte  nnceeee  r
/data3fast/users/mbermudez/de_03/TFGDataset/img/train_t2_1090_1.png|errtttttttttll
/data3fast/users/mbermudez/de_03/TFGDataset/img/train_t2_0665.png|lleN  d aa d ellaaaaltttt   nndeeeeeee  u
/data3fast/users/mbermudez/de_03/TFGDataset/img/train_t2_0112_1.png|alee    asssss ddeeeee*e*ee   cnn    ee    ss   e  ccaaaaa
/data3fast/users/mbermudez/de_03/TFGDataset/img/train_t2_0565.png|aaeeeeed ss  ddde  ttttaaahha  esss  dd rcchhh
/data3fast/users/mbermudez/de_03/TFGDataset/img/train_t2_0279.png|deee  *eeennnnnnaaau ddreeeee   ieeettat   d ich
/data3fast/users/mbermudez/de_03/TFGDataset/img/train_t2_0832_0.png|aass dd ssseennnnnit    rrrrtelllhnnnddeeee  nndd
/data3fast/users/mbermudez/de_03/TFGDataset/img/train_t2_1411.png|mit elllfeeettt eeeeeee  nnd aaa eeeett
/data3fast/users/mbermudez/de_03/TFGDataset/img/train_t2_0706_2.png|der innnneeii  nnnagleeeesteee  nnnneeeeschheeeeee
/data3fast/users/mbermudez/de_03/TFGDataset/img/train_t2_0667_0.png|lllee  d  eeeee***  iccchhheeeee   aaaa dddeeeeeeeee
/data3fast/users/mbermudez/de_03/TFGDataset/img/train_t2_0589_2.png|mii  nnneeeee sssssseNeeeeeeee    clleeen    t    
/data3fast/users/mbermudez/de_03/TFGDataset/img/train_t2_1105_0.png|tee     areeeeeslll dddeseeeeeehhheeetinnn   aareeeeee
/data3fast/users/mbermudez/de_03/TFGDataset/img/train_t2_0361_1.png|#  e
/data3fast/users/mbermudez/de_03/TFGDataset/img/train_t2_0456.png|beraannnnnlleN undddii****... ccllee nneellll
/data3fast/users/mbermudez/de_03/TFGDataset/img/train_t2_1393_2.png|nnndnnngggggN
/data3fast/users/mbermudez/de_03/TFGDataset/img/train_t2_0215_2.png|chhe  ar     eeeesssseNN  nn e nnnnnee  chiiii i heeee
/data3fast/users/mbermudez/de_03/TFGDataset/img/train_t2_0015_2.png|derrrrrrer     eeee   deeeggeeeessllllaass tttt
/data3fast/users/mbermudez/de_03/TFGDataset/img/train_t2_0433.png|geeeeeeee  dddee auu  hhhennnd  accssss  nddd
/data3fast/users/mbermudez/de_03/TFGDataset/img/train_t2_0349.png|ss  alllauu assseeee    tt iiihiiiiiiiicccnn
/data3fast/users/mbermudez/de_03/TFGDataset/img/train_t2_1344_1.png|dd        unddalleee   cch   hlaadaa   sssaaaeeee
/data3fast/users/mbermudez/de_03/TFGDataset/img/train_t2_1337_1.png|"u   eeee aasssssee drrrredeedeee ccchneeee
/data3fast/users/mbermudez/de_03/TFGDataset/img/train_t2_1027_0.png|dieeeeellaaauueeedeeeesseee   sssschhseerrrre
/data3fast/users/mbermudez/de_03/TFGDataset/img/train_t2_1389_1.png|eee   egglltt   d naahhiieeeeeeennn tttt
/data3fast/users/mbermudez/de_03/TFGDataset/img/train_t2_1112.png|sss   d nnaasssss  aaaaaaaah  ssh  eeeeeennncchhe
/data3fast/users/mbermudez/de_03/TFGDataset/img/train_t2_0002.png|iieettttelllle dd aaauuufsssseeichidde
/data3fast/users/mbermudez/de_03/TFGDataset/img/train_t2_0273_0.png|ee aa  dee  nddeeeeeeeettee    ua  dde      eeeeeeen
/data3fast/users/mbermudez/de_03/TFGDataset/img/train_t2_0811_2.png|aasss  eeeeeeeeeee ichhhhhheeeeeee  aangglaahhh  uuu
/data3fast/users/mbermudez/de_03/TFGDataset/img/train_t2_0481_1.png|seee eedeeeeeNNN  e    sss  deesssst      aaa
/data3fast/users/mbermudez/de_03/TFGDataset/img/train_t2_1035_1.png|lllhhtttaaahhhhe  nnddderrrrrrriieeeeeesseinnnnnn
/data3fast/users/mbermudez/de_03/TFGDataset/img/train_t2_1405.png|un  eeerrtaallguun sss   aeee    lllee
/data3fast/users/mbermudez/de_03/TFGDataset/img/train_t2_0431_0.png|bbeeeeeee rrttaa ddeeessscchhnnddeelleeNNNNN
/data3fast/users/mbermudez/de_03/TFGDataset/img/train_t2_0820.png|nnne etttt    iieeee nn iieeee  cchasssseee     chlll
/data3fast/users/mbermudez/de_03/TFGDataset/img/train_t2_0737_0.png|des   ndd iiii nccchhheeee eeeerr ttt
/data3fast/users/mbermudez/de_03/TFGDataset/img/train_t2_0708_0.png|neeeeellleeeeNN  un  sssstt  nnneieeeeeeee
/data3fast/users/mbermudez/de_03/TFGDataset/img/train_t2_0427_2.png|wss   dnnnnnnnn   cclleeNnnnn seeeeeeeerraaaeeee
/data3fast/users/mbermudez/de_03/TFGDataset/img/train_t2_0070_2.png|dee tttcchhnnnhhhtt aaeesssteeeeiicnitee
/data3fast/users/mbermudez/de_03/TFGDataset/img/train_t2_0885_0.png|nnddrrreccheee aanddeer ddiieielleeelt a  dd
/data3fast/users/mbermudez/de_03/TFGDataset/img/train_t2_0187_0.png|de  riiieeeeeenne ee  uu      eeeeeellll  n  esee   nuu
/data3fast/users/mbermudez/de_03/TFGDataset/img/train_t2_1137_0.png|wwr    sss  eeeeggg    assseede  aaa  eeeeeeeaaann
/data3fast/users/mbermudez/de_03/TFGDataset/img/train_t2_0893_0.png|tttssssssseeeh  nnnddree  aahhheelllssss eeee  ccchh
/data3fast/users/mbermudez/de_03/TFGDataset/img/train_t2_1222.png|oollla u eeeeee lllnneleeeee   dde sssat  i
/data3fast/users/mbermudez/de_03/TFGDataset/img/train_t2_0814_2.png|llee  nee  aasseeeeiiiene  aggeeN uus de tttt
/data3fast/users/mbermudez/de_03/TFGDataset/img/train_t2_0251_0.png|der eesshhheeeett  ddeesttteeessllllleett    asdee
/data3fast/users/mbermudez/de_03/TFGDataset/img/train_t2_1249_2.png|undd sssttssh   aaaueee aahhteee  eeeee nnnn
/data3fast/users/mbermudez/de_03/TFGDataset/img/train_t2_0232_2.png|wiee  aaa  sssseeescchinndderrrrrreeeeeee*iiiie
/data3fast/users/mbermudez/de_03/TFGDataset/img/train_t2_0103_0.png|#  e
/data3fast/users/mbermudez/de_03/TFGDataset/img/train_t2_1436_0.png|ge  aaalleeNNdddeeeeeeeeeeeee ee     aa  tettttt
/data3fast/users/mbermudez/de_03/TFGDataset/img/train_t2_0466_2.png|eeets sssha  dddess        aah eeeeeshhheeeeee aaa
/data3fast/users/mbermudez/de_03/TFGDataset/img/train_t2_1403_1.png|iii   chtttttt  nnnii nddddrriiieeeeeeeee****nnccc
/data3fast/users/mbermudez/de_03/TFGDataset/img/train_t2_1149_0.png|undd rtttreeeeeeennn aaalsssa   ddde sellleeee
/data3fast/users/mbermudez/de_03/TFGDataset/img/train_t2_1387_1.png|oonn   **nneeeeeeesN     csslllaacc ddeessseeee rr tiiee
/data3fast/users/mbermudez/de_03/TFGDataset/img/train_t2_0406_0.png|iit  en  aaaleeettt   rdd slllhedd  chnn
/data3fast/users/mbermudez/de_03/TFGDataset/img/train_t2_0784_0.png|de  aanndaaudddeeeichteN allee   eelleedd sslllee
/data3fast/users/mbermudez/de_03/TFGDataset/img/train_t2_0551.png|lleet   rrseeeeee nnee iihaa ass  ahaaunnndeee
/data3fast/users/mbermudez/de_03/TFGDataset/img/train_t2_0962_1.png|lchh  nn esseeN nnn sseNNNs  uudddseeeeeeeeeeeee**e
/data3fast/users/mbermudez/de_03/TFGDataset/img/train_t2_0334_1.png|iireengegeeeett  daaiiieer     hhhhlllllee  aass
/data3fast/users/mbermudez/de_03/TFGDataset/img/train_t2_1109.png|veerlcchhhuu       u sstt        
/data3fast/users/mbermudez/de_03/TFGDataset/img/train_t2_1011_0.png|# 
/data3fast/users/mbermudez/de_03/TFGDataset/img/train_t2_1431_2.png|deeN eeeeN  nndniinnnnee  teeee   sssssseett
/data3fast/users/mbermudez/de_03/TFGDataset/img/train_t2_1228_0.png|geN  dddeeerr aa ssssse d sssaaa  eeN eeeee eeellhhh
/data3fast/users/mbermudez/de_03/TFGDataset/img/train_t2_0292.png|annn eer  nnnniieet  uffgge  ihhheeeNsssssee
/data3fast/users/mbermudez/de_03/TFGDataset/img/train_t2_1248.png|eenneeee      iiiccsss   llll ddaa hheennnnn
/data3fast/users/mbermudez/de_03/TFGDataset/img/train_t2_0347_0.png|dittttteeeeennnnnttttt   lhhttteee    aa
/data3fast/users/mbermudez/de_03/TFGDataset/img/train_t2_0875_2.png|eee  ddreeee  aasssseeeeeeee  nniiiit  hh  deee
/data3fast/users/mbermudez/de_03/TFGDataset/img/train_t2_0326_0.png|aggeeNsssssahh  nnasshheennneeeetttt ttt  sssseeeN
/data3fast/users/mbermudez/de_03/TFGDataset/img/train_t2_0317_1.png|widdd  nnnccclleNN    ddeee**  eeee  csctstcccheeN
/data3fast/users/mbermudez/de_03/TFGDataset/img/train_t2_1251_0.png|beeeeN    n acheeeeeeeee  rrrretteeeeeeeee
/data3fast/users/mbermudez/de_03/TFGDataset/img/train_t2_1264.png|daat eeelleeee   ndd aaaa  eeeee inneeeeee aaaaaa
/data3fast/users/mbermudez/de_03/TFGDataset/img/train_t2_1132_2.png|eer sseeee  llleeeeeet  deess d  ccss  iddd
/data3fast/users/mbermudez/de_03/TFGDataset/img/train_t2_1417_2.png|ihe  aaa rrdrdrr aanndd  tt ddd reeiihh
/data3fast/users/mbermudez/de_03/TFGDataset/img/train_t2_0560.png|aassselleeshaaasssshchhhhnnn iee ttte  nn  eeeeeN
/data3fast/users/mbermudez/de_03/TFGDataset/img/train_t2_1214_0.png|auu derraaah derlllee     seeee aaudddd sschhlsee
/data3fast/users/mbermudez/de_03/TFGDataset/img/train_t2_0295_0.png|geeeiinnetts eggnnnneee   n eeeeeee  uuuu
/data3fast/users/mbermudez/de_03/TFGDataset/img/train_t2_0209.png|nnnedeeeee  aaaaaalllleeNN  deeiinieicchh addaaa
/data3fast/users/mbermudez/de_03/TFGDataset/img/train_t2_1351_2.png|nnnn iheeeeeeeeeeeeesllleN 
/data3fast/users/mbermudez/de_03/TFGDataset/img/train_t2_1009_1.png|an dderrrrrhhhheeee b eeeii nchh de aaass
/data3fast/users/mbermudez/de_03/TFGDataset/img/train_t2_1070_2.png|wwll     rrrthhaaauuu dddeeest  ddddee
/data3fast/users/mbermudez/de_03/TFGDataset/img/train_t2_0669_2.png|die  euuun eeeeeeee   ngeNN nddallsses ttttt
/data3fast/users/mbermudez/de_03/TFGDataset/img/train_t2_0734_0.png|rrrrreeeesseeee   nddd    *.*...      iiriieeeeeeee**
/data3fast/users/mbermudez/de_03/TFGDataset/img/train_t2_1062_2.png|aageeeeN     ieeeee reeeee  niccccssshhieeeee**   ssss
/data3fast/users/mbermudez/de_03/TFGDataset/img/train_t2_1190_0.png|aastth iiiireeeettt    de tt nnnieeee   eeedee
/data3fast/users/mbermudez/de_03/TFGDataset/img/train_t2_0213_1.png|ooo   ddeeeessssseN   uggeee  geett eeeee  aihhh
/data3fast/users/mbermudez/de_03/TFGDataset/img/train_t2_1022_2.png|dee  d eeegggeett u  ssseeeeeeeeessteeeennnn
/data3fast/users/mbermudez/de_03/TFGDataset/img/train_t2_1052_0.png|innneeiieggeee aaassellee  aanannddeeeest  nnnnnn
/data3fast/users/mbermudez/de_03/TFGDataset/img/train_t2_1380_2.png|indddeeeeeteeee ******...  ssss    a dddaalllladddee
/data3fast/users/mbermudez/de_03/TFGDataset/img/train_t2_1226_2.png|aach  nnnddee *******...   ee ccss ddercccchhseeeeee
/data3fast/users/mbermudez/de_03/TFGDataset/img/train_t2_0162_0.png|dessss stteeeN nneeettt     iiiteeett eehheee   aaa
/data3fast/users/mbermudez/de_03/TFGDataset/img/train_t2_0438_2.png|fffee     eeeeee   aaeee  nnnaaa tteeee
/data3fast/users/mbermudez/de_03/TFGDataset/img/train_t2_0063_2.png|ee  nndddna ss  eeehhheeeeetthht  nd sslchh tt   rr
/data3fast/users/mbermudez/de_03/TFGDataset/img/train_t2_0264_1.png|"o    ttt  aaaasseeelleeee  nnnn ss    rrrr
/data3fast/users/mbermudez/de_03/TFGDataset/img/train_t2_0511_2.png|ooeeeeettteeneee   aaa  schttt  aa  eeeeih  nnde
/data3fast/users/mbermudez/de_03/TFGDataset/img/train_t2_1220_0.png|iihh   ddee algge  ud aa ttteee   ndd  s
/data3fast/users/mbermudez/de_03/TFGDataset/img/train_t2_0580_1.png|"a   lleehhhhee   aasallleet   fessss  d ..
/data3fast/users/mbermudez/de_03/TFGDataset/img/train_t2_0080_0.png|mann   n   raaeeeeedeee nnn eeeeeiinnneeerrrrr
/data3fast/users/mbermudez/de_03/TFGDataset/img/train_t2_0272.png|mit  allee unnddder aahhhh  dass   deee  eeetttt
/data3fast/users/mbermudez/de_03/TFGDataset/img/train_t2_1496.png|oonnneee ssseennnnnee  aa ngeeeNN  
/data3fast/users/mbermudez/de_03/TFGDataset/img/train_t2_0071_0.png|aaddrssss deee     hh eeeee  reccclllee d   nddde
/data3fast/users/mbermudez/de_03/TFGDataset/img/train_t2_0822_2.png|unn eet  uuuafgnnngggnnggggnnn ncchhlle
/data3fast/users/mbermudez/de_03/TFGDataset/img/train_t2_1254_0.png|mit eeerrehheeN nddd  aeeerrtt  dre ccceeeeegeNNNNNN
/data3fast/users/mbermudez/de_03/TFGDataset/img/train_t2_0975_1.png|hhh ddddd uaa  dee  aalllhssed  sssstt  ttttt
/data3fast/users/mbermudez/de_03/TFGDataset/img/train_t2_0038.png|sscllll uuu dee      ii sseeeNNN  icccheeeee   ndd
/data3fast/users/mbermudez/de_03/TFGDataset/img/train_t2_1088_0.png|unnngeeeeN sssleeeegeeene  rchht sss ee  ss   ihh
/data3fast/users/mbermudez/de_03/TFGDataset/img/train_t2_0223.png|eeettt    a
/data3fast/users/mbermudez/de_03/TFGDataset/img/train_t2_0862_2.png|wsssseeeee  nn   allleeeeelchesee dee uudee
/data3fast/users/mbermudez/de_03/TFGDataset/img/train_t2_0964_0.png|cttt    rrrcheeeesscchiieee   ggeeee    elll
/data3fast/users/mbermudez/de_03/TFGDataset/img/train_t2_1013_2.png|dieeee ssaaungngeecccs   nneeccch   dddeerr iiinn
/data3fast/users/mbermudez/de_03/TFGDataset/img/train_t2_0674_2.png|"s   nnneeee ss   cch deeNNe ttteeeg  lssluu
/data3fast/users/mbermudez/de_03/TFGDataset/img/train_t2_0259_1.png|der  nddee     d rrreeesee ireee       u  dssssrrr
/data3fast/users/mbermudez/de_03/TFGDataset/img/train_t2_1148_0.png|tt  d eerrreeee   see  llllhh narleeeer
/data3fast/users/mbermudez/de_03/TFGDataset/img/train_t2_0040_0.png|assseeeeellhh dd ss  t   agnnnnnaggeeeeee
/data3fast/users/mbermudez/de_03/TFGDataset/img/train_t2_0098_1.png|sse  nddaass  riiii   ggrarrrr ddeeee  ssssse
/data3fast/users/mbermudez/de_03/TFGDataset/img/train_t2_0972_1.png|aaattttthh
/data3fast/users/mbermudez/de_03/TFGDataset/img/train_t2_0547_1.png|iirssschhhhtteeeee eeee  ddd  aachhhhheeee nnnddeen
/data3fast/users/mbermudez/de_03/TFGDataset/img/train_t2_0491_2.png|mm eeeeeerrhheee  ndddssaaalleeed     ....ee
/data3fast/users/mbermudez/de_03/TFGDataset/img/train_t2_1443_0.png|aahhneeeee asssuunnneeeenn ***********n**  ccsss  neeeee
/data3fast/users/mbermudez/de_03/TFGDataset/img/train_t2_0743_2.png|auuuaallleeinndneneeeeedd eeeeggeee   eeee
/data3fast/users/mbermudez/de_03/TFGDataset/img/train_t2_1345_0.png|geee      d   ccchhheiinnnnttaaaaeeee
/data3fast/users/mbermudez/de_03/TFGDataset/img/train_t2_1385_0.png|sst  sssseeeeN nnneeeee  dee     ee  asschhhnneeeeetchhhhh
/data3fast/users/mbermudez/de_03/TFGDataset/img/train_t2_0306_0.png|iss   a dd  eeeeeehccheeNNN    ceeN nnd eesttteeettt
/data3fast/users/mbermudez/de_03/TFGDataset/img/train_t2_1408_2.png|drrttttttttt
/data3fast/users/mbermudez/de_03/TFGDataset/img/train_t2_0751_1.png|eee   eeee    nnnchhe   aageee iihhh  rrhhssee
/data3fast/users/mbermudez/de_03/TFGDataset/img/train_t2_0828_0.png|unnddden rrraaleedrrredde  s   eeeeee tsaas
/data3fast/users/mbermudez/de_03/TFGDataset/img/train_t2_1499_2.png|eee  aaaalssa nnddeesseeNNe  sssel ahhtttttt eeer
/data3fast/users/mbermudez/de_03/TFGDataset/img/train_t2_0937.png|bbred esssrr dd aaachnnneeeeeeee   nnaaaa
/data3fast/users/mbermudez/de_03/TFGDataset/img/train_t2_1051_2.png|nneeeeeecceeennn d  sleeeeNttt  au eeeeeee  aann
/data3fast/users/mbermudez/de_03/TFGDataset/img/train_t2_0102_0.png|aaattteeeeennnnieee  csh  ndd  riieeeeeee eee
/data3fast/users/mbermudez/de_03/TFGDataset/img/train_t2_0430_1.png|aahhngggeeeettt  ddreeer aannn d sssseee  innchht
/data3fast/users/mbermudez/de_03/TFGDataset/img/train_t2_1331_2.png|ii    sssssshheee nnddeeeeihaa dsse ssccc uuuee  nuuaa
/data3fast/users/mbermudez/de_03/TFGDataset/img/train_t2_0176_1.png|miee     ffllll d   cc deeee* * ***  gllleellhhneee
/data3fast/users/mbermudez/de_03/TFGDataset/img/train_t2_1100_1.png|ihhha dder eeeeelllleeeNsseeee lccaaau ddeeeitt
/data3fast/users/mbermudez/de_03/TFGDataset/img/train_t2_1266.png|"n eee    ssslcheee  annaaaggee d  nnnnneeee
/data3fast/users/mbermudez/de_03/TFGDataset/img/train_t2_1466.png|aanttt   aaa eee drr  nderrreheeeeeess    ffgess cch
/data3fast/users/mbermudez/de_03/TFGDataset/img/train_t2_1393_0.png|nnddnnnggggl
/data3fast/users/mbermudez/de_03/TFGDataset/img/train_t2_0198.png|de   nnnufeeetttt   allleeeeeeeiieee aa sshheeNN
/data3fast/users/mbermudez/de_03/TFGDataset/img/train_t2_0394_2.png|undddee tttteeee    nneeeeddrrllchhee   add
/data3fast/users/mbermudez/de_03/TFGDataset/img/train_t2_0231.png|wisssssss  uuunndd  nn eeee  iccheee  ua ttteeeees
/data3fast/users/mbermudez/de_03/TFGDataset/img/train_t2_0376_1.png|aaa  eeelleeee rrrhinddeeeeiccnnnndeessettcchcc
/data3fast/users/mbermudez/de_03/TFGDataset/img/train_t2_0042_1.png|de   reteee  asshhttt    seeeeeeeeeettttellss ddee
/data3fast/users/mbermudez/de_03/TFGDataset/img/train_t2_0779.png|wweeeeerraa ddesss  lllhhiiinnne  aasssseeeeeeeee
/data3fast/users/mbermudez/de_03/TFGDataset/img/train_t2_0336_0.png|chee ddee  atttee    aauugeeeeeerrttt attt
/data3fast/users/mbermudez/de_03/TFGDataset/img/train_t2_0503_0.png|unddeeeeNss h d asseeee  nnnneeih   rrrahhh
/data3fast/users/mbermudez/de_03/TFGDataset/img/train_t2_1412_2.png|daaaaaa dd ss  ee   lccheesssicch nhheeshhhe uaaahhe
/data3fast/users/mbermudez/de_03/TFGDataset/img/train_t2_0062.png|tttt nnnneeeeee lllleedddriiieeeeeeee***e   ggllllll
/data3fast/users/mbermudez/de_03/TFGDataset/img/train_t2_0591.png|die eeerrreeetiiiiiee auu  eeneeeeeeeeeeschh  aaaa
/data3fast/users/mbermudez/de_03/TFGDataset/img/train_t2_1378_1.png|oeee   itt       nnnnttiihnnnes  n e  aasslhhhhh
/data3fast/users/mbermudez/de_03/TFGDataset/img/train_t2_0958_2.png|deN    nnnnneeessschc nnn ssssssaunndddeeeNNeee
/data3fast/users/mbermudez/de_03/TFGDataset/img/train_t2_0238_0.png|de  lllllhehtteeNN ttsss   aaa   deeeeeeeerd ade
/data3fast/users/mbermudez/de_03/TFGDataset/img/train_t2_0768_1.png|aaeee   rrreeeiiichhh   
/data3fast/users/mbermudez/de_03/TFGDataset/img/train_t2_1153_0.png|udddeeeeelccheNN.
/data3fast/users/mbermudez/de_03/TFGDataset/img/train_t2_0171_2.png|iii  
/data3fast/users/mbermudez/de_03/TFGDataset/img/train_t2_0448_1.png|gerdd      rrrssti eeegllllleee   ddeeeddd
/data3fast/users/mbermudez/de_03/TFGDataset/img/train_t2_0237_0.png|allss   .
/data3fast/users/mbermudez/de_03/TFGDataset/img/train_t2_1103_1.png|geeNeneeeeeeeettaaaahun eeee ticchhhee  aalaa
/data3fast/users/mbermudez/de_03/TFGDataset/img/train_t2_0763_2.png|sschhhhhheeeNeee    aanndssseeedd  seteietccss  aa
/data3fast/users/mbermudez/de_03/TFGDataset/img/train_t2_0179_1.png|thh nnnnnnd nn eeeiiinn eeescccchheeeeeeett
/data3fast/users/mbermudez/de_03/TFGDataset/img/train_t2_1290.png|bsss    dddrreede   sschieeN  ccll   aaauu dee
/data3fast/users/mbermudez/de_03/TFGDataset/img/train_t2_0060_2.png|ee    ndddesseessscchheeeelchhhaa  rr a dddaa
/data3fast/users/mbermudez/de_03/TFGDataset/img/train_t2_0187.png|der  iieeeeeeeeee e*   uuss  eeeeeelllll aaa eee   u
/data3fast/users/mbermudez/de_03/TFGDataset/img/train_t2_1256_2.png|nne    ******.t         aaleee  nndsseeeeeennnneeee
/data3fast/users/mbermudez/de_03/TFGDataset/img/train_t2_1078_1.png|letttttt
/data3fast/users/mbermudez/de_03/TFGDataset/img/train_t2_1168_1.png|oohn eeesss  nnnndessssccccchheeeeee    ssss  dddeeehhht
/data3fast/users/mbermudez/de_03/TFGDataset/img/train_t2_0359_1.png|ieenneeee    ff   ss      
/data3fast/users/mbermudez/de_03/TFGDataset/img/train_t2_0088_1.png|ee   d eee nnntthheeennneeet  rdrreeeiihnndd
/data3fast/users/mbermudez/de_03/TFGDataset/img/train_t2_0383.png|iirrrsschhheeeeesssheeNNd   aaddd    aallllllleNN ee
/data3fast/users/mbermudez/de_03/TFGDataset/img/train_t2_0164_1.png|wweeee  aaccchht.
/data3fast/users/mbermudez/de_03/TFGDataset/img/train_t2_0619.png|dee      eeee s  eeeeeiinnn   asseeeeeeeeeeerr a tttttt
/data3fast/users/mbermudez/de_03/TFGDataset/img/train_t2_0602.png|dr    e e   e eelle e  eeeN           llh sscc  sshh s
/data3fast/users/mbermudez/de_03/TFGDataset/img/train_t2_0516_2.png|wweeee aaaeeeessseee  uuussseeeee  iiieeleeeer
/data3fast/users/mbermudez/de_03/TFGDataset/img/train_t2_0588_2.png|dee   eegg aueesssttte    nnne  sssseee
/data3fast/users/mbermudez/de_03/TFGDataset/img/train_t2_1047.png|sse   aaaaauussssslh nndeeeeeeeee ddrrrrarr
/data3fast/users/mbermudez/de_03/TFGDataset/img/train_t2_0748.png|eee  nneee nnnnnnnnneeechh   aeeeeiirrrareeet
/data3fast/users/mbermudez/de_03/TFGDataset/img/train_t2_0732_0.png|aangeeestteN****    lcchht  eennnnn  
/data3fast/users/mbermudez/de_03/TFGDataset/img/train_t2_0052_2.png|dii  ******  uut    hhhttttee   ssslll eeeeelllleeN uu
/data3fast/users/mbermudez/de_03/TFGDataset/img/train_t2_0361_2.png|#  e
/data3fast/users/mbermudez/de_03/TFGDataset/img/train_t2_1156.png|sleeNNNelhhhhheee aaaeeeee  d rr       heet    n rr
/data3fast/users/mbermudez/de_03/TFGDataset/img/train_t2_1328.png|dee  aaaah        uuuddee ccchee      nnneeee
/data3fast/users/mbermudez/de_03/TFGDataset/img/train_t2_0156_2.png|de   nnneeeeeeee  edd  ncchnnddee   ssseeee ttttt
/data3fast/users/mbermudez/de_03/TFGDataset/img/train_t2_0584_0.png|das  eeeeetttaaaat.
/data3fast/users/mbermudez/de_03/TFGDataset/img/train_t2_0010_2.png|*ee   tttiinnneeee       nieee   ******* sst  a dderreee
/data3fast/users/mbermudez/de_03/TFGDataset/img/train_t2_1401_0.png|indd  ssscshhssheee aaa eeerrrrre uuunnttttuu
/data3fast/users/mbermudez/de_03/TFGDataset/img/train_t2_0122_1.png|uu eeeeeeddeee eeeeeeeee sfuueeeeeeeeennn  arre
/data3fast/users/mbermudez/de_03/TFGDataset/img/train_t2_1158_1.png|anndddresssettt   eeeerreeestttseeN   seicc    lleee
/data3fast/users/mbermudez/de_03/TFGDataset/img/train_t2_0183_0.png|ooseellleee    rrreee  aasseeeee eeeeneihhhhh ree
/data3fast/users/mbermudez/de_03/TFGDataset/img/train_t2_0274_1.png|beeee    aggeeeglllleee   ddd e egamnte
/data3fast/users/mbermudez/de_03/TFGDataset/img/train_t2_1344_2.png|dd      uudd a eeee   ccch   laaaaad sss a ndeee
/data3fast/users/mbermudez/de_03/TFGDataset/img/train_t2_0095.png|nnddeee nneeeeeaaaseei     tt  eeeeeneeesssssss
/data3fast/users/mbermudez/de_03/TFGDataset/img/train_t2_0635_1.png|de    iiccchhaallle dde  cchhhttte  ahhttt
/data3fast/users/mbermudez/de_03/TFGDataset/img/train_t2_0021_2.png|aalgeeettt ddeeeeinnniettt eerrrrrrr
/data3fast/users/mbermudez/de_03/TFGDataset/img/train_t2_0360_1.png|asssaaaaaauuussslhhhh   ssseeeeehhheee   sssa nnnnhh
/data3fast/users/mbermudez/de_03/TFGDataset/img/train_t2_0422_1.png|eeschhhhhannnneee   eee    uungggg nnngeenncchhhh
/data3fast/users/mbermudez/de_03/TFGDataset/img/train_t2_1316_1.png|iieeeerttttt 
/data3fast/users/mbermudez/de_03/TFGDataset/img/train_t2_0151_0.png|sse    aahhhee   rrrrtttiiicchnnnnddd sssssdeee
/data3fast/users/mbermudez/de_03/TFGDataset/img/train_t2_0013_0.png|un seee undddrrethllleeee   
/data3fast/users/mbermudez/de_03/TFGDataset/img/train_t2_0723.png|geenee  nnneeecchh de  aannnnnnddeeetttee
/data3fast/users/mbermudez/de_03/TFGDataset/img/train_t2_0490.png|errlhhtt    tt annnnihhhttttee aa eeetttsshhh
/data3fast/users/mbermudez/de_03/TFGDataset/img/train_t2_0888_1.png|wiee   rar aalggeN nnddd ssssllee ini  sss  aaaa
/data3fast/users/mbermudez/de_03/TFGDataset/img/train_t2_0384_2.png|neeeeeeess  d nnnee uuugg   eee    eeeeeeee  nt
/data3fast/users/mbermudez/de_03/TFGDataset/img/train_t2_0955.png|wlll    ...........   ee         reeeeee uggnge    ..
/data3fast/users/mbermudez/de_03/TFGDataset/img/train_t2_1475_2.png|eee lll deerreeeeeeNeee*   n d ee aaasseeeerrrr
/data3fast/users/mbermudez/de_03/TFGDataset/img/train_t2_0566.png|dessssllllee tt      mmmtte aaudeee  scch aa drrr
/data3fast/users/mbermudez/de_03/TFGDataset/img/train_t2_0074.png|tt    eeer  chht  dee   ach eeeee nnn  eettt
/data3fast/users/mbermudez/de_03/TFGDataset/img/train_t2_0542.png|err  niicaaaaaa   eeeeeeeeeeee  sccchh  ela  e
/data3fast/users/mbermudez/de_03/TFGDataset/img/train_t2_0492.png|orrrrrrhhheennnhhhhhaa  eesseee nnneleeett nneee
/data3fast/users/mbermudez/de_03/TFGDataset/img/train_t2_0800.png|das         achhhee  dd    .   asscc sssss  uugeesllheee
/data3fast/users/mbermudez/de_03/TFGDataset/img/train_t2_0967_2.png|ee  aageeettta  eeeeeeeeeee nnneeaaa
/data3fast/users/mbermudez/de_03/TFGDataset/img/train_t2_0653_1.png|aal  eeeeees eeeeeeesccheeee *  aalllee
/data3fast/users/mbermudez/de_03/TFGDataset/img/train_t2_0079_0.png|mtt eeerrccheeNN ss ddnn  i  dd iccchnNNNundddeee
/data3fast/users/mbermudez/de_03/TFGDataset/img/train_t2_0394.png|undddeeettttteeeeN nngeeddderrcccceee    dd
/data3fast/users/mbermudez/de_03/TFGDataset/img/train_t2_0218_1.png|aneeeeeett    aaasseeee  nnallle  aass nnee
/data3fast/users/mbermudez/de_03/TFGDataset/img/train_t2_0514.png|dassss      eeeshh   e  s ee  eeleeN  dddsshieeeeN nnnn ss
/data3fast/users/mbermudez/de_03/TFGDataset/img/train_t2_0061_1.png|oirdnneer aattttteeeee  aanddssssee  
/data3fast/users/mbermudez/de_03/TFGDataset/img/train_t2_0731_0.png|ooo    rrrrrrreedrrreeeeeeeeeeeeeeeeeeesstttteeeee
/data3fast/users/mbermudez/de_03/TFGDataset/img/train_t2_0628_2.png|lleeN nnnn na  tttt iinnnnnn ehheeeetttttttiin
/data3fast/users/mbermudez/de_03/TFGDataset/img/train_t2_0560_1.png|aasselllheeh aatssschhhhhnnnnttttttt  nn eeeeeee
/data3fast/users/mbermudez/de_03/TFGDataset/img/train_t2_0007_1.png|ee   nnnnnnuugennnee  aa  eeee  aaslleeeeet
/data3fast/users/mbermudez/de_03/TFGDataset/img/train_t2_1208_0.png|dass rrreeeeinnnaahneee aatttt  rreeeennnn
/data3fast/users/mbermudez/de_03/TFGDataset/img/train_t2_1421.png|sseehhhhhhhttt  
/data3fast/users/mbermudez/de_03/TFGDataset/img/train_t2_0583_2.png|auge   usuundd  nnaallse iicttth eeee llllrrrrrell
/data3fast/users/mbermudez/de_03/TFGDataset/img/train_t2_0001_2.png|gee  nnnn  eeslleeee reee   nddsssaa dddssseee
/data3fast/users/mbermudez/de_03/TFGDataset/img/train_t2_0575_2.png|uu  llhhht  dd  aaach eeeddeeeellleeeeeeeiiiinnn
/data3fast/users/mbermudez/de_03/TFGDataset/img/train_t2_1350_2.png|nne ttttttteeN  nnn  e     i    ach   icccchhauudd
/data3fast/users/mbermudez/de_03/TFGDataset/img/train_t2_1364_0.png|tttt  eeeeeee ccchhhheet  dd anncchnnneess ddder
/data3fast/users/mbermudez/de_03/TFGDataset/img/train_t2_1310_1.png|weeeeeessssleeN   aaddiittt   ttteellt
/data3fast/users/mbermudez/de_03/TFGDataset/img/train_t2_1164_2.png|eraaaau nnnn ee   enneeeeeee   e ettss  llleee
/data3fast/users/mbermudez/de_03/TFGDataset/img/train_t2_0786_2.png|oonnachhtttte e  lhhhiiieeeeess  dnneeiiiihhhc
/data3fast/users/mbermudez/de_03/TFGDataset/img/train_t2_0762_2.png|rrrtttteetieeeeee  i     
/data3fast/users/mbermudez/de_03/TFGDataset/img/train_t2_0795_1.png|errnnnnnnnuudd eelhhe  aalshee           aaaa ee
/data3fast/users/mbermudez/de_03/TFGDataset/img/train_t2_1477_2.png|geeeNNNssNN  unddddee   sss aaccssssee  nnn t   
/data3fast/users/mbermudez/de_03/TFGDataset/img/train_t2_0023.png|geeetthhhhhereedeeeellleeeegeennn       eeddeeeeeee
/data3fast/users/mbermudez/de_03/TFGDataset/img/train_t2_0233_1.png|beellcccchtt  ****** nnneeeehhheeee    ddd  eeee niihh
/data3fast/users/mbermudez/de_03/TFGDataset/img/train_t2_1238_2.png|dnn  ssteeeedddrriieeeeenneee      usslllllse  eeeeNNN
/data3fast/users/mbermudez/de_03/TFGDataset/img/train_t2_0638_0.png|ooheeN      ieeeeeeeenniichhhhhhhee    aaaaseeenn
/data3fast/users/mbermudez/de_03/TFGDataset/img/train_t2_0341_2.png|ershhhhheeeeeeeeerrretttttt ddrrrrhheee  nndd
/data3fast/users/mbermudez/de_03/TFGDataset/img/train_t2_0490_2.png|errlllt     ttmannnnichtttiee aa ee tttsscllleN
/data3fast/users/mbermudez/de_03/TFGDataset/img/train_t2_0838_2.png|chhe   deer aa eeee  tttt hhaaase nnnn eeeellt
/data3fast/users/mbermudez/de_03/TFGDataset/img/train_t2_0434.png|sstthhinnnnaggeeseeeeieeetssssaa  eeess aaasst
/data3fast/users/mbermudez/de_03/TFGDataset/img/train_t2_0603.png|in  lllss de   rrddeeeeeeeeeeee eeeeee   udd ttttttt
/data3fast/users/mbermudez/de_03/TFGDataset/img/train_t2_1469_2.png|hrrrreeeee    .    ddd         c        e   ....
/data3fast/users/mbermudez/de_03/TFGDataset/img/train_t2_0410_0.png|rreeeeeeeeeeeeeeeeeccceeeeee*** *  tssallleennntt    aaa
/data3fast/users/mbermudez/de_03/TFGDataset/img/train_t2_0340.png|llle nndee  alchhhhnnndddddd  eieee  nngeeessss
/data3fast/users/mbermudez/de_03/TFGDataset/img/train_t2_1328_2.png|der aaaah e      uuuddde  cccceNN     nnddeee
/data3fast/users/mbermudez/de_03/TFGDataset/img/train_t2_1081_1.png|geennnee  asssseeeNN  ss    eeegllleee     ah eeeeell
/data3fast/users/mbermudez/de_03/TFGDataset/img/train_t2_1166_2.png|de    **eee eeeeelaaa d eelssteeee    asseeeeeeihcchssssss
/data3fast/users/mbermudez/de_03/TFGDataset/img/train_t2_0179_0.png|tthnnnnnn dddneitieeeennetscccchhheeeesstttt
/data3fast/users/mbermudez/de_03/TFGDataset/img/train_t2_0203_1.png|unddddn    aggee   eeeeee  ndeeee  aas aarsssss
/data3fast/users/mbermudez/de_03/TFGDataset/img/train_t2_1115_2.png|iirrrrrllee    eeeeetttt errrdd  atttt  u
/data3fast/users/mbermudez/de_03/TFGDataset/img/train_t2_1419_1.png|geee  unnda attttte    aalleeieeleest uuueeeeee
/data3fast/users/mbermudez/de_03/TFGDataset/img/train_t2_0178_0.png|mihhtt  ddererrrrrrreeeeeeettt uaaahh deerr ii
/data3fast/users/mbermudez/de_03/TFGDataset/img/train_t2_1459_0.png|deee  nnneeecchheeee  mahhleeN  dd  seeeee     tt
/data3fast/users/mbermudez/de_03/TFGDataset/img/train_t2_0351_2.png|oheeeeeegeeNNN  ndd  ee ddrrrrttt   sss hhhh
/data3fast/users/mbermudez/de_03/TFGDataset/img/train_t2_0095_2.png|undd rreeneeee allst      ttt   eeeeee ssss
/data3fast/users/mbermudez/de_03/TFGDataset/img/train_t2_0509_0.png|reeeeeeeeeeeee** *ee   ellssst    eeeeeee  uuueeeeee
/data3fast/users/mbermudez/de_03/TFGDataset/img/train_t2_1378_2.png|ooeee          nn ncc nii nn   su  ee  alllshchhhh
/data3fast/users/mbermudez/de_03/TFGDataset/img/train_t2_1470.png|in   eettht ddee   *****ss **  .    eleeN  uss eeeeessch
/data3fast/users/mbermudez/de_03/TFGDataset/img/train_t2_1422_1.png|gllhhhh  tt rreee  deee     eteeeN  ggge  nnddesstt
/data3fast/users/mbermudez/de_03/TFGDataset/img/train_t2_0952_1.png|bess  nnnnndeessseeeeeeneeetttt  ndddee hhnndda dd
/data3fast/users/mbermudez/de_03/TFGDataset/img/train_t2_0185_0.png|dnn eeccchh dd nnnddderr aaaahnnhhnnnnddddrs
/data3fast/users/mbermudez/de_03/TFGDataset/img/train_t2_1048_1.png|ceeheeeeeeeeee*   nnn   ******eeeeeeeetth  d as a rrrsss
/data3fast/users/mbermudez/de_03/TFGDataset/img/train_t2_1204_2.png|gechttttee   hheeN  ssseeN  eseeee nnnddeeee**eenneee
/data3fast/users/mbermudez/de_03/TFGDataset/img/train_t2_0175.png|iie  eeeeessssslll ett  uufgeeee  lllllaa
/data3fast/users/mbermudez/de_03/TFGDataset/img/train_t2_0462_0.png|ee    llchhedddieereeleer  ttrreeeess uueesselll
/data3fast/users/mbermudez/de_03/TFGDataset/img/train_t2_0117_2.png|geeee   teee    mhhhtee  aassth  e  aahh  iii
/data3fast/users/mbermudez/de_03/TFGDataset/img/train_t2_0328_0.png|drttttttttt  
/data3fast/users/mbermudez/de_03/TFGDataset/img/train_t2_1004.png|cheN     eeeeeeee   a  eennn dddeee    nnddeeinnneeeN
/data3fast/users/mbermudez/de_03/TFGDataset/img/train_t2_0114_2.png|diieeehcchsssuuu dddeeeee nngeelllh    aallllst
/data3fast/users/mbermudez/de_03/TFGDataset/img/train_t2_1200.png|#
/data3fast/users/mbermudez/de_03/TFGDataset/img/train_t2_0621_1.png|sseeeeeNNNN nnneee    cccnnchhheee  aaahheee
/data3fast/users/mbermudez/de_03/TFGDataset/img/train_t2_0930_2.png|iihheeeNN ssss  **   ccchineee   a eeeeeechheeNNssss
/data3fast/users/mbermudez/de_03/TFGDataset/img/train_t2_1061.png|beddd  sssscch   ee auunngee alleee nnn    aasss
/data3fast/users/mbermudez/de_03/TFGDataset/img/train_t2_1487_0.png|nn  sss  ndeeeraaallllee   ssshheeeNd  aaau
/data3fast/users/mbermudez/de_03/TFGDataset/img/train_t2_0531_2.png|diesseeee fusssshhtt  nnnn  nndeeee auutteeeee
/data3fast/users/mbermudez/de_03/TFGDataset/img/train_t2_1357.png|cchhtttt  seeeeeeshhh nee  u   dee  nn dd see  ndddde
/data3fast/users/mbermudez/de_03/TFGDataset/img/train_t2_1225.png|# d
/data3fast/users/mbermudez/de_03/TFGDataset/img/train_t2_0288.png|nnn  ittt aaaggeeeeeer nnddeeeeeeeit allee  ne   
/data3fast/users/mbermudez/de_03/TFGDataset/img/train_t2_0652.png|gee aaass  llahh dd   ccch   aaadddeei *......
/data3fast/users/mbermudez/de_03/TFGDataset/img/train_t2_0946_0.png|utteeeeeerrddee aasss           hh  aa eeeeetttt
/data3fast/users/mbermudez/de_03/TFGDataset/img/train_t2_1043_0.png|oneeeee aaahheee  ahheeee  sss udd ssseeeell unnneeee
/data3fast/users/mbermudez/de_03/TFGDataset/img/train_t2_1194_0.png|eeNN     nntteeeetihh neee  sssss  sss unn n  ttt eeeeitt
/data3fast/users/mbermudez/de_03/TFGDataset/img/train_t2_1147_2.png|aas    a cch eeeeee     aaaarrrrrtttrrraaa drr
/data3fast/users/mbermudez/de_03/TFGDataset/img/train_t2_0571_2.png|bbeee  e  aaasleeee nnn eeeeee  lllllennnieee
/data3fast/users/mbermudez/de_03/TFGDataset/img/train_t2_1023_2.png|dee eggeeelll ddd eeeeggeeeitttt aunnddde
/data3fast/users/mbermudez/de_03/TFGDataset/img/train_t2_1484_0.png|dasssseeeehheeennnnnie nnnndeeeeeeehie   ** tcch a
/data3fast/users/mbermudez/de_03/TFGDataset/img/train_t2_0579.png|oonnneeeeeNnnnnicchhe   ..
/data3fast/users/mbermudez/de_03/TFGDataset/img/train_t2_0626.png|de  nnneee  nndeeeihh dd   nnddieeeeseeee
/data3fast/users/mbermudez/de_03/TFGDataset/img/train_t2_1255_2.png|llee ddddd eeechheN   cciiiieee  a geeett nnnnudde
/data3fast/users/mbermudez/de_03/TFGDataset/img/train_t2_1280_0.png|geeeett
/data3fast/users/mbermudez/de_03/TFGDataset/img/train_t2_1110_1.png|aaseeeeennee  ddee nnmttt     sssslcheNNNNN
/data3fast/users/mbermudez/de_03/TFGDataset/img/train_t2_0123_2.png|undd aaachheeeeeeeeaaas   aaaudddeeeenng
/data3fast/users/mbermudez/de_03/TFGDataset/img/train_t2_0897.png|geee aaleennnnneiceeennneeeNNee  n    allle
/data3fast/users/mbermudez/de_03/TFGDataset/img/train_t2_0838_1.png|chhh   derraa eeeeetttttt hhaaa eennnnnneeelltt
/data3fast/users/mbermudez/de_03/TFGDataset/img/train_t2_0075_0.png|"    lhteeNNsst  ..
/data3fast/users/mbermudez/de_03/TFGDataset/img/train_t2_0588.png|deee  eeeggguueeeseett   nnnee  sss eeee
/data3fast/users/mbermudez/de_03/TFGDataset/img/train_t2_0751.png|eee   eees    nnnichte  aaeeet   hhh rrhhhssee
/data3fast/users/mbermudez/de_03/TFGDataset/img/train_t2_1313_1.png|au      aaasstteinn d aaa eee aalllllliinneeessse
/data3fast/users/mbermudez/de_03/TFGDataset/img/train_t2_0894_0.png|nneeessshhh    seeeeeeN nnna eeett eeerr  a errii nnd
/data3fast/users/mbermudez/de_03/TFGDataset/img/train_t2_1433.png|ihheeelee uundddessehhhhheinneeeee     deessseeee
/data3fast/users/mbermudez/de_03/TFGDataset/img/train_t2_1291_1.png|anddrrseeeett egeeeiiiittt  dd elcch  de
/data3fast/users/mbermudez/de_03/TFGDataset/img/train_t2_0087_2.png|deeetttteeN aas ede aassteeN nnddr aaaaa dee
/data3fast/users/mbermudez/de_03/TFGDataset/img/train_t2_1262_1.png|sssh  nnicheee   allhh  de  aleee aahhheeeee
/data3fast/users/mbermudez/de_03/TFGDataset/img/train_t2_1159_1.png|uu   eeeNunnn aadd aauddeee cceeN uuuuueee
/data3fast/users/mbermudez/de_03/TFGDataset/img/train_t2_0947.png|maahhhhhhhnnnndee aa  eeeessccchnnndd ahhh
/data3fast/users/mbermudez/de_03/TFGDataset/img/train_t2_0232_1.png|wwee   aaa desssssschi  dddeeerrrrreeeeeeneeee
/data3fast/users/mbermudez/de_03/TFGDataset/img/train_t2_0154_0.png|eer  eeiichttttttteerrtttt  eeee     ieeee
/data3fast/users/mbermudez/de_03/TFGDataset/img/train_t2_1494_0.png|erss    eeeee  sssseN     e   llleeerlle  rrrrrreeett
/data3fast/users/mbermudez/de_03/TFGDataset/img/train_t2_0955_1.png|wlll    .........    leeN        eeeeee unnee    ..
/data3fast/users/mbermudez/de_03/TFGDataset/img/train_t2_0326_1.png|anggeesssss h nn  thhheeennneee  uutttttsseeee
/data3fast/users/mbermudez/de_03/TFGDataset/img/train_t2_1455_2.png|uu eeeeeeeeeee aaa   iichhhhheeestt  dnneeeeeeet
/data3fast/users/mbermudez/de_03/TFGDataset/img/train_t2_1342_0.png|aan eeettaa   dndnnnnnneeee tteelleddeeeseee  aau
/data3fast/users/mbermudez/de_03/TFGDataset/img/train_t2_0014_0.png|in  ssseeeettteggg nte  unneeesscchh eeee  hnnnn
/data3fast/users/mbermudez/de_03/TFGDataset/img/train_t2_0309_2.png|dasseelllleeeeeceee     ssss  a anttt ddrree
/data3fast/users/mbermudez/de_03/TFGDataset/img/train_t2_0248_0.png|rrrnnneeeettnnnneee  deee  eelhht  eeeeeee   uu  
/data3fast/users/mbermudez/de_03/TFGDataset/img/train_t2_1385_1.png|itt   sssteeeN nneeeee    d     dee ssscchh  eeeeeiiihhhh
/data3fast/users/mbermudez/de_03/TFGDataset/img/train_t2_0813_2.png|hhh   redrrrrrresseesssllledd   s cchhhheee ddeerraa
/data3fast/users/mbermudez/de_03/TFGDataset/img/train_t2_0258_2.png|gggnnneeddeeeeee hhhhhtt aaasssttttt nndde
/data3fast/users/mbermudez/de_03/TFGDataset/img/train_t2_0454_1.png|schh nnnnnnneeeggeeeee rrd aaa ee dddddrrrnnnn
/data3fast/users/mbermudez/de_03/TFGDataset/img/train_t2_0532_0.png|mmeeeete  eeeeee nnnn  alll   nee  ssseee  nnneee
/data3fast/users/mbermudez/de_03/TFGDataset/img/train_t2_1421_1.png|sssehtee  aaaaa
/data3fast/users/mbermudez/de_03/TFGDataset/img/train_t2_1009.png|"ndddrrrrrcchhhiee  aeeeei nach de aaaasss
/data3fast/users/mbermudez/de_03/TFGDataset/img/train_t2_1312_0.png|erstchhh  deerreeeeeeeeee i   u  deee
/data3fast/users/mbermudez/de_03/TFGDataset/img/train_t2_0580.png|aa   eeeechhhee dd aasllllsss  af esss dd  .....
/data3fast/users/mbermudez/de_03/TFGDataset/img/train_t2_1387.png|t*** ******    eeeessNN    sccclllaaaa  dssseeeer   hhneee
/data3fast/users/mbermudez/de_03/TFGDataset/img/train_t2_0290.png|eeNNNe eeeeeeeeeee   ssse   aaaeehhheettteeeee  au
/data3fast/users/mbermudez/de_03/TFGDataset/img/train_t2_0160_1.png|aasa  ahh deerrrrahccchh   nnnneeeeeee hhhtunnd
/data3fast/users/mbermudez/de_03/TFGDataset/img/train_t2_1217_1.png|wlllNN  dd sssssss  reee  aamttt neee  reeeeuuu
/data3fast/users/mbermudez/de_03/TFGDataset/img/train_t2_0276.png|"ss     unnndd nnnness  gglcchtt  nccc
/data3fast/users/mbermudez/de_03/TFGDataset/img/train_t2_0643_0.png|de   lchhhttiiihhh  derrcchhttss  dd nnn       dee
/data3fast/users/mbermudez/de_03/TFGDataset/img/train_t2_0462_2.png|eeN   lllhh   errrreeeee r rttr dee    uusssselle
/data3fast/users/mbermudez/de_03/TFGDataset/img/train_t2_0120_0.png|aaseeeeee  rrrerrr iiiieeeellll ddaaaahhiinee
/data3fast/users/mbermudez/de_03/TFGDataset/img/train_t2_0571_0.png|beeeN ee  aaasseeee  n eeeeeee fggggennnnee
/data3fast/users/mbermudez/de_03/TFGDataset/img/train_t2_1110.png|aasseeeennee  deer an  ttt d sssssccheeNee
/data3fast/users/mbermudez/de_03/TFGDataset/img/train_t2_0752_1.png|in eeeeettlleeenn  sssee esssss  nneee t  eeee
/data3fast/users/mbermudez/de_03/TFGDataset/img/train_t2_1472.png|ertt   d  allchh nndd  lllle d i    ****.  sscsssss
/data3fast/users/mbermudez/de_03/TFGDataset/img/train_t2_0378_1.png|tt  dddeeeee niicchh  nddd  aaa chheeeeiihheeeNeeeee
/data3fast/users/mbermudez/de_03/TFGDataset/img/train_t2_0774_1.png|da eeeeeeN uuuuneee  cchee  ndderhheeeeeeeeee
/data3fast/users/mbermudez/de_03/TFGDataset/img/train_t2_0837_0.png|dieeellseeeheeesss nnnnneN  nd    nneeeeennn
/data3fast/users/mbermudez/de_03/TFGDataset/img/train_t2_1490_1.png|ff   uuugetttt   ufuu dde rrrriiihhessssss
/data3fast/users/mbermudez/de_03/TFGDataset/img/train_t2_0156.png|der ccchn eeeeeerrrdd aaacch ddee   ssseeee   mttt
/data3fast/users/mbermudez/de_03/TFGDataset/img/train_t2_0655_1.png|wiesss   accchheee nn  a  iieee    aaaass
/data3fast/users/mbermudez/de_03/TFGDataset/img/train_t2_0329.png|rrrheeeNeNNeNss      cchii   eee  cnneNN  ccllll   dnnn
/data3fast/users/mbermudez/de_03/TFGDataset/img/train_t2_0133_1.png|te     ttsslleenn e  aaasttt   eee  etee
/data3fast/users/mbermudez/de_03/TFGDataset/img/train_t2_0417_0.png|sstttt  n       sseee    ssssse  aa  eellleee   ee*** ieee
/data3fast/users/mbermudez/de_03/TFGDataset/img/train_t2_0494.png|wwssse 
/data3fast/users/mbermudez/de_03/TFGDataset/img/train_t2_0936_0.png|daannneeesccchsssstt    *** *  neeiihtttt  nndeee
/data3fast/users/mbermudez/de_03/TFGDataset/img/train_t2_0977_2.png|ee  nnnde nndd  chheengllleeeesteeee  e aallle
/data3fast/users/mbermudez/de_03/TFGDataset/img/train_t2_0214_2.png|agggg a   ee  aa  eeeed  rraleeee  rrrreeeesssa   e
/data3fast/users/mbermudez/de_03/TFGDataset/img/train_t2_0394_0.png|undddeeettttteeee  neeeeerrrrllchheee  nnddd
/data3fast/users/mbermudez/de_03/TFGDataset/img/train_t2_1194_1.png|geeN      nhh ee  ihhiee e eeessss   a uu nnu    s eeeeee
/data3fast/users/mbermudez/de_03/TFGDataset/img/train_t2_0083_1.png|auunggeerrrrreettttteee      r aaa ttttn sss
/data3fast/users/mbermudez/de_03/TFGDataset/img/train_t2_0148_1.png|tiittttttt i  deeee   ssihheeee   lllleeeneeeettttthh
/data3fast/users/mbermudez/de_03/TFGDataset/img/train_t2_0443_2.png|derrrrraaa teestteetinnnnneeer ssesss hhhh
/data3fast/users/mbermudez/de_03/TFGDataset/img/train_t2_0024_0.png|bbeeeeeeessstttta   eellh  deeee      sssa nndee
/data3fast/users/mbermudez/de_03/TFGDataset/img/train_t2_0554_2.png|gleN dd ssssss i nneeeellhhhhchheei      eess  nd  cheeeee
/data3fast/users/mbermudez/de_03/TFGDataset/img/train_t2_1031_1.png|beeeeeeeettteeeellhh dnniiiieee  nnddd
/data3fast/users/mbermudez/de_03/TFGDataset/img/train_t2_1306_1.png|dee  *n*nnnnnneeeeN sschtteeeeee llleeettthiid
/data3fast/users/mbermudez/de_03/TFGDataset/img/train_t2_1337.png|"     eeeeaassssee dd eeee ddeee ccciieee
/data3fast/users/mbermudez/de_03/TFGDataset/img/train_t2_0890_0.png|nee ee dderd aaaschht  lllsseeeNNlls  nnnndee saaaaau
/data3fast/users/mbermudez/de_03/TFGDataset/img/train_t2_1216_0.png|neeeeeeerdrrrrngggeN  ssu nddddeese  uuuuus
/data3fast/users/mbermudez/de_03/TFGDataset/img/train_t2_1324_0.png|chh  sss dddeee   ..**.  nnd aalllhhh nnnaa ddddrr
/data3fast/users/mbermudez/de_03/TFGDataset/img/train_t2_0044_1.png|wieeed   aaasee nnnnnnndeessslll nnnnneeNN
/data3fast/users/mbermudez/de_03/TFGDataset/img/train_t2_0556.png|mee aaaseeee    eeeettnn  sssllnnnicchiedd    
/data3fast/users/mbermudez/de_03/TFGDataset/img/train_t2_0752_0.png|indeeeeettteeeennnee ssseessssss     et  aeeeee
/data3fast/users/mbermudez/de_03/TFGDataset/img/train_t2_1420_2.png|tee   deee  ssshee     iihhllaassss  aaa eenn   aseee
/data3fast/users/mbermudez/de_03/TFGDataset/img/train_t2_0038_2.png|slllll uuu  deee    chh sseeeNee  icccheeeee  nndd
/data3fast/users/mbermudez/de_03/TFGDataset/img/train_t2_0288_1.png|iiee    t  n geeeeeeer nnddeeeeegeeet llleeeeen ee 
/data3fast/users/mbermudez/de_03/TFGDataset/img/train_t2_0599_0.png|ddd   cchhheeN ssclllaau    e a  dd ss ihheee   neee
/data3fast/users/mbermudez/de_03/TFGDataset/img/train_t2_0349_2.png|sst  aal   aasseeeee       iiheeeeericchh  
/data3fast/users/mbermudez/de_03/TFGDataset/img/train_t2_1327_1.png|ee  ddd    haasseeee  eeeerrrr  ndd  llles  uu
/data3fast/users/mbermudez/de_03/TFGDataset/img/train_t2_0453_2.png|nnnnnfuuundddeeetteeeeeerrrttaattttne
/data3fast/users/mbermudez/de_03/TFGDataset/img/train_t2_0189_2.png|seeehhhhheee    eessssehh    seetttt leeeeddnndderee
/data3fast/users/mbermudez/de_03/TFGDataset/img/train_t2_0294_1.png|"u   saas   rrr   ss aahheeeshhheeNNnnnneee tt
/data3fast/users/mbermudez/de_03/TFGDataset/img/train_t2_0006.png|dasssss sss     ***   nnn ssshnnnnn  eeerrrrrdeeeeraall
/data3fast/users/mbermudez/de_03/TFGDataset/img/train_t2_0781_2.png|"  eeeeee*****     llllee nnm iieeeee   nn
/data3fast/users/mbermudez/de_03/TFGDataset/img/train_t2_0880_0.png|olleeee      ssseNN nnniee t    
/data3fast/users/mbermudez/de_03/TFGDataset/img/train_t2_0325_0.png|aas deee   nneeeeN   cchhinnnddeeeeellhh
/data3fast/users/mbermudez/de_03/TFGDataset/img/train_t2_1428_0.png|erttt nnneeeeeeennn sssee    tttetteeee aasss
/data3fast/users/mbermudez/de_03/TFGDataset/img/train_t2_0313.png|iieee  nnnneee  cchh u eeeechtt unn eheeeeeiihhhhh
/data3fast/users/mbermudez/de_03/TFGDataset/img/train_t2_0426_2.png|ssttaaa  ddeeee  sssss  ddeera  ndd d  eeettt  eeeessllle
/data3fast/users/mbermudez/de_03/TFGDataset/img/train_t2_0459_0.png|see    d auuunnnee iitti eeeeeeleeee  aaaal neee
/data3fast/users/mbermudez/de_03/TFGDataset/img/train_t2_1031_2.png|beeNeeelleteeNeellchh ddiiiieeeee anddee
/data3fast/users/mbermudez/de_03/TFGDataset/img/train_t2_0835_2.png|de   aa dd sse  uu eeeee   tteeetttt aaa sss  eee
/data3fast/users/mbermudez/de_03/TFGDataset/img/train_t2_0458.png|dii   nnne  auu d sssch   llllhht  eeee ccheeeNNeeslsss
/data3fast/users/mbermudez/de_03/TFGDataset/img/train_t2_0587_0.png|der aa dd  ttt  ddee gnggeeitthheeee aaa eee
/data3fast/users/mbermudez/de_03/TFGDataset/img/train_t2_0761_1.png|geennnnnnee   ttt 
/data3fast/users/mbermudez/de_03/TFGDataset/img/train_t2_1326.png|ssss   nnnnnnnn   ndninndddreessseeetttt   a errrich
/data3fast/users/mbermudez/de_03/TFGDataset/img/train_t2_0656_1.png|ooon    ccnn eelleeeeeeNN   ccheee   rreeeseeeeeeee
/data3fast/users/mbermudez/de_03/TFGDataset/img/train_t2_1135_0.png|ggeeeetttt   mmhtttsseeee  aau niieeee desssss
/data3fast/users/mbermudez/de_03/TFGDataset/img/train_t2_1101_0.png|diistsss  lllleer r dddaaach dee  aaauudde
/data3fast/users/mbermudez/de_03/TFGDataset/img/train_t2_0311.png|ggnnnttihhheeed   cheeeeeehet aaasseeestt   unn
/data3fast/users/mbermudez/de_03/TFGDataset/img/train_t2_0824_2.png|undsssshhet   deee****  eeeinneeegllchhh  hhh  llleeeee
/data3fast/users/mbermudez/de_03/TFGDataset/img/train_t2_0351.png|oheeeeeeeeeeNN udddd  eeerrrrrttt   sssaalhhe
/data3fast/users/mbermudez/de_03/TFGDataset/img/train_t2_0733_0.png|ssse  aaa deeeeiinnn eerrteeeeeee    ngeeee 
/data3fast/users/mbermudez/de_03/TFGDataset/img/train_t2_0768.png|allee a iieeer anccch     .
/data3fast/users/mbermudez/de_03/TFGDataset/img/train_t2_0317_2.png|wirdd  nnnccaahlee  undddne   eeee  ssccssscceee
/data3fast/users/mbermudez/de_03/TFGDataset/img/train_t2_1388_1.png|bbllchhtttt  sssseeee icanndd see   uaaauddeee
/data3fast/users/mbermudez/de_03/TFGDataset/img/train_t2_0908_2.png|tt    eeelee  aa  eellleet   aaau nnnnn ttttt
/data3fast/users/mbermudez/de_03/TFGDataset/img/train_t2_1358.png|dassseeeeeNnnddd  sttt   deeeennnnne    **     ee
/data3fast/users/mbermudez/de_03/TFGDataset/img/train_t2_0805_1.png|iiessllllleeN  uuuddee ccceNNs        reee it au
/data3fast/users/mbermudez/de_03/TFGDataset/img/train_t2_1415_1.png|inneeiinnnndeeeeeeiiiie  t sssch    eeeeeeeeelllhhhhh
/data3fast/users/mbermudez/de_03/TFGDataset/img/train_t2_0542_2.png|eerr nnn  aaaaaaudeee   eeeeddee sccchnnllllee
/data3fast/users/mbermudez/de_03/TFGDataset/img/train_t2_0108_2.png|dasss iieeee   eeeeehssseeennnneeeNNe ssaa dde
/data3fast/users/mbermudez/de_03/TFGDataset/img/train_t2_0244_2.png|bes  ddeeeee lllleeeee  aa  etttetteeeeeNN
/data3fast/users/mbermudez/de_03/TFGDataset/img/train_t2_0087.png|dieettteeee aas  dd aassseee   dd  aaaaau de
/data3fast/users/mbermudez/de_03/TFGDataset/img/train_t2_0648_1.png|ahndddrrra eddd  ccclll  te   ndddeeeeee  uuuu
/data3fast/users/mbermudez/de_03/TFGDataset/img/train_t2_0877_1.png|llleNNnnnnneee        drrllllhee  uaaahhh  uuu
/data3fast/users/mbermudez/de_03/TFGDataset/img/train_t2_0672.png|vnneeeeeerrrd nnndercchhheeeetttttterr
/data3fast/users/mbermudez/de_03/TFGDataset/img/train_t2_0688_0.png|wiee     deeeeehhhte   aaada dss  d   iieeeeeeee ee*** **
/data3fast/users/mbermudez/de_03/TFGDataset/img/train_t2_1448_2.png|ggeeeeeeeeh neeeseeeee aaaann    a  eeeelleeNNdn
/data3fast/users/mbermudez/de_03/TFGDataset/img/train_t2_0222_1.png|ttt*****s  ddess iinddd sssee  nnnneeeeesssseN  .*    r
/data3fast/users/mbermudez/de_03/TFGDataset/img/train_t2_0042_0.png|de   rreeee  as hhtnn   sseeeeeeeeeeeteeeelll ed
/data3fast/users/mbermudez/de_03/TFGDataset/img/train_t2_1263_1.png|geehhttteee  uuuu eee   ei   ii   rrrrd nnndee
/data3fast/users/mbermudez/de_03/TFGDataset/img/train_t2_0157_1.png|oon    eeeerrebeedd sslllhee  nnn aaaeeeeee
/data3fast/users/mbermudez/de_03/TFGDataset/img/train_t2_1329.png|scchhttttttti  ****     eeeeelge     s  nnnddssseeNN
/data3fast/users/mbermudez/de_03/TFGDataset/img/train_t2_0467_0.png|uu  eeeittiiinee  d ssssee  aaaasss nncccss  nnddee
/data3fast/users/mbermudez/de_03/TFGDataset/img/train_t2_1015.png|ee  aaddaaaaddeeelchneeeess  unnneeeett   ee
/data3fast/users/mbermudez/de_03/TFGDataset/img/train_t2_0872_1.png|mitt eeell   saa deeeeeeeeeeennnnneee ssssssss
/data3fast/users/mbermudez/de_03/TFGDataset/img/train_t2_0555.png|dassss  ddddeeee   nn  eedderrraandde   unt  eeeeee
/data3fast/users/mbermudez/de_03/TFGDataset/img/train_t2_0468.png|aaa  nneeeleeee  ssseeeee nneeeittttt iiieeeraa
/data3fast/users/mbermudez/de_03/TFGDataset/img/train_t2_0680_1.png|aaeeeeeeeeeeenneiihhhte   n aachheeee aaaahhhhthe
/data3fast/users/mbermudez/de_03/TFGDataset/img/train_t2_0713_1.png|# ee
/data3fast/users/mbermudez/de_03/TFGDataset/img/train_t2_0929.png|ott  dddd   asssseeiinnd  icchh nnnniinn adde
/data3fast/users/mbermudez/de_03/TFGDataset/img/train_t2_0191.png|err nnnnnneeeee   eeeeglleeeet   ddaaaaaueeeene
/data3fast/users/mbermudez/de_03/TFGDataset/img/train_t2_0413_1.png|ee  dd  r deesssee   aaaaahha   tttt   esscchh
/data3fast/users/mbermudez/de_03/TFGDataset/img/train_t2_0850_0.png|eeeehhheeeeee t       eeeeeeN  .
/data3fast/users/mbermudez/de_03/TFGDataset/img/train_t2_0461_1.png|dda alllaaa eeeeee   ccseesss    acchheeN  uuddde
/data3fast/users/mbermudez/de_03/TFGDataset/img/train_t2_0377_0.png|dass tttttttssss aaaanderr  reeeesssahha eeeee
/data3fast/users/mbermudez/de_03/TFGDataset/img/train_t2_0500.png|geesseeeeerraaaahttnnneeet  nd aaa eeee ttt
/data3fast/users/mbermudez/de_03/TFGDataset/img/train_t2_1006_2.png|derrrtttteegee aahh ddeeglleeeee    ddd aa  eee
/data3fast/users/mbermudez/de_03/TFGDataset/img/train_t2_0218_2.png|anneeeeett uud allleee    n llleN   su nnnn
/data3fast/users/mbermudez/de_03/TFGDataset/img/train_t2_1094_0.png|"    ssssschh dd  ccchee  de   ccaa  deeeennnneee
/data3fast/users/mbermudez/de_03/TFGDataset/img/train_t2_0163_1.png|dii nnneeeeeeeiiittt      eeeccccccheeNN  lllhhhh   u
/data3fast/users/mbermudez/de_03/TFGDataset/img/train_t2_0166_1.png|ne  alleeeeieee  uas  dd  uufgeeeN eeeseeeee   aaaaaa
/data3fast/users/mbermudez/de_03/TFGDataset/img/train_t2_0986_2.png|aar eeeeeiicttt dd   atssteeeeeeeettt unnd
/data3fast/users/mbermudez/de_03/TFGDataset/img/train_t2_0225_2.png|alheeee  aa eeeeeeeegeiihttt derrrnnddeerrrhh
/data3fast/users/mbermudez/de_03/TFGDataset/img/train_t2_1328_1.png|der aaalh        aauddeee ccneeN     nnndeeeN
/data3fast/users/mbermudez/de_03/TFGDataset/img/train_t2_1069_1.png|rredddrrrrree  sssleesssttteeeinn assss        
/data3fast/users/mbermudez/de_03/TFGDataset/img/train_t2_0431.png|bbeee lee   taaa  ddeess cch n d ellleeNNN
/data3fast/users/mbermudez/de_03/TFGDataset/img/train_t2_1401.png|indd  ssschhhhteee aaa eeerrrrr  unnutttt u
/data3fast/users/mbermudez/de_03/TFGDataset/img/train_t2_0478.png|geehhheeeeennn       gglllhii    eee  ccneeNNNsssss
/data3fast/users/mbermudez/de_03/TFGDataset/img/train_t2_1285_1.png|"      rieeee    chheeN e*     ee llllleeee   ****** eennnee
/data3fast/users/mbermudez/de_03/TFGDataset/img/train_t2_1098_0.png|wiss    asssssschhh d eeeeeN   sss  a  s  eeellh ellssss
/data3fast/users/mbermudez/de_03/TFGDataset/img/train_t2_1390.png|nnttttt nn   nnddeee  ttcchauneees  aaa essheeee
/data3fast/users/mbermudez/de_03/TFGDataset/img/train_t2_0676_0.png|#  
/data3fast/users/mbermudez/de_03/TFGDataset/img/train_t2_1312_1.png|eerhchhhh eeeer eeeeeiie      aa eeeee
/data3fast/users/mbermudez/de_03/TFGDataset/img/train_t2_0619_0.png|dee ****   eee    eeeehhhinnaasssreeereeeeeeer  a  rttttt
/data3fast/users/mbermudez/de_03/TFGDataset/img/train_t2_1414_2.png|ooo eeeee nnnn teereed  aaalleeee    e   rreee
/data3fast/users/mbermudez/de_03/TFGDataset/img/train_t2_0008_2.png|odddd    ggguuun tteee       .   sssseeeeN  dd
/data3fast/users/mbermudez/de_03/TFGDataset/img/train_t2_1391.png|unnd   tttinnnnee aasss     s eehhheeN  nnddseee
/data3fast/users/mbermudez/de_03/TFGDataset/img/train_t2_0296_1.png|inn  sseeeeehht dde aaaaa  ttt  nihchhi  d aaau
/data3fast/users/mbermudez/de_03/TFGDataset/img/train_t2_0562_1.png|nnnnneeee*****...
/data3fast/users/mbermudez/de_03/TFGDataset/img/train_t2_0662_1.png|eeeN  nndd eeeellhllllss   nn  eee nn eesssst
/data3fast/users/mbermudez/de_03/TFGDataset/img/train_t2_1398_2.png|ee  aaassellhheeddeeeeeinni aand  tiiiiee
/data3fast/users/mbermudez/de_03/TFGDataset/img/train_t2_0285_1.png|aggge  unddaa tttteee sss  rriiheessttt
/data3fast/users/mbermudez/de_03/TFGDataset/img/train_t2_1273_0.png|cees       sssaa rmttee  nnneeeee  uu eeee ttt
/data3fast/users/mbermudez/de_03/TFGDataset/img/train_t2_0299.png|rraaaadddeeeseeeeNeegggiiheeeeets  ffeuu    ennee
/data3fast/users/mbermudez/de_03/TFGDataset/img/train_t2_1233.png|wwedd  
/data3fast/users/mbermudez/de_03/TFGDataset/img/train_t2_0951_2.png|voeeeeNN llccchee  rrreeeeeeeeeeeeeee ssssslsennnn
/data3fast/users/mbermudez/de_03/TFGDataset/img/train_t2_0401_1.png|gee    eet  uungget nnnneeeee ssschh   nee
/data3fast/users/mbermudez/de_03/TFGDataset/img/train_t2_0762.png|eerttteee eeeeeeee         
/data3fast/users/mbermudez/de_03/TFGDataset/img/train_t2_0641_2.png|aannnnnnee innneeeeeee sssshheeeeee  a eerrr mmna
/data3fast/users/mbermudez/de_03/TFGDataset/img/train_t2_0878_1.png|ber  daaacchee  llllee  n eiinn assssshttththe
/data3fast/users/mbermudez/de_03/TFGDataset/img/train_t2_0715.png|mit  uuu   nnnngeeddeeeerrr audd  i trrrchhnnn
/data3fast/users/mbermudez/de_03/TFGDataset/img/train_t2_0268_1.png|auuuudd  aleeti nnn chhaassss dddd    echh      tthtt
/data3fast/users/mbermudez/de_03/TFGDataset/img/train_t2_0465_1.png|as    gnn   uuuggeeeeeett rrree   n
/data3fast/users/mbermudez/de_03/TFGDataset/img/train_t2_0295_1.png|geehhhi   ssseeg nnn ee    deeeeetee  auu
/data3fast/users/mbermudez/de_03/TFGDataset/img/train_t2_0895_1.png|eee  nneeee  aaaaaaudee  nngeee aat  eesseeeeddd
/data3fast/users/mbermudez/de_03/TFGDataset/img/train_t2_1182_0.png|iiittt aaalleehhe  dddee  ddd s  hesssssss ee   rrreeeee
/data3fast/users/mbermudez/de_03/TFGDataset/img/train_t2_0079_1.png|mi   eeeeichheNN ssu dnnn  t  d  llhheee  ndddee
/data3fast/users/mbermudez/de_03/TFGDataset/img/train_t2_0362_1.png|auuggeneeeee  reeee nn d  alleeeeeeeeeeNN   ee
/data3fast/users/mbermudez/de_03/TFGDataset/img/train_t2_0009_2.png|beeddrrrrraaaattt nnnneeeeellchhhit   das
/data3fast/users/mbermudez/de_03/TFGDataset/img/train_t2_0978_0.png|ss ee   cshhhhhheeeeNsshee nnnchttet  aaheee  
/data3fast/users/mbermudez/de_03/TFGDataset/img/train_t2_1252_1.png|deelllleeenneessshhhhtttsthhh   ddeeeeeee  nnneeg
/data3fast/users/mbermudez/de_03/TFGDataset/img/train_t2_0410.png|rreeeeeeee  *eeeeellleeeee***e     sssalleennnn     aaa
/data3fast/users/mbermudez/de_03/TFGDataset/img/train_t2_0405_1.png|weennnnnnnnneeee   ggeeelcheeNN******ee
/data3fast/users/mbermudez/de_03/TFGDataset/img/train_t2_1075_1.png|rrtt  eeeeee ahhhhheeee deeeeecceeN    nnnneeeenneee
/data3fast/users/mbermudez/de_03/TFGDataset/img/train_t2_0985_0.png|deer iieeinnneeeee* e e uaasssllllllhhh ahhtti  aaa
/data3fast/users/mbermudez/de_03/TFGDataset/img/train_t2_1162_2.png|"  eeeess     erllllla  d     .  sssss
/data3fast/users/mbermudez/de_03/TFGDataset/img/train_t2_1330_1.png|ii   nnngnnnttt nndd  ch ddiii   nnndesssstttt
/data3fast/users/mbermudez/de_03/TFGDataset/img/train_t2_1147.png|aass  aaaah edee  *e   daaaae rrer t   raarddde
/data3fast/users/mbermudez/de_03/TFGDataset/img/train_t2_0523.png|eett    ccchheeeellleN ddn naachheeeeeN asssseerr
/data3fast/users/mbermudez/de_03/TFGDataset/img/train_t2_0102.png|aattteeeeeennnnieeeiiccht  nddd riiieeeee  tem
/data3fast/users/mbermudez/de_03/TFGDataset/img/train_t2_0314.png|ttttt  tt   dder   tttsseeeNsssse    aa   
/data3fast/users/mbermudez/de_03/TFGDataset/img/train_t2_1268_2.png|wire    aanndee  aadd  aatsseeeN  algeN ddd
/data3fast/users/mbermudez/de_03/TFGDataset/img/train_t2_0111_0.png|ageeeeee ss  llllleehhhhhnnngeeNN llllannnnnee
/data3fast/users/mbermudez/de_03/TFGDataset/img/train_t2_1079_1.png|wchh    sslleeee  t  eeesst  nn   eeeeee
/data3fast/users/mbermudez/de_03/TFGDataset/img/train_t2_0043_1.png|das  eeit aahlleeeNN  a seeeerraadeeeeiiiiee
/data3fast/users/mbermudez/de_03/TFGDataset/img/train_t2_1403_2.png|iie  ccctttttt unnnii nddddrrriieeeeeeee*****nnccccc
/data3fast/users/mbermudez/de_03/TFGDataset/img/train_t2_0755.png|ieestt  nnnnnnn ssu     n    aann eeeeeeettuaau
/data3fast/users/mbermudez/de_03/TFGDataset/img/train_t2_0304_2.png|rr unnn tttt aageeN ugggeeesstt   deelllluunnn
/data3fast/users/mbermudez/de_03/TFGDataset/img/train_t2_1076.png|geeee eeeessss  sse uu ddee aauuug nndde  eeee  ee   aaa
/data3fast/users/mbermudez/de_03/TFGDataset/img/train_t2_1113_1.png|llllllleeegnnnnnn  eeeee  aeeeettttt  eeeraa
/data3fast/users/mbermudez/de_03/TFGDataset/img/train_t2_1250_0.png|aass eeeeeeeeegeeeee    aau eeerrriiheeee
/data3fast/users/mbermudez/de_03/TFGDataset/img/train_t2_1497.png|ttte  eeettteee     iiinnneeeeee  dd  annnhh
/data3fast/users/mbermudez/de_03/TFGDataset/img/train_t2_1106_2.png|llllee tt  deerrrrr daaah  dee  t  ...   ahchh
/data3fast/users/mbermudez/de_03/TFGDataset/img/train_t2_0542_0.png|eee  nd aaallauuuddeeNe NNddeee sccchhnegllle
/data3fast/users/mbermudez/de_03/TFGDataset/img/train_t2_1474_1.png|auu eee   stt  ssseeeee t  ee nnn etsss  uuu  aa
/data3fast/users/mbermudez/de_03/TFGDataset/img/train_t2_0823_0.png|sttt   uuuu d asssstte deeeneeeen   sschhiihch
/data3fast/users/mbermudez/de_03/TFGDataset/img/train_t2_0110_0.png|ooossssssleeehhhheeeeeeinnddaaallleeilleeeee  nnnnn
/data3fast/users/mbermudez/de_03/TFGDataset/img/train_t2_0886_2.png|unn teinndd esscctttcheeeNeee  slaauuuuuuugee
/data3fast/users/mbermudez/de_03/TFGDataset/img/train_t2_0035_1.png|der  ***  *ee  nnncchh dderrrrr sttee  neiiihheeee
/data3fast/users/mbermudez/de_03/TFGDataset/img/train_t2_0747.png|err llllauuddd rttteeee  eeeeeeeeeNee ee  naachh
/data3fast/users/mbermudez/de_03/TFGDataset/img/train_t2_1397.png|dds  ahhee s    nn lcchiidee icht ee  
/data3fast/users/mbermudez/de_03/TFGDataset/img/train_t2_0286_1.png|# 
/data3fast/users/mbermudez/de_03/TFGDataset/img/train_t2_1410_2.png|undd aaaleeeee gllsssee   icchttttteettttttt drr
/data3fast/users/mbermudez/de_03/TFGDataset/img/train_t2_0280_0.png|ieen    nneeee aadaarseet   tt dreeeeee
/data3fast/users/mbermudez/de_03/TFGDataset/img/train_t2_1269_2.png|tteeeettt   lleee nnneeeeNsslleN    eeeiitttttt m
/data3fast/users/mbermudez/de_03/TFGDataset/img/train_t2_0522_2.png|glllllleeeetttssshhee rrrrr ddeeeee     ggaaaa
/data3fast/users/mbermudez/de_03/TFGDataset/img/train_t2_1324.png|che  ssss eddee r t*..   n  aalllleiinnnnaandddde
/data3fast/users/mbermudez/de_03/TFGDataset/img/train_t2_1133_1.png|tet ann aadddeeeegg ueeee  eellhh  ddee lccheeNN
/data3fast/users/mbermudez/de_03/TFGDataset/img/train_t2_1313_2.png|aus    aaaaatteeenn   a a rre aalllelleeee  lseeee
/data3fast/users/mbermudez/de_03/TFGDataset/img/train_t2_0388.png|mrrr eeee tttt...ttttttte  uu iceeeeNNe nnnnnnit  dr
/data3fast/users/mbermudez/de_03/TFGDataset/img/train_t2_0428_0.png|"nneeeeetttauu  ssccheeee eeddee *    uuneeee
/data3fast/users/mbermudez/de_03/TFGDataset/img/train_t2_1242_2.png|rrricchcchssshsesN    sss ddeerrhheee u ssseeeeddre    sc
/data3fast/users/mbermudez/de_03/TFGDataset/img/train_t2_1141.png|mmhh   nihhhh ddrraaaa eee s  tsssee nnndddee
/data3fast/users/mbermudez/de_03/TFGDataset/img/train_t2_1361_2.png|"u  deeeeeeeeerr hhnneeee ccht auuddee chlle
/data3fast/users/mbermudez/de_03/TFGDataset/img/train_t2_0517_2.png|oo    u  eeeeeel     deeeeeeeeeee  nssssss    ddeee
/data3fast/users/mbermudez/de_03/TFGDataset/img/train_t2_0594_1.png|iee  aaddeeeeeerttt nnn   tt tsccheeNNN ddeee
/data3fast/users/mbermudez/de_03/TFGDataset/img/train_t2_1286_0.png|auu eee  sss  nnnne ssccheeesschh  dderrregg
/data3fast/users/mbermudez/de_03/TFGDataset/img/train_t2_0525_2.png|weeeeeeeeseehchheee    chss   hheei n ctt unddeenn alls
/data3fast/users/mbermudez/de_03/TFGDataset/img/train_t2_0151.png|sshe  uuaacheedddrrrrt e iicchnnnndd sssssee
/data3fast/users/mbermudez/de_03/TFGDataset/img/train_t2_1462_1.png|anddeeichh    ee  ccheNnnd    ihieeeennnn ssse
/data3fast/users/mbermudez/de_03/TFGDataset/img/train_t2_0294_2.png|"uu  aaas e aaa rts  aaanneeeccheeNNnnnneeee
/data3fast/users/mbermudez/de_03/TFGDataset/img/train_t2_0027_0.png|er annnnnniiee  uuuu tttteee  aa
/data3fast/users/mbermudez/de_03/TFGDataset/img/train_t2_0944_0.png|alllllllllaauunnnn   e   u eeee sste      ih eeee
/data3fast/users/mbermudez/de_03/TFGDataset/img/train_t2_0825_1.png|seeeeerrdrrrcclleeNNs ss   lllh   ddeeeeennnn
/data3fast/users/mbermudez/de_03/TFGDataset/img/train_t2_0046_2.png|der   ttttteeee   tttiiii  a rrslllllee  drr
/data3fast/users/mbermudez/de_03/TFGDataset/img/train_t2_0797_0.png|wieeeesccchhnnnnnderereeeege nnddd   nnnnee
/data3fast/users/mbermudez/de_03/TFGDataset/img/train_t2_1210_1.png|geeeeeeeerhhh   aaau nnnee tchhhheeeeee   nn
/data3fast/users/mbermudez/de_03/TFGDataset/img/train_t2_1379_2.png|mttt eeeeessseeee   aalleeNN   ..
/data3fast/users/mbermudez/de_03/TFGDataset/img/train_t2_0155.png|aaa dddd   anaasssscstii  *.... sseteeet i nuageeeNN
/data3fast/users/mbermudez/de_03/TFGDataset/img/train_t2_1010.png|geeehhtt  ndd aarrlllsss   t eeeee eeeeettaaa
/data3fast/users/mbermudez/de_03/TFGDataset/img/train_t2_1121_2.png|wleeeN  ssl nnniii eerrrrrrereeinnngeennnnneessssss
/data3fast/users/mbermudez/de_03/TFGDataset/img/train_t2_0217_1.png|nnee *   tsscll  dddee aa ttsshhnnndeeeseteeeeaanna
/data3fast/users/mbermudez/de_03/TFGDataset/img/train_t2_0455.png|unddd rrchrerrrrrlllcchhahh ee  achhhhhhchhh
/data3fast/users/mbermudez/de_03/TFGDataset/img/train_t2_1150_1.png|eennnneedn iii  aaggglleet   ddeeeee  raaaddd
/data3fast/users/mbermudez/de_03/TFGDataset/img/train_t2_0735_2.png|fffff ttaa t    
/data3fast/users/mbermudez/de_03/TFGDataset/img/train_t2_0865.png|bee eeleeeeN  .
/data3fast/users/mbermudez/de_03/TFGDataset/img/train_t2_0604_2.png|cchhhNNN  dde  icchh  .
/data3fast/users/mbermudez/de_03/TFGDataset/img/train_t2_0139.png|atttteeee un ttt  ee  dsss dddereeeeeeeeeeee *eeeeeNN
/data3fast/users/mbermudez/de_03/TFGDataset/img/train_t2_0526_2.png|nnnggasssauuuuuu  ttttteeeeeeeereeinnnngge
/data3fast/users/mbermudez/de_03/TFGDataset/img/train_t2_0479_2.png|leeeeeesssllll  rrddder aanddd    rellnnnn
/data3fast/users/mbermudez/de_03/TFGDataset/img/train_t2_0433_1.png|geeeeeeeerr dde   nnn hhheennd   lccsss  ndd
/data3fast/users/mbermudez/de_03/TFGDataset/img/train_t2_1473_2.png|wiiellleereeeettt aaallll uuddd iiihe nnnnnn
/data3fast/users/mbermudez/de_03/TFGDataset/img/train_t2_0592_2.png|sssss d eeeeriihheeeeNN dd  slllh nneee *** .    nnn
/data3fast/users/mbermudez/de_03/TFGDataset/img/train_t2_1208.png|ddss  eeeeeeee nnnaaheeee  sstt eeeeeeinnn
/data3fast/users/mbermudez/de_03/TFGDataset/img/train_t2_1392.png|#  
/data3fast/users/mbermudez/de_03/TFGDataset/img/train_t2_0928.png|der aaaahaaddaaaaa    iiiiitttteeellaaasuuun
/data3fast/users/mbermudez/de_03/TFGDataset/img/train_t2_0876_0.png|meeeeeee  nneelheeee sschhh  ddeessscllleeNN  
/data3fast/users/mbermudez/de_03/TFGDataset/img/train_t2_0664_1.png|ii  eeeeeeeeegeeeee  uaa sht    eenneeee   ssssss
/data3fast/users/mbermudez/de_03/TFGDataset/img/train_t2_1239_0.png|oon eeeeeeettat  d   .............
/data3fast/users/mbermudez/de_03/TFGDataset/img/train_t2_0913_2.png|arr   deerrlleet aahheeee  eretteeeedee sstttt
/data3fast/users/mbermudez/de_03/TFGDataset/img/train_t2_1406_1.png|de   ahl  nneiit   eeellllenn  sccchh  uu  deeeeihheeNNN
/data3fast/users/mbermudez/de_03/TFGDataset/img/train_t2_0607_1.png|gelehhenn  ssse   sssss  nnndaa eesssseeeeeee
/data3fast/users/mbermudez/de_03/TFGDataset/img/train_t2_0032.png|arrrreeet   rraaauddeeeeeeeeeeeee  ee eeeeeeeeeet
/data3fast/users/mbermudez/de_03/TFGDataset/img/train_t2_1489.png|nnchcsshhhh  nddd ssse  nnnnnnch ddeeeeettt
/data3fast/users/mbermudez/de_03/TFGDataset/img/train_t2_0566_2.png|deesssllleeetttt   r aaa e auuueeees cch    tt
/data3fast/users/mbermudez/de_03/TFGDataset/img/train_t2_1421_2.png|sseheet  aaat   
/data3fast/users/mbermudez/de_03/TFGDataset/img/train_t2_1305.png|beeeccchheNN    ccii  d assse aaa eee   eee      eeeeenn
/data3fast/users/mbermudez/de_03/TFGDataset/img/train_t2_1179_1.png|aat  eeeeeehhhh anauu  eeee   e**     unnd   sihht
/data3fast/users/mbermudez/de_03/TFGDataset/img/train_t2_0423_2.png|wiinn aallle   nndrrttteeeeeeeeenn   slllh
/data3fast/users/mbermudez/de_03/TFGDataset/img/train_t2_0127.png|daaaaafggee  eeeee  nnneeeee*   ch deeeeeeleeeeN
/data3fast/users/mbermudez/de_03/TFGDataset/img/train_t2_0750_1.png|wreeesss  dde  **....t.      e******   sscll  dderer
/data3fast/users/mbermudez/de_03/TFGDataset/img/train_t2_0655.png|wiseee  aaahhhhheee nn     neeee   adaaass
/data3fast/users/mbermudez/de_03/TFGDataset/img/train_t2_0717_0.png|das  rreeeee mre aaat eeeee  scchh aaaaaaalleddrr
/data3fast/users/mbermudez/de_03/TFGDataset/img/train_t2_0722_2.png|ceeNN  ggeeee  tuufgeguttttttrreeee     deee
/data3fast/users/mbermudez/de_03/TFGDataset/img/train_t2_1486_2.png|mieeetteee nnnieellaas eenn ssch eddee  ddeee
/data3fast/users/mbermudez/de_03/TFGDataset/img/train_t2_0550_0.png|seeNeeeeeee  nddee  unddeeeee  aleeeeertr aaatttt
/data3fast/users/mbermudez/de_03/TFGDataset/img/train_t2_1233_0.png|wwred  
/data3fast/users/mbermudez/de_03/TFGDataset/img/train_t2_1221.png|nnn   tteeeeglllee  d     rrheeeeee     scclleee
/data3fast/users/mbermudez/de_03/TFGDataset/img/train_t2_1145_0.png|ofnneeeeeeee aadnndd sssseeeed   cchaa  ddeessee
/data3fast/users/mbermudez/de_03/TFGDataset/img/train_t2_0695.png|un sssssssccchhee aaahtteeeN   s ee*     ichh au
/data3fast/users/mbermudez/de_03/TFGDataset/img/train_t2_1351.png|gnnnncchheeennn eeeellll    .
/data3fast/users/mbermudez/de_03/TFGDataset/img/train_t2_0016_0.png|geeeeeerrtthh   
/data3fast/users/mbermudez/de_03/TFGDataset/img/train_t2_0949.png|ooeeelchhhiinnneee**** ****  eeeeeeccch nnd aaa
/data3fast/users/mbermudez/de_03/TFGDataset/img/train_t2_0398_0.png|mit   nneee sssseederr     tssss  fggeee  ssss
/data3fast/users/mbermudez/de_03/TFGDataset/img/train_t2_1169.png|derreettee     tttt nnan ddeeseeennnallluuuuuueee
/data3fast/users/mbermudez/de_03/TFGDataset/img/train_t2_1077_0.png|see   eeeettthhheeeeet  aaaee rrrrrraassseele
/data3fast/users/mbermudez/de_03/TFGDataset/img/train_t2_0879_1.png|iit   ssseeeeerrrrrrreeebdddeeeiinnnee*
/data3fast/users/mbermudez/de_03/TFGDataset/img/train_t2_0958_0.png|deN     nnnneeettsschh nn  sssaaa  nnndeeeeeeeeesse
/data3fast/users/mbermudez/de_03/TFGDataset/img/train_t2_0540_2.png|#
/data3fast/users/mbermudez/de_03/TFGDataset/img/train_t2_1338_1.png|iee   sssheeeeer addderiinnnniiii ..  elllssN
/data3fast/users/mbermudez/de_03/TFGDataset/img/train_t2_0096_1.png|aaee   nnnnacc dee  nddssll dddeee   lll nn
/data3fast/users/mbermudez/de_03/TFGDataset/img/train_t2_0345.png|cchhhhaatt  deerrreeheet  anddddeecccnnceeesseeee
/data3fast/users/mbermudez/de_03/TFGDataset/img/train_t2_0600.png|oonnnnd  aaasssluuunn  httt   assrrr
/data3fast/users/mbermudez/de_03/TFGDataset/img/train_t2_1493.png|gggttt NNN   ...
/data3fast/users/mbermudez/de_03/TFGDataset/img/train_t2_0549_2.png|beesttttt
/data3fast/users/mbermudez/de_03/TFGDataset/img/train_t2_0369_1.png|vieellhhhhthaa deeeellee  nnneeeeeiittttttt  aa
/data3fast/users/mbermudez/de_03/TFGDataset/img/train_t2_0788_0.png|oon aaaaaa eeeeiiiii    raaaaaseeee ttt
/data3fast/users/mbermudez/de_03/TFGDataset/img/train_t2_0622_1.png|geeNNNNN  ddaaa deeelleeee nnnnnd achdde  sschhhh
/data3fast/users/mbermudez/de_03/TFGDataset/img/train_t2_0018.png|mheeeeet  nndd  reellleeeeeeeeee ****    eess  eee
/data3fast/users/mbermudez/de_03/TFGDataset/img/train_t2_0071_1.png|andd ssss eeedd aaach deeeeeeee sccllee ddaa  ddee
/data3fast/users/mbermudez/de_03/TFGDataset/img/train_t2_1484.png|das   eeeeshheeNnnneeeein  deeeeeeeiee      scc  uuu
/data3fast/users/mbermudez/de_03/TFGDataset/img/train_t2_0685_1.png|dii  eeeeeeeeeegg auuunggeeeee    sssdrrr
/data3fast/users/mbermudez/de_03/TFGDataset/img/train_t2_1187.png|aatt   edeeeess ege  uuuufggeeehhtt a ndd sihh aaaa
/data3fast/users/mbermudez/de_03/TFGDataset/img/train_t2_1283_1.png|so    tttteee   aaa eeeeNeeennnnnnnnaan  eeeestt
/data3fast/users/mbermudez/de_03/TFGDataset/img/train_t2_0337.png|beeeeeeeeet   aaalleeeeesscchh  nddeeeiiheeees
/data3fast/users/mbermudez/de_03/TFGDataset/img/train_t2_0110_2.png|oo  sssssllle hchheeeeeiin  aaalleeeehllet   nnee
/data3fast/users/mbermudez/de_03/TFGDataset/img/train_t2_1145_2.png|ffngeeeeeee  a   dd d ssseeeee   achh   deesseeee
/data3fast/users/mbermudez/de_03/TFGDataset/img/train_t2_0788_1.png|ooo aaaaas  eeeeichh    rraaaaaeeee  
/data3fast/users/mbermudez/de_03/TFGDataset/img/train_t2_1475_1.png|eeellleeddeerreeeeeNN*** nnnd  ee aauseeeerra
/data3fast/users/mbermudez/de_03/TFGDataset/img/train_t2_1169_1.png|derrttttt     tt nmttnnnndesseeee naallaauuu eeee
/data3fast/users/mbermudez/de_03/TFGDataset/img/train_t2_0239_1.png|"u  llllsssee   ee   
/data3fast/users/mbermudez/de_03/TFGDataset/img/train_t2_0834_1.png|iieeeeeeggeeeetttt   sssllhhhhieeennne sssss
/data3fast/users/mbermudez/de_03/TFGDataset/img/train_t2_0879_0.png|iit   eesrrrerrrrrrdeee    ddeeinnneeee**
/data3fast/users/mbermudez/de_03/TFGDataset/img/train_t2_0120_1.png|aaseeeNNNe ddrrrrrtiiicneeeNlll dddaacchinnneee
/data3fast/users/mbermudez/de_03/TFGDataset/img/train_t2_0494_1.png|wssss  .
/data3fast/users/mbermudez/de_03/TFGDataset/img/train_t2_0048_1.png|oooed     ***  sheee tteeeeeeeee aaaaddd ssseeeeeeeN
/data3fast/users/mbermudez/de_03/TFGDataset/img/train_t2_0074_1.png|tt   nggeee hhtt eedee  aan eee nnnnn eett
/data3fast/users/mbermudez/de_03/TFGDataset/img/train_t2_1445_2.png|eee   eees  aannnaaaudderrrhhheee aanddd
/data3fast/users/mbermudez/de_03/TFGDataset/img/train_t2_0091.png|unddaaaaaaauufgggeeee  a    ssssinnndeeeii
/data3fast/users/mbermudez/de_03/TFGDataset/img/train_t2_0618_0.png|chhsess    nndsssss    n   nnnnn  nneeeeeeecccchhh  eee au
/data3fast/users/mbermudez/de_03/TFGDataset/img/train_t2_1020_2.png|#
/data3fast/users/mbermudez/de_03/TFGDataset/img/train_t2_0567_2.png|ann  eeestttt   cchh eee aaalau dd ssccnnnleee
/data3fast/users/mbermudez/de_03/TFGDataset/img/train_t2_0019_1.png|ihhh eee nndee aaa ddeennneeeeeecceeN     rreeee
/data3fast/users/mbermudez/de_03/TFGDataset/img/train_t2_0650_0.png|alleeeehheeeeNN ndddeeiieNN  dddee llllh dd aseeehh
/data3fast/users/mbermudez/de_03/TFGDataset/img/train_t2_1002_1.png|eeeeeeeeeeNee eeeeeeeeee  ee tteees tittttt   nee
/data3fast/users/mbermudez/de_03/TFGDataset/img/train_t2_0826_0.png|iir   aasssccchtttt ....... ccee      ch eee elleee  unnnnnn
/data3fast/users/mbermudez/de_03/TFGDataset/img/train_t2_0559_2.png|unndeeeee  aasssssslleee  nnn   eeeee ssllle dreee
/data3fast/users/mbermudez/de_03/TFGDataset/img/train_t2_0034_2.png|#  eee
/data3fast/users/mbermudez/de_03/TFGDataset/img/train_t2_1354_2.png|wiieeeestt   ssssstt    ccchhtttat aaaa
/data3fast/users/mbermudez/de_03/TFGDataset/img/train_t2_0862.png|aasssseeetttnnnnaaaalleeeiihheeeN eee uuudd
/data3fast/users/mbermudez/de_03/TFGDataset/img/train_t2_0845_2.png|deee   nnnneiihieeeNN dasssss  naasccssseee 
/data3fast/users/mbermudez/de_03/TFGDataset/img/train_t2_0002_2.png|mieetttttllgee   d aauufssste  ich dd
/data3fast/users/mbermudez/de_03/TFGDataset/img/train_t2_1100.png|waaaa ddeee  eeeelaa eesss eee llca aa dddeeetttt
/data3fast/users/mbermudez/de_03/TFGDataset/img/train_t2_0361_0.png|# de
/data3fast/users/mbermudez/de_03/TFGDataset/img/train_t2_1277_2.png|de  aaaaeeeee nnnddsss nnnn eeeeeN  ndd iccnnddesssslle
/data3fast/users/mbermudez/de_03/TFGDataset/img/train_t2_0994_2.png|drttttt   d ee sss  dd  *         sshhheeeN  nnd
/data3fast/users/mbermudez/de_03/TFGDataset/img/train_t2_0342_1.png|ennnnnihhlllaaasseee  ddr    dee  scchhleee  llsss
/data3fast/users/mbermudez/de_03/TFGDataset/img/train_t2_0749_2.png|rrree    ahh eeee    aaf eeeee  llle  nncc eeee   ere
/data3fast/users/mbermudez/de_03/TFGDataset/img/train_t2_1261.png|drrttt eee  nnn  eeet uuundeeeelllleeN
/data3fast/users/mbermudez/de_03/TFGDataset/img/train_t2_0757_2.png|seeh  aa sseeeN allleeNN nn   iiittt   ddrrelllh
/data3fast/users/mbermudez/de_03/TFGDataset/img/train_t2_0018_1.png|meeeeeeee nnndd rrrelleeeeeeee****     dd ssseeg
/data3fast/users/mbermudez/de_03/TFGDataset/img/train_t2_0329_1.png|ccttteeeNNNN sssl    ichh    ee   cceeN  aaslllee ddndd
/data3fast/users/mbermudez/de_03/TFGDataset/img/train_t2_0644_0.png|nneeeen aaa eeee asssseeneeeeeiieeee aaa eerrrr
/data3fast/users/mbermudez/de_03/TFGDataset/img/train_t2_0589_1.png|mit   nneeee ssssss   eeeeee e   cllleenn  ttttt
/data3fast/users/mbermudez/de_03/TFGDataset/img/train_t2_1127_2.png|dee  nneeeeegge   rrieeeed   aaahhheeelllhh
/data3fast/users/mbermudez/de_03/TFGDataset/img/train_t2_0379_2.png|ddi teeeeeeeerd  aascchnndd sschttt
/data3fast/users/mbermudez/de_03/TFGDataset/img/train_t2_1193.png|wiieennnenneeesssss           ccheeeeNe ssss     nddd
/data3fast/users/mbermudez/de_03/TFGDataset/img/train_t2_1408_1.png|dritttttttttt
/data3fast/users/mbermudez/de_03/TFGDataset/img/train_t2_1345_1.png|ger   rrr dd  ttthhheennnnaataaaleeettt
/data3fast/users/mbermudez/de_03/TFGDataset/img/train_t2_0168_2.png|uus    deeee  neeesss tht aaa aleeeNd sssss ddeeelhhh
/data3fast/users/mbermudez/de_03/TFGDataset/img/train_t2_1136_2.png|"eeeeeeee auundddsss     dd   aiiieeeeeeetttt
/data3fast/users/mbermudez/de_03/TFGDataset/img/train_t2_0001_1.png|gee  nnnuuffelllleeeeeeeeee  nddsss aaadeeseeeshhh
/data3fast/users/mbermudez/de_03/TFGDataset/img/train_t2_1497_2.png|ttee eeeeleeeeee   iiiiinneeeeeerrrrdaannnach
/data3fast/users/mbermudez/de_03/TFGDataset/img/train_t2_0908.png|st   deeearegnaa deeeleeee   aaauunnnn tttttt
/data3fast/users/mbermudez/de_03/TFGDataset/img/train_t2_1400_2.png|bee n nnie
/data3fast/users/mbermudez/de_03/TFGDataset/img/train_t2_1221_1.png|oon   iiieeeellllee d  tttthheeeeNee  tttcclllee
/data3fast/users/mbermudez/de_03/TFGDataset/img/train_t2_0031_1.png|teee   cch ddeeeee   aaanndddeeeltttteeenn
/data3fast/users/mbermudez/de_03/TFGDataset/img/train_t2_0062_0.png|tttttnneeeenneee  lll edrdrrriiieeeeeee***eeee  eeeall
/data3fast/users/mbermudez/de_03/TFGDataset/img/train_t2_1345.png|gee  d    ddriicccchiinnnnaaaaaa eeetttt
/data3fast/users/mbermudez/de_03/TFGDataset/img/train_t2_0131_2.png|oon d  aahtte deeeee    .....
/data3fast/users/mbermudez/de_03/TFGDataset/img/train_t2_1334.png|oos  eeeennnneceee  ndd rtttte nnaaaleeeeee
/data3fast/users/mbermudez/de_03/TFGDataset/img/train_t2_1222_2.png|wwlllauu deee  lllh niieeeee   dd   asetttt
/data3fast/users/mbermudez/de_03/TFGDataset/img/train_t2_0875_1.png|eee   deeeee  aassssee eeeee hhhhhitt cahnidee
/data3fast/users/mbermudez/de_03/TFGDataset/img/train_t2_0023_1.png|geertthheehhteeeeeerlllheeeeennnn dd    eedeeeeeiiee
/data3fast/users/mbermudez/de_03/TFGDataset/img/train_t2_1360_1.png|gesssteeeeesstt  rdeee aaauunneeeggggggeeee
/data3fast/users/mbermudez/de_03/TFGDataset/img/train_t2_0063.png|eN   dnnnn ss  eeehchheesstthet    d ssschhettt  dr
/data3fast/users/mbermudez/de_03/TFGDataset/img/train_t2_1301.png|dee   nneeccchh  sss   dd     e *iieec e  sssss      clleeNNN
/data3fast/users/mbermudez/de_03/TFGDataset/img/train_t2_0571.png|beeeeeeee  aaaseeee      eeeeN lllggeenniir
/data3fast/users/mbermudez/de_03/TFGDataset/img/train_t2_1220_1.png|iie   dddee aagee ndd aa ttteeeN   ddsse
/data3fast/users/mbermudez/de_03/TFGDataset/img/train_t2_0364_0.png|irrrnnnaaaassaaaa  ddaaa tttt    neeeelhennnnnneeesss
/data3fast/users/mbermudez/de_03/TFGDataset/img/train_t2_0658.png|mit  d   ddniiieeeeeeNN  neer llllllillhheeeerrel
/data3fast/users/mbermudez/de_03/TFGDataset/img/train_t2_1493_2.png|ggennteeee    .
/data3fast/users/mbermudez/de_03/TFGDataset/img/train_t2_0169.png|dee teeiichhha  dde riiheeeeeNN  ccnnnnnNN nnn
/data3fast/users/mbermudez/de_03/TFGDataset/img/train_t2_1000_1.png|lletteeeeeniiichnnngeeeee  n  eeeeeegeee rrreeeeee
/data3fast/users/mbermudez/de_03/TFGDataset/img/train_t2_0033.png|ttiiiiiiiiee sss     iiiiihhi   ssss     llleeennee
/data3fast/users/mbermudez/de_03/TFGDataset/img/train_t2_1465.png|auu  eeessscch ndaalll  aneeee d sscccsssss  uuudde
/data3fast/users/mbermudez/de_03/TFGDataset/img/train_t2_0236_0.png|aas eeeeeee aggeetr  drrrrr   aasee sccchh
/data3fast/users/mbermudez/de_03/TFGDataset/img/train_t2_1307.png|cheeeeeeeee   dd  ddeee gggggg   tttua  eee tttt
/data3fast/users/mbermudez/de_03/TFGDataset/img/train_t2_0798_0.png|ieeeeee aassse   sssseee  eeeeedd
/data3fast/users/mbermudez/de_03/TFGDataset/img/train_t2_0181_0.png|sseNN  allhttteegllssttt  d   nnner ahheeeee
/data3fast/users/mbermudez/de_03/TFGDataset/img/train_t2_1174_1.png|iir  aaaeeeetiinnauuu eelll  dd    rieeeeeNN******e
/data3fast/users/mbermudez/de_03/TFGDataset/img/train_t2_0886_1.png|unnn  nnndd  sschhhhheeeN   **   caatt uuuuuee
/data3fast/users/mbermudez/de_03/TFGDataset/img/train_t2_0914_1.png|assss      eeeee   tteeeseeeN   e re eeeeedeerrrtttt
/data3fast/users/mbermudez/de_03/TFGDataset/img/train_t2_1134_1.png|ttt  nddaaaalleeeeleeettt uufgeeeee  rrrddrr
/data3fast/users/mbermudez/de_03/TFGDataset/img/train_t2_0904.png|er aalllllhiinnggeeslll  nnn  e*   u  eeeeee
/data3fast/users/mbermudez/de_03/TFGDataset/img/train_t2_0199_2.png|wllle rrllleee  ddddrrreeesss   eett  hhheeN
/data3fast/users/mbermudez/de_03/TFGDataset/img/train_t2_0754_0.png|und ssssseee   scceeN   sseeennn    hhhhl e eeeeetttt
/data3fast/users/mbermudez/de_03/TFGDataset/img/train_t2_0171_0.png|iii  
/data3fast/users/mbermudez/de_03/TFGDataset/img/train_t2_0792_1.png|uuttttiiieeeededdd nnneeeeettti  nnn  ssautt
/data3fast/users/mbermudez/de_03/TFGDataset/img/train_t2_1275.png|beN  aaschheeeellhhee   innnnnnee  i **   ellsss  d rr
/data3fast/users/mbermudez/de_03/TFGDataset/img/train_t2_0638_2.png|ohhleN     cheeeeeeeeniichhhhhh       aaaas  eenn
/data3fast/users/mbermudez/de_03/TFGDataset/img/train_t2_1479_0.png|wee aaassee n   dde    dess ennnnnneeeee
/data3fast/users/mbermudez/de_03/TFGDataset/img/train_t2_1255_1.png|lleN nddddeeeelcheeN  ccciiinee uugeeeett unnnndee
/data3fast/users/mbermudez/de_03/TFGDataset/img/train_t2_0161_1.png|mrauu   rreettiiiiieeee   aannneeeeeeeeesssschlll
/data3fast/users/mbermudez/de_03/TFGDataset/img/train_t2_1363_1.png|rrd    ttehhhit  sssllNNNsssee  niteettt  d  aa
/data3fast/users/mbermudez/de_03/TFGDataset/img/train_t2_1267_0.png|anndd aa    ss thtttceeeN ******...cccc    ddd
/data3fast/users/mbermudez/de_03/TFGDataset/img/train_t2_1322_2.png|tieeeeeelleeetr d  s eeeecchhnddnn  sss  ddd
/data3fast/users/mbermudez/de_03/TFGDataset/img/train_t2_1076_1.png|geggggeeeesss ssss   uddde   afgegnn eeee***e*e    hh
/data3fast/users/mbermudez/de_03/TFGDataset/img/train_t2_1037.png|allsseeeeedd  aasssscheNnnnnneeeeccheeeeeeeeeeeechhh
/data3fast/users/mbermudez/de_03/TFGDataset/img/train_t2_0255_2.png|"   rrttmmnnnnn  ttrrrr rllllee unn  hhee
/data3fast/users/mbermudez/de_03/TFGDataset/img/train_t2_0071_2.png|nnd  sss deee     c ddeeeeeeee ccchlee   a  dddee
/data3fast/users/mbermudez/de_03/TFGDataset/img/train_t2_0293_1.png|dee eeeeeetttteeee   d e  uuunahneeeeehhheeeeeeeeN
/data3fast/users/mbermudez/de_03/TFGDataset/img/train_t2_1100_2.png|iihhaan eeteeeee allleesssssee  lcccaauuddeeeeittt
/data3fast/users/mbermudez/de_03/TFGDataset/img/train_t2_0503_1.png|unddeeeeee  c   ssseeeeennnnneeiiiiii aaaa
/data3fast/users/mbermudez/de_03/TFGDataset/img/train_t2_0976.png|oss  aaaaaaaassllgelhhh   nniittt  deee sssssee nnn
/data3fast/users/mbermudez/de_03/TFGDataset/img/train_t2_0783_0.png|errchhhhinenneee*   ssssseeeeeraaatt  rraaleeee
/data3fast/users/mbermudez/de_03/TFGDataset/img/train_t2_0454_0.png|sheee  nnnndeeeeeeeeee   r aaa dde ddd    nnnnn
/data3fast/users/mbermudez/de_03/TFGDataset/img/train_t2_0795.png|rrrnnnnnnnuuddeeehhhh  alleeee   i**        aaneee
/data3fast/users/mbermudez/de_03/TFGDataset/img/train_t2_0878.png|verraaaaachiee   lllle nniiiin  aasssshtttttee
/data3fast/users/mbermudez/de_03/TFGDataset/img/train_t2_0501_1.png|geechheeNNsssstt  ddenniieelhhh ddeeellcheeNNnn
/data3fast/users/mbermudez/de_03/TFGDataset/img/train_t2_0226_2.png|eeN ggggNN
/data3fast/users/mbermudez/de_03/TFGDataset/img/train_t2_0478_0.png|geehhhheee    aee  neelhhhhttt   eee cccneNNNNsssss
/data3fast/users/mbermudez/de_03/TFGDataset/img/train_t2_1208_2.png|dds  errreeee nnnnmh eeee tttttrreeeeiinnn
/data3fast/users/mbermudez/de_03/TFGDataset/img/train_t2_1327.png|ee   nnneeihhasseeeett eeeerdr dddd rllle  uuuu
/data3fast/users/mbermudez/de_03/TFGDataset/img/train_t2_0630_2.png|ooleee    acccchhheeNN  
/data3fast/users/mbermudez/de_03/TFGDataset/img/train_t2_1433_2.png|iihh leee  uddddeessshhhiinneeeeee  t  ddeeesssssNN
/data3fast/users/mbermudez/de_03/TFGDataset/img/train_t2_0650.png|alleeeeeeehheeN nnddee iinn   ddeeaalhhh  dddsssshh
/data3fast/users/mbermudez/de_03/TFGDataset/img/train_t2_0500_1.png|geeseeeerrr aahhttt neeett  nd  asseeeeettt
/data3fast/users/mbermudez/de_03/TFGDataset/img/train_t2_0895_0.png|eennneeeeee  aaaaauudee  nnnnee aat eeesseeeeeedd
/data3fast/users/mbermudez/de_03/TFGDataset/img/train_t2_1014_2.png|geee e eeeeeelleee ccchh ieeeell ssss   sss   eeeeee
/data3fast/users/mbermudez/de_03/TFGDataset/img/train_t2_0421_1.png|geeeheeteet   mmhhhh annttttttt    eeelllheddr
/data3fast/users/mbermudez/de_03/TFGDataset/img/train_t2_1389_2.png|eeed  aegllh  dd  aachhieeeeeeeenn aattt
/data3fast/users/mbermudez/de_03/TFGDataset/img/train_t2_0809_1.png|dee   n  eeeeeeNN  ah  diiiiinneee***  eeeeeeellee
/data3fast/users/mbermudez/de_03/TFGDataset/img/train_t2_1139.png|tt  aaaf ed    aahhiieetee    cclll ddeee**
/data3fast/users/mbermudez/de_03/TFGDataset/img/train_t2_0260_0.png|nneeNNssss u n eeeeeeet inneeelllllaaaaa sseeeeNNN
/data3fast/users/mbermudez/de_03/TFGDataset/img/train_t2_0445_0.png|un  eeeeeNNss  deennnnn  ettt allleneeee aaa
/data3fast/users/mbermudez/de_03/TFGDataset/img/train_t2_0440_2.png|der  a dd   ttttttttt     
/data3fast/users/mbermudez/de_03/TFGDataset/img/train_t2_1491_2.png|aass  nndeee******......    ricchhssseN   ssschh eee
/data3fast/users/mbermudez/de_03/TFGDataset/img/train_t2_1498_2.png|di   nn ssschheeddeeer rrdddre  iitt  ssssssstt
/data3fast/users/mbermudez/de_03/TFGDataset/img/train_t2_0158.png|ssll  ggeeeeeeleeee  ndd  ichnnn eee   tttmamnnne
/data3fast/users/mbermudez/de_03/TFGDataset/img/train_t2_1338_0.png|nee  sscchedeee  dddeeiinniiii **....   eellsss
/data3fast/users/mbermudez/de_03/TFGDataset/img/train_t2_1065_2.png|llle  dddnneeeceeeN  aacsss   aa deeeeee****    a 
/data3fast/users/mbermudez/de_03/TFGDataset/img/train_t2_1118_2.png|de  aaaaauuuuu mhhhee d a nnnnee aaaa ssss  dddee
/data3fast/users/mbermudez/de_03/TFGDataset/img/train_t2_1170_1.png|oon eeeeetttt    deiccnnnnnamttteeeeelll
/data3fast/users/mbermudez/de_03/TFGDataset/img/train_t2_0367_0.png|aat  rrrlleeeteeeeeeiieeeet  dreelllcch   nnnn
/data3fast/users/mbermudez/de_03/TFGDataset/img/train_t2_1002_0.png|rreeeeeeeeeeeeeeeeechtee eerrrteessssstttttt   eeee
/data3fast/users/mbermudez/de_03/TFGDataset/img/train_t2_0866_0.png|fffn   sss eed  nicchhtseeN n   ieeeeeeeedd
/data3fast/users/mbermudez/de_03/TFGDataset/img/train_t2_0848_1.png|gee  tttttt innn ee i * *  elllss  undddd  alll
/data3fast/users/mbermudez/de_03/TFGDataset/img/train_t2_1138.png|aaeee    annneen  ssssseellleeh ndesssssseee dr
/data3fast/users/mbermudez/de_03/TFGDataset/img/train_t2_1038_0.png|dra aaauutt uungeeee   scttt leeeuuu tttttt   
/data3fast/users/mbermudez/de_03/TFGDataset/img/train_t2_1118_1.png|desssaalauuuuu   iieee    nnnnneeinnaaasss  nddee
/data3fast/users/mbermudez/de_03/TFGDataset/img/train_t2_1224.png|ss   iieeeeeeee    eeeeelchhhee  llssshhh iiinnn
/data3fast/users/mbermudez/de_03/TFGDataset/img/train_t2_1416_0.png|drttteeegggeeee   a ddeinnnnnddnaaaalee  drrrr
/data3fast/users/mbermudez/de_03/TFGDataset/img/train_t2_1055_2.png|seeeee   aahhttt   t   iieeeeccssssss
/data3fast/users/mbermudez/de_03/TFGDataset/img/train_t2_0459.png|sse    duuauuu  nee  ttiieeeeeleeeeee  aaaa neeeee
/data3fast/users/mbermudez/de_03/TFGDataset/img/train_t2_0407_2.png|"u eeeeeeee  lggeett  dd sscchsedddessshhhhheee
/data3fast/users/mbermudez/de_03/TFGDataset/img/train_t2_1090_0.png|eeettetttttt 
/data3fast/users/mbermudez/de_03/TFGDataset/img/train_t2_0008_1.png|oddddeee  uuuuunneee  eee***    ssssseeee  ddnn
/data3fast/users/mbermudez/de_03/TFGDataset/img/train_t2_1143.png|eeeee    lleeinnndeei ****   aaaaa ttt nnittttt
/data3fast/users/mbermudez/de_03/TFGDataset/img/train_t2_0404_1.png|bee llllliii  
/data3fast/users/mbermudez/de_03/TFGDataset/img/train_t2_0219_0.png|diee ee   uunneeee  aacsseeNN        dd      cccc
/data3fast/users/mbermudez/de_03/TFGDataset/img/train_t2_0568_1.png|ceeeeeee     aaaaadeee ttt incceeeedeeettttt
/data3fast/users/mbermudez/de_03/TFGDataset/img/train_t2_0350_1.png|geeehheee aaaacch dddeeelllssssee sssttee   nnnee  nnnu
/data3fast/users/mbermudez/de_03/TFGDataset/img/train_t2_0501.png|geehheeeNNssssst   ddnniiiellhe ddeellheeeN nue
/data3fast/users/mbermudez/de_03/TFGDataset/img/train_t2_1054.png|wlllee  aaachh  ddddreeegg uusttt    reeee
/data3fast/users/mbermudez/de_03/TFGDataset/img/train_t2_0685_0.png|dii eeeeee***ee  fuuuuggeeeeee    sssee
/data3fast/users/mbermudez/de_03/TFGDataset/img/train_t2_1454_2.png|iiieeeiiiictt neeee nnnnnnncssee  aaaaleee
/data3fast/users/mbermudez/de_03/TFGDataset/img/train_t2_1024_0.png|sstteinnndd   ttteee  esseeesccheee nnndderrrm
/data3fast/users/mbermudez/de_03/TFGDataset/img/train_t2_0973_2.png|ee   cccchneeN llle   amtttteeeeeeeeeii rrreeeee
/data3fast/users/mbermudez/de_03/TFGDataset/img/train_t2_0981_2.png|sstt   sssaaa eeeeessllsssssNe     ddeeee  a ssttt ederrss
/data3fast/users/mbermudez/de_03/TFGDataset/img/train_t2_0246_1.png|iittt     naggggeee    ee ecchheeNNN **
/data3fast/users/mbermudez/de_03/TFGDataset/img/train_t2_0291_2.png|beessssssss  ndd  allhht  rr   ddd lllle    nnnnn
/data3fast/users/mbermudez/de_03/TFGDataset/img/train_t2_0335_1.png|dasss  nn nn tttt  errrrredr aaunnnnnccheeeN
/data3fast/users/mbermudez/de_03/TFGDataset/img/train_t2_1349_0.png|eerrnnniittt   rregggeeiitt nccht  drrrrrrrrrreett
/data3fast/users/mbermudez/de_03/TFGDataset/img/train_t2_0310_2.png|deeeeee tttteeesseNfffssssseeeleeeNeN   deedd ds
/data3fast/users/mbermudez/de_03/TFGDataset/img/train_t2_1398_1.png|ne   asssllhheeddeeeenneei aand iiieeeee
/data3fast/users/mbermudez/de_03/TFGDataset/img/train_t2_1078_2.png|lltttt  
/data3fast/users/mbermudez/de_03/TFGDataset/img/train_t2_0119_1.png|gellhahhhh  nnnnn dddnnnan ddd ee   aarrree
/data3fast/users/mbermudez/de_03/TFGDataset/img/train_t2_0799_2.png|ieeeeeeeeeee   nnhnllaacheeeeeeeiinnngggeeeetss
/data3fast/users/mbermudez/de_03/TFGDataset/img/train_t2_0386.png|udddesssseeeeeennn iitt  cclleee llll  aaeeeed  ssschllsss
/data3fast/users/mbermudez/de_03/TFGDataset/img/train_t2_1143_0.png|eeese  aallheenndd e   ..... a  a t     nccssss
/data3fast/users/mbermudez/de_03/TFGDataset/img/train_t2_0069_0.png|inn    eeee nnnge   eerrelllllee  tssee  nn  
/data3fast/users/mbermudez/de_03/TFGDataset/img/train_t2_1045_2.png|wlllhhhit ddrrrtttttte  aaaaallsees  uuf   eee
/data3fast/users/mbermudez/de_03/TFGDataset/img/train_t2_0429.png|ggeeeeeeeeeee  dd sssss   iiiiieeeeeesschlu ee    ee
/data3fast/users/mbermudez/de_03/TFGDataset/img/train_t2_1033_0.png|aahttt  nnnnttt   aacchhdddeeee ittt  deeee
/data3fast/users/mbermudez/de_03/TFGDataset/img/train_t2_0361.png|# de
/data3fast/users/mbermudez/de_03/TFGDataset/img/train_t2_0496_2.png|miiieeeennnddnnnddeeeiccheeN  sssssaallllll ndd
/data3fast/users/mbermudez/de_03/TFGDataset/img/train_t2_1053_2.png|dii   nnddess   ddeeeetiie      sss  d
/data3fast/users/mbermudez/de_03/TFGDataset/img/train_t2_1244_1.png|ohheeeeeeeeett   aauuuddeesscchhsssllleeeee
/data3fast/users/mbermudez/de_03/TFGDataset/img/train_t2_1032.png|eeeeeer   ii ccc   ccccheeddddesssseesNN     eeeee
/data3fast/users/mbermudez/de_03/TFGDataset/img/train_t2_0345_0.png|ihhh ahh    ddderrhheeee  aannddee cclnneeseeee ee
/data3fast/users/mbermudez/de_03/TFGDataset/img/train_t2_1273_1.png|heee    u aa   aaaeeet u nnneeeeN uundeeetttt
/data3fast/users/mbermudez/de_03/TFGDataset/img/train_t2_0093_0.png|die  aaaduaauddeeeeee laaggeeeee aaattttttt
/data3fast/users/mbermudez/de_03/TFGDataset/img/train_t2_0102_1.png|aaattteeee nnnnieee  csht nndd   iieeeee  neee
/data3fast/users/mbermudez/de_03/TFGDataset/img/train_t2_0963_2.png|uu  egggeee uaaaaasas sssee d riiinnndeesssssss
/data3fast/users/mbermudez/de_03/TFGDataset/img/train_t2_1257_1.png|dee  *****  gglgeettttt  deerrccheee  annnnnn
/data3fast/users/mbermudez/de_03/TFGDataset/img/train_t2_0632_1.png|de   a  deeee eeinnnnnggggeegleeettt  tttttt
/data3fast/users/mbermudez/de_03/TFGDataset/img/train_t2_0856_0.png|irrraaaleeee eeg   neeeeeeeeeeeesseeee ceeeeggeeNN
/data3fast/users/mbermudez/de_03/TFGDataset/img/train_t2_0666.png|deeeeeeeessseeee  aa sssseeiee   nnn ccheeee   asseeeeeeee
/data3fast/users/mbermudez/de_03/TFGDataset/img/train_t2_1299_0.png|mit  eerrrheee   udddd sccnneen uf ssseeessiiiiie
/data3fast/users/mbermudez/de_03/TFGDataset/img/train_t2_0705.png|leeeNNNNN   rrr   ttt   a s r t gguuunn
/data3fast/users/mbermudez/de_03/TFGDataset/img/train_t2_0421_0.png|geeeeheeeN t  machhhtunnntttttttteee rlleeeddr
/data3fast/users/mbermudez/de_03/TFGDataset/img/train_t2_0939_2.png|iih eeeeeehheeeee aaasss nneeee   ddeeee aaaa
/data3fast/users/mbermudez/de_03/TFGDataset/img/train_t2_1151_2.png|eeeN
/data3fast/users/mbermudez/de_03/TFGDataset/img/train_t2_1073_0.png|# d
/data3fast/users/mbermudez/de_03/TFGDataset/img/train_t2_0118.png|ieehhhhhe  uuuahee   deeeiiheeN  nc  deeeleeeeeNN
/data3fast/users/mbermudez/de_03/TFGDataset/img/train_t2_0723_0.png|geeeee   dnnneccchieedi annnnnddeetttteee
/data3fast/users/mbermudez/de_03/TFGDataset/img/train_t2_0119_0.png|gellaahhhtt nnnnnnndde nnnndd  eee    rrrrree
/data3fast/users/mbermudez/de_03/TFGDataset/img/train_t2_0211.png|"ndddeese  nnnn  acheeeeelllllass  s   dd  
/data3fast/users/mbermudez/de_03/TFGDataset/img/train_t2_0946.png|un eeeee eddder aasss ee      ss ii  aaaaeeee ttt
/data3fast/users/mbermudez/de_03/TFGDataset/img/train_t2_1374.png|oeee d e aaacchnnnniinettt  nggaeeee
/data3fast/users/mbermudez/de_03/TFGDataset/img/train_t2_0651_1.png|set    deeee aaandessee nnnnnddddessss  neee nnahhhh
/data3fast/users/mbermudez/de_03/TFGDataset/img/train_t2_0263_0.png|nnneecchsst  dde aaaaatttieeinn  deeeeelleee
/data3fast/users/mbermudez/de_03/TFGDataset/img/train_t2_1102_2.png|aaaun ieeeeee   .....
/data3fast/users/mbermudez/de_03/TFGDataset/img/train_t2_1470_0.png|inee rsschh  deeeee*******  *...    eeeeeee ss  d eeessh
/data3fast/users/mbermudez/de_03/TFGDataset/img/train_t2_1066_2.png|wee nnaa eeerriiiiittee      llll  ss    iiii
/data3fast/users/mbermudez/de_03/TFGDataset/img/train_t2_0702_0.png|hheeeeessssteeeeelss   niiitt  llleNNN  NNN
/data3fast/users/mbermudez/de_03/TFGDataset/img/train_t2_0816_2.png|und s etteet  .
/data3fast/users/mbermudez/de_03/TFGDataset/img/train_t2_0922_1.png|chheeeeeessseee  ndnnaaanngslcchi   lllesssslll
/data3fast/users/mbermudez/de_03/TFGDataset/img/train_t2_0858_1.png|unddddaaa eeeesssseeeettteeeeees  ddssss
/data3fast/users/mbermudez/de_03/TFGDataset/img/train_t2_0348_1.png|wwttt    r aaaatttt   ssst ssss    eeee nnaa eettt
/data3fast/users/mbermudez/de_03/TFGDataset/img/train_t2_0410_1.png|eeeeeeeeeeee  eeee ccheeeeeee*    tssahlgennn   rrrr
/data3fast/users/mbermudez/de_03/TFGDataset/img/train_t2_0414_2.png|geee         hheeeelllhhsset   nnnneee   ass  deeeeeeeeN
/data3fast/users/mbermudez/de_03/TFGDataset/img/train_t2_0470.png|weeeerttttttl
/data3fast/users/mbermudez/de_03/TFGDataset/img/train_t2_1316.png|iieeerrrttttt 
/data3fast/users/mbermudez/de_03/TFGDataset/img/train_t2_1104_1.png|oofee  annnneeennnnnddd  lllheeeeertttta dde
/data3fast/users/mbermudez/de_03/TFGDataset/img/train_t2_0689_1.png|undd as  eee  tte    asssdsaalllleeeieeletst
/data3fast/users/mbermudez/de_03/TFGDataset/img/train_t2_0369_0.png|vieellhhhhaaah ddeslleeNe nnneeeeeieeeetttt aaa
/data3fast/users/mbermudez/de_03/TFGDataset/img/train_t2_1015_2.png|tt  naaaaa ddee chhheee  sss nnnneeeee   eeee
/data3fast/users/mbermudez/de_03/TFGDataset/img/train_t2_0060.png|ee  dnndddeeesssccchcheeeeelchhha  errr  dd aaa
/data3fast/users/mbermudez/de_03/TFGDataset/img/train_t2_0311_0.png|ggnttiiihheeedd  chheeeerertt aaa eeeeeee   nnn
/data3fast/users/mbermudez/de_03/TFGDataset/img/train_t2_0473_1.png|geennnete     .
/data3fast/users/mbermudez/de_03/TFGDataset/img/train_t2_0257_0.png|viihhhhhhhee    acchssseee     hhhheennnnecchhesss
/data3fast/users/mbermudez/de_03/TFGDataset/img/train_t2_0076.png|dee nnnneeeesseeeNNNuun iiteeee  nneee  dd
/data3fast/users/mbermudez/de_03/TFGDataset/img/train_t2_0774_0.png|daeseeeeeNNuuunneee  ccche   dddrlheeeeeeeeee
/data3fast/users/mbermudez/de_03/TFGDataset/img/train_t2_1285_2.png|"     rreeeee   acheeeeeeedd e  llllllheeNNN*  ***   eennnee
/data3fast/users/mbermudez/de_03/TFGDataset/img/train_t2_0435_0.png|ee  ddddd ssch      iinee lllsseddd  rrrinnnnaaa n
/data3fast/users/mbermudez/de_03/TFGDataset/img/train_t2_1343_1.png|nnn    ee  nnnee hhhee    aschi e    i   *eeeee  ddee
/data3fast/users/mbermudez/de_03/TFGDataset/img/train_t2_0247_1.png|aaaa   dddrrreee  nnd iiihaaaleeeeggaaateeer
/data3fast/users/mbermudez/de_03/TFGDataset/img/train_t2_0940_1.png|der llteeeeerllleennnnnddd s  ccchh   ddddeeennge
/data3fast/users/mbermudez/de_03/TFGDataset/img/train_t2_1045.png|wllhhhttt  dee tttttttee aaaalllssstt   uu t  
/data3fast/users/mbermudez/de_03/TFGDataset/img/train_t2_0609_0.png|errlllttt  ddee  sssseeeeeettt nn essssseNN
/data3fast/users/mbermudez/de_03/TFGDataset/img/train_t2_1019_0.png|geeieeee    eeiittttt   dreeeeeselleN
/data3fast/users/mbermudez/de_03/TFGDataset/img/train_t2_1157_0.png|dittttt   nnnn eet   hhhnnneeeesccc nnngeeeeeeneeeecee
/data3fast/users/mbermudez/de_03/TFGDataset/img/train_t2_1054_0.png|wlllleee aaahht   ddddeeeggg   ssss s  reeee
/data3fast/users/mbermudez/de_03/TFGDataset/img/train_t2_0783_1.png|eesshhhhiinnnee nn  ssssseeee raaattt r alleee
/data3fast/users/mbermudez/de_03/TFGDataset/img/train_t2_1050_1.png|weeeNdddnnn st   ndderr eeeet s  lleeeeeennnne
/data3fast/users/mbermudez/de_03/TFGDataset/img/train_t2_0857_2.png|dee      sssaaann   errrt  nn ccheeeee    ssssllal
/data3fast/users/mbermudez/de_03/TFGDataset/img/train_t2_1268_0.png|wir     anndeee  andd aatttteeeNN gggennndd
/data3fast/users/mbermudez/de_03/TFGDataset/img/train_t2_0838_0.png|chhh    erraaa eeeettttt i aaaa  nnnnnngeeeehh
/data3fast/users/mbermudez/de_03/TFGDataset/img/train_t2_0519_0.png|bee   tt      eeee     rrrlllee  aaunnnnieesss
/data3fast/users/mbermudez/de_03/TFGDataset/img/train_t2_0482_1.png|errrssseeNd   aggeee lchhheennnee***     ccssslle
/data3fast/users/mbermudez/de_03/TFGDataset/img/train_t2_0583_1.png|aggeeN uuu dddnnnnalll   iihhhhseleeN   llleerrrl
/data3fast/users/mbermudez/de_03/TFGDataset/img/train_t2_0084_1.png|nnnn  eessstt   *.   rrieeeiiii  eeeer e s      iiiiieeee
/data3fast/users/mbermudez/de_03/TFGDataset/img/train_t2_0053_0.png|aass    naaasseesstalllt  d    eee    ttttssss
/data3fast/users/mbermudez/de_03/TFGDataset/img/train_t2_0649.png|"sss   al  chh deesse ddercccch  llllieeeeeeee
/data3fast/users/mbermudez/de_03/TFGDataset/img/train_t2_0385_2.png|iiihlla   ss  nnnellhheeeN  und eellleee  ********iin
/data3fast/users/mbermudez/de_03/TFGDataset/img/train_t2_1049_1.png|aaaa nn ddee  nngegegecchh sssuu ee eeeeeeee
/data3fast/users/mbermudez/de_03/TFGDataset/img/train_t2_1009_2.png|aa dderrrrrchhheee  eeeei nnnch dd aaasss
/data3fast/users/mbermudez/de_03/TFGDataset/img/train_t2_1458_0.png|de   iiittttt nnddd   i.***  gg  deerr rreee
/data3fast/users/mbermudez/de_03/TFGDataset/img/train_t2_0376.png|aaa  eeelleeeeerrrhh ddeeeeiccnnnndeeeseeehcchh
/data3fast/users/mbermudez/de_03/TFGDataset/img/train_t2_1402_1.png|wlll  ddaa    nneessclhessst     llllhheeetttte
/data3fast/users/mbermudez/de_03/TFGDataset/img/train_t2_0608_1.png|bllleeee   e*****    sssss e  eeeeeeiiiichh nnndeee
/data3fast/users/mbermudez/de_03/TFGDataset/img/train_t2_0808_0.png|eet  aaaaass   iiieee   uufe dde  ieeeeNNe 
/data3fast/users/mbermudez/de_03/TFGDataset/img/train_t2_0661.png|nn eeeeetttt  ggg sssst ree     .
/data3fast/users/mbermudez/de_03/TFGDataset/img/train_t2_0499.png|eee  nnnn  ddeeee aaaa   rheeelhhhee      nnee     
/data3fast/users/mbermudez/de_03/TFGDataset/img/train_t2_1323_0.png|beeeeeeeeeehhhhhhllee llleee   aee  ndddess   nneeee
/data3fast/users/mbermudez/de_03/TFGDataset/img/train_t2_0446_2.png|drr lhhe    sss d eee* ** *  gguu  ssee  nncchhhie
/data3fast/users/mbermudez/de_03/TFGDataset/img/train_t2_0246_2.png|iiitt    e  ggggeee     eeeeecccheNeNee*eee
/data3fast/users/mbermudez/de_03/TFGDataset/img/train_t2_0934_0.png|iii    slhhhneeeeetttttuggeeuuuniee
/data3fast/users/mbermudez/de_03/TFGDataset/img/train_t2_0915_2.png|lllleeeeeeeeeeeee sssseee  eeineeggg sssse   nneee
/data3fast/users/mbermudez/de_03/TFGDataset/img/train_t2_1389_0.png|eedd  ggellhtt d  aahhhieeeeeeeeenn   rtttt
/data3fast/users/mbermudez/de_03/TFGDataset/img/train_t2_0714_0.png|annneehhttttuu ddeeecchnneesclh  eeeee  arrre
/data3fast/users/mbermudez/de_03/TFGDataset/img/train_t2_0481.png|seeee edeeeeN  lgeee     s ddeeesss tt    uuu
/data3fast/users/mbermudez/de_03/TFGDataset/img/train_t2_0374_0.png|aas  nnnnegllhhauuggleeeee    aa ddeee ssss
/data3fast/users/mbermudez/de_03/TFGDataset/img/train_t2_0300.png|annh  errrddd      ah ittatmtheeeeN  nn  naaatt
/data3fast/users/mbermudez/de_03/TFGDataset/img/train_t2_0614_2.png|wieeeeeeeennee clheedee   t  drr  eeeeee  sshheeee es
/data3fast/users/mbermudez/de_03/TFGDataset/img/train_t2_0455_0.png|unddd rihheeeerrllllhhaahh ee   hhhhhhhcchnn
/data3fast/users/mbermudez/de_03/TFGDataset/img/train_t2_1387_0.png|ttt********   eeeesee      sslllllaaa ddesssseeee  itiiee
/data3fast/users/mbermudez/de_03/TFGDataset/img/train_t2_0528_2.png|ee   nneeeee tttttttteeeeeeeeeerhhht   aaaa
/data3fast/users/mbermudez/de_03/TFGDataset/img/train_t2_0785.png|onnllllhhennnnggeett  rrreiin aa dddsss  an chhh
/data3fast/users/mbermudez/de_03/TFGDataset/img/train_t2_0575_1.png|uu  lllhheeee   aaaleee ddeee llleeeeeeeeittnnn
/data3fast/users/mbermudez/de_03/TFGDataset/img/train_t2_0652_1.png|gee aaaseeaaaa   dde   cch   aaa dee  ......
/data3fast/users/mbermudez/de_03/TFGDataset/img/train_t2_1244.png|hhheeeeeeettttttt aauudee  ttssssshhtt  e
/data3fast/users/mbermudez/de_03/TFGDataset/img/train_t2_0508_1.png|nn  eeeeeN  a   hhh alseeeellleerrreeeettt
/data3fast/users/mbermudez/de_03/TFGDataset/img/train_t2_0712_1.png|de  aaaanneeeeeetttt   reeee   eelleeeN uu
/data3fast/users/mbermudez/de_03/TFGDataset/img/train_t2_1293_0.png|alee   aa  eeeeet nn uuuueeee chnunddeeeeeeees
/data3fast/users/mbermudez/de_03/TFGDataset/img/train_t2_1342.png|ann eeerrree  nndneennneee   mhhh  ddeeeeeeee uuuu
/data3fast/users/mbermudez/de_03/TFGDataset/img/train_t2_1163_2.png|wweeeeesssll  dd chaa deeetnnnnnn  eeeeii.
/data3fast/users/mbermudez/de_03/TFGDataset/img/train_t2_1163.png|wweeeeeNsssll dd chaaddeeettnnnnnn eeeee*....
/data3fast/users/mbermudez/de_03/TFGDataset/img/train_t2_1203.png|geeNNsssst   in ee aaallleelhnnneeeellle d
/data3fast/users/mbermudez/de_03/TFGDataset/img/train_t2_1188.png|chht sshhhhhhh  deee  cch   dd   nndde  ccchh nnndd aa
/data3fast/users/mbermudez/de_03/TFGDataset/img/train_t2_0793_2.png|besllll  eeeei  d eeeee tttsschhheesN  nnnsscccchhheeee
/data3fast/users/mbermudez/de_03/TFGDataset/img/train_t2_0448_0.png|ger d    ddeeetti nnneeecllleeee rrrreeeeddd 
/data3fast/users/mbermudez/de_03/TFGDataset/img/train_t2_1138_2.png|aaeede  s nnnneeeessssseeellee  ddssseeeee  dr
/data3fast/users/mbermudez/de_03/TFGDataset/img/train_t2_1488_0.png|uu  eeeeeeeeelletttt   rddrrr aaaee aannnn
/data3fast/users/mbermudez/de_03/TFGDataset/img/train_t2_0312_1.png|er  nndde  nn ccheeesseeet   nn  chh  deeennnnngg
/data3fast/users/mbermudez/de_03/TFGDataset/img/train_t2_1077_2.png|see ddeeetttchhieeee   aa e aeerrr aaasslls
/data3fast/users/mbermudez/de_03/TFGDataset/img/train_t2_0225_0.png|llheeee aa eeeeeeeggeehhtttdderrinndddeee
/data3fast/users/mbermudez/de_03/TFGDataset/img/train_t2_1371_0.png|dass cheeee t  dder ah ndaassdd   a n sseeeeee  ** nnn
/data3fast/users/mbermudez/de_03/TFGDataset/img/train_t2_0883_1.png|dieee  e etttt  uaaseeeeeeeeee aautttt eeeeee***  tt
/data3fast/users/mbermudez/de_03/TFGDataset/img/train_t2_0581_1.png|eee  uddassshhh ddd s ttt esstt  ahhhh eeeseeer
/data3fast/users/mbermudez/de_03/TFGDataset/img/train_t2_1195.png|iii aaaua   eeelleeN  .
/data3fast/users/mbermudez/de_03/TFGDataset/img/train_t2_0157_0.png|ooon    eeeeee eeeee ssslhet  nnn aaaeeeee
/data3fast/users/mbermudez/de_03/TFGDataset/img/train_t2_0696_0.png|oonndeee  eeeeee en****nnnnnnddaass eeeggggeee
/data3fast/users/mbermudez/de_03/TFGDataset/img/train_t2_1114.png|iiichhhhhh ndeeereeeeeeee  ee**     s nneeenneeiii  aaaa
/data3fast/users/mbermudez/de_03/TFGDataset/img/train_t2_0377_2.png|das  tttttttsss aaaannderr  reeee ssssstt eee
/data3fast/users/mbermudez/de_03/TFGDataset/img/train_t2_0817_0.png|dde  rellleenee   hhh   ngeeeeeNN  neeeeeeeN  allleeessee
/data3fast/users/mbermudez/de_03/TFGDataset/img/train_t2_1358_2.png|dassshhheeN nddd sttt   ddeeggnnnnteee  ***   eeee
/data3fast/users/mbermudez/de_03/TFGDataset/img/train_t2_0811_0.png|ddsss  eeeeeeeeeeiicchhhnnggeeeee   agggaahhheeuuu
/data3fast/users/mbermudez/de_03/TFGDataset/img/train_t2_0498_1.png|eettattuu eeeetll eedrreelllhhcheeeee     aa
/data3fast/users/mbermudez/de_03/TFGDataset/img/train_t2_0315_0.png|unn eeeeeeeeeeennn ddeereer  nnnnnaaaeeeeer
/data3fast/users/mbermudez/de_03/TFGDataset/img/train_t2_0982.png|dieeeeeehe    ssshhte   hhh essss  nnee cccllllllhhh
/data3fast/users/mbermudez/de_03/TFGDataset/img/train_t2_0929_2.png|ttt ddde aaasssseeeinnd  cchhh  nnnniinnndde
/data3fast/users/mbermudez/de_03/TFGDataset/img/train_t2_1380_0.png|nnddeeeeeeeeeee**********  ssssss   auddaaaslss dde
/data3fast/users/mbermudez/de_03/TFGDataset/img/train_t2_0531_1.png|diesseeeee ufsssshhtt  nnnnnnnndeee aataeeeee
/data3fast/users/mbermudez/de_03/TFGDataset/img/train_t2_1453_2.png|#
/data3fast/users/mbermudez/de_03/TFGDataset/img/train_t2_0713_0.png|# ee
/data3fast/users/mbermudez/de_03/TFGDataset/img/train_t2_1149.png|unddrrrrrrreeeeenne aalllssss  nddeesslllleee
/data3fast/users/mbermudez/de_03/TFGDataset/img/train_t2_0327_2.png|die   sseeNNN   ggeeee ttt geeeeeeNNuunnnneee
/data3fast/users/mbermudez/de_03/TFGDataset/img/train_t2_0777_1.png|dee  tteeeN  ndddeee   aanggl  iiieeeed   aahll
/data3fast/users/mbermudez/de_03/TFGDataset/img/train_t2_0775_2.png|geeenneeehheetttaaallgguuuuuuddde  htttttttt
/data3fast/users/mbermudez/de_03/TFGDataset/img/train_t2_1420.png|tt    eeeee sscchh  nnnicle aaasss  aaa eeennnaause
/data3fast/users/mbermudez/de_03/TFGDataset/img/train_t2_1179_2.png|daa  eeeeehhhhhh aaadau eeee   *        dd ssschhhtt
/data3fast/users/mbermudez/de_03/TFGDataset/img/train_t2_0356_0.png|be  nnnneiinaaaa  annnaa ccchh   aa eeett  ddd
/data3fast/users/mbermudez/de_03/TFGDataset/img/train_t2_0338_0.png|ceeN ssssschhs   aallllee  nnn ttt  .***ee  eeeeeee
/data3fast/users/mbermudez/de_03/TFGDataset/img/train_t2_0882_2.png|weee     ddeeeeeer  nnnneeeeddee **sscccnnnnnn
/data3fast/users/mbermudez/de_03/TFGDataset/img/train_t2_0018_2.png|mheeeeese  nndderrrellleeeeeeeeee***   deesss eeee
/data3fast/users/mbermudez/de_03/TFGDataset/img/train_t2_0651_2.png|bethh  deeeeeaauudssse nnnnnnd dddesss   eeee aahhhh
/data3fast/users/mbermudez/de_03/TFGDataset/img/train_t2_0141_2.png|werreeeee  nneett  eee ss   sseethchhtssteiinnnn
/data3fast/users/mbermudez/de_03/TFGDataset/img/train_t2_1089.png|innneeee  deeeellhhhteeeee  lllleeeNNNN sslsseeeddrr
/data3fast/users/mbermudez/de_03/TFGDataset/img/train_t2_0406_2.png|iii    n aaaleetttt   ddd sschh d  ccnii
/data3fast/users/mbermudez/de_03/TFGDataset/img/train_t2_0122_0.png|uu eeeeeedeeeee eeeeeeee  fugeeeeeeeeiin  raeee
/data3fast/users/mbermudez/de_03/TFGDataset/img/train_t2_0968.png|mtttthhllsssss  aaaaaaasslllhhhi  deeee        e raaaa
/data3fast/users/mbermudez/de_03/TFGDataset/img/train_t2_0740_0.png|de    ****        sscchhssshiieeeee*  e  ssch    sssseN dd d a
/data3fast/users/mbermudez/de_03/TFGDataset/img/train_t2_0613_2.png|geennneeeihhnccanddddd eeeeNssssssssNN nndddee
/data3fast/users/mbermudez/de_03/TFGDataset/img/train_t2_1225_1.png|# d
/data3fast/users/mbermudez/de_03/TFGDataset/img/train_t2_0583_0.png|aueee  uuuudddnnnnallss  nichhthheeeee llleeerr
/data3fast/users/mbermudez/de_03/TFGDataset/img/train_t2_0187_2.png|de    iiiiieeeeeee*     uu   seeeee glll  a eeee d 
/data3fast/users/mbermudez/de_03/TFGDataset/img/train_t2_1419.png|geee  nndd  ttttttee   allleeeeeetttt uuggeeee
/data3fast/users/mbermudez/de_03/TFGDataset/img/train_t2_1067.png|fffgeeeeettthhinnnniiittttt     aaauueee
/data3fast/users/mbermudez/de_03/TFGDataset/img/train_t2_0448_2.png|ger  dds   deeette neeesccllleee   ddeeeddd
/data3fast/users/mbermudez/de_03/TFGDataset/img/train_t2_0657.png|annneeeet    eessse   eeeet t  eeeeeeesN e   sssseee
/data3fast/users/mbermudez/de_03/TFGDataset/img/train_t2_0935_2.png|ttt    neeeihhtt uuudeee sscstssthhnnnneeed
/data3fast/users/mbermudez/de_03/TFGDataset/img/train_t2_0828.png|unnddddeerrraal ddeeeeddesss  ineeggee attt
/data3fast/users/mbermudez/de_03/TFGDataset/img/train_t2_0960_2.png|deeeeeeeeeeeeeeee****tttttt nn  sseeeNNN  uuu eeeee sssse
/data3fast/users/mbermudez/de_03/TFGDataset/img/train_t2_1286.png|auu  e   ssst nnnnd ssihheeesshch ddeerreeee
/data3fast/users/mbermudez/de_03/TFGDataset/img/train_t2_0113.png|rrrhteeess    rrtttt  nnd  ahhht eeeeeeieeeeeee    e
/data3fast/users/mbermudez/de_03/TFGDataset/img/train_t2_0479_1.png|eeeeett ssllllerrrrddrr aanddd    hclllgNN
/data3fast/users/mbermudez/de_03/TFGDataset/img/train_t2_1180.png|eee  dddee  t nnde stttttssh  ssss  nn  alle
/data3fast/users/mbermudez/de_03/TFGDataset/img/train_t2_0527.png|de   chceeNnnd  eelcch d aaaaaachhdderrehheeeNN
/data3fast/users/mbermudez/de_03/TFGDataset/img/train_t2_1040.png|iiilllllsss     iiihhll ddde    aassseeessheeeee
/data3fast/users/mbermudez/de_03/TFGDataset/img/train_t2_1294_0.png|anneeeedd  ssss  deeeeNN   eee  ee   ss   reee aahhee
/data3fast/users/mbermudez/de_03/TFGDataset/img/train_t2_1450_2.png|mahh     deeeee iiiinn  geeeeeeeNeeeeehhiee  aa
/data3fast/users/mbermudez/de_03/TFGDataset/img/train_t2_1116_2.png|deeN  fffgnguaaagllaau dd  ss   aalllllu
/data3fast/users/mbermudez/de_03/TFGDataset/img/train_t2_0912_1.png|ooo   dddeeeeeeeeeeenn aggeeeeihh a eeed  aaaahh
/data3fast/users/mbermudez/de_03/TFGDataset/img/train_t2_0298.png|und ellleen  ssscchhllla ddd nacch dderrreeeinnneeeeeee
/data3fast/users/mbermudez/de_03/TFGDataset/img/train_t2_1243_0.png|eeeeeeeseeeN nn  t   rredeeesssee u  eeeesseteeeeer
/data3fast/users/mbermudez/de_03/TFGDataset/img/train_t2_0699_2.png|sseeeNNeeeeeee  rdedd  cc dde lllgeeeettt  sssaddd
/data3fast/users/mbermudez/de_03/TFGDataset/img/train_t2_0938_1.png|wweeeettttttt
/data3fast/users/mbermudez/de_03/TFGDataset/img/train_t2_1283.png|ooo   ttteeee   aaaaseeeNeennnnnnn   aa  eeeett
/data3fast/users/mbermudez/de_03/TFGDataset/img/train_t2_1214_2.png|aa  ddrrrllaadd eleet     ssseee aaa dde schhhee
/data3fast/users/mbermudez/de_03/TFGDataset/img/train_t2_1406_2.png|de   ssaa ee  it  eeeelllhnne ssccch  a n ddeeeeehhtte
/data3fast/users/mbermudez/de_03/TFGDataset/img/train_t2_0302_2.png|geesssssee    eeeeeeeennneneen a ttteee eeiinnnddr
/data3fast/users/mbermudez/de_03/TFGDataset/img/train_t2_1057.png|eeeeeiihtttt negglleeeedderrrrrhhht ddeeaa
/data3fast/users/mbermudez/de_03/TFGDataset/img/train_t2_0550_2.png|seeNNeeeeee   ndeet  uddeeeeeN  alliiee rrrtattt
/data3fast/users/mbermudez/de_03/TFGDataset/img/train_t2_0626_1.png|de  nnneee annddrrthh  dd    dddeeeeeeeeee
/data3fast/users/mbermudez/de_03/TFGDataset/img/train_t2_1402.png|woll  aaa  aunneeeccchsssst       lhheeeeeetttt
/data3fast/users/mbermudez/de_03/TFGDataset/img/train_t2_1482_1.png|ooo  ndde   nddrerrllhe  aaa   auu  aalll
/data3fast/users/mbermudez/de_03/TFGDataset/img/train_t2_0051_0.png|schh nnneehhhhhnnneeeeehhhss  adddii  dd     eeee
/data3fast/users/mbermudez/de_03/TFGDataset/img/train_t2_0694_0.png|seeettttt   mnnneeeee         rrr reeeeeeeeeee
/data3fast/users/mbermudez/de_03/TFGDataset/img/train_t2_1230_2.png|auu  eeee  nnneeeeelllll uu     schhhieeee drdr
/data3fast/users/mbermudez/de_03/TFGDataset/img/train_t2_1359_1.png|deeeeeesssss le ddesellheeeeeess  ihc      nnnnnd  
/data3fast/users/mbermudez/de_03/TFGDataset/img/train_t2_1307_2.png|ceeeeeeeees  dd dddeee   gggge  ttttt   eeeeeett
/data3fast/users/mbermudez/de_03/TFGDataset/img/train_t2_0806_0.png|eee eee tttt   eeeeeslleeN   dd rrrelllleeenn
/data3fast/users/mbermudez/de_03/TFGDataset/img/train_t2_1487_2.png|ii  sss nneeerraaallleee   sstshheee d aaau
/data3fast/users/mbermudez/de_03/TFGDataset/img/train_t2_0235_1.png|geettttttthhh   dd ssseee aaannhh nnddeer nnnn
/data3fast/users/mbermudez/de_03/TFGDataset/img/train_t2_0601_2.png|beee aacchallleennnnddeeee   lchht aasttttt
/data3fast/users/mbermudez/de_03/TFGDataset/img/train_t2_1242_1.png|rrrcccchhhhhhssss     sss ddrerehhhe   assseee  dee d  scc
/data3fast/users/mbermudez/de_03/TFGDataset/img/train_t2_0498_0.png|ees  tttttteeeell  ddeeeee iiiiiiei***.....
/data3fast/users/mbermudez/de_03/TFGDataset/img/train_t2_0243_0.png|aachheeeeee  uuaachheeN llhh n eetteeeN  uu deeeee
/data3fast/users/mbermudez/de_03/TFGDataset/img/train_t2_0917_1.png|#
/data3fast/users/mbermudez/de_03/TFGDataset/img/train_t2_1036.png|chgeeeeeNN ss  hhtteeddrrseeeeee  nn  s eeeeee
/data3fast/users/mbermudez/de_03/TFGDataset/img/train_t2_1401_2.png|nnddd  sttttttteee  aa eeeerrrrt  unn tttuu
/data3fast/users/mbermudez/de_03/TFGDataset/img/train_t2_1223_0.png|cht  u  alleee   ssssessseee  nnn ssssaaunnddd
/data3fast/users/mbermudez/de_03/TFGDataset/img/train_t2_0894.png|undeeeeschh  deseeeeeeNnnnnaggeeet errr    ddee  nnn
/data3fast/users/mbermudez/de_03/TFGDataset/img/train_t2_0780_1.png|oonnddeeeeeeeee    .
/data3fast/users/mbermudez/de_03/TFGDataset/img/train_t2_0089_1.png|aaseeeihhh ddeeeeeeegggNteeegggeeeeella
/data3fast/users/mbermudez/de_03/TFGDataset/img/train_t2_0129_0.png|# dee
/data3fast/users/mbermudez/de_03/TFGDataset/img/train_t2_0825_2.png|seeeee rderrcchleeNN sss   alhhtt  deeeeennnnn
/data3fast/users/mbermudez/de_03/TFGDataset/img/train_t2_0453_0.png|und  uuuuunndeeetttee  eerrtaaatttu ee
/data3fast/users/mbermudez/de_03/TFGDataset/img/train_t2_0047.png|wiinneeeeeeinnnntee  auunneeeegeeess t aa
/data3fast/users/mbermudez/de_03/TFGDataset/img/train_t2_1205_2.png|was  eerrlllggee   eeee chh     llhheeNNN
/data3fast/users/mbermudez/de_03/TFGDataset/img/train_t2_0668_0.png|nnnnnneeeeeeN nnnuuu eeeeelleeeeieeessiihhhhhhhhh
/data3fast/users/mbermudez/de_03/TFGDataset/img/train_t2_0391.png|wooed sss  dde  ch dd    eeeeeeiiehhheeeee tt    drree
/data3fast/users/mbermudez/de_03/TFGDataset/img/train_t2_1307_0.png|hheeeeeeeee     dddeee  lgggge  tttt a eeeeeettt
/data3fast/users/mbermudez/de_03/TFGDataset/img/train_t2_1197_0.png|weee   d sss tttts aadd a dd ass   rr   .........
/data3fast/users/mbermudez/de_03/TFGDataset/img/train_t2_0527_2.png|dee llcceeNN nddellcchh  aaaauana  ddeeeihheeN
/data3fast/users/mbermudez/de_03/TFGDataset/img/train_t2_0258_0.png|ggggggeeedd sseeeelhhhhtht aaaalsstttt nndde
/data3fast/users/mbermudez/de_03/TFGDataset/img/train_t2_0572_1.png|bee nnd  areeee  cceeeennneeede     ddde   tattt
/data3fast/users/mbermudez/de_03/TFGDataset/img/train_t2_0329_2.png|eeeeeeeeNNNNNssss    cchh    eee ccheeN  ssclhllee ddddn
/data3fast/users/mbermudez/de_03/TFGDataset/img/train_t2_0416.png|brchlsseeeN      ndddeee  aasslee         reeeeeeeltttt
/data3fast/users/mbermudez/de_03/TFGDataset/img/train_t2_1284_0.png|dieessssese nnn   chhaaaa ee  nnnd ittt unnee uu
/data3fast/users/mbermudez/de_03/TFGDataset/img/train_t2_1068_2.png|geehhhhter aaa dder aaaaah deerlchht  aau eeee
/data3fast/users/mbermudez/de_03/TFGDataset/img/train_t2_0888_2.png|wieedd    aggggggNN ndddesslllse iini   sssauu
/data3fast/users/mbermudez/de_03/TFGDataset/img/train_t2_0045.png|stttaaauu dd eiiciieee  ss  uggeehhee  n genttnnn
/data3fast/users/mbermudez/de_03/TFGDataset/img/train_t2_0683_0.png|tetteeessthh llsee   nndeeeeeaau iieeeeeeini
/data3fast/users/mbermudez/de_03/TFGDataset/img/train_t2_0247_0.png|aaa     ddeeerree nnd iihhahhleeN  aaaetteee
/data3fast/users/mbermudez/de_03/TFGDataset/img/train_t2_0537.png|"  eeeiiii    seeeenneettst  nddeeett  eee
/data3fast/users/mbermudez/de_03/TFGDataset/img/train_t2_0535_0.png|mrre  eee  *....sslllh tt drrraaaalleeeeNNdnn
/data3fast/users/mbermudez/de_03/TFGDataset/img/train_t2_0001.png|geN uu  u eeelleeeeeeeeeee  nndssssaa ddessseech
/data3fast/users/mbermudez/de_03/TFGDataset/img/train_t2_1326_0.png|ssss   nnnnnnd   nnnninddereeesseeetttt     eerr
/data3fast/users/mbermudez/de_03/TFGDataset/img/train_t2_0749_0.png|eeeeei i  nhh eeeee  uuuu eeeeeelleee  ccc deeeeseehe
/data3fast/users/mbermudez/de_03/TFGDataset/img/train_t2_0177_0.png|deessslllleNN uuu eeee sscc   ddes  r   auugeaaah
/data3fast/users/mbermudez/de_03/TFGDataset/img/train_t2_0534.png|geetttttssssssseN   ss  dd sstctteee   maan eeeee
/data3fast/users/mbermudez/de_03/TFGDataset/img/train_t2_0599_2.png|dddaaa  chheeeesslllaa    u eaau  dss ihheeNN   ee
/data3fast/users/mbermudez/de_03/TFGDataset/img/train_t2_0229_1.png|iii   achhnnn  aleee llleeeN iccheeeeicchhtt    uudeee
/data3fast/users/mbermudez/de_03/TFGDataset/img/train_t2_1424_2.png|irrhhheeeee saaunggee   uu aaaaa eee u     slleeeN
/data3fast/users/mbermudez/de_03/TFGDataset/img/train_t2_0782_1.png|nnn  geellcheNN****eeeeeee   aaanmreeeettee
/data3fast/users/mbermudez/de_03/TFGDataset/img/train_t2_1383_1.png|ssseeehhheee  asstt   ddeesrrerrre nneeeeetttttt
/data3fast/users/mbermudez/de_03/TFGDataset/img/train_t2_0547_2.png|iiihsssttthtieeeee***eee    dd   chhhiiieee  ndde  n
/data3fast/users/mbermudez/de_03/TFGDataset/img/train_t2_0116_0.png|"  deeeellttttttee   ddd sslll deeeeerrihheeennn
/data3fast/users/mbermudez/de_03/TFGDataset/img/train_t2_0350_2.png|geehhhheee  aacc nddde  sslchesNssss ssse    nne   nnnu
/data3fast/users/mbermudez/de_03/TFGDataset/img/train_t2_0764_2.png|fneeeeeiinnnnnhhhl  dd  aahhiiiennaa eees     
/data3fast/users/mbermudez/de_03/TFGDataset/img/train_t2_1334_2.png|oo  deeeennnniiceeN  ndd rttte nnuaa eeeeee
/data3fast/users/mbermudez/de_03/TFGDataset/img/train_t2_0005.png|weeeee  nnn eeeeeddaaaalllleeeeeeeeeeNNnnnnn
/data3fast/users/mbermudez/de_03/TFGDataset/img/train_t2_1209_0.png|iiieennnnelssssee  ddddesse   iccccnnnneeeeNN
/data3fast/users/mbermudez/de_03/TFGDataset/img/train_t2_0149_1.png|geeeeeee    eeerhhtt    rr  eee****  .
/data3fast/users/mbermudez/de_03/TFGDataset/img/train_t2_0939_1.png|iih eeeeehhheeeenn aaasssh neeees  ddeeeeraaaa
/data3fast/users/mbermudez/de_03/TFGDataset/img/train_t2_0347.png|drrttteeeeeennnnn tttt    aahhtt dee  auauee
/data3fast/users/mbermudez/de_03/TFGDataset/img/train_t2_0144_1.png|heeeeellsstt  ddeeeihhheeeeer  ssssssllehe    ddr
/data3fast/users/mbermudez/de_03/TFGDataset/img/train_t2_1435_1.png|mit eeeee   acchsss  a    ddee alssshs   uuuu
/data3fast/users/mbermudez/de_03/TFGDataset/img/train_t2_0070.png|dee    tcchnnaachtt       ssseeeeeiiiit  eeee
/data3fast/users/mbermudez/de_03/TFGDataset/img/train_t2_1170.png|oonddeeeess    dddee chnnnnnnttt eenn all
/data3fast/users/mbermudez/de_03/TFGDataset/img/train_t2_0964_1.png|tttt   rrrcllleeeNssch ddeeee  geeeN  d   llllll
/data3fast/users/mbermudez/de_03/TFGDataset/img/train_t2_1376_2.png|aanneeeeee nddaaahhheeee  aaleeeN      ddde
/data3fast/users/mbermudez/de_03/TFGDataset/img/train_t2_0766_1.png|auu neneeeeechhnnnu  eeett     aaaa  hhhllll
/data3fast/users/mbermudez/de_03/TFGDataset/img/train_t2_0438.png|fflee   u  eseeeeN  aageeN  unnaatttteee
/data3fast/users/mbermudez/de_03/TFGDataset/img/train_t2_1274_0.png|aasse  ee s  ddessssssttuuu  eeee llleeNNN
/data3fast/users/mbermudez/de_03/TFGDataset/img/train_t2_1476_2.png|ee  uddnaanneee ttttt ree  innnneeeeelleeee
/data3fast/users/mbermudez/de_03/TFGDataset/img/train_t2_0620_2.png|inneeeeeiiihleeee  aaa   eeiicnnnnddeelltti
/data3fast/users/mbermudez/de_03/TFGDataset/img/train_t2_0023_2.png|geeerrhrrrtteeeeeerrlllheeeeennnn ddd   ddddeeiieeee
/data3fast/users/mbermudez/de_03/TFGDataset/img/train_t2_1311_0.png|eestte eneeeedddrrreeeeehhaaddddeeeellhhhaaaaleee
/data3fast/users/mbermudez/de_03/TFGDataset/img/train_t2_1423_0.png|"n  eeeeetttlleeeee  nndddr  ardeeesssstt
/data3fast/users/mbermudez/de_03/TFGDataset/img/train_t2_1016.png|ttttttt   e cchheeee nn eeereeeee      sseeNNss uu ee
/data3fast/users/mbermudez/de_03/TFGDataset/img/train_t2_0094.png|anddssssssa htt ddeeeNfuuuuuunctee   e      * i iiihh
/data3fast/users/mbermudez/de_03/TFGDataset/img/train_t2_0807_1.png|be  aaaheeN  nnnieeeed   ssssssss    aadddd
/data3fast/users/mbermudez/de_03/TFGDataset/img/train_t2_0799.png|ieeeeeecshhee   iillllachheeeerree nnnngeeeettte
/data3fast/users/mbermudez/de_03/TFGDataset/img/train_t2_1116_0.png|de    fffgfuaaaa  u a u dd ssss   ccaasllaa
/data3fast/users/mbermudez/de_03/TFGDataset/img/train_t2_1464.png|nee    ssss nnnn     nnddeee ddde ecchhee  aaaah
/data3fast/users/mbermudez/de_03/TFGDataset/img/train_t2_0661_0.png|in eeeetttt ggg   ss   redee  
/data3fast/users/mbermudez/de_03/TFGDataset/img/train_t2_0204_1.png|# d
/data3fast/users/mbermudez/de_03/TFGDataset/img/train_t2_1247.png|iieeeess    deeesscchnnnnnee aandnneeeeeieeee
/data3fast/users/mbermudez/de_03/TFGDataset/img/train_t2_0417.png|ssttt nn  s   sseeee    sssseee   uu  lllegeede    *******i
/data3fast/users/mbermudez/de_03/TFGDataset/img/train_t2_0250_1.png|teeeee  ttttttheeN nndd ssseee   eeglleed drralll
/data3fast/users/mbermudez/de_03/TFGDataset/img/train_t2_1259_1.png|#  
/data3fast/users/mbermudez/de_03/TFGDataset/img/train_t2_0625_1.png|dieeeeettteettttteeeNN nnaaahhhhh u  eeeeeet  udd
/data3fast/users/mbermudez/de_03/TFGDataset/img/train_t2_0222_2.png|tttt ***sss  d ee   nddd ss   nnnnneee ssss   ***     ee
/data3fast/users/mbermudez/de_03/TFGDataset/img/train_t2_1478_1.png|vieeee   d s  eeeeggeee al edddeesseeehhh
/data3fast/users/mbermudez/de_03/TFGDataset/img/train_t2_0576_2.png|geeee     sss d aaaaaddd nncccch  nddd ennn
/data3fast/users/mbermudez/de_03/TFGDataset/img/train_t2_0372_2.png|der cchheeeeetr sssssee  nd aaallleeeeleett
/data3fast/users/mbermudez/de_03/TFGDataset/img/train_t2_0971_2.png|alhh    eelllaaannhhhhhhii   aalleenneeellhhe
/data3fast/users/mbermudez/de_03/TFGDataset/img/train_t2_0958.png|dee   s  nneeeeesttscch  nn sssshanndd eeeeeeeees
/data3fast/users/mbermudez/de_03/TFGDataset/img/train_t2_0344_1.png|inneee aaa dd sstett    g nn d eglllhhieedddaa
