/data3fast/users/mbermudez/de_03/TFGDataset/img/train_t2_0677_0.png|waeee ee     eeeee  e eeeeee eeeeeeeeeeeee
/data3fast/users/mbermudez/de_03/TFGDataset/img/train_t2_1221.png|nn              e  e               ee eeeeeee
/data3fast/users/mbermudez/de_03/TFGDataset/img/train_t2_0260_1.png|eeeeeeeee eee e       e       e      eeee eeeeee
/data3fast/users/mbermudez/de_03/TFGDataset/img/train_t2_1080.png|eeeeeeeeee e  e                       eeeee
/data3fast/users/mbermudez/de_03/TFGDataset/img/train_t2_1104.png|oo                                       eeeee
/data3fast/users/mbermudez/de_03/TFGDataset/img/train_t2_1035_1.png|ooo          e                       eeeeeeee
/data3fast/users/mbermudez/de_03/TFGDataset/img/train_t2_0151_0.png|seeee                                    eeee
/data3fast/users/mbermudez/de_03/TFGDataset/img/train_t2_0793_2.png|eeeeeee     e                       e      e   eeeeee
/data3fast/users/mbermudez/de_03/TFGDataset/img/train_t2_0048_1.png|dee                          ee          e e eeeeee
/data3fast/users/mbermudez/de_03/TFGDataset/img/train_t2_1197_0.png|eeeeee                               e
/data3fast/users/mbermudez/de_03/TFGDataset/img/train_t2_0325_0.png|aa            ee e    e         e  ee  eeee
/data3fast/users/mbermudez/de_03/TFGDataset/img/train_t2_0490_1.png|eeeeeeee                           ee   ee
/data3fast/users/mbermudez/de_03/TFGDataset/img/train_t2_1233_0.png|oeeeeee
/data3fast/users/mbermudez/de_03/TFGDataset/img/train_t2_0723.png|geeeeeee                         e
/data3fast/users/mbermudez/de_03/TFGDataset/img/train_t2_1476.png|deeeee                            e
/data3fast/users/mbermudez/de_03/TFGDataset/img/train_t2_0879_0.png|ii                                  ee
/data3fast/users/mbermudez/de_03/TFGDataset/img/train_t2_0466_2.png|eeeeeee     eee               ee   eeeeeeeeee
/data3fast/users/mbermudez/de_03/TFGDataset/img/train_t2_0774_1.png|dde      e     ee   e    e     eeeeeeee
/data3fast/users/mbermudez/de_03/TFGDataset/img/train_t2_0619_1.png|ddee         e              ee    e          eeeeee
/data3fast/users/mbermudez/de_03/TFGDataset/img/train_t2_0217_1.png|nnn          ee            e    e    eeeeeeee
/data3fast/users/mbermudez/de_03/TFGDataset/img/train_t2_0084.png|eeeeeee                          ee       eeeeee
/data3fast/users/mbermudez/de_03/TFGDataset/img/train_t2_0583.png|aaa                       eee    e  eeeeeeeeee
/data3fast/users/mbermudez/de_03/TFGDataset/img/train_t2_1137_0.png|aaee                                e  eeeeee
/data3fast/users/mbermudez/de_03/TFGDataset/img/train_t2_0273_0.png|dn                               e       eeeeee
/data3fast/users/mbermudez/de_03/TFGDataset/img/train_t2_1385_1.png|ii           ee                 eee eeeeeeeeeeeee
/data3fast/users/mbermudez/de_03/TFGDataset/img/train_t2_0798_0.png|eeeeeeee                        eee
/data3fast/users/mbermudez/de_03/TFGDataset/img/train_t2_0158.png|seeeee                                 eeeee
/data3fast/users/mbermudez/de_03/TFGDataset/img/train_t2_1453_2.png|#
/data3fast/users/mbermudez/de_03/TFGDataset/img/train_t2_1212_1.png|un             ee     e eeee e eeeeeee
/data3fast/users/mbermudez/de_03/TFGDataset/img/train_t2_0995.png|geeeeeeeeee      ee    e            eeeeeeeee
/data3fast/users/mbermudez/de_03/TFGDataset/img/train_t2_0017.png|ddeeeeeeeee        e       e  ee eeeee
/data3fast/users/mbermudez/de_03/TFGDataset/img/train_t2_0987_2.png|# 
/data3fast/users/mbermudez/de_03/TFGDataset/img/train_t2_0467_0.png|uu                               e     ee   eeeee
/data3fast/users/mbermudez/de_03/TFGDataset/img/train_t2_1315_0.png|eeeeeeeeee e        eee      ee   eeeeeee eeeeee
/data3fast/users/mbermudez/de_03/TFGDataset/img/train_t2_1100.png|oo                               e      eeeeee
/data3fast/users/mbermudez/de_03/TFGDataset/img/train_t2_1186.png|iieee                                    eee
/data3fast/users/mbermudez/de_03/TFGDataset/img/train_t2_1367_0.png|ieeeeeeeee  eeeee      e e     eeeeeeeeeeeeee
/data3fast/users/mbermudez/de_03/TFGDataset/img/train_t2_0903.png|ineee                e              eeeeeeeeeee
/data3fast/users/mbermudez/de_03/TFGDataset/img/train_t2_0388.png|aa                         e                eeeee
/data3fast/users/mbermudez/de_03/TFGDataset/img/train_t2_0465_1.png|aaa     eee eeeeeeeeeeeeeeeeeeeeee
/data3fast/users/mbermudez/de_03/TFGDataset/img/train_t2_0993_0.png|aaa                                       eee
/data3fast/users/mbermudez/de_03/TFGDataset/img/train_t2_0276_0.png|o               eeee          e   eeeeee
/data3fast/users/mbermudez/de_03/TFGDataset/img/train_t2_1162_2.png|nn      e e             eeee
/data3fast/users/mbermudez/de_03/TFGDataset/img/train_t2_0154_0.png|eeeeeeeee                         eeeeeee
/data3fast/users/mbermudez/de_03/TFGDataset/img/train_t2_1157_0.png|ddee                         e  eeee eeeeeeeeeeeee
/data3fast/users/mbermudez/de_03/TFGDataset/img/train_t2_0380_1.png|geeeeeeeeeeeeeeee     eee        e  eeeeeeeeee
/data3fast/users/mbermudez/de_03/TFGDataset/img/train_t2_1488_0.png|au          e e                     eeee eeeeee
/data3fast/users/mbermudez/de_03/TFGDataset/img/train_t2_1400_2.png|eeeeeee
/data3fast/users/mbermudez/de_03/TFGDataset/img/train_t2_1305.png|geeeeeeeeeeeeee   e        eee           eeeeeeeeee
/data3fast/users/mbermudez/de_03/TFGDataset/img/train_t2_0063.png|dd           ee    e                  eeee eeeee
/data3fast/users/mbermudez/de_03/TFGDataset/img/train_t2_0111_1.png|wlleeee  eeeeeee   e  eeeeeee  eeeeeeeeeeeeeee
/data3fast/users/mbermudez/de_03/TFGDataset/img/train_t2_1193.png|aa     eeee e  e  eeeee  ee       eeeeeeeeeeeeeeee
/data3fast/users/mbermudez/de_03/TFGDataset/img/train_t2_0795.png|deee    e   eeeee                 ee     eeeeeeee
/data3fast/users/mbermudez/de_03/TFGDataset/img/train_t2_0113.png|aeeee              ee    e         ee  ee eeeeeeeee
/data3fast/users/mbermudez/de_03/TFGDataset/img/train_t2_0596_0.png|eeeeee     ee           ee eeee   eeeee
/data3fast/users/mbermudez/de_03/TFGDataset/img/train_t2_0613_1.png|geeeeeeeeee eeeeeeeeeee  eee  eeeee eeeeeeee
/data3fast/users/mbermudez/de_03/TFGDataset/img/train_t2_0843_0.png|geeeeeeeee     e e           eeeeeeeeeee
/data3fast/users/mbermudez/de_03/TFGDataset/img/train_t2_0866.png|o            e             ee     eeeeee
/data3fast/users/mbermudez/de_03/TFGDataset/img/train_t2_0018_1.png|ieeeeeeeeeee  e eeeeee    eeeeeeeeeeeeeeeeee
/data3fast/users/mbermudez/de_03/TFGDataset/img/train_t2_1166_2.png|deeeee e e  eee  e ee   eee  eee  eeeeeeee  eeeeeeeeeeee
/data3fast/users/mbermudez/de_03/TFGDataset/img/train_t2_1130_1.png|eeeeeeeeeeeee  ee  ee  eeeeeeeeeeeee eeeeeeeeeeeeeeeeeeeeee
/data3fast/users/mbermudez/de_03/TFGDataset/img/train_t2_0768_1.png|weeeeeeeeeeeeeeeeeeee
/data3fast/users/mbermudez/de_03/TFGDataset/img/train_t2_0943_0.png|ieee    e e ee           eeeeeeeeeeeeeeeee
/data3fast/users/mbermudez/de_03/TFGDataset/img/train_t2_0944_0.png|waeeee    ee    e                  eeeee  eeeee
/data3fast/users/mbermudez/de_03/TFGDataset/img/train_t2_0379_2.png|dd                                 eeeeee
/data3fast/users/mbermudez/de_03/TFGDataset/img/train_t2_0218_2.png|aeeee e    e     eeeee     eeeeeeeeeeeeeeeeee
/data3fast/users/mbermudez/de_03/TFGDataset/img/train_t2_0889_1.png|eeeeeeeeee eeeeeeee      eeeeeee  eeeeeeeeeeeeeee
/data3fast/users/mbermudez/de_03/TFGDataset/img/train_t2_0868_2.png|un              eeeeee   eeeee e   eeeeeeeeeeeeee
/data3fast/users/mbermudez/de_03/TFGDataset/img/train_t2_1239_0.png|oo                 e eeee
/data3fast/users/mbermudez/de_03/TFGDataset/img/train_t2_0270_0.png|#     
/data3fast/users/mbermudez/de_03/TFGDataset/img/train_t2_0475_0.png|iieee    eeeee   ee eee          eeeee  eeeeeeeeeeeeee
/data3fast/users/mbermudez/de_03/TFGDataset/img/train_t2_1381_0.png|nnn         ee eee eeeeee      ee  eeee eeeeeeeeeeeeeee
/data3fast/users/mbermudez/de_03/TFGDataset/img/train_t2_1019_0.png|geeeeeeeeeeeeeeeeeeeeeee  eeeeeeeeeeeeeee
/data3fast/users/mbermudez/de_03/TFGDataset/img/train_t2_0095_2.png|nnn      ee    eeeeee  e   eeeeeeeeeeeeeeeeeeee
/data3fast/users/mbermudez/de_03/TFGDataset/img/train_t2_0009_2.png|deeeeeee   eeee   eee   e e ee    eeeeeeeeeee
/data3fast/users/mbermudez/de_03/TFGDataset/img/train_t2_0391_0.png|aaeeee     e eeeeee  ee eeee  e eeeeeeeeeeeeeeeeeeeeeeeeeee
/data3fast/users/mbermudez/de_03/TFGDataset/img/train_t2_0345_0.png|aaa       eeee  e  e   e e   e eeee e   eeeeeeeeeeeeeee
/data3fast/users/mbermudez/de_03/TFGDataset/img/train_t2_0841_0.png|eeeeeeeeeeee eeee         ee e     eeee eeeeeeeeeeeeee
/data3fast/users/mbermudez/de_03/TFGDataset/img/train_t2_0623_1.png|ddd                                     eeeeee
/data3fast/users/mbermudez/de_03/TFGDataset/img/train_t2_1051_2.png|ieeeeeeeeeeeeeeeeeeeee eeeeeeeeeeeeeeeeeeeeeeeeee
/data3fast/users/mbermudez/de_03/TFGDataset/img/train_t2_0237_1.png|weeeeee
/data3fast/users/mbermudez/de_03/TFGDataset/img/train_t2_0695.png|nn             e   eee           eeeeeeeeeeeeeeeeee
/data3fast/users/mbermudez/de_03/TFGDataset/img/train_t2_1009.png|dn                           e     eeeeeeeeee
/data3fast/users/mbermudez/de_03/TFGDataset/img/train_t2_0010_2.png|deeee   e   e           e       e e   eeeeee  eeeeeeeeee
/data3fast/users/mbermudez/de_03/TFGDataset/img/train_t2_0592_2.png|nnn       ee             eee  eeee    eeeeeeeeeeeeeee
/data3fast/users/mbermudez/de_03/TFGDataset/img/train_t2_0437_2.png|weeeeeeeee eeeeeeeeee eee  e e   eeeeeeeeeeeeeeeeeee
/data3fast/users/mbermudez/de_03/TFGDataset/img/train_t2_1169.png|deeeeeeeeeee eeee  e  ee  eeeeeeeee  eeeeeeeeeeeeeeeeee
/data3fast/users/mbermudez/de_03/TFGDataset/img/train_t2_0243_0.png|aaaee        e e  e eeeeeee   eee eee  eeeeeeeeeeeeeeeee
/data3fast/users/mbermudez/de_03/TFGDataset/img/train_t2_1388_1.png|eeeee                                     eeeee
/data3fast/users/mbermudez/de_03/TFGDataset/img/train_t2_0108_2.png|dde      eeeeee  eeeeee eeeeee     ee    eeeeeeeeee
/data3fast/users/mbermudez/de_03/TFGDataset/img/train_t2_0880.png|oo     e e          eeeeee
/data3fast/users/mbermudez/de_03/TFGDataset/img/train_t2_1045.png|weeeeeeeeeeee   e    eeee  e   eeee  eeeeeeeeeeeeeeeeee
/data3fast/users/mbermudez/de_03/TFGDataset/img/train_t2_0958.png|deeeee     ee           e      e           eee eeeeeee
/data3fast/users/mbermudez/de_03/TFGDataset/img/train_t2_0198.png|deeee  ee e ee ee   ee    eeeeeeeeeeeeeeeeeeeeeeeeeeeeeee
/data3fast/users/mbermudez/de_03/TFGDataset/img/train_t2_0939_1.png|iieeeeeeeeeeeeeeeeeeeeeeeeeeeeeeeeeeeeeeeeeeeeeeeee
/data3fast/users/mbermudez/de_03/TFGDataset/img/train_t2_1070_2.png|all     e      eee                      eeee
/data3fast/users/mbermudez/de_03/TFGDataset/img/train_t2_1187.png|aa         eeeeeeee       eeeee ee  eeeeeeeeeeeeeeeeeeeee
/data3fast/users/mbermudez/de_03/TFGDataset/img/train_t2_0218_1.png|weeeeeeeeeeeeeeeeeeeeeeeeeee  eeeeeeeeeeeeeeeeeee
/data3fast/users/mbermudez/de_03/TFGDataset/img/train_t2_0880_0.png|ooeeeeeeeee     eeee  eeeeeeee
/data3fast/users/mbermudez/de_03/TFGDataset/img/train_t2_0126_1.png|eeeeeee      e e               ee   eeeeeeeeee
/data3fast/users/mbermudez/de_03/TFGDataset/img/train_t2_0838_2.png|iieeeeeeeeeee   ee e e   eeeeee   e eeeeeeeeeeeeeee
/data3fast/users/mbermudez/de_03/TFGDataset/img/train_t2_0974_2.png|#  
/data3fast/users/mbermudez/de_03/TFGDataset/img/train_t2_0272_1.png|att             ee  e e             e  e ee  eeeeee
/data3fast/users/mbermudez/de_03/TFGDataset/img/train_t2_1472.png|eeeeeeeeee     e ee ee  ee    ee eeeeeeeeeeeeeeeee
/data3fast/users/mbermudez/de_03/TFGDataset/img/train_t2_1470.png|iieeeeeeeeee  eeeeeeeee   e   eeee e e  eeeeeeeeeeeeeeeee
/data3fast/users/mbermudez/de_03/TFGDataset/img/train_t2_0272.png|at       e  e         e  ee    eee eeeeeeeeeeeeeeee
/data3fast/users/mbermudez/de_03/TFGDataset/img/train_t2_1361_2.png|uu          ee ee     ee   e e   eeeeeeeeee
/data3fast/users/mbermudez/de_03/TFGDataset/img/train_t2_0722_2.png|ieeeeeeeeeeeeee   eeeeee e   eeeee e eeeeeeeeeee
/data3fast/users/mbermudez/de_03/TFGDataset/img/train_t2_1342.png|aaa           e eee e ee  eeeeee eeeeee eeeeeeeeeee
/data3fast/users/mbermudez/de_03/TFGDataset/img/train_t2_1417_2.png|iie                                    e
/data3fast/users/mbermudez/de_03/TFGDataset/img/train_t2_0875_1.png|eeeeeeee eee  ee    eee e ee ee  eeeeeeeeeeee
/data3fast/users/mbermudez/de_03/TFGDataset/img/train_t2_0873_2.png|iieeeeeeee         e   ee e   e  eee eeeeeeeeeeeeee
/data3fast/users/mbermudez/de_03/TFGDataset/img/train_t2_1309_0.png|geeeeee     e  eeeeeeee   eeeeee eeeeeeeeeeeeeeeee
/data3fast/users/mbermudez/de_03/TFGDataset/img/train_t2_0768.png|llleeeeeeeeeeeeeeeeee
/data3fast/users/mbermudez/de_03/TFGDataset/img/train_t2_0243_1.png|waeeeee  e      eeeeeeeee  eeee  eeeeeeeeeeeeeeeeee
/data3fast/users/mbermudez/de_03/TFGDataset/img/train_t2_0679_1.png|un                  e    e   ee  e e eeeeeeeeee
/data3fast/users/mbermudez/de_03/TFGDataset/img/train_t2_1109.png|ieeeeee       e              e e eeee
/data3fast/users/mbermudez/de_03/TFGDataset/img/train_t2_0032.png|weeeeeee   eeeeeee  eeee   eeeeeeeeeeeeeeeeeeee
/data3fast/users/mbermudez/de_03/TFGDataset/img/train_t2_1024_0.png|seeeee                      e         eeeeeeeeee
/data3fast/users/mbermudez/de_03/TFGDataset/img/train_t2_1343_1.png|iin         eeeee      e       ee   ee e eeeee eeeeee
/data3fast/users/mbermudez/de_03/TFGDataset/img/train_t2_0580_1.png|au             e e e     e eeee  eeeeeeee
/data3fast/users/mbermudez/de_03/TFGDataset/img/train_t2_0401_1.png|geeeeeeee  ee           eee   eee e eeeee
/data3fast/users/mbermudez/de_03/TFGDataset/img/train_t2_0825_1.png|eeeeeeeeeeeeeeee eeeeeeeeeeeeeeeeeeeeeee
/data3fast/users/mbermudez/de_03/TFGDataset/img/train_t2_0461_1.png|aa          e  e    ee       eeeee    eeeeeeeeeee
/data3fast/users/mbermudez/de_03/TFGDataset/img/train_t2_1364_0.png|iieeee          eee       e            eeeeeeee
/data3fast/users/mbermudez/de_03/TFGDataset/img/train_t2_0156_2.png|deeeee e       eeee            eeeeeeeeeeee
/data3fast/users/mbermudez/de_03/TFGDataset/img/train_t2_1225.png|# 
/data3fast/users/mbermudez/de_03/TFGDataset/img/train_t2_0111_2.png|wlleeeeeeeeeeeee  e eeeeee  eeeeeeeeeeeeeeeee
/data3fast/users/mbermudez/de_03/TFGDataset/img/train_t2_0454_1.png|ieeee    e          e          eee ee eeeee
/data3fast/users/mbermudez/de_03/TFGDataset/img/train_t2_0151.png|tt                                       eeee
/data3fast/users/mbermudez/de_03/TFGDataset/img/train_t2_1138.png|eeeeeeeeee eeee   ee      e    eee   eeeeeeeeeeeeeee
/data3fast/users/mbermudez/de_03/TFGDataset/img/train_t2_0214_2.png|aaaeeee       eeee      e eeee   eeeeeeeeeeeeeeeee
/data3fast/users/mbermudez/de_03/TFGDataset/img/train_t2_0231.png|iieee   eeeee e   eee      eeee      eeeeeeeeeeee
/data3fast/users/mbermudez/de_03/TFGDataset/img/train_t2_1422_1.png|geeeeeeeeee  eeeeee   eeeee eeeeeee eeeeeeeeeeeeeee
/data3fast/users/mbermudez/de_03/TFGDataset/img/train_t2_1077_0.png|eeeeee          ee         e  eeeee  eeeeeeeeee
/data3fast/users/mbermudez/de_03/TFGDataset/img/train_t2_0814_2.png|aaae       eee      ee e eeeeeeeeeeeeeeeeeee
/data3fast/users/mbermudez/de_03/TFGDataset/img/train_t2_1338_1.png|eeee                          eeeeee
/data3fast/users/mbermudez/de_03/TFGDataset/img/train_t2_0550_2.png|dee                              ee e ee eeeeee
/data3fast/users/mbermudez/de_03/TFGDataset/img/train_t2_1469.png|ooh                                  eeeeeee
/data3fast/users/mbermudez/de_03/TFGDataset/img/train_t2_0744_1.png|ddee                                 eeeeeeeee
/data3fast/users/mbermudez/de_03/TFGDataset/img/train_t2_0374_0.png|aaa                     ee eeee eeeeeeeee
/data3fast/users/mbermudez/de_03/TFGDataset/img/train_t2_1203.png|eeeeeeeeeeeeeeeeeeeeeeeeeeeeeeeeeeeeeeeeee
/data3fast/users/mbermudez/de_03/TFGDataset/img/train_t2_0405_2.png|aa                             e eeeee
/data3fast/users/mbermudez/de_03/TFGDataset/img/train_t2_0542_0.png|eeeeeeeeeee                 e     eeeeeeee
/data3fast/users/mbermudez/de_03/TFGDataset/img/train_t2_0599_2.png|dd                                       eee eeee
/data3fast/users/mbermudez/de_03/TFGDataset/img/train_t2_0862_2.png|aaaee           e               eeeeeeee
/data3fast/users/mbermudez/de_03/TFGDataset/img/train_t2_0589_1.png|iieeeeeeeeeeee ee    ee   ee eeee  e   eeeeeeeeeeeee
/data3fast/users/mbermudez/de_03/TFGDataset/img/train_t2_0236_0.png|au                            eeeeeeee
/data3fast/users/mbermudez/de_03/TFGDataset/img/train_t2_0148_1.png|in      e     e    e ee eeeee  eeeeeeeeeeeeeeee
/data3fast/users/mbermudez/de_03/TFGDataset/img/train_t2_0390_2.png|leeeeee     ee    eeeeeee eee   eee eeeeeeeeee
/data3fast/users/mbermudez/de_03/TFGDataset/img/train_t2_0740_0.png|ddee                                           eeeeeee
/data3fast/users/mbermudez/de_03/TFGDataset/img/train_t2_0090_2.png|deeee                 e           eeeeee
/data3fast/users/mbermudez/de_03/TFGDataset/img/train_t2_0043_1.png|dde     eeeee   e       eeeeeeeeeeeee
/data3fast/users/mbermudez/de_03/TFGDataset/img/train_t2_0606_0.png|eeeeeeeeeeeee     eee   ee eeeeeeeeeeeeeeee
/data3fast/users/mbermudez/de_03/TFGDataset/img/train_t2_1130.png|eeeeeeeeee  eee       ee  eee    eeeeeeeeeeeeeee
/data3fast/users/mbermudez/de_03/TFGDataset/img/train_t2_0027_0.png|eeeeee  e                  e
/data3fast/users/mbermudez/de_03/TFGDataset/img/train_t2_0982.png|deeeee     e e  ee    e            e eeeeeeeeeeee
/data3fast/users/mbermudez/de_03/TFGDataset/img/train_t2_1261.png|ddee                     eeeeeeeeeeeee
/data3fast/users/mbermudez/de_03/TFGDataset/img/train_t2_0428_0.png|nn        e e      e               e eeeeeeeee
/data3fast/users/mbermudez/de_03/TFGDataset/img/train_t2_0327.png|ddee eeeee  e   eeeeeeeeeeeeeeeeeeeeeeeeeeeeeeeee
/data3fast/users/mbermudez/de_03/TFGDataset/img/train_t2_0542_2.png|eeeeeee          e              eeeeeeee
/data3fast/users/mbermudez/de_03/TFGDataset/img/train_t2_0391_2.png|aaa           e e              ee   eeeeeeeeeeeeeeee
/data3fast/users/mbermudez/de_03/TFGDataset/img/train_t2_0976_1.png|oo      eeee   ee e    eeee    eee   eeeeeeeee
/data3fast/users/mbermudez/de_03/TFGDataset/img/train_t2_1023.png|deeeeee e       e         e        eee  eeeeee
/data3fast/users/mbermudez/de_03/TFGDataset/img/train_t2_1475_1.png|eeeeeeeee  e  e  e            e     eeeee eeee
/data3fast/users/mbermudez/de_03/TFGDataset/img/train_t2_1403_2.png|iiie e                                  e  eee
/data3fast/users/mbermudez/de_03/TFGDataset/img/train_t2_0528_2.png|eeeeeeee    ee        e  ee eeeeeeeeee
/data3fast/users/mbermudez/de_03/TFGDataset/img/train_t2_0575_2.png|aaa                ee          eeeeeeeeeee
/data3fast/users/mbermudez/de_03/TFGDataset/img/train_t2_0535_0.png|ieeee                             e  eeee
/data3fast/users/mbermudez/de_03/TFGDataset/img/train_t2_1323_0.png|eeeeeeeeeee    eeeeee  eee   e       eeeeeeeeeeeeee
/data3fast/users/mbermudez/de_03/TFGDataset/img/train_t2_0046_2.png|deeeee ee       eeeeee      eeeeeeeeeeeee
/data3fast/users/mbermudez/de_03/TFGDataset/img/train_t2_1322_1.png|eeeeeee           ee  e      e e    eeeeeeeee
/data3fast/users/mbermudez/de_03/TFGDataset/img/train_t2_0102.png|aaa       e                            eeeeeeee
/data3fast/users/mbermudez/de_03/TFGDataset/img/train_t2_0277_1.png|dd      eee
/data3fast/users/mbermudez/de_03/TFGDataset/img/train_t2_0110_0.png|ooo  ee ee eeee ee   ee e   e eeeeeeeeeeeeeeeeeee
/data3fast/users/mbermudez/de_03/TFGDataset/img/train_t2_0298.png|dd                                    e   eeeeeeeeee
/data3fast/users/mbermudez/de_03/TFGDataset/img/train_t2_1100_2.png|iiiee  e     e         e           ee eeeeeeeee
/data3fast/users/mbermudez/de_03/TFGDataset/img/train_t2_0002_2.png|ii                                 e e
/data3fast/users/mbermudez/de_03/TFGDataset/img/train_t2_0587_0.png|ddee                                eeeeeee
/data3fast/users/mbermudez/de_03/TFGDataset/img/train_t2_1306_1.png|deeeeee e  e              e       ee  eeeeeeeeee
/data3fast/users/mbermudez/de_03/TFGDataset/img/train_t2_1125_0.png|geeeeeeeeeeee    eee       ee        eeeeeeeeeeeee
/data3fast/users/mbermudez/de_03/TFGDataset/img/train_t2_0807_1.png|eeeeeeeeee    e                         eeeeee
/data3fast/users/mbermudez/de_03/TFGDataset/img/train_t2_0508_1.png|dne   e      eee  ee ee   eeeeeeeeeeeeeeeee
/data3fast/users/mbermudez/de_03/TFGDataset/img/train_t2_0347.png|ddee                                     e e
/data3fast/users/mbermudez/de_03/TFGDataset/img/train_t2_0256_1.png|aa          e e e         ee eee eeeeeeeeeeeee
/data3fast/users/mbermudez/de_03/TFGDataset/img/train_t2_0644_0.png|eeeeeee ee e e eeeeee   ee    e eeeee e eeeeeeee
/data3fast/users/mbermudez/de_03/TFGDataset/img/train_t2_0253_0.png|uu              ee e                   eeeeeeeee
/data3fast/users/mbermudez/de_03/TFGDataset/img/train_t2_1043_0.png|nnn          e    e   e                       eeeeeeeeee
/data3fast/users/mbermudez/de_03/TFGDataset/img/train_t2_1473_2.png|wleeee     eee     e      eee    eeeeeeeeee
/data3fast/users/mbermudez/de_03/TFGDataset/img/train_t2_0715_2.png|aa                                       e ee 
/data3fast/users/mbermudez/de_03/TFGDataset/img/train_t2_0383.png|ieeeeeeeee                                     eeeeeeeee
/data3fast/users/mbermudez/de_03/TFGDataset/img/train_t2_1045_0.png|weeeeeeee      e           e       ee    eeeeee
/data3fast/users/mbermudez/de_03/TFGDataset/img/train_t2_0889_0.png|eeeeeeeeeeeee  eee        ee  eeeeeeeeeeeeee
/data3fast/users/mbermudez/de_03/TFGDataset/img/train_t2_1014_2.png|geeeeeeeeeeee   e  e   ee             eeeeeeeeeeeee
/data3fast/users/mbermudez/de_03/TFGDataset/img/train_t2_0734_0.png|aaee                                          eeeeeee
/data3fast/users/mbermudez/de_03/TFGDataset/img/train_t2_0122_1.png|un         eee  eeeeeee e   eeee eeeeeeeeeeeeeee
/data3fast/users/mbermudez/de_03/TFGDataset/img/train_t2_0698_1.png|uu         e e          eeeee e eeeeeeeeeeeeeee
/data3fast/users/mbermudez/de_03/TFGDataset/img/train_t2_0394.png|dd                                  eeeee  ee
/data3fast/users/mbermudez/de_03/TFGDataset/img/train_t2_0203_1.png|dd            ee                      e eeeeeeee
/data3fast/users/mbermudez/de_03/TFGDataset/img/train_t2_1087_0.png|eeeeeee                                eee
/data3fast/users/mbermudez/de_03/TFGDataset/img/train_t2_0384_2.png|eeeeeeee    e                           e   eeeee
/data3fast/users/mbermudez/de_03/TFGDataset/img/train_t2_1242_2.png|ieeeeee    ee          e                   e eeeeeeeee
/data3fast/users/mbermudez/de_03/TFGDataset/img/train_t2_0500_1.png|geeeeeee  ee                         e e eeee
/data3fast/users/mbermudez/de_03/TFGDataset/img/train_t2_1105_1.png|eeeeeeeee       eee                     eeeeeeeeeeeeee
/data3fast/users/mbermudez/de_03/TFGDataset/img/train_t2_0981_2.png|ieeee   eee   ee     eee        ee            ee eeeeee
/data3fast/users/mbermudez/de_03/TFGDataset/img/train_t2_0531_1.png|deeee       e     e                  e   eeeeee
/data3fast/users/mbermudez/de_03/TFGDataset/img/train_t2_1036.png|geeeeee e   eeeee   eee eeeeeeeeeeeeeeeeeeeeeee
/data3fast/users/mbermudez/de_03/TFGDataset/img/train_t2_0074_1.png|un                               e  eeeeeee
/data3fast/users/mbermudez/de_03/TFGDataset/img/train_t2_1054_0.png|wleeee  ee                           eee  eeeeeeee
/data3fast/users/mbermudez/de_03/TFGDataset/img/train_t2_1159_0.png|aa                                     e  e ee
/data3fast/users/mbermudez/de_03/TFGDataset/img/train_t2_1047.png|eeee   e ee  ee              eee    eeeeeeeeee
/data3fast/users/mbermudez/de_03/TFGDataset/img/train_t2_0470_1.png|weeeee       eeeee
/data3fast/users/mbermudez/de_03/TFGDataset/img/train_t2_1354_2.png|weeeeeee                         eeeeee
/data3fast/users/mbermudez/de_03/TFGDataset/img/train_t2_0215_0.png|aae                                           eeeee
/data3fast/users/mbermudez/de_03/TFGDataset/img/train_t2_0731_0.png|oo                e  ee  ee eeeeeeeeeeeeeeeeeee
/data3fast/users/mbermudez/de_03/TFGDataset/img/train_t2_1105_0.png|ieee      e      e        e       e eee  eee  eeeeee
/data3fast/users/mbermudez/de_03/TFGDataset/img/train_t2_1337.png|aa                                   eeeee
/data3fast/users/mbermudez/de_03/TFGDataset/img/train_t2_1069_1.png|eeeeeeeeeeee   eeeee          e  eeeeee eeeeeeeee
/data3fast/users/mbermudez/de_03/TFGDataset/img/train_t2_0731_1.png|ooo             ee      e  eee   e ee eeeeeeeeee
/data3fast/users/mbermudez/de_03/TFGDataset/img/train_t2_1307.png|geeeeeee  e ee      e            e   ee eeeee
/data3fast/users/mbermudez/de_03/TFGDataset/img/train_t2_1431_2.png|ddeee                            e ee eeeee
/data3fast/users/mbermudez/de_03/TFGDataset/img/train_t2_0312_1.png|aeeeee   e e e    e     eeee    e       eeeeeeeeeee
/data3fast/users/mbermudez/de_03/TFGDataset/img/train_t2_0072_1.png|aa                e                 eeeeeeeeee
/data3fast/users/mbermudez/de_03/TFGDataset/img/train_t2_1271_0.png|aaa                                    ee   eeeeeeee
/data3fast/users/mbermudez/de_03/TFGDataset/img/train_t2_0624.png|deeeeeeeeee e eee  eee  ee ee eeeeeeeeeeeeeee
/data3fast/users/mbermudez/de_03/TFGDataset/img/train_t2_0952_1.png|deee                    e                eee   e   eee
/data3fast/users/mbermudez/de_03/TFGDataset/img/train_t2_0428_1.png|iiee     e e              e  e      eeeeeeeeeee
/data3fast/users/mbermudez/de_03/TFGDataset/img/train_t2_1297_0.png|aaa                 e                 eeeeeeeeeee
/data3fast/users/mbermudez/de_03/TFGDataset/img/train_t2_0309_2.png|dde ee       e  e      e  ee    eeeeeeeeeeee
/data3fast/users/mbermudez/de_03/TFGDataset/img/train_t2_0061_1.png|nn                               eeeeeeeeee
/data3fast/users/mbermudez/de_03/TFGDataset/img/train_t2_1462_2.png|an                              eee   eeeeeeee
/data3fast/users/mbermudez/de_03/TFGDataset/img/train_t2_0848_2.png|geeeeeeee                            eeeeeeee
/data3fast/users/mbermudez/de_03/TFGDataset/img/train_t2_0118.png|ieeeeee eeeee           e ee  eeeeeeeeeeeeeeeeee
/data3fast/users/mbermudez/de_03/TFGDataset/img/train_t2_0120_0.png|weeeee                           ee    eeeeeeee
/data3fast/users/mbermudez/de_03/TFGDataset/img/train_t2_0914_0.png|aa              e  eee       e ee eeeeeeeeeeeeee
/data3fast/users/mbermudez/de_03/TFGDataset/img/train_t2_1416_0.png|deee                                         eeeee
/data3fast/users/mbermudez/de_03/TFGDataset/img/train_t2_0516_2.png|wleeeeeeeeeeeee  eeeeeeee eeeeee eeeeeeeeeeeeeee
/data3fast/users/mbermudez/de_03/TFGDataset/img/train_t2_0601_2.png|eeeeeeeee                       e ee eeeeee
/data3fast/users/mbermudez/de_03/TFGDataset/img/train_t2_1112.png|ieee                               eeeee eeeeee
/data3fast/users/mbermudez/de_03/TFGDataset/img/train_t2_0737_0.png|ddee                          eeeeeee
/data3fast/users/mbermudez/de_03/TFGDataset/img/train_t2_0556_2.png|weeeeeee     e    ee      e    e      eeeeeeeeee
/data3fast/users/mbermudez/de_03/TFGDataset/img/train_t2_0280_0.png|eeeeeeee  e         eee        eeeeeeeeeeeee
/data3fast/users/mbermudez/de_03/TFGDataset/img/train_t2_0865_0.png|eeeeeeeeeeeeee
/data3fast/users/mbermudez/de_03/TFGDataset/img/train_t2_0826_1.png|iii          e                  ee     eeeeeeeeeee
/data3fast/users/mbermudez/de_03/TFGDataset/img/train_t2_0653_1.png|allee    eee   eeeeeeee eee eeeeee
/data3fast/users/mbermudez/de_03/TFGDataset/img/train_t2_0001.png|geeeeeeeeeee ee eeeeeeeee e  eee  e ee eeeeeeee
/data3fast/users/mbermudez/de_03/TFGDataset/img/train_t2_0739_1.png|eeeee   ee       e               eeeeeeeeeeee
/data3fast/users/mbermudez/de_03/TFGDataset/img/train_t2_1344_1.png|ddd                                    eeeee
/data3fast/users/mbermudez/de_03/TFGDataset/img/train_t2_0946.png|uu                    e                  eeeeee
/data3fast/users/mbermudez/de_03/TFGDataset/img/train_t2_0016_0.png|eeeeeeeeeeeeeeeeeeeeee
/data3fast/users/mbermudez/de_03/TFGDataset/img/train_t2_1471_1.png|aa                 ee    eeee     eeeeeeeeeeeeee
/data3fast/users/mbermudez/de_03/TFGDataset/img/train_t2_1291_1.png|dd                   e          e e eeeee
/data3fast/users/mbermudez/de_03/TFGDataset/img/train_t2_1477_2.png|geeeeeeeeeee     ee            eeee e  eeeeeeeee
/data3fast/users/mbermudez/de_03/TFGDataset/img/train_t2_0179_1.png|un           e  e eeeeeeee e  eeeeeeeee
/data3fast/users/mbermudez/de_03/TFGDataset/img/train_t2_0141_2.png|weeeeee   ee               e         eeeeeeee
/data3fast/users/mbermudez/de_03/TFGDataset/img/train_t2_1353_1.png|geeeeeeeeeeeeeee    eee eee     eeeeeeeeeeeeeeeee
/data3fast/users/mbermudez/de_03/TFGDataset/img/train_t2_1209_0.png|ieeeeeee                           eeeeee
/data3fast/users/mbermudez/de_03/TFGDataset/img/train_t2_0361_1.png|dd   
/data3fast/users/mbermudez/de_03/TFGDataset/img/train_t2_0743_0.png|aa                e  e eeeeeeeeeeee
/data3fast/users/mbermudez/de_03/TFGDataset/img/train_t2_1474_1.png|au                                        e   
/data3fast/users/mbermudez/de_03/TFGDataset/img/train_t2_0523_1.png|eeeeeeee                eeeeeeee eeeeeeeeeeee
/data3fast/users/mbermudez/de_03/TFGDataset/img/train_t2_0376_1.png|aaa                                     ee eeee
/data3fast/users/mbermudez/de_03/TFGDataset/img/train_t2_0038_2.png|wllee   e e             e       ee   eeeeeeeee
/data3fast/users/mbermudez/de_03/TFGDataset/img/train_t2_0443_2.png|deeeee        e  ee    e         e eeeeeee
/data3fast/users/mbermudez/de_03/TFGDataset/img/train_t2_1158_1.png|au                 ee                     eeeeeeeeeee
/data3fast/users/mbermudez/de_03/TFGDataset/img/train_t2_0040_0.png|aaeeeee    ee             eeee eeeeeeee
/data3fast/users/mbermudez/de_03/TFGDataset/img/train_t2_1017_0.png|#  eee
/data3fast/users/mbermudez/de_03/TFGDataset/img/train_t2_0071_2.png|dd               ee                    e   eeeeee
/data3fast/users/mbermudez/de_03/TFGDataset/img/train_t2_0856_1.png|eeeeeeeeeee ee e eee e   e     eeeeeeeeeeeee
/data3fast/users/mbermudez/de_03/TFGDataset/img/train_t2_1433_0.png|iieeeeee  ee   eeee e eeee eeeeeeeeeeeeeeeeeeeee
/data3fast/users/mbermudez/de_03/TFGDataset/img/train_t2_0155.png|aa                           ee e eeeeeeeeeee
/data3fast/users/mbermudez/de_03/TFGDataset/img/train_t2_1302_2.png|geeeeeeeeeee e        eee     eee  eeeeeeeeeee
/data3fast/users/mbermudez/de_03/TFGDataset/img/train_t2_0015_2.png|deeeeee         e  e    eee  ee eee eeeeeeeee
/data3fast/users/mbermudez/de_03/TFGDataset/img/train_t2_1376_2.png|aa                          e   eeeeeeeee
/data3fast/users/mbermudez/de_03/TFGDataset/img/train_t2_0299.png|nn                            eee    eeeeeee
/data3fast/users/mbermudez/de_03/TFGDataset/img/train_t2_1330_1.png|iieee                                 eeeeeee
/data3fast/users/mbermudez/de_03/TFGDataset/img/train_t2_0329_1.png|eeeeeeee ee                             ee   eeeee
/data3fast/users/mbermudez/de_03/TFGDataset/img/train_t2_1127_2.png|ddeeeeeee ee         eeeeeeeeeeeeeeeeeeee
/data3fast/users/mbermudez/de_03/TFGDataset/img/train_t2_0024.png|eeeeeeeeee       e e                eeeeeeeeeeee
/data3fast/users/mbermudez/de_03/TFGDataset/img/train_t2_0622_1.png|geeeeeeeeeeee                            eeeeeee
/data3fast/users/mbermudez/de_03/TFGDataset/img/train_t2_1217_1.png|aaa      e                               eeeeeee
/data3fast/users/mbermudez/de_03/TFGDataset/img/train_t2_1402_1.png|aaa        e              eee     eeeeeeeeeeeee
/data3fast/users/mbermudez/de_03/TFGDataset/img/train_t2_0787.png|eeeeeeeee e                           eeeeeee
/data3fast/users/mbermudez/de_03/TFGDataset/img/train_t2_1374_1.png|oeeeeee    e              eeeeee
/data3fast/users/mbermudez/de_03/TFGDataset/img/train_t2_1441_1.png|eeeeeeeeeeeee     e    e  ee  eeeeeeeeeeeeeeee
/data3fast/users/mbermudez/de_03/TFGDataset/img/train_t2_0978_0.png|seeeeeee eeeeeeee  eee  e  eeeeeeeeeeeeeeee
/data3fast/users/mbermudez/de_03/TFGDataset/img/train_t2_0751.png|eeeee                                   eeeeeee
/data3fast/users/mbermudez/de_03/TFGDataset/img/train_t2_0070_2.png|dde                                  eeeeeee
/data3fast/users/mbermudez/de_03/TFGDataset/img/train_t2_0763_2.png|oa                                       eeeeee
/data3fast/users/mbermudez/de_03/TFGDataset/img/train_t2_0420_0.png|ddd          e                         eeeeee
/data3fast/users/mbermudez/de_03/TFGDataset/img/train_t2_0656_1.png|ooo    ee eeeee   e ee e eeeeeeeeeeeeeeeeeeeeeeee
/data3fast/users/mbermudez/de_03/TFGDataset/img/train_t2_0991_0.png|eeeeee ee                            eee
/data3fast/users/mbermudez/de_03/TFGDataset/img/train_t2_0122_0.png|au         e      e ee  ee eeeeeeeeeeeeeeeeee
/data3fast/users/mbermudez/de_03/TFGDataset/img/train_t2_0295_0.png|geeeeeeeeee      ee   e    eeeeeeeeeee
/data3fast/users/mbermudez/de_03/TFGDataset/img/train_t2_1065_2.png|aalee                                    eeeeeeee
/data3fast/users/mbermudez/de_03/TFGDataset/img/train_t2_0909_1.png|ii          eee           ee       e    eeeeeeee
/data3fast/users/mbermudez/de_03/TFGDataset/img/train_t2_0306_0.png|tt                                        eeeeeeee
/data3fast/users/mbermudez/de_03/TFGDataset/img/train_t2_1006.png|deeee      ee                             eee eeeee
/data3fast/users/mbermudez/de_03/TFGDataset/img/train_t2_1075_1.png|aeeeeeee      e  e e e eeee   e  eeeeeeeeeeeeee
/data3fast/users/mbermudez/de_03/TFGDataset/img/train_t2_0052_2.png|deeeeeeee    ee e eeeeeeeeeeeeeeeeeeeeeeeeeeeeeee
/data3fast/users/mbermudez/de_03/TFGDataset/img/train_t2_0222_2.png|on                                         eee eeeeeeee
/data3fast/users/mbermudez/de_03/TFGDataset/img/train_t2_0294_1.png|aa           eeeeeee     e eeee  eeeeeeeeeeeeeeee
/data3fast/users/mbermudez/de_03/TFGDataset/img/train_t2_0196_0.png|tee                                  eeeeeeeee
/data3fast/users/mbermudez/de_03/TFGDataset/img/train_t2_0258_2.png|geeeeeeeeeee  ee                 e    eeeeeeee
/data3fast/users/mbermudez/de_03/TFGDataset/img/train_t2_1147_2.png|waeee        e                            eeeeeee
/data3fast/users/mbermudez/de_03/TFGDataset/img/train_t2_0255_2.png|oo                 e         ee    eeeeeeeeee
/data3fast/users/mbermudez/de_03/TFGDataset/img/train_t2_1429_2.png|# 
/data3fast/users/mbermudez/de_03/TFGDataset/img/train_t2_1132_2.png|geeeeeeeee      e                eeeeeeeeee
/data3fast/users/mbermudez/de_03/TFGDataset/img/train_t2_0685_0.png|ddee    ee e    ee                eeeeeeee
/data3fast/users/mbermudez/de_03/TFGDataset/img/train_t2_0507_0.png|iieeeeee eeeeee ee   ee      eeeeee eeeeeeeeeeeeeeeeee
/data3fast/users/mbermudez/de_03/TFGDataset/img/train_t2_1454_2.png|ieeeee                      e     eeeeeee
/data3fast/users/mbermudez/de_03/TFGDataset/img/train_t2_0445_0.png|un                                 e   eeeeeeeee
/data3fast/users/mbermudez/de_03/TFGDataset/img/train_t2_0619_0.png|ddee           e           e e  eeee e  e  eeeeeeeeeee
/data3fast/users/mbermudez/de_03/TFGDataset/img/train_t2_0354.png|waleeeee      ee eeee  e             eeee    eeeeeeeee
/data3fast/users/mbermudez/de_03/TFGDataset/img/train_t2_0232_2.png|weeeeeeee   ee             eee eeeeeeeeeeeeeeee
/data3fast/users/mbermudez/de_03/TFGDataset/img/train_t2_0026_2.png|iieeee                              e   e  e eeeeeee
/data3fast/users/mbermudez/de_03/TFGDataset/img/train_t2_0930_2.png|ieeeeeeeeee ee   eeeeee eeeeeeeeeeeeeeeeeeeeeee
/data3fast/users/mbermudez/de_03/TFGDataset/img/train_t2_0458.png|dd                                         ee  eeeee
/data3fast/users/mbermudez/de_03/TFGDataset/img/train_t2_0308_2.png|dde                  e                      eeeeee
/data3fast/users/mbermudez/de_03/TFGDataset/img/train_t2_0750_1.png|eeeeee                                      eeeeee
/data3fast/users/mbermudez/de_03/TFGDataset/img/train_t2_0314_1.png|aa                                    eeeeeee
/data3fast/users/mbermudez/de_03/TFGDataset/img/train_t2_1430_0.png|dde                              ee  eeeee
/data3fast/users/mbermudez/de_03/TFGDataset/img/train_t2_0035_1.png|ddee     ee                        eeeeeeeeee
/data3fast/users/mbermudez/de_03/TFGDataset/img/train_t2_1068_2.png|ggeeeee e                               eeeee
/data3fast/users/mbermudez/de_03/TFGDataset/img/train_t2_1307_0.png|ieeeeee                                      ee
/data3fast/users/mbermudez/de_03/TFGDataset/img/train_t2_0554_2.png|geeeeeeeeeeeeee e ee     ee  e    eeeee eeeeeeeeeeeeeeeeee
/data3fast/users/mbermudez/de_03/TFGDataset/img/train_t2_1077_2.png|eeeeeeeee   e                   e      eeeeeeeee
/data3fast/users/mbermudez/de_03/TFGDataset/img/train_t2_1140_1.png|wleeeeeeeeee  e                  e eeeeeee
/data3fast/users/mbermudez/de_03/TFGDataset/img/train_t2_0610_0.png|dde                                eee     e eeeeee
/data3fast/users/mbermudez/de_03/TFGDataset/img/train_t2_1143_0.png|eeeeeee                                  eeee
/data3fast/users/mbermudez/de_03/TFGDataset/img/train_t2_0602.png|eeeeeeeeee        e  e    e  e  eeeeeeeeee
/data3fast/users/mbermudez/de_03/TFGDataset/img/train_t2_0347_0.png|dde                                    e
/data3fast/users/mbermudez/de_03/TFGDataset/img/train_t2_1334.png|nn                     e             eeeeeeee
/data3fast/users/mbermudez/de_03/TFGDataset/img/train_t2_0800.png|dd                                         e  eeeeee
/data3fast/users/mbermudez/de_03/TFGDataset/img/train_t2_0421_1.png|geeeeeeeeeeeee     e                eeeeeeeeeeee
/data3fast/users/mbermudez/de_03/TFGDataset/img/train_t2_0329.png|eeeeeee  e                             e    eeeeeeeeee
/data3fast/users/mbermudez/de_03/TFGDataset/img/train_t2_1188.png|ieeee     e                                   e  eeee
/data3fast/users/mbermudez/de_03/TFGDataset/img/train_t2_1032.png|eeeeeeee  eeeee              e   e e e  eeeeeeeee
/data3fast/users/mbermudez/de_03/TFGDataset/img/train_t2_1392.png|# 
/data3fast/users/mbermudez/de_03/TFGDataset/img/train_t2_1057.png|eeeeeeeeee       ee   ee e    eeeeeee eeeeeeeeeeee
/data3fast/users/mbermudez/de_03/TFGDataset/img/train_t2_0362_1.png|aau                                           eeeeeeee
/data3fast/users/mbermudez/de_03/TFGDataset/img/train_t2_1374.png|geeee                                  ee
/data3fast/users/mbermudez/de_03/TFGDataset/img/train_t2_0047.png|walee ee eeee          e eeeeee e  eeeeeeee
/data3fast/users/mbermudez/de_03/TFGDataset/img/train_t2_0094.png|uu                                              eee
/data3fast/users/mbermudez/de_03/TFGDataset/img/train_t2_1334_2.png|nn                                       eeeee
/data3fast/users/mbermudez/de_03/TFGDataset/img/train_t2_0417.png|aaa                                                eeeeee
/data3fast/users/mbermudez/de_03/TFGDataset/img/train_t2_1269_2.png|iieeee  eeeee            e        eeeeeeeeeeeeeeeeee
/data3fast/users/mbermudez/de_03/TFGDataset/img/train_t2_0941_1.png|aeeee ee   e      ee       e      ee  eeeeeee
/data3fast/users/mbermudez/de_03/TFGDataset/img/train_t2_1002_1.png|eeeeeeeeeeeee      eeeee e e    eeeee  eeeeeeeeeeee
/data3fast/users/mbermudez/de_03/TFGDataset/img/train_t2_0313.png|ieeeee                                        eeeeeeeeee
/data3fast/users/mbermudez/de_03/TFGDataset/img/train_t2_0583_2.png|aaee      ee     e e  e        ee   eeeeeeeeeeeeeeee
/data3fast/users/mbermudez/de_03/TFGDataset/img/train_t2_1101_0.png|dde                                       eeee
/data3fast/users/mbermudez/de_03/TFGDataset/img/train_t2_0655_0.png|weeeeeee                               eeeeee
/data3fast/users/mbermudez/de_03/TFGDataset/img/train_t2_0311.png|geeeeee                              eee eeeeeee
/data3fast/users/mbermudez/de_03/TFGDataset/img/train_t2_1328.png|deee                                     e eeee
/data3fast/users/mbermudez/de_03/TFGDataset/img/train_t2_1179_1.png|dd                                             ee
/data3fast/users/mbermudez/de_03/TFGDataset/img/train_t2_0434.png|iiee      ee      e        eeeeeeeeeeeeeeeeeeeeeeeee
/data3fast/users/mbermudez/de_03/TFGDataset/img/train_t2_0131_2.png|oo                      ee
/data3fast/users/mbermudez/de_03/TFGDataset/img/train_t2_1077_1.png|deee                                         eeeee
/data3fast/users/mbermudez/de_03/TFGDataset/img/train_t2_1498_2.png|ddee                                    eeeeeeee
/data3fast/users/mbermudez/de_03/TFGDataset/img/train_t2_0171_2.png|eeeeeee
/data3fast/users/mbermudez/de_03/TFGDataset/img/train_t2_1220_1.png|iiie                                        eee
/data3fast/users/mbermudez/de_03/TFGDataset/img/train_t2_0714_1.png|aa                                   e eeeeeee
/data3fast/users/mbermudez/de_03/TFGDataset/img/train_t2_0768_2.png|wleeeeeeeee    eeeeeeeeeeeeeeeeeeeee
/data3fast/users/mbermudez/de_03/TFGDataset/img/train_t2_0500_2.png|geeeeeeee                                  eee
/data3fast/users/mbermudez/de_03/TFGDataset/img/train_t2_0066_1.png|un                                             eeee
/data3fast/users/mbermudez/de_03/TFGDataset/img/train_t2_0435_0.png|deee                                                   eeee
/data3fast/users/mbermudez/de_03/TFGDataset/img/train_t2_1049_1.png|aa                                    eeeeeeeee
/data3fast/users/mbermudez/de_03/TFGDataset/img/train_t2_0181_0.png|eeeeeee         e                       eeeeee
/data3fast/users/mbermudez/de_03/TFGDataset/img/train_t2_0799_0.png|eeeeeeee      e                      eeeeeeeeeeeeee
/data3fast/users/mbermudez/de_03/TFGDataset/img/train_t2_0455.png|dd                                    eeeeeeee
/data3fast/users/mbermudez/de_03/TFGDataset/img/train_t2_1419.png|geeeeeeeeeeeee    eee   e       eee   eeeeeeeeeeee
/data3fast/users/mbermudez/de_03/TFGDataset/img/train_t2_1463_0.png|nnn                                    eeeeee
/data3fast/users/mbermudez/de_03/TFGDataset/img/train_t2_1264_1.png|ddd                       ee         eeeeeeeee
/data3fast/users/mbermudez/de_03/TFGDataset/img/train_t2_0540.png|##
/data3fast/users/mbermudez/de_03/TFGDataset/img/train_t2_1174_1.png|iiie  ee                                 eeeee
/data3fast/users/mbermudez/de_03/TFGDataset/img/train_t2_0757_2.png|eeeeeeeeee                     e    eeeeeeeeee
/data3fast/users/mbermudez/de_03/TFGDataset/img/train_t2_0494_2.png|weeeeeeeee
/data3fast/users/mbermudez/de_03/TFGDataset/img/train_t2_1169_1.png|deeee                                   e  eee
/data3fast/users/mbermudez/de_03/TFGDataset/img/train_t2_0641_0.png|aa                                      eeeeeeeeee
/data3fast/users/mbermudez/de_03/TFGDataset/img/train_t2_1484_0.png|dde            ee                    e eeeeeeeeeee
/data3fast/users/mbermudez/de_03/TFGDataset/img/train_t2_1482_1.png|a                      e    eeeeeeeee
/data3fast/users/mbermudez/de_03/TFGDataset/img/train_t2_1106_2.png|lllee                                  ee
/data3fast/users/mbermudez/de_03/TFGDataset/img/train_t2_1421_2.png|eeeeeeeee ee eeee
/data3fast/users/mbermudez/de_03/TFGDataset/img/train_t2_0794_0.png|eeeeeeee    e       e          ee    eeeeeeeee
/data3fast/users/mbermudez/de_03/TFGDataset/img/train_t2_1015_2.png|tt                                     eee
/data3fast/users/mbermudez/de_03/TFGDataset/img/train_t2_1262_1.png|weeeee                           e  eeeeeeeee
/data3fast/users/mbermudez/de_03/TFGDataset/img/train_t2_0699.png|ieeeeee                                   eee
/data3fast/users/mbermudez/de_03/TFGDataset/img/train_t2_0242_1.png|eeeee                                  eeeeee
/data3fast/users/mbermudez/de_03/TFGDataset/img/train_t2_1104_1.png|oo                                      eee
/data3fast/users/mbermudez/de_03/TFGDataset/img/train_t2_1190_0.png|aaa                                    eee
/data3fast/users/mbermudez/de_03/TFGDataset/img/train_t2_0160_1.png|aaa                                   eeeeeee
/data3fast/users/mbermudez/de_03/TFGDataset/img/train_t2_1054_1.png|wlleeeeee                           eeeeee
/data3fast/users/mbermudez/de_03/TFGDataset/img/train_t2_0600.png|on                             eeee
/data3fast/users/mbermudez/de_03/TFGDataset/img/train_t2_0279_2.png|ddee                                 e  eee
/data3fast/users/mbermudez/de_03/TFGDataset/img/train_t2_0755.png|ieeeeee                            eeeeee
/data3fast/users/mbermudez/de_03/TFGDataset/img/train_t2_0106.png|seeeee                    eeee
/data3fast/users/mbermudez/de_03/TFGDataset/img/train_t2_1053_2.png|dd                               
/data3fast/users/mbermudez/de_03/TFGDataset/img/train_t2_1163_2.png|wwlee                              eee
/data3fast/users/mbermudez/de_03/TFGDataset/img/train_t2_0431_0.png|ooee   e                       eeeeeee
/data3fast/users/mbermudez/de_03/TFGDataset/img/train_t2_1479_0.png|weeeeee             e        e eeeeeeee
/data3fast/users/mbermudez/de_03/TFGDataset/img/train_t2_1294_2.png|aaa                                         ee
/data3fast/users/mbermudez/de_03/TFGDataset/img/train_t2_0336_0.png|ieeeee                            eee
/data3fast/users/mbermudez/de_03/TFGDataset/img/train_t2_0404_1.png|eeeeeeeeeeee
/data3fast/users/mbermudez/de_03/TFGDataset/img/train_t2_0080_0.png|aa                    e          e  eeeeeeee
/data3fast/users/mbermudez/de_03/TFGDataset/img/train_t2_0890_0.png|eeeeeee                        e        eeeeeeeee
/data3fast/users/mbermudez/de_03/TFGDataset/img/train_t2_0766_1.png|aa                                 eeeee
/data3fast/users/mbermudez/de_03/TFGDataset/img/train_t2_0872_1.png|ii                                   eeee
/data3fast/users/mbermudez/de_03/TFGDataset/img/train_t2_1285_2.png|dd                           e e     eeeeeeeeeee
/data3fast/users/mbermudez/de_03/TFGDataset/img/train_t2_0886_1.png|uu                                   ee
/data3fast/users/mbermudez/de_03/TFGDataset/img/train_t2_0873.png|iiee                                         eeeee
/data3fast/users/mbermudez/de_03/TFGDataset/img/train_t2_0908_2.png|un                            eeeeeeee
/data3fast/users/mbermudez/de_03/TFGDataset/img/train_t2_0045.png|aa                                      eeeeee
/data3fast/users/mbermudez/de_03/TFGDataset/img/train_t2_1486_2.png|ieeee                             eeeeee
/data3fast/users/mbermudez/de_03/TFGDataset/img/train_t2_0303_0.png|dne                                 e eeeee
/data3fast/users/mbermudez/de_03/TFGDataset/img/train_t2_0567_2.png|dd                                 eeeee
/data3fast/users/mbermudez/de_03/TFGDataset/img/train_t2_0139.png|aaa                                     eeee
/data3fast/users/mbermudez/de_03/TFGDataset/img/train_t2_0658.png|in       e   ee    eeeeee  eeeeeeeeeeeeeeee
/data3fast/users/mbermudez/de_03/TFGDataset/img/train_t2_0537.png|oo                            eeeeee
/data3fast/users/mbermudez/de_03/TFGDataset/img/train_t2_1387.png|nnn                                  e    eeeeeee
/data3fast/users/mbermudez/de_03/TFGDataset/img/train_t2_1459_0.png|deeeeeee ee        e            eeeeeeeeeeeee
/data3fast/users/mbermudez/de_03/TFGDataset/img/train_t2_1351.png|geeeeeeeeeeeeeeeeeeeeeeeeee
/data3fast/users/mbermudez/de_03/TFGDataset/img/train_t2_0579_0.png|oo            e      e eeee
/data3fast/users/mbermudez/de_03/TFGDataset/img/train_t2_1177_2.png|eeeeeee                               eeee
/data3fast/users/mbermudez/de_03/TFGDataset/img/train_t2_0251_1.png|deeeeeee eeeeee       e   eee eeeeeeeeeeeeeeeeeeeee
/data3fast/users/mbermudez/de_03/TFGDataset/img/train_t2_1033_0.png|aaa                                  
/data3fast/users/mbermudez/de_03/TFGDataset/img/train_t2_0426_2.png|aaa                                           eeee
/data3fast/users/mbermudez/de_03/TFGDataset/img/train_t2_1208_2.png|aa             e         eeee eeeeeeee
/data3fast/users/mbermudez/de_03/TFGDataset/img/train_t2_1371_0.png|dee                                             eee
/data3fast/users/mbermudez/de_03/TFGDataset/img/train_t2_0349_2.png|weeeeee                        eeeeeeeeee
/data3fast/users/mbermudez/de_03/TFGDataset/img/train_t2_0550_0.png|eeeeeee                                    eeeee
/data3fast/users/mbermudez/de_03/TFGDataset/img/train_t2_1006_2.png|deeeee                           e  eeeeeeeeee
/data3fast/users/mbermudez/de_03/TFGDataset/img/train_t2_1052_0.png|geeeeeee  e           e           e    e  eeeeeeeeee
/data3fast/users/mbermudez/de_03/TFGDataset/img/train_t2_0613_2.png|geeeeeee     e                 e     eeeeee eeee
/data3fast/users/mbermudez/de_03/TFGDataset/img/train_t2_1470_0.png|nn             e                ee         eeeeeeeee
/data3fast/users/mbermudez/de_03/TFGDataset/img/train_t2_0908.png|un                               ee  eeeeee
/data3fast/users/mbermudez/de_03/TFGDataset/img/train_t2_0877_1.png|wale                              e       eeeeeee
/data3fast/users/mbermudez/de_03/TFGDataset/img/train_t2_1436_1.png|geeeeeeee    ee                       ee eeeeeeee
/data3fast/users/mbermudez/de_03/TFGDataset/img/train_t2_0503_0.png|un                                    eeeeeeee
/data3fast/users/mbermudez/de_03/TFGDataset/img/train_t2_0725_2.png|ddee                                      eeee
/data3fast/users/mbermudez/de_03/TFGDataset/img/train_t2_1406_2.png|deeee                 e                   eee eeeeeee
/data3fast/users/mbermudez/de_03/TFGDataset/img/train_t2_0246_1.png|iie       e                        eeeeeeee
/data3fast/users/mbermudez/de_03/TFGDataset/img/train_t2_1411.png|aa                                eeeeee
/data3fast/users/mbermudez/de_03/TFGDataset/img/train_t2_0116_0.png|deeee                                     eeeeeee
/data3fast/users/mbermudez/de_03/TFGDataset/img/train_t2_0715.png|aa                                          eeeee
/data3fast/users/mbermudez/de_03/TFGDataset/img/train_t2_0351_2.png|iieee eee e     e                    eeeeeeee
/data3fast/users/mbermudez/de_03/TFGDataset/img/train_t2_0421_0.png|geeeeeeeeeeeee     ee  e     eeeeeeeeeeeeee
/data3fast/users/mbermudez/de_03/TFGDataset/img/train_t2_0871_1.png|geeeeeeeee                                   eeeeeee
/data3fast/users/mbermudez/de_03/TFGDataset/img/train_t2_0109_2.png|geeeeeeeeeee                              eeee eeeeeee
/data3fast/users/mbermudez/de_03/TFGDataset/img/train_t2_0419_2.png|deee                       e
/data3fast/users/mbermudez/de_03/TFGDataset/img/train_t2_0053_2.png|aa                          e         e eeeeeeeee
/data3fast/users/mbermudez/de_03/TFGDataset/img/train_t2_1371_1.png|deee  ee                                    e    eeeeeeeee
/data3fast/users/mbermudez/de_03/TFGDataset/img/train_t2_0665.png|geeeeeeee                                eee
/data3fast/users/mbermudez/de_03/TFGDataset/img/train_t2_1497.png|ieeeeeee    e e    e       e  e eeeee  eeeeeeeeee
/data3fast/users/mbermudez/de_03/TFGDataset/img/train_t2_0514.png|dde             e    ee  e    e eee     ee eeeeeeeeeeeeeeee
/data3fast/users/mbermudez/de_03/TFGDataset/img/train_t2_1141.png|aaa                                            eeee
/data3fast/users/mbermudez/de_03/TFGDataset/img/train_t2_0348_1.png|aa                                               eeeeeeee
/data3fast/users/mbermudez/de_03/TFGDataset/img/train_t2_0696_0.png|on                                       e  eeeee
/data3fast/users/mbermudez/de_03/TFGDataset/img/train_t2_0290.png|eeeeeeeeeeee eeeeee  eeeeee e eeeeeeeeeeeeeeeeeeeeeeee
/data3fast/users/mbermudez/de_03/TFGDataset/img/train_t2_1076_2.png|geeeeeeeee    e         e                e eeeeeeeeeee
/data3fast/users/mbermudez/de_03/TFGDataset/img/train_t2_0661.png|iiee ee          e             eeeee
/data3fast/users/mbermudez/de_03/TFGDataset/img/train_t2_1389.png|deeeeeeeeee  e  ee   ee    ee  eeee  eeeeeeeeeee
/data3fast/users/mbermudez/de_03/TFGDataset/img/train_t2_1250_0.png|waeeee  ee eeee e eeeeeeeeeeeeeeeeeeeeeeeeeee
/data3fast/users/mbermudez/de_03/TFGDataset/img/train_t2_1363_1.png|dd                                     eeeeeeeeeeeee
/data3fast/users/mbermudez/de_03/TFGDataset/img/train_t2_0161_1.png|aaa                                              ee
/data3fast/users/mbermudez/de_03/TFGDataset/img/train_t2_1106_1.png|lleeeee                                         eeee
/data3fast/users/mbermudez/de_03/TFGDataset/img/train_t2_1398_1.png|nn                                    e    eeeeeee
/data3fast/users/mbermudez/de_03/TFGDataset/img/train_t2_0376.png|aa                                          e eeeeee
/data3fast/users/mbermudez/de_03/TFGDataset/img/train_t2_1248.png|eeeeeeeee                                  eeee
/data3fast/users/mbermudez/de_03/TFGDataset/img/train_t2_1147.png|waeee   ee e                           ee   eeeeeeeee
/data3fast/users/mbermudez/de_03/TFGDataset/img/train_t2_0618_0.png|seeee   eeee      e   e                eeeeeeeeeeeeeeeeee
/data3fast/users/mbermudez/de_03/TFGDataset/img/train_t2_0291_2.png|geeeeeeeee  e                                eeeeee
/data3fast/users/mbermudez/de_03/TFGDataset/img/train_t2_1244_1.png|ooo                                     e eeee
/data3fast/users/mbermudez/de_03/TFGDataset/img/train_t2_1476_2.png|eeeeeeeeeeeeee e    eeeeeeeee eeeeeeeeeeeeeeeee
/data3fast/users/mbermudez/de_03/TFGDataset/img/train_t2_0364_0.png|eeeeeeeeee e    e e e             e eeeee  ee eeeeeeeeee
/data3fast/users/mbermudez/de_03/TFGDataset/img/train_t2_1015.png|tt                                        eeeeeeeee
/data3fast/users/mbermudez/de_03/TFGDataset/img/train_t2_1350_2.png|eeeeee                                          eeeee
/data3fast/users/mbermudez/de_03/TFGDataset/img/train_t2_1079_1.png|oieee e     e     ee  eee  ee eeeeeeeeeeeee
/data3fast/users/mbermudez/de_03/TFGDataset/img/train_t2_1294.png|aae                                      e eeee eeeeeeeeeee
/data3fast/users/mbermudez/de_03/TFGDataset/img/train_t2_0838_0.png|iiee   e                                  eeeeeeeee
/data3fast/users/mbermudez/de_03/TFGDataset/img/train_t2_0441.png|o                                           eeeeee
/data3fast/users/mbermudez/de_03/TFGDataset/img/train_t2_0329_2.png|eeeeeeeeeee               ee      e           eeeeeeeee
/data3fast/users/mbermudez/de_03/TFGDataset/img/train_t2_1094_0.png|oo                                          eeeeee
/data3fast/users/mbermudez/de_03/TFGDataset/img/train_t2_0834_2.png|ieeeeeeeeeeeeeeeeeeeeeee e eeeeeeeeeeeeeeeeeeeeeeee
/data3fast/users/mbermudez/de_03/TFGDataset/img/train_t2_0862.png|aaa              e e          e     eeeeeeeeeee
/data3fast/users/mbermudez/de_03/TFGDataset/img/train_t2_1048_1.png|eeeeeeeeee                                      e  eeeeee
/data3fast/users/mbermudez/de_03/TFGDataset/img/train_t2_0637_2.png|aa                                           eeeeeeee
/data3fast/users/mbermudez/de_03/TFGDataset/img/train_t2_0490_2.png|geeeeeee                                e eeeeeee
/data3fast/users/mbermudez/de_03/TFGDataset/img/train_t2_0879_1.png|ii      eeee                      e  eeeeeee
/data3fast/users/mbermudez/de_03/TFGDataset/img/train_t2_1011_0.png|##
/data3fast/users/mbermudez/de_03/TFGDataset/img/train_t2_0709_0.png|deeee   e                                   eeeeeeee
/data3fast/users/mbermudez/de_03/TFGDataset/img/train_t2_0999_1.png|eeeeeeeeeee      ee   e  e e  e  e  eeeeeeeeeeeeeeee
/data3fast/users/mbermudez/de_03/TFGDataset/img/train_t2_0713_1.png|#  
/data3fast/users/mbermudez/de_03/TFGDataset/img/train_t2_1004.png|ieeeeeeeeee  e     e           eeeeeee   eeeeeeeeeeeeee
/data3fast/users/mbermudez/de_03/TFGDataset/img/train_t2_1251_2.png|geeeeeeeee     eeeeeeee eeeeeeeeeeeeeeeeeeeeeeee
/data3fast/users/mbermudez/de_03/TFGDataset/img/train_t2_0157_1.png|oo        ee                        eeeeeeee
/data3fast/users/mbermudez/de_03/TFGDataset/img/train_t2_1421_1.png|eeeeee       ee
/data3fast/users/mbermudez/de_03/TFGDataset/img/train_t2_0097_1.png|tt                                 eeeeeeee
/data3fast/users/mbermudez/de_03/TFGDataset/img/train_t2_1448_2.png|aaeeeeee  eeee eee                  e e eeeeeeeeeee
/data3fast/users/mbermudez/de_03/TFGDataset/img/train_t2_1195.png|in        ee   eeeeeeeee
/data3fast/users/mbermudez/de_03/TFGDataset/img/train_t2_0454_0.png|seeeee  e  e                                eeee
/data3fast/users/mbermudez/de_03/TFGDataset/img/train_t2_1143_2.png|eeeeeee                                  eeee
/data3fast/users/mbermudez/de_03/TFGDataset/img/train_t2_0014_0.png|nn                                               eeee
/data3fast/users/mbermudez/de_03/TFGDataset/img/train_t2_0479_1.png|weeeeeee                              eeee
/data3fast/users/mbermudez/de_03/TFGDataset/img/train_t2_1328_2.png|ddee                                eee
/data3fast/users/mbermudez/de_03/TFGDataset/img/train_t2_1011_1.png|#  
/data3fast/users/mbermudez/de_03/TFGDataset/img/train_t2_0608_1.png|geeeeeee    e  e     e            eee eeeeeeeee
/data3fast/users/mbermudez/de_03/TFGDataset/img/train_t2_0187_2.png|deeeeee         eeeee              e  eeeeeeeeeeee
/data3fast/users/mbermudez/de_03/TFGDataset/img/train_t2_0440_2.png|deee                     e
/data3fast/users/mbermudez/de_03/TFGDataset/img/train_t2_0556.png|waeee  ee    ee              e          ee eeeeeee
/data3fast/users/mbermudez/de_03/TFGDataset/img/train_t2_1181_0.png|aee            e   e  ee         e  eeeeeeeeee
/data3fast/users/mbermudez/de_03/TFGDataset/img/train_t2_0971.png|aaee     ee     e eeeee  eee eeeeeeeeeeeeeee
/data3fast/users/mbermudez/de_03/TFGDataset/img/train_t2_1045_2.png|weeeee                               eeeeeee
/data3fast/users/mbermudez/de_03/TFGDataset/img/train_t2_1238_2.png|dd           e       ee                eeeeeeeeeeee
/data3fast/users/mbermudez/de_03/TFGDataset/img/train_t2_1327_2.png|deeeee         e    e               eeeeeeeee
/data3fast/users/mbermudez/de_03/TFGDataset/img/train_t2_0090_0.png|deeeeeeee e eeeeee ee   e   eeeeeeeeee
/data3fast/users/mbermudez/de_03/TFGDataset/img/train_t2_1379_2.png|tt         eee e eeeeeeeeee
/data3fast/users/mbermudez/de_03/TFGDataset/img/train_t2_0019_2.png|iieeeeeeeeeeeeeeeeeeeeeeeeeeeeeeeeeeeeeeeeeeeee
/data3fast/users/mbermudez/de_03/TFGDataset/img/train_t2_0685_1.png|ddeeee                             eeee
/data3fast/users/mbermudez/de_03/TFGDataset/img/train_t2_0761_1.png|geeeee  eee
/data3fast/users/mbermudez/de_03/TFGDataset/img/train_t2_0441_2.png|tn                                      
/data3fast/users/mbermudez/de_03/TFGDataset/img/train_t2_1286.png|aa                                 eeeeeeee
/data3fast/users/mbermudez/de_03/TFGDataset/img/train_t2_1054.png|waeeeeee           e     ee e ee eeeeeeee
/data3fast/users/mbermudez/de_03/TFGDataset/img/train_t2_1490_1.png|u                                       eeeee
/data3fast/users/mbermudez/de_03/TFGDataset/img/train_t2_1254_0.png|in            e e      eee     eee  eeeeeeeeeee
/data3fast/users/mbermudez/de_03/TFGDataset/img/train_t2_0805_1.png|geeeeeee                              ee eeee
/data3fast/users/mbermudez/de_03/TFGDataset/img/train_t2_1087_1.png|eeeeee                               e  
/data3fast/users/mbermudez/de_03/TFGDataset/img/train_t2_0833_0.png|dee                                    eeeeee
/data3fast/users/mbermudez/de_03/TFGDataset/img/train_t2_0581_1.png|un                                  eeeee
/data3fast/users/mbermudez/de_03/TFGDataset/img/train_t2_0811_2.png|dde     eee                   eeeeeeeeee
/data3fast/users/mbermudez/de_03/TFGDataset/img/train_t2_0626.png|ddeee                               eee
/data3fast/users/mbermudez/de_03/TFGDataset/img/train_t2_1372.png|eeeeeeee                            eeeeeeee
/data3fast/users/mbermudez/de_03/TFGDataset/img/train_t2_1277_2.png|dde        eeee      e                e ee  ee eeeee
/data3fast/users/mbermudez/de_03/TFGDataset/img/train_t2_1273_1.png|eeeee                               eee
/data3fast/users/mbermudez/de_03/TFGDataset/img/train_t2_0068_2.png|eeeeeee                               eeee
/data3fast/users/mbermudez/de_03/TFGDataset/img/train_t2_0922_0.png|ieeeeeee e                ee     eeeeeee
/data3fast/users/mbermudez/de_03/TFGDataset/img/train_t2_0136_1.png|aaa    e             eeee eeee   eeeeeeeeeeee
/data3fast/users/mbermudez/de_03/TFGDataset/img/train_t2_1208_0.png|ddee       eee   ee  eeeeeeeeeeeeeeeee
/data3fast/users/mbermudez/de_03/TFGDataset/img/train_t2_0736_0.png|ti   eeeeeeeeee
/data3fast/users/mbermudez/de_03/TFGDataset/img/train_t2_1313_1.png|au          e       e  eeeeeeeeeeeeeeeeee
/data3fast/users/mbermudez/de_03/TFGDataset/img/train_t2_0858_1.png|un                               eeeeeee
/data3fast/users/mbermudez/de_03/TFGDataset/img/train_t2_0828_0.png|dd                    e           eeeeeeeee
/data3fast/users/mbermudez/de_03/TFGDataset/img/train_t2_0712_1.png|dde    e   e e  ee     e   eeeeeeeee
/data3fast/users/mbermudez/de_03/TFGDataset/img/train_t2_0914_1.png|aa            e   e ee  eeeeeeee eeeeeeeee
/data3fast/users/mbermudez/de_03/TFGDataset/img/train_t2_1285_1.png|ddee        e  e                     e eeeeeeeeeee
/data3fast/users/mbermudez/de_03/TFGDataset/img/train_t2_0929_2.png|nn                                         
/data3fast/users/mbermudez/de_03/TFGDataset/img/train_t2_0674_2.png|nn                           eeeeeeeee
/data3fast/users/mbermudez/de_03/TFGDataset/img/train_t2_0650.png|wleeeeee                                eeeeeeeeeee
/data3fast/users/mbermudez/de_03/TFGDataset/img/train_t2_0967_2.png|eeeeeeeee  e              e   e e eeeeee
/data3fast/users/mbermudez/de_03/TFGDataset/img/train_t2_1268_0.png|aeee                                        ee
/data3fast/users/mbermudez/de_03/TFGDataset/img/train_t2_0806_0.png|eeeeeeeeeeeeeeee ee eee  eeeeeeeeeeeeeeeee
/data3fast/users/mbermudez/de_03/TFGDataset/img/train_t2_0247_1.png|uu                             eeeeeeee
/data3fast/users/mbermudez/de_03/TFGDataset/img/train_t2_1392_0.png|##
/data3fast/users/mbermudez/de_03/TFGDataset/img/train_t2_0749_0.png|eeeeeeee     ee        e    e           ee eeeeeee
/data3fast/users/mbermudez/de_03/TFGDataset/img/train_t2_1210_1.png|geeeeeeeeeee e      eee     e   eeeeeeeeeeee
/data3fast/users/mbermudez/de_03/TFGDataset/img/train_t2_0786_2.png|ooo          ee         eee  eeeeeeeee
/data3fast/users/mbermudez/de_03/TFGDataset/img/train_t2_0986_2.png|aae                                  eeee
/data3fast/users/mbermudez/de_03/TFGDataset/img/train_t2_1443_0.png|aaa                                         e eeee
/data3fast/users/mbermudez/de_03/TFGDataset/img/train_t2_1267_0.png|dn                                 eee
/data3fast/users/mbermudez/de_03/TFGDataset/img/train_t2_0747.png|weeeeee ee          e     e eeeeeeeeeeeeee
/data3fast/users/mbermudez/de_03/TFGDataset/img/train_t2_0884_1.png|ddeee                                        eeeeee
/data3fast/users/mbermudez/de_03/TFGDataset/img/train_t2_1259_1.png|## 
/data3fast/users/mbermudez/de_03/TFGDataset/img/train_t2_0547_1.png|iieeeee                                    eee
/data3fast/users/mbermudez/de_03/TFGDataset/img/train_t2_0051_0.png|ua                      eee      ee  eeeeeeeeeee
/data3fast/users/mbermudez/de_03/TFGDataset/img/train_t2_1062_2.png|ieeeeee                                   eeeeeeeee
/data3fast/users/mbermudez/de_03/TFGDataset/img/train_t2_0296_1.png|ii                                         eeeeee
/data3fast/users/mbermudez/de_03/TFGDataset/img/train_t2_0955.png|wale e                                 ee eeeeeee
/data3fast/users/mbermudez/de_03/TFGDataset/img/train_t2_0783_0.png|eeeeeeeeeeeeee e    e     ee   ee eeeeeeeeeeeeeeee
/data3fast/users/mbermudez/de_03/TFGDataset/img/train_t2_1405_1.png|uu                               eeeeee
/data3fast/users/mbermudez/de_03/TFGDataset/img/train_t2_1402.png|aaa              e                       e eeeeee
/data3fast/users/mbermudez/de_03/TFGDataset/img/train_t2_0318.png|ddee                                    
/data3fast/users/mbermudez/de_03/TFGDataset/img/train_t2_0258.png|geeeeeeee                             eeeee
/data3fast/users/mbermudez/de_03/TFGDataset/img/train_t2_0588.png|ddee                                   eeee
/data3fast/users/mbermudez/de_03/TFGDataset/img/train_t2_0614_2.png|eeeeeeeeeeee                                e   eeeeeee
/data3fast/users/mbermudez/de_03/TFGDataset/img/train_t2_0575_1.png|aa             e e                    eeeeeee
/data3fast/users/mbermudez/de_03/TFGDataset/img/train_t2_0583_1.png|aa                ee                eeeeeeeeeeeee
/data3fast/users/mbermudez/de_03/TFGDataset/img/train_t2_0342_0.png|ieeeee                                         eeeeeeee
/data3fast/users/mbermudez/de_03/TFGDataset/img/train_t2_0667_0.png|eeeeeeeeeee      e   ee              eee  eeeeeeeeee
/data3fast/users/mbermudez/de_03/TFGDataset/img/train_t2_0706_2.png|ddeee                                      e eeeeeee
/data3fast/users/mbermudez/de_03/TFGDataset/img/train_t2_1009_2.png|aa                                     e  eee
/data3fast/users/mbermudez/de_03/TFGDataset/img/train_t2_1019_1.png|geeeeeeeeeee  eee      e  eeeeeeeeeee
/data3fast/users/mbermudez/de_03/TFGDataset/img/train_t2_0806_2.png|deeeeeeeee ee                   e   eeeeeeeeeee
/data3fast/users/mbermudez/de_03/TFGDataset/img/train_t2_1419_1.png|geeeeeeeee     ee         e     ee eeeeeeeeeeeee
/data3fast/users/mbermudez/de_03/TFGDataset/img/train_t2_0438.png|oo                                e  e
/data3fast/users/mbermudez/de_03/TFGDataset/img/train_t2_0286_1.png|# 
/data3fast/users/mbermudez/de_03/TFGDataset/img/train_t2_0723_0.png|geeeeeeee  e                                   ee
/data3fast/users/mbermudez/de_03/TFGDataset/img/train_t2_1266.png|deee                                       eeee
/data3fast/users/mbermudez/de_03/TFGDataset/img/train_t2_1357.png|iiee                                                eeee
/data3fast/users/mbermudez/de_03/TFGDataset/img/train_t2_0650_0.png|weeeeeeeee      e           e         e      eeeeeeeeeee
/data3fast/users/mbermudez/de_03/TFGDataset/img/train_t2_0782_1.png|nn      eeeee     e   e        eeeeeeeeeeeeeeee
/data3fast/users/mbermudez/de_03/TFGDataset/img/train_t2_0661_0.png|iieee                     eeeee
/data3fast/users/mbermudez/de_03/TFGDataset/img/train_t2_0878_1.png|ieeeeee                                     eeeeeeeee
/data3fast/users/mbermudez/de_03/TFGDataset/img/train_t2_1110_1.png|aa                                    ee e
/data3fast/users/mbermudez/de_03/TFGDataset/img/train_t2_1282_0.png|iie    eee                      e  e eeeeeeeee
/data3fast/users/mbermudez/de_03/TFGDataset/img/train_t2_1153_2.png|dd           ee eeeeee
/data3fast/users/mbermudez/de_03/TFGDataset/img/train_t2_1353.png|geeeeeeeeeeee e eeeee     eeeeee   eeeeeeeeeeeeeeeeeee
/data3fast/users/mbermudez/de_03/TFGDataset/img/train_t2_0360.png|aaa                                      e   eeeeeeeeeee
/data3fast/users/mbermudez/de_03/TFGDataset/img/train_t2_0560_1.png|weeeeee                                       eeeeee
/data3fast/users/mbermudez/de_03/TFGDataset/img/train_t2_1189_0.png|weeee                                    eeeeeeee
/data3fast/users/mbermudez/de_03/TFGDataset/img/train_t2_0127.png|ddee                 e         e eeeee   eeeeeeeeeeeee
/data3fast/users/mbermudez/de_03/TFGDataset/img/train_t2_0571_0.png|eeeeeeeeeeeeeeeeeeeeeeeeeeeeeeeeeeeeeeeeeeeeeeee
/data3fast/users/mbermudez/de_03/TFGDataset/img/train_t2_0715_1.png|aa                                      eeeeeee
/data3fast/users/mbermudez/de_03/TFGDataset/img/train_t2_0292.png|aa      e       ee e eeee ee  eeeeeeeeeeeeeeeee
/data3fast/users/mbermudez/de_03/TFGDataset/img/train_t2_0542.png|eeeeeeeee e     eeee                      eeeeeeeeee
/data3fast/users/mbermudez/de_03/TFGDataset/img/train_t2_1149_0.png|un          eeeee  eee          eee     eeeeeeeeee
/data3fast/users/mbermudez/de_03/TFGDataset/img/train_t2_0584_0.png|deeee    e           eee
/data3fast/users/mbermudez/de_03/TFGDataset/img/train_t2_0042_0.png|ddee     eee   e    e e         e   e eeeeeeeeeeeeee
/data3fast/users/mbermudez/de_03/TFGDataset/img/train_t2_0453_2.png|uun                                    eeee e
/data3fast/users/mbermudez/de_03/TFGDataset/img/train_t2_0088_1.png|deee               ee       e         e eeeeeeeeeee
/data3fast/users/mbermudez/de_03/TFGDataset/img/train_t2_0214_1.png|aaeeeeee ee eeeeeee  e eeeeeeeee eeeeeeeeeeeeeeeeeeeeeeeeeee
/data3fast/users/mbermudez/de_03/TFGDataset/img/train_t2_1116_2.png|ddeeee      e                             e eeee
/data3fast/users/mbermudez/de_03/TFGDataset/img/train_t2_0369_1.png|geeeeeeeeeeeeeeeeeeeeeeeeeeeeeeeeeeeeeeeeeeeeeeeeeeee
/data3fast/users/mbermudez/de_03/TFGDataset/img/train_t2_0720.png|inn               eeeeeeeee   eeeeeeeeeeeeeeeeeeeeee
/data3fast/users/mbermudez/de_03/TFGDataset/img/train_t2_0008_2.png|ddee                                       eeeee
/data3fast/users/mbermudez/de_03/TFGDataset/img/train_t2_0311_0.png|geeeeeee        e         e   eeeeeeeeeeeeee
/data3fast/users/mbermudez/de_03/TFGDataset/img/train_t2_0781_2.png|deeee   e            e            eeeeeeee
/data3fast/users/mbermudez/de_03/TFGDataset/img/train_t2_1314_2.png|aaa      e e      eeeee eeee     eeeeeeeeeeeeeeeeeeee
/data3fast/users/mbermudez/de_03/TFGDataset/img/train_t2_1115_2.png|iieeeeee eeeeee e       ee     e eeeeeeeeee
/data3fast/users/mbermudez/de_03/TFGDataset/img/train_t2_1031_2.png|eeeeeeee                      ee  eeeeeee
/data3fast/users/mbermudez/de_03/TFGDataset/img/train_t2_1200.png|##
/data3fast/users/mbermudez/de_03/TFGDataset/img/train_t2_1204_2.png|geeeeeeeeeeeeeeeeeeeeeeeeeeeeeeeeeeeeeeeeeeeeeeeeeeee
/data3fast/users/mbermudez/de_03/TFGDataset/img/train_t2_1294_0.png|aaa                                          eeeeeeee
/data3fast/users/mbermudez/de_03/TFGDataset/img/train_t2_0511_2.png|ggeeeeeeeee                      eee e eeeeeeee
/data3fast/users/mbermudez/de_03/TFGDataset/img/train_t2_1393_0.png|dd       e
/data3fast/users/mbermudez/de_03/TFGDataset/img/train_t2_0176_1.png|aa        eee   ee         e    eeeeeeeeeeeeee
/data3fast/users/mbermudez/de_03/TFGDataset/img/train_t2_0609.png|eeeeeeeeeeeeeeeeeeeeeeeeeeeeeeeeeeeeeeeeeeeee
/data3fast/users/mbermudez/de_03/TFGDataset/img/train_t2_0440_1.png|deee                         
/data3fast/users/mbermudez/de_03/TFGDataset/img/train_t2_0897.png|geeeeeeeeeeeeeeee  eeeeeeeeeeeeeeeeee
/data3fast/users/mbermudez/de_03/TFGDataset/img/train_t2_0102_0.png|aaa          e                 ee eeeeeeeeeeee
/data3fast/users/mbermudez/de_03/TFGDataset/img/train_t2_0175.png|ieeeeeeeeeeeeeeeeeeeeeeeeeeeeeeeeeeeeeeeeeeeee
/data3fast/users/mbermudez/de_03/TFGDataset/img/train_t2_0817_2.png|deeeeeeeeeeeeeeee e  e eeeeeee      eeeeeeeeeeeeeeeeeeeeee
/data3fast/users/mbermudez/de_03/TFGDataset/img/train_t2_0457_2.png|nnn     ee   eeeeeee     e           eeeeeeeeeeeee
/data3fast/users/mbermudez/de_03/TFGDataset/img/train_t2_0088.png|dee   e    e eeee    eeeeeeee  eeeeee eeeeeeeeeee
/data3fast/users/mbermudez/de_03/TFGDataset/img/train_t2_0934_0.png|deeeee e  ee        eee        eeeeeee
/data3fast/users/mbermudez/de_03/TFGDataset/img/train_t2_0129_0.png|#   
/data3fast/users/mbermudez/de_03/TFGDataset/img/train_t2_1217_2.png|aaleeee  e                             eeeeeeeee
/data3fast/users/mbermudez/de_03/TFGDataset/img/train_t2_0822_2.png|uu            eeeeeeeeeeeeeeeeeeeeeeeee
/data3fast/users/mbermudez/de_03/TFGDataset/img/train_t2_0237_0.png|wleeeeee
/data3fast/users/mbermudez/de_03/TFGDataset/img/train_t2_1342_1.png|aaa        e  ee e e  eeeeeeee eeeeeeeeeeeeeee
/data3fast/users/mbermudez/de_03/TFGDataset/img/train_t2_1349_0.png|eeeeeeeeeeeeeeeeeeeeeeeeeeeeeeeeeeeeeeeeeeeeeeeee
/data3fast/users/mbermudez/de_03/TFGDataset/img/train_t2_1067.png|o              e    ee ee  eeeeeeeeee
/data3fast/users/mbermudez/de_03/TFGDataset/img/train_t2_0608_2.png|eeeeeeeee e   e e eeee          eee eeeeeeee
/data3fast/users/mbermudez/de_03/TFGDataset/img/train_t2_0792_1.png|un                ee e  ee  e   e eeeeeeeeeeee
/data3fast/users/mbermudez/de_03/TFGDataset/img/train_t2_1168.png|in      ee  eeeee       e  e        ee  eeeeeeeeee
/data3fast/users/mbermudez/de_03/TFGDataset/img/train_t2_0251_0.png|deeeeeeeeeeeeeeeeeeeeeeeeeeeeeeeeeeeeeeeeeeeeeeeeee
/data3fast/users/mbermudez/de_03/TFGDataset/img/train_t2_0857.png|deeeee eeeee   eeee eeee   e    eeeeeeeeeeeee
/data3fast/users/mbermudez/de_03/TFGDataset/img/train_t2_0744_2.png|deeee                                     eeeeee
/data3fast/users/mbermudez/de_03/TFGDataset/img/train_t2_0485.png|eeeeeeeeeeeeeeeeeeeeeeeeeeeeeeeeeeeeeeeeeeeee
/data3fast/users/mbermudez/de_03/TFGDataset/img/train_t2_0895_0.png|iiee    eeeeeeeeee eeeeeee eeeeeeeeeeeeeeeee
/data3fast/users/mbermudez/de_03/TFGDataset/img/train_t2_0643_0.png|deeee         e        e    e   e eeeeeeeeee
/data3fast/users/mbermudez/de_03/TFGDataset/img/train_t2_0166_2.png|ieeeeeeeeee  eeee eeeee  eeeee  eeeeeeeeeeeeee
/data3fast/users/mbermudez/de_03/TFGDataset/img/train_t2_0076_1.png|deeeeeeeeeeeeeeeeee eee   eeeeeeeeeeeeee
/data3fast/users/mbermudez/de_03/TFGDataset/img/train_t2_0213_1.png|au         eeeeeeeeeeeeeeeeeeeeeeeeeeeeeeeeee
/data3fast/users/mbermudez/de_03/TFGDataset/img/train_t2_0820.png|ieeee  eeeeeeeeeeeeeeeeeeeeeeeeeeeeeeeeeeeeee
/data3fast/users/mbermudez/de_03/TFGDataset/img/train_t2_0917_0.png|# 
/data3fast/users/mbermudez/de_03/TFGDataset/img/train_t2_1194_1.png|geeeeeeeeeeeee   eeeeeeeeeeeeeeeeeeeeeeeeeeeeee
/data3fast/users/mbermudez/de_03/TFGDataset/img/train_t2_1118_2.png|ddee                                      
/data3fast/users/mbermudez/de_03/TFGDataset/img/train_t2_1345.png|geeeeeeeee       e      e  eeeee
/data3fast/users/mbermudez/de_03/TFGDataset/img/train_t2_0619.png|deeeeeeee eeeeeeeeeeeeeeeeeeeeeeeeeeeeeeeeeeeeeeeee
/data3fast/users/mbermudez/de_03/TFGDataset/img/train_t2_0525_2.png|ieeeeeeeeeeee  eee       eeeeeeeeeeeeeeeeeeee
/data3fast/users/mbermudez/de_03/TFGDataset/img/train_t2_1179_2.png|aa                                          eeeee
/data3fast/users/mbermudez/de_03/TFGDataset/img/train_t2_1260.png|geeeeeeee                     eeee
/data3fast/users/mbermudez/de_03/TFGDataset/img/train_t2_0310_2.png|deeeeeeeeeeeeeeeeeeeeeeeeeeeeeeeeeeeeeeeeeeeeee
/data3fast/users/mbermudez/de_03/TFGDataset/img/train_t2_0795_2.png|iie   ee    e  eee e      eeeeeeeeeeeeeeeeeeee
/data3fast/users/mbermudez/de_03/TFGDataset/img/train_t2_0191.png|eeeeeeeeeeeeeee eee eeeeeeeeeeeeeeeeeeeeeeee
/data3fast/users/mbermudez/de_03/TFGDataset/img/train_t2_0130.png|ieeeeeeeeeeeeeeeeeeeeeeeeeeeeeeeeeeeeeeeeeeeeeeeee
/data3fast/users/mbermudez/de_03/TFGDataset/img/train_t2_0120_1.png|waeeeeeeeeeee    e  eeeee       eeeeeeeeeeeee
/data3fast/users/mbermudez/de_03/TFGDataset/img/train_t2_1228_0.png|geeeeeeeeeeeeeeeeeeeeeeeeeeeeeeeeeeeeeeeeeeeeeeee
/data3fast/users/mbermudez/de_03/TFGDataset/img/train_t2_0034_2.png|#   
/data3fast/users/mbermudez/de_03/TFGDataset/img/train_t2_0535_1.png|aaeeee    e                           eeeee
/data3fast/users/mbermudez/de_03/TFGDataset/img/train_t2_0071_1.png|aan       ee       eeeeeeee       eeeeeeeeeeee
/data3fast/users/mbermudez/de_03/TFGDataset/img/train_t2_0238_0.png|deeeeeeeeeeeeeeeeeeeeee eeeeeeeeeeeeeeeeeeeeeeeeee
/data3fast/users/mbermudez/de_03/TFGDataset/img/train_t2_0335.png|dd              eee eee    e      eeeeeeeeeeeee
/data3fast/users/mbermudez/de_03/TFGDataset/img/train_t2_0216_0.png|ieeeee   e          e       e  ee eeeeeeeeeeeee
/data3fast/users/mbermudez/de_03/TFGDataset/img/train_t2_0018.png|ieeeeeeeeeeeeeeeeeeeeeeeeeeeeeeeeeeeeeeeeeeeeeeeeeeee
/data3fast/users/mbermudez/de_03/TFGDataset/img/train_t2_0762_2.png|geeeeeeeeeee  e  eeeeeeee
/data3fast/users/mbermudez/de_03/TFGDataset/img/train_t2_0499.png|eeeeeeeeeeeeeeee      eeee eee e  eeeeeeeeeeeeeeee
/data3fast/users/mbermudez/de_03/TFGDataset/img/train_t2_0232_1.png|weeeeeeeeee   eeeeee   eeeeeeeeeeeeeeeeeeeeeeeeeee
/data3fast/users/mbermudez/de_03/TFGDataset/img/train_t2_0378_1.png|nn            e       e    e eeee  eeeeeeeeee
/data3fast/users/mbermudez/de_03/TFGDataset/img/train_t2_0907.png|wleeeeeeee  eeeeeeeeeeeeeeeeeeeeeeeeeeeeeeeeeeeee
/data3fast/users/mbermudez/de_03/TFGDataset/img/train_t2_0119_0.png|lllee                                    ee  e
/data3fast/users/mbermudez/de_03/TFGDataset/img/train_t2_0808_2.png|iii   eeeeeeeeeeeeeeeeeeeeeeeeeeeeeeeeeeeeeeeeeeeee
/data3fast/users/mbermudez/de_03/TFGDataset/img/train_t2_0655_1.png|weeeeeeeee e  e                 eee eeeeeeeee
/data3fast/users/mbermudez/de_03/TFGDataset/img/train_t2_1110.png|aa            e                eeeeeeee
/data3fast/users/mbermudez/de_03/TFGDataset/img/train_t2_0702_0.png|wleee   e     eeeeeeeeee   eeeeeeeeeeeeeeeeee
/data3fast/users/mbermudez/de_03/TFGDataset/img/train_t2_1393_2.png|dd          
/data3fast/users/mbermudez/de_03/TFGDataset/img/train_t2_1234_1.png|geeeeeeeeeee ee     e      ee            eeeeeeeee
/data3fast/users/mbermudez/de_03/TFGDataset/img/train_t2_1182_0.png|ii     eee e e   eeeeeeeeeeeeeeeeee e eeeeeeeeeeeeeeeeeeeee
/data3fast/users/mbermudez/de_03/TFGDataset/img/train_t2_0027_2.png|eeeeeeeee                   eee
/data3fast/users/mbermudez/de_03/TFGDataset/img/train_t2_0683_0.png|eeeeeeeeeeee eeeeeeeeeeeeeeeeeeeeeeeeeeeeeeeeeeeeeeeee
/data3fast/users/mbermudez/de_03/TFGDataset/img/train_t2_1390_1.png|un                                            eeeeee
/data3fast/users/mbermudez/de_03/TFGDataset/img/train_t2_1368_1.png|geeeeeeeeeeeeeeeeeeeeeeeee   eeeeee eeeeeeeeeeeeeeee
/data3fast/users/mbermudez/de_03/TFGDataset/img/train_t2_0302_2.png|geeeeeeeeeeeeeeeee eee eeeee e eeeeeeeeeeeeeeeeeeeeeeee
/data3fast/users/mbermudez/de_03/TFGDataset/img/train_t2_0935_2.png|tte        e   e                  e eee  eeeee
/data3fast/users/mbermudez/de_03/TFGDataset/img/train_t2_1148_0.png|dee        e           e  e eee   eeeeeeeeee
/data3fast/users/mbermudez/de_03/TFGDataset/img/train_t2_1088_0.png|uuu           e                    e          eeeeee
/data3fast/users/mbermudez/de_03/TFGDataset/img/train_t2_0422_0.png|eeeeeeeeeeeee    ee   eeeeeee    eeeeeeeeeeeeeeeeeee
/data3fast/users/mbermudez/de_03/TFGDataset/img/train_t2_1027_0.png|deeeeeee eeeeeeeee        eeeeeeeeeeeeeeeeeeeeeeee
/data3fast/users/mbermudez/de_03/TFGDataset/img/train_t2_0164_1.png|wleeee          ee
/data3fast/users/mbermudez/de_03/TFGDataset/img/train_t2_0714_0.png|aaaee  ee   e e     e   e        eeeeeeeeeeeeeeee
/data3fast/users/mbermudez/de_03/TFGDataset/img/train_t2_0481.png|eeeeeeee              e  e             e      eeeeeeee
/data3fast/users/mbermudez/de_03/TFGDataset/img/train_t2_0825_2.png|eeeeeeeeeeeeeeeeeeeeeeeeeeeeeeeeeeeeeeeeeeeeeeeeeeeeeeeeeee
/data3fast/users/mbermudez/de_03/TFGDataset/img/train_t2_0239_1.png|aa    eeeeee    eeeeeeeeeee
/data3fast/users/mbermudez/de_03/TFGDataset/img/train_t2_0044_2.png|weeeee                                     eeeee
/data3fast/users/mbermudez/de_03/TFGDataset/img/train_t2_0453_0.png|uu                                        eee
/data3fast/users/mbermudez/de_03/TFGDataset/img/train_t2_1035_2.png|llleeeeeeee e ee   eeeeeeeeeeeeeeeeeeeeeeeeeeeeeeeeeeee
/data3fast/users/mbermudez/de_03/TFGDataset/img/train_t2_0013_0.png|un       e      eeeeeeeeee
/data3fast/users/mbermudez/de_03/TFGDataset/img/train_t2_1220_0.png|iieee                                eeeeeeeeeeeee
/data3fast/users/mbermudez/de_03/TFGDataset/img/train_t2_0459_0.png|tt           e           e            eeeeeeeeeeeeeeee
/data3fast/users/mbermudez/de_03/TFGDataset/img/train_t2_0398_0.png|at             e    e e ee    ee eeeeeeeeeeeeeeeee
/data3fast/users/mbermudez/de_03/TFGDataset/img/train_t2_1040.png|aaaee             e e     e             e e eeeeeee
/data3fast/users/mbermudez/de_03/TFGDataset/img/train_t2_1450.png|aaa         eeeeeeeeeeeeeeeeeeeeeeeeeeeeeeeeeeeeeee
/data3fast/users/mbermudez/de_03/TFGDataset/img/train_t2_1387_1.png|nn                         eeeeeeeeeeeeeeeeeeeeeeeeeee
/data3fast/users/mbermudez/de_03/TFGDataset/img/train_t2_0246_2.png|de       eeee    e ee  ee    ee eeeeeeeee
/data3fast/users/mbermudez/de_03/TFGDataset/img/train_t2_0652_1.png|eeeeee                                   
/data3fast/users/mbermudez/de_03/TFGDataset/img/train_t2_0341_2.png|eeeeeeeee    ee                         eeeeeee
/data3fast/users/mbermudez/de_03/TFGDataset/img/train_t2_0023_2.png|geeeeeeeee ee          e  e   ee e     eeeeeeeeeeeee
/data3fast/users/mbermudez/de_03/TFGDataset/img/train_t2_1143.png|eeeeee                                        
/data3fast/users/mbermudez/de_03/TFGDataset/img/train_t2_0555.png|ddd                e                        eee
/data3fast/users/mbermudez/de_03/TFGDataset/img/train_t2_0658_1.png|it       eee e e eeeeee  e   eeeeeeeeeeeeeeeeeeeeeeeee
/data3fast/users/mbermudez/de_03/TFGDataset/img/train_t2_1107_1.png|#   
/data3fast/users/mbermudez/de_03/TFGDataset/img/train_t2_0361.png|#  
/data3fast/users/mbermudez/de_03/TFGDataset/img/train_t2_0628_2.png|geeeeeeee                                e  eee
/data3fast/users/mbermudez/de_03/TFGDataset/img/train_t2_0040.png|aaae            eee   ee   e ee   eeeeeeeee
/data3fast/users/mbermudez/de_03/TFGDataset/img/train_t2_0522_2.png|ggeeeeeeeeee   ee e  e          eee  eeeeeeeeeeee
/data3fast/users/mbermudez/de_03/TFGDataset/img/train_t2_0239.png|aa             e  ee
/data3fast/users/mbermudez/de_03/TFGDataset/img/train_t2_0625_1.png|deeeeee                                   e     eee
/data3fast/users/mbermudez/de_03/TFGDataset/img/train_t2_0977_2.png|dd                                         eeeeee
/data3fast/users/mbermudez/de_03/TFGDataset/img/train_t2_0749_2.png|deeeee  eeee              eeee    eeeeeeeeeeeeeeeeee
/data3fast/users/mbermudez/de_03/TFGDataset/img/train_t2_0638_0.png|oohee  e    eeeeeee  e        ee   e eeeeeeeeeeee
/data3fast/users/mbermudez/de_03/TFGDataset/img/train_t2_0282.png|weeeeeeee    ee e    e     e   e      ee eeeeeeeee
/data3fast/users/mbermudez/de_03/TFGDataset/img/train_t2_1214_2.png|auu                                         eee
/data3fast/users/mbermudez/de_03/TFGDataset/img/train_t2_1344_2.png|ddd                                       eeee
/data3fast/users/mbermudez/de_03/TFGDataset/img/train_t2_0222_1.png|ii   e    eeee  e                      eeeeeeeeeee
/data3fast/users/mbermudez/de_03/TFGDataset/img/train_t2_1369_0.png|eeeeeeee       ee               eeeeeee
/data3fast/users/mbermudez/de_03/TFGDataset/img/train_t2_0008_1.png|d                                       e ee
/data3fast/users/mbermudez/de_03/TFGDataset/img/train_t2_1301.png|ddeeeeee e           e  e e  ee e eeeeee  eeeeeeeeeeeeeeeeee
/data3fast/users/mbermudez/de_03/TFGDataset/img/train_t2_1346_1.png|aaa         e            e ee    eeeeeeeeeeeee
/data3fast/users/mbermudez/de_03/TFGDataset/img/train_t2_0713_0.png|# 
/data3fast/users/mbermudez/de_03/TFGDataset/img/train_t2_0609_0.png|eeeeeeeeeeeeee  ee   eeeeeee eeeeeeeeeeeeeeee
/data3fast/users/mbermudez/de_03/TFGDataset/img/train_t2_1151_1.png|#  
/data3fast/users/mbermudez/de_03/TFGDataset/img/train_t2_0433.png|geeeeeeee                             eeee
/data3fast/users/mbermudez/de_03/TFGDataset/img/train_t2_0079_0.png|ii                                        e eee
/data3fast/users/mbermudez/de_03/TFGDataset/img/train_t2_1317_2.png|deeeee          e           e  eee       eeee
/data3fast/users/mbermudez/de_03/TFGDataset/img/train_t2_1101_2.png|dde                               
/data3fast/users/mbermudez/de_03/TFGDataset/img/train_t2_0288_1.png|ieeeeeeeee eeeeeeeeeeeeeeeeeeeeeeeeeeeeeeeeeeeeeeeeeee
/data3fast/users/mbermudez/de_03/TFGDataset/img/train_t2_1013_2.png|ddee                                      e ee
/data3fast/users/mbermudez/de_03/TFGDataset/img/train_t2_0243.png|waaee                                   e eeeeee
/data3fast/users/mbermudez/de_03/TFGDataset/img/train_t2_1244.png|ooo                                  ee
/data3fast/users/mbermudez/de_03/TFGDataset/img/train_t2_0642.png|deeeeeee       e                     ee eeeeee
/data3fast/users/mbermudez/de_03/TFGDataset/img/train_t2_0666.png|deeeeee                                  ee eeeeeeeeee
/data3fast/users/mbermudez/de_03/TFGDataset/img/train_t2_0518_1.png|ddee                                   eeeeee
/data3fast/users/mbermudez/de_03/TFGDataset/img/train_t2_0717_0.png|dd                     e               eeeeeeeee
/data3fast/users/mbermudez/de_03/TFGDataset/img/train_t2_1351_2.png|eeeeeeeeeeeeeeeeeeeeeeeeee
/data3fast/users/mbermudez/de_03/TFGDataset/img/train_t2_0576_2.png|geeeeee                               ee
/data3fast/users/mbermudez/de_03/TFGDataset/img/train_t2_0361_0.png|#  
/data3fast/users/mbermudez/de_03/TFGDataset/img/train_t2_0060.png|deee                                    eee
/data3fast/users/mbermudez/de_03/TFGDataset/img/train_t2_0095_0.png|un                   e   ee     eeeeeee
/data3fast/users/mbermudez/de_03/TFGDataset/img/train_t2_0514_2.png|dd                             ee         eeeeeeeeeee
/data3fast/users/mbermudez/de_03/TFGDataset/img/train_t2_0922_1.png|eeeeeeeeeeeeeee ee eee    eee  eeeeeeeeeeeee
/data3fast/users/mbermudez/de_03/TFGDataset/img/train_t2_0939_2.png|iieeeee eeee ee             eeeeeeeeeeeeeeeeee
/data3fast/users/mbermudez/de_03/TFGDataset/img/train_t2_0765_2.png|deeeeeeeeeeeee         eeeeeeeeeeeeee
/data3fast/users/mbermudez/de_03/TFGDataset/img/train_t2_0007_1.png|deeee            e             ee eeeeeee
/data3fast/users/mbermudez/de_03/TFGDataset/img/train_t2_1316.png|iiee     
/data3fast/users/mbermudez/de_03/TFGDataset/img/train_t2_1339_1.png|tt                                 
/data3fast/users/mbermudez/de_03/TFGDataset/img/train_t2_0657.png|aa      ee         ee   e     ee  eeeeeeeeeeeeeee
/data3fast/users/mbermudez/de_03/TFGDataset/img/train_t2_0451_0.png|geeeeee                                eeee
/data3fast/users/mbermudez/de_03/TFGDataset/img/train_t2_0894_0.png|dn                                         eeee
/data3fast/users/mbermudez/de_03/TFGDataset/img/train_t2_1242_1.png|ieeeeeeee    e       eeeeee eee  eeee   eeeeeeeeeeeee
/data3fast/users/mbermudez/de_03/TFGDataset/img/train_t2_0219_0.png|ddee                                eee
/data3fast/users/mbermudez/de_03/TFGDataset/img/train_t2_1255_1.png|aleeeeee    e                     e eeeeeeeee
/data3fast/users/mbermudez/de_03/TFGDataset/img/train_t2_1410_2.png|uud                                   eee
/data3fast/users/mbermudez/de_03/TFGDataset/img/train_t2_0317_1.png|aie                                     eeee
/data3fast/users/mbermudez/de_03/TFGDataset/img/train_t2_0359_1.png|iee               
/data3fast/users/mbermudez/de_03/TFGDataset/img/train_t2_0350_1.png|geeeeeeeeeee     ee   e     ee   eeeeeeeeeeeeeeeeee
/data3fast/users/mbermudez/de_03/TFGDataset/img/train_t2_0381_1.png|deeeee e     ee      e               eeeeeeeeeeee
/data3fast/users/mbermudez/de_03/TFGDataset/img/train_t2_0107.png|deeee                                   eee
/data3fast/users/mbermudez/de_03/TFGDataset/img/train_t2_0089_1.png|weeeeeeeeeeeeeeeeeeeeeeeeeeeeeeeeeeeeee
/data3fast/users/mbermudez/de_03/TFGDataset/img/train_t2_0664_1.png|ii     e  e     eeeeeeeeeeeeeeeeeeeeeeee
/data3fast/users/mbermudez/de_03/TFGDataset/img/train_t2_1462_1.png|dd                                      
/data3fast/users/mbermudez/de_03/TFGDataset/img/train_t2_0195_0.png|aaa                                      eeee
/data3fast/users/mbermudez/de_03/TFGDataset/img/train_t2_0468.png|aa                      e e    e e eeeeeeeeeeeeeeeee
/data3fast/users/mbermudez/de_03/TFGDataset/img/train_t2_0564_0.png|aa                                    e
/data3fast/users/mbermudez/de_03/TFGDataset/img/train_t2_1153_0.png|ud       eeeeeee
/data3fast/users/mbermudez/de_03/TFGDataset/img/train_t2_1233.png|ieee    
/data3fast/users/mbermudez/de_03/TFGDataset/img/train_t2_1398_2.png|ieeeee     e                    eeeeeeeeeee
/data3fast/users/mbermudez/de_03/TFGDataset/img/train_t2_0588_2.png|ddee        e                      eeeeeeee
/data3fast/users/mbermudez/de_03/TFGDataset/img/train_t2_0611_0.png|aa         eeee  ee  e    eeee eeeeeeeeeeeeeeeeee
/data3fast/users/mbermudez/de_03/TFGDataset/img/train_t2_0317_2.png|aeeee                           e   e   eeeeeeeeee
/data3fast/users/mbermudez/de_03/TFGDataset/img/train_t2_0565.png|weee                                        e ee
/data3fast/users/mbermudez/de_03/TFGDataset/img/train_t2_0294_2.png|aa         ee  e   eeeeee ee eeeeeeeeeeeeeeee
/data3fast/users/mbermudez/de_03/TFGDataset/img/train_t2_0785.png|ooo                                         eeeee
/data3fast/users/mbermudez/de_03/TFGDataset/img/train_t2_0345.png|aa                                            eeeee
/data3fast/users/mbermudez/de_03/TFGDataset/img/train_t2_0328_0.png|dde     
/data3fast/users/mbermudez/de_03/TFGDataset/img/train_t2_0892_2.png|uu        eee        ee ee  ee e eeeeeeeeeeeeeeeee
/data3fast/users/mbermudez/de_03/TFGDataset/img/train_t2_0492.png|oooeeeeeeeeeeeeeeeeeeeeeeeeeeeeeeeeeeeeeeeeeeeeeeeeeeeee
/data3fast/users/mbermudez/de_03/TFGDataset/img/train_t2_0252_1.png|geeeeeeeeee   eeeeeeeeeeeeeeeeeeeeeee
/data3fast/users/mbermudez/de_03/TFGDataset/img/train_t2_1489.png|aaa                                     
/data3fast/users/mbermudez/de_03/TFGDataset/img/train_t2_0937.png|eeeeee                                 eeee
/data3fast/users/mbermudez/de_03/TFGDataset/img/train_t2_0023_1.png|geeeeeeeeeeee  e     eeeeeeeeeeeeeeeeeeeeeeeeeeeeeeeeeee
/data3fast/users/mbermudez/de_03/TFGDataset/img/train_t2_0799_2.png|eeeeeeeeee  ee eeee      ee         eee    eeeeeeeeee
/data3fast/users/mbermudez/de_03/TFGDataset/img/train_t2_1139.png|tt                                        eee
/data3fast/users/mbermudez/de_03/TFGDataset/img/train_t2_0777_1.png|deee     ee                                 eeeeeeee
/data3fast/users/mbermudez/de_03/TFGDataset/img/train_t2_1391.png|un                                          eeeee
/data3fast/users/mbermudez/de_03/TFGDataset/img/train_t2_0229_1.png|ii       e e  eee        e  e       e  eeeeeeeeeeeeeeeee
/data3fast/users/mbermudez/de_03/TFGDataset/img/train_t2_1418_1.png|eeeeeeee
/data3fast/users/mbermudez/de_03/TFGDataset/img/train_t2_0670_1.png|o                                  eeeeee
/data3fast/users/mbermudez/de_03/TFGDataset/img/train_t2_0527_2.png|deeee                                          e
/data3fast/users/mbermudez/de_03/TFGDataset/img/train_t2_1247.png|ieeeeeeee    e  ee      ee eeeee eeeeeeeeeeeee
/data3fast/users/mbermudez/de_03/TFGDataset/img/train_t2_0949.png|oo   e       e                         eeeee
/data3fast/users/mbermudez/de_03/TFGDataset/img/train_t2_0490.png|eeeeeeee                               ee eee
/data3fast/users/mbermudez/de_03/TFGDataset/img/train_t2_0952_2.png|deee             e                               eeee
/data3fast/users/mbermudez/de_03/TFGDataset/img/train_t2_0288.png|ieeeee           e ee e    ee  e eeeeeeeeeeeeeeeeeeee
/data3fast/users/mbermudez/de_03/TFGDataset/img/train_t2_1134_1.png|teee       eee           e e e  eee eeeeeeeeee
/data3fast/users/mbermudez/de_03/TFGDataset/img/train_t2_0351.png|oieeee                                     eee
/data3fast/users/mbermudez/de_03/TFGDataset/img/train_t2_0264_1.png|oo        eeee     eee eeeeee eeeeeeeeeeeee
/data3fast/users/mbermudez/de_03/TFGDataset/img/train_t2_1033_1.png|aaa                                         ee
/data3fast/users/mbermudez/de_03/TFGDataset/img/train_t2_0895_1.png|dee                    e  ee     ee   eeeeeeeeee
/data3fast/users/mbermudez/de_03/TFGDataset/img/train_t2_1273_0.png|eeeee                                       e  
/data3fast/users/mbermudez/de_03/TFGDataset/img/train_t2_1255_2.png|geeeeeee    e           e               eeeeeeeeeee
/data3fast/users/mbermudez/de_03/TFGDataset/img/train_t2_0850_0.png|eeeeeeee              eee
/data3fast/users/mbermudez/de_03/TFGDataset/img/train_t2_0448_2.png|geeeeeeeeeeee e ee      e   eeeeeeeeeeeeeeeeeee
/data3fast/users/mbermudez/de_03/TFGDataset/img/train_t2_0334_1.png|iieeee      ee            eeeeee e eeeeeeeeeeeeee
/data3fast/users/mbermudez/de_03/TFGDataset/img/train_t2_1251_0.png|geeeeeeeeeeeeeee e   ee e e   eeeeeeeeeeeeeee
/data3fast/users/mbermudez/de_03/TFGDataset/img/train_t2_1061.png|deeee                                   e  e eeeeee
/data3fast/users/mbermudez/de_03/TFGDataset/img/train_t2_1221_1.png|on         e             eeeeeeeeeeeeeeeeeeeeeeee
/data3fast/users/mbermudez/de_03/TFGDataset/img/train_t2_0937_0.png|eeeeee                                eee
/data3fast/users/mbermudez/de_03/TFGDataset/img/train_t2_0074.png|ut                                         
/data3fast/users/mbermudez/de_03/TFGDataset/img/train_t2_0764_2.png|eeeeeeee e                               eeeeee
/data3fast/users/mbermudez/de_03/TFGDataset/img/train_t2_1076.png|geeeeeeee                               eeeeeeeee
/data3fast/users/mbermudez/de_03/TFGDataset/img/train_t2_1268_2.png|aae                                     e e
/data3fast/users/mbermudez/de_03/TFGDataset/img/train_t2_1358_2.png|deee                                   eeee eeeee
/data3fast/users/mbermudez/de_03/TFGDataset/img/train_t2_1415_1.png|ineeeeee eeeeeeeeeeee   eeeeeeeeeeeeeeeeeeeeeeeeeeeeee
/data3fast/users/mbermudez/de_03/TFGDataset/img/train_t2_1147_1.png|waeeee                               e   eeee
/data3fast/users/mbermudez/de_03/TFGDataset/img/train_t2_0042_1.png|ddee  eeeeeeeeeeeeeeee  e  eeeeeeeeeeeeeeeeeeeeeee
/data3fast/users/mbermudez/de_03/TFGDataset/img/train_t2_0732_0.png|aa                        e    e
/data3fast/users/mbermudez/de_03/TFGDataset/img/train_t2_0848_1.png|geeeeee                                  eeeee
/data3fast/users/mbermudez/de_03/TFGDataset/img/train_t2_0315_0.png|dd            e                        eeee
/data3fast/users/mbermudez/de_03/TFGDataset/img/train_t2_0540_2.png|##
/data3fast/users/mbermudez/de_03/TFGDataset/img/train_t2_0385_2.png|iieeeeeeeeeeeeeeeeeeeeeeeeeeeeeeeeeeeeeeeeeeeeeeee
/data3fast/users/mbermudez/de_03/TFGDataset/img/train_t2_1487_2.png|in             e                    eeeeeee
/data3fast/users/mbermudez/de_03/TFGDataset/img/train_t2_1396_1.png|wleeeeeeee  eeee eeeeeee  eeeeeeeeeeeeeeeeee
/data3fast/users/mbermudez/de_03/TFGDataset/img/train_t2_0863_0.png|eeeeeee eee                              e e  eeeeee
/data3fast/users/mbermudez/de_03/TFGDataset/img/train_t2_1257_1.png|ddee                                      
/data3fast/users/mbermudez/de_03/TFGDataset/img/train_t2_1221_0.png|oo                e                   eeeeeeee
/data3fast/users/mbermudez/de_03/TFGDataset/img/train_t2_0960.png|deeeeeeeee  eee eeeeeee    eee eeeeee    eeeeeeeeeeeeeee
/data3fast/users/mbermudez/de_03/TFGDataset/img/train_t2_1389_2.png|deeeeeee e             eeeeeeeeeeeeeeeee
/data3fast/users/mbermudez/de_03/TFGDataset/img/train_t2_0854_0.png|oo                     ee    e e e  eeeeeeeeee
/data3fast/users/mbermudez/de_03/TFGDataset/img/train_t2_1387_0.png|nnn       ee ee    e             eee    eeeeeeeeeeee
/data3fast/users/mbermudez/de_03/TFGDataset/img/train_t2_0905_0.png|geeee                     
/data3fast/users/mbermudez/de_03/TFGDataset/img/train_t2_0293_1.png|deeeeeeeeee eeee e eee ee     eeeeeeeeeeeeeeeeeeee
/data3fast/users/mbermudez/de_03/TFGDataset/img/train_t2_0856_0.png|eeeeeeeee    ee eeeeee  eeee eeeeeeeeeeeeeeeeeeeee
/data3fast/users/mbermudez/de_03/TFGDataset/img/train_t2_1337_1.png|aa                                 eeeee
/data3fast/users/mbermudez/de_03/TFGDataset/img/train_t2_0456_2.png|eeeeeeeeee e   ee     eeeee   eee   eeeeeeeeeee
/data3fast/users/mbermudez/de_03/TFGDataset/img/train_t2_1436_0.png|geeeeeeeeeeeeeeeeeeee    e e eeeee eeeeeeeeeeeeee
/data3fast/users/mbermudez/de_03/TFGDataset/img/train_t2_0964_0.png|ite                                eeeeeeeee
/data3fast/users/mbermudez/de_03/TFGDataset/img/train_t2_0033.png|tt     e       e  e    ee         eeeeeeeeeeeeeeeee
/data3fast/users/mbermudez/de_03/TFGDataset/img/train_t2_0779.png|wlleeee e    e    ee  e       e  eeeeeeeeeeeeeeee
/data3fast/users/mbermudez/de_03/TFGDataset/img/train_t2_0799.png|eeeeeeeeeeee              e      e ee eeeeeeeee
/data3fast/users/mbermudez/de_03/TFGDataset/img/train_t2_1168_0.png|inn                                         eeeeeeeee
/data3fast/users/mbermudez/de_03/TFGDataset/img/train_t2_0327_2.png|dde  e  eeeeeeeeeeeeeee eeeeeeeeeeeeeeeeeeeeeee
/data3fast/users/mbermudez/de_03/TFGDataset/img/train_t2_1145_2.png|oo      ee                               eeeee
/data3fast/users/mbermudez/de_03/TFGDataset/img/train_t2_1326.png|iee                                        eeeee
/data3fast/users/mbermudez/de_03/TFGDataset/img/train_t2_0876_0.png|eeeeeeeeeee ee e  ee e           eeeeeeeeeeeee
/data3fast/users/mbermudez/de_03/TFGDataset/img/train_t2_0531_2.png|deeeee                                 eeeeeee
/data3fast/users/mbermudez/de_03/TFGDataset/img/train_t2_0868.png|uu        eeeeeeeeeeee    eeeeeeeeeeeeeee
/data3fast/users/mbermudez/de_03/TFGDataset/img/train_t2_0177_0.png|deeee                                          e
/data3fast/users/mbermudez/de_03/TFGDataset/img/train_t2_0866_0.png|oo                               eeeeeeeeeeeeee
/data3fast/users/mbermudez/de_03/TFGDataset/img/train_t2_1327_1.png|eeeeeeeeeeeeee ee     eeeeee eeeeeeeeeeeeeeeeeeee
/data3fast/users/mbermudez/de_03/TFGDataset/img/train_t2_0882_2.png|wleeeee                                 eee
/data3fast/users/mbermudez/de_03/TFGDataset/img/train_t2_0462_0.png|eeeeeee  e e    ee ee   e   eeeee   eeeeeeeeeeee
/data3fast/users/mbermudez/de_03/TFGDataset/img/train_t2_0462_2.png|eeeeeee   eeeeeeee   ee       e e  eeeeeeeeeeeee
/data3fast/users/mbermudez/de_03/TFGDataset/img/train_t2_0854.png|ooeee    e            ee e    eee eeeeeeeeeeeeeee
/data3fast/users/mbermudez/de_03/TFGDataset/img/train_t2_0410_1.png|eeeeeeeeee eeeee  eeeeeeeeeeeeeeeeeeeeeeeeeeeeeeeeeee
/data3fast/users/mbermudez/de_03/TFGDataset/img/train_t2_0425_1.png|tt     e e eeeeeeeeeeeeeeeeeeeeeeeeeeeeeeee
/data3fast/users/mbermudez/de_03/TFGDataset/img/train_t2_0784_0.png|ddeee    eeeeeeee e e  eeeeeeeeeeeeeeeeeeeeeeeeee
/data3fast/users/mbermudez/de_03/TFGDataset/img/train_t2_0929.png|aa                                               e
/data3fast/users/mbermudez/de_03/TFGDataset/img/train_t2_0178_0.png|iiee                   e              ee eeeee
/data3fast/users/mbermudez/de_03/TFGDataset/img/train_t2_0459.png|see      eeeeeeee  e       ee   ee    eeeeeeeeeeeee
/data3fast/users/mbermudez/de_03/TFGDataset/img/train_t2_0750_0.png|eeeeeee                               e  eee eee
/data3fast/users/mbermudez/de_03/TFGDataset/img/train_t2_1286_0.png|aaa                                eeeeeeeeee
/data3fast/users/mbermudez/de_03/TFGDataset/img/train_t2_0856_2.png|eeeeeeeeeeeeeeeeeeeeeeeeeeeeeeeeeeeeeeeeeeeeeeeeeee
/data3fast/users/mbermudez/de_03/TFGDataset/img/train_t2_1050_1.png|weeeeeeeeeeeeeeeeeee  eeeeeee e eeeeeeeeeeeeeee
/data3fast/users/mbermudez/de_03/TFGDataset/img/train_t2_1145.png|oooeee  eee  e       e  e        eee e eeeeeeeeeeee
/data3fast/users/mbermudez/de_03/TFGDataset/img/train_t2_0529_1.png|eeeeeee e                                   
/data3fast/users/mbermudez/de_03/TFGDataset/img/train_t2_0038.png|wleeeeee                  e         eeeeeeeeee
/data3fast/users/mbermudez/de_03/TFGDataset/img/train_t2_0834_1.png|ieeeeeeeeeeeeeeeeeeeeeeeeeeeeeeeeeeeeeeeeeeeeeeee
/data3fast/users/mbermudez/de_03/TFGDataset/img/train_t2_0139_1.png|aaa          e     ee         eeeeeeeeeeeeeeeee
/data3fast/users/mbermudez/de_03/TFGDataset/img/train_t2_1390_2.png|nn                                         eeeee
/data3fast/users/mbermudez/de_03/TFGDataset/img/train_t2_0746_1.png|geeeeeeeeeeeeeeeeeeeeeeeeeeeeeeeeeeeeeeeeeeeeeee
/data3fast/users/mbermudez/de_03/TFGDataset/img/train_t2_0935_0.png|tse                                 ee    eeee
/data3fast/users/mbermudez/de_03/TFGDataset/img/train_t2_0253_1.png|uu              ee ee   ee e eeeeeeeeeeeeeeeee
/data3fast/users/mbermudez/de_03/TFGDataset/img/train_t2_0783_1.png|eeeeeeeeeeeeeeeeeeeee   eeeeeeeeeeeeeeeeeeeeeeeeeee
/data3fast/users/mbermudez/de_03/TFGDataset/img/train_t2_1359_1.png|deeeeeeeeeeeee               e     ee  eeeeeeeeeeee
/data3fast/users/mbermudez/de_03/TFGDataset/img/train_t2_1324_0.png|aeee                                     eeeeeee
/data3fast/users/mbermudez/de_03/TFGDataset/img/train_t2_0128.png|iiieee                                  e    eeeeeee
/data3fast/users/mbermudez/de_03/TFGDataset/img/train_t2_0263_0.png|nn                                 eeeeeeeeeee
/data3fast/users/mbermudez/de_03/TFGDataset/img/train_t2_0006_1.png|dd             eeee e            eeeeeeeeeeeeeeeee
/data3fast/users/mbermudez/de_03/TFGDataset/img/train_t2_0788_0.png|ooo         e e                      eeee
/data3fast/users/mbermudez/de_03/TFGDataset/img/train_t2_1478_1.png|geeeeeeeeeeeeeeeeeeeeeeeeeeeeeeeeeeeeeeeeeeee
/data3fast/users/mbermudez/de_03/TFGDataset/img/train_t2_0397_2.png|aaa       e e   eeeeeeeeeeeeeeeeeeeeeeee
/data3fast/users/mbermudez/de_03/TFGDataset/img/train_t2_0752_0.png|iieeeeee   e eeeeeee   eeeeee eeeeeeeeeeeeeeeee
/data3fast/users/mbermudez/de_03/TFGDataset/img/train_t2_0438_2.png|ooo  e     eeee e     e eeeeeeeeeeeeee
/data3fast/users/mbermudez/de_03/TFGDataset/img/train_t2_1155.png|iie     eeeeeeeeeeeeee eeee eeeeeeeeeeeeeeeeeeeeee
/data3fast/users/mbermudez/de_03/TFGDataset/img/train_t2_0276.png|t                                   ee
/data3fast/users/mbermudez/de_03/TFGDataset/img/train_t2_0372_0.png|deeeeeeeeeeeeeeeeeeeeeeeeeeeeeeeeeeeeeeeeeeeeeee
/data3fast/users/mbermudez/de_03/TFGDataset/img/train_t2_0857_2.png|ddeeee  e  eeee ee   eee e    e eeee ee eeeeeeeeeeeeee
/data3fast/users/mbermudez/de_03/TFGDataset/img/train_t2_1329.png|ii      e                                      eeeeee
/data3fast/users/mbermudez/de_03/TFGDataset/img/train_t2_0648_1.png|nnn                                          eeee
/data3fast/users/mbermudez/de_03/TFGDataset/img/train_t2_0163_1.png|deeeeee  ee e ee eeeeeeeeeeeeeeeeeeeeeeeeeeeeeeeeeeee
/data3fast/users/mbermudez/de_03/TFGDataset/img/train_t2_0503_1.png|nnn                  eee   eee e   ee eeeeee
/data3fast/users/mbermudez/de_03/TFGDataset/img/train_t2_1133_1.png|tee    e   eee  eee         eeeeee ee eeeeeeeeeee
/data3fast/users/mbermudez/de_03/TFGDataset/img/train_t2_0500.png|geeeeee                             e  e
/data3fast/users/mbermudez/de_03/TFGDataset/img/train_t2_0379.png|ddd                                  ee
/data3fast/users/mbermudez/de_03/TFGDataset/img/train_t2_0406_0.png|seee   eeeeee ee   eeeeeeeeeeeeeeeeeeeeee
/data3fast/users/mbermudez/de_03/TFGDataset/img/train_t2_0119_1.png|oooe                                      
/data3fast/users/mbermudez/de_03/TFGDataset/img/train_t2_0580.png|aa                        eeeee eeeeeeeeeeeee
/data3fast/users/mbermudez/de_03/TFGDataset/img/train_t2_0717.png|ddee       eee   eeeee ee eeeeeeeeeeee eeeeeeeeeeeee
/data3fast/users/mbermudez/de_03/TFGDataset/img/train_t2_1293_0.png|wlleeeee        eeeeeeee  eeeeeeeeeeeeeeeeeeeee
/data3fast/users/mbermudez/de_03/TFGDataset/img/train_t2_0135_0.png|weeeeeee                            e  ee   eeeeee
/data3fast/users/mbermudez/de_03/TFGDataset/img/train_t2_1076_1.png|geeeeeeeeee eeeeeeee  e  eeeeeeeeeeeeeeeeeeeeeeeeeeee
/data3fast/users/mbermudez/de_03/TFGDataset/img/train_t2_0599_0.png|dd       e                              eeeeeeeeee
/data3fast/users/mbermudez/de_03/TFGDataset/img/train_t2_1037.png|wlleeeeeeeeeeeeeeeeeeeeeeeeeeeeeeeeeeeeeeeeeeeeeeeee
/data3fast/users/mbermudez/de_03/TFGDataset/img/train_t2_0106_2.png|iee           ee            eeee
/data3fast/users/mbermudez/de_03/TFGDataset/img/train_t2_0962_1.png|llheeeeeeeee eeee eeeeeeeeeeeeeeeeeeeeeeeeeeeee
/data3fast/users/mbermudez/de_03/TFGDataset/img/train_t2_0760_1.png|uu                   eee   ee  eeeeee
/data3fast/users/mbermudez/de_03/TFGDataset/img/train_t2_0831_2.png|seeeeee  ee  eee ee                  eeeeeeeeeee
/data3fast/users/mbermudez/de_03/TFGDataset/img/train_t2_0062_0.png|at        ee e eeeeee e e  eee eeeeeeeeeeeeeeeeeeee
/data3fast/users/mbermudez/de_03/TFGDataset/img/train_t2_1151_2.png|#eeee
/data3fast/users/mbermudez/de_03/TFGDataset/img/train_t2_1170_1.png|on                                           
/data3fast/users/mbermudez/de_03/TFGDataset/img/train_t2_1452_0.png|ooeeee e    eeeeeeee eeeeeeeeeeeeeeeeeeeeeeeeeeeeeee
/data3fast/users/mbermudez/de_03/TFGDataset/img/train_t2_0917_1.png|# 
/data3fast/users/mbermudez/de_03/TFGDataset/img/train_t2_1299_0.png|iie             e                      eeeeeeeee
/data3fast/users/mbermudez/de_03/TFGDataset/img/train_t2_1345_1.png|geeeeeeeee                          eee
/data3fast/users/mbermudez/de_03/TFGDataset/img/train_t2_0211.png|unn                                      eeeee
/data3fast/users/mbermudez/de_03/TFGDataset/img/train_t2_0002.png|iii                                    e
/data3fast/users/mbermudez/de_03/TFGDataset/img/train_t2_0431.png|oo                 e                 eeeeeee
/data3fast/users/mbermudez/de_03/TFGDataset/img/train_t2_1149.png|un              e    eeeee   eeeeeeeeeeeeeeee
/data3fast/users/mbermudez/de_03/TFGDataset/img/train_t2_0672.png|i    eeeee   eeeeeeeeeeeeeeeeeeeeeeeee
/data3fast/users/mbermudez/de_03/TFGDataset/img/train_t2_0020_2.png|aaaa       e                            eeeeeee
/data3fast/users/mbermudez/de_03/TFGDataset/img/train_t2_0460_1.png|eeeee                               e
/data3fast/users/mbermudez/de_03/TFGDataset/img/train_t2_0377_0.png|dd          e    e   e ee  eeeeeeeeeeeeeeee
/data3fast/users/mbermudez/de_03/TFGDataset/img/train_t2_1114.png|iiiee    e    ee    eeeee eeeee eeeeeeee eeeeeeeeeeee
/data3fast/users/mbermudez/de_03/TFGDataset/img/train_t2_0083_1.png|aa                                    eeeeee
/data3fast/users/mbermudez/de_03/TFGDataset/img/train_t2_1430_1.png|ddee                                     eee
/data3fast/users/mbermudez/de_03/TFGDataset/img/train_t2_0680_1.png|aaee                                           eeeeee
/data3fast/users/mbermudez/de_03/TFGDataset/img/train_t2_1310_1.png|eeeeeeee                 e e  eeeeeee
/data3fast/users/mbermudez/de_03/TFGDataset/img/train_t2_1289_1.png|in                                          eeeee
/data3fast/users/mbermudez/de_03/TFGDataset/img/train_t2_0708_0.png|ieeeeeeee   e e                        e eeeee
/data3fast/users/mbermudez/de_03/TFGDataset/img/train_t2_0075_0.png|oo            
/data3fast/users/mbermudez/de_03/TFGDataset/img/train_t2_0473_1.png|geeeeeee      ee
/data3fast/users/mbermudez/de_03/TFGDataset/img/train_t2_0865.png|eeeeeeeeeeee
/data3fast/users/mbermudez/de_03/TFGDataset/img/train_t2_0559_2.png|nn      eeeeeeeeee eeeeeeeeeeeeeeeeeeeeeeeeeeeeeeeee
/data3fast/users/mbermudez/de_03/TFGDataset/img/train_t2_0572_1.png|nn                                                
/data3fast/users/mbermudez/de_03/TFGDataset/img/train_t2_0481_1.png|iie                                             
/data3fast/users/mbermudez/de_03/TFGDataset/img/train_t2_0843_1.png|eeeeeee                                   e ee
/data3fast/users/mbermudez/de_03/TFGDataset/img/train_t2_0076.png|deeee                                      ee
/data3fast/users/mbermudez/de_03/TFGDataset/img/train_t2_1298_1.png|deeeeee    eeeeeeeeeeeeeeeeeeeeeeeeeeeeeeeeee
/data3fast/users/mbermudez/de_03/TFGDataset/img/train_t2_0235_1.png|geeeeee                                     eee
/data3fast/users/mbermudez/de_03/TFGDataset/img/train_t2_1456_2.png|iieeeeee                                      eee
/data3fast/users/mbermudez/de_03/TFGDataset/img/train_t2_0562_2.png|oo        
/data3fast/users/mbermudez/de_03/TFGDataset/img/train_t2_0117_2.png|geeeeeee   e                         eeeeeee
/data3fast/users/mbermudez/de_03/TFGDataset/img/train_t2_0077_1.png|ieeee                                    e
/data3fast/users/mbermudez/de_03/TFGDataset/img/train_t2_0112_1.png|aaa                                                
/data3fast/users/mbermudez/de_03/TFGDataset/img/train_t2_0336_1.png|eeeeeeee                            e ee
/data3fast/users/mbermudez/de_03/TFGDataset/img/train_t2_0899_0.png|iie          ee                    eeeeeeeeeeee
/data3fast/users/mbermudez/de_03/TFGDataset/img/train_t2_0971_1.png|iheeeee  eeeeeeee  eeeeeee eeeeeeeeeeeeeee
/data3fast/users/mbermudez/de_03/TFGDataset/img/train_t2_0612_2.png|aaa                                 ee  
/data3fast/users/mbermudez/de_03/TFGDataset/img/train_t2_0912_1.png|on                                 eeeeeeeee
/data3fast/users/mbermudez/de_03/TFGDataset/img/train_t2_0138_0.png|tt           e  e  e          eeeee eeeeeeee
/data3fast/users/mbermudez/de_03/TFGDataset/img/train_t2_1208.png|ddee   eee  eeeeeeeeeeeeeeeeeeeeeeeeeeee
/data3fast/users/mbermudez/de_03/TFGDataset/img/train_t2_0635_1.png|dde                                   eee
/data3fast/users/mbermudez/de_03/TFGDataset/img/train_t2_0319_0.png|ieee         e                        ee  eeeeee
/data3fast/users/mbermudez/de_03/TFGDataset/img/train_t2_1469_1.png|whh                                     
/data3fast/users/mbermudez/de_03/TFGDataset/img/train_t2_0406_2.png|ii                                 e 
/data3fast/users/mbermudez/de_03/TFGDataset/img/train_t2_0626_1.png|dde                                     
/data3fast/users/mbermudez/de_03/TFGDataset/img/train_t2_0446.png|deeeee    e  e                            eeeeeeee
/data3fast/users/mbermudez/de_03/TFGDataset/img/train_t2_0283_1.png|geeeeeeeeeeeeeeeeee  ee   eeeeeeeeeeeeeeee
/data3fast/users/mbermudez/de_03/TFGDataset/img/train_t2_0889.png|eeeeeeeeeeeeeeeeeeeeeeeeeeeeeeeeeeeeeee
/data3fast/users/mbermudez/de_03/TFGDataset/img/train_t2_0479_2.png|wleee                                
/data3fast/users/mbermudez/de_03/TFGDataset/img/train_t2_0688_0.png|ieeee                                            ee
/data3fast/users/mbermudez/de_03/TFGDataset/img/train_t2_0676_0.png|#  
/data3fast/users/mbermudez/de_03/TFGDataset/img/train_t2_1284_0.png|deeee                                         
/data3fast/users/mbermudez/de_03/TFGDataset/img/train_t2_0955_1.png|wlleee                                eeeeee
/data3fast/users/mbermudez/de_03/TFGDataset/img/train_t2_0494_0.png|seeeee e
/data3fast/users/mbermudez/de_03/TFGDataset/img/train_t2_1090_0.png|eeeeee      
/data3fast/users/mbermudez/de_03/TFGDataset/img/train_t2_0114_2.png|deee                                          eee
/data3fast/users/mbermudez/de_03/TFGDataset/img/train_t2_0571_2.png|eeeeeeeeeeeeeeeeeeeeeeeeeeeeeeeeeeeeeeeeee
/data3fast/users/mbermudez/de_03/TFGDataset/img/train_t2_1424_2.png|wlleeee                                      ee 
/data3fast/users/mbermudez/de_03/TFGDataset/img/train_t2_1369_2.png|eeeeeee                                
/data3fast/users/mbermudez/de_03/TFGDataset/img/train_t2_0618_2.png|iieeeeeee  eee   e ee          e             eeeeeeeee
/data3fast/users/mbermudez/de_03/TFGDataset/img/train_t2_0478_0.png|geeeeeeeee  e                      eeeeeeee
/data3fast/users/mbermudez/de_03/TFGDataset/img/train_t2_1041_1.png|eeeeee                 
/data3fast/users/mbermudez/de_03/TFGDataset/img/train_t2_0093_0.png|dde                                   eee
/data3fast/users/mbermudez/de_03/TFGDataset/img/train_t2_0168_2.png|uu                               eee eeeeeeee
/data3fast/users/mbermudez/de_03/TFGDataset/img/train_t2_0818_0.png|eeeeeeeeeeeeeeeeee
/data3fast/users/mbermudez/de_03/TFGDataset/img/train_t2_0070_1.png|deee                              eee e
/data3fast/users/mbermudez/de_03/TFGDataset/img/train_t2_0132.png|eeeeeeeeeeeeeeeeeeeeeeeeeeeeeeeeeeeeeeeeeeeeeeeeeeeeee
/data3fast/users/mbermudez/de_03/TFGDataset/img/train_t2_0204_1.png|#  
/data3fast/users/mbermudez/de_03/TFGDataset/img/train_t2_0589_2.png|iii      eeeee e eee e e eeeeeeeeeeeeeeeeeeeeeeeeee
/data3fast/users/mbermudez/de_03/TFGDataset/img/train_t2_0870.png|aa           e                         eeee
/data3fast/users/mbermudez/de_03/TFGDataset/img/train_t2_1464.png|in                                          
/data3fast/users/mbermudez/de_03/TFGDataset/img/train_t2_0268_1.png|uu                                               
/data3fast/users/mbermudez/de_03/TFGDataset/img/train_t2_0774_0.png|dde           e        eee     eeeeeeeeeeeeeeee
/data3fast/users/mbermudez/de_03/TFGDataset/img/train_t2_0033_0.png|iii         e                    e  e  eeeeeeeee
/data3fast/users/mbermudez/de_03/TFGDataset/img/train_t2_0395_1.png|dd                                             e
/data3fast/users/mbermudez/de_03/TFGDataset/img/train_t2_1229_1.png|oo                                            
/data3fast/users/mbermudez/de_03/TFGDataset/img/train_t2_1055_1.png|eeeeee                              
/data3fast/users/mbermudez/de_03/TFGDataset/img/train_t2_0169.png|deeee                                    eeee
/data3fast/users/mbermudez/de_03/TFGDataset/img/train_t2_0337.png|eeeeeeee                                eeeeee
/data3fast/users/mbermudez/de_03/TFGDataset/img/train_t2_1321_0.png|ieeeee  ee     e                            eeee
/data3fast/users/mbermudez/de_03/TFGDataset/img/train_t2_0427_2.png|aaa                                      e  eeeeee
/data3fast/users/mbermudez/de_03/TFGDataset/img/train_t2_0988.png|geeeeeeeeeeee
/data3fast/users/mbermudez/de_03/TFGDataset/img/train_t2_0638_2.png|ohhe                                         eeee
/data3fast/users/mbermudez/de_03/TFGDataset/img/train_t2_0011.png|aaa                                       eeeeeeee
/data3fast/users/mbermudez/de_03/TFGDataset/img/train_t2_0410.png|eeeeeeeee         e      e                  e e eeeee
/data3fast/users/mbermudez/de_03/TFGDataset/img/train_t2_0822_0.png|uun                                e ee
/data3fast/users/mbermudez/de_03/TFGDataset/img/train_t2_1213_2.png|ii                                         
/data3fast/users/mbermudez/de_03/TFGDataset/img/train_t2_1155_1.png|deee                                       ee
/data3fast/users/mbermudez/de_03/TFGDataset/img/train_t2_0517_2.png|oo                                         ee ee
/data3fast/users/mbermudez/de_03/TFGDataset/img/train_t2_0226_2.png|eeeeeeeee
/data3fast/users/mbermudez/de_03/TFGDataset/img/train_t2_0752_1.png|nnn   eee  eeeeeeeeeeeeee  eeeeeeeeeeeeeeeeeeeeeee
/data3fast/users/mbermudez/de_03/TFGDataset/img/train_t2_0090.png|deeeeee            e          e eeeee
/data3fast/users/mbermudez/de_03/TFGDataset/img/train_t2_1326_0.png|in                                        e eee
/data3fast/users/mbermudez/de_03/TFGDataset/img/train_t2_0560.png|waeee                                   e e ee
/data3fast/users/mbermudez/de_03/TFGDataset/img/train_t2_0893_0.png|seeee                                            
/data3fast/users/mbermudez/de_03/TFGDataset/img/train_t2_1243_0.png|eeeeeeeeeeeeeee e eeeeeeeeeeeeeee  eeeeeeeeeeeeeeeeeeeee
/data3fast/users/mbermudez/de_03/TFGDataset/img/train_t2_0838_1.png|iii                                             eee
/data3fast/users/mbermudez/de_03/TFGDataset/img/train_t2_0604_2.png|ii                    
/data3fast/users/mbermudez/de_03/TFGDataset/img/train_t2_0314.png|at                                     e  
/data3fast/users/mbermudez/de_03/TFGDataset/img/train_t2_0366_2.png|dd        e    eeeeee            eeeeeeeeeee
/data3fast/users/mbermudez/de_03/TFGDataset/img/train_t2_0300.png|nnn                                              ee
/data3fast/users/mbermudez/de_03/TFGDataset/img/train_t2_1312_1.png|eeeeeeeeeeeeeeeeeeeeeeeeeeeeeeeeeeeeeeee
/data3fast/users/mbermudez/de_03/TFGDataset/img/train_t2_0877_0.png|wllee                                      ee
/data3fast/users/mbermudez/de_03/TFGDataset/img/train_t2_1408_1.png|dd          
/data3fast/users/mbermudez/de_03/TFGDataset/img/train_t2_0987_1.png|#    
/data3fast/users/mbermudez/de_03/TFGDataset/img/train_t2_1084_0.png|au                e                        eeeee
/data3fast/users/mbermudez/de_03/TFGDataset/img/train_t2_1428_0.png|eeeeeeee  e     e eee  ee  e       ee eeeeeeeeeeee
/data3fast/users/mbermudez/de_03/TFGDataset/img/train_t2_0788_1.png|ooo                               eeeee
/data3fast/users/mbermudez/de_03/TFGDataset/img/train_t2_1312_0.png|eeeeeeeeeeeeeeeeeeeeeeeeeeeeeeeeeeeeeee
/data3fast/users/mbermudez/de_03/TFGDataset/img/train_t2_0143_0.png|uu          
/data3fast/users/mbermudez/de_03/TFGDataset/img/train_t2_1138_2.png|deeee  eeee   eeee    e   eeee    e eeeeeeeeeeeeeee
/data3fast/users/mbermudez/de_03/TFGDataset/img/train_t2_0344_0.png|iieeee                                           e ee
/data3fast/users/mbermudez/de_03/TFGDataset/img/train_t2_1024.png|seeeee                                        e  
/data3fast/users/mbermudez/de_03/TFGDataset/img/train_t2_0813_2.png|iieeeeee      e   ee              e           eeeeeee
/data3fast/users/mbermudez/de_03/TFGDataset/img/train_t2_0326_1.png|geeeeeee                                        
/data3fast/users/mbermudez/de_03/TFGDataset/img/train_t2_1119_2.png|eeeeeeeeeee     ee                           e  eeeeeeee
/data3fast/users/mbermudez/de_03/TFGDataset/img/train_t2_1363.png|ddd           eee           e        e eeeee
/data3fast/users/mbermudez/de_03/TFGDataset/img/train_t2_0360_1.png|aaa                                             ee
/data3fast/users/mbermudez/de_03/TFGDataset/img/train_t2_0754_0.png|un                                             e
/data3fast/users/mbermudez/de_03/TFGDataset/img/train_t2_1205_2.png|weeeeeee  eee   e   e ee   eeeeeeeeee
/data3fast/users/mbermudez/de_03/TFGDataset/img/train_t2_0156.png|deeeeeeeeeeeeee e         e    e    e eeeeeeeeee
/data3fast/users/mbermudez/de_03/TFGDataset/img/train_t2_0655.png|weeeeeeee                         eeee
/data3fast/users/mbermudez/de_03/TFGDataset/img/train_t2_0816_2.png|u          
/data3fast/users/mbermudez/de_03/TFGDataset/img/train_t2_0405_1.png|aa                                e
/data3fast/users/mbermudez/de_03/TFGDataset/img/train_t2_1487_0.png|inn                                   eee
/data3fast/users/mbermudez/de_03/TFGDataset/img/train_t2_0103_0.png|#   
/data3fast/users/mbermudez/de_03/TFGDataset/img/train_t2_0823_0.png|eeee                                        e
/data3fast/users/mbermudez/de_03/TFGDataset/img/train_t2_1003_2.png|iieee eeeeeeeee e                              eeeeeee
/data3fast/users/mbermudez/de_03/TFGDataset/img/train_t2_1280_0.png|geeeeee
/data3fast/users/mbermudez/de_03/TFGDataset/img/train_t2_1433_2.png|iieeeeeeeeeeeeeeeeeeeeeeeeeeeeeeeeeeeeeeeeeeeeeeeeeeee
/data3fast/users/mbermudez/de_03/TFGDataset/img/train_t2_1430_2.png|dde                                  e
/data3fast/users/mbermudez/de_03/TFGDataset/img/train_t2_0972_1.png|weeeeeee 
/data3fast/users/mbermudez/de_03/TFGDataset/img/train_t2_1073_0.png|#   
/data3fast/users/mbermudez/de_03/TFGDataset/img/train_t2_1377.png|aaae                                  
/data3fast/users/mbermudez/de_03/TFGDataset/img/train_t2_0259_1.png|deee                                       e    e
/data3fast/users/mbermudez/de_03/TFGDataset/img/train_t2_0694_0.png|eeeeeeeeeeeeeee e  e e   e     eeeee eeeeeeee
/data3fast/users/mbermudez/de_03/TFGDataset/img/train_t2_0904_2.png|eeeeeeeeeeeeeeeeeeeeeeeeeeeeeeeeeeeeeeeeeeeeeeeee
/data3fast/users/mbermudez/de_03/TFGDataset/img/train_t2_0484_0.png|eeeeee                                    ee
/data3fast/users/mbermudez/de_03/TFGDataset/img/train_t2_0156_0.png|deeeeeeeee eeeeee     ee ee    eeeeeeeeeeeeeeeeeeeeee
/data3fast/users/mbermudez/de_03/TFGDataset/img/train_t2_0161_2.png|aaa                                          e
/data3fast/users/mbermudez/de_03/TFGDataset/img/train_t2_0620_2.png|nnn   e eeee  eee  eee ee    e e   eeeeeeeeeee
/data3fast/users/mbermudez/de_03/TFGDataset/img/train_t2_0274_1.png|eeeeeeee      ee e             ee   eeeee
/data3fast/users/mbermudez/de_03/TFGDataset/img/train_t2_0424_1.png|ss                                   
/data3fast/users/mbermudez/de_03/TFGDataset/img/train_t2_1316_1.png|ieeeeeeee  
/data3fast/users/mbermudez/de_03/TFGDataset/img/train_t2_0021_2.png|wll                           eeee
/data3fast/users/mbermudez/de_03/TFGDataset/img/train_t2_0775_2.png|geeeeeeee                                    
/data3fast/users/mbermudez/de_03/TFGDataset/img/train_t2_1022_2.png|deeeeeeeeeeeeeeeeee  eeeeeee eeeeeeeeeeeeeee
/data3fast/users/mbermudez/de_03/TFGDataset/img/train_t2_1150_1.png|uu                                         eee
/data3fast/users/mbermudez/de_03/TFGDataset/img/train_t2_0429.png|geeeeeeeeeeeeeeeeeeee eeeeeeeeeeeeeeeeeeeeeeeeeeeeeeee
/data3fast/users/mbermudez/de_03/TFGDataset/img/train_t2_1420_2.png|in                                           e
/data3fast/users/mbermudez/de_03/TFGDataset/img/train_t2_1043.png|iie     eeee eeeeeee eee eeee e eeeeeeeeeeeeeeeee
/data3fast/users/mbermudez/de_03/TFGDataset/img/train_t2_1342_0.png|au               eee eeeeeeee eeeeeeeeeeeee
/data3fast/users/mbermudez/de_03/TFGDataset/img/train_t2_1421.png|eeeeeeeeee e
/data3fast/users/mbermudez/de_03/TFGDataset/img/train_t2_1091_2.png|eeeeeeeeeeeeeeeeeeeeeeeeeeeeeeeeeeeeeeeeeeeeeeeeeeee
/data3fast/users/mbermudez/de_03/TFGDataset/img/train_t2_1324_2.png|iie                                          
/data3fast/users/mbermudez/de_03/TFGDataset/img/train_t2_1455_2.png|aa            ee  e  e  ee      eeeeeeeee
/data3fast/users/mbermudez/de_03/TFGDataset/img/train_t2_0607_1.png|geeeeeeeeeeee eeeeee eeeeee ee eeeeeeeeeeeeee
/data3fast/users/mbermudez/de_03/TFGDataset/img/train_t2_0096_1.png|aa                                 
/data3fast/users/mbermudez/de_03/TFGDataset/img/train_t2_0187_0.png|deeeeeee eeee e   e    ee   e    eeeee   eeeeee
/data3fast/users/mbermudez/de_03/TFGDataset/img/train_t2_1274_0.png|aaaeeeeeeeeeeeeeeeeeeeeeeeeeeeeeeeee
/data3fast/users/mbermudez/de_03/TFGDataset/img/train_t2_0187.png|deeeeee e            ee    ee e       eeeeeee
/data3fast/users/mbermudez/de_03/TFGDataset/img/train_t2_0079_1.png|tte    e                                eeeeee
/data3fast/users/mbermudez/de_03/TFGDataset/img/train_t2_0079.png|ii        e                                  
/data3fast/users/mbermudez/de_03/TFGDataset/img/train_t2_1390.png|un        e e e  e  e             ee e eeeeeee
/data3fast/users/mbermudez/de_03/TFGDataset/img/train_t2_0179_0.png|oo     eeeeeeeeeeeeeeeeeeeeeeeeeeeeeeeeeeeeee
/data3fast/users/mbermudez/de_03/TFGDataset/img/train_t2_1401_0.png|iiee eeeeeeeeeee eee      e  e    eeeeee
/data3fast/users/mbermudez/de_03/TFGDataset/img/train_t2_1273.png|eeeeeeee                                   e 
/data3fast/users/mbermudez/de_03/TFGDataset/img/train_t2_1283.png|aa                                           ee
/data3fast/users/mbermudez/de_03/TFGDataset/img/train_t2_1352.png|deeeeeeeee eeee eee  e   e eeee  eeeee eeeeee
/data3fast/users/mbermudez/de_03/TFGDataset/img/train_t2_0456.png|eeeeeeeeeeeee ee  ee   eeeeeeeeeeeeeeeeeeee
/data3fast/users/mbermudez/de_03/TFGDataset/img/train_t2_0455_0.png|uu        ee eeeeeeeeeeeeeeeeeeeeeeeeee
/data3fast/users/mbermudez/de_03/TFGDataset/img/train_t2_0894.png|as     eeeeeeeeeeeeeeee eeeeeeeeeeeeeeeeeeeeeeeeeeee
/data3fast/users/mbermudez/de_03/TFGDataset/img/train_t2_0002_1.png|iieee  eee eeee       ee  e  eeeeeeeee
/data3fast/users/mbermudez/de_03/TFGDataset/img/train_t2_0285_1.png|wleeee  ee    ee                eeeeeee
/data3fast/users/mbermudez/de_03/TFGDataset/img/train_t2_0012.png|tt                                  eeee
/data3fast/users/mbermudez/de_03/TFGDataset/img/train_t2_1224.png|oo     e eeeeeeeeeeeeeeeeeeeeeeeeeeeeeeeeeeeeeeeee
/data3fast/users/mbermudez/de_03/TFGDataset/img/train_t2_0583_0.png|aa       eeeeeeeeeeeeeeeeeeeeeeeeeeeeeeeeeeeeeeeee
/data3fast/users/mbermudez/de_03/TFGDataset/img/train_t2_0185_0.png|dd                                          
/data3fast/users/mbermudez/de_03/TFGDataset/img/train_t2_1216_0.png|ieeeeeeee                                     ee
/data3fast/users/mbermudez/de_03/TFGDataset/img/train_t2_0879.png|ieeeeeee     eeeeeee    e   e eeeeeeeee
/data3fast/users/mbermudez/de_03/TFGDataset/img/train_t2_0569_0.png|is   eeeeeeeeeeeeeeeeeeeeeeeeeeeeeeeeeeeeeeeeeeeeeeeeeeee
/data3fast/users/mbermudez/de_03/TFGDataset/img/train_t2_1324.png|weee                                             
/data3fast/users/mbermudez/de_03/TFGDataset/img/train_t2_0795_1.png|ieeeeee                                           eee
/data3fast/users/mbermudez/de_03/TFGDataset/img/train_t2_0087_2.png|ddeee                                          
/data3fast/users/mbermudez/de_03/TFGDataset/img/train_t2_0526_2.png|onn     eeeee       ee e eeeee eeeeeeeee
/data3fast/users/mbermudez/de_03/TFGDataset/img/train_t2_1445_2.png|eeee                                     
/data3fast/users/mbermudez/de_03/TFGDataset/img/train_t2_1322_2.png|eeeeeee                                     e
/data3fast/users/mbermudez/de_03/TFGDataset/img/train_t2_0436_2.png|aa     eeeeeeeeeeee eeeeeee eeeeeeeeeeeeeeeeeeeeeeeee
/data3fast/users/mbermudez/de_03/TFGDataset/img/train_t2_0532_0.png|aae ee   eeee eeeee eeeeeeeeeeeeeeeeeeeeeeeeeeeeeeeee
/data3fast/users/mbermudez/de_03/TFGDataset/img/train_t2_1081_1.png|geeeeeeeeeeeeeeeeeeeeeeeeeeeeeeeeeeeeeeeeeeeeeeeeeeeeeeee
/data3fast/users/mbermudez/de_03/TFGDataset/img/train_t2_1121_2.png|waaeeeeeeeeeeeeeeeeeeeeeeeeeeeeeeeeeeeeeeeeeeeeeeeeeeeee
/data3fast/users/mbermudez/de_03/TFGDataset/img/train_t2_0344_1.png|nnn                                            
/data3fast/users/mbermudez/de_03/TFGDataset/img/train_t2_0840_1.png|oo      eeeeeeee   eeeee eeeeee
/data3fast/users/mbermudez/de_03/TFGDataset/img/train_t2_1435_1.png|ii                                      
/data3fast/users/mbermudez/de_03/TFGDataset/img/train_t2_0070.png|deeeee                                ee
/data3fast/users/mbermudez/de_03/TFGDataset/img/train_t2_1027_2.png|deeeeeeee eeeee e       e eeee   eeeeeeeeeee
/data3fast/users/mbermudez/de_03/TFGDataset/img/train_t2_1378_1.png|nn              e                            ee e
/data3fast/users/mbermudez/de_03/TFGDataset/img/train_t2_0144_1.png|eeeeeeeee eeee                             eeeee
/data3fast/users/mbermudez/de_03/TFGDataset/img/train_t2_1226_2.png|aaa              e   e  e                eeeeeee
/data3fast/users/mbermudez/de_03/TFGDataset/img/train_t2_1126_2.png|eeeeeeeee                                   eee eee
/data3fast/users/mbermudez/de_03/TFGDataset/img/train_t2_0817_0.png|deeeeeeeeeeeeeeeeeeeeeeeeeeeeeeeeee eeeeeeeeeeeeeeeeeeeeeeeeee
/data3fast/users/mbermudez/de_03/TFGDataset/img/train_t2_1450_2.png|aaa       eeee         eeee ee   e e eeeeeeeeeeee
/data3fast/users/mbermudez/de_03/TFGDataset/img/train_t2_1159_1.png|uuu                                      e
/data3fast/users/mbermudez/de_03/TFGDataset/img/train_t2_0390_0.png|weeeeeeeee eeeeeeeeeeee ee eee ee eeeeeeeee eeeeeeeeeeeee
/data3fast/users/mbermudez/de_03/TFGDataset/img/train_t2_0705_1.png|geeeeeeeee                       ee
/data3fast/users/mbermudez/de_03/TFGDataset/img/train_t2_0861_2.png|tt            ee e                        eeeeee
/data3fast/users/mbermudez/de_03/TFGDataset/img/train_t2_1249_2.png|uu                                         
/data3fast/users/mbermudez/de_03/TFGDataset/img/train_t2_0433_1.png|geeeeee                                 e 
/data3fast/users/mbermudez/de_03/TFGDataset/img/train_t2_1256_0.png|nn    eeeeeeeee e eeeee            eeeeeeeeeee
/data3fast/users/mbermudez/de_03/TFGDataset/img/train_t2_0501.png|geeeeeeeeeeeeeeeeeeeeeeeeeeeeeeeeeeeeeeeeeeeeeeeeeee
/data3fast/users/mbermudez/de_03/TFGDataset/img/train_t2_0568_1.png|geeeeeee                                   
/data3fast/users/mbermudez/de_03/TFGDataset/img/train_t2_1116_0.png|ddeee                                  
/data3fast/users/mbermudez/de_03/TFGDataset/img/train_t2_0482_1.png|eeeeeeeeeeeeeeeeeeeeeeeeeeeeeeeeeeeeeeeeeeeeeeeeee
/data3fast/users/mbermudez/de_03/TFGDataset/img/train_t2_0130_0.png|ieeeeeee     e e                          e     eeee
/data3fast/users/mbermudez/de_03/TFGDataset/img/train_t2_0969_1.png|eeeeee                                         eeee
/data3fast/users/mbermudez/de_03/TFGDataset/img/train_t2_0350_2.png|geeeeeeeeeeeeeeeeeee eeee    eeee eeeeeeeeeeeeeeeeeeee
/data3fast/users/mbermudez/de_03/TFGDataset/img/train_t2_0058_0.png|dde                             e            eee  ee
/data3fast/users/mbermudez/de_03/TFGDataset/img/train_t2_1020_2.png|#
/data3fast/users/mbermudez/de_03/TFGDataset/img/train_t2_0748.png|eeeeeeeeeeeeee   ee e       eeeeeeeeeeeeeeee
/data3fast/users/mbermudez/de_03/TFGDataset/img/train_t2_0871_0.png|geeeeeeee                                      
/data3fast/users/mbermudez/de_03/TFGDataset/img/train_t2_0046.png|ddee  e                                  
/data3fast/users/mbermudez/de_03/TFGDataset/img/train_t2_1328_1.png|deeee                                       
/data3fast/users/mbermudez/de_03/TFGDataset/img/train_t2_0060_2.png|eeeeeeeeeeeee    e   e e   e    eeee eeeeeeeee
/data3fast/users/mbermudez/de_03/TFGDataset/img/train_t2_1038_0.png|du          eeee  e           ee        eeeeeeee
/data3fast/users/mbermudez/de_03/TFGDataset/img/train_t2_0975_1.png|un                                         e 
/data3fast/users/mbermudez/de_03/TFGDataset/img/train_t2_1406_1.png|deeeeee  eee   e         ee                        eeeee
/data3fast/users/mbermudez/de_03/TFGDataset/img/train_t2_0147.png|teee eee       e                            e   e
/data3fast/users/mbermudez/de_03/TFGDataset/img/train_t2_0651_2.png|iie  e     ee        eeee eeee      eee eeeeeeeeeee
/data3fast/users/mbermudez/de_03/TFGDataset/img/train_t2_0361_2.png|#  
/data3fast/users/mbermudez/de_03/TFGDataset/img/train_t2_0988_1.png|geeeeeeeeee
/data3fast/users/mbermudez/de_03/TFGDataset/img/train_t2_0771_0.png|#  
/data3fast/users/mbermudez/de_03/TFGDataset/img/train_t2_1403_1.png|geeeeeeee ee    e                          e  ee
/data3fast/users/mbermudez/de_03/TFGDataset/img/train_t2_1100_1.png|ii      eeeeee     e ee      eeeee e    e  eeeee eeeee
/data3fast/users/mbermudez/de_03/TFGDataset/img/train_t2_1464_0.png|eeee                                          
/data3fast/users/mbermudez/de_03/TFGDataset/img/train_t2_1222.png|wlleeee eee eeeeeeeeee  e eeee  eeeeeeeeeeeeeee
/data3fast/users/mbermudez/de_03/TFGDataset/img/train_t2_0846_1.png|an      e ee eeeeeeeeeeee    eeeeeeeeeeeeeeeeeeee
/data3fast/users/mbermudez/de_03/TFGDataset/img/train_t2_0087.png|deee                                        
/data3fast/users/mbermudez/de_03/TFGDataset/img/train_t2_1263_1.png|geeeeeeee                               eeee
/data3fast/users/mbermudez/de_03/TFGDataset/img/train_t2_0566.png|deeee                                       e e
/data3fast/users/mbermudez/de_03/TFGDataset/img/train_t2_0166_1.png|eeeeeeee                                        eee
/data3fast/users/mbermudez/de_03/TFGDataset/img/train_t2_1404_0.png|aaa                                             
/data3fast/users/mbermudez/de_03/TFGDataset/img/train_t2_1358.png|dd                                               e
/data3fast/users/mbermudez/de_03/TFGDataset/img/train_t2_0733_0.png|ieeeeeeeeeeeeeeeeee eeeeeeeeeeeeeeeeeeeeeeeeeeeee
/data3fast/users/mbermudez/de_03/TFGDataset/img/train_t2_0527.png|deee                                          
/data3fast/users/mbermudez/de_03/TFGDataset/img/train_t2_0870_2.png|au                                      eeee
/data3fast/users/mbermudez/de_03/TFGDataset/img/train_t2_1113_1.png|geeeeeee           e ee    e        eeeeee
/data3fast/users/mbermudez/de_03/TFGDataset/img/train_t2_0033_1.png|iieee                                          ee
/data3fast/users/mbermudez/de_03/TFGDataset/img/train_t2_1274_2.png|aaae                              eeeeeee
/data3fast/users/mbermudez/de_03/TFGDataset/img/train_t2_1010.png|eeeeeeee                                     
/data3fast/users/mbermudez/de_03/TFGDataset/img/train_t2_1414_2.png|oeeeeeeeeeeeeeeeee eeeeeee    eee  eeeeeeeeeeee
/data3fast/users/mbermudez/de_03/TFGDataset/img/train_t2_1023_2.png|deeee                                   
/data3fast/users/mbermudez/de_03/TFGDataset/img/train_t2_0333.png|ooo   e         e                                ee
/data3fast/users/mbermudez/de_03/TFGDataset/img/train_t2_1389_1.png|deeeeeee                               eeee
/data3fast/users/mbermudez/de_03/TFGDataset/img/train_t2_1493_2.png|geeeeeeee   e
/data3fast/users/mbermudez/de_03/TFGDataset/img/train_t2_1466.png|aaa                                                e
/data3fast/users/mbermudez/de_03/TFGDataset/img/train_t2_0931_1.png|eeee                                           ee
/data3fast/users/mbermudez/de_03/TFGDataset/img/train_t2_0209.png|nn                                        ee
/data3fast/users/mbermudez/de_03/TFGDataset/img/train_t2_0534.png|geeeeee                                   
/data3fast/users/mbermudez/de_03/TFGDataset/img/train_t2_0108_1.png|dde      e   ee                 ee   eeeeee
/data3fast/users/mbermudez/de_03/TFGDataset/img/train_t2_0562_1.png|oo         
/data3fast/users/mbermudez/de_03/TFGDataset/img/train_t2_0189_2.png|ieeeeeeeeeeeeeeeeeeee  eee  ee eee eeeeeeeeeeeee
/data3fast/users/mbermudez/de_03/TFGDataset/img/train_t2_1264.png|ddd                    ee        eeeeeee
/data3fast/users/mbermudez/de_03/TFGDataset/img/train_t2_0244_2.png|eeeeeeeeeeeeeeeeeeeeeeeeeeeeeeeeeeeeeeeeee
/data3fast/users/mbermudez/de_03/TFGDataset/img/train_t2_0547_2.png|iiiee                                           
/data3fast/users/mbermudez/de_03/TFGDataset/img/train_t2_0886_2.png|unn                                        
/data3fast/users/mbermudez/de_03/TFGDataset/img/train_t2_1331_2.png|tt                  e                             e 
/data3fast/users/mbermudez/de_03/TFGDataset/img/train_t2_0183_0.png|oo           e   e   e         e  ee   eeeeeee
/data3fast/users/mbermudez/de_03/TFGDataset/img/train_t2_1110_0.png|aa                                  e
/data3fast/users/mbermudez/de_03/TFGDataset/img/train_t2_0372_2.png|deeeeeeeee eeeeeeeeeeeeeeeeeeeeeeeeeeeeeee
/data3fast/users/mbermudez/de_03/TFGDataset/img/train_t2_0439_1.png|aaa      e    eeeeeeee     e eeeeeeeeeeeeeeeeeee
/data3fast/users/mbermudez/de_03/TFGDataset/img/train_t2_0074_0.png|ot                                      
/data3fast/users/mbermudez/de_03/TFGDataset/img/train_t2_0721_2.png|it      eeeeeeeeeeeeeeeeeeeeeeeeeeeeeeeeeeeeeeeeeee
/data3fast/users/mbermudez/de_03/TFGDataset/img/train_t2_0885_0.png|ddee              e               eeeeee
/data3fast/users/mbermudez/de_03/TFGDataset/img/train_t2_0826_0.png|iii    e       e                             eeeeee
/data3fast/users/mbermudez/de_03/TFGDataset/img/train_t2_1102_2.png|aa               
/data3fast/users/mbermudez/de_03/TFGDataset/img/train_t2_0613_0.png|geeeeeeeeee e      e                  e eeeee
/data3fast/users/mbermudez/de_03/TFGDataset/img/train_t2_1031_1.png|eeeeeee                            
/data3fast/users/mbermudez/de_03/TFGDataset/img/train_t2_0921_1.png|dd           eee              eee
/data3fast/users/mbermudez/de_03/TFGDataset/img/train_t2_1154.png|eeeeeee      
/data3fast/users/mbermudez/de_03/TFGDataset/img/train_t2_0284_1.png|deeeeeeeeeeeeeeeeeeeeeeeeeeeeeeeeeeeeeeeeee
/data3fast/users/mbermudez/de_03/TFGDataset/img/train_t2_1462_0.png|aae                                       
/data3fast/users/mbermudez/de_03/TFGDataset/img/train_t2_0258_0.png|ggeeeeeeeeee  e               eee eeeee
/data3fast/users/mbermudez/de_03/TFGDataset/img/train_t2_0632_1.png|deeee eeeeeeeeeeeeeeeeeeeeeeeeeeeeeeeeeeeee
/data3fast/users/mbermudez/de_03/TFGDataset/img/train_t2_1326_2.png|inne  eee                                    eeee
/data3fast/users/mbermudez/de_03/TFGDataset/img/train_t2_0928.png|dde                                     ee
/data3fast/users/mbermudez/de_03/TFGDataset/img/train_t2_0342_1.png|iieeeeeeeeeeeeeeeeeeeeeeeeeeeeeeeeeeeeeeeeeeeeeeee
/data3fast/users/mbermudez/de_03/TFGDataset/img/train_t2_1380_2.png|nne         ee   ee                           ee
/data3fast/users/mbermudez/de_03/TFGDataset/img/train_t2_0641_2.png|aa        eeeeee  eeeeeeee    eeeeeeeeeeeeeee
/data3fast/users/mbermudez/de_03/TFGDataset/img/train_t2_0946_0.png|uu           eeeeeeee           eeeeee eeeee
/data3fast/users/mbermudez/de_03/TFGDataset/img/train_t2_0071_0.png|dd                                           ee
/data3fast/users/mbermudez/de_03/TFGDataset/img/train_t2_0501_1.png|geeeeeeeeeeeeeeeeeeeeeeeeeeeeeeeeeeeeeeeeeeeeeeeee
/data3fast/users/mbermudez/de_03/TFGDataset/img/train_t2_0279.png|ddee                                       
/data3fast/users/mbermudez/de_03/TFGDataset/img/train_t2_0699_2.png|ieeeeeeeee                                     ee
/data3fast/users/mbermudez/de_03/TFGDataset/img/train_t2_1401_2.png|iieee                                    e
/data3fast/users/mbermudez/de_03/TFGDataset/img/train_t2_0523.png|eeeeeeeeeeeeeeeeeeeeeeeeeeeeeeeeeeeeeeeeeeeeeeee
/data3fast/users/mbermudez/de_03/TFGDataset/img/train_t2_0753_0.png|aaeee                                 eeee
/data3fast/users/mbermudez/de_03/TFGDataset/img/train_t2_0898_0.png|geeeeeeeeeeeeeeeeeee eeee    eeeeeeeeeeeeeee
/data3fast/users/mbermudez/de_03/TFGDataset/img/train_t2_1009_1.png|uu                                     ee
/data3fast/users/mbermudez/de_03/TFGDataset/img/train_t2_0417_0.png|ate       ee                                  e eeeeee
/data3fast/users/mbermudez/de_03/TFGDataset/img/train_t2_0971_2.png|wheeeeee eeeeeeeeeeeeeeeeeeeeeeeeeeeeeeeeeeeee
/data3fast/users/mbermudez/de_03/TFGDataset/img/train_t2_0824_2.png|unn        eeeeeeeeeeeeeeeeeeeeeeeeeeeeeeeeeeeeeeeee
/data3fast/users/mbermudez/de_03/TFGDataset/img/train_t2_1222_2.png|wlleeeeee eeeeeeeee eeeeeeeeeeeeeeeeeeeeeeeeeee
/data3fast/users/mbermudez/de_03/TFGDataset/img/train_t2_1170.png|on                                    ee
/data3fast/users/mbermudez/de_03/TFGDataset/img/train_t2_0494.png|weeee e
/data3fast/users/mbermudez/de_03/TFGDataset/img/train_t2_1145_0.png|oo         e            e                 e eee
/data3fast/users/mbermudez/de_03/TFGDataset/img/train_t2_1469_2.png|aaa                                           
/data3fast/users/mbermudez/de_03/TFGDataset/img/train_t2_0478.png|geeeeeeeeeeeeeeee eeeeeeeeeeeeeeeeeeeeeeeeeeeeeeee
/data3fast/users/mbermudez/de_03/TFGDataset/img/train_t2_0947.png|aaa                                          
/data3fast/users/mbermudez/de_03/TFGDataset/img/train_t2_0165_1.png|eeeeeeeeeeeee ee   e   eeeeeeeeeeee eeeeeeeeee
/data3fast/users/mbermudez/de_03/TFGDataset/img/train_t2_0257_0.png|iieeeeeeeeeeeeeeeeeeeeeeeeeeeeeeeeeeeeeeeeeeeeeeee
/data3fast/users/mbermudez/de_03/TFGDataset/img/train_t2_0215_2.png|seeee  e  ee                                      eeee
/data3fast/users/mbermudez/de_03/TFGDataset/img/train_t2_1256_2.png|eeeeeeeeeeeeeeeeeeeeeeeeeee  eeeee eeeeeeeeeeeeeeee
/data3fast/users/mbermudez/de_03/TFGDataset/img/train_t2_0594_1.png|iiee                                     ee ee
/data3fast/users/mbermudez/de_03/TFGDataset/img/train_t2_0394_0.png|unn        eeeeeeeeeeeeee eeeeeeeeeeeeeeeeee
/data3fast/users/mbermudez/de_03/TFGDataset/img/train_t2_1167_2.png|nnn    eeeeeeee eeeeeeeeeeeeeeeeeee eeee eeeeeee
/data3fast/users/mbermudez/de_03/TFGDataset/img/train_t2_0896_0.png|aa     ee eee  eee  ee  ee ee eeeeeeeeeeeeeee
/data3fast/users/mbermudez/de_03/TFGDataset/img/train_t2_0697.png|iieeeeeeeeeeeeeeeeee  eeee ee e e  eeeeeeeeeeeeeeeeee
/data3fast/users/mbermudez/de_03/TFGDataset/img/train_t2_0808_0.png|iii    eeeee eeeeeeeeeeeeeeeeee  eeeeeeeeeeeeee
/data3fast/users/mbermudez/de_03/TFGDataset/img/train_t2_1283_1.png|aa                                              
/data3fast/users/mbermudez/de_03/TFGDataset/img/train_t2_0407_2.png|au                                        eeeeeee
/data3fast/users/mbermudez/de_03/TFGDataset/img/train_t2_0669_2.png|deeeeeeeeeeeee  e   eeee    eeeee eeeeeeeeee
/data3fast/users/mbermudez/de_03/TFGDataset/img/train_t2_0951_2.png|olleeeeeeeeeeeeeeeeeeeeeeeeeeeeeeeeeeeeeeeeeeeee
/data3fast/users/mbermudez/de_03/TFGDataset/img/train_t2_0260_0.png|iieeeeeeeeeeeeeeeeee  eeeeeeee eeeeeeeeeeeeeeee
/data3fast/users/mbermudez/de_03/TFGDataset/img/train_t2_0809_1.png|deeeeeeeeeeeeeeeeeeeeeeeeeeeeeeeeeeeeeeeeeeeeeeeeee
/data3fast/users/mbermudez/de_03/TFGDataset/img/train_t2_1118_1.png|ddeee                                              
/data3fast/users/mbermudez/de_03/TFGDataset/img/train_t2_0446_2.png|deeeeee        ee     ee                         eee
/data3fast/users/mbermudez/de_03/TFGDataset/img/train_t2_1496.png|oo      eeeeeeeeeeeeeeeeeeeeeeeeeeeeee
/data3fast/users/mbermudez/de_03/TFGDataset/img/train_t2_0514_0.png|deeee eeeeeeeeeeeeeeeeeeeeeeeeeeeeeeeeeeeeeeeeeeeeeeeeeeeeeeee
/data3fast/users/mbermudez/de_03/TFGDataset/img/train_t2_0470.png|weeeee       
/data3fast/users/mbermudez/de_03/TFGDataset/img/train_t2_0094_2.png|nnn           e ee                               eee
/data3fast/users/mbermudez/de_03/TFGDataset/img/train_t2_0111_0.png|waleeeeeeeeeeeeeeeeeeeeeeeeeeeeeeeeeeeeeeeeeeeeee
/data3fast/users/mbermudez/de_03/TFGDataset/img/train_t2_0979_1.png|ii       e                                         eee
/data3fast/users/mbermudez/de_03/TFGDataset/img/train_t2_0413_1.png|dde                                       e
/data3fast/users/mbermudez/de_03/TFGDataset/img/train_t2_1214_0.png|aaa           e                 e          eee e
/data3fast/users/mbermudez/de_03/TFGDataset/img/train_t2_1030_0.png|uu         eeeeeeeeeeeeeee eeeeeeeeeeee
/data3fast/users/mbermudez/de_03/TFGDataset/img/train_t2_1497_2.png|eeeeeeeeeeeeeeeeeeeeeeeee ee   eeeeeeeeeeeeee
/data3fast/users/mbermudez/de_03/TFGDataset/img/train_t2_1176_2.png|iieeeeeeeeeeeeeeeeeeeeeeeeeeeeeeeeeeeeeeeeee
/data3fast/users/mbermudez/de_03/TFGDataset/img/train_t2_0985_0.png|deeeeeeeeeeeeee     e  eeeeeeee   eeeeeeeeeeeeeeeeee
/data3fast/users/mbermudez/de_03/TFGDataset/img/train_t2_1397.png|dd             e ee    e  eeeeeeee
/data3fast/users/mbermudez/de_03/TFGDataset/img/train_t2_0835_2.png|ddee                           ee              eee ee
/data3fast/users/mbermudez/de_03/TFGDataset/img/train_t2_0163_2.png|deeeeeeeeeeeeeeeeeeeeeeeeeeeeeeeeeeeeeeeeeeeeeeeeeeee
/data3fast/users/mbermudez/de_03/TFGDataset/img/train_t2_0976.png|oo          eeeee             e            ee eeeee
/data3fast/users/mbermudez/de_03/TFGDataset/img/train_t2_0662_1.png|deeeeeeeeeeeeeeeeeeeeeeeeeeeeeeeeeeeeeeeeeee
/data3fast/users/mbermudez/de_03/TFGDataset/img/train_t2_1499_2.png|eeeeeeeeeeeeeee e eeeee  e e   e eeeeee eeeeeee
/data3fast/users/mbermudez/de_03/TFGDataset/img/train_t2_0019_1.png|iiieeeeeeeeeeeeeeeeeeeeeeeee  eeeeeeeeeeeeeeeeeeee
/data3fast/users/mbermudez/de_03/TFGDataset/img/train_t2_0668_0.png|eeeeeeeeeeeeeeeeeeeeeeeeeeeeeeeeeeeeeeeeeeeeeee
/data3fast/users/mbermudez/de_03/TFGDataset/img/train_t2_1465.png|aaa              e                                 
/data3fast/users/mbermudez/de_03/TFGDataset/img/train_t2_0883_1.png|deeeeee eee     e      eee        e        eeeeee
/data3fast/users/mbermudez/de_03/TFGDataset/img/train_t2_0762.png|eeeeeeeeeeee e  ee eeeeeee
/data3fast/users/mbermudez/de_03/TFGDataset/img/train_t2_0024_0.png|eeeeeeeeeeee ee         eee      e   eee  eeeeee
/data3fast/users/mbermudez/de_03/TFGDataset/img/train_t2_0524.png|ieeeeeeeee    e    e ee ee
/data3fast/users/mbermudez/de_03/TFGDataset/img/train_t2_0117_1.png|geeeeeeeeeee    e                 e  e eeee
/data3fast/users/mbermudez/de_03/TFGDataset/img/train_t2_0064_2.png|dn                                            
/data3fast/users/mbermudez/de_03/TFGDataset/img/train_t2_0994_2.png|deeeee eeeeeeee e e eeee           ee  eeeeee
/data3fast/users/mbermudez/de_03/TFGDataset/img/train_t2_1135_0.png|geeeeeeeeeeee ee   e             eeeeeeeeee
/data3fast/users/mbermudez/de_03/TFGDataset/img/train_t2_0832_0.png|aae                                           
/data3fast/users/mbermudez/de_03/TFGDataset/img/train_t2_1405.png|uu                 ee         e  eeeee
/data3fast/users/mbermudez/de_03/TFGDataset/img/train_t2_1420.png|teeeee        eee                                  ee
/data3fast/users/mbermudez/de_03/TFGDataset/img/train_t2_0394_2.png|nnn                e                     ee
/data3fast/users/mbermudez/de_03/TFGDataset/img/train_t2_0308_0.png|dde            e                                 ee
/data3fast/users/mbermudez/de_03/TFGDataset/img/train_t2_0467_2.png|unn        e                                   eee
/data3fast/users/mbermudez/de_03/TFGDataset/img/train_t2_0044_1.png|weeeee                                      e
/data3fast/users/mbermudez/de_03/TFGDataset/img/train_t2_0448_1.png|geeeeeeeeeeeeeeeeeeeeeeeeeeeeeeeeeeeeeeeeeeeeeeee
/data3fast/users/mbermudez/de_03/TFGDataset/img/train_t2_1311_2.png|eeeeeeeeeeeeeeeeeeeeeeeeeeeeeeeeeeeeeeeeeeeeeeeeeeeeee
/data3fast/users/mbermudez/de_03/TFGDataset/img/train_t2_0904.png|eeeeeeeeeeeeeeeeeeeeeeeeeeeeeeeeeeeeeeeeeee
/data3fast/users/mbermudez/de_03/TFGDataset/img/train_t2_0522.png|gleeeeeeeeeeeeeeeeeeeeeee  eee eeee eeeeeeee
/data3fast/users/mbermudez/de_03/TFGDataset/img/train_t2_0718_0.png|ddd                                        
/data3fast/users/mbermudez/de_03/TFGDataset/img/train_t2_1369.png|eeeeeeee                              e
/data3fast/users/mbermudez/de_03/TFGDataset/img/train_t2_0391.png|aa     ee        e        e e        eeeeeeeeeee
/data3fast/users/mbermudez/de_03/TFGDataset/img/train_t2_0630_2.png|ooee eeeeeeeeeeeee
/data3fast/users/mbermudez/de_03/TFGDataset/img/train_t2_0151_1.png|at                                         
/data3fast/users/mbermudez/de_03/TFGDataset/img/train_t2_0512.png|waleeee   eeee  eee  eeeeeeeeeeeeeeeeeeeeeeeeee
/data3fast/users/mbermudez/de_03/TFGDataset/img/train_t2_0655_2.png|weeeeeeeeeeee                          eeee
/data3fast/users/mbermudez/de_03/TFGDataset/img/train_t2_1232_1.png|ggeeeeeeeeeeeeeeeee eeeeeeeeeeeeeeeeeeeeeeee
/data3fast/users/mbermudez/de_03/TFGDataset/img/train_t2_0326_0.png|ggeeeeeee e                                 e 
/data3fast/users/mbermudez/de_03/TFGDataset/img/train_t2_1090_1.png|eeeeee     
/data3fast/users/mbermudez/de_03/TFGDataset/img/train_t2_0681.png|deeeeeeeeeeeeeeeeeeeeeeeeeeeeeeeeeeeeeeeeeeeeeeee
/data3fast/users/mbermudez/de_03/TFGDataset/img/train_t2_1338_0.png|eeeeeeeeeeeeee     eee        ee  eeeeeeeeee
/data3fast/users/mbermudez/de_03/TFGDataset/img/train_t2_0915_2.png|alleeeeeeeeeeeeeeeeeeeeeeeeeeeeeeeeeeeeeeeeeeeeeee
/data3fast/users/mbermudez/de_03/TFGDataset/img/train_t2_1493.png|ggeeeeeeeee
/data3fast/users/mbermudez/de_03/TFGDataset/img/train_t2_0958_0.png|ddeee                                     ee
/data3fast/users/mbermudez/de_03/TFGDataset/img/train_t2_0509_0.png|eeeeeeeeeeeeeeeeeee       ee  e   eeeeeeee  eeeeeee
/data3fast/users/mbermudez/de_03/TFGDataset/img/train_t2_0494_1.png|weeeee
/data3fast/users/mbermudez/de_03/TFGDataset/img/train_t2_0304_2.png|unn                                        
/data3fast/users/mbermudez/de_03/TFGDataset/img/train_t2_1498_0.png|dde                                     eeee
/data3fast/users/mbermudez/de_03/TFGDataset/img/train_t2_0367_0.png|aa         ee    eeeeeeeeeeeeeeeeeeeeeeeeeee
/data3fast/users/mbermudez/de_03/TFGDataset/img/train_t2_0973_2.png|eeeeeeeeeeeeeeeeeeeeeeeeeeeeeeeeeeeeeeeeeeeeeeee
/data3fast/users/mbermudez/de_03/TFGDataset/img/train_t2_1022.png|deeeeeeeeeeeeeeeeeeee  eeee eee eeeeeeeeeee
/data3fast/users/mbermudez/de_03/TFGDataset/img/train_t2_0571.png|eeeeeeeeeeeeeeeeeeeeeeeeeeeeeeeeeeeeeeeeeeee
/data3fast/users/mbermudez/de_03/TFGDataset/img/train_t2_0948_2.png|eeeeee                                  
/data3fast/users/mbermudez/de_03/TFGDataset/img/train_t2_1180.png|nneeeeeeeee             eee           eeee
/data3fast/users/mbermudez/de_03/TFGDataset/img/train_t2_1323_2.png|eeeeeeeeeeeeeeeeee   eee ee eeee  e eeee eeeeeeeeee
/data3fast/users/mbermudez/de_03/TFGDataset/img/train_t2_0952.png|ase                                          ee
/data3fast/users/mbermudez/de_03/TFGDataset/img/train_t2_0247_0.png|aau                         e          ee
/data3fast/users/mbermudez/de_03/TFGDataset/img/train_t2_0018_2.png|seeeeeeeeeeeeeeeeeeeeeeeeeee eeeeeeeeeeeeeeeeee
/data3fast/users/mbermudez/de_03/TFGDataset/img/train_t2_0780_1.png|oo     e    e
/data3fast/users/mbermudez/de_03/TFGDataset/img/train_t2_1433.png|iieeeeeeeeeeeeeeeeeeeeeeeeeeeeeeeeeeeeeeeeeeeeeeeee
/data3fast/users/mbermudez/de_03/TFGDataset/img/train_t2_1164_2.png|seeee     eeeee eeeeeeeeee  e ee  eeeeeeeeeee
/data3fast/users/mbermudez/de_03/TFGDataset/img/train_t2_0592_0.png|nnn                                           
/data3fast/users/mbermudez/de_03/TFGDataset/img/train_t2_1273_2.png|eeee                                     
/data3fast/users/mbermudez/de_03/TFGDataset/img/train_t2_1000.png|lleeeeeeeeeeeeeeeeeeeeeeeeeeeeeeeeeeeeeeeeeeee
/data3fast/users/mbermudez/de_03/TFGDataset/img/train_t2_0416.png|un      eeeeeeeee eeeeee  eeeeeeeeeeeeeeeeeeeeeee
/data3fast/users/mbermudez/de_03/TFGDataset/img/train_t2_1225_1.png|#  
/data3fast/users/mbermudez/de_03/TFGDataset/img/train_t2_0498_0.png|sseeee     ee eeeeeeeeeeeeeee ee  eeeeee
/data3fast/users/mbermudez/de_03/TFGDataset/img/train_t2_0001_1.png|geeeeeeeeee eeee eeeeeeeeeeeee eeeeeeeeeeeeeeeeeeee
/data3fast/users/mbermudez/de_03/TFGDataset/img/train_t2_0162_0.png|deeeeee eeee   ee                               e     e
/data3fast/users/mbermudez/de_03/TFGDataset/img/train_t2_0651_1.png|iii         e                                     e
/data3fast/users/mbermudez/de_03/TFGDataset/img/train_t2_0963_2.png|aa       eee eee          ee          e eeeeeee
/data3fast/users/mbermudez/de_03/TFGDataset/img/train_t2_0448_0.png|geeeeeeeeeeee ee   e    eeeeee     e ee   eeeeeee
/data3fast/users/mbermudez/de_03/TFGDataset/img/train_t2_0705.png|geeeeeeeeee                    eeee  e
/data3fast/users/mbermudez/de_03/TFGDataset/img/train_t2_0133_1.png|tt                                     
/data3fast/users/mbermudez/de_03/TFGDataset/img/train_t2_0199_2.png|wleeeeeeeee eee    eeee   e    eee eeeeeeeee
/data3fast/users/mbermudez/de_03/TFGDataset/img/train_t2_0837_0.png|deeeeeee eeeeee     eee  e  ee  eeeeeeeeeeee
/data3fast/users/mbermudez/de_03/TFGDataset/img/train_t2_1385_0.png|tt         eeeeeee eeeeeee eeeeeeeee   eeeeeeeeeeeee
/data3fast/users/mbermudez/de_03/TFGDataset/img/train_t2_1307_2.png|geeeeeeeee                              ee e
/data3fast/users/mbermudez/de_03/TFGDataset/img/train_t2_1401.png|iii                                      e
/data3fast/users/mbermudez/de_03/TFGDataset/img/train_t2_1002_0.png|eeeeeeeeeeeeeeeeeeeeeeeeeeeeeeeeeeeeeeeeeeeee
/data3fast/users/mbermudez/de_03/TFGDataset/img/train_t2_0223.png|wleee    
/data3fast/users/mbermudez/de_03/TFGDataset/img/train_t2_0006.png|dd       ee      eeeeeee ee    e    e  eeeeeeeeee
/data3fast/users/mbermudez/de_03/TFGDataset/img/train_t2_1136_2.png|eeeeeeeeee  eee        e             eeeee
/data3fast/users/mbermudez/de_03/TFGDataset/img/train_t2_0414_2.png|geeeeeeeee eee      eee   ee       e        e  eeeeeeee
/data3fast/users/mbermudez/de_03/TFGDataset/img/train_t2_0512_1.png|aaleee e e    eeee e ee    e  eeeeeeeeeeeeeeeeee
/data3fast/users/mbermudez/de_03/TFGDataset/img/train_t2_0874_0.png|nnn   eeeeeeeeeeeeeeeeeeeeeeeeeeeeeeeeeeeeeeeeeeeeeeeeee
/data3fast/users/mbermudez/de_03/TFGDataset/img/train_t2_1340_0.png|eeeeeee e 
/data3fast/users/mbermudez/de_03/TFGDataset/img/train_t2_1083.png|eeeeeeee                                          
/data3fast/users/mbermudez/de_03/TFGDataset/img/train_t2_0386.png|nn     eeeeeeeeeeeeeeeeeeeeeeeeeeeeeeeeeeeeeeeeeeeeeeeee
/data3fast/users/mbermudez/de_03/TFGDataset/img/train_t2_0062.png|ttt         e eeeeeeeeeeeeeeeeeeeeeeeeeeeeeeeeeeeeeee
/data3fast/users/mbermudez/de_03/TFGDataset/img/train_t2_0149_1.png|geeeeeee                    e
/data3fast/users/mbermudez/de_03/TFGDataset/img/train_t2_0947_0.png|aaa                                      
/data3fast/users/mbermudez/de_03/TFGDataset/img/train_t2_0579.png|oo        e     eeeee
/data3fast/users/mbermudez/de_03/TFGDataset/img/train_t2_0335_1.png|dde                                      eee
/data3fast/users/mbermudez/de_03/TFGDataset/img/train_t2_0549_2.png|eeeeeeee
/data3fast/users/mbermudez/de_03/TFGDataset/img/train_t2_0063_2.png|dde       eeeeeeeee      e    ee e   e     eeee  eeee
/data3fast/users/mbermudez/de_03/TFGDataset/img/train_t2_1131_1.png|iieeeeeeeeeeeeeee  eee  eeeeeeeeeeeeeeeeeeeeeeeeee
/data3fast/users/mbermudez/de_03/TFGDataset/img/train_t2_0968.png|aa           e                                 eeeeeee
/data3fast/users/mbermudez/de_03/TFGDataset/img/train_t2_0605_1.png|waeee e                                         
/data3fast/users/mbermudez/de_03/TFGDataset/img/train_t2_0084_1.png|eeeeeeeeeeeeeeeeeeeeeeeeeeeeeeeeeeeeeeeeeeeeeeeeeeeeeeee
/data3fast/users/mbermudez/de_03/TFGDataset/img/train_t2_1297_2.png|tt           e         e       e               ee eeeee
/data3fast/users/mbermudez/de_03/TFGDataset/img/train_t2_0938_1.png|geeeee     
/data3fast/users/mbermudez/de_03/TFGDataset/img/train_t2_0171_0.png|eeeeee
/data3fast/users/mbermudez/de_03/TFGDataset/img/train_t2_1163.png|weeeeeeeee    e                            e ee
/data3fast/users/mbermudez/de_03/TFGDataset/img/train_t2_0023.png|geeeeeeeeeee ee  e  ee e  eee e   eee  e eeeeeeeeeeeeeee
/data3fast/users/mbermudez/de_03/TFGDataset/img/train_t2_0603.png|iiiee eeeee                                              e
/data3fast/users/mbermudez/de_03/TFGDataset/img/train_t2_0295_1.png|geeeeeeeeeeeeee             ee       eeeeeee
/data3fast/users/mbermudez/de_03/TFGDataset/img/train_t2_0231_1.png|weeee      ee e   ee ee                 eeee  eeeeeee
/data3fast/users/mbermudez/de_03/TFGDataset/img/train_t2_1499.png|eeeeeeeeeeeeeeeeeeeeeee eeee eeeee  eeeee ee eeeeeeeeeee
/data3fast/users/mbermudez/de_03/TFGDataset/img/train_t2_0888_2.png|eeeeee     ee ee       e                         eeee
/data3fast/users/mbermudez/de_03/TFGDataset/img/train_t2_1230_2.png|uuu         ee   ee           eee e     eeeeeee
/data3fast/users/mbermudez/de_03/TFGDataset/img/train_t2_0356_0.png|ddee                                          
/data3fast/users/mbermudez/de_03/TFGDataset/img/train_t2_1345_0.png|geeeeeeee                              
/data3fast/users/mbermudez/de_03/TFGDataset/img/train_t2_0649.png|sseee eeee  eee eeeeeeeeeee   eeeee  e   eeeeeeeeeee
/data3fast/users/mbermudez/de_03/TFGDataset/img/train_t2_0496_2.png|ii       eee   e                              eeee
/data3fast/users/mbermudez/de_03/TFGDataset/img/train_t2_1454_1.png|iieeeee e    eee                          eeee
/data3fast/users/mbermudez/de_03/TFGDataset/img/train_t2_1055.png|eeeeeee        ee                      ee
/data3fast/users/mbermudez/de_03/TFGDataset/img/train_t2_1408_2.png|dde         
/data3fast/users/mbermudez/de_03/TFGDataset/img/train_t2_0572.png|un              ee                                   ee
/data3fast/users/mbermudez/de_03/TFGDataset/img/train_t2_1380_0.png|iiee     ee         e                                e
/data3fast/users/mbermudez/de_03/TFGDataset/img/train_t2_1439_0.png|seeeeee e        eee          ee         eeeeeeee
/data3fast/users/mbermudez/de_03/TFGDataset/img/train_t2_1168_1.png|nnn                                                e eeeeee
/data3fast/users/mbermudez/de_03/TFGDataset/img/train_t2_1378_2.png|nn      eeee    eee                              eeee
/data3fast/users/mbermudez/de_03/TFGDataset/img/train_t2_0225_0.png|ggeeeeeeeeeeeeeeeeeeeeeeeeeeeeeeeeeeeeeeeeeeeeeeee
/data3fast/users/mbermudez/de_03/TFGDataset/img/train_t2_1491_2.png|aaa                                             e e
/data3fast/users/mbermudez/de_03/TFGDataset/img/train_t2_1275.png|eeeeeeeeeeeeee eeeeeeee   eeee   eeeeeeeeeeeeeeeeee
/data3fast/users/mbermudez/de_03/TFGDataset/img/train_t2_1156.png|eeeeeee                                       e ee
/data3fast/users/mbermudez/de_03/TFGDataset/img/train_t2_1313_2.png|au                 e    e               eeeeeee
/data3fast/users/mbermudez/de_03/TFGDataset/img/train_t2_1412_2.png|ddd                                         e eee
/data3fast/users/mbermudez/de_03/TFGDataset/img/train_t2_1223_0.png|aa                                             
/data3fast/users/mbermudez/de_03/TFGDataset/img/train_t2_1171_0.png|uu       ee  eee      ee eee       eeeeeeeeee
/data3fast/users/mbermudez/de_03/TFGDataset/img/train_t2_1194_0.png|eeeeeeeee        e                                  eee
/data3fast/users/mbermudez/de_03/TFGDataset/img/train_t2_0248_0.png|eeeeeeeeeeeee eee       e e e  eeeeeeeeeeeeeeeee
/data3fast/users/mbermudez/de_03/TFGDataset/img/train_t2_1477.png|geeeeeeeee                                        e
/data3fast/users/mbermudez/de_03/TFGDataset/img/train_t2_1366_0.png|eeeeeee                                          
/data3fast/users/mbermudez/de_03/TFGDataset/img/train_t2_0369_0.png|geeeeeeeeeeeeeeeeeeeeeeee    e    e eeeeeeeeeee
/data3fast/users/mbermudez/de_03/TFGDataset/img/train_t2_0568_2.png|geeeee                                 
/data3fast/users/mbermudez/de_03/TFGDataset/img/train_t2_0743_2.png|aaa                         eee    eeeeee
/data3fast/users/mbermudez/de_03/TFGDataset/img/train_t2_1252_1.png|deeeeeeeee   e  e      ee    e        e e eeeeeeee
/data3fast/users/mbermudez/de_03/TFGDataset/img/train_t2_0940_1.png|deeeee                                        eeeee
/data3fast/users/mbermudez/de_03/TFGDataset/img/train_t2_0591.png|deeeee  eeeeeee                                  eeeee
/data3fast/users/mbermudez/de_03/TFGDataset/img/train_t2_0910_1.png|aaa                                     ee ee
/data3fast/users/mbermudez/de_03/TFGDataset/img/train_t2_0250_1.png|eeeeeee      e ee  e             e      eeeeeeeeee
/data3fast/users/mbermudez/de_03/TFGDataset/img/train_t2_0053_0.png|ts         e              e             eeeee
/data3fast/users/mbermudez/de_03/TFGDataset/img/train_t2_0443_1.png|deeeee     eeeeeeeeeeee eee ee eeeeeeeee
/data3fast/users/mbermudez/de_03/TFGDataset/img/train_t2_0777_0.png|dd                                            
/data3fast/users/mbermudez/de_03/TFGDataset/img/train_t2_0233_1.png|eeeeeeeee                                            ee
/data3fast/users/mbermudez/de_03/TFGDataset/img/train_t2_1066_2.png|seee                                       e
/data3fast/users/mbermudez/de_03/TFGDataset/img/train_t2_0469_2.png|teee                e                eeee
/data3fast/users/mbermudez/de_03/TFGDataset/img/train_t2_1055_2.png|eeeeeeee                         
/data3fast/users/mbermudez/de_03/TFGDataset/img/train_t2_0566_2.png|ddee                                           
/data3fast/users/mbermudez/de_03/TFGDataset/img/train_t2_0689_1.png|uuu                                   eee
/data3fast/users/mbermudez/de_03/TFGDataset/img/train_t2_1098_0.png|weeeeee          e                                ee
/data3fast/users/mbermudez/de_03/TFGDataset/img/train_t2_0798_1.png|eeeeeee                               
/data3fast/users/mbermudez/de_03/TFGDataset/img/train_t2_0005.png|weeeeeeee eeeee    e   ee  eeeeeeeeeeeeeee
/data3fast/users/mbermudez/de_03/TFGDataset/img/train_t2_0430_1.png|aa                                           ee
/data3fast/users/mbermudez/de_03/TFGDataset/img/train_t2_0568.png|iheee                                  
/data3fast/users/mbermudez/de_03/TFGDataset/img/train_t2_0249.png|geeeeeeeeeee     eeee      e    e e      e eeeeee
/data3fast/users/mbermudez/de_03/TFGDataset/img/train_t2_0360_2.png|al                                           e
/data3fast/users/mbermudez/de_03/TFGDataset/img/train_t2_0875_2.png|eeeee                      e          e   eeee
/data3fast/users/mbermudez/de_03/TFGDataset/img/train_t2_1347_1.png|aa                                            
/data3fast/users/mbermudez/de_03/TFGDataset/img/train_t2_0110_2.png|ooo eeeeeeeeeeeeeeeeeeeeeeeeeeeeeeeeeeeeeeeeeee
/data3fast/users/mbermudez/de_03/TFGDataset/img/train_t2_0828.png|unn                                  e  eeeee
/data3fast/users/mbermudez/de_03/TFGDataset/img/train_t2_0975_0.png|unn                                      e 
/data3fast/users/mbermudez/de_03/TFGDataset/img/train_t2_1327.png|eeeeee    e e        e                    eeee
/data3fast/users/mbermudez/de_03/TFGDataset/img/train_t2_1274_1.png|waaeeeeeeeeeeeeeeeeeeeeeeeeeeeeeeeeeeeeeeeeee
/data3fast/users/mbermudez/de_03/TFGDataset/img/train_t2_1458_0.png|deeee                                       
/data3fast/users/mbermudez/de_03/TFGDataset/img/train_t2_0157_0.png|ooo      e e                    eeeee
/data3fast/users/mbermudez/de_03/TFGDataset/img/train_t2_0491_2.png|aa                                         
/data3fast/users/mbermudez/de_03/TFGDataset/img/train_t2_0225_2.png|geeeeeeee   e  ee        e               eee
/data3fast/users/mbermudez/de_03/TFGDataset/img/train_t2_1290.png|dee              e                            e
/data3fast/users/mbermudez/de_03/TFGDataset/img/train_t2_1423_0.png|uu            ee    e eee     e    eeeeeee
/data3fast/users/mbermudez/de_03/TFGDataset/img/train_t2_0102_1.png|aaa                                eeeee
/data3fast/users/mbermudez/de_03/TFGDataset/img/train_t2_0878.png|ohee                                  ee
/data3fast/users/mbermudez/de_03/TFGDataset/img/train_t2_1410_0.png|uun                                        
/data3fast/users/mbermudez/de_03/TFGDataset/img/train_t2_0434_1.png|iieeeeee   ee  ee eeeee ee   eeeeeeeee
/data3fast/users/mbermudez/de_03/TFGDataset/img/train_t2_0964_1.png|tt          eee  eeeeee  eeeeeeeeeeeee
/data3fast/users/mbermudez/de_03/TFGDataset/img/train_t2_0001_2.png|geeeeeeee   e      e eeeeee ee  ee eeeeeeee
/data3fast/users/mbermudez/de_03/TFGDataset/img/train_t2_0782_0.png|nnn      eee      e e           eeeeeee
/data3fast/users/mbermudez/de_03/TFGDataset/img/train_t2_0360_0.png|aaaa                    eee          eeeeeee
/data3fast/users/mbermudez/de_03/TFGDataset/img/train_t2_0811_0.png|dde                                         
/data3fast/users/mbermudez/de_03/TFGDataset/img/train_t2_0960_2.png|deeeeeeeee                       e   e   ee  eeeeee
/data3fast/users/mbermudez/de_03/TFGDataset/img/train_t2_0476_1.png|deeee                    
/data3fast/users/mbermudez/de_03/TFGDataset/img/train_t2_1389_0.png|deeeeeeee             e    e  e   eeeee
/data3fast/users/mbermudez/de_03/TFGDataset/img/train_t2_0302_0.png|geeeeeeeee ee e                        e  eeee
/data3fast/users/mbermudez/de_03/TFGDataset/img/train_t2_0031_1.png|eeeeee                                 e  
/data3fast/users/mbermudez/de_03/TFGDataset/img/train_t2_0091.png|uuu                                   ee
/data3fast/users/mbermudez/de_03/TFGDataset/img/train_t2_0551.png|wleeeee                                
/data3fast/users/mbermudez/de_03/TFGDataset/img/train_t2_0080_2.png|au        ee ee  e ee eeeeeeeeeeeeeeeeeeeeeee
/data3fast/users/mbermudez/de_03/TFGDataset/img/train_t2_1078_1.png|weeee  
/data3fast/users/mbermudez/de_03/TFGDataset/img/train_t2_0724_2.png|eeeeeeeee                                   e e
/data3fast/users/mbermudez/de_03/TFGDataset/img/train_t2_0410_0.png|eeeeeeeeeeeeeee      ee     e       eeeee eeeeee
/data3fast/users/mbermudez/de_03/TFGDataset/img/train_t2_0069_0.png|inn     ee  e      ee   eee ee     eee eeeee
/data3fast/users/mbermudez/de_03/TFGDataset/img/train_t2_0913_2.png|aaa                                       
/data3fast/users/mbermudez/de_03/TFGDataset/img/train_t2_0450_0.png|iieeeeee e                           eeee
/data3fast/users/mbermudez/de_03/TFGDataset/img/train_t2_1360_1.png|geeeeeeeee   e    e   eee e     eeeeeeee
/data3fast/users/mbermudez/de_03/TFGDataset/img/train_t2_0845_2.png|deeeeeee                           eeeeeeee
/data3fast/users/mbermudez/de_03/TFGDataset/img/train_t2_1000_1.png|geeeeeeeeeeeeeeeeeeeeeeeeeeeeeeeeeeeeeeeeeeeeeeeee
/data3fast/users/mbermudez/de_03/TFGDataset/img/train_t2_1016.png|in    eeeeeeeeeeeeeeeeeeeee e eeeeeeeeeeeeeeeeeeeeeeee
/data3fast/users/mbermudez/de_03/TFGDataset/img/train_t2_1266_0.png|ddee ee                                    e
/data3fast/users/mbermudez/de_03/TFGDataset/img/train_t2_0735_2.png|oo            
/data3fast/users/mbermudez/de_03/TFGDataset/img/train_t2_0498_1.png|seeee      ee    e ee       ee  eeeee eeeee
/data3fast/users/mbermudez/de_03/TFGDataset/img/train_t2_1103_1.png|geeeeeeeeee                              eeee
/data3fast/users/mbermudez/de_03/TFGDataset/img/train_t2_1078_2.png|weeeee    
/data3fast/users/mbermudez/de_03/TFGDataset/img/train_t2_0123_2.png|uu        ee    e ee eee      eeeeeeee
/data3fast/users/mbermudez/de_03/TFGDataset/img/train_t2_0835_1.png|dde                                               eee
/data3fast/users/mbermudez/de_03/TFGDataset/img/train_t2_1045_1.png|weeeeeee                                 ee
/data3fast/users/mbermudez/de_03/TFGDataset/img/train_t2_1484.png|dd        eeeee    eee eeeeeeee e   eeeeeeeeeeeeeeee
/data3fast/users/mbermudez/de_03/TFGDataset/img/train_t2_0377_2.png|dd             e      ee eee      ee     e eeeeeee
/data3fast/users/mbermudez/de_03/TFGDataset/img/train_t2_0511.png|ggeeeeeee   eee  e           ee          e  eeeee
/data3fast/users/mbermudez/de_03/TFGDataset/img/train_t2_0392_0.png|tse          eeeeeeee eeeeee e  eeeeeeeeeeee
/data3fast/users/mbermudez/de_03/TFGDataset/img/train_t2_0652.png|geeeeee                                       
/data3fast/users/mbermudez/de_03/TFGDataset/img/train_t2_0797_0.png|weeeeeee                            ee  e eeee
/data3fast/users/mbermudez/de_03/TFGDataset/img/train_t2_0737_2.png|dde                                    e
/data3fast/users/mbermudez/de_03/TFGDataset/img/train_t2_0958_2.png|ddee      e                                  eeeeee
/data3fast/users/mbermudez/de_03/TFGDataset/img/train_t2_0340.png|wleeeee  ee   e                          eeeeee
/data3fast/users/mbermudez/de_03/TFGDataset/img/train_t2_0098_1.png|eeeeeeee    e  eeee                   eeeee
/data3fast/users/mbermudez/de_03/TFGDataset/img/train_t2_1089.png|nn      eeeeeeeeeeeeeeeeeeeeeeeeeeeeeeeeeeeeeeeeeeeeeeeee
/data3fast/users/mbermudez/de_03/TFGDataset/img/train_t2_0423_2.png|wlhe e eeeeeeeeeeeeeeeeeeeeeeeeeeeeeeeeeeeeeeeee
/data3fast/users/mbermudez/de_03/TFGDataset/img/train_t2_1475_2.png|eeeeeeeeeeeeeee eee eee    eee eeeeeeeeeeeeeeeeeee
/data3fast/users/mbermudez/de_03/TFGDataset/img/train_t2_0095.png|unn        e ee eeeeeee   eeee  eeeeeeeeeeee
/data3fast/users/mbermudez/de_03/TFGDataset/img/train_t2_0519_0.png|eeeeeeeee eee       ee     e  ee  e   eeeeeeeeeee
/data3fast/users/mbermudez/de_03/TFGDataset/img/train_t2_0422_1.png|eeeeeeeee  e     e                       eee
/data3fast/users/mbermudez/de_03/TFGDataset/img/train_t2_0888_1.png|eeeeeeeee                                    ee
/data3fast/users/mbermudez/de_03/TFGDataset/img/train_t2_0349.png|sss                                  e e  eeee
/data3fast/users/mbermudez/de_03/TFGDataset/img/train_t2_0936_0.png|ddd            e    ee                       eeeee
/data3fast/users/mbermudez/de_03/TFGDataset/img/train_t2_1383_1.png|eeeeeeeeeeeeeeeeeeeeeeeeeeeeeeeee eeeeeeeeeeeeeeeeeeeee
/data3fast/users/mbermudez/de_03/TFGDataset/img/train_t2_1311_0.png|geeeeeeeeee   e    eeee   eeeeeeeeeeeeee eeeeeeeeeee
/data3fast/users/mbermudez/de_03/TFGDataset/img/train_t2_0374.png|aaaa                                    eeeeee
/data3fast/users/mbermudez/de_03/TFGDataset/img/train_t2_1016_1.png|nn    e  eeeeeeeeeeee   eeeeee        e  e e   eeeeeeeee
/data3fast/users/mbermudez/de_03/TFGDataset/img/train_t2_0751_1.png|eeeeeeeeeeeeeeee  eeeeeeee  eeeeeeeeeeeeeeeeeeee
/data3fast/users/mbermudez/de_03/TFGDataset/img/train_t2_0338_0.png|oheeeeeeeeeeeeeeeeeeeeeeeeeeeeeeeeeeeeeeeeeeeeeeeeeeeeee
/data3fast/users/mbermudez/de_03/TFGDataset/img/train_t2_1494_0.png|eeeeeeeeeeeee eee eeee ee ee   ee e e eeeeeeeeeeeee
/data3fast/users/mbermudez/de_03/TFGDataset/img/train_t2_0621_1.png|sseee e e                             eeeee
