/data3fast/users/mbermudez/de_03/TFGDataset/img/train_t2_0422_1.png|eercchhhhhhhnnnedee  eeee    uuggg nnngggnnnhh
/data3fast/users/mbermudez/de_03/TFGDataset/img/train_t2_1158_1.png|aaaddd eeeessett  deeerreee sssteeee     icchhlll elll
/data3fast/users/mbermudez/de_03/TFGDataset/img/train_t2_0481.png|seeeee eeeeeeeeeNggNN      s   eeessst        ann
/data3fast/users/mbermudez/de_03/TFGDataset/img/train_t2_1077_1.png|seee deeeeeiihhchheeee      aa rrrhh aaaalllll
/data3fast/users/mbermudez/de_03/TFGDataset/img/train_t2_1140_1.png|weeeeeee   nnnnnnnnneeiinnnd  ihhh rrreee
/data3fast/users/mbermudez/de_03/TFGDataset/img/train_t2_0314.png|ttttt         rrtttttsssseeeessseee  aaaaaa
/data3fast/users/mbermudez/de_03/TFGDataset/img/train_t2_0453_0.png|unnnnuuuuunndeeeeeeeeeeeer tttatttttnne
/data3fast/users/mbermudez/de_03/TFGDataset/img/train_t2_0619_0.png|dee   eeeeeeeeeee eeeeehhnn   a  eeeeeeeeeeeee  aa  tttt
/data3fast/users/mbermudez/de_03/TFGDataset/img/train_t2_0555.png|ddsss        eeee****nnnn   eeeee    nnnn      eeeeeee
/data3fast/users/mbermudez/de_03/TFGDataset/img/train_t2_0087_2.png|deessseeeeel    dde  sssseeeN  dd  aaaaaa ddee
/data3fast/users/mbermudez/de_03/TFGDataset/img/train_t2_1055.png|sseeeeee  aaaa      a h iiieeeccssssss
/data3fast/users/mbermudez/de_03/TFGDataset/img/train_t2_1159_0.png|uuu eeee nnnnnaa   aad  eeeeeeeeeN uuuuuueeeee
/data3fast/users/mbermudez/de_03/TFGDataset/img/train_t2_1050_1.png|weee d  dd    t  ndddde eeeeees     eeeeeennnnn
/data3fast/users/mbermudez/de_03/TFGDataset/img/train_t2_0760_1.png|un  eerr aaaahh  a aaaalllleeeeeeeeeN
/data3fast/users/mbermudez/de_03/TFGDataset/img/train_t2_0112_1.png|aaae    asss   dd eeeeee    nnn      s sss     ssccaaaa
/data3fast/users/mbermudez/de_03/TFGDataset/img/train_t2_0782_0.png|inn   ellcccceeeNNNeeeeeeett aau  ieeeeeetesss
/data3fast/users/mbermudez/de_03/TFGDataset/img/train_t2_0828.png|unnnd drrrraaaa  deeeedee sss    eeeeee aaaa
/data3fast/users/mbermudez/de_03/TFGDataset/img/train_t2_1430_0.png|dee   u eeee   aaahssss    nn   elllh
/data3fast/users/mbermudez/de_03/TFGDataset/img/train_t2_0713_1.png|# de
/data3fast/users/mbermudez/de_03/TFGDataset/img/train_t2_0139.png|stttt   ee   e   eee    s dd eeeeeeeeeeeeeeeeeeeeeN
/data3fast/users/mbermudez/de_03/TFGDataset/img/train_t2_0361_1.png|#  e
/data3fast/users/mbermudez/de_03/TFGDataset/img/train_t2_0583_2.png|auue   uuuu  nnnnn all   hhhhhhthhee eeeelllleeee
/data3fast/users/mbermudez/de_03/TFGDataset/img/train_t2_0731_1.png|ooo      iiieee rrreeeeeeeeeeeeee    stttttteeeeee
/data3fast/users/mbermudez/de_03/TFGDataset/img/train_t2_0018_2.png|meeeeeeeeiinndd  eeellleeeeeeeee **       sseeeee
/data3fast/users/mbermudez/de_03/TFGDataset/img/train_t2_1380_2.png|indd eeeeeeeeeee*********   ssss       aassssss dd
/data3fast/users/mbermudez/de_03/TFGDataset/img/train_t2_1075_1.png|ttttt  eeessslhhhheee deeesseeeeess   nnnnnnnneeee
/data3fast/users/mbermudez/de_03/TFGDataset/img/train_t2_0277_1.png|diitt   aaahttttt..
/data3fast/users/mbermudez/de_03/TFGDataset/img/train_t2_0626_1.png|de   nnggeennddeettee   a ddn eeeeeeeeeeeee
/data3fast/users/mbermudez/de_03/TFGDataset/img/train_t2_1264_1.png|daa  eeeeeeee    ddaaaaaa eeeeiiiineeeee aaaaa
/data3fast/users/mbermudez/de_03/TFGDataset/img/train_t2_1349_0.png|eerhiiiii tt  ddrreeeeeeiittntt h    rrrrrreeeerrt
/data3fast/users/mbermudez/de_03/TFGDataset/img/train_t2_0822_2.png|unn     uufuffuunnngggggnnnnnaacccchhle
/data3fast/users/mbermudez/de_03/TFGDataset/img/train_t2_1454_1.png|iiieeeeiiiichnneeeeeennnnncccss    aa eeeee
/data3fast/users/mbermudez/de_03/TFGDataset/img/train_t2_1293_0.png|alee   aaaaeeeee   uuuuueeeee c    dd  eel  sss
/data3fast/users/mbermudez/de_03/TFGDataset/img/train_t2_1383_1.png|ssseeeeeeeee  sssss    dd  sseee   eeeeeeeeeetttttt
/data3fast/users/mbermudez/de_03/TFGDataset/img/train_t2_0579.png|oonnnneeeeennnnn cchhe   ..
/data3fast/users/mbermudez/de_03/TFGDataset/img/train_t2_1104_1.png|oofee  au neeennnnnnndd  alllleeeeeetttt   drre
/data3fast/users/mbermudez/de_03/TFGDataset/img/train_t2_0298.png|und eellee   ssscchh    ndddnnaa  ddddeeeeeieennneeee
/data3fast/users/mbermudez/de_03/TFGDataset/img/train_t2_1393_0.png|nndd nggggee
/data3fast/users/mbermudez/de_03/TFGDataset/img/train_t2_0291_2.png|eeessssssssN ndddee  hhttt   dddd  lllls   nnndd
/data3fast/users/mbermudez/de_03/TFGDataset/img/train_t2_0928.png|der aaaaaaaaa    a ttrrriittt   lllllsauu 
/data3fast/users/mbermudez/de_03/TFGDataset/img/train_t2_1156.png|sseeNeeeeeeheeet  aa eeeeeed r         ssstt     ee
/data3fast/users/mbermudez/de_03/TFGDataset/img/train_t2_0799.png|eeeeeeeeeeeee  nneellhhhh eeeeeee  nnnneeeeeetes
/data3fast/users/mbermudez/de_03/TFGDataset/img/train_t2_0097_1.png|ttttttt.       aa aaat  rrrrieinnnniiillaassss
/data3fast/users/mbermudez/de_03/TFGDataset/img/train_t2_1176_2.png|hheeeeeeeeNNeeeeee  aa  hhh eegllhheeeeessssssse
/data3fast/users/mbermudez/de_03/TFGDataset/img/train_t2_0623_1.png|ddr   drrrrllaa deeee tiiiittt   deeeettt
/data3fast/users/mbermudez/de_03/TFGDataset/img/train_t2_0680_1.png|aaeeeeeeeeeeeeeeeehhhet        hheeee  aa ttttteee
/data3fast/users/mbermudez/de_03/TFGDataset/img/train_t2_1323_2.png|beeeeeeeeeelccchhh  llleeeeee     ndd ee sss   nee
/data3fast/users/mbermudez/de_03/TFGDataset/img/train_t2_0072_1.png|aannnnnndde scccttssstt     * .       seeeeeeeeee
/data3fast/users/mbermudez/de_03/TFGDataset/img/train_t2_0490_1.png|errrhhttt   t   nnniihhit nneee     etttshheee
/data3fast/users/mbermudez/de_03/TFGDataset/img/train_t2_1405.png|unn eeeeeeaaluuuu  sees  eee    elllee
/data3fast/users/mbermudez/de_03/TFGDataset/img/train_t2_0280_0.png|eee  nn   eeee   aaa ss ttttt   dreeeeeee
/data3fast/users/mbermudez/de_03/TFGDataset/img/train_t2_1225_1.png|# dd
/data3fast/users/mbermudez/de_03/TFGDataset/img/train_t2_1357.png|lcheeeeeeeeeeeeeshhhh nnee  s    e  a dd eee    dddeee
/data3fast/users/mbermudez/de_03/TFGDataset/img/train_t2_1358_2.png|dassseeheennnddd   ttt   d eeeennn eet   ..*   ee
/data3fast/users/mbermudez/de_03/TFGDataset/img/train_t2_0038_2.png|sshhll  uuu dee     iihseeeeeeee  cccheeeee  nnd
/data3fast/users/mbermudez/de_03/TFGDataset/img/train_t2_0222_1.png|ttt         dd e   eeddd ss  nnnnnnneeeeessse  **      r
/data3fast/users/mbermudez/de_03/TFGDataset/img/train_t2_0838_2.png|chhh          reeeetttttttaaaa   nnnneeeeeelhhhh
/data3fast/users/mbermudez/de_03/TFGDataset/img/train_t2_1482_1.png|lll e ddd   nndd eeeellhh    aaaaaaaaallllll
/data3fast/users/mbermudez/de_03/TFGDataset/img/train_t2_1408_2.png|drrttttttttt
/data3fast/users/mbermudez/de_03/TFGDataset/img/train_t2_0720.png|nn  esseeeeeeeiinnnnn       iccceeeeeeN  stt  sssss eee
/data3fast/users/mbermudez/de_03/TFGDataset/img/train_t2_0379_2.png|ddi eeeeeeeeer   asssc  ndd ss ttthh
/data3fast/users/mbermudez/de_03/TFGDataset/img/train_t2_1469_2.png|hrrreeeeee * ...  d       ...           .   ...   aal
/data3fast/users/mbermudez/de_03/TFGDataset/img/train_t2_0135_0.png|wsssse    neeee  nnnnnnn eeee iccchhi hthieeeeeinn
/data3fast/users/mbermudez/de_03/TFGDataset/img/train_t2_0051_0.png|schhn nnnehhhhhenneeeeelhhess   ddd  d      eeee
/data3fast/users/mbermudez/de_03/TFGDataset/img/train_t2_1159_1.png|uuu  eeennn  aaanndaaa ddeeeece  uuuuuuu eeee
/data3fast/users/mbermudez/de_03/TFGDataset/img/train_t2_0581_1.png|eee     asss  dddd sss  tttetsss  hhhh ee eeeee
/data3fast/users/mbermudez/de_03/TFGDataset/img/train_t2_1251_2.png|beeeee   nn ahheeeeeeee  r reeeteeeeeleett
/data3fast/users/mbermudez/de_03/TFGDataset/img/train_t2_1326_0.png|ssss   nnnnnnnnnnnnnnnn   deeeesssttteeet    errri
/data3fast/users/mbermudez/de_03/TFGDataset/img/train_t2_1041_1.png|meee  nnihchhheeeee
/data3fast/users/mbermudez/de_03/TFGDataset/img/train_t2_0896_0.png|uu eeeeelllaaassss e ddeer ddd  allssee uaa
/data3fast/users/mbermudez/de_03/TFGDataset/img/train_t2_0648_1.png|hnnddddrr   ddd  scchlll  tuun dd  eeeeee uuugg
/data3fast/users/mbermudez/de_03/TFGDataset/img/train_t2_0290.png|eeNNNNeeeeeeeeeeeee ssss   aaallleeeettteeeeeeeeeuu
/data3fast/users/mbermudez/de_03/TFGDataset/img/train_t2_1342_0.png|auu eeeette   nnnnneeeeeee    heee deeeeeeel uuuuu
/data3fast/users/mbermudez/de_03/TFGDataset/img/train_t2_1429_2.png|##
/data3fast/users/mbermudez/de_03/TFGDataset/img/train_t2_0825_1.png|seeee  dddrrihheeeee sss   allhtt  ddeeeennnn
/data3fast/users/mbermudez/de_03/TFGDataset/img/train_t2_0391_0.png|ooeee  ssss  d   a  dd  nneeeenicchhheeeettt   drrrr
/data3fast/users/mbermudez/de_03/TFGDataset/img/train_t2_0433.png|geeeeeeeee  dd     aahhhhinnnn  essssh    d
/data3fast/users/mbermudez/de_03/TFGDataset/img/train_t2_1011_0.png|# 
/data3fast/users/mbermudez/de_03/TFGDataset/img/train_t2_1109.png|veeellhhh       aaallstt        .
/data3fast/users/mbermudez/de_03/TFGDataset/img/train_t2_0232_1.png|wwee  aaa   ssssseehhh dddeerrrrrreeeeeeeeeeee
/data3fast/users/mbermudez/de_03/TFGDataset/img/train_t2_0670_1.png|fheee   n   neeeee  aatettttsss  eee nn
/data3fast/users/mbermudez/de_03/TFGDataset/img/train_t2_0311.png|ggnttttiiieeeedd  ihheeeeeett aaassseeeet unnnd
/data3fast/users/mbermudez/de_03/TFGDataset/img/train_t2_1182_0.png|iiit hhhhhheee   ndeeee  dd  sssssssssssee  h  eeeeee
/data3fast/users/mbermudez/de_03/TFGDataset/img/train_t2_0391_2.png|woeee  sssse     a    i eeeeeeichhhheeeeett     eeee
/data3fast/users/mbermudez/de_03/TFGDataset/img/train_t2_1113_1.png|llllllleeeennnnnnd eeeee geeeeetttt  eeee aslss
/data3fast/users/mbermudez/de_03/TFGDataset/img/train_t2_0797_0.png|weeeeeicchhhnnnnnnd eeeeeeeeeg nnd  s nnnnee
/data3fast/users/mbermudez/de_03/TFGDataset/img/train_t2_1417_2.png|iee  aaa ddrrrrr aanndd  ttt ddrrritt
/data3fast/users/mbermudez/de_03/TFGDataset/img/train_t2_1147_2.png|aas     lahh  eeeeeee    aaa eeeerr tt  aaadrree
/data3fast/users/mbermudez/de_03/TFGDataset/img/train_t2_0883_1.png|deee eee   tt       seeeeeeeeeee     tt  eeeeeee *e*   
/data3fast/users/mbermudez/de_03/TFGDataset/img/train_t2_0519_0.png|bee            ee      rsllllseelluunnnnnneeettt
/data3fast/users/mbermudez/de_03/TFGDataset/img/train_t2_0455_0.png|unddd  rirreeerrllhhhhhhhh  e   hhhccchhchh n
/data3fast/users/mbermudez/de_03/TFGDataset/img/train_t2_1054_0.png|wllleee  aahhh   ddereeeeee    sssss   eeeeee
/data3fast/users/mbermudez/de_03/TFGDataset/img/train_t2_0260_1.png|nneeesssss unneeeeeeet inneeeelllllllaaaaa seeeee
/data3fast/users/mbermudez/de_03/TFGDataset/img/train_t2_1073_0.png|# 
/data3fast/users/mbermudez/de_03/TFGDataset/img/train_t2_0347_0.png|dittt  eeeennnnnnnttttttttthhtteeeddd  a 
/data3fast/users/mbermudez/de_03/TFGDataset/img/train_t2_0565.png|ffbeeeee    dddss  tttt aaahh  sss    rrcchhhh
/data3fast/users/mbermudez/de_03/TFGDataset/img/train_t2_1132_2.png|eee  ssse   llleeeeett   ee     chss dddrr
/data3fast/users/mbermudez/de_03/TFGDataset/img/train_t2_0288.png|iinnnn tt    eeeeeeee  nnddeeeeeeeet leeeee     aa
/data3fast/users/mbermudez/de_03/TFGDataset/img/train_t2_1327_2.png|eeN  nnn   aaaaleeeee eeeeee  ddddd eelll auu
/data3fast/users/mbermudez/de_03/TFGDataset/img/train_t2_0386.png|udddeeesseeeeee i   ttt ccllleeeeelaaa eeeeesssssssssssss
/data3fast/users/mbermudez/de_03/TFGDataset/img/train_t2_0074.png|tt    eeeee tttt eeee  nnn  eeeennnnneeee
/data3fast/users/mbermudez/de_03/TFGDataset/img/train_t2_1195.png|iii  aaasss  eeeeeeN  
/data3fast/users/mbermudez/de_03/TFGDataset/img/train_t2_1350_2.png|nneeetttttte       eeeee    d   aa dd  hchhhhauuddd
/data3fast/users/mbermudez/de_03/TFGDataset/img/train_t2_0554_2.png|glee    ssssss   eeeecchhhhhhiiii t  eeeeN       eeeeeee
/data3fast/users/mbermudez/de_03/TFGDataset/img/train_t2_0878_1.png|berraaaaaa eeeeeelll  nnnee n  asssssttttttt
/data3fast/users/mbermudez/de_03/TFGDataset/img/train_t2_0971.png|"ssseeee   lllaaa hhhhiiii   aaaheenneeeeeeeeee
/data3fast/users/mbermudez/de_03/TFGDataset/img/train_t2_1224.png|ss    ieeeeeet    eeeeeeehhheee ssssshhnnnnnn
/data3fast/users/mbermudez/de_03/TFGDataset/img/train_t2_0907.png|weeeeeNNN****nnnnnneeeeeee******    aalllleein
/data3fast/users/mbermudez/de_03/TFGDataset/img/train_t2_0875_2.png|lee  ddeee  aaassseeeeeeeeeegiiiiiiii   hhie
/data3fast/users/mbermudez/de_03/TFGDataset/img/train_t2_0308_0.png|ditt  eee n d    eeeeeeeeNennnccch  dddeeee nnsss
/data3fast/users/mbermudez/de_03/TFGDataset/img/train_t2_0209.png|nnneeeeeeee aaaaallllleeNNNdeeeiiiccchhh aaaa
/data3fast/users/mbermudez/de_03/TFGDataset/img/train_t2_1416_0.png|deettteegggeeeee    dd   inannnnaaaahheeeerrr
/data3fast/users/mbermudez/de_03/TFGDataset/img/train_t2_0589_1.png|mii  eeeeeeeessssseeeeeeeeeee  ccllleeee     ttttt
/data3fast/users/mbermudez/de_03/TFGDataset/img/train_t2_1369_0.png|beeeeeee  u dd  icccc    d ee a   nneeee
/data3fast/users/mbermudez/de_03/TFGDataset/img/train_t2_0340.png|llle    ee llllhhha nndddddd  eeeeee nneeeessss
/data3fast/users/mbermudez/de_03/TFGDataset/img/train_t2_1067.png|uffgeeeessthheennnnnnttttttt    aaaa eeeee
/data3fast/users/mbermudez/de_03/TFGDataset/img/train_t2_1391.png|unnd   ttiinnn  assssss   ssseeeieeNnnn dd eeee
/data3fast/users/mbermudez/de_03/TFGDataset/img/train_t2_0009_2.png|beeddrrrrrtaatttt nnnneeeeelhchhhtts   ss
/data3fast/users/mbermudez/de_03/TFGDataset/img/train_t2_0426_2.png|ssttaa  dddeeee  ssssssss       ddd  dd eestt    eeee
/data3fast/users/mbermudez/de_03/TFGDataset/img/train_t2_0863_0.png|eeee ****e e*** eeeel    e          *****         eee     eeehhhe
/data3fast/users/mbermudez/de_03/TFGDataset/img/train_t2_0874_0.png|onee     ccssseeee  iiinn   ahhhe   a  eeeellss    nnd
/data3fast/users/mbermudez/de_03/TFGDataset/img/train_t2_1251_0.png|beeee   d aaaheeeeeeeerr a reeeeeeeeleettt
/data3fast/users/mbermudez/de_03/TFGDataset/img/train_t2_0657.png|anggeeee     eeesseeeeeeeettt  eeeeeeeesssss asseeee
/data3fast/users/mbermudez/de_03/TFGDataset/img/train_t2_1226_2.png|aah      deeee********    eessss  ddeeiccchhsseeeeeee
/data3fast/users/mbermudez/de_03/TFGDataset/img/train_t2_1408_1.png|drrttttttttt
/data3fast/users/mbermudez/de_03/TFGDataset/img/train_t2_0514_0.png|ddsss     eeesssch  sssseeeeeeeeeeeN   d   ccceeeeN nnnnnn
/data3fast/users/mbermudez/de_03/TFGDataset/img/train_t2_0715.png|mtt aaannnnnnneeneeeeeee e  d n    ttiiihnnn
/data3fast/users/mbermudez/de_03/TFGDataset/img/train_t2_0873.png|innnn  eleeeeen  aasssseee eeerriiiie  nnd   acccchhh
/data3fast/users/mbermudez/de_03/TFGDataset/img/train_t2_1244.png|hhheeeeeeeettttt aauu  eeesssschsssl eeee
/data3fast/users/mbermudez/de_03/TFGDataset/img/train_t2_0446.png|drrr ee       s       ********   g  n e eee  ihhheee
/data3fast/users/mbermudez/de_03/TFGDataset/img/train_t2_1430_1.png|dee     eeee aaaaassssee   d  aglle
/data3fast/users/mbermudez/de_03/TFGDataset/img/train_t2_0117_2.png|geeeeeeeeee   n  hhheee   sa t       hhhh irr
/data3fast/users/mbermudez/de_03/TFGDataset/img/train_t2_1027_0.png|dieeeelllaauu  eeeeeesseeee   sssssshheeeee
/data3fast/users/mbermudez/de_03/TFGDataset/img/train_t2_1035_2.png|oolhh aa  hhhh nnnndddeeerrreeieeeeeeetttt   nnn
/data3fast/users/mbermudez/de_03/TFGDataset/img/train_t2_0062_0.png|ttttnnnnneeeee  llllee ddr iiieeeeeeee    eee  allllll
/data3fast/users/mbermudez/de_03/TFGDataset/img/train_t2_0975_1.png|hhndddd uaaa   ee   allhh   d sssssss  ttt
/data3fast/users/mbermudez/de_03/TFGDataset/img/train_t2_0215_0.png|hht   ttt    eeessssseeNN     nnnnnn  hhheiieeerrr
/data3fast/users/mbermudez/de_03/TFGDataset/img/train_t2_1390_2.png|nnnntee  nnnn ddeesssschhhh      ss  aa  seeeheee
/data3fast/users/mbermudez/de_03/TFGDataset/img/train_t2_1479_0.png|wee  llee  nn  dddrdd    eeegnnnnn eeeee
/data3fast/users/mbermudez/de_03/TFGDataset/img/train_t2_0912_1.png|ooo   n eeeeeeeeeennnnn geeeee hhhh   eed   aaa
/data3fast/users/mbermudez/de_03/TFGDataset/img/train_t2_0835_2.png|de    nn   ee   a   eeeee t  ttteetttt aa  eessaee
/data3fast/users/mbermudez/de_03/TFGDataset/img/train_t2_0749_2.png|eeeeenii  hh  eeee    a eeeeeeeellll    ch  eeeeeeeee
/data3fast/users/mbermudez/de_03/TFGDataset/img/train_t2_1283_1.png|ooo   tteeee    aa  eeeeeeeennnnnnnnnaa eeeetttt
/data3fast/users/mbermudez/de_03/TFGDataset/img/train_t2_0632_1.png|drr     eeeeeeiinnnneggggeeeeeestttt taaatttt
/data3fast/users/mbermudez/de_03/TFGDataset/img/train_t2_0108_1.png|aass  eeeeeeee  iiieeteeee nneeeeeee    d  dde
/data3fast/users/mbermudez/de_03/TFGDataset/img/train_t2_0354.png|cchh     eeeeesttt      ee  geeeecchtttheeeeeeg  aaa
/data3fast/users/mbermudez/de_03/TFGDataset/img/train_t2_0021_2.png|aalleeeett  reeeeennieett  drrrredd
/data3fast/users/mbermudez/de_03/TFGDataset/img/train_t2_1094_0.png|"    sssssch ndd  acheee      iccha  deeeeennn
/data3fast/users/mbermudez/de_03/TFGDataset/img/train_t2_1403_2.png|iirehtttttttt u  nn ihh dddrrrreeeeeeeeee ***nnnccc
/data3fast/users/mbermudez/de_03/TFGDataset/img/train_t2_1338_1.png|eee  sscheeedeee  dddeeiininiii         llllsss
/data3fast/users/mbermudez/de_03/TFGDataset/img/train_t2_0721_2.png|eee    auuusss       ssseeehhhl ssssseeiiii  ddeeeeeuu
/data3fast/users/mbermudez/de_03/TFGDataset/img/train_t2_0119_0.png|llllhhtttt  e nnn ndd nnn   dd eee    areer
/data3fast/users/mbermudez/de_03/TFGDataset/img/train_t2_1294_2.png|aaneeee e ssssee  eeeeeeeeeee *          rrralhhee
/data3fast/users/mbermudez/de_03/TFGDataset/img/train_t2_0607_1.png|lellh   a  sss  dsssss   nnudaa  sssseeeellllle
/data3fast/users/mbermudez/de_03/TFGDataset/img/train_t2_0868.png|undd errr aaa  rrrrllleeeerrllseeeseee   a
/data3fast/users/mbermudez/de_03/TFGDataset/img/train_t2_0833_0.png|odeee ssslllss  n eeeeeeN    a     r    tttttttt
/data3fast/users/mbermudez/de_03/TFGDataset/img/train_t2_0560_1.png|allllllhhhss aaa sschhhhnnn ttttttt   nnn eeeeee
/data3fast/users/mbermudez/de_03/TFGDataset/img/train_t2_1450.png|mmhhh    deeeeeeiitt nn gelleeeeeeeeeiihii   aaa
/data3fast/users/mbermudez/de_03/TFGDataset/img/train_t2_0831_2.png|neessssscchhhteeee ****     auuu  se      eeeennnn
/data3fast/users/mbermudez/de_03/TFGDataset/img/train_t2_0666.png|deeeeeeeeesseee  daa ssseeeeei       chh eeee  aasseeeee
/data3fast/users/mbermudez/de_03/TFGDataset/img/train_t2_1266_0.png|"n eee    sssslcheee  nnnnnngee  d nnnnnnnee
/data3fast/users/mbermudez/de_03/TFGDataset/img/train_t2_0653_1.png|aal  eeeeeeeeeeeeeee ichieee  nn  lllle
/data3fast/users/mbermudez/de_03/TFGDataset/img/train_t2_0562_1.png|innnneeee****.
/data3fast/users/mbermudez/de_03/TFGDataset/img/train_t2_1014_2.png|ggeeeeeeeeeeeellllle ccchh  eeeell ssss  sss   deeee
/data3fast/users/mbermudez/de_03/TFGDataset/img/train_t2_1110.png|au  eeeeennnedder aa tt  ddd sssllleeeeedd
/data3fast/users/mbermudez/de_03/TFGDataset/img/train_t2_1070_2.png|woll    rrrttttaaaauu dd eett    ddddr
/data3fast/users/mbermudez/de_03/TFGDataset/img/train_t2_0910_1.png|aaaa  eeeeeeee dd a ssss    sseeeeeleeeeNN uuuu
/data3fast/users/mbermudez/de_03/TFGDataset/img/train_t2_0076_1.png|dee  eeeeeeeeesees  uunneeetettt  neeeee
/data3fast/users/mbermudez/de_03/TFGDataset/img/train_t2_1285_1.png|dd    eeeeeee  aaleeeeee**   dee lllllleeeeN  ****eeeeene
/data3fast/users/mbermudez/de_03/TFGDataset/img/train_t2_0148_1.png|tttttt ii   deee    e   chhheeeee glllleeeenneetttttt
/data3fast/users/mbermudez/de_03/TFGDataset/img/train_t2_0888_1.png|wieedd eraaaaggeee undd   asllleeenn   sssaaaua
/data3fast/users/mbermudez/de_03/TFGDataset/img/train_t2_1154.png|eettt aaaahhhttt
/data3fast/users/mbermudez/de_03/TFGDataset/img/train_t2_1248.png|neeeeeeeeedd  n icht  ss laaa dd  hhinnnn
/data3fast/users/mbermudez/de_03/TFGDataset/img/train_t2_1282_0.png|itt     ssssse         eeelccch      tt       t
/data3fast/users/mbermudez/de_03/TFGDataset/img/train_t2_0509_0.png|geeeeeeeeeeee  ee   eeslllssse eedeeeee  uuu eeeeee
/data3fast/users/mbermudez/de_03/TFGDataset/img/train_t2_1242_1.png|rrrrchhchssssssss  ddsss dddeeeichee    sss    e ddeerh
/data3fast/users/mbermudez/de_03/TFGDataset/img/train_t2_1392.png|#  
/data3fast/users/mbermudez/de_03/TFGDataset/img/train_t2_0419_2.png|dii    asastt      tttttt      eettttttttttt
/data3fast/users/mbermudez/de_03/TFGDataset/img/train_t2_1436_1.png|gee   aaleeeN deeeeeeeeeeeeeee nn aattttttttt
/data3fast/users/mbermudez/de_03/TFGDataset/img/train_t2_0071_2.png|aadd ssseeeedd    h   eeeee   chllee    nnndde
/data3fast/users/mbermudez/de_03/TFGDataset/img/train_t2_0516_2.png|wweee  aa eeeesslsttt uuuaasseeeeeeeiiieeeeerrr
/data3fast/users/mbermudez/de_03/TFGDataset/img/train_t2_0774_0.png|daeeeeeee  uunnnneeeiccce n ddd   h eeeeeeeeeee
/data3fast/users/mbermudez/de_03/TFGDataset/img/train_t2_0908.png|ss     eeegggaaa   eeeeeeet aaauuunnnn ttttt
/data3fast/users/mbermudez/de_03/TFGDataset/img/train_t2_1127_2.png|dee   eeeeneeggeee   eeder  aaaahhheeelhhhh
/data3fast/users/mbermudez/de_03/TFGDataset/img/train_t2_0705_1.png|lleeeNNNNe    iiittt    a s     aaaan
/data3fast/users/mbermudez/de_03/TFGDataset/img/train_t2_1327_1.png|eN nnnd    hhhsseeeee eeeeer  dddddd eellllh uuu
/data3fast/users/mbermudez/de_03/TFGDataset/img/train_t2_0784_0.png|dii  aaaaudddddeeeiitteeessll ee   see     slllllee
/data3fast/users/mbermudez/de_03/TFGDataset/img/train_t2_0106_2.png|"ss essscchh  d   *       sscccceeNN
/data3fast/users/mbermudez/de_03/TFGDataset/img/train_t2_1273_2.png|wree s saa ad   a htttt  nndeeeennnn ddeee tttht
/data3fast/users/mbermudez/de_03/TFGDataset/img/train_t2_0327.png|dii   sssseNNss eeegeeeettteeeeeeeee  nnnnnnee
/data3fast/users/mbermudez/de_03/TFGDataset/img/train_t2_1309_0.png|eeeennnnnn ieee    ndddssseett   eeeeeettt ndddee
/data3fast/users/mbermudez/de_03/TFGDataset/img/train_t2_0361_2.png|#  ee
/data3fast/users/mbermudez/de_03/TFGDataset/img/train_t2_0454_1.png|scee  nnnnnneeeegeeeeeer  aaass  dddddrr r
/data3fast/users/mbermudez/de_03/TFGDataset/img/train_t2_1003_2.png|tteeeeeehhhhhhhhchhhhe  dd rriieeeeeeeee*eeeeee     ddd
/data3fast/users/mbermudez/de_03/TFGDataset/img/train_t2_1431_2.png|deeNNlllNN  nnnnnennn eeeeeeee  sssssssee
/data3fast/users/mbermudez/de_03/TFGDataset/img/train_t2_0808_0.png|het   aaaa s    eeeee  ssuu  eeeeeeeeeeNNN
/data3fast/users/mbermudez/de_03/TFGDataset/img/train_t2_0450_0.png|ieesttt   unn    eee gaaaann    sssschieeeee
/data3fast/users/mbermudez/de_03/TFGDataset/img/train_t2_0084_1.png|nnee    ssss     .*. s  ichheee    eeee sss     tttiieeee
/data3fast/users/mbermudez/de_03/TFGDataset/img/train_t2_0638_2.png|oolle        eeeeeeeeeennichhhhhh      aaaas eeee
/data3fast/users/mbermudez/de_03/TFGDataset/img/train_t2_0832_0.png|aasss eesseeeennnn     drr ttlllh  udddeee nnn
/data3fast/users/mbermudez/de_03/TFGDataset/img/train_t2_1045_2.png|wlllhh t    rrrttttttt  aaaallessse  uua  eee
/data3fast/users/mbermudez/de_03/TFGDataset/img/train_t2_0094.png|ann sssssss h t  eeee  uuuuunn eee     *****   hchh
/data3fast/users/mbermudez/de_03/TFGDataset/img/train_t2_0723.png|geeennnn n   hhhhh  ee i nnnndddeetttteee
/data3fast/users/mbermudez/de_03/TFGDataset/img/train_t2_0329.png|ceeteeeeeeeessss     chhh  d eee  cceee    clllll    nndd
/data3fast/users/mbermudez/de_03/TFGDataset/img/train_t2_1305.png|beelllhhheeee   ccch  dd sssssaaa eeee           eeeeee
/data3fast/users/mbermudez/de_03/TFGDataset/img/train_t2_0556.png|mee aaal eee   eeeeettt     al nnniii      
/data3fast/users/mbermudez/de_03/TFGDataset/img/train_t2_0676_0.png|## 
/data3fast/users/mbermudez/de_03/TFGDataset/img/train_t2_0417.png|stttttt      ssssee    sssssss      aallleeeede e  ****.*
/data3fast/users/mbermudez/de_03/TFGDataset/img/train_t2_0079.png|mi  eeeeeeehheeNNss  nnnn        ichcheeNNnddde
/data3fast/users/mbermudez/de_03/TFGDataset/img/train_t2_0302_0.png|geesssseeee   eeeeeeeeennnnnn   tttttteeee nni dde
/data3fast/users/mbermudez/de_03/TFGDataset/img/train_t2_0225_2.png|llheeee     deeeeeeeeehhhhteed  r ddddeeehhhhh
/data3fast/users/mbermudez/de_03/TFGDataset/img/train_t2_0939_2.png|iihheeeeehhheeeenn aaaass   eee     eeeeelaaa
/data3fast/users/mbermudez/de_03/TFGDataset/img/train_t2_0216_0.png|eetttcccllllleeN  nnddd    ssseeeee nn   e   nnn
/data3fast/users/mbermudez/de_03/TFGDataset/img/train_t2_1297_2.png|aaeeeeeeeeeellllssaauu  ssse  u sss       aeeeeee
/data3fast/users/mbermudez/de_03/TFGDataset/img/train_t2_0594_1.png|ie  aaa  eeeeeerrttt nnu  ttttschheeee  nn
/data3fast/users/mbermudez/de_03/TFGDataset/img/train_t2_0572.png|bee dd      eee   cceeeenneeeeee             tttttt
/data3fast/users/mbermudez/de_03/TFGDataset/img/train_t2_1167_2.png|unddddeesssscchhheeeeeeeeee   aau ddeeedddeee
/data3fast/users/mbermudez/de_03/TFGDataset/img/train_t2_0991_0.png|ee  nnnnnnnnn  dd   aa  ssccthtttti ***.......
/data3fast/users/mbermudez/de_03/TFGDataset/img/train_t2_0985_0.png|deeeeiiiieeenneee** *e     aasllllll  hhhhhhhhhttaaa
/data3fast/users/mbermudez/de_03/TFGDataset/img/train_t2_0376_1.png|aaa eeeelleeeee iii dddeeeiccnnnnn eeessstcch
/data3fast/users/mbermudez/de_03/TFGDataset/img/train_t2_1249_2.png|und  sssssee       eeee aahteeeeee e e e nnnn
/data3fast/users/mbermudez/de_03/TFGDataset/img/train_t2_1435_1.png|miieeeeeeennn cccsss    ddder  ssssss auu
/data3fast/users/mbermudez/de_03/TFGDataset/img/train_t2_0899_0.png|iiiiii eeeee   dddeeer      ss aa   ell  ddeeeesssss
/data3fast/users/mbermudez/de_03/TFGDataset/img/train_t2_0012.png|hheeeedddddrr aaaaa dd  c  eeennneeeeseeeee
/data3fast/users/mbermudez/de_03/TFGDataset/img/train_t2_1242_2.png|rrrtccccchcssssss  ddssss ddeeeiiete    ssse   edeee    cc
/data3fast/users/mbermudez/de_03/TFGDataset/img/train_t2_0431_0.png|bbeeeeeeetttaaa  ddeeessccchnnddeeellleNN
/data3fast/users/mbermudez/de_03/TFGDataset/img/train_t2_0231.png|wsssssssscaaunnn nn   eeeeeeeihhieeee     ttteeeeee
/data3fast/users/mbermudez/de_03/TFGDataset/img/train_t2_0522_2.png|gglllleeeeetttts hlleeedrdrrdeeeee e    aaaal
/data3fast/users/mbermudez/de_03/TFGDataset/img/train_t2_0879_1.png|sss   eeeeeeeerrrrrereee    ddeeennnee
/data3fast/users/mbermudez/de_03/TFGDataset/img/train_t2_0651_1.png|tttt    eeeee aaa dsss  nnnnnnddd  ssss  eee nnhhhhh
/data3fast/users/mbermudez/de_03/TFGDataset/img/train_t2_1367_0.png|"  eeeeeeess    sssssccc    aalleeeeiiihhhheeeee
/data3fast/users/mbermudez/de_03/TFGDataset/img/train_t2_1101_0.png|diitttsssellleeerrr dd aa   eee aauuuuee
/data3fast/users/mbermudez/de_03/TFGDataset/img/train_t2_0993_0.png|mmt  eeeeeguu ddeeeeee dd   n hhhh edd    hhhhh
/data3fast/users/mbermudez/de_03/TFGDataset/img/train_t2_0127.png|daaaaaaeeeeeeeeeereiinnneeee**  i     eeeeelleeee
/data3fast/users/mbermudez/de_03/TFGDataset/img/train_t2_1255_1.png|lleN dddddeeeelhhhhhhn i nnnneee geeeettt nunndde
/data3fast/users/mbermudez/de_03/TFGDataset/img/train_t2_1083.png|neeeehhhhhh  nnnndddeeeesss   uaaaa    aaa  ddeeeeeee
/data3fast/users/mbermudez/de_03/TFGDataset/img/train_t2_0467_2.png|nnn  eettttii  ne    ssss  t aassss  iihhttt   ddd
/data3fast/users/mbermudez/de_03/TFGDataset/img/train_t2_0198.png|dei  nnnngeeettttt allgeeeeeeeeehh    ssheee  uuu
/data3fast/users/mbermudez/de_03/TFGDataset/img/train_t2_1138.png|aaee       nnnnneessssseeelllee  d essssseee  ee
/data3fast/users/mbermudez/de_03/TFGDataset/img/train_t2_1153_2.png|undd eeeellhiee  
/data3fast/users/mbermudez/de_03/TFGDataset/img/train_t2_0642.png|diieeeeiinnnnddeessssshhhssseeeeeeenneet   u  sss
/data3fast/users/mbermudez/de_03/TFGDataset/img/train_t2_0527_2.png|dee lllheennnn  eelchh  aaaaanaaa dddeeeehheee
/data3fast/users/mbermudez/de_03/TFGDataset/img/train_t2_1421_2.png|ssshhhtttt aaa 
/data3fast/users/mbermudez/de_03/TFGDataset/img/train_t2_0507_0.png|iinee    ssssshhl eeeddee eeeeeeee  ssseeeesshhlle  aaad
/data3fast/users/mbermudez/de_03/TFGDataset/img/train_t2_0233_1.png|beeehhhhheee ********  nndeee  heeee    ddd    eeeniihh
/data3fast/users/mbermudez/de_03/TFGDataset/img/train_t2_0658_1.png|mit  ddd  ddeeeeeeeeeeeee eeeeellllllllllh eeer
/data3fast/users/mbermudez/de_03/TFGDataset/img/train_t2_1464.png|nee  sssss  nnnnnn  nnnddeeee edeeeelhheee  aa
/data3fast/users/mbermudez/de_03/TFGDataset/img/train_t2_0179_1.png|ttt nnnnnnn    eeeeennnn essccccheeeeeeeeeee
/data3fast/users/mbermudez/de_03/TFGDataset/img/train_t2_1055_2.png|sseeeee   aaattt     aattt eee ssssssss
/data3fast/users/mbermudez/de_03/TFGDataset/img/train_t2_0033_0.png|ttteiiiiie   sss      nchhh    essss  r  elleeeeegeee
/data3fast/users/mbermudez/de_03/TFGDataset/img/train_t2_0440_1.png|der aa   add    tttt      ..
/data3fast/users/mbermudez/de_03/TFGDataset/img/train_t2_0453_2.png|unndnnuuuuundeeeeeeeeeerrrrattttttt n
/data3fast/users/mbermudez/de_03/TFGDataset/img/train_t2_1285_2.png|dd    eeeeee    eeeeeeee *  e      llleeeeeee *      eennnneee
/data3fast/users/mbermudez/de_03/TFGDataset/img/train_t2_0075_0.png|"   eeeeeettsst    
/data3fast/users/mbermudez/de_03/TFGDataset/img/train_t2_1022.png|dee   eeeeggggeet     sseeeeeeeeeeeeeeee nnnnn
/data3fast/users/mbermudez/de_03/TFGDataset/img/train_t2_0857.png|de      aaaaaaunnd ee     iiicchheeeee  sssssssl
/data3fast/users/mbermudez/de_03/TFGDataset/img/train_t2_0295_0.png|geeeeeettt  ee nnnnneee      eeeeeeee uuuua
/data3fast/users/mbermudez/de_03/TFGDataset/img/train_t2_0490.png|errllhh      tmmnnnniiitttinee aaaee   ttsshhh
/data3fast/users/mbermudez/de_03/TFGDataset/img/train_t2_0649.png|"ss    ahaa   d esseeeed iccccchlllleeeeeeeee
/data3fast/users/mbermudez/de_03/TFGDataset/img/train_t2_1358.png|das  ecceee ddd    tt   ndeeeennnnn ee  **   .   e
/data3fast/users/mbermudez/de_03/TFGDataset/img/train_t2_0283_1.png|weeeeeeeellleeeeeiiiieegglleeeeer   adddddeee
/data3fast/users/mbermudez/de_03/TFGDataset/img/train_t2_1354_2.png|wiieeesssts  ssa tt     hccchhha   aaa
/data3fast/users/mbermudez/de_03/TFGDataset/img/train_t2_0428_0.png|nnneeeeettt u   ssshhheeeeeedee         nnnn
/data3fast/users/mbermudez/de_03/TFGDataset/img/train_t2_0360_0.png|allssaaaaaaaasssshhh     s eeeehhheee      aaaaahhh
/data3fast/users/mbermudez/de_03/TFGDataset/img/train_t2_0169.png|dee e iihhhhh     erreeeeeeeeeiccnnnneeNNnnnn
/data3fast/users/mbermudez/de_03/TFGDataset/img/train_t2_0542_0.png|eee  nn aaaaaaau  eeeeeeeedee   scccchheeegeeee
/data3fast/users/mbermudez/de_03/TFGDataset/img/train_t2_0378_1.png|tt  dddeeeeeehhhhhhh ndddd  aaaccchheeeiecceeeeeeeeeeee
/data3fast/users/mbermudez/de_03/TFGDataset/img/train_t2_0875_1.png|lee    eeeee  sssssseeeeeeeeehhhiiiii   chhndd
/data3fast/users/mbermudez/de_03/TFGDataset/img/train_t2_0390_0.png|llsseNNNNeeeeeeeelllhhhh aaa  ssseeeeee   dddeeeeeeeee
/data3fast/users/mbermudez/de_03/TFGDataset/img/train_t2_0600.png|oonnn     aallssuuuua a tttt  d rrrre
/data3fast/users/mbermudez/de_03/TFGDataset/img/train_t2_0534.png|geettttt ss sssse  dssssdddssssttteeee   nan neeeee
/data3fast/users/mbermudez/de_03/TFGDataset/img/train_t2_0433_1.png|geeeeeeeeereddd    aa hhhienn     sssst   ndd
/data3fast/users/mbermudez/de_03/TFGDataset/img/train_t2_0272_1.png|mtt  llleee udddddr  hhahaaaadd    eeeeenn  ttttt
/data3fast/users/mbermudez/de_03/TFGDataset/img/train_t2_0335_1.png|dds     nnntttt  e errrrrr aaaunnnnnnncceeee
/data3fast/users/mbermudez/de_03/TFGDataset/img/train_t2_1078_2.png|eettttt
/data3fast/users/mbermudez/de_03/TFGDataset/img/train_t2_1441_1.png|bbel    ee   nneella   n   in dd aaallleeeeeeeeet
/data3fast/users/mbermudez/de_03/TFGDataset/img/train_t2_1338_0.png|ieeee sscheeeeeredddee iiinnnn  *****    llsss
/data3fast/users/mbermudez/de_03/TFGDataset/img/train_t2_0882_2.png|wwee     deeeeeeee   nnnnneeeeee   ssccccnnnnn
/data3fast/users/mbermudez/de_03/TFGDataset/img/train_t2_0871_1.png|geeeeeee     ddd  sa  dddddd d see aaa  deee laaa
/data3fast/users/mbermudez/de_03/TFGDataset/img/train_t2_0652.png|geeaaaaaeeaaaaa  dd   ssch  aaa dddd   *i.......
/data3fast/users/mbermudez/de_03/TFGDataset/img/train_t2_1369.png|beeeeeeett    d   ccch  dd e     eennnnn
/data3fast/users/mbermudez/de_03/TFGDataset/img/train_t2_0431.png|bbeeeee tttttaaa ddeeeesccchnnnd  elleeNNNN
/data3fast/users/mbermudez/de_03/TFGDataset/img/train_t2_0754_0.png|un  ssssseeeeeeescc    seeee nn    hhhhheeeeeeeettt
/data3fast/users/mbermudez/de_03/TFGDataset/img/train_t2_0749_0.png|eeeiiii ichh eeeeee  uuf eeeeeeeeeelh  nn   eeeeeeeeee
/data3fast/users/mbermudez/de_03/TFGDataset/img/train_t2_1430_2.png|dee   ua geeetaaaaa sseee        ellh
/data3fast/users/mbermudez/de_03/TFGDataset/img/train_t2_1420_2.png|ttt    eeee schhiii iiiiichlaassss aa   nee nn  aeee
/data3fast/users/mbermudez/de_03/TFGDataset/img/train_t2_0138_0.png|ma     rrrrriihaaauuuu geetttteeeeegeeeeeee
/data3fast/users/mbermudez/de_03/TFGDataset/img/train_t2_1314_2.png|au    essseeellllllleennnicchh aaallllls   dde     tt
/data3fast/users/mbermudez/de_03/TFGDataset/img/train_t2_1088_0.png|unnneeeee  ssseeggeeeeee    cch  s  e  ss    ahh
/data3fast/users/mbermudez/de_03/TFGDataset/img/train_t2_0414_2.png|geee    aa     eeeeshhttee t   nnnnn  t  ss   ddeeeeee
/data3fast/users/mbermudez/de_03/TFGDataset/img/train_t2_0746_1.png|geeeeee   aasleeeeerrr aaa ihcchcssssshh  ddrr
/data3fast/users/mbermudez/de_03/TFGDataset/img/train_t2_1326_2.png|sseeN   nnnnnnn   nnnnn d   eeeeeeeetttt     rrrrrh
/data3fast/users/mbermudez/de_03/TFGDataset/img/train_t2_0244_2.png|bee  ddeeeeeeelleeeen   aa etteeeeeeeee
/data3fast/users/mbermudez/de_03/TFGDataset/img/train_t2_1214_0.png|au      alll     leee     ss ee aau dd  ssshhhe
/data3fast/users/mbermudez/de_03/TFGDataset/img/train_t2_0880.png|ollee    sssasssseeN nni      ...
/data3fast/users/mbermudez/de_03/TFGDataset/img/train_t2_0364_0.png|irrr   aallllaaa  aaaa   tttt    eeeellheennnneeeerr
/data3fast/users/mbermudez/de_03/TFGDataset/img/train_t2_1130_1.png|rrr   te    ssssss hnnnnnddeeeeegeenneeeeeeeeet
/data3fast/users/mbermudez/de_03/TFGDataset/img/train_t2_0547_1.png|iiihhssshshhheeeee eee    ed d   ccchhheeee nnnddee
/data3fast/users/mbermudez/de_03/TFGDataset/img/train_t2_0336_1.png|chee       tttte     aaa eeeeeee   ttttttttt
/data3fast/users/mbermudez/de_03/TFGDataset/img/train_t2_1315_0.png|beee eeeehhhhaaa dddeeeeeeeeeeee ssssseeee  nneee
/data3fast/users/mbermudez/de_03/TFGDataset/img/train_t2_0130.png|cheeeeeee  *  iiihhheeehtt aa dddeeessslhhhhneeee tt
/data3fast/users/mbermudez/de_03/TFGDataset/img/train_t2_1043.png|oneee    aa    de lleeeeee       ddssseeeee   unneeee
/data3fast/users/mbermudez/de_03/TFGDataset/img/train_t2_1462_1.png|annd rrhhhh    eeeeeeenndd  aa iieeennnnness
/data3fast/users/mbermudez/de_03/TFGDataset/img/train_t2_0621_1.png|sseeeeNNNNNNN nnne     ncccccciii    aahhhee
/data3fast/users/mbermudez/de_03/TFGDataset/img/train_t2_1138_2.png|aaeee     ddnnnee sssseeelllee    eeesseeee  dd
/data3fast/users/mbermudez/de_03/TFGDataset/img/train_t2_0478_0.png|geehhheeeeeee aa   eeeelllhhh t   eeeeeiceeeN sssss
/data3fast/users/mbermudez/de_03/TFGDataset/img/train_t2_0002_2.png|mii  eeellllee d  aaaauussssttiiiiddd
/data3fast/users/mbermudez/de_03/TFGDataset/img/train_t2_0047.png|wii ndeeeeeinnn ette uuuuunneeeeeeessst
/data3fast/users/mbermudez/de_03/TFGDataset/img/train_t2_1400_2.png|bee      
/data3fast/users/mbermudez/de_03/TFGDataset/img/train_t2_0042_1.png|de      ee   ss tttt    ssseeeeeeeeeeett essse dde
/data3fast/users/mbermudez/de_03/TFGDataset/img/train_t2_1406_2.png|de sscaaa       eeeeeeeell     sssccch   ddddeeeeeeee
/data3fast/users/mbermudez/de_03/TFGDataset/img/train_t2_0583.png|aagu    uuundddnnn alle  ccchscseeeeelllleeeeellll
/data3fast/users/mbermudez/de_03/TFGDataset/img/train_t2_0944_0.png|llllllllllaa uunnnn       neeeeessss   d     eeeee
/data3fast/users/mbermudez/de_03/TFGDataset/img/train_t2_0588.png|dee  eeeeeggaeeesssttt  dnnnee  ssssseeee
/data3fast/users/mbermudez/de_03/TFGDataset/img/train_t2_1306_1.png|dee  ***nnnnneeeeeessschttteeeeeeeleeeettt   rre
/data3fast/users/mbermudez/de_03/TFGDataset/img/train_t2_0185_0.png|anneeeccchhnndddddddd   alllahhhnnnnndddd  s
/data3fast/users/mbermudez/de_03/TFGDataset/img/train_t2_1339_1.png|ttt     ddaaaaaahhsst  a    eeccchh ee  nnuuu
/data3fast/users/mbermudez/de_03/TFGDataset/img/train_t2_0131_2.png|oon    atltteeddeeeee   .......
/data3fast/users/mbermudez/de_03/TFGDataset/img/train_t2_0604_2.png|schhheeN     riicc ..
/data3fast/users/mbermudez/de_03/TFGDataset/img/train_t2_0658.png|mit   dddddnn eeeeeeeeeee     rllllllhheeeeee
/data3fast/users/mbermudez/de_03/TFGDataset/img/train_t2_1487_0.png|ine   s   eeeer aallllee  a ssschheeee    aaaa
/data3fast/users/mbermudez/de_03/TFGDataset/img/train_t2_1066_2.png|weennnnddeeeerriiittttee     llll sss     cchh
/data3fast/users/mbermudez/de_03/TFGDataset/img/train_t2_0877_1.png|lleNNNnnnnneee        eerlllheee uuuuaahhnnnn
/data3fast/users/mbermudez/de_03/TFGDataset/img/train_t2_0795_2.png|errnnnnnnnnnd  eeeehhhaa seeeee   * ..   d aaaeee
/data3fast/users/mbermudez/de_03/TFGDataset/img/train_t2_1324_0.png|chhs sss  ddeee          nd aalllhhheennnna dddddrr
/data3fast/users/mbermudez/de_03/TFGDataset/img/train_t2_1079_1.png|chhhe   ssllleeetttt   ssett  nn tteee
/data3fast/users/mbermudez/de_03/TFGDataset/img/train_t2_0383.png|iirrr cchssseseeesccheeddd  ddddd  an llllllleeeennne
/data3fast/users/mbermudez/de_03/TFGDataset/img/train_t2_1401_0.png|indd  ssshhccctsee  aa  eeeeerrr  annnttt 
/data3fast/users/mbermudez/de_03/TFGDataset/img/train_t2_1322_2.png|tteeeeeelleeeer rdd  sssecchh   nndd sss dddd
/data3fast/users/mbermudez/de_03/TFGDataset/img/train_t2_0843_1.png|geee       ehhhhhhhhtt   eeeee  aaatttneeeeee
/data3fast/users/mbermudez/de_03/TFGDataset/img/train_t2_1351.png|nnneichheeeeeee   sellle    
/data3fast/users/mbermudez/de_03/TFGDataset/img/train_t2_1385_1.png|ttttttttteeeeNNn eeeeee         ee  acchhhh  eeeetiihhh
/data3fast/users/mbermudez/de_03/TFGDataset/img/train_t2_0273_0.png|ee n   nd   ddeeeeeeetttt    uaaa  e      eeeeeeee
/data3fast/users/mbermudez/de_03/TFGDataset/img/train_t2_0865.png|beeeeeeleleNNN
/data3fast/users/mbermudez/de_03/TFGDataset/img/train_t2_1405_1.png|tt  eeee  aaaalu    s    eee     llleee
/data3fast/users/mbermudez/de_03/TFGDataset/img/train_t2_1268_2.png|wwrr   aaa nneee  an   aa sseeeeee    uuun
/data3fast/users/mbermudez/de_03/TFGDataset/img/train_t2_0571_2.png|bbeeeeee  aaasseeeii nneeeeee   alllleennne
/data3fast/users/mbermudez/de_03/TFGDataset/img/train_t2_1299_0.png|mit   eeereehhhh nnddd  ccchhnnnna  sseeess iiihhhh
/data3fast/users/mbermudez/de_03/TFGDataset/img/train_t2_0239_1.png|"u  lllsssseeeee     ...
/data3fast/users/mbermudez/de_03/TFGDataset/img/train_t2_1087_0.png|eesssss     eee   nniiie      d  aaaaaaas ddd
/data3fast/users/mbermudez/de_03/TFGDataset/img/train_t2_0834_1.png|iireeeeeeeeeeettttt  sssllchhhheeeennee   sss
/data3fast/users/mbermudez/de_03/TFGDataset/img/train_t2_0596_0.png|ttteeggggeeeee      asscccchhheennnn   sssssss
/data3fast/users/mbermudez/de_03/TFGDataset/img/train_t2_0445_0.png|un  eeesssss     nnnnnnn  ttt lllleeeeeihttaa
/data3fast/users/mbermudez/de_03/TFGDataset/img/train_t2_0531_1.png|dieee  eee  sssssshh     nnnnnnnn  nnnaaheeeeee
/data3fast/users/mbermudez/de_03/TFGDataset/img/train_t2_0885_0.png|nndddreeeeeethh nnddddeerr riiielllllhht    d
/data3fast/users/mbermudez/de_03/TFGDataset/img/train_t2_1149.png|unddrrrrrreeeeeeee   aaalssssh  ndddessssleeeee
/data3fast/users/mbermudez/de_03/TFGDataset/img/train_t2_1019_0.png|geeeie      eitttttttt  ddeeeelleeeNNN
/data3fast/users/mbermudez/de_03/TFGDataset/img/train_t2_1150_1.png|nennnn  nne       aeeeelettt uddeeeee   aaad
/data3fast/users/mbermudez/de_03/TFGDataset/img/train_t2_0550_0.png|eeeNeeeeeee   ndd    ndeeeeee   llleeeerrttttttt
/data3fast/users/mbermudez/de_03/TFGDataset/img/train_t2_0126_1.png|"eeeeeettte   nnd   ccccccheNNN *   uaaaass
/data3fast/users/mbermudez/de_03/TFGDataset/img/train_t2_0253_0.png|ffnneeeeeee    sssss eeerrreeiiiinndeeeeeede
/data3fast/users/mbermudez/de_03/TFGDataset/img/train_t2_0601_2.png|bbellllaaallllggnnnddeeeee  lllhhtttssatattt
/data3fast/users/mbermudez/de_03/TFGDataset/img/train_t2_0088.png|ett   ndn e  mtheeeeeennee iirrrrrrreiiiiiddddr
/data3fast/users/mbermudez/de_03/TFGDataset/img/train_t2_0117_1.png|ggeeeeeeeeee  na  ieeee  sssatt ee   a    iii
/data3fast/users/mbermudez/de_03/TFGDataset/img/train_t2_0344_1.png|nnnge  aaa ddsssshte    uunn nnn eellhhe ddddd
/data3fast/users/mbermudez/de_03/TFGDataset/img/train_t2_1121_2.png|wwlee ssssl  nnnnniieeeereeeeeeeeennnnnnnnneneessss
/data3fast/users/mbermudez/de_03/TFGDataset/img/train_t2_0156_2.png|dee llhhneeeeeeeee d  nnnccccnnd   ssssseeeeetttt
/data3fast/users/mbermudez/de_03/TFGDataset/img/train_t2_1421.png|sssshhhhhtt    .
/data3fast/users/mbermudez/de_03/TFGDataset/img/train_t2_1077_2.png|see ddeeeetttchhheeee   aa llee rr aaasshlh
/data3fast/users/mbermudez/de_03/TFGDataset/img/train_t2_0987_2.png|# d
/data3fast/users/mbermudez/de_03/TFGDataset/img/train_t2_0834_2.png|iireeeeeeeeeettttt    sllllchhhieeenn    sss
/data3fast/users/mbermudez/de_03/TFGDataset/img/train_t2_0915_2.png|ffll  eeeeeeeeeee sssseeee nnnnnee   ssss   nneeee
/data3fast/users/mbermudez/de_03/TFGDataset/img/train_t2_1450_2.png|aaah     eeeeeee tt na  eelleeeeeeeeelchhh  aaaaa
/data3fast/users/mbermudez/de_03/TFGDataset/img/train_t2_0532_0.png|mttteeeeeeeeeeeeeennnn alll  nn     sss e nnnneeee
/data3fast/users/mbermudez/de_03/TFGDataset/img/train_t2_1374_1.png|ooee    aaaachinnneeei tt aaaaaaee
/data3fast/users/mbermudez/de_03/TFGDataset/img/train_t2_0761_1.png|geennnnnne r   ....
/data3fast/users/mbermudez/de_03/TFGDataset/img/train_t2_0334_1.png|iiireeeegeeeee    a hh rrttttt hcllllleee  assss
/data3fast/users/mbermudez/de_03/TFGDataset/img/train_t2_0394_0.png|undddeeettttteeeeenneeeeedrr llhnne    ddd
/data3fast/users/mbermudez/de_03/TFGDataset/img/train_t2_0381_1.png|deeeeeer h eeee   ccaa   eeeeeeeee   ccchsssscchhhhh
/data3fast/users/mbermudez/de_03/TFGDataset/img/train_t2_0496_2.png|mitteeeeennnddddddeeeeeeheeN sssssaa lllll nnd
/data3fast/users/mbermudez/de_03/TFGDataset/img/train_t2_0894.png|undessssshhh sseeeeeeee nnn aeeeeeeeer    dd      nd
/data3fast/users/mbermudez/de_03/TFGDataset/img/train_t2_1164_2.png|erraaaauuunn eees eeeeeee  eeeeee  ssssslleeee
/data3fast/users/mbermudez/de_03/TFGDataset/img/train_t2_1193.png|wiiennnnnnnneessssst      chheeeeeeN ssss   unn dd
/data3fast/users/mbermudez/de_03/TFGDataset/img/train_t2_0451_0.png|geettteiineeeeeeeicch nndee aaaal eeee     
/data3fast/users/mbermudez/de_03/TFGDataset/img/train_t2_0143_0.png|"u  ellllNNN
/data3fast/users/mbermudez/de_03/TFGDataset/img/train_t2_0372_2.png|der chhieeeeer  ssssee   ddaaaallleeeeeeeee
/data3fast/users/mbermudez/de_03/TFGDataset/img/train_t2_0024_0.png|bbeeeeeeesssttt    eeell    eeeee d  ssaaa nddeee
/data3fast/users/mbermudez/de_03/TFGDataset/img/train_t2_0360_1.png|aalssaaaaaauusssllhh  a sseeeeehhhe     aaa  nhhhh
/data3fast/users/mbermudez/de_03/TFGDataset/img/train_t2_0826_0.png|iir   a sssshhiii  ***.* *              eeeeeeeeee dnnnnnn
/data3fast/users/mbermudez/de_03/TFGDataset/img/train_t2_0739_1.png|tee   e  ssccccchheeNe**eeeeeeeett    dd  eheee
/data3fast/users/mbermudez/de_03/TFGDataset/img/train_t2_0183_0.png|nnn eeeeeee r rrddee   a seeeeeeddeeeiihchhh
/data3fast/users/mbermudez/de_03/TFGDataset/img/train_t2_0943_0.png|tee  aaadeeeennnddrricheeeegllllee  r
/data3fast/users/mbermudez/de_03/TFGDataset/img/train_t2_1494_0.png|eess    eeeeeesssss          lllllleee  rrreeeeee
/data3fast/users/mbermudez/de_03/TFGDataset/img/train_t2_0951_2.png|ooeeeeeellcchh e    reeeeeeee    e  ttsschhh nnnn
/data3fast/users/mbermudez/de_03/TFGDataset/img/train_t2_1363.png|rr    ree hh     sselleeesleeeeeeeeeetttt  dd aa
/data3fast/users/mbermudez/de_03/TFGDataset/img/train_t2_0737_2.png|des    ndd  inncccchhleeeeeeeeea tt
/data3fast/users/mbermudez/de_03/TFGDataset/img/train_t2_0937.png|beeed rsssrrrdddaaaannneeeeeeeeet nnnaaa
/data3fast/users/mbermudez/de_03/TFGDataset/img/train_t2_1217_1.png|lllle      sssssh eeee   a  ti neeeeeeeeet unnnn
/data3fast/users/mbermudez/de_03/TFGDataset/img/train_t2_1294_0.png|anneeeeee   sssi  eeeeeeeeeeee    csss     ee eahhh
/data3fast/users/mbermudez/de_03/TFGDataset/img/train_t2_1216_0.png|*eeeeeee rrrreeeeegg  ssuuuuddddeeee   auusss
/data3fast/users/mbermudez/de_03/TFGDataset/img/train_t2_0568_2.png|cheeeeee    saaaau eeeetttinnceeeee eeeettt
/data3fast/users/mbermudez/de_03/TFGDataset/img/train_t2_0589_2.png|mit  eeeeeeeessssssseeeeeeeeeeee  cchheeeee   tttt
/data3fast/users/mbermudez/de_03/TFGDataset/img/train_t2_1032.png|eeee  e    ncccccccchhh dddddeessssssee    eeeee
/data3fast/users/mbermudez/de_03/TFGDataset/img/train_t2_0603.png|nnn  lllh  e r ddddeeeeeeeeeeeeeeeee   u   n   tttttt
/data3fast/users/mbermudez/de_03/TFGDataset/img/train_t2_0093_0.png|di    anaaadddeeeeeelllla geeee  aaastttttt
/data3fast/users/mbermudez/de_03/TFGDataset/img/train_t2_0407_2.png|uu  eeeeeeereggeeee   d  ssss   deeessscchhhh
/data3fast/users/mbermudez/de_03/TFGDataset/img/train_t2_0562_2.png|nnnneeee*****
/data3fast/users/mbermudez/de_03/TFGDataset/img/train_t2_0935_0.png|ettt  eeeeehhttt auu eeeessscc hch   eeeeee
/data3fast/users/mbermudez/de_03/TFGDataset/img/train_t2_0337.png|beeeeeeeeee nn aaleeeeeettcchh  ddeeeeeeeeeee
/data3fast/users/mbermudez/de_03/TFGDataset/img/train_t2_0312_1.png|ee  nndddddeeellhheeeeeett  e    chh eeeeennnnngg
/data3fast/users/mbermudez/de_03/TFGDataset/img/train_t2_0259_1.png|de    dd            rreerrrrreee              sssee
/data3fast/users/mbermudez/de_03/TFGDataset/img/train_t2_1040.png|iii lllaa        chhhll dd       sssseeeeeettt
/data3fast/users/mbermudez/de_03/TFGDataset/img/train_t2_0177_0.png|dee llllleeNN uuu eeeesscch  dd sse r  aaaaa h
/data3fast/users/mbermudez/de_03/TFGDataset/img/train_t2_1388_1.png|belllhhttt sssseee      nn d  eee  uuaau ddeee
/data3fast/users/mbermudez/de_03/TFGDataset/img/train_t2_1143_0.png|eees   aaalleeeeed      * *   aaattt   n ttthts
/data3fast/users/mbermudez/de_03/TFGDataset/img/train_t2_0551.png|llleee    tseeeeeeeeeee taaa  sssschaa  dnnnee
/data3fast/users/mbermudez/de_03/TFGDataset/img/train_t2_0068_2.png|ttttccchhheeeeee   aa ddd   ahh deeeeennnnaaaalllll
/data3fast/users/mbermudez/de_03/TFGDataset/img/train_t2_0723_0.png|geeee     nn  lhhhieee  nnnnandddeetteeeee
/data3fast/users/mbermudez/de_03/TFGDataset/img/train_t2_1169.png|derreeeteeee   tttt aannddesseeeenn aaalssuuune
/data3fast/users/mbermudez/de_03/TFGDataset/img/train_t2_0967_2.png|eee   ageett aa  eeeeeeeee nn       a
/data3fast/users/mbermudez/de_03/TFGDataset/img/train_t2_0897.png|geeenelleennnniiieeeeenn eee  s*   d  allle
/data3fast/users/mbermudez/de_03/TFGDataset/img/train_t2_0575_2.png|"u   ehhhhh  d  aaaheeedddeeeelllleeeeeeeeiiit
/data3fast/users/mbermudez/de_03/TFGDataset/img/train_t2_0547_2.png|iiihhcsssccchhheee*** sse  dddd  cchhhiiee  nnn ddee
/data3fast/users/mbermudez/de_03/TFGDataset/img/train_t2_0388.png|aarr  eeeee tt...tttttttt  uu   ccheeeNeennnnnn i    
/data3fast/users/mbermudez/de_03/TFGDataset/img/train_t2_1148_0.png|te  ddrrreeeeeee    ssslllll aad  eeere
/data3fast/users/mbermudez/de_03/TFGDataset/img/train_t2_0641_0.png|aannnnnnneeeeeeeneeee ssssheeeeeee    ddeeeaaaan
/data3fast/users/mbermudez/de_03/TFGDataset/img/train_t2_1051_2.png|nneeeeeeeeennnndd  ssleeeeeeett  a   reeeee  aaa
/data3fast/users/mbermudez/de_03/TFGDataset/img/train_t2_1329.png|ssschtttthhttt ****.    eeeegge     s  nnnnddsssssNN
/data3fast/users/mbermudez/de_03/TFGDataset/img/train_t2_0018_1.png|meeeeeeee nndd   reelleeeeeeeeee**     d  ssseeeNN
/data3fast/users/mbermudez/de_03/TFGDataset/img/train_t2_0066_1.png|ff eeee llllcchheeeeettt      allllss hheee
/data3fast/users/mbermudez/de_03/TFGDataset/img/train_t2_0338_0.png|eeeN ssssssssh   aaalllee unnn  tt       eeeeeeeeeee
/data3fast/users/mbermudez/de_03/TFGDataset/img/train_t2_1342.png|annneeeeeeeee  dddnnnnnee    cchheedd eeeeeee  uuu
/data3fast/users/mbermudez/de_03/TFGDataset/img/train_t2_0345_0.png|ihhhhhhh   ddrrrrhheeeee   nddde  chhheeeeeee ee
/data3fast/users/mbermudez/de_03/TFGDataset/img/train_t2_1340_0.png|eerettttttt 
/data3fast/users/mbermudez/de_03/TFGDataset/img/train_t2_0988_1.png|geesssssssNNN
/data3fast/users/mbermudez/de_03/TFGDataset/img/train_t2_0909_1.png|ttinnneeeiiiiii t    rrrrrrreeeeesseeee     hhhh
/data3fast/users/mbermudez/de_03/TFGDataset/img/train_t2_1493.png|geeh  NNN   .....
/data3fast/users/mbermudez/de_03/TFGDataset/img/train_t2_0946.png|un  eeeeeedde  aaaasse              aa eeeeeeettt
/data3fast/users/mbermudez/de_03/TFGDataset/img/train_t2_1390.png|nnn tte nnnnn ddddee ttchcchann        ssehheeee
/data3fast/users/mbermudez/de_03/TFGDataset/img/train_t2_1205_2.png|was  eeereleeee   eeee chhh     lleeee
/data3fast/users/mbermudez/de_03/TFGDataset/img/train_t2_1274_2.png|aas  eeee    ddeessss  uu eeeeeee lleeee
/data3fast/users/mbermudez/de_03/TFGDataset/img/train_t2_0511_2.png|ooeeeeehe ttnneeeee  n    ihhh  aa  eeeeee  ndd
/data3fast/users/mbermudez/de_03/TFGDataset/img/train_t2_0523.png|eetttt   chhieeeellee  dnn achhheeeeeesasseeee
/data3fast/users/mbermudez/de_03/TFGDataset/img/train_t2_0276.png|"s       nnddd nnnee   ellcchhtt    cccc
/data3fast/users/mbermudez/de_03/TFGDataset/img/train_t2_0027_0.png|erraannnnnniee  aauu tttteee  aaasss
/data3fast/users/mbermudez/de_03/TFGDataset/img/train_t2_1421_1.png|ssssttthttttaaa
/data3fast/users/mbermudez/de_03/TFGDataset/img/train_t2_0333.png|oosesseeeeehhheee nn   eeeeeen   scchheeessllee uun
/data3fast/users/mbermudez/de_03/TFGDataset/img/train_t2_1271_0.png|mmhauuu   eeeeeeelleeNNNNN  d  a as  ddd  eee   deeee
/data3fast/users/mbermudez/de_03/TFGDataset/img/train_t2_1017_0.png|# de
/data3fast/users/mbermudez/de_03/TFGDataset/img/train_t2_0214_2.png|agggeee   ee     ddeeeee  rrreeee     eeeeesss   dee
/data3fast/users/mbermudez/de_03/TFGDataset/img/train_t2_1077_0.png|see  ddeeeiiihchheeee      reaeerrrrr  reele
/data3fast/users/mbermudez/de_03/TFGDataset/img/train_t2_1163_2.png|weeeeesssss   d  aaa  eeeet nnnnneeeeeee
/data3fast/users/mbermudez/de_03/TFGDataset/img/train_t2_1334_2.png|osdddeeeeennneieehe  nndd  tttt    aaeeeeeee
/data3fast/users/mbermudez/de_03/TFGDataset/img/train_t2_0395_1.png|da     hh  nnndeeeiiii tttieeggglee ssssaaaaddd
/data3fast/users/mbermudez/de_03/TFGDataset/img/train_t2_0443_2.png|der  rrrraa seeeeettiinnnneeeeeessssssttttt
/data3fast/users/mbermudez/de_03/TFGDataset/img/train_t2_1344_1.png|dd        dd   eee     cchh  aaaaaadddsssaaude
/data3fast/users/mbermudez/de_03/TFGDataset/img/train_t2_0508_1.png|"n  eeeee   asshhhhaaasseeellleeeeeeeeet
/data3fast/users/mbermudez/de_03/TFGDataset/img/train_t2_1000_1.png|lletee e  nninnnnnggeee        eeeeeeeeeeeeeeeeeeee
/data3fast/users/mbermudez/de_03/TFGDataset/img/train_t2_0747.png|erraaalaauuddd   ttieeeeeeeeeeeeeeNe** nnnnccchh
/data3fast/users/mbermudez/de_03/TFGDataset/img/train_t2_0470_1.png|wweeettttttt
/data3fast/users/mbermudez/de_03/TFGDataset/img/train_t2_1168_1.png|ohh     sssss nnnndeesssscccschheeeeeeeee    s     deeehhh
/data3fast/users/mbermudez/de_03/TFGDataset/img/train_t2_0917_0.png|#
/data3fast/users/mbermudez/de_03/TFGDataset/img/train_t2_0178_0.png|mihh     drrrrrreeeeeeeeeee  a aaa   d rrrrrrr
/data3fast/users/mbermudez/de_03/TFGDataset/img/train_t2_0423_2.png|winn aaallllh  n      eeeeeeeeeennn esslll
/data3fast/users/mbermudez/de_03/TFGDataset/img/train_t2_0856_1.png|irrraaaaeeeeee  unn  eeeeeeeee essseeeeeeeeeeeNNNNN
/data3fast/users/mbermudez/de_03/TFGDataset/img/train_t2_0114_2.png|die echssssssauuudddeeeennn  llllhhh dd     aall
/data3fast/users/mbermudez/de_03/TFGDataset/img/train_t2_0421_0.png|geeeeeeeet     aahhhh  ntttttttt    eeeleeerdd
/data3fast/users/mbermudez/de_03/TFGDataset/img/train_t2_1055_1.png|ieeeeee aaaaa   tttt a   eeeetsssssss
/data3fast/users/mbermudez/de_03/TFGDataset/img/train_t2_0385_2.png|wii   aaasss  nnn elllheee  nndd eeeeeee  ***** .  
/data3fast/users/mbermudez/de_03/TFGDataset/img/train_t2_1147.png|aaa   aaaaa  eeeeeee*   dd  aaa errrrrrr arrdr
/data3fast/users/mbermudez/de_03/TFGDataset/img/train_t2_1035_1.png|ollhh aaaa hhh nnnnddddrreeeeeeeeeeeeeeeett nnnnnnnn
/data3fast/users/mbermudez/de_03/TFGDataset/img/train_t2_1145.png|fffeeeeeeeee    ddddd sssseeeee   achaaa  eeeeeee
/data3fast/users/mbermudez/de_03/TFGDataset/img/train_t2_1157_0.png|dettt    nnnuugee    hhnnneeeeeeeccch  eeeeeeeeeeeeeeee
/data3fast/users/mbermudez/de_03/TFGDataset/img/train_t2_0438.png|fflee      eeeeeee  ggge  unnn   ttteee
/data3fast/users/mbermudez/de_03/TFGDataset/img/train_t2_1273_0.png|rree    ddaaa  a  eet  nndneeeeenn   eeeeeeett
/data3fast/users/mbermudez/de_03/TFGDataset/img/train_t2_1321_0.png|seeeetttt eeeeeeeeeellheeee    l  aaa         ..
/data3fast/users/mbermudez/de_03/TFGDataset/img/train_t2_0425_1.png|tt     scclhheeeee tttt nnneeeellssssheeeeeeeet
/data3fast/users/mbermudez/de_03/TFGDataset/img/train_t2_0406_0.png|iii    n aaaheeeett  ddd   sllhhh d iinnn
/data3fast/users/mbermudez/de_03/TFGDataset/img/train_t2_1100.png|aaaaa   eeeeeeee llllseeee  ee   aaaa   ddeeeeett
/data3fast/users/mbermudez/de_03/TFGDataset/img/train_t2_1151_2.png|eee 
/data3fast/users/mbermudez/de_03/TFGDataset/img/train_t2_1390_1.png|nnnt    nnnnnn  ddeeeettthh  n ees   aa  eeeheeee
/data3fast/users/mbermudez/de_03/TFGDataset/img/train_t2_0609_0.png|errrllttt  dddeeeessseeeeeetttnnn  ssssssss
/data3fast/users/mbermudez/de_03/TFGDataset/img/train_t2_0876_0.png|meeeeee neeeelllnnn  ccch   dd e slllleeeeett
/data3fast/users/mbermudez/de_03/TFGDataset/img/train_t2_0939_1.png|iii eeeerehhheenn aaaassh nneee   ddeeeeaaa
/data3fast/users/mbermudez/de_03/TFGDataset/img/train_t2_0930_2.png|sshheeeee       *  *  nccchn eee  aagggeeeeeeeeessss
/data3fast/users/mbermudez/de_03/TFGDataset/img/train_t2_0478.png|geeeeeeeeennn a      elllehi    d  eeeiccnn  Nssss
/data3fast/users/mbermudez/de_03/TFGDataset/img/train_t2_0799_0.png|eeeeeeeeeeeeeeeennn aaaaahheeeeeeeinnnnneeeeeeett
/data3fast/users/mbermudez/de_03/TFGDataset/img/train_t2_0914_1.png|aasss   dddeeeeeertt   eeeeeeee  deer eeeedrrrrrr
/data3fast/users/mbermudez/de_03/TFGDataset/img/train_t2_0843_0.png|geee  d   rre haaaah    eeeee   ahttunnt  dee
/data3fast/users/mbermudez/de_03/TFGDataset/img/train_t2_0695.png|nnsssssss   ihheeelaahhteeeeee     e      chh u
/data3fast/users/mbermudez/de_03/TFGDataset/img/train_t2_0459_0.png|see    duaaauunnnnnnitiieeeeeeeeeeee aaannnneeee
/data3fast/users/mbermudez/de_03/TFGDataset/img/train_t2_1283.png|ooo  ttttteeee   aa eeeeeeennnnnnnn aaa eettt
/data3fast/users/mbermudez/de_03/TFGDataset/img/train_t2_0164_1.png|weeeee  aaacchc  .
/data3fast/users/mbermudez/de_03/TFGDataset/img/train_t2_0199_2.png|wwleederlleeeeeeeddddddeeeesssseeettthhhh
/data3fast/users/mbermudez/de_03/TFGDataset/img/train_t2_1139.png|te  aaaa ddd  aahhhhheeeeee iiiieeeeeee ee
/data3fast/users/mbermudez/de_03/TFGDataset/img/train_t2_1323_0.png|beeeeeeeeeehhhcchhheeellleeee   ee  ndddesss ee neeee
/data3fast/users/mbermudez/de_03/TFGDataset/img/train_t2_1331_2.png|mit  sssssss hhhnnnndeeeeee     ssseessschh  au  nnn aa
/data3fast/users/mbermudez/de_03/TFGDataset/img/train_t2_0243_0.png|aachheeeeee  uua hheeee llhhtt eeeeeee   uu eeees
/data3fast/users/mbermudez/de_03/TFGDataset/img/train_t2_0060_2.png|ee    ddd eeesssssschheeeeehhh     rrr    aauu
/data3fast/users/mbermudez/de_03/TFGDataset/img/train_t2_1174_1.png|iir  aaa eeetiii n aa eeellll ddddrreieeeeeeeee**e
/data3fast/users/mbermudez/de_03/TFGDataset/img/train_t2_0904.png|eer llllllleeeeegeellle  nn        n  eeeee
/data3fast/users/mbermudez/de_03/TFGDataset/img/train_t2_1179_2.png|da    eeeeihhhh    aad  eeeeee **        dd s  hhhh
/data3fast/users/mbermudez/de_03/TFGDataset/img/train_t2_0116_0.png|"   eeeelhhtttteee   dd ssslla ddeeeeeeehhheeeee
/data3fast/users/mbermudez/de_03/TFGDataset/img/train_t2_0070_2.png|deesttcchhnnnch  ttat    ss eeeeeiihin  e
/data3fast/users/mbermudez/de_03/TFGDataset/img/train_t2_0362_1.png|aaunneeeee  eeeeeee n d   allleeeleeeeet      
/data3fast/users/mbermudez/de_03/TFGDataset/img/train_t2_1372.png|eeeteeeeee iihnnnneeeeeschheee     dd   aall eee
/data3fast/users/mbermudez/de_03/TFGDataset/img/train_t2_1474_1.png|auu  ee  sttaausssseeeee      nn  ttsss aauuua
/data3fast/users/mbermudez/de_03/TFGDataset/img/train_t2_1337_1.png|"u   eeeefffsssss eed  reeeeeee   ccieeeeN
/data3fast/users/mbermudez/de_03/TFGDataset/img/train_t2_0898_0.png|creeeggeeeett   eeeiieeeeee eeee nnddddeeeee
/data3fast/users/mbermudez/de_03/TFGDataset/img/train_t2_0437_2.png|wiieee n aaahhssslllleee  d   aann  iiiihhhh
/data3fast/users/mbermudez/de_03/TFGDataset/img/train_t2_0750_0.png|creesss  ddd      .  tss    eeeee      saaaal  dddr
/data3fast/users/mbermudez/de_03/TFGDataset/img/train_t2_1019_1.png|geeee  nn  ettthcttt   ddeeeeeellleNN
/data3fast/users/mbermudez/de_03/TFGDataset/img/train_t2_1471_1.png|ttttt aaah   ndnde   ccchllleedd  ssse nnnnn eeee  nn 
/data3fast/users/mbermudez/de_03/TFGDataset/img/train_t2_0661_0.png|inn eettttt  gg asssss  e   e   
/data3fast/users/mbermudez/de_03/TFGDataset/img/train_t2_0955_1.png|wlle      . .....   s eeee    *    eeeee  nnnneee     
/data3fast/users/mbermudez/de_03/TFGDataset/img/train_t2_0123_2.png|udd   schhheeeeeeerr aas  aaa deeeeeen
/data3fast/users/mbermudez/de_03/TFGDataset/img/train_t2_1238_2.png|dnn   hheeeeeederriiieeeeee e       asllllseeeNeeeeeNN
/data3fast/users/mbermudez/de_03/TFGDataset/img/train_t2_0090_2.png|deeeelleeeeedneennieiirrrr aaahhhide
/data3fast/users/mbermudez/de_03/TFGDataset/img/train_t2_1402_1.png|ooo  ddaaaa    niicchhhssst       llleeeettttee
/data3fast/users/mbermudez/de_03/TFGDataset/img/train_t2_1347_1.png|achhhh   aaa  ss  u ddeeeeeeeee     uuuuugeeeeeret
/data3fast/users/mbermudez/de_03/TFGDataset/img/train_t2_1286_0.png|auu  ee sstttt  nndee  iihhessshhh ddeereee
/data3fast/users/mbermudez/de_03/TFGDataset/img/train_t2_0110_2.png|ooossssllleehhhhhhheeeiinndd aaaleehhieeeeeseeee
/data3fast/users/mbermudez/de_03/TFGDataset/img/train_t2_0862_2.png|wsssseeettt  n  aaallleeeeeheeeeeeee     ee
/data3fast/users/mbermudez/de_03/TFGDataset/img/train_t2_0870_2.png|asss   deeeeeeethhh nn aaaud  aaaa eeeeeeeNNN
/data3fast/users/mbermudez/de_03/TFGDataset/img/train_t2_0822_0.png|unnn ee  aaaaunnnggggnnngeennnnnnhhhhl
/data3fast/users/mbermudez/de_03/TFGDataset/img/train_t2_1069_1.png|eeeddddrrrrrr  ssssssessstttteennn eessstt   .t
/data3fast/users/mbermudez/de_03/TFGDataset/img/train_t2_1464_0.png|eeee  ssse   nnnnnn    ddeeeeeeede llleeei  nn
/data3fast/users/mbermudez/de_03/TFGDataset/img/train_t2_1371_0.png|dasssecheeet      rrhaa  dassdde       ssseeee    nnnn
/data3fast/users/mbermudez/de_03/TFGDataset/img/train_t2_1302_2.png|geeeN  nn    chh eeggeeeee  n   eee  aaa seeeee
/data3fast/users/mbermudez/de_03/TFGDataset/img/train_t2_0655_0.png|weesse  sallhhhete  nn   eeeees  aaaassss
/data3fast/users/mbermudez/de_03/TFGDataset/img/train_t2_0715_2.png|mtt  aaaa nnnnneeeeeerreeee nnn   riiehhnn
/data3fast/users/mbermudez/de_03/TFGDataset/img/train_t2_1462_0.png|aanreeicchh   deeeccheen d     iieeeennn sss
/data3fast/users/mbermudez/de_03/TFGDataset/img/train_t2_1381_0.png|ttt***....tttcctt     tttttt   llle   aa eeeeeeeeeeeee
/data3fast/users/mbermudez/de_03/TFGDataset/img/train_t2_1068_2.png|geelhhtee  aaa  deerraaaa eeeeecchte     ddeee
/data3fast/users/mbermudez/de_03/TFGDataset/img/train_t2_0740_0.png|dee    ******      ssccsscsheee e e**    sshcc   ssssseeee dde
/data3fast/users/mbermudez/de_03/TFGDataset/img/train_t2_0091.png|undd aaaaaaufggeeeee    assss  eeeeennn
/data3fast/users/mbermudez/de_03/TFGDataset/img/train_t2_0774_1.png|daeeeeeeeNNfuffeeeeeecche   dd eeeeeeeeeeeeeee
/data3fast/users/mbermudez/de_03/TFGDataset/img/train_t2_1404_0.png|sshll eee  nnggN   d seeeh    e  nn  ii   eiiihhhee
/data3fast/users/mbermudez/de_03/TFGDataset/img/train_t2_0485.png|bbeee ettttt    elleeeeeeeelleerrrrreeedde
/data3fast/users/mbermudez/de_03/TFGDataset/img/train_t2_0492.png|vrrreeeeiiinnn chchhhha  seeeeeinnneeeetteeeene
/data3fast/users/mbermudez/de_03/TFGDataset/img/train_t2_0095_2.png|undddeeeeeeeee aas tttt     ttt eeeee  sssssss
/data3fast/users/mbermudez/de_03/TFGDataset/img/train_t2_0325_0.png|aas  dd e nnneeeeNNsss ccciindddeeeeelhhh
/data3fast/users/mbermudez/de_03/TFGDataset/img/train_t2_0955.png|wlll     .....     ss  ee   *     eeeeeee  unnee     .
/data3fast/users/mbermudez/de_03/TFGDataset/img/train_t2_0947_0.png|aahhhhhhhh nnddd  aau  eeee scc    d  aathth
/data3fast/users/mbermudez/de_03/TFGDataset/img/train_t2_0062.png|tttt  nneeeeeeee lll  edddrrrieeeeeeeee** e   gggglll
/data3fast/users/mbermudez/de_03/TFGDataset/img/train_t2_0369_0.png|vieeehhhhhhaa  ddessleeeNN nneeeiieeeeettt aaauu
/data3fast/users/mbermudez/de_03/TFGDataset/img/train_t2_1452_0.png|ssseeeeeeaaa eredreeiit    ssseeeee aaahhhhhheeee
/data3fast/users/mbermudez/de_03/TFGDataset/img/train_t2_0501_1.png|geeehheessssssss  nnd eeiiehhe ddeeeeeleeNnnnee
/data3fast/users/mbermudez/de_03/TFGDataset/img/train_t2_0976.png|ssss  aaaaaasssllllee   nnniii t  eeesssseee  nn
/data3fast/users/mbermudez/de_03/TFGDataset/img/train_t2_0511.png|oooeeeeettteeennn aa  sss ttt  aa   eeeeeih  dd
/data3fast/users/mbermudez/de_03/TFGDataset/img/train_t2_1214_2.png|auu dderrlhh   a eeee     seeee aauudde shhhh
/data3fast/users/mbermudez/de_03/TFGDataset/img/train_t2_1256_2.png|neee  ********           lleeee nndn eeennnnnnneee
/data3fast/users/mbermudez/de_03/TFGDataset/img/train_t2_0705.png|lleeeNNeeee   iitttt a   s  tt aauuu
/data3fast/users/mbermudez/de_03/TFGDataset/img/train_t2_0429.png|geeeeeeeeeeeee   d sssss   iiiiieeeeeessss NN  eeeee
/data3fast/users/mbermudez/de_03/TFGDataset/img/train_t2_0988.png|gessshssss  
/data3fast/users/mbermudez/de_03/TFGDataset/img/train_t2_0824_2.png|un  sssshht     e**e  eennenneeeggecchhhh a hhhhhheee
/data3fast/users/mbermudez/de_03/TFGDataset/img/train_t2_0015_2.png|dee  reeee  eeeee     eeeeeeeessslll  aaatttt
/data3fast/users/mbermudez/de_03/TFGDataset/img/train_t2_0879_0.png|ii     erreeerrrrrdee   dddeeennnnneeee
/data3fast/users/mbermudez/de_03/TFGDataset/img/train_t2_0052_2.png|dii  ******* nnuuunccchtttee   ssss a  eeeeeelllNN  nnd
/data3fast/users/mbermudez/de_03/TFGDataset/img/train_t2_1406_1.png|de  aaaaa  nnee    eeeelll nn   scccccc  n ddeeeeeeeee
/data3fast/users/mbermudez/de_03/TFGDataset/img/train_t2_0518_1.png|der  aaaaa eeeee errrriiiin naaaeeellleeettt
/data3fast/users/mbermudez/de_03/TFGDataset/img/train_t2_0420_0.png|daa    eeeeeeeihheeett nnnddee  nnu aaaeeel
/data3fast/users/mbermudez/de_03/TFGDataset/img/train_t2_1170.png|oond eeesttt   dd  einnnnnnmttteeenn all
/data3fast/users/mbermudez/de_03/TFGDataset/img/train_t2_0753_0.png|aasttttttssseeeeeee eeiihhrrrrreeee  aauuuuu
/data3fast/users/mbermudez/de_03/TFGDataset/img/train_t2_1016.png|nettttt  nnnhhhheeeeenn  eeeeeett   nn eeeeesss  uuu
/data3fast/users/mbermudez/de_03/TFGDataset/img/train_t2_1262_1.png|sssh  nnnhees   aalllh  ddeegggeee ahhttieeeee
/data3fast/users/mbermudez/de_03/TFGDataset/img/train_t2_0580_1.png|aa   llhhhhhheeeNd  ssallsssss   sssss    ....
/data3fast/users/mbermudez/de_03/TFGDataset/img/train_t2_0762.png|eeetttteeeeeeeeeee       .
/data3fast/users/mbermudez/de_03/TFGDataset/img/train_t2_1389.png|ee   eeellla   d   cchhieeeeeeennaa ttttt
/data3fast/users/mbermudez/de_03/TFGDataset/img/train_t2_0542_2.png|errr n n aaaaaa  eeeeeededdeee  ccccccchlleeee
/data3fast/users/mbermudez/de_03/TFGDataset/img/train_t2_1220_0.png|iihh   dd reegge  undd  ttttte    dd ee
/data3fast/users/mbermudez/de_03/TFGDataset/img/train_t2_0120_0.png|aasseeeeeeedderrrr iiinneeellll ddd  chhiiiee
/data3fast/users/mbermudez/de_03/TFGDataset/img/train_t2_0650_0.png|alleeeeeeeeeeeNe   eeeiieee nnddde llll  dd ssssshh
/data3fast/users/mbermudez/de_03/TFGDataset/img/train_t2_1204_2.png|geetttttssss hheeeNNNsssseeeeesseeee nnddeeeeeeeeeenn
/data3fast/users/mbermudez/de_03/TFGDataset/img/train_t2_1328_2.png|der aaaa         uu dddeeeccceeN      nnneee
/data3fast/users/mbermudez/de_03/TFGDataset/img/train_t2_0890_0.png|neeeeeedddd daaassschhhsssseeeessllssseennneeeeeee aa
/data3fast/users/mbermudez/de_03/TFGDataset/img/train_t2_1151_1.png|eeee
/data3fast/users/mbermudez/de_03/TFGDataset/img/train_t2_1104.png|oofee  annneeennnnnndd aa llleeeeeettttttt dd
/data3fast/users/mbermudez/de_03/TFGDataset/img/train_t2_0369_1.png|vieehhhhhhhhhh    eeseeeee nnneeeeeeeetttttttaaa
/data3fast/users/mbermudez/de_03/TFGDataset/img/train_t2_0141_2.png|weeee   e nnne   n eeessss eeeettthccssseeeinnn
/data3fast/users/mbermudez/de_03/TFGDataset/img/train_t2_0006_1.png|dasssss         ****** nnnasss nnnn  eeeeeerdrrreeeelll
/data3fast/users/mbermudez/de_03/TFGDataset/img/train_t2_0416.png|brssssseeee       dddee  ssss eee        reeeeeeetttt
/data3fast/users/mbermudez/de_03/TFGDataset/img/train_t2_1221_0.png|onn   tieeeeeellee     ttthheeeeee      clllleee
/data3fast/users/mbermudez/de_03/TFGDataset/img/train_t2_0542.png|eee  nnnaaaaaaa ddeeeeedddeee   ccccchcelll ee
/data3fast/users/mbermudez/de_03/TFGDataset/img/train_t2_0303_0.png|ooee d    eeeeeeeeee r dr iinniiiicchhhhhlnn
/data3fast/users/mbermudez/de_03/TFGDataset/img/train_t2_0735_2.png|fffn  aahhttttt
/data3fast/users/mbermudez/de_03/TFGDataset/img/train_t2_0008_2.png|oddd     nnnnuu seeee      ***.  ssseeeeee   n
/data3fast/users/mbermudez/de_03/TFGDataset/img/train_t2_0406_2.png|iii   nnaaaaleeet      d   scchh  iiiinn
/data3fast/users/mbermudez/de_03/TFGDataset/img/train_t2_0880_0.png|ooleeee  aaa  sssseeNnn   ttt  ..
/data3fast/users/mbermudez/de_03/TFGDataset/img/train_t2_0189_2.png|seehhhhleeee   teeees   hllllee   thheeeee  d drrree
/data3fast/users/mbermudez/de_03/TFGDataset/img/train_t2_1454_2.png|iiieeeiiiicchnneeee  nnnnnnccssee   aaleeee
/data3fast/users/mbermudez/de_03/TFGDataset/img/train_t2_0454_0.png|chee    nnneeeeeeeeeeeeee   aa   dde  ddd  nnn
/data3fast/users/mbermudez/de_03/TFGDataset/img/train_t2_1352.png|dee eeeeeeeettteeeeeeeeeetttteeee   d   aaauuuaaaa
/data3fast/users/mbermudez/de_03/TFGDataset/img/train_t2_0866_0.png|fff    sss  eee niccchssseeeee  eeeeeeeeeeeed
/data3fast/users/mbermudez/de_03/TFGDataset/img/train_t2_0292.png|aann     hhnnnneeet  uugeee  llhheeeessseeeN
/data3fast/users/mbermudez/de_03/TFGDataset/img/train_t2_1428_0.png|ertttt  nnneeeeeenn esss     ttttettteee aasss
/data3fast/users/mbermudez/de_03/TFGDataset/img/train_t2_0441.png|tt   eeeee  nnn tt     aaass  tttttt    dd
/data3fast/users/mbermudez/de_03/TFGDataset/img/train_t2_1054_1.png|wwllee  aaaahh  ddddrreeee  a sssst    eeee
/data3fast/users/mbermudez/de_03/TFGDataset/img/train_t2_0218_1.png|aageeeeet     aaalleee     llllee uunnnneee
/data3fast/users/mbermudez/de_03/TFGDataset/img/train_t2_1098_0.png|wiee   aasssschhhh  eeeeeee   sss u    eeeeeeee  esssss
/data3fast/users/mbermudez/de_03/TFGDataset/img/train_t2_0064_2.png|bb     nnnneettttaaaa ddeeelcccchccsssseeeee *******
/data3fast/users/mbermudez/de_03/TFGDataset/img/train_t2_0549_2.png|beeetttt
/data3fast/users/mbermudez/de_03/TFGDataset/img/train_t2_0783_1.png|eerthhhheeennnee   ssssseeeeeertta  eerrllleee
/data3fast/users/mbermudez/de_03/TFGDataset/img/train_t2_0295_1.png|geeehhh tteeeeeennnnneeein eeeeeeee aaauu
/data3fast/users/mbermudez/de_03/TFGDataset/img/train_t2_1401_2.png|inddd  sscccttteeee  a deeerrrr     u   tu
/data3fast/users/mbermudez/de_03/TFGDataset/img/train_t2_1410_2.png|unddd  llleeeee lll dddee cchttttttettttttt ee
/data3fast/users/mbermudez/de_03/TFGDataset/img/train_t2_1346_1.png|lsseN      au  deeeeeeeeeeett  dd  elllerrraaaa
/data3fast/users/mbermudez/de_03/TFGDataset/img/train_t2_0428_1.png|nnneeeeeet aa   sssshheeeeeedd        unnneee
/data3fast/users/mbermudez/de_03/TFGDataset/img/train_t2_0272.png|mmt  lllee   ndddd   ahcha dda   ddeeeeeeeeitt
/data3fast/users/mbermudez/de_03/TFGDataset/img/train_t2_0155.png|aa dd d   nnna  cesee   * ** *   sseeee  nnn lleeeNN
/data3fast/users/mbermudez/de_03/TFGDataset/img/train_t2_1045_0.png|wlllhh    eeerrrttttttt  aaaaleeeeee       eeee
/data3fast/users/mbermudez/de_03/TFGDataset/img/train_t2_0499.png|eee nnnnnn  deeer  aaaa eeeeeehhhh       nnee   
/data3fast/users/mbermudez/de_03/TFGDataset/img/train_t2_0147.png|chheeeessssa  ddeeeeeeeecchhhnnnnnnnd  lleeee
/data3fast/users/mbermudez/de_03/TFGDataset/img/train_t2_0084.png|wene    ssss   ****    ssscchiei   eee   e         ieeeeeeee
/data3fast/users/mbermudez/de_03/TFGDataset/img/train_t2_1345.png|geer d  dd     scchhii nnn aaaa  eee
/data3fast/users/mbermudez/de_03/TFGDataset/img/train_t2_1033_0.png|mmhhht  nnn ttee hhhhhhh ddeeinitttt  ddeee
/data3fast/users/mbermudez/de_03/TFGDataset/img/train_t2_0258_0.png|ggegeeeeeeessseeeelhhhhhaaaaasssstttt  ddeee
/data3fast/users/mbermudez/de_03/TFGDataset/img/train_t2_0311_0.png|ggnn    iheee    icheeeeeeett a u seeeeee    ndd
/data3fast/users/mbermudez/de_03/TFGDataset/img/train_t2_0456.png|bee  aaalleeNN  nnd eei ***... ccchieeeeeellll
/data3fast/users/mbermudez/de_03/TFGDataset/img/train_t2_1297_0.png|aaeeeeeeeeellllllsaauuddssslg u ess   aa eeeeeee
/data3fast/users/mbermudez/de_03/TFGDataset/img/train_t2_0503_1.png|unddeeeeeeesh    sseeleeennneiiiiiii   aaaah
/data3fast/users/mbermudez/de_03/TFGDataset/img/train_t2_1334.png|oo ddeeeennnnieeeeN ndd   reie naaa eeeeeeell
/data3fast/users/mbermudez/de_03/TFGDataset/img/train_t2_0630_2.png|oof ee     cccccheee  ..
/data3fast/users/mbermudez/de_03/TFGDataset/img/train_t2_1256_0.png|nnee ********          alleee   d  eeeennnnneeee
/data3fast/users/mbermudez/de_03/TFGDataset/img/train_t2_0258_2.png|ggeeeeeeeeeesseeee athtttaaa ssstttt   deee
/data3fast/users/mbermudez/de_03/TFGDataset/img/train_t2_0969_1.png|eeeeeeeeeeeee tttttte  eee  ahht    seeeee rrrreaee
/data3fast/users/mbermudez/de_03/TFGDataset/img/train_t2_0034_2.png|#  eee
/data3fast/users/mbermudez/de_03/TFGDataset/img/train_t2_0187.png|der  iieeeeeeeeeee**    uss  eeeeeelllllaaa  eeee  uu
/data3fast/users/mbermudez/de_03/TFGDataset/img/train_t2_1186.png|neeihhhheee       sssaaau  ede   aa ddd eeellll
/data3fast/users/mbermudez/de_03/TFGDataset/img/train_t2_0090.png|deeeellheeennnneeeiiiierrraaah ddd
/data3fast/users/mbermudez/de_03/TFGDataset/img/train_t2_1387_0.png|ttt  ****e*   eeeeeee     ssscllaaaa    ssseeeeeeetttt
/data3fast/users/mbermudez/de_03/TFGDataset/img/train_t2_1418_1.png|geeehhhttt
/data3fast/users/mbermudez/de_03/TFGDataset/img/train_t2_0461_1.png|daaaaaaaaaa eeeeeee sccssessss    ccchlle  uu dde
/data3fast/users/mbermudez/de_03/TFGDataset/img/train_t2_0293_1.png|ddeeeeeeeeeetteee     d  aaaaun  eeeehhheeeeeeee
/data3fast/users/mbermudez/de_03/TFGDataset/img/train_t2_0258.png|gggggeeeeeeeeeee   hhhhht aaassseettt    ddd
/data3fast/users/mbermudez/de_03/TFGDataset/img/train_t2_0469_2.png|eeeN ssst  d rrrrrr    eeeeettttennnnnee
/data3fast/users/mbermudez/de_03/TFGDataset/img/train_t2_1353.png|geennnn  ssss dsssss ddeseeeee  a eeeeeeeeeeeeeee
/data3fast/users/mbermudez/de_03/TFGDataset/img/train_t2_0336_0.png|chhe       u tt       saau ggeeeee  tttttttt
/data3fast/users/mbermudez/de_03/TFGDataset/img/train_t2_0764_2.png|fneeeeeeennnnnhhlll ddd  chhhheee  aa  ee h   
/data3fast/users/mbermudez/de_03/TFGDataset/img/train_t2_0972_1.png|aaatttthh
/data3fast/users/mbermudez/de_03/TFGDataset/img/train_t2_0655_1.png|wiessss hhhhhhhee   nn a   eeess   aaaasss
/data3fast/users/mbermudez/de_03/TFGDataset/img/train_t2_0865_0.png|bee eeeeeeeNN  
/data3fast/users/mbermudez/de_03/TFGDataset/img/train_t2_0035_1.png|dertt  ****     n  cchh dddrrrreetheee  ee iihaaa
/data3fast/users/mbermudez/de_03/TFGDataset/img/train_t2_1203.png|geeNNsssssst         lllllllennnggellllleeddd
/data3fast/users/mbermudez/de_03/TFGDataset/img/train_t2_0503_0.png|unddeeeeeesss   assseeee nnnnniiiii  aaaaah
/data3fast/users/mbermudez/de_03/TFGDataset/img/train_t2_1462_2.png|annd  icchh  dd elchheNN nnn  ahheeeennn essss
/data3fast/users/mbermudez/de_03/TFGDataset/img/train_t2_0274_1.png|beee   nnngggggglllleee  r dddeeeannn
/data3fast/users/mbermudez/de_03/TFGDataset/img/train_t2_0914_0.png|asssse    deeeeeeetthhseeeeee    re eeeeeeerrr tttt
/data3fast/users/mbermudez/de_03/TFGDataset/img/train_t2_0717.png|das  eeeeeettthhh  nneeeee icccch  naaaaahhl  dee
/data3fast/users/mbermudez/de_03/TFGDataset/img/train_t2_0038.png|scllll uuuddeee    cnc  csseeeee  cccheeeee     nn
/data3fast/users/mbermudez/de_03/TFGDataset/img/train_t2_0327_2.png|die  eeee N   eggggeeeett eeeeeeeeeNNnnnnnee
/data3fast/users/mbermudez/de_03/TFGDataset/img/train_t2_0268_1.png|auuuuu    eeehhhnnnnhhaassseeedeee  icch    nhhhh
/data3fast/users/mbermudez/de_03/TFGDataset/img/train_t2_1137_0.png|wii    sss  eeeeeeee   asss e    aa  eeeeeee nannn
/data3fast/users/mbermudez/de_03/TFGDataset/img/train_t2_0845_2.png|deee e nnnneeeeeeeee  aasssss    cccsshheee
/data3fast/users/mbermudez/de_03/TFGDataset/img/train_t2_0348_1.png|wwrt      aaatttttttt sssttsssst   eeee nnnaaheettt
/data3fast/users/mbermudez/de_03/TFGDataset/img/train_t2_1047.png|sse  aaaaauusssssllll nndeeeeeeeeeeeddderre
/data3fast/users/mbermudez/de_03/TFGDataset/img/train_t2_0308_2.png|dee iiiie d  nnn eseeeeeei nnnccchn ddeeeinnnsss
/data3fast/users/mbermudez/de_03/TFGDataset/img/train_t2_0564_0.png|woi     aa   aasss    ss     r r  ........
/data3fast/users/mbermudez/de_03/TFGDataset/img/train_t2_0949.png|oolllllhhiiinne*************eeeeellchchnnn aaaa
/data3fast/users/mbermudez/de_03/TFGDataset/img/train_t2_1415_1.png|innnnennn  eeeeeeiiiiee   ssssc     eeeeeeeelllllhh
/data3fast/users/mbermudez/de_03/TFGDataset/img/train_t2_1015.png|ttt auuaaaudddeechheee  sss unnnneeeee    ee
/data3fast/users/mbermudez/de_03/TFGDataset/img/train_t2_0443_1.png|der rrrraaatssseeettiinnnneeeeressssssssttt
/data3fast/users/mbermudez/de_03/TFGDataset/img/train_t2_1326.png|ssss    nnnnnnnnnanndnnnnddeeesseesettttt  aa    rh
/data3fast/users/mbermudez/de_03/TFGDataset/img/train_t2_0304_2.png|rrr   n  ttaaaleeungggeeeesss    e  llllauunn
/data3fast/users/mbermudez/de_03/TFGDataset/img/train_t2_0811_2.png|aassssseeeeeeeeeeeeiihhhhhhhleeeeee  aunnalllllluunu
/data3fast/users/mbermudez/de_03/TFGDataset/img/train_t2_0347.png|detttteeeennnnnn ttttt  aahhtt eee d  ae
/data3fast/users/mbermudez/de_03/TFGDataset/img/train_t2_1023.png|deeeeeeeeeee   ddeeeeeeeeeeeettt auuddddee
/data3fast/users/mbermudez/de_03/TFGDataset/img/train_t2_0591.png|die se  hhheeei ii  eeaaaau neneeeeeeeeeeecsss  aaaaau
/data3fast/users/mbermudez/de_03/TFGDataset/img/train_t2_1010.png|geeehtt  nn d   araa ssse eeeeeereeeeetttaaa
/data3fast/users/mbermudez/de_03/TFGDataset/img/train_t2_0351_2.png|hhheeeeeeNNNNN uuddd  eeerrrrrrt  assssshhh
/data3fast/users/mbermudez/de_03/TFGDataset/img/train_t2_1103_1.png|geeNeeen eeeeettahaauu   eeeeeeicchh     lllaaa
/data3fast/users/mbermudez/de_03/TFGDataset/img/train_t2_1337.png|"     eeeaassssseeee rrreeeeeeee  cc  eeeee
/data3fast/users/mbermudez/de_03/TFGDataset/img/train_t2_0376.png|aaahleeeeeeeeerrii   deeeiichnnnn eeessssccchch
/data3fast/users/mbermudez/de_03/TFGDataset/img/train_t2_0017.png|dee nnnnaaanne       .**   cccheeeeeeeeee
/data3fast/users/mbermudez/de_03/TFGDataset/img/train_t2_0618_0.png|ihhsss       sssssss     ndn  ccnnneeeeerrrcccch   eeeade
/data3fast/users/mbermudez/de_03/TFGDataset/img/train_t2_0952.png|bes    nnnddeessseeeeeeeeeetttt   ddd      dddd dr
/data3fast/users/mbermudez/de_03/TFGDataset/img/train_t2_0011.png|aaann  eeeeeehttteeeeeeee e esseee  ddnn   eeeeeNNNe
/data3fast/users/mbermudez/de_03/TFGDataset/img/train_t2_0917_1.png|##
/data3fast/users/mbermudez/de_03/TFGDataset/img/train_t2_0476_1.png|dee  eeee nn       ee  ..
/data3fast/users/mbermudez/de_03/TFGDataset/img/train_t2_0975_0.png|hhnndddd aa     err allla    d ssssttt tt
/data3fast/users/mbermudez/de_03/TFGDataset/img/train_t2_0613_2.png|geeennneihhhhhh  dd  ddeeeeelllssssssNN nddddeee
/data3fast/users/mbermudez/de_03/TFGDataset/img/train_t2_0652_1.png|geeaaaaalee aaa  dd  scch      dd  ii*...........
/data3fast/users/mbermudez/de_03/TFGDataset/img/train_t2_0995.png|geellleeeeeaa dddddeesss uu eeesseeeeeeee   ddden
/data3fast/users/mbermudez/de_03/TFGDataset/img/train_t2_1006.png|dee  t tt  ennnaa   deeellleeeeee uudddd    
/data3fast/users/mbermudez/de_03/TFGDataset/img/train_t2_0106.png|"ss    sccch   e*****      slllllN.
/data3fast/users/mbermudez/de_03/TFGDataset/img/train_t2_0523_1.png|eett     ich eeeeeee  dd aaaccheeeeeeessss eerr
/data3fast/users/mbermudez/de_03/TFGDataset/img/train_t2_1084_0.png|auu dd  aaarr aaa  eeeeet   dd    ss      th
/data3fast/users/mbermudez/de_03/TFGDataset/img/train_t2_0360.png|aalaaaa aaaau ssscchh    sseeeeehhhee     ssa   nn
/data3fast/users/mbermudez/de_03/TFGDataset/img/train_t2_0708_0.png|deeeeellleeeeNNN  d ssssst nnnneiiinnnneen
/data3fast/users/mbermudez/de_03/TFGDataset/img/train_t2_1368_1.png|geeeeeeeeehhh uu eeeeeeeetttee  ddeeeii  nnnnn
/data3fast/users/mbermudez/de_03/TFGDataset/img/train_t2_0069_0.png|iin   eeeeeeennee    rreelllll nitteee   nn eee
/data3fast/users/mbermudez/de_03/TFGDataset/img/train_t2_0238_0.png|de  llllhhhheeeeeNN tt   ssaaa   rrreeeeeeeddddee
/data3fast/users/mbermudez/de_03/TFGDataset/img/train_t2_0978_0.png|ss      cccchhheeeeeeesehii niitttt   at      e
/data3fast/users/mbermudez/de_03/TFGDataset/img/train_t2_0288_1.png|iiii  ttt nneeeeeeeeee  nnddeeeeeeehhlleeee     
/data3fast/users/mbermudez/de_03/TFGDataset/img/train_t2_0848_2.png|gee  tteeettnnneee   .    ee lllsse    dd eeeell
/data3fast/users/mbermudez/de_03/TFGDataset/img/train_t2_1180.png|eeeddddeer tt    eestsssttssss     nnnnaahhh
/data3fast/users/mbermudez/de_03/TFGDataset/img/train_t2_0247_0.png|aaha   ddeeeeeee nnnd   hhhleeeee aaaeeeerr
/data3fast/users/mbermudez/de_03/TFGDataset/img/train_t2_1371_1.png|dassseeehhh    drrr aaa    sddeee   n  ssseeeee   nnnnn
/data3fast/users/mbermudez/de_03/TFGDataset/img/train_t2_1257_1.png|dee   ***eeeggggeettttt  ddrreeeeeeee  nnnnn
/data3fast/users/mbermudez/de_03/TFGDataset/img/train_t2_0458.png|dii  iiennt  uu  sssssschha llll     eeeeeeeeeeessssss
/data3fast/users/mbermudez/de_03/TFGDataset/img/train_t2_0644_0.png|neeeeee   aaeeeee ssss eeeeeeeeennne  a  eeeerrr
/data3fast/users/mbermudez/de_03/TFGDataset/img/train_t2_0512_1.png|wrlllllhhh   eeeeeNN  nnddeeeeeeee   eelleeeeeedd
/data3fast/users/mbermudez/de_03/TFGDataset/img/train_t2_0300.png|ahhh  ddererd   aa hhtttta thheeeNN  nnnnaaaa
/data3fast/users/mbermudez/de_03/TFGDataset/img/train_t2_1497_2.png|teeeeeeeeeette     iiiiiegggeeee   d nnnaahh
/data3fast/users/mbermudez/de_03/TFGDataset/img/train_t2_1119_2.png|eeeneeeeeeeeeedreeeeeehhh  nddd sssss   eesssssss nnn
/data3fast/users/mbermudez/de_03/TFGDataset/img/train_t2_0938_1.png|weeee ttttttt
/data3fast/users/mbermudez/de_03/TFGDataset/img/train_t2_0490_2.png|errllht      tt  nnnnniiiiit   aaeeeeettsshhh
/data3fast/users/mbermudez/de_03/TFGDataset/img/train_t2_0151_1.png|ssee   aahhheeederrrrtt iiihhnnnndddssssseeee
/data3fast/users/mbermudez/de_03/TFGDataset/img/train_t2_0360_2.png|aass  aaa uu sssllh aa sssseeeeehhhhe  d  ss  aann
/data3fast/users/mbermudez/de_03/TFGDataset/img/train_t2_0479_1.png|eeeeeeeesslllh dddrrrr  aadddd    cllllle
/data3fast/users/mbermudez/de_03/TFGDataset/img/train_t2_0229_1.png|iii  hhhhh nn eleeeellleeeeeccheeeeeecccheee  uu eeeed
/data3fast/users/mbermudez/de_03/TFGDataset/img/train_t2_0133_1.png|ee      tttllleenee   aasttt   eeeeeeeee
/data3fast/users/mbermudez/de_03/TFGDataset/img/train_t2_1263_1.png|geeettteetee  uuuuddeee          r rr  d    eee
/data3fast/users/mbermudez/de_03/TFGDataset/img/train_t2_0191.png|eeennnnnnneeeeeeeee eeeeeeeee   dddaaaauueee
/data3fast/users/mbermudez/de_03/TFGDataset/img/train_t2_1233_0.png|woeeed
/data3fast/users/mbermudez/de_03/TFGDataset/img/train_t2_0390_2.png|sssseNeeeeeeeeeeeelhhhhhh aaa  esseeeee    ddeeeeeee
/data3fast/users/mbermudez/de_03/TFGDataset/img/train_t2_0256_1.png|aaa   nn   nnneeeeegggggesssss     nnneennnn
/data3fast/users/mbermudez/de_03/TFGDataset/img/train_t2_1455_2.png|uu  eeeeeeeeeellha  iiihhhhheeeesst    nneeeeeeett
/data3fast/users/mbermudez/de_03/TFGDataset/img/train_t2_1118_1.png|dessschhaaauuu    teee    nnnnnnn    aaaa  ddddeee
/data3fast/users/mbermudez/de_03/TFGDataset/img/train_t2_1343_1.png|inn   neeee nniihhhheee     cch     ii   iieeeee ddee
/data3fast/users/mbermudez/de_03/TFGDataset/img/train_t2_1209_0.png|iiiee  aaleeeeee  ddddesss deeicchnnneeeeee
/data3fast/users/mbermudez/de_03/TFGDataset/img/train_t2_1366_0.png|beeeeennni eeellhee   t                   auuunnee
/data3fast/users/mbermudez/de_03/TFGDataset/img/train_t2_0260_0.png|nneeeesssss u   eeeeee iiiieeellllllaaaaaaaseeeee
/data3fast/users/mbermudez/de_03/TFGDataset/img/train_t2_0783_0.png|errchhhhheeeneee **  ssssseeeee  aaa    aaeeeee
/data3fast/users/mbermudez/de_03/TFGDataset/img/train_t2_0974_2.png|# 
/data3fast/users/mbermudez/de_03/TFGDataset/img/train_t2_0724_2.png|gee  d  a    eeeeeeeeei  aa  esscchhnnnndeeetttt
/data3fast/users/mbermudez/de_03/TFGDataset/img/train_t2_1163.png|weeeeeessssll   aaaaaa  eeetnnnn eeeeee ..
/data3fast/users/mbermudez/de_03/TFGDataset/img/train_t2_0218_2.png|angeeeeeet  ddaaaleee   nn allleeN     nnn
/data3fast/users/mbermudez/de_03/TFGDataset/img/train_t2_1230_2.png|aau eeeeeennneeeegggllll u     stchhhieeeeeed
/data3fast/users/mbermudez/de_03/TFGDataset/img/train_t2_0377_2.png|das  ttttttt  ssss        reeeeeesssaass tttett
/data3fast/users/mbermudez/de_03/TFGDataset/img/train_t2_0840_1.png|oonnd   ss s uunneeeeeei    ......
/data3fast/users/mbermudez/de_03/TFGDataset/img/train_t2_1045.png|wlllhh       rrttttttt  aaaal eesttt     us ee
/data3fast/users/mbermudez/de_03/TFGDataset/img/train_t2_0232_2.png|weee  aa    ssssseeeci nddeerrrrr deeeeeeeeiii
/data3fast/users/mbermudez/de_03/TFGDataset/img/train_t2_0080_2.png|aann n d   aa eeeeeeeeennnnnneeeeiinnnn ddeeeeee
/data3fast/users/mbermudez/de_03/TFGDataset/img/train_t2_1307_0.png|chheeeeeeeee     s  eeee gggeetttt  a eeeeeettt
/data3fast/users/mbermudez/de_03/TFGDataset/img/train_t2_0156.png|dee  lllll   eeeeee  dnaancc   de  ssseeeee ttttt
/data3fast/users/mbermudez/de_03/TFGDataset/img/train_t2_1448_2.png|anneeeeeeienn  eeeeee  uuaaa n n   eeeellee dnd
/data3fast/users/mbermudez/de_03/TFGDataset/img/train_t2_0341_2.png|eeshhhhhhiieeeeeerrrlettttt drrreehhheee   u
/data3fast/users/mbermudez/de_03/TFGDataset/img/train_t2_0838_0.png|chh     d  aaa eeetttttt  aaaaa  nnnnn eeeesshh
/data3fast/users/mbermudez/de_03/TFGDataset/img/train_t2_1351_2.png|nnnnecchheeeeeeee sselll   
/data3fast/users/mbermudez/de_03/TFGDataset/img/train_t2_0282.png|weeeeeee   eeddee      sss etttt    eeeeeeesssa
/data3fast/users/mbermudez/de_03/TFGDataset/img/train_t2_0894_0.png|undsssssshh  ssseeeeee  nnaa eeeet  ee    dddr  a nd
/data3fast/users/mbermudez/de_03/TFGDataset/img/train_t2_0008_1.png|odddd e   uuunnn eeeeee     *    ssseeeeee   nn
/data3fast/users/mbermudez/de_03/TFGDataset/img/train_t2_0656_1.png|ooin c cnnnnnneeeeeeeeeee  cccheeeee  reeeeeeeeeeeeee
/data3fast/users/mbermudez/de_03/TFGDataset/img/train_t2_1490_1.png|bee  uuueeeett  uu  u  dderrrriiieeeessssssss
/data3fast/users/mbermudez/de_03/TFGDataset/img/train_t2_0032.png|arrrttteeee  aaaadddeeeeeeeeeeeee   eeeeeeeeeehhht
/data3fast/users/mbermudez/de_03/TFGDataset/img/train_t2_0264_1.png|oo    ttt   naaasssseelleee  nnnn       der
/data3fast/users/mbermudez/de_03/TFGDataset/img/train_t2_0319_0.png|chhee ee*e**     aaa eeeaa eeeee  hhhhaa  dd eeiiiee
/data3fast/users/mbermudez/de_03/TFGDataset/img/train_t2_1222_2.png|wllll   ddeeeellllh ii eeeeeee ddd aaa ttiiie
/data3fast/users/mbermudez/de_03/TFGDataset/img/train_t2_0871_0.png|geeeeeeeeee    d  ale  ndddd      sa u dddd  aalll
/data3fast/users/mbermudez/de_03/TFGDataset/img/train_t2_0285_1.png|aeeee nnnn nattttteeess     rihlleeetttt
/data3fast/users/mbermudez/de_03/TFGDataset/img/train_t2_0857_2.png|dee        aaaaa u    rtttt  ntcchheeeeessssssssss
/data3fast/users/mbermudez/de_03/TFGDataset/img/train_t2_0575_1.png|uu   llhheeend  aaahh eeeddeeeellleeeeeeeeiiinnn
/data3fast/users/mbermudez/de_03/TFGDataset/img/train_t2_1484_0.png|dasssseeeeshheeennnnennnnnnn eeeeeeeeeen      cccaaau
/data3fast/users/mbermudez/de_03/TFGDataset/img/train_t2_0913_2.png|aat   eeeelletttaaahhheeeee   iteee  deeettttt
/data3fast/users/mbermudez/de_03/TFGDataset/img/train_t2_1125_0.png|geethh nnn    assssseeeeee deeeeeesss  nn deeeee
/data3fast/users/mbermudez/de_03/TFGDataset/img/train_t2_0592_2.png|nnss  eerrrrihhheeeNNNn     llllhnnnee ***       n
/data3fast/users/mbermudez/de_03/TFGDataset/img/train_t2_0731_0.png|ooo     iiirrrrrerrreeeeeeeeeeeeeeeesssttt eeeee
/data3fast/users/mbermudez/de_03/TFGDataset/img/train_t2_0219_0.png|dde        nneee   aaaass ee         d       cc
/data3fast/users/mbermudez/de_03/TFGDataset/img/train_t2_0732_0.png|aa geeeeeeNNNN***    lcchh eeennnn   
/data3fast/users/mbermudez/de_03/TFGDataset/img/train_t2_1189_0.png|wwee eeeerrihhlllees aaa   esss unn eeeeee
/data3fast/users/mbermudez/de_03/TFGDataset/img/train_t2_1307_2.png|cheeeeeeeees    dddeeee ggggee  tttu   eeeee
/data3fast/users/mbermudez/de_03/TFGDataset/img/train_t2_1024.png|ssttt  nnndee rttteee  ssseethhhhee nnnndd  rtttt
/data3fast/users/mbermudez/de_03/TFGDataset/img/train_t2_0737_0.png|des     dd  inncccchlllgeedeeeeerrtt
/data3fast/users/mbermudez/de_03/TFGDataset/img/train_t2_1065_2.png|llle   nnndeeeeeeee   aassss   aa eeeeeee  e     n  ss
/data3fast/users/mbermudez/de_03/TFGDataset/img/train_t2_0813_2.png|eee  eeeerrreeeeesssssllll e    ssahhchhleeedddeee
/data3fast/users/mbermudez/de_03/TFGDataset/img/train_t2_0775_2.png|geeeneeeieeeeettttaaaauu uuu  ddd r ttttttttttt
/data3fast/users/mbermudez/de_03/TFGDataset/img/train_t2_0940_1.png|derrreeeeeereelllhennndddd sss ecce  nddddeeeeeee
/data3fast/users/mbermudez/de_03/TFGDataset/img/train_t2_1153_0.png|unddeeeellccheee 
/data3fast/users/mbermudez/de_03/TFGDataset/img/train_t2_1476_2.png|ee   nnnaaeeeeeettttt   eeee nnneeeeeeeeeeeNN
/data3fast/users/mbermudez/de_03/TFGDataset/img/train_t2_0501.png|geeehsssseessssss   dd iiiiehhh  eeeeelehheennneee
/data3fast/users/mbermudez/de_03/TFGDataset/img/train_t2_1284_0.png|dieeesssssse    aaahhhhh    dndd     tt nnnnuuuu
/data3fast/users/mbermudez/de_03/TFGDataset/img/train_t2_0768_1.png|aalee   e eeerrrihhhhh   
/data3fast/users/mbermudez/de_03/TFGDataset/img/train_t2_1312_1.png|errtthhs  eeeeeeeeeeeeeee *.      eeeee
/data3fast/users/mbermudez/de_03/TFGDataset/img/train_t2_0850_0.png|eeehhhhheeeeeee       eeee      ..
/data3fast/users/mbermudez/de_03/TFGDataset/img/train_t2_0637_2.png|bsss    dddssssettennnneeee  sssssee   aau eeeeee
/data3fast/users/mbermudez/de_03/TFGDataset/img/train_t2_0434.png|tttthh nnnnnageeeeeeeiiieetsssshh    ssrsssstat
/data3fast/users/mbermudez/de_03/TFGDataset/img/train_t2_1465.png|auu   eeesssc   ddaalaa   dseee sssschssssssau  ddee
/data3fast/users/mbermudez/de_03/TFGDataset/img/train_t2_0688_0.png|wieeddd    eeeeeeehhhh nnnna ddss  d eeeeeeeeeeee*  nnnn
/data3fast/users/mbermudez/de_03/TFGDataset/img/train_t2_1324_2.png|cess   s  dddeee *****      d   alllhhiennnnn dddeee
/data3fast/users/mbermudez/de_03/TFGDataset/img/train_t2_0540.png|#
/data3fast/users/mbermudez/de_03/TFGDataset/img/train_t2_0046.png|der  t tttteeeettttttttttt  rr llllleeeerrr
/data3fast/users/mbermudez/de_03/TFGDataset/img/train_t2_1360_1.png|geessstteeeeessheeede      nnnneeggggggeeeeee
/data3fast/users/mbermudez/de_03/TFGDataset/img/train_t2_0349_2.png|set lllllau  a sseeee    ttthhheeeeiiiccchh 
/data3fast/users/mbermudez/de_03/TFGDataset/img/train_t2_1053_2.png|dii      desss  dd  eete     s ss  ddee
/data3fast/users/mbermudez/de_03/TFGDataset/img/train_t2_0651_2.png|bt     eeeee aaau sseeeNnnnnnddd    ssss   nee nnhhh
/data3fast/users/mbermudez/de_03/TFGDataset/img/train_t2_0768.png|alle    eeeeee  nccchcc  ...
/data3fast/users/mbermudez/de_03/TFGDataset/img/train_t2_0947.png|aahhhhhhhhhnnnddd aaa eeeesccch nnnna stt
/data3fast/users/mbermudez/de_03/TFGDataset/img/train_t2_1497.png|tte eeeeessseettt   iiieeeeeeeeeerr  annanch
/data3fast/users/mbermudez/de_03/TFGDataset/img/train_t2_1061.png|bee d ssssllll    fffuunneeeellleeennn    aaasss
/data3fast/users/mbermudez/de_03/TFGDataset/img/train_t2_0284_1.png|dddeeeeeeinnnnn  naanggeeeeedd  esessssss  dn
/data3fast/users/mbermudez/de_03/TFGDataset/img/train_t2_0187_0.png|de   eeieiieeeeen ee *          eeeeelllllaaa  sseed   
/data3fast/users/mbermudez/de_03/TFGDataset/img/train_t2_1475_2.png|neeeaa eeeeeeeeeeeeeNN*     d   aaaasseeeeerd
/data3fast/users/mbermudez/de_03/TFGDataset/img/train_t2_0249.png|uueeeeelllllhhhhhee    s    nnhiieeeeeeeee  aaaaade
/data3fast/users/mbermudez/de_03/TFGDataset/img/train_t2_0734_0.png|rrrtteeeeeeeeet  nnnddd  r  *....     iiiineeeeeeeeee*
/data3fast/users/mbermudez/de_03/TFGDataset/img/train_t2_0748.png|eeeeeeennnnnnnnnnnneeeichhh  eeeere   rreeet
/data3fast/users/mbermudez/de_03/TFGDataset/img/train_t2_1220_1.png|iiee       eeagggeu    aa tteee        ss
/data3fast/users/mbermudez/de_03/TFGDataset/img/train_t2_1345_0.png|gee ddd       tsccchh nnnn aaaaalleeee
/data3fast/users/mbermudez/de_03/TFGDataset/img/train_t2_0751_1.png|eee  eeeee      ncch ee   e etihhhh rr iihssss
/data3fast/users/mbermudez/de_03/TFGDataset/img/train_t2_0529_1.png|lleeeN              tssttc nnnaaahttttteettttee
/data3fast/users/mbermudez/de_03/TFGDataset/img/train_t2_0787.png|eeeeN   dd    cchhn  deee  nnd  iii    allleee
/data3fast/users/mbermudez/de_03/TFGDataset/img/train_t2_0045.png|ttttaaaauu ddeeechhhee        geeeeii  nnnnneetnn
/data3fast/users/mbermudez/de_03/TFGDataset/img/train_t2_1022_2.png|dee    eeeeegeeet u   seeeeeeeeeeeseeeeeennnnn
/data3fast/users/mbermudez/de_03/TFGDataset/img/train_t2_0798_0.png|eeeeeee aaasss   ssssseeeeeeeeddee
/data3fast/users/mbermudez/de_03/TFGDataset/img/train_t2_1221.png|onn    ieeeeelllee          heeeee      cccclee
/data3fast/users/mbermudez/de_03/TFGDataset/img/train_t2_0181_0.png|seeeN  aaahht eggleesttt       n  aaareeeeeee
/data3fast/users/mbermudez/de_03/TFGDataset/img/train_t2_0129_0.png|#  e
/data3fast/users/mbermudez/de_03/TFGDataset/img/train_t2_0345.png|iihh  aaa    deereeheee  nnnddd eicchnheeeeeee  
/data3fast/users/mbermudez/de_03/TFGDataset/img/train_t2_0862.png|wwssss etthhnnn aaalleeeehhhheeeeee    nddde
/data3fast/users/mbermudez/de_03/TFGDataset/img/train_t2_0873_2.png|innn   lleeeennnn assseeeeeeee lhhiiii nn    sccchhhh
/data3fast/users/mbermudez/de_03/TFGDataset/img/train_t2_0251_1.png|der  eelhhhheeee    dreetttt  slleeeeeeeettt  aaddd
/data3fast/users/mbermudez/de_03/TFGDataset/img/train_t2_1228_0.png|geenndddeeer    asssss ddssssaaa u eeee  eeeeeellll
/data3fast/users/mbermudez/de_03/TFGDataset/img/train_t2_1443_0.png|aah neeee  aaaaunnnneeen   ** * *****     sccs     eee
/data3fast/users/mbermudez/de_03/TFGDataset/img/train_t2_0765_2.png|eenn  eeer  a eeeeiiiiin     aaa  eeeeee
/data3fast/users/mbermudez/de_03/TFGDataset/img/train_t2_1011_1.png|# 
/data3fast/users/mbermudez/de_03/TFGDataset/img/train_t2_1250_0.png|aasseeeeeeeeeeeeeeee  aaa  eerrriiiiee
/data3fast/users/mbermudez/de_03/TFGDataset/img/train_t2_1076_1.png|ggeeeeeeeesssssss     ddd   aaa ee  neee         ah
/data3fast/users/mbermudez/de_03/TFGDataset/img/train_t2_1499_2.png|se   aaaaaas   ddeeeeees  sss    lhhhhhtttt   eeeell
/data3fast/users/mbermudez/de_03/TFGDataset/img/train_t2_0132.png|beeesssseee  d  aaaaa  eeeeN nnn   e ee  eeseeeeeeeeellhh
/data3fast/users/mbermudez/de_03/TFGDataset/img/train_t2_1498_0.png|di   a n sssseeeeededdddrrrrrrrrttt tssssesttsst
/data3fast/users/mbermudez/de_03/TFGDataset/img/train_t2_0401_1.png|gee      nnnnnneeennnnneeeeeessscchh nne
/data3fast/users/mbermudez/de_03/TFGDataset/img/train_t2_0622_1.png|geeNNNN  dddaaaddeeelleeinnnnnn      dd   ccchhh
/data3fast/users/mbermudez/de_03/TFGDataset/img/train_t2_1016_1.png|neettttt    hhhhheeennndreeeeeett      eeesNNN  fNNN
/data3fast/users/mbermudez/de_03/TFGDataset/img/train_t2_0094_2.png|nndesssssshhh  ddeeee unnnnn c eeee   **....     cccchh
/data3fast/users/mbermudez/de_03/TFGDataset/img/train_t2_0074_1.png|tt     eeaaaah reeede   an   eeennnnnneeet
/data3fast/users/mbermudez/de_03/TFGDataset/img/train_t2_0733_0.png|shhh   aadeeeeeeeinneeeeeeeeeeee    nngge  
/data3fast/users/mbermudez/de_03/TFGDataset/img/train_t2_0588_2.png|dee    eeg u  eesseeet     nee   ssss  ieeee
/data3fast/users/mbermudez/de_03/TFGDataset/img/train_t2_0781_2.png|"d  eeeee*** nn    llleeennn  cc  eee    nnn
/data3fast/users/mbermudez/de_03/TFGDataset/img/train_t2_0053_0.png|aass   uuaaasssss   all    d   eee    tttttttss
/data3fast/users/mbermudez/de_03/TFGDataset/img/train_t2_0498_0.png|eet  a     eeeell  ddeeeeeiccccii    ......
/data3fast/users/mbermudez/de_03/TFGDataset/img/train_t2_0777_0.png|dee  ttteeee  ddeee     nagll  neeeeeee  anneeee
/data3fast/users/mbermudez/de_03/TFGDataset/img/train_t2_0026_2.png|mirrrreeerrrrrrrrrrrheeeeerrree   ddde ssssstt
/data3fast/users/mbermudez/de_03/TFGDataset/img/train_t2_0650.png|allleeeeeeeeeee nn  eeee nnn      allh   ddd  sshhhhh
/data3fast/users/mbermudez/de_03/TFGDataset/img/train_t2_1000.png|leetteeennniihhhnneeeee      eeeeeeeeeeeeeeeeeeeee
/data3fast/users/mbermudez/de_03/TFGDataset/img/train_t2_1477_2.png|geeeNNNNNNN  uuundddd   ss  a cssseesee  nnn      
/data3fast/users/mbermudez/de_03/TFGDataset/img/train_t2_0111_1.png|ageeeeee sssllllhhhhhhhhhnneeeeeesllaaannnn ee
/data3fast/users/mbermudez/de_03/TFGDataset/img/train_t2_0070.png|dee   cccchhhhhh  ttt  ttseeeeeeeiiiii dd
/data3fast/users/mbermudez/de_03/TFGDataset/img/train_t2_1225.png|#dd
/data3fast/users/mbermudez/de_03/TFGDataset/img/train_t2_0929.png|ott ddddd    ssssssee  nn  ihhhhhnnnneiinnnnddd
/data3fast/users/mbermudez/de_03/TFGDataset/img/train_t2_0641_2.png|mmnnnnnneennniineeee  esshhheeeeenn d erre   tta
/data3fast/users/mbermudez/de_03/TFGDataset/img/train_t2_0870.png|ausss eeeeerreeehhhh  naaaaaaaa   eeeeeeNNNN
/data3fast/users/mbermudez/de_03/TFGDataset/img/train_t2_1277_2.png|de   aa eeeeeennnnd  sch neeeeeeee dd  iiii nddeeeseeehh
/data3fast/users/mbermudez/de_03/TFGDataset/img/train_t2_0251_0.png|der  eeeehhheete   de  ttteee  lllllleeettt     eee
/data3fast/users/mbermudez/de_03/TFGDataset/img/train_t2_1419.png|geeh  nnnn  atttttt    allleeeeeeettt u eeeeeeN
/data3fast/users/mbermudez/de_03/TFGDataset/img/train_t2_0195_0.png|wwhh     rrr aaccchhhhnn     errrraaa  ddee
/data3fast/users/mbermudez/de_03/TFGDataset/img/train_t2_0837_0.png|dieeellleeeessssee  nnnneenn d     eeeennnnne
/data3fast/users/mbermudez/de_03/TFGDataset/img/train_t2_0806_0.png|eeNeeee tttt  eeeeeeelllle  ddd  rrlllleeee
/data3fast/users/mbermudez/de_03/TFGDataset/img/train_t2_0165_1.png|beee d sssssssccchnnnnngge   eeeeettttt nnnnnnn
/data3fast/users/mbermudez/de_03/TFGDataset/img/train_t2_0466_2.png|eert  ssschhl  dde     ****  n   eeeeeshhheeeeee aaaaa
/data3fast/users/mbermudez/de_03/TFGDataset/img/train_t2_0792_1.png|uutt eeeeeeeeeedeeddddeeeeeeetttti nnn nnnttt
/data3fast/users/mbermudez/de_03/TFGDataset/img/train_t2_1081_1.png|geennnn     sseeeeee       eeelllleee      a eerrell
/data3fast/users/mbermudez/de_03/TFGDataset/img/train_t2_1089.png|nnnneeeeeeeeeeeehhhheeee   eellleeeeee ssss eeeeder
/data3fast/users/mbermudez/de_03/TFGDataset/img/train_t2_0473_1.png|geeenn tt   .
/data3fast/users/mbermudez/de_03/TFGDataset/img/train_t2_0263_0.png|nnn cccchst   d  aaaahhttttinn  d eeeeehlee
/data3fast/users/mbermudez/de_03/TFGDataset/img/train_t2_1273.png|cree        ssaaa eett nnndeeeeenn    eeettt
/data3fast/users/mbermudez/de_03/TFGDataset/img/train_t2_0583_1.png|aaeee  uuuuuddd  nallee   chchsseeeeee lllleeeee
/data3fast/users/mbermudez/de_03/TFGDataset/img/train_t2_0531_2.png|dies ee   uussssschtt nnnnnn nneee  aan  eeeeee
/data3fast/users/mbermudez/de_03/TFGDataset/img/train_t2_0246_1.png|ttttt       ngggenee ss  eee ccceeeN******
/data3fast/users/mbermudez/de_03/TFGDataset/img/train_t2_1456_2.png|viee  dd   tttt   eeellheee ddeeeeeeechheeennnn
/data3fast/users/mbermudez/de_03/TFGDataset/img/train_t2_1200.png|#
/data3fast/users/mbermudez/de_03/TFGDataset/img/train_t2_0270_0.png|"      
/data3fast/users/mbermudez/de_03/TFGDataset/img/train_t2_0599_2.png|daaa  cchieeeeessllllll  u  au    s seeeeeee    ee
/data3fast/users/mbermudez/de_03/TFGDataset/img/train_t2_0171_0.png|iiih 
/data3fast/users/mbermudez/de_03/TFGDataset/img/train_t2_1396_1.png|alle   eeeesseleee  unddeeeeeeihhhhhhs   aaaaa
/data3fast/users/mbermudez/de_03/TFGDataset/img/train_t2_0725_2.png|die  lllll dd  nneeeee     ttt   eeeeieeeee
/data3fast/users/mbermudez/de_03/TFGDataset/img/train_t2_0001_2.png|gee  nnnn  eeelleeeeeeeeeee   d sss aaddeeeeeeeee
/data3fast/users/mbermudez/de_03/TFGDataset/img/train_t2_0795.png|ernnnnnnnnnddd eeehhh  aaleee       ...       ne
/data3fast/users/mbermudez/de_03/TFGDataset/img/train_t2_0793_2.png|bes aah eeee     eeee    sssschheeNNN nn   ccccchh eeee
/data3fast/users/mbermudez/de_03/TFGDataset/img/train_t2_0404_1.png|beeeellhhiii  
/data3fast/users/mbermudez/de_03/TFGDataset/img/train_t2_0500_1.png|geeeeeeeeee aahhh  nneeett n d  assseeeettt
/data3fast/users/mbermudez/de_03/TFGDataset/img/train_t2_1486_2.png|miieeeeeee nnnnellllss  nnee  cc eeddeeedrrr
/data3fast/users/mbermudez/de_03/TFGDataset/img/train_t2_0243_1.png|aachheeeeee  uuaa heeee lhhh   teeeeee uuudddeeeee
/data3fast/users/mbermudez/de_03/TFGDataset/img/train_t2_0033_1.png|ttieeeeiieee s      iiiihiii    ssss   eleeeeeeeee
/data3fast/users/mbermudez/de_03/TFGDataset/img/train_t2_0858_1.png|uu ddd areeeeeessseeeetteeeeee   asss
/data3fast/users/mbermudez/de_03/TFGDataset/img/train_t2_0750_1.png|hheeee   ddrr  **....      eee ****   ssshh  ddddeee
/data3fast/users/mbermudez/de_03/TFGDataset/img/train_t2_1234_1.png|geeess   d  e       miteeeeeN    ee   nn dd    tttr
/data3fast/users/mbermudez/de_03/TFGDataset/img/train_t2_0620_2.png|inneeeeeieeeeeeee  aaa  eeiiinnnnnd eellleenn
/data3fast/users/mbermudez/de_03/TFGDataset/img/train_t2_1038_0.png|daaaaaa  t  unneeee ttstt  a eeee un  ettt   
/data3fast/users/mbermudez/de_03/TFGDataset/img/train_t2_0677_0.png|alll   uuu eeeeeeeee    cllletttthhh dd
/data3fast/users/mbermudez/de_03/TFGDataset/img/train_t2_0187_2.png|dee  iiieeeeeeeeeee    uuss   eeeeeelllaaa   eee   u
/data3fast/users/mbermudez/de_03/TFGDataset/img/train_t2_0566.png|deesllllleee        aaa   aaa eeeeesscch a d 
/data3fast/users/mbermudez/de_03/TFGDataset/img/train_t2_0070_1.png|des  tcccchchhhhtttt  a ss eeeeeiiiin  d
/data3fast/users/mbermudez/de_03/TFGDataset/img/train_t2_0109_2.png|aleeeeeeeee  aaaaeeeeee nnndd   nddessslll ss
/data3fast/users/mbermudez/de_03/TFGDataset/img/train_t2_0394_2.png|undddeeeittttseeeN  nneeeedrrrelccceee  nndd
/data3fast/users/mbermudez/de_03/TFGDataset/img/train_t2_0214_1.png|aannn   err aaa eeeeeddeeeelleeee    seee  ssss  eee
/data3fast/users/mbermudez/de_03/TFGDataset/img/train_t2_0931_1.png|eeeeeee e  nnn n h   eee  eeet hehett eeeeeeleeeeitt
/data3fast/users/mbermudez/de_03/TFGDataset/img/train_t2_0584_0.png|da   eeeeiitt    
/data3fast/users/mbermudez/de_03/TFGDataset/img/train_t2_0635_1.png|di   iiihchhh aaa    errrccchhtt    ttttt
/data3fast/users/mbermudez/de_03/TFGDataset/img/train_t2_0922_1.png|cheeeeeeeeeees   nnnnnuunaallhhhheeelllllssss
/data3fast/users/mbermudez/de_03/TFGDataset/img/train_t2_1433.png|ihhgeeeee  udddeeeeeehhieeeeeeeee      eesssssee
/data3fast/users/mbermudez/de_03/TFGDataset/img/train_t2_0136_1.png|aassseeeeeeeesssNNNN  ss   nneee   llahhnneeee***.
/data3fast/users/mbermudez/de_03/TFGDataset/img/train_t2_0484_0.png|brrreeeeeenneeniccc aaaa d nddeeeeeeee n htttt
/data3fast/users/mbermudez/de_03/TFGDataset/img/train_t2_1244_1.png|hhheeeeeeeeetttt  au  eeesssshccllse   de
/data3fast/users/mbermudez/de_03/TFGDataset/img/train_t2_0071_1.png|aaddd    seeed   ch    eeeeeeeeeccllle   nnnndde
/data3fast/users/mbermudez/de_03/TFGDataset/img/train_t2_0512.png|aaaalllhh t    eeeeee   dd eeeenn  eeeeeeeeeeeedd
/data3fast/users/mbermudez/de_03/TFGDataset/img/train_t2_1145_0.png|ffneeeeeeeee a dddddassseeeeee   ahhha   deeeeese
/data3fast/users/mbermudez/de_03/TFGDataset/img/train_t2_0103_0.png|#  e
/data3fast/users/mbermudez/de_03/TFGDataset/img/train_t2_0108_2.png|aasss eeie eeenniiihetseee nnneeeee   aa ddnne
/data3fast/users/mbermudez/de_03/TFGDataset/img/train_t2_0350_2.png|geehhhheeee  aaah ddd ee sllssssssssssss     nnn  nnnnn
/data3fast/users/mbermudez/de_03/TFGDataset/img/train_t2_0158.png|stl  gggeeeeeeeeeedd  nn  ccnnnneeee   t mmnnnnne
/data3fast/users/mbermudez/de_03/TFGDataset/img/train_t2_0982.png|die eeeeee nd  sshh    hh   sseN        nllllllhhhhh
/data3fast/users/mbermudez/de_03/TFGDataset/img/train_t2_0566_2.png|dee llllllee tt      maaa aaa  deeee  chh    
/data3fast/users/mbermudez/de_03/TFGDataset/img/train_t2_1499.png|eee  aaaaaaaa dddeeeeesseee  s    hhhttttt  eeeell
/data3fast/users/mbermudez/de_03/TFGDataset/img/train_t2_0934_0.png|die     chheeeeeettttttggee u n ee
/data3fast/users/mbermudez/de_03/TFGDataset/img/train_t2_0877_0.png|lleennnnnneee    dd rrlllhhhee  uaaaannnnnd
/data3fast/users/mbermudez/de_03/TFGDataset/img/train_t2_0113.png|rrreettee   tttttt    dd   aaa teeieeieeeeeeedeeee
/data3fast/users/mbermudez/de_03/TFGDataset/img/train_t2_0482_1.png|errrclssee     geeee lllheeennee*e**    sssllll
/data3fast/users/mbermudez/de_03/TFGDataset/img/train_t2_0952_1.png|brs    nnnddeeeeeeeeeeeeeetttt    ddd     n ddddrrr
/data3fast/users/mbermudez/de_03/TFGDataset/img/train_t2_0013_0.png|un  eeee   dddrreleeeee  
/data3fast/users/mbermudez/de_03/TFGDataset/img/train_t2_0569_0.png|oo   esseeeee     eeee  *** eeeeege  eeee deeeettteeee
/data3fast/users/mbermudez/de_03/TFGDataset/img/train_t2_0941_1.png|lchh  nn iiiiihe  dddd   aaggeeeeee   elllleeeh
/data3fast/users/mbermudez/de_03/TFGDataset/img/train_t2_1210_1.png|eeeeeeeeeett   aaa nnennee cchhheeeeeee  
/data3fast/users/mbermudez/de_03/TFGDataset/img/train_t2_0253_1.png|unnneeeee e    ssssss eeeeeeeeetii  ddeeeeeedee
/data3fast/users/mbermudez/de_03/TFGDataset/img/train_t2_1374.png|ooeeee   aaachhnnnneeiiit  uaaaeee
/data3fast/users/mbermudez/de_03/TFGDataset/img/train_t2_0895_0.png|eeenneeeeeee aaaauu  eeeeenneee   tttsseeeeeeeede
/data3fast/users/mbermudez/de_03/TFGDataset/img/train_t2_0550_2.png|seeNeeeeeee  nn  e      eeeeee   lheeeet  ttttatt
/data3fast/users/mbermudez/de_03/TFGDataset/img/train_t2_0854_0.png|bbeeaaa  eeee     i  drr ttt   ssslllleeee  aassaa
/data3fast/users/mbermudez/de_03/TFGDataset/img/train_t2_1168.png|chhh     ssss  nnddessssscchcts eeee*****       dddeeeeehh
/data3fast/users/mbermudez/de_03/TFGDataset/img/train_t2_1402.png|wol   aad a     iieccchssss       lllhheeeettt
/data3fast/users/mbermudez/de_03/TFGDataset/img/train_t2_0380_1.png|gessttth    a seee         llsssss  eeeelhe edd
/data3fast/users/mbermudez/de_03/TFGDataset/img/train_t2_0904_2.png|erralllllleeeneeeelllle  nnd          eeeeeee
/data3fast/users/mbermudez/de_03/TFGDataset/img/train_t2_0061_1.png|oond ere   aatttteeeeeeN uuu  ssssse 
/data3fast/users/mbermudez/de_03/TFGDataset/img/train_t2_0434_1.png|siihh innnnnggeeeeeeeeeeeeeettthh    eesssssss
/data3fast/users/mbermudez/de_03/TFGDataset/img/train_t2_0424_1.png|tee  nnneeeeeeee       ssseedrr  aaa ttttttt
/data3fast/users/mbermudez/de_03/TFGDataset/img/train_t2_1112.png|sss     nna sssst   nnaaaahhh sss eeeeeenncchhh
/data3fast/users/mbermudez/de_03/TFGDataset/img/train_t2_0958.png|deN   nnnnneeeeestt  nn   sssss au nnndeeeeeeeeeeee
/data3fast/users/mbermudez/de_03/TFGDataset/img/train_t2_1229_1.png|lll   dd  aaaeeeeti   dd ssssh dddddrrrrhhhh
/data3fast/users/mbermudez/de_03/TFGDataset/img/train_t2_0359_1.png|eeeeeeeeee  e   ffs       
/data3fast/users/mbermudez/de_03/TFGDataset/img/train_t2_0638_0.png|hhheeN     iieeeeeeeenneiichhhhii e     aaa eeeeeee
/data3fast/users/mbermudez/de_03/TFGDataset/img/train_t2_0462_2.png|eee   ellhhe ddeeeeeeeeeeertt rrreee   usssseeeell
/data3fast/users/mbermudez/de_03/TFGDataset/img/train_t2_0157_0.png|oonnnn  eeeeeeeeedee   cchhee nnn   ad eeeee
/data3fast/users/mbermudez/de_03/TFGDataset/img/train_t2_1280_0.png|geeee 
/data3fast/users/mbermudez/de_03/TFGDataset/img/train_t2_0788_0.png|oon  aaaa eeeeeiiiieet   aaaaa eee ettt
/data3fast/users/mbermudez/de_03/TFGDataset/img/train_t2_1134_1.png|ttt  ndd daaalllleeeeeeett  ueeeeeeeerrrrrr
/data3fast/users/mbermudez/de_03/TFGDataset/img/train_t2_1379_2.png|mttt eeeeeeeeeeeenn  eleee    ..
/data3fast/users/mbermudez/de_03/TFGDataset/img/train_t2_1188.png|chee sshhhhhhhee  ee  c        nddddee ccch n n dd  ass
/data3fast/users/mbermudez/de_03/TFGDataset/img/train_t2_0329_1.png|eeeeeeNNeeNNsssse  hhhhh   eeeeellenn   alllle  ddn
/data3fast/users/mbermudez/de_03/TFGDataset/img/train_t2_0571.png|bbeeeeee   aaaseeee nn  eeeee lllgggnnnnne
/data3fast/users/mbermudez/de_03/TFGDataset/img/train_t2_0755.png|ieesete nnnnnnnnnsss uu  aaaa   eeeeeetttaaaa
/data3fast/users/mbermudez/de_03/TFGDataset/img/train_t2_0457_2.png|vrrreessee  rrrreett aaaa    e ieeeeeeddeeesstttttt
/data3fast/users/mbermudez/de_03/TFGDataset/img/train_t2_0619_1.png|dee     eeeeeeeeseeeee  nn   a  eeeeeeeeeee      tttttt
/data3fast/users/mbermudez/de_03/TFGDataset/img/train_t2_0448_0.png|gee  d     deeetteeeeeeellllleeee rr dddeerrr
/data3fast/users/mbermudez/de_03/TFGDataset/img/train_t2_1322_1.png|teeeeeeelleeetrrrd   eeeschh  nddddd ss   dd
/data3fast/users/mbermudez/de_03/TFGDataset/img/train_t2_0317_2.png|wirdd     cchhllee  nnndeee     e   ssccssshhhe
/data3fast/users/mbermudez/de_03/TFGDataset/img/train_t2_0697.png|chh  e        esssseeeN  llh   eeee* **  naaalllee
/data3fast/users/mbermudez/de_03/TFGDataset/img/train_t2_0681.png|disssssslll   ddsssssscch  nnnnneeeeeeeeee aaageeee
/data3fast/users/mbermudez/de_03/TFGDataset/img/train_t2_0826_1.png|irr  aaassssschssii  *********         h  eereeeeeee  dnnnnn
/data3fast/users/mbermudez/de_03/TFGDataset/img/train_t2_0217_1.png|nne     ssssach  ddeee r  tshhhh  ndneeeeeeeee tna
/data3fast/users/mbermudez/de_03/TFGDataset/img/train_t2_1291_1.png|andd rsss     eeeeeeiiiet    d  ellchheeee
/data3fast/users/mbermudez/de_03/TFGDataset/img/train_t2_0328_0.png|drrttttttttt  
/data3fast/users/mbermudez/de_03/TFGDataset/img/train_t2_0537.png|"nneeeiii   aaa eeeeeeeett   ndddrrrrreeee
/data3fast/users/mbermudez/de_03/TFGDataset/img/train_t2_0614_2.png|wieedeeeeeeennncheeeeee         rreeeeee  ssssse eeees
/data3fast/users/mbermudez/de_03/TFGDataset/img/train_t2_1436_0.png|gee aaaaaleee ddeeeeeeeeeeeeeeee    naa ttttttttt
/data3fast/users/mbermudez/de_03/TFGDataset/img/train_t2_0808_2.png|hhe  aaaaaass   eeeee   aa  deeeeeeeeeeNeNN
/data3fast/users/mbermudez/de_03/TFGDataset/img/train_t2_1477.png|geeeNNeesss  uuunddde    asaaahh eeeeeiinnn    rr
/data3fast/users/mbermudez/de_03/TFGDataset/img/train_t2_0702_0.png|aheeeeeesssseeeeehlss    niiitt llleNNNNNN
/data3fast/users/mbermudez/de_03/TFGDataset/img/train_t2_0024.png|beeeeeleeeessstt    eellhh  deeeee     sssa  neeee
/data3fast/users/mbermudez/de_03/TFGDataset/img/train_t2_0019_2.png|ihhh  eeeeedr  aaaaeeeeeeeeeeeeeecceeess    eeeee
/data3fast/users/mbermudez/de_03/TFGDataset/img/train_t2_0456_2.png|bee  anlleeeN  undd    r .. tcclhteeeeeeeeelll
/data3fast/users/mbermudez/de_03/TFGDataset/img/train_t2_0794_0.png|mee   rrleeeeeeeeeeee  a   t aaaaseeeeeee llllleee
/data3fast/users/mbermudez/de_03/TFGDataset/img/train_t2_0946_0.png|un eeeeeee ddrrr llass          s   hh   eeee  e
/data3fast/users/mbermudez/de_03/TFGDataset/img/train_t2_0413_1.png|ee  dddddeeessseee    aaaaahan   ttt    st
/data3fast/users/mbermudez/de_03/TFGDataset/img/train_t2_1380_0.png|inddeeeeeeeeeee*********     ssss     dd  asssss ee
/data3fast/users/mbermudez/de_03/TFGDataset/img/train_t2_1212_1.png|eee     eeesss   d  eeeeeeeeeeeet   eeeeeeeeee
/data3fast/users/mbermudez/de_03/TFGDataset/img/train_t2_0179_0.png|thnnnnnnnnnnn  eeeeennn   chhhhhhheeeeeeeesttte
/data3fast/users/mbermudez/de_03/TFGDataset/img/train_t2_0567_2.png|aanneeeeettttt  hhheeee  aaaaaa dd ss    nllleee
/data3fast/users/mbermudez/de_03/TFGDataset/img/train_t2_1110_1.png|aa  eeeeeeen edrrr aaatttt    esssssccheNNee
/data3fast/users/mbermudez/de_03/TFGDataset/img/train_t2_0071_0.png|andderssseedde        eeeeee eee cccllee    ddddde
/data3fast/users/mbermudez/de_03/TFGDataset/img/train_t2_1213_2.png|"  eeeeeeeeccchhhhhhhheett  nn  aalllllttttttt
/data3fast/users/mbermudez/de_03/TFGDataset/img/train_t2_0149_1.png|geeeee      eeeihhttt   d ee **  ...
/data3fast/users/mbermudez/de_03/TFGDataset/img/train_t2_0494.png|wssss  
/data3fast/users/mbermudez/de_03/TFGDataset/img/train_t2_0780_1.png|oondddeeeeeee    .
/data3fast/users/mbermudez/de_03/TFGDataset/img/train_t2_0608_2.png|blleeee e ********* uusssss   eeeeeiiicchhnnnnddd
/data3fast/users/mbermudez/de_03/TFGDataset/img/train_t2_1024_0.png|sttth nnnndd   tteeee eessssecchhh nnn  ddd   r
/data3fast/users/mbermudez/de_03/TFGDataset/img/train_t2_0889.png|see  llllleeetttteeeeee eeede ee eeeeeiiitnnn
/data3fast/users/mbermudez/de_03/TFGDataset/img/train_t2_1275.png|beN   aah eeeeelhhssee i nnnnniii ****     sssse ddd
/data3fast/users/mbermudez/de_03/TFGDataset/img/train_t2_1269_2.png|ttteeettt  ssllll nnnneeeeeellls      eeetttttttttt
/data3fast/users/mbermudez/de_03/TFGDataset/img/train_t2_0410.png|rrreeeeeeeeeee    clheeeeeen     sssaalle nnn     aa
/data3fast/users/mbermudez/de_03/TFGDataset/img/train_t2_1487_2.png|inn      neee alllllllee   ssthheeeee  aaaaa
/data3fast/users/mbermudez/de_03/TFGDataset/img/train_t2_0576_2.png|geeeee     ssdd  aaaa dd  iccccc nnndddnnnn
/data3fast/users/mbermudez/de_03/TFGDataset/img/train_t2_1433_2.png|ihhhllleee   ddddeseehhhheeenegeee      dsssssssseN
/data3fast/users/mbermudez/de_03/TFGDataset/img/train_t2_0672.png|fnngggeee  dd  nnnd  ihheeeeettttttteee
/data3fast/users/mbermudez/de_03/TFGDataset/img/train_t2_0527.png|dee lclnnnnnddeeelcchh  daaaaaaaa  ddereeiieeee
/data3fast/users/mbermudez/de_03/TFGDataset/img/train_t2_0683_0.png|eett eeesss llllee    deeeee aa  niiieeeeennni
/data3fast/users/mbermudez/de_03/TFGDataset/img/train_t2_1243_0.png|eeeeeeessseeunn  ttt  eeer  ssss   deeeeeessttttee
/data3fast/users/mbermudez/de_03/TFGDataset/img/train_t2_0937_0.png|bbeeeersssrr dd aaahnnneeeeeeete   nnnn
/data3fast/users/mbermudez/de_03/TFGDataset/img/train_t2_0556_2.png|meh  aaeeee nn eeeee  uu  ssa  nnniiii  d   
/data3fast/users/mbermudez/de_03/TFGDataset/img/train_t2_0237_0.png|aals   
/data3fast/users/mbermudez/de_03/TFGDataset/img/train_t2_0846_1.png|anneeee  nnn      e  lleeeeetiieihhhheeeeeee aa eeeeeee
/data3fast/users/mbermudez/de_03/TFGDataset/img/train_t2_0757_2.png|seeet    s deee  lllleeenn    ttttttt  d rrrelll
/data3fast/users/mbermudez/de_03/TFGDataset/img/train_t2_0835_1.png|de   nn          u eeeee   ttteeettttt aa   aa rr
/data3fast/users/mbermudez/de_03/TFGDataset/img/train_t2_0814_2.png|ltte    e  aaaseeeeeeennneeegggeee        attt
/data3fast/users/mbermudez/de_03/TFGDataset/img/train_t2_0674_2.png|"s    eeeeeeess   h   eeeeeeeeeeee  aaaaauu
/data3fast/users/mbermudez/de_03/TFGDataset/img/train_t2_0613_0.png|geeennniehhhhhhh ndddd eeeeeeesssshsss  nnnddde
/data3fast/users/mbermudez/de_03/TFGDataset/img/train_t2_0655.png|wiesssss  lchhhhheee nnn nmiieee    daasssss
/data3fast/users/mbermudez/de_03/TFGDataset/img/train_t2_0151.png|sshh   aaahheeeed  rrrtt ichhhnnnndd  sssseeee
/data3fast/users/mbermudez/de_03/TFGDataset/img/train_t2_0074_0.png|tt    geellchht  eeee   aahh eee nnnn  tttt
/data3fast/users/mbermudez/de_03/TFGDataset/img/train_t2_1091_2.png|eeee   nnn ssssshhhhhh eeeeet     eeeeeeee a reeerrrre
/data3fast/users/mbermudez/de_03/TFGDataset/img/train_t2_1353_1.png|gggnnnn eess   sssssddeesseeee    eeeeeeeeeeee
/data3fast/users/mbermudez/de_03/TFGDataset/img/train_t2_0921_1.png|dd       seeegnnnn  sssllllsse    .......
/data3fast/users/mbermudez/de_03/TFGDataset/img/train_t2_1133_1.png|ee    aauudddeeeee  eeeeeeeellhh   d eeccleeeeNNN
/data3fast/users/mbermudez/de_03/TFGDataset/img/train_t2_0713_0.png|# ee
/data3fast/users/mbermudez/de_03/TFGDataset/img/train_t2_1466.png|aaatttttt    eeeddrr  ndeeeehieeeeeeeees      sseccchh
/data3fast/users/mbermudez/de_03/TFGDataset/img/train_t2_0356_0.png|bee nnnneenn  aaaaa n  aahhhh    aaaeeeet  nn
/data3fast/users/mbermudez/de_03/TFGDataset/img/train_t2_1115_2.png|iirrreeeeee    eeeeeiieteeedd    ttt    
/data3fast/users/mbermudez/de_03/TFGDataset/img/train_t2_1043_0.png|oneeee  aaah  d   lleeeeee   s  dddssseeeeeeeN    eee
/data3fast/users/mbermudez/de_03/TFGDataset/img/train_t2_1101_2.png|detttssee llleee rdddd aaa  eee  aaaaauddd
/data3fast/users/mbermudez/de_03/TFGDataset/img/train_t2_1143.png|eeesst aallhennneeeee ****   aaaaa       iittsss
/data3fast/users/mbermudez/de_03/TFGDataset/img/train_t2_1330_1.png|iin nnnnnnnnnnnn nnnn    iiiichnnnnd    ttttttt
/data3fast/users/mbermudez/de_03/TFGDataset/img/train_t2_0612_2.png|aaa  eee  aalleeeeeeeiittttt  nndeeiii**.....
/data3fast/users/mbermudez/de_03/TFGDataset/img/train_t2_1194_1.png|geeNN   nnn eeeeeeihh  eeeeeeessssss    nnnn   s   eeeeeee
/data3fast/users/mbermudez/de_03/TFGDataset/img/train_t2_0446_2.png|drr hh      a         **eee  uuu  sseeeeen  chhieee
/data3fast/users/mbermudez/de_03/TFGDataset/img/train_t2_0889_1.png|eeeeelllleeeeetttee  eeeeeeeeee*eeeeeeiiii
/data3fast/users/mbermudez/de_03/TFGDataset/img/train_t2_1171_0.png|ass     eeeeeeeiiinnnnneeeenna  essseeeeeeeeeee
/data3fast/users/mbermudez/de_03/TFGDataset/img/train_t2_0968.png|mtttshlllssssss  aaaaaallleelhheeeeeeeee   i       raaaa
/data3fast/users/mbermudez/de_03/TFGDataset/img/train_t2_0276_0.png|"s      nnnnnnnnnne    lllehhctt    nccccc
/data3fast/users/mbermudez/de_03/TFGDataset/img/train_t2_1027_2.png|deeeeelllaaau eeeeeessseeee d sssshhhseeeeeeee
/data3fast/users/mbermudez/de_03/TFGDataset/img/train_t2_0752_1.png|inneeeeeeelllenneeeesseeeessss    eee  aaaeeee
/data3fast/users/mbermudez/de_03/TFGDataset/img/train_t2_0664_1.png|ii   eeeeeeeeeeee   aaaccch    eeeennnee sssss
/data3fast/users/mbermudez/de_03/TFGDataset/img/train_t2_0743_0.png|auuuaallll ennndedeeeedddeeeegggeeeeeeeeeN
/data3fast/users/mbermudez/de_03/TFGDataset/img/train_t2_0494_1.png|wssss  ..
/data3fast/users/mbermudez/de_03/TFGDataset/img/train_t2_0494_0.png|wssssee ..
/data3fast/users/mbermudez/de_03/TFGDataset/img/train_t2_1116_0.png|deN   fffuuuaaaaaaaau nn  dsssss cccssssllau
/data3fast/users/mbermudez/de_03/TFGDataset/img/train_t2_0421_1.png|gleeeettttt    mthhhhnnttttttssst eeeellleee
/data3fast/users/mbermudez/de_03/TFGDataset/img/train_t2_1002_0.png|rreeeeeeeeeeeeeeeeeeeeteeeeeeetssssshhhtttt nnnee
/data3fast/users/mbermudez/de_03/TFGDataset/img/train_t2_0367_0.png|aat   eeeelheeeeeeeeeeeeeeerrrrrreelllleh  nnnn
/data3fast/users/mbermudez/de_03/TFGDataset/img/train_t2_0462_0.png|eee  lllhh dddeeereeeeee  rrrr ee   ssssss  eslll
/data3fast/users/mbermudez/de_03/TFGDataset/img/train_t2_1009_1.png|an dddrrrrichhheeeeeeeee    nhhh d  aassss
/data3fast/users/mbermudez/de_03/TFGDataset/img/train_t2_0248_0.png|ere neeeeett nnneeeeeeddeeeeeelle     eeeee       s
/data3fast/users/mbermudez/de_03/TFGDataset/img/train_t2_1398_2.png|nn   aasllllleeeeeeeeeeennnnhaa    iiieee
/data3fast/users/mbermudez/de_03/TFGDataset/img/train_t2_0448_1.png|gee  ddddd  rritteeeeeelllllleeeed dreeeddd
/data3fast/users/mbermudez/de_03/TFGDataset/img/train_t2_0250_1.png|eeeee     tttttee  nnd ssssseee  ngllleee ddrrlllll
/data3fast/users/mbermudez/de_03/TFGDataset/img/train_t2_0689_1.png|uudd  eeeeee  e    ssss daaalllleeeeeeeettt
/data3fast/users/mbermudez/de_03/TFGDataset/img/train_t2_0706_2.png|dee  nnnneiinnnaaa lleeeeteee  nnnneeeeehheeeeeeN
/data3fast/users/mbermudez/de_03/TFGDataset/img/train_t2_0481_1.png|seeeeeeeeeeeeeeN gee    s     essss     uuuuun
/data3fast/users/mbermudez/de_03/TFGDataset/img/train_t2_0893_0.png|tttsssslllhs    nnnddee aaaahhllelsssss eeeeee tchhh
/data3fast/users/mbermudez/de_03/TFGDataset/img/train_t2_0878.png|verraaaaaa eeeeelllleennnn nnnn aassssthtthhh
/data3fast/users/mbermudez/de_03/TFGDataset/img/train_t2_1470_0.png|ine   cchh  dddeeee *******        eeeeee  ssu   eeeesee
/data3fast/users/mbermudez/de_03/TFGDataset/img/train_t2_0964_1.png|tttt   rrhhheeeeeettchi ddee  egeeee    r
/data3fast/users/mbermudez/de_03/TFGDataset/img/train_t2_0014_0.png|nnn ssseeeeeeee  u    uunnn ee ccciieeerr  nnnnnnn
/data3fast/users/mbermudez/de_03/TFGDataset/img/train_t2_1020_2.png|# 
/data3fast/users/mbermudez/de_03/TFGDataset/img/train_t2_1484.png|dass  eeechhheeennnnnnnnnnndeeeeeeeeeeee     tttc  uu
/data3fast/users/mbermudez/de_03/TFGDataset/img/train_t2_0161_1.png|mr   u  eeetttiiiiieeded   aannneeeeeeeeeessscchl
/data3fast/users/mbermudez/de_03/TFGDataset/img/train_t2_0459.png|see   uuuuuuuu   neeittt eeeeeeeeeeee  aaan eeeeee
/data3fast/users/mbermudez/de_03/TFGDataset/img/train_t2_1009.png|"  ddeerrrichhheeeeeeeeett hc   d  aasssss
/data3fast/users/mbermudez/de_03/TFGDataset/img/train_t2_1031_2.png|beeeeeeeettteeeeehhhh   iiiieeeeenndddd
/data3fast/users/mbermudez/de_03/TFGDataset/img/train_t2_0828_0.png|unnddddrrrraall rrrrrdeed sss    eeeeeee ttta
/data3fast/users/mbermudez/de_03/TFGDataset/img/train_t2_1260.png|bllettttttteeN   u  sssschii   alllllhnnn
/data3fast/users/mbermudez/de_03/TFGDataset/img/train_t2_1473_2.png|wiieeeeeeeeerrttttaalllll u dd  iiii nnnnnnnn
/data3fast/users/mbermudez/de_03/TFGDataset/img/train_t2_0624.png|dieellllhheesseeeeennnneeeeeee dess  ddd sssss
/data3fast/users/mbermudez/de_03/TFGDataset/img/train_t2_0886_2.png|uu     endee ssccchcheeeeN*** e ss auuuuuufe
/data3fast/users/mbermudez/de_03/TFGDataset/img/train_t2_1006_2.png|der  ttteee  naah   deeeeeeeeees  u ddd   sss
/data3fast/users/mbermudez/de_03/TFGDataset/img/train_t2_1052_0.png|innneeeeeeeeeett ssslllleeh  nnnudd sseeeee    nn
/data3fast/users/mbermudez/de_03/TFGDataset/img/train_t2_0096_1.png|aaee    nnnn chheeedd  ssss  eeeeee     
/data3fast/users/mbermudez/de_03/TFGDataset/img/train_t2_1168_0.png|chhn d  ssss  nndd sssssccchheeeeeeeee*    ss    ddeeeehhhh
/data3fast/users/mbermudez/de_03/TFGDataset/img/train_t2_0987_1.png|# d
/data3fast/users/mbermudez/de_03/TFGDataset/img/train_t2_0203_1.png|"ndddd   na eeeeeeeeeeee  dddeee    a  rrrss
/data3fast/users/mbermudez/de_03/TFGDataset/img/train_t2_0766_1.png|auu eeeeeiiiihnnnn eeeett   aaaaaaahhhhh
/data3fast/users/mbermudez/de_03/TFGDataset/img/train_t2_0166_1.png|eee glleeeeee   uaa  dd    eeeeeeee eeee    r aaaa
/data3fast/users/mbermudez/de_03/TFGDataset/img/train_t2_1387.png|tt**** *eeeeeeeeeee      sssscllhhaa d ssseeeeerttt eeee
/data3fast/users/mbermudez/de_03/TFGDataset/img/train_t2_0410_0.png|reeeeeeeeeeeeeeeellcheeeee  **  ttssclleenn      aa
/data3fast/users/mbermudez/de_03/TFGDataset/img/train_t2_0239.png|"u eeessssseeeed     .
/data3fast/users/mbermudez/de_03/TFGDataset/img/train_t2_1145_2.png|fffeeeeeeee  aaddddaassseeeee    ahhh    eeeseee
/data3fast/users/mbermudez/de_03/TFGDataset/img/train_t2_0799_2.png|ieeeeeeeeeeeeeiin clllhheeeeeeiiiinnnngeeeetttts
/data3fast/users/mbermudez/de_03/TFGDataset/img/train_t2_0817_2.png|dd   ellleeeeee    hhhh  eeegeeNNee eeeeeeeellllllsessss
/data3fast/users/mbermudez/de_03/TFGDataset/img/train_t2_0405_2.png|weennnnnnnnieeeee  fgggellceNNN **
/data3fast/users/mbermudez/de_03/TFGDataset/img/train_t2_0718_0.png|dittttttssss  eeeeei  nnhhch ddee  nnddde
/data3fast/users/mbermudez/de_03/TFGDataset/img/train_t2_0568_1.png|cheeeeee    ssaaaa eeee tttiihneeeeeeeeeetttt
/data3fast/users/mbermudez/de_03/TFGDataset/img/train_t2_0156_0.png|dee  hhhheeeeeeeee ddd   ccchn dd e  sssseeeeNtnt
/data3fast/users/mbermudez/de_03/TFGDataset/img/train_t2_1023_2.png|deeeeeeeeeeeee dddeeeeeggeeetttttuuuudddde
/data3fast/users/mbermudez/de_03/TFGDataset/img/train_t2_1169_1.png|dee ttttt      ttttt nnn eeeeeeee n aallauuuueee
/data3fast/users/mbermudez/de_03/TFGDataset/img/train_t2_1155.png|iird rr   tttt    ssa eeeeee aaaah   eeeeeee
/data3fast/users/mbermudez/de_03/TFGDataset/img/train_t2_1433_0.png|iihheeeee  n dddeesschhhinnneeeeee aa   ssesseesse
/data3fast/users/mbermudez/de_03/TFGDataset/img/train_t2_0344_0.png|nnnneeeaaaa  ssssttte  uunnnnd  llllhhheeddd aa
/data3fast/users/mbermudez/de_03/TFGDataset/img/train_t2_0060.png|ee    dddeeessssschhhheeeehchh     rr rr   aaau
/data3fast/users/mbermudez/de_03/TFGDataset/img/train_t2_1397.png|das    sse s    nnn ccchhiiiiii    ee
/data3fast/users/mbermudez/de_03/TFGDataset/img/train_t2_0257_0.png|vieehhhhhht      ca ssse      hchheennnnihhheeesss
/data3fast/users/mbermudez/de_03/TFGDataset/img/train_t2_0960.png|deeeeeeeeeeeeeee***etttttttt   teseeeNNN   uu  eeeee sssses
/data3fast/users/mbermudez/de_03/TFGDataset/img/train_t2_1310_1.png|weeeeeessssseee        rrttte  ttllll
/data3fast/users/mbermudez/de_03/TFGDataset/img/train_t2_0788_1.png|ooo aaaaaas eeeeeiiii    raaaa eeee ttt
/data3fast/users/mbermudez/de_03/TFGDataset/img/train_t2_0286_1.png|# 
/data3fast/users/mbermudez/de_03/TFGDataset/img/train_t2_0667_0.png|lleee   dee ee****  cccchheeeee   aaa  deeeeeeeeeee
/data3fast/users/mbermudez/de_03/TFGDataset/img/train_t2_1036.png|chggeeeeeesss thh   ddeeeeeeeettuu    eeeeee
/data3fast/users/mbermudez/de_03/TFGDataset/img/train_t2_0610_0.png|de   aaaa u d ee eeeecchhllleeeNNe     chtttt   eeee
/data3fast/users/mbermudez/de_03/TFGDataset/img/train_t2_0079_1.png|mi   eeeeecceeesssuu d  nni ee   cchennnn  eeee
/data3fast/users/mbermudez/de_03/TFGDataset/img/train_t2_0211.png|"n ddeeeee  nnn achheeeeelllllaassss   ddd  n
/data3fast/users/mbermudez/de_03/TFGDataset/img/train_t2_1247.png|iieeesssss eeee scchnnnnnee  nndd eeeeeeeeee
/data3fast/users/mbermudez/de_03/TFGDataset/img/train_t2_0491_2.png|aa  eeeeeeihhte   ddddsaaasleeddd    ......
/data3fast/users/mbermudez/de_03/TFGDataset/img/train_t2_0222_2.png|tttt**    d   ee   dddesss   nnnnneeeeessseee  **      r
/data3fast/users/mbermudez/de_03/TFGDataset/img/train_t2_0583_0.png|aaeee   uuundneen  alee  ccchhhteeeeelllllleeeee
/data3fast/users/mbermudez/de_03/TFGDataset/img/train_t2_0023_1.png|geeetttheeeeeeeeeeellleeeennennn n d   eeeeeeeeeeeeeee
/data3fast/users/mbermudez/de_03/TFGDataset/img/train_t2_0580.png|au   eeehhhheeNdd  ssslllssss   fess       ....
/data3fast/users/mbermudez/de_03/TFGDataset/img/train_t2_0392_0.png|mttttteeeeee ee  r rrllllennnnnne     nnnnn
/data3fast/users/mbermudez/de_03/TFGDataset/img/train_t2_0744_2.png|dee eeennnn      daaaa nnehhh    sssee        ahhhh
/data3fast/users/mbermudez/de_03/TFGDataset/img/train_t2_0342_0.png|eennnnnieeeaaaasssee ddde    eeeessccchheeeeeellleee
/data3fast/users/mbermudez/de_03/TFGDataset/img/train_t2_1398_1.png|ee  aasssslheeeeeeeeeeeennnaaa  iiiiieeeee
/data3fast/users/mbermudez/de_03/TFGDataset/img/train_t2_0006.png|dasssss         *    nnnn ss    nnn  eeeeerrrderreeelll
/data3fast/users/mbermudez/de_03/TFGDataset/img/train_t2_0886_1.png|nnnn ee n ddessschchseeNee  *  ccaaa uuuuuung
/data3fast/users/mbermudez/de_03/TFGDataset/img/train_t2_1411.png|mtt  ggeeeeeeee eeeeee  uu   aa eeeettt
/data3fast/users/mbermudez/de_03/TFGDataset/img/train_t2_0144_1.png|heeeeeltttt  nddeeeihhhheeee   sssssshhhh    dre
/data3fast/users/mbermudez/de_03/TFGDataset/img/train_t2_1106_2.png|olleee   rrrrrrrrrd aaaa ieeee  ***...    allhhh
/data3fast/users/mbermudez/de_03/TFGDataset/img/train_t2_0868_2.png|unddeerr aaa    reellheeeeehhhsssseeee  u
/data3fast/users/mbermudez/de_03/TFGDataset/img/train_t2_1342_1.png|aun  eeets uu nnn nineeee  tttelee dddeeelleNuuuu
/data3fast/users/mbermudez/de_03/TFGDataset/img/train_t2_0559_2.png|unndeeeeen  alsssllleeee  nn  teeeeessssseeeeeee
/data3fast/users/mbermudez/de_03/TFGDataset/img/train_t2_1179_1.png|aa   eeeeeeehhhh  aauddeeeee  *       unnd ssschhh
/data3fast/users/mbermudez/de_03/TFGDataset/img/train_t2_0714_1.png|nnnnhhhhhaaaa  ddeeeiinnnccsssht   ee   rr
/data3fast/users/mbermudez/de_03/TFGDataset/img/train_t2_0079_0.png|mit eeeeeeccheeN s   ndn   tt   eeelcccnnnnnddeee
/data3fast/users/mbermudez/de_03/TFGDataset/img/train_t2_1100_1.png|iih     eeeeee  allleeeesseee   ccchauu deeeettt
/data3fast/users/mbermudez/de_03/TFGDataset/img/train_t2_1414_2.png|oooeeeeee nnn  eeeeerdd  alleeeee    eeeee
/data3fast/users/mbermudez/de_03/TFGDataset/img/train_t2_1470.png|iie    hchh  d  * ****  ***...      eeeeeess     eeeeesee
/data3fast/users/mbermudez/de_03/TFGDataset/img/train_t2_0361.png|#  ee
/data3fast/users/mbermudez/de_03/TFGDataset/img/train_t2_1002_1.png|geeeeeeeeeeeee*eeeeeeeeeeee   esessessttttttt  e
/data3fast/users/mbermudez/de_03/TFGDataset/img/train_t2_0685_1.png|ddi eeeeee**** g fuuuuuggeeeeet   sssdee
/data3fast/users/mbermudez/de_03/TFGDataset/img/train_t2_0118.png|hhhhhhhh  uuaaaa      eeeeiiiie      deeelleeeeeN
/data3fast/users/mbermudez/de_03/TFGDataset/img/train_t2_0098_1.png|ss    dd   s rrrei      rarrrrrddeddeeeessss
/data3fast/users/mbermudez/de_03/TFGDataset/img/train_t2_0342_1.png|iennnnihlll  aass eeeddd   d eee   sccchheeeeeelhhl
/data3fast/users/mbermudez/de_03/TFGDataset/img/train_t2_1116_2.png|dee   uuuuuunggaaau  un     sss  aaaaallle
/data3fast/users/mbermudez/de_03/TFGDataset/img/train_t2_0083_1.png|uunggeeeeeereetttttttteee      raaaattt   ts
/data3fast/users/mbermudez/de_03/TFGDataset/img/train_t2_1078_1.png|lettt   
/data3fast/users/mbermudez/de_03/TFGDataset/img/train_t2_0329_2.png|eeeeeeeeNNNNNsssss    ccchh  eee  neeee    sllllee ddddn
/data3fast/users/mbermudez/de_03/TFGDataset/img/train_t2_1359_1.png|deeeeeessssss   deeeeellheeeeescchh     nnnnnddd 
/data3fast/users/mbermudez/de_03/TFGDataset/img/train_t2_0130_0.png|cheeeeeeeeee  iiiiiiiiehhh aau ddeeeessslhheeenne ssss
/data3fast/users/mbermudez/de_03/TFGDataset/img/train_t2_0809_1.png|dde      eeeeeeNN  aa   eieeeeeeee   deeeeeeelllll
/data3fast/users/mbermudez/de_03/TFGDataset/img/train_t2_0717_0.png|das  eeeeettt    httt eeeeeetsccchhhhnaaaaaa eerr
/data3fast/users/mbermudez/de_03/TFGDataset/img/train_t2_0236_0.png|aau eeeeeeeeeeett   rrrrrr daasssseeecc
/data3fast/users/mbermudez/de_03/TFGDataset/img/train_t2_0722_2.png|ceeeNNNeeeeN  tttu eeeetttttteeeeeeee   ddeee
/data3fast/users/mbermudez/de_03/TFGDataset/img/train_t2_1274_1.png|als eeeeees  ddeesssstt  uu  eeeeeelllgeeN
/data3fast/users/mbermudez/de_03/TFGDataset/img/train_t2_0599_0.png|dd   cchhheeeesssllllaa    a  au dd ssshhhheee  nne
/data3fast/users/mbermudez/de_03/TFGDataset/img/train_t2_0854.png|ooe  aaasseee    hhiie   ssseeeccllleeeeeee  aa  dd
/data3fast/users/mbermudez/de_03/TFGDataset/img/train_t2_1143_2.png|eess   ahlleeennddeee****. t  aamtttt   tthhtttts
/data3fast/users/mbermudez/de_03/TFGDataset/img/train_t2_1469_1.png|hrrrreeeee **    dd           ccc           ....
/data3fast/users/mbermudez/de_03/TFGDataset/img/train_t2_1170_1.png|oon  eeeetttttt d  eiinnnnnniiieeieeeeelll
/data3fast/users/mbermudez/de_03/TFGDataset/img/train_t2_0058_0.png|de    iiiheeeeeeeddee     **    n d asssallleeeeeeeeeee
/data3fast/users/mbermudez/de_03/TFGDataset/img/train_t2_0394.png|undddeeettttttteeeN nneee  deeeelcchinnnnnn
/data3fast/users/mbermudez/de_03/TFGDataset/img/train_t2_0958_2.png|deN    nnnneeee ssccchnnn sssscha nnddeeeeeeeessss
/data3fast/users/mbermudez/de_03/TFGDataset/img/train_t2_0398_0.png|mm    eee  asss eeeeerrtttttttssss  ggeee  sssss
/data3fast/users/mbermudez/de_03/TFGDataset/img/train_t2_0712_1.png|de  aaaan eeeeeeettt   eeeeeeeeeelllleNuuu
/data3fast/users/mbermudez/de_03/TFGDataset/img/train_t2_0213_1.png|sss    deeessslsseNNNN   geeeeeteele  eeeee  nchhhh
/data3fast/users/mbermudez/de_03/TFGDataset/img/train_t2_0043_1.png|da      hhaallgeeeNe  ssseeeer a eeeeeerrr
/data3fast/users/mbermudez/de_03/TFGDataset/img/train_t2_0436_2.png|aassss    nneeeeeeeeehhhhllaalleetttttnnn   eseeeeeh
/data3fast/users/mbermudez/de_03/TFGDataset/img/train_t2_0694_0.png|eetttttt    nnneeeett    aaa   dddrreeeeeeee
/data3fast/users/mbermudez/de_03/TFGDataset/img/train_t2_1105_1.png|ee    aaa eeeeeellll   d ssseeeeeeehhhteennn    eeeeee
/data3fast/users/mbermudez/de_03/TFGDataset/img/train_t2_0023.png|geeettthhheeeeddeeeellllleeeeennnn     ddee  eeeeeee
/data3fast/users/mbermudez/de_03/TFGDataset/img/train_t2_0807_1.png|bee aaa eeeeennnnieeee d ssssssssss  nnnnnn
/data3fast/users/mbermudez/de_03/TFGDataset/img/train_t2_0818_0.png|"sseeeeeeeeee  llll 
/data3fast/users/mbermudez/de_03/TFGDataset/img/train_t2_0090_0.png|deeelllhheeennneeeeiiirr  aaaah  de
/data3fast/users/mbermudez/de_03/TFGDataset/img/train_t2_0619.png|de  ****e   eeeeslleehiin   aaasseeeeeeeeeere  a  ttttt
/data3fast/users/mbermudez/de_03/TFGDataset/img/train_t2_0699_2.png|sseeeeeeeeeee    eed d     d   llleggeettt   ssaauu
/data3fast/users/mbermudez/de_03/TFGDataset/img/train_t2_0964_0.png|cttt     thheeeeeesth  ideee egggeeee   
/data3fast/users/mbermudez/de_03/TFGDataset/img/train_t2_1491_2.png|aass   n eee*********  d  r  cccccsssNee  ssscnnneee
/data3fast/users/mbermudez/de_03/TFGDataset/img/train_t2_1090_1.png|errtttttttttt 
/data3fast/users/mbermudez/de_03/TFGDataset/img/train_t2_0823_0.png|sstt   uuuuudd sssssteeeeeeeeenn    sccchihhhhhh
/data3fast/users/mbermudez/de_03/TFGDataset/img/train_t2_0318.png|dee  eeee   nnnaa  ssaaat   eeiiitt nnnnii
/data3fast/users/mbermudez/de_03/TFGDataset/img/train_t2_1290.png|bes   uddddeeeedr  sssccheeee lllhh    aaaaddeee
/data3fast/users/mbermudez/de_03/TFGDataset/img/train_t2_0743_2.png|auuulllllee ennndddeeeeedeeeeegeeeeeeeeeee
/data3fast/users/mbermudez/de_03/TFGDataset/img/train_t2_0962_1.png|cchhh     eeeeee    sseesssss   ddeeeeeeeeeeeeee*****
/data3fast/users/mbermudez/de_03/TFGDataset/img/train_t2_1181_0.png|ttt   eeeeellleee   a eeee   nndddeeeeeessccchhhn
/data3fast/users/mbermudez/de_03/TFGDataset/img/train_t2_0002.png|miieeeetttlllee dddaaaau ssssstiiiiiii
/data3fast/users/mbermudez/de_03/TFGDataset/img/train_t2_1294.png|aaneeeeeeee  ssss eeeeeeeee ee  e    cc      eeeihhhhee
/data3fast/users/mbermudez/de_03/TFGDataset/img/train_t2_0958_0.png|dee     nnnnneeesstchh nnn ssssaaaunnnndeeeeeeessss
/data3fast/users/mbermudez/de_03/TFGDataset/img/train_t2_0715_1.png|mtt  annnennnnneeeeeeereree  ndn   tteihhhnnn
/data3fast/users/mbermudez/de_03/TFGDataset/img/train_t2_1268_0.png|wii     aaa neee  n ddd aatssseeeNNgguuunnn
/data3fast/users/mbermudez/de_03/TFGDataset/img/train_t2_0714_0.png|nnnccchhhhhhaau ddeeeiccncccllss eeeeee rrr
/data3fast/users/mbermudez/de_03/TFGDataset/img/train_t2_1232_1.png|geeeeeeeeeeeeeeeetssssshss   eeeeetteeee       a
/data3fast/users/mbermudez/de_03/TFGDataset/img/train_t2_1190_0.png|asttthhhhhieeeettt       ttt nnnneeeeeeeeeeeeee
/data3fast/users/mbermudez/de_03/TFGDataset/img/train_t2_1197_0.png|weeedddd ssss tttt   adddddd  ss  tt  ee*...
/data3fast/users/mbermudez/de_03/TFGDataset/img/train_t2_1031_1.png|beeeeeeeeeeeeeeesschh nd niieeeennnnnddd
/data3fast/users/mbermudez/de_03/TFGDataset/img/train_t2_0979_1.png|iitt     eeeeei c   sshllll uuuddeeeeeiccch  ddd a
/data3fast/users/mbermudez/de_03/TFGDataset/img/train_t2_1076.png|ggeggeeeessssssss sss uu dd   aaunnn   eeeeeeeee    aaa
/data3fast/users/mbermudez/de_03/TFGDataset/img/train_t2_0204_1.png|# d
/data3fast/users/mbermudez/de_03/TFGDataset/img/train_t2_1208_2.png|das  eeeeeeee nnnnhheeee  ass t eeeeeennn
/data3fast/users/mbermudez/de_03/TFGDataset/img/train_t2_1177_2.png|beeNNeeeeee   nnnddddee tttttttteeennnieeeeeee
/data3fast/users/mbermudez/de_03/TFGDataset/img/train_t2_0427_2.png|wss  dddnnnnnniiccssllgNNnnnneeeeeeeeeeerrraleeeee
/data3fast/users/mbermudez/de_03/TFGDataset/img/train_t2_0817_0.png|dee rellleeenne   ccch  eeeeeeee nnneeeeeeeglllllsseeses
/data3fast/users/mbermudez/de_03/TFGDataset/img/train_t2_1030_0.png|ufeeeessttt  ddeeeeeeee ssllccchheeddee
/data3fast/users/mbermudez/de_03/TFGDataset/img/train_t2_1378_2.png|beeee       ee   nnntttt  nnnnn    eee  aaalllhhhh
/data3fast/users/mbermudez/de_03/TFGDataset/img/train_t2_0119_1.png|eelhhhhhh   nnnnnnndd nnnn  dd eee   aa rret
/data3fast/users/mbermudez/de_03/TFGDataset/img/train_t2_0001.png|geN nnnn  eeeelllleeeeeeeee   d ssa   eeeeessshh
/data3fast/users/mbermudez/de_03/TFGDataset/img/train_t2_0736_0.png|mt eeeeeeeellleeeeeeee .
/data3fast/users/mbermudez/de_03/TFGDataset/img/train_t2_0999_1.png|errthhhhhheeeeeerrdddr aagggeeeeeeeeee**** nnniihh
/data3fast/users/mbermudez/de_03/TFGDataset/img/train_t2_0514.png|ddsss       sseehhh  eee  eeeeeeeeeee  nn sseeeeeeeeennnnnnn
/data3fast/users/mbermudez/de_03/TFGDataset/img/train_t2_0785.png|onnnlllhnnnnegeeette  ddre   aaddd  ssaahhahhhh
/data3fast/users/mbermudez/de_03/TFGDataset/img/train_t2_0110_0.png|ooosssssllee hhhhheeeenndd aaallleeeeeeeeeeeennnn
/data3fast/users/mbermudez/de_03/TFGDataset/img/train_t2_0309_2.png|dasseeellleeeeeeeett    sss aaa  tti   rrree
/data3fast/users/mbermudez/de_03/TFGDataset/img/train_t2_0361_0.png|#  ee
/data3fast/users/mbermudez/de_03/TFGDataset/img/train_t2_1187.png|annn    eeeeeesssll   uuu eeleehi      d   shhhhh
/data3fast/users/mbermudez/de_03/TFGDataset/img/train_t2_0040_0.png|asssseeelllhh  dd ss t    annnnngggeeeeeer
/data3fast/users/mbermudez/de_03/TFGDataset/img/train_t2_1252_1.png|derllllleeeeeeeettthhhtttttttt   deeeeeeeeeeenneeee
/data3fast/users/mbermudez/de_03/TFGDataset/img/train_t2_0366_2.png|daaaaassseeeeeeeeerrrrrrrreeeeeeeeeeee    uu
/data3fast/users/mbermudez/de_03/TFGDataset/img/train_t2_1445_2.png|eeee         hnnggauuu ddeeeihhheehh   ddd
/data3fast/users/mbermudez/de_03/TFGDataset/img/train_t2_1062_2.png|aaneeeeee nn  ieeeeeeeeeee e nicccsccss eeee***   ss
/data3fast/users/mbermudez/de_03/TFGDataset/img/train_t2_1328_1.png|dee  aahh           dddeeecccie    .    nnnee
/data3fast/users/mbermudez/de_03/TFGDataset/img/train_t2_1155_1.png|iirrrr     ttttt       eeeeee aaa ttt  eeeeee
/data3fast/users/mbermudez/de_03/TFGDataset/img/train_t2_0255_2.png|"      ttt nnnnn   trrrr llllee   n  chhheee
/data3fast/users/mbermudez/de_03/TFGDataset/img/train_t2_1223_0.png|mha    aaeleeellssssssssss     d  assssaauunddd
/data3fast/users/mbermudez/de_03/TFGDataset/img/train_t2_0460_1.png|beeednnn rih  ssss  nnnu ttchauuuddeeeeee
/data3fast/users/mbermudez/de_03/TFGDataset/img/train_t2_0838_1.png|chhh     r aaaeeeeettttttt  aaa   nnnnnneeeeee
/data3fast/users/mbermudez/de_03/TFGDataset/img/train_t2_0302_2.png|geeessssseeeeeeeeeeeennneeennnn   ttttteeeennnnnedd
/data3fast/users/mbermudez/de_03/TFGDataset/img/train_t2_0122_1.png|uu eeeeeeeeeeeeeeeeeeee  ffgeeeeeeeeeen aarre
/data3fast/users/mbermudez/de_03/TFGDataset/img/train_t2_0441_2.png|ttn eeeeeN  nnn ttt    aaass ttttttttt  nn
/data3fast/users/mbermudez/de_03/TFGDataset/img/train_t2_0391.png|oooee dd ss     h  n    iieeeiiihhhhhhheeett   dree
/data3fast/users/mbermudez/de_03/TFGDataset/img/train_t2_0494_2.png|wsssseNN
/data3fast/users/mbermudez/de_03/TFGDataset/img/train_t2_0618_2.png|cchssss       ssssss  n  nn nni nnndddeeeeechhhs     eaaa
/data3fast/users/mbermudez/de_03/TFGDataset/img/train_t2_0905_0.png|gnnneee  cchht  ddr   nn        .
/data3fast/users/mbermudez/de_03/TFGDataset/img/train_t2_1126_2.png|sieeeiiiieeeeesssssllleeNN n  tttt    alggggeeee
/data3fast/users/mbermudez/de_03/TFGDataset/img/train_t2_1475_1.png|eerrllleeeddeeeeeeeeeenn  n    eeesssseeeeree
/data3fast/users/mbermudez/de_03/TFGDataset/img/train_t2_1267_0.png|annnd  aaassssschhhhteee  ***  ssscccc  dddrr
/data3fast/users/mbermudez/de_03/TFGDataset/img/train_t2_0299.png|nnaaaadddessseeeeeeeeichheeeeesssuuu nn  eennnn
/data3fast/users/mbermudez/de_03/TFGDataset/img/train_t2_0040.png|alsseeeelle  d  sstt  aaannnn  eeeeeeerr
/data3fast/users/mbermudez/de_03/TFGDataset/img/train_t2_0800.png|dd           sschhe            ssssssssss   uuf ssllleee
/data3fast/users/mbermudez/de_03/TFGDataset/img/train_t2_0306_0.png|itt      dd  eeeeehhheeeeennneeee  nnnd  ssttttttt
/data3fast/users/mbermudez/de_03/TFGDataset/img/train_t2_0879.png|ii   dsrrrrrrrrrrddrreee  dddeeeeee***
/data3fast/users/mbermudez/de_03/TFGDataset/img/train_t2_1298_1.png|de   llllln eeeelllhhhh  raaaaa eeeeelllhhhh
/data3fast/users/mbermudez/de_03/TFGDataset/img/train_t2_1080.png|ieeeeerrrrttaa ssslhee aaaaauunnu ddddeeeeet
/data3fast/users/mbermudez/de_03/TFGDataset/img/train_t2_0166_2.png|nee lllleeeeee   ass     u eeeeeee eeeee      aaaaaa
/data3fast/users/mbermudez/de_03/TFGDataset/img/train_t2_0063.png|ee nnnnnnn     eeehheeeeettteet      ssschhtt  dddr
/data3fast/users/mbermudez/de_03/TFGDataset/img/train_t2_0374_0.png|aaa  nnnneellchaau geeeeeee   aaaa d   ssssss
/data3fast/users/mbermudez/de_03/TFGDataset/img/train_t2_0162_0.png|dessssssteeee nn eett     iiieeeetteeeeeee     aaaa
/data3fast/users/mbermudez/de_03/TFGDataset/img/train_t2_0246_2.png|iii          ggggeee      eeeelcheeeeeee*
/data3fast/users/mbermudez/de_03/TFGDataset/img/train_t2_0613_1.png|geeeennihhhhhhhh  ddd eeeeeessssssssNN   dddd
/data3fast/users/mbermudez/de_03/TFGDataset/img/train_t2_0435_0.png|eeddd  e   sshi      ieee  ssseeeedd rrrriinnnaaaa
/data3fast/users/mbermudez/de_03/TFGDataset/img/train_t2_1313_2.png|uuu    sasattteennn   aa     sslllllleee  eeee
/data3fast/users/mbermudez/de_03/TFGDataset/img/train_t2_0048_1.png|bbeedd       ssshheeeeeeeeeeeee  aaa  ddsssseeeeee
/data3fast/users/mbermudez/de_03/TFGDataset/img/train_t2_0102.png|aaateeeeeeennnieeeihhhht   d    iieeeeeee tt
/data3fast/users/mbermudez/de_03/TFGDataset/img/train_t2_0592_0.png|ssss   eeeeeeehheeee n d   llll nneee    ..    nn
/data3fast/users/mbermudez/de_03/TFGDataset/img/train_t2_0861_2.png|mitt eeedder     angeeelhchhha dddeeeeeeittt
/data3fast/users/mbermudez/de_03/TFGDataset/img/train_t2_1328.png|dee  lllh       uuu  ddeeeich       nnndeeee
/data3fast/users/mbermudez/de_03/TFGDataset/img/train_t2_0196_0.png|eeN  aaa dddeeeestesss    nnnn    ddd aaalll
/data3fast/users/mbermudez/de_03/TFGDataset/img/train_t2_1100_2.png|ihh     eeeeeeeelllleeesse ee  llhhaa  ddeeeett
/data3fast/users/mbermudez/de_03/TFGDataset/img/train_t2_0971_1.png|ssssseeeeellllaaaahhhhii     aahlheeenneeelleeee
/data3fast/users/mbermudez/de_03/TFGDataset/img/train_t2_1301.png|dee    nneeicccha  sss dd    eeeeeiie eeessssss    n a eeeeNN
/data3fast/users/mbermudez/de_03/TFGDataset/img/train_t2_1345_1.png|gee       ddrrrthhteee nn  aaa  eeeett
/data3fast/users/mbermudez/de_03/TFGDataset/img/train_t2_0374.png|aaa   nn eellhhaauugeeeeee dr   a eee  asssss
/data3fast/users/mbermudez/de_03/TFGDataset/img/train_t2_0903.png|nneeeecccch   n eeeeett  eeeeennnn  eeeeeNNs
/data3fast/users/mbermudez/de_03/TFGDataset/img/train_t2_0841_0.png|seeeeeeesshhhheN duunnn eee     aaaaeee  eeeeeee
/data3fast/users/mbermudez/de_03/TFGDataset/img/train_t2_1087_1.png|eessssss ffeee  nniiieett  ddd aaaaaaas  
/data3fast/users/mbermudez/de_03/TFGDataset/img/train_t2_1488_0.png|uu  eeeeeeeeeeeetttt   rrdrrrrla  raaannnnnnn
/data3fast/users/mbermudez/de_03/TFGDataset/img/train_t2_0981_2.png|sst   ssssaa   eeelssssseessss  nndeeeeee   ssht  d ersshh
/data3fast/users/mbermudez/de_03/TFGDataset/img/train_t2_0662_1.png|eeeNdddddeeeeellllllss ee nnn ee  uneeeesss
/data3fast/users/mbermudez/de_03/TFGDataset/img/train_t2_0744_1.png|dee  ***nn n      aaaaun ittt   dsssse       ahhh
/data3fast/users/mbermudez/de_03/TFGDataset/img/train_t2_1463_0.png|nnnd   eeeeitt    ddrrr  nniiiee   ****eeeeeeeeet
/data3fast/users/mbermudez/de_03/TFGDataset/img/train_t2_1254_0.png|mii eeereeeeeee nddd  eeer     dereccceeeeeeeNNNNe
/data3fast/users/mbermudez/de_03/TFGDataset/img/train_t2_0225_0.png|iiheee     eeeeeeeeeeehhtt   rri    ddeeeih
/data3fast/users/mbermudez/de_03/TFGDataset/img/train_t2_0526_2.png|nnngglaaaauuuu ttttttt eeeeeeeeeennnggg
/data3fast/users/mbermudez/de_03/TFGDataset/img/train_t2_0053_2.png|ass   d  aaasssss   llh        eee   tttthtsssss
/data3fast/users/mbermudez/de_03/TFGDataset/img/train_t2_1141.png|mhhhh nnhhhhhe ddraaaa  dsss   sssse  nddddde
/data3fast/users/mbermudez/de_03/TFGDataset/img/train_t2_1307.png|cheeeeeeee    d dddeee  lgggge tttt   deeeettt
/data3fast/users/mbermudez/de_03/TFGDataset/img/train_t2_0699.png|ccheeeeeeeeeee  ddee       d rrlleeeettt sssssadddd
/data3fast/users/mbermudez/de_03/TFGDataset/img/train_t2_1273_1.png|weeess   dd saaa eeettt nndneeeenn   d  ettth
/data3fast/users/mbermudez/de_03/TFGDataset/img/train_t2_0023_2.png|gerehhhhhherreddeeelllleeeeennnnn dd   dddeeeeeeeee
/data3fast/users/mbermudez/de_03/TFGDataset/img/train_t2_0782_1.png|nnn eelllhheeee  **eeeeeee taaan  eeeeeeee
/data3fast/users/mbermudez/de_03/TFGDataset/img/train_t2_0350_1.png|geeehheeessaa hh ddddeessslssssssssssseee  nnn nnnnnnn
/data3fast/users/mbermudez/de_03/TFGDataset/img/train_t2_1015_2.png|tt  aaaaaadddreecchheee s     nnneeeet   e
/data3fast/users/mbermudez/de_03/TFGDataset/img/train_t2_1259_1.png|#  
/data3fast/users/mbermudez/de_03/TFGDataset/img/train_t2_0231_1.png|wisssssschauuunnd     eeee iihieeee    ttttteeeee
/data3fast/users/mbermudez/de_03/TFGDataset/img/train_t2_1311_2.png|seeeN  nneeeeddrrreechhee  anddeeeeeelllhaaa eeeee
/data3fast/users/mbermudez/de_03/TFGDataset/img/train_t2_1105_0.png|tee     eeeee sslll ddeesseeeehhhhieii nnd   reeeeee
/data3fast/users/mbermudez/de_03/TFGDataset/img/train_t2_0465_1.png|uuu    nnuuuuugeeeeeeeeeee  d   nn
/data3fast/users/mbermudez/de_03/TFGDataset/img/train_t2_0088_1.png|eet     ee  nmmhhheeenneeee    rrreeriiiii ddd
/data3fast/users/mbermudez/de_03/TFGDataset/img/train_t2_0279_2.png|dee   **nnnnnn aaaau   rreeeeet   eeetttt     aa
/data3fast/users/mbermudez/de_03/TFGDataset/img/train_t2_0335.png|dasss  nnnneettt  errrrrrr  aaannnnnnchheee
/data3fast/users/mbermudez/de_03/TFGDataset/img/train_t2_1478_1.png|iieeesss    s eeeeeggegllleedddeeesseeehhh
/data3fast/users/mbermudez/de_03/TFGDataset/img/train_t2_0089_1.png|aass  hhhhi deeeeeeeeeeeetttggggeeeeNa
/data3fast/users/mbermudez/de_03/TFGDataset/img/train_t2_0498_1.png|eest   au   eeellh   deeeeelhhcccht    **....
/data3fast/users/mbermudez/de_03/TFGDataset/img/train_t2_0007_1.png|ee   nnnn auunnngeee      eeeeee  aalleeeeee
/data3fast/users/mbermudez/de_03/TFGDataset/img/train_t2_0168_2.png|au      eeeeee  e ssss     aaaaaleeeN  ssss  dd eehchh
/data3fast/users/mbermudez/de_03/TFGDataset/img/train_t2_0806_2.png|eeNNeeee attt  eeeeeelllleN  ddd   eelllllee
/data3fast/users/mbermudez/de_03/TFGDataset/img/train_t2_0777_1.png|dee  tteee nnnddeee  t aan allleeeneed e  aaaee
/data3fast/users/mbermudez/de_03/TFGDataset/img/train_t2_0587_0.png|der  aa     t    n  eeeeeeen  thheeeettaaa eeee
/data3fast/users/mbermudez/de_03/TFGDataset/img/train_t2_0063_2.png|eeN nnnndd    s elleeeeeeeeeeeeth      ssscsssht     
/data3fast/users/mbermudez/de_03/TFGDataset/img/train_t2_0001_1.png|gee  nnnuuu eesleeeeeeeeeeN dd    aaa   eeeeeeeh
/data3fast/users/mbermudez/de_03/TFGDataset/img/train_t2_0160_1.png|aal       eeerrrrilcchhh nnn  eeeeeggccat nnnd
/data3fast/users/mbermudez/de_03/TFGDataset/img/train_t2_0535_0.png|mee   d   ** ..ssslchht  ddrrraaallleee   d
/data3fast/users/mbermudez/de_03/TFGDataset/img/train_t2_1364_0.png|tttteeeeeeeeeellhhhhte     aunnnccnnneess  ddeee
/data3fast/users/mbermudez/de_03/TFGDataset/img/train_t2_0856_0.png|irrr aaaeeeeeee  nnnneeeeeeeee ssssseeeeeeeeeeeNNN
/data3fast/users/mbermudez/de_03/TFGDataset/img/train_t2_1110_0.png|aaseeeeenneeeeeerr  mttttt    ssssslleeNNN
/data3fast/users/mbermudez/de_03/TFGDataset/img/train_t2_1217_2.png|wlle       sssssshhheedd   ahtt  neeeeetteee uunn
/data3fast/users/mbermudez/de_03/TFGDataset/img/train_t2_0643_0.png|dee  lchhhttiiihh  ddrrrcccllsss   dnnn       ddd
/data3fast/users/mbermudez/de_03/TFGDataset/img/train_t2_0655_2.png|wessss    hhhhhheee nnnn  nnneeee   adassss
/data3fast/users/mbermudez/de_03/TFGDataset/img/train_t2_1286.png|auu de   sstt  nnn   ttthheessshh  ddeeeeeee
/data3fast/users/mbermudez/de_03/TFGDataset/img/train_t2_0215_2.png|hee   aaaa   eeeessssssNN        nnnee      ieieeeeee
/data3fast/users/mbermudez/de_03/TFGDataset/img/train_t2_0540_2.png|#
/data3fast/users/mbermudez/de_03/TFGDataset/img/train_t2_1264.png|daattteeeeeee    dd aaaa  eeeeiihineeeeeeeeaaa
/data3fast/users/mbermudez/de_03/TFGDataset/img/train_t2_0379.png|di   eeeeeeeed   asscchnnd  ss tttt
/data3fast/users/mbermudez/de_03/TFGDataset/img/train_t2_0042_0.png|dee   reeeeetts ccht     ssseeeeeeeeeetttlesse ddd
/data3fast/users/mbermudez/de_03/TFGDataset/img/train_t2_0895_1.png|eennnneeeeee  aaaaau eeeeNeenee  aa teeseeeeeeee
/data3fast/users/mbermudez/de_03/TFGDataset/img/train_t2_0315_0.png|undeeeeeeeeiieennnn dddrrreee  nnnnaaaeeeeere
/data3fast/users/mbermudez/de_03/TFGDataset/img/train_t2_0771_0.png|#  
/data3fast/users/mbermudez/de_03/TFGDataset/img/train_t2_0628_2.png|leeNNNnnnnnnnaattttt nnnnnn eccheeeetttssttthhhh
/data3fast/users/mbermudez/de_03/TFGDataset/img/train_t2_0044_1.png|wiee    aaasee nnnnnnnnee ssssllunnn ttt
/data3fast/users/mbermudez/de_03/TFGDataset/img/train_t2_1419_1.png|geee  nn d attttttt     aallleeeeeeeest  ueeeeee
/data3fast/users/mbermudez/de_03/TFGDataset/img/train_t2_0479_2.png|eeeeeeesssllll   dddrrraaa ndd     hhhnnn
/data3fast/users/mbermudez/de_03/TFGDataset/img/train_t2_0087.png|dee eeeeeesssa  ddee sssssee  ddd  aaaaaa ddee
/data3fast/users/mbermudez/de_03/TFGDataset/img/train_t2_0994_2.png|ditttt   d eeesss     e **         shhheeeeN nn
/data3fast/users/mbermudez/de_03/TFGDataset/img/train_t2_0077_1.png|eennnnnn    accheeeeeed  sslll unnnnn  aasssss
/data3fast/users/mbermudez/de_03/TFGDataset/img/train_t2_1469.png|hhrreeeeee       ddd                     ........
/data3fast/users/mbermudez/de_03/TFGDataset/img/train_t2_0440_2.png|de   aa  dd  tttttttt     
/data3fast/users/mbermudez/de_03/TFGDataset/img/train_t2_0971_2.png|wlssseee  lllllhhah hhhiii  i chhhhenneeeeelhheenn
/data3fast/users/mbermudez/de_03/TFGDataset/img/train_t2_0031_1.png|tee     chh eeeeeen  au ndddeeeeeetteeeennn
/data3fast/users/mbermudez/de_03/TFGDataset/img/train_t2_0252_1.png|geeeeieeennnnniitthttt  ddeeeeessslNNN
/data3fast/users/mbermudez/de_03/TFGDataset/img/train_t2_0175.png|sieeeeeeeesssssssllffeee  uu feeeeee allllllll
/data3fast/users/mbermudez/de_03/TFGDataset/img/train_t2_0762_2.png|errhtteeeeeeeteeeee        
/data3fast/users/mbermudez/de_03/TFGDataset/img/train_t2_1324.png|ccess ss  dddeee   t**.    dd aaallhhieinnnnn dddd
/data3fast/users/mbermudez/de_03/TFGDataset/img/train_t2_0500.png|geesseeeeee aaaahh nnneeee   n daasseeeee 
/data3fast/users/mbermudez/de_03/TFGDataset/img/train_t2_0779.png|wweeeee     ddee ssselleeeiiiinnnd  ssssseeeeeeee
/data3fast/users/mbermudez/de_03/TFGDataset/img/train_t2_0908_2.png|tt   eeeegggguuu  eeeeeeeett aauuuunn  ttttt
/data3fast/users/mbermudez/de_03/TFGDataset/img/train_t2_1274_0.png|aassee       ddeessssst  uu eeeeeeelggggNN
/data3fast/users/mbermudez/de_03/TFGDataset/img/train_t2_0139_1.png|tttt     ee ttt   dee   ss  ddeeeeeeeeeeeee  eeeee
/data3fast/users/mbermudez/de_03/TFGDataset/img/train_t2_0560.png|allllsssshhhh  sssscccchhnnnneettttt  nnnn eeeeee
/data3fast/users/mbermudez/de_03/TFGDataset/img/train_t2_1147_1.png|was    ahhhh eeeee**      aa  eeerrttt  aa ddrrr
/data3fast/users/mbermudez/de_03/TFGDataset/img/train_t2_0535_1.png|mhe   derr**... sccchh   derr aalllleeeeN  ndd
/data3fast/users/mbermudez/de_03/TFGDataset/img/train_t2_0768_2.png|aagee   heeeee  ncccchh  
/data3fast/users/mbermudez/de_03/TFGDataset/img/train_t2_0976_1.png|ssssssaaaaaus   ellllhhh  nnneetit  ee eesssse   nn
/data3fast/users/mbermudez/de_03/TFGDataset/img/train_t2_1389_1.png|eeeee  ellll t    aachhhieeeeeeennnnttttt
/data3fast/users/mbermudez/de_03/TFGDataset/img/train_t2_0027_2.png|er aannnnnnneee uuuu ttttteeee  aas
/data3fast/users/mbermudez/de_03/TFGDataset/img/train_t2_0514_2.png|dass      eeee  ch   eeeeeeee eeeeeNN   n  sceeeeeeennnnnnn
/data3fast/users/mbermudez/de_03/TFGDataset/img/train_t2_0888_2.png|wiee d     eegggeennndd   sslllee inn   s   aa
/data3fast/users/mbermudez/de_03/TFGDataset/img/train_t2_0002_1.png|iiieeeeeeelllf ddd aauuu ssssseeiiiiid
/data3fast/users/mbermudez/de_03/TFGDataset/img/train_t2_1377.png|wwlll  eee  tttauuudd   heee    ieeeee
/data3fast/users/mbermudez/de_03/TFGDataset/img/train_t2_0571_0.png|beeeee    aa eeeeee  n  eeeeee   glllnnnnee
/data3fast/users/mbermudez/de_03/TFGDataset/img/train_t2_1412_2.png|daaaaaaadd ssseee  n  iccsssihhhh  iiiehhhh   aanh
/data3fast/users/mbermudez/de_03/TFGDataset/img/train_t2_0685_0.png|diiieeeee*****eegg uuunggeeeeeet   dddd
/data3fast/users/mbermudez/de_03/TFGDataset/img/train_t2_0157_1.png|oonnn eeeeeeeeeeeee  ssslhhe nnnn   eeeede
/data3fast/users/mbermudez/de_03/TFGDataset/img/train_t2_0020_2.png|aann eeescchlleeeeeN      eeeeee    dddderii
/data3fast/users/mbermudez/de_03/TFGDataset/img/train_t2_1107_1.png|#  ee
/data3fast/users/mbermudez/de_03/TFGDataset/img/train_t2_0786_2.png|vonn chhhttteeeeellhhhhieeeeeess  d eeeiiihccch
/data3fast/users/mbermudez/de_03/TFGDataset/img/train_t2_0243.png|aachheeeeeee uaaa heeeegaa httteeeeeee  uu deeese
/data3fast/users/mbermudez/de_03/TFGDataset/img/train_t2_1420.png|ttt     eeee scch  nnnnnihlll  ssssss a  nnnn  sseee
/data3fast/users/mbermudez/de_03/TFGDataset/img/train_t2_1054.png|wweeeellaaahhh    ddddeeeeg    ssst   eeeeer
/data3fast/users/mbermudez/de_03/TFGDataset/img/train_t2_0963_2.png|uu  eegggee uu aaas   ss    rriiiinnddesssss
/data3fast/users/mbermudez/de_03/TFGDataset/img/train_t2_0608_1.png|blleeeNee******    sssssss    eeeeeeiniiichnnnnee
/data3fast/users/mbermudez/de_03/TFGDataset/img/train_t2_0605_1.png|sttteeeeeeeeeeeedddd   sss     d   aa   e  ddddd
/data3fast/users/mbermudez/de_03/TFGDataset/img/train_t2_0046_2.png|der     ttteeeett  t ii   a dr lllllleeed
/data3fast/users/mbermudez/de_03/TFGDataset/img/train_t2_0237_1.png|aass  
/data3fast/users/mbermudez/de_03/TFGDataset/img/train_t2_0848_1.png|geettttttt  nnnd  i  ***     llss   dddd   aale
/data3fast/users/mbermudez/de_03/TFGDataset/img/train_t2_1424_2.png|irrhhheeeee   aalleee  nnn naaaa eeee n   aa   seeeee
/data3fast/users/mbermudez/de_03/TFGDataset/img/train_t2_1221_1.png|oon    eeeeeelllle      t hheeeeeee   t cccleee
/data3fast/users/mbermudez/de_03/TFGDataset/img/train_t2_1401.png|innd  ssssccchhhee  a  deeerrrr   nnn  ttuuu
/data3fast/users/mbermudez/de_03/TFGDataset/img/train_t2_0163_2.png|de  nnneeeeeeeeettt         llcccceeeeeeellllhhhh  n
/data3fast/users/mbermudez/de_03/TFGDataset/img/train_t2_1361_2.png|"u  ddeeeeeeeeeeiinnnnneeccch aau ddee hhlll
/data3fast/users/mbermudez/de_03/TFGDataset/img/train_t2_0397_2.png|llaa     dddrrr eeeeellleeennn asssssttt
/data3fast/users/mbermudez/de_03/TFGDataset/img/train_t2_1135_0.png|ggeeeetttt   a htttteeeee aau nndeeeee   sssss
/data3fast/users/mbermudez/de_03/TFGDataset/img/train_t2_1233.png|wwrdd 
/data3fast/users/mbermudez/de_03/TFGDataset/img/train_t2_0384_2.png|neeeeeee      nnnee uuugenn  ee  eeeeeeeee  n
/data3fast/users/mbermudez/de_03/TFGDataset/img/train_t2_0438_2.png|oolee      sseeeee   agee uunnaa ttteee
/data3fast/users/mbermudez/de_03/TFGDataset/img/train_t2_0018.png|meeeeeeett  ndd eelllleeeeeeee       e   eesseee
/data3fast/users/mbermudez/de_03/TFGDataset/img/train_t2_0223.png|leett    
/data3fast/users/mbermudez/de_03/TFGDataset/img/train_t2_0752_0.png|ii eeeeeeeellennneesssss  sssss    ttt  a eeee
/data3fast/users/mbermudez/de_03/TFGDataset/img/train_t2_0763_2.png|sscchhhhheeeeee**  s aa dss deddeeeeessschhhhh aa
/data3fast/users/mbermudez/de_03/TFGDataset/img/train_t2_0892_2.png|nnngaalssttt   eeee cclleeeeeeeeeessssss  deeee
/data3fast/users/mbermudez/de_03/TFGDataset/img/train_t2_0161_2.png|aaa  dd aaeeetiiiii ddee aaaanneeeeeeeesscchllll
/data3fast/users/mbermudez/de_03/TFGDataset/img/train_t2_1013_2.png|dde   sssaaaauneeehhh  nnnnelccchhnnddderrriiiii
/data3fast/users/mbermudez/de_03/TFGDataset/img/train_t2_0805_1.png|iieeellllleNNNuuu ddeeeecheeNs           eee  aaa
/data3fast/users/mbermudez/de_03/TFGDataset/img/train_t2_0102_0.png|aaatteeeeeeinnnn ieeihhhh  ndddrrreeeeeee err
/data3fast/users/mbermudez/de_03/TFGDataset/img/train_t2_1453_2.png|#
/data3fast/users/mbermudez/de_03/TFGDataset/img/train_t2_1410_0.png|unddd aalleeee   assseee  ii ttttttttttttt  rrr
/data3fast/users/mbermudez/de_03/TFGDataset/img/train_t2_0163_1.png|dee nnnneeeeeeiitttt       ecccchheeeeeNlllhch  nuuu
/data3fast/users/mbermudez/de_03/TFGDataset/img/train_t2_1033_1.png|matt    nnnntt  mhhchhh ddeeeii tttt  d eenn
/data3fast/users/mbermudez/de_03/TFGDataset/img/train_t2_1166_2.png|dee  * * eeee    ella    ellsseeeeN    asseeee ihhhhssss
/data3fast/users/mbermudez/de_03/TFGDataset/img/train_t2_0468.png|aaa   eeeeeeeee  sssseee  nneettttttt eeee  aaass
/data3fast/users/mbermudez/de_03/TFGDataset/img/train_t2_0665.png|leee   udda  lllaaaaltttee    deeeeeeNNuu
/data3fast/users/mbermudez/de_03/TFGDataset/img/train_t2_0798_1.png|ieeeee    sss  d ssssseeeeeddddee
/data3fast/users/mbermudez/de_03/TFGDataset/img/train_t2_0122_0.png|uu eeeeeee  eeeeeeeeeeeeeegfu eeeeeeeee nn eeee
/data3fast/users/mbermudez/de_03/TFGDataset/img/train_t2_0279.png|dee  e**nnnnnnaauun    teeeee     eett t    aahhh
/data3fast/users/mbermudez/de_03/TFGDataset/img/train_t2_0247_1.png|aaaa   ddd eeeee  dd     hhalleeeee aaaeeee
/data3fast/users/mbermudez/de_03/TFGDataset/img/train_t2_0698_1.png|"   eeennnnnaaccchhheeeeeeeihieeeii  eessseeee
/data3fast/users/mbermudez/de_03/TFGDataset/img/train_t2_0470.png|weeeeettttttta
/data3fast/users/mbermudez/de_03/TFGDataset/img/train_t2_0524.png|ieeeeeee  nnddeeeesss     ..
/data3fast/users/mbermudez/de_03/TFGDataset/img/train_t2_0606_0.png|wreeeee   eea    n      nuuaacheeeeleeeeettitttit
/data3fast/users/mbermudez/de_03/TFGDataset/img/train_t2_1489.png|aacchhsshhha  ddd sss  dnnnnnnahh ddeeeeettt
/data3fast/users/mbermudez/de_03/TFGDataset/img/train_t2_0500_2.png|geeeeeeerrr aaahht nnneeee nn   aas eeeeeet
/data3fast/users/mbermudez/de_03/TFGDataset/img/train_t2_0455.png|unddd   hhhreeererllhhhhhhh e  thccchhccch 
/data3fast/users/mbermudez/de_03/TFGDataset/img/train_t2_1102_2.png|aauun niieeeee   *....
/data3fast/users/mbermudez/de_03/TFGDataset/img/train_t2_0326_0.png|ggneessssss  h nnn  hhhheeenneeetttttttt  sseeeee
/data3fast/users/mbermudez/de_03/TFGDataset/img/train_t2_1106_1.png|lllle    rrdrrrrr   aaah  ieee  .... ..   chh
/data3fast/users/mbermudez/de_03/TFGDataset/img/train_t2_1493_2.png|ggeetteeNNN    ...
/data3fast/users/mbermudez/de_03/TFGDataset/img/train_t2_1049_1.png|aaa    dddee   gggggegellsssssss u eeeeeeeeee
/data3fast/users/mbermudez/de_03/TFGDataset/img/train_t2_1149_0.png|undd rreeeeeeeeeeenn aallssshh ddddresselleeee
/data3fast/users/mbermudez/de_03/TFGDataset/img/train_t2_0811_0.png|dasss  eeeeeeeeeeeiiichhhhheeeeee   nngaaaaaauuuu
/data3fast/users/mbermudez/de_03/TFGDataset/img/train_t2_0795_1.png|errnnnnnnnnnddderhhhhh aalleeee             aaar
/data3fast/users/mbermudez/de_03/TFGDataset/img/train_t2_1076_2.png|geeeeeeeessssssss   auddee  aaalee nndeeeeeeee   aaah
/data3fast/users/mbermudez/de_03/TFGDataset/img/train_t2_1423_0.png|uu  eeeeeeeteleeee  nndd   rrrrreeesssttt
/data3fast/users/mbermudez/de_03/TFGDataset/img/train_t2_0572_1.png|beedddd a  eee   sc eeenneee e      ddde    taatt
/data3fast/users/mbermudez/de_03/TFGDataset/img/train_t2_0405_1.png|weennnnnnnniieeee   ggeeeccceee******.
/data3fast/users/mbermudez/de_03/TFGDataset/img/train_t2_1090_0.png|eettttttttttt
/data3fast/users/mbermudez/de_03/TFGDataset/img/train_t2_0669_2.png|dieee      eeeeeeeet nng   u aallesstttttt
/data3fast/users/mbermudez/de_03/TFGDataset/img/train_t2_1313_1.png|ass    aaaassshee nndd      eesllllllllleeeeeesss
/data3fast/users/mbermudez/de_03/TFGDataset/img/train_t2_0033.png|ttieeeeeiettes      ccchhhh  eessss     llleeeeee
/data3fast/users/mbermudez/de_03/TFGDataset/img/train_t2_0579_0.png|oonndeeeeeeeNnnniccche   ..
/data3fast/users/mbermudez/de_03/TFGDataset/img/train_t2_0866.png|ffnn   sss  edenniccccttseeeee   eeeeeeedd
/data3fast/users/mbermudez/de_03/TFGDataset/img/train_t2_0439_1.png|aassss  sss   eeeeelllllgnnnggggeeeN    nddeeee
/data3fast/users/mbermudez/de_03/TFGDataset/img/train_t2_0111_2.png|ffeeee sss  lllllhhhhhhnneeeeeeeslllaannn  aaa
/data3fast/users/mbermudez/de_03/TFGDataset/img/train_t2_0602.png|drr aa  eeeedd llllee  e  N     s sss c  ccccsssshhhh
/data3fast/users/mbermudez/de_03/TFGDataset/img/train_t2_1385_0.png|sst      eeeee nngeeee  d      ee   aahhh  eeeeeehhh
/data3fast/users/mbermudez/de_03/TFGDataset/img/train_t2_1289_1.png|brerrrrrdrrrreeeeeeeeee eeeeeeeee rrrr    he    aaa
/data3fast/users/mbermudez/de_03/TFGDataset/img/train_t2_0696_0.png|oonneeeeeeeeeee ****nnnnnnn  aaa  eeeeeeeeett
/data3fast/users/mbermudez/de_03/TFGDataset/img/train_t2_1266.png|"n eeee sssslllehhe  nnnnnngeee    nnnnnee
/data3fast/users/mbermudez/de_03/TFGDataset/img/train_t2_0625_1.png|dieeeeeeeeettttteeN  nd a hhhhtt a  eeeeeet uu
/data3fast/users/mbermudez/de_03/TFGDataset/img/train_t2_0517_2.png|ot      eeeeee  u  ddeeeeee*** * sssssseedddddre
/data3fast/users/mbermudez/de_03/TFGDataset/img/train_t2_1118_2.png|des  aaaaauuuusstchte     nnnnnn  aaaaaa   ddde
/data3fast/users/mbermudez/de_03/TFGDataset/img/train_t2_0679_1.png|un  eecllleee  aaaaa  e r cccchst  unuu eeeeeeNN
/data3fast/users/mbermudez/de_03/TFGDataset/img/train_t2_0019_1.png|ihhh    eeerrraaaa eeeeeneeeeeeehee     rreee
/data3fast/users/mbermudez/de_03/TFGDataset/img/train_t2_1392_0.png|# 
/data3fast/users/mbermudez/de_03/TFGDataset/img/train_t2_1131_1.png|ihh    eeenneeeeeeeeN uuuuaa neeeeeetttt    ssschh
/data3fast/users/mbermudez/de_03/TFGDataset/img/train_t2_1222.png|oollaaaudddeeeeellllnnneeeeeerdddd   a ttt 
/data3fast/users/mbermudez/de_03/TFGDataset/img/train_t2_0709_0.png|de   eeeeeeeeeeee  e   aaaassteeett uundd a  eeeee
/data3fast/users/mbermudez/de_03/TFGDataset/img/train_t2_1327.png|eNN nnnn   aaaheeeeeeeeeeee   ddddd   elll  uuuu
/data3fast/users/mbermudez/de_03/TFGDataset/img/train_t2_0751.png|eet   eeee    nn cch ee   aaeetthhh   irihhess
/data3fast/users/mbermudez/de_03/TFGDataset/img/train_t2_1162_2.png|"    ee  e    rlllll ddd    .. ssss
/data3fast/users/mbermudez/de_03/TFGDataset/img/train_t2_0294_2.png|"uu  aaaaad    ss    aanheeeeecceeeNnnnnneeetttt
/data3fast/users/mbermudez/de_03/TFGDataset/img/train_t2_1009_2.png|anndddrrrrhhhhheeeeeeeeee  nnnh  d  aaassss
/data3fast/users/mbermudez/de_03/TFGDataset/img/train_t2_1312_0.png|errccchh eeeeeeeeeeeeeittt   aa eeeee
/data3fast/users/mbermudez/de_03/TFGDataset/img/train_t2_0296_1.png|innd  sseeeehet     aaaa  eeeee  ichhh  ddn 
/data3fast/users/mbermudez/de_03/TFGDataset/img/train_t2_0889_0.png|seeeeellleeeeettteeeee eeeeeeeeeeeeeeiiiittnnnn
/data3fast/users/mbermudez/de_03/TFGDataset/img/train_t2_0973_2.png|eee  chhnnneeeelllee     ttteeeeeeeeeeeiereeeeeen
/data3fast/users/mbermudez/de_03/TFGDataset/img/train_t2_0417_0.png|sttttt          seeee   sssss   aaa allleeee de  * *   n
/data3fast/users/mbermudez/de_03/TFGDataset/img/train_t2_0820.png|nnnn   ttttnnnceeeennniiee   cchslllsee  ss scchhh
/data3fast/users/mbermudez/de_03/TFGDataset/img/train_t2_1048_1.png|ceeeeeeee eee*     nnnn   *ee*eeeeeeeeiihh  dd  aaasse
/data3fast/users/mbermudez/de_03/TFGDataset/img/train_t2_0314_1.png|attt  a   dddr tttttsseeesssseeeauuaaaaa
/data3fast/users/mbermudez/de_03/TFGDataset/img/train_t2_0626.png|de  nnngennnd reeee  dd annnddeeeeeeeeeee
/data3fast/users/mbermudez/de_03/TFGDataset/img/train_t2_0294_1.png|"a  aaaaa  eeaaasss aaa  eecchheeeNNnnnneee ta
/data3fast/users/mbermudez/de_03/TFGDataset/img/train_t2_0884_1.png|de    eeeeett      eleeeeer  scch   chdddddrrlllll
/data3fast/users/mbermudez/de_03/TFGDataset/img/train_t2_0044_2.png|wieee  aaasse nnnnnnn dde sllllnnnnnnnN
/data3fast/users/mbermudez/de_03/TFGDataset/img/train_t2_1498_2.png|di   aaa sssheeeeeedrrdrrdreerrttt    sssssstt
/data3fast/users/mbermudez/de_03/TFGDataset/img/train_t2_0102_1.png|aaa  eeeeennnnnnneeeiccch  dnn ieeeeeeeeee
/data3fast/users/mbermudez/de_03/TFGDataset/img/train_t2_1130.png|eee   tetee  assssh nnnnddeeeeeee nnneeeeeehtt
/data3fast/users/mbermudez/de_03/TFGDataset/img/train_t2_0936_0.png|dannn   iissssschtttt  . *    nneeeihhhtt   ddeeeee
/data3fast/users/mbermudez/de_03/TFGDataset/img/train_t2_0313.png|beeeedndn  eee  schh u  eesscht nnnn eeeeeee hhhhhtt
/data3fast/users/mbermudez/de_03/TFGDataset/img/train_t2_0326_1.png|angee sssss   nna hhhhheeeeeeett  aatttsssseee
/data3fast/users/mbermudez/de_03/TFGDataset/img/train_t2_0128.png|hhh  eeeeecchhhddeeeihhhhauundeeeeeetttt        e
/data3fast/users/mbermudez/de_03/TFGDataset/img/train_t2_0929_2.png|tt  ddddd aasssssee  nn  ichhhnnnnnnnnnnddde
/data3fast/users/mbermudez/de_03/TFGDataset/img/train_t2_1261.png|drrttt  ee  nn eeeee  uu ddeeeeelllleNNnnn
/data3fast/users/mbermudez/de_03/TFGDataset/img/train_t2_0522.png|gllllllleeeeeetssshhheeedddrrrreeeeee     aaaaall
/data3fast/users/mbermudez/de_03/TFGDataset/img/train_t2_0349.png|ss   aaaaaaa sseeee    ttttiiiieeeeiicchhhn
/data3fast/users/mbermudez/de_03/TFGDataset/img/train_t2_0076.png|dee  eeeee  ssseeN  u   eeeeeet nnneeeeedrr
/data3fast/users/mbermudez/de_03/TFGDataset/img/train_t2_0016_0.png|geeeeettti    
/data3fast/users/mbermudez/de_03/TFGDataset/img/train_t2_1459_0.png|deeeeennnneeeheeeeee  aallee   dddd  eeeeeee   ttuu
/data3fast/users/mbermudez/de_03/TFGDataset/img/train_t2_1387_1.png|ttte *******eeeee       ssclllllaaah   desseeeeee tt  eeee
/data3fast/users/mbermudez/de_03/TFGDataset/img/train_t2_0422_0.png|eesshhhhhh n  eeeeeeeeee   uuunggngnnnnnnncccch
/data3fast/users/mbermudez/de_03/TFGDataset/img/train_t2_1496.png|oonnddee  ss  nnnnnnn e  aa eee   
/data3fast/users/mbermudez/de_03/TFGDataset/img/train_t2_0351.png|ooeeeeeeeNNNN  ddda eeddrrrrrttt  sssaaahhhh
/data3fast/users/mbermudez/de_03/TFGDataset/img/train_t2_1376_2.png|mmn eeee  nndaaahhheeee   geee        ii
/data3fast/users/mbermudez/de_03/TFGDataset/img/train_t2_0609.png|errlllttt    dddeesseeeeeihi nn eesssssssN
/data3fast/users/mbermudez/de_03/TFGDataset/img/train_t2_0856_2.png|irrrraaleeeee  a neeeeeeedeeesssseeeeeeeeeeNNeeeNN
/data3fast/users/mbermudez/de_03/TFGDataset/img/train_t2_1344_2.png|dd ..     nnn   eeee   ccchhh aaaadd ssss  u eee
/data3fast/users/mbermudez/de_03/TFGDataset/img/train_t2_0372_0.png|der ihhheeee  sss seeee   ddaaaaallheeeeehhh
/data3fast/users/mbermudez/de_03/TFGDataset/img/train_t2_0977_2.png|ee nnnnnnd   n  chhhiieglleeeettteeeee aallleee
/data3fast/users/mbermudez/de_03/TFGDataset/img/train_t2_0948_2.png|bee  eeetttttttttt  u   nnneeettttt  eeeee ssseNN
/data3fast/users/mbermudez/de_03/TFGDataset/img/train_t2_1114.png|iiihhhhhhh  ddeeeeeeeeeeeeeee      s  nneeeneeiiee   aaaa
/data3fast/users/mbermudez/de_03/TFGDataset/img/train_t2_0377_0.png|dasssstttttttssssaaaa   errreeeee sssshh eeee
/data3fast/users/mbermudez/de_03/TFGDataset/img/train_t2_1316.png|iieeeeertttt  
/data3fast/users/mbermudez/de_03/TFGDataset/img/train_t2_0935_2.png|tttt   eeeccchhh  uuu deessstsschhhhh  dd
/data3fast/users/mbermudez/de_03/TFGDataset/img/train_t2_0005.png|wlllh   nnn  heeddd aaaallleeeeeeeeeeeennnnn
/data3fast/users/mbermudez/de_03/TFGDataset/img/train_t2_0226_2.png|ee     N
/data3fast/users/mbermudez/de_03/TFGDataset/img/train_t2_0960_2.png|deereeeeeeeeeede**   tttttt      seeeNe  uu uneeee essssee
/data3fast/users/mbermudez/de_03/TFGDataset/img/train_t2_0448_2.png|gee  ddddddrrrrttt nnee lllllleeeeedddrrdeee 
/data3fast/users/mbermudez/de_03/TFGDataset/img/train_t2_0528_2.png|ee    eeee   tttttttttsteeeeeeeerihhh  aaaaaa
/data3fast/users/mbermudez/de_03/TFGDataset/img/train_t2_1311_0.png|seeeN  nnneeedddereeehehhh nndddeeeeeehhaaaaaaeeee
/data3fast/users/mbermudez/de_03/TFGDataset/img/train_t2_0310_2.png|deeeeeee tttt  ss e ff ssssssseeeeeee  d dddddde
/data3fast/users/mbermudez/de_03/TFGDataset/img/train_t2_0095.png|undddeeeennneeelaas        t t  eeeeeeNNsssssss
/data3fast/users/mbermudez/de_03/TFGDataset/img/train_t2_1389_2.png|ee    eeelhha  dd aaahhhhieeeeeennnn  tttt
/data3fast/users/mbermudez/de_03/TFGDataset/img/train_t2_0475_0.png|ihh  dddeeeessssllunnnncchlleeee dd     cchhh eeee
/data3fast/users/mbermudez/de_03/TFGDataset/img/train_t2_0242_1.png|er aa  dreeeeeee dddeeeeeeeiinnnncccassssseeeNNNNN
/data3fast/users/mbermudez/de_03/TFGDataset/img/train_t2_0010_2.png|nee     tiinnnneeee       n eeee *  ******       ddeeeeele
/data3fast/users/mbermudez/de_03/TFGDataset/img/train_t2_0825_2.png|seeeeerrrrrrcllleeNssss    ccchh dddeeeennnnn
/data3fast/users/mbermudez/de_03/TFGDataset/img/train_t2_0107.png|dess eeeeeNN    rtttt ggggeeeeee   eehhh  e rr
/data3fast/users/mbermudez/de_03/TFGDataset/img/train_t2_1045_1.png|llllhh     ddrrtttttet  aaaalllllesss uuu eeee
/data3fast/users/mbermudez/de_03/TFGDataset/img/train_t2_1208_0.png|dasseeeeeeeee nnnnaa  eee a sstt eeeeennnnn
/data3fast/users/mbermudez/de_03/TFGDataset/img/train_t2_0235_1.png|geeettttthhhhh   d sssslllaaa nnnhnna  eennnnn
/data3fast/users/mbermudez/de_03/TFGDataset/img/train_t2_1057.png|neeeiieetttt  egllllheeeddeerrrrraa ddee an
/data3fast/users/mbermudez/de_03/TFGDataset/img/train_t2_0467_0.png|un    eettii nnee   sssseee  aaaass    ccccss   ndddeee
/data3fast/users/mbermudez/de_03/TFGDataset/img/train_t2_0154_0.png|eeriiiiiiictttttttt  erttt nneeeee     neeeeee
/data3fast/users/mbermudez/de_03/TFGDataset/img/train_t2_1239_0.png|oon  eeeeellaa  d    ..........
/data3fast/users/mbermudez/de_03/TFGDataset/img/train_t2_0171_2.png|iihhh
/data3fast/users/mbermudez/de_03/TFGDataset/img/train_t2_0922_0.png|sceeeeeeeesss   nnnnaaauu lllhhhh   elllllllllls
/data3fast/users/mbermudez/de_03/TFGDataset/img/train_t2_0668_0.png|nnnnnneeeeeeg nnnnu    e eeeeeeeerrretschhchhhh
/data3fast/users/mbermudez/de_03/TFGDataset/img/train_t2_0661.png|iii eeettttt e  ssss ee       .
/data3fast/users/mbermudez/de_03/TFGDataset/img/train_t2_1378_1.png|obeee         n nuusstt hhnn  ss  n  ee alllhhhhh
/data3fast/users/mbermudez/de_03/TFGDataset/img/train_t2_0430_1.png|aaah geeeeeettttt ddrerrr aannnn a  ssseeeeiiihh
/data3fast/users/mbermudez/de_03/TFGDataset/img/train_t2_1037.png|alll eeeded  aaasslheeN nnnnn eeechheedd  eeeeeehhhh
/data3fast/users/mbermudez/de_03/TFGDataset/img/train_t2_1208.png|dass eeeeeee nnnnaaneeeee  tttt eeeeeenn
/data3fast/users/mbermudez/de_03/TFGDataset/img/train_t2_0095_0.png|unddddeeeeeeeee aasettt      tt  eeeeeeessssss
/data3fast/users/mbermudez/de_03/TFGDataset/img/train_t2_1476.png|eeN nun aneeeeeetttt  ee   nnnnneeeeeeeeeeNN
/data3fast/users/mbermudez/de_03/TFGDataset/img/train_t2_1458_0.png|der iitttttt nn d     ****   gg  ddrrrrreeeee
/data3fast/users/mbermudez/de_03/TFGDataset/img/train_t2_1389_0.png|eeed  eeelaaa  dd aacchhhheeeeeee nnna ttt
/data3fast/users/mbermudez/de_03/TFGDataset/img/train_t2_0816_2.png|und  sttttee   
/data3fast/users/mbermudez/de_03/TFGDataset/img/train_t2_0952_2.png|esst   nnnneessseeeeeeeeeetttt   ddd r      ddd d 
/data3fast/users/mbermudez/de_03/TFGDataset/img/train_t2_0872_1.png|mittteeeee atstuuddddeeeee***ennnnn de ssssssss
/data3fast/users/mbermudez/de_03/TFGDataset/img/train_t2_0611_0.png|"    eeeeee aaaa     rrrd nneeeerreeeehhhhiiii
/data3fast/users/mbermudez/de_03/TFGDataset/img/train_t2_1363_1.png|urd    ttthh     sssseeNssseNN   ieeetttt      uu
/data3fast/users/mbermudez/de_03/TFGDataset/img/train_t2_1316_1.png|iieeeertttttt.
/data3fast/users/mbermudez/de_03/TFGDataset/img/train_t2_1393_2.png|nnnnnngggee
/data3fast/users/mbermudez/de_03/TFGDataset/img/train_t2_1369_2.png|beeeeeee         iccchs   de e   nnnnnnn
/data3fast/users/mbermudez/de_03/TFGDataset/img/train_t2_0111_0.png|fgeeee   ssssllllhhhhhhhhnneeeeeeelllaa nnnn easss
/data3fast/users/mbermudez/de_03/TFGDataset/img/train_t2_0120_1.png|aaseeeeeeeeeddddrrriiihneeeelll   aaa chnnneeee
/data3fast/users/mbermudez/de_03/TFGDataset/img/train_t2_1422_1.png|geehhhh  r rrreeeeeeeeee    eeeeeeeeee   u n eeeesstt
/data3fast/users/mbermudez/de_03/TFGDataset/img/train_t2_1403_1.png|iierhhttttttttuunn  in ddd riiieeeeeeee****** cccc
/data3fast/users/mbermudez/de_03/TFGDataset/img/train_t2_1317_2.png|dasseeeeeeeee    eee    uas      tteeessee   nnnn
/data3fast/users/mbermudez/de_03/TFGDataset/img/train_t2_0410_1.png|eeeeeeeeeeeee*   eccheeeee*****    sssll nnnn    raa
/data3fast/users/mbermudez/de_03/TFGDataset/img/train_t2_0525_2.png|beeeeeeeesssehheeeee    ssst     iii tt  nnddneeeaal
/data3fast/users/mbermudez/de_03/TFGDataset/img/train_t2_0151_0.png|sse   aaaaheeeed rrrrrr  iihhnnnnndd ssssseeee
/data3fast/users/mbermudez/de_03/TFGDataset/img/train_t2_1194_0.png|eeeNN        nneeeehhii   eesssssss  uu nnn    sseeeeee
/data3fast/users/mbermudez/de_03/TFGDataset/img/train_t2_1136_2.png|"eeeeeegguuu dddsss t     aa   eeeeeeeee
/data3fast/users/mbermudez/de_03/TFGDataset/img/train_t2_0986_2.png|aar eeeeeehhhttte   ttassteeeeeeettt uu
/data3fast/users/mbermudez/de_03/TFGDataset/img/train_t2_1472.png|rrr    dd aallhh nndd allle d    ********sssssssNN
/data3fast/users/mbermudez/de_03/TFGDataset/img/train_t2_0317_1.png|wiidd    ccccchle     ddnee**  ddee cccsshchheee
/data3fast/users/mbermudez/de_03/TFGDataset/img/train_t2_1255_2.png|llee dddddeeelllhee  cccchi  eee  ageeeettnnnnndd
/data3fast/users/mbermudez/de_03/TFGDataset/img/train_t2_0568.png|cheeeee      saaaa  ee tt ihhh  edeeeeeetttt
/data3fast/users/mbermudez/de_03/TFGDataset/img/train_t2_1004.png|chee     eeeeeeeee     nnne  dddeee  ddd  eeeennneeee
/data3fast/users/mbermudez/de_03/TFGDataset/img/train_t2_0080_0.png|aann     aaa eeeeeee    aaneeeeeeiin deerrrr
/data3fast/users/mbermudez/de_03/TFGDataset/img/train_t2_1439_0.png|teee  nngg  sstt eeeeeehtt  aa tttt   eeeee
/data3fast/users/mbermudez/de_03/TFGDataset/img/train_t2_0176_1.png|mi   dd  aalll ddd   dddeeee ***     llllhhhheee
