/data3fast/users/mbermudez/de_03/TFGDataset/img/train_t2_0243_0.png|aacheeeeee   uuuu eeeee  an  ttteeeeee uuu  eeeeee
/data3fast/users/mbermudez/de_03/TFGDataset/img/train_t2_1054_0.png|wllleel  aahhh   ddddeeeee    sssss    eeeeee
/data3fast/users/mbermudez/de_03/TFGDataset/img/train_t2_0062_0.png|ttttnnnneeeeeeeeelll dddeeeeeeeeeeeeee    eeeelllll
/data3fast/users/mbermudez/de_03/TFGDataset/img/train_t2_1100.png|mhh        eeeeeeellleeeeeeeeee    aa   d eeeettt
/data3fast/users/mbermudez/de_03/TFGDataset/img/train_t2_1054_1.png|wllllel   hhhhh  ddddeeeeen   sssss    eeeee
/data3fast/users/mbermudez/de_03/TFGDataset/img/train_t2_0109_2.png|aeeeeeeeeeee  aasseeeeennnnnnndd    eeesssss  s
/data3fast/users/mbermudez/de_03/TFGDataset/img/train_t2_0195_0.png|wach         ttccchhhhnn    eeerr aaannnee
/data3fast/users/mbermudez/de_03/TFGDataset/img/train_t2_0751.png|eet    e ee  nnn  h  ee  a       iiiii  ssseee
/data3fast/users/mbermudez/de_03/TFGDataset/img/train_t2_0296_1.png|nnn  eeeeeeett    aaaaa tt ee   ihhhh  nnaa
/data3fast/users/mbermudez/de_03/TFGDataset/img/train_t2_0854.png|bbee               ii     ssssccceelleeee  aaa  d
/data3fast/users/mbermudez/de_03/TFGDataset/img/train_t2_1340_0.png|eeetttttt  
/data3fast/users/mbermudez/de_03/TFGDataset/img/train_t2_0163_1.png|de  neeeeeeeeeeettt        ccchhheeeeeeeecccccchh
/data3fast/users/mbermudez/de_03/TFGDataset/img/train_t2_0132.png|beeeeeessss      aaaa   eeeee  n   eeeeeeesseeeeeeeee
/data3fast/users/mbermudez/de_03/TFGDataset/img/train_t2_1283.png|sstt               eeeeeeennnnnnna a    ettttt
/data3fast/users/mbermudez/de_03/TFGDataset/img/train_t2_0870_2.png|mss   eeeeeiihhhhh nnnaaaaaaaaaa eeeeeee
/data3fast/users/mbermudez/de_03/TFGDataset/img/train_t2_1436_1.png|geee      eeeeeeeeeeeeeeeee        ttttttttttt
/data3fast/users/mbermudez/de_03/TFGDataset/img/train_t2_0166_2.png|neegellleeeeee  aa        eeeeeeeeeeeee  d    aaaaaaa
/data3fast/users/mbermudez/de_03/TFGDataset/img/train_t2_0139.png|tttttt     eeee      dssss  dreeeeeeeeeeeeeeee
/data3fast/users/mbermudez/de_03/TFGDataset/img/train_t2_1004.png|chheeeee eeeeeeeee    nnnn  ddddeee   nnn eeeneeeeen
/data3fast/users/mbermudez/de_03/TFGDataset/img/train_t2_0439_1.png|aass s sss  eeeeeeellllennnnggeeee      dddeeeee
/data3fast/users/mbermudez/de_03/TFGDataset/img/train_t2_0974_2.png|# d
/data3fast/users/mbermudez/de_03/TFGDataset/img/train_t2_0166_1.png|nneeeeeeeeeee         d     eeeeeeeee   e    aaaaaa
/data3fast/users/mbermudez/de_03/TFGDataset/img/train_t2_0976_1.png|ossssssaaaalllllllhhhhhhhi  ii    eeeessse  dddd
/data3fast/users/mbermudez/de_03/TFGDataset/img/train_t2_1441_1.png|bbllll     nneee  ahh       dd aaa llleeeeeeeeee
/data3fast/users/mbermudez/de_03/TFGDataset/img/train_t2_0161_1.png|aaa ddd  eeeettiii  eed   aaannn eeeeeeesssllllll
/data3fast/users/mbermudez/de_03/TFGDataset/img/train_t2_0668_0.png|nnnnneeeeeeennnnnnnn   eeeeeeeeee   rriitchchhht
/data3fast/users/mbermudez/de_03/TFGDataset/img/train_t2_0566.png|desssslllleeeee      aaaaa    deesssscc      rr
/data3fast/users/mbermudez/de_03/TFGDataset/img/train_t2_0198.png|di    nnn eeeett   ggggeeeeeeeeeee   sssssee  uuu
/data3fast/users/mbermudez/de_03/TFGDataset/img/train_t2_0485.png|bbee         teelllleeeeeeeel  eereeeddde
/data3fast/users/mbermudez/de_03/TFGDataset/img/train_t2_0935_2.png|ttteeeeeeeethht        sssssts  cch   eee
/data3fast/users/mbermudez/de_03/TFGDataset/img/train_t2_0939_1.png|iii eeeeeehheee    aaals   eeeee  ddeeeeelaaa
/data3fast/users/mbermudez/de_03/TFGDataset/img/train_t2_1188.png|shee ssshhhhhh   deesss     dd  ddd    ccccc      d  s
/data3fast/users/mbermudez/de_03/TFGDataset/img/train_t2_1091_2.png|eeee        ssssss h    eeee      eeeeeee  reereree
/data3fast/users/mbermudez/de_03/TFGDataset/img/train_t2_0782_1.png|nnneeeeeeceeeeeeeeeeeeeeeeeee  a   eeeeeeeeee
/data3fast/users/mbermudez/de_03/TFGDataset/img/train_t2_0843_0.png|geeeed   s     lllhh     eeeee  aa   tt eeeeee
/data3fast/users/mbermudez/de_03/TFGDataset/img/train_t2_0947.png|aaahhhhhhnnnnndddd  aa eeesss c nnnn    tthtt
/data3fast/users/mbermudez/de_03/TFGDataset/img/train_t2_0344_0.png|nnneeeaaa     sssseee   unnnndd eeelhh  dddd
/data3fast/users/mbermudez/de_03/TFGDataset/img/train_t2_0338_0.png|eeee sssssssshh   aallleeee            eeeeeeeeeee
/data3fast/users/mbermudez/de_03/TFGDataset/img/train_t2_0080_0.png|mnnn        eeeeedddeee nn eeeeiiiieeeeeeeee
/data3fast/users/mbermudez/de_03/TFGDataset/img/train_t2_0775_2.png|geeeeeeeeeeeeettttta aaaauuu       ettttttttt
/data3fast/users/mbermudez/de_03/TFGDataset/img/train_t2_0033.png|ttteeeeeeeeesss     cc hh    esssss     llleeeeeeNNN
/data3fast/users/mbermudez/de_03/TFGDataset/img/train_t2_0828.png|nnddddd r rall  deddeee  ss   eeeeee  ttaa
/data3fast/users/mbermudez/de_03/TFGDataset/img/train_t2_0955.png|wlll        .....  s       ***   eeeeeeeee nnnneee   
/data3fast/users/mbermudez/de_03/TFGDataset/img/train_t2_0592_2.png|iissseees   eiccheeeeNNn     llle een            dd
/data3fast/users/mbermudez/de_03/TFGDataset/img/train_t2_1424_2.png|irrhheeeeeess    eeeee n d  aaanneee      aseeeeees
/data3fast/users/mbermudez/de_03/TFGDataset/img/train_t2_1421.png|ssssthhhhhht    
/data3fast/users/mbermudez/de_03/TFGDataset/img/train_t2_0670_1.png|fleee     nneeee    eettttsssssee    nn
/data3fast/users/mbermudez/de_03/TFGDataset/img/train_t2_0490_2.png|rrrlhh     ttt  nnnnnhcini   e eeee tttsssl
/data3fast/users/mbermudez/de_03/TFGDataset/img/train_t2_0335.png|dass    nnnettte   eerrre  auunnnnnnchhheeee
/data3fast/users/mbermudez/de_03/TFGDataset/img/train_t2_1002_0.png|reeeeeeeeeeeeeeeeeeeeeeee eeeeeeesssttttttttt nnnn
/data3fast/users/mbermudez/de_03/TFGDataset/img/train_t2_0427_2.png|waa   dd nnnnnn cccchlhee   n  eeeeeeeee   aee
/data3fast/users/mbermudez/de_03/TFGDataset/img/train_t2_0612_2.png|aaa      alllleeeeeee tttttt  nn  eee  *..... .
/data3fast/users/mbermudez/de_03/TFGDataset/img/train_t2_0302_2.png|geeeeeeeeeeeeeeeennneeennnnn    tttteeeennnnneee
/data3fast/users/mbermudez/de_03/TFGDataset/img/train_t2_1469.png|hhrreeeeee         dd                ..........
/data3fast/users/mbermudez/de_03/TFGDataset/img/train_t2_0448_2.png|gee  dddd reeettt nn eellllllleeee deeddeeee
/data3fast/users/mbermudez/de_03/TFGDataset/img/train_t2_1420_2.png|ttt    eeeee si   nnnnee llaa ssss aau   nn  ssu
/data3fast/users/mbermudez/de_03/TFGDataset/img/train_t2_0380_1.png|geesst         eee        sssssss   eeeellheeed
/data3fast/users/mbermudez/de_03/TFGDataset/img/train_t2_0263_0.png|nnniehhhss   dd   aaachhh        eeeeeeeeeeeN
/data3fast/users/mbermudez/de_03/TFGDataset/img/train_t2_0889_0.png|sseeelllllleeeettteeeeeeeeeeeeeeeeeeeeeiitn
/data3fast/users/mbermudez/de_03/TFGDataset/img/train_t2_0689_1.png|uudd   seeeee   ssssaaasssaaa lllleeeeeeee
/data3fast/users/mbermudez/de_03/TFGDataset/img/train_t2_1489.png|aacchhhhhhh   ddddsss   nnnn aa    d eeeeettt
/data3fast/users/mbermudez/de_03/TFGDataset/img/train_t2_1106_2.png|ollleeeeerrrrrrrrrr aaa     eeee         lllhhh
/data3fast/users/mbermudez/de_03/TFGDataset/img/train_t2_0651_2.png|ttt     eeee  aaaassss  nnnnn ddd    sss e    nnn h
/data3fast/users/mbermudez/de_03/TFGDataset/img/train_t2_0991_0.png|ee  nnnnnnnnnn    d    asssccccsssssi     * * ee
/data3fast/users/mbermudez/de_03/TFGDataset/img/train_t2_0788_1.png|ooo  aaaas eeeeeeeiiiit    aaaaa  eeeee
/data3fast/users/mbermudez/de_03/TFGDataset/img/train_t2_0879_0.png|ii    eeeeeeeeerrrrrreeeedddeeeeeeennne*****
/data3fast/users/mbermudez/de_03/TFGDataset/img/train_t2_1015.png|ttt aaauuaud    eeeeheee       nneeeeeee  eeee
/data3fast/users/mbermudez/de_03/TFGDataset/img/train_t2_1391.png|unnn   eeinnnn    sssssss   ssseeeee n  deeeeeee
/data3fast/users/mbermudez/de_03/TFGDataset/img/train_t2_1419.png|geee      dd  tttttt   ellllleeeeeee    eeeeeeNN
/data3fast/users/mbermudez/de_03/TFGDataset/img/train_t2_0232_1.png|weeee  a    sssessseee  dddeerrrrrrreeeeeeeeeeee
/data3fast/users/mbermudez/de_03/TFGDataset/img/train_t2_0882_2.png|weeeee    eeeeeeeeee nnnneeeee        cchnnnn
/data3fast/users/mbermudez/de_03/TFGDataset/img/train_t2_0661.png|iin eeeetttteeeelass ee       ..
/data3fast/users/mbermudez/de_03/TFGDataset/img/train_t2_1372.png|eeeeeeeeeiiccnnnneeeeeelccee      dr  aaaaaa eee
/data3fast/users/mbermudez/de_03/TFGDataset/img/train_t2_0390_0.png|sssseeeeeeeeeeeeellhhhhh  aaa sssseeeee  nn  eeeeee
/data3fast/users/mbermudez/de_03/TFGDataset/img/train_t2_1133_1.png|ttt  aauunndeeeeeeee   eeeellh       eeiiihne
/data3fast/users/mbermudez/de_03/TFGDataset/img/train_t2_0893_0.png|tttsssslhhhhhh   nndd       hhhlllsssss eeeeeihhhhh
/data3fast/users/mbermudez/de_03/TFGDataset/img/train_t2_1156.png|sleeeeeeeehhhhhhe aaa eeeeee        stttt     nnn
/data3fast/users/mbermudez/de_03/TFGDataset/img/train_t2_0952.png|br         eeessseeeeeeeeeettt    ddd       ddddrr
/data3fast/users/mbermudez/de_03/TFGDataset/img/train_t2_1345.png|geee  dd ddrrrtttchhhi nnnn  aa eeeeet
/data3fast/users/mbermudez/de_03/TFGDataset/img/train_t2_1380_2.png|indddeeeeeeee******* ***   sssss      aaaasssssa d
/data3fast/users/mbermudez/de_03/TFGDataset/img/train_t2_0653_1.png|aal  eeeeeeeeeeeeeeeeeccccnnnnnn llllle
/data3fast/users/mbermudez/de_03/TFGDataset/img/train_t2_0524.png|iieeeee  nnnddddeeeees    ..
/data3fast/users/mbermudez/de_03/TFGDataset/img/train_t2_0798_1.png|ieeeeeee  asssss  ssss eeeeeedeeeee
/data3fast/users/mbermudez/de_03/TFGDataset/img/train_t2_0667_0.png|llleee      e e*****  cccchh eeee  aa  ddeeeeeeeeee
/data3fast/users/mbermudez/de_03/TFGDataset/img/train_t2_0359_1.png|ieeee eeeeeee   f        ..
/data3fast/users/mbermudez/de_03/TFGDataset/img/train_t2_0494.png|wwssss 
/data3fast/users/mbermudez/de_03/TFGDataset/img/train_t2_0683_0.png|eeetsssseellllleeee  dddeeeee un  eeeeeeeeinnne
/data3fast/users/mbermudez/de_03/TFGDataset/img/train_t2_0550_2.png|seeNeeeeeee nnnnn      eeeeeeeelhh    rr    ttttt
/data3fast/users/mbermudez/de_03/TFGDataset/img/train_t2_1045_0.png|wlllhhhh      drrrrttttt  aallllll  s         e
/data3fast/users/mbermudez/de_03/TFGDataset/img/train_t2_0478.png|geeehhhheennnnnn a   eeelllhhhh     eee  nnn eessss
/data3fast/users/mbermudez/de_03/TFGDataset/img/train_t2_0244_2.png|bee  d eeeeeeeeeeeeenn a   eeeetteeeeeeee
/data3fast/users/mbermudez/de_03/TFGDataset/img/train_t2_0528_2.png|eee  neeeee  ttttttttteeeeeeeeee hh   aaaaaa
/data3fast/users/mbermudez/de_03/TFGDataset/img/train_t2_0526_2.png|nnng alaaaauuuu  ttttt  eeeeeeeeennnnnn
/data3fast/users/mbermudez/de_03/TFGDataset/img/train_t2_0286_1.png|# 
/data3fast/users/mbermudez/de_03/TFGDataset/img/train_t2_0862_2.png|aassssseih   nnn aaalllleeeeeeeeeeeded  dddd
/data3fast/users/mbermudez/de_03/TFGDataset/img/train_t2_0814_2.png|leee        aass eeeeeeeeneeeggee        stttt
/data3fast/users/mbermudez/de_03/TFGDataset/img/train_t2_0715_1.png|mtt aaannnnnnnnneeeeeeddee d     itiihhnnnnn
/data3fast/users/mbermudez/de_03/TFGDataset/img/train_t2_1132_2.png|ee   ssslllllleeeeleeeee    d     ccsh   rrrrr
/data3fast/users/mbermudez/de_03/TFGDataset/img/train_t2_0550_0.png|eeeNNeeeeee  n  dn nd eeeeeee lll ee   tttttttt
/data3fast/users/mbermudez/de_03/TFGDataset/img/train_t2_0795.png|ernnnnnnnnndd    ehhh aa  seee                aee
/data3fast/users/mbermudez/de_03/TFGDataset/img/train_t2_1433_2.png|ihheeeee    dddeesseehhheeeeeeeee     ddseessssee
/data3fast/users/mbermudez/de_03/TFGDataset/img/train_t2_1369.png|bbeeeeeee        iiccc       eeeeeeennnn
/data3fast/users/mbermudez/de_03/TFGDataset/img/train_t2_1377.png|wwll         aaau  dd   chhii   ieeeeeee
/data3fast/users/mbermudez/de_03/TFGDataset/img/train_t2_1002_1.png|reeeeeeeeeeeeeeeeeeeeeeeeeeeeeeessettttttttttt  nnn
/data3fast/users/mbermudez/de_03/TFGDataset/img/train_t2_0111_2.png|ffeeeeeesllllhh ehhhhhhhhneeeeeeeslllaa  nnaaaaa
/data3fast/users/mbermudez/de_03/TFGDataset/img/train_t2_0969_1.png|ceeeeeNeeeeeeeett   eeeee  hha       eeeeeeeeeeeee
/data3fast/users/mbermudez/de_03/TFGDataset/img/train_t2_1472.png|ert         llhhh  n    lleee      *****sssssss
/data3fast/users/mbermudez/de_03/TFGDataset/img/train_t2_0880_0.png|ooleeee    asssseee          ...
/data3fast/users/mbermudez/de_03/TFGDataset/img/train_t2_0406_2.png|ss   nnnn aaeeetttt       scchh   iinnn
/data3fast/users/mbermudez/de_03/TFGDataset/img/train_t2_0566_2.png|dee lllllleee         aah aa   deeeeesstttaaa
/data3fast/users/mbermudez/de_03/TFGDataset/img/train_t2_1317_2.png|da  eeeeeeeeee    e        aa    ttteeett    nnnnn
/data3fast/users/mbermudez/de_03/TFGDataset/img/train_t2_1418_1.png|geeetttt
/data3fast/users/mbermudez/de_03/TFGDataset/img/train_t2_0512.png|aaalllllhe eee  eeeee     deeeeeeee   eeeeeeeeeeeee
/data3fast/users/mbermudez/de_03/TFGDataset/img/train_t2_0523_1.png|eett     chhhhheeeeeee  nn aa   eeeeeee  sssseeee
/data3fast/users/mbermudez/de_03/TFGDataset/img/train_t2_1389_2.png|eee   aaaee       aa chhheeeeeeeeenn  tttttt
/data3fast/users/mbermudez/de_03/TFGDataset/img/train_t2_1390_1.png|nnneee nnnnn  dd  esssccchh  nu      ssseeehhhh
/data3fast/users/mbermudez/de_03/TFGDataset/img/train_t2_0372_0.png|derrhhheeeeeee ss a eee   d aaaaallllleeeeeee
/data3fast/users/mbermudez/de_03/TFGDataset/img/train_t2_0614_2.png|wieeeeeeeennneeeee  ee           eeeeeeessssss eeeesssss
/data3fast/users/mbermudez/de_03/TFGDataset/img/train_t2_0394_0.png|undddeeettttttteeeeeeeee  eeeecchennnnnn d
/data3fast/users/mbermudez/de_03/TFGDataset/img/train_t2_0699.png|sceeeeeeeeeeeeeeeed          lllleeeeee  s    aauda
/data3fast/users/mbermudez/de_03/TFGDataset/img/train_t2_0443_2.png|derr rrrr tttsseeeeeeeennnneeeeeessssseeeet
/data3fast/users/mbermudez/de_03/TFGDataset/img/train_t2_0492.png|oorreeeeeiiiinnn ccchhh  eeeeei  iieeeeeeeeeeeee
/data3fast/users/mbermudez/de_03/TFGDataset/img/train_t2_0302_0.png|geeesseeeeeeeeeeeeeenneeennnn    tttteeeeinnnneeee
/data3fast/users/mbermudez/de_03/TFGDataset/img/train_t2_0434_1.png|iiih e nnnngeeeeeeeeeeeeeettss a    ssssssss
/data3fast/users/mbermudez/de_03/TFGDataset/img/train_t2_0018.png|meeeeeeeee nndddeeeelleeeeeeeeeee***     eeeeeeee
/data3fast/users/mbermudez/de_03/TFGDataset/img/train_t2_0087.png|dieesssseeees   dd sssseeee   daaaaaaa  dddde
/data3fast/users/mbermudez/de_03/TFGDataset/img/train_t2_1159_1.png|uuu  eee nnnn  a aaaaddd eeeecch  uuuuuueeeee
/data3fast/users/mbermudez/de_03/TFGDataset/img/train_t2_0567_2.png|dnn eeeeettttt   hh  eee  aaaaa   a    eeeellle
/data3fast/users/mbermudez/de_03/TFGDataset/img/train_t2_1067.png|uu eeeeeehhhhhennnnn  tttttt    aaaaa eeeee
/data3fast/users/mbermudez/de_03/TFGDataset/img/train_t2_0020_2.png|aaan  eeehchhleeeNNee      eeeeeeeddddd  eer
/data3fast/users/mbermudez/de_03/TFGDataset/img/train_t2_0171_2.png|iihh
/data3fast/users/mbermudez/de_03/TFGDataset/img/train_t2_0222_1.png|ttt****       sss   dd   s   nnnnnnn eeeessee          
/data3fast/users/mbermudez/de_03/TFGDataset/img/train_t2_0294_2.png|"uuu aa  aa         aaa  eeeeeeeeeennnnneeetttt
/data3fast/users/mbermudez/de_03/TFGDataset/img/train_t2_0568_1.png|chheeeee    ss aaa  eee  ttinn eeeeeeeettttt
/data3fast/users/mbermudez/de_03/TFGDataset/img/train_t2_1043.png|oneee          eeeeeeeeee      dddssssseeee      eeeee
/data3fast/users/mbermudez/de_03/TFGDataset/img/train_t2_0571_0.png|beeeeeee  aaa  eeeee    eeeeeeeegggggnnnnee
/data3fast/users/mbermudez/de_03/TFGDataset/img/train_t2_0236_0.png|auu eeeeeeeeeeee    rrrrrrrr   ssssshchhh
/data3fast/users/mbermudez/de_03/TFGDataset/img/train_t2_1389_1.png|eee    aaa          hhhhheeeeeeeennnntttttt
/data3fast/users/mbermudez/de_03/TFGDataset/img/train_t2_0780_1.png|oonnddeeeeeeeeeeee..
/data3fast/users/mbermudez/de_03/TFGDataset/img/train_t2_1217_2.png|llle      sssssscchh ed       tt   eeeeeeeet nnn
/data3fast/users/mbermudez/de_03/TFGDataset/img/train_t2_1179_1.png|aa    eeeeehhhhh   aa dd eeee** *     nn       ith
/data3fast/users/mbermudez/de_03/TFGDataset/img/train_t2_0482_1.png|errtttss ee de  eeeeeelllhhhieeeennee**   ssssssssl
/data3fast/users/mbermudez/de_03/TFGDataset/img/train_t2_1147.png|aaas   aah     eeeee       aa aeer  t    rrrdrr
/data3fast/users/mbermudez/de_03/TFGDataset/img/train_t2_0351.png|hheeeeeeNeNNee   d dd derrrrrttt      s hhhhh
/data3fast/users/mbermudez/de_03/TFGDataset/img/train_t2_0384_2.png|neeeeeee    ddnnnn nn nnneeeeeeeeeeeeeeeeee 
/data3fast/users/mbermudez/de_03/TFGDataset/img/train_t2_1230_2.png|aau ddeeeeennneggggglle u n    thhhhii  eeeeee
/data3fast/users/mbermudez/de_03/TFGDataset/img/train_t2_0481.png|seeeeeeeeeeeeeeeeeeeee  tt      ee       unnnnn
/data3fast/users/mbermudez/de_03/TFGDataset/img/train_t2_0130_0.png|hheeeeeeeee**  iiiihhhehh aa  ddeessslllheeee    
/data3fast/users/mbermudez/de_03/TFGDataset/img/train_t2_0702_0.png|hheeeeeeeeetttteeee     niiich eleeeeN
/data3fast/users/mbermudez/de_03/TFGDataset/img/train_t2_0314_1.png|tttt           rttttt eseeeesssseee     aa 
/data3fast/users/mbermudez/de_03/TFGDataset/img/train_t2_0610_0.png|de  aaa     d    eeeeccllllleeeeee    h tttt    ee
/data3fast/users/mbermudez/de_03/TFGDataset/img/train_t2_1166_2.png|dee   eeeeeeeeee    ll   eeeeeseese    seeeee  hhhhsssss
/data3fast/users/mbermudez/de_03/TFGDataset/img/train_t2_0098_1.png|sse    d   rrrrrtt  aaa err   dddddeeeess
/data3fast/users/mbermudez/de_03/TFGDataset/img/train_t2_0523.png|eetttt   iiiieeeeeeee  nnn aa   eeeeeeellsss  r
/data3fast/users/mbermudez/de_03/TFGDataset/img/train_t2_1055.png|sieeee    aaat  tt  aatt   eeeessssssssss
/data3fast/users/mbermudez/de_03/TFGDataset/img/train_t2_0580_1.png|au   hhhhhhheeeddd aaallessssss           ...
/data3fast/users/mbermudez/de_03/TFGDataset/img/train_t2_0024_0.png|bbeeeeeeessssttt       eheeeeeee            ddee
/data3fast/users/mbermudez/de_03/TFGDataset/img/train_t2_0216_0.png|ttttthhhlleeee   dddddeessssseeeee n         ddd
/data3fast/users/mbermudez/de_03/TFGDataset/img/train_t2_0040_0.png|asssseelllhh      s    la  unneeeeeeeer
/data3fast/users/mbermudez/de_03/TFGDataset/img/train_t2_1104.png|oofeee annneeeennnnn  aa  eeeeeeetttttt   dr
/data3fast/users/mbermudez/de_03/TFGDataset/img/train_t2_0459_0.png|set  nnuuauun n   iiiiieeeeeeeeeeenn aaaaa eeee
/data3fast/users/mbermudez/de_03/TFGDataset/img/train_t2_0843_1.png|geeee        hhhhhhhtt   eeeeee    thtneeeee
/data3fast/users/mbermudez/de_03/TFGDataset/img/train_t2_0383.png|iirreeesssseeeeeeessee  ddddddddd   aaalllllleeeeeee
/data3fast/users/mbermudez/de_03/TFGDataset/img/train_t2_0248_0.png|eeeeeeeeeeetnn eeeeeeeeeeeeeeeeeeeee eeee      
/data3fast/users/mbermudez/de_03/TFGDataset/img/train_t2_0481_1.png|seeeeeeeeeeeeeeeeeee    s     ssssst   nnuaann
/data3fast/users/mbermudez/de_03/TFGDataset/img/train_t2_0361.png|# dde
/data3fast/users/mbermudez/de_03/TFGDataset/img/train_t2_0466_2.png|eessssttsss   ddd                sesseeehheeeee aaaah
/data3fast/users/mbermudez/de_03/TFGDataset/img/train_t2_0877_0.png|lleeeeennnneee    a  rrelllhee  aa a annnnnndd
/data3fast/users/mbermudez/de_03/TFGDataset/img/train_t2_0518_1.png|der  aaaa   eeeeee drrreiinn    aallleeeettt
/data3fast/users/mbermudez/de_03/TFGDataset/img/train_t2_1062_2.png|anngeeee   nn  eeeeeeeeeeee    cccccceeeee       ssss
/data3fast/users/mbermudez/de_03/TFGDataset/img/train_t2_1149_0.png|udd  rreeeeeeeeee   aaalllss   ddd e esllleeee
/data3fast/users/mbermudez/de_03/TFGDataset/img/train_t2_0807_1.png|bee    neeeeennneeeeeed   ssssssshh   nnnnnde
/data3fast/users/mbermudez/de_03/TFGDataset/img/train_t2_0975_0.png|hhn ddd  aaa        llllh     sssssss ttt t
/data3fast/users/mbermudez/de_03/TFGDataset/img/train_t2_1439_0.png|tteeeeeee   sss eeeeehhhhhhhhhhht   eeeeee
/data3fast/users/mbermudez/de_03/TFGDataset/img/train_t2_0127.png|daaaaa   eeeeeeeeeeeeinnneeee***      eeeeeeeeeeee
/data3fast/users/mbermudez/de_03/TFGDataset/img/train_t2_1164_2.png|eraaaauunnnneeee eeeeeeeeeeeeee e eesssslleeeee
/data3fast/users/mbermudez/de_03/TFGDataset/img/train_t2_0556.png|mee     eeeeeeeeeeetttn  ua   nnnneiei       
/data3fast/users/mbermudez/de_03/TFGDataset/img/train_t2_0416.png|bcccsss            dd     ssseeee         reeeeettttt
/data3fast/users/mbermudez/de_03/TFGDataset/img/train_t2_0147.png|iiteeeessss   dddeeeeeeecchhhnnnnnnnd    eeee
/data3fast/users/mbermudez/de_03/TFGDataset/img/train_t2_0379.png|ddi eeeeeeeee     acch  d     ttthh
/data3fast/users/mbermudez/de_03/TFGDataset/img/train_t2_0018_1.png|meeeeeee   n d deeeeeleeeeeeeeeeee*       eeeeeee
/data3fast/users/mbermudez/de_03/TFGDataset/img/train_t2_1134_1.png|ttt     aaaaallleeeeeeett   u eeeeeee rrrdddr
/data3fast/users/mbermudez/de_03/TFGDataset/img/train_t2_0865.png|beeeeeeeeese  
/data3fast/users/mbermudez/de_03/TFGDataset/img/train_t2_0163_2.png|die nnneeeeeeeeetttt        sccchheeeeeeeeecccchhhh
/data3fast/users/mbermudez/de_03/TFGDataset/img/train_t2_0239.png|"u   ssssssseeeeee     ....
/data3fast/users/mbermudez/de_03/TFGDataset/img/train_t2_1264_1.png|daa  eeeeeeee      d aaa  eeeeeeenneeeee aaaaaaaa
/data3fast/users/mbermudez/de_03/TFGDataset/img/train_t2_1334_2.png|ossd eee nnnnnhchhe nn      tt    a  eeeeeee
/data3fast/users/mbermudez/de_03/TFGDataset/img/train_t2_0685_0.png|dii eeeeee*eee   uuuuun eeeeeet      dddee
/data3fast/users/mbermudez/de_03/TFGDataset/img/train_t2_0117_2.png|geeeeeeeeeeee     hhheee    ss           hrhhh
/data3fast/users/mbermudez/de_03/TFGDataset/img/train_t2_0013_0.png|uu   eeee   ddd rr leeeeeee 
/data3fast/users/mbermudez/de_03/TFGDataset/img/train_t2_0723.png|geennnnnn      hhhh      nnddd   deeetttt
/data3fast/users/mbermudez/de_03/TFGDataset/img/train_t2_0436_2.png|asssssss e  eeeeeeehhhhhlll l   etttt in       eeeeee
/data3fast/users/mbermudez/de_03/TFGDataset/img/train_t2_0398_0.png|mi     d     ss d deeettttttttsssseeeeeeeesssss
/data3fast/users/mbermudez/de_03/TFGDataset/img/train_t2_1450.png|aaah     eeeeeeeeett       eeeeeeeeeeeeei hhhaa
/data3fast/users/mbermudez/de_03/TFGDataset/img/train_t2_1153_2.png|uddddeeellllleee.
/data3fast/users/mbermudez/de_03/TFGDataset/img/train_t2_0805_1.png|iieelllllleeee   ddeeeeeeeeee             eee  n a
/data3fast/users/mbermudez/de_03/TFGDataset/img/train_t2_0225_0.png|ihhheee    eeeeeeeeeeeeehtt        ddddrreeee
/data3fast/users/mbermudez/de_03/TFGDataset/img/train_t2_1315_0.png|bee  eeeehhhhaa  ddddeeeeeeeeeeeeessseeeee     ee
/data3fast/users/mbermudez/de_03/TFGDataset/img/train_t2_0537.png|"f ee        a  eeeeeeeeee          rrrree
/data3fast/users/mbermudez/de_03/TFGDataset/img/train_t2_0685_1.png|dii  eeeeeeeeeeee uuuuunggeeeee    s dddd
/data3fast/users/mbermudez/de_03/TFGDataset/img/train_t2_1266_0.png|"d  eeeessssssecchh   nnnnn gee   nnnnnnneeee
/data3fast/users/mbermudez/de_03/TFGDataset/img/train_t2_0872_1.png|mittttteee      dddeeeeeeeennnnn   resssssstts
/data3fast/users/mbermudez/de_03/TFGDataset/img/train_t2_1367_0.png|" eeeeeeeesssss  ssssc       allleeeeeiihhhieeeee
/data3fast/users/mbermudez/de_03/TFGDataset/img/train_t2_1443_0.png|aaan  eee  aaaa  nnneeeen  ** ******      sss   eeeeee
/data3fast/users/mbermudez/de_03/TFGDataset/img/train_t2_0737_2.png|des         iincccchlleeeeeeeer ttt
/data3fast/users/mbermudez/de_03/TFGDataset/img/train_t2_0987_2.png|# dd
/data3fast/users/mbermudez/de_03/TFGDataset/img/train_t2_0784_0.png|de   aaaadddddeeeeechee leeeeeeeeeeee  lllseell
/data3fast/users/mbermudez/de_03/TFGDataset/img/train_t2_0589_1.png|mii   eeeeeeessssseeeeeeeeeeeeehllhheee    tttttt
/data3fast/users/mbermudez/de_03/TFGDataset/img/train_t2_0514_2.png|dasss       ss    ssseeeeeeeeeeeeee        eeeeeeennnnnnnn
/data3fast/users/mbermudez/de_03/TFGDataset/img/train_t2_0951_2.png|voeeeeeeehhhhhheeeeeeeeeeeeeeeeee    ssssschhh
/data3fast/users/mbermudez/de_03/TFGDataset/img/train_t2_1035_1.png|olcchhhhahhhhh   nnnddrrerereeeeeeeeeeeeennnnnnnnn
/data3fast/users/mbermudez/de_03/TFGDataset/img/train_t2_1301.png|de       ii  hh      dd      ***** e eesssssss        eeeeeeN
/data3fast/users/mbermudez/de_03/TFGDataset/img/train_t2_0892_2.png|unnaaaalh     deeeeelllleeeeeeeeeesssssseeeeeeee
/data3fast/users/mbermudez/de_03/TFGDataset/img/train_t2_0516_2.png|weeel    eeeeeessstt  uaasseeeeeeeeerreeeeere
/data3fast/users/mbermudez/de_03/TFGDataset/img/train_t2_1080.png|ieeeeeeeerr    ssssllhh   aaauunnddddd eeeee
/data3fast/users/mbermudez/de_03/TFGDataset/img/train_t2_0336_1.png|hheee                aauu eeeeeee ttttttttttt
/data3fast/users/mbermudez/de_03/TFGDataset/img/train_t2_1205_2.png|ww   eeeeeeeeeeeeeeee  thchhtt   eeeeeeee
/data3fast/users/mbermudez/de_03/TFGDataset/img/train_t2_1081_1.png|gennnneeeesssseeeeee **   e eee lleee         rreeeee
/data3fast/users/mbermudez/de_03/TFGDataset/img/train_t2_1222.png|woll     dddeeeellleeeieeeeededdd ee     ttt
/data3fast/users/mbermudez/de_03/TFGDataset/img/train_t2_0326_1.png|anneeeessss     nn   hhheeeeeenne tttttt ssssssss
/data3fast/users/mbermudez/de_03/TFGDataset/img/train_t2_0426_2.png|stttaaa  dddee sssssddss  dd dddd dd    e   eeeeeeeesss
/data3fast/users/mbermudez/de_03/TFGDataset/img/train_t2_1286_0.png|uuu   e ssss    n   ettteeeeshhh   ddeeeeee
/data3fast/users/mbermudez/de_03/TFGDataset/img/train_t2_0718_0.png|diittt   ss eeeeee  nnchch n dee   dddddde
/data3fast/users/mbermudez/de_03/TFGDataset/img/train_t2_0971_2.png|ssss   eelllllhhhh hii      hhh  nnneeeeeeeeeeee
/data3fast/users/mbermudez/de_03/TFGDataset/img/train_t2_1069_1.png|eeeddddeeeeeee ssssseeeesseeeeenneeesss t   ..
/data3fast/users/mbermudez/de_03/TFGDataset/img/train_t2_1009_2.png|uu ddeerrrihhheeeeeeeeeee nn h  dd  aaassss
/data3fast/users/mbermudez/de_03/TFGDataset/img/train_t2_0861_2.png|mit  eeeddd     a   eeehhcchh  ddddeeeeeettt
/data3fast/users/mbermudez/de_03/TFGDataset/img/train_t2_1203.png|geeeesssss     e  lallllllleenegelllllleeddd
/data3fast/users/mbermudez/de_03/TFGDataset/img/train_t2_0119_1.png|ceelhhhh     nnnnnnn n   n ddd eeee      ttttt
/data3fast/users/mbermudez/de_03/TFGDataset/img/train_t2_1033_0.png|mattt      n  tthhhhhhh    eeeeiiittt     re
/data3fast/users/mbermudez/de_03/TFGDataset/img/train_t2_0787.png|eeee  d       ihhh   ddeee nnn     e  llllle
/data3fast/users/mbermudez/de_03/TFGDataset/img/train_t2_0871_1.png|geeeeeeeeeee d   ss  dd dd dd    aaaa   deeeeell
/data3fast/users/mbermudez/de_03/TFGDataset/img/train_t2_0870.png|aus  eeeeeeeeeeihh      aaaa u  alleeeeeeNN
/data3fast/users/mbermudez/de_03/TFGDataset/img/train_t2_1294_0.png|aaeeeeeeeessssseeeeeeeeee  ee* *   st      eeeeehhh
/data3fast/users/mbermudez/de_03/TFGDataset/img/train_t2_1433_0.png|iiieeeeee udddeeeeeehhhhheeeeeeeeee    sssssssee
/data3fast/users/mbermudez/de_03/TFGDataset/img/train_t2_0169.png|dee eicchhhh      reeeeeeeeeeecc nnnnngNennn
/data3fast/users/mbermudez/de_03/TFGDataset/img/train_t2_0527_2.png|deeelllennnnn  eeellhh   aaaaa     deeeeeeeee
/data3fast/users/mbermudez/de_03/TFGDataset/img/train_t2_0856_0.png|irreee aeeeeeeee n eeeeeeeeeeessseeeeeeeeeeeeNN
/data3fast/users/mbermudez/de_03/TFGDataset/img/train_t2_0276_0.png|sss      nnnnn n e     lllllchcttt    
/data3fast/users/mbermudez/de_03/TFGDataset/img/train_t2_1499.png|eee   aaaaaa   eeeeeeseseeesss   hhhtttttt   eeeee
/data3fast/users/mbermudez/de_03/TFGDataset/img/train_t2_0090_2.png|deeelleeeeeenneeeeerrrreer aaahh irre
/data3fast/users/mbermudez/de_03/TFGDataset/img/train_t2_1358.png|dasssseeee nn            eeeennnnnn eee **    e
/data3fast/users/mbermudez/de_03/TFGDataset/img/train_t2_0838_1.png|hhh       aaa eeeeeetttttaaaaaaa  nnnnnneeellll
/data3fast/users/mbermudez/de_03/TFGDataset/img/train_t2_0178_0.png|miht      rrrrreeeeeeeeeeee   aaa     errrrrrr
/data3fast/users/mbermudez/de_03/TFGDataset/img/train_t2_1252_1.png|derllllleeeeeeeettchtttthhttt   d eeeeeeeeeennnng
/data3fast/users/mbermudez/de_03/TFGDataset/img/train_t2_0440_2.png|de    a      ttttt       
/data3fast/users/mbermudez/de_03/TFGDataset/img/train_t2_0484_0.png|brreeeeeeeeeeeeiichhh aaa d  deeeeeeeeeihchhtttt
/data3fast/users/mbermudez/de_03/TFGDataset/img/train_t2_0952_2.png|bss    nn  eeeesseeeeeeeeeeett    ddd         dd rr
/data3fast/users/mbermudez/de_03/TFGDataset/img/train_t2_0739_1.png|teee ee  scccchhheeeeeeeeeeeeeeeeee        sseeeee
/data3fast/users/mbermudez/de_03/TFGDataset/img/train_t2_1268_2.png|wwrr   aa  n n  nn   a   ssseeeeeuuuuuuund
/data3fast/users/mbermudez/de_03/TFGDataset/img/train_t2_0367_0.png|att   eeeeeeteeeeeeeeeeeeeeeeeeeeeelllle   nnnn
/data3fast/users/mbermudez/de_03/TFGDataset/img/train_t2_1138.png|aaee       nnnn  ssssselllleeeeeeeeeesssseeeeeddee
/data3fast/users/mbermudez/de_03/TFGDataset/img/train_t2_1195.png|iii  aaaaaaaleeeeeeNN   .
/data3fast/users/mbermudez/de_03/TFGDataset/img/train_t2_1048_1.png|ceeeeeeeeeeeeeee nnnn n  eeeeeeeeeeeeee     a    s ssr
/data3fast/users/mbermudez/de_03/TFGDataset/img/train_t2_0565.png|aleeeee        ee  tttaaaahh      e er   hhhh
/data3fast/users/mbermudez/de_03/TFGDataset/img/train_t2_1264.png|dartteeeeeeeeee   d aaaa   eeeeeeeeeeeeee aaaa
/data3fast/users/mbermudez/de_03/TFGDataset/img/train_t2_0379_2.png|diieeeeeeeeee    aacchan dd    ihhhh
/data3fast/users/mbermudez/de_03/TFGDataset/img/train_t2_1326_2.png|ssseN  nnnnnnnn nnnnn n  deeeeeeeeeet   e   rrrrhh
/data3fast/users/mbermudez/de_03/TFGDataset/img/train_t2_0008_1.png|dddeee   uuunnnneeee          ssseeeeee  nnnn
/data3fast/users/mbermudez/de_03/TFGDataset/img/train_t2_0971.png|wlss e eeellllhhhhhiiii n   hhhheeeeeeellleeee
/data3fast/users/mbermudez/de_03/TFGDataset/img/train_t2_0038_2.png|schlll     e eeee     eeeeeeeeeeeeeeeeeeeeeennnnn
/data3fast/users/mbermudez/de_03/TFGDataset/img/train_t2_1344_1.png|dd        dd  eeee tt  ch  aaaaaaaddsssaaaa eee
/data3fast/users/mbermudez/de_03/TFGDataset/img/train_t2_1275.png|eeN       eeeeeeeeeeeeeennnein*****    eessssseeeee
/data3fast/users/mbermudez/de_03/TFGDataset/img/train_t2_0441_2.png|tt  eeeeeeen            aassstttttttt   d
/data3fast/users/mbermudez/de_03/TFGDataset/img/train_t2_0948_2.png|beeeeletttttetttt    nnnnneeettt   eeeeeeesss
/data3fast/users/mbermudez/de_03/TFGDataset/img/train_t2_0958_2.png|deN   nnnnneeeettsccch    ssssaannndddeeeeeeeeee
/data3fast/users/mbermudez/de_03/TFGDataset/img/train_t2_1023.png|deeeeeeeeeeeeddddeeeeeeeeeeetttt auu ddddee
/data3fast/users/mbermudez/de_03/TFGDataset/img/train_t2_1484.png|dassssseeehhhiennnnnnnnneeeeeeeeeeeeeee  t      nn
/data3fast/users/mbermudez/de_03/TFGDataset/img/train_t2_0666.png|deeeeeeeeeeeee      sssssse  h     hhh   ee   ddeeeeee
/data3fast/users/mbermudez/de_03/TFGDataset/img/train_t2_0531_2.png|die sss   sssssschh  nnnnnnnn ndeennaa eeeees
/data3fast/users/mbermudez/de_03/TFGDataset/img/train_t2_0939_2.png|iii eeeeehhieee   aaaalshh eeee   dd eeellll
/data3fast/users/mbermudez/de_03/TFGDataset/img/train_t2_0458.png|dii   ttt   uu   sssss     llle  eeeeeeeeeeeeeessssss
/data3fast/users/mbermudez/de_03/TFGDataset/img/train_t2_1066_2.png|wee  dd drrreriiieeeeee   lllllls       hhh
/data3fast/users/mbermudez/de_03/TFGDataset/img/train_t2_0588_2.png|dee  eeeee    eeeeetttt   n ee    s eeeeee
/data3fast/users/mbermudez/de_03/TFGDataset/img/train_t2_0850_0.png|eeeehhheeeeeeee        eeee      
/data3fast/users/mbermudez/de_03/TFGDataset/img/train_t2_0478_0.png|geehhhhee nn      aeeeellhhhi    eeeeeinn   sssss
/data3fast/users/mbermudez/de_03/TFGDataset/img/train_t2_1387.png|tte***e* eeeeeeeeeeee    sssslllhha   dssseeee eeeeeee
/data3fast/users/mbermudez/de_03/TFGDataset/img/train_t2_1190_0.png|assttt hhhhteeeeette        t  nnneeeeeeeeeeee
/data3fast/users/mbermudez/de_03/TFGDataset/img/train_t2_0808_0.png|eee  aaaaaa    eeeeeee ss   ddeeeeeeeeeeeee
/data3fast/users/mbermudez/de_03/TFGDataset/img/train_t2_0076_1.png|deeeeeeeeeeeeesse     n eeeeetttt nneeeeer
/data3fast/users/mbermudez/de_03/TFGDataset/img/train_t2_1221.png|oo     eeeeeelllee  d    a  eeeeeeee    ssclleee
/data3fast/users/mbermudez/de_03/TFGDataset/img/train_t2_1003_2.png|tteeeeeeeehttthhhhhh e  ddeerreeeeeeeeeeeee  e      ddd
/data3fast/users/mbermudez/de_03/TFGDataset/img/train_t2_1291_1.png|annd  sssss   eeeeeeehitt        llleeee
/data3fast/users/mbermudez/de_03/TFGDataset/img/train_t2_0626_1.png|de   nnnnnnnn   eeeer    a   ddeeeeeeeeeeee
/data3fast/users/mbermudez/de_03/TFGDataset/img/train_t2_1260.png|beeeeeetttte   nnu  sssscchh   hahlllhnnn
/data3fast/users/mbermudez/de_03/TFGDataset/img/train_t2_0542_2.png|eern n  aaaaaaaa eeeeeeddddde   ccccchh  eeeee
/data3fast/users/mbermudez/de_03/TFGDataset/img/train_t2_0592_0.png|sssssssseeeeeehhheeeenn     allh  ee   ****...   
/data3fast/users/mbermudez/de_03/TFGDataset/img/train_t2_0002_1.png|miieeeeeeeellau   daaaussssssseiiiii
/data3fast/users/mbermudez/de_03/TFGDataset/img/train_t2_0740_0.png|dee      ee   eeeee ssccch eeeee*     ssccccss ssssseeeeedee
/data3fast/users/mbermudez/de_03/TFGDataset/img/train_t2_1329.png|sstttttttttt  * **eeeeeegg  uu     auuddd ssseee
/data3fast/users/mbermudez/de_03/TFGDataset/img/train_t2_0103_0.png|#  e
/data3fast/users/mbermudez/de_03/TFGDataset/img/train_t2_0405_2.png|weeennnnnnneeeeeeeegggeelleeeeeee*****
/data3fast/users/mbermudez/de_03/TFGDataset/img/train_t2_0894.png|nn  sssssshhheeeeeeeeeee    eeeeeeeeeer   dd  r   nn
/data3fast/users/mbermudez/de_03/TFGDataset/img/train_t2_0097_1.png|ttttttt t  aaa  aa    tttrie e  niiiillllaassss
/data3fast/users/mbermudez/de_03/TFGDataset/img/train_t2_1105_0.png|tee   eeeeeeeelllee deeeeeeeeehhttee n      eeeeee
/data3fast/users/mbermudez/de_03/TFGDataset/img/train_t2_0795_1.png|errnnnnnnnnnn    eellhllll  eee              aaaa
/data3fast/users/mbermudez/de_03/TFGDataset/img/train_t2_0007_1.png|ee    nnnnnueeee        eeeeee     leeeeeee
/data3fast/users/mbermudez/de_03/TFGDataset/img/train_t2_0460_1.png|beeeeee       ssh  auaaa   uun d eeeeeee
/data3fast/users/mbermudez/de_03/TFGDataset/img/train_t2_1324_0.png|chh      deee      ...        allllhhh nnnn ddddr
/data3fast/users/mbermudez/de_03/TFGDataset/img/train_t2_0579_0.png|oonnneeeeeeeeggeeciee   
/data3fast/users/mbermudez/de_03/TFGDataset/img/train_t2_0068_2.png|tttttchhheeeeeee dd  aa dd aa     i eeennnnnaaaaa
/data3fast/users/mbermudez/de_03/TFGDataset/img/train_t2_0907.png|wreeeeeeee****nnnnneeee eeee  e     llaalllleii
/data3fast/users/mbermudez/de_03/TFGDataset/img/train_t2_0423_2.png|win      lll  nnd    eeeeeeeeeeeenneeeeeell
/data3fast/users/mbermudez/de_03/TFGDataset/img/train_t2_0429.png|geeeeeeeeeeeee     sssss    tiiiieeeeeeessss         
/data3fast/users/mbermudez/de_03/TFGDataset/img/train_t2_0175.png|iii  eeeeessssssas    s  aueeeeeelllllaaa
/data3fast/users/mbermudez/de_03/TFGDataset/img/train_t2_0052_2.png|die   **** nn   t ttttttte    s  all eeeeeeellleee 
/data3fast/users/mbermudez/de_03/TFGDataset/img/train_t2_0760_1.png|unn      aaaaahh  aaaalllllleeeeeeN
/data3fast/users/mbermudez/de_03/TFGDataset/img/train_t2_0325_0.png|aa    ee ennneeeeeesss cccch  ddddeeeeell
/data3fast/users/mbermudez/de_03/TFGDataset/img/train_t2_1228_0.png|gee  ddddrre   d sssss    ssssa     eeeeeeeeeeeeeel
/data3fast/users/mbermudez/de_03/TFGDataset/img/train_t2_1351_2.png|nnnnneeeeeeeeeeeeeeeess    
/data3fast/users/mbermudez/de_03/TFGDataset/img/train_t2_0909_1.png|ttt   eeeiiiitt     ddrrrreedeeeeeeeeess        hh
/data3fast/users/mbermudez/de_03/TFGDataset/img/train_t2_1125_0.png|geeettt      ssssssseeeeeeeeeeesss   nndeeeeeeee
/data3fast/users/mbermudez/de_03/TFGDataset/img/train_t2_1487_0.png|nnn   e e e  d  alllllee    sssshheeeeee   aaaa
/data3fast/users/mbermudez/de_03/TFGDataset/img/train_t2_0609.png|errrlll   e deeeeeeseeeeeeeiii    sssssssssNN
/data3fast/users/mbermudez/de_03/TFGDataset/img/train_t2_0215_0.png|tht         eeeeeeseseNN     nnnnnn    iiiiiieeee
/data3fast/users/mbermudez/de_03/TFGDataset/img/train_t2_1400_2.png|bee   n ee
/data3fast/users/mbermudez/de_03/TFGDataset/img/train_t2_1310_1.png|wweeeeeeessssse   ddd    tt  ttt   tt
/data3fast/users/mbermudez/de_03/TFGDataset/img/train_t2_0761_1.png|geennnnnnee     ..
/data3fast/users/mbermudez/de_03/TFGDataset/img/train_t2_0433_1.png|geeeeeeeeeedddd   aann hinnnnnd   ccchs     
/data3fast/users/mbermudez/de_03/TFGDataset/img/train_t2_0144_1.png|hheeeeeee     dd  iiiihhheee   ssssssshhh   dd
/data3fast/users/mbermudez/de_03/TFGDataset/img/train_t2_0866.png|ffnn      eeeeee icchhtteeeeeeeeeeeeeeeeeeeddd
/data3fast/users/mbermudez/de_03/TFGDataset/img/train_t2_0724_2.png|gee         eeeeeeeeeee  aa     cch nnnnd eeeetttttt
/data3fast/users/mbermudez/de_03/TFGDataset/img/train_t2_0467_0.png|un   eeeitth   ee   ssss      aasss    chcss    dddee
/data3fast/users/mbermudez/de_03/TFGDataset/img/train_t2_1010.png|geeee     nndddaaaa   aa   eeeeeeeeeeeeeetta
/data3fast/users/mbermudez/de_03/TFGDataset/img/train_t2_1194_0.png|eeNN            eiehheeeeeesssssssss  unn n      eeeeee
/data3fast/users/mbermudez/de_03/TFGDataset/img/train_t2_0126_1.png|" eeeeeeeeee  nn    a  chceeeeeee   uaaasss
/data3fast/users/mbermudez/de_03/TFGDataset/img/train_t2_0698_1.png|"u   ennnnnnnmhchhheeeeeeeeieiiiiiieeeeeeeeee
/data3fast/users/mbermudez/de_03/TFGDataset/img/train_t2_0288_1.png|ieene n n  eeeeeeeeeenn ddeeeeeeeelllleeeeeee  
/data3fast/users/mbermudez/de_03/TFGDataset/img/train_t2_1147_1.png|aaa     lhh   eeeeee       a eerrrr a  rrdrre
/data3fast/users/mbermudez/de_03/TFGDataset/img/train_t2_0613_2.png|geeeeneeehhhhhh  dddddeeseeesllssssssse  dddddd
/data3fast/users/mbermudez/de_03/TFGDataset/img/train_t2_0072_1.png|aannnnn     ssccccchssst          ua sssseeeeeeee
/data3fast/users/mbermudez/de_03/TFGDataset/img/train_t2_0084.png|annee    sss      sssssscchhi   eeeeee ssss     eeeeeeeeee
/data3fast/users/mbermudez/de_03/TFGDataset/img/train_t2_1256_0.png|nnedd    e         eeeeele   ddd  eeeeennneeeeee
/data3fast/users/mbermudez/de_03/TFGDataset/img/train_t2_0272_1.png|mmt  aaaaeee dddd    aaaaaa   ddddeeeee  ttttt
/data3fast/users/mbermudez/de_03/TFGDataset/img/train_t2_1306_1.png|dee   nnnnnnneeeeeesssttttteeeeeeeeeeeet    rr
/data3fast/users/mbermudez/de_03/TFGDataset/img/train_t2_0349_2.png|ss  aaaaa assssseeee    ttt  iiiieeeiichhh
/data3fast/users/mbermudez/de_03/TFGDataset/img/train_t2_0877_1.png|lleeeeennnneee        eelllleee  aaaa   nnnd
/data3fast/users/mbermudez/de_03/TFGDataset/img/train_t2_0941_1.png|cchhh    ieiihhee ndddd     eegeeeeeeihhhheel
/data3fast/users/mbermudez/de_03/TFGDataset/img/train_t2_1107_1.png|#  e
/data3fast/users/mbermudez/de_03/TFGDataset/img/train_t2_0838_0.png|chh        aaaeeeeetttttt aaaaaa  nnnneeeeeeee
/data3fast/users/mbermudez/de_03/TFGDataset/img/train_t2_0264_1.png|oo         aaasslsleeeeeee nnn        er
/data3fast/users/mbermudez/de_03/TFGDataset/img/train_t2_0215_2.png|tee       tt eesssssseeee    nnnn      iiiirrreeeeee
/data3fast/users/mbermudez/de_03/TFGDataset/img/train_t2_0279_2.png|dee e**nnnnnnn  aaa      eeeeeeee  ttttt      
/data3fast/users/mbermudez/de_03/TFGDataset/img/train_t2_1352.png|deeeeeeeeeeeeeeeeeeeeeeeeeeettee    dd     uuuu
/data3fast/users/mbermudez/de_03/TFGDataset/img/train_t2_0386.png|udddeeeeeeeeeeeee    tttcchlllllle  a   eeesssssssssss
/data3fast/users/mbermudez/de_03/TFGDataset/img/train_t2_0866_0.png|fffee     eeeeeeiccttttteeeeeeeeeeeeeeeeed
/data3fast/users/mbermudez/de_03/TFGDataset/img/train_t2_1404_0.png|sshhhlleennnn    u   ssss       n         iiiieeee
/data3fast/users/mbermudez/de_03/TFGDataset/img/train_t2_1114.png|iii  hhh  eeddeeeeeeeeeeeee         eenneeeeeee  aaaaaa
/data3fast/users/mbermudez/de_03/TFGDataset/img/train_t2_0854_0.png|bbee       r r    i   r  ssssscccllllle    aa d
/data3fast/users/mbermudez/de_03/TFGDataset/img/train_t2_0117_1.png|geeeeeeeeeeee n   heeeee   t at            hhhh
/data3fast/users/mbermudez/de_03/TFGDataset/img/train_t2_1167_2.png|undddeesssschcchceeeeeeee  naaaudddeeeeeeeee
/data3fast/users/mbermudez/de_03/TFGDataset/img/train_t2_0102.png|aan  eeeeeennnnieiiccccht  dd  ieieeeeettt 
/data3fast/users/mbermudez/de_03/TFGDataset/img/train_t2_0825_2.png|seeeeeeerrrhllleeessse sss  hhhtt   deeeennnn
/data3fast/users/mbermudez/de_03/TFGDataset/img/train_t2_0187.png|derr ieeeeieenneeeeee*      sssseeeeelllllaa    dee a
/data3fast/users/mbermudez/de_03/TFGDataset/img/train_t2_0930_2.png|sihheeeeeN       *  cccccnnnneegg eggeeeeeehhe ssss
/data3fast/users/mbermudez/de_03/TFGDataset/img/train_t2_0904.png|ee  lllllleeeeeeegllll     d   *  nn  eeeee
/data3fast/users/mbermudez/de_03/TFGDataset/img/train_t2_1337_1.png|"u      llssssssseeeeeerrdreeeee    eeeee
/data3fast/users/mbermudez/de_03/TFGDataset/img/train_t2_0001.png|geennnn    aeelleeeeeeeeeee   dd ssss   eeeessss
/data3fast/users/mbermudez/de_03/TFGDataset/img/train_t2_0963_2.png|uu eeeeeeeuuaaa aa    s eeee iiiiin dd  ssssssss
/data3fast/users/mbermudez/de_03/TFGDataset/img/train_t2_0572_1.png|aannddddeeeeeee n eeeeeeen ede       d     tttt
/data3fast/users/mbermudez/de_03/TFGDataset/img/train_t2_0329_2.png|eeeeeeeeeeeNNssss    cch    eeeeeee      lllll   dddd
/data3fast/users/mbermudez/de_03/TFGDataset/img/train_t2_0897.png|geeeeeennnnnneeiiieieeeeee*e**        llll
/data3fast/users/mbermudez/de_03/TFGDataset/img/train_t2_0187_0.png|der  eeeeeeeeeeeeeee*         eeeellllllllaa eeeeedd
/data3fast/users/mbermudez/de_03/TFGDataset/img/train_t2_0314.png|tttt          rtttttsssseeeessee aaaaa a
/data3fast/users/mbermudez/de_03/TFGDataset/img/train_t2_0799.png|eeeeeeeeeeeeeeenn  hllhhh  eeeeee nnnneeeeeett
/data3fast/users/mbermudez/de_03/TFGDataset/img/train_t2_0922_0.png|sseeeeeeeee      ddnaa aaelhhht  ellllllllllss
/data3fast/users/mbermudez/de_03/TFGDataset/img/train_t2_0958_0.png|dee   nnnneeeeeetttshh  nn sssssa    ddddeeeeeeee
/data3fast/users/mbermudez/de_03/TFGDataset/img/train_t2_0378_1.png|o   dddeeeeeihchchh  nddd   aaa  heeeeeeeeeeeeeeeeee
/data3fast/users/mbermudez/de_03/TFGDataset/img/train_t2_1119_2.png|geeeeeeeeeeeeeeeeeeeehhh   dd    ss       ssssssssss
/data3fast/users/mbermudez/de_03/TFGDataset/img/train_t2_1462_1.png|andd    hh     eeeeeennnnd     ieeeeeeeeet
/data3fast/users/mbermudez/de_03/TFGDataset/img/train_t2_1450_2.png|mah    eeeeeeeeee      eeeeeeeeeeeeeeihhh  aaa
/data3fast/users/mbermudez/de_03/TFGDataset/img/train_t2_1357.png|cchheeeeeeeeeeeeehhc  nn              ddd        ddddee
/data3fast/users/mbermudez/de_03/TFGDataset/img/train_t2_0069_0.png|iii   eeeeeeeeeee  e eeeeellllleee   eee  nn  eeee
/data3fast/users/mbermudez/de_03/TFGDataset/img/train_t2_1267_0.png|aaaddd   ssssssccccchccchttt    ** ..sccccc  dddrr
/data3fast/users/mbermudez/de_03/TFGDataset/img/train_t2_0890_0.png|nneddd eedddd  assshchhssssseeeeesseeeeeee  ed     aaaa
/data3fast/users/mbermudez/de_03/TFGDataset/img/train_t2_0356_0.png|bee  nnnnnn  aa a  aaaaa  cchh  aa  eeeeee  
/data3fast/users/mbermudez/de_03/TFGDataset/img/train_t2_1045_1.png|wlleeh        rrttttt    aaaa eesss   a  eeeee
/data3fast/users/mbermudez/de_03/TFGDataset/img/train_t2_0209.png|nnneeeeeeee aaaallleeeeeeeeeeeeeeeccchhhhnaaaaa
/data3fast/users/mbermudez/de_03/TFGDataset/img/train_t2_1398_1.png|ee   aaa lleeeeeeeeeeeennn n     iiieeeee
/data3fast/users/mbermudez/de_03/TFGDataset/img/train_t2_0511_2.png|ooeeeeeeeht  nnnne   a s tttt   aa  eeeeee    d
/data3fast/users/mbermudez/de_03/TFGDataset/img/train_t2_0260_0.png|nneeeessss      eeeeeeeteiiieegllllllaaaaaseeeee
/data3fast/users/mbermudez/de_03/TFGDataset/img/train_t2_0669_2.png|deeeee   nneeeeeeeeeennnnn uuuaaalssssstttt
/data3fast/users/mbermudez/de_03/TFGDataset/img/train_t2_1022.png|deeN eeeeeeeeeee     ssssseeeeeeeeeeeeeeee nnn
/data3fast/users/mbermudez/de_03/TFGDataset/img/train_t2_0820.png|nnnnn  ttttnnnneeeeennnnneeei cccssssssssss   shhllh
/data3fast/users/mbermudez/de_03/TFGDataset/img/train_t2_0290.png|eeNNNNeeeeeeeeeeeNNesssss      lllhhhheeeeeeeeeee uu
/data3fast/users/mbermudez/de_03/TFGDataset/img/train_t2_0658_1.png|mit  d ddd  eeeeeeeeeeeeeee    lllllllhheeeeeee
/data3fast/users/mbermudez/de_03/TFGDataset/img/train_t2_0422_0.png|eeeshhhhhh nnn eeeeeeeee   unnnnngggnnnnnnnnnhhh
/data3fast/users/mbermudez/de_03/TFGDataset/img/train_t2_1469_2.png|hrrreeeee                              .....*...    
/data3fast/users/mbermudez/de_03/TFGDataset/img/train_t2_1268_0.png|wii d    nnnn       n      ssseeeeeeNNu uunn
/data3fast/users/mbermudez/de_03/TFGDataset/img/train_t2_1212_1.png|een     essse       eeeeeeeeeeeeeeeeeeeeeeeeee
/data3fast/users/mbermudez/de_03/TFGDataset/img/train_t2_0280_0.png|ieenn  n  eeee    aaa   sttttt     reeeee
/data3fast/users/mbermudez/de_03/TFGDataset/img/train_t2_1290.png|bes     ddddderer   ssscceeee  chh    aaa  ddeee
/data3fast/users/mbermudez/de_03/TFGDataset/img/train_t2_1078_2.png|llttttt .
/data3fast/users/mbermudez/de_03/TFGDataset/img/train_t2_1143_2.png|eee     hhheennne   ****..    att  ttttttttttts
/data3fast/users/mbermudez/de_03/TFGDataset/img/train_t2_0600.png|oonnnd  aaaassl  uuua   ttt      srre
/data3fast/users/mbermudez/de_03/TFGDataset/img/train_t2_0875_2.png|aee      eeeetsssss eeeeeeeeeeniiiiiii       ddee
/data3fast/users/mbermudez/de_03/TFGDataset/img/train_t2_1392_0.png|#  
/data3fast/users/mbermudez/de_03/TFGDataset/img/train_t2_0258_0.png|ggggeeeeeeee  seee   hhhttaaassstttt nn dd
/data3fast/users/mbermudez/de_03/TFGDataset/img/train_t2_0985_0.png|deee iiieeeennneeee*ee    saasaall   hhhhhhhh hhhhh
/data3fast/users/mbermudez/de_03/TFGDataset/img/train_t2_0094_2.png|annessssssst    deeeee unnnn   eeee    *****....  
/data3fast/users/mbermudez/de_03/TFGDataset/img/train_t2_1312_0.png|eerttthleeeeeeeeeeeeeeeeett      eeee
/data3fast/users/mbermudez/de_03/TFGDataset/img/train_t2_1259_1.png|# d
/data3fast/users/mbermudez/de_03/TFGDataset/img/train_t2_1324_2.png|sss     ssddeeee  *****   nnd aaall   nnnnndddddd
/data3fast/users/mbermudez/de_03/TFGDataset/img/train_t2_0341_2.png|eeethhhheeeeeeee errrttttt   rrrreeeeeee nn
/data3fast/users/mbermudez/de_03/TFGDataset/img/train_t2_1077_2.png|see     eiiicchhieeee  aaa  ererraa  ssleeel
/data3fast/users/mbermudez/de_03/TFGDataset/img/train_t2_1385_1.png|sttt     eeeeeeeeeeeeeee dd ee   dd    sssschh nneeeeeehhhh
/data3fast/users/mbermudez/de_03/TFGDataset/img/train_t2_0995.png|ggeeeee   e    nddddesssss    eesseeeeeeeee  dddne
/data3fast/users/mbermudez/de_03/TFGDataset/img/train_t2_1176_2.png|hhneeeeeeeeeeeee      aahh  nhhlhhhhheeeeeesssss
/data3fast/users/mbermudez/de_03/TFGDataset/img/train_t2_0308_2.png|die     ennd   n  eeeeeeee cccchnnn  d eeeennn
/data3fast/users/mbermudez/de_03/TFGDataset/img/train_t2_1326_0.png|sssee   nnnnnnnnn  nnddd ddeeeeeessetttt  ee   rr
/data3fast/users/mbermudez/de_03/TFGDataset/img/train_t2_0377_0.png|dassss tttttss saaa     eeeeeeee  ssaah teeee
/data3fast/users/mbermudez/de_03/TFGDataset/img/train_t2_1470_0.png|nne    chh    eeee   ****        eeeeeeell s    eesseee
/data3fast/users/mbermudez/de_03/TFGDataset/img/train_t2_0568.png|cheeeeee    sssaaa    ee t chh eeeeeee  ttt
/data3fast/users/mbermudez/de_03/TFGDataset/img/train_t2_0177_0.png|dee lllllle  uuu  eeeeesscch  ddd      a  aaeeeh
/data3fast/users/mbermudez/de_03/TFGDataset/img/train_t2_0731_0.png|ooo     irrrrrrrreeeeeeeeeeeeeeeeeeestttt eeeeee
/data3fast/users/mbermudez/de_03/TFGDataset/img/train_t2_0454_0.png|chee  nnneeeeeeeeeeeeee   aaa    edddd  nnnnnn
/data3fast/users/mbermudez/de_03/TFGDataset/img/train_t2_1371_1.png|dassseeehhiie     r   aaa dd           eeesseee  nnnnn
/data3fast/users/mbermudez/de_03/TFGDataset/img/train_t2_0385_2.png|wiii llaaaa  eeeeeelllee   n   eeeeleee       *.i.
/data3fast/users/mbermudez/de_03/TFGDataset/img/train_t2_1312_1.png|eerllllleeeeeeeeeeeeeeeett      eeee
/data3fast/users/mbermudez/de_03/TFGDataset/img/train_t2_0467_2.png|unn  etttiheee     seeesss aaaa     cccss      dd
/data3fast/users/mbermudez/de_03/TFGDataset/img/train_t2_0066_1.png|ffdddeelllllllhhhheeeeeeet     aalllllleeee
/data3fast/users/mbermudez/de_03/TFGDataset/img/train_t2_0542.png|eeeee  n aalllaaaa ddeeeeeeede     cccccclleeeee
/data3fast/users/mbermudez/de_03/TFGDataset/img/train_t2_0223.png|leetttt    
/data3fast/users/mbermudez/de_03/TFGDataset/img/train_t2_1490_1.png|bee       eetttt       ddd errr  iieeettsssssssss
/data3fast/users/mbermudez/de_03/TFGDataset/img/train_t2_1456_2.png|ieeee   d   eeeeeeeeellllhe  eeeeeeeeeeeiii nnnnnd
/data3fast/users/mbermudez/de_03/TFGDataset/img/train_t2_1286.png|aau   essssss  nnn    ssschhe hchh  dreeeeeeeee
/data3fast/users/mbermudez/de_03/TFGDataset/img/train_t2_0164_1.png|weeeeee    acchct .
/data3fast/users/mbermudez/de_03/TFGDataset/img/train_t2_0247_0.png|aaaa    ddeeeeeeeennnn    hhhlleeeee  aeeeee
/data3fast/users/mbermudez/de_03/TFGDataset/img/train_t2_0476_1.png|dee  eeeee nnn t        .
/data3fast/users/mbermudez/de_03/TFGDataset/img/train_t2_0231.png|wssssssssshh  nnnnnnn  eeeeeecccheeee        eeeeeee
/data3fast/users/mbermudez/de_03/TFGDataset/img/train_t2_0752_0.png|iin eeeeeeeeeehnnneeeesssssssssss          eeeeeee
/data3fast/users/mbermudez/de_03/TFGDataset/img/train_t2_0347.png|dittttt eeeennnnnnttttttttaahh   ddeee   ee
/data3fast/users/mbermudez/de_03/TFGDataset/img/train_t2_0213_1.png|ooo     esssssseeNNNN     eeeeeee  eeeeeee  n
/data3fast/users/mbermudez/de_03/TFGDataset/img/train_t2_0583_2.png|aaeee  u u   nn   llll  hhhhh   eeeelllleeeeeee
/data3fast/users/mbermudez/de_03/TFGDataset/img/train_t2_0650_0.png|allleeeeeeeeeeeeeeneeeeeennn d     ala       eeshhhh
/data3fast/users/mbermudez/de_03/TFGDataset/img/train_t2_0914_0.png|asss   eeeeeeeeettttteeeeeeeeeerrrdrreerrrrrrtttttt
/data3fast/users/mbermudez/de_03/TFGDataset/img/train_t2_1342_1.png|ann    eeee  nnnnnnneeee    eeheeeeddeeeeeee u
/data3fast/users/mbermudez/de_03/TFGDataset/img/train_t2_0981_2.png|sss       s    eeeesssschssss   nn eeeee    t       rrrree
/data3fast/users/mbermudez/de_03/TFGDataset/img/train_t2_0133_1.png|te        slllh  e    aattt       eeeeee
/data3fast/users/mbermudez/de_03/TFGDataset/img/train_t2_1033_1.png|maahtt   nnnttt  hhhhh   nnneeeiitt     nn
/data3fast/users/mbermudez/de_03/TFGDataset/img/train_t2_1209_0.png|iiie  eeeeeeeee dddd ree  e icccnnnnneeee
/data3fast/users/mbermudez/de_03/TFGDataset/img/train_t2_1387_0.png|ttt ****eeeeeeeeeeee      ccllllaah   d sssseeeeeeei
/data3fast/users/mbermudez/de_03/TFGDataset/img/train_t2_1263_1.png|geeettttttt    unee dd       *..         ddeee
/data3fast/users/mbermudez/de_03/TFGDataset/img/train_t2_1158_1.png|aanddeeessssttt  ddeeeeeeettstteeeee      chhllll
/data3fast/users/mbermudez/de_03/TFGDataset/img/train_t2_0999_1.png|ersschhhhlllleeeeerddd      egeeeeeeeee e  n  iiii
/data3fast/users/mbermudez/de_03/TFGDataset/img/train_t2_0014_0.png|in  eeeeeeettte nn   uu n  eeeechhh eeee    nnnnnn
/data3fast/users/mbermudez/de_03/TFGDataset/img/train_t2_1262_1.png|sschh       e   sslhhhh  n  aaggeee  hhhiieee
/data3fast/users/mbermudez/de_03/TFGDataset/img/train_t2_0571_2.png|beeeeeee   aa  eeee  nn  eeeeeeeglllleennne
/data3fast/users/mbermudez/de_03/TFGDataset/img/train_t2_0018_2.png|meeeeeeee nn    eeeeeeeeeeeeeeeeee     ee eeeee
/data3fast/users/mbermudez/de_03/TFGDataset/img/train_t2_0431.png|ooeeeeeet  ttta    deeeesccch  n  elleeeeNNNNNN
/data3fast/users/mbermudez/de_03/TFGDataset/img/train_t2_0695.png|"nsssssssshhhhhheeehhhtteeeeeeeee  e      ch   
/data3fast/users/mbermudez/de_03/TFGDataset/img/train_t2_0743_2.png|auuu    a   ddddeeeeedddeeeeeeeeeeeeeeeeee
/data3fast/users/mbermudez/de_03/TFGDataset/img/train_t2_1248.png|ieeee nned       ccctsss    aaa d    innnnn
/data3fast/users/mbermudez/de_03/TFGDataset/img/train_t2_1380_0.png|in ddeeeeeeeeee******  *   sst      aa   sssss  dde
/data3fast/users/mbermudez/de_03/TFGDataset/img/train_t2_1475_1.png|neee ee eeeeeeeeeeeeee*   n       aaasseeeeeer
/data3fast/users/mbermudez/de_03/TFGDataset/img/train_t2_0655.png|wwssssssslhhhhhheeee nnn   eeee      aasss
/data3fast/users/mbermudez/de_03/TFGDataset/img/train_t2_1463_0.png|nnn  eeeeee**      dd    niieeeeee ***  eeeeeeeeeee
/data3fast/users/mbermudez/de_03/TFGDataset/img/train_t2_1155_1.png|iire       ttttt       eeeeeellaa     eeeeeee
/data3fast/users/mbermudez/de_03/TFGDataset/img/train_t2_0433.png|geeeeeeeeeeeddd    aahhhhhnnnnee  sssh     d
/data3fast/users/mbermudez/de_03/TFGDataset/img/train_t2_1116_0.png|deNN fuuuuuuggguuaaauuuuu d  sssssssaahllll
/data3fast/users/mbermudez/de_03/TFGDataset/img/train_t2_0272.png|mtt  aaaee  ndddd    ccchhaa   ddd eeeeeeeeeett
/data3fast/users/mbermudez/de_03/TFGDataset/img/train_t2_0349.png|sse aaaaaaa  seeeee     t iiiieeeeiihcchhn
/data3fast/users/mbermudez/de_03/TFGDataset/img/train_t2_0910_1.png|aaa   eeeeeeee     sssssssssseeeeeeeleeeee   
/data3fast/users/mbermudez/de_03/TFGDataset/img/train_t2_1225.png|# de
/data3fast/users/mbermudez/de_03/TFGDataset/img/train_t2_1101_0.png|dieeesssllleeeeeeddddaaa   eeee aaauuddd
/data3fast/users/mbermudez/de_03/TFGDataset/img/train_t2_0618_0.png|chsssssss    ssssss     nnnnnnnnnnn eeeeeeehcccchh   ddde
/data3fast/users/mbermudez/de_03/TFGDataset/img/train_t2_0128.png|hhh  eeeeeccchh eeeeeeihhh nnn eeeeeett      aee
/data3fast/users/mbermudez/de_03/TFGDataset/img/train_t2_1170_1.png|oonneeeeettttt      nnnnnnnniiieeeeeeee
/data3fast/users/mbermudez/de_03/TFGDataset/img/train_t2_1430_2.png|dee     eeeee  aaaatsssse    d  eeeee
/data3fast/users/mbermudez/de_03/TFGDataset/img/train_t2_0315_0.png|unn eeeeeeeeeennnn ddeeeeeer   nna a eeeeeeee
/data3fast/users/mbermudez/de_03/TFGDataset/img/train_t2_0732_0.png|auu geeeeeeNN **    ccchhe          
/data3fast/users/mbermudez/de_03/TFGDataset/img/train_t2_1213_2.png|"s  eeeeeeecccchhhhhheeee n   aaaallll ttttttts
/data3fast/users/mbermudez/de_03/TFGDataset/img/train_t2_1143.png|eeest  hlhhhen  dde  ****    aa   tttttttttttts
/data3fast/users/mbermudez/de_03/TFGDataset/img/train_t2_0503_0.png|unddeeeeeessss  aas eeeeeennniiii    aaaaahh
/data3fast/users/mbermudez/de_03/TFGDataset/img/train_t2_1050_1.png|weeeeddd    tttt   ddeeeeeeeeesss eeeeeeeeenn
/data3fast/users/mbermudez/de_03/TFGDataset/img/train_t2_0391_0.png|wooee   s ss     a ddd    eeeeeiiihhheeehiett e errrrr
/data3fast/users/mbermudez/de_03/TFGDataset/img/train_t2_0176_1.png|mi   e   aalll      cc  eeeeeee**     elllllllleee
/data3fast/users/mbermudez/de_03/TFGDataset/img/train_t2_0038.png|ssllll uu   deeee   cccc seeeeeeeessscceeeeeee   dd
/data3fast/users/mbermudez/de_03/TFGDataset/img/train_t2_1208.png|das  eeeeeeet    nn eeeeeee tttt eeeeee
/data3fast/users/mbermudez/de_03/TFGDataset/img/train_t2_1220_1.png|iiee       eeeeee unnu      tteeee    s sse
/data3fast/users/mbermudez/de_03/TFGDataset/img/train_t2_0079_1.png|mi   eeeeeeeeNs      nn        echhhhnnnneeed
/data3fast/users/mbermudez/de_03/TFGDataset/img/train_t2_0680_1.png|aaneeeeeeeeeeeeeihhttt  nnn   hhiee   aaa   ttttee
/data3fast/users/mbermudez/de_03/TFGDataset/img/train_t2_0943_0.png|tte     ddeeee n  eeiieieeeelllleeeee
/data3fast/users/mbermudez/de_03/TFGDataset/img/train_t2_1493.png|ggeeeeeeNN   .
/data3fast/users/mbermudez/de_03/TFGDataset/img/train_t2_1464.png|neesssssss  nnnnnnnnn  ddddeeeeeeeelhheeee  aaaa
/data3fast/users/mbermudez/de_03/TFGDataset/img/train_t2_1110_1.png|aas eeeeeeeeeneeer   ttttt   ssssssseeeNN
/data3fast/users/mbermudez/de_03/TFGDataset/img/train_t2_0094.png|ann ssssssss     eeeennnnnn    eeee      *     ihhhh
/data3fast/users/mbermudez/de_03/TFGDataset/img/train_t2_0062.png|tttt  nneeeeeeeelllle edddeeeeeeeeeeeee    egglllll
/data3fast/users/mbermudez/de_03/TFGDataset/img/train_t2_0026_2.png|iirreeeeeerrrrrrrrrlllleeeeeee        ssssssst
/data3fast/users/mbermudez/de_03/TFGDataset/img/train_t2_0876_0.png|meeeeeeeeeeeeelnneeecchhtt dd  ssseleeeeett
/data3fast/users/mbermudez/de_03/TFGDataset/img/train_t2_0993_0.png|aaa  eeeeeee uu eeeee d     aa hhhh   deeeehhh
/data3fast/users/mbermudez/de_03/TFGDataset/img/train_t2_0763_2.png|sschhhhtteeeeee***        ssssddeeeeess sschhhhaaaa
/data3fast/users/mbermudez/de_03/TFGDataset/img/train_t2_0781_2.png|d   eeeeee  nn    ellleeee nn ttheeeeee   ndn
/data3fast/users/mbermudez/de_03/TFGDataset/img/train_t2_0417_0.png|sstttt         sssse    sssssss    a  leeeeeee         ee
/data3fast/users/mbermudez/de_03/TFGDataset/img/train_t2_0604_2.png|schheeeeeedd  iiic  .
/data3fast/users/mbermudez/de_03/TFGDataset/img/train_t2_0376_1.png|aaa eeeeeeeeeee      deeeeeicchnnn  eeeesssthh
/data3fast/users/mbermudez/de_03/TFGDataset/img/train_t2_0873_2.png|inneeeeee eeeee  sssss eeeeeeelhheh          scchhh
/data3fast/users/mbermudez/de_03/TFGDataset/img/train_t2_0406_0.png|sst      aalleeeett    d sssschh    iiiii
/data3fast/users/mbermudez/de_03/TFGDataset/img/train_t2_0123_2.png|uu d    llleeeeeeeellaaaaaaa   d eeeee
/data3fast/users/mbermudez/de_03/TFGDataset/img/train_t2_0119_0.png|gelhhhhhhht   nnnnnnnnnn a ddd eeeee    rree
/data3fast/users/mbermudez/de_03/TFGDataset/img/train_t2_1411.png|mtt   eeeeeeeeeeeeeeee  uu aa   eetttt
/data3fast/users/mbermudez/de_03/TFGDataset/img/train_t2_0824_2.png|nn  ssshhh      ee *e***eeeeeneeeeeeccchh   hhhh eeeeee
/data3fast/users/mbermudez/de_03/TFGDataset/img/train_t2_1343_1.png|innnnnn   eennneiihhe      ssc i       **** eeee dddr
/data3fast/users/mbermudez/de_03/TFGDataset/img/train_t2_0397_2.png|llaa ddddddderreeeeeelgeeeggge ssssstt
/data3fast/users/mbermudez/de_03/TFGDataset/img/train_t2_0348_1.png|wrr      tttttttttttttssst  sss  eeeee nnnnnn eet
/data3fast/users/mbermudez/de_03/TFGDataset/img/train_t2_1043_0.png|neeee  aaaa   deeeeeeeeee      dd sseeeeeeee  nnneeee
/data3fast/users/mbermudez/de_03/TFGDataset/img/train_t2_0268_1.png|auuun    eeennnnn hchhhsss   eedee e  hh      ii
/data3fast/users/mbermudez/de_03/TFGDataset/img/train_t2_0737_0.png|dee     n    nccccchh eeeeeeeeeett
/data3fast/users/mbermudez/de_03/TFGDataset/img/train_t2_0871_0.png|geeeeeeeeeeeeddd       dddd   s es aa  ddd eeell
/data3fast/users/mbermudez/de_03/TFGDataset/img/train_t2_0337.png|beeeeeeeee nnnn  eeeeeesccch    ddeeeeeeeeees
/data3fast/users/mbermudez/de_03/TFGDataset/img/train_t2_0964_1.png|ttt    rrhhhhtttettthhi eeeeeeeeeeeeeeeer
/data3fast/users/mbermudez/de_03/TFGDataset/img/train_t2_1274_2.png|aasseeee      deessstt  u  eeeeeeeeeeee
/data3fast/users/mbermudez/de_03/TFGDataset/img/train_t2_1455_2.png|uu  eeeeeeeeeee hhhhhhhhhchhheee     nnnneeeeett
/data3fast/users/mbermudez/de_03/TFGDataset/img/train_t2_0868_2.png|unddeee          eellheeeeehhhssssseeeee
/data3fast/users/mbermudez/de_03/TFGDataset/img/train_t2_0583_0.png|aaeee   uuuun nn  alllhh  thcchheeeeeellllleeee
/data3fast/users/mbermudez/de_03/TFGDataset/img/train_t2_0599_2.png|dda    hheeeeeesssllaa aue  a  ad  ssseeeeeennnnn
/data3fast/users/mbermudez/de_03/TFGDataset/img/train_t2_0283_1.png|geeeeeeeeeleeeeeeeeeeee  llleeeee  dda ddeee
/data3fast/users/mbermudez/de_03/TFGDataset/img/train_t2_0624.png|die llllhhsseeeeeeeeennneeeeeeeee       ddsssss
/data3fast/users/mbermudez/de_03/TFGDataset/img/train_t2_0976.png|osss  aaaaallllllllehhhh nnn ieeee eeeessseeee nnnn
/data3fast/users/mbermudez/de_03/TFGDataset/img/train_t2_1354_2.png|wiieeessss    ss        cccchhh   aaa
/data3fast/users/mbermudez/de_03/TFGDataset/img/train_t2_1070_2.png|woll      tttttaaauuuddd ee t   ddddee
/data3fast/users/mbermudez/de_03/TFGDataset/img/train_t2_1378_1.png|oeeeee         nnn  ccchhnnnnnn         sllshhhhh
/data3fast/users/mbermudez/de_03/TFGDataset/img/train_t2_1130_1.png|eerreeett   sssssthhnnnn  deeeeeeeeeegeeeeeeettt
/data3fast/users/mbermudez/de_03/TFGDataset/img/train_t2_0952_1.png|bes       eeeeeeeeeeeeeeeettt     dd      ddddrrr
/data3fast/users/mbermudez/de_03/TFGDataset/img/train_t2_0651_1.png|ttt     eeeee a  sssee nnnnnndddd ssssee   nneinhh
/data3fast/users/mbermudez/de_03/TFGDataset/img/train_t2_0794_0.png|meeeeeee reeeeeeeeeeei   aa aaaaa eeeeeeeelllleee
/data3fast/users/mbermudez/de_03/TFGDataset/img/train_t2_0445_0.png|un  eeeeeeeess     nnnnn      lllleeeeee 
/data3fast/users/mbermudez/de_03/TFGDataset/img/train_t2_0895_1.png|eeeeeeeeeeee  nnnauu  eeeeeneee      eeeeeeeeeeee
/data3fast/users/mbermudez/de_03/TFGDataset/img/train_t2_0256_1.png|aaa    nnn eiieeeeeegggeessssss     nnneeennn
/data3fast/users/mbermudez/de_03/TFGDataset/img/train_t2_0806_2.png|eeNNeeeee tt   eeeelllllee   ddd eellllleeee
/data3fast/users/mbermudez/de_03/TFGDataset/img/train_t2_0498_0.png|eest aa     eeeeeee ddeeeeeicccit  t**.......
/data3fast/users/mbermudez/de_03/TFGDataset/img/train_t2_1208_2.png|dassseeeeeeeee nnnnn eeeee    t eeeeeeiien
/data3fast/users/mbermudez/de_03/TFGDataset/img/train_t2_1217_1.png|wllle    ssssssshheee d    h    eeeeeeeeee nnuuu
/data3fast/users/mbermudez/de_03/TFGDataset/img/train_t2_0441.png|tt  eeeeeennnn         aassss   ttttt   dd
/data3fast/users/mbermudez/de_03/TFGDataset/img/train_t2_0270_0.png|"sssss 
/data3fast/users/mbermudez/de_03/TFGDataset/img/train_t2_0455.png|unddd rrrrheerrrllcchhhhhh     hhcccccchh nn
/data3fast/users/mbermudez/de_03/TFGDataset/img/train_t2_0599_0.png|ddd    hhheeeee ssslaa   a aaaa  ddd ssshhheeennne
/data3fast/users/mbermudez/de_03/TFGDataset/img/train_t2_0777_1.png|deeeeettt nnn  deee    nnn aa  neeeeeeee   neee
/data3fast/users/mbermudez/de_03/TFGDataset/img/train_t2_0446.png|drrrrhh     ss       *******       sseeee    ccheeee
/data3fast/users/mbermudez/de_03/TFGDataset/img/train_t2_0012.png|hhheee ddderr aaa  d a cc  nnneeeeeeeeeeeeeeee
/data3fast/users/mbermudez/de_03/TFGDataset/img/train_t2_1342_0.png|aanneeeeete    nnnnnneeeee  s eee   eeeeeesssNuuu
/data3fast/users/mbermudez/de_03/TFGDataset/img/train_t2_1345_0.png|geee dddd      tccchhhnnn    aaaa eeee
/data3fast/users/mbermudez/de_03/TFGDataset/img/train_t2_0372_2.png|der  hheeeeeee sssssee   ddaaaaallleeeeeeeee
/data3fast/users/mbermudez/de_03/TFGDataset/img/train_t2_0291_2.png|seessssssss    ddd   hhh    dd      lhhh  nnnnnnn
/data3fast/users/mbermudez/de_03/TFGDataset/img/train_t2_0362_1.png|augggeeeeeeeeeeeeee d   aallleeeeeeeeeeeee  
/data3fast/users/mbermudez/de_03/TFGDataset/img/train_t2_0088_1.png|eet   nn    tt  eeeeeeeeee    reeerrriiiiddd
/data3fast/users/mbermudez/de_03/TFGDataset/img/train_t2_1448_2.png|aaneeeeeteet  eeeeeeee  naaaaa     eeeeellee nnd
/data3fast/users/mbermudez/de_03/TFGDataset/img/train_t2_0937_0.png|breeeerrrr    d aacchhnneeeeeeeett nnnuuuu
/data3fast/users/mbermudez/de_03/TFGDataset/img/train_t2_1321_0.png|ssteeeeteseeeeeeeeeeeeeessse    aa         .......
/data3fast/users/mbermudez/de_03/TFGDataset/img/train_t2_0317_1.png|wirr     ccchleeN   n      *eeee     ssccchhsse
/data3fast/users/mbermudez/de_03/TFGDataset/img/train_t2_0023_1.png|geeetitheeeeeeeeeeeeeeeennnnnnn      deeeeeeeeeeeee
/data3fast/users/mbermudez/de_03/TFGDataset/img/train_t2_0211.png|au ddeeeee  nnnaa hheeeelllll  sss        n
/data3fast/users/mbermudez/de_03/TFGDataset/img/train_t2_0899_0.png|iihhheeeeeeeee ddeer a        sa          d esssssss
/data3fast/users/mbermudez/de_03/TFGDataset/img/train_t2_0313.png|beeeedddd   eee c h nn eeetthhhnnnnnneeeeeeeiichhh
/data3fast/users/mbermudez/de_03/TFGDataset/img/train_t2_1497_2.png|tteeeeeeeeeeee      eeeeeeeeee    dnaaaaahhh
/data3fast/users/mbermudez/de_03/TFGDataset/img/train_t2_1126_2.png|sseeeeeieeeee esssssslle e n    tt    eeaalleee
/data3fast/users/mbermudez/de_03/TFGDataset/img/train_t2_0040.png|aassseellll   d        auunnnn eeeeeeeee
/data3fast/users/mbermudez/de_03/TFGDataset/img/train_t2_0410_0.png|eeeeeeeeeeeeeeeeeeeeeeeeeee      sssclll  n      aaaa
/data3fast/users/mbermudez/de_03/TFGDataset/img/train_t2_1470.png|ii    ttthh  d  e ********          eeeeessss     eeeesee
/data3fast/users/mbermudez/de_03/TFGDataset/img/train_t2_0896_0.png|uu   eeelllassss   ddddddddd   aaaas e aa
/data3fast/users/mbermudez/de_03/TFGDataset/img/train_t2_0841_0.png|seeeee  sshhhhee  nnnnn eee      aaa   eeeeeeeee
/data3fast/users/mbermudez/de_03/TFGDataset/img/train_t2_1141.png|mmhhhhhhhhhh   drrlla    sss  sss      dddddee
/data3fast/users/mbermudez/de_03/TFGDataset/img/train_t2_0252_1.png|geeeiiinnn   ttttttt   deeeeeellNN
/data3fast/users/mbermudez/de_03/TFGDataset/img/train_t2_0594_1.png|ee       deeeeeett  n u   tttcchheeee  nne
/data3fast/users/mbermudez/de_03/TFGDataset/img/train_t2_0364_0.png|irrr  aaaaaaaaaa        t       eeelleennnneeeeeeee
/data3fast/users/mbermudez/de_03/TFGDataset/img/train_t2_1346_1.png|asss    uuuu  eeeeeeeeeeett      ee laaaaaaa
/data3fast/users/mbermudez/de_03/TFGDataset/img/train_t2_1000_1.png|lleeeeeeeee  ihhnnneeee     eeeeeeeeeeeeeeeeeeeeeee
/data3fast/users/mbermudez/de_03/TFGDataset/img/train_t2_0148_1.png|ttt*     r   e       eeechheeeeeee lllleeeeenn tttttt
/data3fast/users/mbermudez/de_03/TFGDataset/img/train_t2_0879_1.png|ii    ereeeeeelerrdeeee ddd eeennnee
/data3fast/users/mbermudez/de_03/TFGDataset/img/train_t2_0417.png|sstttt         ssse    sssssss    aa  lleeeeee     *** 
/data3fast/users/mbermudez/de_03/TFGDataset/img/train_t2_0709_0.png|dde  eeeeeeeee     aaaaseeeett  u   d  eeeeeee
/data3fast/users/mbermudez/de_03/TFGDataset/img/train_t2_0929.png|ot  ddd  sssssssseee dn   chhhh nnnnnn   dd
/data3fast/users/mbermudez/de_03/TFGDataset/img/train_t2_0135_0.png|wsssss e eee e nnnnddd   eeecccchhhh   iiieeeee
/data3fast/users/mbermudez/de_03/TFGDataset/img/train_t2_0376.png|aa   eeeeeeeeeei i   reeiiihnnnn  eeessscccchh
/data3fast/users/mbermudez/de_03/TFGDataset/img/train_t2_0070.png|dee s cccchhhh  tt    sseeeeeeeiiii   
/data3fast/users/mbermudez/de_03/TFGDataset/img/train_t2_1371_0.png|aassseeeeeeii        aaaddd    d      essss   nnnnnnn
/data3fast/users/mbermudez/de_03/TFGDataset/img/train_t2_0630_2.png|oooeeee      cccchheeeeN
/data3fast/users/mbermudez/de_03/TFGDataset/img/train_t2_0822_0.png|unnn    auuuuuuunnggggnnnnnnnnn ccchhlee
/data3fast/users/mbermudez/de_03/TFGDataset/img/train_t2_1283_1.png|ooo     eeeee     eeeeeeeeennnnnnnnnaaa  eeestt
/data3fast/users/mbermudez/de_03/TFGDataset/img/train_t2_1445_2.png|eeeeeee        aaa   ddeeeeeeehhhhh   ddddee
/data3fast/users/mbermudez/de_03/TFGDataset/img/train_t2_0625_1.png|dieeeeeeetttttttte e   dd    chhh      eeeeee    
/data3fast/users/mbermudez/de_03/TFGDataset/img/train_t2_0479_2.png|eeeeteessslllle   dddrrrr a ddr   hhleee
/data3fast/users/mbermudez/de_03/TFGDataset/img/train_t2_0618_2.png|ihhsssss      sssssss     nn     n eeeeeereccccch     eeeee
/data3fast/users/mbermudez/de_03/TFGDataset/img/train_t2_1327.png|ee  nnn   aaa  leeeeeeeeeeee  ddddd  eellllaaau
/data3fast/users/mbermudez/de_03/TFGDataset/img/train_t2_0917_1.png|##
/data3fast/users/mbermudez/de_03/TFGDataset/img/train_t2_0937.png|brrrdrrrsssrrr d  ahhh  eeeeeeeetttt nnuuuu
/data3fast/users/mbermudez/de_03/TFGDataset/img/train_t2_1323_0.png|beeeeeeeeeehlhhhhhheeeeleleeeeee   dd d e sseeeeeN
/data3fast/users/mbermudez/de_03/TFGDataset/img/train_t2_1474_1.png|auu deee ssssss ssseeeeet         e tht    a ee
/data3fast/users/mbermudez/de_03/TFGDataset/img/train_t2_0295_0.png|geeeetttttteeee nnnneeee     eeeeeett  aaau
/data3fast/users/mbermudez/de_03/TFGDataset/img/train_t2_0809_1.png|oeee     eeeeeee     h iiiiinne eee    eeeeeelllll
/data3fast/users/mbermudez/de_03/TFGDataset/img/train_t2_1389_0.png|eee   aaalh         hhhhh eeeeeeenn   ttttt
/data3fast/users/mbermudez/de_03/TFGDataset/img/train_t2_0795_2.png|eernnnnnnnnnd  eeehhhhh    eee    *       aaaaae
/data3fast/users/mbermudez/de_03/TFGDataset/img/train_t2_0422_1.png|eesscchhhh    ddeeeeee       ungggnnnnn  nnhhhh
/data3fast/users/mbermudez/de_03/TFGDataset/img/train_t2_0155.png|aa           aa sssccs         ssssttt   nn   eeeeeeN
/data3fast/users/mbermudez/de_03/TFGDataset/img/train_t2_0708_0.png|neeeeelllleeeee     assss   nnn eeeeeennnnnnn
/data3fast/users/mbermudez/de_03/TFGDataset/img/train_t2_1036.png|chheeeeeeessssstt   drreeeeesttt aa    eeeeee
/data3fast/users/mbermudez/de_03/TFGDataset/img/train_t2_1023_2.png|deeeeeeeeleee dddd  eeeeeeeeeetttt    u ddddd
/data3fast/users/mbermudez/de_03/TFGDataset/img/train_t2_0394_2.png|undddeeettstseeeeeeeeeeeeddrrreicccchnnnnndd
/data3fast/users/mbermudez/de_03/TFGDataset/img/train_t2_1148_0.png|tt  d deeereeeeee  sssslllllaaa   reeeee
/data3fast/users/mbermudez/de_03/TFGDataset/img/train_t2_1051_2.png|nneeeeeeeiinnnn d eseeeeeeettt   a  eeeeeeee aaa
/data3fast/users/mbermudez/de_03/TFGDataset/img/train_t2_0074_0.png|tt    aaalll   eeeer   ah  eeennnnn  eettt
/data3fast/users/mbermudez/de_03/TFGDataset/img/train_t2_1170.png|oondeeeeestttt  d     nnnnnneeittteeeeee
/data3fast/users/mbermudez/de_03/TFGDataset/img/train_t2_0168_2.png|uu      eeeeeee  ssss    aa aa  eeeee   s    eeehhhhhh
/data3fast/users/mbermudez/de_03/TFGDataset/img/train_t2_0619.png|dee   e   eeee eeeeeeee          eeeeeeeeeeee   ttttttt
/data3fast/users/mbermudez/de_03/TFGDataset/img/train_t2_1309_0.png|geeennnnnn eeee    dddsssee    eeeeeeeet    deeee
/data3fast/users/mbermudez/de_03/TFGDataset/img/train_t2_0253_0.png|ffng eeeee     ssssseeeeeeeeiiii n deeeeeeeee
/data3fast/users/mbermudez/de_03/TFGDataset/img/train_t2_1073_0.png|# 
/data3fast/users/mbermudez/de_03/TFGDataset/img/train_t2_0342_0.png|eeen  aahaalasss  eeeddd   eee essccchheeeeeeessss
/data3fast/users/mbermudez/de_03/TFGDataset/img/train_t2_0747.png|rerellaaau dd   eeeeeeeeeeeeeeeeee*** nnnnhhhhhhh
/data3fast/users/mbermudez/de_03/TFGDataset/img/train_t2_0826_0.png|iir     ssscccssss   ******          iii eeeeeellleeeennnn
/data3fast/users/mbermudez/de_03/TFGDataset/img/train_t2_1412_2.png|aaaaaaaaaa    eeee d eesssshhhhhh iihhcchhhh   aaaeee
/data3fast/users/mbermudez/de_03/TFGDataset/img/train_t2_0917_0.png|# 
/data3fast/users/mbermudez/de_03/TFGDataset/img/train_t2_1143_0.png|eees   aaalleee n     * ...   aaa       ttttt
/data3fast/users/mbermudez/de_03/TFGDataset/img/train_t2_0547_2.png|iiiihhhcssssh eeeee    seee  ddd    ccchhiieennn dddeee
/data3fast/users/mbermudez/de_03/TFGDataset/img/train_t2_1415_1.png|iini ne  ndeeeeeeeeeeeei   sss     eeeeeeeeelllllhhhh
/data3fast/users/mbermudez/de_03/TFGDataset/img/train_t2_1293_0.png|alee   aaa eeeee    uuu  eeeee    u dd eeeeeesss
/data3fast/users/mbermudez/de_03/TFGDataset/img/train_t2_1360_1.png|geessssssteees  eeed   aannn  eegnggggeeeee
/data3fast/users/mbermudez/de_03/TFGDataset/img/train_t2_0075_0.png|"    eeetttsstt  ..
/data3fast/users/mbermudez/de_03/TFGDataset/img/train_t2_0328_0.png|diitttttttt   
/data3fast/users/mbermudez/de_03/TFGDataset/img/train_t2_1328.png|der  aaaa          uudd  eechii      nnnneeeee
/data3fast/users/mbermudez/de_03/TFGDataset/img/train_t2_0410_1.png|reeeeeeeeeeeeeeeeeccie  e ****  ss  h  nnnn     aaaa
/data3fast/users/mbermudez/de_03/TFGDataset/img/train_t2_1334.png|oo   eeeenneecchhnnn dd      n aa geeeeeelle
/data3fast/users/mbermudez/de_03/TFGDataset/img/train_t2_0913_2.png|aat    reeeettthhhhhh  eeeeeeettt    rrr sttttt
/data3fast/users/mbermudez/de_03/TFGDataset/img/train_t2_0253_1.png|fnnneeeee    ssssssssseeeeeeeeeeii    deeeeeeee
/data3fast/users/mbermudez/de_03/TFGDataset/img/train_t2_0764_2.png|ggeeeeeeeennnnnlll  dd  a hheenn     a  e    nn
/data3fast/users/mbermudez/de_03/TFGDataset/img/train_t2_0656_1.png|oonn       eeeeeeeeeeeeeee cccheeeee eeeeeeeeeeeeeeee
/data3fast/users/mbermudez/de_03/TFGDataset/img/train_t2_1229_1.png|lle         ttetee       ss      dddrerrihhhh
/data3fast/users/mbermudez/de_03/TFGDataset/img/train_t2_0699_2.png|seeeeeeeeeeee  dee  dd   ddd   llleeeeett    aaaa
/data3fast/users/mbermudez/de_03/TFGDataset/img/train_t2_0160_1.png|aaas       rrrrrrrllhhchhnnnn eeeeeeee caa   nn
/data3fast/users/mbermudez/de_03/TFGDataset/img/train_t2_0002.png|mitteeeeeeeel   dd aaaa ssssseiiii dd
/data3fast/users/mbermudez/de_03/TFGDataset/img/train_t2_0404_1.png|beeeellllhii 
/data3fast/users/mbermudez/de_03/TFGDataset/img/train_t2_1462_2.png|annne   hhh  neeeeeeennnnn   h heeeennneeess
/data3fast/users/mbermudez/de_03/TFGDataset/img/train_t2_0972_1.png|aasttttth
/data3fast/users/mbermudez/de_03/TFGDataset/img/train_t2_1061.png|bedd   sssllleeeN uuu   neellleeeeennn      assss
/data3fast/users/mbermudez/de_03/TFGDataset/img/train_t2_0750_0.png|rreeeee dd    ** .t        eee***** ***  sasll  dddeee
/data3fast/users/mbermudez/de_03/TFGDataset/img/train_t2_0979_1.png|sttt      eeeeee   c hs  llla u  eeeeeee ccc   ddda
/data3fast/users/mbermudez/de_03/TFGDataset/img/train_t2_0431_0.png|bbeeeeeeettt    dddeeeescc nn   ellleNNN
/data3fast/users/mbermudez/de_03/TFGDataset/img/train_t2_0033_1.png|tiieeeeeeette ss       ccch     sssss    lleeeeeeee
/data3fast/users/mbermudez/de_03/TFGDataset/img/train_t2_0903.png|nneeee iccc  nn eeeeeeeee nneeeeen   u eeeeeeN
/data3fast/users/mbermudez/de_03/TFGDataset/img/train_t2_0746_1.png|geee    aa eeeeeeeee   an   chcchsssshh  dddee
/data3fast/users/mbermudez/de_03/TFGDataset/img/train_t2_1222_2.png|wlll    dddeeeellllleieeeeeeeddddd a a  ee
/data3fast/users/mbermudez/de_03/TFGDataset/img/train_t2_0369_0.png|iieehhhhhhhh      eeeeeeeNNnneeeeeeeeeetttt aaaaa
/data3fast/users/mbermudez/de_03/TFGDataset/img/train_t2_1187.png|annnn   eeeeeeesss  uu uu  eellh     ndd         a
/data3fast/users/mbermudez/de_03/TFGDataset/img/train_t2_0162_0.png|desssssssseeeeeeene          eeeeeeeeeeeeeee       
/data3fast/users/mbermudez/de_03/TFGDataset/img/train_t2_1316_1.png|iieeeerrttttt
/data3fast/users/mbermudez/de_03/TFGDataset/img/train_t2_0479_1.png|eeetttteslllll  edddrrrraaddd   aa h  ee
/data3fast/users/mbermudez/de_03/TFGDataset/img/train_t2_1140_1.png|weeeeeee   nnnnnnnnnnennnnn     iitrrrr
/data3fast/users/mbermudez/de_03/TFGDataset/img/train_t2_1366_0.png|bee  nnn eeeehhhhh  ss     d    .    **    uuunnnnn
/data3fast/users/mbermudez/de_03/TFGDataset/img/train_t2_0575_1.png|uu   llehe nnd  aaa  eeeeeeeeelllleeeeeiiiinnn
/data3fast/users/mbermudez/de_03/TFGDataset/img/train_t2_1410_0.png|undd     eeeee  aas e      chhttttttttttt    dr
/data3fast/users/mbermudez/de_03/TFGDataset/img/train_t2_0845_2.png|dee   nnneeeeeeeenn  aasssss   a   chhh ee
/data3fast/users/mbermudez/de_03/TFGDataset/img/train_t2_0779.png|wweeee      ddeeee elhhhhhennnnn    ssssseeeeeeeee
/data3fast/users/mbermudez/de_03/TFGDataset/img/train_t2_1378_2.png|ooeee          nnnnnnnccct nnn          alsllhhchhh
/data3fast/users/mbermudez/de_03/TFGDataset/img/train_t2_0858_1.png|unddd aaa eeeeeeessseeeeeeeee     sssss
/data3fast/users/mbermudez/de_03/TFGDataset/img/train_t2_0494_0.png|wsssss  
/data3fast/users/mbermudez/de_03/TFGDataset/img/train_t2_1019_0.png|geeei nnn  eeittttttt  ddeeeelllllllee
/data3fast/users/mbermudez/de_03/TFGDataset/img/train_t2_0366_2.png|daaaaaa sseeeeeeeederrr aaeeeeeeeeee  een nnnn
/data3fast/users/mbermudez/de_03/TFGDataset/img/train_t2_1135_0.png|ggeeee     tttttthhhheee   a nnneeeeeee essss
/data3fast/users/mbermudez/de_03/TFGDataset/img/train_t2_0596_0.png|tteeggggeeeeee    a aa ccccchheinnnnee  ssss
/data3fast/users/mbermudez/de_03/TFGDataset/img/train_t2_0428_1.png|nnnneee ttt  aasssslleeeeeed          unnnnee
/data3fast/users/mbermudez/de_03/TFGDataset/img/train_t2_1298_1.png|dee  llllleeeeeeelllhhh ee aaaa   eeeeeeeehchh
/data3fast/users/mbermudez/de_03/TFGDataset/img/train_t2_0374.png|aaa    nn  llhhhau ggeeeeeee            ssssssss
/data3fast/users/mbermudez/de_03/TFGDataset/img/train_t2_1349_0.png|eeeeiiiinn      eeeeeeeeiiittth     rrreeeeeeeett
/data3fast/users/mbermudez/de_03/TFGDataset/img/train_t2_0705_1.png|eeeeeNeeeee  iii  tttt  a    ttt uuu
/data3fast/users/mbermudez/de_03/TFGDataset/img/train_t2_1223_0.png|mu       eeeellsssssssseee        assaauunddddd
/data3fast/users/mbermudez/de_03/TFGDataset/img/train_t2_1327_1.png|ee      aaaa  eeeeeeeeeeeee   dddd  eelchs  uuu
/data3fast/users/mbermudez/de_03/TFGDataset/img/train_t2_0120_1.png|aasseeeeeeeddeee iiiiiieeeelll    a     inieee
/data3fast/users/mbermudez/de_03/TFGDataset/img/train_t2_0141_2.png|wrrr    nnne  nnn  eessss eeeettthchhcs    nnnnn
/data3fast/users/mbermudez/de_03/TFGDataset/img/train_t2_0303_0.png|ooeeddd   eeeeeeeeeee       iniiiiiihnnnhnnnn
/data3fast/users/mbermudez/de_03/TFGDataset/img/train_t2_0214_1.png|aannn      ee    ddeeeeeeeeeeeeeeettsseeee sss     
/data3fast/users/mbermudez/de_03/TFGDataset/img/train_t2_0196_0.png|teN   nnn dddeesssssseeee nnnnnnn   ddd aaaalll
/data3fast/users/mbermudez/de_03/TFGDataset/img/train_t2_0743_0.png|uuu   aee  eeendddeeeeeeeeeeeeeeeeeeeee
/data3fast/users/mbermudez/de_03/TFGDataset/img/train_t2_0045.png|tttaaaauuudd eeeeee      s    eeellhee nnnnnnnne
/data3fast/users/mbermudez/de_03/TFGDataset/img/train_t2_0102_1.png|aaa  eeeeeeeennnneeiiicch  nnd  eiieeeeeeee   a
/data3fast/users/mbermudez/de_03/TFGDataset/img/train_t2_0413_1.png|ee  dddd  eeeesssseee  aaaaaaann   sss     iihh
/data3fast/users/mbermudez/de_03/TFGDataset/img/train_t2_0755.png|ieeeet    nnnnn   ss   n     a     eeeeee   aaann
/data3fast/users/mbermudez/de_03/TFGDataset/img/train_t2_1345_1.png|geee  dddd rrr tthhhee nnnnaaaaaeeeee
/data3fast/users/mbermudez/de_03/TFGDataset/img/train_t2_0042_1.png|de    eeeeee ssss         eeeeeeeeeeeeeeehhhheeeeeee
/data3fast/users/mbermudez/de_03/TFGDataset/img/train_t2_0031_1.png|eee      e eeeeeeen nnn dddddeeeeeettt  nnnn
/data3fast/users/mbermudez/de_03/TFGDataset/img/train_t2_0070_2.png|dee  ttccchhhhh       aassseeeeeeeecchi   d
/data3fast/users/mbermudez/de_03/TFGDataset/img/train_t2_1101_2.png|dietsssseseelleeeddddd  a  ddee  aaauua ddee
/data3fast/users/mbermudez/de_03/TFGDataset/img/train_t2_0576_2.png|geeee            aa   d   iccccccnn ddddnnnnn
/data3fast/users/mbermudez/de_03/TFGDataset/img/train_t2_1019_1.png|geeeeee    eeeitttttt  ddeeeeeeeellee
/data3fast/users/mbermudez/de_03/TFGDataset/img/train_t2_0138_0.png|aa       rrrrr aaaaauneeeeeeeeeeeeeeeeeeeeeee
/data3fast/users/mbermudez/de_03/TFGDataset/img/train_t2_1163_2.png|weeeesssssla dd  aaaaa  eee  nnn eeeeeee
/data3fast/users/mbermudez/de_03/TFGDataset/img/train_t2_1363_1.png|drr      ehhie  ssssslleeessl eee ietee       aaa
/data3fast/users/mbermudez/de_03/TFGDataset/img/train_t2_0249.png|ueeeeeelllhhhhhh nnn    nn  hc   eeeeeeele   aaee
/data3fast/users/mbermudez/de_03/TFGDataset/img/train_t2_1435_1.png|mii  eeeennn chcaa     dddd    ssssss auuu
/data3fast/users/mbermudez/de_03/TFGDataset/img/train_t2_1024.png|ssttte   dd e iieeeeeee   sscchchee nnnddd rrr
/data3fast/users/mbermudez/de_03/TFGDataset/img/train_t2_0490.png|errlhh      t  nnnnnnhhtnn   ee aa  etseehh
/data3fast/users/mbermudez/de_03/TFGDataset/img/train_t2_0011.png|aannn    ieeeettttteeeeeeeee   e      ddd    eeeeee
/data3fast/users/mbermudez/de_03/TFGDataset/img/train_t2_0122_1.png|"u eeeeeeeeeeeeeeeeeeeeeg  ugeeeeeeee nneed
/data3fast/users/mbermudez/de_03/TFGDataset/img/train_t2_1083.png|neeeecchhhhh   ddddeeees    aaaa a aa     ddeeeeeee
/data3fast/users/mbermudez/de_03/TFGDataset/img/train_t2_0562_1.png|innneeeee****.....
/data3fast/users/mbermudez/de_03/TFGDataset/img/train_t2_0048_1.png|obeeddd      reeteeeeeeeeeeeees aaaa  dd sseeeeehhh
/data3fast/users/mbermudez/de_03/TFGDataset/img/train_t2_1232_1.png|ggeeeeeeeeeeeeeeee  ssssl  eeeetttee   uu  d aaa
/data3fast/users/mbermudez/de_03/TFGDataset/img/train_t2_0450_0.png|ieettttt  unn     eee  unnnu dassscchhiiee
/data3fast/users/mbermudez/de_03/TFGDataset/img/train_t2_0722_2.png|ceeeNeeeeeeee tt u e   ttttteeeeeeee    ddeee
/data3fast/users/mbermudez/de_03/TFGDataset/img/train_t2_1006.png|der         nenaahhhh  neeeeleeeee   nddd   sss
/data3fast/users/mbermudez/de_03/TFGDataset/img/train_t2_0345.png|ichhh     ddddrreeeeeeehh n ddd  nncieeeee s eeeees
/data3fast/users/mbermudez/de_03/TFGDataset/img/train_t2_1338_0.png|nnee ssss eeeedddd   ennnnni    ***  * esssls
/data3fast/users/mbermudez/de_03/TFGDataset/img/train_t2_1273_2.png|weee       aaaa     tt nnnnneeeenn    eeeettt
/data3fast/users/mbermudez/de_03/TFGDataset/img/train_t2_1473_2.png|wwieeeeeeeeeer  aaallll  nnd   iii nnnnnnnn
/data3fast/users/mbermudez/de_03/TFGDataset/img/train_t2_0813_2.png|mht   eedddrereessssssll       ssscccchheeeedddrer
/data3fast/users/mbermudez/de_03/TFGDataset/img/train_t2_0282.png|weeee     erred       **. ssttttt   eeeeeeee  sa
/data3fast/users/mbermudez/de_03/TFGDataset/img/train_t2_1006_2.png|der        eeennaa n  eeeeeeeeeee  u  dd     
/data3fast/users/mbermudez/de_03/TFGDataset/img/train_t2_0774_1.png|da  eeeeNNuuunneeeeecch nnnndd  eeeeeeeeeeeee
/data3fast/users/mbermudez/de_03/TFGDataset/img/train_t2_1100_1.png|iiaa    dreeee  llleeeeesseee    aaa  dd eeeet
/data3fast/users/mbermudez/de_03/TFGDataset/img/train_t2_0222_2.png|tttt        e       dd   ss   nnnneeeeeeesss    **     
/data3fast/users/mbermudez/de_03/TFGDataset/img/train_t2_1323_2.png|beeeeeeelllhhhhhhlleeeellllee     ddd   sssee  ssee
/data3fast/users/mbermudez/de_03/TFGDataset/img/train_t2_1316.png|iieeeettttttt
/data3fast/users/mbermudez/de_03/TFGDataset/img/train_t2_1250_0.png|wsssseeeeeeeeeeeeeees   a  eeeereiiiieee
/data3fast/users/mbermudez/de_03/TFGDataset/img/train_t2_0214_2.png|aaaneee    e       eededeeeeeeeeeeee reeee  ss      
/data3fast/users/mbermudez/de_03/TFGDataset/img/train_t2_0237_0.png|alls   
/data3fast/users/mbermudez/de_03/TFGDataset/img/train_t2_0453_2.png|unnnnnnnnnnn  eeeeeeeee rrrtttttttt n
/data3fast/users/mbermudez/de_03/TFGDataset/img/train_t2_1118_1.png|desssaaaauuuu ss hee   nnnnnnnn   aaaa   edeee
/data3fast/users/mbermudez/de_03/TFGDataset/img/train_t2_0061_1.png|oire        tttt eeeeege uu   sss e  
/data3fast/users/mbermudez/de_03/TFGDataset/img/train_t2_0696_0.png|oonndeeeeeeeeeeeeeeeennnnnnnn aaa  eeeeeeeeeeehhh
/data3fast/users/mbermudez/de_03/TFGDataset/img/train_t2_0455_0.png|unddd  riirrreeeelllhhhhh       ccccccccchh
/data3fast/users/mbermudez/de_03/TFGDataset/img/train_t2_0490_1.png|errrhhh  t     nnn ihiiitiinee     eeethhseee
/data3fast/users/mbermudez/de_03/TFGDataset/img/train_t2_0076.png|dee   eeeeeessseeee  nn eeeeettnnnnneeeer
/data3fast/users/mbermudez/de_03/TFGDataset/img/train_t2_1454_2.png|iiieeeiiiiichnnneeennnnnnnn tchh      eeee
/data3fast/users/mbermudez/de_03/TFGDataset/img/train_t2_1419_1.png|geee         tttttt    llleeeeeeeeeseeeeee
/data3fast/users/mbermudez/de_03/TFGDataset/img/train_t2_0113.png|iihhetet s  tt ttt    dd   a     rieeeeeeeeeeeeeee
/data3fast/users/mbermudez/de_03/TFGDataset/img/train_t2_0217_1.png|nne      s  aaha  ddeee   tthh   ndd eeeeeettn
/data3fast/users/mbermudez/de_03/TFGDataset/img/train_t2_0940_1.png|der  eeeeeeeelllee n  ddd   eehchh    ddddeeeeee
/data3fast/users/mbermudez/de_03/TFGDataset/img/train_t2_1344_2.png|dd       d     eeee    chh aaaa aa    sssaa  d
/data3fast/users/mbermudez/de_03/TFGDataset/img/train_t2_0638_2.png|ohhleee     eeeeeeeeeeiicccchhh       aa   eeeee
/data3fast/users/mbermudez/de_03/TFGDataset/img/train_t2_0106.png|"ssssssshhhnn e   ***      cc  ee
/data3fast/users/mbermudez/de_03/TFGDataset/img/train_t2_1499_2.png|see   aaaaaa  ddeeeeeessss sse  hhhhhh t    eeee
/data3fast/users/mbermudez/de_03/TFGDataset/img/train_t2_1297_2.png|aueeeeeellelllllauuuud a    assssss    eeeeeeeee
/data3fast/users/mbermudez/de_03/TFGDataset/img/train_t2_0312_1.png|rrr  ndddd   ehhheeeseeet     ichhh  eeeennnnne
/data3fast/users/mbermudez/de_03/TFGDataset/img/train_t2_0928.png|der  aaaaaaaa aaa    iiiiittt  ellllaaaauu
/data3fast/users/mbermudez/de_03/TFGDataset/img/train_t2_0001_1.png|gee  nn    aeellleeeeeeeeeee  d     aa eeeeeeeeee
/data3fast/users/mbermudez/de_03/TFGDataset/img/train_t2_0114_2.png|dii  hssssts   u  ddeeeeenn gllle       ah aee
/data3fast/users/mbermudez/de_03/TFGDataset/img/train_t2_0473_1.png|geeentttt   .
/data3fast/users/mbermudez/de_03/TFGDataset/img/train_t2_1234_1.png|geesss          d   teeeeeee   e        dd      rrrr
/data3fast/users/mbermudez/de_03/TFGDataset/img/train_t2_0024.png|bbeeeeeeeeestttt   alllhh   edeee       aauudddeee
/data3fast/users/mbermudez/de_03/TFGDataset/img/train_t2_0095_0.png|nnnddeeeeeeeeeeaaa ttt         neeeeessssssss
/data3fast/users/mbermudez/de_03/TFGDataset/img/train_t2_0817_0.png|die  eeeee        cceeeeeeeeeeneeeeeeeee llllleeessss
/data3fast/users/mbermudez/de_03/TFGDataset/img/train_t2_0131_2.png|onnn    a   e eeeeeee   ......
/data3fast/users/mbermudez/de_03/TFGDataset/img/train_t2_1247.png|iieeeeeeee  eeesccccnnnnnnnn  nnddeeeeeeeeee
/data3fast/users/mbermudez/de_03/TFGDataset/img/train_t2_0649.png|ooss  lllhh    eesseed r ccccclllheeeeeeee
/data3fast/users/mbermudez/de_03/TFGDataset/img/train_t2_0063.png|ee   nnn       eeehhheeeeeeeett       sschhh       
/data3fast/users/mbermudez/de_03/TFGDataset/img/train_t2_0456.png|bee aaaalgeee  nnnd      ...  cch  eeeeeellll
/data3fast/users/mbermudez/de_03/TFGDataset/img/train_t2_0023.png|geeeithhheeeer edeeeeelleeeeennnnn d    deeeeeeeeee
/data3fast/users/mbermudez/de_03/TFGDataset/img/train_t2_0960_2.png|deeeeeeeeeeeeeee**** ttttti  n  eeeeeeNN    u eeeeeessss
/data3fast/users/mbermudez/de_03/TFGDataset/img/train_t2_0655_1.png|wwssss   hhhhhheeei nnnn nnn   e    aaaaaa
/data3fast/users/mbermudez/de_03/TFGDataset/img/train_t2_0017.png|dii  nnnnnnn          .**  iccceeeeeeee
/data3fast/users/mbermudez/de_03/TFGDataset/img/train_t2_1151_1.png|#eee
/data3fast/users/mbermudez/de_03/TFGDataset/img/train_t2_1396_1.png|alls e eessseeleee  ndddddeeeeccccchhhh  aaah
/data3fast/users/mbermudez/de_03/TFGDataset/img/train_t2_0428_0.png|nnneeeeetttta   sssssl eeeeeddde        unnn
/data3fast/users/mbermudez/de_03/TFGDataset/img/train_t2_0500.png|geeeeeeeeeee   aaaannneeeee nn aaaa ddeeeettt
/data3fast/users/mbermudez/de_03/TFGDataset/img/train_t2_0540_2.png|#
/data3fast/users/mbermudez/de_03/TFGDataset/img/train_t2_0559_2.png|nnnn  eee aaaesssllleeee        eeeeesssseeeeeeee
/data3fast/users/mbermudez/de_03/TFGDataset/img/train_t2_1401_2.png|nnd   ssscccchsts  a   deeeerrr  a     uuu
/data3fast/users/mbermudez/de_03/TFGDataset/img/train_t2_0799_0.png|eeeeeeeeeeeeee  nnee lchhhh  eeeeeeennnnneeeettt
/data3fast/users/mbermudez/de_03/TFGDataset/img/train_t2_0642.png|diie ei  nn ddd  sssssshssseeeeeeeeenn         ee
/data3fast/users/mbermudez/de_03/TFGDataset/img/train_t2_0503_1.png|unddeeeeeeess   sas leeeeennnneei i     aaaa
/data3fast/users/mbermudez/de_03/TFGDataset/img/train_t2_0868.png|unndder    aaaarrrellllheeeessslssseeess 
/data3fast/users/mbermudez/de_03/TFGDataset/img/train_t2_0644_0.png|geeeennn    eeeee sa  eeeeeeeeeeennn  a  dddrrrr
/data3fast/users/mbermudez/de_03/TFGDataset/img/train_t2_0817_2.png|dde   eleee         ccheeeeNNeeee   eeeeeee  llll sseeeee
/data3fast/users/mbermudez/de_03/TFGDataset/img/train_t2_0535_0.png|meee   d   **** ssscchh       alllleeeNNN uu
/data3fast/users/mbermudez/de_03/TFGDataset/img/train_t2_0342_1.png|nnnnn  elhaaaa sssele  dd    e    sschhheeeeeesllll
/data3fast/users/mbermudez/de_03/TFGDataset/img/train_t2_0443_1.png|der r   tttttttteetttienneeeeeeeessssttttttt
/data3fast/users/mbermudez/de_03/TFGDataset/img/train_t2_0179_0.png|thhnnnnnnn       tteeenn  hhhhhhheeeeeeeess
/data3fast/users/mbermudez/de_03/TFGDataset/img/train_t2_0156_2.png|deeeelll eeeeeeeeee d  aa nn dd  e    sseee  tttt
/data3fast/users/mbermudez/de_03/TFGDataset/img/train_t2_0071_1.png|aadd desse ddd        ddeeeeee  sllllee      dddde
/data3fast/users/mbermudez/de_03/TFGDataset/img/train_t2_0931_1.png|teeeeeeeee          eeeeeeeeeetttteeeeeeeeeeeeeii
/data3fast/users/mbermudez/de_03/TFGDataset/img/train_t2_0583.png|aaeee     ddd nn   alllhhhchhhhhhseeeelllleeeeeeeee
/data3fast/users/mbermudez/de_03/TFGDataset/img/train_t2_0096_1.png|aae   ddnnn  cc  dddddd sss  ddeeeeeeee
/data3fast/users/mbermudez/de_03/TFGDataset/img/train_t2_0581_1.png|eee      a  a d          tssssssthhhhh    eeeeee
/data3fast/users/mbermudez/de_03/TFGDataset/img/train_t2_1496.png|oonn  ee e eeennnnnn    aaa eee   
/data3fast/users/mbermudez/de_03/TFGDataset/img/train_t2_0799_2.png|eeeeeeeeeeeeeeennn  llclhhheeeeeeeennnneeeeeeee
/data3fast/users/mbermudez/de_03/TFGDataset/img/train_t2_0034_2.png|#  eee
/data3fast/users/mbermudez/de_03/TFGDataset/img/train_t2_0547_1.png|iirhhccccchsssseeeeeee*eee   d    ccccchhieennnnnddd
/data3fast/users/mbermudez/de_03/TFGDataset/img/train_t2_0500_2.png|geeeeseeee  aahhhh nnneeet          eeeee
/data3fast/users/mbermudez/de_03/TFGDataset/img/train_t2_1280_0.png|geeeee
/data3fast/users/mbermudez/de_03/TFGDataset/img/train_t2_0083_1.png|uuuggeeeeeeeeeeettttttte       aa  ttttt  
/data3fast/users/mbermudez/de_03/TFGDataset/img/train_t2_0591.png|ddesseeeeeee  hhii     aa   nneeeeeeeeeesssss  aaaaa
/data3fast/users/mbermudez/de_03/TFGDataset/img/train_t2_0958.png|dee   nnnnneeeetttcccc     ssssauunndddeeeeeeeNNN
/data3fast/users/mbermudez/de_03/TFGDataset/img/train_t2_0023_2.png|geeehhhhhht   eeeeeellllleeennnnnn    ddd eeeeee
/data3fast/users/mbermudez/de_03/TFGDataset/img/train_t2_0749_0.png|eeeeiii   hh   eee   aau eeeeeeellll       eeeeeeee
/data3fast/users/mbermudez/de_03/TFGDataset/img/train_t2_1027_2.png|die eelllaaaa eeeeeeeeeee   ssssssseeeeeee
/data3fast/users/mbermudez/de_03/TFGDataset/img/train_t2_0973_2.png|eee  hhhhhhneeell         tt eeeeeeeeeeeeeeeeerr
/data3fast/users/mbermudez/de_03/TFGDataset/img/train_t2_0108_1.png|aass  eeeeeeeeeiiieeeeeennneeeeeee       nnn
/data3fast/users/mbermudez/de_03/TFGDataset/img/train_t2_0299.png|nnaa     eeeeeeeeeeeeehhhieeee   uuuu u nnneen
/data3fast/users/mbermudez/de_03/TFGDataset/img/train_t2_1254_0.png|mit  eeeeeeeeh    dnn ee      d   elheeeeeegeeeeNN
/data3fast/users/mbermudez/de_03/TFGDataset/img/train_t2_1242_1.png|drrrccchhssssssssss     ssd    eeeeh   ssss   eed     ee
/data3fast/users/mbermudez/de_03/TFGDataset/img/train_t2_0873.png|innn   lleeeee  aassssee d  eeel     n      cccchchh
/data3fast/users/mbermudez/de_03/TFGDataset/img/train_t2_1285_1.png|dd    eeeeee    heeeeeee        lllllleeeee *********eee
/data3fast/users/mbermudez/de_03/TFGDataset/img/train_t2_1177_2.png|beeee          dnd      tttttttt    neeeeeee
/data3fast/users/mbermudez/de_03/TFGDataset/img/train_t2_1410_2.png|unddd  aleeeee  l   dd    ihhh tttteettttt  rrrrrr
/data3fast/users/mbermudez/de_03/TFGDataset/img/train_t2_1078_1.png|llttt   
/data3fast/users/mbermudez/de_03/TFGDataset/img/train_t2_0715_2.png|mmt aaaaaannnnneeeeeeeee ddd       ii   nnnn
/data3fast/users/mbermudez/de_03/TFGDataset/img/train_t2_0706_2.png|deeee enn     naaaeeeeeeette   nnnneeeeeeeeeeeeeeeeee
/data3fast/users/mbermudez/de_03/TFGDataset/img/train_t2_0438.png|ooole     eeeeeeeeeee auuuun      eeee
/data3fast/users/mbermudez/de_03/TFGDataset/img/train_t2_0063_2.png|eedd nndd   s  eeeeeeeeeeeeeet      ssssshhs      r
/data3fast/users/mbermudez/de_03/TFGDataset/img/train_t2_1075_1.png|rrr     ssss hhhhh eeeeeeeeeessse s   nnnnnnnnnneee
/data3fast/users/mbermudez/de_03/TFGDataset/img/train_t2_0149_1.png|geeeee       eetttt     d  e ***....
/data3fast/users/mbermudez/de_03/TFGDataset/img/train_t2_0354.png|llhhh    sssseee     d     ege lhhhheeeeeeeeeeee aaa
/data3fast/users/mbermudez/de_03/TFGDataset/img/train_t2_0260_1.png|nneeeessss   nneeeeeeeeeeeiieglllllllaaaaaassee
/data3fast/users/mbermudez/de_03/TFGDataset/img/train_t2_1105_1.png|te       eeeeeelllle dd  esseeeeehhhi       eeeeeeeee
/data3fast/users/mbermudez/de_03/TFGDataset/img/train_t2_0621_1.png|sieeeeeeNNNNNNennnn    cccc ch     ii aahhhe
/data3fast/users/mbermudez/de_03/TFGDataset/img/train_t2_1387_1.png|tte  eeeeeeeeeeeeee       cccchhchha    eeeeeeeetttenn
/data3fast/users/mbermudez/de_03/TFGDataset/img/train_t2_1065_2.png|llle    n eeeeeeeee    sss      deeeeeeeee*nn   
/data3fast/users/mbermudez/de_03/TFGDataset/img/train_t2_0955_1.png|wlll      .. .   s eee          eeeeee  nnnneee    
/data3fast/users/mbermudez/de_03/TFGDataset/img/train_t2_0522_2.png|gllllleeeeeettttshhheeeddddrdddeeeee     aaaa
/data3fast/users/mbermudez/de_03/TFGDataset/img/train_t2_0681.png|dissssssllassssssssshcc  nnnnndeeeeeeeeee ggeeeeeeee
/data3fast/users/mbermudez/de_03/TFGDataset/img/train_t2_0880.png|oofeeee   asssseeeeennntttt   .
/data3fast/users/mbermudez/de_03/TFGDataset/img/train_t2_0293_1.png|deeeeeeeeeeeeetee   n  n naaannn  eeeeeeeeeeeeee
/data3fast/users/mbermudez/de_03/TFGDataset/img/train_t2_0047.png|oiineeeeeeennneeeeet uuuunneeeeeeeessttt
/data3fast/users/mbermudez/de_03/TFGDataset/img/train_t2_0652_1.png|eee  aaaaa              ch    d dd    ee*......
/data3fast/users/mbermudez/de_03/TFGDataset/img/train_t2_0360_2.png|aass aaaaaua asssh    sssseeehhhee     s   a   hh
/data3fast/users/mbermudez/de_03/TFGDataset/img/train_t2_0535_1.png|meeee  dee  *  tsscchhht  d rraalllleeeeeNnnn
/data3fast/users/mbermudez/de_03/TFGDataset/img/train_t2_0435_0.png|ne d d    cccchhh  nnneeeesss  eeedd  reiiinnn  a
/data3fast/users/mbermudez/de_03/TFGDataset/img/train_t2_0043_1.png|das    hhhahhllleeeeeee   eeeerhh   rreeeei
/data3fast/users/mbermudez/de_03/TFGDataset/img/train_t2_0623_1.png|da      eeer  ah  deeeetiiiiiinn   deeettt
/data3fast/users/mbermudez/de_03/TFGDataset/img/train_t2_1244.png|hhheeeeeeeeeettt   auu   eessscchssssh  eede
/data3fast/users/mbermudez/de_03/TFGDataset/img/train_t2_1116_2.png|de   nnnuuuuggauaauuun      ss   aaaaaala
/data3fast/users/mbermudez/de_03/TFGDataset/img/train_t2_0229_1.png|iihhhaaaa  nnn  eeeeellleeeeeeeeeeeecccchh        neeeeee
/data3fast/users/mbermudez/de_03/TFGDataset/img/train_t2_0665.png|llee   dddddaaaaaaaalhhetet   n eeeeeeeen
/data3fast/users/mbermudez/de_03/TFGDataset/img/train_t2_0508_1.png|"  eeeeeee  aaas hh a  slleeeeeeeeeeeeett
/data3fast/users/mbermudez/de_03/TFGDataset/img/train_t2_0347_0.png|diitteeeeeennnnnnntttttt aaat t   dd    ae
/data3fast/users/mbermudez/de_03/TFGDataset/img/train_t2_1494_0.png|eess    eeeeeeesssse            eeelle    e eeeeeeeee
/data3fast/users/mbermudez/de_03/TFGDataset/img/train_t2_1322_2.png|tieeeeeeeeeeeee  d    ssseshh  nndddd    ddd
/data3fast/users/mbermudez/de_03/TFGDataset/img/train_t2_1285_2.png|dd   eeeeeeeee  eeeeeeeee  d   ee  llleeeeeeee *e    eeeennn
/data3fast/users/mbermudez/de_03/TFGDataset/img/train_t2_0116_0.png|"   eeeeehhhhttt eeddd   ssll  d eeeeeeehhheeenneeen
/data3fast/users/mbermudez/de_03/TFGDataset/img/train_t2_0834_1.png|iireeeeeeeeeeeetttt    ssllhhhieeeeeeeeed ss
/data3fast/users/mbermudez/de_03/TFGDataset/img/train_t2_1016_1.png|neettttt    hhhhhheeeeen   eeeeeettt    eeeeeeesssNNNN
/data3fast/users/mbermudez/de_03/TFGDataset/img/train_t2_0905_0.png|gggeee   ccchhh  dddd           
/data3fast/users/mbermudez/de_03/TFGDataset/img/train_t2_1459_0.png|deeeeeennnnneeehheeeee    a eee  ddd eeeeeeee    
/data3fast/users/mbermudez/de_03/TFGDataset/img/train_t2_1478_1.png|iieee     s   eeeeeggggeee eeddeeeeeeeeehhh
/data3fast/users/mbermudez/de_03/TFGDataset/img/train_t2_0498_1.png|ees   aa    eeeee    eeeeeeelcccchi t        
/data3fast/users/mbermudez/de_03/TFGDataset/img/train_t2_1052_0.png|nnnngeeeeeeeeee  aalllllll     nddd eeeeee   nnnn
/data3fast/users/mbermudez/de_03/TFGDataset/img/train_t2_1131_1.png|ihhe  e e eeeeeeeee   auuaa  eeeeeeett   sssssshhhh
/data3fast/users/mbermudez/de_03/TFGDataset/img/train_t2_1273_1.png|ceee       dd a a ttttt  n n eeeennn  eeee ettt
/data3fast/users/mbermudez/de_03/TFGDataset/img/train_t2_0811_2.png|aasss eeeeeeeeeeeeiiicchhhh eeeeeee  nnnaaaaallauuuuuu
/data3fast/users/mbermudez/de_03/TFGDataset/img/train_t2_0239_1.png|"u   elslseeeee       ..
/data3fast/users/mbermudez/de_03/TFGDataset/img/train_t2_1429_2.png|#
/data3fast/users/mbermudez/de_03/TFGDataset/img/train_t2_0360_0.png|aaaaaaaaaaa   ssscch   sssseeeeehhhe      aaaa  aa
/data3fast/users/mbermudez/de_03/TFGDataset/img/train_t2_1313_2.png|auu    aaasttt    dd            llllllleeeeeeesssee
/data3fast/users/mbermudez/de_03/TFGDataset/img/train_t2_0110_2.png|ooossscchllllhheeeeeeeeinn   aalllleeeeeeeeteeenn
/data3fast/users/mbermudez/de_03/TFGDataset/img/train_t2_1256_2.png|nneee*******            eeeeee   nnd eeeeeenneeee
/data3fast/users/mbermudez/de_03/TFGDataset/img/train_t2_0865_0.png|beeeeeeeleeNN
/data3fast/users/mbermudez/de_03/TFGDataset/img/train_t2_0771_0.png|#  
/data3fast/users/mbermudez/de_03/TFGDataset/img/train_t2_0837_0.png|dee eelleeeessssee  nnnnnnn  ddd    neeeennnn
/data3fast/users/mbermudez/de_03/TFGDataset/img/train_t2_1182_0.png|iittthhhhhhhheee  ddeededd  sssssssse e eee   reeeeeee
/data3fast/users/mbermudez/de_03/TFGDataset/img/train_t2_0151.png|sshh  aaaahh eeedddrrrrrtichchnnnndd sssseeeeeee
/data3fast/users/mbermudez/de_03/TFGDataset/img/train_t2_0044_1.png|wiee d    aa   nnnnnndd  esssee  nnneeee
/data3fast/users/mbermudez/de_03/TFGDataset/img/train_t2_1338_1.png|neeeeellheeeedeeeddddd  eeinneee    **eeeeelese
/data3fast/users/mbermudez/de_03/TFGDataset/img/train_t2_0046_2.png|dee     ttt eeee  tttt          lllleeeee
/data3fast/users/mbermudez/de_03/TFGDataset/img/train_t2_0886_2.png|uun     eee   tttcchhheeee eee    s  uuuuuue
/data3fast/users/mbermudez/de_03/TFGDataset/img/train_t2_1189_0.png|wweeeerrrr  lllee  t    sssss    uneeeeee
/data3fast/users/mbermudez/de_03/TFGDataset/img/train_t2_0112_1.png|aaee      sss  ddeeee***eee  nn   d               **    ass
/data3fast/users/mbermudez/de_03/TFGDataset/img/train_t2_0531_1.png|dee ssssee ssssseeetttnnnnnnnnn  ee a aeeeeeee
/data3fast/users/mbermudez/de_03/TFGDataset/img/train_t2_0225_2.png|chheeeee   eeeeeeeeeeeeehhtt     rrdddeeerre
/data3fast/users/mbermudez/de_03/TFGDataset/img/train_t2_0733_0.png|seeh      eeeeeeennneeeeeeeeeeeeeee enneeee
/data3fast/users/mbermudez/de_03/TFGDataset/img/train_t2_0218_1.png|aageeeeee   u aaa seee     alllll    u nnne
/data3fast/users/mbermudez/de_03/TFGDataset/img/train_t2_0298.png|udd eelllhhessssschh  uunnd a     ddd eeeeeenneeeeeeee
/data3fast/users/mbermudez/de_03/TFGDataset/img/train_t2_0369_1.png|viellllhhhhhh  dd eeeeeeeeeennneeeeeeeeettt  aas
/data3fast/users/mbermudez/de_03/TFGDataset/img/train_t2_0071_0.png|andd  eseeeeddd         eeereeee lllllee ddd  dddd
/data3fast/users/mbermudez/de_03/TFGDataset/img/train_t2_0437_2.png|wiie     aahhhlllleeeeee           ichhhhhhi
/data3fast/users/mbermudez/de_03/TFGDataset/img/train_t2_0468.png|aau   eeeeeeee   sssseee     ettttttteeeeeeeea
/data3fast/users/mbermudez/de_03/TFGDataset/img/train_t2_1289_1.png|ffee   eeeeeeeenneeeeeeeeeeee     eeeeessse      aaaaa
/data3fast/users/mbermudez/de_03/TFGDataset/img/train_t2_1388_1.png|bellhhhttt   sssse  e    nnd      nuuaaaaddee
/data3fast/users/mbermudez/de_03/TFGDataset/img/train_t2_0462_0.png|eee   eee rdddrreeeeeeerrrrr   ee sssssssseeell
/data3fast/users/mbermudez/de_03/TFGDataset/img/train_t2_1214_2.png|auu dd rrllaa    ieet   t  eeeth  a  ddd    hhhe
/data3fast/users/mbermudez/de_03/TFGDataset/img/train_t2_1476.png|eeNnnnnnnneeeeettttt    e ennnneeeeeeeeeeenn
/data3fast/users/mbermudez/de_03/TFGDataset/img/train_t2_0136_1.png|aasssseeeeeeeesNeNN     nnnneeeeee hhhnnnnneeee***...
/data3fast/users/mbermudez/de_03/TFGDataset/img/train_t2_1379_2.png|mittteeeeeeeeeeee nnnggggee     
/data3fast/users/mbermudez/de_03/TFGDataset/img/train_t2_1337.png|"u        assssse eeeerreereeeeee    nneee
/data3fast/users/mbermudez/de_03/TFGDataset/img/train_t2_1498_2.png|di   aaa sseeeeeddddeerddrrrrrrtttttttsssssssss
/data3fast/users/mbermudez/de_03/TFGDataset/img/train_t2_0110_0.png|ooo ccsshlhhhhhhheeeeinnn d aaallleeeeeeeeeeeennnn
/data3fast/users/mbermudez/de_03/TFGDataset/img/train_t2_0714_0.png|annhhhhhhhha      eeeiihcchhh    eeeeeerrr
/data3fast/users/mbermudez/de_03/TFGDataset/img/train_t2_1251_0.png|beeeee   n    eeeeeeeeee  trrteeeeeeeeeet
/data3fast/users/mbermudez/de_03/TFGDataset/img/train_t2_1055_1.png|seeeee   aaaa  tttt  tt   eeetsssssssss
/data3fast/users/mbermudez/de_03/TFGDataset/img/train_t2_0335_1.png|das       tee    eeeeerr d aaannnnnnnnheeeee
/data3fast/users/mbermudez/de_03/TFGDataset/img/train_t2_1225_1.png|# dd
/data3fast/users/mbermudez/de_03/TFGDataset/img/train_t2_0258_2.png|ggggeeeeeeeeeeesee  hhhh taaassstt   nn d ee
/data3fast/users/mbermudez/de_03/TFGDataset/img/train_t2_1145_0.png|ooneeeeeeee  d  dd  sssseeeeeee  aaaha    deeeeeeeee
/data3fast/users/mbermudez/de_03/TFGDataset/img/train_t2_0922_1.png|chheeeeeeeeeee      uaauua llhhhh eeeeelllssslssss
/data3fast/users/mbermudez/de_03/TFGDataset/img/train_t2_1035_2.png|lllhhhaaaaa   nnnnn ddeeeeeeeeeeeeeeeette nnnnnn
/data3fast/users/mbermudez/de_03/TFGDataset/img/train_t2_0388.png|arrr eeeee    tttttsttt        ccheeeeNNennnnnn       
/data3fast/users/mbermudez/de_03/TFGDataset/img/train_t2_1397.png|das                  cchhhiiii    e   
/data3fast/users/mbermudez/de_03/TFGDataset/img/train_t2_0964_0.png|cht     eeeeeeeeeeeehhii  eeeeeeeeeeeeeeee
/data3fast/users/mbermudez/de_03/TFGDataset/img/train_t2_1153_0.png|unddeeeeelllleee...
/data3fast/users/mbermudez/de_03/TFGDataset/img/train_t2_1000.png|leetteeeeenniinnn eeeeeee      eeeeeeeeeeeeeeeeeeeee
/data3fast/users/mbermudez/de_03/TFGDataset/img/train_t2_1032.png|eeeeeeee iiiii cccchhhheedddeessssssee   eeeeeee
/data3fast/users/mbermudez/de_03/TFGDataset/img/train_t2_0637_2.png|ees     ddd sssseeeeiinnnneeeeessss     eeeeeeeee
/data3fast/users/mbermudez/de_03/TFGDataset/img/train_t2_0857_2.png|dee        aaaaa        tttt tchhheeeeeesssssasss
/data3fast/users/mbermudez/de_03/TFGDataset/img/train_t2_1491_2.png|aal       e ee*********    iiccccssseeeee  chheeeee
/data3fast/users/mbermudez/de_03/TFGDataset/img/train_t2_0259_1.png|drr               drrreeeeeeerre              eee
/data3fast/users/mbermudez/de_03/TFGDataset/img/train_t2_1465.png|auu  eeesscchh nn aalllll eeee ssssssllsss   u dee
/data3fast/users/mbermudez/de_03/TFGDataset/img/train_t2_0664_1.png|iii eeeeeeeeeeeeeee t ahhhh  nneeeeenn  sssss
/data3fast/users/mbermudez/de_03/TFGDataset/img/train_t2_1020_2.png|# 
/data3fast/users/mbermudez/de_03/TFGDataset/img/train_t2_0470_1.png|weeeeettttttt
/data3fast/users/mbermudez/de_03/TFGDataset/img/train_t2_0579.png|oonnneeeeennnnngccche     .
/data3fast/users/mbermudez/de_03/TFGDataset/img/train_t2_1297_0.png|aaeeeeeeeeeelllllla   aaaa  e    sss     eeeeeeee
/data3fast/users/mbermudez/de_03/TFGDataset/img/train_t2_0938_1.png|wweeetttttttttt
/data3fast/users/mbermudez/de_03/TFGDataset/img/train_t2_1328_2.png|der  aa                eeeeeeee  **     nneee
/data3fast/users/mbermudez/de_03/TFGDataset/img/train_t2_1408_1.png|diittttttttt
/data3fast/users/mbermudez/de_03/TFGDataset/img/train_t2_1390.png|nnn     nnnnn  dd  eestcchh  n        asseeeeeeee
/data3fast/users/mbermudez/de_03/TFGDataset/img/train_t2_0583_1.png|ageeee      ddnn   alee   ccchhseeeeeeeellleeeee
/data3fast/users/mbermudez/de_03/TFGDataset/img/train_t2_0243_1.png|walhseeeee   uuaa eeeeel      teteeeee      eeeeee
/data3fast/users/mbermudez/de_03/TFGDataset/img/train_t2_1359_1.png|deeee ssssseeee deeeelllleeeeeeescc      nnnnnndd
/data3fast/users/mbermudez/de_03/TFGDataset/img/train_t2_0360.png|aaaaaaaaa a aassss  aa ssseeeeeeeeheee    s   a  nh
/data3fast/users/mbermudez/de_03/TFGDataset/img/train_t2_0158.png|ssell  eeeeeeeeeeeedddd nnnnnn  nneeeee  tt nnnnnn
/data3fast/users/mbermudez/de_03/TFGDataset/img/train_t2_0243.png|wahheeeeee  uaa   eeeee  hhtttteeeeeee  uu  eeeeeee
/data3fast/users/mbermudez/de_03/TFGDataset/img/train_t2_0469_2.png|tee   ee     rrrrrrrereeeeeettteeeeeneee
/data3fast/users/mbermudez/de_03/TFGDataset/img/train_t2_0319_0.png|iieeee   e        eeea  eeeeeere hhh    dd  eeeeeeee
/data3fast/users/mbermudez/de_03/TFGDataset/img/train_t2_0465_1.png|uuu   u uuuu  eegeeeeeeeeeeee   nn
/data3fast/users/mbermudez/de_03/TFGDataset/img/train_t2_1269_2.png|tnieeetttt  ellleennneeeeeeellee     eeetttttthhhh
/data3fast/users/mbermudez/de_03/TFGDataset/img/train_t2_0042_0.png|dee   eeeettt  tt  n   sseeeeeeeeeeeeeeheee  dd
/data3fast/users/mbermudez/de_03/TFGDataset/img/train_t2_1416_0.png|deeeteeeeeeeeeee   dd  nnnnnnnaaaaaa   ereerrr
/data3fast/users/mbermudez/de_03/TFGDataset/img/train_t2_0936_0.png|dand   iiithssssstt   ****** eeeeiicctt      eeeee
/data3fast/users/mbermudez/de_03/TFGDataset/img/train_t2_0628_2.png|lleeN  nnnnnn   tttt nnnnnneeeeceetteeetttthhhh
/data3fast/users/mbermudez/de_03/TFGDataset/img/train_t2_0529_1.png|beeeNNN              sssst   nnaa  ttteeeeett
/data3fast/users/mbermudez/de_03/TFGDataset/img/train_t2_0652.png|geeaaaaaaaalla   dd  ssschh    dddd    .............
/data3fast/users/mbermudez/de_03/TFGDataset/img/train_t2_1162_2.png|"   eeeeee   e llllaa dd      sssss
/data3fast/users/mbermudez/de_03/TFGDataset/img/train_t2_0107.png|deesseeeeeeeee    tt   neeeeeeeee    hhh  rdr
/data3fast/users/mbermudez/de_03/TFGDataset/img/train_t2_0562_2.png|innneeeee*****.
/data3fast/users/mbermudez/de_03/TFGDataset/img/train_t2_0517_2.png|oo      eeeelle   nnddeeeeeeee*  sssssseee  ddeeee
/data3fast/users/mbermudez/de_03/TFGDataset/img/train_t2_0826_1.png|iir     sssssss     *******              eeeeeeleeeeee nnnnn
/data3fast/users/mbermudez/de_03/TFGDataset/img/train_t2_1049_1.png|aaaan  ndddd eeeeeeeellhhcssssss   eeeeeeeeeNN
/data3fast/users/mbermudez/de_03/TFGDataset/img/train_t2_0440_1.png|der  aaa     tttttttt    ..
/data3fast/users/mbermudez/de_03/TFGDataset/img/train_t2_0361_1.png|#   e
/data3fast/users/mbermudez/de_03/TFGDataset/img/train_t2_1145_2.png|ooneeeeeeeee  adddd sssseeeeeee  aaaaa    eesseeee
/data3fast/users/mbermudez/de_03/TFGDataset/img/train_t2_1088_0.png|unn eeeeeeeeseeeeeeneeenn     h sss   e           
/data3fast/users/mbermudez/de_03/TFGDataset/img/train_t2_1405_1.png|tun  eeee  aaaeeee ssee eeeee    llleee
/data3fast/users/mbermudez/de_03/TFGDataset/img/train_t2_0005.png|wllelh   n n  eed    aaaallllleeeeeeeeeennnnnn
/data3fast/users/mbermudez/de_03/TFGDataset/img/train_t2_0183_0.png|nneeeeeeeeerrrrr rreeee ssseeerrreeeeeeeiihhhheee
/data3fast/users/mbermudez/de_03/TFGDataset/img/train_t2_1239_0.png|oo   eeeeeestt        * .............
/data3fast/users/mbermudez/de_03/TFGDataset/img/train_t2_0016_0.png|geeeeeeetttite 
/data3fast/users/mbermudez/de_03/TFGDataset/img/train_t2_0823_0.png|ssttt   uuu   ssssseee e eeeee*       hhiiiihh
/data3fast/users/mbermudez/de_03/TFGDataset/img/train_t2_1331_2.png|mi    sssssssheeeeneeeeeeee       s sss cs   unn     uu
/data3fast/users/mbermudez/de_03/TFGDataset/img/train_t2_1353_1.png|geegn e e sssssss s  sssseeeeeeeeeeeeeeeeeeeeeeee
/data3fast/users/mbermudez/de_03/TFGDataset/img/train_t2_0705.png|lleeeeNNNeeee   ttttt     a       aauu
/data3fast/users/mbermudez/de_03/TFGDataset/img/train_t2_0247_1.png|aaaa     eeeeerrr  n    iihhhllleeeeee  eeee
/data3fast/users/mbermudez/de_03/TFGDataset/img/train_t2_1145.png|ooneeeeeeeeee dddd   ssseeeeee   cchha   dsseeeeee
/data3fast/users/mbermudez/de_03/TFGDataset/img/train_t2_0822_2.png|unn     uuuuuau nnnnnnggnnnnnnnnnachhhhh
/data3fast/users/mbermudez/de_03/TFGDataset/img/train_t2_0470.png|wweeeetttttt
/data3fast/users/mbermudez/de_03/TFGDataset/img/train_t2_1087_1.png|eesssssssssN ee   n  i   nndddd aaaaaassdd
/data3fast/users/mbermudez/de_03/TFGDataset/img/train_t2_0156.png|dee lchhhheeeeeeeeeddd  aaccnn d  sssseeeeeetttttt
/data3fast/users/mbermudez/de_03/TFGDataset/img/train_t2_1454_1.png|iiiieeiiiiicchnneeeennnnn ccchee      eeeee
/data3fast/users/mbermudez/de_03/TFGDataset/img/train_t2_0361_2.png|#  e
/data3fast/users/mbermudez/de_03/TFGDataset/img/train_t2_1420.png|ttt    eeeeesscchi nnneehhh assssss      nnn   ee
/data3fast/users/mbermudez/de_03/TFGDataset/img/train_t2_0462_2.png|eee   llhhh eerrrreeeeeeerrr    ee  ssss sseeeeel
/data3fast/users/mbermudez/de_03/TFGDataset/img/train_t2_0512_1.png|aaallllhh eeeeeeee     nndeeeeeeeee   eeeeeeeeeeeed
/data3fast/users/mbermudez/de_03/TFGDataset/img/train_t2_0218_2.png|aaneeeeee    aaassseee  nnnalllleNN s  nn
/data3fast/users/mbermudez/de_03/TFGDataset/img/train_t2_1009_1.png|an ddeerrrriihheeeeeeeee thhh       assssss
/data3fast/users/mbermudez/de_03/TFGDataset/img/train_t2_0883_1.png|dieese eeettt      sseeeeeeeee     ttt   eeeeee    ttt
/data3fast/users/mbermudez/de_03/TFGDataset/img/train_t2_1405.png|tun  eeeee aaauuu ssse e  e   eeelllee
/data3fast/users/mbermudez/de_03/TFGDataset/img/train_t2_0080_2.png|aannn   d eeeeeeeedddeeennnneeeeeeiii   eeeerre
/data3fast/users/mbermudez/de_03/TFGDataset/img/train_t2_1469_1.png|hhrredeee          ddd                 .........
/data3fast/users/mbermudez/de_03/TFGDataset/img/train_t2_0863_0.png|eeee   **** *  e eeeeee     ii     **       sss  eeeee  sseeeeee
/data3fast/users/mbermudez/de_03/TFGDataset/img/train_t2_0288.png|iiiiii tnn  eeeeeeeeeeennneeeeeeeeehlhheeeeee   
/data3fast/users/mbermudez/de_03/TFGDataset/img/train_t2_0635_1.png|dee  ccccchha  a eeeeerrr ccchtt   ttttttt
/data3fast/users/mbermudez/de_03/TFGDataset/img/train_t2_0808_2.png|chh   aaaasss   eeeee   a    eeeeeeeeeeeNNN
/data3fast/users/mbermudez/de_03/TFGDataset/img/train_t2_0361_0.png|#  d
/data3fast/users/mbermudez/de_03/TFGDataset/img/train_t2_0421_1.png|glleeeetttttt ttt attannttttttttts eeelleeeeer
/data3fast/users/mbermudez/de_03/TFGDataset/img/train_t2_0556_2.png|mhh       eeen  eeee nn       neehhiii      ttt
/data3fast/users/mbermudez/de_03/TFGDataset/img/train_t2_0511.png|oooeeeeettttennnn   a sssstttt aas  eeeee aaaaa
/data3fast/users/mbermudez/de_03/TFGDataset/img/train_t2_1047.png|sse  aaaaaauusssssse    eeeeeeeeeeeee rrrrr
/data3fast/users/mbermudez/de_03/TFGDataset/img/train_t2_0091.png|undd aaaaaaufeeeee       sssss    eeennnnn
/data3fast/users/mbermudez/de_03/TFGDataset/img/train_t2_0658.png|mit     nnndn  eeeeeeeeeeeee   elllllhhheieeeee
/data3fast/users/mbermudez/de_03/TFGDataset/img/train_t2_0602.png|de      e  edeee     eeeeeNN    s  sss cccchcchhhhss
/data3fast/users/mbermudez/de_03/TFGDataset/img/train_t2_0885_0.png|nndrrreeeehhhhh   ddddeerrrrr illlllhh    aa
/data3fast/users/mbermudez/de_03/TFGDataset/img/train_t2_0806_0.png|eeeeeeeetttt  eeeeeelllee   dd   elllllllln
/data3fast/users/mbermudez/de_03/TFGDataset/img/train_t2_0139_1.png|ttttt        eeee    ssss  drreeeeeeeeeee **eeeee
/data3fast/users/mbermudez/de_03/TFGDataset/img/train_t2_0226_2.png|eeNN   
/data3fast/users/mbermudez/de_03/TFGDataset/img/train_t2_0774_0.png|ddeeeeeeesuuuu neeeeeecchnnn d  eeeeeeeeeeeeeeee
/data3fast/users/mbermudez/de_03/TFGDataset/img/train_t2_0019_1.png|ihhh    eeeerr aaa eeeeeeeeeeeeeeeeees   rereee
/data3fast/users/mbermudez/de_03/TFGDataset/img/train_t2_0501.png|geessssssssssee   ddeeeeehhheeeeerreeeeecceeeene
/data3fast/users/mbermudez/de_03/TFGDataset/img/train_t2_1068_2.png|geehhhhhh   aa dddrr  al   eeeeellhh      deeeee
/data3fast/users/mbermudez/de_03/TFGDataset/img/train_t2_0875_1.png|lee     eee    ssssseeeeeeeeeiiiiiii       rd
/data3fast/users/mbermudez/de_03/TFGDataset/img/train_t2_0438_2.png|ooleee     eeeeeeee   ge   nn a   teeee
/data3fast/users/mbermudez/de_03/TFGDataset/img/train_t2_0434.png|stthh  ennn eeeeeeeeeeeeeetsssst      sssssaaa
/data3fast/users/mbermudez/de_03/TFGDataset/img/train_t2_0053_0.png|asss   uuaassssssssll          eee    tttttsssss
/data3fast/users/mbermudez/de_03/TFGDataset/img/train_t2_0079_0.png|mi   eeeeeecheess    dd         iccch nn  dddee
/data3fast/users/mbermudez/de_03/TFGDataset/img/train_t2_1484_0.png|dasssseeeeeeeeeennnnnnnnnnn  eeeeeeeeeeeee tt     a
/data3fast/users/mbermudez/de_03/TFGDataset/img/train_t2_1464_0.png|eee        nnnnnnnn dddddeeeeeddeelllhhi   nn
/data3fast/users/mbermudez/de_03/TFGDataset/img/train_t2_0620_2.png|nnneeeeeeeeeeeeeeee  aa    ee nn    eeeleeennn
/data3fast/users/mbermudez/de_03/TFGDataset/img/train_t2_0326_0.png|agggeesssss   aaa    hheeeeeeeeeetttttttt   seee
/data3fast/users/mbermudez/de_03/TFGDataset/img/train_t2_0856_1.png|irrrrlla eeeeee  nn  eeeeeeeeeeessseeeeeeeeeeeeNN
/data3fast/users/mbermudez/de_03/TFGDataset/img/train_t2_0674_2.png|"s   eeeeeessss   lll e neeeeeeeeeeelllaaua
/data3fast/users/mbermudez/de_03/TFGDataset/img/train_t2_1011_0.png|# d
/data3fast/users/mbermudez/de_03/TFGDataset/img/train_t2_0507_0.png|innn     sssssshll e eeeeeeeeeeeeeesste sshhhh    dd
/data3fast/users/mbermudez/de_03/TFGDataset/img/train_t2_0095.png|nndddeeeeeeeee aaassttt      t  eeeeeeeesssssss
/data3fast/users/mbermudez/de_03/TFGDataset/img/train_t2_0782_0.png|in    elccchheeeNeNeeeeeeet  a n eeeeeeeeeees
/data3fast/users/mbermudez/de_03/TFGDataset/img/train_t2_0010_2.png|*ee      nnnnneeee         eeeee* *  *   ss     d  eeeeee
/data3fast/users/mbermudez/de_03/TFGDataset/img/train_t2_0735_2.png|ffffa  ahhhtttt
/data3fast/users/mbermudez/de_03/TFGDataset/img/train_t2_1401_0.png|in   ssssscccchhh       eeeerrr  aannu uuu
/data3fast/users/mbermudez/de_03/TFGDataset/img/train_t2_1257_1.png|dee   *****   gggeettttt   drrreeeheeee  nnnnn
/data3fast/users/mbermudez/de_03/TFGDataset/img/train_t2_0889_1.png|sss llllleeeeettteeeeeeeeeeeeeeeeeeeeitttnnn
/data3fast/users/mbermudez/de_03/TFGDataset/img/train_t2_1147_2.png|aas    aahh  eeeeee       aaeeeerr   rr  a rdr
/data3fast/users/mbermudez/de_03/TFGDataset/img/train_t2_0783_1.png|eerthhhhhn nnn      ssssseeeee ttaa   eeeeee
/data3fast/users/mbermudez/de_03/TFGDataset/img/train_t2_1369_2.png|beeeeee     dd  iicch   d  eee   nnnnnnnnn
/data3fast/users/mbermudez/de_03/TFGDataset/img/train_t2_0333.png|oos eeeeeehhhhhhhnnnneeeeeeeen   cccheesseel  nnnn
/data3fast/users/mbermudez/de_03/TFGDataset/img/train_t2_0304_2.png|nnnd    aaaaa ggggeeeeeeesss    eeeell nnnnnn
/data3fast/users/mbermudez/de_03/TFGDataset/img/train_t2_1077_1.png|see  eeeeeettthhhheee       rrrra a a  llless
/data3fast/users/mbermudez/de_03/TFGDataset/img/train_t2_1271_0.png|mhh  a    eeeeeeeeeessees    aaas    dd eeee eeeeee
/data3fast/users/mbermudez/de_03/TFGDataset/img/train_t2_0053_2.png|"ss      assssssss t            ee eeetttttttss
/data3fast/users/mbermudez/de_03/TFGDataset/img/train_t2_0064_2.png|b        eettttt aa    eelccccssssscsssiie*********
/data3fast/users/mbermudez/de_03/TFGDataset/img/train_t2_1169_1.png|derr eeetttt t  ttt     ddeeeeeeNe  llaaauuuue
/data3fast/users/mbermudez/de_03/TFGDataset/img/train_t2_1100_2.png|ihhh    eeeeeeeeellleeeeseeeee  ccaa dddd eeee
/data3fast/users/mbermudez/de_03/TFGDataset/img/train_t2_0090.png|deeellleeeeennneeieeerrr  aa    ee
/data3fast/users/mbermudez/de_03/TFGDataset/img/train_t2_0187_2.png|der  reeeeeeeeeeeee**         eeeeeeellll  aa eeeee d
/data3fast/users/mbermudez/de_03/TFGDataset/img/train_t2_1157_0.png|diitt     nn u      hhnneeeeeeescchheeeeeeeeeeeeeeee
/data3fast/users/mbermudez/de_03/TFGDataset/img/train_t2_0130.png|cheeee eee    iieeeiehhhh        esssssseeehenn    sss
/data3fast/users/mbermudez/de_03/TFGDataset/img/train_t2_1342.png|aann eeeee   nnndnneeee e  eehhhee   eeeeesss aauu
/data3fast/users/mbermudez/de_03/TFGDataset/img/train_t2_0088.png|eet     nn     teeeeeeeeee     drrrrri hrrrrr
/data3fast/users/mbermudez/de_03/TFGDataset/img/train_t2_1482_1.png|ooo   n dee     rrelllh     aaaa aaallllll
/data3fast/users/mbermudez/de_03/TFGDataset/img/train_t2_0921_1.png|dd      eeeeeennnnn  sssssssee   ...........
/data3fast/users/mbermudez/de_03/TFGDataset/img/train_t2_1430_1.png|dee     eeeettaaahhsssee      eeeeel
/data3fast/users/mbermudez/de_03/TFGDataset/img/train_t2_1013_2.png|die     aaaa eeennnn  nnnnn ccchhh ndddeeeiiiie
/data3fast/users/mbermudez/de_03/TFGDataset/img/train_t2_0751_1.png|eeeee  ee     nnn       a   eett ii iirr eessss
/data3fast/users/mbermudez/de_03/TFGDataset/img/train_t2_0089_1.png|aasse     eeeeeeeeeeeeeeeeeeeeeeeefuaaaau
/data3fast/users/mbermudez/de_03/TFGDataset/img/train_t2_1406_2.png|de   chh       ee eeeeeellle   chcsc cc a    eeeeeeeee
/data3fast/users/mbermudez/de_03/TFGDataset/img/train_t2_0862.png|wssss  ett   naaaalllllleeeeeeeeee    dddde
/data3fast/users/mbermudez/de_03/TFGDataset/img/train_t2_0006.png|dasssss        **    nnn   nnnn    eeeeeerrrreeeeeell
/data3fast/users/mbermudez/de_03/TFGDataset/img/train_t2_0001_2.png|gee nn     eeeellleeeeeeeee      sssaa   eeeeees
/data3fast/users/mbermudez/de_03/TFGDataset/img/train_t2_1431_2.png|deee   nnnnnnnnnnnneenneeeeeee sssssss ee
/data3fast/users/mbermudez/de_03/TFGDataset/img/train_t2_1204_2.png|geettttttthh  eeeesssseeeeeeeeeeee   nddeeeeeeeenneee
/data3fast/users/mbermudez/de_03/TFGDataset/img/train_t2_0500_1.png|geeeeeeeee  aaaa   eeett     aaaseeeettt
/data3fast/users/mbermudez/de_03/TFGDataset/img/train_t2_0912_1.png|ooo       eeeeeeeeennnnneeeeeehhhh   eeerraaaaa
/data3fast/users/mbermudez/de_03/TFGDataset/img/train_t2_0345_0.png|ihhhh       ddrreeeeehhh   ddd  iihcheeeeeeet 
/data3fast/users/mbermudez/de_03/TFGDataset/img/train_t2_0793_2.png|beelllh        eeeesethchssssshee         ccchheeeeeee
/data3fast/users/mbermudez/de_03/TFGDataset/img/train_t2_0542_0.png|eee  naaaaaaaaa  ddeeeeeeedddee  ccchh  leeeee
/data3fast/users/mbermudez/de_03/TFGDataset/img/train_t2_0327.png|dii  essssseeeeeeeeeeeeeeeeeeeeeee nnnnnne
/data3fast/users/mbermudez/de_03/TFGDataset/img/train_t2_0279.png|dee  * nnnnnnnnnaaa     eeeetteeeiii t t     
/data3fast/users/mbermudez/de_03/TFGDataset/img/train_t2_0350_2.png|geeehhhssl          eeesssssssessssssssee    nnn n  nnn
/data3fast/users/mbermudez/de_03/TFGDataset/img/train_t2_1428_0.png|ertt nnnnnneeeeeenneeesss      ttttteee   aaass
/data3fast/users/mbermudez/de_03/TFGDataset/img/train_t2_0816_2.png|unddssettttt  
/data3fast/users/mbermudez/de_03/TFGDataset/img/train_t2_0857.png|dee    aaaaaaaau          ticchcheeeeee sssssssss
/data3fast/users/mbermudez/de_03/TFGDataset/img/train_t2_0888_2.png|wieedd    eeegggnnnndd   aslll e  ii    aaaaaa
/data3fast/users/mbermudez/de_03/TFGDataset/img/train_t2_0276.png|"s     nnnnnnnnnn e    eelcccccht   cnh
/data3fast/users/mbermudez/de_03/TFGDataset/img/train_t2_1014_2.png|ggeeeeeeeeeeelllleeehchhh  eeeeellsssssss ss ddeeee
/data3fast/users/mbermudez/de_03/TFGDataset/img/train_t2_1408_2.png|dir tttttttt
/data3fast/users/mbermudez/de_03/TFGDataset/img/train_t2_0070_1.png|dee  ccccchhhhh    aa ssseegeeeiiiineee
/data3fast/users/mbermudez/de_03/TFGDataset/img/train_t2_0608_1.png|bllleeee *******   sssss   eeeeeeeeeiiiichhnnn dee
/data3fast/users/mbermudez/de_03/TFGDataset/img/train_t2_1022_2.png|deeeeeeeeeeeeee  u    sseeeeeeeeeeeeeeeeennnn
/data3fast/users/mbermudez/de_03/TFGDataset/img/train_t2_1311_2.png|eeeNN   nneeedeeeeeehhchhh nnd eeeeelllllaaa  eee
/data3fast/users/mbermudez/de_03/TFGDataset/img/train_t2_0914_1.png|aassse eeeeeeeeeer  hheeeeeeeee  deeeeerrrerr rah
/data3fast/users/mbermudez/de_03/TFGDataset/img/train_t2_0274_1.png|beee    neggegggllleeeeerrrddd  ee n
/data3fast/users/mbermudez/de_03/TFGDataset/img/train_t2_0074.png|tt     aaeeehhh eeeee  nn  h  nnnnnn eettt
/data3fast/users/mbermudez/de_03/TFGDataset/img/train_t2_1110_0.png|aas eeeeeeeeee      tttttt   ssssssleeeeeNNe
/data3fast/users/mbermudez/de_03/TFGDataset/img/train_t2_1401.png|in    esscchhhhhe      eeeerr     nn  uuuu
/data3fast/users/mbermudez/de_03/TFGDataset/img/train_t2_0721_2.png|nen    aaa     eess     lshhhhessssss  iiiiiieeeeeeenn
/data3fast/users/mbermudez/de_03/TFGDataset/img/train_t2_0060_2.png|ee    dd  eeesssccchheeeehhhhhh    rr     aaaa
/data3fast/users/mbermudez/de_03/TFGDataset/img/train_t2_0800.png|da          tchhh                cssssss      a llllle
/data3fast/users/mbermudez/de_03/TFGDataset/img/train_t2_1414_2.png|oo  eeeeeennnn eeeeeee    llleeeeeddeeeere
/data3fast/users/mbermudez/de_03/TFGDataset/img/train_t2_0344_1.png|nnnne  aaaa  ssssstt      nnnnn  eeeehhee dddd
/data3fast/users/mbermudez/de_03/TFGDataset/img/train_t2_1294.png|aaneeeeee ssssseeeeeeeeeeeeeee        h    rrrhhhhh
/data3fast/users/mbermudez/de_03/TFGDataset/img/train_t2_0569_0.png|oos eeeeeeeeh   eeee      *eeeeeeeeeeeeeeeeeeeeeeteee
/data3fast/users/mbermudez/de_03/TFGDataset/img/train_t2_1244_1.png|hhheeeeeeeeeeett  au   eeeescccsshhhheeeee
/data3fast/users/mbermudez/de_03/TFGDataset/img/train_t2_0374_0.png|aaa   nn elllllhha llgeeeeeee    a      sssssss
/data3fast/users/mbermudez/de_03/TFGDataset/img/train_t2_1104_1.png|oooeeee nnnnnnennnnnn  a lleeeeeeetttt    dee
/data3fast/users/mbermudez/de_03/TFGDataset/img/train_t2_1115_2.png|iireeeeeeee eeeeeeeeiiite  ddd         n
/data3fast/users/mbermudez/de_03/TFGDataset/img/train_t2_1171_0.png|ass    d eeeeeeeiiinnnnneenn  a seeeeNNNNNNeeeeee
/data3fast/users/mbermudez/de_03/TFGDataset/img/train_t2_0457_2.png|breeeeeseee     e   ssss      ttheeeeeeeeeeeeesstttt
/data3fast/users/mbermudez/de_03/TFGDataset/img/train_t2_0717.png|das   eeeeet      hh eeeeeeeeccccchch aaaaaa  d
/data3fast/users/mbermudez/de_03/TFGDataset/img/train_t2_0251_1.png|deeeeeelhhheeeee       tsseeeleeeleeeeee    aaeeee
/data3fast/users/mbermudez/de_03/TFGDataset/img/train_t2_0032.png|arrrreeeeee  aaadddeeeeeeeeeeeeeeee  e eeeeeeeeee
/data3fast/users/mbermudez/de_03/TFGDataset/img/train_t2_0306_0.png|sss         eeeeeecccheeeeeNNnnnn nnnn   eeeetttttttt
/data3fast/users/mbermudez/de_03/TFGDataset/img/train_t2_0300.png|aann   ddee      aa hhttttth eeeeNNNnnnnnnnn
/data3fast/users/mbermudez/de_03/TFGDataset/img/train_t2_0027_2.png|ee  nnnnnnn e  auuu tttt eeee  asssa
/data3fast/users/mbermudez/de_03/TFGDataset/img/train_t2_1055_2.png|sseeeee    athtttt t   ttiieeeesssssss
/data3fast/users/mbermudez/de_03/TFGDataset/img/train_t2_1282_0.png|sstt      ssss     ..       ccctt              .....
/data3fast/users/mbermudez/de_03/TFGDataset/img/train_t2_0752_1.png|inneeeeeeellleeen   eesssssssss     e     eeee
/data3fast/users/mbermudez/de_03/TFGDataset/img/train_t2_0410.png|eeeeeeeeeeeeeee eeelchheeeeee***    sslll  n      draaa
/data3fast/users/mbermudez/de_03/TFGDataset/img/train_t2_0889.png|seeeelllllleeeeetteeeeeeeeeeeeeeeeeeeiiiih
/data3fast/users/mbermudez/de_03/TFGDataset/img/train_t2_0641_0.png|mnnnnnneeeiinnnneeeeeeesshhheeeeeeeeeee e    aan
/data3fast/users/mbermudez/de_03/TFGDataset/img/train_t2_1477_2.png|geeeNNNss   nunnndd   ssssssaah  seeeeee  nnn    
/data3fast/users/mbermudez/de_03/TFGDataset/img/train_t2_0475_0.png|hhh   d eeeeessslllennhhhhhhleeeeeeee   cccchheeee
/data3fast/users/mbermudez/de_03/TFGDataset/img/train_t2_0185_0.png|dnneeeechh nnndddddd   aaalhhhhhhnnnnddddd 
/data3fast/users/mbermudez/de_03/TFGDataset/img/train_t2_1045.png|wleehhhtt     rrrttttt   aaaaassssss      eee
/data3fast/users/mbermudez/de_03/TFGDataset/img/train_t2_0908_2.png|tt    eeegggeaa  eeeeeeeeeaaaaauuunnnnnee
/data3fast/users/mbermudez/de_03/TFGDataset/img/train_t2_1216_0.png|*neeeeeeeerereeeggee   ss  uddddeee     sssss
/data3fast/users/mbermudez/de_03/TFGDataset/img/train_t2_0006_1.png|ddssssss      ***  n nnn      nnn     eeeeedereeeeeellll
/data3fast/users/mbermudez/de_03/TFGDataset/img/train_t2_1476_2.png|ee   nnnneeeeeettttt  eeeeennnneeeeeeeeeeeN
/data3fast/users/mbermudez/de_03/TFGDataset/img/train_t2_1159_0.png|uuu eeeennnn   aaa   ddddeeeeeehl uuuuu eeeee
/data3fast/users/mbermudez/de_03/TFGDataset/img/train_t2_1462_0.png|andd   cchhh  deeeeehhnnn      ieeeennn tsssss
/data3fast/users/mbermudez/de_03/TFGDataset/img/train_t2_0608_2.png|bllleeeee  ******     sssss s eeeeeeeeiiicchnnnneeed
/data3fast/users/mbermudez/de_03/TFGDataset/img/train_t2_0717_0.png|dasss eeeeett    hhtteeeeeettcccccch aaaaal  ede
/data3fast/users/mbermudez/de_03/TFGDataset/img/train_t2_0310_2.png|deee   eete t  ssseee ssssssseeeeeeeeeeee ddeedeee
/data3fast/users/mbermudez/de_03/TFGDataset/img/train_t2_0519_0.png|bee              e        llllseee   aann eeeettt
/data3fast/users/mbermudez/de_03/TFGDataset/img/train_t2_0311_0.png|ganntt t ii       rihheeeeeett aaasssseeeee    nn
/data3fast/users/mbermudez/de_03/TFGDataset/img/train_t2_0783_0.png|eerhhhhhineennn *    ssssssseeee   ta    eeee
/data3fast/users/mbermudez/de_03/TFGDataset/img/train_t2_0071_2.png|annd  ssseeeeedd        eeeeeeeeehhllle     ddddee
/data3fast/users/mbermudez/de_03/TFGDataset/img/train_t2_1266.png|nn  eeeesssssslllhhh  nnnnnu  ee   nnnnnnneeee
/data3fast/users/mbermudez/de_03/TFGDataset/img/train_t2_1210_1.png|eeeeeeeeettt aaad   nnneeiitthheeeeeeee n
/data3fast/users/mbermudez/de_03/TFGDataset/img/train_t2_0835_1.png|de          eee    eeeee tttttttttttt  aaa    eee
/data3fast/users/mbermudez/de_03/TFGDataset/img/train_t2_0035_1.png|drr              lhh   ddreeeeeetteee d erraaaa
/data3fast/users/mbermudez/de_03/TFGDataset/img/train_t2_0725_2.png|die  lll    enneeeeee        sssseeeeeeeee
/data3fast/users/mbermudez/de_03/TFGDataset/img/train_t2_1089.png|inn  eeeeeeeeeellhheeeeeeeeelllleeeeeelllsssseeeeeer
/data3fast/users/mbermudez/de_03/TFGDataset/img/train_t2_1168_1.png|chh       s   nn eesssssschhh eeeee e    sss  ddd eeeeehh
/data3fast/users/mbermudez/de_03/TFGDataset/img/train_t2_0106_2.png|"ss eeehhhhh      *****    sllle  
/data3fast/users/mbermudez/de_03/TFGDataset/img/train_t2_0643_0.png|der cccchhhhht    d rr  llllesss     nnnn      de
/data3fast/users/mbermudez/de_03/TFGDataset/img/train_t2_0074_1.png|tt     aaee  t    deeee    h  eennnn  eee
/data3fast/users/mbermudez/de_03/TFGDataset/img/train_t2_1163.png|wweeeesssll  aaaaaaaa   eee  nnn eeeeeee 
/data3fast/users/mbermudez/de_03/TFGDataset/img/train_t2_0405_1.png|weennnnnnnnnneeeeeeeggggeeecceeeee******
/data3fast/users/mbermudez/de_03/TFGDataset/img/train_t2_0949.png|ooeeeeeehheennnee************eeeeeelhhh n  aaas
/data3fast/users/mbermudez/de_03/TFGDataset/img/train_t2_0894_0.png|un sssssssshheeeeeeeeee nnn  eeeeeeeee     dd     a
/data3fast/users/mbermudez/de_03/TFGDataset/img/train_t2_1214_0.png|au  dd aaal     eeee      eesee  aaudd    ssheee
/data3fast/users/mbermudez/de_03/TFGDataset/img/train_t2_0679_1.png|unn eelhhhhe    aaa   ee   hcchh    uunugeeeee
/data3fast/users/mbermudez/de_03/TFGDataset/img/train_t2_1383_1.png|sseeeeeeeeee   sasa     dd eeeeeh   neeeeeeetttet
/data3fast/users/mbermudez/de_03/TFGDataset/img/train_t2_0199_2.png|wllleeeelleeeeededddd rrreeesettttthhhh
/data3fast/users/mbermudez/de_03/TFGDataset/img/train_t2_0960.png|deeeeeeeeeeeeeeeee  tttttt       eeeeeNN   u nneeeeessssses
/data3fast/users/mbermudez/de_03/TFGDataset/img/train_t2_0962_1.png|lchh      eeeeee    essssss    d  eeeeeeeeeeee eeee*
/data3fast/users/mbermudez/de_03/TFGDataset/img/train_t2_1330_1.png|iinnnnnnn  tt  nnnnn     iiiiiinnnn    stttttt
/data3fast/users/mbermudez/de_03/TFGDataset/img/train_t2_0613_0.png|geeeneeiihhhhhh  n dd  eeeeeesssssssss    dddd
/data3fast/users/mbermudez/de_03/TFGDataset/img/train_t2_0792_1.png|uu   eiiieeeeeeeedddeeeeeeeeeetii nnn   aautt
/data3fast/users/mbermudez/de_03/TFGDataset/img/train_t2_1327_2.png|ee   n   aaalllleeeeeeeeeeeee   ddd  ellllauu
/data3fast/users/mbermudez/de_03/TFGDataset/img/train_t2_1027_0.png|dieeeelllaaaa eeeeeeeeeeeee   ssssssseeeee
/data3fast/users/mbermudez/de_03/TFGDataset/img/train_t2_0231_1.png|wssssssss   uunnnnn  eeeeeeiiheeeee        eeeeeeee
/data3fast/users/mbermudez/de_03/TFGDataset/img/train_t2_0181_0.png|seeeee  llhh  eeeeesssttt            aaeeeeeee
/data3fast/users/mbermudez/de_03/TFGDataset/img/train_t2_0986_2.png|aa   eeeeiiitttt ee    tteeeeeeeeee   nnndd
/data3fast/users/mbermudez/de_03/TFGDataset/img/train_t2_1390_2.png|nntnn nnnnnnnnndd   sssssthh        aa    sheeeee
/data3fast/users/mbermudez/de_03/TFGDataset/img/train_t2_1421_2.png|sssshhhhtthttta  
/data3fast/users/mbermudez/de_03/TFGDataset/img/train_t2_1186.png|nneehhh   nn       sslaaa  dde    ddd   eeeellll
/data3fast/users/mbermudez/de_03/TFGDataset/img/train_t2_1488_0.png|uu  eeeeeeeeeeeeetttt     dd      a annnnne
/data3fast/users/mbermudez/de_03/TFGDataset/img/train_t2_1243_0.png|eeeeeeeeeee nnn       erreesssss     eeeessseeeeeeee
/data3fast/users/mbermudez/de_03/TFGDataset/img/train_t2_1389.png|eee   eelll       aahchhieeeeeeennn  tttt
/data3fast/users/mbermudez/de_03/TFGDataset/img/train_t2_1076_2.png|geeeeeeessssssssssss  ddd  aaaauu    eee ee ee      hhs
/data3fast/users/mbermudez/de_03/TFGDataset/img/train_t2_1486_2.png|miieeeeeeeennne llllaa         eeeeeeeddeeeee
/data3fast/users/mbermudez/de_03/TFGDataset/img/train_t2_1094_0.png|"    ssssss     d  cchheeee e   cc    ddeeeeennn
/data3fast/users/mbermudez/de_03/TFGDataset/img/train_t2_1221_1.png|oon     eeeeeellleee          eeeeeee ttcceelee
/data3fast/users/mbermudez/de_03/TFGDataset/img/train_t2_0292.png|annn    nnnnnnneee n  uuggeellhhheeeeeeeseeeeN
/data3fast/users/mbermudez/de_03/TFGDataset/img/train_t2_0317_2.png|wiied    nacccllee  nnnnn    e    ee  ssssschhee
/data3fast/users/mbermudez/de_03/TFGDataset/img/train_t2_1017_0.png|#  d
/data3fast/users/mbermudez/de_03/TFGDataset/img/train_t2_0838_2.png|chh          a eeeettttttt  aaa    nn  eeeeeehh
/data3fast/users/mbermudez/de_03/TFGDataset/img/train_t2_0420_0.png|aaa   eeeeeeeeittteeee  n dd        aaaaeelll
/data3fast/users/mbermudez/de_03/TFGDataset/img/train_t2_0232_2.png|weee   aa   ssssssseei  dddrrrerrrreeeeeeeeeeeie
/data3fast/users/mbermudez/de_03/TFGDataset/img/train_t2_0846_1.png|aaneeeeeee   n eessseeeeeeeeeeehhhheeeeeeeeee neeeeeeee
/data3fast/users/mbermudez/de_03/TFGDataset/img/train_t2_0753_0.png|arssttttteeeeeeee neeeeeeeee   eree aaauuuuuu
/data3fast/users/mbermudez/de_03/TFGDataset/img/train_t2_0009_2.png|beeederrr aaatttt nnnneeeeeehchh    ssss
/data3fast/users/mbermudez/de_03/TFGDataset/img/train_t2_0549_2.png|eeesttt 
/data3fast/users/mbermudez/de_03/TFGDataset/img/train_t2_1112.png|ssss    aaassssss  a aaaaaaaa sss eeeeeeee ihhh
/data3fast/users/mbermudez/de_03/TFGDataset/img/train_t2_1103_1.png|geeNeeeeeeeeee   aaaa    eeeeeeichh  eee aaaaaaa
/data3fast/users/mbermudez/de_03/TFGDataset/img/train_t2_1358_2.png|dasseeeeehhnn            eeeennnnnneeee ***   ee
/data3fast/users/mbermudez/de_03/TFGDataset/img/train_t2_0785.png|ffn llleeeeenneeeeee     r    add     aaaaaahh
/data3fast/users/mbermudez/de_03/TFGDataset/img/train_t2_1168_0.png|onnn    sss   n   eesssscccccssseseee  eess     dd eeeehh
/data3fast/users/mbermudez/de_03/TFGDataset/img/train_t2_1154.png|eeet t asahhtttt
/data3fast/users/mbermudez/de_03/TFGDataset/img/train_t2_0560.png|aalsssslessss aaasshhhhhhnnnnetttt    n  eeeeee
/data3fast/users/mbermudez/de_03/TFGDataset/img/train_t2_0898_0.png|heeeeeeeeeeee eerreeeeeeeeeeeeenn ddddeeeeeeee
/data3fast/users/mbermudez/de_03/TFGDataset/img/train_t2_0494_1.png|wssss  
/data3fast/users/mbermudez/de_03/TFGDataset/img/train_t2_0015_2.png|derr  eeeeeee  deeeeeeeeeeeeeeeessslllasssstttt
/data3fast/users/mbermudez/de_03/TFGDataset/img/train_t2_1339_1.png|ttt u udddaaaaaasss   aaa    ellhhhiee nnnnu
/data3fast/users/mbermudez/de_03/TFGDataset/img/train_t2_0757_2.png|eeee     ddeeeeelllleeee nnnettttttt    rrreeeel
/data3fast/users/mbermudez/de_03/TFGDataset/img/train_t2_1493_2.png|ggeeeeeeNNN    
/data3fast/users/mbermudez/de_03/TFGDataset/img/train_t2_0051_0.png|cchhhnnnn hhhhhinnneeeeeehhhe  dddd    d    eeee
/data3fast/users/mbermudez/de_03/TFGDataset/img/train_t2_1403_1.png|iihhhhttttttttt  n nnn  ddddeeeeeeeeeeeeee***nnn
/data3fast/users/mbermudez/de_03/TFGDataset/img/train_t2_0238_0.png|de  lllllhhheeeeeeetsss aaa     rreeeeeeeeedddd
/data3fast/users/mbermudez/de_03/TFGDataset/img/train_t2_0572.png|feu dddddeeeeeee  eeeeeeneeeeee     d       ttt
/data3fast/users/mbermudez/de_03/TFGDataset/img/train_t2_0564_0.png|wi         aa   sssss        rrrr ........
/data3fast/users/mbermudez/de_03/TFGDataset/img/train_t2_0619_1.png|deee** **   eeeeeeeeeee   n     eeeeeeeeeee      ttttt
/data3fast/users/mbermudez/de_03/TFGDataset/img/train_t2_0697.png|hhh            esssseeeeel h    eeeee      asslllle
/data3fast/users/mbermudez/de_03/TFGDataset/img/train_t2_1477.png|geeeNNsssssss uuu dddd  assssas  seeeee   nn   r
/data3fast/users/mbermudez/de_03/TFGDataset/img/train_t2_1368_1.png|geeeeeeeeeehhh     eeeeeeeeet     ee  nnnnnn
/data3fast/users/mbermudez/de_03/TFGDataset/img/train_t2_0777_0.png|dee  ette   n d  eee e  naggge eeen eddeee  ae
/data3fast/users/mbermudez/de_03/TFGDataset/img/train_t2_0111_0.png|aaeeeeee ssslllhhhhhhchhhneeeeeeeeellllaunnnnaaalll
/data3fast/users/mbermudez/de_03/TFGDataset/img/train_t2_0235_1.png|geeettttthhhhh    d  ss hhhhhhhnnnnnn    raann
/data3fast/users/mbermudez/de_03/TFGDataset/img/train_t2_1238_2.png|nnn  eeeeeeeeeddeeeeeeeeee      aaasslleeeeeeeeene
/data3fast/users/mbermudez/de_03/TFGDataset/img/train_t2_0766_1.png|aau eeeeeeeiinnnneeeeeeee    aaaaaahhhhh
/data3fast/users/mbermudez/de_03/TFGDataset/img/train_t2_0988.png|geessssssseN
/data3fast/users/mbermudez/de_03/TFGDataset/img/train_t2_0744_2.png|deee e  *eennn     aaaaa n        sss       aahhhhhh
/data3fast/users/mbermudez/de_03/TFGDataset/img/train_t2_0540.png|#
/data3fast/users/mbermudez/de_03/TFGDataset/img/train_t2_0818_0.png|"ssseeeeeeeeellll  .
/data3fast/users/mbermudez/de_03/TFGDataset/img/train_t2_1251_2.png|beeeeee     nnnheeeeeeeee   rreeeeeeeeeeee
/data3fast/users/mbermudez/de_03/TFGDataset/img/train_t2_0832_0.png|aass   eeeeeeeennnn       reeell   n ddeee nnnn
/data3fast/users/mbermudez/de_03/TFGDataset/img/train_t2_1497.png|ttteeeeeeeeeeet     ieeeeeeeeer    aaaahhhh
/data3fast/users/mbermudez/de_03/TFGDataset/img/train_t2_0622_1.png|geeNNN    u  d   eeeeeeeeennnnnnna   ddd  scchhhh
/data3fast/users/mbermudez/de_03/TFGDataset/img/train_t2_1277_2.png|de      eeeeeeenn      ccheeeeeeeeeee    eeee eeeeeeeeeeeee
/data3fast/users/mbermudez/de_03/TFGDataset/img/train_t2_0309_2.png|dd  eeeeeeeeeeeeessss sssssaaaa       rreeehh
/data3fast/users/mbermudez/de_03/TFGDataset/img/train_t2_1015_2.png|ttt   uaaddd eeelleee     s unnneeeee  eee
/data3fast/users/mbermudez/de_03/TFGDataset/img/train_t2_0189_2.png|seeeehhhheeeee    eesssseelslse ttthhheeeee ddddrrree
/data3fast/users/mbermudez/de_03/TFGDataset/img/train_t2_1011_1.png|# 
/data3fast/users/mbermudez/de_03/TFGDataset/img/train_t2_1110.png|aas eeeeennnnneee  n  tttt   ssssssseeNNNNee
/data3fast/users/mbermudez/de_03/TFGDataset/img/train_t2_1452_0.png|sss  lllee  eeeeeeeee      ssseeeeee aaahhhhhhhhe
/data3fast/users/mbermudez/de_03/TFGDataset/img/train_t2_0311.png|ggat    iieeee   ihhhiieeeeet   assssssseee  nnn
/data3fast/users/mbermudez/de_03/TFGDataset/img/train_t2_1113_1.png|llllllee nnnnnnnneeeeeggeeetttteeeee   asss
/data3fast/users/mbermudez/de_03/TFGDataset/img/train_t2_0120_0.png|aasseeeeeeeeedrrriiiiieeelllll  dd    hhinniee
/data3fast/users/mbermudez/de_03/TFGDataset/img/train_t2_0246_1.png|iitt      eenneeeeeeees  eeeeeccheeeNNNe***
/data3fast/users/mbermudez/de_03/TFGDataset/img/train_t2_0204_1.png|# 
/data3fast/users/mbermudez/de_03/TFGDataset/img/train_t2_0453_0.png|unnnnnnnunn  eeeeeeeeeeee tttttattuu
/data3fast/users/mbermudez/de_03/TFGDataset/img/train_t2_0987_1.png|# d
/data3fast/users/mbermudez/de_03/TFGDataset/img/train_t2_0688_0.png|wiee  dddd eeeeehhhhh nnn dads      eeeeeeeeeee nnnn
/data3fast/users/mbermudez/de_03/TFGDataset/img/train_t2_0058_0.png|det  iiiheeeeeeeeeee              assslllleeeeeeeee
/data3fast/users/mbermudez/de_03/TFGDataset/img/train_t2_0934_0.png|iii   eehhheeeeeeetttttt g uuu ee
/data3fast/users/mbermudez/de_03/TFGDataset/img/train_t2_0555.png|dssss        eee******     eee     nnn a    eeeeeeeee
/data3fast/users/mbermudez/de_03/TFGDataset/img/train_t2_1194_1.png|geeN      nn   e  ihnnneeeeeessssss   nnnnn  s    eeeee
/data3fast/users/mbermudez/de_03/TFGDataset/img/train_t2_0329_1.png|ceeeeeeeeeessssss  hhccch    eeee   n   lllllll   nddddd
/data3fast/users/mbermudez/de_03/TFGDataset/img/train_t2_0754_0.png|unn  ssseeeeessseee   s    nnn     hhhh  eeeeeettt
/data3fast/users/mbermudez/de_03/TFGDataset/img/train_t2_0884_1.png|des   eee   e  t   eeeeeee tt  chc    dddd rlllll
/data3fast/users/mbermudez/de_03/TFGDataset/img/train_t2_1393_0.png|nnnnneggggg
/data3fast/users/mbermudez/de_03/TFGDataset/img/train_t2_0336_0.png|hhh        ttt         a eeeeeeee   tttttttt
/data3fast/users/mbermudez/de_03/TFGDataset/img/train_t2_0448_1.png|gee  d ddrrreee    eeellllllleee dddreeeed
/data3fast/users/mbermudez/de_03/TFGDataset/img/train_t2_1076_1.png|ggeeeeeeesssssss     ddd   aaaa   eneeeeeee      
/data3fast/users/mbermudez/de_03/TFGDataset/img/train_t2_0856_2.png|rrrrrlaaeeeee   annneeeeeeeeeeessseeeeeeeeNNNNNN
/data3fast/users/mbermudez/de_03/TFGDataset/img/train_t2_1314_2.png|uuu    ssssllllllll  nnnniiihh   lllllls  dddd    
/data3fast/users/mbermudez/de_03/TFGDataset/img/train_t2_0165_1.png|beeed ssssssssccchnnnn   eeeeeeeetttttt nnnnnn
/data3fast/users/mbermudez/de_03/TFGDataset/img/train_t2_0748.png|eeeeennnnnnnnnnnnneeeeiccch eeeeeeer rereeeee
/data3fast/users/mbermudez/de_03/TFGDataset/img/train_t2_1076.png|geeeeeeessssssssss u ddd  aaaa  neeeeeeee***e      
/data3fast/users/mbermudez/de_03/TFGDataset/img/train_t2_1274_1.png|aass   eeeee  deessssst  uu eeeeegleeeeee
/data3fast/users/mbermudez/de_03/TFGDataset/img/train_t2_1151_2.png|#eee
/data3fast/users/mbermudez/de_03/TFGDataset/img/train_t2_0527.png|dee llhhhnnnnneeeelhh   aaaaaa     rreeeeeeee
/data3fast/users/mbermudez/de_03/TFGDataset/img/train_t2_1294_2.png|aaneddeeeessseee eeeeeeeeeeeee           eeeeehhhhee
/data3fast/users/mbermudez/de_03/TFGDataset/img/train_t2_0603.png|iii ell     rrrrdddeeeeeeeeeeeeeeeee   un   tttttt
/data3fast/users/mbermudez/de_03/TFGDataset/img/train_t2_1307.png|chheeeeeeeee   dd   eeeeeeg   ttt      eeeeee
/data3fast/users/mbermudez/de_03/TFGDataset/img/train_t2_1155.png|iidd      tt          eeeee aahh     eeeee
/data3fast/users/mbermudez/de_03/TFGDataset/img/train_t2_1302_2.png|geeee nnnn  ah   nngeeeeee           aaasseeee
/data3fast/users/mbermudez/de_03/TFGDataset/img/train_t2_0501_1.png|geesssseeeeesssss    neeeiiiii     eeeeleeeNnnnn
/data3fast/users/mbermudez/de_03/TFGDataset/img/train_t2_0607_1.png|eehhh      sss  dssssss    nnndd   ssseeeeeeeeeee
/data3fast/users/mbermudez/de_03/TFGDataset/img/train_t2_1077_0.png|sse dd eeetitchhhiiee   aa   err  aa  eehhhhe
/data3fast/users/mbermudez/de_03/TFGDataset/img/train_t2_0694_0.png|setttttt  nnnnnneeee         d rrreeeeeeeeeee
/data3fast/users/mbermudez/de_03/TFGDataset/img/train_t2_1479_0.png|wee   eeee nn     dd     eeee   nnnn eeeeee
/data3fast/users/mbermudez/de_03/TFGDataset/img/train_t2_0788_0.png|oon  aaaa   eeeeeihhh    aaa  aa   eeett
/data3fast/users/mbermudez/de_03/TFGDataset/img/train_t2_1430_0.png|dee     n eeettaaaah sse        e lllihh
/data3fast/users/mbermudez/de_03/TFGDataset/img/train_t2_0456_2.png|bee aaaalggennnnn      *  ...ttt   iieeeeeelle
/data3fast/users/mbermudez/de_03/TFGDataset/img/train_t2_0568_2.png|cheeeee    aaaaaa    er ttiiinnn eeeeee  ttt
/data3fast/users/mbermudez/de_03/TFGDataset/img/train_t2_1353.png|ggennnn esssss  ssss dseeeeeeee     eeeeeeeeeeeee
/data3fast/users/mbermudez/de_03/TFGDataset/img/train_t2_0588.png|dee   eee  uueeesssstt   nnn     sss  eeeee
/data3fast/users/mbermudez/de_03/TFGDataset/img/train_t2_1363.png|ur   rrrihhtt   essseeessseeeNNeeeeettt        aaaa
/data3fast/users/mbermudez/de_03/TFGDataset/img/train_t2_0425_1.png|ttt      sccheeeesss   nnneeeelllsssssee eeettt
/data3fast/users/mbermudez/de_03/TFGDataset/img/train_t2_0657.png|aageeeeee     eeesssseeeeeet   deeeeeesssss ssseee
/data3fast/users/mbermudez/de_03/TFGDataset/img/train_t2_1057.png|neeeeeettttt  eeellheeeddeerrrrlaa     nn
/data3fast/users/mbermudez/de_03/TFGDataset/img/train_t2_1364_0.png|sttteeeeeeeeeehhchhhh      nn ccccnnn     eeeeesse
/data3fast/users/mbermudez/de_03/TFGDataset/img/train_t2_0834_2.png|iireeeeeeeeeeeettt    sslllchhheeenneee  sss
/data3fast/users/mbermudez/de_03/TFGDataset/img/train_t2_0033_0.png|tttiieeetttt   ss       cchh     sssee  lllleeeeeee
/data3fast/users/mbermudez/de_03/TFGDataset/img/train_t2_1406_1.png|der  aaaa  nn ee   eeeellll    hssccc nnnn  deeeeeee
/data3fast/users/mbermudez/de_03/TFGDataset/img/train_t2_0895_0.png|nee nn eeeeee  aauuu d eennnee  a   ssseeeeeee
/data3fast/users/mbermudez/de_03/TFGDataset/img/train_t2_0713_1.png|# dd
/data3fast/users/mbermudez/de_03/TFGDataset/img/train_t2_0768_1.png|aaae   eeeeeer   hh    .
/data3fast/users/mbermudez/de_03/TFGDataset/img/train_t2_0334_1.png|iireeeeeeeeee         rrrrrtttsssccllleeee  aas
/data3fast/users/mbermudez/de_03/TFGDataset/img/train_t2_0424_1.png|ttt  nnnneeeeeeee  d a ss   de       atttttt
/data3fast/users/mbermudez/de_03/TFGDataset/img/train_t2_0734_0.png|rrrreeeeesseee    nd   *   ....        ieeeeeeeeeeeeNN
/data3fast/users/mbermudez/de_03/TFGDataset/img/train_t2_1422_1.png|ggllhh      rreeeeeeeeeeeeeeeeeeeeeee         eess
/data3fast/users/mbermudez/de_03/TFGDataset/img/train_t2_0019_2.png|ihhhh      err  aal  eeeeeeeeeeeeeeess    eeeeee
/data3fast/users/mbermudez/de_03/TFGDataset/img/train_t2_0008_2.png|dddd    nnnuuu eeee           ssseeeeee    nn
/data3fast/users/mbermudez/de_03/TFGDataset/img/train_t2_0448_0.png|gee     dd  rtttt  eeeeellllleeeee dddeeddd
/data3fast/users/mbermudez/de_03/TFGDataset/img/train_t2_1249_2.png|und  sssshhht       eeealhh  eeeeee     nn aa
/data3fast/users/mbermudez/de_03/TFGDataset/img/train_t2_0459.png|sse   nnuuau unnnttttttieeeeeeeeeen naaaa  eeeee
/data3fast/users/mbermudez/de_03/TFGDataset/img/train_t2_0046.png|dee   tttttteeeetttttttt    a  sllllleeee
/data3fast/users/mbermudez/de_03/TFGDataset/img/train_t2_0118.png|iehhhhhhaaauuaa      eeeeeeeeei  n    eeeeeeeee
/data3fast/users/mbermudez/de_03/TFGDataset/img/train_t2_1475_2.png|nee  e ereeeeeeeeee****          aaa  eee  ed
/data3fast/users/mbermudez/de_03/TFGDataset/img/train_t2_0971_1.png|ssss    lllllhhhhhhhh iii     hh  enneellllene
/data3fast/users/mbermudez/de_03/TFGDataset/img/train_t2_0514_0.png|dassss     sss s s  sssss eeeeeeeee         eeeeee nnnnn nn
/data3fast/users/mbermudez/de_03/TFGDataset/img/train_t2_1273.png|reee      aa    a  et  nnnneeeeennn   eeeeeee
/data3fast/users/mbermudez/de_03/TFGDataset/img/train_t2_1220_0.png|iieh    d  eeegg uuund    ttttee    dddese
/data3fast/users/mbermudez/de_03/TFGDataset/img/train_t2_0350_1.png|geeehhleell a      d eesssssssssssss e   e nnnnnnn  nnn
/data3fast/users/mbermudez/de_03/TFGDataset/img/train_t2_1031_2.png|beeeeeeeeeeeeeeeeehhh    iiiiieennnnddd
/data3fast/users/mbermudez/de_03/TFGDataset/img/train_t2_1174_1.png|ihrr  aa  eeeiii nnn  aelllee ddd eeeeeeeeeeeeeeeeN
/data3fast/users/mbermudez/de_03/TFGDataset/img/train_t2_0768.png|aaleeee  eerrr  iihhch   ..
/data3fast/users/mbermudez/de_03/TFGDataset/img/train_t2_0461_1.png|daaaaallll  deeeeee sshheesss    hchllllee uu ddeee
/data3fast/users/mbermudez/de_03/TFGDataset/img/train_t2_0762.png|eereeeeeeeeeeeeeet        
/data3fast/users/mbermudez/de_03/TFGDataset/img/train_t2_0108_2.png|dasss eeeeeeee   iehheteeeeeeeeeeeee    dd  nn
/data3fast/users/mbermudez/de_03/TFGDataset/img/train_t2_0720.png|ind  eeeee    t   n    ****   ccceeeeeeee   ssss  seeee
/data3fast/users/mbermudez/de_03/TFGDataset/img/train_t2_0294_1.png|"au           rrssss aa  hhleheeeeeennnnee  ta
/data3fast/users/mbermudez/de_03/TFGDataset/img/train_t2_0277_1.png|dirttt  aaa ttttt
/data3fast/users/mbermudez/de_03/TFGDataset/img/train_t2_0143_0.png|"u eeellllleNN
/data3fast/users/mbermudez/de_03/TFGDataset/img/train_t2_0419_2.png|dee  cctttt   *..... tt  *** e e ttttttttttttt
/data3fast/users/mbermudez/de_03/TFGDataset/img/train_t2_1313_1.png|aas     asaass       dd        ssllllllleeeeeeeeee
/data3fast/users/mbermudez/de_03/TFGDataset/img/train_t2_0219_0.png|deeee     nn  eeee   acssssss                ..
/data3fast/users/mbermudez/de_03/TFGDataset/img/train_t2_0929_2.png|ttt  dd dd  ssssssee   n   hhhhh nnnnnnnnnddd
/data3fast/users/mbermudez/de_03/TFGDataset/img/train_t2_0233_1.png|eeeechhhhi     ** *     eeeeeeeeeee   nddd   eee nihhhh
/data3fast/users/mbermudez/de_03/TFGDataset/img/train_t2_0967_2.png|eeee  aee tt   eeeeeeeeeee nnn e ee  
/data3fast/users/mbermudez/de_03/TFGDataset/img/train_t2_0255_2.png|"f         nnnn     eeellllle e   eiihheeee
/data3fast/users/mbermudez/de_03/TFGDataset/img/train_t2_1423_0.png|"nn eeeeeeeeeeeeeee  nnnddd    drreeeess
/data3fast/users/mbermudez/de_03/TFGDataset/img/train_t2_0203_1.png|nnnddd   n  eeeeeeeeeeeeeee    dd    aaaaarrss
/data3fast/users/mbermudez/de_03/TFGDataset/img/train_t2_1109.png|ieeelcchc uuu sssuuasssss      ..
/data3fast/users/mbermudez/de_03/TFGDataset/img/train_t2_0111_1.png|fgeeeeeessslhhhhhhhhhhhhhneeeeeeeeelllaa nnnnee
/data3fast/users/mbermudez/de_03/TFGDataset/img/train_t2_1322_1.png|teeeeeeeeeeeer   d   sselchh nnnndd      dd
/data3fast/users/mbermudez/de_03/TFGDataset/img/train_t2_0060.png|ee   dddddeeee scccchcleeehhhhh      dd    uu
/data3fast/users/mbermudez/de_03/TFGDataset/img/train_t2_0250_1.png|eeeeeeet    ttttt         ssseeeeeeeeellee dd eellll
/data3fast/users/mbermudez/de_03/TFGDataset/img/train_t2_0835_2.png|de   n    d         aeeeeee ttttttttt   aa  eeeeee
/data3fast/users/mbermudez/de_03/TFGDataset/img/train_t2_0534.png|geeettttssssssssss   sss   schtttteee     nnneeeee
/data3fast/users/mbermudez/de_03/TFGDataset/img/train_t2_0587_0.png|der  aa           nnnneeeeen ittttee t    
/data3fast/users/mbermudez/de_03/TFGDataset/img/train_t2_0258.png|ggenneeeeeeeeeeeee hhhh  aaaassstttt    dd
/data3fast/users/mbermudez/de_03/TFGDataset/img/train_t2_0351_2.png|hhheeeNeeeeNe nndd d  rrrrrrrrttt   aasshhh
/data3fast/users/mbermudez/de_03/TFGDataset/img/train_t2_0454_1.png|cche nnnnneeeeeeeeeeeeerr  aa    dde ddd   nnnn
/data3fast/users/mbermudez/de_03/TFGDataset/img/train_t2_0360_1.png|aaalaaaaaaaassssllh  a sssseeeehcheee      s    hhhh
/data3fast/users/mbermudez/de_03/TFGDataset/img/train_t2_0499.png|see  nnnnn   eee   aaa   hhhhheeee      nnnnee
/data3fast/users/mbermudez/de_03/TFGDataset/img/train_t2_1138_2.png|aare  dd   nnnn eessssseeeeeeeeee eeeeeseee  ee
/data3fast/users/mbermudez/de_03/TFGDataset/img/train_t2_0496_2.png|miiieeeeennnnnddddeeeeeeeeee  sssssaallll  nnn
/data3fast/users/mbermudez/de_03/TFGDataset/img/train_t2_1471_1.png|ttttt   a  nn d   e  cchlleeee d  seeee nnnn eeeeee
/data3fast/users/mbermudez/de_03/TFGDataset/img/train_t2_0626.png|de   nnnnn    eeeeeer  dd dd d reeeeeseeee
/data3fast/users/mbermudez/de_03/TFGDataset/img/train_t2_0982.png|dieeeeeeee  dd  sss  h  h   sssssssN  nnn   eellllhhhh
/data3fast/users/mbermudez/de_03/TFGDataset/img/train_t2_0765_2.png|eenn       eeeeeeeeiiiet    aa  eeeeeeee
/data3fast/users/mbermudez/de_03/TFGDataset/img/train_t2_0601_2.png|beeellllaaall   nn ddeeeee    llhh aaaattttt
/data3fast/users/mbermudez/de_03/TFGDataset/img/train_t2_0560_1.png|aassssllhhs    assscchhh n   tttt    n eeeeeeee
/data3fast/users/mbermudez/de_03/TFGDataset/img/train_t2_0977_2.png|ee  nnnddddnnd     hiieeeeeeeeeeeeeeeeeeeeellll
/data3fast/users/mbermudez/de_03/TFGDataset/img/train_t2_0978_0.png|ss     ccchhhheeeeeeeettt  iitttttt   eet te 
/data3fast/users/mbermudez/de_03/TFGDataset/img/train_t2_0430_1.png|aaa gggeeeeetttt  eeeerr aaann a  sss eeeeeiiii
/data3fast/users/mbermudez/de_03/TFGDataset/img/train_t2_0129_0.png|#ddd
/data3fast/users/mbermudez/de_03/TFGDataset/img/train_t2_1326.png|ssssN   nnnnnnn nnnnn ddddeeeeeeeeeetttt       r
/data3fast/users/mbermudez/de_03/TFGDataset/img/train_t2_1347_1.png|ahhhh  aaaaasss   ddddeeeeeeee *  uuuuuu  eeeee
/data3fast/users/mbermudez/de_03/TFGDataset/img/train_t2_0554_2.png|geeN    sssssss  eeeeeeecchhhhhhiiee   ssee      eeeeeeeee
/data3fast/users/mbermudez/de_03/TFGDataset/img/train_t2_1221_0.png|oo    eeeeeeelllee          eeeeee     helleee
/data3fast/users/mbermudez/de_03/TFGDataset/img/train_t2_0641_2.png|mnnnnnnnnnnneeenneeee sshhheeeee   d eer   aa
/data3fast/users/mbermudez/de_03/TFGDataset/img/train_t2_1385_0.png|sss      eeeeeeeNnneeeee dd    ddee  aaahchh eeeeeeet
/data3fast/users/mbermudez/de_03/TFGDataset/img/train_t2_0589_2.png|mtt  eeeeeeeessssss eeeeeeeeee   clleeeeee     ttt
/data3fast/users/mbermudez/de_03/TFGDataset/img/train_t2_1031_1.png|beeeeeeeeeeeeeeeeel     iiiiieennnnndddd
/data3fast/users/mbermudez/de_03/TFGDataset/img/train_t2_0414_2.png|geee         eeehhhhhteett  nnnn         su  eeeeeee
/data3fast/users/mbermudez/de_03/TFGDataset/img/train_t2_1328_1.png|der  aaa        a dd   eeeee       nnnnee
/data3fast/users/mbermudez/de_03/TFGDataset/img/train_t2_1087_0.png|eessssssss f ee   eeee    dddd aaaaaaaa ddd
/data3fast/users/mbermudez/de_03/TFGDataset/img/train_t2_0886_1.png|unn   e  d  r cchcseeeeee***  ssaauuuuu  e
/data3fast/users/mbermudez/de_03/TFGDataset/img/train_t2_1090_1.png|eerttttttttt 
/data3fast/users/mbermudez/de_03/TFGDataset/img/train_t2_1307_0.png|cheeeeeeee      d  eeeeeggge    t   a  eeeeetttt
/data3fast/users/mbermudez/de_03/TFGDataset/img/train_t2_1374.png|ooeee   aaahh nnnniiiiit    aaaaeeee
/data3fast/users/mbermudez/de_03/TFGDataset/img/train_t2_0122_0.png|uu  eeeeeeee   eeeeeeeeee   uueeeeeeeeeee   e
/data3fast/users/mbermudez/de_03/TFGDataset/img/train_t2_0514.png|ddsss        sss     eeeseeeeeeeee    n    eeeeeeeennnnnn 
/data3fast/users/mbermudez/de_03/TFGDataset/img/train_t2_1255_1.png|llle ddddeeeeeehhhhhhhhnnnneeeeeeeeeee t   nnndd
/data3fast/users/mbermudez/de_03/TFGDataset/img/train_t2_1307_2.png|chheeeeeees    dd  eeeegggnn tttt a    eeett
/data3fast/users/mbermudez/de_03/TFGDataset/img/train_t2_0522.png|gllllleeeeeeettthhhheeeerrdddreeeeeee    aaaaaal
/data3fast/users/mbermudez/de_03/TFGDataset/img/train_t2_0878_1.png|eerr  aaa  eeeellllll nnn  iin  aasssshttttte
/data3fast/users/mbermudez/de_03/TFGDataset/img/train_t2_0798_0.png|ieeee  a a  ss     ssseeeeeedddddeee
/data3fast/users/mbermudez/de_03/TFGDataset/img/train_t2_0580.png|au   hlhhheeee d aaasssssssss s ss       .......
/data3fast/users/mbermudez/de_03/TFGDataset/img/train_t2_0749_2.png|eee    ihhh    eee      eeeeeeeellll        eeeeeehh
/data3fast/users/mbermudez/de_03/TFGDataset/img/train_t2_1180.png|eee dd          tttttttsssssttt     nnn  aaa
/data3fast/users/mbermudez/de_03/TFGDataset/img/train_t2_1376_2.png|mnnnneeeennnnnaaa  eeeeee  egge    nddddd
/data3fast/users/mbermudez/de_03/TFGDataset/img/train_t2_0975_1.png|hhnnddd  uuuu dd e lllll      sssss   tttttt
/data3fast/users/mbermudez/de_03/TFGDataset/img/train_t2_0632_1.png|de      eeeeeeeennnnnggeggeeeeeetttttsssttt
/data3fast/users/mbermudez/de_03/TFGDataset/img/train_t2_1054.png|wllleeee aaahh   ddddeeeeeg  u sssss  eeeeee
/data3fast/users/mbermudez/de_03/TFGDataset/img/train_t2_0676_0.png|# ee
/data3fast/users/mbermudez/de_03/TFGDataset/img/train_t2_1392.png|#  
/data3fast/users/mbermudez/de_03/TFGDataset/img/train_t2_0391.png|woeeddd  sss      ndd   nneeeeeecccheeeettt    ede
/data3fast/users/mbermudez/de_03/TFGDataset/img/train_t2_0093_0.png|die   aaaa dddd eeeeeellllllggeee     tttttt
/data3fast/users/mbermudez/de_03/TFGDataset/img/train_t2_1273_0.png|eeee     a  a  aa eettt  nnnn eeeenn   eeeeeettt
/data3fast/users/mbermudez/de_03/TFGDataset/img/train_t2_1193.png|oiieeeeeeenn e ssss    **   ss eeeeeeeeesssss   uunn   
/data3fast/users/mbermudez/de_03/TFGDataset/img/train_t2_1305.png|beeelhhheeee  cccch     sssss a    eeeeee       eeeeeeeee
/data3fast/users/mbermudez/de_03/TFGDataset/img/train_t2_0736_0.png|mtt eeeeeeeeleeeeeeee  
/data3fast/users/mbermudez/de_03/TFGDataset/img/train_t2_1150_1.png|nnnnnnnnneee    eeeeeeeettt    eeeeeee   aaa
/data3fast/users/mbermudez/de_03/TFGDataset/img/train_t2_0329.png|eeeeeeeNNNNeee       cchh    eeeeeenneee   lllll   ddd
/data3fast/users/mbermudez/de_03/TFGDataset/img/train_t2_1421_1.png|sssettttttt    
/data3fast/users/mbermudez/de_03/TFGDataset/img/train_t2_0874_0.png|oneee         esssseee inn   hhhh     eeeeeelleess uudd
/data3fast/users/mbermudez/de_03/TFGDataset/img/train_t2_0401_1.png|geee  n tnnnnnnnneeenneeeeeeesssshh  nnne
/data3fast/users/mbermudez/de_03/TFGDataset/img/train_t2_1106_1.png|wlleeeeeerrrrrrrdddaaa     eee   *       hhhh
/data3fast/users/mbermudez/de_03/TFGDataset/img/train_t2_1168.png|nnn      ss   nn   sssssscccssheeeeeeee           eeeee
/data3fast/users/mbermudez/de_03/TFGDataset/img/train_t2_1118_2.png|de  aaaaauuuu   seeeee  nnnnnn n nnaaaaa    dee
/data3fast/users/mbermudez/de_03/TFGDataset/img/train_t2_1040.png|iiiilaaaaa       hhhh   dde   aasssseesseeteeeee
/data3fast/users/mbermudez/de_03/TFGDataset/img/train_t2_0661_0.png|ii  eeeettt    eeeseee        ...
/data3fast/users/mbermudez/de_03/TFGDataset/img/train_t2_1324.png|sss       ddee    .... .  dd aaallehiinnnnn dddddd
/data3fast/users/mbermudez/de_03/TFGDataset/img/train_t2_0491_2.png|aa eeeeeeeeeee    ddd aaaseeeedee    *......
/data3fast/users/mbermudez/de_03/TFGDataset/img/train_t2_0712_1.png|de  aaaaaanneeeeetttt    eeeeeeeeeellllluuu
/data3fast/users/mbermudez/de_03/TFGDataset/img/train_t2_1098_0.png|wiss   ssss cchhhh   deeeeee   ss         eeeel    lssss
/data3fast/users/mbermudez/de_03/TFGDataset/img/train_t2_0002_2.png|mitteeeelllle  ddaaaau  sssstttiiiii d
/data3fast/users/mbermudez/de_03/TFGDataset/img/train_t2_0915_2.png|allleeeeeeeeeeeeeeessseeeeeeennnnnng ssssss  nneeee
/data3fast/users/mbermudez/de_03/TFGDataset/img/train_t2_0825_1.png|seeee  drrrrrhclleeeeeesss   ahhh    ddeeeeeee
/data3fast/users/mbermudez/de_03/TFGDataset/img/train_t2_0451_0.png|geeett eeeeeeeeeeeecccchh  nddeessllaa eeee     r
/data3fast/users/mbermudez/de_03/TFGDataset/img/train_t2_0831_2.png|neessssshhhhh eee ******   uuuu   eee     s eeeennnn
/data3fast/users/mbermudez/de_03/TFGDataset/img/train_t2_1393_2.png|nndddnnnggggN
/data3fast/users/mbermudez/de_03/TFGDataset/img/train_t2_1374_1.png|ooeedd   aaaahhh nnnniiittt  aaaa eee
/data3fast/users/mbermudez/de_03/TFGDataset/img/train_t2_0762_2.png|eeeetttteeeeeeeeeeet      e
/data3fast/users/mbermudez/de_03/TFGDataset/img/train_t2_1208_0.png|ddss eeeeeeeee  nnnaa eeee    ttt  eeeeeeen
/data3fast/users/mbermudez/de_03/TFGDataset/img/train_t2_0828_0.png|unnddddd   aaaalleerreddeess     nneeeee  att
/data3fast/users/mbermudez/de_03/TFGDataset/img/train_t2_0575_2.png|uu  ellhh    dn  aaa eedddeeeeelleeeeeeeeiii nn
/data3fast/users/mbermudez/de_03/TFGDataset/img/train_t2_0650.png|allleeeeeeeeeeee  nnnneeeeeennnnn    allh    dd ssehhh
/data3fast/users/mbermudez/de_03/TFGDataset/img/train_t2_0251_0.png|deeeeeelhhheeeeee   dd   ss  essllleeeeeet     seee
/data3fast/users/mbermudez/de_03/TFGDataset/img/train_t2_0407_2.png|uu  eeeeeeeegggeeee    d  sss   ddd sssscceehe
/data3fast/users/mbermudez/de_03/TFGDataset/img/train_t2_0988_1.png|geesssssNN.
/data3fast/users/mbermudez/de_03/TFGDataset/img/train_t2_1084_0.png|aau   da aee   a   eeeeeee nnn            hhhh
/data3fast/users/mbermudez/de_03/TFGDataset/img/train_t2_0713_0.png|#  e
/data3fast/users/mbermudez/de_03/TFGDataset/img/train_t2_0584_0.png|dd   ieeeittttt  
/data3fast/users/mbermudez/de_03/TFGDataset/img/train_t2_1030_0.png|uu eeeetttt  ddeeeeeeesssssccccchheeeede
/data3fast/users/mbermudez/de_03/TFGDataset/img/train_t2_0318.png|de     eee  nnnnn aaass       iiinnnnnnnnnn
/data3fast/users/mbermudez/de_03/TFGDataset/img/train_t2_1079_1.png|hhhnn  eeeeeeeeee       sstt  nnnn  eeee
/data3fast/users/mbermudez/de_03/TFGDataset/img/train_t2_0606_0.png|weeeeeeeee  a           n aaa   eeeeeeeeeeiiiiiit
/data3fast/users/mbermudez/de_03/TFGDataset/img/train_t2_1403_2.png|iiee  tttttttta  annnn  d dd eeeeeeeeeeeeeee   nnn
/data3fast/users/mbermudez/de_03/TFGDataset/img/train_t2_1200.png|#
/data3fast/users/mbermudez/de_03/TFGDataset/img/train_t2_0027_0.png|er  aannnnn e  aaa    eeee    sssssss
/data3fast/users/mbermudez/de_03/TFGDataset/img/train_t2_0638_0.png|ollleee        eeeeeeeeenniichhhhh     aaaaa deee
/data3fast/users/mbermudez/de_03/TFGDataset/img/train_t2_1130.png|eeretssssssssssss    nnndddeeeeeeeeeeeeeeeeeeettt
/data3fast/users/mbermudez/de_03/TFGDataset/img/train_t2_1139.png|te   aaa  ddd aaaaahheeeeeeee i  l ee edeee**
/data3fast/users/mbermudez/de_03/TFGDataset/img/train_t2_0151_1.png|sss   aaaa   edeerrr rtt  hhhnnnnd   sssssseee
/data3fast/users/mbermudez/de_03/TFGDataset/img/train_t2_0390_2.png|lssssNNNeeeeeeeeeellhhhhhhhh  sssssseeeee   ddeeeeeee
/data3fast/users/mbermudez/de_03/TFGDataset/img/train_t2_1016.png|nee  ett   iiihhheeeeedde eeeeee       seeeessssssNNN
/data3fast/users/mbermudez/de_03/TFGDataset/img/train_t2_0090_0.png|deeellleeeeeeneeeiie r  aaaa   dr
/data3fast/users/mbermudez/de_03/TFGDataset/img/train_t2_1299_0.png|mit  eeeeeeeehh    dd aallhnn     sssssseeeeeei
/data3fast/users/mbermudez/de_03/TFGDataset/img/train_t2_0171_0.png|iiie 
/data3fast/users/mbermudez/de_03/TFGDataset/img/train_t2_1351.png|ggnneeieeeeeeeeeeeeeese    
/data3fast/users/mbermudez/de_03/TFGDataset/img/train_t2_0308_0.png|ditt      dd nnn eeeeeeeeeecccchch   deeeee   
/data3fast/users/mbermudez/de_03/TFGDataset/img/train_t2_0908.png|st    eeeeeee aa eeeeeeeeetaaa uuunn   tt
/data3fast/users/mbermudez/de_03/TFGDataset/img/train_t2_0273_0.png|ee   au   dd  deeeeeeeeeet  uuuu  ddd      eeeeeeee
/data3fast/users/mbermudez/de_03/TFGDataset/img/train_t2_0494_2.png|wsssee  
/data3fast/users/mbermudez/de_03/TFGDataset/img/train_t2_0878.png|errraaaaa lleeeelllll enneeeenn aa sssssshtht
/data3fast/users/mbermudez/de_03/TFGDataset/img/train_t2_1009.png|aadddeerrrrihhheeeeeeeee    ahh    aaasssss
/data3fast/users/mbermudez/de_03/TFGDataset/img/train_t2_1466.png|aatttttt      eeeede  ddeeeeeeeeeeeeee  ss ssssshhh
/data3fast/users/mbermudez/de_03/TFGDataset/img/train_t2_0157_1.png|oon  eeeeeeeeeeeee  ssschhh  nnn  nddeeeeee
/data3fast/users/mbermudez/de_03/TFGDataset/img/train_t2_0947_0.png|aahhhhhhhhhnnnndd  aaa  eeeesscc       ahhh
/data3fast/users/mbermudez/de_03/TFGDataset/img/train_t2_1255_2.png|lllN ddddeeeeeehhhhiiiiiiiieeee  gggeeee    un deee
/data3fast/users/mbermudez/de_03/TFGDataset/img/train_t2_1458_0.png|dee  iittttt      r .******  eee  eeeeeeeeee
/data3fast/users/mbermudez/de_03/TFGDataset/img/train_t2_0421_0.png|gleeeeeeettt  aaahhhaaa tttttttts  eeeeeeeeeer
/data3fast/users/mbermudez/de_03/TFGDataset/img/train_t2_1226_2.png|aaa    dd ee** ** *        sss       hchhhssseeeeeeee
/data3fast/users/mbermudez/de_03/TFGDataset/img/train_t2_0723_0.png|ggeen   nnnnn hhhhh    aaannnndd   eeeeee
/data3fast/users/mbermudez/de_03/TFGDataset/img/train_t2_0904_2.png|erralllllleeeeeeeellee  nnnn          eeeeeee
/data3fast/users/mbermudez/de_03/TFGDataset/img/train_t2_0079.png|mtt  eeeeeeeetee u   nnnn        ehhhennnnnedee
/data3fast/users/mbermudez/de_03/TFGDataset/img/train_t2_0257_0.png|viiehhhhht       aaaa       aa hhhhh nnn hhhheeeees
/data3fast/users/mbermudez/de_03/TFGDataset/img/train_t2_1053_2.png|di                  eeeettt      sss  dd
/data3fast/users/mbermudez/de_03/TFGDataset/img/train_t2_0994_2.png|detttt   d                         chleeeeeennnn
/data3fast/users/mbermudez/de_03/TFGDataset/img/train_t2_0609_0.png|errllltt   eeeeeeeesseeeeeeetinnnn  sssssssss
/data3fast/users/mbermudez/de_03/TFGDataset/img/train_t2_0084_1.png|nnnne  s ss   t       s  hhheiee    eeee             neeeee
/data3fast/users/mbermudez/de_03/TFGDataset/img/train_t2_0509_0.png|eeeeeeeeeeeeee*e e  sssslsssseeeeeee  ee au   eeeee
/data3fast/users/mbermudez/de_03/TFGDataset/img/train_t2_0285_1.png|ffeenn nuu a   ttteeeeee    rrrhhleeeeet
/data3fast/users/mbermudez/de_03/TFGDataset/img/train_t2_1433.png|ihheeee     dddeeeeehhhieeeeeeeee      eessseeee
/data3fast/users/mbermudez/de_03/TFGDataset/img/train_t2_0946.png|un  eeeeeeedd  aaass     t    stt hh    eeeeeet
/data3fast/users/mbermudez/de_03/TFGDataset/img/train_t2_1136_2.png|geeee ee auuuddddsss     a n  heeeeeeeeeet
/data3fast/users/mbermudez/de_03/TFGDataset/img/train_t2_0944_0.png|allllllllllaaaunnnnnn      eeeeesss         ieeeee
/data3fast/users/mbermudez/de_03/TFGDataset/img/train_t2_0340.png|llle        llhhhhnnnnddddddrieeeennnneeeessss
/data3fast/users/mbermudez/de_03/TFGDataset/img/train_t2_1402_1.png|ooo     aaa     echcesssstt      elllleeeette
/data3fast/users/mbermudez/de_03/TFGDataset/img/train_t2_0655_2.png|weesssss  hhhhhhhheeennnnnnn eee     aassss
/data3fast/users/mbermudez/de_03/TFGDataset/img/train_t2_1090_0.png|eeettttttttt
/data3fast/users/mbermudez/de_03/TFGDataset/img/train_t2_1242_2.png|rrrtccchsssshssssss ddssss  ddeeeeeh sssss  eeeddeeeee hhh
/data3fast/users/mbermudez/de_03/TFGDataset/img/train_t2_1149.png|unddrerrrreeeeeeeen aaaallss    dddeeeeeeeeeeee
/data3fast/users/mbermudez/de_03/TFGDataset/img/train_t2_0095_2.png|unnddeeeeeeeeeellaatttt       t eeeeeeeeess
/data3fast/users/mbermudez/de_03/TFGDataset/img/train_t2_0394.png|undddeeeettttteeeeeenneeddreeeichchinnnnn
/data3fast/users/mbermudez/de_03/TFGDataset/img/train_t2_0613_1.png|geeeeeiiihhhhhh   dddeeeeeessslllsssss   n dddee
/data3fast/users/mbermudez/de_03/TFGDataset/img/train_t2_0395_1.png|dass    nnnn   eeeetttttttieeeellll  assssaaaass
/data3fast/users/mbermudez/de_03/TFGDataset/img/train_t2_0840_1.png|oondd   s     eeeeeeeeeii .........
/data3fast/users/mbermudez/de_03/TFGDataset/img/train_t2_0946_0.png|uu eeeeeeeedddrrrssaa                 r eeeeetttt
/data3fast/users/mbermudez/de_03/TFGDataset/img/train_t2_0157_0.png|ooon eeeeeeeeeeeeeessslhhh  nnnuaadd eddeee
/data3fast/users/mbermudez/de_03/TFGDataset/img/train_t2_0295_1.png|geeehttttteeeee nnnnneeee   eeeeeet   aaaaau
/data3fast/users/mbermudez/de_03/TFGDataset/img/train_t2_1350_2.png|nneeeessste nnn   eee e        a    elhhhhhhaa dd
/data3fast/users/mbermudez/de_03/TFGDataset/img/train_t2_1369_0.png|bbeeelle      d   ichtt         eeneeee
/data3fast/users/mbermudez/de_03/TFGDataset/img/train_t2_1041_1.png|eeee     hchhhheee
/data3fast/users/mbermudez/de_03/TFGDataset/img/train_t2_0848_1.png|geettttttt   nn            ssssss    dd eeeee
/data3fast/users/mbermudez/de_03/TFGDataset/img/train_t2_0246_2.png|iitt       eeeggeeeeee   eeeeeeccheeeNee***ee
/data3fast/users/mbermudez/de_03/TFGDataset/img/train_t2_0833_0.png|oeeeessssssss   eeeeeeeeee     a      ar  tt ttt
/data3fast/users/mbermudez/de_03/TFGDataset/img/train_t2_1038_0.png|daaaaaa  uuuu ueeeeess tt   gggguuu  tttt   dr
/data3fast/users/mbermudez/de_03/TFGDataset/img/train_t2_1233.png|wweee 
/data3fast/users/mbermudez/de_03/TFGDataset/img/train_t2_0648_1.png|anndddddee      schcllh  uunn ddddeeeee  nnn
/data3fast/users/mbermudez/de_03/TFGDataset/img/train_t2_1417_2.png|iee   aaardrrrrr aaaadd      rrrrrrrh
/data3fast/users/mbermudez/de_03/TFGDataset/img/train_t2_1024_0.png|sttt  nnnn    tteeeeeee ssssecchhhennnnddd 
/data3fast/users/mbermudez/de_03/TFGDataset/img/train_t2_0237_1.png|allss  
/data3fast/users/mbermudez/de_03/TFGDataset/img/train_t2_0525_2.png|beeeeeeeeeeeeeeeeeee   t   stchh eee   nnn  n nneeeaall
/data3fast/users/mbermudez/de_03/TFGDataset/img/train_t2_0446_2.png|drr  l      sssss     *****    uu  seeee   hhhhiie
/data3fast/users/mbermudez/de_03/TFGDataset/img/train_t2_1121_2.png|wllleee     nnnnhiieeeeeeeeeeeeeeennnnnnnneeeesss
/data3fast/users/mbermudez/de_03/TFGDataset/img/train_t2_0848_2.png|gee  ttt  e nnn     *****   sssss     dd  eee
/data3fast/users/mbermudez/de_03/TFGDataset/img/train_t2_0731_1.png|ooo     rrrrrreeeeeeeeeeeeeeee eeeetssttteeeeeee
/data3fast/users/mbermudez/de_03/TFGDataset/img/train_t2_0391_2.png|woeeee  sss      a      ieeeeeeeecchhhheeee      eee
/data3fast/users/mbermudez/de_03/TFGDataset/img/train_t2_1169.png|deeeeeeeeeeetttt t  aau   eeeeeee   aaaaaa   eee
/data3fast/users/mbermudez/de_03/TFGDataset/img/train_t2_1179_2.png|da    eeeeiihhhhh  anna  eeeee                sshhh
/data3fast/users/mbermudez/de_03/TFGDataset/img/train_t2_1137_0.png|wws    ssseeeeeeee   sssssse    aa   eeeeeeeennnn
/data3fast/users/mbermudez/de_03/TFGDataset/img/train_t2_1398_2.png|ee   aaa lllleeeeeeeeeeeennnna     iiiiieee
/data3fast/users/mbermudez/de_03/TFGDataset/img/train_t2_0888_1.png|wieee     eellleeennnddd  ssssl  e n    sssaaaa
/data3fast/users/mbermudez/de_03/TFGDataset/img/train_t2_1102_2.png|uuuu    ieeee    .....
/data3fast/users/mbermudez/de_03/TFGDataset/img/train_t2_0284_1.png|ooeeeeeeennnne  nn  ggeeeeeeeee ssssssse   n
/data3fast/users/mbermudez/de_03/TFGDataset/img/train_t2_0677_0.png|alll   uu eeeeeeeeee   eelllhettthh  dddd
/data3fast/users/mbermudez/de_03/TFGDataset/img/train_t2_0750_1.png|rreee        rt tt...t..     **ee****   ssscc   dddeeee
/data3fast/users/mbermudez/de_03/TFGDataset/img/train_t2_0879.png|sss   eeeeeerhhrrrrreeeee ddddeeennneeeee
/data3fast/users/mbermudez/de_03/TFGDataset/img/train_t2_0102_0.png|aatteeeeeeeennnniiiichhhh nnnddeeieeeeeeeee
/data3fast/users/mbermudez/de_03/TFGDataset/img/train_t2_0156_0.png|dee llllle  eeeeeedd  aaccch    d   sssseeeeettttt
/data3fast/users/mbermudez/de_03/TFGDataset/img/train_t2_1274_0.png|aass eee  e ddd eessssst     eeeeeegggeeeNN
/data3fast/users/mbermudez/de_03/TFGDataset/img/train_t2_1453_2.png|#
/data3fast/users/mbermudez/de_03/TFGDataset/img/train_t2_0968.png|mttttssssssssss   aa aslllllleeeeee    eee          aa
/data3fast/users/mbermudez/de_03/TFGDataset/img/train_t2_0087_2.png|dee  sseeeesss   dd  sssseee nndd  aaaaa   ed
/data3fast/users/mbermudez/de_03/TFGDataset/img/train_t2_1487_2.png|inn eeee  eerralllllee   tttteeeeee  aauuu
/data3fast/users/mbermudez/de_03/TFGDataset/img/train_t2_0077_1.png|nnnnnnnn   chhheeeeeeeeeeesl  unnnnn  aaasss
/data3fast/users/mbermudez/de_03/TFGDataset/img/train_t2_0151_0.png|see   aaaahh eeeeerrrrrrriihhhnnnnddd ssssseee
/data3fast/users/mbermudez/de_03/TFGDataset/img/train_t2_0161_2.png|ara u     eetiiiiiieeeed aaa  nddeeeeeeeesclllllll
/data3fast/users/mbermudez/de_03/TFGDataset/img/train_t2_1402.png|ooo     aa      ecccsssstt       llleeeetttt
/data3fast/users/mbermudez/de_03/TFGDataset/img/train_t2_1224.png|oo   eeeeeeeeee   eeeeehhheeeee lllhht   nnnnn
/data3fast/users/mbermudez/de_03/TFGDataset/img/train_t2_1436_0.png|gee  aa leeeeeeeeeeeeeeeeeeeee        ttttttttttt
/data3fast/users/mbermudez/de_03/TFGDataset/img/train_t2_1037.png|allleeeeee     ssslhhhnnnnnneeeeihhee eeeeeeeeeihhh
/data3fast/users/mbermudez/de_03/TFGDataset/img/train_t2_0532_0.png|mmteeeeeeeeeeeeeeennnnn  lll     eeeess       eeeee
/data3fast/users/mbermudez/de_03/TFGDataset/img/train_t2_0571.png|bbeNNeee    sseeeee    eeeeeee   glleeenneee
/data3fast/users/mbermudez/de_03/TFGDataset/img/train_t2_0551.png|lleeeeet ttteeeeee     ii      assaaaaa   dddd
/data3fast/users/mbermudez/de_03/TFGDataset/img/train_t2_0605_1.png|ttteeeeeeeeeeeeeddd  ssssss                ddddd
/data3fast/users/mbermudez/de_03/TFGDataset/img/train_t2_0714_1.png|nnnhhhhhhaaa   d  eeiicccchcchsseeeeeeeeee
/data3fast/users/mbermudez/de_03/TFGDataset/img/train_t2_0392_0.png|mttttteeeeeeeen   e llllleennnnn      ddnnnn
/data3fast/users/mbermudez/de_03/TFGDataset/img/train_t2_0768_2.png|aaee     heeee  iiccchc  .
/data3fast/users/mbermudez/de_03/TFGDataset/img/train_t2_1381_0.png|tt*******  tttttt       t      lll       eeeeeeeeeeeee
/data3fast/users/mbermudez/de_03/TFGDataset/img/train_t2_1181_0.png|tttt  eeeeeeelsssss  eeeee   nnnddd eeeessssccchhh
/data3fast/users/mbermudez/de_03/TFGDataset/img/train_t2_1233_0.png|woeedd
/data3fast/users/mbermudez/de_03/TFGDataset/img/train_t2_0672.png|nnneeeeee  ddd   iiiiiheeeeeeetttttteeee
/data3fast/users/mbermudez/de_03/TFGDataset/img/train_t2_0662_1.png|eee dddddeeeeelllllllle   nn       neeeessss
/data3fast/users/mbermudez/de_03/TFGDataset/img/train_t2_1045_2.png|wllhhh      rrrttttttt  aaallllsss        eeee
/data3fast/users/mbermudez/de_03/TFGDataset/img/train_t2_0044_2.png|wieee   aaaas unnnnnnnnd  eeelll  nnnnnn
/data3fast/users/mbermudez/de_03/TFGDataset/img/train_t2_0811_0.png|aasssseeeeeeeeeeeiiicchhhneeeeeeee nnnnaaaallaauuu
/data3fast/users/mbermudez/de_03/TFGDataset/img/train_t2_0786_2.png|ooo  llhheesseeeeelhhhhheeeeeee      eeeiichhhhh
/data3fast/users/mbermudez/de_03/TFGDataset/img/train_t2_1197_0.png|weeed    ssssttt     aaaddd  a  s tt    ..........
/data3fast/users/mbermudez/de_03/TFGDataset/img/train_t2_0242_1.png|ett     drrrreeeeerrrrrreetttt  chhh ssssseeee
/data3fast/users/mbermudez/de_03/TFGDataset/img/train_t2_1261.png|drtttt        n  eeeeee   neeeeeeelleeee
/data3fast/users/mbermudez/de_03/TFGDataset/img/train_t2_1284_0.png|dieeesssssse    na aahah  ddd nnn    tt ennnuuuu
/data3fast/users/mbermudez/de_03/TFGDataset/img/train_t2_0179_1.png|tth  nnnnnnnn  eeeeeennnn  sshchheeeeeeeeet
/data3fast/users/mbermudez/de_03/TFGDataset/img/train_t2_0611_0.png|"    eeeelllla       rrreeeeeeeeeeeeeehhhhhhh
/data3fast/users/mbermudez/de_03/TFGDataset/img/train_t2_0797_0.png|weeeeeechhhhhnnnnnn  eeeeeeeee         nneeeen
/data3fast/users/mbermudez/de_03/TFGDataset/img/train_t2_0744_1.png|deee   ***nnn       aaaaa   tt    ssss         aa
/data3fast/users/mbermudez/de_03/TFGDataset/img/train_t2_0619_0.png|dee *****eee    eeeeee  nn aaa  eeeeeeeeeee     ttttttt
/data3fast/users/mbermudez/de_03/TFGDataset/img/train_t2_0021_2.png|aalleeeeet   eeeeiiiiiee   rrrrdede
/data3fast/users/mbermudez/de_03/TFGDataset/img/train_t2_1311_0.png|leeeNN  eeeeeeddeeeeeehhhh nn d eeeelllllaaa  eeee
/data3fast/users/mbermudez/de_03/TFGDataset/img/train_t2_1127_2.png|dee  eeeeeeeeeeee    ddd   aaaahhleelllhhh
/data3fast/users/mbermudez/de_03/TFGDataset/img/train_t2_0327_2.png|die  eeesssNNNeeeeeeeeeteeeeeeeeeee unnnnnn
/data3fast/users/mbermudez/de_03/TFGDataset/img/train_t2_0154_0.png|eettttihhhhhhtttttttt tttt   neeeee   nneeeee
/data3fast/users/mbermudez/de_03/TFGDataset/img/train_t2_0381_1.png|deee eeeeeee ee nnn   aa   eeeeeeeee   hhhhssssschhchh
/data3fast/users/mbermudez/de_03/TFGDataset/img/train_t2_1361_2.png|"u  ddeeeeeeeeeei nnnnnnnich  auudd   sslllll
/data3fast/users/mbermudez/de_03/TFGDataset/img/train_t2_1498_0.png|di   aa  ssss   eddddreerddrrrrrrttt  tssssssstts
/data3fast/users/mbermudez/de_03/TFGDataset/img/train_t2_0377_2.png|daasstttttttssss aaaa  deeeeeeee asssss  ttee
/data3fast/users/mbermudez/de_03/TFGDataset/img/train_t2_0715.png|mtt  aaannnnnnnneeeeeeede    nn     i hnnnn
/data3fast/users/mbermudez/de_03/TFGDataset/img/train_t2_0655_0.png|wesssss aalllhhee   nnnnnnneeee   aaa  sssss
/data3fast/users/mbermudez/de_03/TFGDataset/img/train_t2_0935_0.png|ttttt  eeeehhhhhh aau ddeessssscccch  ddeeee
/data3fast/users/mbermudez/de_03/TFGDataset/img/train_t2_0191.png|rrrnnnnnnneeeeeeeeeeeeeeeeee     dddaaaa neee
