/data3fast/users/mbermudez/de_03/TFGDataset/img/train_t2_0195_0.png|aas   dee    n      e         er  ee  ee   eeee
/data3fast/users/mbermudez/de_03/TFGDataset/img/train_t2_0705_1.png|eeeee eene  en ee  ne  e  e  e ee  eeeeee
/data3fast/users/mbermudez/de_03/TFGDataset/img/train_t2_1075_1.png|wer eeN eee eee e  e ee  e ee n eee eeeeeeeeee
/data3fast/users/mbermudez/de_03/TFGDataset/img/train_t2_1037.png|aus eeeee ee ee ee  eee ee  eeeeeeeee eeeeeeeeN ee
/data3fast/users/mbermudez/de_03/TFGDataset/img/train_t2_1022_2.png|der eer ee eeee  eend der eee  ee  ee eee er
/data3fast/users/mbermudez/de_03/TFGDataset/img/train_t2_0378_1.png|der e ee ee   e e  heN  ee   end der eee eeN
/data3fast/users/mbermudez/de_03/TFGDataset/img/train_t2_1006.png|gee ehee     eN din  e    ee    e  ee  eeeeee ee
/data3fast/users/mbermudez/de_03/TFGDataset/img/train_t2_0064_2.png|der eee ee    der eee  e     ee     ee  e  ee ee
/data3fast/users/mbermudez/de_03/TFGDataset/img/train_t2_0516_2.png|aus eer ee ee  eee  eee  e  eee  ee  eeeeeeeer
/data3fast/users/mbermudez/de_03/TFGDataset/img/train_t2_0094.png|der d dee  e  e    d der ee     e  ee   ee d   e
/data3fast/users/mbermudez/de_03/TFGDataset/img/train_t2_0417.png|aun   e   e        e                    e ee eeeee
/data3fast/users/mbermudez/de_03/TFGDataset/img/train_t2_0394_2.png|dedeeer der eeee  eee   ee    e  e  eeeeeeer
/data3fast/users/mbermudez/de_03/TFGDataset/img/train_t2_0788_0.png|aus  n  e    er                ee   ee eeee
/data3fast/users/mbermudez/de_03/TFGDataset/img/train_t2_1476_2.png|des end eee ee   ee ee   e  e   e ee ee eeeeeee
/data3fast/users/mbermudez/de_03/TFGDataset/img/train_t2_1294.png|an  e eee  ee      n e   e      ee  ee eeen ee
/data3fast/users/mbermudez/de_03/TFGDataset/img/train_t2_1150_1.png|ger en  ee  en   e n               e     endee
/data3fast/users/mbermudez/de_03/TFGDataset/img/train_t2_1484_0.png|der eee ee e  ee ee  ec  e  ee  ee ee   ee  eeeeeee
/data3fast/users/mbermudez/de_03/TFGDataset/img/train_t2_1358_2.png|der ee  e ee      n   or ee          e eeeee ee
/data3fast/users/mbermudez/de_03/TFGDataset/img/train_t2_1040.png|dee  ee  ee   e  en  en ee    e  e  ee  eeee ee
/data3fast/users/mbermudez/de_03/TFGDataset/img/train_t2_0302_0.png|ges eee  ee ee  e   ee ee  e  ee    eee eeeeeeee
/data3fast/users/mbermudez/de_03/TFGDataset/img/train_t2_0981_2.png|ans eee ee     ee  ee h ee  e      ee ee ee er eee
/data3fast/users/mbermudez/de_03/TFGDataset/img/train_t2_1050_1.png|der eee ee  ee  or ee  eee       eeee e  ee n
/data3fast/users/mbermudez/de_03/TFGDataset/img/train_t2_0714_0.png|aun  e e  e  e ee n een ee  ee ee e eeeeeeee
/data3fast/users/mbermudez/de_03/TFGDataset/img/train_t2_1420_2.png|eee           e e     or           er  ee    e
/data3fast/users/mbermudez/de_03/TFGDataset/img/train_t2_0518_1.png|der eee  e  e    h e  e  e        e e ee  eeer
/data3fast/users/mbermudez/de_03/TFGDataset/img/train_t2_0046_2.png|geee  ee  e       or   e           e  ee eeee
/data3fast/users/mbermudez/de_03/TFGDataset/img/train_t2_0376.png|ans ee  e  ee  e en eeee e   ee  e e e  ee  cheN der
/data3fast/users/mbermudez/de_03/TFGDataset/img/train_t2_1415_1.png|ges eee eee ee  e      r  ee    eeend eeeeeeee
/data3fast/users/mbermudez/de_03/TFGDataset/img/train_t2_0991_0.png|eeeeeeeee eee  eeree  en e ee  ee ee  eeeeee ee
/data3fast/users/mbermudez/de_03/TFGDataset/img/train_t2_0394.png|aus  e    e   e  d der eN der e   eer ee eee
/data3fast/users/mbermudez/de_03/TFGDataset/img/train_t2_0884_1.png|der eee   e    e e  e  ee  e            e  eeeeee
/data3fast/users/mbermudez/de_03/TFGDataset/img/train_t2_1043_0.png|wie  ee   e                        er eee eeeeeee
/data3fast/users/mbermudez/de_03/TFGDataset/img/train_t2_0811_0.png|aun  ee  ee e  ee eee      e  e   ern e eeeen
/data3fast/users/mbermudez/de_03/TFGDataset/img/train_t2_0461_1.png|der eeee   n      dee  e      ee  n  ee  ee n  dee e
/data3fast/users/mbermudez/de_03/TFGDataset/img/train_t2_0017.png|gee ee  eeen  e   eee e  e      n  e ee
/data3fast/users/mbermudez/de_03/TFGDataset/img/train_t2_1100_1.png|aus ee      e                   e h      e    e eee
/data3fast/users/mbermudez/de_03/TFGDataset/img/train_t2_1208.png|dee eeeeeeeeeecheee  ee e  eee  eN eee eeeeeeeee
/data3fast/users/mbermudez/de_03/TFGDataset/img/train_t2_0871_1.png|der eee   n   nd N der   e       d          e erde
/data3fast/users/mbermudez/de_03/TFGDataset/img/train_t2_1027_2.png|der eee  een  e   ee  e    e   eeen heN ee
/data3fast/users/mbermudez/de_03/TFGDataset/img/train_t2_0308_2.png|der  ee  e e   e     e          nd ee  ee een
/data3fast/users/mbermudez/de_03/TFGDataset/img/train_t2_0166_1.png|ge         e     uf e           er der  e   er ee
/data3fast/users/mbermudez/de_03/TFGDataset/img/train_t2_1203.png|geeeeeeeeeee eee n ee   ee  ee eeeee eeeee
/data3fast/users/mbermudez/de_03/TFGDataset/img/train_t2_0856_0.png|ger eee  e   eee n  e  ee  ee   e  eee eee
/data3fast/users/mbermudez/de_03/TFGDataset/img/train_t2_0904.png|gereeeeeeeee  ee ee eee ee eeeee  eendee ee
/data3fast/users/mbermudez/de_03/TFGDataset/img/train_t2_1414_2.png|ane  ee  een  e ee  e     ee  ee  ereN eee eeee
/data3fast/users/mbermudez/de_03/TFGDataset/img/train_t2_0913_2.png|der eer eeer ee   e      e    e      eee  een eN
/data3fast/users/mbermudez/de_03/TFGDataset/img/train_t2_0276_0.png|gee eeee  en  ee  e    e eeeee   eeer
/data3fast/users/mbermudez/de_03/TFGDataset/img/train_t2_1346_1.png|ger ee  e n  e eee       ee    eer eer eeeeen
/data3fast/users/mbermudez/de_03/TFGDataset/img/train_t2_0566_2.png|dee  ee  er      N der    e             heN u or
/data3fast/users/mbermudez/de_03/TFGDataset/img/train_t2_0306_0.png|aun  ee   ee     e     ee              er ee
/data3fast/users/mbermudez/de_03/TFGDataset/img/train_t2_0525_2.png|seee eeeeee ee   eee  er  ee  e  ee   enh eeeeeeeeeeen
/data3fast/users/mbermudez/de_03/TFGDataset/img/train_t2_0975_0.png|der ee  eer  e  er ee                  er  e ee
/data3fast/users/mbermudez/de_03/TFGDataset/img/train_t2_0599_2.png|der der  ee      e        e            u      der
/data3fast/users/mbermudez/de_03/TFGDataset/img/train_t2_1159_0.png|an  e     au    n  e   e           e een e
/data3fast/users/mbermudez/de_03/TFGDataset/img/train_t2_1307.png|dee ee    der een   ee e  e             er dee
/data3fast/users/mbermudez/de_03/TFGDataset/img/train_t2_0668_0.png|geseeee  n e  e ee   ee   e e ee  eee  en e
/data3fast/users/mbermudez/de_03/TFGDataset/img/train_t2_0467_0.png|des eee   eee      e      eee ee  eeeeeeheN
/data3fast/users/mbermudez/de_03/TFGDataset/img/train_t2_1477_2.png|geeeeee  eN   e nd der eend eee eee eee der
/data3fast/users/mbermudez/de_03/TFGDataset/img/train_t2_1274_2.png|ger eeeeeer ee e eee eee ee eee  ee eeeeeee
/data3fast/users/mbermudez/de_03/TFGDataset/img/train_t2_1351.png|gereeeeeeee ee ee ee  eee eeeeeeee
/data3fast/users/mbermudez/de_03/TFGDataset/img/train_t2_1131_1.png|win ee  e ee  ee   ee     ee    ee   eee eee  eeee
/data3fast/users/mbermudez/de_03/TFGDataset/img/train_t2_1045_0.png|aun  e   n e     e   e e n          eeen eee
/data3fast/users/mbermudez/de_03/TFGDataset/img/train_t2_1493_2.png|geree eeeee   e ee ee ee eN .
/data3fast/users/mbermudez/de_03/TFGDataset/img/train_t2_0063.png|der eer eee  e     e   e               n ee eeer
/data3fast/users/mbermudez/de_03/TFGDataset/img/train_t2_1472.png|ger eee ee             e      er e ee    eee ee
/data3fast/users/mbermudez/de_03/TFGDataset/img/train_t2_1475_2.png|ger eeee   e  e  e   ee  e  eee ee eee eee ee
/data3fast/users/mbermudez/de_03/TFGDataset/img/train_t2_1327.png|dee ee ee  e   ee       e e  e eend eee heN der eee
/data3fast/users/mbermudez/de_03/TFGDataset/img/train_t2_1301.png|der eee  ee  e        ee  ee  d d ee  h N der dee eenee ndeN dee
/data3fast/users/mbermudez/de_03/TFGDataset/img/train_t2_0465_1.png|aus ee  e  e  ee  eee  e  ee er eens eee
/data3fast/users/mbermudez/de_03/TFGDataset/img/train_t2_1045_1.png|aun  ee        ee   er ee     e  n ee  eer eee
/data3fast/users/mbermudez/de_03/TFGDataset/img/train_t2_0975_1.png|ger ee  e   e  ee    e  ee    e   ee   en eee ee
/data3fast/users/mbermudez/de_03/TFGDataset/img/train_t2_1383_1.png|dee ee  ee ee     ee e  e  e   e  eN  e   e  eeee
/data3fast/users/mbermudez/de_03/TFGDataset/img/train_t2_0329_1.png|ger ee  e   e     e er       er eech Ne  eee
/data3fast/users/mbermudez/de_03/TFGDataset/img/train_t2_1023_2.png|der eee e  ee  e      e   ee  e  nee eeree eee
/data3fast/users/mbermudez/de_03/TFGDataset/img/train_t2_0873.png|wer  ee ee    e      ee     e er eeN dernd der eeee
/data3fast/users/mbermudez/de_03/TFGDataset/img/train_t2_1317_2.png|seeee e  ee  ee   e    ee    n   n      n  eeeeee
/data3fast/users/mbermudez/de_03/TFGDataset/img/train_t2_0814_2.png|ger eee  ee         e      e  n e ee  e   eeeee
/data3fast/users/mbermudez/de_03/TFGDataset/img/train_t2_0252_1.png|geeeeeeeeeee  ee eeeee ee eeeeN eeeeee
/data3fast/users/mbermudez/de_03/TFGDataset/img/train_t2_0822_0.png|aun    e   e e   ee e        n  eheN een ee
/data3fast/users/mbermudez/de_03/TFGDataset/img/train_t2_1188.png|aas  e               dee      ee n  der  ee  eedee
/data3fast/users/mbermudez/de_03/TFGDataset/img/train_t2_1430_1.png|der eee  ee e ee  ee  e   eee eee eeeneee
/data3fast/users/mbermudez/de_03/TFGDataset/img/train_t2_0986_2.png|win ee  ee  ee  e  e  e  n e   ee eeee eeeeeee
/data3fast/users/mbermudez/de_03/TFGDataset/img/train_t2_0702_0.png|geser eeenee       ee   ee    ee eee er ee
/data3fast/users/mbermudez/de_03/TFGDataset/img/train_t2_1208_0.png|dee eeeeee ee ee ee ee  eer eeee eeeen eeeeeee
/data3fast/users/mbermudez/de_03/TFGDataset/img/train_t2_1091_2.png|geeee    n ee an ee      er  e  e  e ee ee  er
/data3fast/users/mbermudez/de_03/TFGDataset/img/train_t2_1423_0.png|dee eee   der ee  e  e  eer eee   e   ee  eeee ee
/data3fast/users/mbermudez/de_03/TFGDataset/img/train_t2_0288_1.png|geeeeeeeeeN eee ee ee  een eee eeeeee eeeee
/data3fast/users/mbermudez/de_03/TFGDataset/img/train_t2_1151_1.png|der ee  ee  eee       e   ee
/data3fast/users/mbermudez/de_03/TFGDataset/img/train_t2_0079_0.png|wer ee    eee ee  e  e     ee   ee ee  eeeeede
/data3fast/users/mbermudez/de_03/TFGDataset/img/train_t2_1347_1.png|aush  e  uf e e                e  e  n  ee ee ee
/data3fast/users/mbermudez/de_03/TFGDataset/img/train_t2_0445_0.png|auf       ee                         ee  eeens ee
/data3fast/users/mbermudez/de_03/TFGDataset/img/train_t2_1204_2.png|ger eee e eeen ee e ee ee eee ee  ee   eeeeeeeee
/data3fast/users/mbermudez/de_03/TFGDataset/img/train_t2_0952.png|dee    e d dee           e  der dee eer der eN ded
/data3fast/users/mbermudez/de_03/TFGDataset/img/train_t2_0655_2.png|dere eeeen eeee  e  ee  en e  e eee  n eeeeee
/data3fast/users/mbermudez/de_03/TFGDataset/img/train_t2_0162_0.png|der eee eer ee     e       e  e   eee e  eee eeeee
/data3fast/users/mbermudez/de_03/TFGDataset/img/train_t2_0835_2.png|der der en e             or ee           e  er ee
/data3fast/users/mbermudez/de_03/TFGDataset/img/train_t2_0568_2.png|eee  ee  ee e  ee     e  e   ee  eeer  e  ee eeeeee
/data3fast/users/mbermudez/de_03/TFGDataset/img/train_t2_0618_2.png|wer  ee  e   e  ee  n e               e   eee eeee
/data3fast/users/mbermudez/de_03/TFGDataset/img/train_t2_0377_0.png|der eee  e  ee   ee n e    ee  e   er eeeee ee
/data3fast/users/mbermudez/de_03/TFGDataset/img/train_t2_0694_0.png|dee  eee  e ee   e               ee eeeeee
/data3fast/users/mbermudez/de_03/TFGDataset/img/train_t2_1055_2.png|der er eee n  eee ee e e  e ee  ee neeee
/data3fast/users/mbermudez/de_03/TFGDataset/img/train_t2_0438_2.png|aus eN ee            ee  ee   ee   n ee eeee
/data3fast/users/mbermudez/de_03/TFGDataset/img/train_t2_0644_0.png|dee ee eee  ee ee een  ee  eee  ee  eeee ee eeeee
/data3fast/users/mbermudez/de_03/TFGDataset/img/train_t2_1110_1.png|and ee ee     eee  ens ee   ee  eeend der ee
/data3fast/users/mbermudez/de_03/TFGDataset/img/train_t2_0676_0.png|#edeN * eeeeN ...   e  e 
/data3fast/users/mbermudez/de_03/TFGDataset/img/train_t2_0985_0.png|der  ee  e  e        ee            e              t
/data3fast/users/mbermudez/de_03/TFGDataset/img/train_t2_0276.png|geeenee e  nd ee  e  ee   ee  ee  eee eeeeee
/data3fast/users/mbermudez/de_03/TFGDataset/img/train_t2_0102_1.png|ans er  ee er  e      e   e        n e eeeeee
/data3fast/users/mbermudez/de_03/TFGDataset/img/train_t2_0293_1.png|der eee  eeer  ee   nd e  ee      e e  ee  eeeeee
/data3fast/users/mbermudez/de_03/TFGDataset/img/train_t2_1376_2.png|der eee  e n  ee  ee    e ee   e  eerdeN eeeee
/data3fast/users/mbermudez/de_03/TFGDataset/img/train_t2_1401_2.png|der ee  ee n e     e e             n  e  eeeee
/data3fast/users/mbermudez/de_03/TFGDataset/img/train_t2_1126_2.png|ger eeeeee e ee  ee  ee   e e  e eee  eeeeeeeeeee
/data3fast/users/mbermudez/de_03/TFGDataset/img/train_t2_1054_0.png|gee  ee        ee    er   en een ee heen ee  ee eee
/data3fast/users/mbermudez/de_03/TFGDataset/img/train_t2_0024.png|des ee eN der  der   e e             een eeee
/data3fast/users/mbermudez/de_03/TFGDataset/img/train_t2_0311.png|gen    ee ee  ee    eer ee  ee n  eer eee
/data3fast/users/mbermudez/de_03/TFGDataset/img/train_t2_0249.png|aesee  ee  ee  ee   en   ee eee e   teNich eee ee
/data3fast/users/mbermudez/de_03/TFGDataset/img/train_t2_0326_0.png|aes ee               n       e ee  n  eeN der
/data3fast/users/mbermudez/de_03/TFGDataset/img/train_t2_0709_0.png|der eee eee  eer ee   eee en  ee   e ee eeee eee
/data3fast/users/mbermudez/de_03/TFGDataset/img/train_t2_1277_2.png|der eeene  e  n  ee  e  ee e  ee   end der eeeeeeeeeee
/data3fast/users/mbermudez/de_03/TFGDataset/img/train_t2_0405_2.png|eer eeenee eeen ee eeee ee heN  ee eeeeee
/data3fast/users/mbermudez/de_03/TFGDataset/img/train_t2_0967_2.png|geeeee  eee   ne  e  e   e   ee   eeeN  eeee
/data3fast/users/mbermudez/de_03/TFGDataset/img/train_t2_1163_2.png|geer ee eee ee ee  een  ee n eeee e eee eee
/data3fast/users/mbermudez/de_03/TFGDataset/img/train_t2_1148_0.png|d d d d ee   e  e     der d     ee n ee dee
/data3fast/users/mbermudez/de_03/TFGDataset/img/train_t2_0817_2.png|dee  ee eee  ee  e  eheN der eee e  ee  eee eeee eee eeeee
/data3fast/users/mbermudez/de_03/TFGDataset/img/train_t2_1112.png|de ee  e     en ee  e  e       e   en e eeeeeeheN
/data3fast/users/mbermudez/de_03/TFGDataset/img/train_t2_0971.png|aaeee   eee  eee ee    ee    e n  een eer eeeee
/data3fast/users/mbermudez/de_03/TFGDataset/img/train_t2_0610_0.png|dee  e  e      e               er  n deh       ee  der
/data3fast/users/mbermudez/de_03/TFGDataset/img/train_t2_1453_2.png|# der eee e    ee  e 
/data3fast/users/mbermudez/de_03/TFGDataset/img/train_t2_0721_2.png|gesteN n  ee  heN  nn      ee  ee  ee eeeeeeeee
/data3fast/users/mbermudez/de_03/TFGDataset/img/train_t2_1168_1.png|an    er  e    n   er   ee      e     ee  ee
/data3fast/users/mbermudez/de_03/TFGDataset/img/train_t2_0879_1.png|der eee eee  e  e   ee   ee  ee   eee eeeeeeee
/data3fast/users/mbermudez/de_03/TFGDataset/img/train_t2_0406_0.png|der eenee eee ee  e he n  ee ee   eee eeeeeeee
/data3fast/users/mbermudez/de_03/TFGDataset/img/train_t2_1377.png|dee ee ns ee    ee nd d hee   e n  eee  eer
/data3fast/users/mbermudez/de_03/TFGDataset/img/train_t2_1045.png|ges ee   e     ee   e           e      nd eeee
/data3fast/users/mbermudez/de_03/TFGDataset/img/train_t2_0046.png|geree n   e    ein   e           ee  ee eeeee
/data3fast/users/mbermudez/de_03/TFGDataset/img/train_t2_1496.png|gee ee   e  e eN ee  e     e      ee  eeee
/data3fast/users/mbermudez/de_03/TFGDataset/img/train_t2_1448_2.png|ans ee         e    n   und e e   e    un  e e  eee
/data3fast/users/mbermudez/de_03/TFGDataset/img/train_t2_0187_2.png|der een ee    er  e             er     e        eee
/data3fast/users/mbermudez/de_03/TFGDataset/img/train_t2_0893_0.png|see   n  e   ee e    e                  e   eeeer e
/data3fast/users/mbermudez/de_03/TFGDataset/img/train_t2_0325_0.png|ans eeeeeee  ee  ee der eeeee  eeee  eeee
/data3fast/users/mbermudez/de_03/TFGDataset/img/train_t2_0070.png|geeeeeeee ee  heN   e  er  e e  ee   ee eeeeeeeee
/data3fast/users/mbermudez/de_03/TFGDataset/img/train_t2_0527_2.png|der een ee  e   e e n eee e  ee n  e  eeee eeeeee
/data3fast/users/mbermudez/de_03/TFGDataset/img/train_t2_1243_0.png|geeeeeee ee  eee  en ee    ee  eeeeee   eeeee
/data3fast/users/mbermudez/de_03/TFGDataset/img/train_t2_0749_0.png|der eeee ee e  er eer eie e     er  ee    ee  eeeeee
/data3fast/users/mbermudez/de_03/TFGDataset/img/train_t2_0187_0.png|der  ee  e            ee                   nd eeeeer
/data3fast/users/mbermudez/de_03/TFGDataset/img/train_t2_0232_2.png|dercheN der eee  e  ee  e   e    ee  eeee  e  eeeeee
/data3fast/users/mbermudez/de_03/TFGDataset/img/train_t2_0246_1.png|aeeeN dee eee  eee  e ee  ee ee eeee eeeeeeeee
/data3fast/users/mbermudez/de_03/TFGDataset/img/train_t2_0740_0.png|der  e  ee        e   ee    e         e    n ee eeeer
/data3fast/users/mbermudez/de_03/TFGDataset/img/train_t2_0498_0.png|deeeeee eee  ee  ee  n  ee  e   e   ee  e eeee ee
/data3fast/users/mbermudez/de_03/TFGDataset/img/train_t2_0264_1.png|geeer eeee  ee    e     e      ee  eeeeeeee
/data3fast/users/mbermudez/de_03/TFGDataset/img/train_t2_0102.png|aas ee     e         h              ee   e n eeeeeee
/data3fast/users/mbermudez/de_03/TFGDataset/img/train_t2_1379_2.png|eee eeeeeee eeee eee ee ee  ee ee eeeeeeeeeee
/data3fast/users/mbermudez/de_03/TFGDataset/img/train_t2_1422_1.png|eer eee  ee  e ee  e ee ee         e  ee  eend der
/data3fast/users/mbermudez/de_03/TFGDataset/img/train_t2_0441.png|gern       e                            e   ee de
/data3fast/users/mbermudez/de_03/TFGDataset/img/train_t2_0098_1.png|geeee  e         e   nd   e             ee e eee
/data3fast/users/mbermudez/de_03/TFGDataset/img/train_t2_0237_0.png|wie ee   ee   e  e  eee ee    e   eee
/data3fast/users/mbermudez/de_03/TFGDataset/img/train_t2_0433.png|geeee ee    e   e                      e deer eee
/data3fast/users/mbermudez/de_03/TFGDataset/img/train_t2_1167_2.png|and eee ee   ee  e  e der eee ee  ee  ee  e eeee
/data3fast/users/mbermudez/de_03/TFGDataset/img/train_t2_0090.png|der eeeee  eeeeee eeeee  ee ee eeeeeeeeeeeeee
/data3fast/users/mbermudez/de_03/TFGDataset/img/train_t2_1405.png|aan                   e             ee eee ee
/data3fast/users/mbermudez/de_03/TFGDataset/img/train_t2_1051_2.png|dee eee  ee   dee eee  e ee   e   eer eeeeee
/data3fast/users/mbermudez/de_03/TFGDataset/img/train_t2_0347_0.png|dere     eee     n                  dens eeeee
/data3fast/users/mbermudez/de_03/TFGDataset/img/train_t2_0751.png|dee eee   e  er ee     e  e  e    eee   ee eeeeeeee
/data3fast/users/mbermudez/de_03/TFGDataset/img/train_t2_1351_2.png|genee  eheN eee e eee eeeeeeeeee
/data3fast/users/mbermudez/de_03/TFGDataset/img/train_t2_0951_2.png|ger eeeeeeeenheN  in ee  eee ee  ee e eeeee eeeeeeee
/data3fast/users/mbermudez/de_03/TFGDataset/img/train_t2_0148_1.png|gon ee  ee   er  er ee    e   e       ee eeee
/data3fast/users/mbermudez/de_03/TFGDataset/img/train_t2_0218_1.png|aune    e   nd dar  e              n  ee der
/data3fast/users/mbermudez/de_03/TFGDataset/img/train_t2_0069_0.png|ge ee    ee  n eee  e           ee  e e  eeeeee
/data3fast/users/mbermudez/de_03/TFGDataset/img/train_t2_0641_2.png|aas ee  e  en  ee eee ee ee  eeee eee  eeeeeeeee
/data3fast/users/mbermudez/de_03/TFGDataset/img/train_t2_1275.png|des ee  ee  e  eeheN           e     e     eeee e eer
/data3fast/users/mbermudez/de_03/TFGDataset/img/train_t2_0930_2.png|seeeeee  eee ee       e ee  e  e  ene  eer eeeee
/data3fast/users/mbermudez/de_03/TFGDataset/img/train_t2_0771_0.png|# de e  ee  ee.  e. .
/data3fast/users/mbermudez/de_03/TFGDataset/img/train_t2_0135_0.png|der ee  er ee ee    e  ee     e     e  ee eeee
/data3fast/users/mbermudez/de_03/TFGDataset/img/train_t2_1225.png|d der eeee  ee  ee   e   ee ee
/data3fast/users/mbermudez/de_03/TFGDataset/img/train_t2_0737_0.png|dee ee  er   n   h                  n    e ee
/data3fast/users/mbermudez/de_03/TFGDataset/img/train_t2_1057.png|geeeeee h ee ee  e   e  ee     e   e dee eeeee
/data3fast/users/mbermudez/de_03/TFGDataset/img/train_t2_1200.png|deder ee  e     e  ee  e ee
/data3fast/users/mbermudez/de_03/TFGDataset/img/train_t2_1464.png|der eee ee         e   er eee        e   ee  eeeeeeee
/data3fast/users/mbermudez/de_03/TFGDataset/img/train_t2_0589_1.png|dee eeeeeee eeeeeee  eeer eee eee ee eee eeeeeeeeee
/data3fast/users/mbermudez/de_03/TFGDataset/img/train_t2_0161_2.png|aas  und der           ee                    eeee
/data3fast/users/mbermudez/de_03/TFGDataset/img/train_t2_0611_0.png|ges eee   ee  e  e     er eee   ee   eee  eee
/data3fast/users/mbermudez/de_03/TFGDataset/img/train_t2_1066_2.png|dee eeeeee eee ee ee  ee ee e eee  ee eeeeee
/data3fast/users/mbermudez/de_03/TFGDataset/img/train_t2_0795_1.png|ger eee ee ee  e ee  e  ee  ee   e  ee  eee eeeeee
/data3fast/users/mbermudez/de_03/TFGDataset/img/train_t2_0238_0.png|der der                                   ee  eeee
/data3fast/users/mbermudez/de_03/TFGDataset/img/train_t2_0462_2.png|dee ee   ee  e      ee                         e ee
/data3fast/users/mbermudez/de_03/TFGDataset/img/train_t2_1424_2.png|dee  eeee  ee  e  e        ee           ee  eeeeee
/data3fast/users/mbermudez/de_03/TFGDataset/img/train_t2_0599_0.png|der der ee             er            e  e   e eeeeee
/data3fast/users/mbermudez/de_03/TFGDataset/img/train_t2_1309_0.png|gee eee ee  e  ee   e          eee ee ee eeeee
/data3fast/users/mbermudez/de_03/TFGDataset/img/train_t2_1436_0.png|gee eeeee  ee   e  ee             ee  e  eeee
/data3fast/users/mbermudez/de_03/TFGDataset/img/train_t2_0825_1.png|eee eee eee  ee  ee ee e e eee  ee ee ee eeeeee
/data3fast/users/mbermudez/de_03/TFGDataset/img/train_t2_0883_1.png|seeee eee eee  ee ee    eee  e e     ee  eee ee eeeendeN
/data3fast/users/mbermudez/de_03/TFGDataset/img/train_t2_0239.png|ges ee  ee       e   ee  ee e  eeeee
/data3fast/users/mbermudez/de_03/TFGDataset/img/train_t2_0958_0.png|dee een ee     e     h  ir        e   eeeeee e
/data3fast/users/mbermudez/de_03/TFGDataset/img/train_t2_0421_0.png|ger e ee   eeee e   eee  e   ee  eeee eeeeeeee
/data3fast/users/mbermudez/de_03/TFGDataset/img/train_t2_0793_2.png|dee heuf ee  n  ee  ee   ee  e   e ee  ee eeeeeeen
/data3fast/users/mbermudez/de_03/TFGDataset/img/train_t2_1067.png|gereee eeee nheN  nd er n ee   ee  eee eeeee
/data3fast/users/mbermudez/de_03/TFGDataset/img/train_t2_1499.png|seheeen e   e e ee  e    eee  e  ee    e ee eeeeeee
/data3fast/users/mbermudez/de_03/TFGDataset/img/train_t2_0217_1.png|geseheee     n          n  e     e e eee ee
/data3fast/users/mbermudez/de_03/TFGDataset/img/train_t2_0309_2.png|der eee eee  ein e  en   ee  eeeeeer ee
/data3fast/users/mbermudez/de_03/TFGDataset/img/train_t2_0391_2.png|der ee eee   ee  ee  e   der eee   e e  ee eee eeee
/data3fast/users/mbermudez/de_03/TFGDataset/img/train_t2_1390_1.png|aun e  ee  eer ee  e  e n  e     e ee  ee eeeee
/data3fast/users/mbermudez/de_03/TFGDataset/img/train_t2_0231.png|ger  e ee   ee   e  e   n  e  ee  n eeeeee
/data3fast/users/mbermudez/de_03/TFGDataset/img/train_t2_0317_2.png|ges er ee e   e   e  n eer eee e  er eeee
/data3fast/users/mbermudez/de_03/TFGDataset/img/train_t2_1090_0.png|eee eN ee  eeee   ee  e  e   ee
/data3fast/users/mbermudez/de_03/TFGDataset/img/train_t2_0414_2.png|ger er ee  e  eee ee n eeN ee  e  n  eee eeeee
/data3fast/users/mbermudez/de_03/TFGDataset/img/train_t2_0141_2.png|eesehee  e  n e    e  ee e    e  eer eeee
/data3fast/users/mbermudez/de_03/TFGDataset/img/train_t2_0764_2.png|wereeN eee eeee ee   er eee  e e  e  eee  eeeeee
/data3fast/users/mbermudez/de_03/TFGDataset/img/train_t2_1393_2.png|gereeen ee  ee eeeeeeee ee
/data3fast/users/mbermudez/de_03/TFGDataset/img/train_t2_0362_1.png|aun  ee   e   ee   ein   e  ee  ee    e  eeeee
/data3fast/users/mbermudez/de_03/TFGDataset/img/train_t2_0971_2.png|wer eee  ee   ee  heN  in  en  ee eee ee eeeeeeeeee
/data3fast/users/mbermudez/de_03/TFGDataset/img/train_t2_1016_1.png|aun ee  ee ee  ee e ee          e e  ee eeeeee
/data3fast/users/mbermudez/de_03/TFGDataset/img/train_t2_0053_2.png|der ee   er   e    e        n  e         eee
/data3fast/users/mbermudez/de_03/TFGDataset/img/train_t2_0523_1.png|eeeeeeeeeee eeeee ee  eee e n eeee ee eeeeeeeeeee
/data3fast/users/mbermudez/de_03/TFGDataset/img/train_t2_0460_1.png|ger eee  er ee     e        e           ee eee
/data3fast/users/mbermudez/de_03/TFGDataset/img/train_t2_0630_2.png|andeN eee ee eeee  eeee  ee eee
/data3fast/users/mbermudez/de_03/TFGDataset/img/train_t2_0342_0.png|wer ee  eer eee    e e e  e    e e  ee eee eeeee
/data3fast/users/mbermudez/de_03/TFGDataset/img/train_t2_0410_1.png|der eee eee ee  eeer  ee  e   ee  e  ee  eeeee
/data3fast/users/mbermudez/de_03/TFGDataset/img/train_t2_1147_2.png|aus ee     e       ee       n  e     ee eeeee
/data3fast/users/mbermudez/de_03/TFGDataset/img/train_t2_1326_0.png|ges ee  e ee      n e  e  ee ee  ee eeeeeeee
/data3fast/users/mbermudez/de_03/TFGDataset/img/train_t2_0651_1.png|ane ee   n  ee                      ee e e e eee
/data3fast/users/mbermudez/de_03/TFGDataset/img/train_t2_0475_0.png|der eee ee  e  e  ee  e   eeee     ee  eeeeeeee
/data3fast/users/mbermudez/de_03/TFGDataset/img/train_t2_1340_0.png|der ee e n e   e  ee  e   eeee
/data3fast/users/mbermudez/de_03/TFGDataset/img/train_t2_0213_1.png|aun  e       e      e                ee  eeeeee
/data3fast/users/mbermudez/de_03/TFGDataset/img/train_t2_0020_2.png|aun eeeeeee ee  eeee  ee  e erdeN eeeeeeeeee
/data3fast/users/mbermudez/de_03/TFGDataset/img/train_t2_0717.png|der eee ee  en e        e       e ee  e    us eer
/data3fast/users/mbermudez/de_03/TFGDataset/img/train_t2_0047.png|aes ee eeeee  eee ee ee  ee ee  ee eeeee eNee
/data3fast/users/mbermudez/de_03/TFGDataset/img/train_t2_0340.png|aas  e   e   e           d e e  ee       e  eeeee
/data3fast/users/mbermudez/de_03/TFGDataset/img/train_t2_0603.png|dee  ee     en e          der  e          e   en eee
/data3fast/users/mbermudez/de_03/TFGDataset/img/train_t2_0053_0.png|ges e   e      e        e      e  ee eeeee
/data3fast/users/mbermudez/de_03/TFGDataset/img/train_t2_1077_1.png|ger eeeee eeeer eeee ee  n ee eeee eeeeeeeeheN 
/data3fast/users/mbermudez/de_03/TFGDataset/img/train_t2_0458.png|der          n             der e        e eheN
/data3fast/users/mbermudez/de_03/TFGDataset/img/train_t2_0661_0.png|der eeeee eeen ee eee  eee eee eeeeee
/data3fast/users/mbermudez/de_03/TFGDataset/img/train_t2_1195.png|geseeee ee  ee ee ee ee  eee eee eeeee
/data3fast/users/mbermudez/de_03/TFGDataset/img/train_t2_0500_2.png|ger eee  ee  ee          e     e    ee ee eeN ee
/data3fast/users/mbermudez/de_03/TFGDataset/img/train_t2_0511.png|geeee    e   ee          i             eeeen
/data3fast/users/mbermudez/de_03/TFGDataset/img/train_t2_1306_1.png|dee eeeee  ee  ee e  ee  e ee   eeee  eeeeeeeeen
/data3fast/users/mbermudez/de_03/TFGDataset/img/train_t2_1217_2.png|au           n            n           ee  e
/data3fast/users/mbermudez/de_03/TFGDataset/img/train_t2_1036.png|ger eeeee  ee eee  ee   e  ee  eee  ee eeer
/data3fast/users/mbermudez/de_03/TFGDataset/img/train_t2_1421.png|der eee ee ee ee  e    eeee  eeee
/data3fast/users/mbermudez/de_03/TFGDataset/img/train_t2_0154_0.png|der eee ee  eeeee  e  ee  e ee  eee ee  en eeeee
/data3fast/users/mbermudez/de_03/TFGDataset/img/train_t2_0434_1.png|aue ee  ee  ee ee  e  eee ee    e  e  ee  uf ee
/data3fast/users/mbermudez/de_03/TFGDataset/img/train_t2_1433_2.png|gehee  ee  ee     e e eee  e     e  ee eee eeee
/data3fast/users/mbermudez/de_03/TFGDataset/img/train_t2_0089_1.png|weeeee  e  ee  ee    eee  ee   ee  ee eeeeeeee
/data3fast/users/mbermudez/de_03/TFGDataset/img/train_t2_1378_2.png|au  e   e                  e          e  en eeeech
/data3fast/users/mbermudez/de_03/TFGDataset/img/train_t2_0438.png|au  e   e      ee     ee             ee eeee
/data3fast/users/mbermudez/de_03/TFGDataset/img/train_t2_0005.png|geeee ee  ee   e ee en  eee ee ee  eee eeenee
/data3fast/users/mbermudez/de_03/TFGDataset/img/train_t2_0247_1.png|aunh  and e        n  e                   ers eee
/data3fast/users/mbermudez/de_03/TFGDataset/img/train_t2_0698_1.png|deeeeeee eeeee e eeeeee ee  ee eeeeeeee eeeeeeee
/data3fast/users/mbermudez/de_03/TFGDataset/img/train_t2_0126_1.png|geeee ee    e   e      ee      ee  e  ee  ns eeeee
/data3fast/users/mbermudez/de_03/TFGDataset/img/train_t2_0583_0.png|aufe  e    e  e  e   ee         e  ee eeeeeeeee
/data3fast/users/mbermudez/de_03/TFGDataset/img/train_t2_1002_1.png|geeee ee ee  e ee  eNee e   ee  ee  eeee  eN 
/data3fast/users/mbermudez/de_03/TFGDataset/img/train_t2_0021_2.png|ans ee   e  e  e  e eeN eer eeee  eeeeeee ee
/data3fast/users/mbermudez/de_03/TFGDataset/img/train_t2_1180.png|gee een ee ee      e       e  ee   ee  eeeer ee
/data3fast/users/mbermudez/de_03/TFGDataset/img/train_t2_0568.png|wee ee ee e  e  ee  eer ee ee ee eee   eeeer ee
/data3fast/users/mbermudez/de_03/TFGDataset/img/train_t2_0537.png|gesee ee  eeee ee   ee  ee  eeeee eeeeeeee
/data3fast/users/mbermudez/de_03/TFGDataset/img/train_t2_0044_2.png|eee     e     e    ern  e            e   e der
/data3fast/users/mbermudez/de_03/TFGDataset/img/train_t2_0256_1.png|aan  ee  e ee      e   eeee  e  e n ee eeeee
/data3fast/users/mbermudez/de_03/TFGDataset/img/train_t2_0006_1.png|der  ee   ee  e    e  e    ee  e  eN eee  eeeee
/data3fast/users/mbermudez/de_03/TFGDataset/img/train_t2_0575_1.png|aun  e  ee  ee  e     ee  e     eeee  eee ee
/data3fast/users/mbermudez/de_03/TFGDataset/img/train_t2_0455.png|aas   e h            e   h an        h e    eee
/data3fast/users/mbermudez/de_03/TFGDataset/img/train_t2_0826_1.png|ee ee  eee     ee  ee ee   e       den ee e    eeeeeeee
/data3fast/users/mbermudez/de_03/TFGDataset/img/train_t2_0828.png|and der er  e        er           e  er e
/data3fast/users/mbermudez/de_03/TFGDataset/img/train_t2_0680_1.png|aee ee eer ee  ee   e ee n   e   ee  e eee eeeeee
/data3fast/users/mbermudez/de_03/TFGDataset/img/train_t2_1286_0.png|au   e   e    ee       e  e       e     ee eeeeee
/data3fast/users/mbermudez/de_03/TFGDataset/img/train_t2_1098_0.png|ger eeeeuf ee  ee   eer ee  e    eeee eee eeeeeee
/data3fast/users/mbermudez/de_03/TFGDataset/img/train_t2_1162_2.png|deeeeeee eeeeeeeeeeeeee eeeeeeeeee eeeeeeeee
/data3fast/users/mbermudez/de_03/TFGDataset/img/train_t2_0485.png|geee ee  eee ee  ee  ee    ee   ee  e neee ee
/data3fast/users/mbermudez/de_03/TFGDataset/img/train_t2_1494_0.png|eee eeeenee    e   ee dern  ee    ee  eee e
/data3fast/users/mbermudez/de_03/TFGDataset/img/train_t2_0806_2.png|dedee ee der eeee  ee ee   ee   ee  eee eeeeeee
/data3fast/users/mbermudez/de_03/TFGDataset/img/train_t2_1255_2.png|ae  e  eer eee   e  e    e     e   eeeN eer eeeee
/data3fast/users/mbermudez/de_03/TFGDataset/img/train_t2_0314.png|aand e  n e  e  e   ee  ee     ee eN nnd eee
/data3fast/users/mbermudez/de_03/TFGDataset/img/train_t2_0052_2.png|gee eeeen  e     e    e   e       n  eun eeeee
/data3fast/users/mbermudez/de_03/TFGDataset/img/train_t2_0215_2.png|wies                             n  e eeeeeeeeeeee
/data3fast/users/mbermudez/de_03/TFGDataset/img/train_t2_0588.png|der eee ee  eeeeN ee  e  ee  ee eer eeeeeeee
/data3fast/users/mbermudez/de_03/TFGDataset/img/train_t2_0002.png|aun een e                        h e n  eder
/data3fast/users/mbermudez/de_03/TFGDataset/img/train_t2_0589_2.png|gee een eee  eeee  e e  e  ee n eeeh ee ee eeeheNn
/data3fast/users/mbermudez/de_03/TFGDataset/img/train_t2_0429.png|geree eee ee eee   e  ee eee  ee  e eee eeeeeee
/data3fast/users/mbermudez/de_03/TFGDataset/img/train_t2_1307_0.png|dee  eor ee  e ee  e  e    ee     e Nnd der eeeeNe
/data3fast/users/mbermudez/de_03/TFGDataset/img/train_t2_0014_0.png|der er ee  ee    ee  e    e  eee heN n   ee  eend e
/data3fast/users/mbermudez/de_03/TFGDataset/img/train_t2_0922_1.png|ee ee  eee  ee  eee eee  e  eee eeNir eeeee ee
/data3fast/users/mbermudez/de_03/TFGDataset/img/train_t2_1048_1.png|gernheN dee e       ee            eer  ee  eeenteer
/data3fast/users/mbermudez/de_03/TFGDataset/img/train_t2_0677_0.png|wer  eeN eeeeee  eee eee  ee eee n eNer eeeeeeee
/data3fast/users/mbermudez/de_03/TFGDataset/img/train_t2_0033.png|dereeen ee  eee ee  eee  e  eeee  eeeee  eeeee een
/data3fast/users/mbermudez/de_03/TFGDataset/img/train_t2_0231_1.png|ges ee een   e n  e      e    n   eer een eee
/data3fast/users/mbermudez/de_03/TFGDataset/img/train_t2_1487_2.png|eeeeer ee            ee   e    eee eN eee ee
/data3fast/users/mbermudez/de_03/TFGDataset/img/train_t2_0875_1.png|der een  ee   e e  e            ee n  eeeeeee
/data3fast/users/mbermudez/de_03/TFGDataset/img/train_t2_0665.png|geser eee  e   e              er eNche    ee eee
/data3fast/users/mbermudez/de_03/TFGDataset/img/train_t2_0313.png|dee  N eee  ee  ee       e  ee e e  ee  eeeeee eeheN
/data3fast/users/mbermudez/de_03/TFGDataset/img/train_t2_1137_0.png|dan  ee  ee       e  e   e  e       nd dee eeeeen
/data3fast/users/mbermudez/de_03/TFGDataset/img/train_t2_1420.png|dee  ee  e  ee        er            n e       e  ee
/data3fast/users/mbermudez/de_03/TFGDataset/img/train_t2_0074.png|aun ee  e  ee  e       ein      e e n   e  eeeeee
/data3fast/users/mbermudez/de_03/TFGDataset/img/train_t2_1471_1.png|ee  eee ee  ee  ee e  heN  e  ee   en e  e eee eee eeen
/data3fast/users/mbermudez/de_03/TFGDataset/img/train_t2_0084.png|geseeeeeeee eeee  eee  eee  eee  eeeer eeeeeeeeee
/data3fast/users/mbermudez/de_03/TFGDataset/img/train_t2_0799_0.png|geeeeee eeee eee  ee eeee eee ee  eeee eeeeeeee
/data3fast/users/mbermudez/de_03/TFGDataset/img/train_t2_0898_0.png|aun  eeeeee eee ee eeee  eene  ee eeeeeeeeeee
/data3fast/users/mbermudez/de_03/TFGDataset/img/train_t2_0718_0.png|der  ee                dee  e         e    e eeee
/data3fast/users/mbermudez/de_03/TFGDataset/img/train_t2_0774_1.png|an  eee ee eee  ee eeeee ee  e  ee  ee eeeeeeeeeee
/data3fast/users/mbermudez/de_03/TFGDataset/img/train_t2_1327_1.png|and ee  e              e e    e   e  e  ee eeeee
/data3fast/users/mbermudez/de_03/TFGDataset/img/train_t2_0854.png|der eee  ee   e            nd e   eee     ee eeen
/data3fast/users/mbermudez/de_03/TFGDataset/img/train_t2_0454_0.png|dee eee e  e  e  e  e  der eN ein e     e  ee eeeder
/data3fast/users/mbermudez/de_03/TFGDataset/img/train_t2_1221_1.png|ger eee  e ee  ee  e  n  eeer ee eeeee eeeeee
/data3fast/users/mbermudez/de_03/TFGDataset/img/train_t2_0551.png|geseee  ee  e  e            e   ee  e    eeeeeeee
/data3fast/users/mbermudez/de_03/TFGDataset/img/train_t2_0890_0.png|dee ee  ee  e  ee      ee  ee e  e  ee   ee  ee e
/data3fast/users/mbermudez/de_03/TFGDataset/img/train_t2_1234_1.png|ger ee  e   e        en  e     e   ee ee ee
/data3fast/users/mbermudez/de_03/TFGDataset/img/train_t2_1194_1.png|ger eeee eer ee eee  e  ee  er  eee      end een  eN ee
/data3fast/users/mbermudez/de_03/TFGDataset/img/train_t2_1470_0.png|dee ee  eee       ee          ee        e  der eh er
/data3fast/users/mbermudez/de_03/TFGDataset/img/train_t2_1062_2.png|aus ee  ans    e           en  ee    e  ee 
/data3fast/users/mbermudez/de_03/TFGDataset/img/train_t2_1187.png|aas ee      e      e       eee n        n  eeeecheeN
/data3fast/users/mbermudez/de_03/TFGDataset/img/train_t2_1226_2.png|and eee eee ee  e eee ee  ee eer eeee ee enee
/data3fast/users/mbermudez/de_03/TFGDataset/img/train_t2_0912_1.png|ges ee  een                  ar         n   ee
/data3fast/users/mbermudez/de_03/TFGDataset/img/train_t2_0761_1.png|eeeee   een e   eee    ee   eeeee 
/data3fast/users/mbermudez/de_03/TFGDataset/img/train_t2_0931_1.png|wie  e  ee  e  eee     e  e ee  ee  ee  er eeee eee
/data3fast/users/mbermudez/de_03/TFGDataset/img/train_t2_0817_0.png|der eee eeee    ee  e  ee  eeeer eee  eeeeeN een
/data3fast/users/mbermudez/de_03/TFGDataset/img/train_t2_0638_2.png|aune ee eeeee eee  ee ee  eeeenh e   ee n n eeeeeee
/data3fast/users/mbermudez/de_03/TFGDataset/img/train_t2_1114.png|ee ee end Nn     e          e ee  e   e  eee ee dht
/data3fast/users/mbermudez/de_03/TFGDataset/img/train_t2_0127.png|ded e eee e dee eh N der ee  ee  e    ee deeeeee
/data3fast/users/mbermudez/de_03/TFGDataset/img/train_t2_0579.png|ges eeeee eee ee   ee eeee eeeeee eeeee
/data3fast/users/mbermudez/de_03/TFGDataset/img/train_t2_1024_0.png|ane ee e   er eee     ee  e eech e  ee  n  der e
/data3fast/users/mbermudez/de_03/TFGDataset/img/train_t2_0813_2.png|der ee     der  en e        ee   e     eee eeeeer
/data3fast/users/mbermudez/de_03/TFGDataset/img/train_t2_0136_1.png|aus ee n    ans en  e e   ee n   ee e   er eee
/data3fast/users/mbermudez/de_03/TFGDataset/img/train_t2_0244_2.png|geeeeeeeeeeee eee eeeeeeee er eee e eeeeee
/data3fast/users/mbermudez/de_03/TFGDataset/img/train_t2_0649.png|dee eee ee  ee ee eee   ee er ee eNn eeeeeee
/data3fast/users/mbermudez/de_03/TFGDataset/img/train_t2_0337.png|der eeeeeeeee e e  n  eee   heN  eeee eeheN der eeeee
/data3fast/users/mbermudez/de_03/TFGDataset/img/train_t2_0679_1.png|au  e  e      e     e       e    hee   eeeee
/data3fast/users/mbermudez/de_03/TFGDataset/img/train_t2_0500_1.png|ae ee  ee     e  e    e     n    n     en  eeee
/data3fast/users/mbermudez/de_03/TFGDataset/img/train_t2_0404_1.png|gereeeee ee eeeee eee    eeeeee
/data3fast/users/mbermudez/de_03/TFGDataset/img/train_t2_1155.png|gee e   ee  e  e   n      eeN derheN eee eee
/data3fast/users/mbermudez/de_03/TFGDataset/img/train_t2_1076.png|ge ee ee   e      e der  e         nd eee ee eee
/data3fast/users/mbermudez/de_03/TFGDataset/img/train_t2_0651_2.png|au                 n   e   n     er   e    eee eee
/data3fast/users/mbermudez/de_03/TFGDataset/img/train_t2_0103_0.png|# der e     e       e      ee
/data3fast/users/mbermudez/de_03/TFGDataset/img/train_t2_0877_0.png|aus ee   e         nd der  ech ee  nd ee eeeee
/data3fast/users/mbermudez/de_03/TFGDataset/img/train_t2_1159_1.png|aun                               uuf eeee  e
/data3fast/users/mbermudez/de_03/TFGDataset/img/train_t2_1033_0.png|auu     e         e          e    dn ee   eeeee
/data3fast/users/mbermudez/de_03/TFGDataset/img/train_t2_1345_1.png|geeee ee ee  e   e h       n e   ee    eee ee
/data3fast/users/mbermudez/de_03/TFGDataset/img/train_t2_1488_0.png|dend eee ee    e       ee   e   eeeee  edee eee
/data3fast/users/mbermudez/de_03/TFGDataset/img/train_t2_1282_0.png|ee eeeeeee eeee eee  eeee  eee eeeeeeeeee
/data3fast/users/mbermudez/de_03/TFGDataset/img/train_t2_1326_2.png|ane der  ee  ee   e  e  e     ee eee eee eeeeee
/data3fast/users/mbermudez/de_03/TFGDataset/img/train_t2_0514_2.png|der ee  e  ee  e    e  ee   e   eeee  eee eeeeeeeee
/data3fast/users/mbermudez/de_03/TFGDataset/img/train_t2_1209_0.png|gehee eee  e  ee      e   ee   eee ee eeeeee
/data3fast/users/mbermudez/de_03/TFGDataset/img/train_t2_0609.png|geeer eee  ee ee ee  ee  ee ee e eee heN eeeee
/data3fast/users/mbermudez/de_03/TFGDataset/img/train_t2_0253_0.png|aan                  e           der er eee
/data3fast/users/mbermudez/de_03/TFGDataset/img/train_t2_1462_1.png|aun e  ee  e  e      e         eee  er eee eee
/data3fast/users/mbermudez/de_03/TFGDataset/img/train_t2_0446_2.png|deeheN der eee  e    e        ee eee der eeee
/data3fast/users/mbermudez/de_03/TFGDataset/img/train_t2_0392_0.png|aie eeeee   ee   ee e    ee  eeeee   nseeeeee
/data3fast/users/mbermudez/de_03/TFGDataset/img/train_t2_0156.png|der  ee                      e  er  en  eee ee
/data3fast/users/mbermudez/de_03/TFGDataset/img/train_t2_1328_1.png|der eee                       e  der  ee  eeeee
/data3fast/users/mbermudez/de_03/TFGDataset/img/train_t2_1475_1.png|gee eee ee ee   ee  e  e    ee  er en ee  eeeee
/data3fast/users/mbermudez/de_03/TFGDataset/img/train_t2_0410_0.png|dedeN dee eee ee ee  ee  ee  ee er ee eee eeeeeeee
/data3fast/users/mbermudez/de_03/TFGDataset/img/train_t2_1070_2.png|die   der  ee                       er ee eeeee
/data3fast/users/mbermudez/de_03/TFGDataset/img/train_t2_0446.png|derheN ee  eee   e  ee      e    ee  der der eee
/data3fast/users/mbermudez/de_03/TFGDataset/img/train_t2_1421_2.png|derheN eer ee  ee  ee  eee  eeeee
/data3fast/users/mbermudez/de_03/TFGDataset/img/train_t2_0374.png|au  ee  e  ee  e       e  ee    e   er eeeeeee
/data3fast/users/mbermudez/de_03/TFGDataset/img/train_t2_0360_2.png|aut     h     e   h e        e                e eee
/data3fast/users/mbermudez/de_03/TFGDataset/img/train_t2_0878.png|ger ee  ee  ee der eee      ee      e  e  ee  eeee
/data3fast/users/mbermudez/de_03/TFGDataset/img/train_t2_0466_2.png|ger eee n  eenee           e   ee  eeeeeeee
/data3fast/users/mbermudez/de_03/TFGDataset/img/train_t2_0074_0.png|ans  ee eN eeh e       ee  e   ee  e  ee  eeeeeee
/data3fast/users/mbermudez/de_03/TFGDataset/img/train_t2_1031_2.png|der eeeeee ee  eee eeee ee  e eee eeeeeeeeeee
/data3fast/users/mbermudez/de_03/TFGDataset/img/train_t2_1274_1.png|gereeeeeeeeeeeeN eeeeeeeeee eeeeeeeeeeeeee
/data3fast/users/mbermudez/de_03/TFGDataset/img/train_t2_0572_1.png|aud ee       er  en  e   e  e  e     ee eee ee
/data3fast/users/mbermudez/de_03/TFGDataset/img/train_t2_1147.png|aus  e   e   eer   ee  e      ee         e  eee ee
/data3fast/users/mbermudez/de_03/TFGDataset/img/train_t2_0650.png|der  ee n   e     n          nd der  e   ee ee  eee
/data3fast/users/mbermudez/de_03/TFGDataset/img/train_t2_1294_2.png|aus  ee er   e ee er     e    ee       e eeeeeee
/data3fast/users/mbermudez/de_03/TFGDataset/img/train_t2_1267_0.png|ded e eeee e e ee  e ee    e  eee eeeeeee
/data3fast/users/mbermudez/de_03/TFGDataset/img/train_t2_1334.png|de  ee     e e  e      e   e  e  e  eee eeeeeeee
/data3fast/users/mbermudez/de_03/TFGDataset/img/train_t2_1083.png|dee ee  ee   n  e    ee      nd e e ee  eee  ee eeee
/data3fast/users/mbermudez/de_03/TFGDataset/img/train_t2_0895_1.png|eeeee eeee ee er en ee    ee eN eee ee eeeee
/data3fast/users/mbermudez/de_03/TFGDataset/img/train_t2_0350_1.png|gereeeeeee ee eee ee  e  eee e  e ee    eeeeeee eeee
/data3fast/users/mbermudez/de_03/TFGDataset/img/train_t2_0426_2.png|aun     nd der     e                     ee deree
/data3fast/users/mbermudez/de_03/TFGDataset/img/train_t2_0841_0.png|eeee ee  e   e   der  ee  e               e   eneN 
/data3fast/users/mbermudez/de_03/TFGDataset/img/train_t2_1430_2.png|dee  ee  ee  ee nd e   ee  e   e  eeee  eeeeee
/data3fast/users/mbermudez/de_03/TFGDataset/img/train_t2_0292.png|gen e        ee  e    e  e  n  e  ee  eeeeeeeee
/data3fast/users/mbermudez/de_03/TFGDataset/img/train_t2_0377_2.png|der eeee  ee   en  e   ee  en e   ee  ee  eeeeeee
/data3fast/users/mbermudez/de_03/TFGDataset/img/train_t2_1328_2.png|der der  ee  e     e        d eee   e  eeeeee
/data3fast/users/mbermudez/de_03/TFGDataset/img/train_t2_0132.png|ger e ee ee ee eee  e   e  ee  ee  ee eeeeeee ee eeee
/data3fast/users/mbermudez/de_03/TFGDataset/img/train_t2_0777_0.png|der  ee                     e            e  eet
/data3fast/users/mbermudez/de_03/TFGDataset/img/train_t2_0531_1.png|dee  ee ee  ee en ee  ee eeen ee  eee eeeeeeeee
/data3fast/users/mbermudez/de_03/TFGDataset/img/train_t2_0130_0.png|dhe   ee  ee  e n ee  ee    n  e  e  ee  eeeeeeer
/data3fast/users/mbermudez/de_03/TFGDataset/img/train_t2_0436_2.png|deeen eee ee eeee  e  ee  eeee ee  ee ee eeee eeeee
/data3fast/users/mbermudez/de_03/TFGDataset/img/train_t2_0856_2.png|geeeee  ee   e  e        e   eee  e  eee eeeeeNe
/data3fast/users/mbermudez/de_03/TFGDataset/img/train_t2_0163_1.png|gee eeee e  ee  n  ee   e       e    ee ee  eeeheN
/data3fast/users/mbermudez/de_03/TFGDataset/img/train_t2_1342_1.png|aus h  e      e                 e     ee   eeeeen
/data3fast/users/mbermudez/de_03/TFGDataset/img/train_t2_1266_0.png|d der eee eee  ee ee   e  eee  e  ee  eeeeeeeee
/data3fast/users/mbermudez/de_03/TFGDataset/img/train_t2_0001_2.png|ges eee  ee eee eee  e    e  ee  ee  eeeeeeeee
/data3fast/users/mbermudez/de_03/TFGDataset/img/train_t2_0390_2.png|aes eN  en  ee  n    ee     heN  n  ee  e ee n  eN
/data3fast/users/mbermudez/de_03/TFGDataset/img/train_t2_1388_1.png|see e           ee  e n eheN n e     n  e  dee e
/data3fast/users/mbermudez/de_03/TFGDataset/img/train_t2_1311_0.png|aal ee  e  e  e   e   e   un   e   eeee  eeen eeee
/data3fast/users/mbermudez/de_03/TFGDataset/img/train_t2_0723.png|ges ee  der   e   e     en  en   ee   n eeeeee
/data3fast/users/mbermudez/de_03/TFGDataset/img/train_t2_1170.png|and  e   e             e n   in       e   eeee 
/data3fast/users/mbermudez/de_03/TFGDataset/img/train_t2_1374_1.png|dee  eeer  ee  e  eee   e ee  eN eeeeeeeeee
/data3fast/users/mbermudez/de_03/TFGDataset/img/train_t2_0038.png|aun ee   e  ee   e    e    e   der  e h een eN dee
/data3fast/users/mbermudez/de_03/TFGDataset/img/train_t2_0189_2.png|deeee eheN der eee  eeeeh e      e    ee eer eeeeeee
/data3fast/users/mbermudez/de_03/TFGDataset/img/train_t2_0896_0.png|auf eee   e   ee      ee e eeer eeeee  eeee
/data3fast/users/mbermudez/de_03/TFGDataset/img/train_t2_1389.png|der e e eee             n     t e       e  aer 
/data3fast/users/mbermudez/de_03/TFGDataset/img/train_t2_0952_1.png|dans eeer  e           dn dern  e    ee  end der eer
/data3fast/users/mbermudez/de_03/TFGDataset/img/train_t2_0514.png|der  ee ee  ee   e  e   eee e e  e  e ee  eeheN der eee
/data3fast/users/mbermudez/de_03/TFGDataset/img/train_t2_0494_0.png|# deee   ee  ee eeee eeeeeN 
/data3fast/users/mbermudez/de_03/TFGDataset/img/train_t2_1155_1.png|der eeeee  ee   e  ee  e  e  e  ee ee ee eeeer
/data3fast/users/mbermudez/de_03/TFGDataset/img/train_t2_1077_2.png|gee eeeee eee  eeee  ee en ee n eeee et eeeeee ee
/data3fast/users/mbermudez/de_03/TFGDataset/img/train_t2_0310_2.png|dee ee heN  ee   e    n   eee e  e  e der eee
/data3fast/users/mbermudez/de_03/TFGDataset/img/train_t2_0780_1.png|ges eee eee ee e   ee eeee  eeee ee
/data3fast/users/mbermudez/de_03/TFGDataset/img/train_t2_1009_1.png|aus  e  e  e heN ae     e    e   e  e n  eeeeee
/data3fast/users/mbermudez/de_03/TFGDataset/img/train_t2_0765_2.png|geeeeeee eee n   ee ee     ee  ee  n  eee eeeee
/data3fast/users/mbermudez/de_03/TFGDataset/img/train_t2_1316.png|ges ee  ee  eee   e      eee  eee 
/data3fast/users/mbermudez/de_03/TFGDataset/img/train_t2_1458_0.png|der eeeeee    ee  n  ee  e   ee ee  eeerdeN
/data3fast/users/mbermudez/de_03/TFGDataset/img/train_t2_0688_0.png|der ee  e    e     der    n         eee       er ee
/data3fast/users/mbermudez/de_03/TFGDataset/img/train_t2_0870.png|aus  e  e       e         nd der  eeN ee eee ee
/data3fast/users/mbermudez/de_03/TFGDataset/img/train_t2_1010.png|geeee  ee  e              n  e      een ee 
/data3fast/users/mbermudez/de_03/TFGDataset/img/train_t2_0749_2.png|der eee ee   ee   e        ee    eeee eee eeer e
/data3fast/users/mbermudez/de_03/TFGDataset/img/train_t2_0960_2.png|der eee ee eeee ee  e    ee  e   ee  en ee en  ee e eeeee
/data3fast/users/mbermudez/de_03/TFGDataset/img/train_t2_1221.png|gee eee  ee  e             e  e  ee die ee eeech
/data3fast/users/mbermudez/de_03/TFGDataset/img/train_t2_0609_0.png|geeeeee eeee er eee  ee  eheN ein ee heN eee eer
/data3fast/users/mbermudez/de_03/TFGDataset/img/train_t2_0798_0.png|dee eeeeeeeee eee n ee ee ee eee eeeeeeN ee
/data3fast/users/mbermudez/de_03/TFGDataset/img/train_t2_0880_0.png|ans ee   ee   ee  e  e  ee ee eeeeeeeeee
/data3fast/users/mbermudez/de_03/TFGDataset/img/train_t2_1145_2.png|dedee ee  e  ee   d e e e           e nd der e
/data3fast/users/mbermudez/de_03/TFGDataset/img/train_t2_1220_1.png|ae  ee  e  e          e   er  e      e e   eeeee
/data3fast/users/mbermudez/de_03/TFGDataset/img/train_t2_1032.png|ger eeeeeee ehe  eee   eeee  ee eeee eeN eeeer
/data3fast/users/mbermudez/de_03/TFGDataset/img/train_t2_1153_0.png|aud e ee  e e  ee  e  e  eeee ee ee
/data3fast/users/mbermudez/de_03/TFGDataset/img/train_t2_0569_0.png|der eeeeee eee eeee  ee ee   eeeee eeee eeeeeeeeee
/data3fast/users/mbermudez/de_03/TFGDataset/img/train_t2_1232_1.png|gee ee  e e e       e ee   n  e   n  eenee  ee
/data3fast/users/mbermudez/de_03/TFGDataset/img/train_t2_1248.png|ger eee  e         e          ee e ee   eee e
/data3fast/users/mbermudez/de_03/TFGDataset/img/train_t2_1242_2.png|see ee ee hee   e   en e     e deeh eeeeeeeeeeeeeN
/data3fast/users/mbermudez/de_03/TFGDataset/img/train_t2_0940_1.png|der eee ee  e   ee e n  ee    er eee  ee  ee  eeeee
/data3fast/users/mbermudez/de_03/TFGDataset/img/train_t2_0349_2.png|aun eee  eee ee  eeer ee eeee  eee  eeeee ee
/data3fast/users/mbermudez/de_03/TFGDataset/img/train_t2_0484_0.png|dee eee eeee ee   eh     e   eer ee  ee eee ee eee
/data3fast/users/mbermudez/de_03/TFGDataset/img/train_t2_0834_1.png|ges ee  eene     e er ee    e e   er ee ee
/data3fast/users/mbermudez/de_03/TFGDataset/img/train_t2_0071_1.png|der ee  e  dee e   hee        e  eh der  ee ee eee
/data3fast/users/mbermudez/de_03/TFGDataset/img/train_t2_1482_1.png|aun  ee    ee   e  or  e   n  er   e   ee ee  e
/data3fast/users/mbermudez/de_03/TFGDataset/img/train_t2_0977_2.png|der eee eend eee ee en  ee e   ee  e een eeeeee
/data3fast/users/mbermudez/de_03/TFGDataset/img/train_t2_0885_0.png|der eee eehe       er  e   n  er ee  ee eee eeeee
/data3fast/users/mbermudez/de_03/TFGDataset/img/train_t2_0874_0.png|der ee  eehe     e  eh      e e      e ndeN der eee
/data3fast/users/mbermudez/de_03/TFGDataset/img/train_t2_0006.png|der ee     ee    e  d      n  e   eN ee  ee  eeee
/data3fast/users/mbermudez/de_03/TFGDataset/img/train_t2_0222_2.png|sohee    e  e  e   e  e    n ee      e eN eee eeeN
/data3fast/users/mbermudez/de_03/TFGDataset/img/train_t2_0328_0.png|de  ee  ee  eee   ee    eee  ee
/data3fast/users/mbermudez/de_03/TFGDataset/img/train_t2_0300.png|ges ee   e  ee  e us ee  e  eee  ee eeeee eeeeee
/data3fast/users/mbermudez/de_03/TFGDataset/img/train_t2_0949.png|geeeee n e eeeeee  eeee  eeee eeeee eeeeeee
/data3fast/users/mbermudez/de_03/TFGDataset/img/train_t2_0655_0.png|eeseeeeee ee ee      ee  e  ee   e  ee  eeeeee
/data3fast/users/mbermudez/de_03/TFGDataset/img/train_t2_0413_1.png|ae der  ee   er                            ee ee
/data3fast/users/mbermudez/de_03/TFGDataset/img/train_t2_1168.png|ann       e  er  ee                  e   eee  eee
/data3fast/users/mbermudez/de_03/TFGDataset/img/train_t2_1249_2.png|dad der ee                             ee       eeeeee
/data3fast/users/mbermudez/de_03/TFGDataset/img/train_t2_1401_0.png|geeee eee  ee ee     e    e   eee  ee e eee ee
/data3fast/users/mbermudez/de_03/TFGDataset/img/train_t2_1208_2.png|wen eeeeeee  e eeenee  eeee  eee eeeeeen ee
/data3fast/users/mbermudez/de_03/TFGDataset/img/train_t2_1023.png|ge eee e  eeeeN eeer eee ee   ee ee  eeeeeeeee
/data3fast/users/mbermudez/de_03/TFGDataset/img/train_t2_0766_1.png|aus ee    e  n  e  e e  e    e   e  eeendeN
/data3fast/users/mbermudez/de_03/TFGDataset/img/train_t2_1015_2.png|ees ee ee    ee   n                     dee eedee
/data3fast/users/mbermudez/de_03/TFGDataset/img/train_t2_1250_0.png|anne ee ee  eee  e ee  e     e     ee   eee eeeee
/data3fast/users/mbermudez/de_03/TFGDataset/img/train_t2_1406_2.png|der  eee      e                e  e    er eeeee
/data3fast/users/mbermudez/de_03/TFGDataset/img/train_t2_0280_0.png|gee ee n   ee   e         ee  ee  e    er eeee
/data3fast/users/mbermudez/de_03/TFGDataset/img/train_t2_0755.png|aus ee  ee  en ee n e    e  ee eee   eeer eeeee
/data3fast/users/mbermudez/de_03/TFGDataset/img/train_t2_0225_2.png|geseee   e n   e   dee  ee ee    e  ee eeeeeeeeN
/data3fast/users/mbermudez/de_03/TFGDataset/img/train_t2_0440_1.png|dee ee  e  n ee  en ee     eee  ee eeee
/data3fast/users/mbermudez/de_03/TFGDataset/img/train_t2_0270_0.png|# der eee eeeeee  ee  ee eee
/data3fast/users/mbermudez/de_03/TFGDataset/img/train_t2_1385_0.png|aus ee   ee       er      er  e e   e    e  eeeee ee
/data3fast/users/mbermudez/de_03/TFGDataset/img/train_t2_1022.png|der ee  ee eN der en  e    der ee  ee  eee
/data3fast/users/mbermudez/de_03/TFGDataset/img/train_t2_0161_1.png|aun  e                    nd der e            ee
/data3fast/users/mbermudez/de_03/TFGDataset/img/train_t2_0303_0.png|andee ee  eeeN eee  der eeer e    e  ee eee eeee
/data3fast/users/mbermudez/de_03/TFGDataset/img/train_t2_0763_2.png|aun  e  e    e     er ee  er ee er  ee eeeee
/data3fast/users/mbermudez/de_03/TFGDataset/img/train_t2_1081_1.png|geseee ee  n eee   ee   ee eee  e  ee eeeeeeeeer
/data3fast/users/mbermudez/de_03/TFGDataset/img/train_t2_0580_1.png|eee eeeee eheN deeen eeee   ee eee eeeeeeeeee
/data3fast/users/mbermudez/de_03/TFGDataset/img/train_t2_0112_1.png|ded e  ee    ee     ee  e       er   e      e    ee
/data3fast/users/mbermudez/de_03/TFGDataset/img/train_t2_1158_1.png|aun  ee ee  he   e ee   ee ee  eun    eeeee eeeeeer
/data3fast/users/mbermudez/de_03/TFGDataset/img/train_t2_0334_1.png|gee eee  eenee  een  e  ee ee  eheN ee  eee een
/data3fast/users/mbermudez/de_03/TFGDataset/img/train_t2_1190_0.png|ee ee eee  ee  e  e ee  e  e   ee  ee  ee eeeeee
/data3fast/users/mbermudez/de_03/TFGDataset/img/train_t2_0662_1.png|dee eeeeeeeer eee  ee  ee erseeeer eeeeeeeeee
/data3fast/users/mbermudez/de_03/TFGDataset/img/train_t2_1352.png|der  ee  e          auf   nd der                 er e
/data3fast/users/mbermudez/de_03/TFGDataset/img/train_t2_0095_0.png|aes ee eeen ee e  eeeee  een  eeeeee eeeeeeee
/data3fast/users/mbermudez/de_03/TFGDataset/img/train_t2_0782_0.png|seeeeeee  ee ee eee eee  eeer eee eeee eee eeeee
/data3fast/users/mbermudez/de_03/TFGDataset/img/train_t2_1274_0.png|geeeeeee ee eeeee eeeeeee eeee eeeeeeeeeeeeeeeee
/data3fast/users/mbermudez/de_03/TFGDataset/img/train_t2_0519_0.png|der   ee  es  eee     e    ee  e  een eeeeee
/data3fast/users/mbermudez/de_03/TFGDataset/img/train_t2_0838_1.png|aae  ee  e e    e                    eeee ee
/data3fast/users/mbermudez/de_03/TFGDataset/img/train_t2_0019_2.png|geheeee  eeer eee eee eee eeN  ee eeeeeeee
/data3fast/users/mbermudez/de_03/TFGDataset/img/train_t2_1337.png|geeen ee   eee  ee  e   e eee eee eeee eeeee
/data3fast/users/mbermudez/de_03/TFGDataset/img/train_t2_1313_2.png|ans ee    n ee e  ee        ee    e ee  ee eeeee
/data3fast/users/mbermudez/de_03/TFGDataset/img/train_t2_1374.png|aue  eee een ee eee  e ee  n ee  eeeeeeeeeee
/data3fast/users/mbermudez/de_03/TFGDataset/img/train_t2_1174_1.png|aun  e    n    n                     e   eeeeee
/data3fast/users/mbermudez/de_03/TFGDataset/img/train_t2_0345.png|aaheee   e e       e       uf       n     e  e  ee eeeee
/data3fast/users/mbermudez/de_03/TFGDataset/img/train_t2_0822_2.png|aus eN auf  e     e         ee    e n ee eeee
/data3fast/users/mbermudez/de_03/TFGDataset/img/train_t2_0608_2.png|aue e      ee               de              ee ee
/data3fast/users/mbermudez/de_03/TFGDataset/img/train_t2_1239_0.png|een  e   ee ee  der ee      ee   ee e  eee
/data3fast/users/mbermudez/de_03/TFGDataset/img/train_t2_1349_0.png|ees e ee   t                     e  ee       ee eeeNe
/data3fast/users/mbermudez/de_03/TFGDataset/img/train_t2_1398_2.png|dee eeeeeeeee   eee eee  ee eee eee  eeeeeeeeeeee
/data3fast/users/mbermudez/de_03/TFGDataset/img/train_t2_0024_0.png|der eeee   ee   e      ee   e  ee ee eer eeee
/data3fast/users/mbermudez/de_03/TFGDataset/img/train_t2_1127_2.png|der eee   e  e  n  e  n        e h ee er eeeee
/data3fast/users/mbermudez/de_03/TFGDataset/img/train_t2_1135_0.png|geeeee  eee  e  ee    e  e    e  e  eeeeee
/data3fast/users/mbermudez/de_03/TFGDataset/img/train_t2_1222_2.png|geseee  e   ee  n  ee  e  e  ee eer eenee en eee
/data3fast/users/mbermudez/de_03/TFGDataset/img/train_t2_0784_0.png|der der                d e       er   e     ee e
/data3fast/users/mbermudez/de_03/TFGDataset/img/train_t2_0592_2.png|dee eee  ee   e e       e    e e  e e  der e ee ende
/data3fast/users/mbermudez/de_03/TFGDataset/img/train_t2_0899_0.png|der eee e  ee       eeheN        n  e   ee er 
/data3fast/users/mbermudez/de_03/TFGDataset/img/train_t2_1403_1.png|des ee  e           e  e         e         e eeeee
/data3fast/users/mbermudez/de_03/TFGDataset/img/train_t2_1156.png|ees ee  ee                        dee h e   eee
/data3fast/users/mbermudez/de_03/TFGDataset/img/train_t2_0501.png|geseee  ee ee  eeee  e eee ee   eee eeeeeeeeee
/data3fast/users/mbermudez/de_03/TFGDataset/img/train_t2_0023.png|ger eeeee eee  eer ee e      e   nd e n ee  eeeeeeN der
/data3fast/users/mbermudez/de_03/TFGDataset/img/train_t2_0312_1.png|der eeee ee e een ee   ee  ee  ee e  eeee  eeeeeeeN
/data3fast/users/mbermudez/de_03/TFGDataset/img/train_t2_0175.png|ger eeeeeee ee  n ee eeN eer eee   ee ee eeee
/data3fast/users/mbermudez/de_03/TFGDataset/img/train_t2_1020_2.png|# der ee   ee  ee     e
/data3fast/users/mbermudez/de_03/TFGDataset/img/train_t2_1151_2.png|# dee   e    ee e. . .e.
/data3fast/users/mbermudez/de_03/TFGDataset/img/train_t2_1130.png|ger eeee e e ee   e  e  e     e  n ee n ee eeee
/data3fast/users/mbermudez/de_03/TFGDataset/img/train_t2_0344_0.png|aue   e u              nd e e e  ne  dee ee
/data3fast/users/mbermudez/de_03/TFGDataset/img/train_t2_0063_2.png|de der eee  e  e                  nd der eeeee
/data3fast/users/mbermudez/de_03/TFGDataset/img/train_t2_1269_2.png|dee eee  eee eee  eee  e ee  ee    ee ee eeeee e eee
/data3fast/users/mbermudez/de_03/TFGDataset/img/train_t2_0435_0.png|ees eee ee  ee e  e    n    ee     ee  e  e e  ee e
/data3fast/users/mbermudez/de_03/TFGDataset/img/train_t2_0607_1.png|seee ee eN der  ee  ee n ee   e  eee eee eeee
/data3fast/users/mbermudez/de_03/TFGDataset/img/train_t2_0731_1.png|ger eee hee     ee  eeen e    ee   eee eee eeN
/data3fast/users/mbermudez/de_03/TFGDataset/img/train_t2_0236_0.png|aus  ee  eee ee  e  e  er  e    ee der eeeeeee
/data3fast/users/mbermudez/de_03/TFGDataset/img/train_t2_0001.png|ger eee  ee ee  e  e  ee  ee  ee  h ee  ee eeN
/data3fast/users/mbermudez/de_03/TFGDataset/img/train_t2_1116_2.png|der eee  e   e    e    n   e   ee heN
/data3fast/users/mbermudez/de_03/TFGDataset/img/train_t2_0494.png|dee ee  ee  eee  e ee  ee ee
/data3fast/users/mbermudez/de_03/TFGDataset/img/train_t2_0329.png|dee eee ee   e  e ee  ee       e ee  ee  ee heN der
/data3fast/users/mbermudez/de_03/TFGDataset/img/train_t2_0431_0.png|ane  ee er      e   e   e       e e  eeeeee
/data3fast/users/mbermudez/de_03/TFGDataset/img/train_t2_0612_2.png|aus eee er eee ee  ee   eee  ee eee eeeeeeeeeee
/data3fast/users/mbermudez/de_03/TFGDataset/img/train_t2_1154.png|geeee een e   ee   ee ee  e  eee
/data3fast/users/mbermudez/de_03/TFGDataset/img/train_t2_0976_1.png|aus e    ee                       der  e  e ee eee
/data3fast/users/mbermudez/de_03/TFGDataset/img/train_t2_1065_2.png|ause   e  ee  ee    e  n  eee     ee  eeeeeeeN
/data3fast/users/mbermudez/de_03/TFGDataset/img/train_t2_0119_0.png|ehee ee  ee       n          n       e er ee
/data3fast/users/mbermudez/de_03/TFGDataset/img/train_t2_0019_1.png|de  ee  ee  ee  e ee e ee  ee  e   ee   eee  eeee
/data3fast/users/mbermudez/de_03/TFGDataset/img/train_t2_0955_1.png|aersee  e ee  eee  ee ee ee    ee  ee eeendeN
/data3fast/users/mbermudez/de_03/TFGDataset/img/train_t2_0779.png|ain  ee  e  e  eee ee ee    en  eeen ee eeeeeeee
/data3fast/users/mbermudez/de_03/TFGDataset/img/train_t2_0964_0.png|eer eee en ee ee  ee  ee  ee  e     eeeeeeeeeeee
/data3fast/users/mbermudez/de_03/TFGDataset/img/train_t2_0560.png|geeee  e e     e   e  e       der e dee eeeeeee
/data3fast/users/mbermudez/de_03/TFGDataset/img/train_t2_0715_2.png|aat     e    e  e nd eer e   n      der eee ee
/data3fast/users/mbermudez/de_03/TFGDataset/img/train_t2_0894.png|gnd eeeee eeee  ee ee eN der ee  ee eeeee eeeeee
/data3fast/users/mbermudez/de_03/TFGDataset/img/train_t2_0075_0.png|geeee ee eN ee  e  e   e  ee ee ee
/data3fast/users/mbermudez/de_03/TFGDataset/img/train_t2_0258_2.png|gesee ee  ee  ee  e  eee    en eeeeeN eeeee eee
/data3fast/users/mbermudez/de_03/TFGDataset/img/train_t2_0459_0.png|a e  ee  ee   e    eeee       eee  ee eeen eee
/data3fast/users/mbermudez/de_03/TFGDataset/img/train_t2_0087_2.png|der ee   u        n   er           erdeu  der e  eee
/data3fast/users/mbermudez/de_03/TFGDataset/img/train_t2_0410.png|dedee eeeee ee   eers eN ee  e    ee  eee eee eeeen
/data3fast/users/mbermudez/de_03/TFGDataset/img/train_t2_0786_2.png|aon  ee en ee ee  e ee  e  e  ee  eer eeeeeeeee
/data3fast/users/mbermudez/de_03/TFGDataset/img/train_t2_0391.png|ger ee  eee  e   end eer ee  e  e eee  e ee eeee
/data3fast/users/mbermudez/de_03/TFGDataset/img/train_t2_1305.png|der ee  ee  e        e  ee  eee    e  ee er eeeee
/data3fast/users/mbermudez/de_03/TFGDataset/img/train_t2_1251_2.png|gee ee ee  e  e       ee   e    ee   ee eeee
/data3fast/users/mbermudez/de_03/TFGDataset/img/train_t2_0751_1.png|dee ee eee  een e  ee     ee e  ee  e  eeee eeeeeeeeee
/data3fast/users/mbermudez/de_03/TFGDataset/img/train_t2_0308_0.png|der eee ee  ee ee  ee     in   e  e       e ee eeeeeee
/data3fast/users/mbermudez/de_03/TFGDataset/img/train_t2_1350_2.png|gee ee  e                                 e  eeeee
/data3fast/users/mbermudez/de_03/TFGDataset/img/train_t2_0792_1.png|aun  ee   e  eer eee       e  e    e ee eee
/data3fast/users/mbermudez/de_03/TFGDataset/img/train_t2_1363_1.png|aud der ee  e  e  e      ein         e  ee  e  eee
/data3fast/users/mbermudez/de_03/TFGDataset/img/train_t2_0648_1.png|aun  e   e  e           nd der  ee   e   ee eeee
/data3fast/users/mbermudez/de_03/TFGDataset/img/train_t2_0674_2.png|ee ee ee  ee e eee  ee ee  ee  ee  eee eeeeeeee
/data3fast/users/mbermudez/de_03/TFGDataset/img/train_t2_1262_1.png|aus ee  e   e   e   e eee  ee  e  e ee eeeeeee
/data3fast/users/mbermudez/de_03/TFGDataset/img/train_t2_0448_0.png|ger eee  ee ee  e   e  e ee ee eee  ee  eeeeeeee
/data3fast/users/mbermudez/de_03/TFGDataset/img/train_t2_0799.png|geeeee eeeeeee ee eee  en eee  ee eee eee eeeeeeeee
/data3fast/users/mbermudez/de_03/TFGDataset/img/train_t2_0872_1.png|geeee  ee e ee ee   ee  e    e    ee  ee  eeeeeee
/data3fast/users/mbermudez/de_03/TFGDataset/img/train_t2_0347.png|der eeeee  ee  eee  e   er  ee          ee eeeee
/data3fast/users/mbermudez/de_03/TFGDataset/img/train_t2_0579_0.png|ans eee eeee e eeeee ee  e eeee eeeeee
/data3fast/users/mbermudez/de_03/TFGDataset/img/train_t2_0177_0.png|ges eee   ee            n             e  ee eeeee
/data3fast/users/mbermudez/de_03/TFGDataset/img/train_t2_0556_2.png|aesee  ee  e   e  e  e   e   ee   ee  ee  ee  eee
/data3fast/users/mbermudez/de_03/TFGDataset/img/train_t2_0888_2.png|aus  e        uf            uf  e n     er eeee
/data3fast/users/mbermudez/de_03/TFGDataset/img/train_t2_0824_2.png|ie eee  eeeeeNer  ee  ee  ee  eeN ie eee een ee eeee
/data3fast/users/mbermudez/de_03/TFGDataset/img/train_t2_0315_0.png|ded der eee een  ee   ee   e  eer deN ee eee eee eee
/data3fast/users/mbermudez/de_03/TFGDataset/img/train_t2_0456_2.png|ger eee ee eee dee er  eeee   ee   eee eeN ee
/data3fast/users/mbermudez/de_03/TFGDataset/img/train_t2_0286_1.png|#es ee      e  e e  e      eeee
/data3fast/users/mbermudez/de_03/TFGDataset/img/train_t2_1436_1.png|gee e  ee  ee  ee   e   e        e ee  en ee ee
/data3fast/users/mbermudez/de_03/TFGDataset/img/train_t2_1168_0.png|aund der eee e e e er        e h   ee  e een ee
/data3fast/users/mbermudez/de_03/TFGDataset/img/train_t2_0139_1.png|aus  ee  e     der eN  in   er  eee    eer  ee
/data3fast/users/mbermudez/de_03/TFGDataset/img/train_t2_0027_0.png|ges ee     eee   n           t n  ee  eeee
/data3fast/users/mbermudez/de_03/TFGDataset/img/train_t2_1330_1.png|ger eeeee  ee  e n  e  e       ee n ee  ee ee ee
/data3fast/users/mbermudez/de_03/TFGDataset/img/train_t2_0724_2.png|ees eee  ee  eee n       e ee   een ee  e  er eeee
/data3fast/users/mbermudez/de_03/TFGDataset/img/train_t2_0903.png|geeeeee ee eer ee  eN eee eeer ee ee eeeeN 
/data3fast/users/mbermudez/de_03/TFGDataset/img/train_t2_0071_2.png|and ee  ee ee  eendh dee    er  deh ee  eeeerdeN dee
/data3fast/users/mbermudez/de_03/TFGDataset/img/train_t2_0626_1.png|dee  ee  ee n  ee   der ee   e n        eee  e eee
/data3fast/users/mbermudez/de_03/TFGDataset/img/train_t2_1210_1.png|aes ee  ee  ee e   nd ee   e eeee e    ee enee ee
/data3fast/users/mbermudez/de_03/TFGDataset/img/train_t2_0571_0.png|gee eee eeeen  eeee eee ee eer eeenee een eersee
/data3fast/users/mbermudez/de_03/TFGDataset/img/train_t2_1147_1.png|geeeeen  end eer ee          ee e     eeeeee
/data3fast/users/mbermudez/de_03/TFGDataset/img/train_t2_0591.png|ans ee eeeee      ee   n    e       i  eeee eee e
/data3fast/users/mbermudez/de_03/TFGDataset/img/train_t2_0886_2.png|aus  ee eeer eeee    eeee   ee e  heNee eee ee
/data3fast/users/mbermudez/de_03/TFGDataset/img/train_t2_0973_2.png|see eehee   ee ee  e  eer eeeen e   e eee eeeeee
/data3fast/users/mbermudez/de_03/TFGDataset/img/train_t2_0775_2.png|der en ee t    ee  e     ee    ee  een eeeeee
/data3fast/users/mbermudez/de_03/TFGDataset/img/train_t2_1268_0.png|dee  en eend d   e  e  nd   e  e   dee  ee  eee
/data3fast/users/mbermudez/de_03/TFGDataset/img/train_t2_1038_0.png|aas  ee ee ee n  e   e  eee   e    ee  ee   e eeeeee
/data3fast/users/mbermudez/de_03/TFGDataset/img/train_t2_1360_1.png|ges eeee eee eeeeeee  eeeee eeee eeeeeeeeeeeee
/data3fast/users/mbermudez/de_03/TFGDataset/img/train_t2_1176_2.png|geseeeee e eeeeee ee een ee eene ee eeeeeeeeee
/data3fast/users/mbermudez/de_03/TFGDataset/img/train_t2_1043.png|ger eeer en ee ee  e     e  e  ee  ee eeeeeeeeeee
/data3fast/users/mbermudez/de_03/TFGDataset/img/train_t2_1464_0.png|dee e der ee    ee    eer eee      een e   ee  eeeeee
/data3fast/users/mbermudez/de_03/TFGDataset/img/train_t2_1078_2.png|geseeen ee ee eN . . . ee  e
/data3fast/users/mbermudez/de_03/TFGDataset/img/train_t2_0816_2.png|ded e he  ch     e    eee ee  e
/data3fast/users/mbermudez/de_03/TFGDataset/img/train_t2_0138_0.png|aes een  eer ee  e      e   ee ee   eee eeeeeee
/data3fast/users/mbermudez/de_03/TFGDataset/img/train_t2_1474_1.png|aun  er   nd e                 ee  de  ee
/data3fast/users/mbermudez/de_03/TFGDataset/img/train_t2_1189_0.png|ges e eeeeee  er ee eeen ee ee eeen eeeee
/data3fast/users/mbermudez/de_03/TFGDataset/img/train_t2_1069_1.png|der eeeeeeeeee eehee  ee ee eeee  eeeee een eeeeee
/data3fast/users/mbermudez/de_03/TFGDataset/img/train_t2_0929.png|dereN e   e    ee  ee   e          ee    en  e eeee
/data3fast/users/mbermudez/de_03/TFGDataset/img/train_t2_0554_2.png|deree der ee  ee n     e e   e       ee e  eeeeeee
/data3fast/users/mbermudez/de_03/TFGDataset/img/train_t2_1294_0.png|aufee  e       ee             e    ee  ee nee een
/data3fast/users/mbermudez/de_03/TFGDataset/img/train_t2_0468.png|aunheN and e e eeer  ee        e    ee  eeeee
/data3fast/users/mbermudez/de_03/TFGDataset/img/train_t2_0522_2.png|gesneeN der  eeN hee           e  e  e   eee ee
/data3fast/users/mbermudez/de_03/TFGDataset/img/train_t2_0016_0.png|eeeeen e   ee ee  e    ee ee e
/data3fast/users/mbermudez/de_03/TFGDataset/img/train_t2_0448_1.png|ges eee eee      eN ee           e  ee  eeeeeeeee
/data3fast/users/mbermudez/de_03/TFGDataset/img/train_t2_1260.png|aus  er ee    e   e ee  ee  ee  eee  eeeeeee
/data3fast/users/mbermudez/de_03/TFGDataset/img/train_t2_0338_0.png|ges een  e   e een e  e  ee  eeeee eeeeeeee
/data3fast/users/mbermudez/de_03/TFGDataset/img/train_t2_0196_0.png|and  nd e                   e      e   ee e
/data3fast/users/mbermudez/de_03/TFGDataset/img/train_t2_1439_0.png|gee eeee e  ee eeer ee   e   e      eeee eeeee
/data3fast/users/mbermudez/de_03/TFGDataset/img/train_t2_1224.png|aneeeee eee eeeen eee eee eeee ee eeeeeeeeeeee
/data3fast/users/mbermudez/de_03/TFGDataset/img/train_t2_0613_1.png|dee ee ee eeee eheN der eee ee    ee  ee e dee eee
/data3fast/users/mbermudez/de_03/TFGDataset/img/train_t2_0001_1.png|der end eee ee eee    e    ee    e  ee e  ee
/data3fast/users/mbermudez/de_03/TFGDataset/img/train_t2_0299.png|anseend ee  ee  e ee  e         ee    e  e eeeeeeN
/data3fast/users/mbermudez/de_03/TFGDataset/img/train_t2_0958.png|der  ee e  n  e     e                ee  e eeeN e
/data3fast/users/mbermudez/de_03/TFGDataset/img/train_t2_1369_2.png|geeee  ee  n  e e ee  ee       ee   ee  ee eeeee
/data3fast/users/mbermudez/de_03/TFGDataset/img/train_t2_1441_1.png|eeeeeee eee en e  ee  ee e  ee     eeee  eeeeeNeN
/data3fast/users/mbermudez/de_03/TFGDataset/img/train_t2_0562_1.png|ant ee ee              e    e  e e
/data3fast/users/mbermudez/de_03/TFGDataset/img/train_t2_0273_0.png|aus  e    ee d e                   ee  ee eee ee
/data3fast/users/mbermudez/de_03/TFGDataset/img/train_t2_1324_0.png|ande  e     eer                   ee    ee eedee
/data3fast/users/mbermudez/de_03/TFGDataset/img/train_t2_0507_0.png|gesee  ee   eee  e    e  e  ee ee   ee  eeeee eee
/data3fast/users/mbermudez/de_03/TFGDataset/img/train_t2_1302_2.png|gee eee eee  he      e    ee  e    e ee  eeeeee
/data3fast/users/mbermudez/de_03/TFGDataset/img/train_t2_0491_2.png|aun  ee     eee                e   eee eeeee
/data3fast/users/mbermudez/de_03/TFGDataset/img/train_t2_0988_1.png|aus ee   ee e ee   ee  eeee
/data3fast/users/mbermudez/de_03/TFGDataset/img/train_t2_0384_2.png|der eee ee  en  e                en eee eee
/data3fast/users/mbermudez/de_03/TFGDataset/img/train_t2_0685_1.png|ee eeeeee  eeee ee  eee  e  eeeeeendeN
/data3fast/users/mbermudez/de_03/TFGDataset/img/train_t2_1387_1.png|ger eee  ee eee e  e              n  e  eeee ee
/data3fast/users/mbermudez/de_03/TFGDataset/img/train_t2_1125_0.png|geeeeeeee eee eee  ee ee   e  ee ee eee eeeee ee
/data3fast/users/mbermudez/de_03/TFGDataset/img/train_t2_0948_2.png|der eee   e  ee  e  ee           e e   eeeeeeee 
/data3fast/users/mbermudez/de_03/TFGDataset/img/train_t2_1011_1.png|der eee    e  e      ee  e
/data3fast/users/mbermudez/de_03/TFGDataset/img/train_t2_1222.png|eer eeee  ee  ee  e    ee  e  ee   ee  eeeee
/data3fast/users/mbermudez/de_03/TFGDataset/img/train_t2_0419_2.png|der eeeeeeeeee  eeee nee eeeeeeeeeeeeeee
/data3fast/users/mbermudez/de_03/TFGDataset/img/train_t2_1264.png|der eee  e  ee  e   eer  ee  heN aun   e  een eeeee
/data3fast/users/mbermudez/de_03/TFGDataset/img/train_t2_0583_1.png|aun  ee  e  ee er ee ee      e    e   e  eeeeeeeee
/data3fast/users/mbermudez/de_03/TFGDataset/img/train_t2_1230_2.png|aan  ee  ee  e   e  en  e eee eee eee eeeeeeee
/data3fast/users/mbermudez/de_03/TFGDataset/img/train_t2_0534.png|der ee   e       e   n   er e ee    e  ee eee
/data3fast/users/mbermudez/de_03/TFGDataset/img/train_t2_1259_1.png|# dee      e       e ee  e  
/data3fast/users/mbermudez/de_03/TFGDataset/img/train_t2_0385_2.png|ger eeeee ee e   ee  e  e ee n  ee ee eeeeeeeN 
/data3fast/users/mbermudez/de_03/TFGDataset/img/train_t2_1100.png|ane  e   e      e     dereN  in               ee  eee
/data3fast/users/mbermudez/de_03/TFGDataset/img/train_t2_0096_1.png|der   e              nd d ee           ee  e
/data3fast/users/mbermudez/de_03/TFGDataset/img/train_t2_0715.png|aasseN auf               ee  n  e           e  eeeee
/data3fast/users/mbermudez/de_03/TFGDataset/img/train_t2_0494_1.png|des ee   ee eeeee   eee eee
/data3fast/users/mbermudez/de_03/TFGDataset/img/train_t2_0467_2.png|aun   ee      eer e    ee e  e          eeeee
/data3fast/users/mbermudez/de_03/TFGDataset/img/train_t2_0376_1.png|aus ee  ee  ee   e  eee  ee eheN  e  ee  eeee eeee
/data3fast/users/mbermudez/de_03/TFGDataset/img/train_t2_1133_1.png|sehe    e  ee     e  ee    eeer ee  ee ee eeheN
/data3fast/users/mbermudez/de_03/TFGDataset/img/train_t2_0361.png|der der ee     ee  eeee ee
/data3fast/users/mbermudez/de_03/TFGDataset/img/train_t2_0788_1.png|gee e eh e       n     der               ee  ee
/data3fast/users/mbermudez/de_03/TFGDataset/img/train_t2_1101_2.png|der  de der      erd en             e  der der
/data3fast/users/mbermudez/de_03/TFGDataset/img/train_t2_0232_1.png|eereeeend der eee eeee  eeee  e  ee eee eeeeeee
/data3fast/users/mbermudez/de_03/TFGDataset/img/train_t2_0361_1.png|ges e eee e e  e  eee ee
/data3fast/users/mbermudez/de_03/TFGDataset/img/train_t2_1371_0.png|der eint e       er   n  e          e       ee ee 
/data3fast/users/mbermudez/de_03/TFGDataset/img/train_t2_0454_1.png|ee eee e    ee         der e   e  e e e  ee e eeeee
/data3fast/users/mbermudez/de_03/TFGDataset/img/train_t2_0531_2.png|dee  eeeeeee  ee  eee ee ee  eee  ee ee  eeeeeee
/data3fast/users/mbermudez/de_03/TFGDataset/img/train_t2_1263_1.png|aun h       e  e  e    der ee  e  ee   ee  eee eeee
/data3fast/users/mbermudez/de_03/TFGDataset/img/train_t2_0532_0.png|aun  eee ee eee eeee  n  eee  e e eee eeeeeeee
/data3fast/users/mbermudez/de_03/TFGDataset/img/train_t2_0179_1.png|geeeee eeee eeee ee  ee ee  eee  eeeee eeeeee
/data3fast/users/mbermudez/de_03/TFGDataset/img/train_t2_0937_0.png|der  een ee   e          e        eee ee 
/data3fast/users/mbermudez/de_03/TFGDataset/img/train_t2_1233_0.png|ans eN       e      e e  e  e
/data3fast/users/mbermudez/de_03/TFGDataset/img/train_t2_1053_2.png|ded e eee ee ee  e  e  eee  ee  e   eeeeeeee
/data3fast/users/mbermudez/de_03/TFGDataset/img/train_t2_0359_1.png|des eee eee ee ee eee  ee    ee  eeee e
/data3fast/users/mbermudez/de_03/TFGDataset/img/train_t2_0750_0.png|aus  ee ee ee  e  ee      e  e      ee  ee eeee
/data3fast/users/mbermudez/de_03/TFGDataset/img/train_t2_0498_1.png|ait e                                     e  ee e
/data3fast/users/mbermudez/de_03/TFGDataset/img/train_t2_0431.png|ger eeeee      der ee der e e nd der ee  eN ee
/data3fast/users/mbermudez/de_03/TFGDataset/img/train_t2_0547_1.png|geeeeeeee  e  e        ee  ee n h ee   e ee eeeeeeN
/data3fast/users/mbermudez/de_03/TFGDataset/img/train_t2_0581_1.png|der eeen  ee  n e    eir       e der eee er ee
/data3fast/users/mbermudez/de_03/TFGDataset/img/train_t2_1228_0.png|ges eeeee ee     e   ee  en eeheee   ee   eee
/data3fast/users/mbermudez/de_03/TFGDataset/img/train_t2_0511_2.png|gesee   ee           nf ee ee  eer eeeeeeeee
/data3fast/users/mbermudez/de_03/TFGDataset/img/train_t2_1299_0.png|geeee   eee e     e eeee eee eer ee ee   er eeeeheN
/data3fast/users/mbermudez/de_03/TFGDataset/img/train_t2_1186.png|der eeee  ee  e    e  ndeNnd eee ee  ee   dee eeeeeeee
/data3fast/users/mbermudez/de_03/TFGDataset/img/train_t2_0635_1.png|ees ee  ee  e e      nee  e     n  e     eN eee ee
/data3fast/users/mbermudez/de_03/TFGDataset/img/train_t2_1323_0.png|gereeee ee    h      e     e    er       e  eee
/data3fast/users/mbermudez/de_03/TFGDataset/img/train_t2_0935_2.png|ges eee ee  eehe   e eee e e eeN ee  e  eer ee
/data3fast/users/mbermudez/de_03/TFGDataset/img/train_t2_1311_2.png|ges eeeee ee  ee  ee h e   e  erer eeeeeeee e
/data3fast/users/mbermudez/de_03/TFGDataset/img/train_t2_0043_1.png|der eee eee eeee  ee n  ee ee eeeN ee  ee eee eeee
/data3fast/users/mbermudez/de_03/TFGDataset/img/train_t2_0808_2.png|geeee end ee  er eee   ee ee eer eee eeeeeeeeeeeee
/data3fast/users/mbermudez/de_03/TFGDataset/img/train_t2_0669_2.png|der eee ee  ee ee     nd e dereen ee  ee eN 
/data3fast/users/mbermudez/de_03/TFGDataset/img/train_t2_0440_2.png|dee ee ee  ee nee  eeN der eeeee eee ee ee
/data3fast/users/mbermudez/de_03/TFGDataset/img/train_t2_0922_0.png|dee eeee eee eee ee eu ee ee ee eN  ee ee eeeeeeee
/data3fast/users/mbermudez/de_03/TFGDataset/img/train_t2_1115_2.png|ger eeer ee  e   eee    ee er eeee ee  e eend
/data3fast/users/mbermudez/de_03/TFGDataset/img/train_t2_0079_1.png|dee eer e ee  dee e  ee   e e e   e ee   eend ee
/data3fast/users/mbermudez/de_03/TFGDataset/img/train_t2_0268_1.png|aus  n    e   e     n e      er      e  eN en ee
/data3fast/users/mbermudez/de_03/TFGDataset/img/train_t2_0613_2.png|dee ee eeeee ee h eee e    e eN der eeeeeeeeeeN
/data3fast/users/mbermudez/de_03/TFGDataset/img/train_t2_0129_0.png|# dee  eeee eee ee eee ee eee
/data3fast/users/mbermudez/de_03/TFGDataset/img/train_t2_0044_1.png|ger ee e n   ie e  ee             e  e eer
/data3fast/users/mbermudez/de_03/TFGDataset/img/train_t2_0462_0.png|der eeer hee       n       n  der ee   eer  eehe
/data3fast/users/mbermudez/de_03/TFGDataset/img/train_t2_0329_2.png|aes eee       e   e er e     er e           eee 
/data3fast/users/mbermudez/de_03/TFGDataset/img/train_t2_0753_0.png|anseeeee eee  een eeer eeeeeen eeeeeeeeeneeeeee
/data3fast/users/mbermudez/de_03/TFGDataset/img/train_t2_0542_0.png|der eed eh    eend ee  ee   der ee  e   e en e eeee
/data3fast/users/mbermudez/de_03/TFGDataset/img/train_t2_0840_1.png|and eer end e eeeN er ee    e ee  ee  eeee eee
/data3fast/users/mbermudez/de_03/TFGDataset/img/train_t2_1105_0.png|wie eeeeen eee  ee ee ee  e eee eeeeee  e eer eee
/data3fast/users/mbermudez/de_03/TFGDataset/img/train_t2_0360_0.png|aas eeuf e    e n            e        eeer  eie
/data3fast/users/mbermudez/de_03/TFGDataset/img/train_t2_0233_1.png|ee een eeheN ee   e  ee  e  eie     ee  ee  eee
/data3fast/users/mbermudez/de_03/TFGDataset/img/train_t2_1104.png|ans e er  ee       nd   e    h e     e  n  er
/data3fast/users/mbermudez/de_03/TFGDataset/img/train_t2_0351.png|ges e deeee   eed eer ee   e er  ee   e  eeee
/data3fast/users/mbermudez/de_03/TFGDataset/img/train_t2_1487_0.png|der eeee eee   een e  e  ee   ee  ee  eee eeeeeee
/data3fast/users/mbermudez/de_03/TFGDataset/img/train_t2_0744_2.png|der  ee           er         n                 n  eeee
/data3fast/users/mbermudez/de_03/TFGDataset/img/train_t2_1313_1.png|aun  ee  e  e    ee     e   e  e  eeee eeee eerse
/data3fast/users/mbermudez/de_03/TFGDataset/img/train_t2_0868_2.png|aun  ee    ee e     e e    eh    e  n eee eeeeee
/data3fast/users/mbermudez/de_03/TFGDataset/img/train_t2_1132_2.png|gesee  e  e       e  e        ee   e  eeeeedee
/data3fast/users/mbermudez/de_03/TFGDataset/img/train_t2_0877_1.png|aund der  e  e    un        nh       d eee eeer
/data3fast/users/mbermudez/de_03/TFGDataset/img/train_t2_0451_0.png|dee eee ee  e e    ee   e   e  e  eein  ee eeeNe
/data3fast/users/mbermudez/de_03/TFGDataset/img/train_t2_0958_2.png|der eee ee  ee ee  ee  ee  eh  ee e  ee eeeeeeN de
/data3fast/users/mbermudez/de_03/TFGDataset/img/train_t2_1342.png|aun  ee  e   e   ee   e     e e  ee ee ee eeeeeeee
/data3fast/users/mbermudez/de_03/TFGDataset/img/train_t2_0929_2.png|der e  ee         dee  e  e he         e  eee e
/data3fast/users/mbermudez/de_03/TFGDataset/img/train_t2_0653_1.png|aus ee ee  ee  ee  eee  ee  e eee eeeeeeeee
/data3fast/users/mbermudez/de_03/TFGDataset/img/train_t2_0222_1.png|geeee ee  ee  e   eeee   eeeeeN eee   eee eee e ee
/data3fast/users/mbermudez/de_03/TFGDataset/img/train_t2_1400_2.png|der eeee ee ee  eee  e  eeeeeee e
/data3fast/users/mbermudez/de_03/TFGDataset/img/train_t2_1076_2.png|ger eee   ee         e  e    n      deN der eee ee
/data3fast/users/mbermudez/de_03/TFGDataset/img/train_t2_1404_0.png|aun  ee  e   e    nd e e  e n e      e ee eeeeee
/data3fast/users/mbermudez/de_03/TFGDataset/img/train_t2_0955.png|ges ee ee  ee  eee  ee ee  ee eee ee ee eeeeee
/data3fast/users/mbermudez/de_03/TFGDataset/img/train_t2_0936_0.png|aud der ee  e     heN  ee       e  ee ee  eeeeee
/data3fast/users/mbermudez/de_03/TFGDataset/img/train_t2_1105_1.png|ges eee  ee  ee  ee  eer  ee  e heN    ee  eeeeeee
/data3fast/users/mbermudez/de_03/TFGDataset/img/train_t2_0478.png|ges eeeeee eee  eeee eee e  e  e eee eee  eeeeee
/data3fast/users/mbermudez/de_03/TFGDataset/img/train_t2_1489.png|ger ee      ee    n  e        n  e     ee ee ee
/data3fast/users/mbermudez/de_03/TFGDataset/img/train_t2_0820.png|geeeeeeeee e eee e eeeee  eeeene ee ee eeeeeeen
/data3fast/users/mbermudez/de_03/TFGDataset/img/train_t2_0845_2.png|eeeeee ee   ee   eee  er eee  e n eeeeeeee
/data3fast/users/mbermudez/de_03/TFGDataset/img/train_t2_0117_1.png|gee ee  e    ein en  ee      ee  e          eeee
/data3fast/users/mbermudez/de_03/TFGDataset/img/train_t2_0592_0.png|aun  e   ee  e    n e   ee  e e   e  ee  eeee
/data3fast/users/mbermudez/de_03/TFGDataset/img/train_t2_0540_2.png|# der e e   ee    ee 
/data3fast/users/mbermudez/de_03/TFGDataset/img/train_t2_0584_0.png|der eee ee  heN  eee  e  e  e eeeN der
/data3fast/users/mbermudez/de_03/TFGDataset/img/train_t2_0512_1.png|aun  der  e  dee  er   dee   e deN der eeeeee
/data3fast/users/mbermudez/de_03/TFGDataset/img/train_t2_0846_1.png|geseeee eee  e ee  eee ee  ee  e ee ee eeeeeeenee
/data3fast/users/mbermudez/de_03/TFGDataset/img/train_t2_0023_2.png|gereeee ee  eN der  eee   ee  e eee eee  eeeeeeeeen
/data3fast/users/mbermudez/de_03/TFGDataset/img/train_t2_1045_2.png|aus  e      er    n    an       e     e eeee
/data3fast/users/mbermudez/de_03/TFGDataset/img/train_t2_1359_1.png|dee eee  ee  ee  eee eee  e  e ee  e   ee  eeen
/data3fast/users/mbermudez/de_03/TFGDataset/img/train_t2_0168_2.png|aun   e          e en           n  e    eeeee
/data3fast/users/mbermudez/de_03/TFGDataset/img/train_t2_1138.png|andee eeeee eeee eN eee  eeee ee  ee ee eeeeendeN eee
/data3fast/users/mbermudez/de_03/TFGDataset/img/train_t2_1130_1.png|geeeeee     e  n  een  ee  ee     e  eee eeeee
/data3fast/users/mbermudez/de_03/TFGDataset/img/train_t2_1466.png|aus ee   n  e        ee    er  ee  e eeeeeeeen
/data3fast/users/mbermudez/de_03/TFGDataset/img/train_t2_0567_2.png|gee ee           n         n        e      eeehe
/data3fast/users/mbermudez/de_03/TFGDataset/img/train_t2_0737_2.png|dee eeee e  e  e h en      er ee   en ee eee
/data3fast/users/mbermudez/de_03/TFGDataset/img/train_t2_0395_1.png|der ee e  e e  d d e   e     ded e    e    e   deN eedeN
/data3fast/users/mbermudez/de_03/TFGDataset/img/train_t2_0284_1.png|dndee eee eee ee ee  e ee   der eee n ee eeeeer
/data3fast/users/mbermudez/de_03/TFGDataset/img/train_t2_0594_1.png|gee ee  eee  e   n  n ee   i e  e    eee eeeee
/data3fast/users/mbermudez/de_03/TFGDataset/img/train_t2_0345_0.png|ache  e  e  ee   e  h     eud e ee  e eee eee der
/data3fast/users/mbermudez/de_03/TFGDataset/img/train_t2_0160_1.png|ges ee  eee      n  er     n        ee e deN
/data3fast/users/mbermudez/de_03/TFGDataset/img/train_t2_1307_2.png|dhee  e   eee  eN ee ee    ce        dee ee e dee
/data3fast/users/mbermudez/de_03/TFGDataset/img/train_t2_1329.png|gee eee  hee  eeNn e eee  e  ee  ee ee eeeee
/data3fast/users/mbermudez/de_03/TFGDataset/img/train_t2_0095.png|weeeeeeeeee eee  neeeeee  enheN ein eeeeeeeee
/data3fast/users/mbermudez/de_03/TFGDataset/img/train_t2_1205_2.png|eer ee  eeee eee n e  eee  eer  eeeeheN eeeeeee
/data3fast/users/mbermudez/de_03/TFGDataset/img/train_t2_0952_2.png|aee ee  e e   eee eee    e  e e  e  ee  ee  eneee
/data3fast/users/mbermudez/de_03/TFGDataset/img/train_t2_0618_0.png|aan ee    ee   n   en e    ee e  ee ee  ee  eee
/data3fast/users/mbermudez/de_03/TFGDataset/img/train_t2_0565.png|aee     er ee       nd der h  n           h e   e
/data3fast/users/mbermudez/de_03/TFGDataset/img/train_t2_1273.png|ghee   en e     e    e     er n      e     e eeee
/data3fast/users/mbermudez/de_03/TFGDataset/img/train_t2_0406_2.png|we ee  e  ee  e     n       eeh ee  heN eeee
/data3fast/users/mbermudez/de_03/TFGDataset/img/train_t2_1229_1.png|geeee eeend eee ee  ee  ee  eeh dee eee een ee
/data3fast/users/mbermudez/de_03/TFGDataset/img/train_t2_1252_1.png|der eeee ee   e  ee ee ee  ee n   ee  eee  eee eeeeeeee
/data3fast/users/mbermudez/de_03/TFGDataset/img/train_t2_1256_0.png|geeeeee e ee  eee  eee e eee   eee eeee eeeN
/data3fast/users/mbermudez/de_03/TFGDataset/img/train_t2_1435_1.png|gie   e         e   n     e    n ee er ee
/data3fast/users/mbermudez/de_03/TFGDataset/img/train_t2_1179_1.png|aas  e     ee      e e      ded      ee  e eeeeee
/data3fast/users/mbermudez/de_03/TFGDataset/img/train_t2_1256_2.png|gnee eeen ee  ee  eeee   eeee  ein   eeeeeer eeeeN
/data3fast/users/mbermudez/de_03/TFGDataset/img/train_t2_0600.png|gneee   e e    e    n       e er ee   eeeee
/data3fast/users/mbermudez/de_03/TFGDataset/img/train_t2_0263_0.png|ain ee  eee  ee ee  nd eee ee    eeee eeeeeN ee
/data3fast/users/mbermudez/de_03/TFGDataset/img/train_t2_1233.png|ger eee  ee   e  e  ee ee  ee eee
/data3fast/users/mbermudez/de_03/TFGDataset/img/train_t2_0935_0.png|gee ee  e      e     e     n  ee   eh eee  eeee
/data3fast/users/mbermudez/de_03/TFGDataset/img/train_t2_0158.png|aauf ee eN der  e  e ee  ee   ee     der eeN ee
/data3fast/users/mbermudez/de_03/TFGDataset/img/train_t2_0123_2.png|and e e ee                  eeeeee eeeee
/data3fast/users/mbermudez/de_03/TFGDataset/img/train_t2_0048_1.png|and der e ee  e  e   ee    e   e    heN deeee
/data3fast/users/mbermudez/de_03/TFGDataset/img/train_t2_0637_2.png|aus ee  ee  u ee ee  eeen e  eer ee  e  ee n  eeeee
/data3fast/users/mbermudez/de_03/TFGDataset/img/train_t2_0928.png|der ee  ee  eer  e   e           e   e eee n eee
/data3fast/users/mbermudez/de_03/TFGDataset/img/train_t2_1140_1.png|deer ee ee e   ee  e ee ee    n ee  eeeeeeee
/data3fast/users/mbermudez/de_03/TFGDataset/img/train_t2_0251_1.png|der eee e  eee  e    e      e ee ee ee  ee  eeeeeee
/data3fast/users/mbermudez/de_03/TFGDataset/img/train_t2_0795_2.png|au  ee  e     e   e           n ee  der ee n ee
/data3fast/users/mbermudez/de_03/TFGDataset/img/train_t2_0622_1.png|geeee ee    ee          n     nd der  ee  en ee ee
/data3fast/users/mbermudez/de_03/TFGDataset/img/train_t2_1194_0.png|ges ee ee  e n  ee      n      ee  h e   ee eeeeee
/data3fast/users/mbermudez/de_03/TFGDataset/img/train_t2_1312_1.png|geeeeee eee eeee eeeeee  eee eee ee eeeeee
/data3fast/users/mbermudez/de_03/TFGDataset/img/train_t2_0288.png|gee eee eee n eee eee eeee ee eee eee eeeeeeeeee
/data3fast/users/mbermudez/de_03/TFGDataset/img/train_t2_1334_2.png|dend der eee e              e    ee ee  eeeeee
/data3fast/users/mbermudez/de_03/TFGDataset/img/train_t2_1106_1.png|ane  e      er  e  e    e          n e  ee  eeee
/data3fast/users/mbermudez/de_03/TFGDataset/img/train_t2_0198.png|dee  e       N der  e   ee         n    e  heN auf ee
/data3fast/users/mbermudez/de_03/TFGDataset/img/train_t2_0260_1.png|dee  e  e    n        e        der         ee
/data3fast/users/mbermudez/de_03/TFGDataset/img/train_t2_1251_0.png|dee eeeee   nheN  e             e    e  ee  ee
/data3fast/users/mbermudez/de_03/TFGDataset/img/train_t2_1368_1.png|geeeee  ee een e  ee    eN eee e   e eeeee
/data3fast/users/mbermudez/de_03/TFGDataset/img/train_t2_0258_0.png|ger eee  ee   ee  e   ee ee  eee ee eeeeeeeeN
/data3fast/users/mbermudez/de_03/TFGDataset/img/train_t2_0204_1.png|# der ee    ee    e   eee
/data3fast/users/mbermudez/de_03/TFGDataset/img/train_t2_1369.png|ger ee  e ee  ee  e       eer ee  ee  ee eeeee
/data3fast/users/mbermudez/de_03/TFGDataset/img/train_t2_0857_2.png|der ee  e     e    ee      n     e    e  ee eee
/data3fast/users/mbermudez/de_03/TFGDataset/img/train_t2_1328.png|der der ee      e  e       n h e      n e  ee der
/data3fast/users/mbermudez/de_03/TFGDataset/img/train_t2_0795.png|ges eee  e  e     e  ee  e  ee     e     eeeenee
/data3fast/users/mbermudez/de_03/TFGDataset/img/train_t2_1344_1.png|der der ee                 er         nd der ee
/data3fast/users/mbermudez/de_03/TFGDataset/img/train_t2_1321_0.png|deee eee ee ee  ee  ee  e  een  ee ee n  eeeeer eeeee
/data3fast/users/mbermudez/de_03/TFGDataset/img/train_t2_0522.png|eeeeee ee ee ee  e  e    e er eee ee  ee eeeee
/data3fast/users/mbermudez/de_03/TFGDataset/img/train_t2_1047.png|ger eee e ee  ee  ee  e   ene eee  ee er eeeeee
/data3fast/users/mbermudez/de_03/TFGDataset/img/train_t2_0128.png|ges e  e         e   ee     e    ee   n ee  eer eee
/data3fast/users/mbermudez/de_03/TFGDataset/img/train_t2_0571_2.png|eee eeeeee  ee eee ee  ee e eee eeeeeeeeeeeee
/data3fast/users/mbermudez/de_03/TFGDataset/img/train_t2_0394_0.png|gesee  e  ee  ee  e        er eee   ee ee eeeeee
/data3fast/users/mbermudez/de_03/TFGDataset/img/train_t2_0176_1.png|and ee   e      e     e  ee eee   e   ee eeeee e
/data3fast/users/mbermudez/de_03/TFGDataset/img/train_t2_1392.png|gere  ee  e  ee   ee  eee  er
/data3fast/users/mbermudez/de_03/TFGDataset/img/train_t2_0080_2.png|ausd der ee                d der  ee en eee 
/data3fast/users/mbermudez/de_03/TFGDataset/img/train_t2_0917_1.png|# de  e ee   ee  e  e
/data3fast/users/mbermudez/de_03/TFGDataset/img/train_t2_1118_2.png|aahe     e e nd n        anee        er  eeee
/data3fast/users/mbermudez/de_03/TFGDataset/img/train_t2_0032.png|aus ee       er n e      e e        eeeeeee
/data3fast/users/mbermudez/de_03/TFGDataset/img/train_t2_0509_0.png|seeee ee eee  eee ee  ee  ene  ee  eeer eeeeeeeee
/data3fast/users/mbermudez/de_03/TFGDataset/img/train_t2_0752_1.png|gedee ee ein e  n  ee   ee  ee  ee  ee  ee eeeee
/data3fast/users/mbermudez/de_03/TFGDataset/img/train_t2_1283_1.png|au  e   nd dee e            die                 eeeeeee
/data3fast/users/mbermudez/de_03/TFGDataset/img/train_t2_1491_2.png|wie ee eee eeee  eee ee  eeer eeee eee eeeee
/data3fast/users/mbermudez/de_03/TFGDataset/img/train_t2_0311_0.png|aus ee  e e     er ee   eee ee  ee  e dee ee
/data3fast/users/mbermudez/de_03/TFGDataset/img/train_t2_0422_0.png|ge eee eee e e  e  e    der ee  ee    eee eeee
/data3fast/users/mbermudez/de_03/TFGDataset/img/train_t2_0999_1.png|geeeeeeeeeer ee ee ee    ee eee e  ee eee eeeeeee
/data3fast/users/mbermudez/de_03/TFGDataset/img/train_t2_0746_1.png|geseeee   n   ee  ee  e  eeee     ee  ee eeeeeeee
/data3fast/users/mbermudez/de_03/TFGDataset/img/train_t2_0242_1.png|gee  e    er e  e       ee heN     e h e     ee  ee
/data3fast/users/mbermudez/de_03/TFGDataset/img/train_t2_1223_0.png|aus  e       n  er          der               der 
/data3fast/users/mbermudez/de_03/TFGDataset/img/train_t2_0614_2.png|dee ee  e  e  e e  e  e eee ein  ee e eee ee eeeeee
/data3fast/users/mbermudez/de_03/TFGDataset/img/train_t2_0111_1.png|au eee en eN n eer ee eee   ee  eee  eeeee
/data3fast/users/mbermudez/de_03/TFGDataset/img/train_t2_0732_0.png|deeeeeeen eN eeee ee eee eeeeeeeeeeee ee
/data3fast/users/mbermudez/de_03/TFGDataset/img/train_t2_0782_1.png|dee eee  eeeeee e eee eeee er eeeeee  eeeeeeee
/data3fast/users/mbermudez/de_03/TFGDataset/img/train_t2_0428_0.png|and eeN der eee  ee n  ee er ee  eeeeeeee
/data3fast/users/mbermudez/de_03/TFGDataset/img/train_t2_1084_0.png|auf eer ee  ee   ee  ee  e e   ee e   e  eeeeee
/data3fast/users/mbermudez/de_03/TFGDataset/img/train_t2_0832_0.png|der eer ee            nd en  e er  e   e  eee eee
/data3fast/users/mbermudez/de_03/TFGDataset/img/train_t2_0216_0.png|dee en e  ee   e e    er eee ee   e eee eee dee
/data3fast/users/mbermudez/de_03/TFGDataset/img/train_t2_0587_0.png|der ehe          e   ne  e  e  ee      eeeeeee
/data3fast/users/mbermudez/de_03/TFGDataset/img/train_t2_0683_0.png|anee  ee ee ee    ee   e n  ee nd der eeeeeeee
/data3fast/users/mbermudez/de_03/TFGDataset/img/train_t2_1322_1.png|and e ee   e    er  e nd N e   d der e e  eee eee
/data3fast/users/mbermudez/de_03/TFGDataset/img/train_t2_0858_1.png|dee eee e    e   ee       N der eee ee eee
/data3fast/users/mbermudez/de_03/TFGDataset/img/train_t2_0655.png|iee eeee  e  e  e       en ee   ee  ee eeeeeeee
/data3fast/users/mbermudez/de_03/TFGDataset/img/train_t2_0229_1.png|geseeeN een ee  ee      eee  e n e   ee  eeh eee e
/data3fast/users/mbermudez/de_03/TFGDataset/img/train_t2_0302_2.png|ger eeee  ee  ee   e e eenee   ee  eee eeeeee
/data3fast/users/mbermudez/de_03/TFGDataset/img/train_t2_0361_0.png|# eee ee e  ee ee  ee.eN 
/data3fast/users/mbermudez/de_03/TFGDataset/img/train_t2_0862.png|aus   eee       n  eee    n     e   eeee  eeee
/data3fast/users/mbermudez/de_03/TFGDataset/img/train_t2_1116_0.png|der eer  ee     n  en  e ee  e  e    ee  eeeN
/data3fast/users/mbermudez/de_03/TFGDataset/img/train_t2_0982.png|der eee ee  e    ee  e   nh     ee  e  eee h eee eeeee
/data3fast/users/mbermudez/de_03/TFGDataset/img/train_t2_1110_0.png|aus ee         eer eus ee eN ee  e  ee eee ee
/data3fast/users/mbermudez/de_03/TFGDataset/img/train_t2_0348_1.png|auch an        n              n e        e ee e
/data3fast/users/mbermudez/de_03/TFGDataset/img/train_t2_1338_1.png|ger eeeeeee eee eeeee  ee  ee e  eeeee eeeee
/data3fast/users/mbermudez/de_03/TFGDataset/img/train_t2_1247.png|geseeN eeeee eee  ee eeeeee een eeeeeeeeeeeee
/data3fast/users/mbermudez/de_03/TFGDataset/img/train_t2_0723_0.png|ded r ee  e  e  e                   een eeee
/data3fast/users/mbermudez/de_03/TFGDataset/img/train_t2_1077_0.png|dee eeeee ee eehee  eee  ee een eeee e eeeeeeee
/data3fast/users/mbermudez/de_03/TFGDataset/img/train_t2_1244_1.png|win   e         e       e     h e   ee eee ee
/data3fast/users/mbermudez/de_03/TFGDataset/img/train_t2_0243_1.png|aas eN an  e   n   e  e  e  e        e e  eeeeeee
/data3fast/users/mbermudez/de_03/TFGDataset/img/train_t2_1315_0.png|and eeeee ee  en eeee  eeee ee eee eee eeeeeeeeee
/data3fast/users/mbermudez/de_03/TFGDataset/img/train_t2_0279.png|der  eee  ee   in              e     eer eee ee
/data3fast/users/mbermudez/de_03/TFGDataset/img/train_t2_0319_0.png|eee ee  ee  ee er ee  e     ee  ee  eend eeeeeeeeee
/data3fast/users/mbermudez/de_03/TFGDataset/img/train_t2_1433_0.png|geseeee ee ee  ee  e  ee  e  eee eeeee eee eeeeee
/data3fast/users/mbermudez/de_03/TFGDataset/img/train_t2_0239_1.png|ges ndeN ees ee  ee  ee  eee  ee
/data3fast/users/mbermudez/de_03/TFGDataset/img/train_t2_0318.png|dee                                   er ee eee
/data3fast/users/mbermudez/de_03/TFGDataset/img/train_t2_0031_1.png|ges eee  ee e   der  ee  ee     ee ee e eeee
/data3fast/users/mbermudez/de_03/TFGDataset/img/train_t2_0342_1.png|ger ee    e   en e  e  e      ee   e  e  ee ee
/data3fast/users/mbermudez/de_03/TFGDataset/img/train_t2_0754_0.png|der eeee ee e    ee  e   ee  ee ee  een eeeee
/data3fast/users/mbermudez/de_03/TFGDataset/img/train_t2_1113_1.png|geeeeee ee ee ee ee e  ee  eer eee  er een
/data3fast/users/mbermudez/de_03/TFGDataset/img/train_t2_1418_1.png|eeseeee  ee  e  eee ee  eee e  e
/data3fast/users/mbermudez/de_03/TFGDataset/img/train_t2_0040.png|geeeeee  ee  ee  eee  ee n eee eee  eree
/data3fast/users/mbermudez/de_03/TFGDataset/img/train_t2_0470.png|ges e e   e       e      ee  ee
/data3fast/users/mbermudez/de_03/TFGDataset/img/train_t2_0512.png|aas  ee                  d dndeN der ee  ee e  e der
/data3fast/users/mbermudez/de_03/TFGDataset/img/train_t2_0910_1.png|aus  er  ee               e n      en  ee der
/data3fast/users/mbermudez/de_03/TFGDataset/img/train_t2_0624.png|der endeN dee ee  der  ee  ee   e   ee  eeeeeeeee
/data3fast/users/mbermudez/de_03/TFGDataset/img/train_t2_1412_2.png|der   e          er     e ee         e   e      er
/data3fast/users/mbermudez/de_03/TFGDataset/img/train_t2_1358.png|gee ee  ee       er ee       e   e   der eN ee
/data3fast/users/mbermudez/de_03/TFGDataset/img/train_t2_1000.png|geseeee ee  e  een  ee  e ee ee   eeee eeer eeeeee
/data3fast/users/mbermudez/de_03/TFGDataset/img/train_t2_0060_2.png|der endeN ein  een        der ee          eee eee
/data3fast/users/mbermudez/de_03/TFGDataset/img/train_t2_0787.png|ger eee e   ee           er nd e e ee    ndeN ee
/data3fast/users/mbermudez/de_03/TFGDataset/img/train_t2_0987_2.png|#edee e e   ee  eee ee  ee
/data3fast/users/mbermudez/de_03/TFGDataset/img/train_t2_0285_1.png|auss           e  e       e n e      ee  ee ee
/data3fast/users/mbermudez/de_03/TFGDataset/img/train_t2_0946.png|aun e der  e     nd der   e         ch eeee ee
/data3fast/users/mbermudez/de_03/TFGDataset/img/train_t2_0733_0.png|deeheN eee ee eeeer eee en e eeee  eheN eee eeeeee
/data3fast/users/mbermudez/de_03/TFGDataset/img/train_t2_0165_1.png|geee eee eee eenh  n e         e e  ee eeeeeeeee
/data3fast/users/mbermudez/de_03/TFGDataset/img/train_t2_1486_2.png|eee eee ee eee heN  ee      er  eee ee  eeeeeeee
/data3fast/users/mbermudez/de_03/TFGDataset/img/train_t2_1396_1.png|ger eee  e ee   ee           er  e       e  ee eeee
/data3fast/users/mbermudez/de_03/TFGDataset/img/train_t2_0619_1.png|der  ee          e           e                 eeeeN 
/data3fast/users/mbermudez/de_03/TFGDataset/img/train_t2_0272.png|aan  e         ee   e        er  e       ee  ene
/data3fast/users/mbermudez/de_03/TFGDataset/img/train_t2_1443_0.png|auf ee  ee eeee eee eee  ee en ee eee eeeeeeeee
/data3fast/users/mbermudez/de_03/TFGDataset/img/train_t2_0420_0.png|der eee        heN eN  nd   ee         e e  eeer
/data3fast/users/mbermudez/de_03/TFGDataset/img/train_t2_1353.png|win  ee     e  en    e       der ee  ee  eeeeedee
/data3fast/users/mbermudez/de_03/TFGDataset/img/train_t2_0735_2.png|der eeee  n ee eeeeee eee eeeee
/data3fast/users/mbermudez/de_03/TFGDataset/img/train_t2_0866_0.png|aus ee  ee ee    een          eee e  eeeeeeee
/data3fast/users/mbermudez/de_03/TFGDataset/img/train_t2_0879.png|ges eee  e  ee e ee ee    eeee   e  eeeee eee
/data3fast/users/mbermudez/de_03/TFGDataset/img/train_t2_0061_1.png|andee          n e e         er eee  eee
/data3fast/users/mbermudez/de_03/TFGDataset/img/train_t2_1398_1.png|der eeeee e eee eeeee eee eeel ee eeeeeeeeeeeee
/data3fast/users/mbermudez/de_03/TFGDataset/img/train_t2_0260_0.png|ger ee    e    ee   an      er             ee
/data3fast/users/mbermudez/de_03/TFGDataset/img/train_t2_0879_0.png|dee ee ee    e e ee ee    eeeN  ee ee   ee eeee
/data3fast/users/mbermudez/de_03/TFGDataset/img/train_t2_1170_1.png|ges ee  ee ee   der ee  ee    e  ee  ee  eeeeee
/data3fast/users/mbermudez/de_03/TFGDataset/img/train_t2_0336_1.png|eeee ee   e n  dee  ee              e e n  ee eeee
/data3fast/users/mbermudez/de_03/TFGDataset/img/train_t2_0023_1.png|gee eeeee  e e e    ee  e  e    ee er eeeeeeeeeeceN
/data3fast/users/mbermudez/de_03/TFGDataset/img/train_t2_0699_2.png|dehee e ee  ee  e e  der  e    ee   eee  der eeee
/data3fast/users/mbermudez/de_03/TFGDataset/img/train_t2_0523.png|geeeeeeeeeeeeeeee eee ee eeeee eee eN eeneeeeeee
/data3fast/users/mbermudez/de_03/TFGDataset/img/train_t2_0576_2.png|gee ee   ee  eer een              end dee eee
/data3fast/users/mbermudez/de_03/TFGDataset/img/train_t2_0383.png|aue  ee  e   e  e enh      e  e  e n  eendeN der eee
/data3fast/users/mbermudez/de_03/TFGDataset/img/train_t2_1003_2.png|dee  eee e   d ee ehee e   e    ee   eee dee eee den
/data3fast/users/mbermudez/de_03/TFGDataset/img/train_t2_0542.png|dee ee  e  en ee  eee   e  e  ee   ee  e  eeeeeeee
/data3fast/users/mbermudez/de_03/TFGDataset/img/train_t2_0583_2.png|aun  ee       e  e  uf e     e e  eee eeersee
/data3fast/users/mbermudez/de_03/TFGDataset/img/train_t2_0714_1.png|geneee ee  e nf eer eee e  e  e eee eeee eeeee
/data3fast/users/mbermudez/de_03/TFGDataset/img/train_t2_0237_1.png|des ee ee  eeee  eeeeN . ...  e
/data3fast/users/mbermudez/de_03/TFGDataset/img/train_t2_1220_0.png|see  ee       nd  dnd der  e       d der ee  e eee
/data3fast/users/mbermudez/de_03/TFGDataset/img/train_t2_0943_0.png|au            dee  n   e    e  e    ee eeee
/data3fast/users/mbermudez/de_03/TFGDataset/img/train_t2_0964_1.png|aeseee ee  en e   eee  ee  ee  eee  eee  eeeeeeeee
/data3fast/users/mbermudez/de_03/TFGDataset/img/train_t2_0762.png|geeeee  eee n  ee  ee ee  eeee eeeeee eee
/data3fast/users/mbermudez/de_03/TFGDataset/img/train_t2_1015.png|ae  ee       ee  e  h de              e     der 
/data3fast/users/mbermudez/de_03/TFGDataset/img/train_t2_0225_0.png|ger eeee een  ee   eee    ee eee  eee eeeeeeee
/data3fast/users/mbermudez/de_03/TFGDataset/img/train_t2_1357.png|aus  ee  e  der    ee  ee         e    en   eeeeeer
/data3fast/users/mbermudez/de_03/TFGDataset/img/train_t2_0122_1.png|aun  ee ee   ee  e ee eee eee eeee eeeeeee
/data3fast/users/mbermudez/de_03/TFGDataset/img/train_t2_0712_1.png|see ee ee  er eee  een  e  ee  e  e  eeeeen ee
/data3fast/users/mbermudez/de_03/TFGDataset/img/train_t2_1455_2.png|aun  ee eee ee  een eer ee  ee  eee eee een e
/data3fast/users/mbermudez/de_03/TFGDataset/img/train_t2_0139.png|aun  ee     e         der ee            er edee
/data3fast/users/mbermudez/de_03/TFGDataset/img/train_t2_1214_0.png|aun  ee    e      n            e        n eeheN
/data3fast/users/mbermudez/de_03/TFGDataset/img/train_t2_0490_2.png|eee eee   en  e    e e                 eeen heN eer
/data3fast/users/mbermudez/de_03/TFGDataset/img/train_t2_0681.png|der eee eeeee  ee ch e   ee    ee eee eee   eeeeee
/data3fast/users/mbermudez/de_03/TFGDataset/img/train_t2_0641_0.png|ges ee  ee  ee  ee  eee ee    e  e   ee er eer een
/data3fast/users/mbermudez/de_03/TFGDataset/img/train_t2_0433_1.png|geree ee   er     nd der              eeeedee
/data3fast/users/mbermudez/de_03/TFGDataset/img/train_t2_0372_0.png|der eee    n e    n  e   e     e      eeeeeN 
/data3fast/users/mbermudez/de_03/TFGDataset/img/train_t2_0327_2.png|aun eeee  eeee eee  e eeeee eeeer eeeeeeeeeee
/data3fast/users/mbermudez/de_03/TFGDataset/img/train_t2_1380_2.png|der eee   e der ee    ee       n  ee   eer eer
/data3fast/users/mbermudez/de_03/TFGDataset/img/train_t2_0027_2.png|ger eee ee ee   e ee     e  e  n ee  eeee
/data3fast/users/mbermudez/de_03/TFGDataset/img/train_t2_0478_0.png|geseeeee  e eeeee  eeee ee    en  ee  eeeeer ee
/data3fast/users/mbermudez/de_03/TFGDataset/img/train_t2_0080_0.png|aund der  e              e  e     der eee
/data3fast/users/mbermudez/de_03/TFGDataset/img/train_t2_1101_0.png|dern ee                   d dee  und der
/data3fast/users/mbermudez/de_03/TFGDataset/img/train_t2_1217_1.png|aun ee   e  e             e e    er ee    e  e 
/data3fast/users/mbermudez/de_03/TFGDataset/img/train_t2_0479_2.png|gee ee   e       ee  e   h e e ee ee     eeeeee
/data3fast/users/mbermudez/de_03/TFGDataset/img/train_t2_1353_1.png|gesee  ee  e    e    e     e der nd eee eeeee der
/data3fast/users/mbermudez/de_03/TFGDataset/img/train_t2_0866.png|aun  ee  ee  ee  ee           ee  eeeeeeeeeee
/data3fast/users/mbermudez/de_03/TFGDataset/img/train_t2_0886_1.png|andhee  ee ee  ee ee  ee  e ee ee eee eeeeeeeeee
/data3fast/users/mbermudez/de_03/TFGDataset/img/train_t2_0367_0.png|aun dee  ee  e     ee      eerdeN eee ee  end eeeee
/data3fast/users/mbermudez/de_03/TFGDataset/img/train_t2_0314_1.png|and ee  e   e   e            der ch ee  eeee
/data3fast/users/mbermudez/de_03/TFGDataset/img/train_t2_0708_0.png|geeeeeeeeee eeeee   ee  e dn eee eee eeeeeeneee
/data3fast/users/mbermudez/de_03/TFGDataset/img/train_t2_1061.png|dee  eee  ee  e            e    e ee       e nseee
/data3fast/users/mbermudez/de_03/TFGDataset/img/train_t2_0248_0.png|ger eee ee    ee  e  ee   eer ee ee  eeeeeeeeee
/data3fast/users/mbermudez/de_03/TFGDataset/img/train_t2_0734_0.png|aun  e                                  ee n  ee
/data3fast/users/mbermudez/de_03/TFGDataset/img/train_t2_0783_1.png|geeee ee ee   ee ee  e    ee   e n  eeeee eee
/data3fast/users/mbermudez/de_03/TFGDataset/img/train_t2_1497_2.png|win ee  eeeeee ee e ee een eN eeeer eeeeeeen eN
/data3fast/users/mbermudez/de_03/TFGDataset/img/train_t2_0209.png|dere ee     e            e  der  er  e     eendeN
/data3fast/users/mbermudez/de_03/TFGDataset/img/train_t2_0571.png|geeeeeeeeeeeee eeee eee ee  eeee  eeeee eeeeeeee
/data3fast/users/mbermudez/de_03/TFGDataset/img/train_t2_1297_0.png|auf                         e       dee  ee ee
/data3fast/users/mbermudez/de_03/TFGDataset/img/train_t2_0748.png|geeeeeeeeeeee eeeeeee eee  eeeeeee ee eeeeeeeeeee
/data3fast/users/mbermudez/de_03/TFGDataset/img/train_t2_0658_1.png|des eee ee   ee ee ee  e  n e e   enee  ee  eeeeeee
/data3fast/users/mbermudez/de_03/TFGDataset/img/train_t2_0062_0.png|an  ee    ee       ee            e  der ee  eeee
/data3fast/users/mbermudez/de_03/TFGDataset/img/train_t2_1100_2.png|ans ee             n      n        ee      e eee
/data3fast/users/mbermudez/de_03/TFGDataset/img/train_t2_0524.png|gereeee eeeee  eee eee eee ee  eeeeeeeee
/data3fast/users/mbermudez/de_03/TFGDataset/img/train_t2_0040_0.png|aus ee  eee  ee   eer ee  er ee  ee ee eeeee
/data3fast/users/mbermudez/de_03/TFGDataset/img/train_t2_0596_0.png|ges ee      e       e     n ee   ee eeeee
/data3fast/users/mbermudez/de_03/TFGDataset/img/train_t2_0076.png|dee eeeeee  ee   ee  e  e n       eh ee  eeeee
/data3fast/users/mbermudez/de_03/TFGDataset/img/train_t2_0166_2.png|ge  e               e                        eeee
/data3fast/users/mbermudez/de_03/TFGDataset/img/train_t2_0664_1.png|andee   e        e   e   eheN ee  e eeee
/data3fast/users/mbermudez/de_03/TFGDataset/img/train_t2_0010_2.png|ges eee  e  ee      der  en  e   e n   e  ee eee
/data3fast/users/mbermudez/de_03/TFGDataset/img/train_t2_1463_0.png|aun          e     er e   n         e e   
/data3fast/users/mbermudez/de_03/TFGDataset/img/train_t2_1027_0.png|der eee ee  ee  ee       e  ee  e   eee  eeeeeee
/data3fast/users/mbermudez/de_03/TFGDataset/img/train_t2_1369_0.png|der eee ee  ee     n e  e n e   ee  eee eeeeee
/data3fast/users/mbermudez/de_03/TFGDataset/img/train_t2_0203_1.png|der ee       nd deer ee  e         eersee  eee
/data3fast/users/mbermudez/de_03/TFGDataset/img/train_t2_0760_1.png|dnd eee ee eeheN  ee e  eee  n ee ee eeree
/data3fast/users/mbermudez/de_03/TFGDataset/img/train_t2_0621_1.png|geeee  ee  e         e       n  e ee enseee
/data3fast/users/mbermudez/de_03/TFGDataset/img/train_t2_0963_2.png|ge  e  e   e n  e n  e     e     e    n eee
/data3fast/users/mbermudez/de_03/TFGDataset/img/train_t2_0889_0.png|deee ee eeee ee  ee  e ee  ee eee ee ee eeeee
/data3fast/users/mbermudez/de_03/TFGDataset/img/train_t2_0550_2.png|dee   ee     e     ee               h        ee ee
/data3fast/users/mbermudez/de_03/TFGDataset/img/train_t2_0937.png|gee ee  ee eeer e n  e  ee  e  e ee n h N ee
/data3fast/users/mbermudez/de_03/TFGDataset/img/train_t2_0806_0.png|dedee eee eeeee eeee  e  ee e eeee  ee eeeeeeeeee
/data3fast/users/mbermudez/de_03/TFGDataset/img/train_t2_0251_0.png|der eeeee  ee  ee nee   ee  ee   ee heeN  en eeeeeeee
/data3fast/users/mbermudez/de_03/TFGDataset/img/train_t2_0181_0.png|gehee   ee  e  ee ee  e  ee   eee eeeree  eeeee
/data3fast/users/mbermudez/de_03/TFGDataset/img/train_t2_0405_1.png|eer ee eee ee  ee eeee  e  e  eeee  eeeeeee
/data3fast/users/mbermudez/de_03/TFGDataset/img/train_t2_1271_0.png|aas  e             e         n       e e  ee eee
/data3fast/users/mbermudez/de_03/TFGDataset/img/train_t2_0018_1.png|dee ee  e  e  e  ee  e    ee      ee     ee eee
/data3fast/users/mbermudez/de_03/TFGDataset/img/train_t2_0291_2.png|der ee            er          d der ers ee ee
/data3fast/users/mbermudez/de_03/TFGDataset/img/train_t2_0670_1.png|ae             e   e e       n  ee  eeee
/data3fast/users/mbermudez/de_03/TFGDataset/img/train_t2_1387.png|dee eeee   eee  e er ee  ee   ee    heee  eeeee
/data3fast/users/mbermudez/de_03/TFGDataset/img/train_t2_1391.png|der  ee   ee        e    ee  eund e    eeeer dee
/data3fast/users/mbermudez/de_03/TFGDataset/img/train_t2_0164_1.png|ger eee ee  ee e e ee eeeee  eee  ee
/data3fast/users/mbermudez/de_03/TFGDataset/img/train_t2_0087.png|der ee  ee                d  dnd duie       eeee
/data3fast/users/mbermudez/de_03/TFGDataset/img/train_t2_0601_2.png|ee eee  e    e  eN an       er     e n e  n
/data3fast/users/mbermudez/de_03/TFGDataset/img/train_t2_0575_2.png|aun  e       e  e  ee    e   eee eeee eeee
/data3fast/users/mbermudez/de_03/TFGDataset/img/train_t2_1054.png|dee ee  ee ee eeer ee   eeeeee e    ee  eeee eeee
/data3fast/users/mbermudez/de_03/TFGDataset/img/train_t2_1119_2.png|ger eee  ee  e  er ee  ee   ee    n ee eeeee e
/data3fast/users/mbermudez/de_03/TFGDataset/img/train_t2_0120_1.png|der eee  e  ee    e  e heN din  een e e  en ee eeeeeee
/data3fast/users/mbermudez/de_03/TFGDataset/img/train_t2_1171_0.png|aan  ee  ee  ee  ee  e   ee  e eee der eeeeeeeee
/data3fast/users/mbermudez/de_03/TFGDataset/img/train_t2_0492.png|gee eeeeeee ee eee  e eh ee  eeee n  eeeeeeeeeeeeee
/data3fast/users/mbermudez/de_03/TFGDataset/img/train_t2_0517_2.png|eeeeee  ee  ee eee ee  er eeeeer e eeeee eeeee
/data3fast/users/mbermudez/de_03/TFGDataset/img/train_t2_0379_2.png|ander       e   un           heN  eet e   ee 
/data3fast/users/mbermudez/de_03/TFGDataset/img/train_t2_0356_0.png|der       e                 h nd  n  e     ee  ee
/data3fast/users/mbermudez/de_03/TFGDataset/img/train_t2_0443_2.png|eeseeee eeeee ee eee ee eee e  eee eeee eeneee
/data3fast/users/mbermudez/de_03/TFGDataset/img/train_t2_0178_0.png|aas ee    ee     e  ee    e    e  nh e  ee eeee
/data3fast/users/mbermudez/de_03/TFGDataset/img/train_t2_1419_1.png|ges he                  hn  e ee  ne  e eeeeee
/data3fast/users/mbermudez/de_03/TFGDataset/img/train_t2_0091.png|aun eeer en  e  ee     n  eer ee ee   eeen
/data3fast/users/mbermudez/de_03/TFGDataset/img/train_t2_0909_1.png|ges eeer eeN eee  ee ee eers ee  ee ee  end dee ee
/data3fast/users/mbermudez/de_03/TFGDataset/img/train_t2_1273_1.png|ger e e         n       dnd der  e            eee
/data3fast/users/mbermudez/de_03/TFGDataset/img/train_t2_1344_2.png|der d der  e           n  dir     der der ee
/data3fast/users/mbermudez/de_03/TFGDataset/img/train_t2_0011.png|aun  u ee er  e eeN   en      ee     e  eeeeeee
/data3fast/users/mbermudez/de_03/TFGDataset/img/train_t2_1030_0.png|win  eer eeN  ee e    e dee ee   eee eeeeee
/data3fast/users/mbermudez/de_03/TFGDataset/img/train_t2_0934_0.png|der eee eeee ee e e  n n ee  ee  eeeeeeeee
/data3fast/users/mbermudez/de_03/TFGDataset/img/train_t2_1212_1.png|der eeee enee  endeN ee eeeee  eeee eeeee
/data3fast/users/mbermudez/de_03/TFGDataset/img/train_t2_1134_1.png|andeNn  ee ee  e e   n   e e  e     e  ee  e eeee
/data3fast/users/mbermudez/de_03/TFGDataset/img/train_t2_0878_1.png|gee enseeen  e  er ee eneeen e   eee   eeeN ee
/data3fast/users/mbermudez/de_03/TFGDataset/img/train_t2_1002_0.png|eeeeee eee  ee  e eeeee eer e  ee  ee eeecheN
/data3fast/users/mbermudez/de_03/TFGDataset/img/train_t2_0994_2.png|der eee eeee eee n  eer e e ee       e  eeN
/data3fast/users/mbermudez/de_03/TFGDataset/img/train_t2_1179_2.png|aus  ee     e   en   n  der der          nd der
/data3fast/users/mbermudez/de_03/TFGDataset/img/train_t2_0335_1.png|der e ee ee  ee   in  eer e eee  ee ee  ee eeee
/data3fast/users/mbermudez/de_03/TFGDataset/img/train_t2_1381_0.png|wer e         e  n   ern n e           e eee eee
/data3fast/users/mbermudez/de_03/TFGDataset/img/train_t2_1242_1.png|dee eeheN heN dee ee n eN hee  ee       e eeeeeee
/data3fast/users/mbermudez/de_03/TFGDataset/img/train_t2_0962_1.png|ans ee  eeer ee  ee n eN der eee e   ee ee eeee
/data3fast/users/mbermudez/de_03/TFGDataset/img/train_t2_0747.png|aun ee eeeee eeeee  een eee ee eeee eeeee
/data3fast/users/mbermudez/de_03/TFGDataset/img/train_t2_1390.png|dee e   e er ee   e   e   e   e         ee  eeeee
/data3fast/users/mbermudez/de_03/TFGDataset/img/train_t2_0799_2.png|eeeeeeeeeeee eee eee ee ee ee e  ee eeeeeeeeee
/data3fast/users/mbermudez/de_03/TFGDataset/img/train_t2_1076_1.png|ger eee ee ee  e   eenf e      ee  ee  eee eeeee
/data3fast/users/mbermudez/de_03/TFGDataset/img/train_t2_1000_1.png|ger eeee  n   he   eeee  ee e ee  e  ee ee eeeeee
/data3fast/users/mbermudez/de_03/TFGDataset/img/train_t2_0889.png|der eeeee e  ee ee  e er eeee  eeee  eeeee
/data3fast/users/mbermudez/de_03/TFGDataset/img/train_t2_0713_0.png|der ee  e ee  ee   eee...
/data3fast/users/mbermudez/de_03/TFGDataset/img/train_t2_0187.png|der eee   n   er  ee  ee                  ee eee
/data3fast/users/mbermudez/de_03/TFGDataset/img/train_t2_1331_2.png|au  ee  e  ee heN e n eN  e  e            e eeeeee
/data3fast/users/mbermudez/de_03/TFGDataset/img/train_t2_1090_1.png|see ee  ee eee ee  eeee     ee eeee
/data3fast/users/mbermudez/de_03/TFGDataset/img/train_t2_0428_1.png|gereeee  eeeeeee ee nh e e ee eeeeeee eeeee
/data3fast/users/mbermudez/de_03/TFGDataset/img/train_t2_0529_1.png|der eee    ee       n er                 eee
/data3fast/users/mbermudez/de_03/TFGDataset/img/train_t2_0397_2.png|aes ee    n  e dee   eee        e  eee  eeeee
/data3fast/users/mbermudez/de_03/TFGDataset/img/train_t2_0785.png|eee eee  e    d e   eee                 der eee
/data3fast/users/mbermudez/de_03/TFGDataset/img/train_t2_0151_1.png|aud e  e  n e  auf eer               ee  eee
/data3fast/users/mbermudez/de_03/TFGDataset/img/train_t2_0235_1.png|der eee  eN he      e    e  nd d e e  eeeee e
/data3fast/users/mbermudez/de_03/TFGDataset/img/train_t2_1118_1.png|der  ee   d nd     h e      nd dn  nd der  end dn
/data3fast/users/mbermudez/de_03/TFGDataset/img/train_t2_0401_1.png|geeeeeer e en  ee  e       e     e h   e    e
/data3fast/users/mbermudez/de_03/TFGDataset/img/train_t2_1055.png|eee ee eeeen ee  e n ee  e  ee hteNn ee
/data3fast/users/mbermudez/de_03/TFGDataset/img/train_t2_0508_1.png|geeeeeer ee eee eeeee ee ee  eeeeeeeeee
/data3fast/users/mbermudez/de_03/TFGDataset/img/train_t2_0151_0.png|aeee  e   ehe    eee   ee   h ee eeer eeeeeeer
/data3fast/users/mbermudez/de_03/TFGDataset/img/train_t2_0875_2.png|der e nd e  n  e  eee  e   e  eee  e eeeeeeen
/data3fast/users/mbermudez/de_03/TFGDataset/img/train_t2_1428_0.png|eeeee n en eer  e   een e ee een eeeN eer ee
/data3fast/users/mbermudez/de_03/TFGDataset/img/train_t2_0071_0.png|dnd des endeN der dheN dee  erd dee e   dee ndeN eee
/data3fast/users/mbermudez/de_03/TFGDataset/img/train_t2_1445_2.png|de eN der der      u            N d d der dee  ee
/data3fast/users/mbermudez/de_03/TFGDataset/img/train_t2_1054_1.png|gon  ee   enh      er ee  eeer e ee ee eeeee eeeee
/data3fast/users/mbermudez/de_03/TFGDataset/img/train_t2_0470_1.png|gee eeee eN n   e  e  e     ee eeN 
/data3fast/users/mbermudez/de_03/TFGDataset/img/train_t2_0453_2.png|and een ee   e     un           n  n  eeee
/data3fast/users/mbermudez/de_03/TFGDataset/img/train_t2_0501_1.png|geseeeee  eeh ee  e ee  e  eee e eee eeeeeee ee
/data3fast/users/mbermudez/de_03/TFGDataset/img/train_t2_0602.png|see een eeeree  ee n ee eee  eeeeN 
/data3fast/users/mbermudez/de_03/TFGDataset/img/train_t2_0768_1.png|geeee ns      e    e    e  eee ee
/data3fast/users/mbermudez/de_03/TFGDataset/img/train_t2_1327_2.png|eee  ee  ee            uf ee   er      eh e       ee ee
/data3fast/users/mbermudez/de_03/TFGDataset/img/train_t2_0344_1.png|aan  ee     er  e      nd der eeeeee eeeeeeeee
/data3fast/users/mbermudez/de_03/TFGDataset/img/train_t2_1139.png|aee ee ee  e ee ee  ee ee  ee  heNee eee eeeeeeeee
/data3fast/users/mbermudez/de_03/TFGDataset/img/train_t2_1297_2.png|aun  der   e der               n   eee ndeN de
/data3fast/users/mbermudez/de_03/TFGDataset/img/train_t2_1143.png|ges ee  ee    ee  ee  e ee  een eeee eeeee
/data3fast/users/mbermudez/de_03/TFGDataset/img/train_t2_1397.png|gee eeee ee  eee  ee  ehe   eeee en ee eee ee
/data3fast/users/mbermudez/de_03/TFGDataset/img/train_t2_0481.png|eee ee  ee  e   e      n e    n  e eee  eN 
/data3fast/users/mbermudez/de_03/TFGDataset/img/train_t2_1087_1.png|geeee  eee  ee e   e    eee  eeee n eeen eeee
/data3fast/users/mbermudez/de_03/TFGDataset/img/train_t2_1364_0.png|geeeeee  e  e  e    e  n ee  ee e ee  eeeeeeeee
/data3fast/users/mbermudez/de_03/TFGDataset/img/train_t2_0076_1.png|der eee eee   eeee ee  er eee e eed eeeeersee
/data3fast/users/mbermudez/de_03/TFGDataset/img/train_t2_0079.png|aan  ee   eee                  er  e   er  eeeee
/data3fast/users/mbermudez/de_03/TFGDataset/img/train_t2_1284_0.png|aan  e                 n      ee  er ee n ee
/data3fast/users/mbermudez/de_03/TFGDataset/img/train_t2_1417_2.png|ded e ee    er ee    e er      ee   e   e  ee e
/data3fast/users/mbermudez/de_03/TFGDataset/img/train_t2_0077_1.png|eer eee ee  n e        n      en  e  eenf
/data3fast/users/mbermudez/de_03/TFGDataset/img/train_t2_0179_0.png|aeee  eeee en  eee  ee  eee eeeee ee eee eeee
/data3fast/users/mbermudez/de_03/TFGDataset/img/train_t2_1141.png|aas         h                  u        nd eee
/data3fast/users/mbermudez/de_03/TFGDataset/img/train_t2_0696_0.png|and   ee   e  e   ee      d e     e   e  ee er
/data3fast/users/mbermudez/de_03/TFGDataset/img/train_t2_1094_0.png|geeeN der  h e    ee      n    d der ee  dedeN
/data3fast/users/mbermudez/de_03/TFGDataset/img/train_t2_0655_1.png|dernee ee  e      N  ee e    e    e  ee eeeeee
/data3fast/users/mbermudez/de_03/TFGDataset/img/train_t2_0372_2.png|der eee ee n ee   n  ee ee  ee  ee  eee eeeeeN
/data3fast/users/mbermudez/de_03/TFGDataset/img/train_t2_0131_2.png|anse ee  ee der eeee een eeee eee ee
/data3fast/users/mbermudez/de_03/TFGDataset/img/train_t2_1402.png|aun  ee  e n ee  n  ee n e eee  e  eee eeeeeeee
/data3fast/users/mbermudez/de_03/TFGDataset/img/train_t2_0455_0.png|auh     e  or     e    uf  e    e          nee
/data3fast/users/mbermudez/de_03/TFGDataset/img/train_t2_0274_1.png|der ee  e  nd der  e    dee    n e   e   eeeeN ee
/data3fast/users/mbermudez/de_03/TFGDataset/img/train_t2_1389_2.png|derer eee eee  e   n  ee   eee eN an e     
/data3fast/users/mbermudez/de_03/TFGDataset/img/train_t2_1338_0.png|eee eeeeee  ee  ee eee   eee eeeee eee eeeen
/data3fast/users/mbermudez/de_03/TFGDataset/img/train_t2_0084_1.png|geeeeeee  eeee  e   ee  ee eee e  ee  eeeeeeeeeee
/data3fast/users/mbermudez/de_03/TFGDataset/img/train_t2_0535_1.png|aus         der         e       e       e  nd ee
/data3fast/users/mbermudez/de_03/TFGDataset/img/train_t2_0605_1.png|and ee     ed dee er   nd e    ee ee  e  eededer
/data3fast/users/mbermudez/de_03/TFGDataset/img/train_t2_1261.png|deee eeeeeen ee ee eee nd eee eeN eeeeeeeeeee
/data3fast/users/mbermudez/de_03/TFGDataset/img/train_t2_0715_1.png|aas ee    e e  e  n     e    e er   eee  ee eN ee
/data3fast/users/mbermudez/de_03/TFGDataset/img/train_t2_0423_2.png|ans eee  ee  ee  eer ee   ee ee eee eee e eee
/data3fast/users/mbermudez/de_03/TFGDataset/img/train_t2_0149_1.png|gereeeee ee ee eee ee eeeee eeeeeee
/data3fast/users/mbermudez/de_03/TFGDataset/img/train_t2_0825_2.png|der ee  ee   e   e  ee   h         ee  ee  e ee
/data3fast/users/mbermudez/de_03/TFGDataset/img/train_t2_0119_1.png|der ee  ee     e         h e    e      ee e eee
/data3fast/users/mbermudez/de_03/TFGDataset/img/train_t2_1459_0.png|wie ee eee  ee ee  ee ee n ee  eee ee ee eee eeee
/data3fast/users/mbermudez/de_03/TFGDataset/img/train_t2_0838_2.png|dee  ee                                    n  eeee
/data3fast/users/mbermudez/de_03/TFGDataset/img/train_t2_1456_2.png|ger eee  er ee   e  e  e  ee       ee  eeeeeN
/data3fast/users/mbermudez/de_03/TFGDataset/img/train_t2_0211.png|aun  e                   er            ee  uf der
/data3fast/users/mbermudez/de_03/TFGDataset/img/train_t2_0279_2.png|der eee ee   e  ee    e  e  ee  ee  e   ee eee
/data3fast/users/mbermudez/de_03/TFGDataset/img/train_t2_0628_2.png|ger eeeeeee  ee    ee  e ee  ee  ee  eeeeee ee
/data3fast/users/mbermudez/de_03/TFGDataset/img/train_t2_0156_0.png|der ee   er  e           n  e            ee eeee
/data3fast/users/mbermudez/de_03/TFGDataset/img/train_t2_0250_1.png|der  e  e e  e          er  e       e      er eee
/data3fast/users/mbermudez/de_03/TFGDataset/img/train_t2_0914_0.png|aus ee   n e  e   e  e   N  ee  ee  ee eee ne
/data3fast/users/mbermudez/de_03/TFGDataset/img/train_t2_1035_2.png|aat ee  eee  ee   e ee  e eee ee e  ee  eeeeeeee
/data3fast/users/mbermudez/de_03/TFGDataset/img/train_t2_0752_0.png|ger eee  ee  ee  ee   eeeeN der ee  e  eeeendee
/data3fast/users/mbermudez/de_03/TFGDataset/img/train_t2_0743_2.png|auf  ee  ee  ee  e  e    er eee ee  eeeeeeee
/data3fast/users/mbermudez/de_03/TFGDataset/img/train_t2_1181_0.png|ger eee  e            e  e      e      eee ee
/data3fast/users/mbermudez/de_03/TFGDataset/img/train_t2_0862_2.png|der eee ee  e  e             e      eee nd ee
/data3fast/users/mbermudez/de_03/TFGDataset/img/train_t2_1410_2.png|aud der ee      e  e    ee  e      ee   eN eeee
/data3fast/users/mbermudez/de_03/TFGDataset/img/train_t2_0939_1.png|geeee   eeeee  ee  ee ee   ee ee    eeeeeee
/data3fast/users/mbermudez/de_03/TFGDataset/img/train_t2_0652.png|ger eee eee      e   e e    e   ee eee eeN
/data3fast/users/mbermudez/de_03/TFGDataset/img/train_t2_0848_1.png|dee  een         ee    der ee  ee     eee  eeee
/data3fast/users/mbermudez/de_03/TFGDataset/img/train_t2_0556.png|ees ee ee   e  ee                     e  eeeeeeee
/data3fast/users/mbermudez/de_03/TFGDataset/img/train_t2_1088_0.png|aus  eeee      e       ee         ee eeeeeee
/data3fast/users/mbermudez/de_03/TFGDataset/img/train_t2_0422_1.png|gee ee he       e             ee   e     eeeee
/data3fast/users/mbermudez/de_03/TFGDataset/img/train_t2_0102_0.png|aun  ee ee            heN             e  der eee
/data3fast/users/mbermudez/de_03/TFGDataset/img/train_t2_1011_0.png|# der eee  e     ee
/data3fast/users/mbermudez/de_03/TFGDataset/img/train_t2_1363.png|der      e       ee   ee           ee  en ee
/data3fast/users/mbermudez/de_03/TFGDataset/img/train_t2_1430_0.png|der  ee eee   ee  e  e eee  eeeee ee eeeee
/data3fast/users/mbermudez/de_03/TFGDataset/img/train_t2_0666.png|der ee  ee  e   e  e    ee                 eee eud dee
/data3fast/users/mbermudez/de_03/TFGDataset/img/train_t2_0833_0.png|der eee ee     e   e     ee   e      ee n ee eeee
/data3fast/users/mbermudez/de_03/TFGDataset/img/train_t2_0657.png|ger eeeer ee  e   e      e     e  e  e   eeee
/data3fast/users/mbermudez/de_03/TFGDataset/img/train_t2_0905_0.png|aus ee  ee    e  ee  e ee  eee  eeeee
/data3fast/users/mbermudez/de_03/TFGDataset/img/train_t2_0490.png|dee eeee  en e  e    e  e  e     eer ee   eeeeeeeee
/data3fast/users/mbermudez/de_03/TFGDataset/img/train_t2_0380_1.png|ger eee ee enee     e   e  e  e  e eer eeee
/data3fast/users/mbermudez/de_03/TFGDataset/img/train_t2_0807_1.png|der eee e   dir ee     e  ee     eeen ee er eee
/data3fast/users/mbermudez/de_03/TFGDataset/img/train_t2_1049_1.png|aas ee  e  n ee    e  ee e    ee  e  der eN dee
/data3fast/users/mbermudez/de_03/TFGDataset/img/train_t2_0295_1.png|geeee  e ee  hee   e     e    ee  er ee eer
/data3fast/users/mbermudez/de_03/TFGDataset/img/train_t2_1169.png|der eee ee eeer  e  e             n  e e n  eeeend e
/data3fast/users/mbermudez/de_03/TFGDataset/img/train_t2_0667_0.png|der eeeeee e ee ee ee ee  ee ee eeer eeeeer eeeen
/data3fast/users/mbermudez/de_03/TFGDataset/img/train_t2_1079_1.png|geeeeee eeenee ee ee  eeee eeeeeeeer eeeeee
/data3fast/users/mbermudez/de_03/TFGDataset/img/train_t2_0246_2.png|ges eeee    eee ee  ee  e  ee  eeeee der
/data3fast/users/mbermudez/de_03/TFGDataset/img/train_t2_1462_0.png|aun  ee  eeeend dee ee eeee ee  eeeeee eeeeeeee
/data3fast/users/mbermudez/de_03/TFGDataset/img/train_t2_0843_1.png|der ee      r                      dee ee 
/data3fast/users/mbermudez/de_03/TFGDataset/img/train_t2_0750_1.png|der ee     ee                             ee ee
/data3fast/users/mbermudez/de_03/TFGDataset/img/train_t2_0361_2.png|der der e eee der ee  ee  ee
/data3fast/users/mbermudez/de_03/TFGDataset/img/train_t2_0850_0.png|ger eeeeeeeeenee  ee eeee  eeeeeee
/data3fast/users/mbermudez/de_03/TFGDataset/img/train_t2_0550_0.png|der  e      aan  e                eth t r t und n
/data3fast/users/mbermudez/de_03/TFGDataset/img/train_t2_1403_2.png|der ee ee    e                     e eee ee ee
/data3fast/users/mbermudez/de_03/TFGDataset/img/train_t2_1324.png|dhe  ee             der  e  e     eh ee  ee eee
/data3fast/users/mbermudez/de_03/TFGDataset/img/train_t2_0794_0.png|der  ee                        n  eN eer ee
/data3fast/users/mbermudez/de_03/TFGDataset/img/train_t2_0580.png|geeeee  ee  e  ee  n  ee  ee  endee der eeeee
/data3fast/users/mbermudez/de_03/TFGDataset/img/train_t2_1078_1.png|gest N ee  ee     eee   e     ee
/data3fast/users/mbermudez/de_03/TFGDataset/img/train_t2_0051_0.png|aehee   ee  ee  ee   ee  e  e  n  eerseeee eeeeeeeee
/data3fast/users/mbermudez/de_03/TFGDataset/img/train_t2_0214_2.png|genee ee   e ee   e ee     e  ee eeer eeeeeee
/data3fast/users/mbermudez/de_03/TFGDataset/img/train_t2_0892_2.png|gen ee ee eeee e  eee  ee ee ee eee eeeeee
/data3fast/users/mbermudez/de_03/TFGDataset/img/train_t2_0805_1.png|een ee  e    e  ee er  ee  ee  n e   eeeeee
/data3fast/users/mbermudez/de_03/TFGDataset/img/train_t2_0088_1.png|aa  ee     eee  e  e   ee       eeneN eee  eeeeeeeee
/data3fast/users/mbermudez/de_03/TFGDataset/img/train_t2_1273_2.png|sh ee              nd e            nd der eer e
/data3fast/users/mbermudez/de_03/TFGDataset/img/train_t2_0843_0.png|der ee             e           edee der der 
/data3fast/users/mbermudez/de_03/TFGDataset/img/train_t2_0823_0.png|eeeeee e  ee  e  eeee  ee  ee    en eeeeeeeee
/data3fast/users/mbermudez/de_03/TFGDataset/img/train_t2_1316_1.png|gee  ee  e  e      ee   e  e   ee
/data3fast/users/mbermudez/de_03/TFGDataset/img/train_t2_1469_1.png|ge e  e  e     e   nd der ee    eeeer eeee
/data3fast/users/mbermudez/de_03/TFGDataset/img/train_t2_1429_2.png|# der ee    e      es .
/data3fast/users/mbermudez/de_03/TFGDataset/img/train_t2_1145_0.png|an dee e  e     ee   e     e      n ee eeee ee
/data3fast/users/mbermudez/de_03/TFGDataset/img/train_t2_1197_0.png|der eN der ee   en  dee   n  e  er  ee  ee ee
/data3fast/users/mbermudez/de_03/TFGDataset/img/train_t2_0685_0.png|dee nee ee eee eee eee  e ee ee  ee eeeee
/data3fast/users/mbermudez/de_03/TFGDataset/img/train_t2_0650_0.png|aue      en     de  er   e  der        e  ee n eee
/data3fast/users/mbermudez/de_03/TFGDataset/img/train_t2_0944_0.png|aus    e  eN den  end der  e   ee      e  eeeeer
/data3fast/users/mbermudez/de_03/TFGDataset/img/train_t2_1389_1.png|eee ee  ee  ee  er  n e    e    e   e  ee eeeee
/data3fast/users/mbermudez/de_03/TFGDataset/img/train_t2_0613_0.png|gee e  ee n  eenh eer  e   e   eh der eee
/data3fast/users/mbermudez/de_03/TFGDataset/img/train_t2_0941_1.png|aue eN deech eeee e  eee  n  ee eN der eeeeeeech
/data3fast/users/mbermudez/de_03/TFGDataset/img/train_t2_0417_0.png|an eee     ee    e e        ee  n  e   e  ee eer 
/data3fast/users/mbermudez/de_03/TFGDataset/img/train_t2_1019_0.png|ges ee ee nd e  eh eN eee e e   e  ee eeee
/data3fast/users/mbermudez/de_03/TFGDataset/img/train_t2_0564_0.png|aas  N dern      n  dar   n             e  eeee
/data3fast/users/mbermudez/de_03/TFGDataset/img/train_t2_1411.png|gen ee  ee  eee n    eee   ee  eee eeeeeeeee
/data3fast/users/mbermudez/de_03/TFGDataset/img/train_t2_0976.png|aes ee     e     n  n     n ee        e  e eeeeee
/data3fast/users/mbermudez/de_03/TFGDataset/img/train_t2_0583.png|aus e ee  e   eer  en  ee  e     eee ee eee
/data3fast/users/mbermudez/de_03/TFGDataset/img/train_t2_0434.png|wie heN ansee    een       N    e       e  e  eN 
/data3fast/users/mbermudez/de_03/TFGDataset/img/train_t2_0026_2.png|aes ee   eer  e eir        er    dee    ee eeen
/data3fast/users/mbermudez/de_03/TFGDataset/img/train_t2_1312_0.png|geeeeN eeenee  eer eeN eeee eeeeeeeee
/data3fast/users/mbermudez/de_03/TFGDataset/img/train_t2_1016.png|aan ee  eee ee    e     e   e   ee  en een eN ee
/data3fast/users/mbermudez/de_03/TFGDataset/img/train_t2_0282.png|gers eeee ee ee    e   e      ee  e  eN eee eend e
/data3fast/users/mbermudez/de_03/TFGDataset/img/train_t2_0856_1.png|dee eeeeech  ee  ee  e    ee ee  eeee eeeee
/data3fast/users/mbermudez/de_03/TFGDataset/img/train_t2_0568_1.png|dhee eee eN ee eee  ee eee  eeee   ee  eee ee ee
/data3fast/users/mbermudez/de_03/TFGDataset/img/train_t2_0459.png|aan        eee       e            e e undleeeee
/data3fast/users/mbermudez/de_03/TFGDataset/img/train_t2_0109_2.png|deeeN der eeer ee  ee   ee        ee   eeedeeee
/data3fast/users/mbermudez/de_03/TFGDataset/img/train_t2_0542_2.png|dee ee erh endee   eee ee  ee  e eheN heNeen
/data3fast/users/mbermudez/de_03/TFGDataset/img/train_t2_0993_0.png|aun der e e  ee                e  h eee eercheeN de
/data3fast/users/mbermudez/de_03/TFGDataset/img/train_t2_1476.png|der e  ee eeeN der  e  ee            ee eee dee
/data3fast/users/mbermudez/de_03/TFGDataset/img/train_t2_0304_2.png|ae d de   e                       n  ee  ndnd e
/data3fast/users/mbermudez/de_03/TFGDataset/img/train_t2_0526_2.png|der eee eee ne  e  ee  eee ee  ee n eueeeeeee
/data3fast/users/mbermudez/de_03/TFGDataset/img/train_t2_1009_2.png|aanu  e e een e      ee   e   e  ee e nseee
/data3fast/users/mbermudez/de_03/TFGDataset/img/train_t2_1031_1.png|des eeeee ee dee ee  ee  ee  ee een eeer eee
/data3fast/users/mbermudez/de_03/TFGDataset/img/train_t2_0658.png|aan ee  enee  eee eee eeeeee eee eer eeeeeN
/data3fast/users/mbermudez/de_03/TFGDataset/img/train_t2_1392_0.png|# dee eeee  ee       ee eee
/data3fast/users/mbermudez/de_03/TFGDataset/img/train_t2_0360_1.png|aun ee n    nd der                n    ans  een
/data3fast/users/mbermudez/de_03/TFGDataset/img/train_t2_0626.png|der eee  e  n  er ee    en ee   ee  eeeeee
/data3fast/users/mbermudez/de_03/TFGDataset/img/train_t2_1408_2.png|ded eN der end   ee  e   ee ee
/data3fast/users/mbermudez/de_03/TFGDataset/img/train_t2_0908_2.png|dee  ee     eN n e        der  ee  n  ee  der
/data3fast/users/mbermudez/de_03/TFGDataset/img/train_t2_1326.png|gesee  e  e  e eN der ee er en  ee   ee   dee e
/data3fast/users/mbermudez/de_03/TFGDataset/img/train_t2_0038_2.png|der ee  ee  e   der ee    ee   e   ee eeeeN dee
/data3fast/users/mbermudez/de_03/TFGDataset/img/train_t2_0606_0.png|der eN eee  n   ee  ee    ee  e  ee ee  eeeeee
/data3fast/users/mbermudez/de_03/TFGDataset/img/train_t2_0219_0.png|der eee  ee   eer  ee    n  e e   eee  ee   e
/data3fast/users/mbermudez/de_03/TFGDataset/img/train_t2_0034_2.png|# de ee  ee e  e     ee
/data3fast/users/mbermudez/de_03/TFGDataset/img/train_t2_0354.png|see e      e   n                   ee   e  eeeeee
/data3fast/users/mbermudez/de_03/TFGDataset/img/train_t2_0060.png|ded e  ee    e e   e      derch e         dee eeeee
/data3fast/users/mbermudez/de_03/TFGDataset/img/train_t2_0247_0.png|aun    e     eer  e      e   e         eeeeee
/data3fast/users/mbermudez/de_03/TFGDataset/img/train_t2_0111_0.png|aun eN eee eersee  ee  eeee  e  ee neeeeeee
/data3fast/users/mbermudez/de_03/TFGDataset/img/train_t2_0111_2.png|aun eN eee eerseN eee  eee   e eeeenee
/data3fast/users/mbermudez/de_03/TFGDataset/img/train_t2_1342_0.png|aun nd ee  e  end   e    er e e   e    ee ee
/data3fast/users/mbermudez/de_03/TFGDataset/img/train_t2_0453_0.png|aun ee      eree e        e  n  ee n  ee
/data3fast/users/mbermudez/de_03/TFGDataset/img/train_t2_1109.png|geeeer ee      ee         der ee  eee e
/data3fast/users/mbermudez/de_03/TFGDataset/img/train_t2_1469_2.png|aund dere        den  e       nd der ee  e d
/data3fast/users/mbermudez/de_03/TFGDataset/img/train_t2_0560_1.png|gee ee  h e e    e          n n     eee ee
/data3fast/users/mbermudez/de_03/TFGDataset/img/train_t2_0947_0.png|aas ee  he      er           n              er teN
/data3fast/users/mbermudez/de_03/TFGDataset/img/train_t2_0033_0.png|der een ee   e e ee eee    eir ee  eeeeee eee
/data3fast/users/mbermudez/de_03/TFGDataset/img/train_t2_0762_2.png|der eeeee eer eeeeeee eeeeeeeeeeee
/data3fast/users/mbermudez/de_03/TFGDataset/img/train_t2_1257_1.png|der ee dn   ee  r ee    e    e e     eeeeee
/data3fast/users/mbermudez/de_03/TFGDataset/img/train_t2_0390_0.png|gereeee eeree een eer eee eeheee ee eeeeeeeeer
/data3fast/users/mbermudez/de_03/TFGDataset/img/train_t2_0555.png|der ee en ee   e eee  e      er eee  ee  eeeeN
/data3fast/users/mbermudez/de_03/TFGDataset/img/train_t2_1136_2.png|geseeeee e  e e  e  ee   ee n n  ee  eeeeeeeee
/data3fast/users/mbermudez/de_03/TFGDataset/img/train_t2_1106_2.png|ans ee  eer ee  er eN een              ee  eee
/data3fast/users/mbermudez/de_03/TFGDataset/img/train_t2_1225_1.png|# der eeeeeee e e  ee ee ee
/data3fast/users/mbermudez/de_03/TFGDataset/img/train_t2_1498_2.png|der een eer ee   dee ee     er  ee e   eeee n
/data3fast/users/mbermudez/de_03/TFGDataset/img/train_t2_0946_0.png|and e e er      er eN der              ee ee
/data3fast/users/mbermudez/de_03/TFGDataset/img/train_t2_0939_2.png|dee eeee ee eee  e  ee  ee    er ee  ee eee n ee
/data3fast/users/mbermudez/de_03/TFGDataset/img/train_t2_1006_2.png|ges ee en eun  e   ee   e   ne    e  ee eeeeee
/data3fast/users/mbermudez/de_03/TFGDataset/img/train_t2_0117_2.png|gee ee en ee       h e        e     e   ee  eeee
/data3fast/users/mbermudez/de_03/TFGDataset/img/train_t2_1389_0.png|der eeee ee  e eer ee e n     n e   ee  n
/data3fast/users/mbermudez/de_03/TFGDataset/img/train_t2_0987_1.png|ded d e    der eee     d dee 
/data3fast/users/mbermudez/de_03/TFGDataset/img/train_t2_0876_0.png|geree eN dee  e  n    n  der eer eee eeeeN 
/data3fast/users/mbermudez/de_03/TFGDataset/img/train_t2_0800.png|des  eee eee  n e N der ee          ee end dern
/data3fast/users/mbermudez/de_03/TFGDataset/img/train_t2_0854_0.png|ane  en   e   er h            e             e  en
/data3fast/users/mbermudez/de_03/TFGDataset/img/train_t2_0327.png|aun ee eeee  eeeeeN eeer ee eeee eeeee eeee
/data3fast/users/mbermudez/de_03/TFGDataset/img/train_t2_1121_2.png|wir ee ee  ee    e     en  e  er ee   eeeN eereen
/data3fast/users/mbermudez/de_03/TFGDataset/img/train_t2_0381_1.png|der eee  e eee ee ee    n  eee ee  ee  eee e
/data3fast/users/mbermudez/de_03/TFGDataset/img/train_t2_0713_1.png|dee   e   ee  er e    ee .
/data3fast/users/mbermudez/de_03/TFGDataset/img/train_t2_1166_2.png|der  e ee  ee   er           a ee       n      eans e
/data3fast/users/mbermudez/de_03/TFGDataset/img/train_t2_0450_0.png|eee ee eee e e  ene   eNer e eer  eeeeee der
/data3fast/users/mbermudez/de_03/TFGDataset/img/train_t2_1493.png|ger eeer eee e  ee    ee e eee
/data3fast/users/mbermudez/de_03/TFGDataset/img/train_t2_1345.png|eeseee ee  e eer n       e   d  ee  e ee ee
/data3fast/users/mbermudez/de_03/TFGDataset/img/train_t2_0731_0.png|der  eer eer e eer ee eN   eer  e ee  e  ee
/data3fast/users/mbermudez/de_03/TFGDataset/img/train_t2_0562_2.png|it  e  ee      ee e   e  ..  .e
/data3fast/users/mbermudez/de_03/TFGDataset/img/train_t2_0988.png|aus eee          e    eeeN 
/data3fast/users/mbermudez/de_03/TFGDataset/img/train_t2_0144_1.png|dee  ee e ee  e         e      e e  n heN  ndeee
/data3fast/users/mbermudez/de_03/TFGDataset/img/train_t2_1163.png|ges ee  ee ee  ee  ee  ee  ee  ee  ee  ee eeeee
/data3fast/users/mbermudez/de_03/TFGDataset/img/train_t2_0441_2.png|ger eee    der                      n ee  ee
/data3fast/users/mbermudez/de_03/TFGDataset/img/train_t2_0706_2.png|der een eee  e  ee  ee  e   e     ee e eee ee
/data3fast/users/mbermudez/de_03/TFGDataset/img/train_t2_0072_1.png|auf e   e er ee                    e en eeeee
/data3fast/users/mbermudez/de_03/TFGDataset/img/train_t2_1408_1.png|der       n           e   e   e
/data3fast/users/mbermudez/de_03/TFGDataset/img/train_t2_0097_1.png|gesee   e      e              e       er ee
/data3fast/users/mbermudez/de_03/TFGDataset/img/train_t2_0566.png|der ee ee n  e   e                    n  ee   er
/data3fast/users/mbermudez/de_03/TFGDataset/img/train_t2_1469.png|and e e    der  ee                      ee ee
/data3fast/users/mbermudez/de_03/TFGDataset/img/train_t2_0882_2.png|der eee eeer eee ee  e  e    e   eee ee ee
/data3fast/users/mbermudez/de_03/TFGDataset/img/train_t2_1153_2.png|ded e e e e  ee  e  e  ee  ee  eee
/data3fast/users/mbermudez/de_03/TFGDataset/img/train_t2_0122_0.png|aus  e eeeer ee  ee e ee  ee   eeeee ee
/data3fast/users/mbermudez/de_03/TFGDataset/img/train_t2_0818_0.png|der eehe   eee ee  eee e  ee e
/data3fast/users/mbermudez/de_03/TFGDataset/img/train_t2_1323_2.png|dee ee  eee  eee  ee  e  ee  ee ee   eeeeeeeeenee
/data3fast/users/mbermudez/de_03/TFGDataset/img/train_t2_1254_0.png|dee   e  e  ee  ee  e   ee  ee ee  ee e eee eeN ee
/data3fast/users/mbermudez/de_03/TFGDataset/img/train_t2_1104_1.png|ges eee  end e                      n  ee eee
/data3fast/users/mbermudez/de_03/TFGDataset/img/train_t2_1238_2.png|der    eee           eN dae         nd dheN ee
/data3fast/users/mbermudez/de_03/TFGDataset/img/train_t2_0781_2.png|deeer eeee e ee e  eee  eN eee ee eeeee ee
/data3fast/users/mbermudez/de_03/TFGDataset/img/train_t2_0914_1.png|aun  e der ee  e  e   dee  e der e en    eeeer e
/data3fast/users/mbermudez/de_03/TFGDataset/img/train_t2_0871_0.png|ded e    er  e        den  der der    nd der ee e
/data3fast/users/mbermudez/de_03/TFGDataset/img/train_t2_0143_0.png|ausee ee  ee  eeee eeee eNeeee 
/data3fast/users/mbermudez/de_03/TFGDataset/img/train_t2_1454_1.png|geeee e e eee  eee  e  ee  eheN eee nd 
/data3fast/users/mbermudez/de_03/TFGDataset/img/train_t2_0226_2.png|d   ereN ee    ee ee ee eN
/data3fast/users/mbermudez/de_03/TFGDataset/img/train_t2_1405_1.png|aendeNer   e          e   n e     e ee eee
/data3fast/users/mbermudez/de_03/TFGDataset/img/train_t2_1024.png|ae ee    d e  e    e     e ein ee  en eend e eeeeeeeee
/data3fast/users/mbermudez/de_03/TFGDataset/img/train_t2_0333.png|aer  ee   ee  ee  e  n  ee    e    eeeee eeeee
/data3fast/users/mbermudez/de_03/TFGDataset/img/train_t2_0066_1.png|aas ee   n e             e   e   eee ens e
/data3fast/users/mbermudez/de_03/TFGDataset/img/train_t2_0374_0.png|aee eend  e             er  or  e   er eee   eN der
/data3fast/users/mbermudez/de_03/TFGDataset/img/train_t2_0157_0.png|eer eendeN eee   e  eee  eee   e    nd eeeee
/data3fast/users/mbermudez/de_03/TFGDataset/img/train_t2_0528_2.png|ee eee ee eee ee  ee   ee  e eeee eeeNn
/data3fast/users/mbermudez/de_03/TFGDataset/img/train_t2_1314_2.png|aun uf e    e  e       e  n         eeee eeee eee
/data3fast/users/mbermudez/de_03/TFGDataset/img/train_t2_1017_0.png|# der   eee    e  ee ee e
/data3fast/users/mbermudez/de_03/TFGDataset/img/train_t2_1268_2.png|der der      er der  n                       e  e
/data3fast/users/mbermudez/de_03/TFGDataset/img/train_t2_0968.png|aus  ee       ee ee   e          e     ee eeeee
/data3fast/users/mbermudez/de_03/TFGDataset/img/train_t2_0783_0.png|ger eee e   e  e     n             eeeeeee
/data3fast/users/mbermudez/de_03/TFGDataset/img/train_t2_0798_1.png|der eee eee   ee eeeeee  eee ee  eeeeee
/data3fast/users/mbermudez/de_03/TFGDataset/img/train_t2_0088.png|aun  ee  e     eeN  e  e     ee  ee  ee eeeeeee
/data3fast/users/mbermudez/de_03/TFGDataset/img/train_t2_1280_0.png|ger eee e  ee e ee   ee  ee ee
/data3fast/users/mbermudez/de_03/TFGDataset/img/train_t2_1450.png|aus ee  e  ee ee e  e eee  e  e    e    ee  eeee
/data3fast/users/mbermudez/de_03/TFGDataset/img/train_t2_0259_1.png|dee ee  ee    e  der der ee   e e  e  eeeeee
/data3fast/users/mbermudez/de_03/TFGDataset/img/train_t2_0116_0.png|der eee ee  eee  der nd e  eee  ee  e eeeeee
/data3fast/users/mbermudez/de_03/TFGDataset/img/train_t2_0873_2.png|wie ee        ded e            e   e      e  eeeeee
/data3fast/users/mbermudez/de_03/TFGDataset/img/train_t2_0151.png|seeee eeeee    eee een ee  e  ee  e  ee eeeeeeeeee
/data3fast/users/mbermudez/de_03/TFGDataset/img/train_t2_0500.png|andee   e     e h e                    ee eeee
/data3fast/users/mbermudez/de_03/TFGDataset/img/train_t2_0108_1.png|auch e  eeee e   e  e e e ee  e eeee eeeeeeee
/data3fast/users/mbermudez/de_03/TFGDataset/img/train_t2_0095_2.png|geeee eeee e   eee  en eee eee  ee ee ee eeeeee
/data3fast/users/mbermudez/de_03/TFGDataset/img/train_t2_1378_1.png|aus  e   e    e r e     e        e   ee  eeeeee
/data3fast/users/mbermudez/de_03/TFGDataset/img/train_t2_0439_1.png|wie ee eeee  er e  eee    ee  ee  ee eeeeeeee
/data3fast/users/mbermudez/de_03/TFGDataset/img/train_t2_0499.png|eesee   eee ee  ee      n e    ech N hee  eeeeer
/data3fast/users/mbermudez/de_03/TFGDataset/img/train_t2_1264_1.png|der eee eer  ee  nd eee e  e    e   e ee    eeheN aan
/data3fast/users/mbermudez/de_03/TFGDataset/img/train_t2_0335.png|der eee e endee  eN eee e ee   en ee eee eeeeee
/data3fast/users/mbermudez/de_03/TFGDataset/img/train_t2_1478_1.png|ger eeeeeeenee  eee ee  ee  ee e  e eeeeee
/data3fast/users/mbermudez/de_03/TFGDataset/img/train_t2_0838_0.png|dee  e       ee     e    an    e  e    e eee eee
/data3fast/users/mbermudez/de_03/TFGDataset/img/train_t2_0739_1.png|der eee eeehee  eee ee   ee  eeeeN ein eeeeee
/data3fast/users/mbermudez/de_03/TFGDataset/img/train_t2_0156_2.png|der ee  eer e    eN  e  ee      er  e  eeeeee
/data3fast/users/mbermudez/de_03/TFGDataset/img/train_t2_0398_0.png|aun  ee  d  und ee  e    de      een     ee eeee
/data3fast/users/mbermudez/de_03/TFGDataset/img/train_t2_1401.png|gee eee  h n     e       e     n e n  e  eeeeee
/data3fast/users/mbermudez/de_03/TFGDataset/img/train_t2_1497.png|eeeeeeee ee eeeeeee e e ee  ee  eee eN eie eeeeee
/data3fast/users/mbermudez/de_03/TFGDataset/img/train_t2_0366_2.png|aas       de            n       er   ee  ee  ee
/data3fast/users/mbermudez/de_03/TFGDataset/img/train_t2_0672.png|ger eee ee n ee  eee ee ee  ee  e e eeeeee
/data3fast/users/mbermudez/de_03/TFGDataset/img/train_t2_1149_0.png|der ee  ee er ee ee  e  ee  ee n ee  eeeeeeee
/data3fast/users/mbermudez/de_03/TFGDataset/img/train_t2_0725_2.png|der eee  er ee  e  ee  eee eee  e e teN eee
/data3fast/users/mbermudez/de_03/TFGDataset/img/train_t2_1169_1.png|der  ee ee e      e     nd e e   in  e       e eee
/data3fast/users/mbermudez/de_03/TFGDataset/img/train_t2_0298.png|aun e   eee  e   e      er  ee nh    e ee  eeeer
/data3fast/users/mbermudez/de_03/TFGDataset/img/train_t2_0062.png|wer ee  ee  ee  der ee    ee  e n      ee  e eeeeeee
/data3fast/users/mbermudez/de_03/TFGDataset/img/train_t2_0369_1.png|geeeeee eeee e ee  eee  e   ene   n een eeeeee
/data3fast/users/mbermudez/de_03/TFGDataset/img/train_t2_0947.png|aus                      r   c  e n    theN
/data3fast/users/mbermudez/de_03/TFGDataset/img/train_t2_0888_1.png|ger ee  e    e d e   e  er   eee  n  hl ee  e  ee
/data3fast/users/mbermudez/de_03/TFGDataset/img/train_t2_0283_1.png|geree e  ee   ee  ee            ir  enf eeeeee
/data3fast/users/mbermudez/de_03/TFGDataset/img/train_t2_0623_1.png|der  ee ee  e  e        n  e  dee er  ee  ee   eeee
/data3fast/users/mbermudez/de_03/TFGDataset/img/train_t2_0699.png|eesee  e  ee  eord e   e der e  eNee  ed der der end
/data3fast/users/mbermudez/de_03/TFGDataset/img/train_t2_0155.png|and  ee  ee e  ee  ee  e ee    eer eee  eeee eeeeee
/data3fast/users/mbermudez/de_03/TFGDataset/img/train_t2_0008_2.png|and der  ee   end e e  e ee  n   eer eN der ee
/data3fast/users/mbermudez/de_03/TFGDataset/img/train_t2_1380_0.png|ded ee  ee      ee  e   n e   eN eee n  ee eee
/data3fast/users/mbermudez/de_03/TFGDataset/img/train_t2_0018_2.png|eeree  ee   ee    e    e  ee   d en e eeee ee
/data3fast/users/mbermudez/de_03/TFGDataset/img/train_t2_1416_0.png|dere  ee                 ee    endeN  esdeN
/data3fast/users/mbermudez/de_03/TFGDataset/img/train_t2_0978_0.png|dee eee ee ee  heN ter  heN  en  e   ers eee
/data3fast/users/mbermudez/de_03/TFGDataset/img/train_t2_0638_0.png|gesee   e  e  ee    e  eee  e n   ee  een eee
/data3fast/users/mbermudez/de_03/TFGDataset/img/train_t2_0107.png|dee eee ee    ee  e  e e ee    eeeer heN eee
/data3fast/users/mbermudez/de_03/TFGDataset/img/train_t2_1283.png|ee  e          n  ee       e    d nd d rdee  eeee
/data3fast/users/mbermudez/de_03/TFGDataset/img/train_t2_0110_2.png|anee  eee  ee ee  eee eee ee  eeeeee en eee
/data3fast/users/mbermudez/de_03/TFGDataset/img/train_t2_0407_2.png|aun  eee eeeeeee ee e     eee   eeer eeeeeee
/data3fast/users/mbermudez/de_03/TFGDataset/img/train_t2_0042_1.png|der eee  e    er  en  e  ee   ee  n  eeee eee
/data3fast/users/mbermudez/de_03/TFGDataset/img/train_t2_0045.png|aas ee  ee         heN und e      n     ee eeeeee
/data3fast/users/mbermudez/de_03/TFGDataset/img/train_t2_1110.png|aus ee  ee  e er ee   e    e   ee  eeeeeee
/data3fast/users/mbermudez/de_03/TFGDataset/img/train_t2_1385_1.png|win ee  e  ee    e   e     ee  e  e een ee eee
/data3fast/users/mbermudez/de_03/TFGDataset/img/train_t2_0907.png|ges ee  e  ee         e       e eeir eeeeee
/data3fast/users/mbermudez/de_03/TFGDataset/img/train_t2_0494_2.png|der eee eee  eee e ee  e e
/data3fast/users/mbermudez/de_03/TFGDataset/img/train_t2_0979_1.png|aun  ee  e    n e  e    e                e eeeeee
/data3fast/users/mbermudez/de_03/TFGDataset/img/train_t2_1285_1.png|der eee eee  e  ee ee   e   e   eeee en eee eeeeee
/data3fast/users/mbermudez/de_03/TFGDataset/img/train_t2_0012.png|ans ee  e  e  erdeN ee        e   eN d der 
/data3fast/users/mbermudez/de_03/TFGDataset/img/train_t2_0360.png|aast auf           e              n    e   e eeee
/data3fast/users/mbermudez/de_03/TFGDataset/img/train_t2_1433.png|eer eeeee  ee er ee eee  e   ee  e  ee eeeeeee
/data3fast/users/mbermudez/de_03/TFGDataset/img/train_t2_0015_2.png|ges ee    ee   ee           e     n e ersee
/data3fast/users/mbermudez/de_03/TFGDataset/img/train_t2_1004.png|sehee ee  ee  heN dindee ee  e eee eee ee  eeeeeeeee
/data3fast/users/mbermudez/de_03/TFGDataset/img/train_t2_0768.png|geseeeee  eee   ee ee e  eeeee ee ee ee
/data3fast/users/mbermudez/de_03/TFGDataset/img/train_t2_0113.png|gesee     e      e dee      hn e    eee eee ee
/data3fast/users/mbermudez/de_03/TFGDataset/img/train_t2_1149.png|ded e e e           e n  e n  ee  eee ee eee
/data3fast/users/mbermudez/de_03/TFGDataset/img/train_t2_1013_2.png|der eee  ee  ee   e  e ee     eee  er  ee  ee eeee
/data3fast/users/mbermudez/de_03/TFGDataset/img/train_t2_0277_1.png|der eee ee e  e  eee  ee eeeee
/data3fast/users/mbermudez/de_03/TFGDataset/img/train_t2_0938_1.png|eer eee ee ee  e  ee eee   eee  ee
/data3fast/users/mbermudez/de_03/TFGDataset/img/train_t2_0364_0.png|geeee  ee  e      e        n  der  e   e  eeeee
/data3fast/users/mbermudez/de_03/TFGDataset/img/train_t2_0895_0.png|ges eee e ee  e   n e er e n eN  er eer eee
/data3fast/users/mbermudez/de_03/TFGDataset/img/train_t2_0969_1.png|see eeee e ee  ee  N dee eee n  ee ne eee eeeeeeeee
/data3fast/users/mbermudez/de_03/TFGDataset/img/train_t2_0183_0.png|and der  ee  e     eee      e     e  eeeeee
/data3fast/users/mbermudez/de_03/TFGDataset/img/train_t2_0865.png|ges eeeee  eeee  eee  ee e eee  eeee
/data3fast/users/mbermudez/de_03/TFGDataset/img/train_t2_1298_1.png|werseeee  ee  ee  ee ee  eee er eeen  eeeee
/data3fast/users/mbermudez/de_03/TFGDataset/img/train_t2_1371_1.png|der ee  e             n    n                e  eee
/data3fast/users/mbermudez/de_03/TFGDataset/img/train_t2_0425_1.png|gee eeeee  eeeeee  ee  eee   eN eeene eeeee
/data3fast/users/mbermudez/de_03/TFGDataset/img/train_t2_0777_1.png|dee ee  e  ee           ee n e      e een eee ee
/data3fast/users/mbermudez/de_03/TFGDataset/img/train_t2_0757_2.png|dee eee           n   e      N die  Nor ee
/data3fast/users/mbermudez/de_03/TFGDataset/img/train_t2_0349.png|aun      e         eicee    n       en ee eeeeee
/data3fast/users/mbermudez/de_03/TFGDataset/img/train_t2_0255_2.png|an ee  ee ee  e n  e   ee ne    ee    ee  e ee
/data3fast/users/mbermudez/de_03/TFGDataset/img/train_t2_0090_0.png|der eeeee  eeer eN ee  ee  een  eeeeeeeee
/data3fast/users/mbermudez/de_03/TFGDataset/img/train_t2_1452_0.png|geseee   ee  eN ee        er  eee   e  ee enheN
/data3fast/users/mbermudez/de_03/TFGDataset/img/train_t2_0013_0.png|aus ee  ee ee ee eeee  eee eeeeee
/data3fast/users/mbermudez/de_03/TFGDataset/img/train_t2_0007_1.png|auf e         e   e e e   er eN eeeeeeee
/data3fast/users/mbermudez/de_03/TFGDataset/img/train_t2_0106_2.png|see ee  ee  e eee    e   e ee eee  ee eee ee
/data3fast/users/mbermudez/de_03/TFGDataset/img/train_t2_0386.png|dee                 der   h  n              e    eeeee
/data3fast/users/mbermudez/de_03/TFGDataset/img/train_t2_0290.png|der eee  e ee   e              e     e   e  e  eeee
/data3fast/users/mbermudez/de_03/TFGDataset/img/train_t2_0559_2.png|aes ee  ee  eee eN        er   ee ee  ee eeee
/data3fast/users/mbermudez/de_03/TFGDataset/img/train_t2_0848_2.png|ges ee   e   n  er   e   e ee     e  e   e  eeee
/data3fast/users/mbermudez/de_03/TFGDataset/img/train_t2_0865_0.png|eee eeee  e eee ee ee ee  ee eN e
/data3fast/users/mbermudez/de_03/TFGDataset/img/train_t2_0336_0.png|dee   e        n e   nd e     t der ee   e  
/data3fast/users/mbermudez/de_03/TFGDataset/img/train_t2_0894_0.png|aus ee  e  ee e e  un  ee ee  e ee     eeeeer
/data3fast/users/mbermudez/de_03/TFGDataset/img/train_t2_0837_0.png|eesee   ee  ee   ee   e     e  e  e  ee eeen e
/data3fast/users/mbermudez/de_03/TFGDataset/img/train_t2_1019_1.png|ger eee eee  e  e eee  ee e  eN eee e
/data3fast/users/mbermudez/de_03/TFGDataset/img/train_t2_0068_2.png|eer ee          er ee     n  e     e    e eee 
/data3fast/users/mbermudez/de_03/TFGDataset/img/train_t2_0042_0.png|der ee  ee  en  e   e      ee   e     ee  n  en e
/data3fast/users/mbermudez/de_03/TFGDataset/img/train_t2_1041_1.png|dee  e  eee  e    e ee  ee    e e
/data3fast/users/mbermudez/de_03/TFGDataset/img/train_t2_1473_2.png|ges ee  ee  e  e  e          ee n e   eeen ee
/data3fast/users/mbermudez/de_03/TFGDataset/img/train_t2_1216_0.png|ger eee                   e     n  e eee eeN
/data3fast/users/mbermudez/de_03/TFGDataset/img/train_t2_1343_1.png|dee eee  eee   ee   e e  e ee     ee der  eee n   eee
/data3fast/users/mbermudez/de_03/TFGDataset/img/train_t2_1337_1.png|gee ee  ee  end e ee  eeee   e   eeeee eee
/data3fast/users/mbermudez/de_03/TFGDataset/img/train_t2_0456.png|der eee ee  ee  ee    ee der eeen ee eeeee eeee
/data3fast/users/mbermudez/de_03/TFGDataset/img/train_t2_1107_1.png|#es eeee   eeeN e ee  e ee ee  ee
/data3fast/users/mbermudez/de_03/TFGDataset/img/train_t2_0908.png|ded e                   er       e        n  e
/data3fast/users/mbermudez/de_03/TFGDataset/img/train_t2_0642.png|der eee  ee     ee  e   er  ee       e   nd der e
/data3fast/users/mbermudez/de_03/TFGDataset/img/train_t2_1289_1.png|ger eee eee e eee  ee   ee       ee n ee e eeeee
/data3fast/users/mbermudez/de_03/TFGDataset/img/train_t2_0379.png|aus e           e       n  e         e  eee
/data3fast/users/mbermudez/de_03/TFGDataset/img/train_t2_0185_0.png|aus  e       d der  ee   der   eh e deN d dede
/data3fast/users/mbermudez/de_03/TFGDataset/img/train_t2_0388.png|aun  ee  ee e eee  e  e   ee  e   ee  ee  der eeee
/data3fast/users/mbermudez/de_03/TFGDataset/img/train_t2_1477.png|eeeeee   e   un                 e     e  ee   n ee
/data3fast/users/mbermudez/de_03/TFGDataset/img/train_t2_0018.png|dee eeeee eee    e  e  ee  ee  e ee  ee ee dee
/data3fast/users/mbermudez/de_03/TFGDataset/img/train_t2_0974_2.png|# der                       te
/data3fast/users/mbermudez/de_03/TFGDataset/img/train_t2_0661.png|der eeeee eeeneeN  ee eeee ee eeeeeeeeee
/data3fast/users/mbermudez/de_03/TFGDataset/img/train_t2_1372.png|eeseee      eh                    h     e  ndeNer
/data3fast/users/mbermudez/de_03/TFGDataset/img/train_t2_0070_1.png|der eee ee   n   ee  e  e   eer eeheN deen
/data3fast/users/mbermudez/de_03/TFGDataset/img/train_t2_0120_0.png|aas ee  ee  e  ee         e  n e  n  eeeeeeee
/data3fast/users/mbermudez/de_03/TFGDataset/img/train_t2_0469_2.png|des eee  ee er eee e  ee ee ee  e  eee  eeeee
/data3fast/users/mbermudez/de_03/TFGDataset/img/train_t2_0437_2.png|and eee e   h e   e       eer  ee  eeee e eee
/data3fast/users/mbermudez/de_03/TFGDataset/img/train_t2_0114_2.png|der  ee     u   der        nd     h ee   heein
/data3fast/users/mbermudez/de_03/TFGDataset/img/train_t2_0549_2.png|der ee  ee   ee     e  ee  ere
/data3fast/users/mbermudez/de_03/TFGDataset/img/train_t2_1421_1.png|der e ee  een  ee  e  e ee eeeN eee
/data3fast/users/mbermudez/de_03/TFGDataset/img/train_t2_0503_0.png|aun  er ee  nh                     eee een  der
/data3fast/users/mbermudez/de_03/TFGDataset/img/train_t2_1221_0.png|ger eee  e  eN nd e e      or e     e  een 
/data3fast/users/mbermudez/de_03/TFGDataset/img/train_t2_0697.png|der  n e  ee er ee  ee   een e  ee eee eeeendeN
/data3fast/users/mbermudez/de_03/TFGDataset/img/train_t2_0272_1.png|aun  er  e   nd der e      nd e    ee  ee e e
/data3fast/users/mbermudez/de_03/TFGDataset/img/train_t2_1073_0.png|der eee      e  . .  e     e
/data3fast/users/mbermudez/de_03/TFGDataset/img/train_t2_0448_2.png|gee eee eee ee  e  ee  e     n  eeer  eee der ee
/data3fast/users/mbermudez/de_03/TFGDataset/img/train_t2_0861_2.png|gen ee   ee  n  e  n  ee  h        e   teN
/data3fast/users/mbermudez/de_03/TFGDataset/img/train_t2_0808_0.png|ges eee  eee ee  e n    eeee ee  eeeeeeeeee
/data3fast/users/mbermudez/de_03/TFGDataset/img/train_t2_1033_1.png|aat ee   n een ee  e    e er  ee  ee  eee eeeee
/data3fast/users/mbermudez/de_03/TFGDataset/img/train_t2_0243.png|auhe   e  ee  e   en   e  nd eee eeeeee eeeeeeeee
/data3fast/users/mbermudez/de_03/TFGDataset/img/train_t2_1393_0.png|geeeeeeeee eee  ee eeee eeee
/data3fast/users/mbermudez/de_03/TFGDataset/img/train_t2_1354_2.png|aun  ee  ee  ee       der  e     ee   n e   eee
/data3fast/users/mbermudez/de_03/TFGDataset/img/train_t2_0214_1.png|ans ee  nn  d     e e    e dee e   ee  eN der
/data3fast/users/mbermudez/de_03/TFGDataset/img/train_t2_1286.png|ann  ee   der ee       e        eh der eee eeeeeee
/data3fast/users/mbermudez/de_03/TFGDataset/img/train_t2_1087_0.png|ge eeee  eN ee      e   e     ee  eee nf ee
/data3fast/users/mbermudez/de_03/TFGDataset/img/train_t2_0257_0.png|gee ee  e ee   e     n  ee ee    e    eeeeeee
/data3fast/users/mbermudez/de_03/TFGDataset/img/train_t2_0369_0.png|gee eeeeheN end eee ee   ee  e    eee n eee
/data3fast/users/mbermudez/de_03/TFGDataset/img/train_t2_0002_1.png|ant e  e der  e    n   ee n e   eheN dee ee
/data3fast/users/mbermudez/de_03/TFGDataset/img/train_t2_0863_0.png|see ee   r ee ee  e  in    e      ee e  ee eeeeeeeeheN
/data3fast/users/mbermudez/de_03/TFGDataset/img/train_t2_1291_1.png|de  eee  heN  in ee  heN  ee eee   ee eee ee
/data3fast/users/mbermudez/de_03/TFGDataset/img/train_t2_0133_1.png|audee   n  e er       der         der  N e
/data3fast/users/mbermudez/de_03/TFGDataset/img/train_t2_1255_1.png|ans  e  ee  eer ee        e         e    er eee eeee
/data3fast/users/mbermudez/de_03/TFGDataset/img/train_t2_0572.png|aand d e    der     e             er       ee
/data3fast/users/mbermudez/de_03/TFGDataset/img/train_t2_0619.png|der e ee  eer                              ee  an
/data3fast/users/mbermudez/de_03/TFGDataset/img/train_t2_0070_2.png|ger eer eee ee eee  e e  e    ee nheee eeeee
/data3fast/users/mbermudez/de_03/TFGDataset/img/train_t2_0110_0.png|ger eehee  eee eheeee eeeee eee eee eN eeeee
/data3fast/users/mbermudez/de_03/TFGDataset/img/train_t2_0625_1.png|dee  er ee       dee      e      n  nd der eee 
/data3fast/users/mbermudez/de_03/TFGDataset/img/train_t2_0897.png|geeee n eee ee en eeeee  eeeeee e eee eeeeee
/data3fast/users/mbermudez/de_03/TFGDataset/img/train_t2_0496_2.png|aan   n    u                        nd der der
/data3fast/users/mbermudez/de_03/TFGDataset/img/train_t2_0243_0.png|ain   er ee  e   een  e   e  e  ee eN der ndeN 
/data3fast/users/mbermudez/de_03/TFGDataset/img/train_t2_0490_1.png|dee eee  e n  ee e  e   e        nee ee   n ee eeee
/data3fast/users/mbermudez/de_03/TFGDataset/img/train_t2_0915_2.png|ger eee ee   e     in  e      e  n eN der eeeeee
/data3fast/users/mbermudez/de_03/TFGDataset/img/train_t2_1479_0.png|der enee ee e e  ee eee e ee  eeeeeeN eeeeee
/data3fast/users/mbermudez/de_03/TFGDataset/img/train_t2_0457_2.png|der   n  e      er  der          e  er e e  eeee
/data3fast/users/mbermudez/de_03/TFGDataset/img/train_t2_0430_1.png|aas  nd dere    n  er ee         es  ee  en eeee
/data3fast/users/mbermudez/de_03/TFGDataset/img/train_t2_0341_2.png|gee een e  e    er n  e     e ee  eheN ee
/data3fast/users/mbermudez/de_03/TFGDataset/img/train_t2_0736_0.png|der eereeeeeeeeeeN n eee eeeeeeeeeeeee
/data3fast/users/mbermudez/de_03/TFGDataset/img/train_t2_1102_2.png|ant Nu                    e  ee  eeee
/data3fast/users/mbermudez/de_03/TFGDataset/img/train_t2_1273_0.png|ee   ee  e  n   n  uf              nd der eee
/data3fast/users/mbermudez/de_03/TFGDataset/img/train_t2_0656_1.png|ges en  ee  e   ee               e  ee eeeeee
/data3fast/users/mbermudez/de_03/TFGDataset/img/train_t2_0083_1.png|aune    e            e             n e  eeeee
/data3fast/users/mbermudez/de_03/TFGDataset/img/train_t2_1484.png|der eer ee  heN  in ee        e   ee   ee ee  n e
/data3fast/users/mbermudez/de_03/TFGDataset/img/train_t2_0774_0.png|gee eee ee  nh ee  e  ee  e eee  e ns eeeeeeeeeeee
/data3fast/users/mbermudez/de_03/TFGDataset/img/train_t2_1157_0.png|deecheN eee ee  n  eene  ee ee eee ee eeeeN eeeeeeeeh
/data3fast/users/mbermudez/de_03/TFGDataset/img/train_t2_0295_0.png|geeeen eee e eee  e  eN der eee e eee ee  eeeee
/data3fast/users/mbermudez/de_03/TFGDataset/img/train_t2_0130.png|cheN  e  ee   e n       e     e   e  e  ee  eeheNe
/data3fast/users/mbermudez/de_03/TFGDataset/img/train_t2_0705.png|geree  en e er   e n  e     e     eer ee
/data3fast/users/mbermudez/de_03/TFGDataset/img/train_t2_0258.png|geeee ee  ee ee     eh ee      ee  eN eeeee e
/data3fast/users/mbermudez/de_03/TFGDataset/img/train_t2_0870_2.png|aas  e         e     uf e          e  e  e
/data3fast/users/mbermudez/de_03/TFGDataset/img/train_t2_0421_1.png|aun  heN  ee e  er eN   e  ee   ee ee eeeeeee
/data3fast/users/mbermudez/de_03/TFGDataset/img/train_t2_0768_2.png|wieeeee ee  e ee e een e  eee ee eeee e
/data3fast/users/mbermudez/de_03/TFGDataset/img/train_t2_0972_1.png|geseN e   eeee eer ee ee e
/data3fast/users/mbermudez/de_03/TFGDataset/img/train_t2_0218_2.png|aune  ee  e n    e e               n ee eer
/data3fast/users/mbermudez/de_03/TFGDataset/img/train_t2_1285_2.png|derer eee een eeee e     e  ee  e  n eee eeeeee eee
/data3fast/users/mbermudez/de_03/TFGDataset/img/train_t2_0826_0.png|and e ee  e  e eee  der ee         e   ee  en eee
/data3fast/users/mbermudez/de_03/TFGDataset/img/train_t2_1089.png|der ee  eee  e eee heN dee   ee  ee  e e eee eeeeeeee
/data3fast/users/mbermudez/de_03/TFGDataset/img/train_t2_0619_0.png|der eee  e     hee                         eee e e e
/data3fast/users/mbermudez/de_03/TFGDataset/img/train_t2_0147.png|and e ee   e    e der e                ee eeeee
/data3fast/users/mbermudez/de_03/TFGDataset/img/train_t2_1410_0.png|der  ee  ee   d e en ee  ee  ee   e eeee e eeN
/data3fast/users/mbermudez/de_03/TFGDataset/img/train_t2_0479_1.png|ger e  ee     ee n  e    e   e    ee eeeee ee
/data3fast/users/mbermudez/de_03/TFGDataset/img/train_t2_1390_2.png|gee n            e  e                   ee eee
/data3fast/users/mbermudez/de_03/TFGDataset/img/train_t2_0588_2.png|dee ee eee e  ee  ee   e  e  ee  eee   e e eeeee
/data3fast/users/mbermudez/de_03/TFGDataset/img/train_t2_0868.png|auf ee  ee     eee er  ee       ee  ee ee eeee
/data3fast/users/mbermudez/de_03/TFGDataset/img/train_t2_1080.png|geeee   ee    u  eN ee                e  eeen
/data3fast/users/mbermudez/de_03/TFGDataset/img/train_t2_0481_1.png|dee e  ee       eer          e          eend e
/data3fast/users/mbermudez/de_03/TFGDataset/img/train_t2_0317_1.png|win  eee eeee n    e ee  ee ee  ee eee eeeeNn ee
/data3fast/users/mbermudez/de_03/TFGDataset/img/train_t2_1361_2.png|au    ee  ee      ein  e    e   e  ee  eeee
/data3fast/users/mbermudez/de_03/TFGDataset/img/train_t2_0889_1.png|ees eeee  eee   eeN eee  ee  e ee ee eeee
/data3fast/users/mbermudez/de_03/TFGDataset/img/train_t2_0904_2.png|geeeneeeee eee  eer eee ee  eeeeeeeeeeeeeee
/data3fast/users/mbermudez/de_03/TFGDataset/img/train_t2_1490_1.png|aun  der  e  ee     e                 eee ndeN
/data3fast/users/mbermudez/de_03/TFGDataset/img/train_t2_1143_2.png|ee eee eee ee    er         e   e   e ee eee
/data3fast/users/mbermudez/de_03/TFGDataset/img/train_t2_0035_1.png|der ee dee  ee  e eee  e n ee  eer eee  eeeeee ee
/data3fast/users/mbermudez/de_03/TFGDataset/img/train_t2_1052_0.png|dee eeeee    e   nd  e   e             dee eeeeee
/data3fast/users/mbermudez/de_03/TFGDataset/img/train_t2_1366_0.png|ger eee  e   e   e        e      ee   e   eeee
/data3fast/users/mbermudez/de_03/TFGDataset/img/train_t2_0296_1.png|ded ee  ee eN ee n e     n  e e  ee  ee eeeee
/data3fast/users/mbermudez/de_03/TFGDataset/img/train_t2_0971_1.png|aasee e    er ee n     ee e ee  ee    eeeeeeee
/data3fast/users/mbermudez/de_03/TFGDataset/img/train_t2_0608_1.png|aus e  der ee            n      er der eeeee
/data3fast/users/mbermudez/de_03/TFGDataset/img/train_t2_0620_2.png|eeeeeeeeee   ee e eer ee n ee   ee  ee eeeeeee
/data3fast/users/mbermudez/de_03/TFGDataset/img/train_t2_0540.png|# der e  e ee   eee eee 
/data3fast/users/mbermudez/de_03/TFGDataset/img/train_t2_0094_2.png|ded dee ee  ee   er ee    e  ee  dee ee  eeee eeee
/data3fast/users/mbermudez/de_03/TFGDataset/img/train_t2_0351_2.png|gee ee e   er  e er e   eer ee   ee  ee  eeee
/data3fast/users/mbermudez/de_03/TFGDataset/img/train_t2_0294_2.png|auauf e  ee ee    ee     e              eeeee
/data3fast/users/mbermudez/de_03/TFGDataset/img/train_t2_0514_0.png|des ee eee  e e  hee  e  ee   ee ee   eee  ee eee  eeeeeeee
/data3fast/users/mbermudez/de_03/TFGDataset/img/train_t2_0857.png|der  e eee  ee   e  e    n  e   heN ee    eeee
/data3fast/users/mbermudez/de_03/TFGDataset/img/train_t2_0547_2.png|eee  ehee  n e    e  ee  e  ee  h ein e   eeeeeer
/data3fast/users/mbermudez/de_03/TFGDataset/img/train_t2_1345_0.png|geeeee ee  eee  en heN  ee  e   ee  eeeeeee
/data3fast/users/mbermudez/de_03/TFGDataset/img/train_t2_1177_2.png|dee eee  eeee ee eee  e  ee ee  e ee ee  eee eeeeN
/data3fast/users/mbermudez/de_03/TFGDataset/img/train_t2_1164_2.png|ans ee  ee e  ee  eee     ee eee e  eeeeeeeeeeeeer
/data3fast/users/mbermudez/de_03/TFGDataset/img/train_t2_0689_1.png|aud   der eeend der ee  e  ee ee  e  eeeeeeN
/data3fast/users/mbermudez/de_03/TFGDataset/img/train_t2_1402_1.png|auh ee    e  nd e          e         e ee  eeeeee
/data3fast/users/mbermudez/de_03/TFGDataset/img/train_t2_0921_1.png|dee  eee  ee e   ee ee  e  ee  e  ee ee eeeee
/data3fast/users/mbermudez/de_03/TFGDataset/img/train_t2_0960.png|der eeeee  eeer eee  e     e   ee  ee eee eendeen
/data3fast/users/mbermudez/de_03/TFGDataset/img/train_t2_0171_0.png|der eeeee eeee  ee ee eeeeeeeee
/data3fast/users/mbermudez/de_03/TFGDataset/img/train_t2_0831_2.png|gee eee ee  eheN  ee   e    eee eee eeeee
/data3fast/users/mbermudez/de_03/TFGDataset/img/train_t2_0058_0.png|der eee eee    e   ee   e      e ee  eee eee eeNeeen
/data3fast/users/mbermudez/de_03/TFGDataset/img/train_t2_0416.png|aus  e    e           ee      e    e  e  eerseer
/data3fast/users/mbermudez/de_03/TFGDataset/img/train_t2_0643_0.png|dee ee     e                          e    eerdeeN
/data3fast/users/mbermudez/de_03/TFGDataset/img/train_t2_1103_1.png|eenee eee  ee ee  e         e        e    ufeen eN 
/data3fast/users/mbermudez/de_03/TFGDataset/img/train_t2_0253_1.png|aund ee  e               e       ee   e  e dee
/data3fast/users/mbermudez/de_03/TFGDataset/img/train_t2_0002_2.png|aus  e        e                 ee   eee eee
/data3fast/users/mbermudez/de_03/TFGDataset/img/train_t2_0473_1.png|gereeee eeeeeeeee e ee eeeeee
/data3fast/users/mbermudez/de_03/TFGDataset/img/train_t2_1454_2.png|gereeeee eeee ee  ee  ee e  eee  eeeeeeee
/data3fast/users/mbermudez/de_03/TFGDataset/img/train_t2_1290.png|aand e   e         e             e    e   e d dee
/data3fast/users/mbermudez/de_03/TFGDataset/img/train_t2_1450_2.png|aau   ee  ee  e  e    ee     e   e    eeee eee
/data3fast/users/mbermudez/de_03/TFGDataset/img/train_t2_1367_0.png|geeeee  ee  e   e  e ee   er  eee    e   eee eee
/data3fast/users/mbermudez/de_03/TFGDataset/img/train_t2_0427_2.png|gan e   e  e  ee  e ee     e e e   ee  ee eeeee
/data3fast/users/mbermudez/de_03/TFGDataset/img/train_t2_0008_1.png|dnd der eee  ee  ee   ee   eee  eee eeeeee
/data3fast/users/mbermudez/de_03/TFGDataset/img/train_t2_0350_2.png|geeee eeee  ee  e  eer eee ee  ee  eee  eeeeee
/data3fast/users/mbermudez/de_03/TFGDataset/img/train_t2_1406_1.png|der ee  e  e    e  e  der  eee  e ee  ee  eeeeee
/data3fast/users/mbermudez/de_03/TFGDataset/img/train_t2_0108_2.png|aan eee ee  ee eeee e e ee  ee  ee eee eeeeeeeee
/data3fast/users/mbermudez/de_03/TFGDataset/img/train_t2_1055_1.png|dee ee  ee eee  e  e e eee eee ee ee eeeeee
/data3fast/users/mbermudez/de_03/TFGDataset/img/train_t2_0093_0.png|der eer e   e       er  e        or  e   e  e e
/data3fast/users/mbermudez/de_03/TFGDataset/img/train_t2_0424_1.png|we  e   e  e        en      ee    t N  ee e 
/data3fast/users/mbermudez/de_03/TFGDataset/img/train_t2_0482_1.png|geeeeeee eeeeeeee  eeer ee eeeee ee eeeeeeee
/data3fast/users/mbermudez/de_03/TFGDataset/img/train_t2_1470.png|de  e  ee        e  e  e   der eeer eeeeeeee
/data3fast/users/mbermudez/de_03/TFGDataset/img/train_t2_0809_1.png|de ee  ee    e    e nh e   e      ee  eee ee
/data3fast/users/mbermudez/de_03/TFGDataset/img/train_t2_1068_2.png|ger eee   e                e     n  e   eeeeeeee
/data3fast/users/mbermudez/de_03/TFGDataset/img/train_t2_0223.png|gee ee  ee   e  ee  ee    ee ee eer
/data3fast/users/mbermudez/de_03/TFGDataset/img/train_t2_0744_1.png|der eee ee  ch             eN der eee  e ner eeee
/data3fast/users/mbermudez/de_03/TFGDataset/img/train_t2_0834_2.png|ge ee  ee  e  e   ee  ee       ee e ee eeen
/data3fast/users/mbermudez/de_03/TFGDataset/img/train_t2_1322_2.png|der eee  ee  ee  n         h der  e  ee   nd der
/data3fast/users/mbermudez/de_03/TFGDataset/img/train_t2_1138_2.png|das  ee  ee er eeee ee  e  ee  e  e  e  e N der ee
/data3fast/users/mbermudez/de_03/TFGDataset/img/train_t2_0118.png|geeee  he   nd e  e e      n  e     e     eN der e
/data3fast/users/mbermudez/de_03/TFGDataset/img/train_t2_0199_2.png|der eee ee  e   e ee  e   e  e   e  e  e ee ee
/data3fast/users/mbermudez/de_03/TFGDataset/img/train_t2_1462_2.png|an  e   e  eun  eee  e  e      ee  ee eeeeeeee
/data3fast/users/mbermudez/de_03/TFGDataset/img/train_t2_0171_2.png|ans ee  ee  ee   e     e  eee   ee
/data3fast/users/mbermudez/de_03/TFGDataset/img/train_t2_1266.png|der  ee der eN  eh     e   nd der eee eeee eee
/data3fast/users/mbermudez/de_03/TFGDataset/img/train_t2_0604_2.png|der e ee  e   e  heN n e   ee   ee
/data3fast/users/mbermudez/de_03/TFGDataset/img/train_t2_0476_1.png|der eee ee  n  eeer  ee    ee ee 
/data3fast/users/mbermudez/de_03/TFGDataset/img/train_t2_0743_0.png|aus  e   e  n e   ee   e     e   ee  eeee der
/data3fast/users/mbermudez/de_03/TFGDataset/img/train_t2_0797_0.png|andee eeee  e    e  e    e       e   e ee  eeeeeee
/data3fast/users/mbermudez/de_03/TFGDataset/img/train_t2_0527.png|der eee eee  ee  eN eee ee n  ee  e  eeee heN der
/data3fast/users/mbermudez/de_03/TFGDataset/img/train_t2_1035_1.png|aun eeen e  heN  ee e      er ee  ee ee  en eee
/data3fast/users/mbermudez/de_03/TFGDataset/img/train_t2_1244.png|ges ee ee         e         der     e   en ee
/data3fast/users/mbermudez/de_03/TFGDataset/img/train_t2_1339_1.png|aue   nd e            das      h e        e  eee
/data3fast/users/mbermudez/de_03/TFGDataset/img/train_t2_0503_1.png|aud eee   e  ee    eeee   e   e e   ee  eee ee
/data3fast/users/mbermudez/de_03/TFGDataset/img/train_t2_1498_0.png|dee een e   e   e  ee  e  e   ee  e   e e  eeeee
/data3fast/users/mbermudez/de_03/TFGDataset/img/train_t2_0169.png|der eee er ee     e   e   e    e  e  eeeee
/data3fast/users/mbermudez/de_03/TFGDataset/img/train_t2_0391_0.png|der ee dnd ee ee e  en e  ee  ee  ee  eeeeeeee
/data3fast/users/mbermudez/de_03/TFGDataset/img/train_t2_1419.png|geree eee  e        en e  ee      ee   eeeeeee
/data3fast/users/mbermudez/de_03/TFGDataset/img/train_t2_1182_0.png|dee eeeen ee  e  ee  ee  ee ee n ee  ee ee  eeeeeee
/data3fast/users/mbermudez/de_03/TFGDataset/img/train_t2_0828_0.png|aud e   er  e  e     er        er  e  ee   eeee
/data3fast/users/mbermudez/de_03/TFGDataset/img/train_t2_1387_0.png|geeeeeee eee  ee  e ee     e   ee  ee e eeeeeeee
/data3fast/users/mbermudez/de_03/TFGDataset/img/train_t2_0720.png|dee ee eeeee  eee  eeeee ee e  hee   eeee  eeeeee
/data3fast/users/mbermudez/de_03/TFGDataset/img/train_t2_0880.png|aun ee eee ee  ee e e eee  ee eeeeeeeeee
/data3fast/users/mbermudez/de_03/TFGDataset/img/train_t2_0163_2.png|dee eee ee eee  ee  e eee  eee heN an  ee  eeee e
/data3fast/users/mbermudez/de_03/TFGDataset/img/train_t2_1293_0.png|gen ee eer  ee  e  e   e  ee   er   e  eeeeee
/data3fast/users/mbermudez/de_03/TFGDataset/img/train_t2_1214_2.png|aun    d                                  eeee
/data3fast/users/mbermudez/de_03/TFGDataset/img/train_t2_1310_1.png|geeeeeeeeee ee ee  ee ee  ee  e eee eeeee
/data3fast/users/mbermudez/de_03/TFGDataset/img/train_t2_0074_1.png|gen  en eN ee  e  e          e  e  ee eeeeeeee
/data3fast/users/mbermudez/de_03/TFGDataset/img/train_t2_1014_2.png|geeeeee ee eN eee  e   ee   eee  e  ee eeeeee
/data3fast/users/mbermudez/de_03/TFGDataset/img/train_t2_1145.png|ges ee  ee       ee   ee   er ee    ee  ee ee
/data3fast/users/mbermudez/de_03/TFGDataset/img/train_t2_1465.png|aund der    e            d r           der der der
/data3fast/users/mbermudez/de_03/TFGDataset/img/train_t2_0294_1.png|aus  ee  eeee ee   e   ee  er eee   e eeeee eeee
/data3fast/users/mbermudez/de_03/TFGDataset/img/train_t2_0090_2.png|dee eeeee e eeeeeeeeee  eee ee  ee eeeeeeee
/data3fast/users/mbermudez/de_03/TFGDataset/img/train_t2_0215_0.png|ae ee ee eeer  ee   e      ee ee     e  ee   eeeeeee
/data3fast/users/mbermudez/de_03/TFGDataset/img/train_t2_0033_1.png|ger eee  e  e   e      ee  e    ee    e  eee eeeee
/data3fast/users/mbermudez/de_03/TFGDataset/img/train_t2_1431_2.png|der eee   ee       e  e   e der ee eeee eeee
/data3fast/users/mbermudez/de_03/TFGDataset/img/train_t2_0535_0.png|aas ee  e   der        e   er e    ee  e  eeee
/data3fast/users/mbermudez/de_03/TFGDataset/img/train_t2_0835_1.png|der  ee ee n            ee  e         e  e  ee eeeee
/data3fast/users/mbermudez/de_03/TFGDataset/img/train_t2_0717_0.png|der  ee  e  ee         ee   eer e          eeee eee
/data3fast/users/mbermudez/de_03/TFGDataset/img/train_t2_1009.png|aun  ee    er  e         e          ee  eeeee
/data3fast/users/mbermudez/de_03/TFGDataset/img/train_t2_1324_2.png|ie ee   ee  ee     e       er ee  e  ee  ee eee
/data3fast/users/mbermudez/de_03/TFGDataset/img/train_t2_0009_2.png|gee  ee  e n                    e   ee  eee
/data3fast/users/mbermudez/de_03/TFGDataset/img/train_t2_0652_1.png|der eee ee n e      e       eee   eee ee ee
/data3fast/users/mbermudez/de_03/TFGDataset/img/train_t2_1193.png|geree eee en ee  ee ee  ee eN der eeeeeeeeeeeee
/data3fast/users/mbermudez/de_03/TFGDataset/img/train_t2_0632_1.png|aee  ee ee     ee  eer nee    ee     een eeNn
/data3fast/users/mbermudez/de_03/TFGDataset/img/train_t2_1143_0.png|den ee   e ee  e    e   eee   n ee  eeeeN
/data3fast/users/mbermudez/de_03/TFGDataset/img/train_t2_0695.png|eeeeeeeeee eeeee  een eeN eee  n ee eee eeeen e
/data3fast/users/mbermudez/de_03/TFGDataset/img/train_t2_0995.png|gee ee    en  e     n         er e          nd e
/data3fast/users/mbermudez/de_03/TFGDataset/img/train_t2_0326_1.png|aes ee   ee  e     e  ee      n         dee er ee
/data3fast/users/mbermudez/de_03/TFGDataset/img/train_t2_0917_0.png|# eeee ee  e  e     ee e  e
/data3fast/users/mbermudez/de_03/TFGDataset/img/train_t2_1499_2.png|see eee eee ee  e  e  e hee  e  ee  e  eN un der eeeeee
/data3fast/users/mbermudez/de_03/TFGDataset/img/train_t2_1213_2.png|eee eee  e    e   e h e         e e    ee eenee
/data3fast/users/mbermudez/de_03/TFGDataset/img/train_t2_0811_2.png|aand dee       e    h  in     e        er een eN 
/data3fast/users/mbermudez/de_03/TFGDataset/img/train_t2_0443_1.png|eee eeee eeee ee  ee N ee eeeeeer eeeeeeeeneeN
/data3fast/users/mbermudez/de_03/TFGDataset/img/train_t2_0106.png|dee eee heeheN  ee e  eee  e  nheN der eeeeNee
/data3fast/users/mbermudez/de_03/TFGDataset/img/train_t2_0157_1.png|ger eee e  nee    e    h e ee   ee  eeeeN
/data3fast/users/mbermudez/de_03/TFGDataset/img/train_t2_0191.png|geeeeee e eee     e    eN eee  e     e n eeen
/data3fast/users/mbermudez/de_03/TFGDataset/img/train_t2_0722_2.png|ahe  een eeeN  e        e      er ee  en eee eeee
