/data3fast/users/mbermudez/de_02/TFGDataset/img/T2_0740.png|dee         ee  essssse  **   *****  sss ssss  ssss        de
/data3fast/users/mbermudez/de_02/TFGDataset/img/T2_0563.png|aanneeee      iitt   sss ss    lllleeeeeeee
/data3fast/users/mbermudez/de_02/TFGDataset/img/T2_1158.png|aan     eeeeeee  e    eeeeeeeeee   sssssssssllll
/data3fast/users/mbermudez/de_02/TFGDataset/img/T2_1401.png|nnn  ssssshhhhh                            
/data3fast/users/mbermudez/de_02/TFGDataset/img/T2_0477.png|lliheeee ee           eeeeeeeeeeeeeee         aaaa
/data3fast/users/mbermudez/de_02/TFGDataset/img/T2_0633.png|der cchhhhhhhhheeeeee**********
/data3fast/users/mbermudez/de_02/TFGDataset/img/T2_1035.png|lllhh      nnnnnn ndd eeeeeeeeeeeeeeeeei   nnn
/data3fast/users/mbermudez/de_02/TFGDataset/img/T2_1280.png|geeeeee
/data3fast/users/mbermudez/de_02/TFGDataset/img/T2_0305.png|dee  chhh              dd    e  ccc    eeeeeeeeeeeeeeeeee
/data3fast/users/mbermudez/de_02/TFGDataset/img/T2_0427.png|aaa      n    hhhhhhheheee    eeeeeeeeeeeeeeeee
/data3fast/users/mbermudez/de_02/TFGDataset/img/T2_0562.png|mnnneeeee**....
/data3fast/users/mbermudez/de_02/TFGDataset/img/T2_0945.png|iih      eeeeeeeeeeehheeeeeeeeee        
/data3fast/users/mbermudez/de_02/TFGDataset/img/T2_0233.png|beeehhhcieeeee  *    eeeeeeeeeeeee     ddddd  e  hhhh
/data3fast/users/mbermudez/de_02/TFGDataset/img/T2_0324.png|wiiihhhhhhhh  nn        llleeeeee   ee
/data3fast/users/mbermudez/de_02/TFGDataset/img/T2_0624.png|die ssssseeeeeeeeeeeeeeeeeeeeee      d  ssssss
/data3fast/users/mbermudez/de_02/TFGDataset/img/T2_1176.png|iieeeeeeeeeeeeeee   aaa  hhhhhheeeeeeeeeesssse
/data3fast/users/mbermudez/de_02/TFGDataset/img/T2_1079.png|hhhhee    eeeeele    e             eeee
/data3fast/users/mbermudez/de_02/TFGDataset/img/T2_1363.png|de        ttllllllllleeeeeeeeeeeeee        aaa
/data3fast/users/mbermudez/de_02/TFGDataset/img/T2_0592.png|ii  sseeeeeeeeeehe   n     u      ee          nd
/data3fast/users/mbermudez/de_02/TFGDataset/img/T2_0698.png|"     nn     hihieeeeeeeeehhhhhheeeeeeeeeeee
/data3fast/users/mbermudez/de_02/TFGDataset/img/T2_0961.png|beee                tt    s    eeeee   aaaaauu
/data3fast/users/mbermudez/de_02/TFGDataset/img/T2_1119.png|zt  eeeeeeeeeeeeee i                    ssssss       
/data3fast/users/mbermudez/de_02/TFGDataset/img/T2_1365.png|eee         ss  ss    eeeeeeeleeeee   ellee
/data3fast/users/mbermudez/de_02/TFGDataset/img/T2_0923.png|"     e         eeeee   i i   i  ieeeee
/data3fast/users/mbermudez/de_02/TFGDataset/img/T2_1112.png|ii       aaa  aa   aaahaaa       eeeeeeeeeehhhh
/data3fast/users/mbermudez/de_02/TFGDataset/img/T2_0539.png|weeee sss  ee    eeeeeeeeeeeess eeeeeeeeeeee
/data3fast/users/mbermudez/de_02/TFGDataset/img/T2_0897.png|geeee  eeeeeeheeeeeeeeeeeee*******      aall
/data3fast/users/mbermudez/de_02/TFGDataset/img/T2_0483.png|ss     nnnnnn   aaa  eeeeeeeeeeee    sss   eeeeeee
/data3fast/users/mbermudez/de_02/TFGDataset/img/T2_1174.png|iiir                  eeeeeeeeeeeeeeeeeeeeeeeeeee
/data3fast/users/mbermudez/de_02/TFGDataset/img/T2_1124.png|weeiieeee e  iii       dddddddssss   deeeeee
/data3fast/users/mbermudez/de_02/TFGDataset/img/T2_1297.png|uuueeeeeellllllla aa          aaa      eeeeeeeeee
/data3fast/users/mbermudez/de_02/TFGDataset/img/T2_1009.png|"    eeeeeeieeeeeeeeeeeei       aaaassss
/data3fast/users/mbermudez/de_02/TFGDataset/img/T2_0763.png|sscchhhheeeeee e   ddddd d dd deeeeeeetttttt    u
/data3fast/users/mbermudez/de_02/TFGDataset/img/T2_0874.png|nnnneee e sscchhhh hh              eeeeeeeee        d
/data3fast/users/mbermudez/de_02/TFGDataset/img/T2_0358.png|"    ss hh    eeeeelllll ssss      eeeeeeeeee
/data3fast/users/mbermudez/de_02/TFGDataset/img/T2_0051.png|ccchhhh    hhheeeeeeeeeeee    d  ddd      eeeeeee
/data3fast/users/mbermudez/de_02/TFGDataset/img/T2_0497.png|daa     a             eeeeeeeeeiscchhh    ii
/data3fast/users/mbermudez/de_02/TFGDataset/img/T2_0864.png|maa             e e    eee          s   deeeeee
/data3fast/users/mbermudez/de_02/TFGDataset/img/T2_0960.png|deeeeeeeeeeeeeeeeee*           e            eeeeeeesssssee
/data3fast/users/mbermudez/de_02/TFGDataset/img/T2_1019.png|geeeee  nnnii iihhhh     eeeeeeeee
/data3fast/users/mbermudez/de_02/TFGDataset/img/T2_0568.png|ceeeee     sssas       eeeeiieeeeeeee    et
/data3fast/users/mbermudez/de_02/TFGDataset/img/T2_0650.png|lllleeeeeeeeeeeeeeeeeeeene                     hhhh
/data3fast/users/mbermudez/de_02/TFGDataset/img/T2_1046.png|deetttttttttt..
/data3fast/users/mbermudez/de_02/TFGDataset/img/T2_1134.png|tee     assssleeeeeeeeeeeeeeeeeeee   eeee
/data3fast/users/mbermudez/de_02/TFGDataset/img/T2_0155.png|"              sssc       ****ttttttt   eeeeeeeeNNN
/data3fast/users/mbermudez/de_02/TFGDataset/img/T2_1346.png|lll             eeeeeeeeeeee     aasssaaaaa
/data3fast/users/mbermudez/de_02/TFGDataset/img/T2_1192.png|wer   essseeeeeeeeeeeeeeeeeessssss           eeeeeeeeeee
/data3fast/users/mbermudez/de_02/TFGDataset/img/T2_0486.png|de          eeeeeeeeshhhhhhhh               eeehhhhhh
/data3fast/users/mbermudez/de_02/TFGDataset/img/T2_1066.png|wer    dd  eeeeeieeeee e         aaas  s   ii
/data3fast/users/mbermudez/de_02/TFGDataset/img/T2_0397.png|aaaa     dd  eeeeeeeeeeeeeeeee  ssssssst
/data3fast/users/mbermudez/de_02/TFGDataset/img/T2_0338.png|eee   sssssssaaaaa    e            *****eeeeeeeeeee
/data3fast/users/mbermudez/de_02/TFGDataset/img/T2_0301.png|bbe      s eeeeed de sss         eeeeeeee   aaa
/data3fast/users/mbermudez/de_02/TFGDataset/img/T2_0106.png|"  sssssshh           *eeeeeeNe
/data3fast/users/mbermudez/de_02/TFGDataset/img/T2_0458.png|dii                    s  l       eeeeeeeeeeeeeeesssss
/data3fast/users/mbermudez/de_02/TFGDataset/img/T2_0838.png|shhh            etttttttt a  a      nn eeeeee
/data3fast/users/mbermudez/de_02/TFGDataset/img/T2_1458.png|dee  iiiiii  i       eeee*         eeeeeeeee
/data3fast/users/mbermudez/de_02/TFGDataset/img/T2_0827.png|diieeeeeiiiiii     nnn      eeeeeeeeeeeeeeeee
/data3fast/users/mbermudez/de_02/TFGDataset/img/T2_1274.png|aass   eeeedd   s     aa  eeeeeeeeeeeeeeN
/data3fast/users/mbermudez/de_02/TFGDataset/img/T2_1160.png|**********  e  chcccc   eeeeeeeeeeeeeee        eeeeeeeee
/data3fast/users/mbermudez/de_02/TFGDataset/img/T2_1100.png|ihhn     eeeeeeeeelleeeeeeeessssh          eee
/data3fast/users/mbermudez/de_02/TFGDataset/img/T2_0510.png|hheeeeeeeeeee             eeeeeeeeeeeeeeeeeeeeeeeeehhhhh
/data3fast/users/mbermudez/de_02/TFGDataset/img/T2_0693.png|nn   ssseeeeeeeeeeeeeeeedd            heeeeheee
/data3fast/users/mbermudez/de_02/TFGDataset/img/T2_0759.png|der  aa    eeeeeeeeeeehh       nnnnnnennnnnnnnn
/data3fast/users/mbermudez/de_02/TFGDataset/img/T2_0435.png|nee           hhhh  e eeeeee  seeeeeeeeee   nnn  tt
/data3fast/users/mbermudez/de_02/TFGDataset/img/T2_0996.png|der tttt           ee           ********        sss
/data3fast/users/mbermudez/de_02/TFGDataset/img/T2_0784.png|dii    aa       eeeeelllllleeeeeessseeeesssslllle
/data3fast/users/mbermudez/de_02/TFGDataset/img/T2_0557.png|bee    nnnn  eeeeeeeeeee  hhnnnnnnnnnnnnn
/data3fast/users/mbermudez/de_02/TFGDataset/img/T2_0729.png|eeeeeeeeeeeeee  aaa   t
/data3fast/users/mbermudez/de_02/TFGDataset/img/T2_1267.png|ca     aa    sttstttttt  e*****tt t tt     e
/data3fast/users/mbermudez/de_02/TFGDataset/img/T2_1385.png|iit t   eeeeeeeeee e      eeee       sshccc   eeeeehhh
/data3fast/users/mbermudez/de_02/TFGDataset/img/T2_0108.png|dss  eeeeeeeeeiissshheeeeeeeeeeeeeeee    nn 
/data3fast/users/mbermudez/de_02/TFGDataset/img/T2_0476.png|der               eeee
/data3fast/users/mbermudez/de_02/TFGDataset/img/T2_1281.png|uu   eeeeee        ss ss    eeeee eeeeeeeeeeeeeeee
/data3fast/users/mbermudez/de_02/TFGDataset/img/T2_1456.png|wrrr   d   eeeeeeeesseess  eeeeeeeeeeeeeee    nnnn
/data3fast/users/mbermudez/de_02/TFGDataset/img/T2_0319.png|shheeeeee              le ee              eeeeeeeee
/data3fast/users/mbermudez/de_02/TFGDataset/img/T2_0428.png|"         a     sllleeeeeeeeeeeeee    n   eee
/data3fast/users/mbermudez/de_02/TFGDataset/img/T2_1208.png|dasssseeeeeee  nn     eeeeee  e eeeeeeee
/data3fast/users/mbermudez/de_02/TFGDataset/img/T2_1072.png|aaa   eeeeeeeeeehhhee                         sss
/data3fast/users/mbermudez/de_02/TFGDataset/img/T2_0245.png|iieeeeeeeeeeeeeeehhheee      d
/data3fast/users/mbermudez/de_02/TFGDataset/img/T2_1287.png|eeet       uuuuuuuuuuuuuuu   eeeeeeeehh     aaa
/data3fast/users/mbermudez/de_02/TFGDataset/img/T2_1099.png|che           hhhheeenn            sssss eeeeeeeeee
/data3fast/users/mbermudez/de_02/TFGDataset/img/T2_0163.png|deeeeeeeeeeeeeee         ssseeeehhheeeeecchhhhhhhhaaa
/data3fast/users/mbermudez/de_02/TFGDataset/img/T2_0943.png|eee         d   eeeeeeihhhhellleeeeee 
/data3fast/users/mbermudez/de_02/TFGDataset/img/T2_0341.png|eeellheeeeeeeeeeeeeeeittt     eeeeiihhhe   
/data3fast/users/mbermudez/de_02/TFGDataset/img/T2_0084.png|wnn      e eee           eeeeee      ss      eeeeeeeeeeeeee
/data3fast/users/mbermudez/de_02/TFGDataset/img/T2_0075.png|"   eeeelslllllt ...
/data3fast/users/mbermudez/de_02/TFGDataset/img/T2_0573.png|aan   eeeeeeeeeeeeeeeeeeesssseee    dddeeeeeeeiii
/data3fast/users/mbermudez/de_02/TFGDataset/img/T2_0840.png|wnn  d    eeeeeeee ee   ******......
/data3fast/users/mbermudez/de_02/TFGDataset/img/T2_0552.png|nneeeeeeeeeee         neeeeeeeeeeeeeeeee
/data3fast/users/mbermudez/de_02/TFGDataset/img/T2_1000.png|teeeeeeeeeeeihh           eeeeeeeeeeeeeeeeeeeeeee
/data3fast/users/mbermudez/de_02/TFGDataset/img/T2_0711.png|eeeeee nn n nnn  eeeeeeg aa  asss     eeeeeee*
/data3fast/users/mbermudez/de_02/TFGDataset/img/T2_1455.png|m   eeeeeeeleh      hhhhhhhhheee          iieeee
/data3fast/users/mbermudez/de_02/TFGDataset/img/T2_0399.png|aahhheeeeeeeeellll  eeeeeee              dde
/data3fast/users/mbermudez/de_02/TFGDataset/img/T2_0467.png|ss    eeeeee e e         sssssssss              nnn
/data3fast/users/mbermudez/de_02/TFGDataset/img/T2_1015.png|tt            eeeeehhhh         n  eeeeeeeee
/data3fast/users/mbermudez/de_02/TFGDataset/img/T2_1223.png|aaa          lllssssssssseee  d   aaaaaa    dd
/data3fast/users/mbermudez/de_02/TFGDataset/img/T2_1092.png|ddr                   aa       eeeeeee   hlllll
/data3fast/users/mbermudez/de_02/TFGDataset/img/T2_0623.png|drr               eeiiiiiiiiiii     eeeeett
/data3fast/users/mbermudez/de_02/TFGDataset/img/T2_1467.png|iittaaaaaaaaaaaaaa     teeeeeee  nnnnnn  hhh
/data3fast/users/mbermudez/de_02/TFGDataset/img/T2_0858.png|uundd      eeeeeeeeeeeeeeeeeeee   ssss
/data3fast/users/mbermudez/de_02/TFGDataset/img/T2_0110.png|aaasssssshhhhhhheeeeee     aas   eeeeeeeeeeeeeen
/data3fast/users/mbermudez/de_02/TFGDataset/img/T2_1466.png|waa           ee ee     eeeeeeeeeeeeeeee e   sssschh
/data3fast/users/mbermudez/de_02/TFGDataset/img/T2_1336.png|iiie   hhhllll    ....
/data3fast/users/mbermudez/de_02/TFGDataset/img/T2_0261.png|geeeeeessssssssssssseeeeeeeeeee    aaunnnnnnn
/data3fast/users/mbermudez/de_02/TFGDataset/img/T2_0252.png|geeeeeeeeenn iiii        eeeeeeeeeee
/data3fast/users/mbermudez/de_02/TFGDataset/img/T2_1285.png|"       eeeeeeeee ee eeeeeee eeeeeeeee  eeeee *  *eeeeeeeeee
/data3fast/users/mbermudez/de_02/TFGDataset/img/T2_0634.png|"            e nneeeeeeeeeeeeeeeeee         
/data3fast/users/mbermudez/de_02/TFGDataset/img/T2_0139.png|stttt         e           eeeeeeeeeeeeeeeeeeeeeeee
/data3fast/users/mbermudez/de_02/TFGDataset/img/T2_0663.png|geeeeeeeeeeeee              eeeeeeessseeeeeeeeeeeeee
/data3fast/users/mbermudez/de_02/TFGDataset/img/T2_0222.png|tttee             d  ess         eeeeeeeee            
/data3fast/users/mbermudez/de_02/TFGDataset/img/T2_0523.png|tettt   hhheeeeeeeee    n       eeeeee  seee
/data3fast/users/mbermudez/de_02/TFGDataset/img/T2_1298.png|de   shhhhhleeeelleeelll   aaa    eeeeeehhhhhh
/data3fast/users/mbermudez/de_02/TFGDataset/img/T2_0447.png|nnn eeeeeeeeee eeeeeeeeeeeeeeeeeeee    dddddd
/data3fast/users/mbermudez/de_02/TFGDataset/img/T2_0715.png|mmt    nnnnnn eeeeee ddddd           hhnn
/data3fast/users/mbermudez/de_02/TFGDataset/img/T2_0577.png|dii  sstttttii                eeesse ss    dddee
/data3fast/users/mbermudez/de_02/TFGDataset/img/T2_0607.png|lllll      ssssssssss    dddssssssseeeeeeeee
/data3fast/users/mbermudez/de_02/TFGDataset/img/T2_0034.png|#  
/data3fast/users/mbermudez/de_02/TFGDataset/img/T2_1114.png|iichhh   eeeeeeeeeeeeeeeeeeee          eeeeee n nnnaaaa
/data3fast/users/mbermudez/de_02/TFGDataset/img/T2_1139.png|ttt     aaaa    hhhhhhheeeeeeee  eeeeeeeee
/data3fast/users/mbermudez/de_02/TFGDataset/img/T2_0471.png|free       hhhhhh               ddeddeeee  rrrttt
/data3fast/users/mbermudez/de_02/TFGDataset/img/T2_1343.png|iin          e eiii        t tttt    iieeeeeeeeeeeeee
/data3fast/users/mbermudez/de_02/TFGDataset/img/T2_1228.png|gee   ddd d   ssssssssssssss   eeeeeeeeeeeeeeeeee
/data3fast/users/mbermudez/de_02/TFGDataset/img/T2_1183.png|"        sssss      eeeeeeeeeeeeeeeeeee  ********nnnn
/data3fast/users/mbermudez/de_02/TFGDataset/img/T2_0183.png|aaeeeeeeeeeeee   dd e esseeeeeeeeeeee nnhhh
/data3fast/users/mbermudez/de_02/TFGDataset/img/T2_0625.png|deeeeeeeeeeeeeeee           chh             nn
/data3fast/users/mbermudez/de_02/TFGDataset/img/T2_0145.png|sicchtttttttt                 t   t           sssssss
/data3fast/users/mbermudez/de_02/TFGDataset/img/T2_1061.png|bre    elllll  e      eeeeeeeeeeee   nn    sss
/data3fast/users/mbermudez/de_02/TFGDataset/img/T2_0890.png|eee           sssssshhhlleeeeesssseeeeeee     ss e
/data3fast/users/mbermudez/de_02/TFGDataset/img/T2_1169.png|derrrtttttt             eeeeeeee    aa       de
/data3fast/users/mbermudez/de_02/TFGDataset/img/T2_0066.png|frrre eeeeeelhteeee            leeeessh
/data3fast/users/mbermudez/de_02/TFGDataset/img/T2_0383.png|iiieehhheeeeseeeeeeeeeee  dddddd         leeeeeeee
/data3fast/users/mbermudez/de_02/TFGDataset/img/T2_0697.png|cch             lleeeeeeeeeeeee  ee       aaall
/data3fast/users/mbermudez/de_02/TFGDataset/img/T2_0255.png|"      a           eeeellllll    eeeeeeeeee
/data3fast/users/mbermudez/de_02/TFGDataset/img/T2_0683.png|eeeesssssseeeeeeeeee   eeee     i eeeeeeeeee
/data3fast/users/mbermudez/de_02/TFGDataset/img/T2_1489.png|naachhhh         ddddddss   n nn     eeettt
/data3fast/users/mbermudez/de_02/TFGDataset/img/T2_0481.png|seeeeeeeeeeeeeeeeeeeee    ssssss           aaaa
/data3fast/users/mbermudez/de_02/TFGDataset/img/T2_0502.png|geeaa     nnnieeeehhhhhhnnnnnn   eeeee
/data3fast/users/mbermudez/de_02/TFGDataset/img/T2_1089.png|inn eeeeeeeeeeeeleeeeeeeeeeeeeeeeeeeeeeee s    eeeed
/data3fast/users/mbermudez/de_02/TFGDataset/img/T2_0288.png|iiii   e eee   eeeeeeee     eeeeeeeeeeeeeeee       
/data3fast/users/mbermudez/de_02/TFGDataset/img/T2_1132.png|errlllllleeeeeeeeeeeeeeeeee ssssss       
/data3fast/users/mbermudez/de_02/TFGDataset/img/T2_1259.png|# 
/data3fast/users/mbermudez/de_02/TFGDataset/img/T2_1101.png|deeeeelleeeeeeeee   ddd   se       u  eed
/data3fast/users/mbermudez/de_02/TFGDataset/img/T2_1342.png|auun  eee     nnnnn   eeee    teeeeeeeeeeeee aaa
/data3fast/users/mbermudez/de_02/TFGDataset/img/T2_0786.png|ann  hhhhhhhlllhheeeeeeeeeeeee  dddddeeeiiichh
/data3fast/users/mbermudez/de_02/TFGDataset/img/T2_0144.png|chheeeee        eeeeeeeeeeeee sssssssltt     
/data3fast/users/mbermudez/de_02/TFGDataset/img/T2_1277.png|de           n      eeeeeeeeeeee              eeeeeeee
/data3fast/users/mbermudez/de_02/TFGDataset/img/T2_0878.png|wrrrn   aa   llleeeeeee           sshhhhchhhth
/data3fast/users/mbermudez/de_02/TFGDataset/img/T2_1278.png|bee      eeeeeeeeeeeeeeeeeeee               ......
/data3fast/users/mbermudez/de_02/TFGDataset/img/T2_0395.png|da       ii   nneeeiiiiiiieeeeeee    assssssaa
/data3fast/users/mbermudez/de_02/TFGDataset/img/T2_0461.png|daaa    eeeeeeeeeeeeesssssssscccchhhh          ee
/data3fast/users/mbermudez/de_02/TFGDataset/img/T2_0720.png|nn  eeeeeee              eeeeeeeeeeeee     ll     se
/data3fast/users/mbermudez/de_02/TFGDataset/img/T2_1366.png|frreee   iiieehlhht           *  *****       uuguee
/data3fast/users/mbermudez/de_02/TFGDataset/img/T2_1115.png|iiieeeeeeeeeeeeeeeeeeeeee               n
/data3fast/users/mbermudez/de_02/TFGDataset/img/T2_1243.png|eeee   s   e      e  eeeeeee s eeeeeeeeessssseeeee
/data3fast/users/mbermudez/de_02/TFGDataset/img/T2_0297.png|dee                tcch      shheeeeeeeee    
/data3fast/users/mbermudez/de_02/TFGDataset/img/T2_0265.png|iieeeeee****e      d        eeeeehhe          ssse
/data3fast/users/mbermudez/de_02/TFGDataset/img/T2_0208.png|ddd  eeeeeeeeeeeee        ehcchhhhhh      
/data3fast/users/mbermudez/de_02/TFGDataset/img/T2_0779.png|weeeeeeeeeeeeeeeeeeeeeeeheei      sss   eeeeeeeeNN
/data3fast/users/mbermudez/de_02/TFGDataset/img/T2_1367.png|"  eeeeeesssssssssss hh    a  eleeeeeeeeeeheeeee
/data3fast/users/mbermudez/de_02/TFGDataset/img/T2_1389.png|dee      a  aa      hhhheeeeeeeeeee   aaa
/data3fast/users/mbermudez/de_02/TFGDataset/img/T2_1417.png|iii      dddddd       a       eeeeeet
/data3fast/users/mbermudez/de_02/TFGDataset/img/T2_1245.png|deee
/data3fast/users/mbermudez/de_02/TFGDataset/img/T2_0614.png|wieeeeeeeeeeeeee              eeeeeeee    s ssssss  eee
/data3fast/users/mbermudez/de_02/TFGDataset/img/T2_1238.png|dnn    eeeeeeeeeeeeeeeeeeeeeee**           eeeeNeeNe
/data3fast/users/mbermudez/de_02/TFGDataset/img/T2_0037.png|eeeei    iccchhhheeeee   nd    eeeeeeeeeeeee t
/data3fast/users/mbermudez/de_02/TFGDataset/img/T2_0718.png|dee          eeeeeehhnnhh   nn n     deeeee
/data3fast/users/mbermudez/de_02/TFGDataset/img/T2_0444.png|gggg  eeeeeeeeeeeeeeeeee     asssshhh   sss eeeeeee
/data3fast/users/mbermudez/de_02/TFGDataset/img/T2_0398.png|mi               e e      st  ttt    eeeesssss
/data3fast/users/mbermudez/de_02/TFGDataset/img/T2_0059.png|bee nnnnnn n      hlleelleee eeeeeeeedddddddd
/data3fast/users/mbermudez/de_02/TFGDataset/img/T2_0093.png|di     aan     eeeeeeeeeeeeeeeee    ttttt
/data3fast/users/mbermudez/de_02/TFGDataset/img/T2_0189.png|sshhhheeeeeeeeeeee        llll   ttt    eeeeeeeeeeee
/data3fast/users/mbermudez/de_02/TFGDataset/img/T2_0929.png|ttt    ddddsssssssss     iiiiti    nnnnnnnnnnn
/data3fast/users/mbermudez/de_02/TFGDataset/img/T2_1128.png|iia       e eeeeeeeeeeeeeeeessttttt    eeeeeeeee
/data3fast/users/mbermudez/de_02/TFGDataset/img/T2_1397.png|dasss                   iiii  sieeee
/data3fast/users/mbermudez/de_02/TFGDataset/img/T2_0292.png|aann      iiiinnnnn e   ee  hhhhhhhheeeeeeee
/data3fast/users/mbermudez/de_02/TFGDataset/img/T2_0488.png|aheeeeenneeeeeeeeeeeennnnn  eeeeehhhhha
/data3fast/users/mbermudez/de_02/TFGDataset/img/T2_1410.png|unddd    ee e  e sssss       tttttttttttt     
/data3fast/users/mbermudez/de_02/TFGDataset/img/T2_0244.png|beeeeeeeeeeeeeeeeeee       eeeeeeeeeeeee
/data3fast/users/mbermudez/de_02/TFGDataset/img/T2_0589.png|mii  eeeeeeeeesssseeeeeeeeeeeeeeeecchhhee         
/data3fast/users/mbermudez/de_02/TFGDataset/img/T2_0248.png|geere    eeeeeeeeeeeeeeeeeee      e     eee      
/data3fast/users/mbermudez/de_02/TFGDataset/img/T2_0015.png|derreeeeeeeeeeeeeeeeeeeeeeellllllllsssaattt
/data3fast/users/mbermudez/de_02/TFGDataset/img/T2_0259.png|der              eeeeeeeeeeeee                ee
/data3fast/users/mbermudez/de_02/TFGDataset/img/T2_0505.png|nnneeeeeeeeeeeeeeeeeeee
/data3fast/users/mbermudez/de_02/TFGDataset/img/T2_0463.png|dee  ***e  ee eee   h      n     eesessssss     a e
/data3fast/users/mbermudez/de_02/TFGDataset/img/T2_0079.png|mii eeeeeeessss                 hheee   nneeeee
/data3fast/users/mbermudez/de_02/TFGDataset/img/T2_0882.png|weeeeeeeeeeeeeeeeennneeeeeeeeeee       nnn
/data3fast/users/mbermudez/de_02/TFGDataset/img/T2_1462.png|annn     hhhh  neeeee   nn       eeii    ee
/data3fast/users/mbermudez/de_02/TFGDataset/img/T2_0946.png|unneeeeeeee     ssssss     ssss            eeee
/data3fast/users/mbermudez/de_02/TFGDataset/img/T2_0459.png|see      u        eeeiieeeeeeeeeee       nneeee
/data3fast/users/mbermudez/de_02/TFGDataset/img/T2_1240.png|beeeeeeeeeeeeeeeeeeee eeeeeeeeeeeeeeeeeeeeee       aaaee
/data3fast/users/mbermudez/de_02/TFGDataset/img/T2_0239.png|"    ssssseeeeeeee  ..
/data3fast/users/mbermudez/de_02/TFGDataset/img/T2_0393.png|bssssssllll         ddddeeeiii  ch  aaaaal
/data3fast/users/mbermudez/de_02/TFGDataset/img/T2_0687.png|aallllhhh   eeeeeeeeegeegeeeeeeeeeeeeeeeeeeeee
/data3fast/users/mbermudez/de_02/TFGDataset/img/T2_0298.png|un  eessccchhhhhhh                   eeeeeeeeeeeeeeeeeeee
/data3fast/users/mbermudez/de_02/TFGDataset/img/T2_0440.png|der    nn        tttttt t.
/data3fast/users/mbermudez/de_02/TFGDataset/img/T2_0024.png|bbeeeeeeeesll     tt    eeeeeeee ee     sss    dd
/data3fast/users/mbermudez/de_02/TFGDataset/img/T2_1118.png|der  aaaa         eee     nnnnn               deee
/data3fast/users/mbermudez/de_02/TFGDataset/img/T2_1482.png|soo    nnd eeee eeeeehhhll   aaaaaaall
/data3fast/users/mbermudez/de_02/TFGDataset/img/T2_0344.png|nnn        ssss            uu   eeeeeee     aa
/data3fast/users/mbermudez/de_02/TFGDataset/img/T2_0180.png|sccchhhhhhhhhh  e     nnn n   a annn   eeeeeeee
/data3fast/users/mbermudez/de_02/TFGDataset/img/T2_0553.png|derr  eeeeeeeeeeeeeeeeeeellllaa  a     eeeeeeeeeee
/data3fast/users/mbermudez/de_02/TFGDataset/img/T2_0590.png|iiih      eeeeeeeeeeeeeieeee e eeee            n
/data3fast/users/mbermudez/de_02/TFGDataset/img/T2_0920.png|hhheee eeeeeeeeeeeeeeeeeeeee      a   seeeeee
/data3fast/users/mbermudez/de_02/TFGDataset/img/T2_1495.png|eeee        eeeeeeesssssshheeeee   nn           
/data3fast/users/mbermudez/de_02/TFGDataset/img/T2_1348.png|dasssssslttttttt t
/data3fast/users/mbermudez/de_02/TFGDataset/img/T2_0029.png|geechhht                   eeeeeeeeeeeeee  eeeeee
/data3fast/users/mbermudez/de_02/TFGDataset/img/T2_0952.png|bba       eeeeeeeeeeeeeeess            dd d    d
/data3fast/users/mbermudez/de_02/TFGDataset/img/T2_0140.png|geee  ssss     eeeellllhhhee  e nnnn    eeeeee  chhhh
/data3fast/users/mbermudez/de_02/TFGDataset/img/T2_1193.png|wiineeeeee eeesssss   eeeeeeeeeeeeessss           d
/data3fast/users/mbermudez/de_02/TFGDataset/img/T2_1062.png|aaneeeeeeeeeeee  eeeeeeeeee  cccccccs           sss
/data3fast/users/mbermudez/de_02/TFGDataset/img/T2_1022.png|deeN eeeeeeeee       eeeeeeeeeeeeeeeeee   nn
/data3fast/users/mbermudez/de_02/TFGDataset/img/T2_1403.png|iiiihhhh   hhh      nndeeeeeeeeeeeeeeeeennchhhh
/data3fast/users/mbermudez/de_02/TFGDataset/img/T2_1179.png|da    eeeee           d  eee                hhhhh
/data3fast/users/mbermudez/de_02/TFGDataset/img/T2_1048.png|iieeeeeeeeee*******************eeee          ss         
/data3fast/users/mbermudez/de_02/TFGDataset/img/T2_1078.png|lttttttt
/data3fast/users/mbermudez/de_02/TFGDataset/img/T2_0850.png|eeetttteeeeeee    eee       ee
/data3fast/users/mbermudez/de_02/TFGDataset/img/T2_1051.png|nneeeeeeeeee       eeeeeeeellll  eeeeeeee     
/data3fast/users/mbermudez/de_02/TFGDataset/img/T2_0150.png|wee    dddddnn    ssssccch  eeeeeee         ssss
/data3fast/users/mbermudez/de_02/TFGDataset/img/T2_0190.png|iihh      e iei    i    hhhhhhhee e**** *       dd
/data3fast/users/mbermudez/de_02/TFGDataset/img/T2_0866.png|fffr   ee eeee   ii   hheeeeeeeeeeeeeeeeeeeee
/data3fast/users/mbermudez/de_02/TFGDataset/img/T2_0640.png|# 
/data3fast/users/mbermudez/de_02/TFGDataset/img/T2_1425.png|ttttt        ddddeeeeessseeeeeeeee eeeen
/data3fast/users/mbermudez/de_02/TFGDataset/img/T2_0990.png|der              aaaa sssseeeeeeeeeee
/data3fast/users/mbermudez/de_02/TFGDataset/img/T2_1494.png|eees       eeeeeessss           eell  llee  eeeeeee
/data3fast/users/mbermudez/de_02/TFGDataset/img/T2_0331.png|# 
/data3fast/users/mbermudez/de_02/TFGDataset/img/T2_0293.png|deeeeeeeeeeeeee        nnnaaaa     eeeeeeeeeeeeeeee
/data3fast/users/mbermudez/de_02/TFGDataset/img/T2_1256.png|neeeeee                l        dden  eeeeeeeeee
/data3fast/users/mbermudez/de_02/TFGDataset/img/T2_0366.png|daaaa    e eeeeeeeeeeeeeeeeeeeeeeeee    uuuuuu
/data3fast/users/mbermudez/de_02/TFGDataset/img/T2_1258.png|vihhhaaaaaa s      eeeeeeeeeee       sssssss
/data3fast/users/mbermudez/de_02/TFGDataset/img/T2_0583.png|uuu                 ssssssschhheeeeeeeeeeeeeeeee
/data3fast/users/mbermudez/de_02/TFGDataset/img/T2_1039.png|ss         hhhhll           n n    n     eeeeeeeee
/data3fast/users/mbermudez/de_02/TFGDataset/img/T2_1068.png|geeehhhh          eee ee  eeeeehhh       ddede
/data3fast/users/mbermudez/de_02/TFGDataset/img/T2_0803.png|aaeeeeeeeee   iiiithhhht     eeeeee  tttttttt
/data3fast/users/mbermudez/de_02/TFGDataset/img/T2_1271.png|aaaa   eeeeeeeeeeeeeNeess sssas   dddd  dddd ddeeeee
/data3fast/users/mbermudez/de_02/TFGDataset/img/T2_0330.png|dii  eeeeeeeeeee  eeeeeeee sseee e      nnn  eeeeiieehhhh
/data3fast/users/mbermudez/de_02/TFGDataset/img/T2_0081.png|chheeeee    aaaaaa  u    eeeeeeeeeeeeeeeee
/data3fast/users/mbermudez/de_02/TFGDataset/img/T2_0179.png|hhh  nnnnnnnnennnnnneeeeeehheeeeeeeeeeeeeeee
/data3fast/users/mbermudez/de_02/TFGDataset/img/T2_0635.png|dii  hchhhhh      eeeeeeeiiihhhtt  ttttttht
/data3fast/users/mbermudez/de_02/TFGDataset/img/T2_1374.png|gee  ddd    nhnnnnnnneee       deee
/data3fast/users/mbermudez/de_02/TFGDataset/img/T2_0783.png|eeeethii eeee***e   sssssssss        eeeeeee
/data3fast/users/mbermudez/de_02/TFGDataset/img/T2_0206.png|uua  lleeeeeeeeeeeeeeeeeeeennnn          tt
/data3fast/users/mbermudez/de_02/TFGDataset/img/T2_0746.png|geee        eeeeeeeee     hhhhhhhhsssssh  iee
/data3fast/users/mbermudez/de_02/TFGDataset/img/T2_0958.png|dee       eeeeee  chhhchh   aaaa      deeeeeeeeeeN
/data3fast/users/mbermudez/de_02/TFGDataset/img/T2_1310.png|weeeeeesssssss            ttttttttttt
/data3fast/users/mbermudez/de_02/TFGDataset/img/T2_1029.png|aau  eeeeeee              ee         seeeeseeeeeeeee
/data3fast/users/mbermudez/de_02/TFGDataset/img/T2_0621.png|sseeeeeeeeeeee*****  nnccccchh nhhh     iieee
/data3fast/users/mbermudez/de_02/TFGDataset/img/T2_0688.png|wii    deeeee  hhh       a        eeeeeeeeeee*** ee**n
/data3fast/users/mbermudez/de_02/TFGDataset/img/T2_0281.png|teeeeeeeee e  ee ee aa a        dddd  ssssshhh
/data3fast/users/mbermudez/de_02/TFGDataset/img/T2_0367.png|aa  eeeeeeeeeeeeeeeeeeeeeeeeeeeeeeeess    nn
/data3fast/users/mbermudez/de_02/TFGDataset/img/T2_0354.png|ihhhh      e  eee        eeeeeeeeehhheeeeeeeee    aaaa
/data3fast/users/mbermudez/de_02/TFGDataset/img/T2_0042.png|dee   iiii              eeeeeeeeeeeeeeeeeeee   de
/data3fast/users/mbermudez/de_02/TFGDataset/img/T2_1430.png|der             hhssss       eeee  t
/data3fast/users/mbermudez/de_02/TFGDataset/img/T2_1135.png|geeeeee tttt t h tteeeee            eeeeeess
/data3fast/users/mbermudez/de_02/TFGDataset/img/T2_0885.png|dnn eeeeeeeehh     dddeeeeeeeeeeeeellll     
/data3fast/users/mbermudez/de_02/TFGDataset/img/T2_1475.png|neeeeeeeeeeeeeeeeeeeennnn        aaa    eeeeeee
/data3fast/users/mbermudez/de_02/TFGDataset/img/T2_1426.png|annneeeeeeeeeeeeeeeeeeeeeeee       dd   ssssllll
/data3fast/users/mbermudez/de_02/TFGDataset/img/T2_0928.png|deraaaaaaaaaaaaa      ittttttttttt    aaaaa
/data3fast/users/mbermudez/de_02/TFGDataset/img/T2_0738.png|geer                  eieeeeeeeee       asss
/data3fast/users/mbermudez/de_02/TFGDataset/img/T2_0550.png|seeeeeee     n nn  nn n eeeeeeeeeeeeeeettttttttttt
/data3fast/users/mbermudez/de_02/TFGDataset/img/T2_0018.png|weeeeeeeeee   eeeeeeeeeeeeeeeeee*********    eeee
/data3fast/users/mbermudez/de_02/TFGDataset/img/T2_0787.png|eeeee    nnnn hhhh   nneed dnnnn       allle
/data3fast/users/mbermudez/de_02/TFGDataset/img/T2_0100.png|ne      aaaasaaaa    eeeeeeeeee eeeeeeeee       n
/data3fast/users/mbermudez/de_02/TFGDataset/img/T2_0530.png|aah   eeeeeeeeeee    aaaaa   llleeeeeeeeeee
/data3fast/users/mbermudez/de_02/TFGDataset/img/T2_0121.png|"           aa  sssssh         ***eeeeNN
/data3fast/users/mbermudez/de_02/TFGDataset/img/T2_0223.png|wettttttt
/data3fast/users/mbermudez/de_02/TFGDataset/img/T2_0761.png|gernnnnnnn   ttt
/data3fast/users/mbermudez/de_02/TFGDataset/img/T2_1400.png|bee   ee
/data3fast/users/mbermudez/de_02/TFGDataset/img/T2_0329.png|eeeeeeeNNNN e          hhh  eeeeeeeeeecehhhh      nnn
/data3fast/users/mbermudez/de_02/TFGDataset/img/T2_0819.png|frrrrttteeeeeeeeeeeeeeeeeeeiin       eeeeeee
/data3fast/users/mbermudez/de_02/TFGDataset/img/T2_1446.png|u          l eeeeeeeeee  ddddddddd    sseee
/data3fast/users/mbermudez/de_02/TFGDataset/img/T2_0983.png|"    eeeeeeeeeee   dd  ssssssssss s sseeeeee
/data3fast/users/mbermudez/de_02/TFGDataset/img/T2_0599.png|dd    chhhhhhhhhhhleee   aauuu aaa      hheeeeeee
/data3fast/users/mbermudez/de_02/TFGDataset/img/T2_1148.png|tee eeeeeeeeeeeeeeeeelllls      eeeee
/data3fast/users/mbermudez/de_02/TFGDataset/img/T2_0168.png|"      eeeeee           a  a  eeee      ss   eeeeee
/data3fast/users/mbermudez/de_02/TFGDataset/img/T2_1182.png|iihhh     hh     eeeeeeeeee  ssssssssssssee  eeeeeee
/data3fast/users/mbermudez/de_02/TFGDataset/img/T2_1382.png|diesssseeeeee       ee     ssssshhh hhhhhhhheeeeeeeNN
/data3fast/users/mbermudez/de_02/TFGDataset/img/T2_1166.png|dee    eeeeee e essss  l      e  eeee  eeeee      hsssaaaa
/data3fast/users/mbermudez/de_02/TFGDataset/img/T2_0853.png|"   ssssssssss   ss   eehehheeeeenn    nnuuuun
/data3fast/users/mbermudez/de_02/TFGDataset/img/T2_0610.png|de            sseseheheeeeeeeeeeee   cc        eeee
/data3fast/users/mbermudez/de_02/TFGDataset/img/T2_1379.png|mt   eeeeeeeeeeeeeeeeeeeee  e e
/data3fast/users/mbermudez/de_02/TFGDataset/img/T2_0068.png|tettthhhheeeeee       nn     hh  nnnnn e   aaa
/data3fast/users/mbermudez/de_02/TFGDataset/img/T2_0593.png|zeeeeeeee    aa    eeeeeeeeeeete          
/data3fast/users/mbermudez/de_02/TFGDataset/img/T2_0861.png|iii              a   thhhhhh       eeeeiiii
/data3fast/users/mbermudez/de_02/TFGDataset/img/T2_0333.png|wrreeeesehhhhheeeee  neeeeeeeeeee ssscc   lll      u
/data3fast/users/mbermudez/de_02/TFGDataset/img/T2_0694.png|eeeeeiittttii                eeeeeeeeeeeee
/data3fast/users/mbermudez/de_02/TFGDataset/img/T2_0090.png|derreeeeeeeeeeeeeeeeeeee       e
/data3fast/users/mbermudez/de_02/TFGDataset/img/T2_0933.png|wwr        h hh nnnnn    deeeeeeeeee   aaa  eee
/data3fast/users/mbermudez/de_02/TFGDataset/img/T2_0549.png|eeessttttt
/data3fast/users/mbermudez/de_02/TFGDataset/img/T2_1237.png|aaa    s   eee eessssssss       lll  s lllllle
/data3fast/users/mbermudez/de_02/TFGDataset/img/T2_0659.png|eettttthhhhhh    eeeeeehhhh               ......
/data3fast/users/mbermudez/de_02/TFGDataset/img/T2_0894.png|nn  eeeeeeeeeeeeeeeeeeeeeeeeee e   eeeeee  nnnnnnnnn
/data3fast/users/mbermudez/de_02/TFGDataset/img/T2_1492.png|sshhlllllll      dddddeeeeeeeeeeeeeee       eleeee
/data3fast/users/mbermudez/de_02/TFGDataset/img/T2_0164.png|weeee     ssttt
/data3fast/users/mbermudez/de_02/TFGDataset/img/T2_0891.png|eeee    ssssss            hh   eeeeeeee    eeeeeeee
/data3fast/users/mbermudez/de_02/TFGDataset/img/T2_0537.png|"   eeeee      eeeeeeee        eeeee   ee
/data3fast/users/mbermudez/de_02/TFGDataset/img/T2_1266.png|"   eeeesssssllhhh       n  neennnnnnnee
/data3fast/users/mbermudez/de_02/TFGDataset/img/T2_0285.png|ffrr         eeee e      eeessseeeeese
/data3fast/users/mbermudez/de_02/TFGDataset/img/T2_0517.png|***uu     ttt   eeeeeeeeeeee****     eeees  eeedee
/data3fast/users/mbermudez/de_02/TFGDataset/img/T2_1254.png|mii  eeeeeeeeeee      dd eee       eeeeeeeeeeeeeeN
/data3fast/users/mbermudez/de_02/TFGDataset/img/T2_0790.png|sslleeeeeeeeeeeeeeee    e   ee             ittt
/data3fast/users/mbermudez/de_02/TFGDataset/img/T2_0867.png|wiiieee    neneeeeeeeeeeeeee e   ss          nn
/data3fast/users/mbermudez/de_02/TFGDataset/img/T2_0267.png|der  ttttteee            ee   ee    nnnnnnneee
/data3fast/users/mbermudez/de_02/TFGDataset/img/T2_1447.png|nnn  eessllllll             eeeeeeeeeeeeeeeeeeeee****
/data3fast/users/mbermudez/de_02/TFGDataset/img/T2_1248.png|neeeeee**n      ccchhhhhl aaa    nnnnnnnnn
/data3fast/users/mbermudez/de_02/TFGDataset/img/T2_1155.png|iii e                eeeeeeeee  hh    eeeee
/data3fast/users/mbermudez/de_02/TFGDataset/img/T2_0196.png|tee         sseeeeeeeee        dd   aassslll
/data3fast/users/mbermudez/de_02/TFGDataset/img/T2_0651.png|tttt      eeeee         nddd         eee        hhh
/data3fast/users/mbermudez/de_02/TFGDataset/img/T2_1194.png|geee          ehhheeeeeeeeee  ssss               eeeeeeee
/data3fast/users/mbermudez/de_02/TFGDataset/img/T2_1177.png|bbeeeee        dd     eeetttttttttttt    eeee
/data3fast/users/mbermudez/de_02/TFGDataset/img/T2_1388.png|bellhchh sssseeeee  ss                     
/data3fast/users/mbermudez/de_02/TFGDataset/img/T2_0381.png|dee  seeeeeeeee hh n  eeeeeeeeeeeee hchhhsssshhhhhh
/data3fast/users/mbermudez/de_02/TFGDataset/img/T2_0475.png|iiie e eeeeeeelllll     eeeeeeeeeeeeeeeeii eeeeee
/data3fast/users/mbermudez/de_02/TFGDataset/img/T2_0177.png|deessshhhl      e  eesss s       dd      aattttt
/data3fast/users/mbermudez/de_02/TFGDataset/img/T2_1246.png|ahhn  eeeeeeeeeee dd    eee sssllllllllllleeee
/data3fast/users/mbermudez/de_02/TFGDataset/img/T2_0199.png|wlleeeeeeeeeeeee edd eeeeeeeeeeelllhhhhee
/data3fast/users/mbermudez/de_02/TFGDataset/img/T2_0268.png|aauuu                 sss eeeeeeeee  s    chhhhi
/data3fast/users/mbermudez/de_02/TFGDataset/img/T2_0554.png|geeee   sse eeeeessessseecheehtttte e ee ss  eeeeeeeeee
/data3fast/users/mbermudez/de_02/TFGDataset/img/T2_0010.png|*eee                      e ee ee*            eeeeeeeeee
/data3fast/users/mbermudez/de_02/TFGDataset/img/T2_0826.png|iii  sssssccc         ****         eeeeeeeeeeeeee      nnnn
/data3fast/users/mbermudez/de_02/TFGDataset/img/T2_1309.png|eeee        d   sssss        eeeeeeeeeee  neeeee
/data3fast/users/mbermudez/de_02/TFGDataset/img/T2_0822.png|uun      aauu  uuuunnnnnnnn   aa hhhhe
/data3fast/users/mbermudez/de_02/TFGDataset/img/T2_1453.png|# 
/data3fast/users/mbermudez/de_02/TFGDataset/img/T2_0014.png|ii eeeeeeetttt              seeeeeeheeeee  nnnnnn
/data3fast/users/mbermudez/de_02/TFGDataset/img/T2_0903.png|nneee ccchhh   eeeeeeeeeeeeeeenneeeeeeeeeNN
/data3fast/users/mbermudez/de_02/TFGDataset/img/T2_1229.png|"          eee          sssss       eeeeiihh
/data3fast/users/mbermudez/de_02/TFGDataset/img/T2_0901.png|aau eeeeeeeeeeeeeeeeeeee sssscchch       eeee
/data3fast/users/mbermudez/de_02/TFGDataset/img/T2_1037.png|lllll eee  e  ssssseeheh  ee eeeeeeeeeeeeeeeeeeeee
/data3fast/users/mbermudez/de_02/TFGDataset/img/T2_0291.png|reessssssss   e ee  ee          eeeeeehhhh    nnnn
/data3fast/users/mbermudez/de_02/TFGDataset/img/T2_1180.png|eeeee e        ttttttttsssttttt            
/data3fast/users/mbermudez/de_02/TFGDataset/img/T2_0236.png|aaaeeeeeeeeeeeeeeeeee    ddddeesssssssh
/data3fast/users/mbermudez/de_02/TFGDataset/img/T2_0998.png|"   eessss        eeeellllll     nnn  eee
/data3fast/users/mbermudez/de_02/TFGDataset/img/T2_0294.png|"   aaaaa             sshhhhhhheeeeeeeee      
/data3fast/users/mbermudez/de_02/TFGDataset/img/T2_0905.png|ggee        tt     dddn        
/data3fast/users/mbermudez/de_02/TFGDataset/img/T2_0078.png|unnddeeeeeeee e eeeeeeehheeeeeeeeenn       eee
/data3fast/users/mbermudez/de_02/TFGDataset/img/T2_0949.png|bbleeeeeeeeee ee*e*******eeeeeeeeeeehh     aaaa
/data3fast/users/mbermudez/de_02/TFGDataset/img/T2_1220.png|iiii       eeeee    uu      eee       eeee
/data3fast/users/mbermudez/de_02/TFGDataset/img/T2_0205.png|beehhhhh       ssh                  *eeeeeeeeeeee
/data3fast/users/mbermudez/de_02/TFGDataset/img/T2_0142.png|wee    nn nhhhhhhnnnnnnhh             
/data3fast/users/mbermudez/de_02/TFGDataset/img/T2_0391.png|wrrr    sss             nniieeeeeeiihttt    ee  eeee
/data3fast/users/mbermudez/de_02/TFGDataset/img/T2_0327.png|die  eeeeeeeeeeeeeeeeeeeegeeeeeeee    nnnnn
/data3fast/users/mbermudez/de_02/TFGDataset/img/T2_0270.png|"  ssss
/data3fast/users/mbermudez/de_02/TFGDataset/img/T2_0919.png|wttttt                ssssshchheeeeeeeeeee  aaaa
/data3fast/users/mbermudez/de_02/TFGDataset/img/T2_0970.png|sssllhhhhhhhhh   nn    eeeeeeeeeee           deee
/data3fast/users/mbermudez/de_02/TFGDataset/img/T2_1275.png|bee ssssshhh  eeeeeeeeeeeeeeee *****       sseee   e
/data3fast/users/mbermudez/de_02/TFGDataset/img/T2_0434.png|sihhhh      eeeeeeeeeeeeeeeessttt        aaaaa
/data3fast/users/mbermudez/de_02/TFGDataset/img/T2_0213.png|saa       essellllleNN      e eeee    eeeeeeeeihhh
/data3fast/users/mbermudez/de_02/TFGDataset/img/T2_1241.png|neeeeeeeeeeeeeeeei             eeeeeeeeeeeeeeeeeeeeee
/data3fast/users/mbermudez/de_02/TFGDataset/img/T2_1416.png|deeeeeeeeeee   dddd    nnn nnaaaa       eee
/data3fast/users/mbermudez/de_02/TFGDataset/img/T2_0518.png|der         eeeeeeeeeeei nnn      e lllleee
/data3fast/users/mbermudez/de_02/TFGDataset/img/T2_0368.png|ii                ssssccceeeeeeeeee ee          eeee
/data3fast/users/mbermudez/de_02/TFGDataset/img/T2_1376.png|mnn   eee  nnnn    eeeeeeeeeee     ddnn
/data3fast/users/mbermudez/de_02/TFGDataset/img/T2_1041.png|eeeeiiihhhhhhhee
/data3fast/users/mbermudez/de_02/TFGDataset/img/T2_1307.png|cheeeeeeeeee       eeeeeeeeeeg     u       eee
/data3fast/users/mbermudez/de_02/TFGDataset/img/T2_0201.png|geesssssseee      eeeeeee     ss          e eeeeee       
/data3fast/users/mbermudez/de_02/TFGDataset/img/T2_0257.png|weeeiihhhhhe         a   eeeeeeeeehhh    eeeeeeeee
/data3fast/users/mbermudez/de_02/TFGDataset/img/T2_0800.png|dd         tttttt                ss       ssaa  llleeee
/data3fast/users/mbermudez/de_02/TFGDataset/img/T2_1305.png|rrrrlcchhhhhhhh           ssssss e eeeeee      eeeeeeeeee
/data3fast/users/mbermudez/de_02/TFGDataset/img/T2_1106.png|lllleeeeeeeeee               e ********tttttth
/data3fast/users/mbermudez/de_02/TFGDataset/img/T2_0098.png|see          ettttt           eeeeeeeesssse
/data3fast/users/mbermudez/de_02/TFGDataset/img/T2_0007.png|eee    nnnn   u  ee eeeee e     esseeeeeee
/data3fast/users/mbermudez/de_02/TFGDataset/img/T2_0781.png|"  eeeeee***     eeeehhhhhh   n         en
/data3fast/users/mbermudez/de_02/TFGDataset/img/T2_1423.png|"   eeeeeeeeeeeeee     dd            lllls
/data3fast/users/mbermudez/de_02/TFGDataset/img/T2_1481.png|sesss        nnnnnneeeeeeeennnneee  hhhh
/data3fast/users/mbermudez/de_02/TFGDataset/img/T2_0869.png|ssss      shhs  sseeeeeeeeeenndddeeeeeeeee
/data3fast/users/mbermudez/de_02/TFGDataset/img/T2_0016.png|geeeeeeeetttttt
/data3fast/users/mbermudez/de_02/TFGDataset/img/T2_0346.png|eeeeeeeeeeeee      uu      eeeeeeeeeeeeeeee   ddddd
/data3fast/users/mbermudez/de_02/TFGDataset/img/T2_0465.png|uuu a     uuu  eeeeeeeeeeeee     dd
/data3fast/users/mbermudez/de_02/TFGDataset/img/T2_0003.png|wiieeehhhhhhhhhhhhhhh  nn    uu     sssssssseeeeelehe
/data3fast/users/mbermudez/de_02/TFGDataset/img/T2_1080.png|wrrree      sssssssssssss aaa           eeete
/data3fast/users/mbermudez/de_02/TFGDataset/img/T2_0445.png|unn eeeeeeee  dddddd      tttllll    elaaahh
/data3fast/users/mbermudez/de_02/TFGDataset/img/T2_0992.png|ien   ddddd       eeeeeeeeeeeee **    cceeeeeeee
/data3fast/users/mbermudez/de_02/TFGDataset/img/T2_0220.png|eee   a    eeeeeeeeeeeeeee  ttt             eeeeeN
/data3fast/users/mbermudez/de_02/TFGDataset/img/T2_0708.png|neeeeeeeeeeeeeee     sssaa     eeeeeennennn
/data3fast/users/mbermudez/de_02/TFGDataset/img/T2_1276.png|oeeeeeeeeeeeee  eeeee                 eeeeee
/data3fast/users/mbermudez/de_02/TFGDataset/img/T2_1471.png|sstttt   nn  n    eeeeeeeee e e          e         n
/data3fast/users/mbermudez/de_02/TFGDataset/img/T2_0402.png|hheeeeeeeeeeeeeeeeee            deee e*     attt
/data3fast/users/mbermudez/de_02/TFGDataset/img/T2_0844.png|aauu eeeeeee        hhhh       a           eee*e*e
/data3fast/users/mbermudez/de_02/TFGDataset/img/T2_1149.png|unn  eeeeeeeeeeee      sas        eeeeeeeeeeee
/data3fast/users/mbermudez/de_02/TFGDataset/img/T2_1490.png|feeee                 dddeeeeeiii sssssssss
/data3fast/users/mbermudez/de_02/TFGDataset/img/T2_0077.png|ineeee e   c   eeeeeeeeeeeell          aashs
/data3fast/users/mbermudez/de_02/TFGDataset/img/T2_0926.png|der      ii    ii    eeeeeeeeeeeeee    nnnnnnnnn
/data3fast/users/mbermudez/de_02/TFGDataset/img/T2_1283.png|ss        eeeee  eeeeeeeeeee n nn        eeet
/data3fast/users/mbermudez/de_02/TFGDataset/img/T2_1165.png|deeeeeeeeeeeeeeeee                   eeeeeeeeeeeeeeee
/data3fast/users/mbermudez/de_02/TFGDataset/img/T2_0039.png|dee  **         eeeeeeeeeeeeeeeeeeeeee       ssssssshh
/data3fast/users/mbermudez/de_02/TFGDataset/img/T2_0231.png|wiessssss     uuuunn   eeeeeeeeee          eeeeeeee
/data3fast/users/mbermudez/de_02/TFGDataset/img/T2_0816.png|un   eeetttttt...
/data3fast/users/mbermudez/de_02/TFGDataset/img/T2_0660.png|ss                ssssssss    ll eeeeeeeeeeee
/data3fast/users/mbermudez/de_02/TFGDataset/img/T2_0225.png|iiieeeeeeeeeeeeeeeeeeeeeee    iidddddeeeeee
/data3fast/users/mbermudez/de_02/TFGDataset/img/T2_1070.png|wwl         hhh      dddddddddddeeedd
/data3fast/users/mbermudez/de_02/TFGDataset/img/T2_0873.png|iii     ee eee e sss  e eeeee eii nnnnn     hhhhhhhh
/data3fast/users/mbermudez/de_02/TFGDataset/img/T2_0630.png|ffee  nnn  hhhhseeeee
/data3fast/users/mbermudez/de_02/TFGDataset/img/T2_1138.png|aaee      dd       sseeeeeeeeeeeeeeeeeeeeeeeeee
/data3fast/users/mbermudez/de_02/TFGDataset/img/T2_1439.png|teeeee eee    tllllllllhh           eeeeee
/data3fast/users/mbermudez/de_02/TFGDataset/img/T2_1129.png|her    aaa    ssseeeeeeeeee eiii      n eeeeeeee
/data3fast/users/mbermudez/de_02/TFGDataset/img/T2_0378.png|c    eeeeeeeeeehhhh            sscccceeeeeeeeeeeeeee*ee
/data3fast/users/mbermudez/de_02/TFGDataset/img/T2_0609.png|eerllll  e  eeeeeeeseeeeeitt  eeeessssse
/data3fast/users/mbermudez/de_02/TFGDataset/img/T2_0290.png|eeeeeNeeeeeeeeeee    ss       lllllllleeeeeeeeeeeee
/data3fast/users/mbermudez/de_02/TFGDataset/img/T2_0296.png|in  eeeeeeeee       a         iiiihhh        aa
/data3fast/users/mbermudez/de_02/TFGDataset/img/T2_0737.png|des      nnn n hhhhhhheeeeeeeee     
/data3fast/users/mbermudez/de_02/TFGDataset/img/T2_1351.png|nneeeeeeeeeeeeeeeeessse  eee
/data3fast/users/mbermudez/de_02/TFGDataset/img/T2_0242.png|ttt   ddd eeeeeeeeeeeeeeeeeeii               eeee
/data3fast/users/mbermudez/de_02/TFGDataset/img/T2_0120.png|aaseeeeeeeeeeeeeeeeeeieeeeee     aa       eeeee
/data3fast/users/mbermudez/de_02/TFGDataset/img/T2_1187.png|aaa      eeeeeee llll     llll                    aah
/data3fast/users/mbermudez/de_02/TFGDataset/img/T2_1042.png|wee ddddd       eehhhhhhh       ttt         de
/data3fast/users/mbermudez/de_02/TFGDataset/img/T2_0898.png|hhhheeeeeeeeeeeeeeeeeeeeeeeee     ddddeeeeeee
/data3fast/users/mbermudez/de_02/TFGDataset/img/T2_1164.png|der aaaaaa   eeeeee    eeeeeeeeee    sssslllee
/data3fast/users/mbermudez/de_02/TFGDataset/img/T2_1207.png|eee            tttttttttttttttt    eeeeeeeeeeaa
/data3fast/users/mbermudez/de_02/TFGDataset/img/T2_1218.png|wieeeeeeeeeeee ee      ssssssseeeeeeee  nnn
/data3fast/users/mbermudez/de_02/TFGDataset/img/T2_0963.png|uu  eeee   aaaa      ss   iiii  iii   sssssssss
/data3fast/users/mbermudez/de_02/TFGDataset/img/T2_0564.png|wwr         ssssssssss       ttt  ........
/data3fast/users/mbermudez/de_02/TFGDataset/img/T2_0572.png|frend      eeeeeeeeeeeeeee               e       tt
/data3fast/users/mbermudez/de_02/TFGDataset/img/T2_1126.png|sieeeeeeeee         shll eee e  eeeeee         eeee
/data3fast/users/mbermudez/de_02/TFGDataset/img/T2_1007.png|ss  eeeeeeeeeeeeeee    d dddsss    eeeeeee
/data3fast/users/mbermudez/de_02/TFGDataset/img/T2_0541.png|geeeeeeeeeeellleee            ssss ss eeesssssssss
/data3fast/users/mbermudez/de_02/TFGDataset/img/T2_0899.png|iihhh eeeeeeeeeeeee     aaa      a         esssssss
/data3fast/users/mbermudez/de_02/TFGDataset/img/T2_1428.png|geeltt      eeeeeeee sss   ttttt  t t       s
/data3fast/users/mbermudez/de_02/TFGDataset/img/T2_0057.png|llllll             eeeeeeeeeesssssseeeeeeiiiinnn
/data3fast/users/mbermudez/de_02/TFGDataset/img/T2_0904.png|der sslhhhheeeeeeeeeeee    n       eeeeeeee
/data3fast/users/mbermudez/de_02/TFGDataset/img/T2_0704.png|#  
/data3fast/users/mbermudez/de_02/TFGDataset/img/T2_0174.png|der     nnneeeeeeeeiihhhc             tt eeeeee
/data3fast/users/mbermudez/de_02/TFGDataset/img/T2_1001.png|geessshhhhllllll     lll   eeeeeeeeeeeeeeeeeeeeehhhhh
/data3fast/users/mbermudez/de_02/TFGDataset/img/T2_0274.png|beeeeeeeeeeeeeellllleee     ddeeee     
/data3fast/users/mbermudez/de_02/TFGDataset/img/T2_0357.png|deesseeeeeeeeeeeeeeeeeeetttttt   eeeeeee
/data3fast/users/mbermudez/de_02/TFGDataset/img/T2_0604.png|schhheeeeeee        tt..
/data3fast/users/mbermudez/de_02/TFGDataset/img/T2_0849.png|nnn    s        sseeeeeeellee           eeeeeeeeeeee
/data3fast/users/mbermudez/de_02/TFGDataset/img/T2_1326.png|seee         nnnnnn    dd   eeeeeettttt     e   e
/data3fast/users/mbermudez/de_02/TFGDataset/img/T2_0176.png|iii      aa             eeeeeee  e  ss   llllheeee
/data3fast/users/mbermudez/de_02/TFGDataset/img/T2_0712.png|de   aaa     eeee   e eeeeeeeeeeelllll aa a
/data3fast/users/mbermudez/de_02/TFGDataset/img/T2_0587.png|der    a aa  nn  d   neeeeeiii i           ee
/data3fast/users/mbermudez/de_02/TFGDataset/img/T2_1270.png|un  sesseeet    aa       eeeeeeeeeeeeed
/data3fast/users/mbermudez/de_02/TFGDataset/img/T2_1414.png|ssle ee e e  e eeee  eee e eeeee           eee
/data3fast/users/mbermudez/de_02/TFGDataset/img/T2_0030.png|dee  eeeeeeeeeeeeeneeeeeeeee     ssaa          eeee
/data3fast/users/mbermudez/de_02/TFGDataset/img/T2_0921.png|dd        ee          sssssscttt  t......
/data3fast/users/mbermudez/de_02/TFGDataset/img/T2_1448.png|ggne eeeeeeeeeeeee       aa      eeeeeeee    nn
/data3fast/users/mbermudez/de_02/TFGDataset/img/T2_1050.png|weee  dddd           eeeeeeeeeellleeeeeeeeeeee
/data3fast/users/mbermudez/de_02/TFGDataset/img/T2_0127.png|daaa    eeeeeeeeeeeiieeeeeeeeee       eeeeeeeeeee
/data3fast/users/mbermudez/de_02/TFGDataset/img/T2_0400.png|heeenn  nnneee  eeeeee        eeeeeeeeeeeeeee
/data3fast/users/mbermudez/de_02/TFGDataset/img/T2_1094.png|"     sssss         eeeeee         nn eeeeeeeeeee
/data3fast/users/mbermudez/de_02/TFGDataset/img/T2_0224.png|iee      aaa        tt   tt            ii   i i   hhhhh
/data3fast/users/mbermudez/de_02/TFGDataset/img/T2_0013.png|un    ee     eeeeeeeeeeeeee
/data3fast/users/mbermudez/de_02/TFGDataset/img/T2_0810.png|aaallhhhhhh          neeeeeeeeeeessllll e    ttttt
/data3fast/users/mbermudez/de_02/TFGDataset/img/T2_0770.png|ichh             e  eeeeeeeeeeeeeeehh  nnn
/data3fast/users/mbermudez/de_02/TFGDataset/img/T2_1152.png|ber                     t eeeeeeeelllll
/data3fast/users/mbermudez/de_02/TFGDataset/img/T2_0115.png|eeeessssssssss  d d e eeiiiieeeeeeeee****
/data3fast/users/mbermudez/de_02/TFGDataset/img/T2_0999.png|eeelllllhlllleeeee      eeeeeeeeeeeeee **** cchh
/data3fast/users/mbermudez/de_02/TFGDataset/img/T2_1369.png|beeeeeeee   nn     hhs       eeeeenennen
/data3fast/users/mbermudez/de_02/TFGDataset/img/T2_0095.png|unnneeeeeeeeeeee            t   eeeeeeesssssss
/data3fast/users/mbermudez/de_02/TFGDataset/img/T2_0908.png|ss          eeeeeeee ell  aaaa       ttttt
/data3fast/users/mbermudez/de_02/TFGDataset/img/T2_0104.png|nna  a    a   eee e           eesssssss         ii
/data3fast/users/mbermudez/de_02/TFGDataset/img/T2_0832.png|aass eeeeee              ttttttt      ddd ddn
/data3fast/users/mbermudez/de_02/TFGDataset/img/T2_1088.png|nnnneeeeeeeeeeeeeeee  n                    h
/data3fast/users/mbermudez/de_02/TFGDataset/img/T2_0974.png|#  
/data3fast/users/mbermudez/de_02/TFGDataset/img/T2_1484.png|dassseeeeeeeeeeeeeennnneeeeeeeeeeeeeeeee   cccchhh
/data3fast/users/mbermudez/de_02/TFGDataset/img/T2_1478.png|wiieee sssseeeeeeeeeeeeeeeeeeessseeeeeett
/data3fast/users/mbermudez/de_02/TFGDataset/img/T2_1242.png|rrihhhhhhhssses  ss        eeee  e s    eee        eee hhh
/data3fast/users/mbermudez/de_02/TFGDataset/img/T2_1337.png|"       a esss  eeeedddeeeeeeeeeeeeeeee
/data3fast/users/mbermudez/de_02/TFGDataset/img/T2_0942.png|iiii    nnnnnnnnnnee  nnnnn   shhhs  eeee
/data3fast/users/mbermudez/de_02/TFGDataset/img/T2_0678.png|leeeeeeeeeeeeeee         deeeeeeeeeeeeeeeeeeeeeeeehhhh
/data3fast/users/mbermudez/de_02/TFGDataset/img/T2_1282.png|sit                   etttt e t .tt. ..   ttttt...
/data3fast/users/mbermudez/de_02/TFGDataset/img/T2_1195.png|iich aaaaaa  leeeeeeeee
/data3fast/users/mbermudez/de_02/TFGDataset/img/T2_1189.png|wrreeeeeeeeeeeeh    a     s   a   eeeeee
/data3fast/users/mbermudez/de_02/TFGDataset/img/T2_0722.png|cheeNeeeeeeeeeelllll      eeeeeeeeeeeeeeeee
/data3fast/users/mbermudez/de_02/TFGDataset/img/T2_1488.png|uu eeeeeeeeeeeeeeeeeeeee             a ann
/data3fast/users/mbermudez/de_02/TFGDataset/img/T2_0306.png|"          eeeeeeeeehhhheeee   nnnn    eeeeeeihhtt
/data3fast/users/mbermudez/de_02/TFGDataset/img/T2_0136.png|aassseeeeeeeeesseeee           eeeeeeltt       ****
/data3fast/users/mbermudez/de_02/TFGDataset/img/T2_0962.png|hhhhh    eeeeeeeeeeeeesssss       eeeeeeeeeeeeeeeeee
/data3fast/users/mbermudez/de_02/TFGDataset/img/T2_0707.png|shee e        aa   a                              de
/data3fast/users/mbermudez/de_02/TFGDataset/img/T2_1168.png|nnn                  ssscceeeeeeeee                eeee
/data3fast/users/mbermudez/de_02/TFGDataset/img/T2_0769.png|sss     dddd  dddd          eeee  eeeee
/data3fast/users/mbermudez/de_02/TFGDataset/img/T2_0328.png|deeitttttttttt...
/data3fast/users/mbermudez/de_02/TFGDataset/img/T2_1325.png|sseeeeeeeeeiichhchh             ssse eeeeeee
/data3fast/users/mbermudez/de_02/TFGDataset/img/T2_1486.png|iiiieeeeeeeeee       sseeeeeeeeeeeee  dddddee
/data3fast/users/mbermudez/de_02/TFGDataset/img/T2_0732.png|"   eeeeeeeee ****tttchchhii nnnnnnnnn
/data3fast/users/mbermudez/de_02/TFGDataset/img/T2_0132.png|eeeeeeeeeeee     a a       e   ee eeeeeeeeeeeeeeeeschhh
/data3fast/users/mbermudez/de_02/TFGDataset/img/T2_1480.png|#  
/data3fast/users/mbermudez/de_02/TFGDataset/img/T2_1117.png|nnnn  eeeeee hh     eeeee hhh   nnn     eeeeeee
/data3fast/users/mbermudez/de_02/TFGDataset/img/T2_1468.png|nnnn     hchccccch   ***               i    ihhhh
/data3fast/users/mbermudez/de_02/TFGDataset/img/T2_0212.png|eeeeeessssssss eeeeee    .......
/data3fast/users/mbermudez/de_02/TFGDataset/img/T2_1253.png|bbs      eeeeeeeeeee          
/data3fast/users/mbermudez/de_02/TFGDataset/img/T2_0251.png|dee   eteeee           eeeeeeeeeeeelllleee      dd
/data3fast/users/mbermudez/de_02/TFGDataset/img/T2_1058.png|anndeeeeeeeeee  e    eeeeeeeeeeeeeeeeeeeeeee       aad
/data3fast/users/mbermudez/de_02/TFGDataset/img/T2_0605.png|sttteeeeeeeeeeeeeee    sss                 ddddd
/data3fast/users/mbermudez/de_02/TFGDataset/img/T2_1260.png|beeeeeeee    nn      ssssshhchhhc        ee
/data3fast/users/mbermudez/de_02/TFGDataset/img/T2_0466.png|eeesssss           ********      sssseeeheeeeeehhhhh
/data3fast/users/mbermudez/de_02/TFGDataset/img/T2_1236.png|nnn         eeeessssseellleee        eeeeeeee
/data3fast/users/mbermudez/de_02/TFGDataset/img/T2_0508.png|"   eeee   sssscch   ssssllleeeeeeeeeee  
/data3fast/users/mbermudez/de_02/TFGDataset/img/T2_0032.png|wiir eeeee    a     eeeeeeeeeeeeeeeeeeeeeeeeeee
/data3fast/users/mbermudez/de_02/TFGDataset/img/T2_0193.png|weer    aa                eeeeeeeeeeeeeeeeeeeeeennnn
/data3fast/users/mbermudez/de_02/TFGDataset/img/T2_0655.png|weesssssshhhhhhhhhhi  nnneeeee          
/data3fast/users/mbermudez/de_02/TFGDataset/img/T2_0479.png|teeteeeeeeeee      ddddd     nn  hhhhhhhee
/data3fast/users/mbermudez/de_02/TFGDataset/img/T2_0527.png|dee   eee eneeeee hhh    aaaaannn    eeeeeee
/data3fast/users/mbermudez/de_02/TFGDataset/img/T2_1434.png|frrrrrtettt t  eee   ttt   ss   eeeeeeeeeeeeee
/data3fast/users/mbermudez/de_02/TFGDataset/img/T2_1384.png|beeeNeee e                ee              ssssssss
/data3fast/users/mbermudez/de_02/TFGDataset/img/T2_0340.png|llle eeeeeee     nn nn nnnnn  eeeeeeeeeeeeeell
/data3fast/users/mbermudez/de_02/TFGDataset/img/T2_0433.png|geeeeeeee           n    nn    eee h       d
/data3fast/users/mbermudez/de_02/TFGDataset/img/T2_0836.png|dii  eeeeeee  e                          allllllll
/data3fast/users/mbermudez/de_02/TFGDataset/img/T2_0082.png|iee   cccccchheee* ******  ccc              eeeeeee
/data3fast/users/mbermudez/de_02/TFGDataset/img/T2_0260.png|nnneeeeesss     eeeeeeeeeeeeeeelllaaaaasss eeee
/data3fast/users/mbermudez/de_02/TFGDataset/img/T2_0522.png|ggllllhhheeeeeeeleeeeeeeeeeeedeeeeeeeeee  aaaaa
/data3fast/users/mbermudez/de_02/TFGDataset/img/T2_1030.png|uu eeeeeeeeeee   eeeeeeesssseeeeheeeee
/data3fast/users/mbermudez/de_02/TFGDataset/img/T2_0632.png|dee      eeeeeeeeeeeeeeeeeeeeeeeettttt tttt
/data3fast/users/mbermudez/de_02/TFGDataset/img/T2_1083.png|neeeeehhhh    nnnnnd  eee ss    aaa          eeeee
/data3fast/users/mbermudez/de_02/TFGDataset/img/T2_0927.png|weee eeeeeeeeeehhhhhhhhhhee eeeeeeeehhee       eeee
/data3fast/users/mbermudez/de_02/TFGDataset/img/T2_1116.png|dee   uuuuuuuuuuuuuu  a    sssss a   aaa e
/data3fast/users/mbermudez/de_02/TFGDataset/img/T2_1154.png|eessssssss    ttt
/data3fast/users/mbermudez/de_02/TFGDataset/img/T2_0657.png|annneeeeeeeeeeeeeeeeeeeeeeeeeeeeeeeeeeesssssss  ee
/data3fast/users/mbermudez/de_02/TFGDataset/img/T2_1262.png|sshhh          h         eeeeeeeeeh     eeeee
/data3fast/users/mbermudez/de_02/TFGDataset/img/T2_0817.png|di     ee e ee   hch eeeeeeeeeeeeeeeeeeeee     sssssseee
/data3fast/users/mbermudez/de_02/TFGDataset/img/T2_1349.png|reeiiii       eeeeeeeeeiei i           eeeeeeeeee
/data3fast/users/mbermudez/de_02/TFGDataset/img/T2_1075.png|tteeeeee   hhh       eeeeeeesseehh    nnnnnnnnnnn
/data3fast/users/mbermudez/de_02/TFGDataset/img/T2_0559.png|unnddeeeeesssssleeeeeee        eeeeeeeelele eeeee
/data3fast/users/mbermudez/de_02/TFGDataset/img/T2_1034.png|der       eeeeeeeeeeeeeeee n nn    eeehhhhhh
/data3fast/users/mbermudez/de_02/TFGDataset/img/T2_0359.png|iieeee    eee     sssssss.
/data3fast/users/mbermudez/de_02/TFGDataset/img/T2_0938.png|wte tttttttttt.
/data3fast/users/mbermudez/de_02/TFGDataset/img/T2_1435.png|mii  eeeee cccchchh       d ssssss aaaaa
/data3fast/users/mbermudez/de_02/TFGDataset/img/T2_0981.png|sss          sssssssssse       eeeeeee          e   ssssss
/data3fast/users/mbermudez/de_02/TFGDataset/img/T2_0056.png|dee       eeeeee ee  eet  tt             nn
/data3fast/users/mbermudez/de_02/TFGDataset/img/T2_1162.png|"   eeeeee  eee  lllsss        
/data3fast/users/mbermudez/de_02/TFGDataset/img/T2_0727.png|llleeee  ***      ieeeeeeeeee
/data3fast/users/mbermudez/de_02/TFGDataset/img/T2_1459.png|deeeeeeeeeeeehehhhhheee           eeeeeeeee      
/data3fast/users/mbermudez/de_02/TFGDataset/img/T2_0797.png|weeiiicchhh  nnnnnnneeeeeeeeee     dn  eeee
/data3fast/users/mbermudez/de_02/TFGDataset/img/T2_0215.png|thee        eeeeeeeeeee           n     iiii  eeeeee
/data3fast/users/mbermudez/de_02/TFGDataset/img/T2_1156.png|seeeeeeeeeeeeee         e eee                 iieee
/data3fast/users/mbermudez/de_02/TFGDataset/img/T2_0053.png|aaaa       asssssslll              *    tttttss
/data3fast/users/mbermudez/de_02/TFGDataset/img/T2_0766.png|auu  eeeeihhhhhnnneeeeeeee    aaasschhhh
/data3fast/users/mbermudez/de_02/TFGDataset/img/T2_0241.png|unneeeeeeeeeeeeeesssstttt     edde
/data3fast/users/mbermudez/de_02/TFGDataset/img/T2_0804.png|nn     aaa        nnnn   eeeeeeeeeeeeee
/data3fast/users/mbermudez/de_02/TFGDataset/img/T2_0418.png|geeeeeeeeeeeeeee              eeeeeeiihhhhhhh     
/data3fast/users/mbermudez/de_02/TFGDataset/img/T2_0944.png|llllllllaaa       u          eeee ssss      eeeee
/data3fast/users/mbermudez/de_02/TFGDataset/img/T2_0146.png|ssssssssssssss   eeeeeeeeeeeee einnneennnnnnn
/data3fast/users/mbermudez/de_02/TFGDataset/img/T2_1010.png|ggee    nnn       ssss     eeeeeeeeeeee  ta
/data3fast/users/mbermudez/de_02/TFGDataset/img/T2_1244.png|hhheeeeeeeetttttt        ssssssttttttt   e
/data3fast/users/mbermudez/de_02/TFGDataset/img/T2_1016.png|ee    scchhhhh  e  eeeeeeeeeeeee        ee  s eeeee
/data3fast/users/mbermudez/de_02/TFGDataset/img/T2_1127.png|deeeeeeeeeeeeeeeeeeeeee n  n aa  hhhheeeee
/data3fast/users/mbermudez/de_02/TFGDataset/img/T2_1257.png|deee eeeeeeeettttttt      eeeeeeehhhh  nnnnnn
/data3fast/users/mbermudez/de_02/TFGDataset/img/T2_1286.png|aaa                 iiissssshhhhieeeeeeeeeeeee
/data3fast/users/mbermudez/de_02/TFGDataset/img/T2_1352.png|deeeeeeeeeeeeeeeeeeeeeeeeeeeeee           aa  aaaa
/data3fast/users/mbermudez/de_02/TFGDataset/img/T2_0485.png|bbeee   tttttttetteeeleeeeeeeeeeeeeeeeeeeeee
/data3fast/users/mbermudez/de_02/TFGDataset/img/T2_0203.png|"  ddd      e eeeeeeeeeee    d        sasssss
/data3fast/users/mbermudez/de_02/TFGDataset/img/T2_0796.png|iii   ssccchhhhhh           t     eeeeeeeNeeeeNeeeee
/data3fast/users/mbermudez/de_02/TFGDataset/img/T2_0721.png|*nn               sssssse ssssss ss  e    eeeeee nnnne
/data3fast/users/mbermudez/de_02/TFGDataset/img/T2_0266.png|weee       ssssssseeeeeeeeeee     dddd  ddd  sesseeh
/data3fast/users/mbermudez/de_02/TFGDataset/img/T2_0468.png|aaa   eeeeeeeeeeeeeet   eeeee iiiiiiieeeee   e
/data3fast/users/mbermudez/de_02/TFGDataset/img/T2_1113.png|lllllhh   nnnnnneeeeeeeeeeeeeee e       ss
/data3fast/users/mbermudez/de_02/TFGDataset/img/T2_0567.png|dan   eeeeetttt tt        aaa   aaaaaasssslleee
/data3fast/users/mbermudez/de_02/TFGDataset/img/T2_0846.png|ann eeeeeeeee eeeeeeeellleeeehhheeeeeeeeeeeeeeeeee
/data3fast/users/mbermudez/de_02/TFGDataset/img/T2_0409.png|hnnn   e               ss    eeeeiihhhc nnnnn
/data3fast/users/mbermudez/de_02/TFGDataset/img/T2_1331.png|mm   ssssssshheeeeeeee e ee    sssssssss       aaa   
/data3fast/users/mbermudez/de_02/TFGDataset/img/T2_1023.png|dereeeeeeeeeeeeeeeeeeeeeeeettt      ddddd
/data3fast/users/mbermudez/de_02/TFGDataset/img/T2_0148.png|ttttttttt       eeeeeeeeeeseeeeeeeeeeeeeee  e   hhhhh
/data3fast/users/mbermudez/de_02/TFGDataset/img/T2_0083.png|uuu  eeeeeeeeee                    aaaa t
/data3fast/users/mbermudez/de_02/TFGDataset/img/T2_1341.png|diiieeeeeeeee       sss     eee  eeeeeeg    geeggNNN
/data3fast/users/mbermudez/de_02/TFGDataset/img/T2_0542.png|eeer    aaaa       eeeeeeee eeessschhh   eeee
/data3fast/users/mbermudez/de_02/TFGDataset/img/T2_0166.png|nee    ee      aa          eeeeeeeeeeeeeeee     aaaa
/data3fast/users/mbermudez/de_02/TFGDataset/img/T2_0524.png|weeeeeeeeeeennddd  eeee
/data3fast/users/mbermudez/de_02/TFGDataset/img/T2_0162.png|dsssssseeeeeee         eetteeeeeeeeeeeeeeeeee        
/data3fast/users/mbermudez/de_02/TFGDataset/img/T2_0686.png|geeeeeeeeeeneenneeeennnn   eeeeeeeeee
/data3fast/users/mbermudez/de_02/TFGDataset/img/T2_0932.png|eee           ee eee e      e  eeeeeeeee eehhh
/data3fast/users/mbermudez/de_02/TFGDataset/img/T2_0028.png|lllu    n            essss   e eeeeeeessssssssss
/data3fast/users/mbermudez/de_02/TFGDataset/img/T2_1392.png|#  
/data3fast/users/mbermudez/de_02/TFGDataset/img/T2_1084.png|auu    aa a   sa   eeeeeeee           icccchhhh
/data3fast/users/mbermudez/de_02/TFGDataset/img/T2_0876.png|wteeeeeeiieeeeeehhhhhh           eeeeeeeeeeee
/data3fast/users/mbermudez/de_02/TFGDataset/img/T2_0304.png|unn   aaaaaaa         eeeeeeeeeeee          nn
/data3fast/users/mbermudez/de_02/TFGDataset/img/T2_0745.png|grrr    eeeeeeeeeeeeeeeee         aa       eeeeeeee
/data3fast/users/mbermudez/de_02/TFGDataset/img/T2_1317.png|dasseeeeeeeeeee    aaaaaaaa         ee        dd
/data3fast/users/mbermudez/de_02/TFGDataset/img/T2_0065.png|de                          ssssssss    lhheeeeeeeeeee
/data3fast/users/mbermudez/de_02/TFGDataset/img/T2_0448.png|gee    dd  eeeeeeiiieeeeeeeeeeellee  eeededd
/data3fast/users/mbermudez/de_02/TFGDataset/img/T2_0124.png|nnn              eeeeeeeeeee          eeeeeee
/data3fast/users/mbermudez/de_02/TFGDataset/img/T2_1122.png|dee ecchhieeeeee nn dd  ssssssseeee    ddd
/data3fast/users/mbermudez/de_02/TFGDataset/img/T2_1445.png|neeeeeee  aaaaaaa uu    eeeeehhhhh    ddde
/data3fast/users/mbermudez/de_02/TFGDataset/img/T2_0277.png|dee tttt   ittttt
/data3fast/users/mbermudez/de_02/TFGDataset/img/T2_0423.png|wwin               eeeeeeeeeeeeeeeeee chhhsss
/data3fast/users/mbermudez/de_02/TFGDataset/img/T2_0103.png|#  
/data3fast/users/mbermudez/de_02/TFGDataset/img/T2_0113.png|iiiiiheeeettt                      eeeeeeeeeeeeeesss
/data3fast/users/mbermudez/de_02/TFGDataset/img/T2_0560.png|aallssslhhhhhh     hchcch  t   e eeeee eeeeeee
/data3fast/users/mbermudez/de_02/TFGDataset/img/T2_1247.png|wieeeeeessssss      innnnnnnnnnnnneeeeeeeee
/data3fast/users/mbermudez/de_02/TFGDataset/img/T2_1443.png|achh                  ee e ************        eeeeeee
/data3fast/users/mbermudez/de_02/TFGDataset/img/T2_1105.png|teeeee   eeellleeeeeeeeeeessssseeecchii       eeeee
/data3fast/users/mbermudez/de_02/TFGDataset/img/T2_0937.png|beeeeeee          nnhh ieeeeeeeeeee   aaa
/data3fast/users/mbermudez/de_02/TFGDataset/img/T2_1018.png|wiii        nn             eeeeeeeeeeeeee
/data3fast/users/mbermudez/de_02/TFGDataset/img/T2_0780.png|onnneeeeeeeeeeee ......
/data3fast/users/mbermudez/de_02/TFGDataset/img/T2_0091.png|unn   aaaaa eeeeeeee     sssssss  eeeeeeni
/data3fast/users/mbermudez/de_02/TFGDataset/img/T2_0436.png|"  ssssseeee eeeeeeeeeehhhhhhhiie      eeeeeeeeeeee
/data3fast/users/mbermudez/de_02/TFGDataset/img/T2_0500.png|geeeeeeeeeee   hhhh              d   eeeee
/data3fast/users/mbermudez/de_02/TFGDataset/img/T2_0054.png|onnnnnnnuaaa    
/data3fast/users/mbermudez/de_02/TFGDataset/img/T2_0626.png|dee    nnnnnn               dddeeeeeeeeeeeee
/data3fast/users/mbermudez/de_02/TFGDataset/img/T2_0580.png|"    hchhhhhsssssssssssssssll              .....
/data3fast/users/mbermudez/de_02/TFGDataset/img/T2_0372.png|deeeetttteeeeeee      s       sssllleeeeeeee
/data3fast/users/mbermudez/de_02/TFGDataset/img/T2_0643.png|der  ccchhhhhht t    eeeeeells       dnnn  nnnn nn
/data3fast/users/mbermudez/de_02/TFGDataset/img/T2_0384.png|eeeeeeee     n     auu     eeeeeeeeeeeeee ee 
/data3fast/users/mbermudez/de_02/TFGDataset/img/T2_1415.png|iinn    eeeeeeeeeeee      ssscc    eeeeeeeeeeeeeeehhhhh
/data3fast/users/mbermudez/de_02/TFGDataset/img/T2_0188.png|ahneeeeeeeessss            eeeeeeeeeeeeeeeeeeeeeeeeee
/data3fast/users/mbermudez/de_02/TFGDataset/img/T2_1103.png|geeeeeeee                 eeeeeechttt     aaaaaa
/data3fast/users/mbermudez/de_02/TFGDataset/img/T2_0076.png|deer eeeeeeeeeeesse    n  eeeeeeeee  nnnee
/data3fast/users/mbermudez/de_02/TFGDataset/img/T2_1161.png|annn eeeeeehhhhhhhh    eeeeeeeeeeeeeeeeee  eeee
/data3fast/users/mbermudez/de_02/TFGDataset/img/T2_0355.png|drr     n eeee ***********            d d      aaee
/data3fast/users/mbermudez/de_02/TFGDataset/img/T2_0407.png|z  eeeeeeeeeeeeett      sssssssssss    seetthhh
/data3fast/users/mbermudez/de_02/TFGDataset/img/T2_1497.png|tteee           eeeeeeeeeeeeeeeeee    nnnnaa
/data3fast/users/mbermudez/de_02/TFGDataset/img/T2_0911.png|eeeettttttttt
/data3fast/users/mbermudez/de_02/TFGDataset/img/T2_0543.png|aaas         ee eeeeeeeessssese       a   e
/data3fast/users/mbermudez/de_02/TFGDataset/img/T2_0892.png|nnn   aa       eeeeeeeeeeeeeeeeeeee sssseeeeeee
/data3fast/users/mbermudez/de_02/TFGDataset/img/T2_1216.png|neeeeeeeeeeeeeeeeee         d    e         
/data3fast/users/mbermudez/de_02/TFGDataset/img/T2_1239.png|wnn  eeee ssltt      .........
/data3fast/users/mbermudez/de_02/TFGDataset/img/T2_0709.png|derreeeeeeeeeeeee       aa ll               eeeee
/data3fast/users/mbermudez/de_02/TFGDataset/img/T2_1323.png|beeeeeeeeeehhhhhhhhheellllee      ddddd   eeeeeee
/data3fast/users/mbermudez/de_02/TFGDataset/img/T2_0005.png|llllle            sssseeeeeeeeeeeeeee  nnnn
/data3fast/users/mbermudez/de_02/TFGDataset/img/T2_1338.png|ieeeeeseeseeeeeeeeeeeeeeiiiiie *****    ssssss
/data3fast/users/mbermudez/de_02/TFGDataset/img/T2_1420.png|ttee eeeeeeeiiiiii         asaaaaaa    aaaa  aee
/data3fast/users/mbermudez/de_02/TFGDataset/img/T2_0012.png|hhheeeee    aaaaa         n  eeeeeeeeeee
/data3fast/users/mbermudez/de_02/TFGDataset/img/T2_0935.png|ttttt    hhhhh          sssssh t  i  eee
/data3fast/users/mbermudez/de_02/TFGDataset/img/T2_1213.png|"  eeeeeeechhhhhhhhheeennnn    aaalllll   s
/data3fast/users/mbermudez/de_02/TFGDataset/img/T2_0172.png|de  sss        e ee   e               eeeeeeee      hhhhhhhh
/data3fast/users/mbermudez/de_02/TFGDataset/img/T2_0495.png|beeeeeeeeeeehhhee        eeeeeeee         aaaaahh
/data3fast/users/mbermudez/de_02/TFGDataset/img/T2_1390.png|iii          de ee  sssscc              eeeeeeeee
/data3fast/users/mbermudez/de_02/TFGDataset/img/T2_1026.png|ggauu     d         eeeeeeeee ccc        hhhh
/data3fast/users/mbermudez/de_02/TFGDataset/img/T2_0728.png|mii          eeeeeeeeeeeeeeeeeeeedd   sssstt
/data3fast/users/mbermudez/de_02/TFGDataset/img/T2_0515.png|aaa  eeeeetttttt            ttt       eeeeeeeee
/data3fast/users/mbermudez/de_02/TFGDataset/img/T2_0520.png|drr   nneeeeeiiih   eeee
/data3fast/users/mbermudez/de_02/TFGDataset/img/T2_0896.png|zz  eeeellllsssss    eddddeeee   aaa   
/data3fast/users/mbermudez/de_02/TFGDataset/img/T2_0350.png|geeehhhhh         sssssssssesssssseeeee           **nnnn
/data3fast/users/mbermudez/de_02/TFGDataset/img/T2_1091.png|eeeessssssss       ssshe e        eeeeeeeeee eeeeeeeeeeeee
/data3fast/users/mbermudez/de_02/TFGDataset/img/T2_0661.png|iin  eeeeeee      sss   eee  e...
/data3fast/users/mbermudez/de_02/TFGDataset/img/T2_0620.png|inneeeeeeeeeeeeeellllll             eeeeeeeeeee
/data3fast/users/mbermudez/de_02/TFGDataset/img/T2_0764.png|freeeeeeeeeee h          eehh       n       e
/data3fast/users/mbermudez/de_02/TFGDataset/img/T2_1204.png|geecchhh      eeeessssseeeeeeeeeeeee   n ne*eeeeeeee
/data3fast/users/mbermudez/de_02/TFGDataset/img/T2_0771.png|# 
/data3fast/users/mbermudez/de_02/TFGDataset/img/T2_0141.png|weere   nnn             sssssssssssssttt iii
/data3fast/users/mbermudez/de_02/TFGDataset/img/T2_1053.png|dii        ss    e    eee ssssssssssss
/data3fast/users/mbermudez/de_02/TFGDataset/img/T2_0307.png|sse   eeee  eeheeeeeeeeeeeeeeeeehhchhhhhhh cc        hh
/data3fast/users/mbermudez/de_02/TFGDataset/img/T2_0278.png|wrrr   iii   eeeeeeeeeeee   eeeeeeeeeeeeeeee    ttt
/data3fast/users/mbermudez/de_02/TFGDataset/img/T2_0997.png|ihh   eeeeeeeeeeeeee    u       d         tt
/data3fast/users/mbermudez/de_02/TFGDataset/img/T2_1133.png|tt    aaa     eeeeeeeeeeee   e   e eeeeeeeeeee
/data3fast/users/mbermudez/de_02/TFGDataset/img/T2_0799.png|neeeeeeeeeehhhhhh  eeehhhhheeeeeeeeeeeeeeeeeeee
/data3fast/users/mbermudez/de_02/TFGDataset/img/T2_0050.png|wwr       eeeeeee      eeeeeeeeeeeeeeeee   hhhhhhh
/data3fast/users/mbermudez/de_02/TFGDataset/img/T2_0681.png|dessssssssssssssss sssss    nnddeeeeeeeeeeeeeeeeeeN
/data3fast/users/mbermudez/de_02/TFGDataset/img/T2_1190.png|ssattttttttttttttttt            eeeeeeedddeee
/data3fast/users/mbermudez/de_02/TFGDataset/img/T2_0491.png|aa   eeeeeeeeee       aaas      eee e e ...
/data3fast/users/mbermudez/de_02/TFGDataset/img/T2_1047.png|sse  aaaaassss   ss  eeeeeeeeeeeeeeeeeeeeeee
/data3fast/users/mbermudez/de_02/TFGDataset/img/T2_1398.png|nn    ssslleeeeeeeeeeeeennn       ii iee
/data3fast/users/mbermudez/de_02/TFGDataset/img/T2_1153.png|unndeeeeeeeeeeee 
/data3fast/users/mbermudez/de_02/TFGDataset/img/T2_0085.png|innnn       tt.
/data3fast/users/mbermudez/de_02/TFGDataset/img/T2_0499.png|see          eee        elleee h          n  nn
/data3fast/users/mbermudez/de_02/TFGDataset/img/T2_0004.png|ahhh   eeeeelllll     eeeeeeeeeeieehhhhhhhh
/data3fast/users/mbermudez/de_02/TFGDataset/img/T2_1427.png|# 
/data3fast/users/mbermudez/de_02/TFGDataset/img/T2_0390.png|ssseeeeeeeeeeeeeeehhhhhh aa      eeeeee      eeeeee
/data3fast/users/mbermudez/de_02/TFGDataset/img/T2_0692.png|****** ttttttiit   eeee          a     eeeeeelllleeee
/data3fast/users/mbermudez/de_02/TFGDataset/img/T2_1090.png|eeeeettttttt
/data3fast/users/mbermudez/de_02/TFGDataset/img/T2_1301.png|der                 s      eeeee*e* eeesss           eeeeNNNNN
/data3fast/users/mbermudez/de_02/TFGDataset/img/T2_0420.png|dann eeeeeeeeeeiiiee     n      aaa  lllll
/data3fast/users/mbermudez/de_02/TFGDataset/img/T2_1098.png|wiisssssshhhhhhhhh   eeeeee  sssss          eeellllss
/data3fast/users/mbermudez/de_02/TFGDataset/img/T2_0063.png|ee             eelleeeeeeete         ssss        
/data3fast/users/mbermudez/de_02/TFGDataset/img/T2_0668.png|nnnneeeeee     uuuu     eeeeeeeeeeeettttttttt
/data3fast/users/mbermudez/de_02/TFGDataset/img/T2_0501.png|geeessssssss     eeeeeeeeeeeeeeeeeeeeeeeeeeeeeeee
/data3fast/users/mbermudez/de_02/TFGDataset/img/T2_1357.png|wiii  eeeeeeseeeeehhhee                  n     dddee
/data3fast/users/mbermudez/de_02/TFGDataset/img/T2_1324.png|ss            e   *****                       d dd
/data3fast/users/mbermudez/de_02/TFGDataset/img/T2_1028.png|aareeeeeeeeeeeee       ddddeeeeessssssse
/data3fast/users/mbermudez/de_02/TFGDataset/img/T2_0351.png|oheeeeeeeeeeedddddddd eeeee e    aassssss
/data3fast/users/mbermudez/de_02/TFGDataset/img/T2_0980.png|shheeeee  ed        ee  ********        lll ttttt
/data3fast/users/mbermudez/de_02/TFGDataset/img/T2_0308.png|deir       eeeeeeeeeeeeeeeeehhhhhh   n         s
/data3fast/users/mbermudez/de_02/TFGDataset/img/T2_1291.png|aan    eee   e eeeeiii        eeeeeeeeee
/data3fast/users/mbermudez/de_02/TFGDataset/img/T2_0584.png|das  eeettttttttttttt
/data3fast/users/mbermudez/de_02/TFGDataset/img/T2_0860.png|wiieeee eeeiiihhchseeeeeee  ee tt           eeeeeeeeeee ee
/data3fast/users/mbermudez/de_02/TFGDataset/img/T2_0913.png|aaa   eeeeetlllt   eeeeeeeeeeeeeeeeee     sst
/data3fast/users/mbermudez/de_02/TFGDataset/img/T2_0546.png|lllltht      ssssssss    a  eeeeeeell     de
/data3fast/users/mbermudez/de_02/TFGDataset/img/T2_1130.png|eee  ssssssssss         nneeeeeeeeeeeeeeeeeeeeeeee
/data3fast/users/mbermudez/de_02/TFGDataset/img/T2_0865.png|eeeeeeeeeeeee 
/data3fast/users/mbermudez/de_02/TFGDataset/img/T2_0673.png|aas  eeeeeeeeeee    aa  allleeeeeeeN
/data3fast/users/mbermudez/de_02/TFGDataset/img/T2_0234.png|deeeeeeeeeeeee    aaaaaaaa   eeeeeeeeeeeee
/data3fast/users/mbermudez/de_02/TFGDataset/img/T2_0414.png|geee           ehhhhhhheeeehh                ssseeeee
/data3fast/users/mbermudez/de_02/TFGDataset/img/T2_1006.png|der            hh     eeeeeeeee       d d   sss
/data3fast/users/mbermudez/de_02/TFGDataset/img/T2_0303.png|beeeee    eeeeeeeeeeee     nnnn  n  ichhhhhhhnhh
/data3fast/users/mbermudez/de_02/TFGDataset/img/T2_0401.png|gee  nnnnnnnnnnnnnnneeeeeeeeeee scch      
/data3fast/users/mbermudez/de_02/TFGDataset/img/T2_0455.png|undd    eeeeelhhhhhhh           hhhhhhhhhhh
/data3fast/users/mbermudez/de_02/TFGDataset/img/T2_0073.png|aann eeetttt    t    eeeeeeeeeeeeeedd
/data3fast/users/mbermudez/de_02/TFGDataset/img/T2_0887.png|eee aaaaahhhhhcchhccchhhhh  eeeeeeeeeeeeee   dddd
/data3fast/users/mbermudez/de_02/TFGDataset/img/T2_1064.png|aaa     sseeee   eessttt      ddddd      hhhh
/data3fast/users/mbermudez/de_02/TFGDataset/img/T2_1322.png|teeeeeeeeeee       eessssshh      ddddddd
/data3fast/users/mbermudez/de_02/TFGDataset/img/T2_0370.png|#  e
/data3fast/users/mbermudez/de_02/TFGDataset/img/T2_0617.png|tttt            eeeeelllllllsessssseeeesssssss eeeee
/data3fast/users/mbermudez/de_02/TFGDataset/img/T2_0642.png|dii  eeeeeeee   ssssssseeeeeeeeeeee      sssss
/data3fast/users/mbermudez/de_02/TFGDataset/img/T2_1404.png|scchhheNNN               e                  iieeeee
/data3fast/users/mbermudez/de_02/TFGDataset/img/T2_1328.png|der  saaa            eeeeeeeeee         eeeeee
/data3fast/users/mbermudez/de_02/TFGDataset/img/T2_0209.png|iinn   ee     llllleeeeeeeeeeeeeeeiii       aaaa
/data3fast/users/mbermudez/de_02/TFGDataset/img/T2_0138.png|aas ss               eeeeegeeeeeeeeeeeeeeeeee
/data3fast/users/mbermudez/de_02/TFGDataset/img/T2_0895.png|eeeeen   nn nn         eeee         eeeeeeeeeee
/data3fast/users/mbermudez/de_02/TFGDataset/img/T2_1408.png|#  eeettttttttt
/data3fast/users/mbermudez/de_02/TFGDataset/img/T2_0058.png|de     t  eeeeeeeeee    *  *       ssssssss   lleeeeeee
/data3fast/users/mbermudez/de_02/TFGDataset/img/T2_0973.png|eeessshhhhhh                eeeeeeeeeeeeeeeeeeeee
/data3fast/users/mbermudez/de_02/TFGDataset/img/T2_0834.png|iiieeeeeeeeeeeetttttt  ttehheeieee     sssss
/data3fast/users/mbermudez/de_02/TFGDataset/img/T2_1327.png|eee         eeeeeeeeeeeeee    ddd eeeee ssaaaaa
/data3fast/users/mbermudez/de_02/TFGDataset/img/T2_0439.png|aassssss    eeeeeeeeeeeeeeeeeeeeee      dddeeeee
/data3fast/users/mbermudez/de_02/TFGDataset/img/T2_1222.png|wolt         eeeeeeeeeeeeeeeeeee       tttt
/data3fast/users/mbermudez/de_02/TFGDataset/img/T2_0264.png|"       aaaaaaaa sssllleeee     uu    a 
/data3fast/users/mbermudez/de_02/TFGDataset/img/T2_1011.png|# 
/data3fast/users/mbermudez/de_02/TFGDataset/img/T2_0152.png|uu      hhhh              shhhhhhhhhh     
/data3fast/users/mbermudez/de_02/TFGDataset/img/T2_1121.png|wlllll           iiiiieeeiiieeeeennnneeeeee   sssss
/data3fast/users/mbermudez/de_02/TFGDataset/img/T2_1333.png|frreeeeeeeeeeeee     a  eeeeeeeeeeeee    e essshhhhh
/data3fast/users/mbermudez/de_02/TFGDataset/img/T2_1125.png|geett    sssssssssseeeeeeeeeeeess         eeee
/data3fast/users/mbermudez/de_02/TFGDataset/img/T2_0226.png|eeeee e
/data3fast/users/mbermudez/de_02/TFGDataset/img/T2_0263.png|nnn  chh           hhhh        eeeeeeeeeeee
/data3fast/users/mbermudez/de_02/TFGDataset/img/T2_0326.png|gneee  sss  sss         eeeeettttt       sssee
/data3fast/users/mbermudez/de_02/TFGDataset/img/T2_0253.png|uunn eee    ssssssseeeeeeeeiieeeeeeeedeeeee
/data3fast/users/mbermudez/de_02/TFGDataset/img/T2_1040.png|iiii  aaaaaahhh               asssssssheeeeeeee
/data3fast/users/mbermudez/de_02/TFGDataset/img/T2_1104.png|ffle   uuuunnnnnnn     eeeeeehhttt        e
/data3fast/users/mbermudez/de_02/TFGDataset/img/T2_0837.png|die  eeessssseeee h  nnnnnnnnnnnnn eeeeeeee
/data3fast/users/mbermudez/de_02/TFGDataset/img/T2_1387.png|tteeeeee      eeeeeeee  sssshc       ssss  eeeeeeeeeeeee
/data3fast/users/mbermudez/de_02/TFGDataset/img/T2_0204.png|# 
/data3fast/users/mbermudez/de_02/TFGDataset/img/T2_1432.png|ieeeesssss     eeeeeeeeeeeeeeeeee  eeeeeeeeeee
/data3fast/users/mbermudez/de_02/TFGDataset/img/T2_1186.png|eeeeiich            aa             dd   eeeeee
/data3fast/users/mbermudez/de_02/TFGDataset/img/T2_0089.png|aaa      iieeeeeeeeeeeeeeeeeeeeeeNNNNN 
/data3fast/users/mbermudez/de_02/TFGDataset/img/T2_0002.png|mitttteeeelee    aaaaaaaassssssshi ee
/data3fast/users/mbermudez/de_02/TFGDataset/img/T2_0452.png|"   eeeeeeeee  nnn          asssssssssssslllle
/data3fast/users/mbermudez/de_02/TFGDataset/img/T2_0365.png|tt         dddd eeee eee
/data3fast/users/mbermudez/de_02/TFGDataset/img/T2_1054.png|wlllll              eeeeeee    sss      eeee
/data3fast/users/mbermudez/de_02/TFGDataset/img/T2_0667.png|seeeeeeeeeee *      sss     e            eeeeeeeeeeee
/data3fast/users/mbermudez/de_02/TFGDataset/img/T2_0118.png|iihhhhhh a  aua  n n   eeeeeeehhhh    eeeeeeeeeee
/data3fast/users/mbermudez/de_02/TFGDataset/img/T2_0169.png|derrtttchhhht       eeeeeeeeeeeehhhhe nnnnnnn
/data3fast/users/mbermudez/de_02/TFGDataset/img/T2_0685.png|din  eeeeee****eee     ggeeeeee      ssss
/data3fast/users/mbermudez/de_02/TFGDataset/img/T2_0309.png|dassseeeeeeeeeeeeeeessssss ss           ieeei
/data3fast/users/mbermudez/de_02/TFGDataset/img/T2_0019.png|ichhh           eeeeeeeeeeeeeeeeeeeeees    eeee
/data3fast/users/mbermudez/de_02/TFGDataset/img/T2_0948.png|beeeeettttttttt       dd             eeeeeesee
/data3fast/users/mbermudez/de_02/TFGDataset/img/T2_0682.png|neee    sssss       nn   eeeeeeee     aa    hi
/data3fast/users/mbermudez/de_02/TFGDataset/img/T2_1235.png|aad  ssssss eeeeeeeeennne         eeeeeee
/data3fast/users/mbermudez/de_02/TFGDataset/img/T2_1350.png|neeeeecccctt              nn  n  cchchhhhhhh      e
/data3fast/users/mbermudez/de_02/TFGDataset/img/T2_1360.png|geessseeeeeeeeeeeeeee   nnn  eeeeeeeeeeeeeeee
/data3fast/users/mbermudez/de_02/TFGDataset/img/T2_0191.png|eeieeeneeeeeeeeeeeeeeeeee          d      eeee
/data3fast/users/mbermudez/de_02/TFGDataset/img/T2_0534.png|geehcsssss  sssss d  sssssssssstttttt      eeee
/data3fast/users/mbermudez/de_02/TFGDataset/img/T2_0652.png|gee   aaaa        ssssss            e t....
/data3fast/users/mbermudez/de_02/TFGDataset/img/T2_0875.png|lle    d   sssssssseeeeeeeeeeeihhhh       ii
/data3fast/users/mbermudez/de_02/TFGDataset/img/T2_0173.png|bee     nnn      iii ii  i   eeeiiiehhhh
/data3fast/users/mbermudez/de_02/TFGDataset/img/T2_1251.png|beeee    e eeeeeeeeeeeeeeeeeeeeeeeeeeeeeee
/data3fast/users/mbermudez/de_02/TFGDataset/img/T2_1371.png|dassseeeeeeeee              d            e             ***
/data3fast/users/mbermudez/de_02/TFGDataset/img/T2_0835.png|de        u            eee    tttttt              eee
/data3fast/users/mbermudez/de_02/TFGDataset/img/T2_0710.png|bee       eeeeeeeeeeeeeeeeeeeeeeeeeee
/data3fast/users/mbermudez/de_02/TFGDataset/img/T2_1378.png|reee                 hhhc h              aassssshhhh
/data3fast/users/mbermudez/de_02/TFGDataset/img/T2_0579.png|nnnneeeeeeeeeeeeeeeeee e
/data3fast/users/mbermudez/de_02/TFGDataset/img/T2_0432.png|weeettttttttt...
/data3fast/users/mbermudez/de_02/TFGDataset/img/T2_0646.png|aahhh                   eeeeeeeeeeeeeeee   saaaa
/data3fast/users/mbermudez/de_02/TFGDataset/img/T2_0271.png|mmtttt   auuuuuuu  n   e   ennnnnn     seeeeeee
/data3fast/users/mbermudez/de_02/TFGDataset/img/T2_1198.png|der    dddd  dd      eettttttt      eeeee
/data3fast/users/mbermudez/de_02/TFGDataset/img/T2_0848.png|gee                ee***    ssss          eeeee
/data3fast/users/mbermudez/de_02/TFGDataset/img/T2_1175.png|wnn           eeeeeeeeeeeeeeeeeeeeeeeeeeeee      ssss
/data3fast/users/mbermudez/de_02/TFGDataset/img/T2_0656.png|vrrhhhhhhe eeeeeeeeeeeeeeeeeeeeeeeeeeeeeeeeeeeeeeeee
/data3fast/users/mbermudez/de_02/TFGDataset/img/T2_0975.png|hhnn ddd dd       e llll ssa  s ss     tttt
/data3fast/users/mbermudez/de_02/TFGDataset/img/T2_0756.png|ne      sssseeeeeeee e        ssssss aaaaaaaaa
/data3fast/users/mbermudez/de_02/TFGDataset/img/T2_0768.png|all   eeeeeeiiii   cccttt
/data3fast/users/mbermudez/de_02/TFGDataset/img/T2_0137.png|nheeeeeeehhhhhhhh            s c   llll  leelee
/data3fast/users/mbermudez/de_02/TFGDataset/img/T2_0824.png|nn   sss    ee e eee ee eeeeee e    cchhh  hhhhhheeeeee
/data3fast/users/mbermudez/de_02/TFGDataset/img/T2_1212.png|drr    d sssss  ddd eeseeeeeeeeeeeeeeeeeeeeeee
/data3fast/users/mbermudez/de_02/TFGDataset/img/T2_0767.png|sss    eiiih        eeeeeeeeeeeeeeeeeeee
/data3fast/users/mbermudez/de_02/TFGDataset/img/T2_0027.png|eer     nnnnnnn   a   t       sss
/data3fast/users/mbermudez/de_02/TFGDataset/img/T2_0856.png|rrrrr  leeee   nn  eeeeeeeeeeessseeeeeeeeeeeeeNeN
/data3fast/users/mbermudez/de_02/TFGDataset/img/T2_1405.png|zu        aallll  ll         eeeeeeell
/data3fast/users/mbermudez/de_02/TFGDataset/img/T2_0743.png|aaaa       nnnnn eeeeeeeeeeeeeeeeeeeeeeee
/data3fast/users/mbermudez/de_02/TFGDataset/img/T2_0256.png|aaa    nnnnnneeeeeeeeeeeesssss         neee
/data3fast/users/mbermudez/de_02/TFGDataset/img/T2_1004.png|chheeeeeeeeeeeee           eeee  ddddde    nneeeeeeeeee
/data3fast/users/mbermudez/de_02/TFGDataset/img/T2_0795.png|eernnn nn      ee   l       eee                uuua
/data3fast/users/mbermudez/de_02/TFGDataset/img/T2_1399.png|mi  eeeessseeeeeee                         a   ttt
/data3fast/users/mbermudez/de_02/TFGDataset/img/T2_0376.png|aaa  eeeeeeeeiii     eieinnnnnnn   eeeeeesshh
/data3fast/users/mbermudez/de_02/TFGDataset/img/T2_0569.png|ss  eeeeeeeseeeeeeeeeeee**eeeeeeeeeeeeee   e eeeeeeeehe
/data3fast/users/mbermudez/de_02/TFGDataset/img/T2_0017.png|die        nn       ******eeeeeeeeeeeeeee
/data3fast/users/mbermudez/de_02/TFGDataset/img/T2_0494.png|wisssss
/data3fast/users/mbermudez/de_02/TFGDataset/img/T2_0425.png|**ee   ee ell     eee  eeeeeeessssss   eeeeee
/data3fast/users/mbermudez/de_02/TFGDataset/img/T2_1055.png|seeeeeee    aaaatttttt       sssssss
/data3fast/users/mbermudez/de_02/TFGDataset/img/T2_0431.png|bbeee         a   d     c        eeeeeeeeN
/data3fast/users/mbermudez/de_02/TFGDataset/img/T2_0249.png|uueeeeeeeess hhhhh              eeeeeeelll       ee
/data3fast/users/mbermudez/de_02/TFGDataset/img/T2_0070.png|dee sccccchhht t a     leeeeeeeeeeiiie ee
/data3fast/users/mbermudez/de_02/TFGDataset/img/T2_0492.png|wrrr eeeeiihhhhhhhhhh     eeeheeeeeeeeeeeeeeee
/data3fast/users/mbermudez/de_02/TFGDataset/img/T2_0576.png|geeee      ss         ii hchhhe  nnnnnnnnnnnnn
/data3fast/users/mbermudez/de_02/TFGDataset/img/T2_0696.png|nnnneeeeeeeeeeeeeeee***nnnnn   a     eeeeeeeeeeee
/data3fast/users/mbermudez/de_02/TFGDataset/img/T2_0814.png|llle            eeeeeeeeeeeeeeeee   a  sss   tt
/data3fast/users/mbermudez/de_02/TFGDataset/img/T2_0207.png|aaa       aaaa   eeeeeeeee eeeeeeee    dde
/data3fast/users/mbermudez/de_02/TFGDataset/img/T2_1143.png|eeesssshhh          i * tt     tt   ttt tttt
/data3fast/users/mbermudez/de_02/TFGDataset/img/T2_0335.png|das        ttt      eeed       nn    eeeeeeeee
/data3fast/users/mbermudez/de_02/TFGDataset/img/T2_0043.png|das    hh eeleeeeeeeeeeeeseeeeeeeeeeeieee
/data3fast/users/mbermudez/de_02/TFGDataset/img/T2_1181.png|"   eeeeeeeessss sl eeee     ddddeeeeeeeehhhhhhhhh
/data3fast/users/mbermudez/de_02/TFGDataset/img/T2_0217.png|*eeeee   t           eeeeeeeesssh           eeeei
/data3fast/users/mbermudez/de_02/TFGDataset/img/T2_0639.png|# 
/data3fast/users/mbermudez/de_02/TFGDataset/img/T2_0171.png|iihhht
/data3fast/users/mbermudez/de_02/TFGDataset/img/T2_0917.png|#  
/data3fast/users/mbermudez/de_02/TFGDataset/img/T2_1093.png|drraaaa       eeeeeeeeeeeeeeeeeeeeeeee      nnne
/data3fast/users/mbermudez/de_02/TFGDataset/img/T2_0538.png|dd   eee     aa   lllleeeeeeeeeeee      eeeeee
/data3fast/users/mbermudez/de_02/TFGDataset/img/T2_0753.png|assseeeeeeeeeeeeeeeeeeieeeeeee ddd     aaa
/data3fast/users/mbermudez/de_02/TFGDataset/img/T2_0719.png|uu  eeeeeeeeeeeeeeeeennnnnndd   aaaaaaae
/data3fast/users/mbermudez/de_02/TFGDataset/img/T2_0192.png|eeettth e eeeeeeeeeeeeeeccccssss         ddnn
/data3fast/users/mbermudez/de_02/TFGDataset/img/T2_0246.png|siii        eeeeeeeeeeeeeeeeseehhheee**e*ee
/data3fast/users/mbermudez/de_02/TFGDataset/img/T2_1381.png|*tt*****    ttttttttt       a    aa   eeeeeeeeeeeeeeee*e
/data3fast/users/mbermudez/de_02/TFGDataset/img/T2_0985.png|dee   eeeeeeeeee*        aaaaslllll  hccchhhhhhhaa
/data3fast/users/mbermudez/de_02/TFGDataset/img/T2_0700.png|innddddeeeeeeeeeeee e  ssssll llleeeeeehh  uuuuu
/data3fast/users/mbermudez/de_02/TFGDataset/img/T2_0235.png|geeechhhhh        sssshhhhhhhhh nnnn     nnnn
/data3fast/users/mbermudez/de_02/TFGDataset/img/T2_1107.png|#  e
/data3fast/users/mbermudez/de_02/TFGDataset/img/T2_0352.png|flee nnn  n n        eee        ssstttttttttt
/data3fast/users/mbermudez/de_02/TFGDataset/img/T2_1419.png|geee             tt     eeeeeeeeeeeeeeeeeeeeeee
/data3fast/users/mbermudez/de_02/TFGDataset/img/T2_1008.png|der     eeeee hhh      ee  sscccceeeee******        dddd
/data3fast/users/mbermudez/de_02/TFGDataset/img/T2_1002.png|eeeeeeeeeeeeeeeeeeeeeeeeeeeeee   ssssstttttt     n
/data3fast/users/mbermudez/de_02/TFGDataset/img/T2_1203.png|geeeeN e        ssssllleeeeeeeeeeeeeeeeeeee
/data3fast/users/mbermudez/de_02/TFGDataset/img/T2_0915.png|lllllleeeeeeeeeeeeeeeeeeeeeeeeeee        a     dee
/data3fast/users/mbermudez/de_02/TFGDataset/img/T2_0699.png|shheeeeeeeeeeee        n    hheeeeeel       aaaaaaa
/data3fast/users/mbermudez/de_02/TFGDataset/img/T2_0606.png|weeeeeee                         eeeeeeeeeetttt
/data3fast/users/mbermudez/de_02/TFGDataset/img/T2_1290.png|bba    nn    deeeeeeeehccchhhhheeee      dddd
/data3fast/users/mbermudez/de_02/TFGDataset/img/T2_0134.png|hhhhhh           eeeeeeee eeeeee  ii     nn
/data3fast/users/mbermudez/de_02/TFGDataset/img/T2_0690.png|wiieeeeeeeeeee  eeeeeeeeeee nnnnnnnn  aaaaa
/data3fast/users/mbermudez/de_02/TFGDataset/img/T2_1370.png|nnn  eeee        sssssshccchhhhhhhh       eeee
/data3fast/users/mbermudez/de_02/TFGDataset/img/T2_0035.png|dee   ****             eeeeeeee eii  eee     a 
/data3fast/users/mbermudez/de_02/TFGDataset/img/T2_0591.png|dieeeeeeeeeeeei         n n  eeeeeeeeeeeee    aaaaaaa
/data3fast/users/mbermudez/de_02/TFGDataset/img/T2_1178.png|de    aaa       eeeeeeeeeee   **  ****  ttttttttt
/data3fast/users/mbermudez/de_02/TFGDataset/img/T2_0653.png|all eeeeeeeeesssseeeeeeeeeeee      lllee
/data3fast/users/mbermudez/de_02/TFGDataset/img/T2_0424.png|teeeeeeeeeeeeeeeee      ss             tttttt
/data3fast/users/mbermudez/de_02/TFGDataset/img/T2_0833.png|reeesssssssee   eeeeeeeee                   tttt
/data3fast/users/mbermudez/de_02/TFGDataset/img/T2_0442.png|vnreeeeeeeeeeeeee            ssssseeeeeeee  sseeeeeee
/data3fast/users/mbermudez/de_02/TFGDataset/img/T2_0672.png|nnneeeeee   ddnd  iiiieeeeeeeeeeeelleeee
/data3fast/users/mbermudez/de_02/TFGDataset/img/T2_0558.png|ssh   nnnnnnn  nndeddd ssssssddd sssaaaaa
/data3fast/users/mbermudez/de_02/TFGDataset/img/T2_0666.png|deeeeeeeeeee s  ee  sss s ee                e e eeeeeee
/data3fast/users/mbermudez/de_02/TFGDataset/img/T2_0345.png|icchhh       eeeeeeehheh   n n  eeeeeeeeeeesseeee
/data3fast/users/mbermudez/de_02/TFGDataset/img/T2_0714.png|nnnhhhhh aaa        eiihhhhh   elleeeeeeeeee
/data3fast/users/mbermudez/de_02/TFGDataset/img/T2_0369.png|weilhhhhhhhhhh     eeeeeeeeeeeeeeeeeeeet t  aaaa
/data3fast/users/mbermudez/de_02/TFGDataset/img/T2_0413.png|eee dddd   eeeeeeee     aaa               s
/data3fast/users/mbermudez/de_02/TFGDataset/img/T2_0149.png|geeeeeeeee   iiiitttti     eeeee
/data3fast/users/mbermudez/de_02/TFGDataset/img/T2_1345.png|gee          eeiihhh             tt ttt.
/data3fast/users/mbermudez/de_02/TFGDataset/img/T2_0356.png|bee   dn         a     a h   aa           nnnn
/data3fast/users/mbermudez/de_02/TFGDataset/img/T2_0907.png|zeeeeeeeeee*****   eeeeeeee***        lll   eeeee
/data3fast/users/mbermudez/de_02/TFGDataset/img/T2_1141.png|mact thhhh  i eee     a a sssaaa       ddeeee
/data3fast/users/mbermudez/de_02/TFGDataset/img/T2_0665.png|beee        aaa    ll e e       eeeee    u
/data3fast/users/mbermudez/de_02/TFGDataset/img/T2_0742.png|ahh        ssssllllllallal     ee eeeeeeeeeeeeee
/data3fast/users/mbermudez/de_02/TFGDataset/img/T2_0033.png|teetee e           i   ttt       ssss     eeeeeeeeee
/data3fast/users/mbermudez/de_02/TFGDataset/img/T2_0675.png|deeeeeeeeeeeeeeeeeeeeeeeeeeeeeeeee**e*neeeeeeeee
/data3fast/users/mbermudez/de_02/TFGDataset/img/T2_0601.png|beess  hha       eeeeeeeeeeesssc    ttttttt
/data3fast/users/mbermudez/de_02/TFGDataset/img/T2_0815.png|deeeeeeeeeeee   sss ii iei  ee  nnn eeeeeeeeeeeee
/data3fast/users/mbermudez/de_02/TFGDataset/img/T2_1086.png|geeeeeeeeeeeeee          d sssssss       ieeee
/data3fast/users/mbermudez/de_02/TFGDataset/img/T2_1418.png|geehhhhheet..
/data3fast/users/mbermudez/de_02/TFGDataset/img/T2_1321.png|seeeeeeeeeeeeeeeeeeeeeeeellle                 ..
/data3fast/users/mbermudez/de_02/TFGDataset/img/T2_1264.png|da   eeeeeeeeee     aaa   eeeeeeeeeeeeee   hhhh
/data3fast/users/mbermudez/de_02/TFGDataset/img/T2_0612.png|aaa     eeesseeeeeee    iii  i      * ****....
/data3fast/users/mbermudez/de_02/TFGDataset/img/T2_1167.png|unddd eeesshchhhhheeeeeeeee      ddddddeeeeeeeee
/data3fast/users/mbermudez/de_02/TFGDataset/img/T2_0616.png|deeeeeeeeeeeeeeeeeeeeeesssccch        n    ee
/data3fast/users/mbermudez/de_02/TFGDataset/img/T2_1045.png|weeiiittt        ttttt     lll  ll          eee
/data3fast/users/mbermudez/de_02/TFGDataset/img/T2_0446.png|der                e e******          eeeeeeeihihee
/data3fast/users/mbermudez/de_02/TFGDataset/img/T2_0859.png|tttttt            eeeeeessssss         d
/data3fast/users/mbermudez/de_02/TFGDataset/img/T2_0967.png|eeee     aaa   seeeeeeeeeeennnnn  aaaa
/data3fast/users/mbermudez/de_02/TFGDataset/img/T2_0925.png|zttteeeeeeeeeeeeeeeeehhhhhh              aaaals
/data3fast/users/mbermudez/de_02/TFGDataset/img/T2_0067.png|sss        ttt         deeeeedddeeessssscchhhhh
/data3fast/users/mbermudez/de_02/TFGDataset/img/T2_0571.png|beeeeNee       eeeeeeee eeeeeeeeeee  nneee
/data3fast/users/mbermudez/de_02/TFGDataset/img/T2_0394.png|undd eeeeeeeeeeeeeeeeeeeeeeeeeeeeee       
/data3fast/users/mbermudez/de_02/TFGDataset/img/T2_0111.png|frreeeeeellllllllllhhhhhheeeeeeeeeee      aaaaaaa
/data3fast/users/mbermudez/de_02/TFGDataset/img/T2_1137.png|wii  sss    eeeeeeeee  e     ee      eeeeeer  nn
/data3fast/users/mbermudez/de_02/TFGDataset/img/T2_0449.png|zzeeeeeeeeeehhhhhs      eeeee       ii   hhhhnnnhh
/data3fast/users/mbermudez/de_02/TFGDataset/img/T2_0218.png|anneeeeeel   aaaaa   a  ee  llll       n
/data3fast/users/mbermudez/de_02/TFGDataset/img/T2_0349.png|sttt  a  a        e     tttiiiiiiiiehhhhhee
/data3fast/users/mbermudez/de_02/TFGDataset/img/T2_0608.png|bbeeeeee*******             ee eee   ii     nnneee
/data3fast/users/mbermudez/de_02/TFGDataset/img/T2_0533.png|dassssssa  a      hh     e  eee     nn         eee
/data3fast/users/mbermudez/de_02/TFGDataset/img/T2_1063.png|mi   eeeeeeeeh                        eeeee     t
/data3fast/users/mbermudez/de_02/TFGDataset/img/T2_0773.png|seeet   nnnnnnneeeeeeeeeeeeeeeeeeeeeeeeeeeeeeeee
/data3fast/users/mbermudez/de_02/TFGDataset/img/T2_0416.png|oooh             dd      sss   e           eee  ttttt
/data3fast/users/mbermudez/de_02/TFGDataset/img/T2_0716.png|iiiihh      h          hh     n eeeeehchh           sssl
/data3fast/users/mbermudez/de_02/TFGDataset/img/T2_0870.png|aa   eeeeeeeiiihh      aaaaaaaaa   eeeeeeeeee
/data3fast/users/mbermudez/de_02/TFGDataset/img/T2_1334.png|ss  eeeeeeeeeeeeiennnnn           eeeeeeeeee
/data3fast/users/mbermudez/de_02/TFGDataset/img/T2_1201.png|deeeeeeeeeeeeeeeeeeeeeehhhhh  uaunnnn      eee
/data3fast/users/mbermudez/de_02/TFGDataset/img/T2_0598.png|rerrieeeeeeeeeeeeeedd dssssssshh           aaee
/data3fast/users/mbermudez/de_02/TFGDataset/img/T2_1294.png|aan  eeeeeeeesssseeeeeeeeeeee******          eeeeee
/data3fast/users/mbermudez/de_02/TFGDataset/img/T2_0703.png|geeehitttttt       e           aa   
/data3fast/users/mbermudez/de_02/TFGDataset/img/T2_0636.png|#  
/data3fast/users/mbermudez/de_02/TFGDataset/img/T2_0107.png|dee eeeee  e eeeeeeteeeeeeeeeeeeeee       r
/data3fast/users/mbermudez/de_02/TFGDataset/img/T2_0375.png|aaeeeeeeeeeeeellllleeee   h          shhhtttt
/data3fast/users/mbermudez/de_02/TFGDataset/img/T2_0464.png|shheeee*******  uuuuu u         eee           eeeeeeee
/data3fast/users/mbermudez/de_02/TFGDataset/img/T2_0762.png|eeeeeeeeeeeeeeeeeeeeeee   
/data3fast/users/mbermudez/de_02/TFGDataset/img/T2_0282.png|weeeeeeeeeeedddd   eeeeeeeeeeeeeeeeeeeeeee    aaa
/data3fast/users/mbermudez/de_02/TFGDataset/img/T2_0377.png|daassss          a    eeeeeeeeeee    ss   eee
/data3fast/users/mbermudez/de_02/TFGDataset/img/T2_1005.png|eeeee  hhhhaaaa   aaa          eeeee         
/data3fast/users/mbermudez/de_02/TFGDataset/img/T2_0744.png|dee    nnnnnn  n   naaa             ee       hhhh
/data3fast/users/mbermudez/de_02/TFGDataset/img/T2_0519.png|bee              *e eeeeeeeeeel  a      ssseeee
/data3fast/users/mbermudez/de_02/TFGDataset/img/T2_0184.png|#  
/data3fast/users/mbermudez/de_02/TFGDataset/img/T2_0968.png|mmtttsssssllhl   aaaaaaaa     eeeeeee**e               e
/data3fast/users/mbermudez/de_02/TFGDataset/img/T2_1433.png|ihhh ee e       eeeeeeeeeeeeeeeeeeee      esssssss
/data3fast/users/mbermudez/de_02/TFGDataset/img/T2_0893.png|ttttsssshhh      nnnnn     ahhhsssss   eeeeeeeehhhh
/data3fast/users/mbermudez/de_02/TFGDataset/img/T2_0194.png|ichhhh  eeeeeaaaaalllelleeeeeeeeeeee
/data3fast/users/mbermudez/de_02/TFGDataset/img/T2_0154.png|eeeeetittti itttttttttii eeeeeeeeddddeeeeee
/data3fast/users/mbermudez/de_02/TFGDataset/img/T2_0473.png|geeee  eeee
/data3fast/users/mbermudez/de_02/TFGDataset/img/T2_0161.png|aaan  n    eeeeeeie  e    nnd   eeeeeeeeessslshl
/data3fast/users/mbermudez/de_02/TFGDataset/img/T2_1065.png|lllee   eeeeeeeeessscchch  a       eeee********    
/data3fast/users/mbermudez/de_02/TFGDataset/img/T2_1300.png|bbe       hhhhhhiiiieeeeeeeeed  asssssss
/data3fast/users/mbermudez/de_02/TFGDataset/img/T2_0119.png|ttttthhh       nn nnnn   dd   eeeeeeee  e et
/data3fast/users/mbermudez/de_02/TFGDataset/img/T2_1120.png|iin   e eeeeeeeeeeeeeeeeeeeeeeeeeettttttttt   t    
/data3fast/users/mbermudez/de_02/TFGDataset/img/T2_1200.png|# 
/data3fast/users/mbermudez/de_02/TFGDataset/img/T2_1454.png|iiieeeeeeenneeennnneeeenn  cchhhhhhh   eeeeN
/data3fast/users/mbermudez/de_02/TFGDataset/img/T2_0382.png|aahhheeeeeeeeeeeennnnnnnnn   eeeeeeeeeee
/data3fast/users/mbermudez/de_02/TFGDataset/img/T2_1451.png|dee     a   eeess eeeeeeessslllhe       e e
/data3fast/users/mbermudez/de_02/TFGDataset/img/T2_1074.png|eeee   eeeeeeeeeeeeee ttttttt       ss  iiiii
/data3fast/users/mbermudez/de_02/TFGDataset/img/T2_0276.png|"        nnn ddeeeeeeeeeelchhhhhhhhh t
/data3fast/users/mbermudez/de_02/TFGDataset/img/T2_0789.png|dassseeeeeeeeeeeeeeeeeellelee          eeeeee
/data3fast/users/mbermudez/de_02/TFGDataset/img/T2_0503.png|unnd eeessssssssssssseeeeeee  nnni i   hhhh
/data3fast/users/mbermudez/de_02/TFGDataset/img/T2_0170.png|weesss     dddnneeeeeee   sss    eeeeee
/data3fast/users/mbermudez/de_02/TFGDataset/img/T2_0755.png|seeeh             a sss       a    eeee     n
/data3fast/users/mbermudez/de_02/TFGDataset/img/T2_1465.png|auu  eeee               seeeeeeessssssss          ee
/data3fast/users/mbermudez/de_02/TFGDataset/img/T2_0117.png|ggeeeeeeeeeeee                            ii ee
/data3fast/users/mbermudez/de_02/TFGDataset/img/T2_0752.png|in  eeeeeeeee eeeee essssssss           eeeeee
/data3fast/users/mbermudez/de_02/TFGDataset/img/T2_1210.png|geeeeeee    aa         eeeeiiiieeeeeeeeeee
/data3fast/users/mbermudez/de_02/TFGDataset/img/T2_0679.png|unneeellllllhhh           hhcchhhhh  uuuuuu eeeeN
/data3fast/users/mbermudez/de_02/TFGDataset/img/T2_0156.png|der       eeeeeeeee             eeee e e    llt ttt
/data3fast/users/mbermudez/de_02/TFGDataset/img/T2_0299.png|nnn       eeeeeeeeeeeeeeeeee         eeee nnnneee
/data3fast/users/mbermudez/de_02/TFGDataset/img/T2_1003.png|ctteeeeeeehhhhhhhhh       eeeeeeeeeeeeeeeee       dddnn
/data3fast/users/mbermudez/de_02/TFGDataset/img/T2_1288.png|ceee          eeeeeeeeee      aaaaaaa  au
/data3fast/users/mbermudez/de_02/TFGDataset/img/T2_0529.png|seeeeeeee             s          eeeeeetteett
/data3fast/users/mbermudez/de_02/TFGDataset/img/T2_0516.png|weeeeeeeeeeee s ll           eeeeeeeeeeeeeeeeee
/data3fast/users/mbermudez/de_02/TFGDataset/img/T2_0286.png|# 
/data3fast/users/mbermudez/de_02/TFGDataset/img/T2_0069.png|iin  eeeeeeeeeeeeeeeeeeeellll  eeeeeee       
/data3fast/users/mbermudez/de_02/TFGDataset/img/T2_0045.png|sstt        eeeeeeeeeee        leeeeeeee  nnnnnnn
/data3fast/users/mbermudez/de_02/TFGDataset/img/T2_0380.png|gerssshhch         *****  ssssssssseeeeeeeeeee
/data3fast/users/mbermudez/de_02/TFGDataset/img/T2_0279.png|dee    nnnnnnnn         tttttte ee ttt     ni
/data3fast/users/mbermudez/de_02/TFGDataset/img/T2_1299.png|mii  eeeeeeeeee     n    eeee       eeeeeeeeeeee
/data3fast/users/mbermudez/de_02/TFGDataset/img/T2_0457.png|drrr e eeeeeeee        sss eeeeeeeeee eeeeee ssshhh
/data3fast/users/mbermudez/de_02/TFGDataset/img/T2_1320.png|iii     d aaaa eeeeeeeee e      ee*******eeee
/data3fast/users/mbermudez/de_02/TFGDataset/img/T2_0112.png|aaa   eee   eeee e  eeeee   d          ee        schhhh
/data3fast/users/mbermudez/de_02/TFGDataset/img/T2_1184.png|free  deeeee  ee  eeeeesseeeeeee  eee          nnnnnne
/data3fast/users/mbermudez/de_02/TFGDataset/img/T2_0936.png|dnn    sschhchhhttt      e**ieiitt  t       eeeeee
/data3fast/users/mbermudez/de_02/TFGDataset/img/T2_1224.png|ss    eeeeeeeeee eeeeeeeehhhhllll        nnnn
/data3fast/users/mbermudez/de_02/TFGDataset/img/T2_1394.png|nneeeeeeeee ttt               eeeeeeeeeeeeeeeeeee
/data3fast/users/mbermudez/de_02/TFGDataset/img/T2_0343.png|sseeeeeeeee       eeeeeeeeeeeeeeeeeeeeeeeeee
/data3fast/users/mbermudez/de_02/TFGDataset/img/T2_1071.png|nn  eeesslllehe     ee e *       llleeeeeeeeeeeeeeee
/data3fast/users/mbermudez/de_02/TFGDataset/img/T2_0726.png|"     eeeeeeee  a a       ssssss      ddd
/data3fast/users/mbermudez/de_02/TFGDataset/img/T2_1024.png|ssee        eeeeeeee  ssss     h     nn     i
/data3fast/users/mbermudez/de_02/TFGDataset/img/T2_0847.png|# 
/data3fast/users/mbermudez/de_02/TFGDataset/img/T2_0823.png|sset  aaaa       s   eeeeeeee****    ccchhh
/data3fast/users/mbermudez/de_02/TFGDataset/img/T2_0062.png|mttt   eeeeeeeeeee    eeeeeeeeeeeeeee***eeee    lllll
/data3fast/users/mbermudez/de_02/TFGDataset/img/T2_1402.png|wlla   aaa     ssssshhh         eeeeeeeetttte
/data3fast/users/mbermudez/de_02/TFGDataset/img/T2_0071.png|aan    ssss    ddddds  eeeeeeehhllll      dddd
/data3fast/users/mbermudez/de_02/TFGDataset/img/T2_0914.png|aas  eeeeeeeeeeeeeee eeeeeeeeeeeeeeeeeedeeerr it
/data3fast/users/mbermudez/de_02/TFGDataset/img/T2_0818.png|"  ssseeeeeeeeelltt
/data3fast/users/mbermudez/de_02/TFGDataset/img/T2_1232.png|ggeeeeeeeeeeeeeeeeeee ssllleeeeee         aaaa
/data3fast/users/mbermudez/de_02/TFGDataset/img/T2_0922.png|sseeeeeeeee    nn    aaaaa hhhhhhhhllllllssssss
/data3fast/users/mbermudez/de_02/TFGDataset/img/T2_0216.png|tttttthhhss         d eeseeeeeeee nnn    d dddd
/data3fast/users/mbermudez/de_02/TFGDataset/img/T2_0930.png|iiieeeeeeee        nennn eeeeeeeeeeeeeeeeeeeesssssss
/data3fast/users/mbermudez/de_02/TFGDataset/img/T2_0713.png|#  
/data3fast/users/mbermudez/de_02/TFGDataset/img/T2_1474.png|aaa   e   sssss   t         eeee    cctt    aaa
/data3fast/users/mbermudez/de_02/TFGDataset/img/T2_0496.png|iiii    ddddddeeeeeeeeeeeessssssaaaaalll aa 
/data3fast/users/mbermudez/de_02/TFGDataset/img/T2_0509.png|eeeeeeeeeeeeeeeeeeeeessssss  eeee e  e eee eeeeeeeee
/data3fast/users/mbermudez/de_02/TFGDataset/img/T2_0186.png|iiieeeeeeeee            nn     uuuunnnn      eeeehhh
/data3fast/users/mbermudez/de_02/TFGDataset/img/T2_1340.png|eeeetttttttt..
/data3fast/users/mbermudez/de_02/TFGDataset/img/T2_0984.png|dii sschhht i   e*          sssssllll          dddeee
/data3fast/users/mbermudez/de_02/TFGDataset/img/T2_0478.png|geeeeeee    nn   n eeeeeehhhheeeeeeeeeee    ssss
/data3fast/users/mbermudez/de_02/TFGDataset/img/T2_0812.png|zeettttttttttttt.
/data3fast/users/mbermudez/de_02/TFGDataset/img/T2_0511.png|wrreeeeeee eeeeeee     aaasshh a      eeee    
/data3fast/users/mbermudez/de_02/TFGDataset/img/T2_0647.png|sstts s eeee  edddddddeeeeeeeee **    cc        e
/data3fast/users/mbermudez/de_02/TFGDataset/img/T2_0443.png|der     eeeeeeeeeiiiiiieeeeeeeeeeesssseehh
/data3fast/users/mbermudez/de_02/TFGDataset/img/T2_0851.png|nnneeeeeellllleeee      aaa    eeeeeeeeeeeeeeee
/data3fast/users/mbermudez/de_02/TFGDataset/img/T2_1191.png|ieeeeeeee          eeeeeeeeeeeeeee       eee    eee
/data3fast/users/mbermudez/de_02/TFGDataset/img/T2_0389.png|gee     eeeeeeeeeet     nnnn        ssssssee
/data3fast/users/mbermudez/de_02/TFGDataset/img/T2_0336.png|chh            e    d      eeeee     ttttt
/data3fast/users/mbermudez/de_02/TFGDataset/img/T2_0167.png|"            d eeeeeeeeeeeeeeeeee nnnnnnnn
/data3fast/users/mbermudez/de_02/TFGDataset/img/T2_1163.png|weeeeeees saaaa aaaaa     ennn  eeeeeeeee
/data3fast/users/mbermudez/de_02/TFGDataset/img/T2_0441.png|chh  eeee                sssstttt      de
/data3fast/users/mbermudez/de_02/TFGDataset/img/T2_0843.png|geee        a  ll      eeee           eeeeeee
/data3fast/users/mbermudez/de_02/TFGDataset/img/T2_0406.png|iii      ttttt           ssssshhhh e nnee
/data3fast/users/mbermudez/de_02/TFGDataset/img/T2_0498.png|eee   aa    eeeeeeeeeeeeeeeiihi        ***......
/data3fast/users/mbermudez/de_02/TFGDataset/img/T2_1498.png|dii       sseeeeeeeeeeeeeeeeeeee     sssssssss
/data3fast/users/mbermudez/de_02/TFGDataset/img/T2_0254.png|"  eeeeee    aa elllllhhhhhhhh      tt
/data3fast/users/mbermudez/de_02/TFGDataset/img/T2_0353.png|cc eeeeeeeeeeeeeeeeeechhh  uuu   eeeeeeee  nn
/data3fast/users/mbermudez/de_02/TFGDataset/img/T2_0680.png|aaneeeeeeeeeeeeeeeiii   nnnnnnn n     n  ehhhhllle
/data3fast/users/mbermudez/de_02/TFGDataset/img/T2_0514.png|das         ee sssee ee  eeeeeeee     eeeeeeee  e n   eee
/data3fast/users/mbermudez/de_02/TFGDataset/img/T2_0619.png|deee  eeeeeeeeeeee                eeeeeeeeeeee   rrtttt
/data3fast/users/mbermudez/de_02/TFGDataset/img/T2_0088.png|eee        iiiieeeeeeeeeeeee e eeeeee   nnne
/data3fast/users/mbermudez/de_02/TFGDataset/img/T2_0706.png|derr  eiiiie      eeeeelt t     tteeeeeeeeeeeeeeee
/data3fast/users/mbermudez/de_02/TFGDataset/img/T2_1464.png|eee  sss    nnnn dddddddddeeeeeeeeeihhhhhhhhnh
/data3fast/users/mbermudez/de_02/TFGDataset/img/T2_0556.png|weessssse         e    aaa    eeeehh          
/data3fast/users/mbermudez/de_02/TFGDataset/img/T2_0125.png|daad            eetttttttti   eeeeeeee eee
/data3fast/users/mbermudez/de_02/TFGDataset/img/T2_0130.png|cheeeeeeeeeeeeeiiiittttt           ssssss  ee     ss
/data3fast/users/mbermudez/de_02/TFGDataset/img/T2_0582.png|aaass     eeeeeeeeeeeeeeeeeee   tttttt
/data3fast/users/mbermudez/de_02/TFGDataset/img/T2_0099.png|hheeeeeeeeeeeeeee aaaaaa lllll  eeeeel       ***..
/data3fast/users/mbermudez/de_02/TFGDataset/img/T2_1429.png|# 
/data3fast/users/mbermudez/de_02/TFGDataset/img/T2_1412.png|aaaaaa            esssssssecchhhhhhhhhhhh       eeee
/data3fast/users/mbermudez/de_02/TFGDataset/img/T2_0777.png|dee           eeeeee           eeeeeeeeeeeeee
/data3fast/users/mbermudez/de_02/TFGDataset/img/T2_1476.png|eee   d      eeeeee eeeeeeeeeeeeeeeeeeeeeee
/data3fast/users/mbermudez/de_02/TFGDataset/img/T2_0379.png|dii eeeeeeeee       sss    a s  tttttt
/data3fast/users/mbermudez/de_02/TFGDataset/img/T2_0977.png|eee  dddnnn n hhhhheeeeeeeeeeeeeeee ee leeeeee
/data3fast/users/mbermudez/de_02/TFGDataset/img/T2_1185.png|aaaa        neeeeeeeeggggee  e dnneeeiich
/data3fast/users/mbermudez/de_02/TFGDataset/img/T2_0347.png|deeeeeiiiii  i iitttttttttttt     d eeeeN
/data3fast/users/mbermudez/de_02/TFGDataset/img/T2_0426.png|sstt            sssss                         ieeessssss
/data3fast/users/mbermudez/de_02/TFGDataset/img/T2_0392.png|mitttteeeeeeeeeeeeeeeeeeeeiii    nddddde
/data3fast/users/mbermudez/de_02/TFGDataset/img/T2_0871.png|geeeeeeee e    dd  d  d                  eeeeeeee
/data3fast/users/mbermudez/de_02/TFGDataset/img/T2_0096.png|ale    nnnnnnn     dd ss  deee eeeeaa
/data3fast/users/mbermudez/de_02/TFGDataset/img/T2_0415.png|teeeeeeeee          eeeeeeeeeeehhh   nnnn     eeeee
/data3fast/users/mbermudez/de_02/TFGDataset/img/T2_0061.png|wrnnn        eeeeeeeeeee      s    
/data3fast/users/mbermudez/de_02/TFGDataset/img/T2_0507.png|iihh   eee eeee   eeeeeeeeeee eeeeeeeehcccchhhhhhe   a
/data3fast/users/mbermudez/de_02/TFGDataset/img/T2_0247.png|aahh  nn  eeeeennnnnn   hhheeeeeeeeeeeeeeee
/data3fast/users/mbermudez/de_02/TFGDataset/img/T2_0348.png|wwet        tttt          ssss eee    e        tttt
/data3fast/users/mbermudez/de_02/TFGDataset/img/T2_0313.png|hnnnnd d           hchh            eeeeeeeeehhhhhhh
/data3fast/users/mbermudez/de_02/TFGDataset/img/T2_0334.png|iiieeeeeeeeeee          ihhhhheeeeeeellll    as
/data3fast/users/mbermudez/de_02/TFGDataset/img/T2_0008.png|dd                   ee**e*eeeeeeeeeeeee     nn
/data3fast/users/mbermudez/de_02/TFGDataset/img/T2_1308.png|sschhhhhhh     eeeelllt
/data3fast/users/mbermudez/de_02/TFGDataset/img/T2_0454.png|shh   eeeeeeeeeeeeeeeeeee      ddd dd  d ene
/data3fast/users/mbermudez/de_02/TFGDataset/img/T2_1146.png|see         eeeeeeeeeeee     ssssss
/data3fast/users/mbermudez/de_02/TFGDataset/img/T2_1031.png|beeeeeeeeeeeeeeeeeeii i nnnnnn  ne  deee
/data3fast/users/mbermudez/de_02/TFGDataset/img/T2_0280.png|eee               a aa        eeeeeeeeee
/data3fast/users/mbermudez/de_02/TFGDataset/img/T2_0976.png|ssssaaaaaaaaalllll        eeeeeeeee  ee ee  ddddddd
/data3fast/users/mbermudez/de_02/TFGDataset/img/T2_0430.png|aahh  eeeeeeeeee                 dd ssss iiiihhh
/data3fast/users/mbermudez/de_02/TFGDataset/img/T2_0419.png|di   sss                     eeesssttttttt
/data3fast/users/mbermudez/de_02/TFGDataset/img/T2_0038.png|shhll         eeee     sseeeeeeeeeeeeeeeeee       
/data3fast/users/mbermudez/de_02/TFGDataset/img/T2_1111.png|beeesssa             eettttttttttttt      ee e lhhhhh
/data3fast/users/mbermudez/de_02/TFGDataset/img/T2_0044.png|wie              dnnneeee  s llll    eeee
/data3fast/users/mbermudez/de_02/TFGDataset/img/T2_1469.png|hieeeeeeeeee                      ... .............
/data3fast/users/mbermudez/de_02/TFGDataset/img/T2_1145.png|aaeeeeeeeee        dsssseeeeeee           eeeeeeee
/data3fast/users/mbermudez/de_02/TFGDataset/img/T2_0987.png|# 
/data3fast/users/mbermudez/de_02/TFGDataset/img/T2_0788.png|wnn  aaahhhhhheeeeeee   aaaa  s eeeeee
/data3fast/users/mbermudez/de_02/TFGDataset/img/T2_1202.png|sse       scccccchheeeeeee***    eeeee e eeeeeeeeeeeeeee
/data3fast/users/mbermudez/de_02/TFGDataset/img/T2_0315.png|un  eeeeeeeeeieeenneeeeeeennnn  a   deeeeeeee
/data3fast/users/mbermudez/de_02/TFGDataset/img/T2_1332.png|ss         nnn  eeeeeee        ss  ss  hh     eeeennn
/data3fast/users/mbermudez/de_02/TFGDataset/img/T2_0670.png|fhhh nnnnnnnn         tttttll          u
/data3fast/users/mbermudez/de_02/TFGDataset/img/T2_0001.png|geee     eeeeeeeeeeeeeeeeee      assssssssseeeeehh
/data3fast/users/mbermudez/de_02/TFGDataset/img/T2_0210.png|iiitt                    eeeeeeee     ttthhh
/data3fast/users/mbermudez/de_02/TFGDataset/img/T2_1056.png|deeeeeeeeeeeeeeeeeee   ssssseeeseeeeee        eeeeeeeett
/data3fast/users/mbermudez/de_02/TFGDataset/img/T2_0300.png|nnn          d       tttttttttllleeee  uaaaa
/data3fast/users/mbermudez/de_02/TFGDataset/img/T2_1073.png|# 
/data3fast/users/mbermudez/de_02/TFGDataset/img/T2_1483.png|zz eeee         eeeeeeeeeeeeeeeeeheeeeeeeeeee
/data3fast/users/mbermudez/de_02/TFGDataset/img/T2_0157.png|aonnn  eeeeeeeeeeeesseehh        ddddddde
/data3fast/users/mbermudez/de_02/TFGDataset/img/T2_0197.png|eeriiii         eeessscccssss                eeeeeeeeee
/data3fast/users/mbermudez/de_02/TFGDataset/img/T2_0965.png|mii  eeeeeee e e  eetsccch hh h    sssss             nee
/data3fast/users/mbermudez/de_02/TFGDataset/img/T2_1361.png|"   dddeeeeeeeeeeeeeeeiii             hheeeeee
/data3fast/users/mbermudez/de_02/TFGDataset/img/T2_0597.png|ee         eee*******iii iiieeeeee     
/data3fast/users/mbermudez/de_02/TFGDataset/img/T2_0470.png|weeettttttt
/data3fast/users/mbermudez/de_02/TFGDataset/img/T2_0807.png|bee     nnnneeeeeeeeeeeesssssls       nnndnd
/data3fast/users/mbermudez/de_02/TFGDataset/img/T2_0664.png|iii  eeeeeeeeeeee      hhhh  eeeeee    ds
/data3fast/users/mbermudez/de_02/TFGDataset/img/T2_0133.png|eee          ee                 eeeeeeee
/data3fast/users/mbermudez/de_02/TFGDataset/img/T2_0325.png|"   s  eeeeeeeeeeeeeehhh nnnnneeeeeeee
/data3fast/users/mbermudez/de_02/TFGDataset/img/T2_0101.png|#  
/data3fast/users/mbermudez/de_02/TFGDataset/img/T2_0611.png|"       eee         eeeeeeeeeeeeeeeeeehhhhh
/data3fast/users/mbermudez/de_02/TFGDataset/img/T2_0185.png|dnn   eeee nnnnndd       hhhhhh nnnn  ddsss
/data3fast/users/mbermudez/de_02/TFGDataset/img/T2_0676.png|# 
/data3fast/users/mbermudez/de_02/TFGDataset/img/T2_0776.png|seeeeeeeeeeeeeeeeeeeeeettt      uund dddeeeeeeeeeeee
/data3fast/users/mbermudez/de_02/TFGDataset/img/T2_0462.png|eeeeeeeeeeeeeeeeeeeeeeeeee             lllllleee
/data3fast/users/mbermudez/de_02/TFGDataset/img/T2_0229.png|iinhh         eeeeeeeeelleeeeeeeeeeeeeehheee       ee
/data3fast/users/mbermudez/de_02/TFGDataset/img/T2_0570.png|llltt   eeeeeeeeeeeeeeeesees       ddd    ss     hhhhh
/data3fast/users/mbermudez/de_02/TFGDataset/img/T2_0778.png|iicch hhaaaaa     nnnnnnnne  n    hhhhheeeeeeeee  ee
/data3fast/users/mbermudez/de_02/TFGDataset/img/T2_0200.png|ssssshhhhhhhhhh                   sssssss ccccs    sh
/data3fast/users/mbermudez/de_02/TFGDataset/img/T2_1171.png|aa       eeeeiiiiieeeieenn       eeeeeeeeeeeeeeee
/data3fast/users/mbermudez/de_02/TFGDataset/img/T2_0055.png|wee   n     eeeeeeeee        llll         
/data3fast/users/mbermudez/de_02/TFGDataset/img/T2_1500.png|bbbe  dddeeeeeeeeesseeesss     eeeeeeeeeeeeh
/data3fast/users/mbermudez/de_02/TFGDataset/img/T2_0295.png|geeehhhhhheeeeeeeeenn  eeee  eeeee    aaaa
/data3fast/users/mbermudez/de_02/TFGDataset/img/T2_0791.png|sschhhhheeeeeee    sss    l  eeeeee            ttt
/data3fast/users/mbermudez/de_02/TFGDataset/img/T2_1263.png|geehchhhe    eeeeeeeeeee                eeeeeesss
/data3fast/users/mbermudez/de_02/TFGDataset/img/T2_1354.png|wiieesssssss     aaa  aa ccccchhh aaaauu
/data3fast/users/mbermudez/de_02/TFGDataset/img/T2_0731.png|waa       eeeeeeeeeeeeeeeeeeeeeeee    ssss   eeeee
/data3fast/users/mbermudez/de_02/TFGDataset/img/T2_0801.png|eeeesss        eeeeeeeeeeeeeee    aaaaa     ee
/data3fast/users/mbermudez/de_02/TFGDataset/img/T2_1347.png|ahhhhhh  aaaaa     dddeeeeeeee**    uuuuu   eeeee
/data3fast/users/mbermudez/de_02/TFGDataset/img/T2_0872.png|mi   tt            deeeeeee  e         ssssss
/data3fast/users/mbermudez/de_02/TFGDataset/img/T2_0535.png|mie eeeeeeee  tttttttt         sssle ee   dddd
/data3fast/users/mbermudez/de_02/TFGDataset/img/T2_1491.png|aas    e e e***********   t sst sssssseeeess    eee
/data3fast/users/mbermudez/de_02/TFGDataset/img/T2_1473.png|wiiieeeelllelllellll l  a     n nnnnnnnnnnn
/data3fast/users/mbermudez/de_02/TFGDataset/img/T2_0116.png|"   eeeeeetttte   eeeee        eeeeeeeeeeeeeeeee
/data3fast/users/mbermudez/de_02/TFGDataset/img/T2_0041.png|wiieeeee  s  iieeeeeeeeeee    s eeee
/data3fast/users/mbermudez/de_02/TFGDataset/img/T2_1076.png|geeeeee   sssss sss    a  a     eeeeeeeeeee*     ccch
/data3fast/users/mbermudez/de_02/TFGDataset/img/T2_1293.png|lll        eeeee   aa a  eeeee          ssssssee
/data3fast/users/mbermudez/de_02/TFGDataset/img/T2_0453.png|unndd        eeeeeeeeee     tttttttt  
/data3fast/users/mbermudez/de_02/TFGDataset/img/T2_0135.png|ssseeeeeee     ddd  d eee   sssshccc ii   iiiee
/data3fast/users/mbermudez/de_02/TFGDataset/img/T2_1284.png|die essssssss              d  n           e ee
/data3fast/users/mbermudez/de_02/TFGDataset/img/T2_1386.png|daa  dnnnneeeeeessseeeeeeeeeee e    eeee    iiihh
/data3fast/users/mbermudez/de_02/TFGDataset/img/T2_0749.png|rerr e       eeeeeee eeeeeeeeeeellee        eeeeeeeee
/data3fast/users/mbermudez/de_02/TFGDataset/img/T2_0785.png|gggglchhlleeeeeee  eee e          assssssasshhh
/data3fast/users/mbermudez/de_02/TFGDataset/img/T2_0765.png|innnnnnnnneeeeeeeeeihhhh    aaa    eeeeeeee
/data3fast/users/mbermudez/de_02/TFGDataset/img/T2_1269.png|ttteeeeee       eeeeeeeeeeeeeeee      ee iiitttt tt
/data3fast/users/mbermudez/de_02/TFGDataset/img/T2_0940.png|deereeeeeeeeeeee     dddd  sssshhh   nnn eeeeeeeee
/data3fast/users/mbermudez/de_02/TFGDataset/img/T2_0757.png|see         e eeeeeeeeeeee  nn   h        eeeeee
/data3fast/users/mbermudez/de_02/TFGDataset/img/T2_0175.png|sseeeee  ssssssssaaaa        eeeeeelllllllll
/data3fast/users/mbermudez/de_02/TFGDataset/img/T2_0374.png|aaa       hhhhhhh ee eeeeeeee         sssssss
/data3fast/users/mbermudez/de_02/TFGDataset/img/T2_0405.png|wennnnnnnnnnnnneeeeeeeeellhheeeeeeeee
/data3fast/users/mbermudez/de_02/TFGDataset/img/T2_0857.png|de       aaa                     eeeeeeeessssssssss
/data3fast/users/mbermudez/de_02/TFGDataset/img/T2_0526.png|nnn   aaaaaaa     attt     eeeeeeeeeeeeee
/data3fast/users/mbermudez/de_02/TFGDataset/img/T2_0808.png|iii   aaaaa      ee           eeeeeeeeeeeeeee
/data3fast/users/mbermudez/de_02/TFGDataset/img/T2_0964.png|tttteeeeeeeeeeeeessseiii  eeeeeeeeeee  eea
/data3fast/users/mbermudez/de_02/TFGDataset/img/T2_1227.png|un       ee    eeeeeeeeeeeeeeeeeeee            hchhchhhhh
/data3fast/users/mbermudez/de_02/TFGDataset/img/T2_0669.png|dee   eeeeeeeeeeeeeeegee           lllt
/data3fast/users/mbermudez/de_02/TFGDataset/img/T2_0845.png|dee   eeeeeeeeeeeee     ssss   sss    eeee
/data3fast/users/mbermudez/de_02/TFGDataset/img/T2_0602.png|dee sssh   ee            sseeeNNNsssssuN Ns  ss  eeeeNsssNNs   eeesseNee
/data3fast/users/mbermudez/de_02/TFGDataset/img/T2_0648.png|annnddddeeee  sssshhhh            deeeeeeee
/data3fast/users/mbermudez/de_02/TFGDataset/img/T2_0954.png|wen    eeeiieieieiee                eeeee   eettt
/data3fast/users/mbermudez/de_02/TFGDataset/img/T2_0972.png|sss tttt t
/data3fast/users/mbermudez/de_02/TFGDataset/img/T2_0695.png|"   sssssshhhhheeeeeeeeeeee eeeeeee          nn
/data3fast/users/mbermudez/de_02/TFGDataset/img/T2_0825.png|seeeeeeeeeeeeeeeeeessslllll      eeeeeeeee
/data3fast/users/mbermudez/de_02/TFGDataset/img/T2_0924.png|unndeeeeeeeeeeeeeieeeeeeeii   aaaa    eeeeee
/data3fast/users/mbermudez/de_02/TFGDataset/img/T2_1314.png|uu   eelelllleleeee        t   lllll            
/data3fast/users/mbermudez/de_02/TFGDataset/img/T2_0863.png|ieeeeeee*e*   eee               *****             eeeeeeeehhh
/data3fast/users/mbermudez/de_02/TFGDataset/img/T2_0971.png|"   thlhhllll      h hhhh         eeeeeeeeeeee
/data3fast/users/mbermudez/de_02/TFGDataset/img/T2_1306.png|dee   ee*eeeeeeeeee  eeeeeeeeeeeeeeeettttt   eee
/data3fast/users/mbermudez/de_02/TFGDataset/img/T2_1377.png|wlll  aaa   a a  aa ssshhhheeee  eeeee
/data3fast/users/mbermudez/de_02/TFGDataset/img/T2_0123.png|und  ssshhheeeeeeeee  aaaaa       eeeeee
/data3fast/users/mbermudez/de_02/TFGDataset/img/T2_0717.png|das   eeeetettttt       iii  hchhcchhaa aaa  eeeee
/data3fast/users/mbermudez/de_02/TFGDataset/img/T2_0588.png|de    eeeeeeeeeeeees      nd      ssseeee
/data3fast/users/mbermudez/de_02/TFGDataset/img/T2_1199.png|mm       eeeeeeeeeedddd       i  t    t ttt
/data3fast/users/mbermudez/de_02/TFGDataset/img/T2_0969.png|seeeeeeeeeeeee      eeeee e  aa        eeee       eeee
/data3fast/users/mbermudez/de_02/TFGDataset/img/T2_1319.png|leeeeeeeeeeeeeeeeeeeeeiiitttttt   eee e   dddd
/data3fast/users/mbermudez/de_02/TFGDataset/img/T2_0966.png|tttee   e         a  eeeeeeeee             ss   eeeeeee
/data3fast/users/mbermudez/de_02/TFGDataset/img/T2_0046.png|der          tttttttttt      lllllelleeee
/data3fast/users/mbermudez/de_02/TFGDataset/img/T2_0631.png|diieeennnnnnnnnnn eeeeeeeeeeeeeiii
/data3fast/users/mbermudez/de_02/TFGDataset/img/T2_0880.png|llleeeeee   sssssss ee      t t...
/data3fast/users/mbermudez/de_02/TFGDataset/img/T2_1450.png|aaah     eeeeeee    e  eeeeeeeeeeeeeeeehhhhhhhhhha
/data3fast/users/mbermudez/de_02/TFGDataset/img/T2_0955.png|llll          .......  ..*       eeeee  ee        e e
/data3fast/users/mbermudez/de_02/TFGDataset/img/T2_1052.png|iiieeeeeeeeeeellllllll                  eedeeeennn
/data3fast/users/mbermudez/de_02/TFGDataset/img/T2_1249.png|un    shhhhhh    n     essseeeeeeeeeeee     nn
/data3fast/users/mbermudez/de_02/TFGDataset/img/T2_0828.png|unndd        e e  eeeeeeeeeeeeeeeeee     aaa
/data3fast/users/mbermudez/de_02/TFGDataset/img/T2_1440.png|hhh     nn       eeeesseeeeeeeeeeeeeeeeeei  tttt
/data3fast/users/mbermudez/de_02/TFGDataset/img/T2_0404.png|eeeeeeeeeii   
/data3fast/users/mbermudez/de_02/TFGDataset/img/T2_0916.png|eee  ssss              ***     eeeeeeeeeeeeeeeee
/data3fast/users/mbermudez/de_02/TFGDataset/img/T2_0450.png|sessss          eeee e  aaaaadd sssseeeeee
/data3fast/users/mbermudez/de_02/TFGDataset/img/T2_1197.png|weeee    sssss            s             ee***.
/data3fast/users/mbermudez/de_02/TFGDataset/img/T2_1442.png|dii  eeeehhe   nnnnuuu         ee  ******       aaaa
/data3fast/users/mbermudez/de_02/TFGDataset/img/T2_0269.png|lllee ee nnn    eeeeeeeeeeeeeeeeeeeelllllleeaa
/data3fast/users/mbermudez/de_02/TFGDataset/img/T2_0941.png|lhhhh  nn nn       nnnn   eeeeeeeeeeeeeellhhhhhhh
/data3fast/users/mbermudez/de_02/TFGDataset/img/T2_0311.png|gnn        iiieeeieeeeeeee    a     ll        d
/data3fast/users/mbermudez/de_02/TFGDataset/img/T2_1108.png|geellllll tttttt t  teeeeeeeeiii   eeeeee  ssss
/data3fast/users/mbermudez/de_02/TFGDataset/img/T2_1441.png|beeeee e       sa   aa         a   ssseeeeeeeeee
/data3fast/users/mbermudez/de_02/TFGDataset/img/T2_0020.png|mmm    lhhllllleeeeeeeeeeeeee ddddddd    ii
/data3fast/users/mbermudez/de_02/TFGDataset/img/T2_1461.png|der          sssssssccceeeeeeeeeee  e ie         re
/data3fast/users/mbermudez/de_02/TFGDataset/img/T2_1159.png|zu       nnnnnn   uuu    eeeee        eeeNNN
/data3fast/users/mbermudez/de_02/TFGDataset/img/T2_0228.png|"   eeeeeeeehtttttti    eeeeeeee       sssssss
/data3fast/users/mbermudez/de_02/TFGDataset/img/T2_1457.png|affu  eeeeeeeeeeeeeeeeeeennnn        ee
/data3fast/users/mbermudez/de_02/TFGDataset/img/T2_0644.png|iieeeee         e eseeeeeeeeeeeeeeeee        ddee
/data3fast/users/mbermudez/de_02/TFGDataset/img/T2_1097.png|geeeeeeeeee e  d   ee e*********ee    ssssssssheee
/data3fast/users/mbermudez/de_02/TFGDataset/img/T2_1383.png|sseessssssshhh          e eeesssee   eeeeeeeeee
/data3fast/users/mbermudez/de_02/TFGDataset/img/T2_1501.png|shhheee             eeeeeeeeeeeeeeeeeeeeeeee eeeeeeeeeee
/data3fast/users/mbermudez/de_02/TFGDataset/img/T2_0317.png|wii       ahhhhh        eeee***     ssssscteee
/data3fast/users/mbermudez/de_02/TFGDataset/img/T2_0437.png|wiee   eeeellllllllll        dd   n n    hhhhhh
/data3fast/users/mbermudez/de_02/TFGDataset/img/T2_1479.png|weer     eeee eed     eeeee          eeeee
/data3fast/users/mbermudez/de_02/TFGDataset/img/T2_0531.png|die sssssssessss ett        nnnnn        eeeeeee
/data3fast/users/mbermudez/de_02/TFGDataset/img/T2_0114.png|dee       a         nneeeeeeee    hhhe        llll
/data3fast/users/mbermudez/de_02/TFGDataset/img/T2_0760.png|un       a aaaaa  aa    llleeeeeeeeee
/data3fast/users/mbermudez/de_02/TFGDataset/img/T2_1302.png|geee    nnnn hhhhheeeeeeeee             eeeeeeee
/data3fast/users/mbermudez/de_02/TFGDataset/img/T2_0798.png|eeee    asssssssssssseeeeeeeddeede
/data3fast/users/mbermudez/de_02/TFGDataset/img/T2_1036.png|cceeeeeeesssssss     eeeeeeeeee          eeeeeeee
/data3fast/users/mbermudez/de_02/TFGDataset/img/T2_0741.png|# 
/data3fast/users/mbermudez/de_02/TFGDataset/img/T2_1170.png|nnn  eeeeee         i             etttttttt
/data3fast/users/mbermudez/de_02/TFGDataset/img/T2_0129.png|#  
/data3fast/users/mbermudez/de_02/TFGDataset/img/T2_0026.png|mii eeeeeeeeeee     eeeeeeeeeeee  dddd   sssssss
/data3fast/users/mbermudez/de_02/TFGDataset/img/T2_1329.png|scchhhttteee*********teteee           d ddddssss
/data3fast/users/mbermudez/de_02/TFGDataset/img/T2_0128.png|iih   eeeeeeeeeeeeeehhhhhh        eeeeee     aaa
/data3fast/users/mbermudez/de_02/TFGDataset/img/T2_0545.png|iiiihhh   nnnnnnneeeeeeeeeeecccch   e  ** *****  eeeeeet
/data3fast/users/mbermudez/de_02/TFGDataset/img/T2_1059.png|bssseeeeeeeeeeeeeeeeeeeeeeee          
/data3fast/users/mbermudez/de_02/TFGDataset/img/T2_1431.png|dee       nnnnnnnnnnnnnneeeeee    sssssss
/data3fast/users/mbermudez/de_02/TFGDataset/img/T2_0959.png|wwe           aaa llh      eeeeeeeeiiittttttt
/data3fast/users/mbermudez/de_02/TFGDataset/img/T2_1014.png|geeeeeeeeeeeeeesssehhheeeeeeee    ssssssssssddeeeeeee
/data3fast/users/mbermudez/de_02/TFGDataset/img/T2_0677.png|aall   eeeeeeeeeeeeelllllls ssss     ee
/data3fast/users/mbermudez/de_02/TFGDataset/img/T2_0021.png|aallleeeeeeeeeeeiiiiiiieeeeeeeeededeee
/data3fast/users/mbermudez/de_02/TFGDataset/img/T2_0451.png|lleeeeeeeeeeeeeeeiic         ssslll        ee
/data3fast/users/mbermudez/de_02/TFGDataset/img/T2_0506.png|z   etttttt         eeeeell             ssssssss
/data3fast/users/mbermudez/de_02/TFGDataset/img/T2_0730.png|nhnn       eeeeeeeeeett       a aaa   eeeeeeeeeee
/data3fast/users/mbermudez/de_02/TFGDataset/img/T2_1406.png|dee   s        eeeeeeeeeeeehe hh              eeeeeeeee
/data3fast/users/mbermudez/de_02/TFGDataset/img/T2_0396.png|iieeeeeeeeeeeeeeiiiiiihiiihhh ii         ee*..
/data3fast/users/mbermudez/de_02/TFGDataset/img/T2_1255.png|llee    eeeeeeeeehhhhhheeee  eeeeeeee    nnnnn  nd
/data3fast/users/mbermudez/de_02/TFGDataset/img/T2_0321.png|iihh       
/data3fast/users/mbermudez/de_02/TFGDataset/img/T2_0735.png|fee  tttttttttttt
/data3fast/users/mbermudez/de_02/TFGDataset/img/T2_1044.png|aaa       seeeeeeeeeeeeeeeeeeee s      d   aaaa
/data3fast/users/mbermudez/de_02/TFGDataset/img/T2_1411.png|mmtt eeeeeeeeeeeeeeee ddd       eeeee
/data3fast/users/mbermudez/de_02/TFGDataset/img/T2_1020.png|#  
/data3fast/users/mbermudez/de_02/TFGDataset/img/T2_0323.png|dannn nnn  aaaaaaa          eeeeeeessssssss
/data3fast/users/mbermudez/de_02/TFGDataset/img/T2_0889.png|sseeeellllllleeeeeeeeeeeeeeeeeeee**eiiiiiii
/data3fast/users/mbermudez/de_02/TFGDataset/img/T2_0000.png|afeeeeeeeeee        ****  tttt     e eeeeeee
/data3fast/users/mbermudez/de_02/TFGDataset/img/T2_1303.png|dnn  eeeeeeeeleee  aa         itteeeeeeee   dd
/data3fast/users/mbermudez/de_02/TFGDataset/img/T2_0490.png|eeetttt            iiiiii            ttesseeee
/data3fast/users/mbermudez/de_02/TFGDataset/img/T2_1359.png|dee eeeessese eeee essseeeeeeeshhchhh     nnn  nnn
/data3fast/users/mbermudez/de_02/TFGDataset/img/T2_1123.png|fffeeeeeeeeeeneeee     cllleeeeeeeeeeeesssee
/data3fast/users/mbermudez/de_02/TFGDataset/img/T2_1077.png|see eeeeeeeitttttttt       aaa      aasssseee
/data3fast/users/mbermudez/de_02/TFGDataset/img/T2_0151.png|sch         eeeeeeeee     nnnn n         sssse
/data3fast/users/mbermudez/de_02/TFGDataset/img/T2_0831.png|ne sssshhhhheee *******     a a       dd eeeeeeeee
/data3fast/users/mbermudez/de_02/TFGDataset/img/T2_0622.png|geeNNNN          eeeeeeeee  nnnnnnn       sshhhh
/data3fast/users/mbermudez/de_02/TFGDataset/img/T2_0287.png|geehh   eeeeeeeeeeeeeeeiitttt  taa a      all
/data3fast/users/mbermudez/de_02/TFGDataset/img/T2_1424.png|hhhhhhhheee        nnuuuunnuuuuuu  u     eeeeeeehh
/data3fast/users/mbermudez/de_02/TFGDataset/img/T2_0387.png|deeeeeeeeeeeeeeeeeeeeeeeeee   aaasssss
/data3fast/users/mbermudez/de_02/TFGDataset/img/T2_1226.png|aas     eeee**************          ssseeeeeeeeeeee
/data3fast/users/mbermudez/de_02/TFGDataset/img/T2_1413.png|der            eei i       teeeeeeeeeeeesssseeeeeees
/data3fast/users/mbermudez/de_02/TFGDataset/img/T2_1013.png|dee    aaaa     e        n  hhhh     e  eiinnnn
/data3fast/users/mbermudez/de_02/TFGDataset/img/T2_0521.png|dee  tttttt           eeessssssleeeeee      nhhhh
/data3fast/users/mbermudez/de_02/TFGDataset/img/T2_0578.png|geee                   nn  n   eeeeeeeeee        hh
/data3fast/users/mbermudez/de_02/TFGDataset/img/T2_1230.png|aau eeeeeeeeeeeeeell a  a    ee ee ee   eeee
/data3fast/users/mbermudez/de_02/TFGDataset/img/T2_0195.png|wiii       hhhhhhhhhh nnnn   eg     n  eee
/data3fast/users/mbermudez/de_02/TFGDataset/img/T2_0080.png|ma          eeeeeeeee      eeeeeeeeeieeeeeeee
/data3fast/users/mbermudez/de_02/TFGDataset/img/T2_0540.png|# 
/data3fast/users/mbermudez/de_02/TFGDataset/img/T2_0258.png|ggeeeee  eeeessssssscccc aaaaa   tt      e
/data3fast/users/mbermudez/de_02/TFGDataset/img/T2_1372.png|eeeeeeeeeeeeeeeeeeeeeeehhhh e              eeeee
/data3fast/users/mbermudez/de_02/TFGDataset/img/T2_0403.png|unnn      tttt        eeeeeeeeeeeeeeeeeeeeee
/data3fast/users/mbermudez/de_02/TFGDataset/img/T2_0373.png|wrrr        eeeeeeeeeee      ssssssssi iieeeeeee
/data3fast/users/mbermudez/de_02/TFGDataset/img/T2_1268.png|wii  d d       nnd       sss    e     uunn
/data3fast/users/mbermudez/de_02/TFGDataset/img/T2_0198.png|die              lllleeeeeeeeeeeeeee       e  ee
/data3fast/users/mbermudez/de_02/TFGDataset/img/T2_0792.png|m      eeeeeeeeeeeeeeeeeeeeeeeei      aaaa
/data3fast/users/mbermudez/de_02/TFGDataset/img/T2_0410.png|eeeeeeeeeeeeeeeeeeeehccc                             aa
/data3fast/users/mbermudez/de_02/TFGDataset/img/T2_1261.png|der  tteeeeee  ee       deeeeeeeeeeeeeee
/data3fast/users/mbermudez/de_02/TFGDataset/img/T2_1296.png|nn   ssssssssss             uuuuunn    eeeeeeeee
/data3fast/users/mbermudez/de_02/TFGDataset/img/T2_0318.png|dee       dd dd  aaa aaa         iiin ee
/data3fast/users/mbermudez/de_02/TFGDataset/img/T2_1215.png|sihhhh     t   teeeeeehhhheeeeeeeeeeee   aaaa
/data3fast/users/mbermudez/de_02/TFGDataset/img/T2_1407.png|eeettttt       e  e e  sssss    eeeeeesssss  ssee
/data3fast/users/mbermudez/de_02/TFGDataset/img/T2_0603.png|nnn  ssshe  eee eedeeeeeeeeeeeeeeeee              ttth
/data3fast/users/mbermudez/de_02/TFGDataset/img/T2_0702.png|aaeeeeeeeeessseesee         hhhhlleeeeeeee
/data3fast/users/mbermudez/de_02/TFGDataset/img/T2_0238.png|deesssssllleeeeeeee s sssssaaa     eeeeeeeeeeedee
/data3fast/users/mbermudez/de_02/TFGDataset/img/T2_0989.png|der    a  aa       dd d  s  eeee   nnn d
/data3fast/users/mbermudez/de_02/TFGDataset/img/T2_0388.png|aaa    eeee   *ttttttttt       eeeeeeeee         n n
/data3fast/users/mbermudez/de_02/TFGDataset/img/T2_0122.png|uu  eeeeeeeeee****eeNeeeNeeeeeeeeeeeeeeee   eeee
/data3fast/users/mbermudez/de_02/TFGDataset/img/T2_0036.png|wwt       eeeeeeelelleeeeeeeeeee    aaass
/data3fast/users/mbermudez/de_02/TFGDataset/img/T2_0684.png|"         sss     seeeeeeeeeeeee   ssss          unn
/data3fast/users/mbermudez/de_02/TFGDataset/img/T2_0747.png|eeett aaaaa       eeeeeeeeeeeeeeeeeee***n   
/data3fast/users/mbermudez/de_02/TFGDataset/img/T2_0547.png|iihhshsssseeeeee eeeee         ccccchhhhee nnnnnnnn
/data3fast/users/mbermudez/de_02/TFGDataset/img/T2_1477.png|geeeNe           d       sssssssshhhe            
/data3fast/users/mbermudez/de_02/TFGDataset/img/T2_1289.png|frreeee  eeeeeeeeeeeeeeeeeeeeeeeeeeeeeeeee   s s asa
/data3fast/users/mbermudez/de_02/TFGDataset/img/T2_0548.png|aallleeeeeeeeeeeeeeeeeee         hhhhh ssssssss
/data3fast/users/mbermudez/de_02/TFGDataset/img/T2_0232.png|weee    sssssssssseeeeeee eeeeeeeeeeeeeeeeeeee
/data3fast/users/mbermudez/de_02/TFGDataset/img/T2_0565.png|aaeeeeeeeee e          ttttttt         eiiieee
