/data3fast/users/mbermudez/de_02/TFGDataset/img/T2_0870.png|deee     e    eee  e e        ee     eee          ee    e         e   ee e    ee    eee     eeee   eeeee            e e
/data3fast/users/mbermudez/de_02/TFGDataset/img/T2_1359.png|eeeeeee           ee    ee        ee          e     eee e   eeee    eeeeee e       eeee  eeeee          eeeeeeeeee    e
/data3fast/users/mbermudez/de_02/TFGDataset/img/T2_0091.png|deeee e  e   ee           e  eee e  eee    eee       ee  eeeeeeeeeeee  eee ee           ee      eeee    e     eeeee    
/data3fast/users/mbermudez/de_02/TFGDataset/img/T2_1079.png|eeeeee  e       ee   e    e  e   e ee    eeee           ee  e    e e  ee  ee           eeeeeee               ee  eee   
/data3fast/users/mbermudez/de_02/TFGDataset/img/T2_1073.png|             ee              ee         eee    e  e  e    eee ee        e eee    e         e e   ee               e    
/data3fast/users/mbermudez/de_02/TFGDataset/img/T2_0200.png|eeeee      ee e      ee    e    e  e                    e  e      e      e e         e e ee    eeee   e         e eeeee
/data3fast/users/mbermudez/de_02/TFGDataset/img/T2_0898.png|eeeee           e        e         eee e      eee e   ee       e      e  eee e ee e  eeeeeee   e       eee e    ee eee 
/data3fast/users/mbermudez/de_02/TFGDataset/img/T2_0721.png|eeee   e          e ee       e  e          ee   e      eee     e      e        ee eeeeee      eeeee  eeeeeeee ee       
/data3fast/users/mbermudez/de_02/TFGDataset/img/T2_1465.png|eeeeee                ee        e  eeeee  e  e    eee e  e  ee  ee eeeeeeee   e e           e eeeee   ee e e ee  e    e
/data3fast/users/mbermudez/de_02/TFGDataset/img/T2_0663.png|deeee         e  eee          ee            e       e ee    e e  eeee   eeeee ee e  eee  e     e     eeee e e   eeee ee
/data3fast/users/mbermudez/de_02/TFGDataset/img/T2_1118.png|eeeeee e   eee                    ee ee  ee        eee  e        eeeee      e e ee  ee eee   e  eee   eee           eee
/data3fast/users/mbermudez/de_02/TFGDataset/img/T2_1389.png|eeee               e             e      eee                   e  e e  eeee ee     e     e      e    e         ee  ee  e
/data3fast/users/mbermudez/de_02/TFGDataset/img/T2_1138.png|deee         e    e e    e eeeee   e  e   e ee       eee               ee  e   eeee  e eeeee e eee    e eee    eee e e 
/data3fast/users/mbermudez/de_02/TFGDataset/img/T2_1429.png|#     e e    e  ee eeeee  ee e e   e         e e     eeee e   eeeeeee           e   e   e   eee eee e      ee          
/data3fast/users/mbermudez/de_02/TFGDataset/img/T2_0927.png|deeeee                ee         ee    ee     eeeeee  e       eee  e     e      eeee    ee         eee ee e     e      
/data3fast/users/mbermudez/de_02/TFGDataset/img/T2_0398.png|eeeee                  e  eee            ee eeeee    e  ee  eeeee      e e  e      ee   e eeeee eee e e  eeeeeee    eee
/data3fast/users/mbermudez/de_02/TFGDataset/img/T2_0423.png|eeeee    e                e    eeeee  e    e     ee           e  e  ee eee eeeeee    e           e  e eeee        e    
/data3fast/users/mbermudez/de_02/TFGDataset/img/T2_0727.png|eeee e          ee    eeee  ee  eeee         e        ee   e      e   e  eeeeeeee     eeeeeeee         eee  e    ee    
/data3fast/users/mbermudez/de_02/TFGDataset/img/T2_1417.png|eeeeee    eee ee                       ee       e e       eeeeeeeee    e e     ee   e  e  eee          ee ee e e e eee 
/data3fast/users/mbermudez/de_02/TFGDataset/img/T2_0375.png|eeeeeeeee     e                e eeee    e      e  e   e            ee ee eeeee       ee   e ee         ee   ee      e 
/data3fast/users/mbermudez/de_02/TFGDataset/img/T2_0012.png|deeeee        ee     e       eeee  e eeeee e           eee       ee   ee ee e eee  eee ee e eeeeee     e   ee    eee  e
/data3fast/users/mbermudez/de_02/TFGDataset/img/T2_0499.png|eeee    eee ee e ee         e              e e     eeee ee eee  e     ee  ee  e     eeeee            eeeee      ee e   
/data3fast/users/mbermudez/de_02/TFGDataset/img/T2_1036.png|deeee      ee eeeee    e    eeee         e           ee e     eeeee eee      eee      eee   e  e     e   eeeeeeee   ee 
/data3fast/users/mbermudez/de_02/TFGDataset/img/T2_0502.png|eeeeee              ee       e ee   e ee e          ee e               ee   eeeeeee  eeee       ee ee     ee      e  ee
/data3fast/users/mbermudez/de_02/TFGDataset/img/T2_0703.png|eeeee         ee ee       eeeee eee   ee   eeeeeeee    ee   ee   e     eeeeee  e  ee        e ee     e                 
/data3fast/users/mbermudez/de_02/TFGDataset/img/T2_1442.png|eeeee    eee   e       e   e   e       ee   e  ee      e            e     e e  eeeee   ee eee  eee ee    ee e ee       
/data3fast/users/mbermudez/de_02/TFGDataset/img/T2_0508.png|deee              e  e     ee      e         e e      eeee eeee eeeee                ee e    e  eeeee          eee     
/data3fast/users/mbermudez/de_02/TFGDataset/img/T2_0457.png|eee             eeeee   eee e eeeee           eeee         eeee  e eee  e eeeee          e      e      eeeee      e  ee
/data3fast/users/mbermudez/de_02/TFGDataset/img/T2_1046.png|#         eeee          eeeee   ee  e  eee   e     eee    e   e     eeeee      ee  ee        eeeeee     e eeee         
/data3fast/users/mbermudez/de_02/TFGDataset/img/T2_1267.png|eeeee     ee  ee    e      ee         e eee         eeeee       e e eee e   eeee eeeee    e eeeeeee          ee        
/data3fast/users/mbermudez/de_02/TFGDataset/img/T2_0196.png|eeeee              e      ee e     eeeeeee    ee           ee     e   ee eee             ee   eeee eeeee        eeeeeee
/data3fast/users/mbermudez/de_02/TFGDataset/img/T2_0377.png|eeeeee       e e e   e         e   ee  e       eeee         ee      eeee         ee eeee    eeee e    eee  ee       ee 
/data3fast/users/mbermudez/de_02/TFGDataset/img/T2_0917.png|#           e        eeeeeee              eeeee                        e e       e   e      e    e    e                
/data3fast/users/mbermudez/de_02/TFGDataset/img/T2_1491.png|eeee      eeeeee      eee e        e   e e   e         eeeee eeeee e  e            e   e   ee           ee e eeee ee ee
/data3fast/users/mbermudez/de_02/TFGDataset/img/T2_0468.png|eeeee         e        eee      eee  ee e  e   e eee       eeeeeeeeeee  e e    eeee     eeeeeeeee     e  ee ee  e      
/data3fast/users/mbermudez/de_02/TFGDataset/img/T2_0213.png|eeeee           e  e    eeee          e e       eeeeeeee  e  ee  ee     ee              eeee  eeeee              e     
/data3fast/users/mbermudez/de_02/TFGDataset/img/T2_0382.png|deee      e        ee              e       e e e   e e    ee  e eee   e    ee   e e e ee eee     ee   eee   e ee    eee
/data3fast/users/mbermudez/de_02/TFGDataset/img/T2_1042.png|eeee                    e  e ee  ee e           e e    eee eeee    ee  e   eee eeee   eee eeeee    eeee  ee     e ee ee
/data3fast/users/mbermudez/de_02/TFGDataset/img/T2_1448.png|eeee                     e           e       eeee       eeee e           eeeeee  eeeee   e  e    eeee  ee  ee ee e     
/data3fast/users/mbermudez/de_02/TFGDataset/img/T2_0920.png|eeeee  e e               eee  eee  eeee   e    ee   e  e     e         e  ee  ee ee ee             eee    ee           
/data3fast/users/mbermudez/de_02/TFGDataset/img/T2_1163.png|deeee     e    e                 ee          e e      eee  eee  e eeee          e   ee e         ee    eee   eeeee  e  
/data3fast/users/mbermudez/de_02/TFGDataset/img/T2_1288.png|deee                e        e       eeeeee     e          e     ee  e     ee  ee eee     eee  eeeeee eeee  eeee     e 
/data3fast/users/mbermudez/de_02/TFGDataset/img/T2_0167.png|eeee           e e           e    eeee eeee   eee   ee   eeeee e      e e       e ee e    eeeee    e       eee      e e
/data3fast/users/mbermudez/de_02/TFGDataset/img/T2_0925.png|deee                    e e    ee     eeee  e e eee  e           ee           eee e      eee    eeeee     e  eee    eee
/data3fast/users/mbermudez/de_02/TFGDataset/img/T2_0720.png|deeee            e      e  eeee          eee        e        eeee e     e  ee ee  e e   eeee           ee        e e   
/data3fast/users/mbermudez/de_02/TFGDataset/img/T2_1432.png|deee  ee      ee     e   eee ee    ee     e e    e        ee e       eee e    eee   ee         ee eeee      eee ee e ee
/data3fast/users/mbermudez/de_02/TFGDataset/img/T2_1103.png|eeeeee   e          eeeeee     e   e ee eee   e   ee e e e  eeeee   e         e  ee e     e    eee  e   e        eee ee
/data3fast/users/mbermudez/de_02/TFGDataset/img/T2_1482.png|eeeee     eeee           e ee    e  e e   e       ee   ee  e eeee   e        ee   eee e eee eeee  e  ee eeee   e      e
/data3fast/users/mbermudez/de_02/TFGDataset/img/T2_0445.png|eee     e        e  eeeee   eee  e eee        e e eeeeeee       ee e e     ee ee  eee ee   ee eeeeeeee        e  e     
/data3fast/users/mbermudez/de_02/TFGDataset/img/T2_0297.png|eeeeee             eeee e   eeeee  ee    eee  e     eee   ee  e           ee     e ee      eeeeee ee    ee  ee  eee e  
/data3fast/users/mbermudez/de_02/TFGDataset/img/T2_1305.png|eeee         ee                  eee          e   eeeeeeee ee   e  eeeeeeee   ee e e eeeeee     ee    e  e      eeeeeee
/data3fast/users/mbermudez/de_02/TFGDataset/img/T2_1434.png|eeee ee                     eee e   e        e  e  eee  eeeeee           ee             ee   ee e    e        e     ee 
/data3fast/users/mbermudez/de_02/TFGDataset/img/T2_1174.png|eeee e       e  ee        e   eee       eeee   ee  eeeeeeeeeee  e ee     eeeeeeee             e        eeeee e       ee
/data3fast/users/mbermudez/de_02/TFGDataset/img/T2_0557.png|eeee                eeee      e      ee          eee       ee ee       ee   ee ee        eeeeeeeeeee ee eeeee     e    
/data3fast/users/mbermudez/de_02/TFGDataset/img/T2_0210.png|eeee        e eee e ee eeeee e e   e   e    e    e     e        e  ee  e    eeeeee                 eeeeeeeee e    e eee
/data3fast/users/mbermudez/de_02/TFGDataset/img/T2_0343.png|eeeeee                       e eee ee    e     e     ee      e    eee   eeeeeee        ee   eeeeee             e      e
/data3fast/users/mbermudez/de_02/TFGDataset/img/T2_0784.png|deeee  e       e                e    eeeeee        e ee   e    eeeeee eeeeee   e ee       e   eeee ee   eee  e  eeeeeee
/data3fast/users/mbermudez/de_02/TFGDataset/img/T2_0954.png|eeee e      ee   eeee ee       e        eeeee     e  ee         eee ee eeee e    eeeee         e         eeee eeeeeeeee
/data3fast/users/mbermudez/de_02/TFGDataset/img/T2_1413.png|eeee       e   e    e    ee e                                  eee e    e eeeeeeee ee  e     ee   ee    ee eeeeee   eee
/data3fast/users/mbermudez/de_02/TFGDataset/img/T2_0338.png|eeeeee          ee eee   e      e ee ee       ee     e     e   ee      eeeeee     eeee   eee        e   ee   e e       
/data3fast/users/mbermudez/de_02/TFGDataset/img/T2_1207.png|eeeeee   e   e    eee     eee    ee e  ee         e   eeeeeeeee    e  eeee eeee  e   eeeeee      e  e  e    eeeeee e  e
/data3fast/users/mbermudez/de_02/TFGDataset/img/T2_0790.png|deee            e  eeeeee     e   e       eeeee    eeeee      e   eee e ee    e                ee e                eeee
/data3fast/users/mbermudez/de_02/TFGDataset/img/T2_1098.png|deee            eeee           e e      eee ee            eee     eeeee     e   ee       e ee  ee    eeeeeeeeeee    ee 
/data3fast/users/mbermudez/de_02/TFGDataset/img/T2_0452.png|eeee    eee  e  eeeeeeeeeeee      eee           eeeeee     eee eee e   eee       ee  e e    e  eeee eeee  ee  eee   ee 
/data3fast/users/mbermudez/de_02/TFGDataset/img/T2_0470.png|dee           ee    eeeee        e    e   ee   e  eeeeeee      eeee   eeeeeeeee       e   ee         eeee     ee   e   
/data3fast/users/mbermudez/de_02/TFGDataset/img/T2_0719.png|deeee e        e          ee   e eeeee e  e  e   eeee   eee  e        e    eeeee  eee       eeeeeee e e eeeee ee ee    
/data3fast/users/mbermudez/de_02/TFGDataset/img/T2_0874.png|eeee       e                  ee  e ee  e      ee  ee eeeee    ee e   ee e e   ee    e             eeeeeeee        e   
/data3fast/users/mbermudez/de_02/TFGDataset/img/T2_1384.png|eeeee     eeee     ee  e                 ee   eeee   ee    e e     ee   eee e            eeee          e ee eee   e    
/data3fast/users/mbermudez/de_02/TFGDataset/img/T2_1093.png|eeeee                  e              e    e e  e    ee   eeeeee  ee  e     e  eee eeeee  eee        e e    eeeee    ee
/data3fast/users/mbermudez/de_02/TFGDataset/img/T2_0860.png|eeee                         e  e e          e            e    ee  e  ee eeeeeeeee              e eeeee    eee         
/data3fast/users/mbermudez/de_02/TFGDataset/img/T2_1387.png|eeee                         eeee e     ee   eee  e      eeeeeeee e    eeeeee          e   eeee           ee   eee    e
/data3fast/users/mbermudez/de_02/TFGDataset/img/T2_1283.png|eeeeee     ee            ee    ee ee         ee   e e   e            e   eee   e  eeeeee     e  eee  e  e eeeeee eeeee 
/data3fast/users/mbermudez/de_02/TFGDataset/img/T2_0344.png|deee            eeee          eeeeeeeee                    ee    e       ee         eeeeee e       ee eee   eee   ee e 
/data3fast/users/mbermudez/de_02/TFGDataset/img/T2_0661.png|deeeeeeee  e e  eee  eee    eee   eeeeee     e ee e eee  e eee     eeee          eeee     e   e  eee       eeee e  eeee
/data3fast/users/mbermudez/de_02/TFGDataset/img/T2_1450.png|deee         e      e ee                          ee  e e    eeeee  e e e ee   e    e e   e eeee   ee    ee ee   ee eee
/data3fast/users/mbermudez/de_02/TFGDataset/img/T2_0199.png|eeee              eee      e  e   eeee               ee   e ee        eeeeeee   eee     eee   ee            e          
/data3fast/users/mbermudez/de_02/TFGDataset/img/T2_0349.png|eeeee           ee  e  e    e                     e         eee       e ee e      eeeeeeee    e   eee        e         
/data3fast/users/mbermudez/de_02/TFGDataset/img/T2_0193.png|eeee  e  ee          e    e    e   ee  eee     eee        eee e    eeeee e          eee  e     eeeee       ee   e    e 
/data3fast/users/mbermudez/de_02/TFGDataset/img/T2_0937.png|deeeee          ee      ee e eeeeeeee  ee   e    e  eee    e          e    eee   e  e e    eee   e    eeee   eeee      
/data3fast/users/mbermudez/de_02/TFGDataset/img/T2_1363.png|eee                         eee           e         ee e    eeeee eee   e eee     e eee                          eee  e
/data3fast/users/mbermudez/de_02/TFGDataset/img/T2_1399.png|eeee                         e      e             eee e               eeeeeee eeeeee           ee   ee     e   ee e e  
/data3fast/users/mbermudez/de_02/TFGDataset/img/T2_0113.png|eee                e        e   eeeeeeee       ee e ee ee   eeeeee      e  eeee       eeeeeeeeee e ee ee    eee   e  ee
/data3fast/users/mbermudez/de_02/TFGDataset/img/T2_1494.png|eeee    ee      e   eee   ee eeeee        ee            e e eeeeeeeee    ee         e e e e  eeeeee               e eee
/data3fast/users/mbermudez/de_02/TFGDataset/img/T2_0863.png|eeeee     e             e eee eee    ee             ee e e                   ee  ee eeeeeeeee       e  eeee     ee     
/data3fast/users/mbermudez/de_02/TFGDataset/img/T2_0778.png|eeee          ee                    eeeeee     eeee e   ee  eeeeeee   ee      e e    eeeeee e  e       e      eeeee eee
/data3fast/users/mbermudez/de_02/TFGDataset/img/T2_0274.png|dee           e  e    ee      e  e  e   eeeeee  eee eeee e     eee   eee      ee   ee     eeeee e     e e     e     eee
/data3fast/users/mbermudez/de_02/TFGDataset/img/T2_0932.png|deee       eeee e e          eee ee     eeeeee     ee         ee   e     e  e   e   eeeee    ee e eeee            ee   
/data3fast/users/mbermudez/de_02/TFGDataset/img/T2_0325.png|eeeeee           e  e   eeeeee  e ee e        e     e    eeeeeee     eeeee    eee  eee ee     eeeeee e   e ee    eeeee 
/data3fast/users/mbermudez/de_02/TFGDataset/img/T2_0317.png|dee           eeee  e e  e  eee  e  e eee  eeeeeee e     eeee  ee eee  eee eeee e e ee e    e eeee            e       e
/data3fast/users/mbermudez/de_02/TFGDataset/img/T2_0675.png|eeee     e        e       eeee  e    ee eeeeeeee   e   e e e ee      e      e e    eeeeeee    eee     eeeee   eeeeee ee
/data3fast/users/mbermudez/de_02/TFGDataset/img/T2_0747.png|eeee              ee        e    eee  e    e eeeeeee e  ee  e        ee       e       e        eeeee ee       eee eeeee
/data3fast/users/mbermudez/de_02/TFGDataset/img/T2_0858.png|eeee                 e ee     eeeeee                   ee  e ee eeeee e   e eeeeeee ee  e    e  ee    eeeeeee   ee    e
/data3fast/users/mbermudez/de_02/TFGDataset/img/T2_0619.png|eeee eee          eee e  eee  e      eeeeee  ee  ee   e    eee    ee ee  e     e eeee   e       e          ee     e  ee
/data3fast/users/mbermudez/de_02/TFGDataset/img/T2_0527.png|eeee              e  e   e e e e    e     e ee          ee eeeeee e eee         eee    e       eee e  eee      e    eee
/data3fast/users/mbermudez/de_02/TFGDataset/img/T2_1224.png|deeee e                   ee   e e   eee  e   eeeeeeee e e  ee    e           e  e     eee    e      ee e e       e    
/data3fast/users/mbermudez/de_02/TFGDataset/img/T2_0215.png|eeeee           ee            e          eeeeee   eee    eeee    e e eee     e  eeee e  e eeeee  e     e eee eeeeee    
/data3fast/users/mbermudez/de_02/TFGDataset/img/T2_0266.png|deeee                   ee       ee   eeee  e ee                 eeee     eee     ee eeeeeeee    eee eee       eeeeee  
/data3fast/users/mbermudez/de_02/TFGDataset/img/T2_0136.png|eeeee eeee     e eeeee            ee    eee    ee              eeeee eeee     e           eeee  eeeeeee   e  eee e     
/data3fast/users/mbermudez/de_02/TFGDataset/img/T2_0458.png|eeeeee e   e ee  eee               e  e       eee  eeeeeee   eeee eeee ee eee     e  ee   ee ee      e   e  ee      eee
/data3fast/users/mbermudez/de_02/TFGDataset/img/T2_0558.png|eee          e e     eee          eee   e eeeee   ee        e eeeeeeeeee    eeeee    ee         ee   ee eee     eee   e
/data3fast/users/mbermudez/de_02/TFGDataset/img/T2_1337.png|de              eeee    e  ee      e  eeeeeee  eeee eeeeee      eee  eee              eeeeee   eeee    ee  e eee ee    
/data3fast/users/mbermudez/de_02/TFGDataset/img/T2_1397.png|eeeeee               e         eee  e    eee eee   eee   ee eee    ee   e ee e ee          ee          eeeeeee        e
/data3fast/users/mbermudez/de_02/TFGDataset/img/T2_0568.png|eeeee       e   ee  ee eeeeeeee eee    e eeeee ee eeeeeeee     ee   ee eee   ee   ee e eeee eeee eeee ee     e  e eeeee
/data3fast/users/mbermudez/de_02/TFGDataset/img/T2_1256.png|eeeee               eeeee    e  e           ee    eeee    e        e    ee  eee    e e eee  eee     eeeeeeeeeee   e  e 
/data3fast/users/mbermudez/de_02/TFGDataset/img/T2_0520.png|eeeeeeee     ee    eeeee     e                e   e e    eeeeee       e eeeeeeeee ee   e e        e  e      eee    eeee
/data3fast/users/mbermudez/de_02/TFGDataset/img/T2_0807.png|eeee          e         eee      ee e       ee     ee ee        e e     eeeee eeee    ee eeeeee    ee    e ee   eee  ee
/data3fast/users/mbermudez/de_02/TFGDataset/img/T2_1404.png|eeeee                      eeee    e    e   e  e e   eee     e  e               ee eeeeeee    eee     eee  e  eeeee   e
/data3fast/users/mbermudez/de_02/TFGDataset/img/T2_0236.png|eeee           ee       e          ee              e  e       eee  eee    eee  eeee  ee ee ee     ee  e    e    ee     
/data3fast/users/mbermudez/de_02/TFGDataset/img/T2_1479.png|eeeee                     ee         ee     e   eeee    e eeee  eeee  e   e  eee   e  ee  ee      ee    eeeee     e    
/data3fast/users/mbermudez/de_02/TFGDataset/img/T2_1349.png|deee eeee    e   e       ee   ee     e eeeeeee   e  e      e  eeeee   eeee        e   eeeeeeee   ee  eeeeeee  eeeeeee  
/data3fast/users/mbermudez/de_02/TFGDataset/img/T2_1419.png|eeeee        ee   ee eeee       eeeeeee                 e    ee  eee eee ee e  eeeeee                eeeeeeee       e  
/data3fast/users/mbermudez/de_02/TFGDataset/img/T2_1065.png|deee                e e                e   ee   ee e    e   e eeeeeeeeeeee eee   e e ee eee    eeee      eee   eeeee  e
/data3fast/users/mbermudez/de_02/TFGDataset/img/T2_0191.png|eeeeee     e     e    eeee    ee  eeee  e    eee ee eee e  e eeee  eeeeee   e  eee      ee e eeeeeeeeeeeee    e  e  e e
/data3fast/users/mbermudez/de_02/TFGDataset/img/T2_0246.png|eeeeeee        e          ee ee  eeee   e e ee eeee     eee     e e  eeee  e  eeeeee e e eeee      e  eeee eeeeee   eee
/data3fast/users/mbermudez/de_02/TFGDataset/img/T2_0639.png|#           e   e                  e e   eeeeee e e     e  ee e  ee ee   ee    e      ee eeeee    ee e      eeeeeee    
/data3fast/users/mbermudez/de_02/TFGDataset/img/T2_0849.png|eeeeee        e    ee       e  eee e  e         e   e    ee  ee eeeeee eee   e      e   eeeee  e e  eeeeee eee  eee ee 
/data3fast/users/mbermudez/de_02/TFGDataset/img/T2_0239.png|eee     ee ee   ee ee    e  e e    e  eeee      eee   eeeeeeeeeeee  eeee       e  e eeee ee eeeeeeeee  ee          eeee
/data3fast/users/mbermudez/de_02/TFGDataset/img/T2_1208.png|eeeeee                      eeeeee e   e e  e      eee  eeeee       eeee     e     e ee ee e  eeeeeeeee   e   e        
/data3fast/users/mbermudez/de_02/TFGDataset/img/T2_0247.png|eeeee    e      e    ee   ee ee ee               eee  eeee eeee       e  eeeeeeeeee   ee        e    e eeeeeeeeee eee  
/data3fast/users/mbermudez/de_02/TFGDataset/img/T2_0929.png|deeeee         e    eee      ee eeee ee eeee ee  e        e eee  ee     ee      e    ee  ee  eee  e   e    e   eeeeeeee
/data3fast/users/mbermudez/de_02/TFGDataset/img/T2_0529.png|eeee     e     eee           ee      ee       ee   ee  ee e eeeeeeeeee  eeeeeeeee eeee   eeee    eee eee ee  eee  ee e 
/data3fast/users/mbermudez/de_02/TFGDataset/img/T2_0311.png|eeeeee         e ee   eeeeeeee ee            eee e      eeeeeee    e e    eeee  eeee eeeee    e eeeeeeee eeee      e   
/data3fast/users/mbermudez/de_02/TFGDataset/img/T2_0838.png|eeee e e             e eeee     e  ee ee  eee eeeee  eee    eeeeee  eee  eee   eeee  e   eeee      eee e   eee    eeeee
/data3fast/users/mbermudez/de_02/TFGDataset/img/T2_0787.png|deee           e       eee     eee      eee e            e eeee   e e   e  eee        e   eeeee  e eee eee       e     
/data3fast/users/mbermudez/de_02/TFGDataset/img/T2_0233.png|eeeeee    ee   eeeeee ee        e   e  e eeeee e ee  e  ee   e     e  e eeeee  eee    ee  e  eeeee     e e  e  eeeeeee 
/data3fast/users/mbermudez/de_02/TFGDataset/img/T2_0963.png|eeee              eeeeeeeeeeee e     eeee   ee e   eeeeeee          eeee    e   ee eeeeeeee    eeeeeeeeee       eee eee
/data3fast/users/mbermudez/de_02/TFGDataset/img/T2_1383.png|deeeee      eeeeeee   e eeee           eeeeeeeeeeee  eeee        eeee     e          e e  ee  eee e    eee    eeee ee  
/data3fast/users/mbermudez/de_02/TFGDataset/img/T2_1195.png|deeeee   e          e      eeee  eeee          e eee  eeee  ee     ee eeee  e eeeeeee     e  eeeee  ee   e  eeee e    e
/data3fast/users/mbermudez/de_02/TFGDataset/img/T2_1114.png|eeeee              ee            eee        e e      eeee   ee eee                ee    ee  e   eee   eeee e  e  ee eee
/data3fast/users/mbermudez/de_02/TFGDataset/img/T2_0865.png|e     e e  ee    e        e   eee eeeeeee ee   e    eeeeee ee          eeee  ee  ee  e eeeeeeeeeeeeee e  eee      ee   
/data3fast/users/mbermudez/de_02/TFGDataset/img/T2_1149.png|eeee     e   e      e eee e        ee ee       ee  ee      eee  ee   ee  eee  eee  e eee  eee         e  ee        e e 
/data3fast/users/mbermudez/de_02/TFGDataset/img/T2_1091.png|deee    e    e    ee eee     eeeeeee e e e  e   eeeee  eeeeeeeeee     e eeee     ee       ee eee e  ee  eee e ee   eeee
/data3fast/users/mbermudez/de_02/TFGDataset/img/T2_0013.png|deee      eee   ee  ee e   eeee     eee  eee eee            eee e eee   e e ee    eeeeee eee   eeeee    ee  e   ee e ee
/data3fast/users/mbermudez/de_02/TFGDataset/img/T2_0212.png|deee e     ee     ee       eeee  ee eeee  eeeeee eee eeee         eee e    eeeeee    ee     ee  eeeeee e eeeeeeeeee    
/data3fast/users/mbermudez/de_02/TFGDataset/img/T2_0218.png|eeeee e        ee   e     eeeeeee    ee  ee e eeeee e     eee e e  e ee e       e  ee     e  e    ee eeeee     eeeeee  
/data3fast/users/mbermudez/de_02/TFGDataset/img/T2_1268.png|eeee                    ee   e eee  eeeeeee   eee e e  e  e   eee  ee      ee ee    eeeeee e    eeee    eeee   eeeeeeee
/data3fast/users/mbermudez/de_02/TFGDataset/img/T2_1117.png|eeeee       e            e   eeee e eeeee     ee   eeeeeee  e eeeeeeee ee ee e    eeeeee     eee e      e e eeee   eeee
/data3fast/users/mbermudez/de_02/TFGDataset/img/T2_1088.png|eeee          eeeeeee   e e      e eeeeeeee       e     eee  e   ee        e   e  eee     e     e  eeee eeeeeee   eeeee
/data3fast/users/mbermudez/de_02/TFGDataset/img/T2_0002.png|eeee            ee e  e ee     e         ee e  ee eee      ee    eee eeee ee eeeeeeeeee               e e   e   eeeeee 
/data3fast/users/mbermudez/de_02/TFGDataset/img/T2_0899.png|eeee        e     e e e  ee           eeeee e      eeeee eeeeeee ee e    eeeee    e  eeee eee eeee  eeee   eeeee     ee
/data3fast/users/mbermudez/de_02/TFGDataset/img/T2_1125.png|eeeee      e     e   e eeeeee e   e e     e      eeeee  eee       eeeeeee         ee      eeee     ee ee eeee eeee     
/data3fast/users/mbermudez/de_02/TFGDataset/img/T2_0335.png|eee            e eeeee     e   e e eeeeeee ee  e     ee  e  eee  eeeeeeeeee eeeeeeeeeee eeee  e   eeee e eee     ee  e 
/data3fast/users/mbermudez/de_02/TFGDataset/img/T2_0431.png|eeeee e e    eeeeeeeeee       e ee e e  e         e      e ee         eeee   ee    eeee   eee eeee       ee    e  ee ee
/data3fast/users/mbermudez/de_02/TFGDataset/img/T2_0872.png|eeeee           eeeeee      eee         ee    ee eeee    ee eeeee    ee e    eeeeeeeeeeee  eeeeee    e eeee    eeeeeeee
/data3fast/users/mbermudez/de_02/TFGDataset/img/T2_1451.png|eeeee     ee    e  eeee  eeeeeeee e eee    eee         eeeeee    ee      e eeeeeeeee ee e eeee     e eee      ee e     
/data3fast/users/mbermudez/de_02/TFGDataset/img/T2_0984.png|eeeee        eee    e         e  e ee eeeeeeeee eee   e eeeeee  eeee e e       ee e eeee   eeeeeee   e  eee ee eeeeeeee
/data3fast/users/mbermudez/de_02/TFGDataset/img/T2_1166.png|eeee        eee  e     eeeee   ee e  ee         ee ee      eeeeeee  eeee eeeeeeeeeee eeee  e    eeeeeeeeeeee   e eeeee 
/data3fast/users/mbermudez/de_02/TFGDataset/img/T2_0636.png|#     eee      e  eee  eee    eeeeee           eee  ee  eeeeee  ee         eeeee       ee e    eee e eeeee e eee   ee e
/data3fast/users/mbermudez/de_02/TFGDataset/img/T2_1019.png|deeee        eee e e eee     eeeeeee eeeeeeeee e eeeeeeee     eeeeee  eee  eeeeeee    eeee  e eeeee eeeeeee  ee    eeee
/data3fast/users/mbermudez/de_02/TFGDataset/img/T2_1216.png|deeeee     e  e  eee eee ee       e   e   e eeeee  ee   eee      e ee e   eee        eeee   e   eeeee   ee    e   e   e
/data3fast/users/mbermudez/de_02/TFGDataset/img/T2_0120.png|deee      ee       e eeee  eeeee         eee eee eeee  eeee  e   e   ee ee e      eeee  eeeee       e  eeee  e  eee  ee
/data3fast/users/mbermudez/de_02/TFGDataset/img/T2_0045.png|eee          e e  e eeeeeeeeeee    eeeee     eeeee eee eeeee  e e  ee            e   eeeeeeee e e    ee e       e ee   
/data3fast/users/mbermudez/de_02/TFGDataset/img/T2_0192.png|eeeeee       eee   e  eee    ee e    e        eeee    eeeee eeee         ee  eeee  e ee     e eeeeeeeeee   eeeeeeeee  e
/data3fast/users/mbermudez/de_02/TFGDataset/img/T2_0185.png|deee                eeeeeee    eeeee   e e     eeeeeeeeee   ee    e     eeee  e   ee            eeeee  eeeee    eeeee e
/data3fast/users/mbermudez/de_02/TFGDataset/img/T2_1159.png|eeee         eeeeee     e     e     eee        eeee   e e   e  ee ee  eeee  e eeeee     e      e e    e  ee e eeeee    
/data3fast/users/mbermudez/de_02/TFGDataset/img/T2_0915.png|deeee     e e        ee    ee e e eee  e eeeeee     eeeeeee ee   eeee  e      eeeeeee ee  ee  ee  e eeee  e  e   ee  e 
/data3fast/users/mbermudez/de_02/TFGDataset/img/T2_1414.png|deeeee       e          e  e  eeeeee        e    eee eeeeee eeeeeeeee eeeeeeeeeeeeeee    eee e e     eeee eeeeeee eeeee
/data3fast/users/mbermudez/de_02/TFGDataset/img/T2_1014.png|eeee              eeeeee ee      ee   eeeeeee  e  e eeee eee e  e  eee e    eeeeeeeee               eeee       eee   ee
/data3fast/users/mbermudez/de_02/TFGDataset/img/T2_0459.png|eeee   eeee     e  ee        eeee  e  eeeeeeeeeeee  ee e e eee e  eeeeee  e  eeee eeeeeeeeeeee e  e              e  eee
/data3fast/users/mbermudez/de_02/TFGDataset/img/T2_0894.png|deeeeee  ee    e     ee  ee      eee e  e eeee eeeeeee     eee e eee  e     eeee      e     ee   eeeee       eeee e eee
/data3fast/users/mbermudez/de_02/TFGDataset/img/T2_0432.png|#             e    e   eeeeeeee e eee  e e      eee      ee eee e   e eee       ee   eeeee e eeeee  ee eeeeeeeeeeeee  e
/data3fast/users/mbermudez/de_02/TFGDataset/img/T2_1182.png|eeee   eee     e e    e eeeeeee e ee eeee     eeeeeeeeeeeeeeee           e    e    eeeeeee   ee e eeee   eeeeeeeee  e  
/data3fast/users/mbermudez/de_02/TFGDataset/img/T2_0844.png|eeeeee   ee  e    e     eeeeeeeeee  eeeeeee e eee eee e        eeeeeee eeee    e eeeeee   eeeeeeee eeeee  e    eee     
/data3fast/users/mbermudez/de_02/TFGDataset/img/T2_0014.png|eeeee  eee              e eeee     e ee   eeeeeeeeeee           eeee  eee eee    e  eee ee      ee   eeeee   ee ee    e
/data3fast/users/mbermudez/de_02/TFGDataset/img/T2_0145.png|deeeeeee   eeee    eeeeeeee           eeee    eeeee      eeeeeeeeeeeeee eee       eeee    eeeeeee    eee    eeeeeee eee
/data3fast/users/mbermudez/de_02/TFGDataset/img/T2_0465.png|eeeee     e     eeeeee         eeeeee     eee   eeeee   ee   ee     e      e ee     eee  eee         eeeee eeeeee e    
/data3fast/users/mbermudez/de_02/TFGDataset/img/T2_0497.png|eeeee  eee   e      e         eeeeeee  e  e    e e   eeee    eeee         eeeeeeeeeeeeee        eeeee eee e    eeeeeee 
/data3fast/users/mbermudez/de_02/TFGDataset/img/T2_1331.png|eee ee         eeeee    e e    ee eeeeee  ee   ee  e      e     e e  e ee       e eeee e  eeeeee      ee e      ee    e
/data3fast/users/mbermudez/de_02/TFGDataset/img/T2_0696.png|eeeee      ee e       e    e e  e       e  e    e  ee       e    e  ee e eeeee   e  eeee  e  eeeee        eeeeee  e eee
/data3fast/users/mbermudez/de_02/TFGDataset/img/T2_0334.png|eeeeee         ee   eeee ee    ee  e     eee   eeeee  eeee  e   eeeeeee   eeee e   ee e  e   e   e eee           eeeee 
/data3fast/users/mbermudez/de_02/TFGDataset/img/T2_1319.png|eeee            eee    ee   ee e        e    eeeeeeeeeee    eeeeeeeee  ee   eeeeeeee   ee ee     eeee         ee  ee   
/data3fast/users/mbermudez/de_02/TFGDataset/img/T2_1411.png|deeeee     e      e e  e  eeeeee eeee ee    ee    e    ee  eeeeeeee   eeeee   e e eeeeeeeeeeeee  ee eeeeeeeeee e       
/data3fast/users/mbermudez/de_02/TFGDataset/img/T2_1072.png|eeee      ee  e  ee   eeeee    e eeee  ee  ee eeeeeee  e eee   e eeeeeee  eeeeee eeee ee eeeeeeeeeee   eeee ee         
/data3fast/users/mbermudez/de_02/TFGDataset/img/T2_0755.png|dee         e    ee  e eee     ee          e   e   eeeeeeeeeeeeeeee eeee   e   eeee      eeeeeeeeee e eeee     eeee  ee
/data3fast/users/mbermudez/de_02/TFGDataset/img/T2_0896.png|eeee               e  e         e  e  e e  eeeeeeee     ee   eeee    ee eeeee   eeeee      eeee   eee eeee     eeee   e
/data3fast/users/mbermudez/de_02/TFGDataset/img/T2_1454.png|deeee          eeee   eeeee  e eeee eeeeeee       eee   eeee     e  e    eeeeeee      ee  eee eee ee     eeee e      e 
/data3fast/users/mbermudez/de_02/TFGDataset/img/T2_0108.png|eeee        e     e ee     ee  eeee e eeee           eee        eeeee e  ee     e  eee e     ee eeee    ee ee   eeeeeee
/data3fast/users/mbermudez/de_02/TFGDataset/img/T2_1132.png|eeee e   e ee     e eee      eeee   eeee  e ee          ee ee    eee            ee   ee eeeeeee    eeee           e eee
/data3fast/users/mbermudez/de_02/TFGDataset/img/T2_0903.png|eeeee  ee       ee  eee eeee    eee e eeeeee eeee eeeeeeee   ee    eeee    e   eee eeeeeeeeeee ee e    eee  e          
/data3fast/users/mbermudez/de_02/TFGDataset/img/T2_0329.png|eeee      ee         ee                  eee eeee e    e ee  e e eeeeeeeee  e      eeee         eee    e  ee eeeee    e
/data3fast/users/mbermudez/de_02/TFGDataset/img/T2_0682.png|eeee e e eee ee     e  e  e     ee   eeeee     ee   e  eeeee eeeee     e  ee    ee      eeeeeeee    eeeeee eee  e e    
/data3fast/users/mbermudez/de_02/TFGDataset/img/T2_1105.png|eeee e           e  e   e eeee e  e     ee    eeeee   eeee eeeeee ee        eee    e  e e  eeeeee   eeeee   ee eeee ee 
/data3fast/users/mbermudez/de_02/TFGDataset/img/T2_0282.png|deeee      e ee  e        eeee e  e          e  e eeeeee eeeee eeeeeee e     e   eeeeeee   e eeeeeeeeeeeeee   ee  eeee 
/data3fast/users/mbermudez/de_02/TFGDataset/img/T2_0226.png|eeeee     ee   e e            eeeee   ee e eeeeeeeeeeee       e   eee  ee e     e  ee   ee eeeeeee eee ee e   eeeee    
/data3fast/users/mbermudez/de_02/TFGDataset/img/T2_1161.png|eeeee      eee    e     e  eeeeee    e          eeeeeee  eeeeeeeee     eeee       e  ee    eeeeee  eeeee ee   eeeeee  e
/data3fast/users/mbermudez/de_02/TFGDataset/img/T2_0781.png|dee  ee   eee eeee   eeeeee ee          ee     eee  eeeeee e  e      eeeeeeeee eeeeee e      e eeee      e  e  eeeeeeee
/data3fast/users/mbermudez/de_02/TFGDataset/img/T2_0150.png|dee  e      e ee   eeeeeeeeeeeee eeee     e         eeeee  ee   e e e  e eeeeeeeeeeeeeee  ee eee        eeeeee    eee e
/data3fast/users/mbermudez/de_02/TFGDataset/img/T2_0254.png|eee     ee  ee eee   ee        eeeee eeeeeeeee   eeee     eeeee  eeeeeee  ee   eeee    eeeeeeee  eee ee    eee  ee     
/data3fast/users/mbermudez/de_02/TFGDataset/img/T2_1139.png|eeeee e   e            eee  e  e eeeeeeeee ee e   e  e      e  ee e eeeeeeee    eeee    eee e eee  e   ee e ee    e    
/data3fast/users/mbermudez/de_02/TFGDataset/img/T2_0975.png|eeeee           e    eeee eeeee      e     eeeeeee     eeeeeeeeeee  eeeee   e e  e   eeee  eee  eeeee  eeeeeeeeee  eeee
/data3fast/users/mbermudez/de_02/TFGDataset/img/T2_0115.png|dee       e         e  eeee    eee   eeeee e        ee   e       ee   eeeeee ee ee    eeee   eeeeeeeeeee  eeeee e   eee
/data3fast/users/mbermudez/de_02/TFGDataset/img/T2_0418.png|eeeeeee    e         eee    e  eeee eeee    e e  e ee  eee           e    e  eeeeeeeee e    eeeee   ee ee ee eeee  eee 
/data3fast/users/mbermudez/de_02/TFGDataset/img/T2_0831.png|deee    e e  e eee e     e      e      eeeeeee      ee e eeeeeeeeee      e   e    eeeee e ee  eee eeeeeeeeeeee   e eee 
/data3fast/users/mbermudez/de_02/TFGDataset/img/T2_0426.png|eee     e e ee              e e     eeeeeeee        eeeee      e e      e  eee ee  e e  eeeeeeee    eee e    e  eeeee e
/data3fast/users/mbermudez/de_02/TFGDataset/img/T2_0759.png|deee e              e e     e      ee  ee   ee         ee eee      e eeeeeeeee eeeeeee      eeee   e  eeeee e   eeee   
/data3fast/users/mbermudez/de_02/TFGDataset/img/T2_0229.png|eeee     ee        eeeeee      eeee  eeeeee    eeeeee       eeeeee      e e       eeeeeeeee  e  e e   ee eeeeeee   e  e
/data3fast/users/mbermudez/de_02/TFGDataset/img/T2_0543.png|eeee      ee             e e      eeee    ee eeeeee e   eeee e     eeeeeeeeeeee eeeeeee eeeeeeee   eee   eee        eee
/data3fast/users/mbermudez/de_02/TFGDataset/img/T2_0162.png|eeee     e ee       eee eeee   eeeee   eee   e     eeee          eee e   eeeeee  eeeeeeeeeeee eee  e eee   ee   ee   ee
/data3fast/users/mbermudez/de_02/TFGDataset/img/T2_0660.png|eeee eeee        e     ee eee       eeeeee        e   e  eeeeeee  eeeeeeeeee eeeeeee ee    e e    ee        eeeeee    e
/data3fast/users/mbermudez/de_02/TFGDataset/img/T2_0577.png|eeee         eee               eeeeeee eeeeee        ee e   eeeee   eeeeeeeeeeeee eeee  eeee  eee eee e eeeee  eeeeee  
/data3fast/users/mbermudez/de_02/TFGDataset/img/T2_0056.png|eeeeeee   e     e ee e   eeeee             eeeeeee     e     e    eeeeee   ee   eeee e eee    eeeeee    eeee e e eeee  
/data3fast/users/mbermudez/de_02/TFGDataset/img/T2_1490.png|eeee e            ee eee     ee   e   eeeee ee e eeeee  eeee ee    ee  eeeeeee eeeeeeee  eee eeeee  e   ee eeeee   eee 
/data3fast/users/mbermudez/de_02/TFGDataset/img/T2_1378.png|deeeee      e ee  ee  eee      eee eeeeeeeeeee     eee       eeeeeeeeeeee e  e  eeeeeeeee  e  eee   eeeeee         eee 
/data3fast/users/mbermudez/de_02/TFGDataset/img/T2_0684.png|eeee    e eee  ee        eeeeee        ee  eee eee e eeeeeeeee     e   eeeeee   e eee    e eeeeeeee  eee e    eeee  ee 
/data3fast/users/mbermudez/de_02/TFGDataset/img/T2_0051.png|eeee eee   ee ee   eeee e  eee ee eeeeeeee     e eeeee e   ee  eee    eeeee eeeeeeeeeeee e eeeee e eee e   eeeeeeeeeeee
/data3fast/users/mbermudez/de_02/TFGDataset/img/T2_0816.png|deee   e      eeeeee  eeeee    eee e eeeeeeeeee  e         e    ee  eee   e     eeeeeee  ee        e ee   ee    ee   ee
/data3fast/users/mbermudez/de_02/TFGDataset/img/T2_1282.png|deee     ee  eee    eeee   e ee e e ee eee eee  ee          eee eeee    eee e     eeee     eeeeee       eeeeeeeeeeeeeee
/data3fast/users/mbermudez/de_02/TFGDataset/img/T2_0180.png|eeeee  e            e e  e     e   e        e   e    e   eeeeeeeeeeeeee e   eeeeee    e    eeeeee   e   ee e  eeeeee ee
/data3fast/users/mbermudez/de_02/TFGDataset/img/T2_0294.png|eeee      e e      eeee      e e   e   e   e eeeeee  eee eeeee    eeeee   e e e  eeeeee                   e  eee    eee
/data3fast/users/mbermudez/de_02/TFGDataset/img/T2_1468.png|eeeeeee  e   e           eeeeeee e     e     eee      eeeeee     eeeee  e eee        e  ee   e e   ee   eeee eeee ee  e
/data3fast/users/mbermudez/de_02/TFGDataset/img/T2_0538.png|eeeee e           ee   e  eeeeeee ee e eeeee  e  e ee eee      eee  e        e   ee            e eeeee eeeee   e  eeeee
/data3fast/users/mbermudez/de_02/TFGDataset/img/T2_0378.png|eeee    e e ee e e e e  eeeeeee   e  e  e eeeeeeee   e eeeeeee      ee eee  e eee       eeeeeeeeeeeeeeeeeeee eeee  eeee
/data3fast/users/mbermudez/de_02/TFGDataset/img/T2_0467.png|eeee e      e ee   eee    ee       eeeeee    eeeee e eeeeeee     e    eeee    eeeeee     e eeeeeeeeeeee   eeeeeeeeee   
/data3fast/users/mbermudez/de_02/TFGDataset/img/T2_1009.png|ee ee ee          e  eeee     ee  ee  eeee   eeeee eeee   eeeeeee    eeeeeeeeeeeeeeee   eeee   e ee eeee      eeeeeee  
/data3fast/users/mbermudez/de_02/TFGDataset/img/T2_0688.png|eeee e    e     eeeee  e e    e ee     e           eeeee    eee ee          eee     eeeeee ee e e   e    eeeeeeee    ee
/data3fast/users/mbermudez/de_02/TFGDataset/img/T2_1179.png|deeeeeee    e    e e  eee    ee ee    ee e e eee eeeee ee     eeee eeeeeee ee        e   eeee e eee e   eee   eeeeeeee 
/data3fast/users/mbermudez/de_02/TFGDataset/img/T2_1392.png|e        eee   ee  e eee      ee   ee       ee     ee   eeee  eee           eeeeee      eee      e   ee           eee  
/data3fast/users/mbermudez/de_02/TFGDataset/img/T2_0434.png|eeeee  ee   e   eee   e eeeeeee     e   e   e eeee ee e ee e         e eee  e eeeee eeeeeee   e  eeeeeeee  e eeeeee eee
/data3fast/users/mbermudez/de_02/TFGDataset/img/T2_1143.png|eeee   ee    e       eeeeeeeeeee e       eee e  eeee    e  eeeeee   eeeeeeeeeeee   eeee ee     ee   eeee  eeee  eeee ee
/data3fast/users/mbermudez/de_02/TFGDataset/img/T2_0810.png|deeee   ee    eee   eee  e  ee    eeeeee ee   ee   eeee      ee    e e   eeeee      e  eeeeeeeeeeee e          eee eeee
/data3fast/users/mbermudez/de_02/TFGDataset/img/T2_1124.png|deee  e          eee  e         e eeeeeeeeeeee eeeee       eeeee     eeeee  ee     e eeee      eeeeeeeee  e   eeeeeee  
/data3fast/users/mbermudez/de_02/TFGDataset/img/T2_0620.png|eeee                 eeeeee    eee  eeeee    ee  e e     eeee  e  eeeee e eeeee   ee ee     eeeeee ee   ee  eeeeee   ee
/data3fast/users/mbermudez/de_02/TFGDataset/img/T2_0505.png|eeee e          eeeeee     eee  eeeee  ee e e e      eeeee eee   eeeee eee   ee eeeee   e e    e eeeee e    eeee ee   e
/data3fast/users/mbermudez/de_02/TFGDataset/img/T2_0391.png|deeee         e             ee   eeeeee       eeee   eeee eeeeeee   eeee   eee       eee   e   eeeeee e    e eeeeee eee
/data3fast/users/mbermudez/de_02/TFGDataset/img/T2_0556.png|eee          ee       eee    e  eeeeeeeee    e eeeee     ee    e eeee    e   e  e      eeee  eeee e   eeee   e e e   ee
/data3fast/users/mbermudez/de_02/TFGDataset/img/T2_0450.png|deeeee    eee      ee  eee     e  eee  e   ee   e   eeee    e eeeeeeeeeeeee  e ee e e eeeeeeeee eee  e    e     e  ee  
/data3fast/users/mbermudez/de_02/TFGDataset/img/T2_1321.png|eeeeeee         eee  eee       e eee e     eeeee eeeee     e  e        eeeeeeeee       ee eeeeeeeee  e e    e  e  eeeee
/data3fast/users/mbermudez/de_02/TFGDataset/img/T2_0475.png|deee     e     eeeeeeee            e  e   ee eeee    e e    eeeeeee eeeeeeee    eee    ee ee            e      e   eee 
/data3fast/users/mbermudez/de_02/TFGDataset/img/T2_0173.png|deeee    e      e  e e  eee eee ee  ee eeee  ee  e eee   ee ee           eee eeeee    eeeee    eee e      e    e eeee e
/data3fast/users/mbermudez/de_02/TFGDataset/img/T2_0155.png|deeee   e ee   e    ee   eeeeeeeeeeeee    eeeeeee ee       e  ee   eeeeee  e    ee eeeeeeee eeeee  ee   eeee eee ee  ee
/data3fast/users/mbermudez/de_02/TFGDataset/img/T2_0231.png|eeee   ee   ee        ee     eee eeee  eeee  e e    eee  ee e          e        eeee   ee    eeee  eeeeeee   ee   eeee 
/data3fast/users/mbermudez/de_02/TFGDataset/img/T2_0930.png|eee         eee    e         ee   e             ee eee  ee ee  eeeeee       eeee  eeee e   ee eeeeeeeeeee  ee e eee ee 
/data3fast/users/mbermudez/de_02/TFGDataset/img/T2_0010.png|eeeee           e e   eee e  eee eeeeee  eeee  eee     e  e   e eeeeeee   e   e   eee eeeee         e e e eee          
/data3fast/users/mbermudez/de_02/TFGDataset/img/T2_0517.png|eee     e        eeee e eee ee e      eeee        eeee      ee   ee  eee e eeeeee   eee   ee       eeeee eeeee e eeee e
/data3fast/users/mbermudez/de_02/TFGDataset/img/T2_0560.png|eeeee        eeeeeee    e   eeeeee  eee           eeeeeeeeeeeee     e eeee   ee  ee ee    eee eeeeeee   ee  eeeeeeee   
/data3fast/users/mbermudez/de_02/TFGDataset/img/T2_0061.png|eeee     e  e      eeee   eeeeeee  ee  ee eeeeeee  e  e  eeeeee     e ee   eeee eee eeeee     eee   e   e ee    eeeee  
/data3fast/users/mbermudez/de_02/TFGDataset/img/T2_1215.png|eeeee       e              eee   ee  eee ee  e   eeeeeeeee   eee    e   ee ee      e ee    eee   e    eeee    e   e    
/data3fast/users/mbermudez/de_02/TFGDataset/img/T2_1192.png|eeeee                        e  ee     eeeeee e  e  ee   ee  e ee     eeeee  ee   ee    ee            e e  ee    eee ee
/data3fast/users/mbermudez/de_02/TFGDataset/img/T2_0873.png|deeee        ee      e  e eeee      eeeee  e   ee e      eeeee eee    ee  ee  e e    eeeee ee     eeee     eee        e
/data3fast/users/mbermudez/de_02/TFGDataset/img/T2_0336.png|dee        e     eee  eeee             e       eee eeeee    ee ee       e eee  e    eeee  eeeeeee   eeeeeeee e   ee    
/data3fast/users/mbermudez/de_02/TFGDataset/img/T2_0971.png|ee     e       eee  e eee  e  e       eee  e    e           e   e  e  ee eee  e    eee      ee  e eee e ee  e        e 
/data3fast/users/mbermudez/de_02/TFGDataset/img/T2_0605.png|deeee              eee    eeeee      e  ee  ee               ee  ee         eeeeeeeeeeee  eeeeeeeeeee        e     e  e
/data3fast/users/mbermudez/de_02/TFGDataset/img/T2_1203.png|deee              e   eee eeeeeeeeeeeeeee   e  e       eeeeeeeeeeeeee  ee   eee eee  ee      ee  eeeeeeeee   e e eee ee
/data3fast/users/mbermudez/de_02/TFGDataset/img/T2_1160.png|eeee    eeee      eee  ee     e     ee    eeee eeee    eeee   e  e     e eee   eeee      ee  eee    eeeee eee  e e  e  
/data3fast/users/mbermudez/de_02/TFGDataset/img/T2_1061.png|deeee     ee      e    e   eeeeeeee eeeeee       e    e  e eeee  eeee   eeeeeee   eeeee  ee          eee e eee ee      
/data3fast/users/mbermudez/de_02/TFGDataset/img/T2_0523.png|eeee              e e eee         eeee    e  ee   ee          eeeeeeeeee eee ee    eeeeeeeeeeeeee eeee   eee   eeeee   
/data3fast/users/mbermudez/de_02/TFGDataset/img/T2_0653.png|eeeee   e      eee   e eeeee e   eeeeeee eeeeeeee e    e e  ee         eeee    eee    e  ee eee    eeee eeeeeee  eeeeee
/data3fast/users/mbermudez/de_02/TFGDataset/img/T2_1167.png|deee       e         ee eeeeee eeeeeeeeee     e  e  e   eee          eee           ee e eeeeee    e    e  eeee eee e  e
/data3fast/users/mbermudez/de_02/TFGDataset/img/T2_0326.png|eeeee         e e  eee  e ee ee     ee eeeeee ee   ee  e  eeee       eee   e   e ee    ee eee    eeee  ee e    eeeeeeee
/data3fast/users/mbermudez/de_02/TFGDataset/img/T2_1180.png|eee             e   e  e   ee  eeeeee     e e ee   eee eeee eeeeee eeee   eee eeee e e eeeeee        eeeeee  eeeeee   e
/data3fast/users/mbermudez/de_02/TFGDataset/img/T2_0823.png|eeeee           ee    eeeeee eeee ee      e                  ee e  eee e    ee  ee     eeeee eeeeeee  ee    eeee      e
/data3fast/users/mbermudez/de_02/TFGDataset/img/T2_0486.png|eeeee         ee    eeeeee  e  ee   eeeeeee  e  eeeee  eeeeeeeeeeee ee ee eeeeee       e eee e   ee  e    eeeee        
/data3fast/users/mbermudez/de_02/TFGDataset/img/T2_1354.png|eeee        e ee          e    e      eee        e    ee eeeee ee      e eeeeeeeeeeeeeeee   eeeeeee  eeeeeee      eee  
/data3fast/users/mbermudez/de_02/TFGDataset/img/T2_0356.png|deee              ee       ee     eeeeee eeeeee   e        ee eee  e ee   e eeeeeee eeee   ee    eeeeee  eeeeeeeee     
/data3fast/users/mbermudez/de_02/TFGDataset/img/T2_0442.png|eeee               e eeee   e    e    ee  ee        eee e e             eeeee e       eeee    e e e  eeeeeee   e e    e
/data3fast/users/mbermudez/de_02/TFGDataset/img/T2_0217.png|deeee        e      e       e   eeeeeeeeeee e ee e  e     eee  e ee e e    ee          e e   e   ee     eee     e ee  e
/data3fast/users/mbermudez/de_02/TFGDataset/img/T2_1426.png|dee           e e      eeeeeee      e   e    eeee     e eee       eeee        ee eeeeeeee e ee eee    eeeeeeeeee  eeee 
/data3fast/users/mbermudez/de_02/TFGDataset/img/T2_0904.png|eeee            e eeee          ee e   eee  eee             eee e        e eeee e ee eee eeee ee      eeee   ee ee eee 
/data3fast/users/mbermudez/de_02/TFGDataset/img/T2_0892.png|deee  eee  e e   e         e   eeeee    e  ee      eee eee ee e  eeeee e     eee e   ee   ee eeeeee  eeee  e e  eeeeeee
/data3fast/users/mbermudez/de_02/TFGDataset/img/T2_0308.png|deee                   e eeee   e e     e       eee ee          eeeeeee eee    eeee eee        eeee        ee    ee    
/data3fast/users/mbermudez/de_02/TFGDataset/img/T2_0648.png|eee              ee    e e eeeeee             eee  e e     eeee      ee    eee     eeeeeee  e ee     e     ee ee   eeee
/data3fast/users/mbermudez/de_02/TFGDataset/img/T2_1285.png|eeee   e  e eeee e       e      e e e   eee    eeeee eeeeeee e    eeee ee e    ee  e     e  eeeeee   e e  eee   e   eee
/data3fast/users/mbermudez/de_02/TFGDataset/img/T2_0985.png|eeeee             eee    e      ee e    ee e  e     ee  e  eeeeeeee eeee  e    eeeeee   eeee  eee  eeeeeeeeee   eee ee 
/data3fast/users/mbermudez/de_02/TFGDataset/img/T2_0522.png|eeee e          e           eee   eee e     e           ee  e          e         eeeeee eeeeeee eeeeeeeeeeeeeeee    e  
/data3fast/users/mbermudez/de_02/TFGDataset/img/T2_1178.png|eeee         eee       ee ee e          e            e    e eeeeeee eeee  eeee     eeee e  eee     e    eeeeeeee   ee  
/data3fast/users/mbermudez/de_02/TFGDataset/img/T2_1415.png|eee        ee     ee e        e    e e e   e     e  ee                  eeeee eee      eee eeeeee  eeee  ee ee       e 
/data3fast/users/mbermudez/de_02/TFGDataset/img/T2_0535.png|deee              eee    e   eeeee        e eee  e e    eee      e  eee         e  e e eeeee        eeeee     ee ee  e 
/data3fast/users/mbermudez/de_02/TFGDataset/img/T2_1346.png|eee                   eeee    e        eeee e     eee  e    ee    eeeeeeeee  e eee   eee      eee ee        ee   e  eee
/data3fast/users/mbermudez/de_02/TFGDataset/img/T2_0366.png|deee ee        e  ee eeeeeee       e ee   e  eeeee    ee ee  eeeeeeeee eeeeee  eeeeee  e       e e  eeee eeeee e       
/data3fast/users/mbermudez/de_02/TFGDataset/img/T2_0601.png|deeee      eeee      ee            eeeeee             eeeeeeee e    eee    e   ee  e    eeeee  eeeee  eeeeee   ee    e 
/data3fast/users/mbermudez/de_02/TFGDataset/img/T2_0256.png|deeee  e           e      e    ee eee   ee eeee   e           eeee e      e     e    eeeeeee   ee           eee     eee
/data3fast/users/mbermudez/de_02/TFGDataset/img/T2_1121.png|eeee        eeee       e  e eeeee    eee   e eeeeeeeeee eeeeee           e  eeeeeee  e eee eeee e e e     e  ee e ee  e
/data3fast/users/mbermudez/de_02/TFGDataset/img/T2_1059.png|eeee     eee       e       e   eeeee e      eee e       ee     ee e    eee eeee       ee eee  eee        e       eeeeee
/data3fast/users/mbermudez/de_02/TFGDataset/img/T2_0680.png|eeee              e e     ee  e eee eee ee  eee   eee   eee  ee  ee ee   e eeeeee eeee    e  ee  e e  e  e           ee
/data3fast/users/mbermudez/de_02/TFGDataset/img/T2_1377.png|deee           e   e     e  eeeeeee           e  e ee eeeeeee eeeee  e   ee  e eee   e  ee     eee        eee  eeeeeee 
/data3fast/users/mbermudez/de_02/TFGDataset/img/T2_0414.png|eeee     e      e        e    e e e e e    eeeee eeee   eeee  ee     e  e ee        ee   e  eeeeee  eeeee      e      e
/data3fast/users/mbermudez/de_02/TFGDataset/img/T2_0617.png|eeee             e     eeeee     ee  ee  ee eeeeeee         eeeeeeee       e       e eeeee e ee   eeeeeeeee   eeeeeeeee
/data3fast/users/mbermudez/de_02/TFGDataset/img/T2_0652.png|eeee    e         eeeeeee eeeee ee               eee e       eeeeeee      eeee e   eeeee       ee e eee eee e   ee e e 
/data3fast/users/mbermudez/de_02/TFGDataset/img/T2_0319.png|dee        ee  e       e   eeee  eeee   e      ee ee e    e ee     e e  eee   eeeeee ee   e ee ee  eeeeee  e eeee eeeee
/data3fast/users/mbermudez/de_02/TFGDataset/img/T2_0624.png|eeeeee e           ee eeee    e  e eeeee     e    ee   e   e eeee         e  e    eee e       e  e              ee  e e
/data3fast/users/mbermudez/de_02/TFGDataset/img/T2_0940.png|eeee                 eeeeee  e e  e     eeee      e       ee    e e  ee    e       eee e e ee eeeeeeeee  e  eeeeeee    
/data3fast/users/mbermudez/de_02/TFGDataset/img/T2_1134.png|eee                   eeeee    e eeee eeeeee  e               ee  eee   eee eee        eeeeeeeee e eee eeee  e eee     
/data3fast/users/mbermudez/de_02/TFGDataset/img/T2_0076.png|eeeeee                   eee eeeeee      eee   eeee       eeeeeee      eeee  eeeeee  e   eeeeeeeee      e     eeeeee   
/data3fast/users/mbermudez/de_02/TFGDataset/img/T2_0887.png|deee             eeeee eeee   e      eeeeeeee eee  eeeeeee e    ee eeeeeeee   e  ee   eeeeeeeee      e    ee  eeeeee ee
/data3fast/users/mbermudez/de_02/TFGDataset/img/T2_0388.png|eee           ee     e    eee    e   e e  e    e e   eeeee ee eee  eeee e    e  eeee ee eeeeeee  e    eee e  ee        
/data3fast/users/mbermudez/de_02/TFGDataset/img/T2_0722.png|eeee             e   e    ee e e e        ee eeeee eeee  e eeee      eeeeee e    eeee    eee e    ee    eeeee  eeeeee  
/data3fast/users/mbermudez/de_02/TFGDataset/img/T2_0875.png|deee             eeeeeeee       e  e   ee ee     eee  eeeeee ee    e  e    eeee    eeeee     e   ee     e    e    e   e
/data3fast/users/mbermudez/de_02/TFGDataset/img/T2_1366.png|eeeee        e e          ee             e eeeee      ee e   ee    eee eeeee     e ee       eee   eeee  eeeee ee  eeeee
/data3fast/users/mbermudez/de_02/TFGDataset/img/T2_1202.png|eeee e eeee   eeeee   eeeee      eeee eeee ee   e           ee e eee eee  eeeeee e eeeeeeeeeee eeeeeee e     ee  e     
/data3fast/users/mbermudez/de_02/TFGDataset/img/T2_0161.png|deee e                  ee e  eeee     e eeeeeeee  eeeee      eeee  e    eeeeeee    e    eeeee     e e     e eeeeeeeeee
/data3fast/users/mbermudez/de_02/TFGDataset/img/T2_0367.png|eee e     e        ee    ee   e  ee   eeeee    ee  e    eee     eeeeee e    eeeeeeeee eeeee    eee  eeee  eeee    eeee 
/data3fast/users/mbermudez/de_02/TFGDataset/img/T2_0235.png|eeee                            e  ee         ee  e  eee      ee  eeeeeeeeee  ee   e e      eee        eee ee   ee  eee
/data3fast/users/mbermudez/de_02/TFGDataset/img/T2_1185.png|eeee      e  e   e         ee         e   eee    e  e     eeeee  eeeeeeeeee   e eee       e   eee    eeee     e e e ee 
/data3fast/users/mbermudez/de_02/TFGDataset/img/T2_1228.png|eeee      e  ee   eee    ee     eeee  e eeeeee e  eeee        ee ee  e      eeee eeeeeeeeee   ee     eeeeee  e e  eee  
/data3fast/users/mbermudez/de_02/TFGDataset/img/T2_0352.png|eeee e                     eeee ee   ee  eee eee       eee    e  ee ee   eeee eeeeee  ee       eee    ee  eeeeeeeeeeeee
/data3fast/users/mbermudez/de_02/TFGDataset/img/T2_0832.png|eeee         e  e eeeeee  e e   eeeee   e eeeeeeee eeee   eeeeeee      e eee ee  eeee   eeeeeeeeeee  e eee  eeee  ee   
/data3fast/users/mbermudez/de_02/TFGDataset/img/T2_0550.png|deee                ee                eeeeeeeeee  eeee    e  ee  e e  eeeee        eeeee eee        eee  eeee  eeeeee  
/data3fast/users/mbermudez/de_02/TFGDataset/img/T2_1068.png|eeeee            e       e  e   e    e eee e ee  eeee eeeee eeee    e  ee    ee  eeee    e   eeee ee ee e    ee eeee  e
/data3fast/users/mbermudez/de_02/TFGDataset/img/T2_0036.png|eeeee    e  ee         eeee   e eeee e     eee   eeeeee       e    ee eeeeeeeeeeeeeeeeee    eeeee eee   e      e eeeeee
/data3fast/users/mbermudez/de_02/TFGDataset/img/T2_1447.png|deee e              e            e    e eeeee      eeee e ee         e eee  e e  eeeeee e e  e  ee     eeee e    eeeeee
/data3fast/users/mbermudez/de_02/TFGDataset/img/T2_1126.png|eeeee                   eee       ee        e eeeeeee      eeeee e eeee  eeeeeeee   e     e ee  ee  e ee      e   ee   
/data3fast/users/mbermudez/de_02/TFGDataset/img/T2_1031.png|deee e      ee ee     eee e   e     e e      eeee  e   e  eee  eeee ee    eeee ee    eeeee   ee      e eee  ee    ee   
/data3fast/users/mbermudez/de_02/TFGDataset/img/T2_1405.png|deee          ee        e eeeee      ee   eeeeeeeee     eeeeeee e  e   eee                  eeee      ee     eeee e  e 
/data3fast/users/mbermudez/de_02/TFGDataset/img/T2_0129.png|#        e    ee   ee  eeee  eee  e eeee  ee e     ee e      eee      eee ee    eee  eeeeeeee ee   ee    e  e eee  eee 
/data3fast/users/mbermudez/de_02/TFGDataset/img/T2_0801.png|deee                e      eeeee     eeeeee   e   eeee       eeeeeeeeeeee    eee   ee e         eeeeeeee   eeee e ee   
/data3fast/users/mbermudez/de_02/TFGDataset/img/T2_1433.png|eeeee            e                e           e ee e      ee       e   eeee eeeeeeeee     eeeeeeeeeeeee    e    eeeeeee
/data3fast/users/mbermudez/de_02/TFGDataset/img/T2_0466.png|eeeee       ee  eee ee  e eeeee  e  ee e ee ee     e ee e           eeeee e    e     eeeeee eeeeee eee   eeeeeeeee   ee
/data3fast/users/mbermudez/de_02/TFGDataset/img/T2_1466.png|deee    e      ee  e ee    e e ee  e      e eeeeeeeee       ee  eeeeeeeeee     ee  e e eeeee ee   e e eeee  eee eee   e
/data3fast/users/mbermudez/de_02/TFGDataset/img/T2_0149.png|deeee     e eee  eeeee        eeee       e      eee eee  eee   eeeeeeeee eeeee e e   e e         e  eeee  e        eeee
/data3fast/users/mbermudez/de_02/TFGDataset/img/T2_1498.png|eeeee   e      eeeeeeee    ee eee        ee eeeeeeee    ee  eee   eeee   eeeee eeee      ee e    eeeeeeee ee   eee     
/data3fast/users/mbermudez/de_02/TFGDataset/img/T2_0990.png|eeee      ee    eeeeeeee   ee    eeee   e   e   eee  eeeee ee     e     eeeeee eeeee     e  ee ee e  eeee    e   eeeee 
/data3fast/users/mbermudez/de_02/TFGDataset/img/T2_0812.png|eeeee          eee       e e ee      ee  e  ee       eeeee  e e    eeeeeeeeee eee e e    eeeeeeee  e  ee     e       ee
/data3fast/users/mbermudez/de_02/TFGDataset/img/T2_0440.png|eeeee    eeee  e     ee   e   eeeeee ee     eeeee    ee eeeeeee    ee eee   eeeeeeeeeeee    e e e eeee ee        eee   
/data3fast/users/mbermudez/de_02/TFGDataset/img/T2_1090.png|d            eeeeeeeee e   e    ee    eee e  eeee eeee    eeeeee  eee e ee eeeee ee e eeeee   ee       eee    eeeeeeeee
/data3fast/users/mbermudez/de_02/TFGDataset/img/T2_1253.png|eeeee  ee   ee      ee  ee    e e    e     eeeeeee ee  eeeeee e eeee eeeee     e   e  e eeeeeeeee ee eeeeeee    e  e   
/data3fast/users/mbermudez/de_02/TFGDataset/img/T2_1457.png|eee    e      e       eeee  eeee    e    ee  eeee e e e   e   ee ee      ee    ee    ee    eeeeeee e      e eeeeeeeee e
/data3fast/users/mbermudez/de_02/TFGDataset/img/T2_0706.png|eeee              eeee  eeee  ee eeee  eeeeee  ee   eee eee   eee     eee eee eee   ee  eee e     e     e e  eeeee ee  
/data3fast/users/mbermudez/de_02/TFGDataset/img/T2_1260.png|eeeee                  e    e      e       eeee  e  eee e  e eee  eeeeee    e e eee  e  e  ee e eeeeeeeeeeeee    eee   
/data3fast/users/mbermudez/de_02/TFGDataset/img/T2_0107.png|eeee   ee      eee  ee     ee   eeeeee eee      e eeeee    e  e   eeeeeeeee     eee eeeeee e   e eeeeeeee     eeee     
/data3fast/users/mbermudez/de_02/TFGDataset/img/T2_0718.png|eeee   e        eee   e            e   eeeeeeeeee   ee   ee eeeeeeeee       ee    eee  eeeeeeee  eeeeeeeeeee eeeee eeee
/data3fast/users/mbermudez/de_02/TFGDataset/img/T2_0916.png|deeeee         eeeeeeeee  e   ee  eee  eeee eeeeee   ee ee     eeeee    ee eeeeeeeeeeeeeeeeeee eeeee eeee eee e    eee 
/data3fast/users/mbermudez/de_02/TFGDataset/img/T2_0669.png|deee     eeeeee    eee              eeeee  eeee  eeeee   eeeeeee ee  eeeeeeeee  eeee  eee ee  ee eeee   eee ee  eeeeeee
/data3fast/users/mbermudez/de_02/TFGDataset/img/T2_0430.png|eeee          ee e     e e     eee       eeee      eeeee   eeeeeeeee  e     eeeee eeee e  e   ee    eeeeeeeeeeeee e   e
/data3fast/users/mbermudez/de_02/TFGDataset/img/T2_0083.png|eeeee        e   e eeee ee     e ee e eee   e  e     eee  eee  e   eeeee  eeeee e  eee   eeeeeeeee  eeeeeeee e  ee eeee
/data3fast/users/mbermudez/de_02/TFGDataset/img/T2_0646.png|deee         eee    eee e eeeeeeeee     ee   eee  eee   e eeeeeeeeeeee   eee eeeee  eeeee  e eeee      e  eeeeeeee e  e
/data3fast/users/mbermudez/de_02/TFGDataset/img/T2_0483.png|deeee         e     eeeee   eeeeeeeeeeeeeeee     ee  eeeeee  eeeee eeeeeeeeee    eee             e  eeeeeeee       eeee
/data3fast/users/mbermudez/de_02/TFGDataset/img/T2_0763.png|deee e   e      eee eeeeeeeeeeeee e e   e  eee  e ee       eeeee       ee e  e e  eee  eeeee eeeeeeeeeee  e    e eeeeee
/data3fast/users/mbermudez/de_02/TFGDataset/img/T2_0587.png|eeee                 ee  e   eee eeeeeeee   e    eeeeeeee    ee ee e  e eeeee  eeeeee   eee eeee    eeeeeeeeee ee  ee  
/data3fast/users/mbermudez/de_02/TFGDataset/img/T2_0515.png|eee e            eeee eeeeeee  eee  eeee e  eeeee     eeeeeee     ee  e e   eeeeeeeeeee eeee   eeeeeee  eeeeee eeee  ee
/data3fast/users/mbermudez/de_02/TFGDataset/img/T2_0055.png|deeeeeee         e         eeee ee eeeeee     eeeeee ee    eeeee     ee            eeeee  eeeeeee eeee eeeee  eeeee   e
/data3fast/users/mbermudez/de_02/TFGDataset/img/T2_0576.png|deee     eeee            e  eeee   e e e eee  eeeeeeeee    eeeeee eeeee       eeeeeeeee  ee   eeeee  eeee eeeeee  ee   
/data3fast/users/mbermudez/de_02/TFGDataset/img/T2_0249.png|eee          ee  ee     ee e   ee   ee     e           eeeeeee  eeeee e eee    eeeeeeeeeeeee eeeee   e  eeeee e  eeeeee
/data3fast/users/mbermudez/de_02/TFGDataset/img/T2_1365.png|deee            e     e e   eee  eeeee ee    eee e     e  ee eee e     eeee ee    eeeeeee ee eeeee       eeeeeeee  e  e
/data3fast/users/mbermudez/de_02/TFGDataset/img/T2_0597.png|eeeee       e   eee       e    e          e   e  eeee   e e    e ee   e      e eeeee eeeeeeee      eeee  eeeeeeeeeeeee 
/data3fast/users/mbermudez/de_02/TFGDataset/img/T2_0938.png|eeeeee  e  e     eeeeeeeeeeee       ee   eeee       ee    eeeeeeee     eeeeeee   eeeeeee       eeeeeee  eeeeee eeeeeeee
/data3fast/users/mbermudez/de_02/TFGDataset/img/T2_0134.png|deeee      e      eeee  ee e eee e  eeee ee  eeee eeeee      e eeee eeeeeeee           eeeeee    e e eee  eeeeeeee  eee
/data3fast/users/mbermudez/de_02/TFGDataset/img/T2_1302.png|deeeee       e  eee  e ee      eee ee     eee    eee      eee      ee  eeeeeeee eeeeeeeeeeeeeeeeeeeeeeeeee e e  ee eeee
/data3fast/users/mbermudez/de_02/TFGDataset/img/T2_1403.png|deeeee      eeee          ee       e    e ee   eeeee e eeee  ee eeeee    e   eeee   eeeeeeeeee   e eeeeee eee    eeeeee
/data3fast/users/mbermudez/de_02/TFGDataset/img/T2_1239.png|dee      eee e   e eeeeee        ee e    eeeeeeeeeee      eeeeee       eeeeeeeeee  eeeeeeeeeeeeeeeeee  eeeeeeee      e 
/data3fast/users/mbermudez/de_02/TFGDataset/img/T2_0693.png|eeeee    ee ee eeeeeeeee ee  eeeeeee e e      e  eeeeee  eeee  ee e eeeeeeeee  eeeee    eee     eee eeee  e e eeeeeee e
/data3fast/users/mbermudez/de_02/TFGDataset/img/T2_0176.png|eeee    e           e eee  eeeee  ee  eeeee eeeeeee eeeeeeee ee    eeeeeeeeee eeee eeeeeeeeee ee      ee eee     eeeeee
/data3fast/users/mbermudez/de_02/TFGDataset/img/T2_0491.png|eeee               e ee     eeeeee       eeeee  e  eee eeeee  eeee  eee eeeeeeee e  e   eeeeeee ee       e eee eeeeeeee
/data3fast/users/mbermudez/de_02/TFGDataset/img/T2_1120.png|eee        e   ee     ee   ee    eeee e eeee     e  eee  eeeeee    e     eee e  eee  eee eeee   eeeee  eee ee     e   e
/data3fast/users/mbermudez/de_02/TFGDataset/img/T2_0728.png|eee        ee    e     e eeee  e       eeeeeee     ee   eee e e e eeeee e  eeee      eeeeee eeeeeee  e  eee   eeeeeeeee
/data3fast/users/mbermudez/de_02/TFGDataset/img/T2_1276.png|eee            eee  e    ee  eeeee  eee eeeee   e              eeeeeee  ee  eeeeeeeeeeeeeeee eeeeeeeee ee e   eeeee  e 
/data3fast/users/mbermudez/de_02/TFGDataset/img/T2_0016.png|eeee         e   eeeee  e    e  eeeeeeeeeeee ee eeeeeeeee      eee eeee eeee   ee e  e   ee    eee eee eee e  eeee    e
/data3fast/users/mbermudez/de_02/TFGDataset/img/T2_0075.png|dee   ee     e eee   eeee eeeeeeeee     eeeeeeee  eeee eeeeee      ee eeee e eee eeeeeeee    eee eeeeeeeeeeeeeeeeeeeee 
/data3fast/users/mbermudez/de_02/TFGDataset/img/T2_1034.png|eeeee  ee     e   ee ee     ee   eee eeeee     e  ee  eeeee e eeeeee eeeeeee  eeee   eeee   eee  ee  e e     eeeee eeee
/data3fast/users/mbermudez/de_02/TFGDataset/img/T2_0608.png|deee   e       e eeeeeee     eeeee       eeee   e ee     eeeee ee          eeeeeeeeeeeeee      e   eeeeeeee    eeeee   
/data3fast/users/mbermudez/de_02/TFGDataset/img/T2_1480.png|#         eee eee eee eeeee eeee    eee   eeeeee  eeeeee    e e  e e eee        e  e    eee   eeee ee eeee  e   eee  ee
/data3fast/users/mbermudez/de_02/TFGDataset/img/T2_1425.png|eeee       ee ee    eeeee eeeee eeeee   eeeeeeee ee e  eeeeeeee  e eeee  eeeeee          eeeeeeee    eeeee eee   e e ee
/data3fast/users/mbermudez/de_02/TFGDataset/img/T2_0949.png|eeeee  e     ee        eeeeee eee      e eee  e eeee   e ee eeee eee  eeeeeeee  ee     eee    eeeeeeeeeeee      eeeee  
/data3fast/users/mbermudez/de_02/TFGDataset/img/T2_0779.png|eeeee      eeeeee     eee  ee  eeeee e e eeeeeeee   eee eeee ee eeeee eeeee  eeee     eee e     eeeeeeeeeeee    eee ee 
/data3fast/users/mbermudez/de_02/TFGDataset/img/T2_0510.png|eeee          e   ee     eee    eeeeee  eeeee   eeee e eeeeeeee eeeeeeee   eeeeeeeee e eeeee   e   e eeeeee       eeeee
/data3fast/users/mbermudez/de_02/TFGDataset/img/T2_0307.png|eeeeee         e e  e     e ee eeeeeeeeeeee ee   eeeeeee eeeee    eeeee eeeeeeee    eeee eeee eeeeee   ee   ee ee eeee 
/data3fast/users/mbermudez/de_02/TFGDataset/img/T2_1298.png|dee           e  e    e  ee e ee   ee    e   eeeeee eeee    e   eee e       e  eee    eeeeeeeeeeeeeeeeeeee ee eee   eee
/data3fast/users/mbermudez/de_02/TFGDataset/img/T2_1235.png|dee           e   eee eee  e ee e  eeeeeeeee e  ee                eeee  eee  ee   eeeee eee    eeeeee eeeeeeeeeeeeeeeee
/data3fast/users/mbermudez/de_02/TFGDataset/img/T2_0392.png|deeee      e   e eeeee ee eeee    ee  ee eee e  eee   eeeeeeee         eeeeeeeeee  eeeeeeeeee eeee          eeeee     e
/data3fast/users/mbermudez/de_02/TFGDataset/img/T2_0579.png|dee     eeeee  e    eeeee ee e eeeeee  eeeeeeeee  e eeee eeeeee eeeeeeeeeeeeeeee          eeeeee eeeee  ee    eeeeeeeee
/data3fast/users/mbermudez/de_02/TFGDataset/img/T2_0015.png|eeee    eeeeeee     ee     e       eee  e eeee eee ee  ee  eeee   e e eee ee  e eeeeee    eee  e   eee      eeeeeeeeee 
/data3fast/users/mbermudez/de_02/TFGDataset/img/T2_0358.png|dee       eee  eee  e  eee     ee eeeee     ee e    eee   e eeeeee e eee  eeeeeeeeeeeeeeee e     ee eee   ee ee      ee
/data3fast/users/mbermudez/de_02/TFGDataset/img/T2_0365.png|deeeee      e    e    eeeeee e   eeeeee  eeeeee ee e  eeeee  eeeeeee eeee    ee eee       eeeeeee   eeeee eeee eeee ee 
/data3fast/users/mbermudez/de_02/TFGDataset/img/T2_0548.png|eeee         e    ee e      e   e     eee    eee  eeee   eeeeeee  eeee  eee e e  eeeeeeeeeeeeeeeeeeeee      eeeeee     
/data3fast/users/mbermudez/de_02/TFGDataset/img/T2_1474.png|ieeee e         ee e ee     eeee eeeee  e eee eee           eeeeeeeeeeeee e e eee   eeeeeeeeeeeeeeeee   eeeeee e eeeeee
/data3fast/users/mbermudez/de_02/TFGDataset/img/T2_1170.png|dee       e              eeeeeeeee eeeee        eeeeeeeeeeeeeeeeeee    eee       e   eeee ee e eeee eeee e   eee eeeeee
/data3fast/users/mbermudez/de_02/TFGDataset/img/T2_0277.png|dee       e eeeeeeeee     e ee  eeee      ee  eee eee       eeeeeeeeee eeee    eee eeeee    eee     e   eeeeeeeeee eeee
/data3fast/users/mbermudez/de_02/TFGDataset/img/T2_0446.png|eeeee ee        e e   e eeeee ee    eeee eee        e  e ee  eeeeeeeeee   eee  eeeeeeeeeeeeeeeee         eeeeeeeeeeeeee
/data3fast/users/mbermudez/de_02/TFGDataset/img/T2_0309.png|deeeeeeeeeee        eee e   e   e   eeee eeeeee    e e ee    e ee  e   ee eeeeeeeee       eeeeeeee  ee eeeee       e  e
/data3fast/users/mbermudez/de_02/TFGDataset/img/T2_0630.png|d    e   eee     e    eeee  e   eee    ee e eeee     eeeee eee eeeeeeeeee  eeeeeeeeee eeeeeeeeeeeeeeeee   eeeeeeeeeeeee
/data3fast/users/mbermudez/de_02/TFGDataset/img/T2_1220.png|eeee           eeeeeeee e   ee  eeeee eeeee eeee eeeeeeee     eee e   ee   eeee   eeeeeeeeeee   ee   eee e    eeeeeeeee
/data3fast/users/mbermudez/de_02/TFGDataset/img/T2_0818.png|deee    eeeee e   eeeee     eeeeeee    eee  e eee     ee eeeeee e e   e   eeeee eeeee eeeee       eee  eee eee   eeee  
/data3fast/users/mbermudez/de_02/TFGDataset/img/T2_0626.png|eeeee e        e         e  eeeeeeee  ee e  ee  eee eeeeeeeeee    e   eeeeeee eeeeee ee  eee   eeeeeee e   eeeeeeeeee e
/data3fast/users/mbermudez/de_02/TFGDataset/img/T2_0913.png|eeee           e   ee   eeeee  ee   eeeeeeeeeeeeeeeeeee        eeeeeeee  ee   eeeeeeeeeee eeeeee  eee    eeeeeeeeeeeee 
/data3fast/users/mbermudez/de_02/TFGDataset/img/T2_1054.png|deeee     eeee          eee            e e   e eeee eeeee e ee  eee ee eeeeeeeeeeeeee e  eeeeee e     e  eeeeeeeee  eee
/data3fast/users/mbermudez/de_02/TFGDataset/img/T2_0172.png|eee ee    e          e  ee eee  eeeeeee e eeeeeeee     eeeeee e e ee ee  e  eeeeeee eeee e  ee  ee eeeeeee ee     e  ee
/data3fast/users/mbermudez/de_02/TFGDataset/img/T2_0042.png|eeee           e  e    eee   eeeeeee  e ee  eeeee  eeeeeeeeeeeee ee e  e   e eeeee    eeeeeee eeeeeeeeeee ee  eee e eee
/data3fast/users/mbermudez/de_02/TFGDataset/img/T2_0292.png|deeee     eee    eeeeee  eeeeeee e ee e  eeeeee   eeee eee eeee  eee    eeeeee  ee  ee   eeeeeee ee    eee e eeeee  e e
/data3fast/users/mbermudez/de_02/TFGDataset/img/T2_1410.png|deee           eeeee    eeeee   ee   eeee  eeeeeeeeeee   eeeeeeee    e        eee       e e eeeeeee   eee ee eeeeeeeeee
/data3fast/users/mbermudez/de_02/TFGDataset/img/T2_0713.png|           eee  e eeeeeeeeeeeeeeee e e eee         ee    eee eeeee ee  eeeee e eeee  eeeeee eeeeeeee    e   eeeeee     
/data3fast/users/mbermudez/de_02/TFGDataset/img/T2_1092.png|eeeee      eeee eee  e eeee   eeeeeee    ee e eeeeeeeeeeeee    e  eeeeeeee    eee   e eee   eeeee   eeeeeeeee   eeeeeee
/data3fast/users/mbermudez/de_02/TFGDataset/img/T2_1251.png|eeeee    e        e  ee     ee     eee eeee  eeee eeeeeeeeeeeeeeeeeeeeeee             eee  eeeee  eeeeeeeeeeeeee     ee
/data3fast/users/mbermudez/de_02/TFGDataset/img/T2_1476.png|eeee          eeeeee   e ee e e eee eeeeeee   e ee  e e eeee ee  eee e  eee  eeeeeeee  e   ee  eeee  e  eee e eee eee e
/data3fast/users/mbermudez/de_02/TFGDataset/img/T2_1078.png|deeee   e eeee eeeeee    eeee eeeeeeeeee   eeeee e e   e  eeeeee e ee e  eeee  ee  e eee e ee         e        eee  e  
/data3fast/users/mbermudez/de_02/TFGDataset/img/T2_1247.png|dee            eeeeee      eee  ee  e eeeeeee       eee  eeee  eeeeeee  e eee e e eeee eeee eeeeee    eeeeeee   e   ee 
/data3fast/users/mbermudez/de_02/TFGDataset/img/T2_0593.png|deee eee      ee      ee    ee    e  ee  eeeeeee e ee  eeeeeee ee eeeeeeeeeeeeeeeeee e eeeeeee   eeeeeeeeeeeeee  eeeee 
/data3fast/users/mbermudez/de_02/TFGDataset/img/T2_0403.png|deeee       e            e  ee ee  ee ee e e   e  e  ee e eeee  ee    eee e eeeee eeeeeeeeeeeeee eee   eee  eeeee ee e 
/data3fast/users/mbermudez/de_02/TFGDataset/img/T2_1108.png|deeee         eeeeeee      eeee  ee ee   ee   eeeeee    eee   ee e eeeeeeeeeeee    eeeeeeeeeeeeeeeeeee      eeeeeeee  e
/data3fast/users/mbermudez/de_02/TFGDataset/img/T2_0152.png|deeee   eeeee    eeeeeeeeeeee eeeeeee  ee   e      ee     ee  e  ee e eeeeeee eeeee eeeeeeeee  eeeeeeeeeeeeeeee eeeee  
/data3fast/users/mbermudez/de_02/TFGDataset/img/T2_1266.png|eeeee      e      e     eeeeeee eeeeeeee   ee   e   eeee   eeeeeee   ee eee   eee  e    e    eeeeeeeeeeeeeee  eeeeeeee 
/data3fast/users/mbermudez/de_02/TFGDataset/img/T2_1327.png|dee            e       e ee e  eeee eeeeeee  eeeeeeeeeee eeeee ee  eeeee   eeeeeeeeee eee  e  ee e   e eeee  e eee   ee
/data3fast/users/mbermudez/de_02/TFGDataset/img/T2_1191.png|eeee        ee     eeeeeeeeeeeeee      eeeeee e eeeeeeee eeeeeee ee eeeee eeeeee  ee eeeee    eeee eeeeeeee eee    eeee
/data3fast/users/mbermudez/de_02/TFGDataset/img/T2_1137.png|eeeee    e     eee       eeeeeeee    ee  eeeeeeeeeeeeeeeee ee   eeeeeeeeeee ee  ee eeeeee     eeeeeee eeeee     eee  ee
/data3fast/users/mbermudez/de_02/TFGDataset/img/T2_1489.png|eee   ee eeee e     eee eeeee  e   e  eeee  eeeeeee   e    eeeee eee eeeeeee eeeeeeeeee   ee     e eeeee   ee e   eeeee
/data3fast/users/mbermudez/de_02/TFGDataset/img/T2_1153.png|eeeee    e ee  eeeee      e e  eee    e eeeeeeeeeeeeeeeeee ee eeeeeeee ee    eeee   eeeeee e e   e e  eeeeeee ee      e
/data3fast/users/mbermudez/de_02/TFGDataset/img/T2_0463.png|eeeeeee  e   e  ee   e   eee e  eee    e ee eee ee   eeeee     eeeee  eeeeee e e     eeeeee  e  eee eeee ee  ee   e e  
/data3fast/users/mbermudez/de_02/TFGDataset/img/T2_1050.png|eeee   ee ee           ee ee  eeeee  eeee eeeeeeeeee   eeee  eeee eee   eeeeee   e eeee    ee  e eeeeeeeeee e  e e e   
/data3fast/users/mbermudez/de_02/TFGDataset/img/T2_0354.png|deeee      e         eeee ee  eeee ee    e e  ee e  eeeeeeeeeee  eeeeeeeeee eee        eeeeeeeee e ee eeeeeee eeeeeeeee
/data3fast/users/mbermudez/de_02/TFGDataset/img/T2_0683.png|deee e     e      eeee        eeee       e eee    e  ee  e  eeee     eee eeeeee eee eeee   eeeeee  e  e  eee e  eeeeee 
/data3fast/users/mbermudez/de_02/TFGDataset/img/T2_1245.png|deee  e      ee e       eeee    eee eeeeee   e  eeeeee    eeee e eeeee eee ee    ee  e  e  ee eeee ee e  eeeee    eeee 
/data3fast/users/mbermudez/de_02/TFGDataset/img/T2_1029.png|deeeeee     e       eeeeeee   eeeeeee e  eeee e eeeee   e eeeeeeeeeee eeeeeee  eeeeeeeeeee e  e ee      eee ee eee e ee
/data3fast/users/mbermudez/de_02/TFGDataset/img/T2_0038.png|eeee       ee eeee eeee   ee eeeeeee eeeeee e eeeeeeeee  eeeeeee     eeeeeeee   eee eeeeeee   eeeeeee eeeeeee eeeeeeeee
/data3fast/users/mbermudez/de_02/TFGDataset/img/T2_0785.png|deee     e          eeeee    e eeeeeeee e     eeee e eeeee eeeee   eeeeeeeeee  ee e  eee  e e   eee e ee eeeeeeeeeeeeee
/data3fast/users/mbermudez/de_02/TFGDataset/img/T2_0828.png|deeee   ee    e eee e eeeeeeeee eeeeeeeee eeee e    eeeeeeeeeeeeee    eeeeeee eee      e e   ee    e    eee eeeee eee e
/data3fast/users/mbermudez/de_02/TFGDataset/img/T2_0443.png|deeee       eee        eeeee  eeeeee     eeeee ee ee ee  eeee    eeeeeeee   e eeee eeeeeeeeeeeeeeee eeeeeeeeeeeeeeeeeee
/data3fast/users/mbermudez/de_02/TFGDataset/img/T2_0861.png|ieeee          eeeeeee eeeeeeee ee    e  eeeeee  e   ee  eeee eeeeeeeeee ee  e e   ee    eeeeeeeeeeeeeeee e   eeeeee ee
/data3fast/users/mbermudez/de_02/TFGDataset/img/T2_0665.png|eeeeee      eeee ee   eeeeeeeeeeee   eeeeeee eeeee ee  ee e  eeeeee       eeeeeeeeee    e    e eeee    eeee eeeeeee  e 
/data3fast/users/mbermudez/de_02/TFGDataset/img/T2_0948.png|deeeeeeee    ee    e  eee   ee ee  ee  ee   eeeee   eee  eeeeeeeee ee eeeeeeeeeeeeeee ee eee  e   ee ee eeee  eeee e ee
/data3fast/users/mbermudez/de_02/TFGDataset/img/T2_1111.png|eee       ee ee    e e  e eeee  e eeeeee eeeee   eee  e eeeeee eeeeeeeee    eee ee  e eee eeee e     eeeeeeeeeeeee eeee
/data3fast/users/mbermudez/de_02/TFGDataset/img/T2_1412.png|eeeee            eeeee  e ee  e   e eeeeeeeeeee eeeeeeeee    eeee eee ee eeeee eeeee eeeeeee   eeee  e    eeeee eeeeeee
/data3fast/users/mbermudez/de_02/TFGDataset/img/T2_0293.png|deeeeee  e ee   e eeee      e    ee ee e e eeeeeee   eeeee e  eee   eeee    e eeeeeeee  eeeeee eeeee eeeee  eeeeeeeeeee
/data3fast/users/mbermudez/de_02/TFGDataset/img/T2_0141.png|deee                        ee      ee  eee    e eeeeeeeeeeeeeeeeeeeee ee eee  eeee     eeeeeeeeeeeeeeeeeeeeeee eeeeeee
/data3fast/users/mbermudez/de_02/TFGDataset/img/T2_1241.png|eeee              ee  ee e   eeeeeeeee e eee   eee e e  eeee  e eeeeeeeeeeeeee  eeeeeeeeeeeeeee        e eeeeeeeeeeee  
/data3fast/users/mbermudez/de_02/TFGDataset/img/T2_0501.png|eeee      eee eeeeeeeee      e  e eeeeee e                eeeeeee   eeeeeeeeeeeeeee e  e  eeee e eeeeeeee   eeeeeee   e
/data3fast/users/mbermudez/de_02/TFGDataset/img/T2_0746.png|eee  e   e   ee   eeeeeeee ee  ee  eeeeeee eee  eeeeeee eeeeeeeeeeee    e eeeeeeeee eeeeeeeeeeeee    eee   eeee eeee ee
/data3fast/users/mbermudez/de_02/TFGDataset/img/T2_1238.png|deee eeeee e eeee      e e          eee     ee  ee eeeeee  ee    eeeeeeeeee e eee ee eee    eeeeeeeeeee eeee     eeee  
/data3fast/users/mbermudez/de_02/TFGDataset/img/T2_0065.png|deeee e e     eee   ee e eee  ee e eeeeeeeeeeee eeeee eee    eeeeeeeeeeeeeeeeeeeeeeeeeeeeeeee eee eeeeeee      eeeeeee 
/data3fast/users/mbermudez/de_02/TFGDataset/img/T2_0209.png|deeee      ee    ee eeeee  e e      eee ee ee eeee eeeeeeee  eeeeeeeeeeeeeeeeee eeeeeeee   eeeeeeeee  eeee   e   e eeee
/data3fast/users/mbermudez/de_02/TFGDataset/img/T2_0559.png|deeee  eeeee       eeeeeeeeeeeee eeeeeee      eeee     eeeeeee     e   eeeeeee eeeeeeee ee eeeeeeeee     eeeee  ee eeee
/data3fast/users/mbermudez/de_02/TFGDataset/img/T2_0084.png|eeee  e  e eee         ee e eeee    ee eee   eeee  eeeeeee  eeeeeeee  e eeeeeee e   eee   eeeee   eeeee  eeeeeeee eeeee
/data3fast/users/mbermudez/de_02/TFGDataset/img/T2_0743.png|eeeee   e         e ee    eeeeeeee   e eeeee  ee ee      eeeeeeeeee     eeeeeeeeeeee    e  ee   eeeeeeeeeee  eeeeeeeeee
/data3fast/users/mbermudez/de_02/TFGDataset/img/T2_0741.png|#          eee e  ee   eee eee e   e eee eee     e  eeeeee eeeeee   e eeeee    eee e eee e  eeeee   ee     e  eeeeee ee
/data3fast/users/mbermudez/de_02/TFGDataset/img/T2_1212.png|deeeeee          eeeeeee eee e     e    eeeeeeee         eeeee  eeeeeeee eeeee    eeee    eeee ee eeeeeeeeeee    ee eee
/data3fast/users/mbermudez/de_02/TFGDataset/img/T2_0851.png|deeeeeee  ee          eeee     eee  e  eeee ee e ee  eeeeeeee   eee ee e e e eee   eeeee  eeee  eeeee eeeeeeeeeeeeeeeee
/data3fast/users/mbermudez/de_02/TFGDataset/img/T2_0853.png|eeeee   ee  ee      eeeee   ee  ee eeee  ee  eee  e      e   e eeeeeeeeeee   eeeeee eee    eeeee eeeee  eeeeee ee eeeee
/data3fast/users/mbermudez/de_02/TFGDataset/img/T2_1000.png|deeeee    eee    eeee   eee   eeeeee eeeeeeeeeee  eeee eeeeeeeee  eeeeeeeeeeeeee    eeeeeeeeeeeeee eeee e  eeeee  e eee
/data3fast/users/mbermudez/de_02/TFGDataset/img/T2_1255.png|eee e  e        ee eeeee  eee eeeeeeeee     eeeee  ee   e    ee   eeeeeeeeeeeeeeeeee   eeeeeeeeee eeeeeeeeeeeeeeee   ee
/data3fast/users/mbermudez/de_02/TFGDataset/img/T2_0507.png|eeee       ee eeeeeeeeeee   eee      eeeeeeee  eee  e   eeeeeeeeee   eeee    ee eeee e eeeee eeeeeeee eeee  e  ee     e
/data3fast/users/mbermudez/de_02/TFGDataset/img/T2_1446.png|deee      e    eee  eeeeee      eeeeeee     ee eeeeeeeeee eeeeeeeeeeee eeee  eee eeeeeeeeeeee eeee  eeeeeeeeeeeee   eee
/data3fast/users/mbermudez/de_02/TFGDataset/img/T2_0753.png|deeeeeee     ee   e ee eeee    eee e e  eeeee    ee eeeeee    ee  eee   eeeeee  ee eeeeeeee eeeeee  eeeeee  eeeee eee  
/data3fast/users/mbermudez/de_02/TFGDataset/img/T2_1281.png|deeee  e  e eee eee  eeeeeeeeeee   eeee   ee eeeeeee e e eee eeee   eeee e ee     eee  eeeeeeee ee e eeeeeeeeeee    eee
/data3fast/users/mbermudez/de_02/TFGDataset/img/T2_0024.png|deee eee      eeeee e         ee e     eeee e eeeee e  eeeeeeeeeeeeeeeeeeee eee eeeeee e eee  eeee   ee  eeeeeeeeeeeeee
/data3fast/users/mbermudez/de_02/TFGDataset/img/T2_0201.png|deee              eeeeee eeee   eeeee  e       ee  ee   ee e   ee  eee e  e   eeeeeeeee eee e eeeeeeeeeeeeeeeeeee eeeee
/data3fast/users/mbermudez/de_02/TFGDataset/img/T2_0268.png|deeee      ee ee ee eeeeeeee    eeeeeeeeeee  eeeeeeeeeeeeeeeeeeeeeeeeeee e  eeeeeeeeeeee ee eeeeee eeeeeeeeeeeeeeeeee e
/data3fast/users/mbermudez/de_02/TFGDataset/img/T2_0704.png|       e  eeeeeeeeeeeeeeee   eeeeeeeee e  e eeee    eeee  eeee eee   eeeeee      e e eee e eee    eeeeeee   e    eeee  
/data3fast/users/mbermudez/de_02/TFGDataset/img/T2_0655.png|eee    e eeee  ee eeee ee  eeee eeee     eee eeeeeeeeeeeee  eeeeeeee eeeeeeeeeee  e  e e     eeeeeeee   e eeeeee  eee e
/data3fast/users/mbermudez/de_02/TFGDataset/img/T2_0068.png|eeee      e  e            eeeee e e    e    e e  e   eeeeeeee  e eee e  e eee eee eeeeeeeee  ee e eeeeeeeeeeeeeeee eeee
/data3fast/users/mbermudez/de_02/TFGDataset/img/T2_0650.png|deeee  eeeeeeeee       eeeee   e   eeeeeee      eee  eeeeeeeeeeeeeeeeeee eeee  e eeeeee      eeeeee eee  ee eeeeeeeee  
/data3fast/users/mbermudez/de_02/TFGDataset/img/T2_0700.png|eeee       ee  eee   e eeeeeee  eeeee  eeeee  eeeeeee  eeeeeeeee eee eeeeeeeeee e eeeeee eeeeeeeeee  e e     eeeee eeee
/data3fast/users/mbermudez/de_02/TFGDataset/img/T2_0106.png|dee       e      e            eeeeee eeee  eeee eeeeee  eeeeeeee  eeeeeee e e     e eeeeeeee eeeeeeeeee eeeeeee eeeeeee
/data3fast/users/mbermudez/de_02/TFGDataset/img/T2_1041.png|deee    ee e eeeeee  e      e  e  eeee eeeee  eeeeeeeeee  eeee   ee eeeeeee eeeeeeee  eeeeee  eeeeee eeee eeeeeeeeeeeee
/data3fast/users/mbermudez/de_02/TFGDataset/img/T2_1064.png|deee e     e e  eee eeee  e e eee   ee   eeee eeeeeeee   eee     ee  e eeeeeeeee   eeeeeee  e eeeeeeeeeeeeeeeeeeeeeeeee
/data3fast/users/mbermudez/de_02/TFGDataset/img/T2_0835.png|eeeeee          eeee    e eee  eeeeee  e  eeeee   e e eeeeee eee eee  ee eeeeee  eeeeeeeeeeee eeeeeeeeeeeeeee   e    ee
/data3fast/users/mbermudez/de_02/TFGDataset/img/T2_1075.png|deeeeeeeeee     ee   eee     eeeeeeeeee eeee      e eeeeeeeeeeeeee  eeeeeeeee eeee     eee   eee  e eeeeeeee eeeeeeee  
/data3fast/users/mbermudez/de_02/TFGDataset/img/T2_0922.png|deee         eeeee  e    ee  ee  eeeeeeeeeeee eeeeeeeeeeeee ee e eeeeeee eeee  e  e eeeeeee    eeeeeeeeeeeeeee e eeeeee
/data3fast/users/mbermudez/de_02/TFGDataset/img/T2_0369.png|eeeee       ee      eeee eeeeee    eeeeeeeeee   ee eeeeee      eeeeee  eeee eeeeee eeeeeee eeee eeeeeee   eee eeeeee ee
/data3fast/users/mbermudez/de_02/TFGDataset/img/T2_0252.png|eeeeee   e   e   e  e  eeeeeeeeeee  eeee      e eeee eeeeeeeeeeeee eeeeeeeeeeeeeeeeeeeeee eeeeeee eee ee   ee e eeee ee
/data3fast/users/mbermudez/de_02/TFGDataset/img/T2_0799.png|eeeeeee  e   e e  e  e  eeeeee  e eeeee eeeee eee ee eeee e   eeeee eeeeeeeeeeeeeee  eeee eeeeee  eeeeeeeeeeeeeeeeeeeee
/data3fast/users/mbermudez/de_02/TFGDataset/img/T2_0222.png|deeee      eeeee    e eeeeee eeeeeeeeeeeee ee  eeeeeeeeee      eeeeee  eeee  e eeeeeeeeee eeeeeee  e  e   eeeeeeeeeeeee
/data3fast/users/mbermudez/de_02/TFGDataset/img/T2_1500.png|deee     eee     ee   eeeee    eeeeeeeeeeeeeeee eeeeeeeee  eeeeeeeee eeeeeeeeeeeeeeeeee eeeeee    eeeeeeeeeeeeee eeee e
/data3fast/users/mbermudez/de_02/TFGDataset/img/T2_0921.png|eeee           ee  e  e e       eeeeeeeeeeeeeeeee  eeeeeeeeeeeee  eeee  ee  ee   ee   eeeee eeeeeeeee    eeeee  eeeeeee
/data3fast/users/mbermudez/de_02/TFGDataset/img/T2_1223.png|deee e           eeeeeeee eeeee eee ee      eee eeeeee e eeeeeeee eeee e  ee    ee ee ee   eeeeeeeeeee e  eeeee ee eeee
/data3fast/users/mbermudez/de_02/TFGDataset/img/T2_0992.png|deee      eeeee  ee e ee eeee        e     eeeeeeeee     ee eeeeeeeee   eeeeeeeeeeeee  eeee   eeeeeeeeeeee eeeeeeeeeeee
/data3fast/users/mbermudez/de_02/TFGDataset/img/T2_1035.png|deeee     e  eeeee    eeeeee     eee    e eeeee ee  eee eee   eeeeeeeeee eeee ee eeeee eee   e eeeee  eeee eeeee eeeeee
/data3fast/users/mbermudez/de_02/TFGDataset/img/T2_0730.png|eeeee     e      e e e  e eeeee  eeeee  eeeee e eee   e  eeee eeeeeeee   eeeeeeeeeeeee  eeeeeeeee e eeeeeeee  eeeeeeeee
/data3fast/users/mbermudez/de_02/TFGDataset/img/T2_0350.png|deeee   e e      eee eeeeeeeeeeeeeeee ee    ee  ee eeee eeee  ee  eee  eeeeeeeeeeeeeeee    eeeeeeeeeeeeeeeeeeeeee   eee
/data3fast/users/mbermudez/de_02/TFGDataset/img/T2_1347.png|deeeee e         e eeeeeee e  eeee  eeeeeeee ee ee   ee  eeeeeeeeee e    eeeeeeeee    eeeeeeeeeeee e  ee eeee eeeeeeeee
/data3fast/users/mbermudez/de_02/TFGDataset/img/T2_1030.png|deee  e eeee  e  eeee eeeee eeeeee eee e eeeeee eeeeeee e eeeeee  eeeeeeeee   eeeeeeeeeeeeeeeeeeeeeeeeeeeeeee e  e ee e
/data3fast/users/mbermudez/de_02/TFGDataset/img/T2_1352.png|eeee        eeee  eee  eeee eeeeeee       eeee ee   eeeeee e  eeeeee e eee eeeeeeeeeeeeee e  eeee  ee  eeeeeeeeeeeee e 
/data3fast/users/mbermudez/de_02/TFGDataset/img/T2_0563.png|eeeee e eee  e   eeee eeeee    eeeeeeeeeee eeeeeeee eeee    e    eeee eeeeeeee eeee    eeeee  eeeeeee ee eeeeeeee eeeee
/data3fast/users/mbermudez/de_02/TFGDataset/img/T2_0058.png|deeee    ee   e  eeeeeeeeeeee   ee   eeeeeeeee  eeeeee    e   eeeeeeeeeeeee  eee ee     e e eeeeeeeeeeeeeeeeeeeeeeeeeee
/data3fast/users/mbermudez/de_02/TFGDataset/img/T2_1329.png|deeeee ee  ee e     eeeeeee ee    eee  eeeeee   ee eeeeeeeeeeeeee eeeeee eeeeee  eee eeeeeeeeeeeee  eee ee  eeeeeeeee e
/data3fast/users/mbermudez/de_02/TFGDataset/img/T2_0518.png|eeeeeeee     ee       e eeeeeeeeeeee       eeee eeeeeeeee eeeeee eeeee       eeeee eeeeeeeeeee e     eee eeeeeeeeeeeee 
/data3fast/users/mbermudez/de_02/TFGDataset/img/T2_0625.png|deee e      e e e  e eeee   e eee  e e   e  eee  eeeeeee   ee    ee  eeeeeeeee ee eeeee  eeeeeeeeeeeeeeeee e  eeeeeeeee
/data3fast/users/mbermudez/de_02/TFGDataset/img/T2_1294.png|eeeeee  ee          eeeee ee  eeeeee eeeeeeeeee eeee eeeee  e  eee  eeeeeeeeee  e eeeeeeeee eeeeeee eeeeeeeeeeeee    ee
/data3fast/users/mbermudez/de_02/TFGDataset/img/T2_1287.png|eeee e ee e ee   eeee ee     eeee  ee  eeee  e eeeeee  eee  eeeeeeeeeee     eeeeeee  eeee eeeeeeeeeeeeeeeee  ee eeeeeee
/data3fast/users/mbermudez/de_02/TFGDataset/img/T2_1040.png|eeee          eeee                e ee e  eeeeeee    eeee eeeeeee eeeeeeeeeeeee   eeeeeeeeeeeeeeee eee   ee eeeeeeeeeee
/data3fast/users/mbermudez/de_02/TFGDataset/img/T2_1390.png|deeee     eeeee  e eeeeee  eeeee eeeeeee  eeeee ee e ee    eeeeeeee ee eeeeee e eeeeee  eeeee  ee  eeeeeeeee ee  eeee  
/data3fast/users/mbermudez/de_02/TFGDataset/img/T2_1242.png|deeee        e  eeeee eeeeee ee   eee eeeeeeeeee    eeeeeee e eeee eeee e eeeeeeeeeeeeeeeeeeee    eeeee  e e ee   eeeee
/data3fast/users/mbermudez/de_02/TFGDataset/img/T2_1338.png|deeeee          eeee e eee e   e    eeeeeeeee  eeeeeee  eeeeeeeeeee  e      eee  eeeeeeeeeeeeeeeeeeeeeeeeeee eeeeeee  e
/data3fast/users/mbermudez/de_02/TFGDataset/img/T2_0965.png|dee       e    e ee e eeeeeeeeee     eeee     ee      e    e  e ee  ee eeeeeeeeeeee eeeeeeee        eeeeeeeee    eeee  
/data3fast/users/mbermudez/de_02/TFGDataset/img/T2_0976.png|deeeee e   e       eeeeeee e e ee   eeeee     eeeeeeeeee eeeeeeeeeeee eeeeeeee    eee ee  eeeeeee eeeeeee  eeeeeeeeeeee
/data3fast/users/mbermudez/de_02/TFGDataset/img/T2_1361.png|deee    eeee    eee  eeeee      ee    eeeeeeeeeeeeeeee     eeeeeeeeeee eee    eeeee eeeeeeee  e  eeee   e   e eee  eeee
/data3fast/users/mbermudez/de_02/TFGDataset/img/T2_1263.png|deeeee e   e          eeee eeeeeeeeeee ee eeee ee e e e e   eee      e    eeeeeeeeeeeeee    eeeeee  eeeeeeeeee ee  eeee
/data3fast/users/mbermudez/de_02/TFGDataset/img/T2_0135.png|deeeeeee  e  eeeee  ee e    e        eeeeeee eeeee eeeeeeee eeeeeeeeeeeeeeeeeeeeeeee   ee  e eeeeeeeeeeeee eeeeeeeeeeee
/data3fast/users/mbermudez/de_02/TFGDataset/img/T2_1066.png|eeee     ee e  eeeeee  eeeeeeeeeeee e    eeeeee      e eee e  eeeeeeeeeeeeeeeee    eeeeeee eeeeeeeee eeeeeeeeeeee ee e 
/data3fast/users/mbermudez/de_02/TFGDataset/img/T2_0808.png|deeeeeeeee  eeeeee     eeeeeeeee  eeeeeeeeee eee eeeeee  ee   eeee eee  ee   ee     e e   eeeeeeeeeeeeeeeeeee eeee  eee
/data3fast/users/mbermudez/de_02/TFGDataset/img/T2_0151.png|deee   e   eeee    ee e ee   eeee eeee eeeeeeeeeee  eeeee  e eeeeeeee eeeeee eeeeeeeeeeeeeeeeeeeeee  e eeeeeeee eeeee e
/data3fast/users/mbermudez/de_02/TFGDataset/img/T2_1015.png|deee     eee eeeeee       e     ee e eeeeeee e eeeeeeeee eeee e    e  eeeeeeeeeeeeeeee eeee eeeeeee    ee   eeeeeee eee
/data3fast/users/mbermudez/de_02/TFGDataset/img/T2_1048.png|deeee e         e     ee eeee  ee ee ee  eeeeee  eeeeee eeeeeeee   eeeeeeeeeeeeeeeeeeeeeee e eeeeeeee ee  eeeeeee  eeee
/data3fast/users/mbermudez/de_02/TFGDataset/img/T2_0668.png|eeeeeee e ee e eeee    eeeeeeeeeeee eeeeeeeeeeee   ee ee  eeeee eeee  eeeeeeeeeeeeeeeeeee e eeeeeeeee eeee eeeeeeeeeeee
/data3fast/users/mbermudez/de_02/TFGDataset/img/T2_0401.png|deeeeee       e   e e    eeeeeeeee  eee    e ee eeeeeeeeeee      eeeeeeeeeeeeeeeeeeeeeeeee  ee  ee  e eeeeeeeeee   eeee
/data3fast/users/mbermudez/de_02/TFGDataset/img/T2_1348.png|deeeee        eeeee eeeeeeeeee e ee  eeeee eeee  eeeee  eeeeee ee eeeeee eeee e eeee eee    eeee ee e e eeeeee  eeeeeee
/data3fast/users/mbermudez/de_02/TFGDataset/img/T2_1303.png|deee         eeee         ee   eee eeee ee ee    e eeee   eeeeee eeeeee e eeeeeeeeeeee e eeeeeee e eeeeeeee  eeeeeee   
/data3fast/users/mbermudez/de_02/TFGDataset/img/T2_0698.png|deee     e       ee    eeeeeeeeee ee  eeee  e e  eeeee   eeeeeeeeee           eeeeee e eeeeeeeeeeeee   eeeeeeeee eeeeee
/data3fast/users/mbermudez/de_02/TFGDataset/img/T2_0435.png|deee e      e e e e e    eee     eeee   eeeee     e     eee  eeeee  eeeee  eeee eeee eeeeeeee eeee   ee      e ee  e  e
/data3fast/users/mbermudez/de_02/TFGDataset/img/T2_0905.png|eeeeeeee         e e     e    ee      ee eeee   eeeeeeeeeeeeeeeeeee e   ee eeeeeeee e eeee eeeeeeee eeeee eee eeee  e e
/data3fast/users/mbermudez/de_02/TFGDataset/img/T2_1116.png|eeeeee ee   eee ee e eeeee eeeee eeeeee   ee ee  e ee e ee eeeeee eeeeeeeeeee  eeeeeeeeeeeeeeeeeeeee eee eeeeeee eee  e
/data3fast/users/mbermudez/de_02/TFGDataset/img/T2_0413.png|deee e        ee eeeeeeee   eee eeeee e    eeeeee  ee   e eeeee    eeeeee eee eeeeeeeeeeeeeeeeeeeeeeeeeeeeee eeeeeeeeee
/data3fast/users/mbermudez/de_02/TFGDataset/img/T2_0400.png|deee         eeee    eeeeeeeeeee     eeee eeeeeeee eee  eeeeee     eeee  eeeeeeeee eeeee  eeeeeeeeee  eeeeeeeeeee e  ee
/data3fast/users/mbermudez/de_02/TFGDataset/img/T2_1051.png|deeeee    eee eeeeee    ee eeee    ee     eeeeeeeeeeeeeeeeeeeeeeeeee eee ee    e eeee  e e   eeeeee      eeeeeee eeeee 
/data3fast/users/mbermudez/de_02/TFGDataset/img/T2_0090.png|deeee    e e      ee   e ee    e eeeee eeeee    eeeeeeeeee  eeeeeeeeee eeeee eeeeeee eeeee    eee      eeee  e eee  eee
/data3fast/users/mbermudez/de_02/TFGDataset/img/T2_0926.png|eeeee  e e eee    e e   eeeeeeeeeeee e eeeeeeeeeeeeeeeeeeeeeeeeeeeee eeeeeeeeeeeeeeeee eeeee  eeeeee   eeee eeeeeeeeeee
/data3fast/users/mbermudez/de_02/TFGDataset/img/T2_0448.png|eeeee                      ee  eee   eee  e eeee   eeeeeeee eeee e  eeeeeeee eeeeee e e eeee eeeee eeeeeeeeee e  e eeee
/data3fast/users/mbermudez/de_02/TFGDataset/img/T2_0716.png|deee        e eeee    e ee e   eeeeeeeeee   e  eeeeee e  eeeeeeeeeeeeeeeeeeeeee eeeee ee   e  e    e eeee eeeeee   ee e
/data3fast/users/mbermudez/de_02/TFGDataset/img/T2_0144.png|deeeeee      eee   eeeee   eee      eeeeeeeeee    eeeee   eeeeeeeeeeee  eeee   e e    eee   e e eeeeeeeeee eeeee eeeeee
/data3fast/users/mbermudez/de_02/TFGDataset/img/T2_0583.png|eeeee  eee  e eeee eeeeeeeeee eee e e    e eee eeee ee eeeeeeeee  eeeeeeeeeeeee   eee eee   eeeeeeeeeeeeeeee  eeeeeeeee
/data3fast/users/mbermudez/de_02/TFGDataset/img/T2_0552.png|deee            e   e   eeee   e    eeeeee eeee eeee eeeeeeeee e   eeeeeeeeeee eeeeeeeeeeeeeee   eeee ee   e  eee   eee
/data3fast/users/mbermudez/de_02/TFGDataset/img/T2_0437.png|deeeeeeee  eeeeeeeee e  eee  eeee     e eeee  eeeeee eee ee eeee ee eeeeeeeeeeeee   eeeee eeee  eeeeee  e eeeee    e   
/data3fast/users/mbermudez/de_02/TFGDataset/img/T2_1430.png|dee    e  ee   e    e ee eeee    e  eeeee ee ee eeeeeeeeeeeee ee    eee  eeeeeeee eeeeee ee eeeeeeeeeeee e eeeee   eee 
/data3fast/users/mbermudez/de_02/TFGDataset/img/T2_0710.png|deeee    ee         ee e eeeeeeee  eeeeeeeeee   eee  eee eeeee   eeeeeeee     e eeeeeee ee eeeeee  eeeeeeee    ee eeee 
/data3fast/users/mbermudez/de_02/TFGDataset/img/T2_1201.png|deeeeeeeee  eeeeee       e    eee  eeee eee      eee e eeeeeeee e eeeeeee eeeeeeeeeeeeee    eeeee eee eeeee  e eeeee ee
/data3fast/users/mbermudez/de_02/TFGDataset/img/T2_0642.png|deee     ee   eeeeeeeeeeeee   ee eeeeeeee  eeee   eee    eee ee  eeeeeeee   eeeeeeeeee  eeeeeeeeee e  eeeeeeeeeeeeeeeee
/data3fast/users/mbermudez/de_02/TFGDataset/img/T2_1478.png|deeee eeeeee ee    e e   eee   ee   e   ee    eee eeeee  ee    eeeeeee    eeee   eeeeeeee      ee   ee    ee  e  ee    
/data3fast/users/mbermudez/de_02/TFGDataset/img/T2_1071.png|eeeeee    eeeeee  e   ee  eeeeee e eee eeeee ee     e ee eeeee e    eeeeeee eeeeeeee ee  eeeeeeeeeee  ee    eee eee eee
/data3fast/users/mbermudez/de_02/TFGDataset/img/T2_1146.png|deeee  eeee eeee    e eeeeeeeeeee   e eeeeeeee   ee ee eeeeeeeeeeeeeeee eeeeeeeeeeeeeee   eee  e  ee eeee ee eeeee eee 
/data3fast/users/mbermudez/de_02/TFGDataset/img/T2_1416.png|deeee    eeeeeee eeeeeeeee      eeeeeeeeeee   eeeeeeeeee   ee   e ee     eeeeeeee ee  eeeeeeeeee eeeeeeeeeeeee    eeeee
/data3fast/users/mbermudez/de_02/TFGDataset/img/T2_0260.png|deeeeee           ee  e     eeeeeee  e     e ee eeee e eeeeeeeeeeeeee eeeeee eeeeeeeeeeeeeeeeeee  eeee e  eee   e  ee e
/data3fast/users/mbermudez/de_02/TFGDataset/img/T2_1336.png|eeee           ee eee e  ee eee  e eeee eeeeeeee  ee    eeee eeeeeeeee ee e  eeeeeee    eeeeeeeeeee     ee ee eeeeeeeee
/data3fast/users/mbermudez/de_02/TFGDataset/img/T2_1439.png|eeee ee  e    eeeeee e eee     eee    ee eee    eeee  ee eeeeee eeeeeeeeeeeee eee eeee eeeee   eeeeeeeee eeeeeee  e    
/data3fast/users/mbermudez/de_02/TFGDataset/img/T2_1165.png|deeeeeeee   eee   e  eee eee   e   eeeee       eeeee    eeeeeeeeee    eeeeee eeee    eeee e  ee     eeeeeeeeeeeeeeeeeee
/data3fast/users/mbermudez/de_02/TFGDataset/img/T2_0643.png|deeeee          e  eee eeeeeeeeeee  eeeeeeeeeeee eeeeeeeeeeeeee eee  e e eee   eeeeeeeee  eeeeeeeeeee  eeeeeeeeeee    e
/data3fast/users/mbermudez/de_02/TFGDataset/img/T2_1063.png|deeeeee              e eee e eee    eeeeeeee  ee eeeeeeeee   eeeeeeeeeee e eeeeeee  eeee  eeeeeee e   e  ee e eeeeeeeee
/data3fast/users/mbermudez/de_02/TFGDataset/img/T2_0228.png|eeeee   e e    e  eee   ee eeeeee  eeee   eee    eeeeeeeeeeeeeee  eee eeeeee   ee eeee  eeeeeeee  eeeeee eeeeee eeeeee 
/data3fast/users/mbermudez/de_02/TFGDataset/img/T2_1076.png|deeee             e    e eeee e        ee    eeeeee     eeeeeeeeee  ee   eee eeeeeeee eeeeeeeee   eeeeeeeeee eeeeeeeeee
/data3fast/users/mbermudez/de_02/TFGDataset/img/T2_1484.png|deee   e      eee       eeee eeeee   ee     e   eeee ee e  e e  eeeee e eeeeee    ee eee  eeeee ee    e e  e ee eeeeeee
/data3fast/users/mbermudez/de_02/TFGDataset/img/T2_1310.png|dee     eeee       e    eeeeee    ee eeee     e e   eeeeeee e ee  e eeeeeeeee  eeeeeee eeeeeeeeeeeeeeeeee   eeeeeeeee  
/data3fast/users/mbermudez/de_02/TFGDataset/img/T2_0111.png|deeee    e  eeee    e  eeee eeeeee     eee eeeee    e eeee ee       eeeee     ee eee eeeeeeeeeeeeeeeee eeeee  eee  eeee
/data3fast/users/mbermudez/de_02/TFGDataset/img/T2_0632.png|deeeee e            eee      eeee   e   e   ee   ee eee eeeeeeeeeeeee  eeeeeeee ee eeeeeeeeeeee  eeeeeeeeee  eee    eee
/data3fast/users/mbermudez/de_02/TFGDataset/img/T2_1467.png|dee  e  e ee   e   eeee    eeeeee     eeeeeee  eeee    ee  e   ee eeee ee e eeee  eeee     eeeeeeeee eeeeeeee       e e
/data3fast/users/mbermudez/de_02/TFGDataset/img/T2_1289.png|eeeee    eeeeeeee    ee     eeeee ee eee ee e  eeeeeeeeee e eeeeeee    e  e   ee eee eeeeee eeeeee  eeeee e ee   eee  e
/data3fast/users/mbermudez/de_02/TFGDataset/img/T2_0614.png|deeeeeeee       e e  e  eeee eeeee      e eeeee  e   eee  eeee      eeeeeeeee eeeee   eeeeee eee   e eee eeee   eeeeeee
/data3fast/users/mbermudez/de_02/TFGDataset/img/T2_1200.png|#          eeee       ee          ee       e eeee    ee ee e ee     eeee    eeeee     eeee   e eeee    eeeeeeee      ee
/data3fast/users/mbermudez/de_02/TFGDataset/img/T2_1408.png|#     e     eee eee    eeeeeeee   e    e  eeeeeeeee  e eeee  eee eee  ee eeeeeeee  eeee   eeeeeeeeeeeee eeeeeee eeeeeee
/data3fast/users/mbermudez/de_02/TFGDataset/img/T2_0792.png|deeee     eeeeeeeeeee e      eeeee   e    ee   eee  ee eeeeeeee   e     eeeeeeeeee e   eeeee eeee   eeeeeeeeeeeeeeeeeee
/data3fast/users/mbermudez/de_02/TFGDataset/img/T2_0541.png|eeeee            eeee  ee eee eeeee      e    eeeee e e ee eeeee  ee eeeeeeeeeeeeeeeeeee  e eeeee   eeeeeee      eeeeee
/data3fast/users/mbermudez/de_02/TFGDataset/img/T2_0509.png|deee     e     ee          e   e eeeeeeeeee  e   ee e    ee e         eeee eeeeeeee  eeeeee   e eeeeeeeee eee eeeee  ee
/data3fast/users/mbermudez/de_02/TFGDataset/img/T2_0519.png|eeee            eeeeee     eeeeee  eeeeeeee eeeee  eeeeeeeeeee eeeeeeee eeeeeee eee e e  e eeeeeeeee ee      eeeeeeeeee
/data3fast/users/mbermudez/de_02/TFGDataset/img/T2_1372.png|deee                eeee e  eee  ee e  eeeeeeee e   ee eeee eeeeee  e  eeeee eeee   eeeeeeeee    e eeeeeeee     e eeee 
/data3fast/users/mbermudez/de_02/TFGDataset/img/T2_1407.png|deeee           e eeeeeeeee     ee eeee    eeeeeee eee eeeee     eeee   eeeeee   eee eeeee  e ee  e ee eeeeeeeeeeeeeeee
/data3fast/users/mbermudez/de_02/TFGDataset/img/T2_1293.png|deeee           e  e eeeeee ee       eeee  ee e  eee    eeeeee   ee    eee  e     eeeeeeeeee ee ee eeee eeeeeeeeeee   e
/data3fast/users/mbermudez/de_02/TFGDataset/img/T2_0290.png|deeeee      e     ee ee  e  eeeee   eee   e     eeeeeeee   eeeeeee  eeee eee ee eeeee     eeeeeeeeeeeeee     e eee  e  
/data3fast/users/mbermudez/de_02/TFGDataset/img/T2_0062.png|deeee e      e     e e  e eeee   e    eeeee  e  eeee eeeee eeee  eeeeeeeeeeee  eeeeeee  e eee ee eeeee ee eeeeeee    ee
/data3fast/users/mbermudez/de_02/TFGDataset/img/T2_1070.png|deee e     e ee e    e e ee  e e eeee  eeeeeeeeeeeeeee eeeeeee    eeeeeeeeeeeee  e  e  eeeeeeeeeee e  ee eee  eeeeeeeee
/data3fast/users/mbermudez/de_02/TFGDataset/img/T2_0999.png|deeeee   eeeee   eee    e   e eee ee ee      eeeeeeee eeee    e       eeee        e eeee  ee  eeee eeeee   eeeee eeeeee
/data3fast/users/mbermudez/de_02/TFGDataset/img/T2_1497.png|deeeee       e  eee e e   eeeeeeeeeeee ee eeeeeeee eeeeeeeeeee   e    e eeeeee eeeeeee  eeee eeeeeeeeeee eeeeeee  eee e
/data3fast/users/mbermudez/de_02/TFGDataset/img/T2_0007.png|deee ee      e  e       e   eee eeee     e   eeeeeeeeeeeeeeeeee  ee ee eee eeeeeeee eeeee   eee   e  e  eeeeeeeee e e e
/data3fast/users/mbermudez/de_02/TFGDataset/img/T2_0096.png|deeeeeee      eeeeeee   eee      eee  eeeeeee  e e      eeeee  eeeeeeeee   eeeeeeee eeeeeee e ee e  eeeeeeeeeeeeeeeeeee
/data3fast/users/mbermudez/de_02/TFGDataset/img/T2_0695.png|dee  ee      e  ee eeee ee   e  ee   e   eeee eeeeeeeeeeeeeeeeeeee    eeeeeeeee  eeeee  eeeeee   ee       eeeeeeeeeee  
/data3fast/users/mbermudez/de_02/TFGDataset/img/T2_0492.png|deeeee     eeeeee ee  eeeeeeee eee eeee ee    eee e eee eee  ee  eeeee eeeeee      e      eeeeee eeeeeeee e eeeee e   e
/data3fast/users/mbermudez/de_02/TFGDataset/img/T2_0405.png|dee       e e  ee eeeeeee ee  e     eee    e ee   e    ee e  eee ee eeeeeeeeeeeeee eeeeeeeee      e eeee  ee eeeee  eee
/data3fast/users/mbermudez/de_02/TFGDataset/img/T2_0623.png|deee        eeeeee eeeeee eeeeee e     ee     eeeeeee eeeeeee   eeeee eeeeeee  e      eeeeee    eeeee eee e  eee e  e e
/data3fast/users/mbermudez/de_02/TFGDataset/img/T2_1230.png|deeee               eeee e ee   eee   e  eeeee  eeeeeeeee    e   eeeeeeeeeeeeee   e   eeeeeee eee eeeeeeeeee   eeeeeeee
/data3fast/users/mbermudez/de_02/TFGDataset/img/T2_0604.png|eeee ee   ee ee  e    ee   eee e eeeeeee ee  ee   e eeeee   ee eeeee  eeee eeeeeeeee eeeee     eeeeeee ee  e eeee  ee e
/data3fast/users/mbermudez/de_02/TFGDataset/img/T2_0708.png|deee        eeeeeee eeee    eeeee  eeeeeeeeee  eeeee  e eeeeeeeee  eee e  eee  ee      eeeeeeeeeeeeeeee  eeeee eeee   e
/data3fast/users/mbermudez/de_02/TFGDataset/img/T2_0139.png|eeee  e     ee eeee  e ee    eeeeee eeeeeeee     eeeeeeeeeeeeeee   e          e eeee eee       eeee eeeeeeee eeee eeeee
/data3fast/users/mbermudez/de_02/TFGDataset/img/T2_0003.png|deee e   e ee e    eeeeeeeeeeee  ee  eeee    eeeee ee   eeee  eeeee ee  e  eeeeee e eeee   eeee e  eeeeee   eeeeeee e e
/data3fast/users/mbermudez/de_02/TFGDataset/img/T2_0871.png|deeee eeeee    e  eeeeeeee eeee      eeeeeeeeeeee   eeee eeee    eeeeeee   e e eeee  ee   eeee ee  eeeeeeeeee eeeeeeeee
/data3fast/users/mbermudez/de_02/TFGDataset/img/T2_0891.png|eeeeee    e  eee   e eeeeeee ee eee        eeee  e   eee ee eeeee        ee    eeeeeeeee  eeeeeeeeee  eeee  eee  eeeeee
/data3fast/users/mbermudez/de_02/TFGDataset/img/T2_0066.png|deee e       e   e  ee    e e ee eeeeeeeeee eeeeeeeeee e  eee ee eeeeee eee eeee eeeeeeeeeeeeeeeeeeeee   e eeeeeeeee   
/data3fast/users/mbermudez/de_02/TFGDataset/img/T2_0687.png|deee       e  e  eee      e e   eeeeeeeeee eeeeeeee  eeee eeee  e       eeee     eeeeee  eeeeeeeeee e  eeee  ee   ee ee
/data3fast/users/mbermudez/de_02/TFGDataset/img/T2_1322.png|deeee   e      e   eeeeeeeeeeee eeeee  eeee e eeee  eee   eee ee eeee     e eeeeeeee ee  e eeeeeee     e  eeee  eeeeeee
/data3fast/users/mbermudez/de_02/TFGDataset/img/T2_1459.png|eeeee e ee   eee e   eeeeeee    eeeeeeeeeeee    e   eeeeeeeeeee eeeee      eeeeeeeeee eeeeeeee eee  eeeeee  eeee eeee e
/data3fast/users/mbermudez/de_02/TFGDataset/img/T2_0737.png|eeeeeee           eee eeeee eee  eeeeeeee      eeeee eeeeee eeeeeeeeeeeeeeeeeeeeeeeeeeeee ee    ee eeeee    eeeeeeeeee 
/data3fast/users/mbermudez/de_02/TFGDataset/img/T2_0866.png|deee e eee   ee      e  eee eeee   eee  eeee    e    eee ee eeeeeee   eeeeeee    ee ee eeeeeeeee eeee     eeeeeeeeeeeee
/data3fast/users/mbermudez/de_02/TFGDataset/img/T2_0078.png|deeee            eeee ee   eeee eeeeeeeeeeeeeee eee  eeeeee  eeeee eeee  e eee eeeeeee  eee ee  eeeeeeeeee e eeeeeeeeee
/data3fast/users/mbermudez/de_02/TFGDataset/img/T2_0911.png|de e     e     eeeee  e         eeeeeeee  e eeeeeeeeeeee e e   eeeeeeeeeeeeeeeeee  e eee   e ee  eeee   ee e ee    eeee
/data3fast/users/mbermudez/de_02/TFGDataset/img/T2_0621.png|deeeeee e     e   eeee  ee      eeeeeeee e e eeeeeee    eee e   eeee    eeeeeeeeeeeeeeeeeee  e  eeeeeee eeeeeeeeeee ee 
/data3fast/users/mbermudez/de_02/TFGDataset/img/T2_0773.png|deeee e     eeee e          e    ee    eeeee eeeeeeeeeeee   ee    eeeeeeeeeeeeeeeeee eeeeee   eeeeeeeeeeee eeeeeeeeeeee
/data3fast/users/mbermudez/de_02/TFGDataset/img/T2_0184.png|#          eeee  eee     e   eee    eee eeee    eeeeeeeeeeeeeee   eeeee  eeeeee eeee  eeeeeeeeeeeeeeeeeeeeeeeeeeeeeee  
/data3fast/users/mbermudez/de_02/TFGDataset/img/T2_0041.png|eeeee     e eeee   ee    eeeeeeeeeeee  eeeeeeeeee eeeeeeeeeeee    eee eee e eeeeeeeee eee    eeee  e e eeeeeeeeee eee e
/data3fast/users/mbermudez/de_02/TFGDataset/img/T2_1145.png|deeee        e    e  e   ee ee eeeeeee    e   eeeeeee  e eeeeeeee   eeeeeeeeeeee   ee eeeee    eeeeeee ee e  eee eeeeee
/data3fast/users/mbermudez/de_02/TFGDataset/img/T2_1269.png|deeeee   eee   ee     ee e eeee eee eee   e  eeee eeeeee eeee eeee  e       eeee eeeeeeeeeeeeeeeeee e eeeee    eeeeeeee
/data3fast/users/mbermudez/de_02/TFGDataset/img/T2_1341.png|eeeee    e   e   eeee  e   eeeeeeeee   eeeee eeeeeeeeeeeeeeeeeeeeeeeeeeeeeeee  e ee  eeeeeeeeeeeeeeee  e eeeeeee  eeeee
/data3fast/users/mbermudez/de_02/TFGDataset/img/T2_1168.png|deeee e  e      eeee   eee        e  eee   eeeee  eeeeeee e   eeeeeeee eeeeeee eeeee  eee    eeeeeeeeeeeeeeeeeeeeeeee e
/data3fast/users/mbermudez/de_02/TFGDataset/img/T2_0941.png|deeeeeee e   e  eee   e e  eeeeeeee eee eeee eeeeeeeeeeeeeeeeeeeeeeeeee   eeeeeeeeee   eeeee e e   eeeee e eeeeeeeeeeee
/data3fast/users/mbermudez/de_02/TFGDataset/img/T2_1340.png|eeee  eeee       e  eeee    e    ee   eeeee eeeeee  eeeeeeeeeeee e eee   eeeeeeeeeeee  e e eee ee  eee   eeeeee ee   ee
/data3fast/users/mbermudez/de_02/TFGDataset/img/T2_0351.png|deee    e eee   ee   e  e         eeeeeeeeee eeeeeeeee eee eeee eeeeeeeeeeeeeeeeeeeeeeeeeeeee ee eeeeeeeeeeeeeeeeeeeeee
/data3fast/users/mbermudez/de_02/TFGDataset/img/T2_0124.png|deee  e     e e   e  e     ee  ee   eeeeee ee   eeeeeeeee  eeeeeeeee  eeeeeeeeeee eeeeeeeeeeeeeeeeeeeeeeeeeeeeeeeeeeeee
/data3fast/users/mbermudez/de_02/TFGDataset/img/T2_1198.png|eeeeee e eeee   ee     e e eeeeee  ee  e e  ee eeeee   eeeeeeeeeeeeeeeeeee      e eeeeee  e   eeeeeee  eeeeeee  eeeeee 
/data3fast/users/mbermudez/de_02/TFGDataset/img/T2_0080.png|deee  e   eeee  ee   ee eeeeee ee  ee  eeeeeee eeee e e eeeeee   eeeeeeee eeeeeeeeeeeeeeeeee  eeeee eee eeeeeeeeeeee  e
/data3fast/users/mbermudez/de_02/TFGDataset/img/T2_0033.png|eeee eeee    eeeee ee     eeee eeeeeeeee eee  eeeeee      eee  eeeeeeeeeeeeeeee e     eeeeeeeeeeeeeeeeeeee  e e ee ee  
/data3fast/users/mbermudez/de_02/TFGDataset/img/T2_0206.png|eeeee         eee        eee    eeeeee  eeeeeeeeeeeeee  eeee eeee eeee eeeee    e eeeeeeeeeee   eee eeeeeee  eeeeeeeee 
/data3fast/users/mbermudez/de_02/TFGDataset/img/T2_1431.png|eeeee        ee    eeeeeeeeeee eeeeeeeee  ee eeeeeeeeee e ee eeeee   eeeeeeeeee   eeeeeeeeeeee    eeeeeeeeee eeeeeee ee
/data3fast/users/mbermudez/de_02/TFGDataset/img/T2_1309.png|eeeeee    ee  ee e   ee   eeee  e    eeeeeeee  e      eeeeeeeeeeeeee  eee    e  eeeeeee eee eeeeeeeeeeeeeeeeeeee eeeee 
/data3fast/users/mbermudez/de_02/TFGDataset/img/T2_1317.png|deeee        ee eee    eeee      eeeee   eeeeeeeee eeeeeeeee e    eeeeeeeeeee   eeeeeeeeeeeee    eeeeeeeee eeeeeeeee ee
/data3fast/users/mbermudez/de_02/TFGDataset/img/T2_0606.png|deeeeee     e     eeeee     eeeee  e eeeeeeeeeeeeeeeeeeeee eeeeeee  eeeeeeeeeeeeeeeeeeeee e   eeeeeeee e eee eeeeeeeeee
/data3fast/users/mbermudez/de_02/TFGDataset/img/T2_0657.png|deee ee  ee   ee    eeee ee   ee  eeee e eeeee  eeeeeee ee ee e  eeeeeeee  eeeeeee eeeeeee ee eeeeeeeeee ee e    e eeee
/data3fast/users/mbermudez/de_02/TFGDataset/img/T2_0046.png|deeeee              eee    e eeeeee   eee eeeee e     eeeeeeeee     eeeeeeeeeee eeeeeeeeeeeeeeeeeeee ee eeeeeeeeeeee ee
/data3fast/users/mbermudez/de_02/TFGDataset/img/T2_1008.png|deeee  ee   e eee     ee e   eeeeeee ee eeee e    e eeeeeeeeeeeeeeeee   eeeeeee eeeeeeeeee ee e eeeeeeeeeeeeeeeeeeeeeee
/data3fast/users/mbermudez/de_02/TFGDataset/img/T2_0315.png|eeee      eeeeeee         eee eeeeeeeeee eeeeeeeeeeee      eeeeeee eeee    ee  eeeeeeeeeeee    ee eeeeeeeeeeeeeee eeeee
/data3fast/users/mbermudez/de_02/TFGDataset/img/T2_0370.png|#         e ee eeeeeeeeeeeeeeeeeeeee ee  ee e e eeeeeeeee  eee       eeeeeeeeeeeee e eeee eeeeeeeeeeeeeeeeeeeee eeeeee 
/data3fast/users/mbermudez/de_02/TFGDataset/img/T2_0372.png|deeeee      eeee  ee    e    eeeeeeeeee eeeeeeeeee  eeeeeeeeeeeeeeeeeeeee     eeeeeeee ee  eeeee eeeeeeeeeeeeeeeee eeee
/data3fast/users/mbermudez/de_02/TFGDataset/img/T2_1328.png|deeeee         ee  ee  e e eeee    eeeeeeeeeeee e eee ee eee  eeeeeeeee eeeeeee eeee  e  ee  eeeeeee eeee eee      eeee
/data3fast/users/mbermudez/de_02/TFGDataset/img/T2_0081.png|deeee    e    ee      eeeeeeeeeeeeee eeeeeeee eeeee eeeee eeee  ee eeee  eeeeee  eeeeeeee  eeeeeeeeeee  eeeeeeeeeeeeeee
/data3fast/users/mbermudez/de_02/TFGDataset/img/T2_1495.png|eeeeee         e eee e   eeeeeeeeeeeeeeeeee   e e e eeeee            eeeeeee eeeeeeee e  e ee e e e eeeeeeeeeeeeeeeeee 
/data3fast/users/mbermudez/de_02/TFGDataset/img/T2_0490.png|eeeee  ee   ee eeeeeeeeeee  e  eee eeeee ee  ee eeeeeeeeeeeee e      eeee  eeeee eeeeeeeee eeeeee  e eeeeeeeeeeeeeeeeee
/data3fast/users/mbermudez/de_02/TFGDataset/img/T2_0592.png|deeee   eeee   eeee       eeee  e eeeeeeeeeee  eeeee eeeeeeeeee  e     ee eeeeeeeee   eee ee ee  eeeee   eeeeeeeeeeee e
/data3fast/users/mbermudez/de_02/TFGDataset/img/T2_1427.png|#    eeee      e e e eee    e e eee ee   eee ee    eeee   eeeeee eeee e       eeeeeeeee e eee   eeeeeeee   eee  eeeeeee
/data3fast/users/mbermudez/de_02/TFGDataset/img/T2_1210.png|eeeee         eeeeeeee  eee  e ee eeee  e   eeeeeeeeeee eeeee   eeeeeeeeeeeeeeeeeeeee eeeeeeeeeeeee eeeeeeeeeeee eeeeee
/data3fast/users/mbermudez/de_02/TFGDataset/img/T2_1453.png|#      eeee  e ee     eeeeeeeeee e eeeee    eeeee  e  e  e eeeeeeee  eeeeeeeeeeeeeeeee eee  e  eeeeeee  eeeeeeeeee   e 
/data3fast/users/mbermudez/de_02/TFGDataset/img/T2_1334.png|deeee       ee   e eee eeeeeee  e ee  ee eeeeeeeeee  ee eeeeee e  eeeeeee eeeee   eee eeeeeeee eee  eeeeeeeeeeeeeeeeeee
/data3fast/users/mbermudez/de_02/TFGDataset/img/T2_0776.png|deeee e eee  ee  eee  ee eeeeeeeeeeeeeeeeeeeeeeeeeeeeeeeeeeeeeeeeeeeeee eee  e   eeeeee ee eeeeeeeeeee eeee  eeeeeeeeee
/data3fast/users/mbermudez/de_02/TFGDataset/img/T2_0157.png|eeeee    eee eeeeeee    eeeee eee  eeeee e eeeeeeeeeeeeeeeeeeee    ee eeeeeeee eeeeeeeeeeee ee eeee eee eeeeeeeeeeee ee
/data3fast/users/mbermudez/de_02/TFGDataset/img/T2_0893.png|deeeee     eee eee e   eeeeee   eeee ee e  eeeeeeeeeeeeeee  eeeeeee  eeeeeeeeee eeeeeeeee eeeeeeeeeeeeeeeeee  eee eeeee
/data3fast/users/mbermudez/de_02/TFGDataset/img/T2_1481.png|eeeee     eee    e e eeeeeeeeee     e eeeeeeeeeeeeee    e eeeee eeeeeeeeeeeee eeeeeeeeeeeeee   eeeeeeeeee   eeeeeeeeeee
/data3fast/users/mbermudez/de_02/TFGDataset/img/T2_1156.png|deeeee  e    e    e  eeeeeeee    e eeeee  eeeeeeeeeeeeeee   e eeeeeeeee eeeeeeeee  eeeeeeeeeeee eeeeeeeeeeeeeee eeeeeee
/data3fast/users/mbermudez/de_02/TFGDataset/img/T2_0330.png|eeeee          eeeeeeee  eeeee   eeeeeeeeeeeeeeee   ee ee e  eeeeeeeeee eeeeeeeeeeee eeeeeeeeeeeeeeeeee eeeeeeeeeeeeeee
/data3fast/users/mbermudez/de_02/TFGDataset/img/T2_1002.png|eeeeee e        ee  e ee     eee eeeeee e eeeeee  eee  eeeeeeeeeee  eeeeeeeee eeeee eeeeee e  eeeeeeeeeeeeeeeeeeeeeeeee
/data3fast/users/mbermudez/de_02/TFGDataset/img/T2_1401.png|deeee        eee ee  ee  e e ee         eeeeeeee  ee ee  ee   eee e  eeeeeeee eeeeeeeeeeee ee  eeeeeee  eeeeee eeeeeeee
/data3fast/users/mbermudez/de_02/TFGDataset/img/T2_0738.png|deeee ee   eeeeeeee e  eeeeeeeeeeeee  eeeeeeeeeeeee  eeee       eeeeeeeeeeeeeeeeeeeeeeeeeee eeeeeeeee eeee eeeeeeeeee  
/data3fast/users/mbermudez/de_02/TFGDataset/img/T2_1406.png|eeeeeee eeee        eeee    eeeee e  eeeee  eeeeeeeee eeeeeeeeeeeee  eeeeeeeeeeee eeeee eeee    eeeeeee  eeeeeeeeeeeeee
/data3fast/users/mbermudez/de_02/TFGDataset/img/T2_0542.png|deee  e   eeeee eeee  eeee eee eeee eeeeeeeeeeee eeeee eeeee eee eeeeeeeeeeee eeeeeeeeeeeeeee  e eeeeeeeeeeeeeeeeeeeeee
/data3fast/users/mbermudez/de_02/TFGDataset/img/T2_0897.png|deee     eee  e   eee   eeeeeeeee   eeeee eeeee eeeee eeeeeeeeeeeeeeeeeeeeee eeeeee      eeeeeeee eeeeeeeeee     e eeee
/data3fast/users/mbermudez/de_02/TFGDataset/img/T2_0409.png|eeeee              ee    e  e    eee eeeeeeeeeeeee    e ee    eeee  eee eeeeeeeeeeeeeeeeeeeeee eeeeee eeeeeeeeeeeeee  e
/data3fast/users/mbermudez/de_02/TFGDataset/img/T2_0359.png|deeee  eeeeeeeeeee eee  eeeeeeeeeeeeeeeeeeeeeeeeeeeeeeeeee eeee    eeeee e  e   eeeeeeeeeee  e eeeee eeee eeeeeeeeeeeee
/data3fast/users/mbermudez/de_02/TFGDataset/img/T2_0305.png|deeeee      eee   eeeee  eeee    e  e eeeeeeeeeeeeeee   eeeeeeeeeeeeeeeeeeeeee eeeeeeeeeeeee ee  eeee       eeeeee eeee
/data3fast/users/mbermudez/de_02/TFGDataset/img/T2_0589.png|eeeeeeee     eeeeeee    eeeee  eee eee eeeeeeee eeeeeeeeeeee eeeeeeeeeeeeeeeeeeee eeeeeeeeeeeeeeeeee e   ee eeeeeeeeeee
/data3fast/users/mbermudez/de_02/TFGDataset/img/T2_0531.png|deeee        ee  ee eeeee eeeeee  eeeee eeeeeeeeeeeeeeeeeeeeee eeeeeeeeeeeeeee eeeeeeeeeeeee eeeeeeeeeeeeeeee eeeee    
/data3fast/users/mbermudez/de_02/TFGDataset/img/T2_0678.png|deeeeee          eeeee   eeee  e  eee eeeeeeeeeeeeeee eeeeeee eeeee  eeeeee eeee    eeeeeeeeeeeeeeeeeeeeeeee ee eeeeeee
/data3fast/users/mbermudez/de_02/TFGDataset/img/T2_1058.png|eeeeee  eeeee  eee   e eeeeeeee eeeeee  eeeeeeeeeeeeeeeeeeeeeeeeeeeeee eee  eeeeeeeeee    eeee eeeeeee e eeeeeee   e e 
/data3fast/users/mbermudez/de_02/TFGDataset/img/T2_1301.png|deeeee    eeee  eee eeee   e   eeeeee   eeee e eeeeeeeeeeeeeeeeeeee  eeeeeeeeee   eeeeeeeeeeeeeeeeeeee eeeeee eeeeeeeee
/data3fast/users/mbermudez/de_02/TFGDataset/img/T2_1246.png|deeee ee        eeeeee  eeeeeeee e  e  eeeeeeeeeeeeee e  e eeeeeeeeeeeeeeeeeeeee  eeeeeeeeeeeeee  eeeeeeeeeeeeeeeeeeeee
/data3fast/users/mbermudez/de_02/TFGDataset/img/T2_0203.png|eeeeeee eeee     eee  eeeeeeee e    eeee   eeeeeeee  eeee eeeeeeeeeeeeeee  eeee   eeeeeeeeeeeeee e  eeee eeeeeeeee eeee
/data3fast/users/mbermudez/de_02/TFGDataset/img/T2_0659.png|deeee        eeee e  eeeeeeeeeeeee eeee e eeeeeeeeeeeeeeee eeeeeeeeeeeee eeee  e eee eeeeeee  eeee   eeee eeeeeeeeee  e
/data3fast/users/mbermudez/de_02/TFGDataset/img/T2_1154.png|deee   eeeee   eee   eeeeeeeee eee  eee    eeeeeeeeee ee eeeeee eeee eeeeee  ee eeeeee eeeeeeeeeee eeeeee  eeeeeeeeeeee
/data3fast/users/mbermudez/de_02/TFGDataset/img/T2_1291.png|eeeeeee    eee    eeeeeee  eee eeee ee eee eeeeee  e ee  eeeeeeeeeeeeeeeeeeeeeeeeeeeeee eeeeeeeeeeeeee  eeeeeeeeeeee   
/data3fast/users/mbermudez/de_02/TFGDataset/img/T2_0269.png|deeee    e  eee eee eeee ee  e eee ee  eeeeeeeeeeee  eeeee e  eeeeeeeeeeeeeeeeeee eeee eeee eeeeeeeeeee  eeeeeeeeeeeeee
/data3fast/users/mbermudez/de_02/TFGDataset/img/T2_1445.png|eeeeeee e       e  eee eee eeeee  eeeeeeeee eeeeeeeeeeeeeeeeeeeeeeeeeee   eeeeee eeeeeeeee e eeeeeeeeeeeeeeeeeeeeeeeeee
/data3fast/users/mbermudez/de_02/TFGDataset/img/T2_0540.png|#      eeeeeeee eeee   eeeeee eeee eeeeeeee eeeee  eeeeeeee eeeeeeeeeeeeeeeeeeeeeeeeeeeee eee eeeeeeeeeee  eeeeee e eee
/data3fast/users/mbermudez/de_02/TFGDataset/img/T2_0416.png|eeeeeee e  e    e eee  eeeeeeeeeeeeeeeeee   eeeeeeeeeeeeeeeeeeeeee ee  eeee eee   ee eeeeeeeeeeeeeee  eeeeeeeeeeeeeeeee
/data3fast/users/mbermudez/de_02/TFGDataset/img/T2_1469.png|deeee    eeeeeeee ee ee  ee    e    eeeee   eeeeeee eeeeeeeeeeeeeeeeeee e eeeeeeeee eeeee eeeee  e e eeeeeeeee   eeeeee
/data3fast/users/mbermudez/de_02/TFGDataset/img/T2_1056.png|deeeee  eee    eeeee   eee   ee  eeeeee    eeeeeeeeeeeee  eeeeeeeeeeeeeeee e  e eeeeeeeeeeeeeeeee eeeeeeeeeeeeeeeeeeeee
/data3fast/users/mbermudez/de_02/TFGDataset/img/T2_0955.png|eeeeeeeeeee      eeeee eee       eeee eee eeeeeeeee eeeeeeeeeeeeeeeeeeeeeeeeeee eeeeeeeeeeeeeeeeeeeeeeeeeeeeeeeeeeeeeee
/data3fast/users/mbermudez/de_02/TFGDataset/img/T2_0270.png|deeee  eee   eeeeeeeeee    eee eeeee eeeeeeee   eeeee e  eeeeeeeee e eee   e eeeeeeeeeeeee eeeeee eeeeeeeeeeeeeeeeeeeee
/data3fast/users/mbermudez/de_02/TFGDataset/img/T2_0761.png|deeeeee    e eeeeeeeeeeeeeeeeeeeee e   ee  e eeeeeeeeeeee eee e  eeeeeeeeeeeeeeeeeee  e  eeeeeeeeeee  e eee  e eeeeeeee
/data3fast/users/mbermudez/de_02/TFGDataset/img/T2_0582.png|eeeeeeeeeee e    e ee    ee e   ee   eeeeeeeeeeeee  eeee eeeeeee  eeeeeeeeeeeeee ee   eeeeeeeeeeeeeeee ee eeeeeeeeeeeee
/data3fast/users/mbermudez/de_02/TFGDataset/img/T2_0043.png|deeee      e eeeeeeee ee  eeeeeeee e eeeeeeeeeeeeeeeeeeee  eeeeeeeeeeeeeeeeeeeee eeeeee  eeeeeeeeeeeeeeeeeeeeeeeeeeeeee
/data3fast/users/mbermudez/de_02/TFGDataset/img/T2_1360.png|deeee e e   e   eeeeee   eeeeeeee eeeeeeee eeeeeeeeeeeeeeeeeeee eee e eeeeeee eeeee eeeeeeeeee  eeeeeeeeee eeeeeeeeeeee
/data3fast/users/mbermudez/de_02/TFGDataset/img/T2_0026.png|deeeee    e         eeeeeeeeee   eeeeeeeeeeee     eeeeeeeeeeeeeeeeeee  eeeeeeeeeeeeeeeeeeeeeeee  eeeeee     eeeeeeeeeee
/data3fast/users/mbermudez/de_02/TFGDataset/img/T2_0607.png|deeeee   eee   e eee   e eeeeeeeee  e e eee eeeeeee  eeeeeeee eeeeeeeeeeeeeeeeeee   eeeeeeeeeeeeeeeeeeeeeeeeeeeee      
/data3fast/users/mbermudez/de_02/TFGDataset/img/T2_0800.png|deeeeee      eee e ee ee e  eeeee e  eeeeeeeeeee    eeeeeeeee e  eeee eee   eeeeeeeeeeeeeeeeee  eeeeeee eeeeee  eee e  
/data3fast/users/mbermudez/de_02/TFGDataset/img/T2_0261.png|deeeeee e ee   ee     eeeeee e e     eeeeeeeeeeeeeeeeeeeeeeeeee  e eeeeeeeeee e  ee eeeeeeeeeeee e eee eeee  eeeeee e e
/data3fast/users/mbermudez/de_02/TFGDataset/img/T2_1232.png|eeeee         e  eeee eeee  eeeeeeeee    ee eeeeeeeeeeeeee  eeee  ee eeeeeee eeeeee   eeee eeeeeeeeeeeeeeeeeeeeeeeeeeee
/data3fast/users/mbermudez/de_02/TFGDataset/img/T2_1084.png|deeee  eeee eeeeee  eee  eeeeeeeeeeeeeeee  eeeeeeeeeeeeeeeeeeeeeee eee ee eeeeeeeeeeeee  eeeeeeeeeeeeeeeeeeeeeeee e eee
/data3fast/users/mbermudez/de_02/TFGDataset/img/T2_1135.png|deee  ee eeeee   eeee   ee  eeeeeeeeeee eeeeee ee   eeeee ee eeeeeeeeeeeeeeee eeeeeeeee eeeeeeeeeee  eeee    eeeeeeeeee
/data3fast/users/mbermudez/de_02/TFGDataset/img/T2_0395.png|deeee     eeeeeee e ee eee ee e   e e eeeeeeeeeeeeeeeeee  eeeee   eee  e e  eee e eeeeeeeeeeee eeeeeee eeeeeeeeeee eeee
/data3fast/users/mbermudez/de_02/TFGDataset/img/T2_0745.png|eeeee  eeee     eeee eeeeee  eeeeeeeee    eeeeeeeeeeeeeeeeeeeeeeee       eeeeeee eeeeeeeeeeeeeeeeeeeeeeeee eeeeeeeeee  
/data3fast/users/mbermudez/de_02/TFGDataset/img/T2_0876.png|deee      eeeee   eeeeeee eeee ee  eeeeeeeeee eeeeeee   eeeeeeeeeeeeeeeee   ee  eeee eeee eeeeeeeeeeeeeeee eeeeeee eeee
/data3fast/users/mbermudez/de_02/TFGDataset/img/T2_0478.png|deeeee   e   e  e   ee eeee eee  e eee eeeeee ee ee eeeeeeeeeeeeeeeeee eeeeeee  eee  eeeeeeeeeeeeeeeeeeeeeeeeeeeeee    
/data3fast/users/mbermudez/de_02/TFGDataset/img/T2_0130.png|deeeeeeeeee    eeee e eee e eeeeeeee e eeeee eeeeeeeeeeeeeeeeeee  eeeeeeeee eeeeeeeeeeeee      eeeeeeeeeee e  eeeeeeeee
/data3fast/users/mbermudez/de_02/TFGDataset/img/T2_0132.png|deee           e      eeeeeeeeeee e e    e eeeeee eee   eeeeeeeeeeeeeeeeeeeeeee e  e eeeeeeeeeee   eeeeeeeeeeee ee  eee
/data3fast/users/mbermudez/de_02/TFGDataset/img/T2_1022.png|eeeeee               e    ee eeee  eeeeeee eeeeeeeeeeeeeee eeeeeeeeeeeeeeeeeeeeee   eeeeeeeeeeeeeeeeeeeeeeeeeeee ee ee 
/data3fast/users/mbermudez/de_02/TFGDataset/img/T2_0238.png|deeee ee   eeee e  eeeeeee        e  eeeee ee e  eee    ee  eeeeeeeee   eeee eeeeeeeeeee eeeeeeeeeeeeeeeee  eeeeeeeeeee
/data3fast/users/mbermudez/de_02/TFGDataset/img/T2_0972.png|deeee  e eeeeeeeeee     eeee  eeeeeeeeeeeeeee eee    eeee   eeeee e  eee   eeee    eeeeeeeee    eeee  eeeeee eeeeeeee  
/data3fast/users/mbermudez/de_02/TFGDataset/img/T2_0989.png|eeeee   e  eeeee  e    ee ee  eee  e   ee eeeeeeeeeeeee   ee e eee  eeee    e ee eeeeeeeeeeeeeeeeeeeee eeeee eeeeee eee
/data3fast/users/mbermudez/de_02/TFGDataset/img/T2_0114.png|eeeee e  eeee      eeeee eeeeeeee   eeeeeeee  eeeeeeeeeeeeeeeeeeeeeeeeee eeeeeeeee eeeeee eeeeeeeeeeeeeeeeeeee eeeeee e
/data3fast/users/mbermudez/de_02/TFGDataset/img/T2_0681.png|eeeeee   ee   e  eeeeeeeeee ee  ee  eeeeeeeeeeeeeee      ee  eeeeeeeee  eeeeeee e eeeeeeeee  eeee eeee  eeeeeeeeeeee e 
/data3fast/users/mbermudez/de_02/TFGDataset/img/T2_1343.png|eeeee  e     eee e eeeeeeeeeeee   e eeeee eeeeeeeeeeee  e  ee  ee eeeeee  ee eeeeeeeeeeeeee eeeeeeeeeeeee   eee   eeeee
/data3fast/users/mbermudez/de_02/TFGDataset/img/T2_0635.png|eeeee eee    e   ee  eeeeeeeeeeee eee     eeeeeeeeeeeeeeeeeeeee eeeeeeeeeeeee eeee ee eeeeeeeeeeeeeeeeeeeeeeeee eeeeeee
/data3fast/users/mbermudez/de_02/TFGDataset/img/T2_0498.png|eeeeee e eeeeeeeeeeee  e eeeeeeeeeee eee ee  ee e ee   e eee eeeeee  e   eeeeeee   eeeeee eeeeeeeeeeeeeee  eeeeeeeee   
/data3fast/users/mbermudez/de_02/TFGDataset/img/T2_0889.png|deeee    ee eeeeeee     e eeeeee eeeee  eeeeeeeeeeeeeee   eeeeeeeeee  eeeeeeee   eeeeee   eeee       eeeee  e     ee ee
/data3fast/users/mbermudez/de_02/TFGDataset/img/T2_1420.png|eeeeee  ee           eee    eee eeeee  e   ee    eeeeeeee  eeeeeeeeeee      eeeeeeeeee  eeee   eeee e eeeeeeeeeeee eeee
/data3fast/users/mbermudez/de_02/TFGDataset/img/T2_0255.png|eeee        eeeee eeeeeeeeeeeee        e   e ee ee  eeeeeeeeeeeee eeeeeeeeeeeeeeee  ee  eeeee       eeeeeeeeeee  eeeeee
/data3fast/users/mbermudez/de_02/TFGDataset/img/T2_1039.png|eeee       e   ee     ee  e e      eeeeeeeeeee eeee   eeeeeeeeeeeeeeee     eeeeeeeeee  eeee eeeeee eeeeee eeeeeeeeeeeee
/data3fast/users/mbermudez/de_02/TFGDataset/img/T2_0664.png|deeeee e e e eeeeeee  eeeeeeeeeeeeeee     eeeeeee   eeeee   eee ee  eeeeeee eee eeeeeeeeeeee eeeeeeeeeeeeeeeeee  ee eee
/data3fast/users/mbermudez/de_02/TFGDataset/img/T2_0640.png|#       e ee e eee  ee   e  eeeeeeee e  eee  e  ee   eeeeeeee ee eeeee   e  eeeeeeeeeeee   eeeeee ee  eeee    eeeeeeeee
/data3fast/users/mbermudez/de_02/TFGDataset/img/T2_0962.png|deee         eeee  eeeee eeeeee  ee  ee    eeeeee eeeeee eeeeee  eeeee    eeeeeee eeee eeeeee  e  eeeeeeeeeeeeeeeeee ee
/data3fast/users/mbermudez/de_02/TFGDataset/img/T2_0673.png|eeeeee            eeeeeeee e e   ee      eeeeee eeeeee e   eeeeee    e eeeeeee ee eeeeeeeeeee eeeeee eeeeeeeeeeee eee  
/data3fast/users/mbermudez/de_02/TFGDataset/img/T2_0729.png|eee  eeee   eeeeeeeee eeeee e ee  eee    ee    eee ee e  eeeeeeeee eeee eeeeeeeeee  eeeee   eeeee eeeeeeeeeeeeeeeee    
/data3fast/users/mbermudez/de_02/TFGDataset/img/T2_0679.png|eeee e      ee    eeeee       eeee e eeeeeeeeeee eeeeeeeeeeee    eeee eee eeeeeeeeeeee eeeeeeeeeee e   e eeee eeeeeeeee
/data3fast/users/mbermudez/de_02/TFGDataset/img/T2_0819.png|eeee e          ee      eeee  eeeeee eeeee  eeeeee eee   e  e ee  eeeeeeeeeee eeeeeeeeee  e eeeeeeeeeee eeeeeeeeeeeeee 
/data3fast/users/mbermudez/de_02/TFGDataset/img/T2_0565.png|deeee          ee  e eeeeeee   e eeeeeeeee   ee e e    eeee ee eeeee  e eeeee eeeeeeee  e eeeeeee eeeeeeee  eeeeeeeeeee
/data3fast/users/mbermudez/de_02/TFGDataset/img/T2_0584.png|eeee    eee eee e  e eeee  e  ee eeee e eee eeee   eeeeeeeeee  eeeeeeeeeeeeeeeeeeeeeeeeeeeeeee e e  eeeeee ee  eeee eee
/data3fast/users/mbermudez/de_02/TFGDataset/img/T2_0376.png|deeee   e                   eee eeee  e eeeee e ee eeeeeeeeee eeeeeeeeeeee eeeeee eeee      e eeeeeeeeeeeee        eeee
/data3fast/users/mbermudez/de_02/TFGDataset/img/T2_0063.png|deeee  eee            eeeeee   eeeeeeee eeeeeee    eeeee eeee  eeee ee  eeeeeee   eee e eeee eeee  ee eee     e eeeeee 
/data3fast/users/mbermudez/de_02/TFGDataset/img/T2_1296.png|deeeee e e     e  eee e  eeee e eeeeeeeeeeeeeee   ee eeeeeee eeee  e eeeeeeeeeeeeeee  eeeeeee       eeeeeeeeee e    eee
/data3fast/users/mbermudez/de_02/TFGDataset/img/T2_0099.png|eeeee       e  eeeeee  e  eee  eeee ee ee  eeeee  ee ee ee eeeeeeeeeeeee    eeeeeeeeeeee   eee ee  eeeeeeeeeee eeee  e 
/data3fast/users/mbermudez/de_02/TFGDataset/img/T2_0843.png|eeee     e         e  eeeeeee  eeeeeeeeeeeee  eeeeeeeeee  eeeee  e    eeeeeeeeeeeeee eeee eeeeeee   eeee    ee eeeeee e
/data3fast/users/mbermudez/de_02/TFGDataset/img/T2_1270.png|deeee    ee        eee   e  e  eee e  e e eeeeeeeeeee  eeeee  ee eeee  eeee e eeeeeeee eeeeeee    eeee  eee ee  ee  eee
/data3fast/users/mbermudez/de_02/TFGDataset/img/T2_0419.png|eeee          e   ee     eeeeeeeeeeeeee eeeeeeeeee eee   eeeeeee  eeeeeeee eee    ee eeeee    ee eeeee eeee eeeeeee eee
/data3fast/users/mbermudez/de_02/TFGDataset/img/T2_0959.png|deeee          eee  eeeee  ee  e  ee     eeeeeeeeee   eeeeeeeeeeeeeeeeee eeeeeeeeeeeeee          ee  eeeeeee   e e   e 
/data3fast/users/mbermudez/de_02/TFGDataset/img/T2_1055.png|deeeeeeeee e     eeeeeeee e   ee e eeee e   e    e  e eeeeeeeeeeeeeeeee     eeeeee  e  eeeeeee eee   ee eeeeeeee      e
/data3fast/users/mbermudez/de_02/TFGDataset/img/T2_0379.png|eeeee      ee      e        e   ee    eeeeeee e  eeeeee  eeeeeeeeeee eeeeeeeeeeeeee eeeeeee eeeeeeeeeeeeeeeeeee ee   ee
/data3fast/users/mbermudez/de_02/TFGDataset/img/T2_0549.png|deee   e   eee eeee eeee eee     e eeeeeee     eeeeeeeeeee e     e eee e   eee    e     eeeee eeeeeee   e  ee e     eee
/data3fast/users/mbermudez/de_02/TFGDataset/img/T2_0946.png|eeeee     ee  eee      eeeeeee eeee eee   e     ee ee eeee eeeee ee  e eeeeeeeeeee   eee     eeee   ee ee eeeeeee ee   
/data3fast/users/mbermudez/de_02/TFGDataset/img/T2_1123.png|eeeee eee   ee    eeeeeeeee e    e eeeeee    e  eeeeeeeeee       eeee      eeeeeeeeeeeeeeee eee eee ee eeeeee eeeeeeeee
/data3fast/users/mbermudez/de_02/TFGDataset/img/T2_1213.png|eeeeee        eeee eeeee    ee eee   e ee   eeee    eeeeeeeeee  eee   eeeeee       eeeeee eee e  e e  ee    eeee eeeeee
/data3fast/users/mbermudez/de_02/TFGDataset/img/T2_1297.png|deeeee        e e    e     eeeeeeee eeeeeeeeeeee      eeeeeeeeeeeeeeeeeeeeeeeee   eeee eee    eeeeee eeeeeee  e  eeeeee
/data3fast/users/mbermudez/de_02/TFGDataset/img/T2_1097.png|deeee         e eee       e eeee  eee eeeeee   ee      eeeeeeeeeeeeeeee   eee    ee   ee     ee  eeee ee    eeeeeee eee
/data3fast/users/mbermudez/de_02/TFGDataset/img/T2_0672.png|deeee   e      eee            eeeeeeeeeeeee eeee     ee  ee   eeee  ee  eeeee   e  eeeeee  eeeeeee  ee   eeeeeee e e  e
/data3fast/users/mbermudez/de_02/TFGDataset/img/T2_0224.png|deeeeee           e  e    eeeeeeeeee     e eee    eeeeee    ee    ee   eeeee   eeeeeeeee   eeeeeee  eee eeeeeeeeeeee   
/data3fast/users/mbermudez/de_02/TFGDataset/img/T2_1094.png|eeee       e        eeee eeee  e    e     eeeeeeeeeee eeeeeeee eeeeeeeee ee  eee e  eee     eee     eeeeeeee e eeeeeee 
/data3fast/users/mbermudez/de_02/TFGDataset/img/T2_0666.png|deeee      eee  e   eeee  eeeee e   eeeee e e eeeee ee e   ee   ee eee   e eee eeeeeeeeeeeee   eeeeeeeee  e   e   ee  e
/data3fast/users/mbermudez/de_02/TFGDataset/img/T2_0427.png|deee      e        eeeee e       eeeeeeeeeee  ee  eee   ee   eeeeee     eeeeee e   ee e  eeeeee       eeee eeee eee eee
/data3fast/users/mbermudez/de_02/TFGDataset/img/T2_1047.png|deee e      eee    e ee e e eeee  eeee     ee           eeeeee e ee   ee       e eee eee   e     ee     eeeee eeeeeee  
/data3fast/users/mbermudez/de_02/TFGDataset/img/T2_0148.png|eeeeee  e      e       eeeee           e   eeeee    eeeeeee    eeeeeeee   eeeee e   e         e eeeee  e e eeeeeeee e  
/data3fast/users/mbermudez/de_02/TFGDataset/img/T2_0511.png|deeeee             ee eeeeeee   eeeeeee eeeee e e eeee   e         ee   ee eeeee  eeeeeeeee  ee  e eeee eeeee eeeeeeeee
/data3fast/users/mbermudez/de_02/TFGDataset/img/T2_1284.png|eeeee  ee     e   eee eeee  eeee  eeeeeeee    ee eeeeee e   eee eeeeee  ee eeeeeeee     e  eeeeeeeeeeee   eeeeeeeee eee
/data3fast/users/mbermudez/de_02/TFGDataset/img/T2_0580.png|dee       eee       eee eee  eeeeeeee eeeeeeeee ee e     e   eeee eeee ee  eee eeeeeeeeeeeeeeeeeeeeee   ee   eeee     e
/data3fast/users/mbermudez/de_02/TFGDataset/img/T2_1374.png|deeeee        eee   e   ee  e     eeeeee   eee   eeee eeeeee eeeeee   e ee  eee   eeee eeeeeee  eee eeeeeeeeee        e
/data3fast/users/mbermudez/de_02/TFGDataset/img/T2_0264.png|deee     e e   ee    e   eeee eee  e eee  eee      eeeeeeeeeeee eeee e   eee  eeee  eee  ee eeeeeeeeeeeeeeeeeeeeee e e 
/data3fast/users/mbermudez/de_02/TFGDataset/img/T2_0981.png|deeee       ee    eeee  e eeeee e eeeeee ee eeeeee eeeeeeeeeee  eeeeeeeeeeeeeeeeeeeee  eeeee e    ee  e          eeeee 
/data3fast/users/mbermudez/de_02/TFGDataset/img/T2_0526.png|deeeeee eee e    eeee    eeeeeeee ee  ee   ee eeeeeee e eeeeeeeeee    eeeee  ee    eee eeeeee       e   ee e eeeeee  e 
/data3fast/users/mbermudez/de_02/TFGDataset/img/T2_0530.png|deeeeee             e  e eeeeee    eeee e        e e  eeeeee e    eeee eee e eeee  eeeeeee    eee eeeeeeeee  eeeee eeee
/data3fast/users/mbermudez/de_02/TFGDataset/img/T2_0762.png|eeeee        e ee e     e e          e eee        eeee eeee e eeeeeeee eeeee  eeee  ee ee    eeeeeeee e ee  e    e   e 
/data3fast/users/mbermudez/de_02/TFGDataset/img/T2_0225.png|deeee         e  ee     ee ee eee    e  eeeee         e eeee e   eeeee  eee  ee   ee    ee eee eee  e  eeeeeeeeeeeeeee 
/data3fast/users/mbermudez/de_02/TFGDataset/img/T2_0263.png|eeeee e      e       e eeee     e eeee   eeeeeeee  e  e    ee e   eeee   eeee  ee   e   eee eeee eee      eee e eeeeeee
/data3fast/users/mbermudez/de_02/TFGDataset/img/T2_0717.png|deee             e   e e    e    eeeee   eee    e    eeeee   eeeeeeeeeeeeeee         eee      e   eeee       eeeee e  e
/data3fast/users/mbermudez/de_02/TFGDataset/img/T2_0346.png|deeeeee       e   e             eeeeeeeee  eeeeee    eeeeeeeeeeeee ee  e e   ee   eeee  eee  ee eee  eeee e ee   eeeeee
/data3fast/users/mbermudez/de_02/TFGDataset/img/T2_0324.png|deeee        e  ee eeee ee  e       e eee e   ee e   e eeee  ee eeee    eeeeeee eee   eeeee   eee   e   ee  eeeeeeee ee
/data3fast/users/mbermudez/de_02/TFGDataset/img/T2_0383.png|eeee        e e  e   e   e ee ee eee    eee   ee    eee   ee  e    eeeeeeeeee  eeee      eeeeeee eeeee   e   eeee   e  
/data3fast/users/mbermudez/de_02/TFGDataset/img/T2_1001.png|deeeee  ee           e           ee   eeee   e eeee      eeee e ee   eeeee ee  eee ee     e  eee   e  eeeeeeeee    e   
/data3fast/users/mbermudez/de_02/TFGDataset/img/T2_0057.png|eeeee           eeee         eee   eee e eeee         eee  eeeeeeeeeeeee   eee eeeeeeeeee  eeeee       eeee   e eeeee e
/data3fast/users/mbermudez/de_02/TFGDataset/img/T2_0117.png|deeee           e  ee      eeee   eeee    ee ee e   ee   e ee  ee ee     eee  e      eee  e  eeeeeeee   eeee eeeeeee ee
/data3fast/users/mbermudez/de_02/TFGDataset/img/T2_0943.png|deee eee      ee        eeeeee     eeee e        eeeeeeeeeee e      e  eeee  e    ee eeee   e eeeeeeeeeeee    e e e    
/data3fast/users/mbermudez/de_02/TFGDataset/img/T2_1258.png|deee   e    e       e ee eeeee eeeeeee     e  e  e eeeeee e eeee  e e eeeeeeeeee e e   eeeee          eeeeeee     e e  
/data3fast/users/mbermudez/de_02/TFGDataset/img/T2_0118.png|deeee        eeee   eeeee   e e  ee eeeeee  e         eeee    eee   eeeeeeeeee     eeeeeeeeeee    ee eeeeee    eee e   
/data3fast/users/mbermudez/de_02/TFGDataset/img/T2_1381.png|deee             e  e eee    e e        eee  eeeeeeee    ee eeeeeee   eeee  e        eee    e  eeeeeeeeeeeee  eeeeeee  
/data3fast/users/mbermudez/de_02/TFGDataset/img/T2_0027.png|eeee          e  e   e eeee      ee eee     eee      eeeeee  ee   eeeeee       ee     eeeeee e    e eeee e eeeeeeeeeeee
/data3fast/users/mbermudez/de_02/TFGDataset/img/T2_1128.png|eeee           e        e  eeeeee    e  eeeee    e       e   eee     ee eeeeee eee e   eee  eee  ee    e eeee   e      
/data3fast/users/mbermudez/de_02/TFGDataset/img/T2_0169.png|deee        ee     e    eee     e ee eeee      eeee eee        e  e    e e        eeee ee       eeeee  eeeee  ee  eeee 
/data3fast/users/mbermudez/de_02/TFGDataset/img/T2_0177.png|deeee                                e   eeee e       ee      eeeeeeee   eeeeeeeeeeeeee    ee  ee e e ee   ee        e 
/data3fast/users/mbermudez/de_02/TFGDataset/img/T2_1264.png|deee                    e          ee   e   e   ee   e eeeeeeee eeeee   eeeee  eeeeeee   eeeeee   eeeee eeeee eee  eee 
/data3fast/users/mbermudez/de_02/TFGDataset/img/T2_0037.png|eeee      eeee e       ee      e eeeee e     ee       eeeeeeeeeeee e eeeeeee eeeeeeeeee    eee  e  ee           ee    e
/data3fast/users/mbermudez/de_02/TFGDataset/img/T2_1274.png|deeee               e eeeee         e e  eeee   ee e eeeee eee e     eeee  eeeee  e   ee e eeeeeee      ee eeeeee  ee e
/data3fast/users/mbermudez/de_02/TFGDataset/img/T2_0973.png|dee          eeee e     eeeeeeee eee         e  eee eeeeeee    eeeeee eeee       eeee    e ee    eeeeeeee eeeeee      e
/data3fast/users/mbermudez/de_02/TFGDataset/img/T2_0610.png|deeee          e     e   e  eee e    e    e     eee eeee  eeeee    eeeeeeeeeeee     eeeeeeeeeee      eeeeeeeee eeeee   
/data3fast/users/mbermudez/de_02/TFGDataset/img/T2_0242.png|deeee             eeeee          eeee  ee        e   eee    eeee   eeeee  eeeee e ee  e   ee eeeeeeee   eee e    e  eee
/data3fast/users/mbermudez/de_02/TFGDataset/img/T2_1423.png|deee      e           eee eee  e    ee ee   e    e                  e   eeeeeeeeeee      e         eeeee  ee     eeeee 
/data3fast/users/mbermudez/de_02/TFGDataset/img/T2_0987.png|#           e e         e eeeeee   e   eee e        eee   ee   e ee         ee        e   e   eeee    ee       e e     
/data3fast/users/mbermudez/de_02/TFGDataset/img/T2_0766.png|eeeee                     eee e   eeeee           eeee e    eeeeeeeeeeeeeeeee   ee eeeee ee eee ee e   e     ee     eee
/data3fast/users/mbermudez/de_02/TFGDataset/img/T2_0116.png|deee         e          e     e eeee      e  eeeee    ee eeeee  eee  e  eeeeeee eee  e eeee  eee     e   eeeeee  eee   
/data3fast/users/mbermudez/de_02/TFGDataset/img/T2_0771.png|#             eeeee e      eee e  ee     ee        eee e  e   eeeeee   ee  ee e e    e ee     ee  eeee   e ee e        
/data3fast/users/mbermudez/de_02/TFGDataset/img/T2_0439.png|deeee             ee eee    e     eeee e          eeeeeeee        eeee eeeeeeee         e ee  eee  eeeee     e  eeeeeee
/data3fast/users/mbermudez/de_02/TFGDataset/img/T2_0121.png|deee              e e     eee  ee   eeeeeeeeeee e eeee eeeeee    eeeeeeeeeeee   ee  eeeeee     e            eeeee  eeee
/data3fast/users/mbermudez/de_02/TFGDataset/img/T2_0715.png|deee          eeee  eeeeeee   e  eeeeee       eeee eeee e eeeeeeeeeee    e e eeeeeeee   e  eee      eeeeee    ee  eeeee
/data3fast/users/mbermudez/de_02/TFGDataset/img/T2_0464.png|deeee   e   eeeee         eeee e eee eeee    eee    eeeeeeee eeeeeeeeee ee   ee ee ee e    e   eeeeeeee          ee    
/data3fast/users/mbermudez/de_02/TFGDataset/img/T2_0603.png|deee               e      eee e  eeee       e  eeeee e eeee   eeee   eeeee   e eeeeeee e ee eeeeeee eeee      eee ee   
/data3fast/users/mbermudez/de_02/TFGDataset/img/T2_0079.png|deeee   e       eeeeeee e       ee ee         e   ee     ee e  e    eeee     e  eeeeee    ee e e     eeee  eee  eee e  
/data3fast/users/mbermudez/de_02/TFGDataset/img/T2_1475.png|deeee                           e  eeee  eeeeeeee    eeeeeeeeeeeee eeeee    eee ee   eee e    e    eeeeeeeee e     e   
/data3fast/users/mbermudez/de_02/TFGDataset/img/T2_0837.png|deee                 eee  e   eeeee eeeeeee   e   eeee        eeeee   e eee e e            e eee   e e      ee e       
/data3fast/users/mbermudez/de_02/TFGDataset/img/T2_1003.png|deee      e         ee   e eeeee ee    e ee  eeee     e  e eee e ee ee  eeeee    e   ee  e eeeeeeeee ee eeeee eeeeeee  
/data3fast/users/mbermudez/de_02/TFGDataset/img/T2_0588.png|eeeee   e     e  e     eee e  e    eee e eeee   e  e e ee   eeee e e ee    eeee  eeeeeee   e                 ee    ee  
/data3fast/users/mbermudez/de_02/TFGDataset/img/T2_1083.png|eeeee    e        eeeee   eee   ee   eeeeeeeeee   e      eeeeeeee       ee eeee       ee  eee       eeeeee    ee  eee  
/data3fast/users/mbermudez/de_02/TFGDataset/img/T2_0850.png|deeee            ee eee  e ee           e    e   eeeeeeee  eeeeeee eeee    eee  eeee  ee eeeee     ee  eeeee e  eee ee 
/data3fast/users/mbermudez/de_02/TFGDataset/img/T2_0797.png|deee               eeee     e       eeeeeee    ee   e   ee            ee eeeeeeeeee eee eeeeee eeee   e eeeeee eeeeee e
/data3fast/users/mbermudez/de_02/TFGDataset/img/T2_1236.png|eee       e ee        e          ee   ee ee eeeee eeeeeeeeeee e       e eeeeee   e  e eeeeeee    e    eeee   e e eeeeee
/data3fast/users/mbermudez/de_02/TFGDataset/img/T2_1158.png|deeee   e   ee     ee     e eeeeeeee eeeeeee      e e  ee   e  e  eeeeeeee  eeee eeeeee ee   eeeeee ee  ee     eeee  ee
/data3fast/users/mbermudez/de_02/TFGDataset/img/T2_0278.png|deeee        e eee    ee      eee    eeeeeee  e         e ee e   eeeeeeee    e  eeeeeeee e  e e  eeeeeeeeeee eee       
/data3fast/users/mbermudez/de_02/TFGDataset/img/T2_1473.png|eeeee               eeeeeee           e     e   eee  ee eeee     eee     eeee  eeeeeeeeeeeee  e  e   eee  ee eee eeee  
/data3fast/users/mbermudez/de_02/TFGDataset/img/T2_1004.png|deee    eeee  e         e  e      e ee        eee  eeeee eeeee   ee e     ee  eeeeee    eeeeee   ee         ee e  eeeee
/data3fast/users/mbermudez/de_02/TFGDataset/img/T2_0089.png|dee                 ee    eee     ee      e     ee e     ee   ee  ee  eeeeeee eeeeeeeeee   eeeeee    ee     eee ee   ee
/data3fast/users/mbermudez/de_02/TFGDataset/img/T2_0856.png|deee           eeeee        e  e   eeeeee eeeeee eeeeeee     eeee     ee e eeeee  e e   e   eeeee e      ee ee  eeeee  
/data3fast/users/mbermudez/de_02/TFGDataset/img/T2_0300.png|eeeee                  e           ee      ee    ee eee      eeee e e      e eeeeeeee eee eeeeeeee e ee   eeeeeeee  e  
/data3fast/users/mbermudez/de_02/TFGDataset/img/T2_0692.png|eeeee           e      ee   eeee  ee    e eee e eeeeeeeeeee        eeee eee    eeeeee   e   e     eeeeeeeeee ee     eee
/data3fast/users/mbermudez/de_02/TFGDataset/img/T2_0166.png|deee            e       e          ee    e  ee eee  ee eeee ee eee eeee        e  e eeeeee  eee         eee ee       e 
/data3fast/users/mbermudez/de_02/TFGDataset/img/T2_0521.png|deee    eee e          eeeee  e  eeeeeeeee eeeeee ee       e e  e eeee  eee    eee   e  eeeeee  eeee   eee e         ee
/data3fast/users/mbermudez/de_02/TFGDataset/img/T2_1382.png|deee          e ee  eeeee       e   eeeeeeeee ee        eeeeeee        eeeeeee   eee   ee    eeeeee e e  eeeeeee e e ee
/data3fast/users/mbermudez/de_02/TFGDataset/img/T2_0864.png|deee     eee      eee      eeeeeeeeeeeee  eeeeee e ee eeee   e eeeeeeeeee    e e    eeeeee e eee e   eeeeee    e ee eee
/data3fast/users/mbermudez/de_02/TFGDataset/img/T2_1023.png|deeee       ee     eee  eee   eeeee e  eeeeee e   eeeee    eeeee eeeeee eee eeeeeeeeeeeeeeeeee   eeee e  eeee  e       
/data3fast/users/mbermudez/de_02/TFGDataset/img/T2_1112.png|deeee        eee e   e  ee eeeeeee    ee    ee  ee    ee   e   eeeeeeeeee     eee e ee   ee eeeee     eee e e  eeee eee
/data3fast/users/mbermudez/de_02/TFGDataset/img/T2_0846.png|deeeee              e  eeee ee   ee      e  eee     ee    e   ee   eeeeeeeeeeeeeeee eeeeee ee  e eee eee  eeeeeeee   ee
/data3fast/users/mbermudez/de_02/TFGDataset/img/T2_0253.png|eeeee                 ee eeeeee  e      ee  e eeeee  ee   eeee e  eee    e    ee  eeee eeeeeeeeeeeee   eee   eeeeee eee
/data3fast/users/mbermudez/de_02/TFGDataset/img/T2_0122.png|eeee                        eeee   eee      eee  eee  e  eeeeeeeeeeee     e    ee eeeeeeeeeeee  ee     e    eeeee    ee
/data3fast/users/mbermudez/de_02/TFGDataset/img/T2_1152.png|deeee       ee e            e  eee  eee e    e     eee  e e     eeeeeeee  eeeee   eeeeeeeee      e   e e  eeee  e ee  e
/data3fast/users/mbermudez/de_02/TFGDataset/img/T2_0667.png|eeeee           eeee     eee   eee    e e e   eee eeeeeeeee   eeeeeeee  e  ee e  eeeee  e eeeeeeee          eee    ee  
/data3fast/users/mbermudez/de_02/TFGDataset/img/T2_1461.png|deee   ee             e    eee   eee   ee  ee   eeee      ee        eeeeeeeeeeeee eee   e     e        eeeeeeeeeeeeee e
/data3fast/users/mbermudez/de_02/TFGDataset/img/T2_0381.png|deeee   e                e   e e ee  ee ee eeee  eeeeeeee  e    e ee       e    eeeee e  e  eeee    e  eee  ee eeeee ee
/data3fast/users/mbermudez/de_02/TFGDataset/img/T2_0616.png|eeeee e           ee eee    eee    eeeeee ee    eee eeeeee    eee   ee eeee  eeeeeeeee         e eeee ee eee   eeeeeeee
/data3fast/users/mbermudez/de_02/TFGDataset/img/T2_1244.png|deee              e   ee   eee e e        eeee      eee    e eeee eeeeeeee ee   eeeee    eeeeeee e    ee eeeeeee  eeeee
/data3fast/users/mbermudez/de_02/TFGDataset/img/T2_1089.png|deeee   e         eee      ee  eeeeee   eee   ee     eeeee    ee  e   e  e eeee  e e eee     eeeee    eeeeeeeee ee eeee
/data3fast/users/mbermudez/de_02/TFGDataset/img/T2_0611.png|deee         ee e      eeeeee  e            ee   eee    e     eeeee eeeeee eeeeee       eeeee     ee  eeeee    eee  eee
/data3fast/users/mbermudez/de_02/TFGDataset/img/T2_1186.png|deee               e      eeee e  eeeeeeeeee     eeeeee   ee eee   e      eeeeeee   e  e ee  eeee      eeeeeee  eeeee e
/data3fast/users/mbermudez/de_02/TFGDataset/img/T2_0291.png|deee                e  e    eeee   eeee    eeee eee        e   eeee  e   eeeee  eee   eee eeee e ee eeeeeeeee  e   e ee
/data3fast/users/mbermudez/de_02/TFGDataset/img/T2_0553.png|eeee          ee       e eeee       e  ee  e    e            eeeeeeeee   eeeee  eeeeee   e ee e   eeeee e eeeeeeee e  e
/data3fast/users/mbermudez/de_02/TFGDataset/img/T2_1176.png|deee   e      e    ee     e e   e  eeee eee eeeeeee eeeeeeeeeee    ee     e     eeeeee   eee       e  eeeeeeeeee ee e e
/data3fast/users/mbermudez/de_02/TFGDataset/img/T2_1074.png|deeee               e        e   eeee eeeeeeeeeeeee eeeeee       eeee   eeeeeee  e eeeeeeeeeeeee  e e eeee    e  e     
/data3fast/users/mbermudez/de_02/TFGDataset/img/T2_0815.png|eeee       e        e  eeeeeeeeeeeeeee  eeeee     ee      eee e    eeee  eeeee  eeee     eee      ee     e   eeee   eee
/data3fast/users/mbermudez/de_02/TFGDataset/img/T2_1308.png|deee              eeeeeeee  e  eeeee    ee ee     e eeee   e e  e ee  eeeeeeeeeeeeeeee eeeee  eeeeeeeeeeeee ee eee ee  
/data3fast/users/mbermudez/de_02/TFGDataset/img/T2_0516.png|deee          e  e e e   e    eee  eee ee eeeeee eeeee ee eeee   e  eeeee  eeee eeeeeee  ee  ee   eee  eeeeeeeee e eee 
/data3fast/users/mbermudez/de_02/TFGDataset/img/T2_1376.png|deeee             ee   e eee ee ee   e ee eeeeee ee e eeeee e eeeeee eeeeee eee      eeeeeeeeeeeee   eeeeeeee     eeee 
/data3fast/users/mbermudez/de_02/TFGDataset/img/T2_0397.png|deeee    eeeeee      e     e    e   eee   eeeee   e eeeee eeee  eeeeee    eee    eeee ee   ee  eee      e eeeeee  eeeee
/data3fast/users/mbermudez/de_02/TFGDataset/img/T2_0804.png|eeee    ee   eeeee    eeeeee  ee e      eeee eee e    eee  eeeeeee e      eeeeeeeeee  e        eeee   eeee   e e  e eee
/data3fast/users/mbermudez/de_02/TFGDataset/img/T2_1290.png|deeee        e      ee       eeeeeeee      eee eeeeeee e     e  eeeeee  eeee   eeeeeeeeeeeeee ee       e ee  ee        
/data3fast/users/mbermudez/de_02/TFGDataset/img/T2_0000.png|deeee            ee             ee    eeeee  e e   ee  ee    eeee ee  eeeeeee     e eee  eeeeeeeee  e eeeeeee  eeeee  e
/data3fast/users/mbermudez/de_02/TFGDataset/img/T2_0656.png|deeee e   e    e   eee   e   ee          e eee  eeee     e eeeeee  e e eee        eeeeeeee  ee e      eeee   e eee    e
/data3fast/users/mbermudez/de_02/TFGDataset/img/T2_0857.png|deeee         eee ee eee       ee    eeeee   eeee  e       ee eeeeeeeeeee   eeeeeee     eeee  e eee eee   eeee     e ee
/data3fast/users/mbermudez/de_02/TFGDataset/img/T2_1024.png|deeee          ee    eeeeee                eeee eee e   ee      eeeeeee eeeeeeeeee e eeeeeee        eeee  eeeeeee  eeee
/data3fast/users/mbermudez/de_02/TFGDataset/img/T2_0770.png|deeee           eeee    e    ee  e      e  e    ee   eeeeeeeeee  eeeeeee  ee         e      eeeeeeeeeee   e  eeee   ee 
/data3fast/users/mbermudez/de_02/TFGDataset/img/T2_0179.png|deeeeee   e             eeee eeeeee e  ee eee     e eeeeeeeeeee      e eeeeeeeee     eeeeeeeeeeee      e e eeeeeee  e  
/data3fast/users/mbermudez/de_02/TFGDataset/img/T2_1113.png|deeeeeeeee    eee             e eeeee  e  eee e ee  e  eee ee  eeeee     e  eeeee e eee eeee        eeeeeeeeeeeeee  eee
/data3fast/users/mbermudez/de_02/TFGDataset/img/T2_0826.png|deeeeee              eeeeeee        e e eeeeee  e     eee   eeeeee  eee eeeeeeeeeeeeeeeeeeeeeeee  eeeeee eeeeeeee    ee
/data3fast/users/mbermudez/de_02/TFGDataset/img/T2_1257.png|deeee              ee e       eeee ee e            e  eeeeeeee eeeee   eee  e eeeeeeee   eeeeeeeeee     eeeeeeeeee    e
/data3fast/users/mbermudez/de_02/TFGDataset/img/T2_0571.png|deeeee    e      eee    eeeeeeeee e  ee ee    eeeeeeeeeeeeee eeeeeeeeeee   eee eeeeeeeeeeeeeeeeeeeeeeeee e ee  e eeeeee
/data3fast/users/mbermudez/de_02/TFGDataset/img/T2_0444.png|deeeee        e ee   eeeeeeeeeeeeeeee    e e  e eeeeeeee eeeeeeeeeeeeeeeeeee e   e     eeeeeeeeeeeeeee ee ee   eee e   
/data3fast/users/mbermudez/de_02/TFGDataset/img/T2_0740.png|deeee    ee eee ee eeee   ee  ee      eeeeee eee  ee eee eeeeeeeeeee ee     ee  eeeeeeeeeeeee eeeeeeee     eeeeeee eeee
/data3fast/users/mbermudez/de_02/TFGDataset/img/T2_1227.png|deee   e  e    e e  eee        eeeeeee  e eee        ee e      eeeeeee eeeeeeeeee e  eeeeeeee eeeeeeeeeee  ee eeeeeeeee
/data3fast/users/mbermudez/de_02/TFGDataset/img/T2_0069.png|deeee      eee  e e   eeee ee eeee eeeeeeeeeeee   eeeee eeee  ee  ee e eeeeeee  ee e  e    e    eeeeeeeeee  e   ee   ee
/data3fast/users/mbermudez/de_02/TFGDataset/img/T2_0814.png|deeee e      e e         eeeeeee  e   ee eee  eeeeee  eeeee   eeeeeeeeeeee   eee  eeeeeeeeeeeeeeeee  e eee eeeeeeeeeee 
/data3fast/users/mbermudez/de_02/TFGDataset/img/T2_0824.png|eeee       ee   eee e e  eeeeeeee   eeeee  ee eee eeeeeeeeeeeeeee eee eeeee  eee   ee eeee ee eee eeeeeeeeeeeeeeeeeeee 
/data3fast/users/mbermudez/de_02/TFGDataset/img/T2_0485.png|eeeeeee  e e e  eeeee           eeeee    e ee     eeeeeeeeeeeeeeeeeee ee  e eeeeeee    e  eeee eeee      ee e eeeeeeeee
/data3fast/users/mbermudez/de_02/TFGDataset/img/T2_0104.png|deeeeee                e   eee e e  ee  ee  eee  e   eeeeeeeeeeeee  eee ee    ee eeeeeeeeeee ee e   e    eeee eee eeeee
/data3fast/users/mbermudez/de_02/TFGDataset/img/T2_1194.png|deeee           ee e        e eeeee eeeee  e ee ee  eeeeeee  eeeeeeeeeeeeeeee eeeeeeeee   eeeee eeeeeeeeeeeeeee e e e e
/data3fast/users/mbermudez/de_02/TFGDataset/img/T2_0494.png|deeee       e eeee  e   eeee eeeeeeee     ee   eeee    e e e eeeee ee   eeeeeeeee  ee e   eeeee e  eeeeeee ee  e eeeeee
/data3fast/users/mbermudez/de_02/TFGDataset/img/T2_1199.png|deeee      eeeee eee e e   eee    eeeeeeeeee eee  eeeeeeee eeeeeeeeeeeeeee   eee eeeeeeeeeeeee  eeeeeeeee   eeeeeeeeeee
/data3fast/users/mbermudez/de_02/TFGDataset/img/T2_0265.png|dee        eeeeeeeeee      eeeee  eeeeeee e  ee eeeee  eeeeeeeee eeeeeee  eeeeeeeeeeeeeeee  ee eeeee  e eeeeeeeeeeeeeee
/data3fast/users/mbermudez/de_02/TFGDataset/img/T2_0958.png|deeee            eeeee     eeeee e  e   eeeeeee  e   e eeeeeee eeeeeeeeee ee   e ee e ee eee    eeeeeeeeeeeee  eeeee ee
/data3fast/users/mbermudez/de_02/TFGDataset/img/T2_0020.png|deee      e         eeeeeee            eeeeeeeeee eeeeeeeeeee  eeeeeeeeeeeeeeeee e  eeeeeeeee eeeee  e eeee  ee  eeeeee
/data3fast/users/mbermudez/de_02/TFGDataset/img/T2_0765.png|deee               eeeeeeeeee   eeeeeeeeeeeeeeee  ee  e     eeeeeeeeeeeeeeeeeeeeeeee e eeeee     eeeeeeeeeeee eeeeeeeee
/data3fast/users/mbermudez/de_02/TFGDataset/img/T2_0313.png|deee eeee e    eeeee eeeeeee eeee   eee   eeee eeeeeeee ee e e   eeeee eeeeeeeeeeeeeeeee    eeeeeeeeee  eeeeeeeeeeeeee 
/data3fast/users/mbermudez/de_02/TFGDataset/img/T2_1119.png|deeee          eeee     ee  eee  e eee eeee eeee eeeeeeeee     eeee  eeeeeeeeeee   eeeee     eeeeeeeeeee   eeeeeee eeee
/data3fast/users/mbermudez/de_02/TFGDataset/img/T2_0461.png|deee eeeee    e   eeeeeeeee ee e  e    eee eeeeee eeeeeeee  eeeeeeeeeeeeeeeeeeeeeeeeeee     eeeeeeeeeeeeeeeeeeeeeeeeeee
/data3fast/users/mbermudez/de_02/TFGDataset/img/T2_0454.png|deeee           e     e        ee  e e e       e ee   eeeeee  eeee  eeeeee  eeee eee eeee eeeeeeeeee eeeeeeeeeeeeee eee
/data3fast/users/mbermudez/de_02/TFGDataset/img/T2_1045.png|deeee  eeeee ee      eee      eeeee   eeee    eee  eeeee eee eeee eeeeeeeee   eeeeeeeee   eeeeeeeeeeeeeee    eeeee   e 
/data3fast/users/mbermudez/de_02/TFGDataset/img/T2_1053.png|deeee  e     e  eee e     eeeeee eeeeeee     eeeeeeeeeeeeee eeeeeeeeeeee  eeeeeeeeeeeeeeeeeee eeeeee eeee  eeeeeeeeeeee
/data3fast/users/mbermudez/de_02/TFGDataset/img/T2_0029.png|deeeee        eeeee   eee eeee ee     ee  eeeeeeeeeee eeeeeeeeeeeeeeeeeee   e eeeeeeee     eeeee eeeeeeeeeeeeeeeeeeeeee
/data3fast/users/mbermudez/de_02/TFGDataset/img/T2_0676.png|#          eeeee eee e  eee       e ee  ee e eeee  ee ee    ee e     e   eee eeeeeee ee eeee e  ee  ee   eee     eeee  
/data3fast/users/mbermudez/de_02/TFGDataset/img/T2_0374.png|deee                 e  e  e e ee  eee eeeeeeee ee eeeee eeeeee ee e e eeeeee  eeeeeeeeeeeeeeeeeeee  eeeeeeeeeeeeeeeeee
/data3fast/users/mbermudez/de_02/TFGDataset/img/T2_1181.png|deeeee   e    eeeeee  e   ee  ee   eeeeeeeeeee   eeeeeeee    eeeee   eee eeeeeee eeeeeeeeeeeeee  eeeeeeeee e eee eeeeee
/data3fast/users/mbermudez/de_02/TFGDataset/img/T2_1100.png|deee  e  eeee     ee       eeeeeeee    eeeeeeeee  eeeeeeee    eeeeeeeee  eeeeeeeeeeee eeee eeeeeeeeeeeeeeeeeeeeeeeeeeee
/data3fast/users/mbermudez/de_02/TFGDataset/img/T2_0834.png|deee           e ee  e  eeeeeeeeeeeeeeeeee e  eeeeeeeeeee    eeee eeeeeeeeeee eeeeeeeeeeeeeeeeeeeeeeee  eeeeeeeeeeeee e
/data3fast/users/mbermudez/de_02/TFGDataset/img/T2_0441.png|eeee         ee  eeeeeeeeee    eeee eee     eeeeeeee    eeeeee eeeeeeeeeeee   eeeeeeeeeeeeeeeeeeeeee eeeeee eeeeeeeeeee
/data3fast/users/mbermudez/de_02/TFGDataset/img/T2_1271.png|eeeeeee           e      ee eeee  eee eee  ee  eeeee  ee  ee  eeeee e  eeeeeeeeeeeeeee eeee  eeeeeeeeeeeeeeeee  eeeeeee
/data3fast/users/mbermudez/de_02/TFGDataset/img/T2_0004.png|deeeee  eeeee eeeeeee eee  ee  eeeee  eeeeeeeeeeeeeeeee   e ee ee e eeeeeee e eeee      eeeeeeeeeeeeeeeeeeeeeee e  eeee
/data3fast/users/mbermudez/de_02/TFGDataset/img/T2_0410.png|deeeee     eee e eeee   e       eeeeeeeeeee ee e   e  eeeeee    e e eeeeeeeeeeeeeeeeeeeeeeeeeeeeeeeeeeeeeeeeeee  e e ee
/data3fast/users/mbermudez/de_02/TFGDataset/img/T2_0123.png|deee            ee   e  eee eeeeeee eeeeeee   e eeeee e eeee eeee eeeeeeeeeeeeeeeeeeee eee eeeeeee eeeeeeeeeee eeeeeee 
/data3fast/users/mbermudez/de_02/TFGDataset/img/T2_0396.png|eeeee e     e    e e     eeeee   eee eeeeeeeeeeeeee eeee   eeeeeeee   e eeeeeeeeeeeeeeeeeee eeeeeeee eeeeeee  eeeeeeeee
/data3fast/users/mbermudez/de_02/TFGDataset/img/T2_1104.png|deeeee            eeee  e ee eee   e eee eee   eeee e e  ee eeeee eeeeee  eee  ee  eeeeeeeeee    eeeeee eeeeeeeee eeeee
/data3fast/users/mbermudez/de_02/TFGDataset/img/T2_0088.png|eeeeee     eee    ee       eeeeeeeeeeeeeeeeeeeeeeeeeeeeeeee eeeeeeeeeeeeee eeeeeee   eeeeeeee   eee  eeeeeeeeeeeeee ee 
/data3fast/users/mbermudez/de_02/TFGDataset/img/T2_0647.png|deeeeee            e        eeeeee    e eeeeeeeeeeeeeeeeeeeee eee eeeeeee e eeee   eeeeeee eee eeeeeeeeeeeeeeeeeeeeeeee
/data3fast/users/mbermudez/de_02/TFGDataset/img/T2_0631.png|eeeeee  eee    eeeeeee  ee ee eee     eee ee eeeeeeeeeeeeeeeeeeeeeeeeeeeeeeeeeeeeee eeee eeeeeeeeeeeeeeeeeee      e  ee
/data3fast/users/mbermudez/de_02/TFGDataset/img/T2_1333.png|deee        e       eeeeeeeeeeee eeeee eeeeee   eeeeeee     eee  ee eee eeeeeeeeeeeeeeeeeee  eeeeeee  eeeeeeeeeeeeeee e
/data3fast/users/mbermudez/de_02/TFGDataset/img/T2_0285.png|deee ee    eeee  ee ee    e eeeeee e e eeeeeeeeeeee  eeeeeeee   eeee  eeeeeeeeeeeeee  e eee   eeeeeeeee eee  eeeeee ee 
/data3fast/users/mbermudez/de_02/TFGDataset/img/T2_1226.png|deeee   ee   eeee  eeee  eeeeeeee eeeeeeeee   e   ee eeeeeeee eeee eeeeeeeeeeeeeee    e  e e eeeee eeeeeeeeeeeeeeeeeeee
/data3fast/users/mbermudez/de_02/TFGDataset/img/T2_0353.png|eeeee   eee e e     eeee    eeee   eeeeeeeeeeeeeeeeeeee eee  eeeeeeeeeeeeeeeeeeeeeee eeeeeeeeee   ee eee    eeeeeeeeeee
/data3fast/users/mbermudez/de_02/TFGDataset/img/T2_0216.png|deeee     e   ee     eee  eeeeeeeeeeeeeeeeeeeeee  eeeeeeeee  e eeee   eeeeeeeeeeeeeeee e eeeeeeeeeeeeeeeeeeeeeeeeeeeeee
/data3fast/users/mbermudez/de_02/TFGDataset/img/T2_0644.png|deee             e       e  e eeeeeeeee ee e ee  eeeeeeeeee    eeeeeeeeeeeeee e   eeeeeeeeeeeeeeeeeeeeeee  eeeeeeeeeeee
/data3fast/users/mbermudez/de_02/TFGDataset/img/T2_1052.png|deeeee        eeeee  eeeeeeeee eeeeeee eeee e eeeeeeee e    ee eeeeee  eeeeeeeeee    ee eeeeeeeeeeeeeeeeeeeeeeeeee eeee
/data3fast/users/mbermudez/de_02/TFGDataset/img/T2_0895.png|deee         ee eee  e eeeeeeeeeeee   eeeeeeeeeeeeeeeeeee   eeeeeeeeeeeeeeee    eeeeee eeeeee eeee e ee    eee eeeeeeee
/data3fast/users/mbermudez/de_02/TFGDataset/img/T2_0567.png|deeeee       e    eeeeee ee e eeee  e eeeeeee    eeeeeeeeeeeeeeeeeeeeeeeeeeeeeeeeeeeeeeeeeeeeeeeeeeeeee    eeeeeeeeeeee
/data3fast/users/mbermudez/de_02/TFGDataset/img/T2_0590.png|deeeee                 eeeeeeeeeeeeeeeee   eeeeeeeeeeeeeee eee  eeeeee eeee    eee  eeeeeeeeeeeee  eeeeeee eeeeeeeeeeee
/data3fast/users/mbermudez/de_02/TFGDataset/img/T2_1458.png|deeee       ee eee   e  e eeeee   eeeeeeee eeeeeeeee eeeeeeee eeee eeeeeeeeeeee  e eeeeeee eeeeee eeeeeeeeeeeeeeeeeeeee
/data3fast/users/mbermudez/de_02/TFGDataset/img/T2_0295.png|deee    e   eee   e eeeeeeeeeeee  eeeeeee eeeeeeee  eeeeeeeee  eeeeeeeeeeeeeeeee  e eeee  eeeeeeeeeeeeee     e eeeeee e
/data3fast/users/mbermudez/de_02/TFGDataset/img/T2_0694.png|deeeeeeeeee e   e  e     eeeeeeeeeeeeeeeeeeeeee  eeeeeeeeeeeeeeeeeeeee eeeeeee eeeeeeeeeeee e eee  eeeeeeeeeeeeeeeeee  
/data3fast/users/mbermudez/de_02/TFGDataset/img/T2_0907.png|deeeeeeee ee eee       eeee e eeeeeeeeeeeee  ee eeeeeeeeeeeeeeeeeee  eeeeeee eeeeee eeeeee   ee   eeeeee eeeeeeeeeeeeee
/data3fast/users/mbermudez/de_02/TFGDataset/img/T2_0327.png|eeeee     e e       eeeeeee e e  eeeeeeeee e  eeeee   ee eeeeeeeeee eeeeee   eeeeeeeeeeee   eeee eeeeeeeee eeeeeeeeeeee
/data3fast/users/mbermudez/de_02/TFGDataset/img/T2_0098.png|deeee      e    e eeee eeee eeeeeeeee e   eee eee    e e e eeeeeeeeeeeeeeee eee eeeeeeeeeee eeeeeeeee ee eeeeeeeeeeeeee
/data3fast/users/mbermudez/de_02/TFGDataset/img/T2_1275.png|deeeee   e  eee     e e eeeeeeeee  e e  eeeeeeee eee  eeeee eeeeeeeeeee eeeeeeee eeee e e   eeeeeee  eeeeeee e  ee eeee
/data3fast/users/mbermudez/de_02/TFGDataset/img/T2_0707.png|eeeeee e e  eee    eeeeeeeeeeeee   eeeeeee     eeeeeee ee    eeeeeee eee eeeeeeeeeeee eeeeeee    eeeeeeeeeeeeeeeeeeeeee
/data3fast/users/mbermudez/de_02/TFGDataset/img/T2_0093.png|eeeeeee   e     eeeeee eeeeeee   e   eeeee  e eeee e  eeeeeeeee eeeee     eeeeeeeeeeeeeee eeeeeeeeeeeeee  eee eeeeeeeee
/data3fast/users/mbermudez/de_02/TFGDataset/img/T2_0726.png|dee   e  eeee   e eeeee   ee e  eeee eeeeee eeeeeeeeeeeee eeeeeeeeeeeeeeeeeeeeeee eeeeeeeeeeeeeeeeeeeeeeeeee  eeeeee   
/data3fast/users/mbermudez/de_02/TFGDataset/img/T2_0389.png|deeee  ee ee   e ee        eeeeeeeeeee   eeeeeeeeeeeeeeeeeeeeeeeee e   eeeeeee   eeeeeeeeeeeeeeeeeeeeeeeeeeeee eeeeeee 
/data3fast/users/mbermudez/de_02/TFGDataset/img/T2_0204.png|#  ee      eeeeeeeee eeee      eeeee e  e ee e  eeeeeeee   eee     eeeeeeee   ee eeeeeeee e    eeeee      eee e  eeee  
/data3fast/users/mbermudez/de_02/TFGDataset/img/T2_0142.png|deeeeee  ee e ee   eeeeeeeeee    ee ee e   eeeee  eeeeeee  e  eeeeee eeee  eeeeeeeeeeeeeeeeeeeeeeeeeeeeeeeeeeeeeeeeeeee
/data3fast/users/mbermudez/de_02/TFGDataset/img/T2_1155.png|deee               eeeeee    ee eeeeeeeeeeeee   e eeeeeeee  eeeeeeeeeeeeeeee eeeeeeee e eeeeeeeee eeeeeeeeee eeeeeeeeee
/data3fast/users/mbermudez/de_02/TFGDataset/img/T2_0125.png|deee  ee         eeee    eee  eeeeeeeeee   e eeeeeeeeeeeeeeeeee e  eeeeeeeeeeeeeeeeeeeeeeeeeeeeeeeee   e  eeeeeee e e  
/data3fast/users/mbermudez/de_02/TFGDataset/img/T2_0878.png|deeeeeee  eee ee eee eee    eeeee  eee   eeeeeeeee  eee e  eee  eeeeeee eeeeeeeeeeeeeeeeeeeeeeeeeeeeeeeeeeeeeeeeee  eee
/data3fast/users/mbermudez/de_02/TFGDataset/img/T2_0777.png|deeeeee  eee   e   eeeeeee eeeee      eeeeeeeee eeeeee       eeeeee eeeeeeeeeeeeeeeeeeeeeeeeeeeeeeeeeeeeeeeeeeeeeeeeeee
/data3fast/users/mbermudez/de_02/TFGDataset/img/T2_1306.png|eeeeeee       e eeeeeeeeee  eee   eeee   ee  eeeeeee ee eeeeeeeeeeeeeeee     eeeeeeee eeee eeeeeeeeeeeeeee eeeeeeeeeeee
/data3fast/users/mbermudez/de_02/TFGDataset/img/T2_0420.png|deee          e      eee   eeeeeeeeeeeeeeeeeeeeeeee ee    eeeeeeeeeeeeeeeee eeeeeeeeeeeee eeeeeeeee eeee eeeeeeeeeeeeee
/data3fast/users/mbermudez/de_02/TFGDataset/img/T2_0795.png|deeee   e    eeeeeeeeee eee  eee   eeeeeeee   eeeeeeeeeeeeeeeeeeeeeeeeeeeeeee eeeeeeeeeeeeeee     eeeeeeeeeeeeeeeeeeeee
/data3fast/users/mbermudez/de_02/TFGDataset/img/T2_1013.png|deeeeee      eee    e     eeeeeeee  eee eeeeee eeeee eeeeeeeeeeeeeeeeee eeeeeeeeeeeeeeeeeee   eeeeeeeeeeeeeeeeeeeeeeeee
/data3fast/users/mbermudez/de_02/TFGDataset/img/T2_1101.png|eeeeeeeee    e  e   eeeeeee   eeeeeeeeeee   eeeeeee   eeeeeeeee   ee  eeeeeeeee eeeeeeeeeeeeeee eeeeeeeeee eeeeeeee eee
/data3fast/users/mbermudez/de_02/TFGDataset/img/T2_1062.png|deee   e eee   eeee       e  e  eee  eeeeee    e ee eeee eeeeeeeeeeeee  eeeeeeeeeeeeeeeee  eeeeeeeeeeeeeeee  eeeeeeeeee
/data3fast/users/mbermudez/de_02/TFGDataset/img/T2_0578.png|eeeee     ee       eee  e    eeeeeeeeeeeeeeee   eee    eee   e  eeeeeeeeeeeeeeeeeeeeeeeee eee   eeeeeeeeeeeee  eeeeeeee
/data3fast/users/mbermudez/de_02/TFGDataset/img/T2_1320.png|deee ee  eeeeeeee ee    e  eeeee eeeee  e eeeeeee  eeeeeeeeeeeeee   e eeeeeee eeeee eeeeeee  eeee   eeeeeeeeeee  e   ee
/data3fast/users/mbermudez/de_02/TFGDataset/img/T2_0952.png|deeeee        eeee    eee   e eeeeeeeeeeeeeeee eeeeeee eeeeeeeeeeeeeeee e ee  eee eeeeeeeee eeeee   eeeeeeeeeeeeeeeeeee
/data3fast/users/mbermudez/de_02/TFGDataset/img/T2_1286.png|deeee e       e  e e  e   eeeeee eeeeeeeee eeeeeeeeeeeeee  eeeeeeeeeeeeeeeeeeeeeeeeeeeeeeeeeeeeeeeeeeeeeeeee  eeeeeeee 
/data3fast/users/mbermudez/de_02/TFGDataset/img/T2_0686.png|deee      eee eeee   e eeeee ee  e eeee  eeeeeeeeeeeeeeeeeeeeeeeeeeeeeeeeeeeeeee eeeeeee e eeeeeeeeeeeeeeeeeeeeee eeeee
/data3fast/users/mbermudez/de_02/TFGDataset/img/T2_0791.png|deeeeeee        e     eeeeeee  eeeeeeeeeeeeeeeeeeee eeeeee ee ee  eeeeeeeeeeee eeeeeeeeeeeeeeeee eeeeeeeeeeeee      eee
/data3fast/users/mbermudez/de_02/TFGDataset/img/T2_0296.png|deee         ee   e    eeeee   e e eeeeeeeeeeeeeeeee    eeeeeeeeeeeee    eee  eeeeeeeeeeeeeeeeee e  eeeee eeeeeeeeeeeee
/data3fast/users/mbermudez/de_02/TFGDataset/img/T2_0368.png|deeeee        eeee    ee   e e eeee  e    eeeeeeee e ee eeeeeeeeeeeeeeeeee eeeee ee eeeeeee  ee e  eeee  eeeee    eee e
/data3fast/users/mbermudez/de_02/TFGDataset/img/T2_0279.png|deeee e           eeee       ee   e eeeeeeeee    e eee  e    e eee eeeeeeeeeeeeeeeeeeeeeeeeeeeeeeeeeeeeeeeee eee  eeeee
/data3fast/users/mbermudez/de_02/TFGDataset/img/T2_0085.png|deeee      eee e    eeeeeeeeeeee e eeeeeeeeeee  e e  eeeee e    eeeeee eeeeee e eeee e  eeeee eeeeeeeeeeeeeee     ee  e
/data3fast/users/mbermudez/de_02/TFGDataset/img/T2_0333.png|deee e          ee    eee       eeeeeee eeee  eeeeeeee ee eee e  eeeee eeeeeeee eeeeeeeeee eeeeeeeee     e eeeeeee e ee
/data3fast/users/mbermudez/de_02/TFGDataset/img/T2_0407.png|deeee   e ee e    eeee   eeeee  e ee  eeeee eeeeeee   eeeeeeeeeeeee e eeeeeeeeeeee  eeee eee eeeeeeeeee eeeeeee   eeeee
/data3fast/users/mbermudez/de_02/TFGDataset/img/T2_0257.png|deeeeeee        e e     eeeeee  e  eeeeeeeeeeeeeeeeee eeeee eeeeeeeeeeeeeeeeeeeeeeeeeeeeeeeeeeeee eee  eeeeeeeeeeee   e
/data3fast/users/mbermudez/de_02/TFGDataset/img/T2_0966.png|eeeee    e e   ee  e  e        eeeeeeeeee ee eee     eeee eeee  eeeeeeeeeeeeeeeeeeeeeeee e eeeee  e  eeeeeeeeeeee  eeee
/data3fast/users/mbermudez/de_02/TFGDataset/img/T2_0299.png|deeeee             eeeeeeeeeeeeee e   eeeeeee eeeee eeeeeeeeeeeeeeee eeeeeeee  eeeeeeeeeeeeeeeeeeeeeeeee ee     eeeeeee
/data3fast/users/mbermudez/de_02/TFGDataset/img/T2_0869.png|eeeee     eee   ee    eeeeeeeeeee eeeeeeeeeeeeeeeeeeee   ee eeeeee eeeeeeeeeeeeeeeeeeeeeeeeeee  eee eeeeeeee eeeeeee  e
/data3fast/users/mbermudez/de_02/TFGDataset/img/T2_0731.png|deee       ee    eeeeeeeeeee e  eeeeeeeeeee e   eee eeeeeeeeee  eeeeeeeeeeeeeeeeeeeee eeeee   eeeeeeeeeeeeeeeeeeeeeeee 
/data3fast/users/mbermudez/de_02/TFGDataset/img/T2_0908.png|deeeee      e e         ee  ee e e    ee   e  e eeee   eeeee   e eeeeeeeeee     eee e e eeee  eeeee ee eeeeeeeeee eeeee
/data3fast/users/mbermudez/de_02/TFGDataset/img/T2_1262.png|deeeee   e e   e    eeeeee       e  eeeeeee  eeeeee    eeeeeeeeeeeeeeeeeeeee eeee   eee eeee   eeeeeeeeee eeeeeeeeeee e
/data3fast/users/mbermudez/de_02/TFGDataset/img/T2_1299.png|deeee       e eeee       eeeee eee     eeeeeeeeeeeeeeeeee  eeeeee eeee eeeeeeeeee eeeeee eeeeee  eeee e ee  eeeeeeeeeee
/data3fast/users/mbermudez/de_02/TFGDataset/img/T2_0554.png|deeee         e    eeee   ee  e  ee eeeee    eeeeeeee eeeeeeeeeeeeeeeeeeeeeeeee  eeeeeeeeeeeeeeeeeeeeeee eeee e e eeeee
/data3fast/users/mbermudez/de_02/TFGDataset/img/T2_1254.png|deeee      eee  eee   ee     e eeeeeeeeeeeeeeeeeeeee ee eeeeeeeeeeeeeeeeeeeeeeee  eeee ee  eeeeeeeeeeee    eeee eeeee e
/data3fast/users/mbermudez/de_02/TFGDataset/img/T2_1243.png|deeee        eeee  eeee       ee    eeee  eeeeeeeeeeee e     eeeeeeeeeeeeeeee e eeeeee eeeeeeeeeee ee ee  e e eeeeeeeee
/data3fast/users/mbermudez/de_02/TFGDataset/img/T2_1325.png|deeeee        eeee   eeee  eeeee    eee  eeeee ee     e   e ee eeeeeee e     ee eee eeeeeeee    eeeeeeeeeeeeeeeee    ee
/data3fast/users/mbermudez/de_02/TFGDataset/img/T2_0500.png|deeeeee   eee eeeeeee     ee  eeeeee     eeeeeee eee eeeeeeeeee eee ee  eee ee  ee eeeeeeeeeeeeee ee eeeeeeeee  eeeeeee
/data3fast/users/mbermudez/de_02/TFGDataset/img/T2_1441.png|deee  eee e e ee   eeee      eeeeee ee ee    eeeeeeeeee ee   eeeeeeeeeeee     eeee eeeeeeeeeeeeeeeeeeeeeeeee  eeeeeeeee
/data3fast/users/mbermudez/de_02/TFGDataset/img/T2_0769.png|deeeeeee     eeeee ee ee  e    eeeee eeee   eeeeeeeeee e e eeeeeee  e eeee   ee  eeeeeeeeeeeeeeee   eeeeeeeeeeeeeeeeee 
/data3fast/users/mbermudez/de_02/TFGDataset/img/T2_1005.png|deee          ee  eeee eee e  e  eeeeeeee      eeeeeeeeeeeeee    eeeeeeeeeeeeeeeeeeeeeeeeeee eeeeee   e  eee   e eeeeee
/data3fast/users/mbermudez/de_02/TFGDataset/img/T2_1183.png|deeee            e eeee   e    eeeeeeeee   e   eeeeeeeeeee eeeeeeeeeeeeeee eeee  eeeeeeee ee   eee eee   eeeeeeeeeeee e
/data3fast/users/mbermudez/de_02/TFGDataset/img/T2_1418.png|deee     ee ee  eee e    eee eeeeeeeeeeeee ee ee   eeeeee e eeeee  ee   eeeeeeeeeeee  eeee     eeeee   eeeeeeee eeeeeee
/data3fast/users/mbermudez/de_02/TFGDataset/img/T2_1440.png|deeeee          e  ee ee eeeee  eeeeeeeeeee eeeeeeeee   e  eeeee  eeeeeeeee  e eeee      e  eee    eeeeeeeeeeeeeee eeee
/data3fast/users/mbermudez/de_02/TFGDataset/img/T2_0301.png|deeee           eeeeeeee      e eeee   e e  ee eeee eeeeeeeeeeee e  eee  ee  ee eeee eeee eeee  e eeeeeeeeeeee e eee   
/data3fast/users/mbermudez/de_02/TFGDataset/img/T2_0028.png|deeee       e    e   e     ee  eee  eeeeee eeeeeee eeeee    e  eeeeeeee e   ee  eeeeee  eeeeeeeeee ee   ee  ee e eeeeee
/data3fast/users/mbermudez/de_02/TFGDataset/img/T2_0789.png|deeeee  ee   ee ee    e   e       eeeeeeee e    eeeeeee     e  ee  e  eeeee e eeeeeee  eeee  eeeee eeeeeee eee eeee e e
/data3fast/users/mbermudez/de_02/TFGDataset/img/T2_1115.png|deeeee     eeee      eee  e    eeee  eeeeeeeee e  e eeeeeee   eeeeeeeeeeee  eeeeee  eeeeeeeeeeeeeeeee  e eeeeeeeeee eee
/data3fast/users/mbermudez/de_02/TFGDataset/img/T2_0451.png|deee e    e        eee    e   ee    eeeeeeeeee   eeeeeeeeeeeeeeeeeeeeeeeeeeeeeeeee  eeeeeeeeeeeeeeeeeeeee    eeeee  ee 
/data3fast/users/mbermudez/de_02/TFGDataset/img/T2_1278.png|deeeee e            eee  e e  ee   e  eeeeee      e eeeee eeeeeeee eee eeeeeeeee eeeee ee   e eeeeeeeee    e eee   ee  
/data3fast/users/mbermudez/de_02/TFGDataset/img/T2_0100.png|deeeee         ee     ee  eeee ee  e   eeeee          ee e  eeeeeeeeeeeeeeeee   e eeeeeeeee ee e eeeeeeeeeee  eeeeeeeee
/data3fast/users/mbermudez/de_02/TFGDataset/img/T2_0234.png|deeeee ee  e     eeeeeeeeee  eeee eeeee    eee eee  e  eeeeee eeeeeee e eeeeeeeeeeeeeeeeee eeeeeeeeeeeeeee eeeeeeee   e
/data3fast/users/mbermudez/de_02/TFGDataset/img/T2_0970.png|deee e   eee    e eeeee     eeee  e e eeeeeeeeeeee   eeee  ee eeeeeeeeeeeeeeeeee   eeeeeeeeeeeeeeeeeeeeeeee eeeeeeeeeee
/data3fast/users/mbermudez/de_02/TFGDataset/img/T2_0406.png|deee         e  e    eeeee   eeeeeeeeeeee  eee   eeeeeeeeeeeee eeeeeeeeee   eeeeeee ee  eeeeeeeeeeeeeeeeeeeeeeeeeeeeeee
/data3fast/users/mbermudez/de_02/TFGDataset/img/T2_0059.png|eeeeeee    e e ee      eee e  eeeee eeeee eee ee eeeeeeeee eeeeee    eee eeeeeeeeeee eeee eeeeeeeeeeeeee  eeeeee ee ee 
/data3fast/users/mbermudez/de_02/TFGDataset/img/T2_1324.png|deee         eeee e ee     e  ee e ee eeeeeeeeeeee e eeee  eeeeeeeeeeeeeeeeeeeeeeee    eeeeeeeee     eeeeeeeee eeeeee e
/data3fast/users/mbermudez/de_02/TFGDataset/img/T2_1020.png|#        ee e   eeee       eeeee     eeeee       e   e         eeee     e   e    eeee       ee    ee       e eee   eee 
/data3fast/users/mbermudez/de_02/TFGDataset/img/T2_1379.png|deeee           e e   eee   eeeeeee   eeeeee e e   eeee      eeeeeeeeeeeeeeeeee   eee  eeeeeeeeeeeeeee eeeeee  eeeeeeee
/data3fast/users/mbermudez/de_02/TFGDataset/img/T2_0271.png|deee      e  e         eeeeeeee eee eeeeeee   eeeeeeeeeeeeeeeeeeeeeeeeeeeeeeeeeeeeeeee   eeeeeee ee  eee eeeeeeeeeeeeee
/data3fast/users/mbermudez/de_02/TFGDataset/img/T2_0859.png|deee  e   eeeeeee  e   ee ee  ee eee eeeeeeeee  eee    eeeeeee eeeeee  eeeeeeeeeeeeeeeeeeeeeeeeeeeeeeeeeeee    eeeee   
/data3fast/users/mbermudez/de_02/TFGDataset/img/T2_0833.png|deeee           ee      eeee eeeeee eeeeee eeeee ee   eeee      eeeeeeee       e eeeee e  eeeeeeeeeeeeeee ee   ee eeeee
/data3fast/users/mbermudez/de_02/TFGDataset/img/T2_0924.png|deee                         eeeeeee  ee e  eee       eeeeeeeee eeeeeee eeeee e ee e eeee  eeee eeeeeee   e    eeee ee 
/data3fast/users/mbermudez/de_02/TFGDataset/img/T2_0742.png|deeeee             ee ee    eeee   eeee e eeeeeeeeeee   eeeeeee eeeee  eeeeeeeeee  eeeeeeeeeeeeeeeeeee e  ee  eeeee e e
/data3fast/users/mbermudez/de_02/TFGDataset/img/T2_0572.png|deeee        e     e  eeee  ee     e ee   eeeeeee eeeee   eeeeeeeee eeee ee eeeee  eeee eeee eeeee eeeeeeeeeeeeee      
/data3fast/users/mbermudez/de_02/TFGDataset/img/T2_0195.png|deee        ee    e eee     eeeeeeee   eeeeeee    eeeeeee eeee  eeeeeeee  ee eeeeeeeeeeeeeeee  eeeeeee   ee  e ee eeeee
/data3fast/users/mbermudez/de_02/TFGDataset/img/T2_0127.png|deeee          ee  eeeeeeee eeeeeee   eeeeeee e    eeeeeeee  ee ee ee e e eeeeeeeeee     e eeeeeeeeeeeee    e  eeee    
/data3fast/users/mbermudez/de_02/TFGDataset/img/T2_0768.png|deee            e  e e ee ee eeeeeeeeeeee   eeeee  eee eee eee eee eeeeee eeeeeeeeeeeee eeeeeeeeeeeeeeeeeeee eeee   eee
/data3fast/users/mbermudez/de_02/TFGDataset/img/T2_0110.png|deeee e       ee   eeeee    eeeeeeeeeeee eeeeee     eeeeee      eee  eee e eeeeeee eeeeeeeeeeeeeee ee eeeeeeeeeeee  eee
/data3fast/users/mbermudez/de_02/TFGDataset/img/T2_0384.png|deee         eee     eee ee ee  e    eeeeeeee   eee   eee   eeeeeeee eee eeeeee  e  eeeeeeeee     eeeeeeeeeeeeee  eeeee
/data3fast/users/mbermudez/de_02/TFGDataset/img/T2_0462.png|dee      e     e  e eeeeee   ee eeeeeeeeee  ee  e  eeeeeeee e eeee eeeeeee eeeee   eeee eeeeeee eeee eeeeeeeeeeeeeee ee
/data3fast/users/mbermudez/de_02/TFGDataset/img/T2_0547.png|deeee                     e eeeeeee      eeeeee   eeeeee eeee  eeeeeeeee   eee eeee e     eeeeeeeeeeeeeeeeee  eeeeeeeee
/data3fast/users/mbermudez/de_02/TFGDataset/img/T2_0251.png|dee              ee  ee  eeeeeeeee   eeee   e  eeeeeeee   eeeeeee eee eeeeeeeee ee  ee  eeeeeeeeeee eeeeeeee  eeeeeeeee
/data3fast/users/mbermudez/de_02/TFGDataset/img/T2_0780.png|de e  e    e  eeee  eeeeeeee eee e ee eee  eee  eeeeeee eeeeeeeeee  e e    eeeeeee   ee   eee   eeeeeeee eeeeeeeeeeeeee
/data3fast/users/mbermudez/de_02/TFGDataset/img/T2_0923.png|dee   ee     e    e    e    e      eeeeeee  eeeeeeeeee e     e  ee ee ee        eeeeee e eeeee  e  eeeeeeeeeeeeeeeeee  
/data3fast/users/mbermudez/de_02/TFGDataset/img/T2_0836.png|deeee        eeeeee   e e eeee  e  eeee e eeeeeeee   e ee    eeeeeeeeeeeeee e  eeeeeeeeeeeeeeeeeeee eeeeeeeeeeeeeeeeeee
/data3fast/users/mbermudez/de_02/TFGDataset/img/T2_0709.png|deee                 eee    e    e   eeeeee e eeeeeeeeeeeeeeeeeeeeeeeeeeeeeeeeeeee    ee eeeee eeeeeeeeeeeeeeeeeeeeeeee
/data3fast/users/mbermudez/de_02/TFGDataset/img/T2_1164.png|deeee   ee        ee     eee   e        eeeee     eeeeee e   eeeeeee e  eeeeeee ee eeeeeeee  eeeeeeeee ee ee  eeeeeeeee
/data3fast/users/mbermudez/de_02/TFGDataset/img/T2_0714.png|deeee          eee   ee           eeeeeeeee  eee ee  e  ee  eeeeeeeeeeeeeee e  eeeeee   eeeeeeeeeeeeeeee  e eeeee eeeee
/data3fast/users/mbermudez/de_02/TFGDataset/img/T2_0822.png|deee                     eee    eee       eeeeeee eee  eeee e eeeeeee eeeeeeeeeeeeeeeee   eee e eeeeeee  eeeee eeeeeee 
/data3fast/users/mbermudez/de_02/TFGDataset/img/T2_0154.png|deeee               ee    eeeeeeeee ee   eeee   e  eeeeeeee  eeeeee     eeeee eeee e ee ee e eeee  eeeee eeeeee eeeeeee
/data3fast/users/mbermudez/de_02/TFGDataset/img/T2_0735.png|#        e     eee ee   ee     eeeeeeeeeeeee eee eeeeeee   eeeeeeeeee eeeee   eeeeeeeeeeeeeeeeeeeeeeeeee  eeeeeeeeee   
/data3fast/users/mbermudez/de_02/TFGDataset/img/T2_0258.png|deee    e   e      ee eee     e    e       e ee  eeeeeeeee eeeeeeeeee e eee   eeeee e eeeeeeee   ee  eeee e e ee eeeee 
/data3fast/users/mbermudez/de_02/TFGDataset/img/T2_0651.png|deeeeee    eee       ee       ee      eeeee  eeeeeeee   eeeee  e eeeee ee eee  eeee e    eeeeeeee   eeeeeeeeeeeeeeeeeee
/data3fast/users/mbermudez/de_02/TFGDataset/img/T2_1501.png|deee  eee   ee  e         eeeeeeeee eeeeeee eeeee  eeeee eee  eee   eeeeeeeeeee   eeeeeeeee  eeeeeee    eeeeeeeeeeeeeee
/data3fast/users/mbermudez/de_02/TFGDataset/img/T2_1177.png|deee                eeeee   e ee ee     eeee eeee eeeeeeee e     eeeeee   e    eeeee  e eeee e eeeeeee eee eeeeeeeeee  
/data3fast/users/mbermudez/de_02/TFGDataset/img/T2_0524.png|deeee e         ee   e eeeee e e eeeeee eee  e eeee     eeeeeeeeeeeeee eeee eeeeeeeeeeeee ee eeeeee eee  e  e ee   ee  
/data3fast/users/mbermudez/de_02/TFGDataset/img/T2_0321.png|dee        ee  e      ee  e    ee eeeee   eeeeee   eeee  eeee e    e eeeeeeeeee  eeeeeeeeeeeeeeeee eeeeeeee e eeeeeeeee
/data3fast/users/mbermudez/de_02/TFGDataset/img/T2_0488.png|dee e            ee   e       ee      e eee eee eee  e eeeeeeeeeeeeeeeee eeee eeeeeeeeeeee eeeeeee e eeeeeeeee ee   ee 
/data3fast/users/mbermudez/de_02/TFGDataset/img/T2_0034.png|#    e   eeeeeeeeee  e eee e   eee e         eeeeee e eeeeee eeeee   e  ee  eeee  eeeee e   eeee ee    e eeeeeeeee     
/data3fast/users/mbermudez/de_02/TFGDataset/img/T2_0537.png|de           eeeee    e ee  ee eeee e   eee eeeeee eeeee eeee  eeeeeeeeeeeeeeeee eeeeeeeeee   eeeeeeeeeee eeeeeeeeeeee 
/data3fast/users/mbermudez/de_02/TFGDataset/img/T2_0280.png|deeeee      e e e             e    eee e e  eee eeee eeeeeee      eeeeeeeeeeeee e eeeeeeeeeeeeeeeeeeeeeee eeeeeee eeeee
/data3fast/users/mbermudez/de_02/TFGDataset/img/T2_0570.png|deeee      ee        ee     ee  e     eeeeee   ee  eeeeeeeeeee e eeeeeeeeee   eee    e e eeeeeeee ee    eeeeeee  eeeeee
/data3fast/users/mbermudez/de_02/TFGDataset/img/T2_1130.png|deee                  e    ee         eeeee  eee e eeeeeeeeeee eeeeeee eeeeee    eeeeee  eeee  e    e  e eeee  eeee    
/data3fast/users/mbermudez/de_02/TFGDataset/img/T2_0840.png|dee   eeee eee e   e   eeeeeeeeee ee    eeeee     eee  eeeeeeeeeeeeeeeeeeeeeee eeeeeee   ee e  eee ee  ee  eeee  eeeeee
/data3fast/users/mbermudez/de_02/TFGDataset/img/T2_0699.png|deeeeee      eeee   eee     ee eeee      eeeeeeeee eeee e  eeeeeeeeeeeeeee e e   ee  eee eeeeeeeeeeeeeee  e eee  eeeeee
/data3fast/users/mbermudez/de_02/TFGDataset/img/T2_0190.png|deeeee                          e      eeeeee eeeeeee    eeeeee eeeeeeeeee  ee eeeeee  eeeeee e ee e eeeeeeeeeeeeeeee  
/data3fast/users/mbermudez/de_02/TFGDataset/img/T2_1386.png|deee       e      e   ee   e eeeeeeeeeeeeee ee e eeeeeeeeeeeeeee    eeeeeeeeeeeeeeeeee  e    eeee e eeeeee  ee eeeeeeee
/data3fast/users/mbermudez/de_02/TFGDataset/img/T2_0331.png|#         eee   eee     eee     eee  e        eee    eee   e   eeeee      eee ee      eee   e          ee e e          
/data3fast/users/mbermudez/de_02/TFGDataset/img/T2_0174.png|deeee     e e eee eeeee e  eee   e  eeeeeeeee eeeee eeeee e eee eeeeeeee eeeeeeeeeeeeee  e eeeeeeeee eee ee eee ee e   
/data3fast/users/mbermudez/de_02/TFGDataset/img/T2_0453.png|deeee  ee eee         eeee   e ee eeeee  e e  eeee eeeeeeeeeeeeeeeeeeee  eeee   e   eeeeeeee   eeeeeeeee e     eeeee  e
/data3fast/users/mbermudez/de_02/TFGDataset/img/T2_0914.png|deeeeee              e e   e eeeeeeeeeeeeee  e eee   eeeeee e     eeee e eeeeeee ee   eeeee  eeeeee eee e   eeeeeeeeeee
/data3fast/users/mbermudez/de_02/TFGDataset/img/T2_0164.png|#         eeeeeeee eeee ee  eeeeee    eeeee eeeeeeeeeeeeee  eeeee  eeeeee e e  e eee eee eee  e  eeeeee eeeee  e ee    
/data3fast/users/mbermudez/de_02/TFGDataset/img/T2_0942.png|deee             e   eee    eeee eeeeeeee  e eeee  e eee    eeeeeee e eeeeee   eeee   eeeeeeeee   eeeeeeeeee e      eee
/data3fast/users/mbermudez/de_02/TFGDataset/img/T2_0969.png|deee            ee       eee   eeeeeee   eeeeeee   eee   eeeeeeeee eee eeee    eeeeee eeee ee  e  eeeeeeeee   e ee  eee
/data3fast/users/mbermudez/de_02/TFGDataset/img/T2_1037.png|deee                   ee eee        eeeeeee   eeeeeeeeee e    eeeeeeee eeeee eee  eeeee eeeeeeeeeeeeeeeeeeeeeeeee    e
/data3fast/users/mbermudez/de_02/TFGDataset/img/T2_1371.png|deee        e  e eee e    e   eeee   eee eeee   eeee eeee e e e eeeeeeeeeeeeeee eeeee eeee    eee e     eeeeeeeeeee  ee
/data3fast/users/mbermudez/de_02/TFGDataset/img/T2_0495.png|deeee       e     eee   eeeeee eeee e eeeeeeeeee    ee e  eee   e    eeeee  eeeeeeeeeeee  eeee e     eeeeeeeeeee   eee 
/data3fast/users/mbermudez/de_02/TFGDataset/img/T2_1197.png|deeeee           e        eeeeeeeee  eeee  e e eeee  e            e  ee  eee  eeeeeeeeeeeeeeeeeeee eeeeeeeeeeeeeeee  ee
/data3fast/users/mbermudez/de_02/TFGDataset/img/T2_0436.png|deee           eee    e eee eeee  e     ee   eeeeee  eeeeeeee  eeeeeeeeeee eeeeeeeeeeeeee eeeeeeeeeeee  eee  eeeeeeeeee
/data3fast/users/mbermudez/de_02/TFGDataset/img/T2_1249.png|dee         e     e   eeeeeee    e ee      eeee eeeee eee eeeeee     e eeee eeeeeee  eeeeeeeeeeeeeeeeeeeee  eeeeeeeee e
/data3fast/users/mbermudez/de_02/TFGDataset/img/T2_1261.png|deeee  e      ee   eeeeeeeeeee     e e     eeeeeee   ee eeeee eeee  ee   ee  eeeee   ee eeee eee  eeee ee eeeeeeeeeeeee
/data3fast/users/mbermudez/de_02/TFGDataset/img/T2_1148.png|deee             ee      e   e eee  ee    eeeeeeeeeeeeeeeeee    eeeeeeeeeeeeee eeeee e  e eeeeee  ee eeeeeee eeeeeee   
/data3fast/users/mbermudez/de_02/TFGDataset/img/T2_0744.png|deee       e    e   e               e eeee    e eeeeeeeeee  eee eee  eeeeeee       eeee eee e    eeeee eeee   eeeeeee e
/data3fast/users/mbermudez/de_02/TFGDataset/img/T2_0573.png|deeee           ee       ee e  eee e  e  ee    eeeeee  eeeeeeeeeeeeeeeeeeeee  eeeeeeeeeeeeee ee ee     eeee eeee   ee  
/data3fast/users/mbermudez/de_02/TFGDataset/img/T2_0119.png|eeeee                 eeee e  eeee eeeeeeeeeee e    e eeee   eeeeeeeee  eeeeeee eeeee      ee  eee eeeeeeeeeeeee  eeee 
/data3fast/users/mbermudez/de_02/TFGDataset/img/T2_1342.png|deee            ee        eee   e  e   eeee ee  eeeeeeeeeeeeee  eeeeeeee ee     eeeeeeeeee eeee ee   eeeee ee e  e eeee
/data3fast/users/mbermudez/de_02/TFGDataset/img/T2_1222.png|deee      e         eeee     eeee      eeeeeee   eee ee eeeee  eeee ee    eeeeeeeeeeeeeeeeeeeeeeee  eeeee eeee  e eeeee
/data3fast/users/mbermudez/de_02/TFGDataset/img/T2_0503.png|deee    e       e        eeeeee   eee e    ee       eeee ee        eeeee  eeeeeeeeeeee eeeeeeeeee eeeeeee  e eeeeeeeeee
/data3fast/users/mbermudez/de_02/TFGDataset/img/T2_1280.png|deeee       ee      e  e     eeeee       ee   ee   e eeeee     eeee    e  eeeee         eeeeee e   e   ee      ee eee  
/data3fast/users/mbermudez/de_02/TFGDataset/img/T2_0303.png|deeee        e               e eee  e eeeee      e  eeee eeeeeeeeee  eee   eee eeeeeeeee   eeeeeeeeeeeeeeee   eeeeeeeee
/data3fast/users/mbermudez/de_02/TFGDataset/img/T2_1369.png|dee                      ee     ee eeeee   eee  eee eeee eeeeeeeeeeee   eeeeeeeee     e          eeeeee   eeeeeeee eeee
/data3fast/users/mbermudez/de_02/TFGDataset/img/T2_1307.png|deee e                 e   e   e    eeeeeee ee   eee  eeeeeeee  eeeeee eeeeeeeeee  eeeee       e ee  eeeeeeeeeeeeeeeeee
/data3fast/users/mbermudez/de_02/TFGDataset/img/T2_1464.png|deeeee e                 e eeeeeee    eee ee e    eeeee  e   eee  eeeeeeeeeeeeeeeeeeee e eeeee eeeeeeeeeeeeeeee   eeee 
/data3fast/users/mbermudez/de_02/TFGDataset/img/T2_0533.png|deee       e  ee e        ee      e eeeee eee eeeeee     eee  ee  e eeeeee eeee eee eeeeee   eeeeeeeee e ee eeeeeee   e
/data3fast/users/mbermudez/de_02/TFGDataset/img/T2_0473.png|deee     e       e         eeeeeeeeeee eeeeeeeee ee   eeeeeeeeeeeeeeeeeeee e      eeee eeeeee    ee ee   e  eee  eee  e
/data3fast/users/mbermudez/de_02/TFGDataset/img/T2_0998.png|deeee          e e       ee    eeeeeeee eeee  e  eee    ee  eeeeeeeeeeee eee ee  eeeeee  eeeeeeeeee       e eeeee ee e 
/data3fast/users/mbermudez/de_02/TFGDataset/img/T2_0112.png|dee          e    eee eeeee     e eeeeee    ee   e     eeeeee e ee eeeeee e eeeeeeeeeeeeeeeeee   eeeeeee    eee eeeeeee
/data3fast/users/mbermudez/de_02/TFGDataset/img/T2_0612.png|deeee   e   eee                e  eeeee  eeeee     eeee   ee      eeeeeeee  eee eeeee eeeeeeeeeee  eeeeeeeeeeeee eee ee
/data3fast/users/mbermudez/de_02/TFGDataset/img/T2_0082.png|deeee  e         eeeeee  e  e    eeee eee ee    e  e   eeee  eeee  ee eeeee  eeeeee   eeeeeeeeeeeeee    eeeee  eeeeee  
/data3fast/users/mbermudez/de_02/TFGDataset/img/T2_0171.png|dee          eeeeeeeeeeeeee     eee   eeeeeeeeee  ee eeeeeeee        e e    ee eeee          ee  eeee  e eeeeeee eeee  
/data3fast/users/mbermudez/de_02/TFGDataset/img/T2_1326.png|deeee      eee     eee e    eeeeeee   e        e   ee   eeeeeeee eeee eee  eeeeeeeee eeeeeeeeeeeeeeeeeeeee eeee   e  e 
/data3fast/users/mbermudez/de_02/TFGDataset/img/T2_0670.png|deeee   ee       e     e     eeee     eeeeee eee  eeeee eeeeeeeeeee eee    eeeee   eeeeee eeeeee  eeee    eee   eeeeee 
/data3fast/users/mbermudez/de_02/TFGDataset/img/T2_1190.png|deee      e     e   eeeee eeeeeeeeeeeee eeeeeeee   eeeeeeeeeeeeee e e   eeeeee   e    eeeee   eeee      eeeeeeeeeeeeee 
/data3fast/users/mbermudez/de_02/TFGDataset/img/T2_0980.png|deeee      e        eee             ee    e ee ee  e  ee   ee  ee eeeee   eeeeeeeeee  eeeeeeeeeeeeeeeeeeeee eeeee e   e
/data3fast/users/mbermudez/de_02/TFGDataset/img/T2_0756.png|deee    e    ee                      e eee  ee   ee e ee eeeeee  eeeeeeee  eeeeeee ee ee eeee ee  e eeeeeeeeeeeeeeeee e
/data3fast/users/mbermudez/de_02/TFGDataset/img/T2_1332.png|deeee              ee e eeeeeee e eeee eeee eee   eeeeeeeeeeee  eeeeeeee e  eeeeeee eeeeeeee  e   e     eeeeeee eeeeeee
/data3fast/users/mbermudez/de_02/TFGDataset/img/T2_0005.png|deee         e               e   eeeeeeeee    eeeeeeee eeeeeee  eee  eeeeeee      eeee eeeeeeeeeeee  e e  eeeee e eee  
/data3fast/users/mbermudez/de_02/TFGDataset/img/T2_0373.png|deee                   ee    eee   e  e eee e ee e eeeeeee          eeeeee  eeee eeee e eeeee     eeeeeeeeeeee   eeee  
/data3fast/users/mbermudez/de_02/TFGDataset/img/T2_0128.png|deeee   e        e        e           eeeeeeeee   eeeeeeeee  eeeee eeee e    eeeee eeeeeee  eee e eeee eeee  eeee  eeee
/data3fast/users/mbermudez/de_02/TFGDataset/img/T2_1394.png|dee    ee        ee e  ee e   ee  eee eee   eeeee   eeeeee eeeeeeeeeeeeeee  eeeeeeeeeeeeeeee     eeee ee  eeeeeeee  e e
/data3fast/users/mbermudez/de_02/TFGDataset/img/T2_1443.png|dee            e   e    e     eeeeeee eeeeee e        eeeeee   ee e eeeee     eeee          e  eeeeeeeee    eeee eee ee
/data3fast/users/mbermudez/de_02/TFGDataset/img/T2_0208.png|deeee            e   e       e ee    eee     eee   e eee     eeeee   eee eeeeeee eee eeeee     e ee eeeee e ee eeeeeeee
/data3fast/users/mbermudez/de_02/TFGDataset/img/T2_0194.png|#       e  eee   ee   ee  ee    e eeeeeeeee  eeeeeee     e eeeeeeeee     eeeeee  eeeeeeeeeee      eeeeeeee  eeee  eeeee
/data3fast/users/mbermudez/de_02/TFGDataset/img/T2_0304.png|dee    e           e  ee       eeeee  e      e    e ee  eeee  eeeeeeeeeeeeee e       e   eeee eee eeeeeee   e eeeee  ee
/data3fast/users/mbermudez/de_02/TFGDataset/img/T2_1107.png|#            ee                 e ee          ee           e          ee         eee            eee              e     
/data3fast/users/mbermudez/de_02/TFGDataset/img/T2_1492.png|deeee              eee        eeee   ee  e  e      eee  e     ee    eeeeee  eee e    eeeeeee ee eee    e    eeee e     
/data3fast/users/mbermudez/de_02/TFGDataset/img/T2_0394.png|deee     e            eee  e e          e  ee  eeee e e    eeee  eee e eeeeeeeeeeeeeee ee e  eeeeeeeee  eeeeeeeeee  e  
/data3fast/users/mbermudez/de_02/TFGDataset/img/T2_0702.png|deee            ee eee  ee e   eeeee    ee  ee e    eeeeee eeee  e  ee    e     eeeeeeeee     eeee  e eee  eeee eeeeeee
/data3fast/users/mbermudez/de_02/TFGDataset/img/T2_0197.png|deeeee      e     ee              e   eeeeeee eeee   eee  eeeeeeeeeeee e e  e     eeeeeeee eeeeeeeeee  eeee  e e eeeeee
/data3fast/users/mbermudez/de_02/TFGDataset/img/T2_0095.png|deee                 ee  ee   ee    eeee e        eeee    eeeeeeeeeeeeeeeeee eee  eeeeeeeeee eeeeee  e eeeeeeeeeeeee ee
/data3fast/users/mbermudez/de_02/TFGDataset/img/T2_1171.png|deee         e   e    e e  eeee     eeeee e    eeeeeeeeeeee     eeeeeeee  ee     eee eeee   eeee eeee   e       e e    
/data3fast/users/mbermudez/de_02/TFGDataset/img/T2_0514.png|deee       e  ee      eee  e        ee  eeeee  ee eeeeeee eeeeee eeeeee eeeeeeee ee  eeeeeeeeeeee  eeeeeeee e e  e ee  
/data3fast/users/mbermudez/de_02/TFGDataset/img/T2_0545.png|deee          eee  e       eee ee      ee e         eeeeeee    eeeeeeee   eee   e  eeeee eee  eeee eeeeeeeeeeeeeeeee   
/data3fast/users/mbermudez/de_02/TFGDataset/img/T2_0788.png|dee           eee           e   ee  eee ee eeeeee           e    ee eeeee eee  eeeeeeee   e eeeeee  eeee  e    eeeeeee 
/data3fast/users/mbermudez/de_02/TFGDataset/img/T2_1435.png|deeee                e   eeeee  e   eeeeeeee ee   eeeee  eeeeeeeeeeeeeeeeeeeeeeeeee   eeeeeee  eeeeeeeeeee  ee  eeeeeee
/data3fast/users/mbermudez/de_02/TFGDataset/img/T2_0506.png|dee              ee    eee e  eee  e   eeee  ee    e         eeeeeee   eeee   ee   ee   eeeeeeeeeeeeeeeeee e   e eeee  
/data3fast/users/mbermudez/de_02/TFGDataset/img/T2_0633.png|deee          e              eee eeeeeeee ee   eee  ee  e   eeee      eee  eee   e ee eeeeeeeee   eeeee eeeeeee ee  ee 
/data3fast/users/mbermudez/de_02/TFGDataset/img/T2_0039.png|deee     e ee e e    e eee       eeee e eeee eeeee eeeeeee  eeee   eeee  eeeeee  eeee eeee e eeeeee e    eeeee   eee ee
/data3fast/users/mbermudez/de_02/TFGDataset/img/T2_1086.png|deee  eee       e     e      e e eeeeee eeee       eeeeee  eeeeeeeeeeeeee   eeee  e ee eeeeeeeeeeeeeeeeeeeeeeeeeeeeeeee
/data3fast/users/mbermudez/de_02/TFGDataset/img/T2_1204.png|deee                 e  eeee      eeeeee  eeeeeeeeee eee   e e eeee         eeeeeee eeeeeeee  e      e eeeee e e eeeeee
/data3fast/users/mbermudez/de_02/TFGDataset/img/T2_1080.png|deeee                eeee  eeee eeeeee e eee ee   eeeeee  eee eeeee    eeeee eee e e eeeeeeeeeeee eeeee     eeeeeeeeeee
/data3fast/users/mbermudez/de_02/TFGDataset/img/T2_0752.png|deee            ee      eeeeee      eeee  eee    eee e eeeeeee ee      eeeeeeee    ee  eeeeee eeee   ee     eeeee eeee 
/data3fast/users/mbermudez/de_02/TFGDataset/img/T2_1388.png|deeee     e          e   e eee  eee       eee eeee eeeeeeeeeeeeee  eeeee ee  e ee eee  e eeee ee  eeee  ee  eeeeeee eee
/data3fast/users/mbermudez/de_02/TFGDataset/img/T2_0032.png|deee           eee  ee eeee e      e  e     eee eeeeeee   ee eeeeee eeeee  eeeee   eeeeeeeee  e    ee  eee eeeeeee    e
/data3fast/users/mbermudez/de_02/TFGDataset/img/T2_0245.png|deeee                    ee          eee ee  ee eee  eee e  e eeeeee   eee eee eeeeee eeeeeeee  eeeeee ee  eeeeeeee    
/data3fast/users/mbermudez/de_02/TFGDataset/img/T2_0712.png|deee      ee   eee  eee          eeee   e  ee eeeeee  e eeeee eee  eeeeeeee eeeee  eeeeeeeee  e eeeeeeeeeee   eeeeeeeee
/data3fast/users/mbermudez/de_02/TFGDataset/img/T2_0764.png|dee                          eeee eee  ee     eee eeeeee  eeeeeeee eeeee   e ee eeeeee   eeee eee  eee eeeeeeeeee eeeee
/data3fast/users/mbermudez/de_02/TFGDataset/img/T2_0496.png|deee                 eeeeee    e   eee  e eeeeeeeeeeee eeeeee    eeee ee eeeeeeeeeeeeee   eeeee e       eeeee eeeeeeee 
/data3fast/users/mbermudez/de_02/TFGDataset/img/T2_0882.png|deee           ee e     ee  eee eeee  ee    eeeee eeeeeee       e eeeee eeee eeeeeee eeeeeeee  ee eee          ee ee   
/data3fast/users/mbermudez/de_02/TFGDataset/img/T2_0341.png|deeee     e  e     e           eee  e    eeee eeeeeee eeeeeeee e     eeeee      eeeeeeeee ee eee   e e e ee  eeeeeee e 
/data3fast/users/mbermudez/de_02/TFGDataset/img/T2_1471.png|deee     e    e      ee  e   ee  eee eeeeeeeee e   eeeeee   eeeeeeeeeee e e    eee ee eeeeeee eee eeeee ee    eee eeeee
/data3fast/users/mbermudez/de_02/TFGDataset/img/T2_1259.png|#     e      e                                 eee     e     e     e   eeee             e       eee         e          
/data3fast/users/mbermudez/de_02/TFGDataset/img/T2_0357.png|deee      e   ee        eee  eeeeee  eee eeeeeee   eeeeeeeeeeeeeee ee   eee eeeeeee       ee   eee  eee eeeeeeeeeee    
/data3fast/users/mbermudez/de_02/TFGDataset/img/T2_0021.png|dee         e e    ee      eeeee ee    eeeeeeeeeee e ee  eeeeeee ee eeeeeeeeeeeeee ee    e eeeeeeeeee e  eeeeee   eeeee
/data3fast/users/mbermudez/de_02/TFGDataset/img/T2_0569.png|deeee           e         e e    ee  e e      e   e e eeeeeeeee  e     ee    e     ee eeeeeeeeeeeeeee   eeeeeeeeee    e
/data3fast/users/mbermudez/de_02/TFGDataset/img/T2_0071.png|deee      ee      ee ee         e eeee  eee   eee ee eeeeeeeeeeeeeeeee ee ee eee   ee     eee eeeee eee  eeee  ee  eeee
/data3fast/users/mbermudez/de_02/TFGDataset/img/T2_0387.png|deeee                      e eeeeeeeeeeeeee      eee eee   e  eeeeeeeeeeeeeeeeeeeeeeeee         eeeeeeee eee          e
/data3fast/users/mbermudez/de_02/TFGDataset/img/T2_0138.png|deee           eee   e       eee    e  e eeee e eeee eeee eeeeeee     e   e e eeeeeeeee e   ee  eeeeeeee eeee ee  eee e
/data3fast/users/mbermudez/de_02/TFGDataset/img/T2_0447.png|deeee                   e            eeeee ee  eeeeee   eeeeeeee  ee e      ee   e eeee eeee eee e  e eee   e  eeee e e
/data3fast/users/mbermudez/de_02/TFGDataset/img/T2_0960.png|dee        e       e  eeee    e eeee ee    e  eeee    e eeeeeeeeeeeee   e eeeeeeeeeeeeeeee eeeeeeeeeeeeeeeeeee ee eeeee
/data3fast/users/mbermudez/de_02/TFGDataset/img/T2_0935.png|deeee           e    ee ee eeeeee ee  ee eeeeeeee   eeeeee eee eeeee  eee eeee e   eeee eeeeeeee  ee eeeeeeeeeeeeeeeeee
/data3fast/users/mbermudez/de_02/TFGDataset/img/T2_0030.png|dee       ee           eeee   eeeeeeeeee   ee  e e eeeeee      e eeee     eeeeeeeeee  eeeeeeeeeeeeeeeeeeeeeee eeee eeee
/data3fast/users/mbermudez/de_02/TFGDataset/img/T2_0936.png|deee      ee    eeee    ee   ee  eeeee     eeee eeee       eeeeeeee eeeeeee    eeeeeeeeeee eeeeeeeeee eeee   eeeeeeeee 
/data3fast/users/mbermudez/de_02/TFGDataset/img/T2_0241.png|deee        ee         eeeee  e e       eeee eeeeeeeeeeeeeeeeeeee  e eeeeee  eeee  e  eeee e eeee   eeeeeee   e  e  eee
/data3fast/users/mbermudez/de_02/TFGDataset/img/T2_0880.png|deee        e e  ee      eeeeeee          e e  e   ee eeeeeee  eeee  ee  ee e ee eee ee  ee eeeeeee  e eeeeeeeeeeeeee  
/data3fast/users/mbermudez/de_02/TFGDataset/img/T2_1350.png|deee      e    eeee   eeeee eeee e eeee ee  eeee e  e eeee    eeeeeeee  eeeeeee eeeeeeee eeee eee   eeeeeee  eeeee    e
/data3fast/users/mbermudez/de_02/TFGDataset/img/T2_0890.png|deeee                eee  eee  eeeee eeeeeeeeee   eee     eeeee eee ee eeeeeeeeeeee  eee   eee eeeeee ee ee  e  e   eee
/data3fast/users/mbermudez/de_02/TFGDataset/img/T2_1455.png|deeee                  eeee ee e  eeee   eeeeeeeeeeeeeeeeeeeeeeeee eee     e ee eeeeeeeeeee    eeee  ee   eeeeeeeeeeeee
/data3fast/users/mbermudez/de_02/TFGDataset/img/T2_0077.png|ee            ee eee eeeeee eeeeeeee  eeeeeeeeeeeeeeeee e  eeeeeeeeeeeeeeeeeeeeeeeeeeeeeee ee eeeeeeeeeeeeeeeeeeee ee  
/data3fast/users/mbermudez/de_02/TFGDataset/img/T2_0168.png|deee       e ee     e  ee  e  eeee  e e  e e   ee   e  eeee eee e eeee eeeeeee e eeee eeeeeeeeeee   e      eeeeeeeeeeee
/data3fast/users/mbermudez/de_02/TFGDataset/img/T2_0393.png|deee             e       eee    e      eeeeeeeeeeeee e    eeee ee eeeeeeeeeeeee e e      eeeeee      ee   eeeeeee  eee 
/data3fast/users/mbermudez/de_02/TFGDataset/img/T2_0428.png|deee             eeeeee    ee eee   ee   eeeeeeeee ee     eeeeeeeeeeeee eeeeeeeeeeee ee eeeeeeeeeeee eeeeeeeeee  eeeeee
/data3fast/users/mbermudez/de_02/TFGDataset/img/T2_1488.png|dee      e e e      e    ee eeee ee eeeeee  eeeeee   ee eeeeeeeeeeeeeeeeeeeeee eee eeee  eee ee eeeeeeeeeee  ee eeeeeee
/data3fast/users/mbermudez/de_02/TFGDataset/img/T2_0054.png|#         ee    ee eeeeeeee e    eeee e eeeeeeeeeeee    eeeeeeeeeeeeeeeee     ee eeeeeee eee  eeeeeeeeee ee           e
/data3fast/users/mbermudez/de_02/TFGDataset/img/T2_1314.png|deeee    e      e    e ee      eeeeeeeeeeee           eeee e  eeee  eeee  eeeeeeee eeeeeeeeeeee  e ee eeeeeeeeeeee eeee
/data3fast/users/mbermudez/de_02/TFGDataset/img/T2_0328.png|dee      e  eeeee ee e e  ee    e eeeeeeeee eeee eee e ee eee eeee   eeeeeeeeee   ee  eee    eeeeee    e e eeeeeeeeeeee
/data3fast/users/mbermudez/de_02/TFGDataset/img/T2_0534.png|deeeee   eeeee  e  e eeee   eee e  ee    ee  ee          eeeeeeeeeeeeeeeee e    eeeeeeeeeeeeee  eee eeeee  eeeeeeeeeeee
/data3fast/users/mbermudez/de_02/TFGDataset/img/T2_0175.png|deee       e             ee eee    eeeee    eeeeeeeeeeeeeeeeeeeeeeeeeeeee eeee  eeeeeeeee  e     eeeeeeeeeeeeee  e eeee
/data3fast/users/mbermudez/de_02/TFGDataset/img/T2_0539.png|deeeee         eee           e ee      eeeeeeeee   ee   ee     ee eeeeeeeee eeeeeeeeeeee eeeeeeeeee eeeeeeeeeee eeeee e
/data3fast/users/mbermudez/de_02/TFGDataset/img/T2_0783.png|deee                e  e    ee     eeeeeeeeeeee  eeeeee eeeeeee     eeeeeee eee   eeeeeeeee   e    eeeeeee eeeeee eeeee
/data3fast/users/mbermudez/de_02/TFGDataset/img/T2_1187.png|deeeeee   e   eeeeee   ee   ee    eee eeeeeeee e       e  eeeeeeeeeee eee  eee eeeeeeeeeeeeeeeeeeeeeeee  eeeeeeeeeee   
/data3fast/users/mbermudez/de_02/TFGDataset/img/T2_0928.png|deee            eee  ee     eee eeeeee e   eee eeee     eeeeee  eeeeeeeee   eeeeeeeeeeeeeeeeeeeeeeeeeeeee  eeee   eeee 
/data3fast/users/mbermudez/de_02/TFGDataset/img/T2_1106.png|deee         e           eee   e e eeeee ee  eeeeee   eeeee eeeeeeeeeeeeeeeeeeeeeeeee e  e eeeeeeeeee eeeeeeeeeeeeeeee 
/data3fast/users/mbermudez/de_02/TFGDataset/img/T2_1175.png|deeee      e    ee         eeee e  eeeeee    eeee eeeee  eeeeeee eee  eee  e eee  ee ee eeeeeeeeeeeeeeeee eeeee eeeeeee
/data3fast/users/mbermudez/de_02/TFGDataset/img/T2_0803.png|deee        ee     e e   eeeeeeee eeeeeeeeee ee eeeeeeeeeeeeeeeeeeeeeeeeeeeeeeeeeeee eeeeeeeeeee eeeeeeeeeeeeeeeeeeeeee
/data3fast/users/mbermudez/de_02/TFGDataset/img/T2_1141.png|deeee      e        e eeeeee     e eeeeee   eeeeee   eeeee  e eeeeeeee   e ee  eeeeeeee eeeeeeee  eeeeeeeeee    eeeeeee
/data3fast/users/mbermudez/de_02/TFGDataset/img/T2_1077.png|deeee  ee      eeee       eee  eeee eeeeee eeeeeeee    eeee eeee eeeeee    e  e eeeeeeeeeeeeeeeeeeee   eeeeeeee e eeeee
/data3fast/users/mbermudez/de_02/TFGDataset/img/T2_0996.png|deeeeee               eeeeeeeeeeeeee   eee  eeeeeeee eeeeeeeeee    eeeeeeeeeeeee    eeeeeee  eeeeeeeeeeeeeeeeeeeeeeeeee
/data3fast/users/mbermudez/de_02/TFGDataset/img/T2_0847.png|#             ee        eee   e  e         e  e e     e     ee         eeee    e                   eee   eeee      ee  
/data3fast/users/mbermudez/de_02/TFGDataset/img/T2_0767.png|deeee      e  e  e  eeee     eeeeee  e   e eeee e eeeeeee eeeee  ee   eeee  e    eeeeeeee eeeeeeeeeeeeeeeeeeeeeeeeeeeee
/data3fast/users/mbermudez/de_02/TFGDataset/img/T2_0198.png|deee  eee       eee     e eee      eeeeeeee ee  e eeeeeeee  eeeeeeee  eeeeeeeeeeeeeeeeeeeeeeeeeeeeeeeeeeeeeee    eeeeee
/data3fast/users/mbermudez/de_02/TFGDataset/img/T2_0685.png|deeee      e       e    e     ee e e eee e  eeeeeee e e  ee eeee eeeeeeee e      eee eeeeeee eeeeeeeeeee   eeee eeeee e
/data3fast/users/mbermudez/de_02/TFGDataset/img/T2_0933.png|deee         e   e      eeeeee       eee eeeee eeeeee    eeee eeee   eeeeeeeeee  eeeeeeeeeeeeeeeeeeeeeeeeeeee  eeee  ee
/data3fast/users/mbermudez/de_02/TFGDataset/img/T2_0183.png|deeeee          eeee   e ee   e    ee eeeeeeee e eee  ee   eeeeeeeeeeeeeeeee    eeeeeeee     ee  eeeeeeee   eeeeeeeeeee
/data3fast/users/mbermudez/de_02/TFGDataset/img/T2_0711.png|deee            e   eeeeee eee eeeeeeeeee  ee e eeeeeeeeeeeeeeeeeeeeeeeeeeeeeeeee eeeeeeeeee  eeeeeeeeeeeee eeeeeeeeeee
/data3fast/users/mbermudez/de_02/TFGDataset/img/T2_0968.png|deee          e   eeeeee  eeeeeeeeeee eee  eee       eeeeeeeeeeeeeeeeeeee ee eee  eeeeeeeeeeee   ee e  ee eeeee  eeeeee
/data3fast/users/mbermudez/de_02/TFGDataset/img/T2_0919.png|deee e        e e e   e   ee eee  ee eee ee eeee   ee eeeeeeeeeeee  eeeeeeeeeeeeeeee   eeeeee eeeeeeeeee e eeeeeeeeeeee
/data3fast/users/mbermudez/de_02/TFGDataset/img/T2_0634.png|deee    e  eeeeeeee           ee ee eeeeeeeeeeeeeeeeeeeeeeeeeeeeeeeee eeeeee eeee  eeee   eeeeeee  eeeeeeeeeeeeeeeeeeee
/data3fast/users/mbermudez/de_02/TFGDataset/img/T2_0798.png|deeeee        e eeee ee  e  e            eeeeeeee ee eeee ee eeeeeeeeeeeeeeeeeeee eeeee  eeee  eeee e  ee eeeeeeeeeee  
/data3fast/users/mbermudez/de_02/TFGDataset/img/T2_1129.png|deee      e eeee    eee   eee      e eeeee  eeeeeeeeeeeeeee eeeeeeeeeeeeeeeeee   e eeeee e eeee  eeeeeeeeeeeeeeeeeeeeee
/data3fast/users/mbermudez/de_02/TFGDataset/img/T2_0380.png|deeeee       e                eeeee    eeeeee e e      eeeeeeeee e eeeeeeeeeeee  ee  eeeeee eeeeeeeeeeeeeeeee e eeee  e
/data3fast/users/mbermudez/de_02/TFGDataset/img/T2_0546.png|deeee       e e ee eee  e  e      eeee  eee  e e eee eeeeeeeeee eeeeeeeee eeeeeeeeee eeeeeeeee eeeeeeeeeeeeeeeeeeeeee  
/data3fast/users/mbermudez/de_02/TFGDataset/img/T2_0345.png|deeee           eeee  e  eeee  eeeeee    eeeeeeeeeeeeee eeeeeee eee eeeeee  eee eeeeeeeeeeeeeeeeeee   eeeee  eeeeeeee  
/data3fast/users/mbermudez/de_02/TFGDataset/img/T2_0101.png|#    eeee   eee ee     eeeee e    ee   eee   eeeeeeeee       e eeeee            eeeeeee     e ee eeeeee     e   ee e   
/data3fast/users/mbermudez/de_02/TFGDataset/img/T2_1462.png|deee       ee     eeeeeeeeee eee eee  e e eee e eeee  eeeeeee eeee  eeeeeeeeeeee   eeee   eeeee eeeeee eeeeeeeeeeeeeeee
/data3fast/users/mbermudez/de_02/TFGDataset/img/T2_0622.png|deee e        ee    ee  e  e eee  eee      eeeeeeeee eeeeeeeeeeeeeeeeeeeee    ee eeee   eeeeeeeeeeee  eeeeeeeeeeeeeeeee
/data3fast/users/mbermudez/de_02/TFGDataset/img/T2_0286.png|#            ee eeeee e        eeeeeee     e    ee ee     ee    ee  eee eee      eeeeeee  ee   e    eee  ee   eeeee    
/data3fast/users/mbermudez/de_02/TFGDataset/img/T2_0481.png|deeee  ee ee   eeeeeeee  eeeeeee    e eeeeeeeeeeeee  eeeeeeeeeeeeeeee   eeeeeeeeeeeeeeeeeeee   eeeeeeeeeeeeeee   e  eee
/data3fast/users/mbermudez/de_02/TFGDataset/img/T2_0449.png|deee e   eeee e            ee   eeeeeeeee      eeeeeeeeeeeeeeeee   e eeeeeeeeeeeeeeeeeeeeeeeeeeeeeeeee  eeeeeeeeeeeeee 
/data3fast/users/mbermudez/de_02/TFGDataset/img/T2_1162.png|de     eee  e ee eeeee ee    eee  ee e eeeeeeeeeee e eeeeeeeeeeeeeee eeeeeeeee     eeeeeeeeeeeeeeeeeeeeeeeee   eeeee ee
/data3fast/users/mbermudez/de_02/TFGDataset/img/T2_1483.png|deee            eeeee   e    eee     ee     ee eeee eeeeeeeee eeeee eeeeeeeee e ee eeee eeeeeeeeeeeeeeeeeeeeee  eeeee e
/data3fast/users/mbermudez/de_02/TFGDataset/img/T2_0306.png|deee       eeeeeee   e eeeeeeeeeeee       eeeeeeeeeeeeeee  eee eeee e  eeeeeeeeeeeeeeeeeeeeeeeeeeee eeeeeeeee eeeeeeeee
/data3fast/users/mbermudez/de_02/TFGDataset/img/T2_0018.png|deeeee        eeeee e ee   eeeeeeeeee       eeeeee eeeee eeeeee  eeeeeeeeeee  eeeeeeee   eeeeeeee ee   eeeeeeeeeeee eee
/data3fast/users/mbermudez/de_02/TFGDataset/img/T2_1345.png|deeeee       ee  e e   eeeeee    eeeeeeeeeeeeeeeeee  eeeeeeeeeeeeeeeeeeeeeeeee eee eeeeeeeeeee eeeeee  eeee  eeeeeeeeee
/data3fast/users/mbermudez/de_02/TFGDataset/img/T2_0479.png|deee    ee e            ee  eee   eeeeeeeeee  eeeeeeeeeeeeeeee  eee  eeee eeeeeeeeeeeeeeee eeeeeeeeeeeeeeeee   e eeeeee
/data3fast/users/mbermudez/de_02/TFGDataset/img/T2_1370.png|deee                  eee eeeee   eeeee  eeee e eeeeeeeee e eeeeeeeeeeeeeeeee   eeeeeeee   eeeeeeeeeeeeeeeee  eeeeeeeee
/data3fast/users/mbermudez/de_02/TFGDataset/img/T2_1323.png|deee       eeeeee ee         eeee  eeee eeeeeeee  eeeeeeee   eee  eeeeeeeee ee    eeeeeeeeeee eeeeee   eeeeeeeeeee  eee
/data3fast/users/mbermudez/de_02/TFGDataset/img/T2_0017.png|deeee    ee     ee  ee    ee eeeeeee eeeeee  eeeeeeeeeeeeeeeeeee eee  eeeee   eeeeeeeeeeeeeeeeeeeeeeeeeeeeeeeeeeeeeeee 
/data3fast/users/mbermudez/de_02/TFGDataset/img/T2_1351.png|dee    e eeee  eeee   ee  ee  eeeeeee eeeeeeeeeeeeeeeeeeeeeeeeeeeeeeeeeeee eeeeeeeeeeeeeeeeeee eeeeeee eeeeeeee  eeeeee
/data3fast/users/mbermudez/de_02/TFGDataset/img/T2_0901.png|deee     e       e eee      eeeeeeeeeee eeee  eeeeeeeeeeeee   e eeeeeeeeeeeeeeeeeeeeeeeeeeeeeeeeeeeeeeeeee  eeeeeeee  e
/data3fast/users/mbermudez/de_02/TFGDataset/img/T2_0399.png|deeee             ee e eee  eeeeeeeeee eee  eeeeeee    eeeeee  eeeeeeeeeeeeeeeeeeeeeeeeeeeeeeeeeeeeeeeeeeee eeeeeeeeeee
/data3fast/users/mbermudez/de_02/TFGDataset/img/T2_0186.png|deeee     eeee  ee eeeeee eeeee ee eee   e eeee eee eeee eeee eeeeee eeeeeeeeeeeeeeeeeee eeeeeeeeeeeeeeeee  eeeeeeeee e
/data3fast/users/mbermudez/de_02/TFGDataset/img/T2_0977.png|deeeeeeeee    eee e     ee       e eeeeee  eeeeeeeeeeeeeeeeeeeeeeeeeeee eeeeeeeeeeee eeeeeeeeeeeeeeee eeeee eeeeeeeeeee
/data3fast/users/mbermudez/de_02/TFGDataset/img/T2_1402.png|deee    e  e    e  eeeeee eeeeeeeeeeeeeeeee eeeeeeeeeeeeeeeeeee  eeeeeeeee eeeee   ee e  ee  eeeeeeeeee eeeeeee  eeeeee
/data3fast/users/mbermudez/de_02/TFGDataset/img/T2_0690.png|deeeee  ee    ee  e       eeeeeee eeeee eeeeeeeeeeeeeeeeeeeeeeee eeeeeeeeeeeeeeeeee eeee eee   eeeeeeeeeeeeeeeeeeeeeeee
/data3fast/users/mbermudez/de_02/TFGDataset/img/T2_0433.png|deeee e  eeeee        eee    ee ee  eeeeeeeeeee   ee e eeeeeeeee e eee e eeeeeeeeee  eeeeeeeeeeeeeeeeeeeeeeeeeeeeeeeee 
/data3fast/users/mbermudez/de_02/TFGDataset/img/T2_1122.png|deeeee           e e  eeeee e     eeeeeeeeeeee e   eeeeeeeee  eeeeee eee eee eeeeeeee eeeeeeeeee eeeeeeeeeeeeeeeeeeeeee
/data3fast/users/mbermudez/de_02/TFGDataset/img/T2_0961.png|deeee      eee e    ee   e        eee  ee eeeeeeeeeeeeeeeeeeeee eee  e  eeeeeee eeeeeeeeeeeee       e eeeeeeeeeeeeeee e
/data3fast/users/mbermudez/de_02/TFGDataset/img/T2_0786.png|deee      e      ee ee  eee e eee eeeee eeeeeeeeeeeeeeeeeeeeeeee  eeeeeeee  eeeee ee eeeeeeee eeeeee    ee eeeeeeeeeeee
/data3fast/users/mbermudez/de_02/TFGDataset/img/T2_0945.png|deee         e eeeeeeeeeee e  eeeeee    eeeeeeeeeeee ee eee eeeeeeeeeeeeee eeeeeeeee eeeeeee eeeeeeeeeeeeeeeeeeeeeee ee
/data3fast/users/mbermudez/de_02/TFGDataset/img/T2_0760.png|deee           e  eeeeeeee   e   eeeeeeeee  eeeeeeeeeeeeeeeeeeee  ee eeeeeeeeeeeeee  eeeee eeeeeeeeeeeeeeeeeeeeeeeeeeee
/data3fast/users/mbermudez/de_02/TFGDataset/img/T2_0163.png|deeee    eeee ee    eee e    eeeee e  eeee eeeeeeeeeeeeeeeeee eeeee  eeeeeeeeeeeeeee   e eeeeeeeee eeeeeeeeeeeeeeeeeeee
/data3fast/users/mbermudez/de_02/TFGDataset/img/T2_0156.png|deeee         e         ee     ee e    eeeeeeeeeeeeee eeeeeee  eeeeeeeeeeeeee eeeeeeeeeeeeeeeeeee  eeeeeeeeeeeeeeeeeeee
/data3fast/users/mbermudez/de_02/TFGDataset/img/T2_0298.png|deeee         ee      eeee  eeee eeeeeeeeeeeeeeeeeeee e  eeeeeeeeeeeeeeeeeeeeeeeeeeeeeeeeeeee eeeeeeeee   eeeeeeeeeeeee
/data3fast/users/mbermudez/de_02/TFGDataset/img/T2_0355.png|deee        ee  eeeeeee eee  eeeeeeeeeeeeeeeeeeeeeee  e eeeeeeeeeeeeeeeeeeeeeeeeeeeeeeeeeeeeeeeee eeeeeeeeeeeeeeeeeee e
/data3fast/users/mbermudez/de_02/TFGDataset/img/T2_1400.png|deeee        eeee    eeeeeee       ee  e eeeeee     eeeeeee      eee      eeeeeee     eeee ee e e  eee     eeee   ee   
/data3fast/users/mbermudez/de_02/TFGDataset/img/T2_0390.png|deee        e  e  eee  ee  e  eeee e  e e eeeeeeeeeeeeeeeeeeeeeee  eeeeeeeee eeeeeeeeee  eeee    e eeeeeeeee eeeee eeee
/data3fast/users/mbermudez/de_02/TFGDataset/img/T2_0188.png|deee       e ee  e eeeee eeeeee e eeeeeeeeee  e  eeeee  eee e e e  eeeeee   eeeeeeeeeeee   eeeeeeeeee ee ee eeeeeeeeeee
/data3fast/users/mbermudez/de_02/TFGDataset/img/T2_1428.png|deeee           ee   eeeeeeeeee ee   eeee eeeeeeeeee eeeeeeeee   eeeeeeeeeeeeee eeeeeeeeeeeeeeeeeeeeeeeee eeeeeee  eee 
/data3fast/users/mbermudez/de_02/TFGDataset/img/T2_0146.png|deeeeee   e     ee   e  eeeeeeeeee ee e eee   eeeeeee e eeeee  eeeeeeeeee eee eeeeeeeeeeeee  eeeee  eee eeeeeeeeeeeeeee
/data3fast/users/mbermudez/de_02/TFGDataset/img/T2_1018.png|deee          eeee    eeeeeeee eeeee eeeeeeeeeee eeeeeeeeeeeeeeee   eeeeeeeeeeeeeeeeeeeeee eeeeeeeeeeeeeee eeeeeeeeeeee
/data3fast/users/mbermudez/de_02/TFGDataset/img/T2_0073.png|deeee       e    eee      eeeeeeeeee     e eeeeeeeee    eeeeeeeeeeeee e  eeeeeeeeeeeee  ee    eeeeeeeeeeeeeeeeeeeeeeeee
/data3fast/users/mbermudez/de_02/TFGDataset/img/T2_0967.png|deeeeeee    ee    eeeeee eee      eee  eeeeee eee   eeeeeeeeeee    eeee ee e eeeeeeeeeeeeeeee eeeeeeeeeeeeeeeeee  eee  
/data3fast/users/mbermudez/de_02/TFGDataset/img/T2_0997.png|deeeeeee   e      e         eeee  e    eeeeeeeeeeeeeeee    eeeeeeeeeeeeeeee eeeeeeeeeeeeeeeeeeeeeeeeeeeeeee eeeeeeeeeee
/data3fast/users/mbermudez/de_02/TFGDataset/img/T2_1193.png|deeeeeee     e  e ee    eeee  eeeeeeeeeeee   eeeeeeeeeee  eeeee ee  eeee eeeeeeeeeeeeeeeee eeeeeeeeeeeeeeeeeeeeeeee   e
/data3fast/users/mbermudez/de_02/TFGDataset/img/T2_0133.png|deee     e  eee eeee  eeee    e e eeeeeeeeee eeeeeeeeeeeeeee eeeeeeeee eeee eee eeeeeeeeeeeeee ee  eeeeeeeeeeeeeeeeeeee
/data3fast/users/mbermudez/de_02/TFGDataset/img/T2_0562.png|deeee       eeeeeeeeee  ee  eee  eeee    ee eeeeeeeee ee   eeeee eeeeeee    eeeeeee eeee eeeeeee    eeeeee   ee eeeeeee
/data3fast/users/mbermudez/de_02/TFGDataset/img/T2_0035.png|dee       ee     eeeeeeeeeeee eeee  ee     eeeeee     eeeeeeeeeeeeeeeeeeeeeeeeeeeeeeeeeeeeeeeeeeeeeeeeeee eeeeeeeeeeeee
/data3fast/users/mbermudez/de_02/TFGDataset/img/T2_1006.png|deeeeee    ee           eee   eeeeeeeeeeeeeeeeeeee e e eeeee eeee  eeeeeeeeeeeeeeeeeeeeeeeeeeeeee e eeeeeeeeeeeeee eeee
/data3fast/users/mbermudez/de_02/TFGDataset/img/T2_1240.png|deeeeee eee eeee       eeee  e ee  eeeeeeeeee eeeeeeeeeeeee eee eeeeeeeeeeeeeeeeeeeeeeeeeeeeeeee     e eeeeeeee eee eee
/data3fast/users/mbermudez/de_02/TFGDataset/img/T2_0207.png|deeeee e e   eeeeeeeeee eeeeeeeeeeeeeeee e ee eeeeeee eeeeeeeee eeeeeeeeeeeeeeeeeeeeeeeeeeeeeeeeeeeeeeeeee eeeee   eeee
/data3fast/users/mbermudez/de_02/TFGDataset/img/T2_0591.png|deeeeeeeeee    ee eee eeeee   e eeeeee eeee eeeeee  eeeeeeeee  eeeeee  eee e eeeeeeeeeeeeeeeeeeeeeeeeeeeeeeeeeee eeeeee
/data3fast/users/mbermudez/de_02/TFGDataset/img/T2_0867.png|deeee         eeee      ee  eeeeeee eeeeeee eee eeeeeeeeeeeeeeeeeee  eeeee e eeeeeeeeeee  e eeeeeeee  e eeeeeeeeeeeeeee
/data3fast/users/mbermudez/de_02/TFGDataset/img/T2_1229.png|deee eeeeee    e    ee  eeeeeeee ee eeeeeeeeee eeeeeeeeeeeeeeeeeeeeeeeeeeeeeeee      eeeeeeeeeeeee     eeeeeeeee eeeeee
/data3fast/users/mbermudez/de_02/TFGDataset/img/T2_0477.png|deeeee   eee         e    ee  eeeeeeeeeeeeee  eeeeeeeeeeeeeee eeeeeeeee   eeeeeeeeeeeeeeeeee eeeeeeeeeeeeeeeeeeeeeeeeee
/data3fast/users/mbermudez/de_02/TFGDataset/img/T2_0425.png|deee              e   e eee  eeeeeeeeeeeeeeeeeee eeeeeeeeeeeeeeee     eeeeeeeeeeeeeeeeeeeeeeeeeeeeeeeeee eeeeeeeeeeeeee
/data3fast/users/mbermudez/de_02/TFGDataset/img/T2_0983.png|deee  eeeeeee  ee eee   eeeeeee e    eeeeeeeeeeee  eeeeeeee  eeeeeeeeeeeeeeeeeeeeeeeeeeeeeeeeeeeeeeeeeeeeeeeeeeeeeeeeee
/data3fast/users/mbermudez/de_02/TFGDataset/img/T2_0404.png|#     eeeeeeeeeeeee  ee   e e eeeeeeee  eeee eeeeeeeeeeeee eeeee eeeeeeeeeeeeeeee  eee ee eeeeeeeeeeee eeeeeeeeeeeeeeee
/data3fast/users/mbermudez/de_02/TFGDataset/img/T2_0415.png|deeeee    eeeee eeeee  eeeeeeeeeeeeeeeeeeeeeeeeee  eeeeeeeeeeeeeeeeee  e eeeeeeeeeeeeee eeeeeeeeeeeeeeeeeeeeeee   eeeee
/data3fast/users/mbermudez/de_02/TFGDataset/img/T2_0044.png|deee     e   ee eeeeee      eeeeeeeee eeeeeeeeeeeeeeeeeeeeeeeeeeeeeeeeeeeeeeeeeeeeeee eeeeeeeeeeeeeeeeeeeeeeeeeeeeee  e
/data3fast/users/mbermudez/de_02/TFGDataset/img/T2_1028.png|eeeeeeee          e    ee  eeeeee e e eeeeeeeeeeeeeeeeeeeeeee  eeee     ee eeeeeee  e  e eeeeee ee eeeeeeeeeeeeeeeeeeee
/data3fast/users/mbermudez/de_02/TFGDataset/img/T2_0340.png|deeee        eeeeeeeeeee     eeeeeeeeee  eeeeee eeeeeee e eeeeeeeeeeee  eeeeeeeeeeeeeeeeeeeeeeeeeeeeeeeeeeeeeee eeeeeee
/data3fast/users/mbermudez/de_02/TFGDataset/img/T2_0288.png|deeeee  e eeeeee    eeee    eeeeee     eeeeeeeeeeeeeeeeeeeeeeeeeeeeeeeeeeeeeeeeeeeeeeeeeeeeeee eeeeeeeeee  e e eeeeeeee
/data3fast/users/mbermudez/de_02/TFGDataset/img/T2_0232.png|deee     e     eeee eeeeeeeeeee e e  eeeeeee eeee eeee e eeeee eeeee eeeeeee  eeeeeeeeeeeeeeeeeeeeeeeeeeeeeeeeeeeeeeeee
/data3fast/users/mbermudez/de_02/TFGDataset/img/T2_0455.png|deeee     eee  eeee  e   eeeeeeeeee ee ee eeeeeeeee eeeeeeeeeeeeeeeeeeeeeeee eeee eeeeeeeeeeeeeee eeeeee eeeeeeeeeeeeee
/data3fast/users/mbermudez/de_02/TFGDataset/img/T2_0848.png|deee    eeeeee      e e ee eeeeeeeeeeeeeeeeeeeeeeeeeeeeeeeee ee eeee eeeeeeeeeeeeeeeeeeeeeeeeeee eeeeeeeeeeeeeeee eeeee
/data3fast/users/mbermudez/de_02/TFGDataset/img/T2_0424.png|deee ee   e eeee e ee  eeee eee eee eeeeeeeeeeeeeeee eeeeeeeee  eeeeeeeeeeeeeeeeeeeeeeeeeeeeee e e eeeeeeee eeeeeeeeeee
/data3fast/users/mbermudez/de_02/TFGDataset/img/T2_0476.png|deeeeee       eeeeeee eee ee eeeeeeee eeeeeeee ee   eeeeee eeeeeeee  e ee  eeeeeeeeeeee  eee   eeeeeeee   eeeeeeeeee  e
/data3fast/users/mbermudez/de_02/TFGDataset/img/T2_0287.png|eeeeee  ee  e        eeeeeeeeeeeeeee eeeeeeeeeeeeeeeee  e eeeeeeeeee eeeeeeeeeee eeeeeeeeeeeeeeeeeeeeeeeeeeeeeeeeeeeeee
/data3fast/users/mbermudez/de_02/TFGDataset/img/T2_0347.png|deeeeeee       eeeeee e eeeeeeee  eeeeeee eeeeeeee eeeeeeeeeeeeeeeeeee  eeeee e eeeee eeeeeeeeeeeeeeeeeeeeeeeeeeeeeeeee
/data3fast/users/mbermudez/de_02/TFGDataset/img/T2_0564.png|eeee   ee ee  eee  e   eeeee   eeeeeee   eeee ee eeeeeeeeeeeeeeeeeeeeeeeeeeeeeeeee eeeeeeeeeeeeeeeeeeeeee eeeeeeeeeeeee
/data3fast/users/mbermudez/de_02/TFGDataset/img/T2_0796.png|deeee    ee  e eeeeee  eeeeeeeeeeeeeeeeeeeeeeeeeeeeeeeeeeeeeeeee  eeeeeeeeeee e eeeeeeeeeeeeeeeeeeeeeeeeeeeeeeeeeeeeeee
/data3fast/users/mbermudez/de_02/TFGDataset/img/T2_0817.png|deeeee e     ee  eee   e   eee ee eeeeeeeee  eeeeeee eeeeeeeeee eeeeeeeeeeee eeeeeeeeeeee  eeeeeeeeeeeeeeeee eeeeeeeeee
/data3fast/users/mbermudez/de_02/TFGDataset/img/T2_1237.png|deeee    e       eeeeeeee  eeeeee    eeeeeeeeeeeeee eeeeeeeeeeee e e eeeeee   ee eeeeeeeeeeeeeeeeeeeeeeeeeeeeeeeeeeeeee
/data3fast/users/mbermudez/de_02/TFGDataset/img/T2_1133.png|deee  e  e   eeee e  eeeee  eeeeeeee eeeeeee eeeeeeeeeeee eeeeeeeeeeeeeeeeeee e eeeeeeeeeeeeeeeeeeeeee eeeeeeeeeeeeeeee
/data3fast/users/mbermudez/de_02/TFGDataset/img/T2_1486.png|deee      ee   e e       eeeeeeeeeeeeeeeeeeee  eeeee eeeeeeee eeeeeee e   eeeeeeeeeeeeee eeeeeeeeeeeeeeeeeeeeeeeee eeee
/data3fast/users/mbermudez/de_02/TFGDataset/img/T2_0318.png|deeeee   ee  e e  eeee  eeeeeeeeeeeeee  eeee  eeeeeeeeeeeeeeeeeeee e eeeeeeee eeeeeeeeee  eee  eeeeeee eeeeeeeeeeeeeeee
/data3fast/users/mbermudez/de_02/TFGDataset/img/T2_0259.png|deeee        e e ee    ee e    ee eeeeeeeeeeeeeeeeeeeeeeeeeeeeeeeeeeeeeeeeeee eeeeeeee  eeeeeeeeeeeee eeeeeeeeeeeee eee
/data3fast/users/mbermudez/de_02/TFGDataset/img/T2_1367.png|deeeeee  eee eeeeee   ee eeeeee ee  e     eeeeeeeeeeeee eeeeeeeeeeeeeeeeeeeeeeeeeeeeeeeeeeeeeeeeee eeeeeeeeeee  e eeeee
/data3fast/users/mbermudez/de_02/TFGDataset/img/T2_0402.png|deeee e       e     e eee eee ee eee eeeee eeeeeeeeeeeeeeeeeeeeeeeeee eeeeeeeeeeeeeeeeeeeeeeeeeeeee ee eeeeeee eeeeeeee
/data3fast/users/mbermudez/de_02/TFGDataset/img/T2_0223.png|d    e   eee  eeeeeeee eeeeeeeee eee e eeeeeee  ee     eeeeeeeeeeeeeeeeeeeeee    ee eeeeeeeeeeeee  eeeeeeeeeee eeeeeeee
/data3fast/users/mbermudez/de_02/TFGDataset/img/T2_1099.png|deeeeeeee       eee   eeee   e eee  eeeeeee eeeee e eeeeeee   e eeeeeeeeeeeeeeeeeeeee  eeeeeeeeeeeeeeeeeeeeeeeeeeeeeeee
/data3fast/users/mbermudez/de_02/TFGDataset/img/T2_0732.png|deee     ee  eee  eeeeee     eeeeeeeeeeee   eeeeeeeeeeee eeeeeeeeeee  eeeeeeeeeeeeeeeeee e eeeeeeeeeeeeeeeeeeeeeeeee ee
/data3fast/users/mbermudez/de_02/TFGDataset/img/T2_0248.png|deeee eee    e   eeeeeeee eeeeeeee eeee eee   eeeeeeee  eeeeeeeeeeeeeeeeeeeeeeeeeeeeeeeeeeeeeeeee eeeeeeeeeeeeeeeeee ee
/data3fast/users/mbermudez/de_02/TFGDataset/img/T2_0944.png|deeee      e eee eeeeee      eeeeeeee eeeeeeeee      eee    eeeeeeeeeeeeeeeeeeeeeeeeeeeeeeeeeeeeeeeeeee eeeeeeeeeeeeeee
/data3fast/users/mbermudez/de_02/TFGDataset/img/T2_0220.png|deeee           eeeeeee eeeeeeeeeee eee   eeeeeeeeeeeeeeeeeee ee       ee  eeeeee eeeeeeeeeeee eeeeeeeeeeeeeeeeeee   ee
/data3fast/users/mbermudez/de_02/TFGDataset/img/T2_0170.png|deeeee ee  ee          eeee  eee eeeee  eeeeeeee  eeeeeeeee eeeeeeeeeeeeeeeeeeee eee e   eeeee   eeeeeeeeeeeeeeeeeee ee
/data3fast/users/mbermudez/de_02/TFGDataset/img/T2_1169.png|deeeee     ee eeee   e  ee  eeeeeeeeeeeeeee eeeeee eee eeeeeeeee eee ee eeeeee   eee eeeeeeeee eeeeeeeeeeeeeeeeeeeeeeee
/data3fast/users/mbermudez/de_02/TFGDataset/img/T2_0323.png|deeeee     eee     ee eeeeeeeeeeeeee  eeeeeeee ee eeeeeeeeeeeeeeeeeeeeeeeeeeeeeeeeeeeeeeee     ee eeeeeeeeeeeeeeeeee ee
/data3fast/users/mbermudez/de_02/TFGDataset/img/T2_1184.png|deee e      e    eeeeeeee ee e    e eeeeeeeeeeeeeeeeeeeeeeeeeeeee eeeeeeeeeee   eeeeeeeeeee  eeeeeeeee eeeeeeeeee eeeee
/data3fast/users/mbermudez/de_02/TFGDataset/img/T2_1007.png|deeee   eeee     e e eeeeeeeeee e eeeeeeee eeeee eeeeeeeeeeeeeeee e   eeeeeeeeeeeeeeeeeeeeeeeeeeeeeeeeeeeeeeeeeeee eee 
/data3fast/users/mbermudez/de_02/TFGDataset/img/T2_0598.png|deeeee    e   ee         e   ee ee    eee  eeeeeeeeee  eee  eeeeeeeeeeeeeeeeeeee eeeeeeeeeeeeee  eeeeeeeeeeeeeeeeeeeeee
/data3fast/users/mbermudez/de_02/TFGDataset/img/T2_0697.png|deeee      e   ee        eeeeeeeeeeeeeeeeee eeee eeeee  eeeeeeee eeeeeeeeeeeee eeeeeeeeeeeeeeeee eeeeeeeeeeeeeee e eeee
/data3fast/users/mbermudez/de_02/TFGDataset/img/T2_0825.png|deeee     e  e  eeeeee  eeeeeee  eeeeeee   eeeeeeeeeeeeeee e  eeeeeeeeeeeeeeeee eeeee eeeeeeeeeeeeeeeeeeeeeeeeeeeeeeeee
/data3fast/users/mbermudez/de_02/TFGDataset/img/T2_1398.png|deeeee e       ee  eee  e eee  e     eeeee  eeeeeeeeeeeeeeeeeeee   eee ee eeeee  eeeeeeeeeeeeeee eeeeeeeeeeeeeeeeeeeeee
/data3fast/users/mbermudez/de_02/TFGDataset/img/T2_0008.png|deeeeee e  eeeee   eee  eeeeee   e eeeee eeeeeeeeeeee eeeeeeeeeeeeeeeeeeeeeeeeeeeeeeeeeeeeeeeeeeeeeeeeee eeeeeeeeeeeeee
/data3fast/users/mbermudez/de_02/TFGDataset/img/T2_1277.png|deeee  e ee e  eeeee     e   eeeeeeeeeee e ee e eeeeeeeeeeeeeeeeeeeeeeeeeee  eeeeeeeeeeeeeeeee ee eeeeeeeeeeeeeeeeee ee
/data3fast/users/mbermudez/de_02/TFGDataset/img/T2_0757.png|deeeee    ee eeeee       eee eeeeeeeeee eee ee  ee  eeeeeeeeeeeeeeeeeeeeeeeeeeeeeeeeeeeeeeeeeeeeeeeeeeee eeeeeeeeeeeeee
/data3fast/users/mbermudez/de_02/TFGDataset/img/T2_1424.png|deeee  e       ee    e  eeee  eeeeeeeeeeeeeeeeeeeeeeeeeeeeeee eeeeee  ee   eeeeee   eee eeeeee eeeeeeee  eeeeeeeeeeeeee
/data3fast/users/mbermudez/de_02/TFGDataset/img/T2_0599.png|deeeeee   e   eeeee  eeee  eee eee     eeeeeeeeee   eeeeeeeeeeeeeeeeeee eee eeeeeeeeeeeeeeeeeeeeeeeeeeeeeeeeeeeeeeeeee 
/data3fast/users/mbermudez/de_02/TFGDataset/img/T2_0827.png|deee   e e ee    e ee ee    eeeeeeee  ee ee  eeeeeeeeeeeeeeee  eeeeeeeeeeeeeee  eeeeeeeeeeeeeeeeeee eeeeeeeeeeeeeeeeeee
/data3fast/users/mbermudez/de_02/TFGDataset/img/T2_1016.png|deeeeeeee   ee   eee e   eeeeeeeeeeeeeeee ee eeeeeee e eeeeeeeeeeeeeeeeeeeeeeeeeeeeeeeeeee eeeeeeeeee eeeeeeeeeeeeeeeee
/data3fast/users/mbermudez/de_02/TFGDataset/img/T2_0070.png|deeee  eeee    e    eeeeeee    eeee  eeeeee  eeeeee   eeeeeeeeeeeeeeeeeeeeee eeee       e    eeeeeeeeeeeeeeeeeeeeeeeeee
/data3fast/users/mbermudez/de_02/TFGDataset/img/T2_0845.png|deeeee  ee  eeee  eeeeeeeee    ee       eeeeeeeee  eeeee eeeeeeeeee   eeeeeeeeeeeeeeeeeeeeeeeeeeeeeeeeeeeeeeeeeeeeeeeee
/data3fast/users/mbermudez/de_02/TFGDataset/img/T2_1477.png|deeeeeeeee    eeeee  eeeeeeeeee  e eeeeee eee  eeeeeeeeeee eee  eeeeeeeeeeeeee eeeeee eeeeee  eeeeeeee eeeeeee  eeeeeee
/data3fast/users/mbermudez/de_02/TFGDataset/img/T2_0471.png|deeee  e e eee       e   ee       eeeeeeeee eeeeeee eeeeeeeeeeeeeeeeee e ee eeeeeeeeeeee eeeeeeee ee  eeeeeeeeeeeeeeeee
/data3fast/users/mbermudez/de_02/TFGDataset/img/T2_1011.png|#      eeee e    e    eeee   e  e e  e eeeeee    ee    e ee    ee  e      eee e    e  ee      eeeee        eeeee     ee
/data3fast/users/mbermudez/de_02/TFGDataset/img/T2_1456.png|deeeee ee      e    e  e    eeeee eeeee e eee ee eeeeeeeeeeeeeeee ee  eeeeeeeeee eeeeeeeeeeeeeeeeeeeeeeeeeeeeeeeeeeeeee
/data3fast/users/mbermudez/de_02/TFGDataset/img/T2_0677.png|deeee     eeeeeeee eeeee ee  eee   eeeeeeeee  eeeeeeeeeeeeeeeeeeeeeeeeeeeeeeeeeeeeeeeeeeeee  eeeeeeeeeeeeeeeeee eeeeeee
/data3fast/users/mbermudez/de_02/TFGDataset/img/T2_0137.png|deeeee                   eeeeeeeeee eeeeeeeeeeeee ee eeeeeeeeeeeeeeeeeeeeeeeeeeeeeeeeeeeeeeeeeeeeeeeeeeeeeeeeeeeeeeeeee
/data3fast/users/mbermudez/de_02/TFGDataset/img/T2_1248.png|deeeeeee  eee   ee e    e   e    eeeeeeeeeeeeeeee  ee  eee ee eeeee eeeeeeeeeeeeeeeeeeeeee e e eee eeeeeeeeeeeeeeeeeeee
/data3fast/users/mbermudez/de_02/TFGDataset/img/T2_0602.png|deeee    ee     ee  eeee e    e  ee        eeeeeeee      e  ee  ee  e ee e eeeee  eeee e     e eee        eeee  e eeeee
/data3fast/users/mbermudez/de_02/TFGDataset/img/T2_1010.png|deeeee           eeeee   eeee eeeeeeeee      eeeeee eeeeeeeeeeeeeee  eeeeeeeeeee eeeeeeeeeeeeeeeeeeeeee eeeeeeeeeee eee
/data3fast/users/mbermudez/de_02/TFGDataset/img/T2_0050.png|deeee  e  eeee  e   ee    eeeeee e e   eeeeeeeeeee eeeeeeeee  ee   e ee  eeeeeeeeeeeeeeeee eeeeeeeeeeeeeeeeee eeeeee ee
/data3fast/users/mbermudez/de_02/TFGDataset/img/T2_0189.png|deeeeeee              eeeeee  eee eeeeeeeeeeeeeeeeeeee eeeeeeeeeeeeeee eeeeeeeee eeeeeeeeeeeeeeeeeeeeeee eeee  eeeeeeee
/data3fast/users/mbermudez/de_02/TFGDataset/img/T2_1044.png|deee       eeee eeeeeeeeeeeeeeee    eeeee    eee eeeeeeeeeeeeeeeeeeeeeeeeeeeeeeeeeeee eeeeeeeeeeeeeeeeeeeeeeeeeeeeeeeee
/data3fast/users/mbermudez/de_02/TFGDataset/img/T2_1385.png|deeee ee      ee  ee    ee eeeeeeeeeeeeeeeeeeeeeeeeeeee e eeeeee eeeeee    eeeeeeeeeeeeeeeeeeeeeeeeeeeeeeee  eeeeeeeeee
/data3fast/users/mbermudez/de_02/TFGDataset/img/T2_0609.png|deeee  e     e eee e    eeeeeeeee eeeeeeeee eeeeee eeeeeeeeeeeeeeeeeeeeeeeeee e eeeeeeeeeeeeeeeeeeeeeeeeeeeeeeeeeeeeeee
/data3fast/users/mbermudez/de_02/TFGDataset/img/T2_0067.png|deee           e       eeeeeeeeeeeeeeeeeee ee e eeeeeeeeeeeeeeeee eee      eeeee eeeeeeeeeeeeeeeeeee  eeee  eeeeeeeeeee
/data3fast/users/mbermudez/de_02/TFGDataset/img/T2_0140.png|deee e  e e ee         eeee  eeeeeeeeeeeeeee eeeeee  e eeeeeeeee  eeee eeeeeeeeeeeeeeeeeeeeeeeeeeeeeeeeeeeeeeeeeeeeeeee
/data3fast/users/mbermudez/de_02/TFGDataset/img/T2_0348.png|dee        eee   e  eee   eeeeeeeeee      eeeeeee eeeeeeee  ee eeeeee eee  eeeeeee  eeeeeeeeeeeeeeee   eeeeeeeeeeeeeeee
/data3fast/users/mbermudez/de_02/TFGDataset/img/T2_0885.png|eeeeeee eee             eeeee eeeeeeeeee ee    eeee  eeeeeeeeeeeeeeeeeeeeeeee eeeeeeeeeeeeeeeeeeeeeeeeeeeeeeeeeeeeeeeee
/data3fast/users/mbermudez/de_02/TFGDataset/img/T2_1127.png|deeeeeeeeeeeee  eeeeeeeeeee   e eeeeeee e  eeeeeeeeeeeeeeeee ee eeeeeeeeeeeeeee eee eeeeeeeeeeeeee eeee ee  eeeeeeeeeee
/data3fast/users/mbermudez/de_02/TFGDataset/img/T2_0019.png|eeee     eeeeee   eeeeeee eeeeeee eeee  eeeeeeee eeeeeeeeeeeee eee eeeeeeeeeeeeeeeeeeeeee e  eeeeee eeeeeeeeeeeeeeeeeee
/data3fast/users/mbermudez/de_02/TFGDataset/img/T2_0281.png|deeee            ee     eeeeeeeeeeee eeeeeeeeeeeee  eeeeeeeee e  e  eeeeee  eeeeeeeeeeeeeeeeee eeeeeeee eeeee eeeeeeeee
/data3fast/users/mbermudez/de_02/TFGDataset/img/T2_0276.png|deee           eee     eeeeeee e eeeeeeeee   eeeeeeeeee    ee   ee  eeeeeeeeeeeeee e  eeeeeeee  eeeeeeeeeeeee eeeeeeeee
/data3fast/users/mbermudez/de_02/TFGDataset/img/T2_0749.png|eeeeeeeee  eeee ee eeeeeeeeeeeeeeeee eeeeee   e eeeeeeee eeeeee  eeeeeeeee eeeeeeeeeeeeee eeeeeeeeeeeeeee ee eeeeeeeeee
/data3fast/users/mbermudez/de_02/TFGDataset/img/T2_0205.png|deeeee         e ee     e        eeee       eeeeeee   eeeeeeeeeeeeeeeeeeee  eeeeee eeeeeeeeeeeeeeeeeeeeeeeeeeeeeeeeeeee
/data3fast/users/mbermudez/de_02/TFGDataset/img/T2_0001.png|deeee e  e     eee  eee ee      e  eeeeeeeeeeeeee  e   eeeeeeeeee eee   eeeeeeeeeeeeeeeeeeeeeeeeeeeeeeeeeeeeeeeeeeeeeee
/data3fast/users/mbermudez/de_02/TFGDataset/img/T2_1357.png|deeeeee      e  eeeeee  eeeee  eeeeeeeeeeeeeeeeeeeeeeeeeee eeeee   eeeeeeee eeeeeeeeeeeeeeeeeeeeeeeeeeeeeee eeeeeeeeeee
/data3fast/users/mbermudez/de_02/TFGDataset/img/T2_1026.png|deeee         eeeee e  eee eee  eeeee  eeeeeeeeeeeeeeee ee eeeeeeeeeeeeeee  ee eeeeeeeee  ee eeeeeeeeeeeeeeeeeeeeeeeeee
/data3fast/users/mbermudez/de_02/TFGDataset/img/T2_1300.png|deee e      eee         eee e eee eeeeeeeeeee  eeeeeeeeeeeeeeee eeeeeeeeeee  eeeeeeeeeeeeeeeeeeeeeeeeeeeeeeeeeeeeeeeeee
/data3fast/users/mbermudez/de_02/TFGDataset/img/T2_0244.png|deeee    eeeee     eeeee      e   eeeeeeeeee eeeeeeeeeeeeeeeee  e  eeeeeee eee e eeeeeeeeeeeeeeeeeeeeeeeeeeeeeeeeeeeeee
/data3fast/users/mbermudez/de_02/TFGDataset/img/T2_0267.png|deeeee      e       e  eee eee      eeeeee eeeeeeee e  e   ee  eeeeeeeeeeeee  e eeeeeee  eee  eeeeeee eeeeeeeeeeeeeeeee
/data3fast/users/mbermudez/de_02/TFGDataset/img/T2_0964.png|eeeee           ee eeee  eeeeeee  eeeeeee   eeee    eeeeeeeeeeeeee eeee eeeeeeeee eeeeeeee e  eeeeeeeeeeeeeeeeeeeeeeee 
/data3fast/users/mbermudez/de_02/TFGDataset/img/T2_0053.png|deee                eeeeeeeeeeeeeeeeeeeeeeeeeeee eeee   eeee eee e eeeee eeeeeeee ee e eeeeee eeee e eeeeeeeeeeeeeee ee
/data3fast/users/mbermudez/de_02/TFGDataset/img/T2_0974.png|ee          eeeeeeeee  eeeeeeeee e  ee  e eeeeeeeeeeeee eeeee e eeeeeeeeeeeeeeeeeeeeeeee  ee eee eeeeeeeeeeeeeeeeeeeeee
/data3fast/users/mbermudez/de_02/TFGDataset/img/T2_1189.png|deee      e ee eeeeee    ee ee e   eeee  eeeeeeeeeeeeeeeee eeeeeeeeeeeeeeeeeeeeeeeeeeeeeeeeeeeeeeeeeeeeeeeeeeeeeeeeee e
/data3fast/users/mbermudez/de_02/TFGDataset/img/T2_0103.png|#            eeee    ee eeeeeeeeeeeeeeee  eeeeeeeee eeeeeeeeeeeeeee  eeeeeeeeeeeeeeeee ee e eeeeeeeeeeeeeeeeeeeeeeeeeee
/data3fast/users/mbermudez/de_02/TFGDataset/img/T2_1218.png|deeeee e  ee   e eeee eeeeeeee eeee  eeeeeeeee ee eee eeeeeeeeeeeeeeeeeeeeeeeeeeeeeeeeeeeeeeeeeeeeeee   ee ee eeeeeeeee
