/data3fast/users/mbermudez/de_02/TFGDataset/img/T2_1199.png|maa     eeeeeeeeeeeeeeeeee   e it     ttt
/data3fast/users/mbermudez/de_02/TFGDataset/img/T2_0713.png|#  
/data3fast/users/mbermudez/de_02/TFGDataset/img/T2_1376.png|man    eee  n     eeeeeeeeee       nnne
/data3fast/users/mbermudez/de_02/TFGDataset/img/T2_0443.png|derrr eeeeeeeeeeeeeeeeeeeeeeeeeesssssseeeh
/data3fast/users/mbermudez/de_02/TFGDataset/img/T2_1084.png|auu         aall lleeeeee            ichchhhh
/data3fast/users/mbermudez/de_02/TFGDataset/img/T2_0377.png|dasssss               eeeeeeeeee  ssssshheeee
/data3fast/users/mbermudez/de_02/TFGDataset/img/T2_0492.png|rrreeeeeeeeiihhhhhhh hh heeeeeeeeeeeeeeeeeeeeeeee
/data3fast/users/mbermudez/de_02/TFGDataset/img/T2_1112.png|si     aaa    ssssaaaaa a    hhh  eeeeeeeehhhhh
/data3fast/users/mbermudez/de_02/TFGDataset/img/T2_0347.png|deeeeeeeeeeeii  tttttttttt         eeeeee
/data3fast/users/mbermudez/de_02/TFGDataset/img/T2_0568.png|ceeeeeeee      aa       eeeeeeeeeeeeeeee tt
/data3fast/users/mbermudez/de_02/TFGDataset/img/T2_1168.png|nhn   e            sssseeee e  ee *                 eeeee
/data3fast/users/mbermudez/de_02/TFGDataset/img/T2_0514.png|dassssss ee  e  e eeeeeeeeeeeeeeeeeee       eeeee eeeeeeee
/data3fast/users/mbermudez/de_02/TFGDataset/img/T2_0874.png|nnn        hhhhhhh  e hhh            eeee     ss d
/data3fast/users/mbermudez/de_02/TFGDataset/img/T2_0692.png|****eeett i     e     ee               eeeeeeeleeeee
/data3fast/users/mbermudez/de_02/TFGDataset/img/T2_0960.png|deeeeeeeeeeeeeeeeeeee   e             e       e esssssss
/data3fast/users/mbermudez/de_02/TFGDataset/img/T2_1308.png|sshhhh       tt      t
/data3fast/users/mbermudez/de_02/TFGDataset/img/T2_1153.png|unddeeeeeeeeet
/data3fast/users/mbermudez/de_02/TFGDataset/img/T2_0018.png|weeeeeeeeee  eeeeeeeeeeeeeeee*******      eeee
/data3fast/users/mbermudez/de_02/TFGDataset/img/T2_0911.png|eeeetttttttt
/data3fast/users/mbermudez/de_02/TFGDataset/img/T2_1169.png|der  ttttttt              eeeeeee   aaaa   ee
/data3fast/users/mbermudez/de_02/TFGDataset/img/T2_1431.png|dee       nnnnnnneeneeeneeee      sssss
/data3fast/users/mbermudez/de_02/TFGDataset/img/T2_0445.png|uu    ee    d dd           tllll      aaaa
/data3fast/users/mbermudez/de_02/TFGDataset/img/T2_1034.png|der       eeeeeeeeeeeee           eeeeeehhhhhh
/data3fast/users/mbermudez/de_02/TFGDataset/img/T2_1011.png|#  
/data3fast/users/mbermudez/de_02/TFGDataset/img/T2_0694.png|eeeettttt                     dddeeeeeeeeeee
/data3fast/users/mbermudez/de_02/TFGDataset/img/T2_0186.png|iii eeeeeeee*             nn   u nunnnnnn     hhhhh
/data3fast/users/mbermudez/de_02/TFGDataset/img/T2_0889.png|ssssslllllleeeeeeeeeeeeeeeeeeee**e**  eiiitt
/data3fast/users/mbermudez/de_02/TFGDataset/img/T2_0716.png|iihhhhhhhhhhh hh                   hhhh hh           asss
/data3fast/users/mbermudez/de_02/TFGDataset/img/T2_0538.png|dd    e           lllleeeeeeeeeeeeee      s eee
/data3fast/users/mbermudez/de_02/TFGDataset/img/T2_0710.png|bbr       eeeeeeeeeeeeeeeeeeeeeeeeeee
/data3fast/users/mbermudez/de_02/TFGDataset/img/T2_0447.png|nnnneeeeeeeeeeeeee eeeeeeeeeeeeeeeee     ddddd
/data3fast/users/mbermudez/de_02/TFGDataset/img/T2_1446.png|u          e eeeeee       de e   dd     sseee
/data3fast/users/mbermudez/de_02/TFGDataset/img/T2_1045.png|wllitt        tttttt          aa            ee
/data3fast/users/mbermudez/de_02/TFGDataset/img/T2_0825.png|seeeeeeeeeeeeeeeeeessssssl          eeeeeeee
/data3fast/users/mbermudez/de_02/TFGDataset/img/T2_0103.png|#   
/data3fast/users/mbermudez/de_02/TFGDataset/img/T2_1113.png|lllll     n   eeeeeeeeeeeeeeee        lssss
/data3fast/users/mbermudez/de_02/TFGDataset/img/T2_0490.png|eeelttt                t   t          sssseee
/data3fast/users/mbermudez/de_02/TFGDataset/img/T2_1366.png|bere        t ttt               ** ***          ee
/data3fast/users/mbermudez/de_02/TFGDataset/img/T2_0499.png|see                    eeseeeeshe          n nn
/data3fast/users/mbermudez/de_02/TFGDataset/img/T2_1121.png|wlll             eeeeeeeeeeeeeeeneeeeeee      ass
/data3fast/users/mbermudez/de_02/TFGDataset/img/T2_1351.png|nneeeeeeeeeeeeeeeeseseeeee
/data3fast/users/mbermudez/de_02/TFGDataset/img/T2_0069.png|iinn  eeeeeeeeeeeeeeeeeeelllll e  eeeee        
/data3fast/users/mbermudez/de_02/TFGDataset/img/T2_0475.png|iii      eeeeeeee   llleeeeeeeeeeeeeeee     eeeee
/data3fast/users/mbermudez/de_02/TFGDataset/img/T2_1227.png|un     ee e e eeeeeeeeeeeeeeeeeee            eeehhchhh
/data3fast/users/mbermudez/de_02/TFGDataset/img/T2_0130.png|cheeeeeeeeeeeeeiii cc               s eeeee         
/data3fast/users/mbermudez/de_02/TFGDataset/img/T2_1036.png|cceeeeee ssss s eee eeeesssss          eeeeeeee
/data3fast/users/mbermudez/de_02/TFGDataset/img/T2_1378.png|rer                                      ssssshhh
/data3fast/users/mbermudez/de_02/TFGDataset/img/T2_0530.png|aah   eeeeeeeee      aa   eeeeeeeee e eee
/data3fast/users/mbermudez/de_02/TFGDataset/img/T2_1264.png|da    teeeeee       aaa    eeeeeeeeeeeee   ha
/data3fast/users/mbermudez/de_02/TFGDataset/img/T2_0890.png|nne dd      sssssssssllleeeeeessseeeeeeeee        a
/data3fast/users/mbermudez/de_02/TFGDataset/img/T2_0540.png|#  
/data3fast/users/mbermudez/de_02/TFGDataset/img/T2_0663.png|eeeeeeeeeeee ee            eeeeeeeeeeeeeeeeeeeee   ee
/data3fast/users/mbermudez/de_02/TFGDataset/img/T2_1294.png|aan  eeeeeeeeeeeeeeeeeeeeeee                  eeehee
/data3fast/users/mbermudez/de_02/TFGDataset/img/T2_1260.png|bellee               ssscccchhccchhh   eeee
/data3fast/users/mbermudez/de_02/TFGDataset/img/T2_0534.png|geeehhssssss sss    sssssssechhcteee hhhee eee
/data3fast/users/mbermudez/de_02/TFGDataset/img/T2_0191.png|deee  eeeeeeeeeeeeeeeeeeeee                n
/data3fast/users/mbermudez/de_02/TFGDataset/img/T2_0491.png|aa   eeeeeee         aa              *.......
/data3fast/users/mbermudez/de_02/TFGDataset/img/T2_0730.png|ihhn    eeeeeeeee ttt                 eeeeeeeeeee
/data3fast/users/mbermudez/de_02/TFGDataset/img/T2_0605.png|sstteeeeeeeeeeeeeeee   s               dddddddd
/data3fast/users/mbermudez/de_02/TFGDataset/img/T2_0138.png|aaa                    eeeeeeeeeeeeeeeeeeeeee
/data3fast/users/mbermudez/de_02/TFGDataset/img/T2_0279.png|dee    nnnn n n          eeete t    t        hh
/data3fast/users/mbermudez/de_02/TFGDataset/img/T2_1098.png|iisssssssshhhhhhh   ee sesesss        aa   eeeeelllss
/data3fast/users/mbermudez/de_02/TFGDataset/img/T2_0863.png|eeeeeeeeee****e                 e                   eeeeeeeeehh
/data3fast/users/mbermudez/de_02/TFGDataset/img/T2_0959.png|wwer               a    eeeeeeeeeeeiiiittttt
/data3fast/users/mbermudez/de_02/TFGDataset/img/T2_1429.png|# 
/data3fast/users/mbermudez/de_02/TFGDataset/img/T2_1141.png|aachh      ee  e          sssss  e      eeede
/data3fast/users/mbermudez/de_02/TFGDataset/img/T2_0903.png|nneeeeeechhhh  e eeeeeeeeeeeeeeeeeeee  eeeee
/data3fast/users/mbermudez/de_02/TFGDataset/img/T2_1416.png|deeeeeeeeeeee eee  dd         a       eeeeee
/data3fast/users/mbermudez/de_02/TFGDataset/img/T2_0969.png|seeeeeeeeeeeeeeeeeeeeeee              eeeee eeeeeeee
/data3fast/users/mbermudez/de_02/TFGDataset/img/T2_0440.png|der            ttttttt..
/data3fast/users/mbermudez/de_02/TFGDataset/img/T2_0935.png|teee                    sssssss        eeee
/data3fast/users/mbermudez/de_02/TFGDataset/img/T2_1224.png|ss    eeeeeeeeeeeeeeeeeeeeeeelllll s       nnn
/data3fast/users/mbermudez/de_02/TFGDataset/img/T2_0374.png|aaaa             eeeeeeeee            ssssssss
/data3fast/users/mbermudez/de_02/TFGDataset/img/T2_0334.png|iiieeeeeeee                 hhheeeeeeeeee  s   aaa
/data3fast/users/mbermudez/de_02/TFGDataset/img/T2_1138.png|bae        d     ssseeeeeeeeeeeeeeeeeeeeeee eeee
/data3fast/users/mbermudez/de_02/TFGDataset/img/T2_0392.png|mttttteeeeeeeeeeeeeeeee           ddddddd
/data3fast/users/mbermudez/de_02/TFGDataset/img/T2_0897.png|geeee eeeeeeeeeeeeeeeeeeeee    ee        ass
/data3fast/users/mbermudez/de_02/TFGDataset/img/T2_0348.png|wwrr                               eee  e     t ttt
/data3fast/users/mbermudez/de_02/TFGDataset/img/T2_1478.png|wieeeeeeee   eeeeeeeeeeeeeeees e    eeeee
/data3fast/users/mbermudez/de_02/TFGDataset/img/T2_0260.png|nneeeeeeee     eeeeeeeeeeeeeeee      lll      ee
/data3fast/users/mbermudez/de_02/TFGDataset/img/T2_1407.png|eeettttt            e       seeeeeeeeeeessssssle
/data3fast/users/mbermudez/de_02/TFGDataset/img/T2_1400.png|bee     e
/data3fast/users/mbermudez/de_02/TFGDataset/img/T2_1307.png|cceeeeeeeeee        eeeeee e               eee
/data3fast/users/mbermudez/de_02/TFGDataset/img/T2_0433.png|geeeeeeeee                 iie  e hch      n
/data3fast/users/mbermudez/de_02/TFGDataset/img/T2_0269.png|wlleeeeeee d  ddeeeeeeeeeeeeeeeeeeeeeelllll l
/data3fast/users/mbermudez/de_02/TFGDataset/img/T2_0350.png|geeehsssss        sssssssssssessss                ****nnn
/data3fast/users/mbermudez/de_02/TFGDataset/img/T2_0501.png|geeehesssss         eeeeeeeeeeeeeeeeeeeeeeeeeeeeee
/data3fast/users/mbermudez/de_02/TFGDataset/img/T2_0737.png|de              hhhheeeeeeeeeeee    e
/data3fast/users/mbermudez/de_02/TFGDataset/img/T2_0042.png|dee     ee i            eeeeeeeeeeeeeeeeeeee eeee
/data3fast/users/mbermudez/de_02/TFGDataset/img/T2_0263.png|nini   hhhh             i     eeeeeeeeeeeeeee
/data3fast/users/mbermudez/de_02/TFGDataset/img/T2_0267.png|der  tttt             e   e   ee       nnnnnnnee
/data3fast/users/mbermudez/de_02/TFGDataset/img/T2_1020.png|# 
/data3fast/users/mbermudez/de_02/TFGDataset/img/T2_0580.png|"       hsssssssssss   ss               .....
/data3fast/users/mbermudez/de_02/TFGDataset/img/T2_0559.png|unnddeeeeeeeeeeeeeeeeee         eeeeeeeeeeeeeeeeee
/data3fast/users/mbermudez/de_02/TFGDataset/img/T2_0093.png|di     a      eeeeeeeeeeeeeeeee    tttttt
/data3fast/users/mbermudez/de_02/TFGDataset/img/T2_1248.png|eeeeeeennn        chccc    aa       nn nnnn
/data3fast/users/mbermudez/de_02/TFGDataset/img/T2_0010.png|*eeee       nn              e    **             eeeeeeee
/data3fast/users/mbermudez/de_02/TFGDataset/img/T2_1108.png|geellllllll        eeeeeeeeeeeeeeee      sss
/data3fast/users/mbermudez/de_02/TFGDataset/img/T2_1280.png|eeeeeee
/data3fast/users/mbermudez/de_02/TFGDataset/img/T2_1007.png|ss   eeeeeeeeeeee                  eeeee
/data3fast/users/mbermudez/de_02/TFGDataset/img/T2_1297.png|au eeeeeeessss aaa   a   aaa a    aa    eeeeeeeee
/data3fast/users/mbermudez/de_02/TFGDataset/img/T2_1240.png|beee eeeeeeeeesssee eeeeeeeeeeeeeeeeeeieee        aaaau
/data3fast/users/mbermudez/de_02/TFGDataset/img/T2_0678.png|leeeeee  eeeeeee        d  eeeeeeeeeeeeeeeeeeeeeehhhh
/data3fast/users/mbermudez/de_02/TFGDataset/img/T2_0367.png|aa   eeeeeeeeeeeeeeeeeeeeeeeeeeeee sss     nn
/data3fast/users/mbermudez/de_02/TFGDataset/img/T2_0035.png|deee   e*       e  e  eeeee  eeeeee           aa
/data3fast/users/mbermudez/de_02/TFGDataset/img/T2_0220.png|eee   a    eeeeeeeeeeeee                    eeeee
/data3fast/users/mbermudez/de_02/TFGDataset/img/T2_1130.png|ner  sssssssss             eeeeeeeeeeeeeeeeeeeie
/data3fast/users/mbermudez/de_02/TFGDataset/img/T2_0819.png|frrrrttteeeeeeeeeeeeee     iei        eeette
/data3fast/users/mbermudez/de_02/TFGDataset/img/T2_1074.png|eeee      eeeeeeeeeeee   t            s iiiii
/data3fast/users/mbermudez/de_02/TFGDataset/img/T2_0932.png|eee        nn  eeeee          gggeeeee     eeas
/data3fast/users/mbermudez/de_02/TFGDataset/img/T2_1390.png|nin                  ssss                eeeeeeeeee
/data3fast/users/mbermudez/de_02/TFGDataset/img/T2_0760.png|unn        aaaaaa      teeeeeeeeee
/data3fast/users/mbermudez/de_02/TFGDataset/img/T2_1083.png|neee hhhh      nn ddd    s       aa          eeeeeee
/data3fast/users/mbermudez/de_02/TFGDataset/img/T2_1215.png|shhhhh ee   eeeeeeeeeeeeeeeeeeeeeeeeeeee   uu
/data3fast/users/mbermudez/de_02/TFGDataset/img/T2_0548.png|allleeeeeeeeeeeeeeeeeeee           cc  ssssssttee
/data3fast/users/mbermudez/de_02/TFGDataset/img/T2_0958.png|dee      e eeeeee            a        d  eeeeeeeeN
/data3fast/users/mbermudez/de_02/TFGDataset/img/T2_0980.png|shheeeeeee            eee****        eeee      tttt
/data3fast/users/mbermudez/de_02/TFGDataset/img/T2_0116.png|"   eeeeeeeeeeee           eeeeeeeeeeeeeeeeeeeeeee
/data3fast/users/mbermudez/de_02/TFGDataset/img/T2_0759.png|der   aa   eeeeeeeeeeeee         nnnenennnnnn
/data3fast/users/mbermudez/de_02/TFGDataset/img/T2_0967.png|eee       eeeeseeeeeeeeeeenne      ar
/data3fast/users/mbermudez/de_02/TFGDataset/img/T2_0015.png|deer eeeeeee eeeeeeeeeeeeeeeeeellsssss    aat
/data3fast/users/mbermudez/de_02/TFGDataset/img/T2_0749.png|derr       e  eeeeeeeeeeeeeeeeeeeeee        eeeeeeeeee
/data3fast/users/mbermudez/de_02/TFGDataset/img/T2_1078.png|lltttttt
/data3fast/users/mbermudez/de_02/TFGDataset/img/T2_0970.png|sssshhhhhhh           eeeeeeeeeeeee           eee
/data3fast/users/mbermudez/de_02/TFGDataset/img/T2_1415.png|innn     eeeeeeeeeeeeeee     e eeeeeeeeeeeeeeeeeeeehhhh
/data3fast/users/mbermudez/de_02/TFGDataset/img/T2_1189.png|aareeeeeeeee         a   ssaaaa       eeee
/data3fast/users/mbermudez/de_02/TFGDataset/img/T2_1071.png|nn    seeeeheeeee     *****           ee eeeeeeeeeeeeee
/data3fast/users/mbermudez/de_02/TFGDataset/img/T2_0617.png|tttt               e eelleee  ssssssss      eeeeee
/data3fast/users/mbermudez/de_02/TFGDataset/img/T2_0908.png|ss    eee     e eeeeeeee     a a        tttt
/data3fast/users/mbermudez/de_02/TFGDataset/img/T2_0672.png|nnnnneeeee e n deeeeeeeeeeeeeeeeeeeeeeee
/data3fast/users/mbermudez/de_02/TFGDataset/img/T2_0046.png|derr        eetttttttttt         eeeelllee
/data3fast/users/mbermudez/de_02/TFGDataset/img/T2_0963.png|zu  eeeee   aaaa        s     eeie     ssssssss
/data3fast/users/mbermudez/de_02/TFGDataset/img/T2_1052.png|iiieeeeeeeeeeellllllllelee            dddeeeeeenn
/data3fast/users/mbermudez/de_02/TFGDataset/img/T2_1346.png|sll            eeeeeeeeeeeeeee         ssssaa
/data3fast/users/mbermudez/de_02/TFGDataset/img/T2_0757.png|seee        eeeeeeeeeeeeee           eeeeeeeee
/data3fast/users/mbermudez/de_02/TFGDataset/img/T2_1208.png|da    eeeeeeeee      eeeeeellleeeeeeee
/data3fast/users/mbermudez/de_02/TFGDataset/img/T2_0976.png|sssa aaaaa     lll lll       eeeeeeeeeeeeeee  eddd
/data3fast/users/mbermudez/de_02/TFGDataset/img/T2_0831.png|neeshhhcchhhheeeeeeee         a aa          eeeee
/data3fast/users/mbermudez/de_02/TFGDataset/img/T2_0305.png|dee  chtttt                               eeeeeeeeeeeeeeeeeeee
/data3fast/users/mbermudez/de_02/TFGDataset/img/T2_1458.png|der   iii             ***      eeeeeeeeeeee
/data3fast/users/mbermudez/de_02/TFGDataset/img/T2_0603.png|nnn   eeeeeeeeeeeeeeeeeeeeeeeeeeeeeeeee      aa tt
/data3fast/users/mbermudez/de_02/TFGDataset/img/T2_1359.png|dee eeesseeeeeeeeeeeeeeeeeeeeeehchhhhhh     nnnnnnn
/data3fast/users/mbermudez/de_02/TFGDataset/img/T2_0755.png|eeeeehh        a assssaaaaa  a            
/data3fast/users/mbermudez/de_02/TFGDataset/img/T2_0036.png|wwr       eeeelllleeeeeeeeeeeeee       
/data3fast/users/mbermudez/de_02/TFGDataset/img/T2_1016.png|eee     hhh i   e eeeeeeeeeeeeeeeeeee          eeeee
/data3fast/users/mbermudez/de_02/TFGDataset/img/T2_0896.png|zu  eeeeeessssssss    eeeeee     aaa   
/data3fast/users/mbermudez/de_02/TFGDataset/img/T2_1310.png|weeeeeeesssssss       eeee tttttttttt
/data3fast/users/mbermudez/de_02/TFGDataset/img/T2_0146.png|ssssssssssssseeeeeeeeeeeeeeeeeeeeennnnnneeee
/data3fast/users/mbermudez/de_02/TFGDataset/img/T2_0430.png|acchh eeeeeeeeeeeeeee         a        ss  ihhhh
/data3fast/users/mbermudez/de_02/TFGDataset/img/T2_1363.png|der      lllllllllllllleeeeeeeeeeeeeeee         
/data3fast/users/mbermudez/de_02/TFGDataset/img/T2_0799.png|eeeeeeeeeeeeeehhhheeeh    eeeeeeeeeeeeeeeeeeeeee
/data3fast/users/mbermudez/de_02/TFGDataset/img/T2_0612.png|aaa     eeeeeeeeeee        tt  i     ****......
/data3fast/users/mbermudez/de_02/TFGDataset/img/T2_1070.png|wwla   a    sssss      dddddd dddeeee
/data3fast/users/mbermudez/de_02/TFGDataset/img/T2_1154.png|eeessss    tttt
/data3fast/users/mbermudez/de_02/TFGDataset/img/T2_1065.png|llle     eeeeeeeehhhhchh             eee**       
/data3fast/users/mbermudez/de_02/TFGDataset/img/T2_1015.png|tt    nnnn      eeehh             eeeeeeeeeee
/data3fast/users/mbermudez/de_02/TFGDataset/img/T2_1176.png|inneeeeeeeeeeeeeeee  a   hhhheeeeeeeeeeeeeeeeee
/data3fast/users/mbermudez/de_02/TFGDataset/img/T2_0968.png|mttttssssssssssssaa     s     eeeee    *              t
/data3fast/users/mbermudez/de_02/TFGDataset/img/T2_1003.png|tteeeeeeeehchhhht      eeeeeeeeeeeeeeeeeeeee     dddd
/data3fast/users/mbermudez/de_02/TFGDataset/img/T2_0370.png|#   e
/data3fast/users/mbermudez/de_02/TFGDataset/img/T2_0940.png|derreeeeeeeeeeee        e   ssee     eeeeeeeeeeeee
/data3fast/users/mbermudez/de_02/TFGDataset/img/T2_1337.png|"         a sss  eeeeeeeeeeeeeeeeeeeeeee
/data3fast/users/mbermudez/de_02/TFGDataset/img/T2_0763.png|scchhheeeeeee e     sss    d s  eeeeeeeeicchh hhh
/data3fast/users/mbermudez/de_02/TFGDataset/img/T2_1284.png|dieeesssssssssss       nn               eee    
/data3fast/users/mbermudez/de_02/TFGDataset/img/T2_0985.png|deer eeeeeeeeeeeee         ll lll       tcchhhhaaa
/data3fast/users/mbermudez/de_02/TFGDataset/img/T2_0007.png|eee    aaa         eeeeeeeeeee     eeeeeee
/data3fast/users/mbermudez/de_02/TFGDataset/img/T2_1302.png|geee          eh eeeeeeee  ee   e    e eeeess
/data3fast/users/mbermudez/de_02/TFGDataset/img/T2_0276.png|"          ddddddeeeeeeeehhhhhhhtttt
/data3fast/users/mbermudez/de_02/TFGDataset/img/T2_0515.png|au    eeetttttt            tt          eeeeeeee
/data3fast/users/mbermudez/de_02/TFGDataset/img/T2_1207.png|eee           hchhhtttttttttt  thhheeeeeeeee 
/data3fast/users/mbermudez/de_02/TFGDataset/img/T2_0508.png|"   eeeeessssschhh ssssll  eeeeeeeeeee  tt
/data3fast/users/mbermudez/de_02/TFGDataset/img/T2_0139.png|stttt          e e  ee    eeeeeeeeeeeeeeeeeeeeeeeee
/data3fast/users/mbermudez/de_02/TFGDataset/img/T2_0687.png|aallll       eeeeeeeeeegeeeeeeeeeeeeeeeeeeeeeeee
/data3fast/users/mbermudez/de_02/TFGDataset/img/T2_0218.png|nnneeeeee  aaa  aaa      llelll          
/data3fast/users/mbermudez/de_02/TFGDataset/img/T2_0768.png|aal   eeeeeeiiiihh   ttt
/data3fast/users/mbermudez/de_02/TFGDataset/img/T2_0743.png|aaaaa        eeeeeeeeeeeeeeeeeeeeeeeeeeee
/data3fast/users/mbermudez/de_02/TFGDataset/img/T2_1118.png|der  aaaa                nnnn              dddddee
/data3fast/users/mbermudez/de_02/TFGDataset/img/T2_0683.png|eeessssssssseeeeeee    dddeeeeee iieeieeeeee
/data3fast/users/mbermudez/de_02/TFGDataset/img/T2_1037.png|lllleee         ssss e  e  e e eeeeeeeeeeeeeeeeeh
/data3fast/users/mbermudez/de_02/TFGDataset/img/T2_0264.png|"         a    sssllllleeee           aa   
/data3fast/users/mbermudez/de_02/TFGDataset/img/T2_1417.png|iiii      dddd dddd              iieee
/data3fast/users/mbermudez/de_02/TFGDataset/img/T2_1491.png|aas      eeeee**********        sssssssssee      eee
/data3fast/users/mbermudez/de_02/TFGDataset/img/T2_1447.png|ann  essssssll                eeeeeeeeeeeeeeeeeeee  ***
/data3fast/users/mbermudez/de_02/TFGDataset/img/T2_0844.png|auuu  eee                      a                ee
/data3fast/users/mbermudez/de_02/TFGDataset/img/T2_1031.png|beeeeeeeeeeeeeeehiihhhh  nnnnneennneee
/data3fast/users/mbermudez/de_02/TFGDataset/img/T2_0679.png|unn eeeeehhhhhhh           hhhhchh         eeeeeee
/data3fast/users/mbermudez/de_02/TFGDataset/img/T2_0212.png|eeeessssssssssh   eee      ....
/data3fast/users/mbermudez/de_02/TFGDataset/img/T2_1340.png|eeeeettttttt.
/data3fast/users/mbermudez/de_02/TFGDataset/img/T2_0789.png|daa eeeeeeeeeeeeeeeeeeeeeeeee       eeeeeeeeee
/data3fast/users/mbermudez/de_02/TFGDataset/img/T2_1257.png|dee    eeettttttttt     eeeeeeeeeeehh    nnnn
/data3fast/users/mbermudez/de_02/TFGDataset/img/T2_1405.png|zn           aaa     a       eeeeeeeeeee
/data3fast/users/mbermudez/de_02/TFGDataset/img/T2_0922.png|sheeeeeeeee           aaa    ehhhllllllellssllll
/data3fast/users/mbermudez/de_02/TFGDataset/img/T2_0588.png|dee    eeeeeeeeeeeee                 eeee
/data3fast/users/mbermudez/de_02/TFGDataset/img/T2_0792.png|mm     eeeeeeeeeeeeeeeeeeeeeeee       aaaaaa
/data3fast/users/mbermudez/de_02/TFGDataset/img/T2_0673.png|aas  eeeeeeee        a llllleeeeee
/data3fast/users/mbermudez/de_02/TFGDataset/img/T2_1476.png|eee            ee     eeeeeeenneeeeeeeeeeee
/data3fast/users/mbermudez/de_02/TFGDataset/img/T2_0542.png|eerr   aaaa            eeeeeessshhhc       eee
/data3fast/users/mbermudez/de_02/TFGDataset/img/T2_0349.png|ssttt  aaaa               tthhhhhhhhh  h hen
/data3fast/users/mbermudez/de_02/TFGDataset/img/T2_0914.png|aass eeeeeeeeee eeeeeeeeeeeeeeeeeeeeee eeeeeeerrii
/data3fast/users/mbermudez/de_02/TFGDataset/img/T2_0614.png|wieeeeeeeeeeeeee             eeee  eee  e    sssssseeee
/data3fast/users/mbermudez/de_02/TFGDataset/img/T2_1135.png|geeeee      thhhhh  eee            eeeeeese
/data3fast/users/mbermudez/de_02/TFGDataset/img/T2_0189.png|sshhhheeeeeeeeeessssssee       l ltee  e  e   eeeeeeee
/data3fast/users/mbermudez/de_02/TFGDataset/img/T2_1401.png|nn   sssshchhhhh                           
/data3fast/users/mbermudez/de_02/TFGDataset/img/T2_1290.png|bba    dd    eeeeeeeeehhhhhheeeee        u   
/data3fast/users/mbermudez/de_02/TFGDataset/img/T2_1155.png|iii                     eeeeeee  h       eee
/data3fast/users/mbermudez/de_02/TFGDataset/img/T2_0766.png|auu   eee eeiii e eeeeee    aa aaasssaahhh
/data3fast/users/mbermudez/de_02/TFGDataset/img/T2_0524.png|weeeeeeeeee ddd         
/data3fast/users/mbermudez/de_02/TFGDataset/img/T2_0353.png|c   eeeeeeeeeee* e                 eeeeeeeee  h
/data3fast/users/mbermudez/de_02/TFGDataset/img/T2_1465.png|aau   eee       a          eessssssssssss         
/data3fast/users/mbermudez/de_02/TFGDataset/img/T2_0919.png|wttt                  ssshceeeeeeeeeeeeee    aaaa
/data3fast/users/mbermudez/de_02/TFGDataset/img/T2_0871.png|geeeeeeeeeee   d   ddd d                     eee
/data3fast/users/mbermudez/de_02/TFGDataset/img/T2_0108.png|das   eeeeeeeeeeieihheeeeeeeeeeeeee ed   ddd
/data3fast/users/mbermudez/de_02/TFGDataset/img/T2_0856.png|iirrrr     e   eee eee eeeeeeeeeeeeeeeeeeeeeeeeeeee
/data3fast/users/mbermudez/de_02/TFGDataset/img/T2_0225.png|iihh   eeeeeeeeeeeeeeeeeeeeieee    eeeeeeee
/data3fast/users/mbermudez/de_02/TFGDataset/img/T2_1105.png|teeeeeeeeee  e   eeeeessssss eee iii       eeeeeee
/data3fast/users/mbermudez/de_02/TFGDataset/img/T2_0543.png|ahhl        eeeeeeeeeeeeeeeeee          
/data3fast/users/mbermudez/de_02/TFGDataset/img/T2_1276.png|bbeeeeeeeeeeeeee             aaa         eeee
/data3fast/users/mbermudez/de_02/TFGDataset/img/T2_0254.png|"   eeeee     llllllllhhhhh     ttttt
/data3fast/users/mbermudez/de_02/TFGDataset/img/T2_1009.png|"    eeeeeeeeeeeeeeeeeee         aaaasssss
/data3fast/users/mbermudez/de_02/TFGDataset/img/T2_0306.png|m             eeeeeeeeeheeeeee         eeeee  iiit
/data3fast/users/mbermudez/de_02/TFGDataset/img/T2_0823.png|ssee     aaaa   s    eeeeeeeeee**     hchhh
/data3fast/users/mbermudez/de_02/TFGDataset/img/T2_0336.png|chh     e            e eeeeeee        tttttt
/data3fast/users/mbermudez/de_02/TFGDataset/img/T2_1261.png|deereeeeeeeee        dd eeeeeeeeeeeeeeee
/data3fast/users/mbermudez/de_02/TFGDataset/img/T2_1386.png|daa       eeeeeeeeeeeeeeeeeeee      eee   nninhh
/data3fast/users/mbermudez/de_02/TFGDataset/img/T2_0234.png|deeseeeeeeeee      aaaaaaa e eeeeeeeeeeeee
/data3fast/users/mbermudez/de_02/TFGDataset/img/T2_0144.png|hhhee           eeeeeeeeeeeeessssss           
/data3fast/users/mbermudez/de_02/TFGDataset/img/T2_0634.png|"            neeeeeeeeeeeeeeeeeeeeeeee     
/data3fast/users/mbermudez/de_02/TFGDataset/img/T2_1204.png|geeehh     lleeeesseeeeeeeeeeeeeeeeeeeeeee eneeenenne
/data3fast/users/mbermudez/de_02/TFGDataset/img/T2_0539.png|wees  ssss      ssseeeeeeeeeee  eeeeeeeeeee
/data3fast/users/mbermudez/de_02/TFGDataset/img/T2_1490.png|ffe                 eeeeeeeeeeeei  sssssss
/data3fast/users/mbermudez/de_02/TFGDataset/img/T2_1167.png|unnd  eeeeeeeeehcheeeeeeeee      dddeeeeeeee
/data3fast/users/mbermudez/de_02/TFGDataset/img/T2_1305.png|wrrrlcchhhhhhh          sssss     eee        eeeeeeeee
/data3fast/users/mbermudez/de_02/TFGDataset/img/T2_0205.png|eeeehhhh                             eeeeeeeeeeee
/data3fast/users/mbermudez/de_02/TFGDataset/img/T2_0784.png|dii           eeeeeeeeeeeeeelleeeeeeeeeeeeeelll
/data3fast/users/mbermudez/de_02/TFGDataset/img/T2_0800.png|dd       t tt ttt                         a sllllllee
/data3fast/users/mbermudez/de_02/TFGDataset/img/T2_1498.png|di         eeeeeeeeeeeeeeeeee e  ttttsssssssshh
/data3fast/users/mbermudez/de_02/TFGDataset/img/T2_0999.png|eeellllllll         eeeee    eeeeeeeeeeeee  nii
/data3fast/users/mbermudez/de_02/TFGDataset/img/T2_0162.png|desssseeeeeeeee           eeeeeeeeeeeeeeei      
/data3fast/users/mbermudez/de_02/TFGDataset/img/T2_1262.png|schhh     hhhhhh        eeeeeee        eeeee
/data3fast/users/mbermudez/de_02/TFGDataset/img/T2_1309.png|eee                         eeeeeeeee   nnneeee
/data3fast/users/mbermudez/de_02/TFGDataset/img/T2_0330.png|diessseeeeeeeee  e      eeeeee               eeeeehhhhhhhe
/data3fast/users/mbermudez/de_02/TFGDataset/img/T2_0623.png|ddr          eeeeeeeiiiii     eieeeee tttt
/data3fast/users/mbermudez/de_02/TFGDataset/img/T2_0439.png|aa  sssss ee eeeeeeeeeeeeeeeeeeeeee       deeeeee
/data3fast/users/mbermudez/de_02/TFGDataset/img/T2_0767.png|ss    eiihhhhieee eeeeeeeeeeeeeeeeeeeee
/data3fast/users/mbermudez/de_02/TFGDataset/img/T2_1325.png|ssseeeee eettttttt              s slleeeee  eee
/data3fast/users/mbermudez/de_02/TFGDataset/img/T2_1201.png|deeeeeeeeeeeeeeeessssseee       aa        iiee
/data3fast/users/mbermudez/de_02/TFGDataset/img/T2_1198.png|der       d d     eettttttttt       ese
/data3fast/users/mbermudez/de_02/TFGDataset/img/T2_0828.png|unnn d        eeeeeeeeeeeeeeeeeeeeee aaaaaa
/data3fast/users/mbermudez/de_02/TFGDataset/img/T2_0944.png|llllllaaaaa                  eeee eee       eeeeee
/data3fast/users/mbermudez/de_02/TFGDataset/img/T2_1357.png|iihheeeeeeeeeesehhh h                           ddddde
/data3fast/users/mbermudez/de_02/TFGDataset/img/T2_0642.png|dii   eeeeeeeee  sssseeeeeeeeeeeeeee       sss
/data3fast/users/mbermudez/de_02/TFGDataset/img/T2_0822.png|uunn     aa  uuuuuuunnnnn  uaa aahhhh
/data3fast/users/mbermudez/de_02/TFGDataset/img/T2_0718.png|dee     ss  seeeeeeeehhh   n n  ddeeeeeee
/data3fast/users/mbermudez/de_02/TFGDataset/img/T2_1425.png|tttt    ee    eeeeessseeeeeeeeeeeeedd
/data3fast/users/mbermudez/de_02/TFGDataset/img/T2_0810.png|aalhhhhhheee  nnn   eeeeeeeeeeeeettl l       ttt
/data3fast/users/mbermudez/de_02/TFGDataset/img/T2_0697.png|cc           sllllllseeeeeeeee eeee         aaal
/data3fast/users/mbermudez/de_02/TFGDataset/img/T2_1062.png|anneeeeeeeeeeeeeeeeeeeeeeeeeiihccc c             ses
/data3fast/users/mbermudez/de_02/TFGDataset/img/T2_0346.png|eeeeeeeeeeeee            eeeeeeeeeeeeeeeee     ddd
/data3fast/users/mbermudez/de_02/TFGDataset/img/T2_0140.png|geee ssss  ee  e esseeeeee             ee   eeeeeeii
/data3fast/users/mbermudez/de_02/TFGDataset/img/T2_0728.png|mi       eee eeeeeeeeeeeeeeee            tt
/data3fast/users/mbermudez/de_02/TFGDataset/img/T2_0209.png|innn  eeeeeellleeeeeeeeeeeeeeeeeeii  nnn aaaaaa
/data3fast/users/mbermudez/de_02/TFGDataset/img/T2_0622.png|geeeeee       eeeeeeeeeeee       nn     sshhh
/data3fast/users/mbermudez/de_02/TFGDataset/img/T2_0393.png|bssssssse           ddddde  ii   i       aa
/data3fast/users/mbermudez/de_02/TFGDataset/img/T2_0643.png|der  tcchhhhhtt   eeeeeeehhh  e       nnn  nnnn
/data3fast/users/mbermudez/de_02/TFGDataset/img/T2_1115.png|iiieeeeeeeeeeeeeeeeeeeee          a  a 
/data3fast/users/mbermudez/de_02/TFGDataset/img/T2_1420.png|tteeeee eesss i          ss  aaaaaa   aaa aaaaaaa
/data3fast/users/mbermudez/de_02/TFGDataset/img/T2_0954.png|dn     eieiiieeeeie  e                   eeelttt
/data3fast/users/mbermudez/de_02/TFGDataset/img/T2_0188.png|aaeeeeeeee  sss        e eeeeeeeeeeeeeeeeeeeeeeeeee
/data3fast/users/mbermudez/de_02/TFGDataset/img/T2_1239.png|nnn   eeeeessttt    .........
/data3fast/users/mbermudez/de_02/TFGDataset/img/T2_1303.png|dee  eeeeeee             eeeeeeeeeeeeee   ee
/data3fast/users/mbermudez/de_02/TFGDataset/img/T2_0213.png|ss        eeleslllelllll    eeeeeeeeeeeee    iii
/data3fast/users/mbermudez/de_02/TFGDataset/img/T2_1381.png|*ttt     ttt    tt        aaa a       eeeeeeeeeeeeeeeee
/data3fast/users/mbermudez/de_02/TFGDataset/img/T2_1120.png|nnn    eeeeeeeeeeeeeeeeeeeeeeeesttttttttttt  
/data3fast/users/mbermudez/de_02/TFGDataset/img/T2_0110.png|mallsssssshhhhheeeeeeee      sseeeeeeeeeeeeeee
/data3fast/users/mbermudez/de_02/TFGDataset/img/T2_1004.png|ccheeeeeeeeeeeee               dddeeddeed eeeeeeee
/data3fast/users/mbermudez/de_02/TFGDataset/img/T2_1480.png|#  
/data3fast/users/mbermudez/de_02/TFGDataset/img/T2_0899.png|iii    eeeeeeeeee e     aaa  aa          ssssssss
/data3fast/users/mbermudez/de_02/TFGDataset/img/T2_1500.png|bbe   dddeeeeeeeeeeesssee     eeeeeeeeeehhee
/data3fast/users/mbermudez/de_02/TFGDataset/img/T2_0816.png|un     tttttt.
/data3fast/users/mbermudez/de_02/TFGDataset/img/T2_1382.png|dieeesseeee                ssschhhhhhhhheeeeeeeeNNe
/data3fast/users/mbermudez/de_02/TFGDataset/img/T2_0458.png|dii       a     a a      tt     eeeeeeeeeeeeeeeeeNee
/data3fast/users/mbermudez/de_02/TFGDataset/img/T2_0593.png|zeeeeeeeee          eeeeeee e           
/data3fast/users/mbermudez/de_02/TFGDataset/img/T2_0867.png|hhhhi       eeeeeeeeeeeeeee     s s      ddnn
/data3fast/users/mbermudez/de_02/TFGDataset/img/T2_1285.png|"     eeeeee  e eeee    eeeeeeeeeeeee ee eee** e  eneennn
/data3fast/users/mbermudez/de_02/TFGDataset/img/T2_1200.png|# 
/data3fast/users/mbermudez/de_02/TFGDataset/img/T2_0921.png|dd                 eesssssttttt  ........
/data3fast/users/mbermudez/de_02/TFGDataset/img/T2_0293.png|deeeeeeeeeeeee      n    aa     eeeeeeeeeeeeeee
/data3fast/users/mbermudez/de_02/TFGDataset/img/T2_1486.png|miiieeeeeeeeee         ssseeeeeeeeeee eede
/data3fast/users/mbermudez/de_02/TFGDataset/img/T2_0278.png|wrrr      eeeeeeeeeeeeeeeeeeeeeeeeeeeeeeeee   ttt
/data3fast/users/mbermudez/de_02/TFGDataset/img/T2_0028.png|ooa             eee eeeeeessseeeeeeessssssssss
/data3fast/users/mbermudez/de_02/TFGDataset/img/T2_1433.png|ihh           eeeeeeeeeeeeeeeeeeeeee ee eeessss
/data3fast/users/mbermudez/de_02/TFGDataset/img/T2_0261.png|geeeeeeesesssseeessssseeeeeeee           nnnn
/data3fast/users/mbermudez/de_02/TFGDataset/img/T2_0965.png|mii  eeeeeeeee   hhchcce    hc        ss         nnnnn
/data3fast/users/mbermudez/de_02/TFGDataset/img/T2_0020.png|wmn    llllleeeeeeeeeeeeeeee   dddddd eeee
/data3fast/users/mbermudez/de_02/TFGDataset/img/T2_0744.png|deee   e  nnnnn                               ahh
/data3fast/users/mbermudez/de_02/TFGDataset/img/T2_1372.png|eeeeeeeeeeeeeeeeeeeeeeeeee                  eeee
/data3fast/users/mbermudez/de_02/TFGDataset/img/T2_0560.png|aasssssshhhh     hhh   h      teeeeeeeee eddd
/data3fast/users/mbermudez/de_02/TFGDataset/img/T2_1232.png|geeeeeeeeeeeeeeeeeeeeesseehhheeeeee         aaa
/data3fast/users/mbermudez/de_02/TFGDataset/img/T2_0137.png|neeeeeeehhhhhh                h    leeeeeeeee
/data3fast/users/mbermudez/de_02/TFGDataset/img/T2_0659.png|eeet    chhhhhhh    hhheee               .....
/data3fast/users/mbermudez/de_02/TFGDataset/img/T2_0572.png|frre   d eeeeeeeeeeeeeeeee   ee e               
/data3fast/users/mbermudez/de_02/TFGDataset/img/T2_0203.png|"      eeeeeeeeeeeeeeeee    dd     ssssssss
/data3fast/users/mbermudez/de_02/TFGDataset/img/T2_0857.png|de    aaaaaaa   a           i  eeeeeeeeessssssss
/data3fast/users/mbermudez/de_02/TFGDataset/img/T2_0398.png|mii                 e     s      l   esssseees
/data3fast/users/mbermudez/de_02/TFGDataset/img/T2_0311.png|gnnn       hieeeeeeeeeeeh                   
/data3fast/users/mbermudez/de_02/TFGDataset/img/T2_0573.png|oon  eeeeeeeeeeeeeeeeeeese seeee e eeeeeeeeeeee
/data3fast/users/mbermudez/de_02/TFGDataset/img/T2_1418.png|geeehhhhettt
/data3fast/users/mbermudez/de_02/TFGDataset/img/T2_0019.png|ihhhh      eeeeeeeeeeeeeeeeeeeeeeeeeeeeeeeeeee
/data3fast/users/mbermudez/de_02/TFGDataset/img/T2_0298.png|un  eessshhhhchhh                   eeeeeeeeeeeeeeeene
/data3fast/users/mbermudez/de_02/TFGDataset/img/T2_0176.png|wii       aa            eeeeeeeeeeeeeeeecchhheee
/data3fast/users/mbermudez/de_02/TFGDataset/img/T2_1423.png|"   eeeeeeeeeeeee                eelllt
/data3fast/users/mbermudez/de_02/TFGDataset/img/T2_1477.png|ggeeeee          dd d    ssssssss      hi       ii
/data3fast/users/mbermudez/de_02/TFGDataset/img/T2_0014.png|in  eeeeeeeettttt           eeeeeeehhhee    nnnnn
/data3fast/users/mbermudez/de_02/TFGDataset/img/T2_0690.png|wieeeeeeeeeeeeeeeeeeeeeeeee   nn     aaaa
/data3fast/users/mbermudez/de_02/TFGDataset/img/T2_0866.png|fffe    eeeee    h h eeeeeeeeeeeeeeeeeeeeeeee
/data3fast/users/mbermudez/de_02/TFGDataset/img/T2_0824.png|un   sss    eeee  e***e*eeeeeeeeee cchhhhhhheeeeeeeee
/data3fast/users/mbermudez/de_02/TFGDataset/img/T2_0368.png|wi      ssss   s  sseseeeeeeeeee              eeeee
/data3fast/users/mbermudez/de_02/TFGDataset/img/T2_0665.png|beee        aaa   ll l        eeeeeeeeee
/data3fast/users/mbermudez/de_02/TFGDataset/img/T2_1379.png|mi   eeeeeeeeeeeeeeeeeeeeeeeee
/data3fast/users/mbermudez/de_02/TFGDataset/img/T2_1455.png|m   eeeeeeeeee   hh h  hhhhhhh         d eeeeeee
/data3fast/users/mbermudez/de_02/TFGDataset/img/T2_0563.png|aaneeeeee  eeee   ttttt sssssssllllleeeeeeee
/data3fast/users/mbermudez/de_02/TFGDataset/img/T2_0616.png|deereeeeeeeeeeeeeeeeeessscccchc   a        ee
/data3fast/users/mbermudez/de_02/TFGDataset/img/T2_0129.png|#  
/data3fast/users/mbermudez/de_02/TFGDataset/img/T2_1253.png|bbe        eeeeeeeee           
/data3fast/users/mbermudez/de_02/TFGDataset/img/T2_1230.png|aaa  eeeeeeeeeeeeeeeg  eee           eeeeeeee
/data3fast/users/mbermudez/de_02/TFGDataset/img/T2_0461.png|daaa         eeeeessssssssssssshh h            dde
/data3fast/users/mbermudez/de_02/TFGDataset/img/T2_0244.png|beee eeeeeeeeeeeeeeee   i  eeeeeeeeeeeeeeee
/data3fast/users/mbermudez/de_02/TFGDataset/img/T2_0946.png|unneeeeeee    sssssssss                      ee
/data3fast/users/mbermudez/de_02/TFGDataset/img/T2_1453.png|# 
/data3fast/users/mbermudez/de_02/TFGDataset/img/T2_1246.png|aan    eeeeeee dddeee     eeeeeesllllllllll   ee
/data3fast/users/mbermudez/de_02/TFGDataset/img/T2_0297.png|dee                 ssss chhhhheeeeeeeeeee    nn
/data3fast/users/mbermudez/de_02/TFGDataset/img/T2_1066.png|werr       eeeeeeeeeeeeeee         sss     iee
/data3fast/users/mbermudez/de_02/TFGDataset/img/T2_0732.png|"   eeeeeeeeeeet***tccchhhhh      nnnn
/data3fast/users/mbermudez/de_02/TFGDataset/img/T2_0033.png|teeeeeeeeee                    sssss    ss  eeeeeeeee
/data3fast/users/mbermudez/de_02/TFGDataset/img/T2_0154.png|eeeeitttttttttttttt        eeeeeeeeeeeeeeee
/data3fast/users/mbermudez/de_02/TFGDataset/img/T2_1222.png|wlll        eeeeeeeeeeeeeeeeeeeeee       tt
/data3fast/users/mbermudez/de_02/TFGDataset/img/T2_0303.png|beee  eeeeeeeeeeeeee         nnn       hhhhhhh
/data3fast/users/mbermudez/de_02/TFGDataset/img/T2_0076.png|deeeeeeeeeeeeeeeeeeeeeee  eeee e  neeeeeee
/data3fast/users/mbermudez/de_02/TFGDataset/img/T2_0853.png|"    ssssssssssss     s  eeeeee            uuun
/data3fast/users/mbermudez/de_02/TFGDataset/img/T2_0791.png|sccchhheeeeee        s      ee eee e           attt
/data3fast/users/mbermudez/de_02/TFGDataset/img/T2_0693.png|ii  eessseeeeeeeeeeeeee ddddd     ssseeiehhee
/data3fast/users/mbermudez/de_02/TFGDataset/img/T2_1488.png|uu eeeeeeeeeeeeeeeeeeeeee            aaa  eee
/data3fast/users/mbermudez/de_02/TFGDataset/img/T2_0833.png|reeeessssssseee eeeeee                         tt
/data3fast/users/mbermudez/de_02/TFGDataset/img/T2_0715.png|mmt          n  eeeee ee d  e  e  i  hhnnnnn
/data3fast/users/mbermudez/de_02/TFGDataset/img/T2_0444.png|grrre  eeeeeee eeeeee          ssssss     ss eeeeeeee
/data3fast/users/mbermudez/de_02/TFGDataset/img/T2_0904.png|deessllllleeeeeeeeeeeeee          eeeeeeeee
/data3fast/users/mbermudez/de_02/TFGDataset/img/T2_1090.png|weeeettttttt
/data3fast/users/mbermudez/de_02/TFGDataset/img/T2_1035.png|lllhhhh         nnnn eeeeeeeeeeeeeeeeeeeeeee n
/data3fast/users/mbermudez/de_02/TFGDataset/img/T2_1184.png|rrree  deeeeeeeeeeeeeessseeeeeee     eeeee       ee
/data3fast/users/mbermudez/de_02/TFGDataset/img/T2_0403.png|nnnn             eeeeeeeeeeeeeeeeeeeeeeeeeee
/data3fast/users/mbermudez/de_02/TFGDataset/img/T2_0268.png|aauu                         eeeeeeeee    hiiihhh
/data3fast/users/mbermudez/de_02/TFGDataset/img/T2_0826.png|iii   sshchhhhc    ******* *            eeeeeee    nnnn
/data3fast/users/mbermudez/de_02/TFGDataset/img/T2_1183.png|"      aa       s  eeeeeeeeeeeeeeeeeeeeee***       nnnn
/data3fast/users/mbermudez/de_02/TFGDataset/img/T2_0394.png|und  eeeeeeeeeeeeeeeeeeeeeeeeeeee        
/data3fast/users/mbermudez/de_02/TFGDataset/img/T2_0722.png|cheeeeeeee          lt  eeeeeeeee   eeddde
/data3fast/users/mbermudez/de_02/TFGDataset/img/T2_1194.png|geee            e eeheee    sss                  eeeeee
/data3fast/users/mbermudez/de_02/TFGDataset/img/T2_1116.png|dee   aaaaaaaa     aaaa     aasss a  lll
/data3fast/users/mbermudez/de_02/TFGDataset/img/T2_1019.png|geeeeee   ii iiiiiiiii  eeeeeeeeee
/data3fast/users/mbermudez/de_02/TFGDataset/img/T2_1394.png|nnneeeeeee      t              eeeeeeeeeeeeeeeeee
/data3fast/users/mbermudez/de_02/TFGDataset/img/T2_0624.png|dee sssseeeeeeeeeeeeeeeeeeeeeee      sssssss
/data3fast/users/mbermudez/de_02/TFGDataset/img/T2_0383.png|iiieeeeeeeeseeeeeeeeeeeee  dd    a      eeeeeeeeee
/data3fast/users/mbermudez/de_02/TFGDataset/img/T2_0818.png|"  eeeeeeeeellett.
/data3fast/users/mbermudez/de_02/TFGDataset/img/T2_0065.png|der                       ssssss    s     eeeeeeeeee
/data3fast/users/mbermudez/de_02/TFGDataset/img/T2_1468.png|anna   hhhhhchhhc    **             ee         hh
/data3fast/users/mbermudez/de_02/TFGDataset/img/T2_0003.png|weeeeeehhhhhhhhhhh        nn       sssssssseeeeeeee
/data3fast/users/mbermudez/de_02/TFGDataset/img/T2_1249.png|unn    shhhh           eeeeeeeeeeeeeee        
/data3fast/users/mbermudez/de_02/TFGDataset/img/T2_0522.png|ggllllleeeeeeeeeeeeeeee eeeeeeeeeeeeeee   aaaaa
/data3fast/users/mbermudez/de_02/TFGDataset/img/T2_0860.png|wieeeeeeeeeeie   ee eeeeeeee            eeeeeeeeeee   
/data3fast/users/mbermudez/de_02/TFGDataset/img/T2_1286.png|auu d               esssiihhhieeeeeeeeeeeeee
/data3fast/users/mbermudez/de_02/TFGDataset/img/T2_0410.png|geeeeeeeeeeeeeeeeeeeeeeee                            aa
/data3fast/users/mbermudez/de_02/TFGDataset/img/T2_0156.png|der   eeeeeeeeeeeee    n       eeeeeeeee      ttt
/data3fast/users/mbermudez/de_02/TFGDataset/img/T2_0870.png|ma   eeeeeeeeii      aaaa aa    a   eeeeeeee
/data3fast/users/mbermudez/de_02/TFGDataset/img/T2_0452.png|"    eeeeeee         a    aaa  ssssss  lllleee
/data3fast/users/mbermudez/de_02/TFGDataset/img/T2_1160.png|*************   hhheeeeeeeeeeeehheeeeeeeeeeeee  ee eeeeeee
/data3fast/users/mbermudez/de_02/TFGDataset/img/T2_1327.png|eee       eeeeeeeeeeeeeeee       eeeee    aaaaa
/data3fast/users/mbermudez/de_02/TFGDataset/img/T2_0426.png|sltt                ss  s                  eeesssesseee
/data3fast/users/mbermudez/de_02/TFGDataset/img/T2_0196.png|eeee         eeeeeeeee         d   aa   ssseeee
/data3fast/users/mbermudez/de_02/TFGDataset/img/T2_0814.png|lllee         eeeeeeeeeeeeeeeee     a       
/data3fast/users/mbermudez/de_02/TFGDataset/img/T2_0085.png|innn         t.
/data3fast/users/mbermudez/de_02/TFGDataset/img/T2_0998.png|"    ssssss        eeeeelllll          eeee
/data3fast/users/mbermudez/de_02/TFGDataset/img/T2_1343.png|inn       ee  ih       i ttttt       eeeeeeeeeeeeeeeeee
/data3fast/users/mbermudez/de_02/TFGDataset/img/T2_1270.png|nn eeeesslllll         eeeeeeeeeeeeedddd
/data3fast/users/mbermudez/de_02/TFGDataset/img/T2_0648.png|annn  eeeeee   ssshhhhh            eeeeeeeeenn
/data3fast/users/mbermudez/de_02/TFGDataset/img/T2_1132.png|rerrlllllleeeeeeeeeeeeeeeessssss          d
/data3fast/users/mbermudez/de_02/TFGDataset/img/T2_0253.png|funn eee    sssssssse eeeeeeeeeeeeeeeeeeeeeee
/data3fast/users/mbermudez/de_02/TFGDataset/img/T2_0104.png|nna             ee  ee           sssssss           ii
/data3fast/users/mbermudez/de_02/TFGDataset/img/T2_1348.png|ddsssssstttttttttt
/data3fast/users/mbermudez/de_02/TFGDataset/img/T2_0024.png|beeeeeeeeeee          te eeeeeee             ddde
/data3fast/users/mbermudez/de_02/TFGDataset/img/T2_0081.png|cch  eeeee   aaa          eeeeeeeeeeeeeeeeee
/data3fast/users/mbermudez/de_02/TFGDataset/img/T2_1484.png|dassseeeeeeeeeeeeeeenneneeeeeeeeeeeeeeei     cchhhhc
/data3fast/users/mbermudez/de_02/TFGDataset/img/T2_0752.png|nn eeeeeeeeeeeeeeeeeeeesssssss       eeeeeeeee
/data3fast/users/mbermudez/de_02/TFGDataset/img/T2_1333.png|freeeeeeeeeeeee        eeeeeeeeeeeeee eeee  ichhhhhhh
/data3fast/users/mbermudez/de_02/TFGDataset/img/T2_1383.png|seeeeesssssss               eeeeee eeeeeeeeeeeeee
/data3fast/users/mbermudez/de_02/TFGDataset/img/T2_0546.png|lllttt          sssss        eeeeeeeee     ee
/data3fast/users/mbermudez/de_02/TFGDataset/img/T2_0300.png|nnn                     ttttt    eeeee    uuaaa
/data3fast/users/mbermudez/de_02/TFGDataset/img/T2_0599.png|dd     hhchhhhh          aa              eeeeeeeeeee
/data3fast/users/mbermudez/de_02/TFGDataset/img/T2_0030.png|deeeeeeeeeeeeeeeeeeeeeeeeeeeee     s           eeeeeee
/data3fast/users/mbermudez/de_02/TFGDataset/img/T2_0340.png|lll                 nnnnnnnd eeeeeeeeeeeeeeeee
/data3fast/users/mbermudez/de_02/TFGDataset/img/T2_0177.png|der sshhhle   e e                            ttttt
/data3fast/users/mbermudez/de_02/TFGDataset/img/T2_0057.png|lllll               eeeeeeeeeeeeeee e eeeeiinn
/data3fast/users/mbermudez/de_02/TFGDataset/img/T2_0239.png|"     esssssseeeeee  ..
/data3fast/users/mbermudez/de_02/TFGDataset/img/T2_0195.png|miitt     hhhhhhhhhhn  nnnn            eeee
/data3fast/users/mbermudez/de_02/TFGDataset/img/T2_0815.png|deeeeeeeeeeee  e s   iiii  ee  n nneeeeeeeeeeeeeee
/data3fast/users/mbermudez/de_02/TFGDataset/img/T2_0778.png|nnhhhhh aaaaa         nn nnnn e   hhhhhhhhhh  eeeeeeeeeeee
/data3fast/users/mbermudez/de_02/TFGDataset/img/T2_0486.png|de         eeesseetestttt                    eeeehhhh
/data3fast/users/mbermudez/de_02/TFGDataset/img/T2_1000.png|tteeeeeeee            eeeeeeeeeeeeeeeeeeeeeeeeeeee
/data3fast/users/mbermudez/de_02/TFGDataset/img/T2_1481.png|ee  ss       nnnnneeeeeenneeeeeeeeeeee
/data3fast/users/mbermudez/de_02/TFGDataset/img/T2_0001.png|gee       eeeeeeeeeeeeeeeeee         sssssssseeeee
/data3fast/users/mbermudez/de_02/TFGDataset/img/T2_1163.png|weeeeesssssaaaaaa s         nnnneeeeeeeeeeee
/data3fast/users/mbermudez/de_02/TFGDataset/img/T2_0044.png|wie               nnddd     ee         te
/data3fast/users/mbermudez/de_02/TFGDataset/img/T2_0562.png|iiieeeeee***.....
/data3fast/users/mbermudez/de_02/TFGDataset/img/T2_0000.png|ffreeeeeeee                           eeeeeeee
/data3fast/users/mbermudez/de_02/TFGDataset/img/T2_0776.png|beeeeeeeeeeeeeeeeheeeeheh            dddd eeeeedddeeee
/data3fast/users/mbermudez/de_02/TFGDataset/img/T2_0163.png|dieeeeeeeeeeee        eeeeeeeeeeheheehhhhechhhhhhh  
/data3fast/users/mbermudez/de_02/TFGDataset/img/T2_1126.png|sii eeeeeeee       lllll      eeeeeee          eee
/data3fast/users/mbermudez/de_02/TFGDataset/img/T2_0847.png|# 
/data3fast/users/mbermudez/de_02/TFGDataset/img/T2_0498.png|ssss    a    eeeeeeeeeeeeeeeeeicit       ......
/data3fast/users/mbermudez/de_02/TFGDataset/img/T2_0740.png|dee  eeeeee eeee     ee ccs       sssss   sss  ss    s     dddd
/data3fast/users/mbermudez/de_02/TFGDataset/img/T2_0552.png|neeeeeeee         e deeeeeeeeeeeeeeeeeeeee
/data3fast/users/mbermudez/de_02/TFGDataset/img/T2_0401.png|geee   nnnnnnnnnnnneeeeeeeeeeeeeehch       e
/data3fast/users/mbermudez/de_02/TFGDataset/img/T2_0161.png|aaa    eeeeiieie        n    dddddeeeeeeeesssslsl
/data3fast/users/mbermudez/de_02/TFGDataset/img/T2_1282.png|ss                       eeeee                ......
/data3fast/users/mbermudez/de_02/TFGDataset/img/T2_0971.png|"   ethhhhhhhh                   eeeeeeeeeeeeee
/data3fast/users/mbermudez/de_02/TFGDataset/img/T2_1314.png|uu   eelllllleeeeeee                             
/data3fast/users/mbermudez/de_02/TFGDataset/img/T2_0497.png|dia                eeeeeeeeeeeesssseihhhiiiee
/data3fast/users/mbermudez/de_02/TFGDataset/img/T2_0382.png|ahhheeeeeeeeeeeehhhhnnnnnnnnnnneeeeeeeee
/data3fast/users/mbermudez/de_02/TFGDataset/img/T2_0476.png|dee               eeeeee
/data3fast/users/mbermudez/de_02/TFGDataset/img/T2_1450.png|aaa     eeeeeeeeeeee eeeeeeeeeeeeeeeeeeeehhhhhh
/data3fast/users/mbermudez/de_02/TFGDataset/img/T2_0051.png|scchhhhh eeeeeeeeeeeeeeeeee            seeeeeeeee
/data3fast/users/mbermudez/de_02/TFGDataset/img/T2_0043.png|da        eeeeeeeeeeeeeeeeeeeeeeeeeeeeee
/data3fast/users/mbermudez/de_02/TFGDataset/img/T2_0695.png|"   ssssssehhheeeeeeeeeeeeeeeeeeeeeeeee            
/data3fast/users/mbermudez/de_02/TFGDataset/img/T2_0355.png|der       eeeeeee************* nn     n      eeeeeeee
/data3fast/users/mbermudez/de_02/TFGDataset/img/T2_0670.png|feee  nnnnnnn             ttt            
/data3fast/users/mbermudez/de_02/TFGDataset/img/T2_1158.png|aaa   eeeeeeeeeee    eeeeeee  eeeeeeesssss   sslllllll
/data3fast/users/mbermudez/de_02/TFGDataset/img/T2_0989.png|der    ta            ddd  eeee     ddddd
/data3fast/users/mbermudez/de_02/TFGDataset/img/T2_1479.png|wee     eeeeee ee e e eee   ee       eeeeeee
/data3fast/users/mbermudez/de_02/TFGDataset/img/T2_0313.png|beee ddd             hhhhhh        eeeeeeeeeeehhhhhhhh
/data3fast/users/mbermudez/de_02/TFGDataset/img/T2_1411.png|mmtt eeeeeeeeeeeeeeee     d        eeeee
/data3fast/users/mbermudez/de_02/TFGDataset/img/T2_0359.png|iieeeeeeeeeeeee    ssssssss
/data3fast/users/mbermudez/de_02/TFGDataset/img/T2_1182.png|iichhhhhh           e eee    essssssssssssseeeeeeeeeee
/data3fast/users/mbermudez/de_02/TFGDataset/img/T2_0232.png|weee   ssssssssseeeeeeeeeeeeeeeeeeeeeeeeeeee*e***
/data3fast/users/mbermudez/de_02/TFGDataset/img/T2_0483.png|ss    ddd    a a    sseeeee eeeshe eee sssses eeeeee
/data3fast/users/mbermudez/de_02/TFGDataset/img/T2_0070.png|deessstcchhtttt    ttt    eeeeeeeeehhieeeeeee
/data3fast/users/mbermudez/de_02/TFGDataset/img/T2_0765.png|ienn  n n eeeeeeeeee  h           eeeeeeeeee
/data3fast/users/mbermudez/de_02/TFGDataset/img/T2_1152.png|bee                       eeeeeeeelllllle
/data3fast/users/mbermudez/de_02/TFGDataset/img/T2_0975.png|hnnn dddd        a a lll  s   asss s  ttttt
/data3fast/users/mbermudez/de_02/TFGDataset/img/T2_0436.png|"   sssseeeeeeeeeeehhhhhee             eeeeeeeeeeeeeee
/data3fast/users/mbermudez/de_02/TFGDataset/img/T2_0894.png|un  eeeeeeseeeeeeeeee  e   e e  e e   eeee ee nnnnnnn
/data3fast/users/mbermudez/de_02/TFGDataset/img/T2_1156.png|seeeeeeeeeeeeee         eeeeee                    n
/data3fast/users/mbermudez/de_02/TFGDataset/img/T2_1023.png|deeeeeeeeeeeeeeeeeeeeeeeeeee            ddd
/data3fast/users/mbermudez/de_02/TFGDataset/img/T2_1093.png|erraaaaa        eeeeeeeeeeeeeeeeeeeeeeee        nnnee
/data3fast/users/mbermudez/de_02/TFGDataset/img/T2_0506.png|zu    eeei            e     lll            sssss
/data3fast/users/mbermudez/de_02/TFGDataset/img/T2_1178.png|de    aaa      eeeeeeeeeeee  ee ******   ttttttttt
/data3fast/users/mbermudez/de_02/TFGDataset/img/T2_0964.png|tttte eeeeeeeessssseeeeeeeeeeeeeeeee   aaa
/data3fast/users/mbermudez/de_02/TFGDataset/img/T2_0545.png|eeii        n eeeeeeeeeeeeeeeecccccc      **eee*e eeeeeee
/data3fast/users/mbermudez/de_02/TFGDataset/img/T2_1146.png|see           eeeeeeeeeeee     sssssss
/data3fast/users/mbermudez/de_02/TFGDataset/img/T2_1332.png|ss              eeeeeee       ssss          e eeee
/data3fast/users/mbermudez/de_02/TFGDataset/img/T2_0343.png|sseeeeeeee       eeeeeeeeeeeeeeeeeeeeeee lseee
/data3fast/users/mbermudez/de_02/TFGDataset/img/T2_0423.png|wwr               eeeeeeeeeeeeeeee  hshhh
/data3fast/users/mbermudez/de_02/TFGDataset/img/T2_1242.png|rrrhssssssssss          ss seeee es                   hhh
/data3fast/users/mbermudez/de_02/TFGDataset/img/T2_0290.png|eeeeeeeeeeeeeeeeeee    s   lllllll e eeeeeeeeeeee
/data3fast/users/mbermudez/de_02/TFGDataset/img/T2_0787.png|eeee      n     nnn  nnnnnnnnnn      aallll
/data3fast/users/mbermudez/de_02/TFGDataset/img/T2_0215.png|ttte         eeeeeeeeeee                iiieeeee
/data3fast/users/mbermudez/de_02/TFGDataset/img/T2_0369.png|weilchhhhhh        eeeeeeeeeeeeeeeeee     aaaaa
/data3fast/users/mbermudez/de_02/TFGDataset/img/T2_1361.png|"  dddeeeeeeeeeeeeeei  i   nh h h      hheeee
/data3fast/users/mbermudez/de_02/TFGDataset/img/T2_0039.png|dee  *** e ee eeeeeeeeeeeeseeeeeeeeee        ssssssssss
/data3fast/users/mbermudez/de_02/TFGDataset/img/T2_0688.png|wie                         d       eeeeeeeeee***nnn
/data3fast/users/mbermudez/de_02/TFGDataset/img/T2_0164.png|weeeee tt tttttt
/data3fast/users/mbermudez/de_02/TFGDataset/img/T2_0173.png|bee              iiiiii   iiieeeeiii   t
/data3fast/users/mbermudez/de_02/TFGDataset/img/T2_0226.png|eeeeee....
/data3fast/users/mbermudez/de_02/TFGDataset/img/T2_1489.png|aaachchh          dddds sss   n       etttt
/data3fast/users/mbermudez/de_02/TFGDataset/img/T2_0459.png|se          n         eeeeeeeeeeeeee           eeeeee
/data3fast/users/mbermudez/de_02/TFGDataset/img/T2_1134.png|ttt         selelleeeeeeeeeeeeeeeeeeeeeeee
/data3fast/users/mbermudez/de_02/TFGDataset/img/T2_1056.png|deeeeeeeeeeeeeeeeee    ssssssseeeeee   ee eee    eeeeeehhhh
/data3fast/users/mbermudez/de_02/TFGDataset/img/T2_1475.png|eeeeeeeeeeeeeeeeeeeee nn*          aa   eeeeee
/data3fast/users/mbermudez/de_02/TFGDataset/img/T2_0285.png|ffeee               e     ssss eettste
/data3fast/users/mbermudez/de_02/TFGDataset/img/T2_0924.png|unneeeeeeeeeeeeeeeeeeieeieieeihc   hh     eeeee
/data3fast/users/mbermudez/de_02/TFGDataset/img/T2_1461.png|der         sssssssc eeeee eee  e  eeeeee e     e  
/data3fast/users/mbermudez/de_02/TFGDataset/img/T2_0878.png|drrr  aaaa    lllleeee       h     shhhhhhhhe
/data3fast/users/mbermudez/de_02/TFGDataset/img/T2_0712.png|der   aaa    eeeeee  eeeeeeee   eelll  aa a
/data3fast/users/mbermudez/de_02/TFGDataset/img/T2_0200.png|sssshhhhhhhhhhhh                e sssssssssssccc h hh
/data3fast/users/mbermudez/de_02/TFGDataset/img/T2_0783.png|eeeehhhheeeeeeeee    sss            eeeeeee
/data3fast/users/mbermudez/de_02/TFGDataset/img/T2_1326.png|seee     nn nnnn  n d     eeeeeeeeeee  e  eeeee e
/data3fast/users/mbermudez/de_02/TFGDataset/img/T2_0996.png|dee            e e eeee e  *************** *       ee
/data3fast/users/mbermudez/de_02/TFGDataset/img/T2_0418.png|geeeeeeeeeeeeeeeeeeeee            eeeee         dd
/data3fast/users/mbermudez/de_02/TFGDataset/img/T2_0462.png|eee eeeeeeeeeeeeeeeeeeeeeeeeee            eeeelllll
/data3fast/users/mbermudez/de_02/TFGDataset/img/T2_1467.png|ii    aaaaaaaaaaa      eeeee    nnnnneeee
/data3fast/users/mbermudez/de_02/TFGDataset/img/T2_1018.png|wii                         eeeeeeeeeeeeennn
/data3fast/users/mbermudez/de_02/TFGDataset/img/T2_0803.png|aaeeeeeeeeeeeeeiiiihhhhheeeeeeeeeeee  ttttttt
/data3fast/users/mbermudez/de_02/TFGDataset/img/T2_0681.png|desssssssssssssssss           ddeeeeeeeeeeeeeeeeeeeee
/data3fast/users/mbermudez/de_02/TFGDataset/img/T2_0168.png|"      eeeeeee       aaa                sss  eeeee
/data3fast/users/mbermudez/de_02/TFGDataset/img/T2_1041.png|zeeiiiiiihhhhhheee
/data3fast/users/mbermudez/de_02/TFGDataset/img/T2_1338.png|ieeeeessseee     ee nneeeeeeeeee ***     ssssss
/data3fast/users/mbermudez/de_02/TFGDataset/img/T2_0381.png|dee   eeeeee  e ee    eeeeeeeeeeeeeee chhhhhshhhhh
/data3fast/users/mbermudez/de_02/TFGDataset/img/T2_0699.png|shheeeeeeeeeeeeee             heeeeell      aaaaa
/data3fast/users/mbermudez/de_02/TFGDataset/img/T2_1287.png|teet       n uu    un  u    eeeeeeeee  h   aaaa
/data3fast/users/mbermudez/de_02/TFGDataset/img/T2_0345.png|ichhhh        eeeeeeee             ee e   eeeeeee
/data3fast/users/mbermudez/de_02/TFGDataset/img/T2_0631.png|die      nnnnnnnnn  eeeeeeeeeeeee
/data3fast/users/mbermudez/de_02/TFGDataset/img/T2_0217.png|*eee        aaa              sss              tt
/data3fast/users/mbermudez/de_02/TFGDataset/img/T2_0609.png|eellll       eeesssseeeeeeeiie  eessssssss
/data3fast/users/mbermudez/de_02/TFGDataset/img/T2_0945.png|inn      eeeeeeellleeeeeeeeeeeee       
/data3fast/users/mbermudez/de_02/TFGDataset/img/T2_1075.png|ttteeee  lllss      eeeeesseseesehhhh   nn  nnnnee
/data3fast/users/mbermudez/de_02/TFGDataset/img/T2_1442.png|dii  eeeeee      nnnn                         aaa
/data3fast/users/mbermudez/de_02/TFGDataset/img/T2_1022.png|deeeee eeeeeeeee     eeeeeeeeeseeeeeeeeeee  
/data3fast/users/mbermudez/de_02/TFGDataset/img/T2_1347.png|ahhhha  a   aa       deeeeeee       u u eeeeee
/data3fast/users/mbermudez/de_02/TFGDataset/img/T2_1091.png|eeees sss         h     eee  eeeeeeeee       eeeeeeeeeeeee
/data3fast/users/mbermudez/de_02/TFGDataset/img/T2_0055.png|iie   ddd  eeeeeeee      e     l          
/data3fast/users/mbermudez/de_02/TFGDataset/img/T2_0872.png|mii tttt          ddeeeeeeeeee e        sss
/data3fast/users/mbermudez/de_02/TFGDataset/img/T2_0769.png|ssss     dd dd             eheeeeeeeeeee
/data3fast/users/mbermudez/de_02/TFGDataset/img/T2_1192.png|wrr  eeeesseeeeeeeeeeeeeeeeessshhh       eeeeeee e eeeeeeee
/data3fast/users/mbermudez/de_02/TFGDataset/img/T2_0891.png|eeee   eee   s              eeeeeeeeeeeeeeeeeeeeeee
/data3fast/users/mbermudez/de_02/TFGDataset/img/T2_1185.png|aaaa    nnneneeeeeeeeeeeeeennnnnn   eiihh
/data3fast/users/mbermudez/de_02/TFGDataset/img/T2_0576.png|geeee                ii ihhhhhh  nnnnnnnnnnn
/data3fast/users/mbermudez/de_02/TFGDataset/img/T2_1384.png|eeeeeeeeee               eeeee            ssssssss
/data3fast/users/mbermudez/de_02/TFGDataset/img/T2_0838.png|ihh            ee ttttt              eeeeeeeee
/data3fast/users/mbermudez/de_02/TFGDataset/img/T2_1068.png|geechhhhh                eeeelllee         eee
/data3fast/users/mbermudez/de_02/TFGDataset/img/T2_0533.png|dasssss a  h         e    eeeh      nn         ee
/data3fast/users/mbermudez/de_02/TFGDataset/img/T2_0063.png|ee             eeeeeeeeeee                        
/data3fast/users/mbermudez/de_02/TFGDataset/img/T2_0406.png|iii    e tttt           sssshhhhh  neee
/data3fast/users/mbermudez/de_02/TFGDataset/img/T2_0984.png|diissschhhttee   **       tt ssss   ll        ddd
/data3fast/users/mbermudez/de_02/TFGDataset/img/T2_0846.png|anneeeeeeeeeeeee eeeeeeeeeeeeeeheeeeeeeeeeeeeeeeee
/data3fast/users/mbermudez/de_02/TFGDataset/img/T2_1320.png|ii       aaaa  eeeee eeee         e********e
/data3fast/users/mbermudez/de_02/TFGDataset/img/T2_0468.png|aaa  eeeeeeeeeeeeeeeeee   ii iiiiei eeeeee   sass
/data3fast/users/mbermudez/de_02/TFGDataset/img/T2_0869.png|ssschhh   hhhhhhheeeeeeeeeeeed eeeeeeeee
/data3fast/users/mbermudez/de_02/TFGDataset/img/T2_1180.png|eeee           ttttttsstttstt     aaa   
/data3fast/users/mbermudez/de_02/TFGDataset/img/T2_0183.png|areeeeeeeeeee      eeeeeeseeeeeeeee eeeeehhhhh
/data3fast/users/mbermudez/de_02/TFGDataset/img/T2_1077.png|seeeeeeeeeeiiittt       aaaaa  aa  a  ssllsl
/data3fast/users/mbermudez/de_02/TFGDataset/img/T2_0389.png|geee   eeeeeeeee                 essssssssss
/data3fast/users/mbermudez/de_02/TFGDataset/img/T2_0082.png|eee  cchcccchheeeeeee                      eiieeee
/data3fast/users/mbermudez/de_02/TFGDataset/img/T2_0583.png|aau    d aaa    sssssss     hheeeeeeellllleeeee
/data3fast/users/mbermudez/de_02/TFGDataset/img/T2_1266.png|"   eeeeesssssssslll       u nnnn  eeeeee
/data3fast/users/mbermudez/de_02/TFGDataset/img/T2_0592.png|ii  eeeeeeeeeeeeeee          e   ee             
/data3fast/users/mbermudez/de_02/TFGDataset/img/T2_0556.png|wee     e             aa                       
/data3fast/users/mbermudez/de_02/TFGDataset/img/T2_0621.png|sseeeeeeeeeeeee  nn    cccccc          iee
/data3fast/users/mbermudez/de_02/TFGDataset/img/T2_0378.png|c    eeeeeeeee hhhh      n       ssccceeeeeeeeeeeeee
/data3fast/users/mbermudez/de_02/TFGDataset/img/T2_1002.png|eeeeeeeeeeeeeeeeeeeeeeeeeeeee esssss tttttt     
/data3fast/users/mbermudez/de_02/TFGDataset/img/T2_0974.png|#  
/data3fast/users/mbermudez/de_02/TFGDataset/img/T2_0887.png|tel       hhhhhhhhhhhh  nn eeeeeeeeeeeeeeeee  dddd
/data3fast/users/mbermudez/de_02/TFGDataset/img/T2_0201.png|geessssssseeeeee    e eesss                  e    eeeee
/data3fast/users/mbermudez/de_02/TFGDataset/img/T2_0597.png|der     nn    i ee**iiiiiiiii    ee   
/data3fast/users/mbermudez/de_02/TFGDataset/img/T2_0948.png|beeeeeeeettttt                       eeeeeeessss
/data3fast/users/mbermudez/de_02/TFGDataset/img/T2_0171.png|iihhh 
/data3fast/users/mbermudez/de_02/TFGDataset/img/T2_0328.png|deietttttttttt.....
/data3fast/users/mbermudez/de_02/TFGDataset/img/T2_0511.png|gllleeeeeeeeeeeee            ha          eeeee
/data3fast/users/mbermudez/de_02/TFGDataset/img/T2_0391.png|wre     ssss                  iiiieeeeeeet     eeeee
/data3fast/users/mbermudez/de_02/TFGDataset/img/T2_1165.png|dee eeeeeeeeeeeeeeee        s  sss  eeeees eeeeeeeeeee
/data3fast/users/mbermudez/de_02/TFGDataset/img/T2_0005.png|lllehe       dde   sssssseeeeeeeeeeeee    
/data3fast/users/mbermudez/de_02/TFGDataset/img/T2_0206.png|uun  eeeeeeeeeeeeeeeeeeee               t
/data3fast/users/mbermudez/de_02/TFGDataset/img/T2_1044.png|aa       eeeeeeeeeeeeeeeeeeeeeee          asass
/data3fast/users/mbermudez/de_02/TFGDataset/img/T2_0223.png|wetttttt
/data3fast/users/mbermudez/de_02/TFGDataset/img/T2_0780.png|znn eeeeeee***** .....
/data3fast/users/mbermudez/de_02/TFGDataset/img/T2_0157.png|nnnnn  eeeeeeeeeeeeesssh          ddd eeee
/data3fast/users/mbermudez/de_02/TFGDataset/img/T2_1399.png|wieeeeeeeeeeeeeeeee          d               eeeeeee
/data3fast/users/mbermudez/de_02/TFGDataset/img/T2_1291.png|aan   eeeeeeeeeeeeeeeii      eeeeseeeeeeeeee
/data3fast/users/mbermudez/de_02/TFGDataset/img/T2_0068.png|eeetthcheeeeeeeee          n      nneeeeee   aah
/data3fast/users/mbermudez/de_02/TFGDataset/img/T2_0152.png|uu            e           eehhchhhhhh     e
/data3fast/users/mbermudez/de_02/TFGDataset/img/T2_0527.png|deeeeeeeeeeeee      aaa        aa     eeeeeeee
/data3fast/users/mbermudez/de_02/TFGDataset/img/T2_0027.png|eer     nnn nnn        lllllllls
/data3fast/users/mbermudez/de_02/TFGDataset/img/T2_0835.png|dee               e e eee   ttt   t    tt            ee
/data3fast/users/mbermudez/de_02/TFGDataset/img/T2_1235.png|dd   sssseeeeeeeeeeeeeee          eeeeeeee
/data3fast/users/mbermudez/de_02/TFGDataset/img/T2_1288.png|ceee        eeeeeeeeeeeeeee      aaaa     n
/data3fast/users/mbermudez/de_02/TFGDataset/img/T2_0660.png|ss               ssssssss    ellleeeeeeeeeeeee
/data3fast/users/mbermudez/de_02/TFGDataset/img/T2_0037.png|eetttiiiiiiiiii heeeeeeeee      eeeeeeeeeeeeeeeee
/data3fast/users/mbermudez/de_02/TFGDataset/img/T2_0151.png|shh       eeeeeeeeeeeeii             d  ssss
/data3fast/users/mbermudez/de_02/TFGDataset/img/T2_0249.png|zeeeeeeeeeeehhhhhhh            eeeeeeeeele       e
/data3fast/users/mbermudez/de_02/TFGDataset/img/T2_0238.png|deessllllllleeeeeeee s   sss       eeeeeeeeeeeee
/data3fast/users/mbermudez/de_02/TFGDataset/img/T2_1063.png|mii  eeeeeeeee                           e      ttt
/data3fast/users/mbermudez/de_02/TFGDataset/img/T2_1389.png|eee        a    a  hhhhheeeeeeeeee    t
/data3fast/users/mbermudez/de_02/TFGDataset/img/T2_1080.png|weeeeeeee  esssssss  ss     a         eeeeee
/data3fast/users/mbermudez/de_02/TFGDataset/img/T2_1435.png|mii  eeeeeehhhhhhch         ssssss   aaaaa
/data3fast/users/mbermudez/de_02/TFGDataset/img/T2_0034.png|#  eeeee**********
/data3fast/users/mbermudez/de_02/TFGDataset/img/T2_0735.png|feee ttttttttttttt
/data3fast/users/mbermudez/de_02/TFGDataset/img/T2_0565.png|aaeeeeeeeee         a                sssssieee
/data3fast/users/mbermudez/de_02/TFGDataset/img/T2_1193.png|wiie    eeeeeee  sss eeeeeeeeeeesessssee          ddd
/data3fast/users/mbermudez/de_02/TFGDataset/img/T2_0898.png|hheeeeeeeeeeeeeeeeeeeeeeeeeeee   dddddeeeeeee
/data3fast/users/mbermudez/de_02/TFGDataset/img/T2_0453.png|uundd        eeeeeeeee        ttt    
/data3fast/users/mbermudez/de_02/TFGDataset/img/T2_0686.png|eeeeeeeeeeeennnnnneeee nnnnneeeeeeeee
/data3fast/users/mbermudez/de_02/TFGDataset/img/T2_1354.png|wiieeessssss         a ccccccc  aaaaaa
/data3fast/users/mbermudez/de_02/TFGDataset/img/T2_0707.png|shhe  e             a            hcch      aaa      d
/data3fast/users/mbermudez/de_02/TFGDataset/img/T2_1058.png|aan  eeeeeeeeeeee    eeeeeee eeeeeeeeeeeeeeeee     a
/data3fast/users/mbermudez/de_02/TFGDataset/img/T2_1228.png|geee   dddd ddsssssssssssss       eeeeeeeeeeeeeehhhh
/data3fast/users/mbermudez/de_02/TFGDataset/img/T2_0415.png|tteeeeeee e            eeeeeeeee      nn   ddd  eee
/data3fast/users/mbermudez/de_02/TFGDataset/img/T2_0053.png|aaa       aass s ll                 e    ttt
/data3fast/users/mbermudez/de_02/TFGDataset/img/T2_0952.png|bbe      eeeeeeeeeeeeeeeeeee        ndnn   n nndd
/data3fast/users/mbermudez/de_02/TFGDataset/img/T2_1076.png|geeeee     essss       aa         eeeeeeee        
/data3fast/users/mbermudez/de_02/TFGDataset/img/T2_0432.png|weeettttttttt...
/data3fast/users/mbermudez/de_02/TFGDataset/img/T2_0479.png|teeeeteeeeeeee       ddd  d      hhhhee
/data3fast/users/mbermudez/de_02/TFGDataset/img/T2_0258.png|geeeeeeeeeeeeeee sss chhh tt  a        eeee
/data3fast/users/mbermudez/de_02/TFGDataset/img/T2_0850.png|eeeeeeeeeeeeeeeennnn     ee     e.
/data3fast/users/mbermudez/de_02/TFGDataset/img/T2_0500.png|geeeeeeeeeeeee                         eeee
/data3fast/users/mbermudez/de_02/TFGDataset/img/T2_1008.png|derr   eeee ettt        eee eeesccccc              ddddd
/data3fast/users/mbermudez/de_02/TFGDataset/img/T2_0653.png|aalleeeeeeeeeeeeeeeeeeeeeeeeeeeee     eeee
/data3fast/users/mbermudez/de_02/TFGDataset/img/T2_0041.png|wiiieeeeeeeeeeeeeeeeeee         eeede
/data3fast/users/mbermudez/de_02/TFGDataset/img/T2_1079.png|hhhheee ee e   ee  eeeeeeee          eee
/data3fast/users/mbermudez/de_02/TFGDataset/img/T2_0413.png|ee   dd d   eeesss         a            sss
/data3fast/users/mbermudez/de_02/TFGDataset/img/T2_0992.png|nennn dddd      d eeeeeeeeeeeeeee  ecccheeeeeeee
/data3fast/users/mbermudez/de_02/TFGDataset/img/T2_0873.png|iii   eeeeeee      sss  eeeeeeeen  n  n     hcchhhhh
/data3fast/users/mbermudez/de_02/TFGDataset/img/T2_0281.png|eeeeeeeeeeee          a    d      d  ssssshhh
/data3fast/users/mbermudez/de_02/TFGDataset/img/T2_1275.png|bee ssssss     eeeeeeeeeeeee i i   eeee   e e s   eeeee
/data3fast/users/mbermudez/de_02/TFGDataset/img/T2_1143.png|eeeess e                     ttttt t   ttthh
/data3fast/users/mbermudez/de_02/TFGDataset/img/T2_0584.png|das  eetttttttttttt
/data3fast/users/mbermudez/de_02/TFGDataset/img/T2_0427.png|aaa           hheheeehheeeeeeeeeeeeeeeeeeeeeeeee
/data3fast/users/mbermudez/de_02/TFGDataset/img/T2_0099.png|hhneeeeeeeeeeeeee  alallaal   lll                 ..
/data3fast/users/mbermudez/de_02/TFGDataset/img/T2_0002.png|mittteeeeel           a ssssss iii iee
/data3fast/users/mbermudez/de_02/TFGDataset/img/T2_1107.png|#  eee
/data3fast/users/mbermudez/de_02/TFGDataset/img/T2_0923.png|"      e       eeeeeeee       i eeeeeeee
/data3fast/users/mbermudez/de_02/TFGDataset/img/T2_0100.png|nnn     asaaa     a   eeeeeeeeeeeeeeeeeee        e
/data3fast/users/mbermudez/de_02/TFGDataset/img/T2_0299.png|dnn      eeeeeeeeeeeeeeeeeeeeeeeeee      eeeeeee
/data3fast/users/mbermudez/de_02/TFGDataset/img/T2_0224.png|eee   n n  aaa                               i hhhhhh
/data3fast/users/mbermudez/de_02/TFGDataset/img/T2_1203.png|geeeee ss          leeeeeeeeeeeeeeeeeeeeee
/data3fast/users/mbermudez/de_02/TFGDataset/img/T2_0608.png|bbeeeeeeee*****                         n   neeee
/data3fast/users/mbermudez/de_02/TFGDataset/img/T2_0676.png|# 
/data3fast/users/mbermudez/de_02/TFGDataset/img/T2_1123.png|fffeeeeeeeee  e  ee     t    eeeeeeeeessss
/data3fast/users/mbermudez/de_02/TFGDataset/img/T2_0668.png|innn   eee ee          eeeeeeeeeeeesssshchhhhh
/data3fast/users/mbermudez/de_02/TFGDataset/img/T2_0292.png|ann               eee    e  hhhhhhhheeeeeeeee
/data3fast/users/mbermudez/de_02/TFGDataset/img/T2_0315.png|un   eeeeeeeeeeeeeedddddd  n d  dd eeeeeee
/data3fast/users/mbermudez/de_02/TFGDataset/img/T2_1005.png|eeee    shaaaaaa  sssss         eee       
/data3fast/users/mbermudez/de_02/TFGDataset/img/T2_0880.png|fleeeeee   ssssssss eee t      ..
/data3fast/users/mbermudez/de_02/TFGDataset/img/T2_1191.png|ieeeeeee          eeeeeeeeeee      eeee         eee
/data3fast/users/mbermudez/de_02/TFGDataset/img/T2_0510.png|hheeeeeee ee             d ddeeeeeeeeeeeeeeeeeeeeeeehhh
/data3fast/users/mbermudez/de_02/TFGDataset/img/T2_0132.png|beeeeeeeeeee                      e eeeeeeeeeeeeeeeeeshh
/data3fast/users/mbermudez/de_02/TFGDataset/img/T2_0229.png|inhhhhhhhh      leeeeeeeeeeeeeeeeeeehhhhhh        eeee
/data3fast/users/mbermudez/de_02/TFGDataset/img/T2_1451.png|dee              eeeesssssshhh          ee
/data3fast/users/mbermudez/de_02/TFGDataset/img/T2_1428.png|eeett          eee   sss        t t       a
/data3fast/users/mbermudez/de_02/TFGDataset/img/T2_0179.png|chh     nnn    nn nneeeeehhhhheheeeeeeeeeee
/data3fast/users/mbermudez/de_02/TFGDataset/img/T2_0720.png|in  eeeeeeee             * **ee*eee              eeee
/data3fast/users/mbermudez/de_02/TFGDataset/img/T2_0059.png|brr nnnnn        hhlllllleeeeeeeeeeeeddddddd
/data3fast/users/mbermudez/de_02/TFGDataset/img/T2_0457.png|wrrr   eeeee                 eeeeeeeeeee  sssschhhc
/data3fast/users/mbermudez/de_02/TFGDataset/img/T2_0481.png|seeeeeeeeeeeeeeeeee  e                 aaaaaa
/data3fast/users/mbermudez/de_02/TFGDataset/img/T2_0216.png|tttttttt ee           eeeeeeeeeee          ddddd
/data3fast/users/mbermudez/de_02/TFGDataset/img/T2_0251.png|dee sssshceeee  eee    eeeeeeeelllleeeeeeee      
/data3fast/users/mbermudez/de_02/TFGDataset/img/T2_1223.png|aaa           sssssssssee    ddds  aaaaa   d
/data3fast/users/mbermudez/de_02/TFGDataset/img/T2_0409.png|iinn  eee                     eehhhhhhnnnnhn
/data3fast/users/mbermudez/de_02/TFGDataset/img/T2_0607.png|lllll        ss sssss   ddaa ssssssseeeeeeeeeee
/data3fast/users/mbermudez/de_02/TFGDataset/img/T2_0372.png|dee eeeieeeee            aa sss leeleeeeee
/data3fast/users/mbermudez/de_02/TFGDataset/img/T2_0327.png|dieeeeeeeeeeeeeeeeeeeeeeeeeeeeeeee   eeee
/data3fast/users/mbermudez/de_02/TFGDataset/img/T2_0526.png|nnn  aaaaaaaaaaa     t lllleeeeeeeeeeeee
/data3fast/users/mbermudez/de_02/TFGDataset/img/T2_0837.png|dieeessessssseeeeeese   nnnn nnnnnnn eeeeeee
/data3fast/users/mbermudez/de_02/TFGDataset/img/T2_0547.png|iihhhhhhhhheeeeeeeee**          ccchhhh   nnnnnnnnnnn
/data3fast/users/mbermudez/de_02/TFGDataset/img/T2_1301.png|der                 s         eeee eee ssssss         eeeeeee
/data3fast/users/mbermudez/de_02/TFGDataset/img/T2_0738.png|gerr               eeeeeeee         a  ss
/data3fast/users/mbermudez/de_02/TFGDataset/img/T2_1059.png|bssssseeeeeeeeeeeeeeeeeeeeee         
/data3fast/users/mbermudez/de_02/TFGDataset/img/T2_0255.png|"      aaa           e eeellllee  eeeeeeee
/data3fast/users/mbermudez/de_02/TFGDataset/img/T2_0937.png|beeeeeeessss           iieeeeeeee     aaaa
/data3fast/users/mbermudez/de_02/TFGDataset/img/T2_0122.png|u   eeeeeeeee******eeeeeNNeeeeeeeeeeeeee ee eee
/data3fast/users/mbermudez/de_02/TFGDataset/img/T2_0295.png|geeehhhhhe  e  eeeeeee   eeeee     aaaaa
/data3fast/users/mbermudez/de_02/TFGDataset/img/T2_0661.png|iii  eeeeeel    a         eeeee.
/data3fast/users/mbermudez/de_02/TFGDataset/img/T2_1321.png|seeeeeeeeeeeeeeeeeeeeeeessllll                .
/data3fast/users/mbermudez/de_02/TFGDataset/img/T2_0288.png|iiii        e   eeee   eeeeeeeeeeeeeeee          
/data3fast/users/mbermudez/de_02/TFGDataset/img/T2_1317.png|da  eeeeeeeeee     aaaa           eess       ddd
/data3fast/users/mbermudez/de_02/TFGDataset/img/T2_1046.png|deetttttttttttt.
/data3fast/users/mbermudez/de_02/TFGDataset/img/T2_0286.png|# 
/data3fast/users/mbermudez/de_02/TFGDataset/img/T2_1269.png|tttttt  ee      eeeeeeeeeeeeeeeeeee         ittttt
/data3fast/users/mbermudez/de_02/TFGDataset/img/T2_0773.png|seeet  i  ieeeeeeeeeeeeeeeeeeee   eeeeeeeeeeeee
/data3fast/users/mbermudez/de_02/TFGDataset/img/T2_1398.png|nn     sssseeeeeeeeeeeeeeenn nnn   ieee
/data3fast/users/mbermudez/de_02/TFGDataset/img/T2_0375.png|aaseeeeeeeeeeeeelllssssle         ssssssssssst
/data3fast/users/mbermudez/de_02/TFGDataset/img/T2_0167.png|"   ee          eeeeeeeeeeeeeeee  n nnnnnn
/data3fast/users/mbermudez/de_02/TFGDataset/img/T2_0455.png|undd      eeeehhhhh h           hhhhhchhhh  
/data3fast/users/mbermudez/de_02/TFGDataset/img/T2_1042.png|weed ddd       ss hhhhe       t            
/data3fast/users/mbermudez/de_02/TFGDataset/img/T2_0636.png|# 
/data3fast/users/mbermudez/de_02/TFGDataset/img/T2_0550.png|seeeeeee ee e nnnn      eeeeeeeeeeeee ttttttttttt
/data3fast/users/mbermudez/de_02/TFGDataset/img/T2_0925.png|ztttteeeeeeeeeeeeeeeeee hhhh        t      aaaass
/data3fast/users/mbermudez/de_02/TFGDataset/img/T2_1441.png|beeeesss          sss              sseeeeeeeeeeee
/data3fast/users/mbermudez/de_02/TFGDataset/img/T2_1186.png|iiiiitth       a                   d   eeeeeeeee
/data3fast/users/mbermudez/de_02/TFGDataset/img/T2_0155.png|"               sss   tttt     tttt eeeeeeeeeeeeeeNN
/data3fast/users/mbermudez/de_02/TFGDataset/img/T2_0727.png|llleee e          i eeeeeeee
/data3fast/users/mbermudez/de_02/TFGDataset/img/T2_0473.png|eeeeee ieeee 
/data3fast/users/mbermudez/de_02/TFGDataset/img/T2_0488.png|hhneeeeeeeeeeeeeeeeeee     eeeeeehhhhhh
/data3fast/users/mbermudez/de_02/TFGDataset/img/T2_0729.png|weeeeeeeeeeeee         
/data3fast/users/mbermudez/de_02/TFGDataset/img/T2_0764.png|nnneeeeeeeeeeeee                             hhh
/data3fast/users/mbermudez/de_02/TFGDataset/img/T2_0112.png|aaass   ssseee eee         d               eee    s   cc
/data3fast/users/mbermudez/de_02/TFGDataset/img/T2_0961.png|beeeee                     eeeeeeeee       aaauuu
/data3fast/users/mbermudez/de_02/TFGDataset/img/T2_0827.png|dieeeeeiiihhhh               eeeeeeeeeeeeeeeeeee
/data3fast/users/mbermudez/de_02/TFGDataset/img/T2_0252.png|geeeeeee  iiiiihhhhh       eeeeeeees
/data3fast/users/mbermudez/de_02/TFGDataset/img/T2_1072.png|aaa    eeeeeeeeehhhh                          sss
/data3fast/users/mbermudez/de_02/TFGDataset/img/T2_0077.png|ineeeeee        eeeeeeeeesse       uaaaaasss
/data3fast/users/mbermudez/de_02/TFGDataset/img/T2_1164.png|der aaaaa       eeeeeeeeeeeeeee ee  esslllleeee
/data3fast/users/mbermudez/de_02/TFGDataset/img/T2_0516.png|wweeeeeeeee    ll       a ss eeeeeeeeeeeeeeeee
/data3fast/users/mbermudez/de_02/TFGDataset/img/T2_0184.png|#  
/data3fast/users/mbermudez/de_02/TFGDataset/img/T2_1459.png|dee e eeeeeeeeeeehhhhheee             eee        e
/data3fast/users/mbermudez/de_02/TFGDataset/img/T2_1054.png|wllllll             eee ee   sss      eeeeee
/data3fast/users/mbermudez/de_02/TFGDataset/img/T2_0242.png|eee       eeeeeeeeeeeeeeeee    tcch       eeeee
/data3fast/users/mbermudez/de_02/TFGDataset/img/T2_1254.png|mi   eeeeeeeeee                      eeeeeeeeeeeeee
/data3fast/users/mbermudez/de_02/TFGDataset/img/T2_0304.png|unn   aaaaa        eeeeeeeeeeeee       a     nn
/data3fast/users/mbermudez/de_02/TFGDataset/img/T2_0296.png|in  eeeeeeeee i           eeeeee    h        
/data3fast/users/mbermudez/de_02/TFGDataset/img/T2_0075.png|"  eeeeeelllllll   ..
/data3fast/users/mbermudez/de_02/TFGDataset/img/T2_0424.png|teeeeeeeeeeeeeeee         hhh     ccccccctt
/data3fast/users/mbermudez/de_02/TFGDataset/img/T2_0848.png|gee               t       e sss           ell
/data3fast/users/mbermudez/de_02/TFGDataset/img/T2_0983.png|"    eeeeeeeeeeee      ssssssssssssssssseeeee
/data3fast/users/mbermudez/de_02/TFGDataset/img/T2_1474.png|aau  e  ssssssssshh        eeeeeeeee           
/data3fast/users/mbermudez/de_02/TFGDataset/img/T2_0531.png|disssssssssssss h           nnn        eeeeeee
/data3fast/users/mbermudez/de_02/TFGDataset/img/T2_1256.png|neeeeeeee             eeeeee      deeeeeeeeeeeee
/data3fast/users/mbermudez/de_02/TFGDataset/img/T2_0079.png|mii eeeeeeeeessssse            eeeehee  eeeeeeede
/data3fast/users/mbermudez/de_02/TFGDataset/img/T2_1006.png|derr  thh         e eeeeeeeeeeeee         dde
/data3fast/users/mbermudez/de_02/TFGDataset/img/T2_0193.png|well  aaa a  aaa      eeeeeeeeeeeeeeeeeeeeeeee    
/data3fast/users/mbermudez/de_02/TFGDataset/img/T2_0633.png|der hhhhhhhhhhhheeeeeee***********
/data3fast/users/mbermudez/de_02/TFGDataset/img/T2_0228.png|"  eeeeeeeehhhhhhheeeeeeee   eeeeee      ssssss
/data3fast/users/mbermudez/de_02/TFGDataset/img/T2_0352.png|glee    nn nd                    s  tttttttttt
/data3fast/users/mbermudez/de_02/TFGDataset/img/T2_0804.png|nnn   aaaaaa   aaauu   u    eeeeeeeeaaae
/data3fast/users/mbermudez/de_02/TFGDataset/img/T2_0365.png|tte         ddd eeeeeeee
/data3fast/users/mbermudez/de_02/TFGDataset/img/T2_1277.png|de                  eeeeeeeeeee   e   e ee    eeeeeeeeee
/data3fast/users/mbermudez/de_02/TFGDataset/img/T2_0124.png|aan                 eeeeeeee       ee  eeeeee
/data3fast/users/mbermudez/de_02/TFGDataset/img/T2_0669.png|deeeeeeeeeeeeeeeeeeee  n u  u  aa   llltttt
/data3fast/users/mbermudez/de_02/TFGDataset/img/T2_0170.png|weesss    ddd d eeeeeeee hss       eeee
/data3fast/users/mbermudez/de_02/TFGDataset/img/T2_0245.png|teeeeeeeeeeeeeeeeeehhhh      dd
/data3fast/users/mbermudez/de_02/TFGDataset/img/T2_1190.png|ssa  tttttttttttttttt    t  iee  e eeeeeeeeeeee
/data3fast/users/mbermudez/de_02/TFGDataset/img/T2_0680.png|aaneeeeeeeeeeeeeee    nnn                hhhhhhhhhh
/data3fast/users/mbermudez/de_02/TFGDataset/img/T2_0089.png|aaa      iiieeeeeeeeeeeeeeeeeeeeeee aaaa
/data3fast/users/mbermudez/de_02/TFGDataset/img/T2_0231.png|iisssssss  a     nnn  eeeeeeeeee           eeeeee
/data3fast/users/mbermudez/de_02/TFGDataset/img/T2_1187.png|aan    eeeeeeee     llll  llee              aaaah
/data3fast/users/mbermudez/de_02/TFGDataset/img/T2_1298.png|de  sshhhh   eeeeeeeeeee          eeeeeeehhhh
/data3fast/users/mbermudez/de_02/TFGDataset/img/T2_0553.png|deer  eee   eeeeeeeeeeeeee     ssa    eeeeeeeee
/data3fast/users/mbermudez/de_02/TFGDataset/img/T2_1473.png|wiiitt    ee    tlll   aa        nnnnnnnnn
/data3fast/users/mbermudez/de_02/TFGDataset/img/T2_0926.png|de       ee           eeehhheeeeeee e      nnnnnn
/data3fast/users/mbermudez/de_02/TFGDataset/img/T2_0570.png|sss      eeeeeeeeseeee e     ss       d   s       hh
/data3fast/users/mbermudez/de_02/TFGDataset/img/T2_0915.png|alll eeeeeeeeeeeeeeeeeeeeeeeeeeeee    s    ddddd
/data3fast/users/mbermudez/de_02/TFGDataset/img/T2_0148.png|tttt           e  eeeeeeeeeeeeeeeeeeeeeeeee     hhhhh
/data3fast/users/mbermudez/de_02/TFGDataset/img/T2_0843.png|gee     aa                              eeee
/data3fast/users/mbermudez/de_02/TFGDataset/img/T2_1001.png|geeeshchhhllll l      leleeeeeeeeeeeeeeeeeeeeeeehh
/data3fast/users/mbermudez/de_02/TFGDataset/img/T2_1319.png|lleeeeeeeeeeeeeeiieeeheteeeeeeee e     ddddd
/data3fast/users/mbermudez/de_02/TFGDataset/img/T2_0698.png|"            hhhieeeeeeeeehhhheeeeeeeeeeeee
/data3fast/users/mbermudez/de_02/TFGDataset/img/T2_0107.png|dee  eeeeeeeeeeeeeeeeeeeeeeeeeeeeeeee   e 
/data3fast/users/mbermudez/de_02/TFGDataset/img/T2_1331.png|mm    ssssssseeeeeeeeeeeeee e  ssssss           aaaaau
/data3fast/users/mbermudez/de_02/TFGDataset/img/T2_0414.png|geee         eeeeeeeeeheee                   eeeeeeee
/data3fast/users/mbermudez/de_02/TFGDataset/img/T2_0928.png|der aaaaaaaaa          eeeeeee   laaaaaaa
/data3fast/users/mbermudez/de_02/TFGDataset/img/T2_0142.png|weee    nn   hhhhhhhhhhnnn          eeee
/data3fast/users/mbermudez/de_02/TFGDataset/img/T2_0523.png|teeeeehhhhheeeeeeeeee          eeeee   eeeeee
/data3fast/users/mbermudez/de_02/TFGDataset/img/T2_0277.png|der  tt     ttttt
/data3fast/users/mbermudez/de_02/TFGDataset/img/T2_0235.png|geeeehhhh              ssshhhhhh n nn  eneeen
/data3fast/users/mbermudez/de_02/TFGDataset/img/T2_1397.png|daas                  iii      eeeeee
/data3fast/users/mbermudez/de_02/TFGDataset/img/T2_0265.png|eeeeeeeeee**                eeeeeeeee            ssd
/data3fast/users/mbermudez/de_02/TFGDataset/img/T2_1024.png|ssee         eeeeeeeeeeessssss               
/data3fast/users/mbermudez/de_02/TFGDataset/img/T2_1133.png|te    a       eeeeeeeeeeeeeeeee eeeeeeeeeeeeeeh
/data3fast/users/mbermudez/de_02/TFGDataset/img/T2_0564.png|wwr        asssssss             tt.......
/data3fast/users/mbermudez/de_02/TFGDataset/img/T2_0248.png|gerree eeeeeeeeeeeeeeeeeeeeeeeeee     eee         
/data3fast/users/mbermudez/de_02/TFGDataset/img/T2_1166.png|dee   eeeeeeeee     sss        e  eee eeee   shhsc     aass
/data3fast/users/mbermudez/de_02/TFGDataset/img/T2_0199.png|wlleeeeeeeeeeeeeeeeeeeeeeeesseeeeeehhhhhhh
/data3fast/users/mbermudez/de_02/TFGDataset/img/T2_1103.png|geeeeeeee                  eeeehhhheee     aaaaa
/data3fast/users/mbermudez/de_02/TFGDataset/img/T2_0832.png|aass   eeeeeee   nnn        tt         nndddd
/data3fast/users/mbermudez/de_02/TFGDataset/img/T2_1278.png|bee       eeeeeeeeeeeeeeeee          s        ......
/data3fast/users/mbermudez/de_02/TFGDataset/img/T2_0770.png|hhhh                eeeeeeeeeeeeeehhhhheen
/data3fast/users/mbermudez/de_02/TFGDataset/img/T2_1349.png|eeeeiii   e eee   e eieiii    iii    iieeeeeeeeeee
/data3fast/users/mbermudez/de_02/TFGDataset/img/T2_1293.png|lll                                      ssssss
/data3fast/users/mbermudez/de_02/TFGDataset/img/T2_0120.png|aaseeeeeeeeeeeeeeeeeeeeeeeee           h iniee
/data3fast/users/mbermudez/de_02/TFGDataset/img/T2_1174.png|iiir     aa           eeeeeeeeeeeeeeeeeeeeeeeeeee
/data3fast/users/mbermudez/de_02/TFGDataset/img/T2_0222.png|tteeeee  e          ee      eeeeeeeeee     e    * *e.
/data3fast/users/mbermudez/de_02/TFGDataset/img/T2_0684.png|"        llllleeeee ee  eeeeeee     ss      dnnnn
/data3fast/users/mbermudez/de_02/TFGDataset/img/T2_0428.png|"    eeessssss    eeeeeeeeeeeeeeeee nnnnnnee
/data3fast/users/mbermudez/de_02/TFGDataset/img/T2_0941.png|iihhh   nnnnnnn    nn eeeeeeeeeeeeeeeeeeehhhh
/data3fast/users/mbermudez/de_02/TFGDataset/img/T2_0567.png|dn   eeeeettttttttt         aaaaaaaaasssseeee
/data3fast/users/mbermudez/de_02/TFGDataset/img/T2_1501.png|iihheeeeee           eeeeeeeeeeeeeeeeeeeee eeeeeeeeeee
/data3fast/users/mbermudez/de_02/TFGDataset/img/T2_0247.png|aaa   nnn nnnnnn n   ee eeeeellelleeeeeeee
/data3fast/users/mbermudez/de_02/TFGDataset/img/T2_1170.png|wnn eeeeeeee               iitt  eeettt
/data3fast/users/mbermudez/de_02/TFGDataset/img/T2_0416.png|bsss                 ss ee  eeee   e    eeeeeeettttte
/data3fast/users/mbermudez/de_02/TFGDataset/img/T2_0972.png|ssstttttt.
/data3fast/users/mbermudez/de_02/TFGDataset/img/T2_1039.png|sss           llle                   eeeeeeenneee
/data3fast/users/mbermudez/de_02/TFGDataset/img/T2_1026.png|gguuu  u aaddnn       eeeeeehh         hhhhh
/data3fast/users/mbermudez/de_02/TFGDataset/img/T2_0685.png|din  eeeeeeeeeeeeg   e  eeee        s
/data3fast/users/mbermudez/de_02/TFGDataset/img/T2_1161.png|ann  eeeeeehhhhhhhh  eeeeeeeeeeeeeeeeeeeeeeeee
/data3fast/users/mbermudez/de_02/TFGDataset/img/T2_0204.png|# 
/data3fast/users/mbermudez/de_02/TFGDataset/img/T2_1119.png|zt eeeeeeeeeeeeeeee              ssssss      sss     
/data3fast/users/mbermudez/de_02/TFGDataset/img/T2_0916.png|eeee  s                 **     eeeeeeeeeeeeeeeeeeeee
/data3fast/users/mbermudez/de_02/TFGDataset/img/T2_0788.png|wnaaaaa   hhhhhhheeeee          eeeeet
/data3fast/users/mbermudez/de_02/TFGDataset/img/T2_0095.png|unnn eeeeeeeeeee                eeeeeesssssss
/data3fast/users/mbermudez/de_02/TFGDataset/img/T2_0625.png|dieeeeeeeeeeeeeeee              chhhh             nn
/data3fast/users/mbermudez/de_02/TFGDataset/img/T2_0571.png|beeeeeee  ssss  eeeee eeeeeeeeeeeeeeeeeee eeee
/data3fast/users/mbermudez/de_02/TFGDataset/img/T2_0801.png|eeeeess        eeeeeeeeeeeeeee      aa      
/data3fast/users/mbermudez/de_02/TFGDataset/img/T2_1177.png|beeeee                     ttttttttt    ieeee
/data3fast/users/mbermudez/de_02/TFGDataset/img/T2_1440.png|eeh             eeeeeeeeeeeeeeeeeeeeeeeeeittttt
/data3fast/users/mbermudez/de_02/TFGDataset/img/T2_0465.png|"uu         eeeeeeeeeeeeeeeeee     
/data3fast/users/mbermudez/de_02/TFGDataset/img/T2_0301.png|bbee ssssseeeeeeeeee e  sss  eeeee eee           a
/data3fast/users/mbermudez/de_02/TFGDataset/img/T2_1377.png|wlll aa aaa   a          hhheeeeeeeeeee
/data3fast/users/mbermudez/de_02/TFGDataset/img/T2_0210.png|iiit                                    ttth
/data3fast/users/mbermudez/de_02/TFGDataset/img/T2_0397.png|bae       eeeeeeeeeeeeeeeeeeeee sssssstt
/data3fast/users/mbermudez/de_02/TFGDataset/img/T2_0117.png|geeeeeeeeeeeeeee               a           iiii
/data3fast/users/mbermudez/de_02/TFGDataset/img/T2_1104.png|foeee   nnnn nnnnnn       eeeeeehhhhht     
/data3fast/users/mbermudez/de_02/TFGDataset/img/T2_0331.png|# 
/data3fast/users/mbermudez/de_02/TFGDataset/img/T2_0259.png|der       d      e eeeeeeeeee                    e
/data3fast/users/mbermudez/de_02/TFGDataset/img/T2_1122.png|der ecchiiieeeeeeeee dd ssssssssseeee dddd
/data3fast/users/mbermudez/de_02/TFGDataset/img/T2_0114.png|dii  hhhhh            eeeeeeeeeeeehhheeee      lll
/data3fast/users/mbermudez/de_02/TFGDataset/img/T2_0376.png|aachh eeeeeeeeii    innieiihi nnnn    eeeehhhhh
/data3fast/users/mbermudez/de_02/TFGDataset/img/T2_0753.png|sssteeeeeeeeeeeeeeeeei ieeeeeee   e    a aae
/data3fast/users/mbermudez/de_02/TFGDataset/img/T2_1243.png|eeee esss              eeeeeeeeess eeeeeessssseiie
/data3fast/users/mbermudez/de_02/TFGDataset/img/T2_1352.png|dee eeeeeeeeeeeeeeeeeeeeeeeee              aaaaa
/data3fast/users/mbermudez/de_02/TFGDataset/img/T2_0145.png|sccchhhhhh   h               tt                sssssss
/data3fast/users/mbermudez/de_02/TFGDataset/img/T2_1448.png|gnnn  eeeeeeeeee           a     eeeeeee   ee
/data3fast/users/mbermudez/de_02/TFGDataset/img/T2_0241.png|unneeeeeeeeeeeeeessss tt       ddee
/data3fast/users/mbermudez/de_02/TFGDataset/img/T2_1457.png|ffffeeeeeeeeeeeeeeeeeeeeeennnn     aa
/data3fast/users/mbermudez/de_02/TFGDataset/img/T2_1494.png|eeeee      e  ess   e e                     eeeeeeee
/data3fast/users/mbermudez/de_02/TFGDataset/img/T2_1414.png|ssleeeeeeee   eeee    eeeeeeee e        eeeee
/data3fast/users/mbermudez/de_02/TFGDataset/img/T2_1281.png|u     eeee            s     eeeeeeeeeeeeeeeeeeeeeeh
/data3fast/users/mbermudez/de_02/TFGDataset/img/T2_0317.png|wii      hhhhhh          e e*******  scccceeh
/data3fast/users/mbermudez/de_02/TFGDataset/img/T2_0467.png|ss    eeeeeee             ssssssssssss          de
/data3fast/users/mbermudez/de_02/TFGDataset/img/T2_0943.png|tee         d eeeeeeeeeehehheeeeeeeeee
/data3fast/users/mbermudez/de_02/TFGDataset/img/T2_1010.png|ggee       dd      s      eeeeeeeeeeeeeeeee
/data3fast/users/mbermudez/de_02/TFGDataset/img/T2_0308.png|diii    e  eeeeeeeeeeeeeeeehhh                se
/data3fast/users/mbermudez/de_02/TFGDataset/img/T2_1245.png|dee
/data3fast/users/mbermudez/de_02/TFGDataset/img/T2_1443.png|aaa                  eeeee  e  ******       eeeeeeee
/data3fast/users/mbermudez/de_02/TFGDataset/img/T2_0781.png|"  eeeeeeeeeeeeeeeeeeeehhhhh     nn     enn
/data3fast/users/mbermudez/de_02/TFGDataset/img/T2_0929.png|ttt   ddd   ssssssssee e iiii i     nnnnneen
/data3fast/users/mbermudez/de_02/TFGDataset/img/T2_0333.png|wrrresseeeehhhh eeeeeeeeeeeeeeee ssssss           e
/data3fast/users/mbermudez/de_02/TFGDataset/img/T2_0942.png|iii      nenennnee  nnnnn           eeeeee
/data3fast/users/mbermudez/de_02/TFGDataset/img/T2_0338.png|eeeesssssss                    ee    * eeeeeeeeeeee
/data3fast/users/mbermudez/de_02/TFGDataset/img/T2_1296.png|nn   eessssseee            u   uuuuu u  eeeeeeee
/data3fast/users/mbermudez/de_02/TFGDataset/img/T2_0454.png|scheee e eeeeeeeeeeeeee        dddddddd  nn
/data3fast/users/mbermudez/de_02/TFGDataset/img/T2_1089.png|inn eeeeeeeeeeeeeeeeeeeeeeeeeeeeeeeeeeee    eeeee
/data3fast/users/mbermudez/de_02/TFGDataset/img/T2_1149.png|uun   eeeeeeeeeee     aass         eeeeeeeeeeee
/data3fast/users/mbermudez/de_02/TFGDataset/img/T2_0307.png|ssss e   eeeeee ee     eeeeeeeeeeeeeeehhhhhh    hhhhhh
/data3fast/users/mbermudez/de_02/TFGDataset/img/T2_0318.png|dee      dddd       a        tttt   ti
/data3fast/users/mbermudez/de_02/TFGDataset/img/T2_0962.png|hhhhh     ee eessss  sss     ss    eeeeeeeeeeeeeeeeeee
/data3fast/users/mbermudez/de_02/TFGDataset/img/T2_0435.png|nee            h     ee  eee eeeeeeeee    nnnnnnnn
/data3fast/users/mbermudez/de_02/TFGDataset/img/T2_0495.png|neeeeeeeeheehhhh           eee           aaaaaa
/data3fast/users/mbermudez/de_02/TFGDataset/img/T2_0892.png|nnn            eeeeeeeeeeeeNNNNeeeeeessssseeeeeee
/data3fast/users/mbermudez/de_02/TFGDataset/img/T2_0134.png|hhhhh                 eeeeeeeee     i  eeee
/data3fast/users/mbermudez/de_02/TFGDataset/img/T2_0118.png|eeihhhhaaaaaa  nnnn     e hhheee nneeeeeeeeeeeehh
/data3fast/users/mbermudez/de_02/TFGDataset/img/T2_0407.png|uu  eeeeeeeeeee         sssssss s   seeeeeee
/data3fast/users/mbermudez/de_02/TFGDataset/img/T2_0859.png|ttttt               eeeessssssss     dddd
/data3fast/users/mbermudez/de_02/TFGDataset/img/T2_0078.png|undddeeeeeeeee eeeeeeeeeeeeeeeeee          a
/data3fast/users/mbermudez/de_02/TFGDataset/img/T2_0652.png|gee  aaaaaa         ssss                *...
/data3fast/users/mbermudez/de_02/TFGDataset/img/T2_0682.png|eeee    sss      nn eeeeeeeeee              hh
/data3fast/users/mbermudez/de_02/TFGDataset/img/T2_0537.png|"   eeeeeeee     eeeeeeee       eeeeeeeeee
/data3fast/users/mbermudez/de_02/TFGDataset/img/T2_0703.png|geeehhhh        iie    e          aaaa
/data3fast/users/mbermudez/de_02/TFGDataset/img/T2_1088.png|nnneeeeeeeeeeeeeeeeeeeee                      ssshh
/data3fast/users/mbermudez/de_02/TFGDataset/img/T2_1216.png|neeeeeeeeeeeeeeeeeee               e     aall
/data3fast/users/mbermudez/de_02/TFGDataset/img/T2_1267.png|nnn            shccccceeeeee*e*           eeee
/data3fast/users/mbermudez/de_02/TFGDataset/img/T2_1408.png|#   eeetttttttt
/data3fast/users/mbermudez/de_02/TFGDataset/img/T2_1212.png|rer      d    d eeeeeeeeeeeeeeeeeeeeeeeeeeee
/data3fast/users/mbermudez/de_02/TFGDataset/img/T2_0717.png|dass eeeeeeeeiii      e e    cccccc    aaaaaaeeee
/data3fast/users/mbermudez/de_02/TFGDataset/img/T2_0611.png|"        ee  e ee    ee edeeeeeeeeeeeehhhhhhh
/data3fast/users/mbermudez/de_02/TFGDataset/img/T2_0882.png|zeeeeeeeeeeeeeedddeeeeeeeeeeeeee           hh
/data3fast/users/mbermudez/de_02/TFGDataset/img/T2_1040.png|iiii   aaaaaah ha                 sssssseeeeeeeeee
/data3fast/users/mbermudez/de_02/TFGDataset/img/T2_0893.png|tettsssshh                    hhsss s s     eeeeeee
/data3fast/users/mbermudez/de_02/TFGDataset/img/T2_0520.png|arr   nnneeeeiii       .
/data3fast/users/mbermudez/de_02/TFGDataset/img/T2_0579.png|nnnnneeeeeeeeeeeeeeeeeeeee
/data3fast/users/mbermudez/de_02/TFGDataset/img/T2_0664.png|iii  eeeeeeeeeee               eeee     ddds
/data3fast/users/mbermudez/de_02/TFGDataset/img/T2_0115.png|eeee ssssssssa       ddeeeeeeeeeeee****e
/data3fast/users/mbermudez/de_02/TFGDataset/img/T2_0845.png|dee   ee  eeeee e     sssssssss    ss  seee
/data3fast/users/mbermudez/de_02/TFGDataset/img/T2_0505.png|nnnneeeeeeeeeeeeeeeeeeeee
/data3fast/users/mbermudez/de_02/TFGDataset/img/T2_0050.png|wwrr     eee            e  eeeeeeeeeeeeee      ahh
/data3fast/users/mbermudez/de_02/TFGDataset/img/T2_0450.png|ieis          ee        a d   ad  eeeeeeeee
/data3fast/users/mbermudez/de_02/TFGDataset/img/T2_1323.png|beeeeeeeeeeehhhhheeeeeee         dd  dd  eeeeeeeeee
/data3fast/users/mbermudez/de_02/TFGDataset/img/T2_0017.png|diii     n             eeeeeeeeeeeeeeeeeee
/data3fast/users/mbermudez/de_02/TFGDataset/img/T2_1462.png|dnnn     iii    nn ee  nnn       iieeeeeeeee
/data3fast/users/mbermudez/de_02/TFGDataset/img/T2_1365.png|eeee                 eeeeeeeeeeeeeeeeeelllle
/data3fast/users/mbermudez/de_02/TFGDataset/img/T2_0640.png|#  
/data3fast/users/mbermudez/de_02/TFGDataset/img/T2_0425.png|tteeeee    llll     eeeeeeeeeeessseeeeeeeeeee
/data3fast/users/mbermudez/de_02/TFGDataset/img/T2_1387.png|ttteee****eeeeee ee       ssss            eeeeeeeeeeeeee
/data3fast/users/mbermudez/de_02/TFGDataset/img/T2_1434.png|frrrrre   eee      t            eeeeeeee eeee
/data3fast/users/mbermudez/de_02/TFGDataset/img/T2_0270.png|" sssss
/data3fast/users/mbermudez/de_02/TFGDataset/img/T2_0344.png|irn          s   h             eeeeee       
/data3fast/users/mbermudez/de_02/TFGDataset/img/T2_1259.png|#  
/data3fast/users/mbermudez/de_02/TFGDataset/img/T2_1125.png|geet        ssssssseeeeeeeeeeee s       eeeeee
/data3fast/users/mbermudez/de_02/TFGDataset/img/T2_0096.png|aaa     nnn        dddd dddd    eeeeee
/data3fast/users/mbermudez/de_02/TFGDataset/img/T2_1111.png|bbee                    ttttttt  tttt           eeah
/data3fast/users/mbermudez/de_02/TFGDataset/img/T2_1392.png|#  
/data3fast/users/mbermudez/de_02/TFGDataset/img/T2_1388.png|bessshhhhhss    s  ee                       e
/data3fast/users/mbermudez/de_02/TFGDataset/img/T2_1030.png|uueeeeeeeeee   e eeeeeesseehheeeeeeee
/data3fast/users/mbermudez/de_02/TFGDataset/img/T2_0451.png|leeeteeeeeeeeeeeee                  e e    ee
/data3fast/users/mbermudez/de_02/TFGDataset/img/T2_0849.png|inn   ss              eeeeee            eeeeeeeeeeeeee
/data3fast/users/mbermudez/de_02/TFGDataset/img/T2_1236.png|nn             eeeeseellleee e  eeeeee eeee
/data3fast/users/mbermudez/de_02/TFGDataset/img/T2_1210.png|geeeeeee               eeeeeeeiieeeeeeeeeee
/data3fast/users/mbermudez/de_02/TFGDataset/img/T2_0876.png|weeeeeeeeeeeeeeeeeihih          eeeeeeeeeeeeee
/data3fast/users/mbermudez/de_02/TFGDataset/img/T2_0807.png|beee   nnnnneeeeeeeeeeeeeeesss        nnnnn
/data3fast/users/mbermudez/de_02/TFGDataset/img/T2_0399.png|aahh eeeeeeeeeeeeeeeeee                   eee
/data3fast/users/mbermudez/de_02/TFGDataset/img/T2_0675.png|deeeeeeeeeeeeeellleeeeeeeeeeeee*******eeeeeee
/data3fast/users/mbermudez/de_02/TFGDataset/img/T2_1322.png|teeeeeeeeeeee     ee esssss          dddddd
/data3fast/users/mbermudez/de_02/TFGDataset/img/T2_0291.png|reesssssss         ee                       nnnnn
/data3fast/users/mbermudez/de_02/TFGDataset/img/T2_1148.png|eee  eeeeeeeeeeee   alllll       eeee
/data3fast/users/mbermudez/de_02/TFGDataset/img/T2_0541.png|geeeee  e  l eeee          sssssssseeeessssssss
/data3fast/users/mbermudez/de_02/TFGDataset/img/T2_0619.png|deeeeeeeeeeee  e                 eeeeeeeeeeeee   tttt
/data3fast/users/mbermudez/de_02/TFGDataset/img/T2_0113.png|iiihhhhh    tt               t   eeeeeeeeeeeeeeeeee
/data3fast/users/mbermudez/de_02/TFGDataset/img/T2_0647.png|sstttt          ddeeeeeeeeeee*ee    ccc         
/data3fast/users/mbermudez/de_02/TFGDataset/img/T2_1283.png|ssa         eeeeeeeeeeeeeeee nnnnn        ee
/data3fast/users/mbermudez/de_02/TFGDataset/img/T2_0325.png|"     eeeeeeeeeeeeeeehhhhhhn neeeeeeee
/data3fast/users/mbermudez/de_02/TFGDataset/img/T2_1299.png|mi   eeeeeeeeehh                    eeeeeeeeeeeeee
/data3fast/users/mbermudez/de_02/TFGDataset/img/T2_1179.png|da     eeeeeh              ee* *             hccch
/data3fast/users/mbermudez/de_02/TFGDataset/img/T2_0604.png|shhheeeeeeeee     ttt.
/data3fast/users/mbermudez/de_02/TFGDataset/img/T2_0032.png|arrr   e             eeeeeeeeeeeeeeeeeeeeeeeeeeee
/data3fast/users/mbermudez/de_02/TFGDataset/img/T2_0812.png|zeetttttttttttt.
/data3fast/users/mbermudez/de_02/TFGDataset/img/T2_1263.png|gechhhhh        eeeeeeee *** ***         eeeee
/data3fast/users/mbermudez/de_02/TFGDataset/img/T2_0864.png|aaa        e    eeeeee            ss    eeeee
/data3fast/users/mbermudez/de_02/TFGDataset/img/T2_1456.png|wrrr       eeeeeeeeeeeeeeseeeeeeeeeeeee    nnnn
/data3fast/users/mbermudez/de_02/TFGDataset/img/T2_0875.png|lle          sssssseeeeeeeeeei  hh  nn   iie
/data3fast/users/mbermudez/de_02/TFGDataset/img/T2_0127.png|daaa   eeeeee  eeeeeeeeeeee         eeeeeeeeeeee
/data3fast/users/mbermudez/de_02/TFGDataset/img/T2_1175.png|nnnn           eeeeeeeeeeeeeeeeeeeeee   ee e ss sss
/data3fast/users/mbermudez/de_02/TFGDataset/img/T2_0578.png|ggee                           eeeeeeeeee        hhh
/data3fast/users/mbermudez/de_02/TFGDataset/img/T2_0927.png|weeeeeeeeeeeehhhhhhhheeeee  ee eeeeeeeeeeh      eeee
/data3fast/users/mbermudez/de_02/TFGDataset/img/T2_0123.png|un    sseeeeeeeeeee   aaaaa      eeeeee
/data3fast/users/mbermudez/de_02/TFGDataset/img/T2_1251.png|beee  eeeeeeeeeeeeeeeeeeeeeeeeeeeeeeeeeee
/data3fast/users/mbermudez/de_02/TFGDataset/img/T2_0309.png|ddsssseeeeeeeeeeeee                   iiieee
/data3fast/users/mbermudez/de_02/TFGDataset/img/T2_1324.png|cc           eeeee  ***                        ddd
/data3fast/users/mbermudez/de_02/TFGDataset/img/T2_1050.png|weee  dddd             eeeeeeeeeeeeeeeeeeeeeee
/data3fast/users/mbermudez/de_02/TFGDataset/img/T2_0558.png|iihh   nnnnnnnnddee  dddssss ddssssssaaa
/data3fast/users/mbermudez/de_02/TFGDataset/img/T2_0747.png|wetttt           eeeeeeeeeeeeeeeeeee*****  cchh
/data3fast/users/mbermudez/de_02/TFGDataset/img/T2_1094.png|"      ss        h eeeee e       nnn nneeeeeeeeee
/data3fast/users/mbermudez/de_02/TFGDataset/img/T2_0655.png|weesssssshhhhhhhhhie eeee             ss
/data3fast/users/mbermudez/de_02/TFGDataset/img/T2_0207.png|aaa         eeeeeeeeeeeee   ee  eee  dddd
/data3fast/users/mbermudez/de_02/TFGDataset/img/T2_1329.png|scchhhhhttttttttt***** *    ee               ddsss
/data3fast/users/mbermudez/de_02/TFGDataset/img/T2_1345.png|gee            i   iic          t tttt
/data3fast/users/mbermudez/de_02/TFGDataset/img/T2_0503.png|unn eeeessssssssssse eeeeeeeeeiii     hhhhh
/data3fast/users/mbermudez/de_02/TFGDataset/img/T2_0287.png|gehhhh   eeeeeeeeeeeeiiiittttt    aaa   t
/data3fast/users/mbermudez/de_02/TFGDataset/img/T2_0666.png|deeeeeeeeeeee      ssss                    ddd eeeeee
/data3fast/users/mbermudez/de_02/TFGDataset/img/T2_1466.png|mat                eeeeeeeeeeeeeeeeeee    sssssssh
/data3fast/users/mbermudez/de_02/TFGDataset/img/T2_0949.png|boeeeeeeeeeeee**************eeeeeechh     aaaa
/data3fast/users/mbermudez/de_02/TFGDataset/img/T2_0185.png|dnn   e    nnnnnnnnnn     hhhhhh nnnn  ddd
/data3fast/users/mbermudez/de_02/TFGDataset/img/T2_0973.png|eeesshhh                  eeeeeeeeeeeeeeeeeeeee
/data3fast/users/mbermudez/de_02/TFGDataset/img/T2_0111.png|frreeeeeellllllhhhhhhhheeeeeeeeeee    aa  aaa
/data3fast/users/mbermudez/de_02/TFGDataset/img/T2_0656.png|nnirhhhhhhhheeeeeeeeeeeeeeeeeeeeeeeeeeeeeeeeeeeeee
/data3fast/users/mbermudez/de_02/TFGDataset/img/T2_0470.png|zeeetttttttt
/data3fast/users/mbermudez/de_02/TFGDataset/img/T2_0335.png|dds             eeeee       nnn    hh eeeee
/data3fast/users/mbermudez/de_02/TFGDataset/img/T2_0026.png|mii eeeeeeeeeeeee    eeeeeeeeeee dd d   sssss
/data3fast/users/mbermudez/de_02/TFGDataset/img/T2_0366.png|daaaaas    eeeeeeeeeeeeeeeeeeeeeeee     uuuu
/data3fast/users/mbermudez/de_02/TFGDataset/img/T2_1406.png|der          eeeeeeeeeeeee      hh          eeeeeeeee
/data3fast/users/mbermudez/de_02/TFGDataset/img/T2_0180.png|scchhllll                       nnd eeeeeeeee
/data3fast/users/mbermudez/de_02/TFGDataset/img/T2_0786.png|aar  tttthlleleeeeeeeeeeeeeee   ddeeeeeeeih
/data3fast/users/mbermudez/de_02/TFGDataset/img/T2_0395.png|dd       e    eeeiiiiieeeeeeeeee     aaassss
/data3fast/users/mbermudez/de_02/TFGDataset/img/T2_0785.png|goolllllleeeeee  eee             aaassssshhhhh
/data3fast/users/mbermudez/de_02/TFGDataset/img/T2_0004.png|ahhh  eeeeeeeeeeeeeeee e deeeeeeeihhhhhhh
/data3fast/users/mbermudez/de_02/TFGDataset/img/T2_1369.png|beeeeeee                a   eeeeeeennnnnn
/data3fast/users/mbermudez/de_02/TFGDataset/img/T2_0061.png|wrrr       reeeeeeeeee            t
/data3fast/users/mbermudez/de_02/TFGDataset/img/T2_1410.png|undd   eeeee eeees     s ss    ttttttt      
/data3fast/users/mbermudez/de_02/TFGDataset/img/T2_1464.png|eee         ndn nddddddddeeeeeeeeeeeehhhhhhn
/data3fast/users/mbermudez/de_02/TFGDataset/img/T2_0930.png|teeeeeeeeeee       n   eeeeeeeeeeeeeeeeeeeesssssss
/data3fast/users/mbermudez/de_02/TFGDataset/img/T2_1048.png|ieeeeeeeeeee********************eee                    t.
/data3fast/users/mbermudez/de_02/TFGDataset/img/T2_0098.png|see             tttt           eeeee eeess
/data3fast/users/mbermudez/de_02/TFGDataset/img/T2_0038.png|sshh       eee        eeeeeeeeeeeeeeeeeee     n
/data3fast/users/mbermudez/de_02/TFGDataset/img/T2_0858.png|uund       eeeeeeeeeeeeeeeeeee   ssss
/data3fast/users/mbermudez/de_02/TFGDataset/img/T2_1117.png|nnnn eeeeehhhh    e  eeee        nn       eeeeee
/data3fast/users/mbermudez/de_02/TFGDataset/img/T2_1220.png|iiie     uu   ee n        eeee       ee
/data3fast/users/mbermudez/de_02/TFGDataset/img/T2_0464.png|shhheeee*****              e                    eeeeeee
/data3fast/users/mbermudez/de_02/TFGDataset/img/T2_0197.png|eeei            eecessscc                      eeeeeeeeee
/data3fast/users/mbermudez/de_02/TFGDataset/img/T2_0590.png|iihii    eeeeeeeeeeeeeeeeeeeeee        cc    ni
/data3fast/users/mbermudez/de_02/TFGDataset/img/T2_0054.png|fnnn   naaa     .
/data3fast/users/mbermudez/de_02/TFGDataset/img/T2_0587.png|der     nnn n     eeeeeeeeeeeee   e     sse
/data3fast/users/mbermudez/de_02/TFGDataset/img/T2_1271.png|aaaa   eeeeeeeeeeeeeeesss sss   aa         ddeeeeeee
/data3fast/users/mbermudez/de_02/TFGDataset/img/T2_0246.png|sit       e  eeeeeeeeeeeeeeeeeeeeeeee****
/data3fast/users/mbermudez/de_02/TFGDataset/img/T2_0062.png|ttt    eeeeeeeeeeee   eee eeeeeeeeeeeeeeeee      lle
/data3fast/users/mbermudez/de_02/TFGDataset/img/T2_1139.png|wit     aaaaaa    hhhhhhheeeeeeeeeeeeeeeeee
/data3fast/users/mbermudez/de_02/TFGDataset/img/T2_0324.png|wieihhhhhhhhhh          eeeettlttt teee
/data3fast/users/mbermudez/de_02/TFGDataset/img/T2_0198.png|die            eeeeeeeeeeeeeeeeeeeeeeeess     e e
/data3fast/users/mbermudez/de_02/TFGDataset/img/T2_0708.png|neeeeeeeeeeeee        aa       eeeeeeeeeen
/data3fast/users/mbermudez/de_02/TFGDataset/img/T2_0651.png|stt             ssss       dd d  ssss         nh
/data3fast/users/mbermudez/de_02/TFGDataset/img/T2_0840.png|nnnnd  deeee     eeeeee ** **.........
/data3fast/users/mbermudez/de_02/TFGDataset/img/T2_0125.png|daaa         ee    tttttt       eeeeeeeeee
/data3fast/users/mbermudez/de_02/TFGDataset/img/T2_0485.png|beeee   ttteeeeeeeeeeeeeeeeeeeeeeee e   eaa
/data3fast/users/mbermudez/de_02/TFGDataset/img/T2_1471.png|sstt              eeeeeeeseeeeee         e e      
/data3fast/users/mbermudez/de_02/TFGDataset/img/T2_0905.png|ggee                dd    d d  d
/data3fast/users/mbermudez/de_02/TFGDataset/img/T2_0977.png|eee   ddnn       eehhhheeeeeeeeeeeeeeeeelllle
/data3fast/users/mbermudez/de_02/TFGDataset/img/T2_1237.png|ma         ee ee ssssssee         allllll lleee
/data3fast/users/mbermudez/de_02/TFGDataset/img/T2_0016.png|geeeeeeeeeeetttt
/data3fast/users/mbermudez/de_02/TFGDataset/img/T2_0797.png|weee    hh nnnnnnn  eeeeeeee  dddd    dnnne
/data3fast/users/mbermudez/de_02/TFGDataset/img/T2_0756.png|de   ee   eee eeeeeeeeee      a  aacaaaaaaa
/data3fast/users/mbermudez/de_02/TFGDataset/img/T2_0357.png|deeeeeeeeeeeeeeeeeeeeeeeett    eeeeeeee
/data3fast/users/mbermudez/de_02/TFGDataset/img/T2_0029.png|geeehhht              h   eeeeeeeeeeeeeeeeeeeeee
/data3fast/users/mbermudez/de_02/TFGDataset/img/T2_0150.png|wrre   dddde      es sheeeeeeeeeeee      ssssss
/data3fast/users/mbermudez/de_02/TFGDataset/img/T2_0326.png|ggee     ssss   hh h          t t        ssee
/data3fast/users/mbermudez/de_02/TFGDataset/img/T2_0704.png|#  
/data3fast/users/mbermudez/de_02/TFGDataset/img/T2_1092.png|drr                             eee          sllll
/data3fast/users/mbermudez/de_02/TFGDataset/img/T2_0938.png|zttttttttttt..
/data3fast/users/mbermudez/de_02/TFGDataset/img/T2_1360.png|geeessseeeeeee       ee  neeeeeeeeeeeeeeeeee
/data3fast/users/mbermudez/de_02/TFGDataset/img/T2_1336.png|iiihhhh      ttt t...
/data3fast/users/mbermudez/de_02/TFGDataset/img/T2_0997.png|iih  eeeeeeeeeeeeeeee   ee      dddd        t
/data3fast/users/mbermudez/de_02/TFGDataset/img/T2_1371.png|dss  eeeeee               d          ee  ee * **   ****
/data3fast/users/mbermudez/de_02/TFGDataset/img/T2_0635.png|dii  ccchhh         eeeeetttttttttttttttt
/data3fast/users/mbermudez/de_02/TFGDataset/img/T2_0702.png|aaeeeeeeeeeeessss          t tt    eeeeee
/data3fast/users/mbermudez/de_02/TFGDataset/img/T2_0746.png|geee           eeeeee      hhhhh hhsss      e
/data3fast/users/mbermudez/de_02/TFGDataset/img/T2_1367.png|"  eeeeeessss      s          lllleeeeeeeeeeeee
/data3fast/users/mbermudez/de_02/TFGDataset/img/T2_0400.png|bnnnn  eeeeeee  neee       neeeeeeeeeeeeeeee
/data3fast/users/mbermudez/de_02/TFGDataset/img/T2_0591.png|dieeeeeeeeeee             n  eeeeeeeeeeeee    aaaa
/data3fast/users/mbermudez/de_02/TFGDataset/img/T2_0885.png|nneeeeeeeeee e      dddeeeeeeeeeeeeelll  ae
/data3fast/users/mbermudez/de_02/TFGDataset/img/T2_1061.png|dee   e ee   e l    eee e eeeee e            s
/data3fast/users/mbermudez/de_02/TFGDataset/img/T2_0013.png|un   eee     eeeeeeeeeeeeee
/data3fast/users/mbermudez/de_02/TFGDataset/img/T2_0657.png|aan eeeeeeeeeeeeeeee  ee eeeeeeeeeeeeeessssss  ses
/data3fast/users/mbermudez/de_02/TFGDataset/img/T2_1106.png|llllle  ee                       ****ttttttt
/data3fast/users/mbermudez/de_02/TFGDataset/img/T2_1439.png|tteeeeee    ss llttlttttttt           eeee
/data3fast/users/mbermudez/de_02/TFGDataset/img/T2_0448.png|gee     dd     eeeeeeeeeeellleeeeeee    ddd
/data3fast/users/mbermudez/de_02/TFGDataset/img/T2_1424.png|hhhhhhheee              uuuu  u uuu     eeeeeeeee
/data3fast/users/mbermudez/de_02/TFGDataset/img/T2_0895.png|neee  nnnnn            eeeee       s   eeeeeeeee
/data3fast/users/mbermudez/de_02/TFGDataset/img/T2_0639.png|# 
/data3fast/users/mbermudez/de_02/TFGDataset/img/T2_0390.png|ssseeeeeeeeeeeeeeeehhhhhh              eeeeeeeeeee
/data3fast/users/mbermudez/de_02/TFGDataset/img/T2_0865.png|eeeeeeeeeeee
/data3fast/users/mbermudez/de_02/TFGDataset/img/T2_1306.png|deeee *****ee eeee eeesee eeeeeeett  ttt   eeee
/data3fast/users/mbermudez/de_02/TFGDataset/img/T2_0700.png|nnn  eeeeeeeeee e      s  ssslllelll         nnnn
/data3fast/users/mbermudez/de_02/TFGDataset/img/T2_0396.png|iiieeeeeeeeeeeeeeeeiiiiiii  i           ....
/data3fast/users/mbermudez/de_02/TFGDataset/img/T2_0091.png|unn    aaa   ee           sssss   eeeeeeeee
/data3fast/users/mbermudez/de_02/TFGDataset/img/T2_0644.png|ieeeeeee eee  eeeeeeeeeeeeeeeeeeeeeeee      eeeee
/data3fast/users/mbermudez/de_02/TFGDataset/img/T2_1342.png|auu     ee       n      eeeeeeeeeee e e  eeeeee e
/data3fast/users/mbermudez/de_02/TFGDataset/img/T2_0709.png|deereeeeeeeeeeeeee                           eeeeee
/data3fast/users/mbermudez/de_02/TFGDataset/img/T2_1445.png|eeeeeeee    aaaa        eeeeeeeehhhh    ndd
/data3fast/users/mbermudez/de_02/TFGDataset/img/T2_0194.png|icchhh       e  a  leeeeeeeleeeeeeeeee
/data3fast/users/mbermudez/de_02/TFGDataset/img/T2_0402.png|hheeeeeeeeeeeeee               eeeee******     sstt
/data3fast/users/mbermudez/de_02/TFGDataset/img/T2_1255.png|llee    eeeeeeeeehhhhheeee eeeeeeeeee     n n     dd
/data3fast/users/mbermudez/de_02/TFGDataset/img/T2_0630.png|foe       sshhhhheeeeee
/data3fast/users/mbermudez/de_02/TFGDataset/img/T2_0420.png|dii  eeeeeeeeeeteeeeee               a   at
/data3fast/users/mbermudez/de_02/TFGDataset/img/T2_0323.png|daan        a a a           eeeeeeeee  ssssss
/data3fast/users/mbermudez/de_02/TFGDataset/img/T2_1064.png|aaa         eeee    s t        dddd      hhhhh
/data3fast/users/mbermudez/de_02/TFGDataset/img/T2_0808.png|iii    aaa a                 eeeeeeeeeeeeeeeeeNNN
/data3fast/users/mbermudez/de_02/TFGDataset/img/T2_1229.png|"                         sss           eeee
/data3fast/users/mbermudez/de_02/TFGDataset/img/T2_0667.png|sleeeeeeeeeeeeeeeee  sss                    eeeeeeeeee
/data3fast/users/mbermudez/de_02/TFGDataset/img/T2_0731.png|wwt      eeeeeeeeeeeeeeeeeeeeeeeeeee esssss sseeee
/data3fast/users/mbermudez/de_02/TFGDataset/img/T2_0582.png|aass       e eeeeeeeeeeeeeeeeeee  ttttt
/data3fast/users/mbermudez/de_02/TFGDataset/img/T2_0502.png|glaa      nnnneeeeehhhhhnnn      eeeeeee
/data3fast/users/mbermudez/de_02/TFGDataset/img/T2_0798.png|eee      sssssssssss  eeeeeeeeeeeee
/data3fast/users/mbermudez/de_02/TFGDataset/img/T2_0507.png|iihh   e  eee  eeeeeee ee eeeeee  eeeeeeee hhhh    a e
/data3fast/users/mbermudez/de_02/TFGDataset/img/T2_0933.png|wwr               nnnnn      eeeeee           eee
/data3fast/users/mbermudez/de_02/TFGDataset/img/T2_1086.png|geeeeeeeeeeee              ssss       ihhheee
/data3fast/users/mbermudez/de_02/TFGDataset/img/T2_0233.png|beeeehheeeeeee ********  eeeeeeee         dd     n   i
/data3fast/users/mbermudez/de_02/TFGDataset/img/T2_1350.png|neeeeeeeccttt                        chhhhh    a   
/data3fast/users/mbermudez/de_02/TFGDataset/img/T2_0598.png|weeieeeeeeee      d see ssss               aaa
/data3fast/users/mbermudez/de_02/TFGDataset/img/T2_1097.png|geeeeeeeeeeeee  d d eeeeeeeeee**e  e sssssseeeeee
/data3fast/users/mbermudez/de_02/TFGDataset/img/T2_0373.png|wiir     ttteeeeeeee         sssss    eeeeeeeee**
/data3fast/users/mbermudez/de_02/TFGDataset/img/T2_0257.png|weeieihhhhh                 e hhhhh       eeeeeeee
/data3fast/users/mbermudez/de_02/TFGDataset/img/T2_0817.png|die   eee ee         eeeeeeeeeeeeeeeeeee eeeee e    sssssee
/data3fast/users/mbermudez/de_02/TFGDataset/img/T2_0321.png|ihhh       d
/data3fast/users/mbermudez/de_02/TFGDataset/img/T2_0529.png|sseeeee             aa aaa      tttttttttttt
/data3fast/users/mbermudez/de_02/TFGDataset/img/T2_0106.png|"   ssss              eeeeeeeeeee
/data3fast/users/mbermudez/de_02/TFGDataset/img/T2_0519.png|bee              ee eee   e               ssee
/data3fast/users/mbermudez/de_02/TFGDataset/img/T2_0990.png|dee              aaaaaa    eeeeeeeeeee
/data3fast/users/mbermudez/de_02/TFGDataset/img/T2_0557.png|eee     nnneeeeeeeeeeeeehhhhnnnnnnnnnnnn
/data3fast/users/mbermudez/de_02/TFGDataset/img/T2_0721.png|nnn      aa      sssl   eesss  s     h  eeeeeeennneeee
/data3fast/users/mbermudez/de_02/TFGDataset/img/T2_0711.png|eeeeee  nnnnnnn eeee e   aaaa  sss     eeee****
/data3fast/users/mbermudez/de_02/TFGDataset/img/T2_0271.png|mmttt  aa    uu   n n   e nnnnnnnnd  dddeeeeee
/data3fast/users/mbermudez/de_02/TFGDataset/img/T2_0851.png|nnneeeeeeee                      eeeeeeeeeeeeet
/data3fast/users/mbermudez/de_02/TFGDataset/img/T2_1274.png|aas     eeeeeesssss   a    eeeeeeeeeeeee
/data3fast/users/mbermudez/de_02/TFGDataset/img/T2_0358.png|"   sss  hhh    eeee  l ss a      eeeeeeeeeee
/data3fast/users/mbermudez/de_02/TFGDataset/img/T2_0677.png|aall  eeeeeeeeeeeeeeeeeeeeesshhh    e
/data3fast/users/mbermudez/de_02/TFGDataset/img/T2_0779.png|weeeeeeeeeeeeeeeeeeeeehhhee         ssss eeeeeeeee
/data3fast/users/mbermudez/de_02/TFGDataset/img/T2_0294.png|"   aaaaaaaa           sshhhheeeeeeee        
/data3fast/users/mbermudez/de_02/TFGDataset/img/T2_1497.png|ttteeeeeeeeee     eeeeeeeeeeeeeee nnnnnnaaaah
/data3fast/users/mbermudez/de_02/TFGDataset/img/T2_1289.png|grrre eeeeeeeeeeeeeeeeeeeeeeeeeeeeeeeee        ssss
/data3fast/users/mbermudez/de_02/TFGDataset/img/T2_1238.png|daa   eeeeeeei   eeeeeeeee         ss         eeeeeee
/data3fast/users/mbermudez/de_02/TFGDataset/img/T2_0008.png|de                     eeee***e eeeeeesse    eeee
/data3fast/users/mbermudez/de_02/TFGDataset/img/T2_0192.png|tettttte eeeeeeeeeeeeeescccchhh            n
/data3fast/users/mbermudez/de_02/TFGDataset/img/T2_0517.png|***          eeeeeeeeeeeeeeee      ssee eeeee edee
/data3fast/users/mbermudez/de_02/TFGDataset/img/T2_1247.png|wieeeeeeesssss      nnnnnnnnnnnnnneeeeeeeee
/data3fast/users/mbermudez/de_02/TFGDataset/img/T2_0771.png|#  
/data3fast/users/mbermudez/de_02/TFGDataset/img/T2_0907.png|zteeeeeeeeeeee       eeeeeeeeeeee         eeeeee
/data3fast/users/mbermudez/de_02/TFGDataset/img/T2_0133.png|ee            eee              eeeeeee
/data3fast/users/mbermudez/de_02/TFGDataset/img/T2_1454.png|iiiieeeeeeennnnnneennnnnnn  hhhhhhh    eee
/data3fast/users/mbermudez/de_02/TFGDataset/img/T2_1412.png|aaaa              sssssshhchcchhhhhhhhhhhhhhhhhh hh
/data3fast/users/mbermudez/de_02/TFGDataset/img/T2_1014.png|geeeeeeeeeeeeeeeeeeeseheeeeeee  sssssssssss  dseeee
/data3fast/users/mbermudez/de_02/TFGDataset/img/T2_0084.png|wnn         e         eeeeee          e e       eeeeeeeeee
/data3fast/users/mbermudez/de_02/TFGDataset/img/T2_1374.png|geee   aa a      nnni            ee
/data3fast/users/mbermudez/de_02/TFGDataset/img/T2_0795.png|gerrnnn       eeee et  tt e  eee              aa
/data3fast/users/mbermudez/de_02/TFGDataset/img/T2_1244.png|hhheeeeeeee              essssssssttt    ee
/data3fast/users/mbermudez/de_02/TFGDataset/img/T2_0090.png|deeeeeeeeeeeeeennnnneee           e
/data3fast/users/mbermudez/de_02/TFGDataset/img/T2_1197.png|weee       aa        a                 **.......
/data3fast/users/mbermudez/de_02/TFGDataset/img/T2_1385.png|ii            eeeeeee   e               h    c hhhhhhhhh
/data3fast/users/mbermudez/de_02/TFGDataset/img/T2_0442.png|nnneeeeeeeeeeeeee                ssseee   eeeeeeeee
/data3fast/users/mbermudez/de_02/TFGDataset/img/T2_0387.png|deeeeeeeeeeeeeeeee*eeeeeeeee    aaaas s
/data3fast/users/mbermudez/de_02/TFGDataset/img/T2_0174.png|dee    n n  neeeeeei                  tt   eeee
/data3fast/users/mbermudez/de_02/TFGDataset/img/T2_1413.png|dee              ii i     eeeeeee eeeeeeeseseeeeeesseee
/data3fast/users/mbermudez/de_02/TFGDataset/img/T2_0175.png|sseee    ssssssa  aa ss      eeeeeelllllllll
/data3fast/users/mbermudez/de_02/TFGDataset/img/T2_1128.png|iii         eeeeeeeeeeeeeeeeesstttt   teeeeeeeee
/data3fast/users/mbermudez/de_02/TFGDataset/img/T2_0745.png|greeeeeeeeeeeeeeeeeeeeee        aa          eeeeeeeee
/data3fast/users/mbermudez/de_02/TFGDataset/img/T2_0274.png|bbee  eeeeeeeeeeeeleeee      d       ee
/data3fast/users/mbermudez/de_02/TFGDataset/img/T2_0437.png|wieee ee  ehhhhllleeeeeeee    nnnnn    hhhhh
/data3fast/users/mbermudez/de_02/TFGDataset/img/T2_0012.png|theeeee     aaaaa  aa        eeeeeeeeeeeeNee
/data3fast/users/mbermudez/de_02/TFGDataset/img/T2_0441.png|chheeee                ssssss         eee
/data3fast/users/mbermudez/de_02/TFGDataset/img/T2_0761.png|geernnnnn      tt..
/data3fast/users/mbermudez/de_02/TFGDataset/img/T2_0071.png|aad   ssssesesesee     eeseeeeseeeeeeeee       ddd
/data3fast/users/mbermudez/de_02/TFGDataset/img/T2_0449.png|zzeeeeeeeeeeeeesss      eeeeeee             hhhhhhh
/data3fast/users/mbermudez/de_02/TFGDataset/img/T2_0602.png|dee  ss  e     ee      ss  e essssse   eeeesssssssssee   eessssssssNeN  sssssseee  sssseeesssssNNNessssssseeN   ssseeee
/data3fast/users/mbermudez/de_02/TFGDataset/img/T2_0405.png|wer  nnnnnnnnneeeeeeeeeeeeeeeeeeeeeee
/data3fast/users/mbermudez/de_02/TFGDataset/img/T2_0861.png|mii               aa   hhhhhhhh   n eeeeeee
/data3fast/users/mbermudez/de_02/TFGDataset/img/T2_0836.png|die   eeeeeeeeee                          llllllll
/data3fast/users/mbermudez/de_02/TFGDataset/img/T2_0236.png|aaueeeeeeeeeeeeeeee    e  ee  sssssss
/data3fast/users/mbermudez/de_02/TFGDataset/img/T2_0135.png|ssseeeeee        dddddd  sssssshhhhhh    iiiieee
/data3fast/users/mbermudez/de_02/TFGDataset/img/T2_1226.png|aas     eee e************        sss    eeeeeleeeeeeee
/data3fast/users/mbermudez/de_02/TFGDataset/img/T2_1430.png|der                sss               ee
/data3fast/users/mbermudez/de_02/TFGDataset/img/T2_0714.png|nnchhhhhh    aa        eeeehhhheeeeee    eeeee
/data3fast/users/mbermudez/de_02/TFGDataset/img/T2_1300.png|bee      hhhhhhhhhiiieeeeeeeee   ssssssss
/data3fast/users/mbermudez/de_02/TFGDataset/img/T2_0913.png|aaa    eeeeeeeltttttt t e eeeee e  ee    sssth
/data3fast/users/mbermudez/de_02/TFGDataset/img/T2_0256.png|aaa      nnneeeeeeeeeeeeesssss           ee
/data3fast/users/mbermudez/de_02/TFGDataset/img/T2_0080.png|aaa       edeeeeeee        eeeeeeeeii  eeeeeeee
/data3fast/users/mbermudez/de_02/TFGDataset/img/T2_1127.png|deee eeeeeeeeeeeeeeeeee       a hhhheeeeeehhh
/data3fast/users/mbermudez/de_02/TFGDataset/img/T2_0509.png|eeeeeeeeeeeeeeeeeeeesssssssss            eeeeeeee  eeeeee
/data3fast/users/mbermudez/de_02/TFGDataset/img/T2_0987.png|#  
/data3fast/users/mbermudez/de_02/TFGDataset/img/T2_0169.png|der tttcttt         ieeeeeeeehhhhheeeee  nnnnn
/data3fast/users/mbermudez/de_02/TFGDataset/img/T2_0021.png|alllleeeeeeeeeeeeiiieeeeeeeeeeeeedeeeee
/data3fast/users/mbermudez/de_02/TFGDataset/img/T2_1053.png|dii             eeeeeee    ssssssss dde
/data3fast/users/mbermudez/de_02/TFGDataset/img/T2_0696.png|nnnneeeeeeeeeeeeeeeennn n           eeeeeeeeeee
/data3fast/users/mbermudez/de_02/TFGDataset/img/T2_1159.png|zuu               n     eeeeeeeee   eeeeeNNN
/data3fast/users/mbermudez/de_02/TFGDataset/img/T2_1427.png|#  
/data3fast/users/mbermudez/de_02/TFGDataset/img/T2_0626.png|derr                        d eeeeeeeeeeeeee
/data3fast/users/mbermudez/de_02/TFGDataset/img/T2_0463.png|dee      eee   e   tt               sssss   sss  sesh
/data3fast/users/mbermudez/de_02/TFGDataset/img/T2_0319.png|siheeeee                eeeee               eeeeeee
/data3fast/users/mbermudez/de_02/TFGDataset/img/T2_0351.png|hheeeeeeeeeeee ddd dddd   eeee   ssssllssss
/data3fast/users/mbermudez/de_02/TFGDataset/img/T2_1073.png|# 
/data3fast/users/mbermudez/de_02/TFGDataset/img/T2_0088.png|eee          ii eeeeeeeeeeeeeeeeeeeeeee nnn
/data3fast/users/mbermudez/de_02/TFGDataset/img/T2_1114.png|iiithh     eeeeeeeeeeeeeeeee          eeee eee    hhhaa
/data3fast/users/mbermudez/de_02/TFGDataset/img/T2_1195.png|iich  aaaa sls  eeeeeeee
/data3fast/users/mbermudez/de_02/TFGDataset/img/T2_0354.png|iihh         eeeeeeeeeeeeeeeeeeehhheeeeeeeeee aaa
/data3fast/users/mbermudez/de_02/TFGDataset/img/T2_1404.png|schheee             e ee              n   eeeeeeee
/data3fast/users/mbermudez/de_02/TFGDataset/img/T2_0356.png|bee  dn nnnn   aa  a  aaaaaaaa       nnnnnnn
/data3fast/users/mbermudez/de_02/TFGDataset/img/T2_1213.png|"  eeeeeeehhhhhhhheeeeen     aaaaa lllllls
/data3fast/users/mbermudez/de_02/TFGDataset/img/T2_0981.png|ss             eesseeeeeeee e s eeeeeeeeeeeeeee     eeee
/data3fast/users/mbermudez/de_02/TFGDataset/img/T2_1137.png|wii   ss  eeeeeeeeee              eeeeee   nnn
/data3fast/users/mbermudez/de_02/TFGDataset/img/T2_0101.png|# 
/data3fast/users/mbermudez/de_02/TFGDataset/img/T2_0601.png|bee   aaa       eeeeeeeeeeeel    ttatttttt
/data3fast/users/mbermudez/de_02/TFGDataset/img/T2_0650.png|lllleeeeeeeeeeeeeeeeeeenen      eeee          eeeeh
/data3fast/users/mbermudez/de_02/TFGDataset/img/T2_0477.png|iihieeeeeeeeee e    eeeeeeeeeeeeeeeee         aa
/data3fast/users/mbermudez/de_02/TFGDataset/img/T2_0936.png|dnn      cchcttttt   * ***  ttttt        eeeeeee
/data3fast/users/mbermudez/de_02/TFGDataset/img/T2_1258.png|gnnhaaaaaaallll   eeeeeeeeeeeeeeeeeeelssss
/data3fast/users/mbermudez/de_02/TFGDataset/img/T2_1419.png|geee               eeeeeeeeeeeeeeeeeeeeeeeeeeee
/data3fast/users/mbermudez/de_02/TFGDataset/img/T2_1328.png|der  aaa           eeeeeeeeeee        eeeeee
/data3fast/users/mbermudez/de_02/TFGDataset/img/T2_1171.png|aa      eeeeeeiieeieeen n     eeeeeeeeeeeeeeeeee
/data3fast/users/mbermudez/de_02/TFGDataset/img/T2_0742.png|aah        aaalllllllaa      eeeeeeeeeeeeeeeeeN
/data3fast/users/mbermudez/de_02/TFGDataset/img/T2_0419.png|dd   sss    t                 tttttttttt
/data3fast/users/mbermudez/de_02/TFGDataset/img/T2_1013.png|de      aaaa             n          nn   niiii
/data3fast/users/mbermudez/de_02/TFGDataset/img/T2_0066.png|frreeeeeelllll   eee         llllssseeee
/data3fast/users/mbermudez/de_02/TFGDataset/img/T2_1099.png|ch             hhh  nnnnn            seeeeeeeeeeee
/data3fast/users/mbermudez/de_02/TFGDataset/img/T2_0280.png|nnn              a a       tt  eeeeeeee
/data3fast/users/mbermudez/de_02/TFGDataset/img/T2_1047.png|sse      ass   eeeeeeeeeeeeeeeeeeeeeeeeeeeee
/data3fast/users/mbermudez/de_02/TFGDataset/img/T2_0478.png|geeeheeee         e eeeeeeeeeeeeeeeeeeee   assss
/data3fast/users/mbermudez/de_02/TFGDataset/img/T2_0446.png|der                eee             eeeeeeeeeeiiiiie
/data3fast/users/mbermudez/de_02/TFGDataset/img/T2_1402.png|wll       aa     sssshhh      eeeeeleleeeeetet
/data3fast/users/mbermudez/de_02/TFGDataset/img/T2_0762.png|eeeeeeeeeeeeeeeeeeeee    .
/data3fast/users/mbermudez/de_02/TFGDataset/img/T2_1162.png|"   eeeeeeeeee       sssss    
/data3fast/users/mbermudez/de_02/TFGDataset/img/T2_0119.png|ttttt        nnnnnnnnnnnnn  d   eeeeee   ee
/data3fast/users/mbermudez/de_02/TFGDataset/img/T2_0494.png|iisssse
/data3fast/users/mbermudez/de_02/TFGDataset/img/T2_0058.png|de     eeeeeeeeeeeeeeee  *        ssssss     eeeeeee
/data3fast/users/mbermudez/de_02/TFGDataset/img/T2_0190.png|iihh   eeee           hhhhhcchhhe e            d
/data3fast/users/mbermudez/de_02/TFGDataset/img/T2_1051.png|nneeeeeeeeeeeee   eeeeeeeeeeee   eeeeeee       
/data3fast/users/mbermudez/de_02/TFGDataset/img/T2_0554.png|geee      e eeeeeeeeeeccccchhth ee   e      e eeeeeeeeee
/data3fast/users/mbermudez/de_02/TFGDataset/img/T2_1483.png|zueeeeee        eeeeeeeeeeeeeeeeeehheeeeeee
/data3fast/users/mbermudez/de_02/TFGDataset/img/T2_0610.png|de          eeessssseeeeeeeeeee                 ee
/data3fast/users/mbermudez/de_02/TFGDataset/img/T2_0834.png|iiieeeeeeeeeeeeeeeeeleeeleeeeeeeeeee     dss
/data3fast/users/mbermudez/de_02/TFGDataset/img/T2_0706.png|derr   nnnn   e   eeeeee         eeeeeeeeeeeeeeeee
/data3fast/users/mbermudez/de_02/TFGDataset/img/T2_0067.png|sss  ee e  t                 e eeeee sssssshhhhhhh
/data3fast/users/mbermudez/de_02/TFGDataset/img/T2_0128.png|iih   eeeeeeeeeehhhhhee        eeeeeeeee      add
/data3fast/users/mbermudez/de_02/TFGDataset/img/T2_0966.png|ttt   e    dd     eeeeeeeeeee                 eeeeeee
/data3fast/users/mbermudez/de_02/TFGDataset/img/T2_0920.png|hheeeeee eeeeeeeeeeeeeeeeeee    a      eeee
/data3fast/users/mbermudez/de_02/TFGDataset/img/T2_1055.png|seeeeeee   ttttaat ttt     sssssssss
/data3fast/users/mbermudez/de_02/TFGDataset/img/T2_0549.png|eeeesstttt
/data3fast/users/mbermudez/de_02/TFGDataset/img/T2_0166.png|nne  elll   a              eeeeeeeeeeeee       aaaaa
/data3fast/users/mbermudez/de_02/TFGDataset/img/T2_0777.png|dee         eeeeee            eeeeeeeeennnne
/data3fast/users/mbermudez/de_02/TFGDataset/img/T2_0404.png|weeeeeeeeittt
/data3fast/users/mbermudez/de_02/TFGDataset/img/T2_0149.png|geeeeeeen n  i   i i     eeeeeee***
/data3fast/users/mbermudez/de_02/TFGDataset/img/T2_0121.png|"                ssss        *****ee*eeeeNN
/data3fast/users/mbermudez/de_02/TFGDataset/img/T2_0172.png|de              eeeeee ee            e  eeeeeeee   hhhhhhh
/data3fast/users/mbermudez/de_02/TFGDataset/img/T2_0577.png|diii iiettttttte            eeeeeeee       dddee
/data3fast/users/mbermudez/de_02/TFGDataset/img/T2_1129.png|gee    aa       eeeeeeeeeeee     n  e  eeeeeee
/data3fast/users/mbermudez/de_02/TFGDataset/img/T2_0379.png|dii eeeeeeee          a         tttt
/data3fast/users/mbermudez/de_02/TFGDataset/img/T2_0917.png|#  
/data3fast/users/mbermudez/de_02/TFGDataset/img/T2_1029.png|auu  eeeeee             e ee     eeeeeeeeeeeeeeeee
/data3fast/users/mbermudez/de_02/TFGDataset/img/T2_0380.png|geesshhh                sssssssss  eeeeeeeee
/data3fast/users/mbermudez/de_02/TFGDataset/img/T2_0632.png|de     iieeeeeeeeeeeeeeeeeeeeeeettt  ttttt
/data3fast/users/mbermudez/de_02/TFGDataset/img/T2_0329.png|heeeeeeeeNNee  ss          eeeeeeeeeeee          nnnn
/data3fast/users/mbermudez/de_02/TFGDataset/img/T2_0056.png|dee          eee  eee  t tt            
/data3fast/users/mbermudez/de_02/TFGDataset/img/T2_0471.png|frre       eeeehh                eeeeeee     tt
/data3fast/users/mbermudez/de_02/TFGDataset/img/T2_0620.png|iiieeeeeeeeeeeeeeelll              eeeeeeeee
/data3fast/users/mbermudez/de_02/TFGDataset/img/T2_1482.png|aaa     ddndeeeeeeeeeeh     aaaaaaaaaal
/data3fast/users/mbermudez/de_02/TFGDataset/img/T2_0282.png|wiieeeeeeeeeeeee de  eeeeeeeeeeeeeeeeeeee       hhh
/data3fast/users/mbermudez/de_02/TFGDataset/img/T2_0136.png|aasssseeeeeeeeeee         eeeeeeeee          t *********
/data3fast/users/mbermudez/de_02/TFGDataset/img/T2_0901.png|auudeeeeeeeeeeeeeeeeeeeeesssccchhh    a  ee
/data3fast/users/mbermudez/de_02/TFGDataset/img/T2_1181.png|zt  eeeeeeeeeeees            ddddeeeeeee hchhhhh
/data3fast/users/mbermudez/de_02/TFGDataset/img/T2_1028.png|aareeeeeeeeeeeeeeee      ddddddeeesssshhhhh
/data3fast/users/mbermudez/de_02/TFGDataset/img/T2_0521.png|de    tttt          eeeeeeeeesseseeeeeeee     nn
/data3fast/users/mbermudez/de_02/TFGDataset/img/T2_1370.png|inn   eeeeee    eeeeeeshhhhhhhhhhhh      eeeee
/data3fast/users/mbermudez/de_02/TFGDataset/img/T2_0535.png|iii eeeeeee  ttttttttttt  t     ssseeeee  ddd
/data3fast/users/mbermudez/de_02/TFGDataset/img/T2_0141.png|weee     n n             sssssssssssssi   iiie
/data3fast/users/mbermudez/de_02/TFGDataset/img/T2_0045.png|sst            eeeeeeeee        eeeeeehhh nnnnnnn
/data3fast/users/mbermudez/de_02/TFGDataset/img/T2_0955.png|llll       t             e eeeeeee  ee    e   e       .
/data3fast/users/mbermudez/de_02/TFGDataset/img/T2_0719.png|uu   eeeeeeeeeeeeeeennnnnnnnnn    aaaaaaa
/data3fast/users/mbermudez/de_02/TFGDataset/img/T2_1145.png|ffeeeee e    ddd   sssss eeee              eeeeeee
/data3fast/users/mbermudez/de_02/TFGDataset/img/T2_0466.png|eeesssssss            **         sseeeeeeeeehhhhhhh
/data3fast/users/mbermudez/de_02/TFGDataset/img/T2_0790.png|ssllleeeeeeeeeeeeeeeeeee         e        ttttt
/data3fast/users/mbermudez/de_02/TFGDataset/img/T2_0646.png|aallh                     eeeeeeeeeeee      aaaa
/data3fast/users/mbermudez/de_02/TFGDataset/img/T2_1268.png|wii     d    nndnnnnn       h  eeee   eed
/data3fast/users/mbermudez/de_02/TFGDataset/img/T2_1495.png|eee     tt    eeeeeessslleee        n        i
/data3fast/users/mbermudez/de_02/TFGDataset/img/T2_0569.png|ssssseeeeeeeeee     eeeeeeeeeeeeeeeeee eeeeeeeeeeeeeeee
/data3fast/users/mbermudez/de_02/TFGDataset/img/T2_1218.png|wieeeeeeeeeeeeeett      ssssssseeeeeee   nnnn
/data3fast/users/mbermudez/de_02/TFGDataset/img/T2_1426.png|annneeeeeeeeeeeeeeeeeeeee                 llllll
/data3fast/users/mbermudez/de_02/TFGDataset/img/T2_0431.png|bbee                            eeeeeeeeeeeee
/data3fast/users/mbermudez/de_02/TFGDataset/img/T2_1124.png|eeeeiieiie   i ii  nnn    dddd   ssss  eeee
/data3fast/users/mbermudez/de_02/TFGDataset/img/T2_0208.png|ddd  eeeeeeeeeeee        ehhhhhhhhhh        
/data3fast/users/mbermudez/de_02/TFGDataset/img/T2_0796.png|iee   cccccchhhhh                 eeeeeeeeeeeeeeeee
/data3fast/users/mbermudez/de_02/TFGDataset/img/T2_0073.png|aaan     tttttt       eeeeeeeeeeeeeedd
/data3fast/users/mbermudez/de_02/TFGDataset/img/T2_1469.png|hheeeeeeeeee                     .      ..    t.
/data3fast/users/mbermudez/de_02/TFGDataset/img/T2_1432.png|eeeeeeeeess  d eeeeeeeeeeeeeeeeeeeeeeeeeeeeee
/data3fast/users/mbermudez/de_02/TFGDataset/img/T2_0726.png|"     eeeeeeell           ssssssss       dd
/data3fast/users/mbermudez/de_02/TFGDataset/img/T2_0589.png|mii  eeeeeeeeeeesseeeeeeeeeeeeeeeeehhhhhee     e
/data3fast/users/mbermudez/de_02/TFGDataset/img/T2_0388.png|aaa    eeee****tttttttt tt     eeeeeeeee      nnnnn
/data3fast/users/mbermudez/de_02/TFGDataset/img/T2_0266.png|leee   eeeessssseeeeeeeeeeeeee       uddd     eeee
/data3fast/users/mbermudez/de_02/TFGDataset/img/T2_0606.png|weeeeeeeee e     en eeee      eeeeeeeeeeeeee
/data3fast/users/mbermudez/de_02/TFGDataset/img/T2_1492.png|sshhlleee          dd eeeeeeeeeeeeeeeeee      aae
/data3fast/users/mbermudez/de_02/TFGDataset/img/T2_0741.png|# 
/data3fast/users/mbermudez/de_02/TFGDataset/img/T2_0083.png|uuu   eeeeeeeeeeee               aaa aaaaaa
/data3fast/users/mbermudez/de_02/TFGDataset/img/T2_0384.png|neeeee              u       e eeeeeeeeeeeeeeee
/data3fast/users/mbermudez/de_02/TFGDataset/img/T2_0434.png|scchh        eeeeeeeeeeeesssssss         ssaaa
/data3fast/users/mbermudez/de_02/TFGDataset/img/T2_1403.png|iiihhhhhhh h  hh    nnn   eeeeeeeeeeeee*e******
/data3fast/users/mbermudez/de_02/TFGDataset/img/T2_1341.png|diieeeeeeeeeee        ssssss      eeeeeeeeegeggeNeNNNN
/data3fast/users/mbermudez/de_02/TFGDataset/img/T2_0341.png|eeeeeeeeeeeeeeeeeeeeeie      eeeeeeeehhhh nn
/data3fast/users/mbermudez/de_02/TFGDataset/img/T2_1202.png|ss           ehcccceeee****   e   eeeeee  ee eeeeeeeeee
/data3fast/users/mbermudez/de_02/TFGDataset/img/T2_1241.png|eeeeeeeeeeeeeeeett             eeeeeeeeeeeeeeeeeeeeee
/data3fast/users/mbermudez/de_02/TFGDataset/img/T2_1334.png|ss   eeeeeeeeeeeh  nnnnn            eeeeeele
/data3fast/users/mbermudez/de_02/TFGDataset/img/T2_0518.png|der         eeeeeee                llllllllh
/data3fast/users/mbermudez/de_02/TFGDataset/img/T2_1101.png|deeeeeellllleeeeee                       
/data3fast/users/mbermudez/de_02/TFGDataset/img/T2_1100.png|hhh      eeeeeeeeeeeeeeeeesssss            eeee
/data3fast/users/mbermudez/de_02/TFGDataset/img/T2_0496.png|iii  eeeeeeeeneeeeeeeeeesssssss  aa aaa   a
