/data3fast/users/mbermudez/de_02/TFGDataset/img/T2_0206.png|eeeee        eee ee  e  ee eee      e e   e           e ee e       ee e eee  e       e   eee    e ee eeee ee      e ee 
/data3fast/users/mbermudez/de_02/TFGDataset/img/T2_0392.png|eeee  eee  e  e  ee eee  e               e   e e        ee    e   e            e ee ee e   ee      e           e    ee 
/data3fast/users/mbermudez/de_02/TFGDataset/img/T2_0804.png|eeeeeee e    e   eeeeee        e    e   e           ee           ee   eee e ee    ee                  eeee  e   e   ee 
/data3fast/users/mbermudez/de_02/TFGDataset/img/T2_1348.png|eeeeeee    eeee   e  e             e          ee   e    e   eeee        ee eee  ee       e     eeeee       ee          
/data3fast/users/mbermudez/de_02/TFGDataset/img/T2_1083.png|eeeee e   e   e eee     eeee eee    eeeeee                e  eee     ee eee     e eeeeeeeeeeee         e     e        e
/data3fast/users/mbermudez/de_02/TFGDataset/img/T2_0992.png|eeee  e  eee  e       eeeee   eee    e    e e e e ee e    e     e    eeeeee        e e         ee                      
/data3fast/users/mbermudez/de_02/TFGDataset/img/T2_0007.png|eee    e              ee e ee   e   e    e          eeeee           e            e       e    e e    e   e         e ee
/data3fast/users/mbermudez/de_02/TFGDataset/img/T2_0017.png|eeeeee            e      e      ee e      e e   e  e          ee                 e e e e                    e    ee    
/data3fast/users/mbermudez/de_02/TFGDataset/img/T2_0605.png|eeeeee   ee             eeeeee  e        e              eeee     e e   e                       ee   ee     e       eee 
/data3fast/users/mbermudez/de_02/TFGDataset/img/T2_1218.png|eeeeee                    e    e e    ee  e             eeee     ee                        eee e  e          e  e   e  
/data3fast/users/mbermudez/de_02/TFGDataset/img/T2_0816.png|eeee                    e e    e    eee     e   e        e   eeee   e         ee e  e                e          e    ee
/data3fast/users/mbermudez/de_02/TFGDataset/img/T2_1287.png|eeeee eee                        e    ee  e eeeeeee             ee   e                e  e               ee            
/data3fast/users/mbermudez/de_02/TFGDataset/img/T2_0228.png|eeeee     e           ee      e   eee   e e                   e   e  e            ee                            eeee   
/data3fast/users/mbermudez/de_02/TFGDataset/img/T2_0255.png|deee               e e  ee             eee ee                     ee                   e         e       e         e   
/data3fast/users/mbermudez/de_02/TFGDataset/img/T2_0880.png|eeeee                e               e    e  e   e      e        e   eeee    e      ee  ee e    e ee   e   eeee        
/data3fast/users/mbermudez/de_02/TFGDataset/img/T2_0591.png|eee     e        e     ee e   e   e e   e   e          e             eee e     e      eeeeeee     e eeeee e   e     eee
/data3fast/users/mbermudez/de_02/TFGDataset/img/T2_1271.png|eeee                        ee   e     e       eee    ee            e ee   ee    ee                                    
/data3fast/users/mbermudez/de_02/TFGDataset/img/T2_0961.png|eeee ee       e   eeeee     e    e                   e     e    eeeee  e                               e               
/data3fast/users/mbermudez/de_02/TFGDataset/img/T2_1305.png|eeeee                                   e  eeeeee       e     ee                           e eeee e e   ee e     ee    
/data3fast/users/mbermudez/de_02/TFGDataset/img/T2_0572.png|eeeeee                                ee                e        ee      e             ee eee              e  e e  e  e
/data3fast/users/mbermudez/de_02/TFGDataset/img/T2_1066.png|eeee  ee e  e e                  e         e                 e                   ee e   e       ee       e            e
/data3fast/users/mbermudez/de_02/TFGDataset/img/T2_0970.png|eeeee e     ee          e                          e     ee  e                     eee   ee    ee               eeeeeee
/data3fast/users/mbermudez/de_02/TFGDataset/img/T2_0236.png|eeeee                                      ee    ee         e    e  e eee  e               ee   eee        e           
/data3fast/users/mbermudez/de_02/TFGDataset/img/T2_0220.png|eeee      e ee    e          e         e ee  e        e                    eeee    e  e                                
/data3fast/users/mbermudez/de_02/TFGDataset/img/T2_0531.png|eeeee ee                     eeee   e    e            ee  e e           ee ee            e            e      e        e
/data3fast/users/mbermudez/de_02/TFGDataset/img/T2_0224.png|eeee               e   e     e               e     e                      e             e      e         e e           
/data3fast/users/mbermudez/de_02/TFGDataset/img/T2_0590.png|eeeee                e                     e                 e       e     e          e e      e    e            ee    
/data3fast/users/mbermudez/de_02/TFGDataset/img/T2_0789.png|eeeeeee  e      eee             eee         e    e e      e                e e                           e             
/data3fast/users/mbermudez/de_02/TFGDataset/img/T2_0521.png|eeee           ee   e  e                   ee                        e e                    e     eee   e        e    e
/data3fast/users/mbermudez/de_02/TFGDataset/img/T2_1383.png|deeee  ee e                                    e  e e                e                        e      ee e e          e 
/data3fast/users/mbermudez/de_02/TFGDataset/img/T2_0459.png|eeee                         eee        ee     e e     e                                    e             e e  ee      
/data3fast/users/mbermudez/de_02/TFGDataset/img/T2_0416.png|eeeeeee   ee e      e                   eee                         ee ee     e        ee          eeeee     e         
/data3fast/users/mbermudez/de_02/TFGDataset/img/T2_1475.png|eeee                                    ee                   ee                 e                       e e     ee     
/data3fast/users/mbermudez/de_02/TFGDataset/img/T2_1111.png|eeee            e                             ee      ee         e                       e                        e  ee
/data3fast/users/mbermudez/de_02/TFGDataset/img/T2_0609.png|eeeee ee e   e        e   e                             e e                    ee                                   e  
/data3fast/users/mbermudez/de_02/TFGDataset/img/T2_0619.png|eeeee e                                eee    eee e ee                  ee                        e         e          
/data3fast/users/mbermudez/de_02/TFGDataset/img/T2_0110.png|eeee                       ee                        e e e e  eee e e                 e  e e          eeeeeee          
/data3fast/users/mbermudez/de_02/TFGDataset/img/T2_0488.png|eeee             e       e   ee                     e                 e                                        e eee   
/data3fast/users/mbermudez/de_02/TFGDataset/img/T2_1440.png|eeeee    e e                      e                  e                e                   eee           e              
/data3fast/users/mbermudez/de_02/TFGDataset/img/T2_0703.png|eeeee                 e     ee                              ee        e          e e                       e       ee  
/data3fast/users/mbermudez/de_02/TFGDataset/img/T2_1112.png|eee                    e e          e                               ee        e          e                       ee  e 
/data3fast/users/mbermudez/de_02/TFGDataset/img/T2_0336.png|eeee           e e   e             e        e     e    e    ee                  e                ee   e                
/data3fast/users/mbermudez/de_02/TFGDataset/img/T2_1238.png|eee                                                             ee                ee    e    e       ee                
/data3fast/users/mbermudez/de_02/TFGDataset/img/T2_0923.png|eeee      ee   ee                    e e        eee eee   e  eee                                e     e            e   
/data3fast/users/mbermudez/de_02/TFGDataset/img/T2_1208.png|eeee e                ee   e                         ee  e                             e  e   e           e  e         
/data3fast/users/mbermudez/de_02/TFGDataset/img/T2_0233.png|eeee              e  ee            e                    e  e                             e           e      e          
/data3fast/users/mbermudez/de_02/TFGDataset/img/T2_0944.png|eeeee                  e e   ee         eee    eee                            ee    ee  ee   e                      e  
/data3fast/users/mbermudez/de_02/TFGDataset/img/T2_1030.png|eeee e      e                 e   e                             e     e   e     eee     e  e                     ee   e
/data3fast/users/mbermudez/de_02/TFGDataset/img/T2_1128.png|eeeee               e         ee   e               e        e e     e                                     ee eeee      
/data3fast/users/mbermudez/de_02/TFGDataset/img/T2_1199.png|eeeee      e              eeee   e     eeeee              e        ee  e   e     e                                     
/data3fast/users/mbermudez/de_02/TFGDataset/img/T2_1242.png|eeee               e             e  e e                           eee                eee     eee     e e               
/data3fast/users/mbermudez/de_02/TFGDataset/img/T2_0193.png|eee  e               e                     e            e                   e                               ee       e 
/data3fast/users/mbermudez/de_02/TFGDataset/img/T2_0929.png|eee e     e    eeee  e      ee                                            e                            e     e    e    
/data3fast/users/mbermudez/de_02/TFGDataset/img/T2_0946.png|eeeeee  e               e  e                e          ee      e                eee             e e             ee     
/data3fast/users/mbermudez/de_02/TFGDataset/img/T2_0079.png|eeee e           e                                                                                  e                  
/data3fast/users/mbermudez/de_02/TFGDataset/img/T2_0943.png|eeee   e  e                    e  e  e                       e                   e                 e                   
/data3fast/users/mbermudez/de_02/TFGDataset/img/T2_1459.png|eeee       e     ee                                      ee     e                         e                            
/data3fast/users/mbermudez/de_02/TFGDataset/img/T2_0218.png|eeee  e e         ee   e           e                                                      e                       e ee 
/data3fast/users/mbermudez/de_02/TFGDataset/img/T2_0972.png|eeee                            e ee     e                             eee         e e e         ee                e   
/data3fast/users/mbermudez/de_02/TFGDataset/img/T2_1003.png|eeeeeee              ee e                     e                                    e                              eee  
/data3fast/users/mbermudez/de_02/TFGDataset/img/T2_0115.png|eeee                        e                          e                       e             e                         
/data3fast/users/mbermudez/de_02/TFGDataset/img/T2_0882.png|eeeee                           e                e   e    e            e                e                              
/data3fast/users/mbermudez/de_02/TFGDataset/img/T2_0599.png|eeeee               e                    e       e e  e        e                    ee                                 
/data3fast/users/mbermudez/de_02/TFGDataset/img/T2_0719.png|eeeee           ee                     e ee              e                  e                          ee      eee     
/data3fast/users/mbermudez/de_02/TFGDataset/img/T2_0756.png|eeee        e                                                                       e    ee                e   eeee    
/data3fast/users/mbermudez/de_02/TFGDataset/img/T2_0749.png|eeee  e       e    ee                                      e                          eee                            ee
/data3fast/users/mbermudez/de_02/TFGDataset/img/T2_0773.png|eeee   e           e                ee   eee                          eee           e                      ee eeeee    
/data3fast/users/mbermudez/de_02/TFGDataset/img/T2_1254.png|eeee      e              ee ee                           ee                           ee          ee                   
/data3fast/users/mbermudez/de_02/TFGDataset/img/T2_0660.png|deeee                 e e ee ee e     ee                                                                        e      
/data3fast/users/mbermudez/de_02/TFGDataset/img/T2_0037.png|eeee e                    e            e            e                e             e             e                   e 
/data3fast/users/mbermudez/de_02/TFGDataset/img/T2_1340.png|eeeee         e        e                    e                       e             e                         eeee       
/data3fast/users/mbermudez/de_02/TFGDataset/img/T2_1220.png|eeeeee        e      e                                                       eee        e  ee                          
/data3fast/users/mbermudez/de_02/TFGDataset/img/T2_1171.png|eeeeee          e  e              e            ee                e           e ee                                      
/data3fast/users/mbermudez/de_02/TFGDataset/img/T2_1053.png|eeeee e                e    e                      e ee                 eee    ee                                      
/data3fast/users/mbermudez/de_02/TFGDataset/img/T2_0726.png|eeee                      e e                      e                         ee                                        
/data3fast/users/mbermudez/de_02/TFGDataset/img/T2_0885.png|eeee                                   e                                ee                                           e 
/data3fast/users/mbermudez/de_02/TFGDataset/img/T2_0497.png|eeeee                       e     eee                              ee          e   ee                                  
/data3fast/users/mbermudez/de_02/TFGDataset/img/T2_0434.png|eeee                 e                      e            e             ee e   ee                     e                 
/data3fast/users/mbermudez/de_02/TFGDataset/img/T2_0949.png|eeeee                e               e    e           e   ee          e                      e          e              
/data3fast/users/mbermudez/de_02/TFGDataset/img/T2_1040.png|eeee  e    e                         e       e         ee                                    e                       e 
/data3fast/users/mbermudez/de_02/TFGDataset/img/T2_0745.png|eee                            e        e   e  e    ee                       e                                e        
/data3fast/users/mbermudez/de_02/TFGDataset/img/T2_1317.png|eeee         e      e                                     eee       e       eeee                        eee        ee  
/data3fast/users/mbermudez/de_02/TFGDataset/img/T2_1352.png|eeeee    ee      e    e                       e  e                                                                     
/data3fast/users/mbermudez/de_02/TFGDataset/img/T2_0693.png|eee                                                     e   e                   e                                e     
/data3fast/users/mbermudez/de_02/TFGDataset/img/T2_0117.png|eeee e               e                   e            e  eee e                 e                                     ee
/data3fast/users/mbermudez/de_02/TFGDataset/img/T2_0180.png|eeeeee      eee                      ee                   ee            eee                               e    e    e  
/data3fast/users/mbermudez/de_02/TFGDataset/img/T2_1498.png|eee                        e                ee     eee          e                                                      
/data3fast/users/mbermudez/de_02/TFGDataset/img/T2_1243.png|eeeee                                       e e  eeeee                  e           ee                  e  eee         
/data3fast/users/mbermudez/de_02/TFGDataset/img/T2_0926.png|eeee         e                                                                            ee           e   ee  e     e 
/data3fast/users/mbermudez/de_02/TFGDataset/img/T2_0534.png|eeeee    e          e                   e              e                               e     ee     e e                
/data3fast/users/mbermudez/de_02/TFGDataset/img/T2_1127.png|eeeee                 e                                                   e   e eeee e   e    e           e      ee e  
/data3fast/users/mbermudez/de_02/TFGDataset/img/T2_1371.png|deeee             e                  ee                             ee  e                      e     e    e  e         
/data3fast/users/mbermudez/de_02/TFGDataset/img/T2_0743.png|eeeee                                           e e  e      e          e e   ee            eee    ee                   
/data3fast/users/mbermudez/de_02/TFGDataset/img/T2_0722.png|eeee                                          ee            e ee             eee                                       
/data3fast/users/mbermudez/de_02/TFGDataset/img/T2_0056.png|dee           e         e           e            e             e  e                                                    
/data3fast/users/mbermudez/de_02/TFGDataset/img/T2_0203.png|eeee      e ee                       e            ee          ee       e   e e                                         
/data3fast/users/mbermudez/de_02/TFGDataset/img/T2_0046.png|eeeeee    e           e   ee                    e e       e                                                            
/data3fast/users/mbermudez/de_02/TFGDataset/img/T2_0015.png|eee                    e            eee       eeeee         eee  e          ee    eeee            eee  e     e      eee
/data3fast/users/mbermudez/de_02/TFGDataset/img/T2_0457.png|eeee                        eee eeee                              e    ee                                      e       
/data3fast/users/mbermudez/de_02/TFGDataset/img/T2_0013.png|deeee               e                   eeee e        e                            e                   e     e         
/data3fast/users/mbermudez/de_02/TFGDataset/img/T2_0681.png|eee  eee e  eeeee                e                     e            e              e   eee e  eee e       e e          
/data3fast/users/mbermudez/de_02/TFGDataset/img/T2_0089.png|eeeeee      e                                eee e    e        e   e            e                         e      e     
/data3fast/users/mbermudez/de_02/TFGDataset/img/T2_0967.png|eeeee                                              e         ee ee                    e    ee                          
/data3fast/users/mbermudez/de_02/TFGDataset/img/T2_0346.png|eeeee                     ee               e                  e  eeeee eee                    e              ee        
/data3fast/users/mbermudez/de_02/TFGDataset/img/T2_0350.png|eee       eeeeee   eee               e         e   ee                                     e                            
/data3fast/users/mbermudez/de_02/TFGDataset/img/T2_0301.png|deee         eee      e          e                         ee   e e                                  ee                
/data3fast/users/mbermudez/de_02/TFGDataset/img/T2_0217.png|deeee    e    e          e            ee                   e            e      e         e            eee eeee         
/data3fast/users/mbermudez/de_02/TFGDataset/img/T2_0925.png|eeeeee   e              e e               e   e                       e               e          e  ee         e  e eee
/data3fast/users/mbermudez/de_02/TFGDataset/img/T2_0254.png|eeee                          eeee     e     eee                               e      e                        ee      
/data3fast/users/mbermudez/de_02/TFGDataset/img/T2_1473.png|eeeeee e    e      eee                eeee                                         ee                  e  ee           
/data3fast/users/mbermudez/de_02/TFGDataset/img/T2_0288.png|eeeee              e                           ee                   e               e                      ee          
/data3fast/users/mbermudez/de_02/TFGDataset/img/T2_1246.png|eeee         e  e                    e  ee              ee e e    e   e                 e  e       e                   
/data3fast/users/mbermudez/de_02/TFGDataset/img/T2_0144.png|deeee  eee e    e          ee                                         e            ee                                  
/data3fast/users/mbermudez/de_02/TFGDataset/img/T2_0891.png|eeeeeee e    e e                eee        ee                     eee ee         e eeeee          e    ee              
/data3fast/users/mbermudez/de_02/TFGDataset/img/T2_0268.png|deee      e     eeee  eee           ee    e              e                      e         e     ee e       ee          
/data3fast/users/mbermudez/de_02/TFGDataset/img/T2_1331.png|eeeee   e e            e e              ee                      e   e e       e      eee                 eee    e e  e 
/data3fast/users/mbermudez/de_02/TFGDataset/img/T2_0500.png|deeeee   e         eee        e   ee    ee e  e                                                       ee  eee          
/data3fast/users/mbermudez/de_02/TFGDataset/img/T2_1284.png|eeeee              e                        e        e     e               eee e  ee     ee e e   e                    
/data3fast/users/mbermudez/de_02/TFGDataset/img/T2_1270.png|deee   ee         e               e                       ee e          e        e       e                             
/data3fast/users/mbermudez/de_02/TFGDataset/img/T2_1324.png|eeee                     ee            eee            e        ee           e   eee     ee  ee          ee         e   
/data3fast/users/mbermudez/de_02/TFGDataset/img/T2_0091.png|deee   ee      eee     ee      e      e      ee            e   eee e    ee e          eeee         eee eeee            
/data3fast/users/mbermudez/de_02/TFGDataset/img/T2_0557.png|deeeeee                e      e         ee e    ee       ee eeeee                         eee          e e             
/data3fast/users/mbermudez/de_02/TFGDataset/img/T2_1321.png|dee    ee              ee       e                ee              e           e     eee            e  e  e       ee     
/data3fast/users/mbermudez/de_02/TFGDataset/img/T2_0467.png|eeeee      eeeeeee       ee  ee            e                ee        eee  eee    e                                 e  
/data3fast/users/mbermudez/de_02/TFGDataset/img/T2_0028.png|eeeeee          e              e         eeee               e           e                e                  ee         
/data3fast/users/mbermudez/de_02/TFGDataset/img/T2_1341.png|eeeee e   ee             e                 eee    ee            e                e           e                         
/data3fast/users/mbermudez/de_02/TFGDataset/img/T2_1149.png|eeee           eee          e  e                            e       e e        ee  ee e                   e    e       
/data3fast/users/mbermudez/de_02/TFGDataset/img/T2_0840.png|deeeeee               e      eeee      e        ee ee   e ee   eeee            e e       e       e           e   e     
/data3fast/users/mbermudez/de_02/TFGDataset/img/T2_1020.png|eeee               ee    eee   e    e                                   eeee                         e e e  eeee      e
/data3fast/users/mbermudez/de_02/TFGDataset/img/T2_1047.png|deee     e                 ee    e   ee                 e      e  eee                  e       ee         e    ee     e
/data3fast/users/mbermudez/de_02/TFGDataset/img/T2_0668.png|eeeeee            e ee      e e    ee eeeee   e                         ee                           ee  ee e        ee
/data3fast/users/mbermudez/de_02/TFGDataset/img/T2_0265.png|eeeeee                   e    ee eee     e   e    ee        e  ee e       e  ee e   e ee     eeee                    ee
/data3fast/users/mbermudez/de_02/TFGDataset/img/T2_1072.png|eeee eeeeee     e eee             e   e  e     ee         eee     e      e       e   e e     e eee   ee          ee    
/data3fast/users/mbermudez/de_02/TFGDataset/img/T2_0933.png|deee                 eee            e  ee  e   eee          e  ee       ee e  e                      eee  ee  ee   e   
/data3fast/users/mbermudez/de_02/TFGDataset/img/T2_0059.png|eeeee  e e ee      eeeeeeee e      eeeee eee    ee            e   e         e  e e    eeeeeee                  ee    ee
/data3fast/users/mbermudez/de_02/TFGDataset/img/T2_0256.png|eeee           e    e             ee e          e ee eee  e    e   eeee            ee e    e       ee  e   e           
/data3fast/users/mbermudez/de_02/TFGDataset/img/T2_1267.png|eeeeee e             ee               e             ee ee e       eee          ee          ee ee eee                   
/data3fast/users/mbermudez/de_02/TFGDataset/img/T2_0914.png|eeeee ee     e             eeee   e    ee         eeee         e       e e e  ee          e eeeeeee      ee            
/data3fast/users/mbermudez/de_02/TFGDataset/img/T2_0656.png|deee                eeee                   e ee  e               eeeee     eeee           ee ee  e         e     e e   
/data3fast/users/mbermudez/de_02/TFGDataset/img/T2_0345.png|deeee           e  eeee                         e    eeeeee                 e     e    ee    e    ee e      ee         
/data3fast/users/mbermudez/de_02/TFGDataset/img/T2_0932.png|eeeeee                    ee  ee                          e ee e                          e                   e      e 
/data3fast/users/mbermudez/de_02/TFGDataset/img/T2_1360.png|eeeeeeeeee  e e                                         e        ee  eee                    ee   e                 ee  
/data3fast/users/mbermudez/de_02/TFGDataset/img/T2_0344.png|eeeee        eee             ee   ee          e     e        ee  e e           ee ee             eeeee  ee     e  e  ee
/data3fast/users/mbermudez/de_02/TFGDataset/img/T2_0490.png|eeeeee                  e  ee    eeeee                        ee         e           ee         ee         ee    e     
/data3fast/users/mbermudez/de_02/TFGDataset/img/T2_0035.png|eeeee   e                                 eee       ee ee           e      ee  eee  eee  e e        e  eeeeeee       e 
/data3fast/users/mbermudez/de_02/TFGDataset/img/T2_1387.png|eeeee e     eee e         e    e               ee     eee    e  e  e        e      e   e   e    e ee     e e       ee  
/data3fast/users/mbermudez/de_02/TFGDataset/img/T2_0611.png|eeee    ee        e     ee        e  e    eee  ee  e        e eeeee ee e  e   e  e eee       e   e eee      ee e  eeee 
/data3fast/users/mbermudez/de_02/TFGDataset/img/T2_0338.png|eeee    ee      e    e   e  e eeeee  e           eeee e  e   e e    e   ee     e eeeeee ee   eee         e         e  e
/data3fast/users/mbermudez/de_02/TFGDataset/img/T2_0623.png|deeeee    e     e e                e       e e      e   e         e       eee           ee                 eee       e 
/data3fast/users/mbermudez/de_02/TFGDataset/img/T2_0073.png|eeeee      eee      eee ee  ee  e   ee        eeeee e        eeeee eee  ee                               eeeee         
/data3fast/users/mbermudez/de_02/TFGDataset/img/T2_0372.png|deeee     ee    eeeeeeeeee              ee     e e ee  e  ee  e e ee  eee     ee              eeeeeeeeee               
/data3fast/users/mbermudez/de_02/TFGDataset/img/T2_1382.png|eeee     e         e       e          e    eee              eeee ee                 ee      e     e e     eee     e    
/data3fast/users/mbermudez/de_02/TFGDataset/img/T2_0718.png|eeee         e     e    eee eeee      e                                eeeeeeeee      eeeee             ee          e e
/data3fast/users/mbermudez/de_02/TFGDataset/img/T2_0683.png|eeeeeeeeeeee                   e   e  e     e              e e  ee       eee    ee e ee        e           e   e    e  
/data3fast/users/mbermudez/de_02/TFGDataset/img/T2_0442.png|eeeee       e   e    e  e  eee        e eeee                eee      e      eeeee e  eeeee ee    e    eeeee            
/data3fast/users/mbermudez/de_02/TFGDataset/img/T2_0055.png|eeeee  eee                e e                e   e eeee      eeeeeee            e    e e e                  eee        
/data3fast/users/mbermudez/de_02/TFGDataset/img/T2_0983.png|deeee          e eeeee     e eeeee        ee   e ee   eeeee e  e e  eeeee               eeeeeee        eee  e   e     e
/data3fast/users/mbermudez/de_02/TFGDataset/img/T2_0397.png|eeeeee   e                 eeeee    ee e     ee       e  eee e e     eeeeee             eeeeeee   eee              eeee
/data3fast/users/mbermudez/de_02/TFGDataset/img/T2_0259.png|deee  e e   e e e eeee   ee  e    eeee  ee    e           e   e  e     eeee eee    e      ee eeeeeeeeeeee  eeeeeee   ee
/data3fast/users/mbermudez/de_02/TFGDataset/img/T2_1299.png|eeeee       ee e        e  e   eeee ee   e  e eeeeee      ee     e ee e      eeee e      e            ee  ee      ee   
/data3fast/users/mbermudez/de_02/TFGDataset/img/T2_0200.png|deeee  e   e      ee     eeeeeee     e ee ee  eeeee             ee   eee               e e    eeeee          eee    e  
/data3fast/users/mbermudez/de_02/TFGDataset/img/T2_0018.png|eeeeee     eeee   e e    e e eee   ee   e   eee     eeeee  eee     eee      e e     e         e    e e   e     eeeee   
/data3fast/users/mbermudez/de_02/TFGDataset/img/T2_0969.png|eeeee  eee eeeeeeeeeeee       eee         ee        eeee ee  e       eeee ee      e   eeeeeee  e  eee  e  e  eee ee    
/data3fast/users/mbermudez/de_02/TFGDataset/img/T2_0786.png|eeee         ee    e  ee              eeee eeee  eeeee   e   e   e       e   e   eeee    e   eeeee          e   eee    
/data3fast/users/mbermudez/de_02/TFGDataset/img/T2_0985.png|eeeeeee  ee e                e      eee  eee     ee    eeeee          eeeeeeeee eeeeeeeee      e   eeeee  eee      e ee
/data3fast/users/mbermudez/de_02/TFGDataset/img/T2_1402.png|eeeeeee   ee eee e eeee e e         eeee e e  eeee ee eee    eeeeeee         eeeee    ee   e   eee ee  e e  e         e
/data3fast/users/mbermudez/de_02/TFGDataset/img/T2_1192.png|eeeee       e  e   e   ee      ee   eee           e       ee     eeee   ee         eee e   eeeee  e eee  ee   ee       
/data3fast/users/mbermudez/de_02/TFGDataset/img/T2_1333.png|eeee        e      e        eeeee          eee          ee    e         eeee  eeeeee e  eeeee   e eee     e        e   
/data3fast/users/mbermudez/de_02/TFGDataset/img/T2_0626.png|eeeeeeee eeeeeeeeeeeee e      ee    eeeee e     e       e     eeeeeeeeee eeeeee            ee  e     eee eeee  e ee    
/data3fast/users/mbermudez/de_02/TFGDataset/img/T2_0327.png|eeeee        ee     eeee    e  ee  e       ee  e  eeee  e       ee     ee eee  e   e e  eeee e eeee      ee eeeeee  ee 
/data3fast/users/mbermudez/de_02/TFGDataset/img/T2_0468.png|eeeeee      ee e      e  e      ee       e       ee ee eeeeeee  ee     eee eeeee e  e eeee        eeeeeee  ee     ee   
/data3fast/users/mbermudez/de_02/TFGDataset/img/T2_1445.png|eeeeee               e       eee   e e  ee    e   eee   e eeeeeeeee    e ee  e eeee e  eeeeeeeee    eeeeeee  e  e  eeee
/data3fast/users/mbermudez/de_02/TFGDataset/img/T2_0651.png|deeeeee         eeeeeeee   e         e eeeeee   e   e  eeee ee     ee  e eee eeee   e       e  e e ee    e eeeeeeeeeee 
/data3fast/users/mbermudez/de_02/TFGDataset/img/T2_0138.png|deeee   e ee  e   e e e     e ee      e       eeeeeeeee  ee eeee         e   e  ee eeee e e eeeeee eeeeeeeeee ee      e
/data3fast/users/mbermudez/de_02/TFGDataset/img/T2_0499.png|eeeee e eeeee  e   e    e e e eeeee            e   eeee e eeeeeeeeeeee     e      eee ee   eeee        eeeee eee   e ee
/data3fast/users/mbermudez/de_02/TFGDataset/img/T2_0331.png|eeee        eeeeeeeeee   e        eee  ee  e         eee  e e     eee  e ee  ee  eee                 e   eeee  e eeeeee
/data3fast/users/mbermudez/de_02/TFGDataset/img/T2_0776.png|deeeeeeeeeeeeeee eee eee  ee        ee ee  e   e   eeeee     eee e      e e  eeee    e    eee ee eeeeeee       e    e  
/data3fast/users/mbermudez/de_02/TFGDataset/img/T2_1198.png|deeeeee  eeeee eeeeeeee    eeeee ee   ee ee e      eeee  eeeeee              eee    e      e e eee  ee e        eeeee e
/data3fast/users/mbermudez/de_02/TFGDataset/img/T2_1126.png|deeee       eeeeeeeeeeeeeeeeeee   e e    eeeee        e  e      eeeeee   e    e    eeee    eee eeeeee e ee         eee 
/data3fast/users/mbermudez/de_02/TFGDataset/img/T2_1466.png|eeeeee  e           eee eee ee eee ee   ee     ee  eeeee  ee       ee e eeeeeeeeeeeeeee ee   e     e ee  e   e         
/data3fast/users/mbermudez/de_02/TFGDataset/img/T2_1286.png|deeeeeeee   eeeee     ee   ee ee e      eee       eeeeee      e e       e eeee eeee    e         e    eee              
/data3fast/users/mbermudez/de_02/TFGDataset/img/T2_0343.png|eeeeeeee  eeeeeeeeeeeeee eeeeeeee  eeeeeeee   eeee     eeeeeee     e eeee   eeeeee  e e  eee   eee eeee eeee  e   e   e
/data3fast/users/mbermudez/de_02/TFGDataset/img/T2_0673.png|deeeeee  e  ee e     ee  eeeeee          ee   eeeee ee ee ee  e eeee    eee e  e eeeee eeee e eee   eeeeee eeee eee   e
/data3fast/users/mbermudez/de_02/TFGDataset/img/T2_0330.png|deeeeeeeee eee        eeeeee        e eeeeeeeeeee    e ee   ee      eeeeee    e        eeeeee      e e e   eeeee eeeeee
/data3fast/users/mbermudez/de_02/TFGDataset/img/T2_0204.png|eeee   e  e e eee  e   ee e ee      ee eee  ee   eeeeee     e ee    eeeeee ee eeeeee e ee      eee   e e   e      e    
/data3fast/users/mbermudez/de_02/TFGDataset/img/T2_1207.png|eeeee e e e     eee      e  e  eee    e   eeeee ee   eeeeee  e  eee e    e ee e   eeeeeeeeee    eee eeee ee ee      eee
/data3fast/users/mbermudez/de_02/TFGDataset/img/T2_0164.png|eee  e  eee e      e  eeeeeeeee   eeee e  e  e      e     eeee eee e eeeeee e ee    eeeeee   eeeeeeeeee ee       e e   
/data3fast/users/mbermudez/de_02/TFGDataset/img/T2_0865.png|eeeeeeeeee e   ee     eeeeee  eeee    ee    ee ee eee ee       e eeeeeee  eeee  ee e e ee      e ee      eee eeeeeee   
/data3fast/users/mbermudez/de_02/TFGDataset/img/T2_0454.png|eeeeeee      eee eeeeeeeee eeee  ee  eee   eee    e  eeee ee  eeee  ee e eeeeeeeeeeee    eee     ee  e eee eee e   eeee
/data3fast/users/mbermudez/de_02/TFGDataset/img/T2_1443.png|eeeeee   eeeee    eee  eee e     ee   ee   e  e          e eee eeeeeee        ee  ee   ee   ee eeeeeeeeee  ee  eee     
/data3fast/users/mbermudez/de_02/TFGDataset/img/T2_0604.png|eeeee  ee    e e    ee     eeeeeeeee   eeeeeeeeeee ee    eeee    e e eeeee   eeeee    eee e  e       eeeeeee eeeeeeeee 
/data3fast/users/mbermudez/de_02/TFGDataset/img/T2_0427.png|eeeeeeeee e e e     eeeee e        eeeee  eee         eee        eeee e       ee e ee         e  eee    ee    eeeee   e
/data3fast/users/mbermudez/de_02/TFGDataset/img/T2_0445.png|eeeeeeee ee  e  e    eeeeeee  eee eeee    ee     eeee     ee eeeeeeeee     ee  eeeee   e         eeeee  e  ee eeeeeeeee
/data3fast/users/mbermudez/de_02/TFGDataset/img/T2_0826.png|eeeeee e  eeeeeeeeee  eeee   eeee  eeeee e     e   eeeeeeeeeeeeeee eeeeeeeee    eeeee eeeeee  eee       eee eeeeeeeeee 
/data3fast/users/mbermudez/de_02/TFGDataset/img/T2_0563.png|eee eee eeee e e eeeeeee  e  eeee  eeeee  e e  ee eeeeeeee eee ee eeeeeee    e ee       e  eee       eeeeeeeee      eee
/data3fast/users/mbermudez/de_02/TFGDataset/img/T2_0209.png|deeeeee   eee    eee   e  ee  ee      eeeeeeee e  eeeeee           eeee    eee eeeee   ee  ee  ee e e eeee eeee e  ee e
/data3fast/users/mbermudez/de_02/TFGDataset/img/T2_1037.png|eeeeeee e        eeeee  eeeee  e   e e e     eeee         eeee       eeeee  eeeeeeeeeeeeeeee e   e   ee    eeeeeeeeee e
/data3fast/users/mbermudez/de_02/TFGDataset/img/T2_0400.png|eeeeeee     e eee eee  ee eeeeeeeee eeeeeeee eee     eeeeeeeeeeeee  e eeeeeeee   e   e e     e  e e e      e   eeeeee  
/data3fast/users/mbermudez/de_02/TFGDataset/img/T2_1386.png|deeeee eeeeeeeeeeeeee        eeeeeeeeeeeeee   eeeeeeeeee eeeeeeeeeeeee eeeeeeeeeeeeee eeee e   eeeee  eeeeeeeeeeeeeeeee
/data3fast/users/mbermudez/de_02/TFGDataset/img/T2_0388.png|eeeeeeeee    eeee  e   ee  eeeee eeeee        eeeee  e e eee e     e ee     e eeeeee eeeeeeeeeeee  eeeeeeeee eeeeeee e 
/data3fast/users/mbermudez/de_02/TFGDataset/img/T2_0088.png|eeee e   eeeeeee    eeee        e    eeeeeee ee e     eeeee eeeeee  e eee ee     eee    eee  eeeeeeeee  eeeee e   eeee 
/data3fast/users/mbermudez/de_02/TFGDataset/img/T2_0915.png|eeeeeeeeeee    e  e eeee eeee e   eeeeeee   ee eeeeeeeee  eeeee eeeeeeee eee e  e ee eeeeeeeeee eeeeeeeeeeeeee      eee
/data3fast/users/mbermudez/de_02/TFGDataset/img/T2_0960.png|deeeeeeee     e eeeeeeeeee  e e e  eeeeeeeeeee eeeeeeeeeeee   ee     eeeeeee      e    ee eeee  e   e eeeeeeeeeee    ee
/data3fast/users/mbermudez/de_02/TFGDataset/img/T2_0921.png|eeeee  eeee     eeeeee   e eeeeeee  e ee e eeeeeee  e eeeeeeee  eeee e eee e      ee  e  e     eee  ee eee ee  eeeeeeee
/data3fast/users/mbermudez/de_02/TFGDataset/img/T2_0045.png|deeeeee ee eeee  e  eeeee eeeeeeeeee  ee     e eeee    eeeee  eee eeeeeeeeeeee          eeeeeeeeee e e eeee ee    e eee
/data3fast/users/mbermudez/de_02/TFGDataset/img/T2_0415.png|eeeeeeeee  eeeeeeeeeeeee e e eeee ee  eeeeeeeee ee eeeeeeee e eeeee   eeeeee ee  ee     eee e  eeeeeeeeeeeeeee ee ee   
/data3fast/users/mbermudez/de_02/TFGDataset/img/T2_0179.png|deeeeeee  e     eeeeeeeeeeee   eee     e    e  ee  eeee  eeee eee    ee  eeeeeeeeeeeeeeeeeee     eeeeeeeeeeeeeee      e
/data3fast/users/mbermudez/de_02/TFGDataset/img/T2_0232.png|deeeee eeeeeee eeeeee  eeeeeeeee eeee  eeee    e eeeeee     e    eee  eeeeee eeeeeeeeeee       e ee       eeeeeee   eee
/data3fast/users/mbermudez/de_02/TFGDataset/img/T2_1247.png|eeeeeeeeeeeee  ee eeeeeee  eeeeeeeeeeeee eee eee eeee eeeee eeeeee  eeeeee eeeeeeee  e   eeeeeeeee e e eeeeeeee       e
/data3fast/users/mbermudez/de_02/TFGDataset/img/T2_0911.png|eeee e       e   eeeeee  eee  eeeeeeeeeee ee  eee  eeeeeeeeeeeee   eeeeeeeeee  eee   ee   eeeeeeeee       eeeeeeee e   
/data3fast/users/mbermudez/de_02/TFGDataset/img/T2_1177.png|eeeee e eeeee eee   e e eeee e eee    eeeeee e  eeeeeeee       eeeeeee    e  eeeeeeeee e e   eeeee  eeeeeeeee ee   eee 
/data3fast/users/mbermudez/de_02/TFGDataset/img/T2_0998.png|eeeeeeee eee     ee   eeeeeee   e eeeee  ee  eeeeeeeeee    eeeeee  eeeeeeee eeeeeee eeeeeeeeee ee  eeeeeeeeeee  ee eeee
/data3fast/users/mbermudez/de_02/TFGDataset/img/T2_1442.png|eeeeeeeeeeeeee    eeeeeeeeeeee eeeeeeeeeee     ee eeeeeeeee  eeeeeeeeeeee eeee  ee    ee  eeeeee     eee   e      eeeee
/data3fast/users/mbermudez/de_02/TFGDataset/img/T2_0621.png|deeeeeeeeeee eeee     eeeeeee       e  eee eee  e    e eeeee   e e eeeee  e eeeeeee  eeee          e eee    eeeee   eee
/data3fast/users/mbermudez/de_02/TFGDataset/img/T2_0858.png|deee eeeeeee  ee eeeeeeeeeeeeeeeeeeeeeeee ee   e eeeeeeeeeeeeeeeeeee  eeee e e           eeeeeeeee eeeee  eeeeeeeeeeeee
/data3fast/users/mbermudez/de_02/TFGDataset/img/T2_0608.png|deeeeee eee     ee eeeeeeeee e       e eeeeeee    eeeee eeeeeeeeeeeee ee  ee  eeeee eeeeeeeee e e  e  eee eeeee e eeee 
/data3fast/users/mbermudez/de_02/TFGDataset/img/T2_1223.png|eeeeeeeeeeee  eeeeeeeeeeeee       eeeee ee e ee e   eee eeeeeeeeeeeeee e      ee eee  ee ee e eeeeeeeeeeeeeeee eeee   e
/data3fast/users/mbermudez/de_02/TFGDataset/img/T2_0964.png|deeeeeeeeeeeeeee    e      eeeeee    eeee eeeeeee      eeee  eeeeeee e eeeeeeee e e  eeeeeeee eeeee eeeeeee    eeeeeee 
/data3fast/users/mbermudez/de_02/TFGDataset/img/T2_1343.png|eeeeeeee eeee  eeee eeeeeeeeee   eeeee eeeeeeeeeeeeeee eeee eeeee   ee eeeeee e e ee eeeeee eeeeee   eeeee eeeeeeeeeeee
/data3fast/users/mbermudez/de_02/TFGDataset/img/T2_0054.png|eeee ee       e e eeeeeeeeeeeeeee  eeeeee eeeee e    eeeeeeee ee eeeeeeeeee eeee  eeeeeeeeeeee  ee  eeee eeeeeeee ee   
/data3fast/users/mbermudez/de_02/TFGDataset/img/T2_0765.png|deeeeeee       eeeeeeeeeee  eee     ee eeeeeeeeeeeeeeeeeeeeee eeeeeeeeeee eeee eeeeeeeeeeeeeeeee  eeee         eeeee ee
/data3fast/users/mbermudez/de_02/TFGDataset/img/T2_1204.png|deeeeeeee   ee    eee eeeeeeeeeeeeeeee e  eeeeee eeeeeeeeeee ee e  eeeeeeeeeee   eeeeeeeeeeeeeeeeeeeeeeeeeee ee eeee  e
/data3fast/users/mbermudez/de_02/TFGDataset/img/T2_1469.png|deeeeeeeeeeee e  eeeeeeeeee    eeeeeeeeeee        eeeeeee   eeeeeeeee   eee  eeeeeeeeeeeeeeeeeeee    eeeeeeeeee eeeee e
/data3fast/users/mbermudez/de_02/TFGDataset/img/T2_0966.png|eeeeeee eeeeee      eeeeeee  eeee   e      eeeeee eeeee       e  eeeeeeeeeeee e      ee eeeeeeeeeee ee e eee eeeeee    
/data3fast/users/mbermudez/de_02/TFGDataset/img/T2_1118.png|eeeeeeeeeeeeeeeeeeeeeeeee eeee eeeeeeeeeeeeeeeeeee       e ee  eeeeee    eeeeeeeeeee eeeeeeeeeee  ee eee eeeee   eeee e
/data3fast/users/mbermudez/de_02/TFGDataset/img/T2_0476.png|eeee    ee    eeeee e eeeeeeeeeeeeeeeeee  e      eee   eee eeeeeeeeeee   eee   eeeeeeeeee e eee  eeeeeeeeeeeeeeeeeeeeee
/data3fast/users/mbermudez/de_02/TFGDataset/img/T2_0954.png|deeeee  ee eeeeee e e  eeeee       e  eeeeeeee eeeeeeee e  eeeeeeee e        eeeee ee  eeeeeeeeeeeeee    eeeeeeeeeeeeee
/data3fast/users/mbermudez/de_02/TFGDataset/img/T2_0527.png|deeeeee ee eeeeeee eeeeeeeeeee e   eeeee ee     eeeeeeeeeeeeeeeee     eeeeeeee eeeee eeeeeeee   eeeeeeee  eeeeeee eeeee
/data3fast/users/mbermudez/de_02/TFGDataset/img/T2_0247.png|deeeeeeeeeeeeeee  eee eee  ee     e   e eeeeee     eeeeeeee eeeeee     eeeeeeeeeeeee eeeeee ee   e e e ee   eeeeeeeee e
/data3fast/users/mbermudez/de_02/TFGDataset/img/T2_1001.png|eeeeeeeeeeeeeeeeeeeeeeeeeeeeeeee eeeeeeeeeeeeeeeeeeeeeeeeeeee e  eeeeeeeeeeeeeeeeeeeeeee eeeeee eeeeeeeeeeeee eeee eee 
/data3fast/users/mbermudez/de_02/TFGDataset/img/T2_1448.png|eeeeeeeee eeeeeeeeeeeeeee    eeeeeeeeeeeeeeeeeeeee e    eeeeeeeeeeeeeeeeeeeeeeee     ee eeeeeeeeeeeeee e    eeeeeeeeeee
/data3fast/users/mbermudez/de_02/TFGDataset/img/T2_0644.png|eeeeeeee eeeeeee e       eeeee eee  e e eeeeeeeeeee  ee    eeee   e e ee   eee    e eeeeeeeeeeeeee eeeeeeeee    eeeeeee
/data3fast/users/mbermudez/de_02/TFGDataset/img/T2_0329.png|deeeeeeeeee eee eeeeeeeeeeeeee eeeee e        e eeee  eeeeeeeeeeeeeeee eee   eeeee  eeeeeeeeee eeeeeeeeeeeeeeeeeeee eee
/data3fast/users/mbermudez/de_02/TFGDataset/img/T2_0213.png|eeeeeeeeee     e eeeeeeee e e  eeeeeeeeee   eeeeee   eeeeee         eeee e    e  eeeeeeeeeeee eee      eeeee e ee e    
/data3fast/users/mbermudez/de_02/TFGDataset/img/T2_0630.png|eeeeee    eeeeeeeeeeee e e eeeeee ee eeeeeeeeeeeeeeeee ee  e eeeeeeeeee  eeeee eeeeeeeeeee  e  eee e eeeeeeeeee  eeeeee
/data3fast/users/mbermudez/de_02/TFGDataset/img/T2_0643.png|deeee ee eee  eeeeee     eee e      eeeeeeeeeeeee    eeee  eeeeeeeeeee eeee eeeeeeeeeeee eeeee eeeeeeeeeeeeeeeeeeeee  e
/data3fast/users/mbermudez/de_02/TFGDataset/img/T2_1195.png|eeeeeee   eeeee   eeeeeeeee   eeeeeeeee e   eeeeee ee e ee  e ee  ee    eeeeeeee ee e ee     eee e   eeeeeeeeeeeeeeeeee
/data3fast/users/mbermudez/de_02/TFGDataset/img/T2_0962.png|eeeeeeeeeeeeeeeeee e     eeeeeee  eeeee    eeee eeeee eeeee eeeeeeeee    eeeeeeeeee   eeee eeeeeeeeeeeeeeeeeeeeee eeeee
/data3fast/users/mbermudez/de_02/TFGDataset/img/T2_1162.png|deeee eeeeeeeeee eeee ee eeeeee ee    e     eeeeee   eeeeee eeeee  eeeeeeee e   ee eeeeeee       ee   eee eeeeeeeeee ee
/data3fast/users/mbermudez/de_02/TFGDataset/img/T2_0632.png|deeeee eee eeeeee e eeeeeeeeeeeeeeeeeeeee  ee   e eeeeeeee  e  eeee    eeeee ee  ee eee eeeeeeeeeeeee   ee eeeeeeeeeeee
/data3fast/users/mbermudez/de_02/TFGDataset/img/T2_0833.png|deeeeee  eeeeeeeee eeeeeee eee eeeeeeee  eeeeeeeeee  eeeeeeeeeee     e  ee eee e eee  eeeeeee eeeee eeeeeeeeeeeeeeee   
/data3fast/users/mbermudez/de_02/TFGDataset/img/T2_0737.png|deeeeeee e eee eeeeeeee  ee eeeee ee eeeee e ee ee eeeeeeeeeee  e e   eeee ee eeee   eeee ee eeee eeeeeeee  eeeeee e ee
/data3fast/users/mbermudez/de_02/TFGDataset/img/T2_0171.png|deeeeeee    eeeeeeeeeeeeeeeeee eee e eeeeeee eeeeeee  e     eee ee e    ee eeeeeeeeeeeeeee e eeeee e   ee  eeeeeeeeee  
/data3fast/users/mbermudez/de_02/TFGDataset/img/T2_0435.png|eeeeeee  e eeeeeeeeeeeeeeeeeeee eeeeeeee eeeeee eeeeeeee eeeeeeee eeeeeeeeee ee eeeeeeeeeeeeeeeeeeee e   eeeeee e eeeee
/data3fast/users/mbermudez/de_02/TFGDataset/img/T2_1002.png|deeeeeeeeeeeeeeeeeeeeeeee ee eeeeeeeee ee e  eeee ee    eeeeeeeeeeeee eeeeee  ee eeeeee     e eeeeeeeeeee eeee e eeeee 
/data3fast/users/mbermudez/de_02/TFGDataset/img/T2_0099.png|deeee  e   e     eeeeeeeeeeeeeeeeeeeeee ee  eeeee  ee e  e ee eeeeeeeee    eeee   e  eeeeeeeeeeeeeeeee  ee e  eeeeee e 
/data3fast/users/mbermudez/de_02/TFGDataset/img/T2_0225.png|eeeeeeeeeeeeee eeeeeeeeeeee eeeeeeeee  eeeee eeee  eeeeee  eeeeeeeeeeeee     eee ee eee ee eeeeeee ee   eee    eeeee ee
/data3fast/users/mbermudez/de_02/TFGDataset/img/T2_0340.png|deeeeee eeeeeee e e  eeeeeeeeeeeeeeeeeeee e  eeeee  ee    ee  eeeeeeeeeeee eeeeeeeee  eeee eeee   eee eeeeee eeeeeeee  
/data3fast/users/mbermudez/de_02/TFGDataset/img/T2_0661.png|deeeee e eeeeeeee  eeee eee  eeeeeeeeee  eee  ee e eeeeeeeee eeeeeeeeeeeee eeeeeeeeeeee  eeeeeeeeeeeeeeeee    e  eeee  
/data3fast/users/mbermudez/de_02/TFGDataset/img/T2_0264.png|deeeeee e eee eeeee ee  eee   eeeee ee    eeeeee  e   ee e eeeeeeeeee eeeeee e  eeeeeeeeeee eeeee ee     eeeee  eeeeeee
/data3fast/users/mbermudez/de_02/TFGDataset/img/T2_0241.png|deeeee ee e  eeeee eeeeeeeeeeeeeeeeeee eee eeeeeeeeeeeeeeeeeeeeeeeee  eeeeeeeeeeeee e   eeeeeeeeee e eeee   eeeeee e e 
/data3fast/users/mbermudez/de_02/TFGDataset/img/T2_0516.png|eeeeeeeeeeeeeee  eeeeeeeeeeeeeeee e eeeeee   eee eeeeeeeeeee ee eeeeee   eeee eeeeeeeeee   eee eeeeeeeeeeeeeeeeee eeeee
/data3fast/users/mbermudez/de_02/TFGDataset/img/T2_1495.png|eeeeeee  eeee eeee eeee eeeeee  eeeeeeeeeeeeeeeeeeeeeeeeeeee   eeeeeeeeeeeeee eeeeeee   ee eeeee e eeeeeeeee eeeeeee ee
/data3fast/users/mbermudez/de_02/TFGDataset/img/T2_0130.png|deeeeeeeee         eeeeeeeee   eeeee e  eeeeeee eeeeeeeeeee eeeeeee  eeee eee    ee eeee  eee ee eeee e eee eeee  ee ee
/data3fast/users/mbermudez/de_02/TFGDataset/img/T2_0798.png|deeeeeeeeeeeeeeeeeeeeeeeeeee  eeee    eeeeeeeeeeeeeeeee eeee e   e    e ee eeeee eeeeee ee eeeeeeeee eee eeeeeee eeeeee
/data3fast/users/mbermudez/de_02/TFGDataset/img/T2_0030.png|deeeeee  eeeeeeeeee     eee eeeeeeeeeeeee      eeee eeeeeeeeeee  eeeeeeeeeeeeeee ee eeeeeee eeee eeeeeeeeeeeee eeeeeeee
/data3fast/users/mbermudez/de_02/TFGDataset/img/T2_0394.png|deeeeeeeeee eeee    eeeee ee   eeeeee eeee  eeeeeeeeeeeeeeee   eee      eeeeeeeeee  e  e ee eeeeeeeeee eee   eee eeeee 
/data3fast/users/mbermudez/de_02/TFGDataset/img/T2_0387.png|deeeeeeeeeeeeeee ee eeeeeeeeeee     eeeeeeeee eeeee eeeeeeeeeeeee    eeeeeeeeeeeeeeee  eeeeeeeeeeeeeee  e  eeeeeeeeeee 
/data3fast/users/mbermudez/de_02/TFGDataset/img/T2_1106.png|deeeeeeeeeeeeeeeeeeee     eeeeeeeeeee ee eeeeee eee eee e eeeeeeeeeeeeeee ee   e eeeeeeeeeeeee ee  eee eeeee   e  eee e
/data3fast/users/mbermudez/de_02/TFGDataset/img/T2_0663.png|deeeeeeee e eee eee eeee eeee e eeee eeeeee  eeeee e eeeeeeeeeeeeeee  ee  ee eeeeeeeee     eeeee    eeeeeeeee e  eeeeee
/data3fast/users/mbermudez/de_02/TFGDataset/img/T2_0101.png|eeeeeeeeeee   eeeeeee  eee   eeeeeeee  ee eeeeeee eee    eeeeeeeeee  eeeeeee     eeee e   ee    e  eeeeeee  ee      e  
/data3fast/users/mbermudez/de_02/TFGDataset/img/T2_0139.png|eeeeeeeee ee  eeeeee eee eeeeeeeeeee  ee  e  ee eeee eeeeeeeeeeeeeeeeeeee eeeeeeeeeeee    eee eeeeeeeeeeeeeeeeeeee e  e
/data3fast/users/mbermudez/de_02/TFGDataset/img/T2_1079.png|deeeeee   eeeeeeeeeeeeeeee ee    ee eeee     eeeeeee   e eeeee e   eeeeeeeeeee eeeeeee ee  eeeeeee eeee  e   eeeeeeeee 
/data3fast/users/mbermudez/de_02/TFGDataset/img/T2_1488.png|deeeeee eeeeeeeeeee e ee e     eeeeeeee eeeee e eeeeeeee eeeeeeeeeeeeeeeeeee  eeeee e eeeeeeeeeeeeeeeeeeeee eeeeeeee ee
/data3fast/users/mbermudez/de_02/TFGDataset/img/T2_0341.png|deeeee ee  eee   eeeeeee eeeeeeeeeeeeeee eeeeeeeeeee    eeee eeeeeeeeeeeeeee   eeeeeeeee  eeeeeeeeeeeeeeeeeeeeee eeeeee
/data3fast/users/mbermudez/de_02/TFGDataset/img/T2_1071.png|deeeeeeeeeeee  e eeeeeeeeeeeeeeee eeeeee eeeeeeeee  eeee   eeeeeeeeeeeee   eee  ee eeeeeeeeeeeeeeeeee   eeeeeee e   eee
/data3fast/users/mbermudez/de_02/TFGDataset/img/T2_1165.png|eeeeeeeeeeeee  ee eeeeeeeeeeeeeeeeeee   eeeeeeeee  eeeee   eeeeeeeeeeeee eeeee eee ee e  eeeeeee eeeee e eeeeeeeeeeeee 
/data3fast/users/mbermudez/de_02/TFGDataset/img/T2_0892.png|deeeeee   e e  eeeeeeeeeeeeeeeeeeeeeee  eeee  eeeeeeeeeee    eeeeeeeeeeeeee     eeeeeeeeee eeee eee e      e eeeeeeeeee
/data3fast/users/mbermudez/de_02/TFGDataset/img/T2_0987.png|deeeee   eee eee e     ee e  eeeeee    e e eee    ee  ee ee  e  eeeeeeeeee    eeeeeee    ee eeeee ee  e  eee    eeeeeee
/data3fast/users/mbermudez/de_02/TFGDataset/img/T2_0916.png|eeeeeeeeeeeeeeeeeeeeeeeeeeeeeee e     eeeee ee eeeeeeeeee    eee  eeeeeeeeee eeeeeeeee  eeeee   eeeeeeeeeeeee ee eeeee 
/data3fast/users/mbermudez/de_02/TFGDataset/img/T2_0287.png|deeeeeeee ee ee eeeee     eeeee  eeeeee e e eeeeee eee e          eeeeee eeeeee  eeeee  eeeeee    eeeeeeeeeee   e  eeee
/data3fast/users/mbermudez/de_02/TFGDataset/img/T2_0836.png|deeeeeeeeeeeeeeeeeeeeeeeeeeeeeeeeee   eeeeeeeeeeeeeeeeeeeee    eee eeeeeeeeeeee eeeeeeeeeee   e   e eeeeee eeeeeeeeee  
/data3fast/users/mbermudez/de_02/TFGDataset/img/T2_1203.png|deeee  ee  ee eeeeeeeee eeeeeee eeeeeeeeeeeeeeeeeeeee  eee e e ee  eeee eeee e  e  eeeeeeeeeeeeeeeeeeee eeeeeee eeeeeee
/data3fast/users/mbermudez/de_02/TFGDataset/img/T2_1298.png|deeee  eeeee  eeeeeeeeeeee   eeeeeeeeeeeee  eeeeeeee eeeeeeeeee  e eee eeeeeeeeeeeeeeeeeeeeeeeeeee e  eee eeeee  eeeee 
/data3fast/users/mbermudez/de_02/TFGDataset/img/T2_0721.png|eeee   eeeeeeeeee eeeeeeeeeee eeeee ee  eeeeeee    eeeeeeeeeee eeeeeeeeeee eeeeeeeeeee eeeeee ee   e   eeeeeeeeeeeeeeee
/data3fast/users/mbermudez/de_02/TFGDataset/img/T2_0579.png|eeeeeeeee ee     eeeeeee  eeeeee     ee ee   e eeee eeeeeee eeee    eee          eeeee  ee eeeeeeeee  eeeeeee   e eeeee
/data3fast/users/mbermudez/de_02/TFGDataset/img/T2_1282.png|deeee  e eeeeeeeeeeeee eeeeeeeeeeee  ee e  eeeeeeeeeeeeeeeeeeee eeeeeeeeee ee eeeeeeeeee  eeeee  eeee ee      ee eeeeee
/data3fast/users/mbermudez/de_02/TFGDataset/img/T2_0814.png|deeee eee eeeeeeeeeeee  eeeeeeeee e eeeeeeeee eeeeeeeeeeeeeeeeeeeeeeee   ee eeeeee eee   eeeeeee eee eeee  eeeeeeeee ee
/data3fast/users/mbermudez/de_02/TFGDataset/img/T2_0669.png|deeeeeeee   eee   eeeee     eeeeeeeeee eeeeeeeee  e  eeeeeeee eeeeeeeeeeeeeeeeeeeeeeeeeeeeeeeeeeeeeeeeeeee  eeeeeeeeeee
/data3fast/users/mbermudez/de_02/TFGDataset/img/T2_0129.png|eeeeeee eeeeee eeeeeeeeee ee  eeeeeeeeeeee eeee eeeeeeee   eee eeeeeeeeee   eee  eeeee eeeeeeeeeeeeeeeeeeeeeeee e     e
/data3fast/users/mbermudez/de_02/TFGDataset/img/T2_1494.png|eeeee    eeee eeeeeeeeeeeeeeeeeeeeeeeeeeeeeeeeeeeeeee eeeeeeeeeeeeeeeeeeeeeee   eeeeeee e ee ee ee eeeeeeeeeee  eee eee
/data3fast/users/mbermudez/de_02/TFGDataset/img/T2_0501.png|deeeeeee   eeeeeeeee eeeeeeeeeeeeeeeeeee eeeeeeeeeeeeeeeeeeeeeeeee    eeeeeeeeeeeeeeeeeeeeee ee     eeeeeeee eeeeeeeee 
/data3fast/users/mbermudez/de_02/TFGDataset/img/T2_0657.png|deeeeeeeeeeee eeeeeeeeee eee   eee eee eeee  e ee  eeee    eeeeee eeeeeeeeeeeeeeeeeeeee   ee e eeeeeeee ee eeee eeeeeee
/data3fast/users/mbermudez/de_02/TFGDataset/img/T2_0636.png|eeeeeeee eeeee ee  eeeeeeeeeeeeeeeee eeeee eee  e eeeeee eeeeeeeee ee eeeee   e  eeee ee   e ee  e e ee eeeee   e eeee 
/data3fast/users/mbermudez/de_02/TFGDataset/img/T2_0857.png|eeeeeeeeeee  eeeeeee eeeeeeeeeeeeeeeeeeeee e ee  eeeee  e  eeeeeeee  eeeeeeee eeee e eeeeeeeeeeeee eeeeeee eeeeee ee e 
/data3fast/users/mbermudez/de_02/TFGDataset/img/T2_1167.png|deeee    ee eeeeeeeeeeeeeeeeeeeee e eee  eeeeeeeee  eeeeeeee eeeee  eeeeeeeeeeeeeeee eeeeeee e  eeeeeeeeeeeeeeeeeeeeee 
/data3fast/users/mbermudez/de_02/TFGDataset/img/T2_1050.png|eeeeeeeeeeeeeeeeee  eeeee      ee eeee e eee e  e eeeee ee  eeeeeeeeeeee eeeee  e     eeeeee eee  eeee e ee eeeeeeeeeee
/data3fast/users/mbermudez/de_02/TFGDataset/img/T2_0439.png|eeeeee eeeeeeeeeee eee  e   eeeeeeee eeee  e    eeeeeeeeeeeeee eeeeeeeeeeeeeeeeeeeeeee   eeeeeeeeeeeee  eeeeee eeeeeeee
/data3fast/users/mbermudez/de_02/TFGDataset/img/T2_1153.png|deeeee eee  eeeeeeeeeeeeeeeee  eeeeeeee eee eeeeeeeeeeeeeeeeeeeeeeeeee e  eeeeee  ee eeeee  eeeeeeeeeeeeeeeeeeeeeeeeeee
/data3fast/users/mbermudez/de_02/TFGDataset/img/T2_0104.png|eeeeeeeeeeeeeeee e   e eeeeeeeeeeeeeee  eeeeee e eeeeeeeee  eee e  eee   eeeee  eeee  eeeeeeeeeeeeeeeeeee  eeeeeeeeeeee
/data3fast/users/mbermudez/de_02/TFGDataset/img/T2_1229.png|eeeeeeeeee   eeeeeeeeeeeeeee e    ee    e eeeee   eeeeee e  eeeeeeeeeeeeeeeeeeee eeeeeeeeeeee eeeeeeeeeeeeeeeeeeeeeeeee
/data3fast/users/mbermudez/de_02/TFGDataset/img/T2_1235.png|deee   eeeeeeeeeeeeeee e eeee  eeeeee eeeeeeeeeeeeeee eeeeeeeeeeeee eeeeeeeeeeeeeee eeee e e e  eeeeeeeee e eeeeeeeeeee
/data3fast/users/mbermudez/de_02/TFGDataset/img/T2_0039.png|deeeeeeee  eeee eeeeeeee ee   eee eee eeeee e e      ee ee eeeeeeeeeee   eeeeeeee eee eeeeeeee  eeeeeeee e    e eeeeeee
/data3fast/users/mbermudez/de_02/TFGDataset/img/T2_0021.png|eeeeeee  eeeeeeeeeeeeeeeeeeeeeeeeeeeee eeeeeeeeeeeeeeeee eeeeeeeeeeeeeeeeeeeeeeeeeee  eeeeeeeeeeeeeeeeeeeeeeeeeeeeeeeee
/data3fast/users/mbermudez/de_02/TFGDataset/img/T2_0771.png|deeeee eeeeeeeee eeeeeee eeeeeeeeeeeeeeee    e ee   ee eeeeee   e   eee eeeeeeeeeeeeeeeeee   eeeeeeeeeeeeeee eeeeeeeeee
/data3fast/users/mbermudez/de_02/TFGDataset/img/T2_1215.png|eeeeeeeeeeee eee  eeeeeeeeeeeeeeeeeeeeeeeeeeeeeeeeeeee  eee eeeee eee eee eeeeeeeeeeeeeeeeeeee eee eeeeeeeeeeeeeeeeeeee
/data3fast/users/mbermudez/de_02/TFGDataset/img/T2_1280.png|deeeeeeeeeeeeeeee    eeeeee eeeeeeeeeeeeeeeeeeee eeeeee eeeeeeeeeee eeee eeeeeeeeeeeeeeeeeeeeeeeeeeeeeeeeeeeeeeee   eee
/data3fast/users/mbermudez/de_02/TFGDataset/img/T2_1401.png|eeeeeeeeeeeeeeeeeeeeeeee    eeeeeeeeeeeeeee  eeeeee  eee  eee eee eeeeeeeeeeeeeeeeeee  e  eeeeeeeeeee e eee eeeeeeeeeee
/data3fast/users/mbermudez/de_02/TFGDataset/img/T2_1403.png|eeeeeeee   eeeeeeeeeeeeeee eeeeeeeeeeee ee  eeeee eeeee eee   ee  e  eeeeeee eeeeeeeee ee eeeeeeeeeeeeeeeeeeeee  eeeeee
/data3fast/users/mbermudez/de_02/TFGDataset/img/T2_1256.png|deeeeeeeeeeeeeee eeeeeeeeeeeeeeeeeeeeeeeeeeeeeeeee eee  e ee   eeeeeeeeeeeeeee e    e eeeeeeeeeeeeeeeeeeeeeeeeeee eeeee
/data3fast/users/mbermudez/de_02/TFGDataset/img/T2_1397.png|eeeee eee eeeeeeeeeee eeeeee  eeee    eeeeee eee eeeeeeeeeee eeeeeeeeeee eeeeeeeeeeee ee eeeee   ee e     eeee ee   eee
/data3fast/users/mbermudez/de_02/TFGDataset/img/T2_0399.png|deeeeeeeeeeeeeeeee eeeeeeeeeeeeeeeeeeeee    eeeeeeeeeee ee eeeeeee eeeeeee eeeeeeeee ee  eeeee eee eeeeeeeeeeee eeeeeee
/data3fast/users/mbermudez/de_02/TFGDataset/img/T2_0431.png|deeeeee ee e eeeeeeeeeeeeeeeeeeeeeeeeeee   eeee  ee  eeeeeeeeeeeeeeeeeeeeeee eeeeeeeeeeee   eeeeeeee eeeeeeee eeeeeeeee
/data3fast/users/mbermudez/de_02/TFGDataset/img/T2_1303.png|deeeee  eeeeeeeeeeeeeeeeeeeee ee eeeeeeee ee  eeee eeeeeeeeeeeeeeeeeeee       eeee eeeeeeee eee eeeeeeeeeeeeee eeeee  e
/data3fast/users/mbermudez/de_02/TFGDataset/img/T2_0503.png|deeeee eee  ee   ee   eeee eeeeeeeeeeeeeeee eeeee ee eeeee e  eee eee eeeeeeeeee   eee  ee  e eeeeeeeeeeeeeeeeeeeeeeeee
/data3fast/users/mbermudez/de_02/TFGDataset/img/T2_0529.png|eeeeeee e eee eeee eee ee       eeee      eeeeeeee  eeeeeeee e ee ee eeeeeeeeeeeeee  eeee  eeeeeeeee eeeeeeeeeeeeeeeeee
/data3fast/users/mbermudez/de_02/TFGDataset/img/T2_0413.png|deeeee e e  e e eeeeeeeeeeeeeeeeeeeeee eee      eeeeeeeeeeeee eeeeee eeeeeeeeeeeeeeeeee eeeeeeeeeeeeeee e  e eeeee  eee
/data3fast/users/mbermudez/de_02/TFGDataset/img/T2_0238.png|eeeeee   eeeeeeeeeeeeeeeeeeeeeeeeeee e eeeeeee  eeeeee eeeee    eeeee   eeeeee ee  eeeeeeeeeeeee   e ee eeeeeeee eeeeee
/data3fast/users/mbermudez/de_02/TFGDataset/img/T2_0851.png|eeeeeeeee  ee eeee eee e   eeeeeeeeee e eeee   eee eeeeeeee  eeeeeeee    eee ee e  eeeeee eeeeeeeeeee eee eeeeeeeeeeeee
/data3fast/users/mbermudez/de_02/TFGDataset/img/T2_0812.png|deeeee eee eeee eee eeeeeeeeeeeeeeee e  eeeee   eeeeeeeee e     ee  eee eee  eeeeeeee eeeeee    eeeeeeeeeeeeeee ee   e 
/data3fast/users/mbermudez/de_02/TFGDataset/img/T2_0612.png|deeeeeeeeeeeeeeeeeeeeeeeeeeeee eeeeeeeeeee  ee eeeee eeeee eeeeeeeee    e eeeeeeeeeeeeeeeeeee   e eeeeeeeeeeeeeeeeeeeee
/data3fast/users/mbermudez/de_02/TFGDataset/img/T2_1306.png|deeeeeeee eeeeeeeeeeeeeeeeeeee    eeeeeeeeeeeeeeeeeeeeeeeeeeeee   eeee    eeee e eeeeeee eeeeeeeeeeeeeeeeee eeeeeeeeeee
/data3fast/users/mbermudez/de_02/TFGDataset/img/T2_0405.png|eeeeeeee  eeeeeeeeeeeee e eeeeeeeeeeee eeeeeeeeeeeeeeeeeeeeeee eee eee eeee   eeeeeeeeeeeeeeeee e eeeeeeeeeee eee   eee
/data3fast/users/mbermudez/de_02/TFGDataset/img/T2_0540.png|deee eeee ee  eeeeeeee  eeeeeeeeeeee  e  ee eeee  eeeeeee   eeeeeeeeeeeeee   ee  eeeeeeeeeeeeeeeeeeee eeeee ee eeeee e 
/data3fast/users/mbermudez/de_02/TFGDataset/img/T2_1319.png|deeeeeee  e   eeee  eeeeeeeeeeeeeeeeeeee  eeeeeee  eeeeeeeeee eeee  eeeeeeeee     eee    eeeeeeeeeeeeeee  ee  eeeeeeeee
/data3fast/users/mbermudez/de_02/TFGDataset/img/T2_0210.png|deeee eeeeeeeeeeeee eee eeeee eee eeeeeeeeeeeeeeeeeeeeeeeeeeeeee eeeeee  eeeeeeeeeeeeeeeeeee eeeeeeeeeeeeee eeeee eeeee
/data3fast/users/mbermudez/de_02/TFGDataset/img/T2_0295.png|deee  eeeeeeeeeeeeeeeee eeeeeeeee eeeeeeeee   eeee  eeeeeeeeeeeeeeeeeeeeeeee  e    eeeeeeeeeeeeeeeeeeeee    eeee   eeee
/data3fast/users/mbermudez/de_02/TFGDataset/img/T2_0167.png|deeee eeeee eeeeeeeeeeeeeeeeee eee     eeee eeeeeeeeee   e e e eeeeeeeeeeeeeeeee  eeeee eee eeeeeeee eee eeeeeeeeeeeeee
/data3fast/users/mbermudez/de_02/TFGDataset/img/T2_0296.png|deeeeee eeeeee  eeeeeeeeee      eeeeee eeeeeeeeeeeeeee  e ee  eeeee eeeeee eeeeeeeee   e   eeeeeeeeeeeeeee eeeee eeee e
/data3fast/users/mbermudez/de_02/TFGDataset/img/T2_1453.png|eeee     e  eeeeeeeeeeeeeeeeeeeeee eeee        eeeeeeeee eeeeeeeeee e ee e  eee eeeeeeeeeeeeeeee eeeeeeeeeeeeeeeeeeeeee
/data3fast/users/mbermudez/de_02/TFGDataset/img/T2_0872.png|deeee  eeeeeeeeee eeeeee e   eeeeeeeeeeeeee   eeeee  eeeee ee  eeee eeeeeeeeeeeeeeeeeeeeeeeeeeeeeeeeee eeeeeeeeee ee ee
/data3fast/users/mbermudez/de_02/TFGDataset/img/T2_1016.png|deeeeeeeeeeeee e eee eeeee eeeeeeeeeeeeee e  eeeee eee   eeeeeeeeeeeeeeeeeeeeee e   eeeeeeeeeeeeeeeeeeee  eeeeeeeeeeeee
/data3fast/users/mbermudez/de_02/TFGDataset/img/T2_0803.png|deeeee  eeeee   ee    eeeeeee e   eeeeeeeeeeeeee  e eeeeeeeeeeeeeee e   e   eeeeeeeeeeeeeeeeeeeeeeeeeee eeee    eeeeeee
/data3fast/users/mbermudez/de_02/TFGDataset/img/T2_0976.png|deeeeeee ee  e eeeee  eeeeeeeeeee  ee eeeeee e  eeeeee   eeeeeeeeeeeeeeeeeeeeeeeeeeeeee eeeeeeeee  ee ee eee eeeeeeeee 
/data3fast/users/mbermudez/de_02/TFGDataset/img/T2_0519.png|deeee          eeeeeeee  eeeeeeeeee eeeee   eee eeee e  e eeee eeee    e eeeeee eeeeeee  eee eeeeeeeeeeeeeeeeee eeeee e
/data3fast/users/mbermudez/de_02/TFGDataset/img/T2_0323.png|deeeeee e eee eeeee eeeeeeee ee  eeeeeeeee  eeeeee  eeeeeeeeeeeee ee eeeeeeee eeeeee e eeeeeeeee  e eee  eeeeeeeeeeeeee
/data3fast/users/mbermudez/de_02/TFGDataset/img/T2_1009.png|deeeee     eeeeeeeee eeeee eeeeeeee eee     eeeeeeeeeeeeeeeeeeeeeee e ee eeeeeee e eeeeeee   eeeeeeeeeeeeeeeeee ee  eee
/data3fast/users/mbermudez/de_02/TFGDataset/img/T2_1471.png|eeeeeeeeee  eeeeee eeeeeee ee eeeeeeeeee      eeeeeeeeeeeeeeeeeeeeeeeeeeeeeeeee   e eeeeeeeeeeeeeeee e   eeeeeeeeeeeeee
/data3fast/users/mbermudez/de_02/TFGDataset/img/T2_1426.png|deeeee     e eeeeeeeeeeeeeeeeeeeeee  eeeeeeeeeeeeeeeeeeeeeee eeeeeeeeeeee e eee eeee eeeeee   eeeeeeeee  eeeeee e eeeee
/data3fast/users/mbermudez/de_02/TFGDataset/img/T2_0942.png|eeeeeeeee  e   e e   eeeeeee  eeeeeee   eeee eeee   eeeee eeee  ee  eeeeeeeeeeeeee eeeeeeeeeeeee eeeeeeeeeeee eeeeee ee
/data3fast/users/mbermudez/de_02/TFGDataset/img/T2_0294.png|deeeee   ee eeeeee e eee eeee e  ee  e   e     e eeeeeeeee eee     e  eeeee e eeeeeeeeeeeeeeeeee  eeeeeeeeee eeeeeee  e
/data3fast/users/mbermudez/de_02/TFGDataset/img/T2_0201.png|deeeee  eeeeeee e  e e    eeee eeeeeeeeeeeeee eeeeee eeeee eee ee   e  eeeeeeeeeee     eeee    eeeee eeeeeeeeeeeeee eee
/data3fast/users/mbermudez/de_02/TFGDataset/img/T2_1424.png|eeeeeeeeee  eeeeeeeee   eeeeeeeeeeeeeee  e eeeeeeeeee eeeeeeeeeeeeeeeeeeeeeeee  e  e eeeeeeee eeeee         eeeeeeeeeee
/data3fast/users/mbermudez/de_02/TFGDataset/img/T2_0631.png|deeeeee e   eee eeee  e ee e eeeeeeeeeeeeeeeeee   e      e ee eeee eeee     eeeeeeeee eee e eeeeeeee   e eeeee  eee eee
/data3fast/users/mbermudez/de_02/TFGDataset/img/T2_0374.png|deeee e eeee e  eeee  eeee  eeeeeeeee e eeeeee   eee  eeeeeeee ee eeeeeeeeeeeeeeeeeee eeeeeeeeeeeeeeeeeeeeee  eeeeee ee
/data3fast/users/mbermudez/de_02/TFGDataset/img/T2_0864.png|eeeeeeeeeeeeeeeeeee e    e    eeeeeeeee eeeeeeee ee   eeeee eeeee e eeeeeeee eeee eeeeeee     e eeeeeeeeeeeeeeeeee eeee
/data3fast/users/mbermudez/de_02/TFGDataset/img/T2_0592.png|eeeee  ee   eeeeeeeeeeeeeeeeee    eeee  ee    eeeeee  ee eeeeeeeeeeeeeeeeeee eeeee eeeeeee  e  eeeee e eeeeeeeeeeeee e 
/data3fast/users/mbermudez/de_02/TFGDataset/img/T2_0353.png|eeeeeeeeee eeeeeeeeeeeeee ee  e eeeeeeee   eeeeeeee eeee e   eeeeee e eeeeee     eeeeeeeeeeeeeee    eeeee  eee   e  e e
/data3fast/users/mbermudez/de_02/TFGDataset/img/T2_0560.png|deeeee    eeeeeeeee   eeeeee eeeeeeeee ee eee eeee e eeeeeeeee    eeeeeeeee eeeee  eeee    eee  e e eeeeeeeeeee eeeeeee
/data3fast/users/mbermudez/de_02/TFGDataset/img/T2_0263.png|deeee   e e   e  eeeeeeeeee  e e   eee   eeeee eeeeeeee e  e   ee e  eeeee   e eee eee   eeeee  ee    ee eeeee eeeeeeee
/data3fast/users/mbermudez/de_02/TFGDataset/img/T2_0989.png|eeeeeee e  eeeeeeeeeeee eeeee eeeee   eeeeeeeeeeeeeee   eee   eeee eee eeee ee  eeeeeeeeeeeee e   eeeeeee eeeeeeeee eee
/data3fast/users/mbermudez/de_02/TFGDataset/img/T2_0889.png|eeeeee ee   eeeeeee  eeee  eeeeeeeeeee e  eeeeeeeeeeeeeeeeeeeee   eeee eeeeeeeeeee  eeeeeeeeeeeee  e eee  e eeeeee e ee
/data3fast/users/mbermudez/de_02/TFGDataset/img/T2_0930.png|eeeeeeeeeeeeeee    e  eeeeeee eee   eeeee ee eeeeee ee eeeeeeeeeeeeee  eeee  eeee eeeeeeee     e eeeeeee eeeeeee e   ee
/data3fast/users/mbermudez/de_02/TFGDataset/img/T2_0770.png|deeeeee   eeee eeee eeeeeee e   eeee eeeeeeeeeee   eeeee   eeeeeeeeeee    eeeeeeee ee eeeeee    e eeeeeeeeee  eee ee ee
/data3fast/users/mbermudez/de_02/TFGDataset/img/T2_0778.png|deeeeeeeeeeeeeeeeeeeeeeeeeeee eeeeeee e   eeeeeeeeeeeeeeeee e    ee eeee  e    eeeeeeeeeeeeeeeeeeee e e e e   eeeeeeeee
/data3fast/users/mbermudez/de_02/TFGDataset/img/T2_1113.png|deeeee      ee eee ee ee    e  e e e ee  eeeeeeeee  e eeeeeeeeee  eeee  eee ee    eeeeeeee eeeeeeeeeeeeeeeeeeeee   ee e
/data3fast/users/mbermudez/de_02/TFGDataset/img/T2_1101.png|eeeeee e  eeeeeeeeeee  eee e      e  eeeeee e ee eeeeeeee     eee  eeeeeeeeeeee  e eee     eeeeeeeeeeeeeeeeeeeeeeeeee e
/data3fast/users/mbermudez/de_02/TFGDataset/img/T2_0835.png|deee   eeeee  eeee  eeee e ee eeeee  eeee ee eeeeeeeeeeeeee       eeeeeeeee   eee e  eeee  eeeeeeee  e eeeeee      eeee
/data3fast/users/mbermudez/de_02/TFGDataset/img/T2_0162.png|deeeeeeeeeeeeeeeeeeeee e  eeeee e  e    e ee e ee ee  eeee  e eeeeeeeee  e eee      eeeeeee e e ee ee  eeee eeeeeeeeeee
/data3fast/users/mbermudez/de_02/TFGDataset/img/T2_1031.png|deeeee   e eeeeeeeeeeeeeeee e  eee    eeee eeeeeeee  e ee eee eeeeeeeeee  e    eeeeeeeee eee    eeeeeee     eeeeee  eee
/data3fast/users/mbermudez/de_02/TFGDataset/img/T2_0311.png|deeeeee e   eee e e  eeeeeeeeeee e eeeeeee   e eeeeeeeeeeeee  e eeee  ee eeeeee e eee  ee  e eeeeee       ee    ee  ee 
/data3fast/users/mbermudez/de_02/TFGDataset/img/T2_0535.png|deeeeeee       e    eeeeeee  eeeeeeeee ee        eee eee     eeeeeeeee eeeeee e   eeee eee eeeeee  ee  e  eeee  eee   e
/data3fast/users/mbermudez/de_02/TFGDataset/img/T2_0565.png|deee   ee       eeeeee e   eee e eeeeeeee  e     eeeeeeeee       e  eeee ee eeeeeeeeeeeeeeee e eee ee eeeeeeeeee eee e 
/data3fast/users/mbermudez/de_02/TFGDataset/img/T2_0441.png|deeeeeeeeee e     e eeeeeee   e eee   ee eeeeee eeeeee e eeeee     eeeee eeeee ee  eeeeee eee    eeeeeeeeeeeeeeeeeee ee
/data3fast/users/mbermudez/de_02/TFGDataset/img/T2_1241.png|deee eeeee    eeeee  ee eee eeeeeeeeeee eeeeeeeeeeeeeeeee    e  e e eeeeeeeeeee  eeeeeeee   eee  eeeeeee   e eeee e e e
/data3fast/users/mbermudez/de_02/TFGDataset/img/T2_0875.png|deeee   e  ee e e eeee e   eee e  eee   eeee e   ee eeeeeeeeeeeeee ee  eeeeeeee e   e e  e          e  e ee e eeee eee 
/data3fast/users/mbermudez/de_02/TFGDataset/img/T2_0573.png|eeeee  e     ee   eee e  e eee eeeeeeeeeeeeee     eeee    eeeeeeeeeeeeeeeeee  eeeeeeee    e e ee e    e eeeee eeeeee  e
/data3fast/users/mbermudez/de_02/TFGDataset/img/T2_1455.png|deeeeeeee      e eeeeee  ee  eee e   e   eeeeeeeeeee     eeeeeeeeeee   e   eeee eee eeeee    eeeee e e eeee e     eeeee
/data3fast/users/mbermudez/de_02/TFGDataset/img/T2_1045.png|deeee  e      eeee e  eee      ee  eeeeeeeeee  ee eee e    eeeee eeeee   eeeeeee e  e  eeeee     e eeee  eeeeeeeee  ee 
/data3fast/users/mbermudez/de_02/TFGDataset/img/T2_0000.png|eeeee       eeeeeeeeeeeeeeeeeeeeee ee eee e eeeeeee  ee  ee  e eeeeeeeeee e   ee     e eeee  eeeee    e    eeeeeeeeeeee
/data3fast/users/mbermudez/de_02/TFGDataset/img/T2_1041.png|dee      eeeeeeeeeee  e     e  e    e    eeee e      eeee eee    eeee                eeeeee ee eeeeeee e    eeeeee    e
/data3fast/users/mbermudez/de_02/TFGDataset/img/T2_0198.png|eeeeeee  ee      ee eee    eee eeee  ee eeeee eeeeee e        e ee eeeeeeeeee eeeeeeeeeeeeeeee eee    eeeee    eeeeeeee
/data3fast/users/mbermudez/de_02/TFGDataset/img/T2_0698.png|deeeeeeeeeee e eeee  e ee  e    eee  ee ee  eeeeeeeeeeeee eeeee     eee    eeeeeeeeeeeeeeeeee e ee eee e eee  eeee  eee
/data3fast/users/mbermudez/de_02/TFGDataset/img/T2_0601.png|eeeeee  ee e e    eeeeeeeeeeee eeeeee   e e e ee     eee   eee e eeeee    eee   e e  eeeee e eee  eee  eee  eeee    eee
/data3fast/users/mbermudez/de_02/TFGDataset/img/T2_0825.png|deeee eeeeeee  ee  eee  ee eee     e ee    ee eeeee  ee ee    ee ee  ee e  e  eeee        e  eeee  e   eee     ee eeeee
/data3fast/users/mbermudez/de_02/TFGDataset/img/T2_0444.png|deeeeee  e      e     eeeeeeeeeeeeeeeeeeee eeee ee     eeeeeeeeeee    eeee  eee eeee   e          e  e e e  eee ee  e  
/data3fast/users/mbermudez/de_02/TFGDataset/img/T2_0368.png|deeeeee   eeeee eeeeee  e   eeee  eeee   e   ee ee      e   eeeee    eee e ee ee eee  eeeee    e eeeeee    eeee   e e e
/data3fast/users/mbermudez/de_02/TFGDataset/img/T2_1258.png|eeee eeee  eeeee         eeeee        eeeee  eeeeeeeeeeeee ee e eee e eeee  e  ee eeeee        e eeeee  e    ee      ee
/data3fast/users/mbermudez/de_02/TFGDataset/img/T2_0550.png|eeeeeeeeeee  e         eeee    e        eeeee   e  eeee  eeeeeeeee eeee e eee     e  eeeee  eeeee      ee eeeee  e     
/data3fast/users/mbermudez/de_02/TFGDataset/img/T2_0107.png|deeee  ee    eeeeee    eee  eeeeeee e e eeeee eeee eee    eeeeeeeee   eeeee e eeeee  ee e eee ee e   eeee eeee       ee
/data3fast/users/mbermudez/de_02/TFGDataset/img/T2_0844.png|eeeee   e   eeeeeeeeeeee eeeeee  eeeee  ee   e e eeeeeeeee   eeee  eeeee  eee  eeeeeeee     eee   e e eeeee  ee e eee e
/data3fast/users/mbermudez/de_02/TFGDataset/img/T2_0508.png|deee            eeee    eeeeee ee   e    ee eeeeeee ee   ee e  e   eeeeee   e eeeee  e ee      ee    e eeeeeeeeeeee e  
/data3fast/users/mbermudez/de_02/TFGDataset/img/T2_1454.png|deeee         eeeeeeee      e    ee e  ee  eeeeeeee eeee  eeeeeee   eeee e  eeeeeeeeee eee      e     e  eeee     ee   
/data3fast/users/mbermudez/de_02/TFGDataset/img/T2_0479.png|eeeeeeee  ee eeeeeeee  eeeee  eeee  ee eeeee eeee    ee eeee eee    eeee           eee   e   ee ee eeeeeeeeee    eeeee 
/data3fast/users/mbermudez/de_02/TFGDataset/img/T2_0424.png|deeee   eeee     eeeeeeee   e eeeeeee eeeee e   eeeee e           e    e eee  eeeee e   eeeeeeeeeee e e    e eee ee ee 
/data3fast/users/mbermudez/de_02/TFGDataset/img/T2_1374.png|eeeeee  e eeee  e      eeeeeeeeeeee ee  e  e  eeeeeeeeeee    ee  ee e        e   eeeeeeeee  eeeee       eeeeee         
/data3fast/users/mbermudez/de_02/TFGDataset/img/T2_1014.png|deeee    eeeeee      eeeee     eeeeeeee eeee        eeeeeee          e  e  eeeeee       e   e   eeee  eeee  e   ee  eee
/data3fast/users/mbermudez/de_02/TFGDataset/img/T2_0260.png|eeeee    eeeee ee e    eeeeeeeeeee ee   e e e ee  eee   ee   eeeeeeeee  eeee     ee eee       eeeeeeee eeeeeeeee  eeeee
/data3fast/users/mbermudez/de_02/TFGDataset/img/T2_1400.png|deeeeee e    eeeeee     e   e        e       ee  ee   eeee e eeeeee e eeeeee   e   ee ee ee   e      ee        eeeeeeee
/data3fast/users/mbermudez/de_02/TFGDataset/img/T2_0784.png|deeee ee  ee     e eeeeeeeee   e ee   ee  eeeee   e      eee e ee  eeeeeeee  ee  eeee ee eeeeee  eeeeee  eeee    ee ee 
/data3fast/users/mbermudez/de_02/TFGDataset/img/T2_1432.png|deee     e  eeeeeee  ee    eeeeeeee  ee  eeee         ee e   eeeeeeeee ee   eeeeeeeeeeeeee ee   e    ee e     eee   eee
/data3fast/users/mbermudez/de_02/TFGDataset/img/T2_1222.png|deeeee           e eee     eeeeee      eeeeeee    eeeeeee e e eee      eee       ee eeeeeeeeeeeeee  e e      eeeeeee e 
/data3fast/users/mbermudez/de_02/TFGDataset/img/T2_1210.png|deeeeeeeeeeeeee       eeee  e     ee  eeeeeeee eeee eeeee  eeeeeeee e    e eeeeeeeeeee   eeeee      eeeee eeee eeeee   
/data3fast/users/mbermudez/de_02/TFGDataset/img/T2_1137.png|eeeeee eeeeeee eeeeeeeeee    eeeee   eeeeeee         eeee    e    eeee     eeee    eee eee ee  e   eee  e eee e eeeee e
/data3fast/users/mbermudez/de_02/TFGDataset/img/T2_1015.png|deeeee    e  ee  eee   ee e eeee   eeeee e e  eeeee   ee  eeee e       ee e      ee ee    e      eeeeeeeeee     e  eeee
/data3fast/users/mbermudez/de_02/TFGDataset/img/T2_0114.png|deeee    ee e ee        eeeee    e    e ee e         eee  eee    eee  eeeeeee   e  eeeee  ee e        eeee e       eeee
/data3fast/users/mbermudez/de_02/TFGDataset/img/T2_0067.png|dee  eee  eeeeeeee    eeeee      eeeeeeeee eeeeeee e eeeee    eee  eeeeee  e   eeeeeeeeeee  e      eeeee e e eeee ee  e
/data3fast/users/mbermudez/de_02/TFGDataset/img/T2_0084.png|deeeeeee  ee e   e ee eee  ee           eeeeeee   eeeeeeeeeeee  ee e ee eee eee    eeee             eee e  ee eee   eee
/data3fast/users/mbermudez/de_02/TFGDataset/img/T2_0430.png|deeeeee     e     eeeeeee   eee             eeeeee  eee  eeeeee eeeeeee eeeee eee  ee  eee      eee      e    e   eeeee
/data3fast/users/mbermudez/de_02/TFGDataset/img/T2_0827.png|deeee  e      ee  eeeee  eeeee e    eeeeee  eee eeeeeeeee       eeee      ee  e eeeeeeeeeee      eeee  e eee    e eeeee
/data3fast/users/mbermudez/de_02/TFGDataset/img/T2_0078.png|dee  eeeee  eee ee  e  ee    ee  eeee ee     e ee      e  eee  e   eee    ee    ee  eeeeee     e e   eeeee ee   eee  e 
/data3fast/users/mbermudez/de_02/TFGDataset/img/T2_0552.png|dee   e  eeee ee  e    eeeeee           eeee      ee eeee   eeeee     e   eeeeeeeee eee   e eeeeee    eeeeeeee   ee eee
/data3fast/users/mbermudez/de_02/TFGDataset/img/T2_0375.png|deeeee  e     eeeee ee            ee eeeee eeeeeeeeeeeeeeeee e  e ee e          eeeeee    e            eeeeeeeeeeeee   
/data3fast/users/mbermudez/de_02/TFGDataset/img/T2_1122.png|deee   ee   e eeeee       e   ee   eee   e eeeee eee e   ee  e eeee    e eeeeee  e eeeee e        e   e eeee  ee  e    
/data3fast/users/mbermudez/de_02/TFGDataset/img/T2_1121.png|deeee e     eeeeeeee  eeee eeee   e  ee eeeeee  eeeeeee  e      ee  eeeeee      e e    eeeee   e  ee      eeeeeeeeee   
/data3fast/users/mbermudez/de_02/TFGDataset/img/T2_0393.png|deeee    e eeeeeeeeeee e eeee eeeee  eeeee  e eeeee    ee e   eeeeee e e    eee  eeeeeee eeeee      eee        eeee eee
/data3fast/users/mbermudez/de_02/TFGDataset/img/T2_1125.png|deee         e  eeeeee  e eeee    ee    eee   eeee   e e   eeeeeee      ee  eeeeeeeee e   e e     e ee  e  e     e eeee
/data3fast/users/mbermudez/de_02/TFGDataset/img/T2_0838.png|deeee    ee e   e e eeeeee e  ee  e e eeee e    eee       eeeeeeee e eeeeee       e       e e e     e  eeeeeeeeeee ee  
/data3fast/users/mbermudez/de_02/TFGDataset/img/T2_0697.png|deeeeeee   ee    eeeeee eeeee    eee  e   eee ee        eeeeee     ee  ee eee e  ee  eeeeeeeee  eeee  e    eeeeeeeeeeee
/data3fast/users/mbermudez/de_02/TFGDataset/img/T2_1197.png|deeeee   eeeeee       eeee       e  eeee  eeeee e    ee    eeeeeee eeeee       ee ee    eeeeeeeeeeee e e       e   eee 
/data3fast/users/mbermudez/de_02/TFGDataset/img/T2_0707.png|eeeeeeeeee   eeeee  ee  e e e  eeee   e    eeeee  eeeeeeee  e   eee  ee eeeee eeeee   e     ee    e eeee  eeeee eeee ee
/data3fast/users/mbermudez/de_02/TFGDataset/img/T2_0063.png|deeeee   ee ee         eeeeeee   e eee ee  eee   eeeeeeeeeee eee  ee ee e ee     eeeeeeeeeeeeee   e     ee e eeeeeeee  
/data3fast/users/mbermudez/de_02/TFGDataset/img/T2_1170.png|deeeeeeee ee ee      e ee ee  e        eeeee eee    ee eeeee eeeee eee     e     e   eeeeeeeeeee  e  e    e  ee  e  eee
/data3fast/users/mbermudez/de_02/TFGDataset/img/T2_0437.png|deeeee    eeeeeeee       ee  eee eeeeeee eeeeee       e    ee ee ee  eeeee e   eee   e  eeeee   e  eeeee       e e     
/data3fast/users/mbermudez/de_02/TFGDataset/img/T2_1415.png|deee   e  e ee  e     eee e  e  e e e     e eeeeee  e     ee eee e     ee eeeeeeee e  eeeeeeeeeee ee   eeee ee eee  e  
/data3fast/users/mbermudez/de_02/TFGDataset/img/T2_0402.png|deee  ee  e eeee eeee   eee  eeeeee e      e      eeee  e   e  eeee          ee eee     e eeee   e      ee    e e   ee 
/data3fast/users/mbermudez/de_02/TFGDataset/img/T2_0730.png|deeeee          eeeee eeeee   ee e    eeee      eeeee eeeeeeeeeee ee e       e e e e eee eeee     eeeeeee   eeeee   eee
/data3fast/users/mbermudez/de_02/TFGDataset/img/T2_0593.png|eeeeeee    e   e        ee   e  eee   ee  ee           e   eeeee e  eeee e          e  eeee e   eeee     e    e  ee    
/data3fast/users/mbermudez/de_02/TFGDataset/img/T2_0676.png|eee         eeeeeee     eeeee e eee  eeeee           e e  e  eee eeee   ee   ee  eeee ee   e eee    eee eee e      ee  
/data3fast/users/mbermudez/de_02/TFGDataset/img/T2_0780.png|eeeee     e       eee e eeeee          eeee           eeee eee     eeeee   e        eeeee       e e eeeeee      eeeee e
/data3fast/users/mbermudez/de_02/TFGDataset/img/T2_1294.png|eeee e e  eeeee eeeee     ee     ee eeeee     e eee    e     ee ee    eee e ee     eeeee eeeeeeeee       e  e  eeee    
/data3fast/users/mbermudez/de_02/TFGDataset/img/T2_0815.png|deee     e    eeee      e e  e ee        eee eeeeeeeee    eeee     e      eeeeeee eeeee ee        ee  eeeeee     e  eee
/data3fast/users/mbermudez/de_02/TFGDataset/img/T2_0564.png|deeee eeeeee  ee       eee e   eeeee ee eeee     ee     eeee    eeee e  eeeeeeeee   eeee     eee ee   e eeeeeeee       
/data3fast/users/mbermudez/de_02/TFGDataset/img/T2_1441.png|deeeee          e     e  ee eee ee  eeeeeeeee    ee        eeee   e     e ee  eee  eee eee       eee    e eeeee e    ee
/data3fast/users/mbermudez/de_02/TFGDataset/img/T2_1156.png|deeee eee          eeeeeee      e eeeeee eeee       ee   eee  eee eee eeeee  ee           e   e       eeeee     ee    e
/data3fast/users/mbermudez/de_02/TFGDataset/img/T2_0433.png|eeee  ee   eee e    eeeeee       ee e e  e e e  ee e   eeeeee   e  eee e    e ee  e    eeee     ee eee e   e           
/data3fast/users/mbermudez/de_02/TFGDataset/img/T2_1392.png|deee           e eee  ee       e     eeeeeeeee e  eeeeeee    ee    eeee  e         e  e  eee eee e eeeee    ee   eeeeee
/data3fast/users/mbermudez/de_02/TFGDataset/img/T2_0675.png|eeee       eeeee  e  e   e   e   eeeee   e eee    eeee e  ee  ee   e e     e e  e        eeeee eee   e   e  e   eeee  e
/data3fast/users/mbermudez/de_02/TFGDataset/img/T2_0150.png|eeeeeeeee eeeee  e   eeeeee  e ee   eee e eee e  e  ee   e    e ee      ee eee e  eee    ee e e ee         ee          
/data3fast/users/mbermudez/de_02/TFGDataset/img/T2_1275.png|eeeee   e   ee  ee eee   eeeeee eee   e e    e eeee     e eee ee ee  e  e    ee eeeeeee   eee e     eee  eeee      e   
/data3fast/users/mbermudez/de_02/TFGDataset/img/T2_1123.png|deee  eee    e         ee eeeeeee           eee e  ee  e   e ee   e eee ee  ee e  ee               e      e  e     e ee
/data3fast/users/mbermudez/de_02/TFGDataset/img/T2_1417.png|dee     eeeee    ee eee        ee eeee    e ee   e        eee  e     eeeeeeeeeee      e     ee ee    eeeee e eee   e   
/data3fast/users/mbermudez/de_02/TFGDataset/img/T2_1193.png|deee         e eee e    e e     e           ee eeeeeee e      e    eee   eeeee   e    ee   ee  e eeee   e   e   e   e  
/data3fast/users/mbermudez/de_02/TFGDataset/img/T2_1363.png|deeee eeeeee  ee      e e   e  e      eeee e  eeeeeeee  e    e     e eeee  e  e e    e     e eeeeeeee        eee ee  e 
/data3fast/users/mbermudez/de_02/TFGDataset/img/T2_0554.png|deee         ee  ee ee eeee  e       e eee e  e    ee    e eeee  ee   eeeeeeeee     e   eeeeeee  eeee             eeeee
/data3fast/users/mbermudez/de_02/TFGDataset/img/T2_0764.png|eeee e e       e e e    eee    e       eeee  e    eeeeee  e    eee  e eee ee eee  e   eeee  ee eeeeeeeee       e       
/data3fast/users/mbermudez/de_02/TFGDataset/img/T2_0354.png|deeeeeeee e ee     ee     eeee  ee    eeeeeeee               ee    eee e    e  eee             e  eee   eee  e       e 
/data3fast/users/mbermudez/de_02/TFGDataset/img/T2_1404.png|deeeeee   e   e eeeeeeeeee   eeeee   eee  eeee  e eee e       e eee e    eee e         eeeeee     e          e eeeee e 
/data3fast/users/mbermudez/de_02/TFGDataset/img/T2_0410.png|deee e     e                 ee  eeee     eeee    eeee  e   ee ee ee          eee         ee eee    ee e        e  e   
/data3fast/users/mbermudez/de_02/TFGDataset/img/T2_1100.png|deeeee           ee  ee eeeeee  e      ee        eee   e  eee   e   eee ee                eeee    ee        eee      ee
/data3fast/users/mbermudez/de_02/TFGDataset/img/T2_0326.png|deeeeeee     eeeee eee e      e       e   e   e              eeeeee    e     ee  ee  eeeeee   e e       e     ee  e    
/data3fast/users/mbermudez/de_02/TFGDataset/img/T2_1023.png|eeeeee   e     e    ee    eeeee  e     e  eeeee e e        eeeee          e  eee    eeee e   ee  e    e  e   e   e     
/data3fast/users/mbermudez/de_02/TFGDataset/img/T2_0335.png|eeee   e        e       eee       e   e ee    eeee  ee e    ee   e        eee               e     e                e ee
/data3fast/users/mbermudez/de_02/TFGDataset/img/T2_0606.png|deee  e         e      ee e       e  eeee          eeee e eee e    ee eeeee ee     e  e eee   ee   e  ee       e      e
/data3fast/users/mbermudez/de_02/TFGDataset/img/T2_0766.png|eeee  ee ee       e   ee       e           eee ee       ee  eeee       ee ee  eeeee  ee    e  eeeeeee e eee   e      ee
/data3fast/users/mbermudez/de_02/TFGDataset/img/T2_1366.png|deee         e  e          e e eee  e   ee       e   eeeeeee               eeee        eeeeeeeeeeeeee       ee eeeeeeee
/data3fast/users/mbermudez/de_02/TFGDataset/img/T2_0710.png|eeee                 e     e     e       e       e  ee  e      e e     eeee ee   ee ee e     eee         eeee   ee   ee
/data3fast/users/mbermudez/de_02/TFGDataset/img/T2_0904.png|deeee ee eee   e    eeee   e e e eeeee ee e    eeee ee  e  eeee             ee eee        ee   eeeeee e      e        e
/data3fast/users/mbermudez/de_02/TFGDataset/img/T2_0113.png|deeee eee     ee      eeeee e  ee          ee     eeeee   eeeee     e eee       eeee eeeeeee      eeeeee   eeee      e 
/data3fast/users/mbermudez/de_02/TFGDataset/img/T2_0280.png|deeee eee e  ee ee e      ee   e   e ee  eee ee e    e   eee               e e  ee     ee      eee    eeeeee        e  
/data3fast/users/mbermudez/de_02/TFGDataset/img/T2_1337.png|deeee            eeee  e e e      ee eeee  e     ee e e  ee e      eeeeeee                           ee        eeeee e 
/data3fast/users/mbermudez/de_02/TFGDataset/img/T2_0971.png|deee eee    eeeeeeee    ee     ee e         ee           ee       e   eeeee eeee     eeeeee    eeeeee      eeeeee e   e
/data3fast/users/mbermudez/de_02/TFGDataset/img/T2_0367.png|deeee       e   e e eeeee e eeeeeee     ee   ee   ee  e     eeeeee e            ee   e e   e       e  e ee ee   e e   e
/data3fast/users/mbermudez/de_02/TFGDataset/img/T2_1036.png|deee    eee          e    eee       ee ee       eeeee e       e           ee  e e     eee       e    e ee   e    e e  e
/data3fast/users/mbermudez/de_02/TFGDataset/img/T2_1314.png|deee          e e     ee        ee    ee     ee  e eeeeee    e   e    ee   e   eeee   e       eeeeee  ee        e      
/data3fast/users/mbermudez/de_02/TFGDataset/img/T2_1133.png|deeeee     e e    eeeeee               eeee    e   ee e eeeee  eeee       eeee          ee     e    ee       e     ee e
/data3fast/users/mbermudez/de_02/TFGDataset/img/T2_0709.png|deeee  ee       eeeeee e    ee  e        eeeee     e e   e e e      e    eeee e e  e    eee  e  eee  e     e  e  ee    
/data3fast/users/mbermudez/de_02/TFGDataset/img/T2_0478.png|deeeee    e  eeee          ee  eeeeee    e  eeeee  e      e     eeeeeee       e     ee   eeee      e         eeeee ee e
/data3fast/users/mbermudez/de_02/TFGDataset/img/T2_1385.png|deeee              ee e   ee   e e eeee  e  e    e eeee     e      ee eeeeeeee   eeee e   eeee   ee  e  eee           e
/data3fast/users/mbermudez/de_02/TFGDataset/img/T2_0702.png|dee eeee  eee  eeeee        e   eee    eeee     ee ee eeeee e   ee  ee                eeeeeeeeee  e  e     eeeeee eeeee
/data3fast/users/mbermudez/de_02/TFGDataset/img/T2_0735.png|deee  e  e           eeee   e      e  e eeee       eeee       e eee e e  e    e        eee eeee ee  ee e   ee ee  eeeee
/data3fast/users/mbermudez/de_02/TFGDataset/img/T2_1159.png|deeee  e  e               e eee            eeeee        e  ee     ee eeeeeeeeeeee        e        eeeee  eee    eeee ee
/data3fast/users/mbermudez/de_02/TFGDataset/img/T2_1462.png|deee ee eeeeee    eeeee e   e  e e             eeee ee ee    ee     e  e   e e  ee eeee     e e    eee   e      eee  ee
/data3fast/users/mbermudez/de_02/TFGDataset/img/T2_1334.png|deeee  ee  e    ee        ee e   ee eeeeee e  eee  e    e     eee         e   ee              eeeeeeeee eee  ee    eeee
/data3fast/users/mbermudez/de_02/TFGDataset/img/T2_0541.png|eeee     e   e e   e  ee       ee     eee    e    eeeeeee e  eeee eeeeee        e   e  ee  e   eeeeeeeee  e  e    eeeee
/data3fast/users/mbermudez/de_02/TFGDataset/img/T2_0505.png|eeeeee    ee e      eeee    eeeee e        eee     ee         e       eee   e   eeeee   eee  eeeeeee   eeeeee    e     
/data3fast/users/mbermudez/de_02/TFGDataset/img/T2_1134.png|eeeee e   eeeeeeeeeee    e         eee e e  eeeee      eeeeee ee    e e  eeee e        e      eeeeeee            e  e e
/data3fast/users/mbermudez/de_02/TFGDataset/img/T2_1058.png|deee        e   e ee   ee   e   e        e    e          eee  eeeeeeee e           ee eee  eee    ee     ee e  e       
/data3fast/users/mbermudez/de_02/TFGDataset/img/T2_1117.png|deeeeeeee        ee       eee eeee eee  ee         eee  eee e        ee e ee     ee    ee eee    e     e e  eeeee      
/data3fast/users/mbermudez/de_02/TFGDataset/img/T2_0151.png|eeeee  e  eeeee eee  ee ee ee e e eeeeeeeeeee                e  e    eee     eeeeee           eeee   eeeeeee   e       
/data3fast/users/mbermudez/de_02/TFGDataset/img/T2_0358.png|dee    e          eee         e     e      e e eeeeeee                         ee ee  e  e     e  e      ee ee e  ee  e
/data3fast/users/mbermudez/de_02/TFGDataset/img/T2_0787.png|deeee  eeee               e eeee               e     e eeee       ee      eee                e  e   e  eeee   eeee  ee 
/data3fast/users/mbermudez/de_02/TFGDataset/img/T2_1266.png|deee    ee     eee     e      eeeeeee eee ee   e      eeeeee   ee ee  e eeee         e e ee   e     e    eeee  eeeee e 
/data3fast/users/mbermudez/de_02/TFGDataset/img/T2_0603.png|eeee ee       e eee      e eee  ee            ee         eeeeee  e      ee  ee eee eeeeee    eeeee    eeeeee  eeeeeeee 
/data3fast/users/mbermudez/de_02/TFGDataset/img/T2_1236.png|eeee    eeeee  ee e         eee             eee  ee         eee eee     eeee     e  eee  ee eee e          e e         
/data3fast/users/mbermudez/de_02/TFGDataset/img/T2_1410.png|eeee       e           ee e       e     e  ee  e       e      eeeee    e  eee     eeee   e    ee    eeeeeeeeeeeeeee eee
/data3fast/users/mbermudez/de_02/TFGDataset/img/T2_0792.png|deeee     e     eeee ee     ee    eeee ee e        eeee   eee          e  eee  e            e eeee eee       eee eee ee
/data3fast/users/mbermudez/de_02/TFGDataset/img/T2_1202.png|deeeee  e e  e       e       e ee     e    eeeeeeee  ee eeee   eee ee      e          ee      e ee                 e   
/data3fast/users/mbermudez/de_02/TFGDataset/img/T2_0112.png|eee  e ee          eeeee           e   e e e eeeeeeee    e   e         e ee   e      e  eeee       e      e     e e   e
/data3fast/users/mbermudez/de_02/TFGDataset/img/T2_0670.png|deee     e   eee  eeee   eeeeeee        e e ee   eee  e   eeee  e  e eee        ee   eeee  ee  eeee    eee         e   
/data3fast/users/mbermudez/de_02/TFGDataset/img/T2_0036.png|eeee      eee        e     eeee   ee   eeee    e  eeeee eeee           ee  eeee   eee e  e   eee  eeee e  eee eee      
/data3fast/users/mbermudez/de_02/TFGDataset/img/T2_1018.png|deeeee   e    ee  e e ee eee eee       eeeeee    ee   e         eeeeeee e e  eee    ee  ee       e   e   e     e e eeee
/data3fast/users/mbermudez/de_02/TFGDataset/img/T2_0752.png|deeeee ee e   e   e        eeeee e eeeee        eee e eeeeeee ee   ee    e    eeee    e e  e eeee  eeeee eee      ee  e
/data3fast/users/mbermudez/de_02/TFGDataset/img/T2_1028.png|deeeeee   eee        ee     eeeeee        eee   e   e      e       ee     e            ee eeeeee ee eeeeeee ee   e  eee
/data3fast/users/mbermudez/de_02/TFGDataset/img/T2_0796.png|eee                e    e   eeee      eeeee    eee              ee e  eee             e   e eeeeeee    eeeeeee      ee 
/data3fast/users/mbermudez/de_02/TFGDataset/img/T2_1007.png|deeee ee      ee   ee   eee  eee  ee        e   e   eeeeee  e eeee  eee       eeeeeee eeeeeeee         e  e      ee e  
/data3fast/users/mbermudez/de_02/TFGDataset/img/T2_1077.png|deee   e e          e e ee  eeeeeeee   eeeee eeee  eeee       ee  e     eeeeeee eeeee eeeeeeeee       e eee    eee     
/data3fast/users/mbermudez/de_02/TFGDataset/img/T2_1062.png|deee   eee e    e   e        eee eee e ee              eee   e  e  eeeeeeee   eeeeeee  ee  ee ee  eeee    e      eeeee 
/data3fast/users/mbermudez/de_02/TFGDataset/img/T2_0396.png|deeeeee    eeee         ee  e     e  eeee    e eee    ee      eeee  eeeeeeeee      e  eeeeeeee   e    e   ee  ee e  e e
/data3fast/users/mbermudez/de_02/TFGDataset/img/T2_1329.png|deee      e   ee          e  e    eeeeeeeee           eee  e       e          e  e   ee ee       eeeeeee   ee    eee   
/data3fast/users/mbermudez/de_02/TFGDataset/img/T2_0465.png|eeeeeee    e   eee eee  eee         ee    eee  e    ee         e eee e ee    eeee  eeee     e e   ee    e ee eee   e ee
/data3fast/users/mbermudez/de_02/TFGDataset/img/T2_0922.png|deeeee   eee   e     e      e   ee    e e  e      e   e ee      e    eeee eee e   eeee eee        eeeeee       eeee e  
/data3fast/users/mbermudez/de_02/TFGDataset/img/T2_0384.png|eee ee         eeeeee                   e    e e        e     eee         eee  ee ee eee e   e   e  ee     e eee  ee   
/data3fast/users/mbermudez/de_02/TFGDataset/img/T2_1451.png|eeee                              e      ee    eeee                           e  e    e        e e  eeee e        e    
/data3fast/users/mbermudez/de_02/TFGDataset/img/T2_1178.png|deee ee  eee   eeee   eeeeee     eee e        e    eee   eee e  ee e  ee     ee    ee eee  e e e e eee   ee     e eeeee
/data3fast/users/mbermudez/de_02/TFGDataset/img/T2_0183.png|deeeee          ee    e eee    e   e     e     ee   e  ee             e e      eee             e  ee   eee            e
/data3fast/users/mbermudez/de_02/TFGDataset/img/T2_1419.png|eeee eeeeeee     ee  eee   eee eee    eeeeee    e    e   eeeee  e        eeeee   eeeee  ee      ee  e     e   eee e  ee
/data3fast/users/mbermudez/de_02/TFGDataset/img/T2_1257.png|deee e   ee            e    eeeeeeeeeeeeeeee eee     eeee  e    eeee   ee ee   eee e  eee   e        e ee  ee eeeee    
/data3fast/users/mbermudez/de_02/TFGDataset/img/T2_0161.png|deeeee e   eeee    eee  e eeeeeeeeeeeeee  eee        eeee                  e         e     ee  eeeeee   e       eee   e
/data3fast/users/mbermudez/de_02/TFGDataset/img/T2_0863.png|eeee      ee eee    ee   eee eeeeeee      eeeeeee    ee  eeeee  ee eeeee eeeeee         eeeee    e ee       ee  e   eee
/data3fast/users/mbermudez/de_02/TFGDataset/img/T2_1141.png|deeeee    e  e  eeeeeeee e          e        ee e  e       ee       eeee e      eeee e      eeeee e   e    ee e  e   ee
/data3fast/users/mbermudez/de_02/TFGDataset/img/T2_0071.png|deeee ee         e e  ee   e          e  ee e     eee  eeee eee eee ee     e    e e    ee         ee eee  e eeeeeeee   
/data3fast/users/mbermudez/de_02/TFGDataset/img/T2_0154.png|eee           e    e        eee  eeeeee     ee  eeee         e e   e     eee      eee     e  e      e  eee         e ee
/data3fast/users/mbermudez/de_02/TFGDataset/img/T2_0997.png|deeee eee  eee e   eee    ee ee  eeeeeeeeeee eee eee    e eeee   e ee ee      eeee  eeee     e eeeee  eeeeeeeeeeeeee   
/data3fast/users/mbermudez/de_02/TFGDataset/img/T2_0633.png|deee        e    eeee       eee              eee ee       e   ee    eeeeeeee  eeeee ee   ee     e  e      eeeeee    ee 
/data3fast/users/mbermudez/de_02/TFGDataset/img/T2_1406.png|deee  e   ee      eeeeee e     eeeeee e eeee   ee         e   eeeeeeee e      eeeeeee     eeeee    eee   e  ee e e    e
/data3fast/users/mbermudez/de_02/TFGDataset/img/T2_0357.png|eeeeeee    e e ee  ee e   eeee  eeeeeeee  eee    eee    eee  ee     eeeeeeeeeee     eeee      ee      eee ee     ee    
/data3fast/users/mbermudez/de_02/TFGDataset/img/T2_0191.png|eeee e      e  eeee    e     e     e eeeeee           eee    ee eee             eee  e  eeeeeeeee           eeeee   e  
/data3fast/users/mbermudez/de_02/TFGDataset/img/T2_0760.png|deeee      e      eeee      ee    eee eee e      eeee  eee   e      ee eeee eeee ee     eeeee e  ee  e  ee       eee   
/data3fast/users/mbermudez/de_02/TFGDataset/img/T2_0127.png|dee e ee e    e e     e e eeee  e e e          e eee    eeee       e     eeee      eeeee  eeeeeee ee e e e    e e  ee  
/data3fast/users/mbermudez/de_02/TFGDataset/img/T2_1259.png|eeee ee      ee  e  ee         ee  e e e eee e     ee   eeeee e        eeeee  e e        eee          eee e       ee e 
/data3fast/users/mbermudez/de_02/TFGDataset/img/T2_0647.png|deeee eee eeeeee     ee  e e    eeeeeeeeee  e ee       e       eeee e         eeeeeee   ee     ee eeeee             eee
/data3fast/users/mbermudez/de_02/TFGDataset/img/T2_1163.png|eeeeee       eeeee     eeee  e        eee   e       eeee  eee  e   e  e          e  eeee e    e       e  ee      ee    
/data3fast/users/mbermudez/de_02/TFGDataset/img/T2_0856.png|eeeee ee  e    eeeeee  eee   eee e          e  e  ee eeeeee  e ee  eeee  e        ee            eeeee  e       e   eee 
/data3fast/users/mbermudez/de_02/TFGDataset/img/T2_0290.png|deeeeeee   ee           e eeeeeee e e    eeeeeee e eee   eee    e eee  eeeeee  ee    eeee   eee  eee               ee  
/data3fast/users/mbermudez/de_02/TFGDataset/img/T2_1227.png|deeeeeee eeeeeeeeee    eeeeee e   e eeeeeee   ee   eeeee eeeeee eeeeeeeee  e  eee eeeeeeeeeeeeeee   eeee    e   e  e  e
/data3fast/users/mbermudez/de_02/TFGDataset/img/T2_1425.png|deee e    eeee    e  eee   eeee eee e  e e  eeee    e      ee   eee  ee     ee   eee  ee                    eeeee eeeee
/data3fast/users/mbermudez/de_02/TFGDataset/img/T2_0870.png|deeee          e   e  eeee e   e eeeeee e e eee eee     eee eee      ee eeeee   eeee     eeeeeeeeee ee     ee  e  e    
/data3fast/users/mbermudez/de_02/TFGDataset/img/T2_1370.png|deee ee ee           eeeeeeeee      eeee       eeeee  ee eee ee      ee   eee        e  e  e ee      e       ee     ee 
/data3fast/users/mbermudez/de_02/TFGDataset/img/T2_0747.png|eeeee      e e   e eeee e eeee ee  e        eee    e    eeee  ee       e e  e    ee e  e ee eeeeeeeee ee  e eeee e eee 
/data3fast/users/mbermudez/de_02/TFGDataset/img/T2_0170.png|eee ee   e       ee  ee     eeee    e   eeeee eeeee e     eee  e   e        eeee eee     e ee e     e  eeeeeeeee    eee
/data3fast/users/mbermudez/de_02/TFGDataset/img/T2_0524.png|deee         e eee e  ee  ee e     e         ee ee e      eeeee eeeeee            eeeeeeee    ee   e e eeee ee e e   e 
/data3fast/users/mbermudez/de_02/TFGDataset/img/T2_0602.png|deeeee    e     ee   e  eee e e   e    e         eeee ee     eeee e              eeeee   e  e      eee                 
/data3fast/users/mbermudez/de_02/TFGDataset/img/T2_0589.png|deeeee e      eeee  ee ee  ee       eeeee              e e ee e   eee  e      e  ee   eeeee   e    e    e  e  eeee     
/data3fast/users/mbermudez/de_02/TFGDataset/img/T2_0682.png|eeee  ee  eeeee      eee e       eeee e eeee    eee     e  eee    ee eeeeee     eee eeee  ee        e eeeeee       e  e
/data3fast/users/mbermudez/de_02/TFGDataset/img/T2_0677.png|deee          e  eeee  e   e    eeeeee      eee   e     e           eeeee eeee e   e e      eee  eeeeeeee ee       e  e
/data3fast/users/mbermudez/de_02/TFGDataset/img/T2_0239.png|eeeee  ee e e   e e      ee ee eee   eeee     eeeeeeee  ee eeee  eee   ee eee ee   eeeeeeeeeeeee e  eee      e e eeeeee
/data3fast/users/mbermudez/de_02/TFGDataset/img/T2_0189.png|deeee  eeeeee    e  e     ee        eee   eee     ee        eeeeee     ee     eee  e  eeeee      ee e  e eee     eeeeee
/data3fast/users/mbermudez/de_02/TFGDataset/img/T2_0401.png|eeeeee    eeee     eeeeee  eee      e           ee ee    e ee ee  eeeeeee ee   ee e eeeee  e       e  e    e  e     eee
/data3fast/users/mbermudez/de_02/TFGDataset/img/T2_0634.png|deeee              eeee      e      e    eeeee  eeeeeeeeeee    eee     eeee e  eeee    ee ee     eeeeeeee  ee   ee     
/data3fast/users/mbermudez/de_02/TFGDataset/img/T2_0755.png|deeeee     e         eeeeeeeee e    eeeee   e     eee  e eeeee   e     eee      e e eee e eee    e   eeeeee    eee eeee
/data3fast/users/mbermudez/de_02/TFGDataset/img/T2_1477.png|eeeeee     eee       eee   ee  eee eeeeee  e    eeee     eee eee  ee  eeee eeeee   e e  eee e       ee    e eee    eeee
/data3fast/users/mbermudez/de_02/TFGDataset/img/T2_1084.png|deeeee eeeee ee  ee eeeeeeee  eeeeeeeeeeeee  e  e eeeee     eeeee           eeeeeeeee eeee  e  eeeee  e eeeee   e    ee
/data3fast/users/mbermudez/de_02/TFGDataset/img/T2_0453.png|deeeeeeee   ee eee   e eee  eeeee     ee    e eee eeeeee eeeeeeeeeeeee    e    e      eeeeeeee    eee ee e eee  eeeeee 
/data3fast/users/mbermudez/de_02/TFGDataset/img/T2_1263.png|eeee    eee eeee ee eee  e     e  eeeeeeeee        eeeeee eeeeeee     e    e e   eeeeee e e    eeee    e       e eeeeee
/data3fast/users/mbermudez/de_02/TFGDataset/img/T2_0981.png|eeeee e   eeee    eee    e    e             eeeeee e eeee    eeee     e eeeeeeee e   eeeee  e   ee ee  ee  ee   e     e
/data3fast/users/mbermudez/de_02/TFGDataset/img/T2_1097.png|deee         ee  e eee   eeeee     ee   e   ee      eee eee    e   e   eeeeee  e     eeeeeee  eeeeeee  eeeeeeee    eee 
/data3fast/users/mbermudez/de_02/TFGDataset/img/T2_1143.png|deeeeeeeeee     ee      eeee e   eeeee  ee     eeeee eee e e e eee  eeeeeeeeee   e    e e   eee ee  ee eeeeeeeeee eeeee
/data3fast/users/mbermudez/de_02/TFGDataset/img/T2_0366.png|eeeee   ee eeeeeeee ee eee    e  eee e e eeee   eeeeee e e   e  ee           eeeee         eeeeeee  e eeeeeeeeeee      
/data3fast/users/mbermudez/de_02/TFGDataset/img/T2_0708.png|deee       eeee  eeeeee     eeeee   ee  eeeeeeeee   e    eeee  ee    e  eee e        eeeeeeee     e    ee   eeeeee eee 
/data3fast/users/mbermudez/de_02/TFGDataset/img/T2_0356.png|deeee  eeeeee     eeee eeeeeee   eee     e e        e    eee   e  e eee     e e eeeee ee ee  eeee e e  eeeee  e e      
/data3fast/users/mbermudez/de_02/TFGDataset/img/T2_0846.png|eeee  e    e     e eee eeeeee eeeeeeeeeeeeeee e    eee e   eeeeeeeeeeeee e e ee e eeee  eeeeee eee   ee   eee e    eeee
/data3fast/users/mbermudez/de_02/TFGDataset/img/T2_0229.png|deeeeee e  eee eeeeeeee       eeeee     eeeeeeee eee e eeee   e eeeeeeeeee  e eeeeeeeeeeeeeeeee eeeee   ee   e      eee
/data3fast/users/mbermudez/de_02/TFGDataset/img/T2_0157.png|deee  e ee e  eeee  ee eeeeeee eeeeeeeee      eeeeee eeeeeeeeee             eee e eeee e    e  e  eeeeeee e    eeeee ee
/data3fast/users/mbermudez/de_02/TFGDataset/img/T2_0588.png|eeeeeee eee  eeeee ee  e eee eeeee ee e    e eeee  e  ee e e eeee      eeeeeeee eeeeee eeeee   eeeeeeeee   eeeeeee    e
/data3fast/users/mbermudez/de_02/TFGDataset/img/T2_0667.png|deeeeeee  eee ee eeeeee      e ee     ee      e e      e eeeeeeeeeee  eeeee eee eeeeeeee  e e ee    eeee  ee eeeeee  ee
/data3fast/users/mbermudez/de_02/TFGDataset/img/T2_0927.png|deeeee  e  eee e   eee e e    ee   eeeeeeeeee   eeee ee     eee e  eee     eeee ee  eeee eeeeeeeee eee ee eee e e ee   
/data3fast/users/mbermudez/de_02/TFGDataset/img/T2_1114.png|eeeeeee   e   eeeeeeee   e   eee  eeeee  ee ee    eee  ee eeeee     ee    e eeeee  eeeee eeeeeeee  ee eeeeeee  e     ee
/data3fast/users/mbermudez/de_02/TFGDataset/img/T2_0065.png|eeeeeeeeeeeeeeeeeeeeeeeeeeeee        eee     eeee     eeeee    eeeeee eeee e e  eeeeee         e  ee    eeeeeeee  ee ee
/data3fast/users/mbermudez/de_02/TFGDataset/img/T2_0378.png|eeeee  eeeeee e e ee  eee   eee eeeee   eee  e eee   e e  eeee  eeeeee e  ee eeee  ee  ee    eeeeeeeee   eeeeee eee e  
/data3fast/users/mbermudez/de_02/TFGDataset/img/T2_0518.png|eeeeeeeee e      e e   e   eeeeee   eee   eeeee eee e e  e  eee   e eeeeeee  eee      eeeeeee eee eeeeeeeee     e ee   
/data3fast/users/mbermudez/de_02/TFGDataset/img/T2_1213.png|eeeeee e  eeeeeee e   ee   e    eeeeeee   e   e  eee eeeeee  eeeee eee e eee   eeeeeeeee    eeeee eeeeeee eeeeeeeeeeeee
/data3fast/users/mbermudez/de_02/TFGDataset/img/T2_1482.png|eeeeee  eeee e  ee       e  e ee e     eee eeeeee   eeeeee  eee   eeee  eeee  e eeee                    eeeeeeee   eeee
/data3fast/users/mbermudez/de_02/TFGDataset/img/T2_1429.png|e eeeee   eeeeeeeeeeeeeeeeeeeeee eeee e e ee  eeeee    e eeeee   e  eeee    eeeeeeee e      eeee   eeee e e eeeeeeeee e
/data3fast/users/mbermudez/de_02/TFGDataset/img/T2_0616.png|deeeeeee e  e   e  e   eee   eeeeeeeeeeeeee   eee ee     eeeeeeeeeeeee e e   e e  eeeeeee eeeeeee eeee   ee  ee      ee
/data3fast/users/mbermudez/de_02/TFGDataset/img/T2_0494.png|deeee  eeee ee      eeee eeeee eeee e eeeeeee  eeeeeeee eeee  eee  e   e  eeeee   e  eeeeeeeee   e eeeeee  eee eeee    
/data3fast/users/mbermudez/de_02/TFGDataset/img/T2_0699.png|eeeee  eeeee e  eeee  ee ee eeeeee     e  e  eeeeee   e eeee    eeeee      eeeeeeeeeee  eeeeeeee eeeeeee e   ee  e eeee
/data3fast/users/mbermudez/de_02/TFGDataset/img/T2_0285.png|eeee   eeeeee   ee  eeeee  ee  eee  eeeee   e     eeeeee   eee  eeeeeeeeeeeeeeee    e eeeee ee  eee  eeee eeeeeeeeee ee
/data3fast/users/mbermudez/de_02/TFGDataset/img/T2_0168.png|eeeeee    eeee eeeeeeeee    e e e         ee e e eee eeee e         eeeee eeeee e ee     e e eeeee  eee e eeeeeee eee e
/data3fast/users/mbermudez/de_02/TFGDataset/img/T2_0443.png|deeeeeeee         eee   eeeeeeeee e  eeeeee eeeeeee  eeee   e ee    eeeeeeeeeeeee eee  e  e e e    ee   ee eeeeeeee    
/data3fast/users/mbermudez/de_02/TFGDataset/img/T2_1297.png|deeeee      eeeee ee  ee eeeeeeeeee eeee     eeeeeeeeeeeeee e  eeeeee eee  eeeeeeeeeeeeeeeee  e   ee  eeee   ee ee eeee
/data3fast/users/mbermudez/de_02/TFGDataset/img/T2_0281.png|deeeeee ee eeeeeeeeeeeeeeeeeee  eeee eeee eee    eeee   e        eeee e  eee e   eee eeeee eeeeeeeeeeeeeee      eeeee e
/data3fast/users/mbermudez/de_02/TFGDataset/img/T2_0716.png|eeee     eeeeeee  eeeeeeeeee   eeee e eeeee e eee eeeeee eeeeee e   eee       eeeeeeeeee e  e eeee   e ee ee    eeeeee 
/data3fast/users/mbermudez/de_02/TFGDataset/img/T2_1010.png|eeeeeee e  eeeee eeeeeeeeeeeee eee      eee eee  eeeeee e  e  ee    e eeeee eeeeee  eeeee ee      eeeeeeee  e eeee eeee
/data3fast/users/mbermudez/de_02/TFGDataset/img/T2_1248.png|eeeee  ee e     ee eeeeeeeeeeeeee      eeee   e ee  eeeee   e  eeeee  e eeee eeeeeeeeeee eee eee  eeeee    eeeee eeeeee
/data3fast/users/mbermudez/de_02/TFGDataset/img/T2_0369.png|eeeeeeee ee   ee    ee eeeeeeeeeee eeeee   eeeeeeee  eee   eee  eeeeeeeeeee  ee  eeeeee   ee  e e eeee    e eeeeeee eee
/data3fast/users/mbermudez/de_02/TFGDataset/img/T2_0140.png|eeeee   eeeeee eeeeeeeeee  e eee e    ee eeeeeeeeeeeeeeeeee     eeeeeeee eeeeeee  eee   eeeee ee eeee  e  e eee  e eeee
/data3fast/users/mbermudez/de_02/TFGDataset/img/T2_0547.png|deee  eeeeee  e eeeeee eeeee   ee eeeeee eee ee e   eeee  eee   eeeeee  e    e  eee    eeeeee eeeee       ee e eeeeee e
/data3fast/users/mbermudez/de_02/TFGDataset/img/T2_0325.png|eeeeeeeeee eeee  eee eee eeeeeeeeeeeee     eeeeeeee    eeeeee ee e  eeeeee       e      eeeeeeeeee eeeeeee   eeeeeee   
/data3fast/users/mbermudez/de_02/TFGDataset/img/T2_1132.png|eeeeee   ee eeeeeeeeeee eeeee e   eee  e    eee  e    eee    ee eeee  eeeeee eeeeee eee      eeee  e e e  e e    eeeee 
/data3fast/users/mbermudez/de_02/TFGDataset/img/T2_0095.png|eeeee e ee eeeeee e eeeee eeeee  eeeeeeeeee      eeeeeee e eeeeeeeeeeeee  ee ee       ee eeeeeeeeeeee  ee ee eeee eeeee
/data3fast/users/mbermudez/de_02/TFGDataset/img/T2_0004.png|dee         eeeeeeeee  eee e ee eeeeeeeeeeeee     ee  e e eee  eeee eeeeeeeeeeeee ee e ee ee  eeeeeeee ee  eeee ee   e 
/data3fast/users/mbermudez/de_02/TFGDataset/img/T2_1361.png|eeeee  e       eeeee eee  e  e   eeee ee e     eeeeee eeeeeeeee   e e eee   eeeee  eee     eeeeeeee  e e eeeeeeee   ee 
/data3fast/users/mbermudez/de_02/TFGDataset/img/T2_1099.png|deeee  e  ee   eee   ee   eee eeeeeeeeeeeee  eeeeeeee  e       eee ee  eee  eeee      eeee  e  eeee  eeeeeeee  ee eeeee
/data3fast/users/mbermudez/de_02/TFGDataset/img/T2_0945.png|deeeeeeeeee    eeee eeeeeee    eeee e     eeeeeeeeeee e    eeeeee   e eee  eeee eee  eeeee ee e eeeeee        eeeeeeee 
/data3fast/users/mbermudez/de_02/TFGDataset/img/T2_0895.png|eeeee  eeeeeeeee eee eee ee e     eeee eeeee ee    eeeeeeeee   eee e e eeeee   eeeeeeeee    eeeeeeeeeeeee  e    ee   ee
/data3fast/users/mbermudez/de_02/TFGDataset/img/T2_0741.png|de      ee     e e    ee eee eee  e   eee    eeeeee           ee eeeeeee        e e e eeee      eeeeee    e    eeee eee
/data3fast/users/mbermudez/de_02/TFGDataset/img/T2_0686.png|eeee eeeeeeeeeeeeeee  eeee eeee  ee eeeeeeeeeee eee eeeeeeee ee eeeeeeee   eeeee eeeee eee       e     eeeeee ee  eee  
/data3fast/users/mbermudez/de_02/TFGDataset/img/T2_1070.png|deeeeeeeee    e eeeeeee     eee eeeeeeee eeeeeeeee    ee eeeee e   ee eee eeeee eee eee eee e eeeeeee ee  e eeeeeeee   
/data3fast/users/mbermudez/de_02/TFGDataset/img/T2_0267.png|eeeeeee  e   ee   eeeeee  eeee        e  e eeeeeee eeeeee eee   eeeee eeeeeeeeeeeeeeeee    eeeeeeeeee eeeee  ee ee  e  
/data3fast/users/mbermudez/de_02/TFGDataset/img/T2_0800.png|deeeeeeeee   e ee  eeee       e eeeeeee  ee   eee   eee eeeeee eeeeeee  eee eeeeee eeeeeee eeeeeeeeeeeeee e   eeeeee ee
/data3fast/users/mbermudez/de_02/TFGDataset/img/T2_1439.png|eeeeee eeeeeeee e   eeeeeeeeee   eee e e  eeeeeeeee   e eeeeeeeeeee eeeeeee      eee  eee  eee  eeeeeee   eeeeee      e
/data3fast/users/mbermudez/de_02/TFGDataset/img/T2_0952.png|eeeeeeeee  eeeeeeeeee e eeeeeeeeeeee e         eeeee  e e  eeeee    eeeee    e e  ee    e eee e   eeeee e  eeeeeeeeeee 
/data3fast/users/mbermudez/de_02/TFGDataset/img/T2_0390.png|eeeeeeeeeeee eeeeee  eeeeee e ee  ee    ee ee  e  e e     e    e    eeee  eee eeeeeeee eeeee eeeeeee    eeeee  ee eeeee
/data3fast/users/mbermudez/de_02/TFGDataset/img/T2_0463.png|eeee    ee   eee     eeeeeee  eeeeeee    eee     eeeeeeeeeeeee eeee e  eeeeee    e      eeeeeeeeee  ee ee eeeeeeeee e  
/data3fast/users/mbermudez/de_02/TFGDataset/img/T2_1302.png|eeeeeeeeeeeee   eeeee eeeee e  eeeeeeeeeeeeeeeeeeeeeeeeeeeeee e eee eeeeee    eeeeeeeeeeeeeee eeeee  eeeeeeee  eeeeeeee
/data3fast/users/mbermudez/de_02/TFGDataset/img/T2_0959.png|eeeee     e    eee eeeee        eeeeeeeeee eeeee e  eeeee   eeeeeeeeee eee eee   e eeeeeee e  eee ee eee e  eeeeee eeee
/data3fast/users/mbermudez/de_02/TFGDataset/img/T2_0819.png|eeeeeeee  eeeee    eee eeeeeeeeee  eeeeeeeee  ee eee  eee eee     eeeee     eeeeeeeee  eeeeeeee  ee  eeee eeeeeeeee   e
/data3fast/users/mbermudez/de_02/TFGDataset/img/T2_0866.png|eeeee    e  eeeee e eee  eeeeeeeeee eeeeeeeee ee ee e    eeeeeee   eeee  ee    e ee eeeeeeee   eeeeeee eeeeee   e   ee 
/data3fast/users/mbermudez/de_02/TFGDataset/img/T2_1185.png|deeeeee e  eeeeeeeeeeeee           eee  ee  ee eeeeeee  eeeee  eeeeeeeeeeeee     e     eeeeeeee   e  ee     eeeeeeeeeee
/data3fast/users/mbermudez/de_02/TFGDataset/img/T2_0785.png|eeeee eeeeeeeeeee e  ee  e eeeeeeeee  e eeeeee eeeee  eeee e eeee  eeeee eeeee    e   eeeee  e eeeeeeeeee eee     eeeee
/data3fast/users/mbermudez/de_02/TFGDataset/img/T2_0274.png|eeeeeeeeeeeeeee ee   ee  e  e eeeeeeeeeeeeee     eeeeeeeeeee eeeeeeeeeeeeeeeeee e  ee e  eee  eeeee  eeee  eee  eeeee  
/data3fast/users/mbermudez/de_02/TFGDataset/img/T2_1262.png|eeeeeeee   eeeee e  eeeeee     eeee   e e eeeee eeeeeee ee eeeeee eee    eeeee  ee eee eeeeeeeeee      eeeeeeee eeee ee
/data3fast/users/mbermudez/de_02/TFGDataset/img/T2_0261.png|deeeeeeeeee e eeeee    e   e eee eeeee e  eee eeeeeee eeeeeeeee eeeee eeeeeeeeeeeeeeee ee    ee    eeeeeee eee  eee eee
/data3fast/users/mbermudez/de_02/TFGDataset/img/T2_0377.png|eeeeeeee    eeeeeee      eeeeee  eeeeee e   eeeeeeeeeeeeeeeeee eeeeeeeeeeee ee  eeee eee eeeeeeee   eeeeeee    e ee e e
/data3fast/users/mbermudez/de_02/TFGDataset/img/T2_0984.png|dee     ee ee eeeeeeeeeee  e    eeee eeeeeeeeeeee  eeeeeeeee ee eee eeeeeeeeeeeee e eeeeeee e eeeeeeeeeeeeeeeeeeeeee ee
/data3fast/users/mbermudez/de_02/TFGDataset/img/T2_0042.png|eeeee  eee  e  e ee  eeeeeeeee    e    eeeeeeeeeeeeeeeeeee ee      eee     ee  ee   e eeeee      eeeeeeeee           e 
/data3fast/users/mbermudez/de_02/TFGDataset/img/T2_0659.png|eeeee     eeeeeeeeee    e e e ee  eee e eeeeeeeeeeeeee    eeeeeeeeeeeee   eeeee    eeeeeeee    eeeeee         eeee eeee
/data3fast/users/mbermudez/de_02/TFGDataset/img/T2_0304.png|deeee e    eeeeeee eeee eeeeeee      eee  e   ee     ee   eeeeeeeee  eeeeeeeeeeeee  eee e      eeeeeee ee eeeeeeee eeee
/data3fast/users/mbermudez/de_02/TFGDataset/img/T2_0807.png|eeeeeeeee     eeeeee    eeeeeee ee     ee   ee      eeeeeeeeeeeeeee e  eeeeeeee   eee        eeee  ee    eee eeeeee eee
/data3fast/users/mbermudez/de_02/TFGDataset/img/T2_1201.png|deee  eeeee eeeeeeeeeeee       eee eeeeee    e e ee  eee  eeeeeee e eeeeee         eeeee     ee    eee  eeeeeee  eeeee 
/data3fast/users/mbermudez/de_02/TFGDataset/img/T2_0038.png|eeeeee  eeeeeeeee ee  eeeee    eeeeee     e eeeeeee eeeeeeee eeeeee   eeeeeeeeeeeee eeeee   e    eee       e    e eeeee
/data3fast/users/mbermudez/de_02/TFGDataset/img/T2_0687.png|eeeeeeee ee           eeeeeeeeeeeeeeeeeeeee  eeeeeeeee     eeeeeeee e  eeeeeeeeee  eee ee eeeee    eeeeeeeeeeeeeeeeeeee
/data3fast/users/mbermudez/de_02/TFGDataset/img/T2_0610.png|eeeeeeeee  e ee       eeeeeeeee eeeeeeeeeeee  ee eeee       eeee   eeeeeeeeeee e      e   ee ee  e ee  e       eeeeeeee
/data3fast/users/mbermudez/de_02/TFGDataset/img/T2_0308.png|eeeee  eeeeeee   eeeeeeee eee   eee   ee eeeeeee ee eeeeeee eeeeeee       eeee   eeeeee   ee eeee eee e eeeeeeee    eee
/data3fast/users/mbermudez/de_02/TFGDataset/img/T2_0128.png|deeeee     e   eeeeeee ee  eeeeeeeeeeeee  eeeeeeee eee eeeeeeeee ee ee  e  eeeeeee       eeeeeeeeeeeee e e  eeeeeeeeeee
/data3fast/users/mbermudez/de_02/TFGDataset/img/T2_1174.png|eeeeeeee  eee eee eee eee e  eeeee ee ee  eee   eeeeeeeeee   eeeeee eeeeee eeeeeeee eeeee     e e eeee  eee   e eeeeeee
/data3fast/users/mbermudez/de_02/TFGDataset/img/T2_0781.png|eeeeeeee  eee e   eeee eeeeee  eeeeeeee eee  e  eeee     ee  ee eeeeee ee eee  eeeeeeeeeeee    eee eeeeeeee eee  eeeeee
/data3fast/users/mbermudez/de_02/TFGDataset/img/T2_0695.png|eeeee eeee e  e  eeeeee ee  eeeeeee eeee eeee e        eee eee e   ee ee eeee   eeeeeeee eeeeee eeeeeeeeeeeee  e ee  ee
/data3fast/users/mbermudez/de_02/TFGDataset/img/T2_0133.png|eeeee   e  eeee ee    eeeee eee    e ee  e ee eee eeee e eeeee    eeeeeee  eeeeeeeeeeee  eee  eee      eeeeeeeeee   e e
/data3fast/users/mbermudez/de_02/TFGDataset/img/T2_0664.png|eeee ee  ee  eeeeeeeeee   ee eeeeeeeeee  eeeeee      eeeeeeeee e e eeeeeee ee  e  eeeee ee eeee eeeeee eee eeeeeeeeee  
/data3fast/users/mbermudez/de_02/TFGDataset/img/T2_0498.png|deeeee  eeee eee e  eeeeee  eeeee e eee       eeeeee eeeee       ee   e ee   eeeeeeee  e         eee  e  e eeeee  eeeee
/data3fast/users/mbermudez/de_02/TFGDataset/img/T2_1394.png|eeeeee eeee  e   ee    eeee eee ee    eeeee ee  ee  eeeeeeee  e e               eeeeeeeee eeeeeeeeee e eee  eeeeeeeeeee
/data3fast/users/mbermudez/de_02/TFGDataset/img/T2_0823.png|eeeeee eeee     e eeee  ee    eeee  e    e    ee eee   eeeeee      ee e ee   eeeeeee eeeeee   eeeeeeeeeeee  e   e     e
/data3fast/users/mbermudez/de_02/TFGDataset/img/T2_0567.png|eee   e     eeeee  e     e  ee e eeeeeeeeeee  e e  eeeeeeee   ee  eeeeeeeeee e e  eee  eeeee     ee  eeeeeee      ee ee
/data3fast/users/mbermudez/de_02/TFGDataset/img/T2_1338.png|eeeeeeeee  ee     eeeeee eee   e eeeeeeeee     eeeee   eeeeeeeeeee eeeeee       eee   ee   eee e eee eeeeeeeee e    eee
/data3fast/users/mbermudez/de_02/TFGDataset/img/T2_0878.png|eeee   e e ee e  e    eee eeee   eee eeeeeee  eeeeeeeeeeeeee ee eee       e   e  e  eeeeeeeeeeeeeeee e eeee      eeee e
/data3fast/users/mbermudez/de_02/TFGDataset/img/T2_0717.png|eeeee e     e  eeeeeeee  eeeeeeeeee ee    e     e  eeeee  eeeeeeee    e     eeeee   ee e   eeee  ee ee eeeeeee   eeeeee
/data3fast/users/mbermudez/de_02/TFGDataset/img/T2_1347.png|eeeeee       eeeee  eeeee      eee  eeeee e e eee               eeee eee eeeee  ee   eeeeee   eee    eeeeee ee e     ee
/data3fast/users/mbermudez/de_02/TFGDataset/img/T2_0486.png|eee      ee eeeeee   ee e e       eeee ee         ee   ee ee    ee eee eeeeeee e  ee  eee eee      eee  eeee  eeeeee e 
/data3fast/users/mbermudez/de_02/TFGDataset/img/T2_0176.png|dee e ee  e  e eeeeeeee              ee    ee  e eeeeee eeee e   e     eeeeeeeeeeeeeeeeeeeeeeeeeee  ee ee eee e     eee
/data3fast/users/mbermudez/de_02/TFGDataset/img/T2_0005.png|eeee  eeeeee ee eee eeeeee  e  e ee   ee eeee eee eeee  e  e  eeee  e   e      eeeeeee   e ee eeeeeeee   eeeeeeee     e
/data3fast/users/mbermudez/de_02/TFGDataset/img/T2_0309.png|deeee ee     eee        eee  eeeeeee ee eeeee        eeeee        e eeeeeee e     eeee  eeeeeeee    eeeee eee  eee    e
/data3fast/users/mbermudez/de_02/TFGDataset/img/T2_0520.png|eeeee     ee   e   e eeee    e     eeee     eee e eeee  e   ee         ee ee        eeeeeeee  eeeee   ee e  e e eee    
/data3fast/users/mbermudez/de_02/TFGDataset/img/T2_0958.png|eeeeeeeeee  e       ee            ee eeeeeeeeeeee  e  eeee ee           ee    eeee   eeee       eeee   eeeeeee         
/data3fast/users/mbermudez/de_02/TFGDataset/img/T2_0108.png|eeeee  e e       eeeee      eeeeeeee   eeeeeee eeee eee e   eeee    eeee eeeeeee e eeee     eeeee eeeee   e     eeee   
/data3fast/users/mbermudez/de_02/TFGDataset/img/T2_1154.png|dee       e  e  eee e     e  e      e            eeeeeeeee    eeee  ee e           ee e  e eee  eeeeee   eeeee ee   e  
/data3fast/users/mbermudez/de_02/TFGDataset/img/T2_0194.png|dee   e      e   eeee  ee  eeeeeee eeeeeee eeeeee  eeeeeeee e   eee e        eeee e  eeee ee  ee ee    eee    e   eeeee
/data3fast/users/mbermudez/de_02/TFGDataset/img/T2_1264.png|deeeee      e eeeeee      e eee   ee      ee    eeeee  e      e  e   e       eee eee e eeeeeeee e e e ee e e  ee   eeee
/data3fast/users/mbermudez/de_02/TFGDataset/img/T2_1456.png|deeeeeeee      e eeee   eee eeeee  ee  eeee ee  eeeee  ee  ee eeeee   eeeeee e  ee eeeeee e ee   eee  eee e  eee eee  e
/data3fast/users/mbermudez/de_02/TFGDataset/img/T2_0057.png|deeee eee   e    e e  e e       eee e  e    eeeeeeeee eeee     e e  ee     e   eeee e    e   eeeee  e eee  eeee eeee e 
/data3fast/users/mbermudez/de_02/TFGDataset/img/T2_1051.png|deeee        ee  eeeeee e      eeeee      e  e eee ee  e    e e  eeeeeee e e      ee    eee eee  e    ee  e eee     eee
/data3fast/users/mbermudez/de_02/TFGDataset/img/T2_1124.png|eeeee eee   e e   ee  eeeee e eeeeeeeeeeeeeeeeeeee  eeeeee eeeee  e      eeeee  ee ee       ee  eee ee ee  eeeee   ee  
/data3fast/users/mbermudez/de_02/TFGDataset/img/T2_0383.png|deeeeee   e    eeeeee  e    eeeee   ee      e  eee         eee         e e  e eeeeeeee  e             e ee eeeee      e
/data3fast/users/mbermudez/de_02/TFGDataset/img/T2_0450.png|deeee e e e   ee   e e      eeeeeeeee  e      ee          ee    eeeeeee e    e e   eeee    eee   e    eeeeeeeeeeeeeee e
/data3fast/users/mbermudez/de_02/TFGDataset/img/T2_0426.png|eeee      eee   e  eeeeeeeeeeeeeeeeeeee     eeeeeee e   e   ee  eeeeeee e     ee   eeeee eeee e            e    eeeeee 
/data3fast/users/mbermudez/de_02/TFGDataset/img/T2_1491.png|deee             eee    ee eee      ee ee e          e eee  e eeee eeee   ee   eee    e  e  e eeeeeeeeeeee eee  e   eee
/data3fast/users/mbermudez/de_02/TFGDataset/img/T2_1354.png|deee         e      eee      e     eeee         eee  e ee   eee e    e       eeeeeee  e        eeeee    eeeeee  e e ee 
/data3fast/users/mbermudez/de_02/TFGDataset/img/T2_1420.png|eeeeee  e e      e e   ee  e eeee      ee ee     e eee      eee     eee           ee  e   ee   eeee   e   ee         e 
/data3fast/users/mbermudez/de_02/TFGDataset/img/T2_1291.png|eeee  e  e    e eee  e eeeeee  eee   e  eeee  ee e    e  eeeeee  e          e     e           ee         ee ee     eeee
/data3fast/users/mbermudez/de_02/TFGDataset/img/T2_1427.png|         eee  e   ee e      ee  eee e      ee   eee   e  eeee e eeeeeee     e        eeeeeeee       eee   e     eee    
/data3fast/users/mbermudez/de_02/TFGDataset/img/T2_1116.png|dee         e   e  eee  eeeeee     eeeeeeeee  ee  ee    eeeee eeeeeee         eee  eeee   eeeee   e eee  e ee   eeeeeee
/data3fast/users/mbermudez/de_02/TFGDataset/img/T2_1465.png|eeeee       ee ee     e   e      ee   eee e  eeeeeee  eee         eeeeeee   eeeeee     eeeeeeeee   eeee     e       eee
/data3fast/users/mbermudez/de_02/TFGDataset/img/T2_1411.png|deee            eee          e          eee ee e e  eeeeeee  eeee       e           eeeeeeeee  ee eee  eee eeeee     e 
/data3fast/users/mbermudez/de_02/TFGDataset/img/T2_0432.png|d       e  eee             e    eee   eee eeeee        e eeeeeee     e  e ee   eee     eee        e     eee          e 
/data3fast/users/mbermudez/de_02/TFGDataset/img/T2_0538.png|eeeeee            ee     e e e  eeeee eee e  e    e e  ee e  eeeee e        ee  e e e eeeee eeeeeeeeeee        e   e   
/data3fast/users/mbermudez/de_02/TFGDataset/img/T2_0249.png|dee         ee e    e            e         eee e          e            e      e   eeee    e    e  eeeeee       eee e   
/data3fast/users/mbermudez/de_02/TFGDataset/img/T2_0849.png|eeee  e       e ee        e    ee    eee e  e  e  e ee  eee   eee   eeee     e    eeeee           ee   e e   eee e     
/data3fast/users/mbermudez/de_02/TFGDataset/img/T2_1091.png|eeeee        eeeeee eeeeeee      eeee  e            e        eeeee eee   eeeeeee ee       eeeee            e   eee     
/data3fast/users/mbermudez/de_02/TFGDataset/img/T2_0298.png|deeee   e  e eee  e  e eeee              eeee    eee     eeeee   ee   eee  e e      e       eeeeee   eeee    ee  e     
/data3fast/users/mbermudez/de_02/TFGDataset/img/T2_0791.png|dee ee        eeee    ee eeeee e   eee       ee  ee ee   e e     eeee     e     eee  e        ee e   eeeeeeeee     e e 
/data3fast/users/mbermudez/de_02/TFGDataset/img/T2_0582.png|deee    e eeee eeeeeee  e e     eeeee e  ee       eee         e          e     e     e   e  e  e eeee e       eeee e ee
/data3fast/users/mbermudez/de_02/TFGDataset/img/T2_0163.png|eeee                      eeee e  eeeeee            e e e eeee          e           e eee e     e   ee             e  e
/data3fast/users/mbermudez/de_02/TFGDataset/img/T2_1240.png|eeee         eeee   eeee  eee  eeeeee   e         e ee  e e ee e                  ee     e     e    e eeeeeee   eeee   
/data3fast/users/mbermudez/de_02/TFGDataset/img/T2_0014.png|eeeee                eeeee  e   eeeeeeeee eeee  eee ee ee    eeeee      eeee e       eee e e eeee           e  eee   ee
/data3fast/users/mbermudez/de_02/TFGDataset/img/T2_1161.png|deeee        e         eeee       e    eeeeeeeee e e e    ee e            e ee eeeeeeee   eee   eee   eee     eee      
/data3fast/users/mbermudez/de_02/TFGDataset/img/T2_0319.png|eeeeee   e        eeeeeeeee       ee     e    e                      eeeeeee     e      e   e eeee         e  e   e eee
/data3fast/users/mbermudez/de_02/TFGDataset/img/T2_0299.png|eeeee   e ee  e      e  e  eee  e  eee eee      eeee   eeee        e               e  e e   e  e           eee    e    
/data3fast/users/mbermudez/de_02/TFGDataset/img/T2_1290.png|dee         eeeee    e eeeee   e     e        e        e         eee  ee  eeee   ee e            ee e e e         e    
/data3fast/users/mbermudez/de_02/TFGDataset/img/T2_0517.png|eeeeee    ee  e  e      e     e       eeeeeeee        ee                             e   e      ee eee      eee        
/data3fast/users/mbermudez/de_02/TFGDataset/img/T2_0404.png|de     e   e e                   ee            ee    eeee   eee  ee      e      e         e    e     e  ee ee  eeeee ee
/data3fast/users/mbermudez/de_02/TFGDataset/img/T2_0024.png|dee e e   e eeee        e       e   ee       eee  e  ee ee eeeee e           eeee  e       eee       e eee    eeeeee  e
/data3fast/users/mbermudez/de_02/TFGDataset/img/T2_0706.png|eeeeeee ee    eee ee    ee  e      e  e   eeee             ee  eee    e   e     eee  e      e eeee  e       e  ee   ee 
/data3fast/users/mbermudez/de_02/TFGDataset/img/T2_0149.png|eeeeee e   eee        eee           eee   e     ee e  e ee eeee   ee       e    e   eeee          e   ee  ee       e   
/data3fast/users/mbermudez/de_02/TFGDataset/img/T2_1145.png|eeeeee ee             ee     ee e ee     e eeeeeeeeee   e        e          ee eeee             eee       eee          
/data3fast/users/mbermudez/de_02/TFGDataset/img/T2_0077.png|eeee         e e eee      eeee         e  eeeeeeeeee eeeee         e   ee  e e     e     eee eeee      e             ee
/data3fast/users/mbermudez/de_02/TFGDataset/img/T2_1434.png|deee e          ee e         e                e e           e           e eeee  e  ee eeee           e ee          e   
/data3fast/users/mbermudez/de_02/TFGDataset/img/T2_0727.png|eeee     ee              eeee       e ee    e eeeee            e                  eee  e   e            eeee ee  e eee 
/data3fast/users/mbermudez/de_02/TFGDataset/img/T2_1277.png|eeeee         ee   e  e          e    e        eee   ee eeee                       e e  eeeee e       eeee             
/data3fast/users/mbermudez/de_02/TFGDataset/img/T2_0620.png|deeee                e    ee    ee ee   e eee         eeeeee  ee    ee    e         eee      ee e      ee eee e     e  
/data3fast/users/mbermudez/de_02/TFGDataset/img/T2_0389.png|deee                e         e      eee  e   eeee    eee     eeeeeeeeeee  e          e    e eeee             e     e  
/data3fast/users/mbermudez/de_02/TFGDataset/img/T2_0510.png|eeee               e     e e     eeee               ee    e  eeee         e  e    ee    eeeee       ee  e  ee     e    
/data3fast/users/mbermudez/de_02/TFGDataset/img/T2_0828.png|eee e      eee  e  e            ee e e        eeeeeee    e  e   e    eeee e e    ee       eeee    e        ee e  e     
/data3fast/users/mbermudez/de_02/TFGDataset/img/T2_0409.png|eeeeeee       eee     e e      e     e     ee e          e  ee   e  eeeeee     ee e  eeeee  eeeeee           ee       e
/data3fast/users/mbermudez/de_02/TFGDataset/img/T2_0861.png|dee       eee      eee        eeeeee  eee   e e      e  eeee     e  e  ee        e eee   ee e  eee  ee         ee  eee 
/data3fast/users/mbermudez/de_02/TFGDataset/img/T2_0597.png|eeee    e           e          e   e        ee e     e  eee eee         e        e    ee      e       eeeeeeee      eee
/data3fast/users/mbermudez/de_02/TFGDataset/img/T2_1357.png|eeeee     eee        e  ee      eeee         e eeeeee  e e             e   e  e e      e     e     eeee     eee   e   e
/data3fast/users/mbermudez/de_02/TFGDataset/img/T2_0010.png|dee      e     ee                       e  e      eeeeeeee                    eeeeeee    e   e ee  eeeeeee  eeeeee e   
/data3fast/users/mbermudez/de_02/TFGDataset/img/T2_1431.png|deeee   e    ee       e       eeeee           e    ee e     e e e     ee                ee   e   e          e  e  eee  
/data3fast/users/mbermudez/de_02/TFGDataset/img/T2_1464.png|eeee ee        ee eeee      eeeee ee         e e         e    e e e       eeee     ee ee  e                 eee eeee   
/data3fast/users/mbermudez/de_02/TFGDataset/img/T2_0177.png|deeee       ee e     e    eeeeeeee          ee    eeeeeeeeeee   e eeeeeeee e    e e    ee  eeee    eee  ee eeee     e  
/data3fast/users/mbermudez/de_02/TFGDataset/img/T2_0244.png|eeee   e e    e    e          e  ee        eeeee eee e                         ee e    e  eeeeeeeeee  e        e       
/data3fast/users/mbermudez/de_02/TFGDataset/img/T2_1186.png|eeee           e  ee ee e               e                 ee    ee       e eeee    e   eeee          ee  ee eeeeee  e  
/data3fast/users/mbermudez/de_02/TFGDataset/img/T2_0492.png|eeeeeeee  e            eee     e          e  eeeeeeee               ee  ee eeeeee eeeee       eeeeee       eee         
/data3fast/users/mbermudez/de_02/TFGDataset/img/T2_1249.png|eeeee     ee     eee     ee              eeee   e  e eeee e                  ee  e   eeee    e  e  eeeee       eee     
/data3fast/users/mbermudez/de_02/TFGDataset/img/T2_0768.png|eeeee              ee                     e            e       e        eee          e     eeee                        
/data3fast/users/mbermudez/de_02/TFGDataset/img/T2_1061.png|deeee ee   e  e           e                ee           ee        e      e  eeeee e                   ee          eeeee
/data3fast/users/mbermudez/de_02/TFGDataset/img/T2_1326.png|deee           e   eeeeeee e            eee     eee     e  ee        ee  e     e            ee ee                    ee
/data3fast/users/mbermudez/de_02/TFGDataset/img/T2_1094.png|eeeee  e      e    e   e eee e e   ee      e        e   ee eeee      eee   e     e  eee       ee   ee          eee     
/data3fast/users/mbermudez/de_02/TFGDataset/img/T2_1039.png|dee     e       e    eeee                   e     e eeee             eee                             eeeeeee  eee      
/data3fast/users/mbermudez/de_02/TFGDataset/img/T2_0029.png|deeee          ee                eeee         e  e ee             ee        ee  e e       e  eee  e      e    e        
/data3fast/users/mbermudez/de_02/TFGDataset/img/T2_0548.png|eeeee        e   e         ee e                 e  e        eee     eeeeee       ee  ee           eeeeeeee          e  
/data3fast/users/mbermudez/de_02/TFGDataset/img/T2_0887.png|deee              e       ee     eee              e eeeeee  e  e  e           ee   ee  e        e    e       e e   e e 
/data3fast/users/mbermudez/de_02/TFGDataset/img/T2_0769.png|eeee     ee      ee    e                  e e            eeeee       e e                e   e             eee eeee e e 
/data3fast/users/mbermudez/de_02/TFGDataset/img/T2_1483.png|deee           eee              e                 e        ee  e      e               e        eee e    ee          e  
/data3fast/users/mbermudez/de_02/TFGDataset/img/T2_0598.png|deeeeee          ee           eeeeee       ee    e     e                   eeee    e     ee    e       ee  eee         
/data3fast/users/mbermudez/de_02/TFGDataset/img/T2_0196.png|deee           ee     ee e    e  ee        e                  e                    e   ee         e e        eee eeee  
/data3fast/users/mbermudez/de_02/TFGDataset/img/T2_0471.png|deeee ee                     e  e       eee   e      ee  e           ee   e e  e e   e    eeee    e      e eeee   e    
/data3fast/users/mbermudez/de_02/TFGDataset/img/T2_0303.png|deee            eeeeeee              e    e ee      ee         e  eeee            ee   e e    e eee     e              
/data3fast/users/mbermudez/de_02/TFGDataset/img/T2_0096.png|deee   e        e ee e  ee         e ee         eeeeeee     eee    ee   e  e                  ee e  e          eee     
/data3fast/users/mbermudez/de_02/TFGDataset/img/T2_0940.png|deeee       e        e        e eeeeee  ee    eee  e e  e         ee      eeee   e   e  eeee            ee ee     e    
/data3fast/users/mbermudez/de_02/TFGDataset/img/T2_0652.png|eeee                     ee  e eeee    ee  e e                              e                 ee  e               e eee
/data3fast/users/mbermudez/de_02/TFGDataset/img/T2_1054.png|deee         e    eee            e  eee    e  e   ee ee e e               eeee      e          ee            e eee     
/data3fast/users/mbermudez/de_02/TFGDataset/img/T2_0523.png|deeeee         eeee              e     e            ee              ee ee     e    e   e     e    e      e  eeee  ee   
/data3fast/users/mbermudez/de_02/TFGDataset/img/T2_1261.png|eeee e                       e   ee      eee ee      e           ee     e ee     e       e      ee   ee  ee    eee   ee
/data3fast/users/mbermudez/de_02/TFGDataset/img/T2_1379.png|eeee           e ee             eee                eeee   e              e      eee    eeeee                eee   e  e 
/data3fast/users/mbermudez/de_02/TFGDataset/img/T2_0533.png|deeee                eee           e eeeeeee   e e  e      e       ee  ee      e           e e          e eee          
/data3fast/users/mbermudez/de_02/TFGDataset/img/T2_0571.png|dee             eee                   e e    ee    e       eeeeee   e eee            e        ee   eeee             ee 
/data3fast/users/mbermudez/de_02/TFGDataset/img/T2_0779.png|eeee         e     e e  e    e            e     e       eee         e e             e eee  e       ee                  
/data3fast/users/mbermudez/de_02/TFGDataset/img/T2_1187.png|deee  e   e  e ee       eee  e      e   e                  e   eeeee             ee   ee    e     eeee                 
/data3fast/users/mbermudez/de_02/TFGDataset/img/T2_1076.png|deeeee  e                       e      e             eee    e  ee           e e    e            eee     e  eee         
/data3fast/users/mbermudez/de_02/TFGDataset/img/T2_0451.png|deee         e      e  e        e   eeeeee       e ee       eeeee          e  eeeeee            ee         ee ee      e
/data3fast/users/mbermudez/de_02/TFGDataset/img/T2_1253.png|eeeee      ee    e      eee   ee  ee e     e         ee                        e    e   e e        eeeeee e  ee        
/data3fast/users/mbermudez/de_02/TFGDataset/img/T2_0824.png|eeeeeee ee                                eeeee    ee e  e  ee e       ee        ee     e eeee                 eeeee   
/data3fast/users/mbermudez/de_02/TFGDataset/img/T2_0318.png|eeeeeee         ee     ee e    ee              ee   e   ee      e          e  ee  e  ee          ee       ee    e      
/data3fast/users/mbermudez/de_02/TFGDataset/img/T2_0753.png|eeee                ee  e      ee          e       e          e      e    e        eee  e          e     e  e  eeee eee
/data3fast/users/mbermudez/de_02/TFGDataset/img/T2_1056.png|deee          ee e e       e eeee e        e                   eeeeee     e       eeee   e          eee   e    eee     
/data3fast/users/mbermudez/de_02/TFGDataset/img/T2_0173.png|eeeee                   ee e     ee e e                e eeee      eee   eeee e       ee               eee  e ee    ee 
/data3fast/users/mbermudez/de_02/TFGDataset/img/T2_0266.png|deeee          e               eee        eeeee     e              e  e   ee eee eee      ee                eeeee e    
/data3fast/users/mbermudez/de_02/TFGDataset/img/T2_0558.png|dee            e      ee  ee         e       eee e       e   ee     ee             e  e                 e              
/data3fast/users/mbermudez/de_02/TFGDataset/img/T2_0938.png|eeee        e                    ee   e e e                e   ee       ee e     e    e          eee  e                
/data3fast/users/mbermudez/de_02/TFGDataset/img/T2_0215.png|deee      e        e  e                    ee e                e eee           ee      e e           ee       e        
/data3fast/users/mbermudez/de_02/TFGDataset/img/T2_0075.png|eeee            e      e            eeeee         eee e               e   e    ee       eee        eee      e          
/data3fast/users/mbermudez/de_02/TFGDataset/img/T2_0207.png|eeee      e                 eeeeee     eeeee             ee    ee  e      ee           eee          e                  
/data3fast/users/mbermudez/de_02/TFGDataset/img/T2_0328.png|deee       e             e eeeeeeeeee         e       eeeeeee   ee  eeeeeee   eee       ee       eeee ee eee           
/data3fast/users/mbermudez/de_02/TFGDataset/img/T2_0132.png|deee                e         e      e e    ee      eeee                       ee         e              e       eee  e
/data3fast/users/mbermudez/de_02/TFGDataset/img/T2_0941.png|eeeeee   ee    e       ee eee   eee     ee           ee e       e e           e        ee       e e                  e 
/data3fast/users/mbermudez/de_02/TFGDataset/img/T2_1350.png|deee     e                                      e  eee                          e        ee    e       eee       ee    
/data3fast/users/mbermudez/de_02/TFGDataset/img/T2_1059.png|eeee          e                    e       ee e                 eee ee e        e         ee   ee  e       ee e    e   
/data3fast/users/mbermudez/de_02/TFGDataset/img/T2_1184.png|deee       e     e           e e  ee              e                           eeee      ee             ee   e          
/data3fast/users/mbermudez/de_02/TFGDataset/img/T2_0061.png|eeee          e        eee             e     e e                          e      ee   e           e  e e   ee        e 
/data3fast/users/mbermudez/de_02/TFGDataset/img/T2_0464.png|eee       eeee e   e           e ee          eee      e           eee e              e ee             eee     e   e    
/data3fast/users/mbermudez/de_02/TFGDataset/img/T2_0083.png|deee      eee e          ee          eee e  e    eeee                     ee    ee  e ee         e ee         e    e   
/data3fast/users/mbermudez/de_02/TFGDataset/img/T2_1104.png|deee      e                    ee  ee    eeee          e               ee                        e e      e           e
/data3fast/users/mbermudez/de_02/TFGDataset/img/T2_1088.png|eeeee             eee    ee e  eeeeee          eeee                    e e eee           ee e e         e  e  e    e   
/data3fast/users/mbermudez/de_02/TFGDataset/img/T2_1351.png|eee               eee         e                          e               e    eee         ee    ee  e  ee e      e   ee
/data3fast/users/mbermudez/de_02/TFGDataset/img/T2_1190.png|deee             e      eee  e   ee                  e  ee  ee        eeeee    ee ee                ee         ee  ee  
/data3fast/users/mbermudez/de_02/TFGDataset/img/T2_0169.png|deeee       ee    e                      e        eee            eee  e       eee               e       e    e     eeee
/data3fast/users/mbermudez/de_02/TFGDataset/img/T2_0076.png|deeee   e                 e     e             e   e      eee e e ee               eeeeeee          e   eee       e     
/data3fast/users/mbermudez/de_02/TFGDataset/img/T2_0873.png|deee    ee             eee         ee eee   e      eee                     e    ee            eeee   ee        ee      
/data3fast/users/mbermudez/de_02/TFGDataset/img/T2_0032.png|dee                    e     ee              e       ee  e                   ee           ee                  ee    e  
/data3fast/users/mbermudez/de_02/TFGDataset/img/T2_0446.png|eeeee  e    ee     e  e      e                           e e     e    e e e   e e   e  e  eeeeeee  e  e    e           
/data3fast/users/mbermudez/de_02/TFGDataset/img/T2_0485.png|eeee                          e                 e     eeee     e              eeee  e  e         eee    e              
/data3fast/users/mbermudez/de_02/TFGDataset/img/T2_0317.png|deee       e          eeee    e  e    eeeeee            e eee  eee    e                                                
/data3fast/users/mbermudez/de_02/TFGDataset/img/T2_0977.png|deeeeee          e  eee  e                                        e   e e                 e        e     e  eee        
/data3fast/users/mbermudez/de_02/TFGDataset/img/T2_1183.png|eeee                    e   ee       e  e            e   eeeeeeeeeeeee      ee  ee         ee            e    ee  e    
/data3fast/users/mbermudez/de_02/TFGDataset/img/T2_0713.png|de         e e     e      e              eee   e e     ee        e      eeeeee    eeeee    e        ee                 
/data3fast/users/mbermudez/de_02/TFGDataset/img/T2_0100.png|eeeee     e          e ee                          ee   e                          eeeeee       e    e        eeee     
/data3fast/users/mbermudez/de_02/TFGDataset/img/T2_0797.png|eeeee                       e    ee eee      eeee           e    eeeee                     e       e                   
/data3fast/users/mbermudez/de_02/TFGDataset/img/T2_0568.png|eeee     e    ee       e  ee  eee       e                 ee                       e   eeeee     e                     
/data3fast/users/mbermudez/de_02/TFGDataset/img/T2_0685.png|deee   ee                       e         ee         eeeee  ee            e                   e e               ee     
/data3fast/users/mbermudez/de_02/TFGDataset/img/T2_0391.png|deeee          ee          eee           e        eeeee               eeeee                           ee          e  e 
/data3fast/users/mbermudez/de_02/TFGDataset/img/T2_0738.png|eeeee    e       e e        e    e    e  ee   e  e  eee       ee e   eee  e                ee  e                       
/data3fast/users/mbermudez/de_02/TFGDataset/img/T2_0679.png|eeee                     ee                 e eeee          e e      e         e        ee   ee       e      e eeeeee  
/data3fast/users/mbermudez/de_02/TFGDataset/img/T2_0475.png|eeee    ee  e       eee      e   eeeee       e     e        eeee                e  e  e  ee     e    eeeee     ee   eee
/data3fast/users/mbermudez/de_02/TFGDataset/img/T2_0119.png|eeee            eee         ee  e e   e      e   e eee             ee e  ee         ee     ee               ee        e
/data3fast/users/mbermudez/de_02/TFGDataset/img/T2_1365.png|deee         ee         eee   e      ee      ee e   e   e   eeee     e   eee               eeee eeeeee      ee   eee   
/data3fast/users/mbermudez/de_02/TFGDataset/img/T2_1349.png|eeee            eeeee        eeeeee       ee    ee                    ee e     ee       ee e     e           e    e    
/data3fast/users/mbermudez/de_02/TFGDataset/img/T2_0955.png|deee     e    e ee     ee  e   ee     e  ee   ee                  e     e e     eee e    ee      e e    ee  ee      e  
/data3fast/users/mbermudez/de_02/TFGDataset/img/T2_0271.png|dee           e      e  e                   e     ee e      ee                e        eee   eee  e        ee          
/data3fast/users/mbermudez/de_02/TFGDataset/img/T2_0928.png|dee    e         e          e    ee    e e eee                eeee      ee  eeee e e  ee  ee       eee                 
/data3fast/users/mbermudez/de_02/TFGDataset/img/T2_0917.png|ee                    e  e   e             ee      ee     ee     e           eee           ee     e e   eeee     e eeee
/data3fast/users/mbermudez/de_02/TFGDataset/img/T2_1138.png|eeeee    ee         eee         e e  e ee        ee          e  ee    e   e  ee   eee                       eee  e     
/data3fast/users/mbermudez/de_02/TFGDataset/img/T2_1359.png|eeeee   e ee    e  ee e e  e e         e     ee ee      e  e  ee        ee         ee e      e   e    ee e  eeee       
/data3fast/users/mbermudez/de_02/TFGDataset/img/T2_0258.png|eee e     ee  e            e eeeee   e eeee  e   e             e      eeeeeeee    e    ee e            eeee  e         
/data3fast/users/mbermudez/de_02/TFGDataset/img/T2_1276.png|deeeeeee   e         eee e e           eee eee    ee         e   eee  e      eeeeee     e  e      e   e  e   ee     e  
/data3fast/users/mbermudez/de_02/TFGDataset/img/T2_0370.png|ee         eeeeee         e  ee      e    eeeeee   e           eeee        e         e ee          e e        e    ee  
/data3fast/users/mbermudez/de_02/TFGDataset/img/T2_0291.png|deeeee       eee      e                ee   e     e     eeeee         eeee    e   eee  eeeeee   eee  eeee  eee   e e  e
/data3fast/users/mbermudez/de_02/TFGDataset/img/T2_1478.png|deeee          eeee    eeeee e  ee   eee   e  eeee e        e  ee e eee               ee          eeee  ee ee    e     
/data3fast/users/mbermudez/de_02/TFGDataset/img/T2_1245.png|eee    e               eeee    e     eee    eeeee                        eee   e      eee  e  e       eee          e   
/data3fast/users/mbermudez/de_02/TFGDataset/img/T2_0690.png|eeeeee  ee eeeee              e    e ee e                     ee                    eeeeeee  eeee  eeeeee    eee  e  e 
/data3fast/users/mbermudez/de_02/TFGDataset/img/T2_0642.png|deee                       ee  eee ee e  eee     eee  e       eeee       e       e   ee  eee   ee        ee  e ee      
/data3fast/users/mbermudez/de_02/TFGDataset/img/T2_1064.png|deee                         e   e e             e        ee  e                   eeee  ee             ee eee         e
/data3fast/users/mbermudez/de_02/TFGDataset/img/T2_1300.png|deee       e                       ee               ee ee       eee e      eeeee       eee  e  e          eee  e       
/data3fast/users/mbermudez/de_02/TFGDataset/img/T2_1458.png|deeee   eeee  e  e      e e   e      eeeeeeee eeee e          e  eeeeee     ee                      eee        ee e ee 
/data3fast/users/mbermudez/de_02/TFGDataset/img/T2_0607.png|eeee   eee         e  ee    e      e  e      ee  e    e  ee             ee     eeee      e e         e e         e     
/data3fast/users/mbermudez/de_02/TFGDataset/img/T2_0837.png|eeeee                 ee     e e  eee    e ee       eeee   ee  e       eeeee       e e    ee ee      ee                
/data3fast/users/mbermudez/de_02/TFGDataset/img/T2_1492.png|eeeeeee      e ee  eeee  ee ee ee       e  eeee    e      e     e e           e e eeeee           ee          e ee     
/data3fast/users/mbermudez/de_02/TFGDataset/img/T2_0292.png|deee      e           e e eeeee                        e            e            eee     e   e                   e  e e
/data3fast/users/mbermudez/de_02/TFGDataset/img/T2_1212.png|dee               e ee     ee   eeeee     e eee   e eee  ee  e  ee e  e  e e  eee   eee    e eeee   e e     eeeeee     
/data3fast/users/mbermudez/de_02/TFGDataset/img/T2_0562.png|deee        eee        e  ee      e  e       eee  e      eee eeee  e      e eee e     e  e e  eee             e  ee  e 
/data3fast/users/mbermudez/de_02/TFGDataset/img/T2_0118.png|deeeee   e            ee      eeee    e      e       e            e    eeee     e e          eeee        e e eee       
/data3fast/users/mbermudez/de_02/TFGDataset/img/T2_0688.png|eeeee                  e         e   e    e            eeeee eeeee  e   ee ee         e e     eee             eee      
/data3fast/users/mbermudez/de_02/TFGDataset/img/T2_0936.png|eeee            e   ee eee     e     e ee                    ee e  eee   ee e       ee  ee   e e   eee         eee  eee
/data3fast/users/mbermudez/de_02/TFGDataset/img/T2_0871.png|deee        ee eee     eee     e  ee               e e e        eee   ee      e             e   e     e ee   eeeee     
/data3fast/users/mbermudez/de_02/TFGDataset/img/T2_0313.png|deee    e e   ee        ee    eeee     eeeeeeeeeeee             ee       eeeeeee ee  ee e e e    ee      ee eeeeeee   e
/data3fast/users/mbermudez/de_02/TFGDataset/img/T2_0473.png|eeeee     eee e ee eeee        e    e           eee         e       eeeee   e                e     e  eeeee    e       
/data3fast/users/mbermudez/de_02/TFGDataset/img/T2_1224.png|eeee             e   e  e       eeee  eee  ee                    eee    ee   eeee  eeee  e        ee  ee ee e    e ee e
/data3fast/users/mbermudez/de_02/TFGDataset/img/T2_0869.png|deeee            e       e e eee    e  eee e ee e        eee  eee              e        e       e  ee  eee       ee e  
/data3fast/users/mbermudez/de_02/TFGDataset/img/T2_0799.png|eeeeee          e     ee    eee  ee                          eee         e ee     e    ee ee        eeeee   e   ee     
/data3fast/users/mbermudez/de_02/TFGDataset/img/T2_1090.png|d e            e ee e  eee  e            eeeeee       eee eeeee       ee    eeeeee     e   eee e        eeee e       ee
/data3fast/users/mbermudez/de_02/TFGDataset/img/T2_0359.png|eeee            e eeee    eee  e   e       e  e ee     eee             ee ee         eeee    e e  eee    ee            
/data3fast/users/mbermudez/de_02/TFGDataset/img/T2_1108.png|deeeee       ee   e eeee         e       e eee   e   ee      ee   e   eeeeeeeeee    eee ee     e eee      e e  e    e  
/data3fast/users/mbermudez/de_02/TFGDataset/img/T2_1155.png|eeee e               e    ee   eeeeee eeee         e eeee  eeee e  e         e eee    eeee         eeeee e eeee e  eeee
/data3fast/users/mbermudez/de_02/TFGDataset/img/T2_1044.png|eeeeeee e                           e  e  eeeee   eeeeee    ee           ee ee    e eeee ee eee   eeeeeeeee  e     e   
/data3fast/users/mbermudez/de_02/TFGDataset/img/T2_0195.png|eeeee eee     e     ee      e   e    eeee e    ee eee      eeee  eeeee     e  ee ee  e      e        eeee  eeeee  e    
/data3fast/users/mbermudez/de_02/TFGDataset/img/T2_1013.png|eeeee      eeeeeeeeeee  eeeeee  eeeee  e  eee  ee ee                e ee    eeeeee ee eee e ee   ee  ee   e ee    eeeee
/data3fast/users/mbermudez/de_02/TFGDataset/img/T2_1068.png|eeeeee         eee ee e      ee   e         eeeee eeeee    e e      e  eeeee ee eee      e    e     e e  eee      eee  
/data3fast/users/mbermudez/de_02/TFGDataset/img/T2_1412.png|eeeee ee   eeeeee  eee  e  eeee eee e e          e    ee eeeeee  e e  ee         ee     e                    e     ee e
/data3fast/users/mbermudez/de_02/TFGDataset/img/T2_0192.png|eeee    e       e  eee      ee                          e  ee    eeeeee    e    e        e  e  ee     ee  eeee      e  
/data3fast/users/mbermudez/de_02/TFGDataset/img/T2_0269.png|eee    eee e ee ee          eeee eee      ee        e      ee   eee  e            eeee eee e eee    e  e  e     e eeee 
/data3fast/users/mbermudez/de_02/TFGDataset/img/T2_1320.png|dee                        ee   e         e     eeeee            ee    eeee      eee     e ee           ee e         e 
/data3fast/users/mbermudez/de_02/TFGDataset/img/T2_1251.png|eeeeeeee      e  e      e   e   e  e     e  e ee e e        ee  eeeeeeeeee           e  e ee   e     e ee   ee         
/data3fast/users/mbermudez/de_02/TFGDataset/img/T2_1388.png|eeeee   eeee   ee e    eeee       e   e  eeeeeee       eeeee e  eee  e     ee eeee     eeeee eeeee     e  e   eeeeee   
/data3fast/users/mbermudez/de_02/TFGDataset/img/T2_0276.png|eeeeee    e    eeeeeee     eeeee   eeeeee       e  eee eee ee    ee e     eeeeeeeeee e  e eeeeeeeeeeee e    ee      eee
/data3fast/users/mbermudez/de_02/TFGDataset/img/T2_0286.png|de e            e  eee e     eee        ee e    e     e        ee      e  e   e    eee  e  e ee           e  e ee eee  
/data3fast/users/mbermudez/de_02/TFGDataset/img/T2_1034.png|deeeeeeee eeee    eeeee    e eeeee eeeeee  eee                eeee ee  e ee   eeee e  eeeeeee eee      e eeee e   ee e 
/data3fast/users/mbermudez/de_02/TFGDataset/img/T2_0125.png|eeeeee   e              eeeeeee  ee         e      e eee          e  e e  e eeee e   e ee   eeeeeeeeeeee eeee    ee    
/data3fast/users/mbermudez/de_02/TFGDataset/img/T2_0569.png|eeeee eeeeeeeeee        eeee      ee  e          eee       eeee         eeeeee        eeeeee   e  ee eee     eeee  ee  
/data3fast/users/mbermudez/de_02/TFGDataset/img/T2_0580.png|deee          e  ee e e      ee   ee          e    eeeee   e  eee  eee  e ee eee  e ee eee     ee  ee eee     ee   eeee
/data3fast/users/mbermudez/de_02/TFGDataset/img/T2_1080.png|deee          e  eeee  ee    eeeeeee e   e e e   eeeeeeeee         eeeee     ee      ee eee         eee e eeee ee e eee
/data3fast/users/mbermudez/de_02/TFGDataset/img/T2_0252.png|deeeee           e  ee e e  ee eeee e eee      ee   ee    eeeeeee  eee  ee     eeeeeeeeee e e ee ee  eeee eeee    e   e
/data3fast/users/mbermudez/de_02/TFGDataset/img/T2_0515.png|eeeeee      ee ee   ee    e  eee    e e  e e            e e  ee  eee ee e      e  eee  e       ee  e ee e          e   
/data3fast/users/mbermudez/de_02/TFGDataset/img/T2_0020.png|eeeee              eeee  eeee eeeeeee     ee      eeeee e     e  ee  eeeeeeee   e        e e      e         e      ee  
/data3fast/users/mbermudez/de_02/TFGDataset/img/T2_1376.png|eeeeee          eeeeeee        eeeee  ee eee  ee    ee  eee  ee         ee  ee ee  eeee e  e  eeeee e      eee  eee ee 
/data3fast/users/mbermudez/de_02/TFGDataset/img/T2_1008.png|eeeeee e eeeeeee  e     eeeeeeeeeeeeee  eeeeeeee ee  e   eeeeee         ee eee e  e          e   e   e   e     e    e e
/data3fast/users/mbermudez/de_02/TFGDataset/img/T2_0545.png|deeee  e     eee eee    e   eeeee   eee  e       eeee      e   e ee e         ee  eee  e  eeeeee eeee   e   ee         
/data3fast/users/mbermudez/de_02/TFGDataset/img/T2_0822.png|eeee  eee e         ee    eeeee   e e    e  eeeee eeeeeee        e ee eeeeeee        ee eeeeee    e           eeeeeeee 
/data3fast/users/mbermudez/de_02/TFGDataset/img/T2_1237.png|deeeeeeeeee      eeeeee   ee    eeeeeeee   e    eeeeeeee   e e  e eee            e      eeee eee    e e ee    ee       
/data3fast/users/mbermudez/de_02/TFGDataset/img/T2_1189.png|eeeeeeee   e eee   eeeee  eeee e    ee  eeeeeeeeeee    ee   eeeeeeee   e       e   ee ee e     eee ee  e     ee eee  e 
/data3fast/users/mbermudez/de_02/TFGDataset/img/T2_1430.png|deeeeeee   eeeeeee e      e eeee eeeeeeeeeee        e  e e  eee   e eeee ee  ee e e eeeeee     e e      eeee   eeee e e
/data3fast/users/mbermudez/de_02/TFGDataset/img/T2_0436.png|deee      e  e      eee e  eee     e        e      e  eeee  e          eee  e ee      eeee    e eeeeeeeee    ee e e  e 
/data3fast/users/mbermudez/de_02/TFGDataset/img/T2_0461.png|eeeeee   e        ee    e       ee  eeeeee   e eeeee  e ee   e     e   eee  e eee eeee ee eeeeeeeeeee     eee ee   eeee
/data3fast/users/mbermudez/de_02/TFGDataset/img/T2_0019.png|deeeee e e      e          eeee        ee  eee   eeeeee eeeee        eee     e  eeee eeeee    eeeeee  eee       e eeeee
/data3fast/users/mbermudez/de_02/TFGDataset/img/T2_0704.png|ee              eeeeeee    e  e ee      eee     ee      eee e e      ee ee     e    e        e e     ee            ee  
/data3fast/users/mbermudez/de_02/TFGDataset/img/T2_0924.png|eeeeee  e  eeeee           e e    eee e   eeeeeeeee eee eeeee     eeeeeeee eee  eee  e e    eeee   e   eee  ee      eee
/data3fast/users/mbermudez/de_02/TFGDataset/img/T2_1182.png|deeeee   ee eeee  eeeee eeeeee  eee       e     eeeeee  e  eeee eeeeeee  eeeeeeeeeeeeee e   ee ee    eeeeeee  e ee  e e
/data3fast/users/mbermudez/de_02/TFGDataset/img/T2_1408.png|ee          eeeeeeeee   e      e eeeee  eeeee   e   e    ee  e    ee e    e e eee e  ee  e e  eeee eeeee        e eee  
/data3fast/users/mbermudez/de_02/TFGDataset/img/T2_0253.png|deeeee       eee eee       eeee eeeeeeeeeeee        eeeeeeee   eee  ee           eeeeeeee ee    eeee  ee eee e eeeeeeee
/data3fast/users/mbermudez/de_02/TFGDataset/img/T2_1377.png|deeee      ee e   e eee      e  eeeeeeeee   eeeee   e e       e eeeee  eeee eee    eeeee eeeeeeeeeee e ee e eee  eeee  
/data3fast/users/mbermudez/de_02/TFGDataset/img/T2_0905.png|eeeeeeeeeeeee e e  e    eeeeee e eee eeeeeee eeee   ee ee  e eee  eeeee  e eee  e  e eee e e ee eeeeeeee   e  ee eeee  
/data3fast/users/mbermudez/de_02/TFGDataset/img/T2_0279.png|deeeeee  e    e        e      eeee    eeeee       eeeeeeeee   eeee e   eeeeeeeeee eeeeee  e   ee   e e     ee ee  eee e
/data3fast/users/mbermudez/de_02/TFGDataset/img/T2_0231.png|eeeeee      e ee    e   ee   eee     e  eeeee eeeeeeeeeeeeeeeeeeee eeee  e eeee eeeeeee  e  e  ee    eeeee e eeeee   ee
/data3fast/users/mbermudez/de_02/TFGDataset/img/T2_0070.png|eeeee e    ee    ee  eeee eeeeeeee  e e    e e    ee   eee e        ee  eeeeeeee  ee  eee  eeeeeeeeeee    eeeeee   e   
/data3fast/users/mbermudez/de_02/TFGDataset/img/T2_0584.png|deee   ee   eee e    eeeeee e ee         e eeee  e eee  e e       eeeee eeeeeee   eee  e   e  eeeee e      eeee e    ee
/data3fast/users/mbermudez/de_02/TFGDataset/img/T2_0522.png|deeeee     eeeeeeeee     ee             ee eeeeeee eee   ee    e       eee eee  eee e e        ee      eeeeee eeeeeee e
/data3fast/users/mbermudez/de_02/TFGDataset/img/T2_1166.png|deeee  e e  eeeeee  ee eeeeeee eeee ee e    eee eee  e eee   eeeeee   eeeee   e e ee e e eeee   e eeee   e   eee  e   e
/data3fast/users/mbermudez/de_02/TFGDataset/img/T2_0920.png|eeeeeeee  e e   ee        eee     e   e ee  eeeee      e  eee     eee  eeee eee  eeee    eee     eeeeee      ee  eee   
/data3fast/users/mbermudez/de_02/TFGDataset/img/T2_0458.png|eeee        eeeee     eeee eeeeeeeeee eeeeee  eee e  eeee ee e e   eeeee e   eeeeeee  eeeeee   ee  eeee   ee   e  ee e 
/data3fast/users/mbermudez/de_02/TFGDataset/img/T2_1481.png|eeeeeeeeeee e      ee eeee eeeee  e    e e   e ee eeeeee ee   eeeeeeeeeeeee eee e eeeeee ee eee eeeeee e     eeeeee  ee
/data3fast/users/mbermudez/de_02/TFGDataset/img/T2_1500.png|deeeee            e    eeeeeeee ee eeeeeeeee eeeeeeee      eeee eeee eeee  e   eeeeeeee eeee  eeeeee  eeeeeeeeee e eee 
/data3fast/users/mbermudez/de_02/TFGDataset/img/T2_0506.png|eeeeeee     eeee eeeeee   e  eeee    eee eeeeeeeeee  e          e       e eeeee    eeeeeeee ee ee e ee e  eee      eee 
/data3fast/users/mbermudez/de_02/TFGDataset/img/T2_1146.png|eeeee     e  ee  eeee eeeeeee e  eee  e  ee   ee  eee eeeeeeeee    eeeeeeee eeeeeeeeee eeeee eeeeeeeeeeeee  e e eeeeee 
/data3fast/users/mbermudez/de_02/TFGDataset/img/T2_0577.png|eeeeee ee    e   eee eeee eee eeee ee eeee e ee eeeeee  eeeee  eee     eee ee   eeee e   e e    e  eeeeeeee  eeee eeeee
/data3fast/users/mbermudez/de_02/TFGDataset/img/T2_1389.png|deeeeee  e    e e ee   ee eeee      e     ee   ee e eeeee eeeee     eeeee e    eee ee   eeeeeeee eeeee   eeeeeeeee e ee
/data3fast/users/mbermudez/de_02/TFGDataset/img/T2_0817.png|eeeee eeee  e      eeeeeeeeeeeeee ee  eeeeeeee e  e e ee  e   ee eeeeeeeeeeeeeee    e e  eee  e eeeeeee  e eeeeeeee  e 
/data3fast/users/mbermudez/de_02/TFGDataset/img/T2_0712.png|deeee    e e     e    eeeeeeee ee      e  e  e e e   e   ee    eeeee   eeeeeeeee eeeeeeeeeeeeeeeee      e  eeeeeee  ee 
/data3fast/users/mbermudez/de_02/TFGDataset/img/T2_1226.png|eeee         ee   eeeeeeee     eee    ee   eeeee e   eeee  ee    eeeeeeeeeee e e eeeeee eee   e         eeee e e ee ee 
/data3fast/users/mbermudez/de_02/TFGDataset/img/T2_1486.png|deeee    e      e    eeeee    e eeee     eeee  eeeeeeeee    ee eeee eeee  eee  e   eeeeeeeeeeeee eeeeee e eeee  eeee   
/data3fast/users/mbermudez/de_02/TFGDataset/img/T2_0907.png|deee    e     eeee eeeee eeee      eeeeeee    e   ee     e   eeee  eeeeeeee e ee   e   eee  eeeeeeeeeeeeeeee ee  eeeeee
/data3fast/users/mbermudez/de_02/TFGDataset/img/T2_1461.png|eeeeeeeee eee    eee eeeeeeee eee    eeeeeeee ee e ee         e     eeeeeeeee e    eeeeeee  eeeeee     ee eeeee ee e ee
/data3fast/users/mbermudez/de_02/TFGDataset/img/T2_0470.png|eeeee         ee  eee eeeeeeeeeeee eeeeeeee e     e   eee eeee  e  e eee    eeeeee  eee eeee   eeeeeeee ee e eeeee eeee
/data3fast/users/mbermudez/de_02/TFGDataset/img/T2_0759.png|deeeeeeeee eee   e e eeeeeeeeeeee eee  e       ee  eeeeeee ee ee  eeeeeeee e     eeeeeee eeeeeeeeeee e      eeee ee eee
/data3fast/users/mbermudez/de_02/TFGDataset/img/T2_0973.png|deeeeee         e      eeee   eeeeeeeeeeeeeeeeeeeee   eeeeee        ee    eeeeeee e eeeeeeeeeeeeeee   ee    eeeeeeeee e
/data3fast/users/mbermudez/de_02/TFGDataset/img/T2_1484.png|eeeee   eee   e  eeeeeeee   eee e   ee eee  eeeeeeeeeee  e   eeeee     e   eeeeeeee     eee  eeeeee   e    ee   eeeeeee
/data3fast/users/mbermudez/de_02/TFGDataset/img/T2_1390.png|deeeeeee   ee  eeeeeeeeeeeee  eeeeee   ee e eeeeee ee  ee  eee  eeeeee  ee  ee eee    eeeee eeeee    ee   e   eeeeeeee 
/data3fast/users/mbermudez/de_02/TFGDataset/img/T2_0373.png|eeeeeeeeeeee eeee eee  ee eeeeeeeeee ee e  eeee  eee eee   ee   eeee    e eeeee ee eeeee ee eeeeeee        eee  ee  eee
/data3fast/users/mbermudez/de_02/TFGDataset/img/T2_0975.png|deeeeee eeeeee     e e    e  ee eeeeeee e eee ee ee     e eeeeee  e  eee   e ee   e eeeeeeeeee   ee    eeeeeee eee  ee 
/data3fast/users/mbermudez/de_02/TFGDataset/img/T2_0062.png|eeeeeeee       e e     eee  eee  eeee    e eeeeeeee  e  eeee e   eeee  e  eeeeeee eeeee ee   eee e     e eeeeeeeeeee  e
/data3fast/users/mbermudez/de_02/TFGDataset/img/T2_0715.png|deee   ee   e eee eeeeeeeeeeee    eeee         e eeeeeeee e eeeeeeeeeeeeeeee  eeeeeeeeeeee eeee  eeee   ee   ee  ee ee 
/data3fast/users/mbermudez/de_02/TFGDataset/img/T2_0216.png|eeeeee e     eeeeeeeeeeeeee   eeeeeeeee e eeeeee  e  eee eeeeeeeee   e e    e    eeeee  eeeeeeeeee e  eeeeeee   eee  e 
/data3fast/users/mbermudez/de_02/TFGDataset/img/T2_1416.png|eeeeeeee ee   ee   eeeeeeeeee e  eeeee eeeeeee  e  e eeeeeeeee         eeeeeeeeeeeeeeeeeeeee eeeeeeee      eeeeeeeeeeee
/data3fast/users/mbermudez/de_02/TFGDataset/img/T2_0477.png|eeeee e e   e eeeeeee    eeeee   e         e e eeee e       eeeeeeeeee   ee      eeeee  eeeeeeeee e   e  eee eeeee  e  
/data3fast/users/mbermudez/de_02/TFGDataset/img/T2_1098.png|deeee e      ee   eeee     e   e ee e     ee    eeee   eeeeeeeeeeeeee   eeeee eeeeeeeeee     e         ee eeeeee     e 
/data3fast/users/mbermudez/de_02/TFGDataset/img/T2_0767.png|deeeeeeee   e eeee     eeeeeee     ee eeeee      eeeeeeeeeee    e eee ee  eeeeee eeeeeeeee  eeee  ee  e eeeeeeeeeee  ee
/data3fast/users/mbermudez/de_02/TFGDataset/img/T2_0655.png|deeee      eeeeeeeeeeee      eeeeeeeee     ee    e  ee   eeeee eee    eeeeeeeeeeee eeeee eee   eeeeeeeeeeee            
/data3fast/users/mbermudez/de_02/TFGDataset/img/T2_1450.png|deeeeeee  ee    e       eeeeeeeeeee ee   ee eeeee eeeeeeeeeee ee    e eeee eeee  eee eee eeee    e     eeeeee eeeeee   
/data3fast/users/mbermudez/de_02/TFGDataset/img/T2_0347.png|deeee         ee eee  e e    eee    e  eee  e  eeeee e  eeee   eeee   eeeeee eeeeeeee       eeeeee   e e    eeeeeeeeee 
/data3fast/users/mbermudez/de_02/TFGDataset/img/T2_0381.png|eeee eee   e  e      e ee       eee e eeee eeeeeeeeeeeee ee  eeeeeee ee eeeeeeeeeeee   eeeeeee          eee eee   e eee
/data3fast/users/mbermudez/de_02/TFGDataset/img/T2_0666.png|deeee              eeeeeeee ee ee     e ee         e e eeeeeee  eeee    e        eeeeeeeeeee   eeeee ee   eee eeeeee  e
/data3fast/users/mbermudez/de_02/TFGDataset/img/T2_1000.png|deeeeeeeeee   e eeeee      e   eeeeee  ee  e eeee eeeeee ee  ee   eeeeeee  eeeeeeeeeeeee   e   ee eeeee  eeeeee eeeeeee
/data3fast/users/mbermudez/de_02/TFGDataset/img/T2_1244.png|deee  eeeeee           e ee eeeeee  ee  ee  eeee   e ee eeeeeeeee  e  ee     eeee  eeeeeeee   eeeeeee e eeeeee         
/data3fast/users/mbermudez/de_02/TFGDataset/img/T2_0853.png|eeeee    e  eeeeee  ee eee    eeeeeeeeeeeeeeee e eeeeeeee  ee  eee  ee   eeeee ee eeee   ee  eeeee eeee ee  eeee eeee e
/data3fast/users/mbermudez/de_02/TFGDataset/img/T2_0539.png|deee     eee e    ee  ee    e e eeeeee  e eeee   eeee eeeeeeeeeeee  e eee    e  e eeeeee    eeeeeee eeeeeeeeeeeeee ee e
/data3fast/users/mbermudez/de_02/TFGDataset/img/T2_0678.png|deeeeee      e  e  eeeeeeeee    e       ee       eee e eee e eeee   eeeeeeeeee  eeeee  e eeeeeee    eeeee  eeeee  eeeee
/data3fast/users/mbermudez/de_02/TFGDataset/img/T2_0223.png|eee     e   ee      ee   eeee eeeee ee  eeeeeeee eeee eee    eeeeeeeeee  e e     e  ee   ee eeeeeeeeeeeeeee   eee   ee 
/data3fast/users/mbermudez/de_02/TFGDataset/img/T2_0379.png|deee   eeee         eee  ee          ee eeeeeeeeee eeee eeeeeee eeeeeeeeeeeeeeeeee   e  eee eeeee  eeeeeeee            
/data3fast/users/mbermudez/de_02/TFGDataset/img/T2_1293.png|deeee  e    e          eeee  ee  eeeeee   e e e  eeeee ee eeee   eee e eeeee eee  e  eeeeeeee eeeee eeeee  e  eeee ee e
/data3fast/users/mbermudez/de_02/TFGDataset/img/T2_0530.png|deeeeeee  e  e    eeee   eeee            eee    eeeeeee   ee eeeeee     eeeeeeee      eee  ee eee e  ee eeeee eeee eeee
/data3fast/users/mbermudez/de_02/TFGDataset/img/T2_0003.png|deeee  e  e e   eeeeeeeeeeee e   ee e     eeeeeee  ee     eeeee e    eeee  e e eeeeeeeeee eeeeee eeee         ee    ee 
/data3fast/users/mbermudez/de_02/TFGDataset/img/T2_1055.png|dee  eee  eeeeeeeee  e  eeeee  eee  ee e    eee     ee   ee   ee    eeee      eeeeeeeeeee  eeeeeee   eeeeeeeee eeeeee e
/data3fast/users/mbermudez/de_02/TFGDataset/img/T2_0365.png|deeee eeee   ee eeeeee    e        ee   eeeeee e e  eeeee e         ee eeeee   eeee   e    eeee eeeee  eee eeeee    ee 
/data3fast/users/mbermudez/de_02/TFGDataset/img/T2_1414.png|deee e        eee    e eeeeeee eeeeeee  e  e eee  eeeee eeeeeeeee eeeeeeee   eeeeeeeee  eee  e e eeeee        e  eeee  
/data3fast/users/mbermudez/de_02/TFGDataset/img/T2_0496.png|deeeeee   eeeeee eee ee eeeeeeeeee  e        eeee ee e  eeeeeee  ee   e e eeeeeeeeeeee     eee  eeee eeeee ee e   eeeee
/data3fast/users/mbermudez/de_02/TFGDataset/img/T2_1075.png|deeeeee  eeeeeeeee e   eee e ee eeee ee eeee eeeeeeee   e eee     e eeeee e   eeeee   ee eee       e   eeeeeeeee eee ee
/data3fast/users/mbermudez/de_02/TFGDataset/img/T2_0896.png|deee e  e ee e eee          eee  e ee e  eee  eee   eeeeeeeee    e eeeeeeee  eee  eeeeeeeee eeeee ee eee    e   eeeeeee
/data3fast/users/mbermudez/de_02/TFGDataset/img/T2_1283.png|deeeee    e   eee   eeeeee eee e  e   e  ee eeeee   e  eeeeeeeeeeeeeeeeeeee  ee     eeeee ee e  eeeee ee   eeeeeee   ee
/data3fast/users/mbermudez/de_02/TFGDataset/img/T2_1148.png|deeeeeee    eeeeeeeeeeee    eeee    e e e eeee e e ee eeeee         eeee    eeeeeeeee eeeee e e e e   eee     e e  ee  
/data3fast/users/mbermudez/de_02/TFGDataset/img/T2_1345.png|eeeeeeeee eeee eeeeee eeeee        e e e     eee  eeeeeeee        eeeeeeeeeee eeee eeeeeee eee eeeeee  eee     eeeeeee 
/data3fast/users/mbermudez/de_02/TFGDataset/img/T2_0542.png|deee eeeeeee   eee eeee  eeeeeee   e  e eeeeeee  eeeeee e eee    e  ee e eeeeeeeeeeee    eeeeee  eeeeeeeee eeeeeeee eee
/data3fast/users/mbermudez/de_02/TFGDataset/img/T2_0120.png|deeeee     eee e eee ee   e eee          e eeeeeeeee  eeeeeee   eee   e   eeeeeee ee    e eee eeeeee          eee   e  
/data3fast/users/mbermudez/de_02/TFGDataset/img/T2_0818.png|deeee    eee    ee   eee  eeeeeeeee e  eeeeee eeeee eeee e   e   eeeeee    ee eeeeee  e e  eee eee        eeeeeeeee   e
/data3fast/users/mbermudez/de_02/TFGDataset/img/T2_0570.png|deee   ee  eee eeeeeeeeeeeee e   eeeeee e  eeeeee  eee ee       eeeeee eeeeeeee     eee   eeeee   e eeeeee eeee e     e
/data3fast/users/mbermudez/de_02/TFGDataset/img/T2_0440.png|deeee        eee e           eeeeeeee  e eeeeeeeeeeee   eee   e  eeeeee   ee        eeee     e   ee      eeeee    eeeee
/data3fast/users/mbermudez/de_02/TFGDataset/img/T2_1325.png|eeeeee  e       eeeeeeeeeeee eeeee   ee eeeeeeeee   ee ee       eeeeee  e eeeee    ee   eeeee ee eeeeee   ee e eeeeeeee
/data3fast/users/mbermudez/de_02/TFGDataset/img/T2_1260.png|eeeeee        eee     eeeeeeeee e   e eee eeeeeee     eeee     eeeeee       ee eeeee  ee e     eeee  eeeeeeeeeeee e eee
/data3fast/users/mbermudez/de_02/TFGDataset/img/T2_1323.png|deeeee     e eeeeeeeee  eeeeee  e  eeeeeee    e eeee e   ee eeee e e e    eeeeeeeee eeee    eeeeeeeeeeeeeeee eeee    e 
/data3fast/users/mbermudez/de_02/TFGDataset/img/T2_0894.png|deeeee  ee          e  eeeee  eee e eeeeeee eeeeee       e eeeeeeeeeeeee   eee    eee  e eeee     eeeeeeeeeeeeeeeeee e 
/data3fast/users/mbermudez/de_02/TFGDataset/img/T2_0352.png|deeeee   eeee   ee   eeeeeeee   eeeee     ee     eee     eeee  ee eee  eee e ee     e eeeeeee e   eeeee eee  eee eeeee 
/data3fast/users/mbermudez/de_02/TFGDataset/img/T2_0481.png|deeee ee e  eeeeee eeeee       eeeeeeeeeeeee     e e    e      eeeeeeeee eeee eeeeeeeee   eeee e  ee eeeeeeee   eeeeeee
/data3fast/users/mbermudez/de_02/TFGDataset/img/T2_0491.png|deeeeeee            ee e    e     ee ee     eeeeee  e    ee e eeeee e eee e  eeeeeeee e      eeeeee e ee   eeeeee e ee 
/data3fast/users/mbermudez/de_02/TFGDataset/img/T2_0334.png|deeee   e       eeeeeeee ee     eeeeeee      eeeeeee  ee    eeeeee  eee   eeeeeeeeeeeee eeeeee eee  e  eeeeeeee e ee ee
/data3fast/users/mbermudez/de_02/TFGDataset/img/T2_1022.png|deeee      eeeeee e ee  ee   ee   ee   eeee      eeeeeeee  eeeeeeeeeee eeeeeeeeee  e  ee         eeeeeeeee   e   e  ee 
/data3fast/users/mbermudez/de_02/TFGDataset/img/T2_0098.png|deeee      e  eeeeeeee ee   e  eeee      eeee  e    eeee     eee      eee   e eeeeee eee    eeeee  eeeeee e e eeeeeeeee
/data3fast/users/mbermudez/de_02/TFGDataset/img/T2_0136.png|eeeeee   eeee  eeee   eeeeeeeee   eeeeeeeeee eeeeee      ee     eee  eeeee eee   eeeee e   e   e eeeeeeeeeeeeeeee  e  e
/data3fast/users/mbermudez/de_02/TFGDataset/img/T2_1309.png|eeeee eee ee      e eeeeeeeee e   ee   eee  ee eee       ee  eeeee   e     e  e   eeeeeee  eeeeeeeeeeeee ee  e      e  
/data3fast/users/mbermudez/de_02/TFGDataset/img/T2_1152.png|deee e  e  eeee   e    e eee   eeee eee  e eeee    eeeee ee e    e   eee   eeeeeeeeeeee    e      eee ee eee    ee  eee
/data3fast/users/mbermudez/de_02/TFGDataset/img/T2_0423.png|deeeee     eeeee ee  eeeeeeeee ee   ee  eeeee          ee  e  eeeee eeeeeeeeee  eee   e eeeee eeeeee   eeee  e  e    ee
/data3fast/users/mbermudez/de_02/TFGDataset/img/T2_0937.png|eeeeee      ee       e  ee eeee     e  ee  eeeeee  eeeeeee  ee   eeee  e ee   eeeee   ee eeeeeee  e   eee  eeeee     e 
/data3fast/users/mbermudez/de_02/TFGDataset/img/T2_1369.png|eeeee   ee  e ee  e eeeeee    eee  e      e eee eeeeeeeee   e eeee eee      ee   eee ee e  e eee e  ee   ee   e  eeeeee
/data3fast/users/mbermudez/de_02/TFGDataset/img/T2_1447.png|eeee       eeeee              ee e    eeee      eeeeeeee e e    e   eeeeeeeeeeeeeee e eeee ee ee  eee e     e   e eeee 
/data3fast/users/mbermudez/de_02/TFGDataset/img/T2_0135.png|dee     ee    ee   eeeeeee  eeeee eeeeeee e  e   eeeee   e   eeeeeeeeeeeeeeeeeeeeeee  e eeeeee eeeeeeee eeeeee eee    e
/data3fast/users/mbermudez/de_02/TFGDataset/img/T2_0908.png|eeee      e  e  eeeeee  e    ee  e eeeee eeeeeeee eeeeeeeeee  e eeee  e  eeeeeeeee   eeeeeeeeee ee  eeeeeee eeee     ee
/data3fast/users/mbermudez/de_02/TFGDataset/img/T2_0058.png|deeee  eee e   e eee    eeeee        eeeee ee ee  ee   eeee eeeee e   eeeeee e   eeeeeeeeee   eeeee  e eeeeee ee  eeeee
/data3fast/users/mbermudez/de_02/TFGDataset/img/T2_1046.png|deeee ee  eeee  e  ee eeee   eee e  e eeeeeee       eeeeee   eeeee ee    ee e eeee      eeee  ee eee e   eee  eeeeeeee 
/data3fast/users/mbermudez/de_02/TFGDataset/img/T2_0190.png|eeeeee e  eeee   eeeeee e     eee  eee    eeeeee ee e e     eeeeeeeeeeee   e ee     ee  e   eeeeee  eeeeeeeeee  ee eeee
/data3fast/users/mbermudez/de_02/TFGDataset/img/T2_0082.png|deeeeee   e   eeeeee  eee eeee eeeeeee eee eeeee   eeee  eee ee  ee e eeeeee e e   eeeee e ee   eeeeee  eeeeeee       e
/data3fast/users/mbermudez/de_02/TFGDataset/img/T2_0546.png|deeeeee    e eee  eeeeeee        e  eeeeeeee eeeee  e  eeeeeeeee      ee ee  eeee  e eee     eee     ee    e eeeeeeeeee
/data3fast/users/mbermudez/de_02/TFGDataset/img/T2_0425.png|deeeeee     eeee e e         e eee eeee         eeeeeee eeeeeeeeeeeeeeeee  eeeeeeeeee     eee e eeeee eeeeeeee  e  eeee
/data3fast/users/mbermudez/de_02/TFGDataset/img/T2_0728.png|deeeeeeee  ee ee  eeeeeeee         ee e   eeeeeeeeee  ee   eeeeee ee   eeeee eeee  e  e  eee ee  e eeeeee   e eeee  eee
/data3fast/users/mbermudez/de_02/TFGDataset/img/T2_0646.png|deee   e   e     eeee e eeeeeeee   ee    ee   eeeeeee     eee eeeeee e e e eeeeee    eeeeeeeee eeeeeee   ee eeeeeeeee e
/data3fast/users/mbermudez/de_02/TFGDataset/img/T2_0790.png|eeeeeeee       eeee eeeeeee            ee    e       e e     eeeee  eeeeee  eee eeeeeeeeeeeeee e    eeeeee ee     eeeee
/data3fast/users/mbermudez/de_02/TFGDataset/img/T2_1006.png|deeeeeeee  eeeee eeeeeeeeeeeeee e     eee  eeeeeeeee  eeeeeeee eeeeee     eeeeee  e ee e e ee eeeeeeee e eeee eeeeee ee
/data3fast/users/mbermudez/de_02/TFGDataset/img/T2_0324.png|deeeee  eeeeee         ee   e  ee       eeeee  e e ee eeeeeeeee  eeeeeeeee eeeeeeee e e e eeeeeeeee ee   ee eeee  e    
/data3fast/users/mbermudez/de_02/TFGDataset/img/T2_0980.png|eeeee e     eeeeeeee  e eeeeee  ee e ee eeeeeee eeeee   e  ee  e   ee  eeeeeeeeeeeeeeeeeeee eeee     e    eeeeeeee   ee
/data3fast/users/mbermudez/de_02/TFGDataset/img/T2_0860.png|deeeeee  e eeee   e  eeee     e eeeeeeeeeeeeee   e eeeee eeeeee e  e ee eee eeeeee ee eeeee      eeeeeeee  eeeee e  e e
/data3fast/users/mbermudez/de_02/TFGDataset/img/T2_1232.png|deeee     eeee e eee e     eee e     e eeeeeeeeeeee  eeee   ee        eeeeeee eeee eeeee  eee    e      eee  eeeee eeee
/data3fast/users/mbermudez/de_02/TFGDataset/img/T2_1288.png|deeeeeeeee        eee   ee    e   eee    e e  ee  eeee   eeeee e  eee   e     ee   eee e   e  e eeeeeeeeeeeee       eee
/data3fast/users/mbermudez/de_02/TFGDataset/img/T2_0968.png|deeeeee   eeee  e eeeee eeeee e  e  eee    eeeeee eeee eee eeeee   eeee eee  ee   ee e       eeeee ee  e eeee eeee eeee
/data3fast/users/mbermudez/de_02/TFGDataset/img/T2_1446.png|eeee e          ee       ee  ee   ee eeeee   ee e    ee         eeeeeeeeee ee    eeeeeeeeeee   eeeeee  eee  ee     eeee
/data3fast/users/mbermudez/de_02/TFGDataset/img/T2_0066.png|deeeeeeeeee eee      eeee  e ee  ee  e eeee eee ee  ee     e  eee  eeeeeeeeee    eeeeeeeeeeee eeee eeeeeeeeeee   ee  ee
/data3fast/users/mbermudez/de_02/TFGDataset/img/T2_1230.png|deeeeeeeeee eee  eee    eeeee     eeeeee ee    eee ee  ee       eee e e e   eeee eee     e ee  eeeeeeeeee   ee ee ee ee
/data3fast/users/mbermudez/de_02/TFGDataset/img/T2_0935.png|deeeee  ee e  eeeeeeee  ee e eeeeeeeeeeeee eeeeeee  ee  e  eeee  e e    eeeeeeeee  ee  eeee  eee e eeeeeeeeeeeeeeeeeeee
/data3fast/users/mbermudez/de_02/TFGDataset/img/T2_0614.png|deeee  ee      eeee eeeeee e ee  ee ee   e     eee ee   e eeee       e eeeeee    ee e      eeee   eeeeeeeee  eeeeeee e 
/data3fast/users/mbermudez/de_02/TFGDataset/img/T2_1176.png|deeeee ee        eee  eee  eeeeeeee eeeeeeee   e eeeeeeeeeeeeeee       e     eeeee e    eeeeeeee   eeeee eeee eeeeeee  
/data3fast/users/mbermudez/de_02/TFGDataset/img/T2_0447.png|deeee      e   eeeeeeeeeeeeeeeeeeee  eeeeeeeeee      eeeee eeee   eeeeeeeeeeeeeeeeeeee eeeeeeee    eeeeeeeeeeeeeee eee 
/data3fast/users/mbermudez/de_02/TFGDataset/img/T2_0251.png|deeeeeeee e  eeeeeee          ee   eeeeee    ee e     e eeeee   eeee ee      eeeeee e     ee    e e eeee  eeeeeee eee  
/data3fast/users/mbermudez/de_02/TFGDataset/img/T2_0514.png|deeeee      e  eeeeee ee e ee e ee  eeeeee e eeeee ee ee eeee e eeee  eeeeeeee   eee          eee e eeee  ee e e e  eee
/data3fast/users/mbermudez/de_02/TFGDataset/img/T2_0720.png|deeee   eee    eee  ee     ee e     e e      ee eee ee e  eeeee   eeeee e  e  eeeeeeeeeee e   eeeee        e eee eeeeee
/data3fast/users/mbermudez/de_02/TFGDataset/img/T2_0876.png|deeee eee    eeeeeeeee   eee eeeeeee ee  ee eee  e e        eeeeeee  eee e    ee  e eeee eee    ee eee eee eeeeeeeeeeee
/data3fast/users/mbermudez/de_02/TFGDataset/img/T2_0155.png|deeee e      e  eeeeeeeee  eeee     eeeeeeeeeee    eeeeee   e    eeee e e  eeeeee  eeeeeeeee ee eeeeeeee      e      ee
/data3fast/users/mbermudez/de_02/TFGDataset/img/T2_0016.png|deeee     e       eeeee  ee eeeeee ee eeee   e eee eeeeeeee e e eeeee   eeeee   e     eeeee     ee e      eeeee   eeeee
/data3fast/users/mbermudez/de_02/TFGDataset/img/T2_0449.png|deeee       ee  eee      eeeeeeeeeeee   eeeeeee e ee e eeeeee     e  ee eeeeee            eeeee eeee  eeeeee    eeeee  
/data3fast/users/mbermudez/de_02/TFGDataset/img/T2_0965.png|deeeeee ee e  eeeee e          e e eeeeeeee ee eeeeeee      e  eeee e       ee  e    eee  ee  ee e eee   ee eeeeeee ee 
/data3fast/users/mbermudez/de_02/TFGDataset/img/T2_1281.png|deeeeee        ee  eee eeee  eeeee   ee  e ee e eee ee  eeeeeeeeeeee ee eeeeeeeee   eeeeeeeeeee           e eeeee eeee 
/data3fast/users/mbermudez/de_02/TFGDataset/img/T2_1160.png|deee  eee     e      eee eeeeeeeeee e e     eeeeee eeeeeeeeeeeee    ee   eeee          ee e  e eeeeee   eeeee  eeeeeeee
/data3fast/users/mbermudez/de_02/TFGDataset/img/T2_1086.png|deeee ee eeeeeee ee     eeeeeee ee      ee     ee  ee eee      eeeeeeee   eeeeeeee e   e ee eeee   e e  eeeeeeeeee    e
/data3fast/users/mbermudez/de_02/TFGDataset/img/T2_0729.png|deeee e e    ee   e    eee  e   eeeeee  eeee  ee ee  eeeeeeeee eee  e eee  eeeeeeeee eee eeee   eee     eeeeeeeeeee   e
/data3fast/users/mbermudez/de_02/TFGDataset/img/T2_0069.png|deee    eee eeeeeeeeeeee  eeeeee ee    e e  eeee eeee eeeeeeee  eeee   eeee  eeee    eeeeeeeeeee  eeeeeee eeeeeeeeeeee 
/data3fast/users/mbermudez/de_02/TFGDataset/img/T2_1042.png|deeeeeee     eeee      eee eeeeeee   eeeee     eee eeee e  ee eee e ee   e  eeeee  e    eeeeeee ee  ee ee eeeeeeeeeee  
/data3fast/users/mbermudez/de_02/TFGDataset/img/T2_1107.png|deee eeee  eeee  e   eeee eeee   ee eeeeeee ee   ee  eeeee  e  eee   e ee e  eeeeeee    e  eeeeeee   e eeeeee e e   eee
/data3fast/users/mbermudez/de_02/TFGDataset/img/T2_0578.png|deeeee ee e eeeee         e eeeee   eeeeeeee    ee     ee e ee eeeeeeee ee           eeeeeeeeeeee eee ee eeeee  eeeee  
/data3fast/users/mbermudez/de_02/TFGDataset/img/T2_0903.png|deeeeeeeeee  e  e    ee eee   eeeee  eeee  e eeee ee      e e ee eeeeeeeeeeeeeee e    ee  ee ee      eeeeee eeeeee eee 
/data3fast/users/mbermudez/de_02/TFGDataset/img/T2_1078.png|deeee eeee   e ee   e e e  e eee         eee ee e eeeeeeeeee e  eeeee eeeee eee e  eee e eeee eeee eeee eeee  eeeeeeeee
/data3fast/users/mbermudez/de_02/TFGDataset/img/T2_0242.png|deeeeee eeeeeeeeee eeeee    e  e          eeee ee ee e   eee eeeee eeeeeee eee eeeeeeeee e  e eee  ee  eee eeeeeee e ee
/data3fast/users/mbermudez/de_02/TFGDataset/img/T2_1024.png|deee e   eee  eeeeeee e  ee ee  eeeee      e eeeeeeeee e   e   eeeee  eeee e   eeeeee  e e  eeeee eeeeeeeee eeee eeeee 
/data3fast/users/mbermudez/de_02/TFGDataset/img/T2_1479.png|deee       e  ee     eee   eeeee eeee   ee eee  eeee e     eee       eee eeeeeeeee  eeee eee   eee   eeee e eeeee e  e 
/data3fast/users/mbermudez/de_02/TFGDataset/img/T2_0116.png|eeeee    eeeeee  eee     eeee eeeee eeeeeeeeeee eeeeee     eeeeeeee eeeeee eeeee   eeeee    ee eee   ee     eee    eee 
/data3fast/users/mbermudez/de_02/TFGDataset/img/T2_0027.png|deeeeeeeeee   ee   eeee  e    eee         ee eeeeeeeeeee  eeeee eee   eeeeeeee  e         e   eeeee   e    eeeeeeeeee  
/data3fast/users/mbermudez/de_02/TFGDataset/img/T2_0306.png|deeeeeee    e eeeee  e eeeeee   eee    ee ee eeee   ee ee  e  eeeeee eeee    e eeeeeee   ee  eee        eee  eee    eee
/data3fast/users/mbermudez/de_02/TFGDataset/img/T2_0428.png|deeeee e e             eeee   ee               e eeeeeeeee ee    eeeeeeee ee     eeeeeeeeeeeee  eeeeeeeeee eeeeeeeee   
/data3fast/users/mbermudez/de_02/TFGDataset/img/T2_0653.png|eeeee           ee  ee     e  e      eeeeeee ee  eeeeeeee eeee  eeeeeeeeeeeeeee  e    eeee    e   ee  ee e e e eeeeeeee
/data3fast/users/mbermudez/de_02/TFGDataset/img/T2_0502.png|deeeee      e   eeeee eeeeee eeee  ee e ee eeeee eeeeeee eeeeee  e e eeeeeeeeeee  e   e      eeeeeeeee eee  e e eeeeeee
/data3fast/users/mbermudez/de_02/TFGDataset/img/T2_0184.png|eeeeeee  e eeeeee eeee e    eeee ee  e     e   eeeeeeee eeeeeee      ee       eeee   eeee ee   eeeeeee   eeeeeeeeee ee 
/data3fast/users/mbermudez/de_02/TFGDataset/img/T2_0801.png|deeeeee   e          eee   eee e eeeeee  e eeeeeeee eeeeeee    eeeeeeeeeeee eeee         eeeeeeeeeeee  e      eeee e   
/data3fast/users/mbermudez/de_02/TFGDataset/img/T2_0919.png|eeeeee   ee    eee  eeeeeee     e eeeeeeee  e  eeeeeee  e   e  ee ee eeeeeeeee  e    eeeeee    e    eeee eeeeeeeeeeee  
/data3fast/users/mbermudez/de_02/TFGDataset/img/T2_1255.png|deeeeee    e   eeeeeeeeeeee  e   eee  eeee   eeeeeeeeeeeee    eeeee  ee  eeeeeee    ee  eeeeee  eeeeeee eeeee eeeeee ee
/data3fast/users/mbermudez/de_02/TFGDataset/img/T2_0617.png|deeeee ee   ee e   e    e ee   eeee  eeee    eeee   eeeeee ee e eeee    e        eeeee  eeeeeeeeeeee eee ee  eee ee  ee
/data3fast/users/mbermudez/de_02/TFGDataset/img/T2_0783.png|deeeeeeee  eeee  e e eeeeee  eeeeeeee e eee         e e  e  e eeee           e e   eeeee ee      eee e e eee eeeee   ee
/data3fast/users/mbermudez/de_02/TFGDataset/img/T2_0732.png|deeee    ee    ee ee eeeeee   eeeeeee    eeeeeeeeee   eeee e ee      e eeeeeeeeeeeeee   e  eee e  eee eeeeee         ee
/data3fast/users/mbermudez/de_02/TFGDataset/img/T2_0257.png|deeee   eeeeeeee  e   eee  eeeeeeee  eeeeeeee e   eeee e eeeeee ee  ee   ee     ee   e      e e ee  eeeeeeeeeeee eeeeee
/data3fast/users/mbermudez/de_02/TFGDataset/img/T2_0085.png|deeeee  eeeeee    ee  eee e ee eeee    eeeeeee e e  e e  e eee    e  ee   eee      eeeeeeeee eeeeeeeee  e     eeeeeeeee
/data3fast/users/mbermudez/de_02/TFGDataset/img/T2_0808.png|eeeeee   eee eee eeeeeeeeeee  eeeeee  e    eee eeeeee  e  e ee    e  e eeeee eee        eeeeee e     eeeeeee   eeee e e
/data3fast/users/mbermudez/de_02/TFGDataset/img/T2_1181.png|deeeee e   eee eeeee   eeee e   eeee eeeeeeeeeeeeeeeeeeeeeeeeeee eee eee eeeeeeeeee e  ee      eee  e   eee  eeeeeeeee 
/data3fast/users/mbermudez/de_02/TFGDataset/img/T2_0293.png|deeeeeeeeeeeeeeee ee    eeeeee     eeeeeeeee   eeeeeeeee  eeeeeeeeeeeeee e  e eeee eeeeeeeeee    ee eeee  eee  e eeeeee
/data3fast/users/mbermudez/de_02/TFGDataset/img/T2_0081.png|deeeee    ee ee e    eeeeeeee  eeeeeee      eeeee       e  ee   e  e  eeeee eee     eee  eee  eeee    e ee         eeee
/data3fast/users/mbermudez/de_02/TFGDataset/img/T2_0762.png|deeeeeeeee  ee e  e eee       eee eeeeeee  eeeeeee  eee    e e e e e       ee  eee  eeeee   ee eeeee   eeeeeeeeee    ee
/data3fast/users/mbermudez/de_02/TFGDataset/img/T2_0033.png|eeeeeeeeeeee e    eeeeeeeee e   eeee e     eee eeee eeeee   eee  eeeeeeeeeeeee  eeeeeeee eeee ee  eeeee  ee e eeeee  e 
/data3fast/users/mbermudez/de_02/TFGDataset/img/T2_0226.png|deee  eeeee   eee  ee  eee    ee eeeeee e  eee  e  e  e eeeeee eee  e  e e    eeee e   ee eeeeee  e  eeee    eeeeeeeeee
/data3fast/users/mbermudez/de_02/TFGDataset/img/T2_0246.png|deee eeee eeeee     e eeeeeeee  ee e   ee eeeeeeeeeeeeeeeeeeee  e eeeeeeeeeee e eeeee eeeeeee  eeeee   eeee eeeeeeee ee
/data3fast/users/mbermudez/de_02/TFGDataset/img/T2_0245.png|eeeeeee        eeeeee  eeeeeeeeeeeeeeeeeeee ee  ee  e e e  eeeee eee  ee  eeee e ee eeeeeeeeeee   eeeeeeee  e eee  e ee
/data3fast/users/mbermudez/de_02/TFGDataset/img/T2_0714.png|deeee    e  e eeeeee  e e  e   ee      e   eeeeeeeeeeeeeeee eeeeeeeeeeeeeeeee    ee      eeeee ee     ee ee   eeeee eee
/data3fast/users/mbermudez/de_02/TFGDataset/img/T2_0625.png|deeeeeee   eeeeeee   eeeeee       e  eee   e  eeee  e eeeeeee  e e eeee     eee  ee e      eeeeeeee       eeeee  eeeeee
/data3fast/users/mbermudez/de_02/TFGDataset/img/T2_0495.png|deeeeeee    ee  eeee  eee ee e  ee      eeeee ee    ee ee ee ee eeee  eee eee eeeeee  eeeeeeeee eeee  eeee   eeeeeeeeee
/data3fast/users/mbermudez/de_02/TFGDataset/img/T2_0277.png|deeee  eeeee e   eeeeeeee   eee eeee ee    eeee eeeeeeeeeeee   eee eeee        eeeeeeeeee   eeeee eeeeeeee e eeee  eeee
/data3fast/users/mbermudez/de_02/TFGDataset/img/T2_1239.png|eeeeeee e eee    e  ee  ee ee     ee e   ee   eeeeeeeeeeeeeeee    eeeeeeeeeeeeeeee     eeeee  e e    eeeeee    e e eee 
/data3fast/users/mbermudez/de_02/TFGDataset/img/T2_0746.png|deeee    eeee ee ee     e eeeeee e e e eeeeeeeee ee     ee     eee  eeeeeeeeeeeee e  e eeee e    eeeeeeeeee     eeeeeee
/data3fast/users/mbermudez/de_02/TFGDataset/img/T2_1011.png|deee ee  ee       eeee eeeee  ee       eee      eee   eee eee ee  eee ee e ee    e   ee   eeeeee  e   eee eeeeeeeeeeee 
/data3fast/users/mbermudez/de_02/TFGDataset/img/T2_1074.png|deeeeeee ee    eeee   eeeeeeee     eeeee    e    ee e  eeee eeeeeeeeeee     eeeeee     eee e eeeeeeee     e eeee  e e e
/data3fast/users/mbermudez/de_02/TFGDataset/img/T2_1418.png|eeeeeee      eee  eeee    eee eeeeeeeeee  eee   eeeeeee eeeeeeee eeee eee eeee eeeeee ee   eeeee     e eee        ee ee
/data3fast/users/mbermudez/de_02/TFGDataset/img/T2_0001.png|deeeeeeee            ee ee          ee  eeeeeee ee e ee e ee ee eeeee eeee eeeee     ee  e ee    e  e        eeeee eee 
/data3fast/users/mbermudez/de_02/TFGDataset/img/T2_0282.png|eeeeee e ee   eeeeeeeeeeeeeeeee  eee e ee eee   ee ee eeeee eee e ee    e ee eeeeeeeeeeee     eeeeeeee eeeeeeeee  ee   
/data3fast/users/mbermudez/de_02/TFGDataset/img/T2_1216.png|deeee    eee         eee e eeee  eeeeee eeeeeeee ee    ee eee  eee e    eeeee   e  e eeeeeeee ee eeeeeeee    eeeeeeee  
/data3fast/users/mbermudez/de_02/TFGDataset/img/T2_0845.png|deeeee   e  e eeeee e    eee  e eeeeeee eeee e e   eeee  eeeeeeeeee ee  e    ee   e   eeeeeeeeeeee eeeeeeeeeeee   ee  e
/data3fast/users/mbermudez/de_02/TFGDataset/img/T2_0305.png|deeee         e        eeeee   eeeeee  ee eeee e      e    eeeeeeeeeee  eeee eee e       eeeeeee eee    eeeeeeee e ee  
/data3fast/users/mbermudez/de_02/TFGDataset/img/T2_1168.png|deee    eee   e   eeeeeeee   eeeeee    ee  e   ee    eeee    eeeeee  e eeee   e eeeeeeeeeeee eeeeeeeeeeeeeee eeeeee   e
/data3fast/users/mbermudez/de_02/TFGDataset/img/T2_0351.png|eeeeeeeee   ee  eeeee eeee  e ee    eeeee   e    eeeeee      eeeeeeeeeeeeeeeee    eeeeeeeeee    eeeee eee eee  eeeeeeee
/data3fast/users/mbermudez/de_02/TFGDataset/img/T2_0559.png|deee   ee  eee     ee ee eee e ee      e ee eeeeee ee    eeeeeee eeee  e eeee e      eeeeee   e    eeeee   e   eeeee  e
/data3fast/users/mbermudez/de_02/TFGDataset/img/T2_1004.png|deeeeeeeeeee  ee eeeeee ee   e eeeee   e    eeeeeeee eeeee    eeee e  eeeeeee eeeeeeee e  eeeeeeeee eeeeeeeeeeeee e  e 
/data3fast/users/mbermudez/de_02/TFGDataset/img/T2_0680.png|deeeeee    eeeeeeeee ee   ee   eee   ee e eeeeeeeeeeeeeeeeeeee e e  ee eeeeeee eeee eeeeeee   e eeee eeeee      eeeeeee
/data3fast/users/mbermudez/de_02/TFGDataset/img/T2_0963.png|deeeeee ee   eeee eeeeee eeeeee  e  eeeeee     ee  eee    e e ee eeeee eeeeeeeee e eeeeeee  eeeee     eeee eeeee    ee 
/data3fast/users/mbermudez/de_02/TFGDataset/img/T2_1175.png|eeeee e eee e   ee   eeeee ee eeeeeeeee  eeeeee ee  ee  ee  eeee eeeeeeeeeeeeeee      ee eeee eeeee      e   eeee  e  e
/data3fast/users/mbermudez/de_02/TFGDataset/img/T2_0188.png|eeeee   eeeee     eeeeeeeeeee e  ee  e eeeeeeeeee   eeeeee e eeeeeeeee    e eeeeeeeeeeeeeee ee  eeeeeeeeeeeeeeeee e    
/data3fast/users/mbermudez/de_02/TFGDataset/img/T2_0142.png|deeeeeeee ee e eeeeeeeeeeeeeeee eeee  e   e   ee    eeeeeee  eeeeeee  eeeee    eeeeeeeee eee  ee    eeeee  eeee  e   e 
/data3fast/users/mbermudez/de_02/TFGDataset/img/T2_1130.png|eeee ee     ee      eeee            ee eee eeeee  e eeeeeeeeeeeee eeeee    eeeeee  e e  eee eee eeeeeeeeeeeeeeee eeeee 
/data3fast/users/mbermudez/de_02/TFGDataset/img/T2_0403.png|deeeee     eeee e        e   eeeeeeee eeeee       eeeeeeeeeeeeeeeeee     e  e   eeeeee    eeeeeeeeeeee eeeeee ee eeeee 
/data3fast/users/mbermudez/de_02/TFGDataset/img/T2_0166.png|deeeeeeee eeee eeeeeeeeee   e eee eee    eee eeeeeee  eeeeee    eeeeeeeeee    e eeeeeeeee eeeeeeeeeee eee  eee eee e  e
/data3fast/users/mbermudez/de_02/TFGDataset/img/T2_0452.png|deeeee ee  eeee eeee eeeeee    ee       eeeee eeeee  e  eee     eee  e  ee eeeeeeeeeee  eeeeeeeeeee eeeeeeee  e     eee
/data3fast/users/mbermudez/de_02/TFGDataset/img/T2_1285.png|eeeee e    eeeeeeeeee ee ee   eeeeeeeee  e ee  eeee   eee  eeeeeeeeee eeee ee  ee   eee eeeeeeeee eeeeeeeeee eeeee ee e
/data3fast/users/mbermudez/de_02/TFGDataset/img/T2_0414.png|deeee    eee   eee  eeeeeeee eee eeeeeeeeeee    eeeeeeee eeee  ee eeeeeeeee      ee eeeeeee eeeeeeeeeeeee eeeeeeeeeee e
/data3fast/users/mbermudez/de_02/TFGDataset/img/T2_1457.png|deeeeee      eee    eeeeee eee e e eee   e  eeeeee  eeeeeeeeeeeee   eeeeeeeeeeeeeeee  eeeeeeeeeeeee  eeeeeeee     eeeee
/data3fast/users/mbermudez/de_02/TFGDataset/img/T2_0893.png|eeeeeee   eeee     e eeeeeeeeeeeeeeeeeee eeeeee   e e  eeee eee  eeeeeee  e eeeeeeeee  eeeeeeeeeeeee e  eeeeeeeeeee    
/data3fast/users/mbermudez/de_02/TFGDataset/img/T2_0068.png|deeeeeeeeeeeee e eeeee e eeeee ee   eeee eeee      eeeeeeeeeeeeeeeeeeeeeee e   ee      ee eeeeeeee e    eeeeeeeeee e ee
/data3fast/users/mbermudez/de_02/TFGDataset/img/T2_1476.png|deeeee eeee eeeeeeeeeeeeeeee eeeeeeeee  eeeeeeeee eeeee  e     e e eeeeee e e eeeeeee  eeeeeeeeee    eeeeeee ee  eeee e
/data3fast/users/mbermudez/de_02/TFGDataset/img/T2_0270.png|deeeee e  e    eeee  ee  eee eeeeeeeeeeeeeeeeeeeee ee  eeeeeeeeeeeee    ee eeeeeeeee ee eee eee     eeeeeeee eeeeeee ee
/data3fast/users/mbermudez/de_02/TFGDataset/img/T2_0152.png|deeeeee   e eee ee  eeeeeeeeee eeeeeeee eeeeee   eeeeeeeeeeeeeeeee eee  ee  e e  e eeeeeeeeee e eeeee  eeee eeee  eeeee
/data3fast/users/mbermudez/de_02/TFGDataset/img/T2_0744.png|deeeeeee  eeee   eee e  eee eeeeee ee  ee      eee e   eeee eeeeee eeee eeeeeeeeeeee  eeeeeeeeeeeeeeee eeeeeeee  eeeeee
/data3fast/users/mbermudez/de_02/TFGDataset/img/T2_0859.png|deeeeee    eeeeeeee e   eeeeeeeeeeeeee eeeeee     eeeeeeeeee    eeeeee eee     eeeeeee  eeeeeeeeeeeeeeee  e    eee e ee
/data3fast/users/mbermudez/de_02/TFGDataset/img/T2_0834.png|eeeeee   eeee ee   e eeeeee eeeeeeeeeeeeeeeeee       eeeeee  eeeee eeeeeeeeee    ee ee eeeeee    eeeee eeeeeeeeee eee  
/data3fast/users/mbermudez/de_02/TFGDataset/img/T2_0624.png|eeeee  e ee ee eeeeeeeeeeeeeeee eeeeee   eeeeee  e  eeeeeeeeeeee     eeeeeeeeeeeee e eeeeeeeeeeeeeeeee eeeeee  e e  eee
/data3fast/users/mbermudez/de_02/TFGDataset/img/T2_0300.png|eeeeee   ee  eeee   ee  eeeeeeeeeeeeeee       eeeeeee eeeee ee eeeeee eeeeeee eee  eeeeeeeee ee    e e  eeeee  eeeeeeee
/data3fast/users/mbermudez/de_02/TFGDataset/img/T2_0711.png|eeeeeeeeeeeeeee eeeee eeeeeeeeee  eeeee eeeee eeeeee     eeeeeeeeee  eeeeeeee ee e e e   ee    e  eeeeeeeeeeeeeeeeee ee
/data3fast/users/mbermudez/de_02/TFGDataset/img/T2_1327.png|eeeeeeee e    eee eeeeeeeee eeeeeeeeee        eeeeeeeee e    eeeeeeeeeeeeee     ee     e   ee e      eeee eeeeee  e e  
/data3fast/users/mbermudez/de_02/TFGDataset/img/T2_1026.png|deeeeeeeeeeeeeeeee eeee  ee e eeeeeeeeeeeeeeeeeeeee  ee   e eeeeee    e ee  e eeeeeeeeeeeeeeeeee   eeeeee     e eeeeeee
/data3fast/users/mbermudez/de_02/TFGDataset/img/T2_0419.png|eeeee eee   eeeee   eee e  e eeeeeeeeeeee e eee eeeee e e eeeeee ee eeeeeeeeeeee  eeeeeeeeee eeeeee ee  eeee    ee  eee
/data3fast/users/mbermudez/de_02/TFGDataset/img/T2_0848.png|eeee    ee      e  eeeee     eeee  eeeeeee  ee e  ee eeeeee eeeeeeeeeeeeeee ee eeeeeeee ee eeeeeeeeeeeeeeeeeeeeeeeeeeee
/data3fast/users/mbermudez/de_02/TFGDataset/img/T2_1467.png|eeeeee  eeee e    e eee eeee  eeeeeeeeee e  eeee    e eee   eee  eeee     eeeee eeee eeee eeeeeeee  eeeeeeee           
/data3fast/users/mbermudez/de_02/TFGDataset/img/T2_0899.png|deeee e eeeeee     e eeeeee eeee eee      eeee     eeeeeeeeeeee  e    eeeeeeeeeeeeeeee  eeeee e  eeeeeeeee ee eeeeeeeee
/data3fast/users/mbermudez/de_02/TFGDataset/img/T2_0694.png|eeeeee   ee eee  eeeeeee eeeeeee eeeeeeeeeeeeeeeeeeeeee  eeeeeeeeeee ee  eeeeeeeeee ee eeeeeeeeeeee    ee  eeee   e   e
/data3fast/users/mbermudez/de_02/TFGDataset/img/T2_0406.png|deeeeeeeee  eeeeee  eeee eeeee eeeee   eeee  eeeeee       eeeee  eeeeeeeeee      eeeeeeeeeeeeeeeeeeeeeeeeeee ee eeeeeee
/data3fast/users/mbermudez/de_02/TFGDataset/img/T2_0197.png|eeeee ee     eeeeee  eeeee  eeeeee e eee   eeeee   ee   eeeeeeeeeeeeeeee ee eeeeeeeee eeeee eeeeee eeee eeee ee   eeeee
/data3fast/users/mbermudez/de_02/TFGDataset/img/T2_1501.png|eeeeee  eeee  e  eeeee     ee   e eeeeeeeeeeeee  eeeee ee eeeeeeee eee eeeee eeeeeee eee    eeeee e  eeee ee     eeeeee
/data3fast/users/mbermudez/de_02/TFGDataset/img/T2_0455.png|deeeee  eeee   eeeeeeeeeee     ee eeeeeee eeeeeeee   eeeeeeeeee ee eeeeeee  eee  e e eeeeeeeeeeee e    eeee  eeeeeeeeee
/data3fast/users/mbermudez/de_02/TFGDataset/img/T2_0874.png|deeee ee  e e   eeeeeee eeeeee eee eeeeee eee eeeeeeeeee eeeeeeeeeeeeeeeee    eeeeee  eeeeeee e  eeeeeeeeeeeeeeeeeeeee 
/data3fast/users/mbermudez/de_02/TFGDataset/img/T2_0234.png|eeeeeeee    eeeeee   eee ee e e  eeeeeeeee ee        eeeeee  e  eeeeeeeeeeeeee e eeeee  ee eeee eeeee eeeeeeeeeeeeeee  
/data3fast/users/mbermudez/de_02/TFGDataset/img/T2_0867.png|deeeeeeeeeeee eeee  eeeeeeeeee      eeeeeee eeeee eee  eeeeeeeee  e     e eee  e e ee      e   eeeee   eee eeee  e  eee
/data3fast/users/mbermudez/de_02/TFGDataset/img/T2_0788.png|eeeeeeeee    e eeeeeeeeeeeeeeee e e  e  eeeeeeeeeeeeeee  eeeeee e  eeeeeeee eeeee e e    eeeeeeee eeeeeeeeee  ee   e  e
/data3fast/users/mbermudez/de_02/TFGDataset/img/T2_0044.png|eeeeeeee e eeee  eeeee eee  e   eeeeeeeeeeeeeee  ee eeee   eeeeee   eeeeeeeeeeee  eee   eeeeeeeeeeeeeeeeeeeeeee     eee
/data3fast/users/mbermudez/de_02/TFGDataset/img/T2_0186.png|eeeee  eeee eeee ee    eeeeeeeee e  eeeeeeeeeeeeeeeeeeeeee e eee eeeeeeeee e eeee  ee     eeeeeeeeeeeeeee     e ee  eee
/data3fast/users/mbermudez/de_02/TFGDataset/img/T2_1398.png|eeeeeee  eeee eee   eeee eeeeeeeeeeeeeeeee eeee eeeeeee  eeeeeeeee   eeeeeeeeee  eeeeeeeeeeeeee eeee eeeeeee eee  eee e
/data3fast/users/mbermudez/de_02/TFGDataset/img/T2_0051.png|deeeeee  ee        e eee     eeeeeeeeee  e e     e     e   e eeeeeeee  eeeeee eeeee eee eeee e eeeeeeee eeee eeee e    
/data3fast/users/mbermudez/de_02/TFGDataset/img/T2_0090.png|eeeeeee       eeeeeeeeeeeeeeeee    eeeeeee e eeeeeee eeee     eeee        eeeeeee eee   eeeeeee eeeeeeee eeeeee eeeee e
/data3fast/users/mbermudez/de_02/TFGDataset/img/T2_0740.png|deeeee               e  eeee eeeeeeee  e       eee eeeeeeeee   eeeeeeee           eeee    eeeee     eee ee eee eee ee  
/data3fast/users/mbermudez/de_02/TFGDataset/img/T2_0831.png|eeee     ee e ee eeee  e eeeeee  e    e   e   e       eee eeeeee eeeeeee ee    eeeeeeeeeeeeeeeeeeeeee ee    eeeeeeeeeee
/data3fast/users/mbermudez/de_02/TFGDataset/img/T2_0622.png|eeeeee eee ee eeeee e  eeee     eeeeeee ee    e  eeeeeeee eeeeee    eeeee eeeeeeeeeeeeeeeeeeeee   eee  eeeeeeeee eeeeee
/data3fast/users/mbermudez/de_02/TFGDataset/img/T2_1092.png|eeeeeee   ee  eeeeee eee        eeeeeeeeeeeeeeeeee e ee     ee ee  eeeeee      e eeeeeeeee    eeee   eeeeeeeeeee   ee  
/data3fast/users/mbermudez/de_02/TFGDataset/img/T2_0315.png|eeeeeee  e  eeeeeeeee   eeee  ee   eeee eeeeee ee eee eeeeeee  eeeeeeeeeeeeeeeee     eeeeee e eeee  eeeeeeeeeeee   ee  
/data3fast/users/mbermudez/de_02/TFGDataset/img/T2_0526.png|deeee    eeeeeeeeee ee e eeeeeeeeeee e ee eeeeee   eee eee e e eeee ee    eeeeeeeeee eee e  eeeeeeeeeee eeeeeeeeee eeee
/data3fast/users/mbermudez/de_02/TFGDataset/img/T2_0134.png|deeeeeeee e     ee   eeeee    eeeeeeeeeeeeeeeeeee eeeeeeeeee   eeeee   eee e  eeeeee eee  eeee ee ee  eeeeee   eeeeeeee
/data3fast/users/mbermudez/de_02/TFGDataset/img/T2_0222.png|eeeeeeeeeeeeee  eeee eeeeeeeeeeee  eee ee eeeeeee  eee        eee  eee e eeeeee eee  eeeeeee  eeeeeeee eeeeeeee e   eee
/data3fast/users/mbermudez/de_02/TFGDataset/img/T2_1135.png|eeeee   eeeeeee  eeeee   eeeeee   eeeeeee  eeee e eeee     ee eeeeee e eeeeeee e eeeeeeee  eeeeee    eeeee   eeeeeeeeee
/data3fast/users/mbermudez/de_02/TFGDataset/img/T2_0850.png|eeeee      e eee  e   eee eeeeeeeeeeeeeeeeee    eee eeee    e eeeeee  ee       eee eeeee eeeee ee eeeee eee  eeeeeeeee 
/data3fast/users/mbermudez/de_02/TFGDataset/img/T2_1336.png|eeeeee   ee eeeeeeeee   e              eeeeeeeeee  e eeee  eeeeee    e  e   eee eeeeeeeeeeeeeeeeee ee ee      eeeeee  e
/data3fast/users/mbermudez/de_02/TFGDataset/img/T2_1474.png|eeeeee eeee   eee   e    eeeee          eeeeeeeeeeeee  e ee e eeeeee eee   eeee   eeeee ee  eeeeeeeee eeeeeeee ee eeee 
/data3fast/users/mbermudez/de_02/TFGDataset/img/T2_0990.png|eeeeee    eeeeeeeeeeee     eee eeeeeeeee e eeee    eeee e  eeeeeee     e eee e eee eeeeeee eeee  eeeeeeee     eeee  eee
/data3fast/users/mbermudez/de_02/TFGDataset/img/T2_0448.png|eeeeeeee     eeeeeee      eeee   e      eeeee  e   eee e   e       ee  eeeeee e eeeeeeeeee   eeeeeee    eeeeeeeeeee eee
/data3fast/users/mbermudez/de_02/TFGDataset/img/T2_0080.png|deeee   ee   eeeee   eeeee  ee  ee eeee    e eeeeee eee  e e       eeeeeeeeeeeee e  eeeeeee  eeeee eee   ee eeeee     e
/data3fast/users/mbermudez/de_02/TFGDataset/img/T2_1005.png|deee       e     eeeeeee   eeee  eeeeee   eeee  eee eeeeee eee   e   eee    eeeeeeee ee eeeeeee eeeeeee  eeeeeeeeeeeeee
/data3fast/users/mbermudez/de_02/TFGDataset/img/T2_1381.png|eeeeeee      e ee eee ee eeeeeeeeee       e  eeeeeeeeeee eeeeeee      ee  eeeeeee  e eee        eeee   eeeeeee e  eeeee
/data3fast/users/mbermudez/de_02/TFGDataset/img/T2_0333.png|deeeeee eeeee eee ee   e   eee   e      eeeee  e  e e  eeeee      e eeee  eeeeeeeeee e   eeeeeeeeeeeeee ee e e  eeeee e
/data3fast/users/mbermudez/de_02/TFGDataset/img/T2_0380.png|eeeeee       ee  ee eeeeee   eeee  e    eeeeee e    e   e  e     e  eee eeeee eeeeeeeeeeee e  eeeeeeeeee  eeeee  e     
/data3fast/users/mbermudez/de_02/TFGDataset/img/T2_0174.png|eeeee     eeeee eeeeeeeee       eeeeeee   eeeeeee  e    e eeeeeeeee eeeee eeeee e eeee    eeeeeeeee     eeee eee  eeee 
/data3fast/users/mbermudez/de_02/TFGDataset/img/T2_0111.png|eeee eee e    eeeee eeeeee    eee e      eeeeeeeeeeeeee   ee     e ee   e eeeeee eeeee eeeeee ee  eeee eeeeeee  eee ee 
/data3fast/users/mbermudez/de_02/TFGDataset/img/T2_1052.png|deeeeeeeeeee eeeee  eeeeeeee          eeeeeee  e   eeeee ee  e eee eee e  ee  eee eee    eeeeeeee  e eeee  e   eee   ee
/data3fast/users/mbermudez/de_02/TFGDataset/img/T2_0172.png|eeeeeee   eee  eee e ee ee  ee eee   eeeeeeeeeeee ee   e eee     eeeeee e eeeeeeeeeeeeeeee  eeee   e e eeeeeeeeee   eee
/data3fast/users/mbermudez/de_02/TFGDataset/img/T2_1346.png|deeeeeeeeeeee  e ee e e eeee e     e  eeeee eee   e  eeee eeeee  eee  eeee e eeee     eeee   ee  e  eeee eeeeeeeeeee  e
/data3fast/users/mbermudez/de_02/TFGDataset/img/T2_1103.png|deee e     eeeeee  eeeeee   e e     eeee  ee  eeee eeeeeeeee e     eeee     eeeeee eeeeee eeee        eeeeeeeeeeeeeee  
/data3fast/users/mbermudez/de_02/TFGDataset/img/T2_0121.png|eeeeee     ee e     eee   e e e    eeeeeeeee   eeeeee ee ee eeee ee e e eeeeeee   e e e   eeeeeeeeee e ee eeeeeeeee   e
/data3fast/users/mbermudez/de_02/TFGDataset/img/T2_0466.png|eeeeee  eee   eeeee ee e eeeeeeeee  ee eeeeee ee    eeeeeee eeeeeee  ee e e  e   eeeeeeeeeee     eeeee   eee   eee  ee 
/data3fast/users/mbermudez/de_02/TFGDataset/img/T2_1384.png|eeeeee e     e  eee   eeeee  eeeeeee        eeeeeeeeee e eee ee       eee  ee    e  eeeeeeeee e    eeeeeeee e  ee eeeee
/data3fast/users/mbermudez/de_02/TFGDataset/img/T2_1063.png|eeee  e  eeeeeee   e   e    e     eeeeeeeeeeeeee eeeeee  ee  eeeee ee ee  ee eee  eeeeeeeeeeeeeeeee   eeeeeee  e   e   
/data3fast/users/mbermudez/de_02/TFGDataset/img/T2_0553.png|eeeeeee  e e  eeeee eeeeeeeeee       eeeeee   eeee eeeeeeeee e eeee  eeee  e eeeeeeee   eee  e  eeeeee   eee  eeeee   e
/data3fast/users/mbermudez/de_02/TFGDataset/img/T2_0537.png|eeeeee  ee  e       e   e   e eeeee e  e   eeeeeeee eee eeeeee  e eeeeeeeeeeeeeeeeeeeeeee   eeeeeeee   eeeee eeeeee   e
/data3fast/users/mbermudez/de_02/TFGDataset/img/T2_0999.png|deeeeeee    e  ee  eee e eeeeeeee  ee  eeeeee     eee ee eeee  eeeeeeeeeeee eeeeee       eeee   eeee ee    eee ee eeee 
/data3fast/users/mbermudez/de_02/TFGDataset/img/T2_1164.png|deeeeeeee       e eeeeeeeeeeeeeeee  eeeeeeeee       ee e eeeee e    eee eeee  eeeeeeeeee  eeeeeeeeeeeeeee ee ee e  e ee
/data3fast/users/mbermudez/de_02/TFGDataset/img/T2_0123.png|deeee     eeeeeeeeee     eeeeeeeeeeee ee e e eeeeeeeeeeee  ee eeeeeee eeeeeeeeeee        e eeeee e  ee e   eeeeee   eee
/data3fast/users/mbermudez/de_02/TFGDataset/img/T2_1489.png|deeeeee  eeeeeeeee e      ee ee          ee eeeeee  eee eee e    eeeeeee eeeee e    ee  eeeeeeeeee eeeeeee ee ee     ee
/data3fast/users/mbermudez/de_02/TFGDataset/img/T2_1480.png|eee            eeeee  eee e eee e eee  e     eeeeeeeeeee  e    e        e e  eeee  e      eeeee eee eeeeeeee eeeeee ee 
/data3fast/users/mbermudez/de_02/TFGDataset/img/T2_1367.png|eeeeeeeeeeeeeee e          ee    e  eeeee e eeeee           e eeeeee  e ee  eeeeeeeee     ee  eeee   ee eeee     e    e
/data3fast/users/mbermudez/de_02/TFGDataset/img/T2_1342.png|deeeeee  eee        eeeeeee   e e e eeeeee eeee ee             e     e   e      e  e  e  eeee ee  e ee eeee      ee e  
/data3fast/users/mbermudez/de_02/TFGDataset/img/T2_0026.png|eeeeeeee   e     eeeeeeeeee ee eeeeee ee e      e         eeee    e    eee   ee    e e e e eee    eee ee eeeeee ee   e 
/data3fast/users/mbermudez/de_02/TFGDataset/img/T2_1490.png|deeee e   ee     eeeeeeeeeeeeee ee    e     ee eeee       ee  e e e eee                  ee   eeee     eeeee e eeee    
/data3fast/users/mbermudez/de_02/TFGDataset/img/T2_1119.png|eeeeeee     e         e       eeeeeee ee  eeeee    ee     e  eee    e       e ee e  e eee       ee eeeeeeee  ee   eeeee
/data3fast/users/mbermudez/de_02/TFGDataset/img/T2_0810.png|eeeeee ee e     e eeeeeeee       e   ee   eeeee e e e  e   ee  e    eee e   eee    eeeee          e e   ee    eee  eeee
/data3fast/users/mbermudez/de_02/TFGDataset/img/T2_0124.png|eeeeeee  ee e         eeee  eeee       ee    eeeeeeeeeee   e    e  eee  ee     eeeeeeeeee ee  e eeeeee  eeee ee        
/data3fast/users/mbermudez/de_02/TFGDataset/img/T2_0890.png|eeeee     e  eee     e   e   ee     eeeee e            ee  eeeeeee ee   eee    eeeeee eeeeeee          e   eeee  e   e 
/data3fast/users/mbermudez/de_02/TFGDataset/img/T2_1120.png|eeee e ee    ee    eeeee    eeeee ee  e e  ee    e  ee     e  e e ee e  eee   eee  ee  eeee  eee eeeeee e  e ee      ee
/data3fast/users/mbermudez/de_02/TFGDataset/img/T2_0898.png|deee ee  eee    e   eeeee e eeeeeeeeee e   eeeeeeeeeee   ee ee   e   e  eeeeeeeee eeeeeeeeeee    e   eeeeee   eee eee  
/data3fast/users/mbermudez/de_02/TFGDataset/img/T2_0843.png|deeeee e          eee eeeee  eeeeeeeeeeeeeee   e   eee ee ee             eee  eee  e e  e    eeeeeeeeeee eeee         e
/data3fast/users/mbermudez/de_02/TFGDataset/img/T2_0156.png|deee          e       e         e eeeeee eee e     eee e eeeeeee    e e ee  e  ee e e ee      eeeee    eeee eeee    ee 
/data3fast/users/mbermudez/de_02/TFGDataset/img/T2_0146.png|eeeee  ee ee eeeeee   e   e eee eeee e  ee   e    eee e    e    ee        eeeee ee   ee e  eeeee   e  eeeeee       ee e
/data3fast/users/mbermudez/de_02/TFGDataset/img/T2_0321.png|dee   eeee   e   ee  eee         e e   e   e  eeeee   eee    e eeeeee   eeeeee       e e e e  e         e   e eeeeeee  
/data3fast/users/mbermudez/de_02/TFGDataset/img/T2_0684.png|deeeee  e        eee          eeeeeeeee           eeee       eeeeeee   eeeeeeeeeeeee          eeee  eeee  e      eeeee 
/data3fast/users/mbermudez/de_02/TFGDataset/img/T2_0511.png|deeeee       e  e  e         ee  eee            eee      eee  eeeeeeee      eee      e         ee    eeeeeeeeeeeeeeeee 
/data3fast/users/mbermudez/de_02/TFGDataset/img/T2_0635.png|deeeee e       e eeee eee e e eeeeee eee  eeee    e ee     e              eeee      e   eeee   ee   eee    eeeeeee     
/data3fast/users/mbermudez/de_02/TFGDataset/img/T2_0053.png|eeee           e e   e  eeeeee    ee e e    eee ee eeeee        ee         eee    ee e      eeee   eee eeee ee ee   e e
/data3fast/users/mbermudez/de_02/TFGDataset/img/T2_1332.png|eeeee     e e  ee    eee   e e                 e        ee  eeeeee   eee  eeeee     e eeee       ee eee           eeee 
/data3fast/users/mbermudez/de_02/TFGDataset/img/T2_0583.png|eeee  eeee   e    eeeeeee   e  e eeee      ee        eeeee  e       e     ee eee e e    e eeeeeee e ee         eee   e 
/data3fast/users/mbermudez/de_02/TFGDataset/img/T2_1179.png|deeee e  e  ee e   e      ee eee    e           e  ee eee      ee eeeeee eeeeee eeeee e ee      eee eeeee      eeee   e
/data3fast/users/mbermudez/de_02/TFGDataset/img/T2_0996.png|deeee e    e    ee    ee eeee  eeeeee e eeeee   eeee   eeeeeeeeeeeeeee  ee    e eeeee ee  ee e   e    eeeeeeee eee ee  
/data3fast/users/mbermudez/de_02/TFGDataset/img/T2_0587.png|eeeeee   e            e e    eeeeee ee     eeeeeeeeee  ee       e  eee  ee      ee ee eeeee   eeee ee e      ee   e    
/data3fast/users/mbermudez/de_02/TFGDataset/img/T2_1435.png|deeeee e  e          e ee    ee        ee   eeee       eeeeeeee  eeeee     ee      eeeee e e   eeee     ee    e e  e  e
/data3fast/users/mbermudez/de_02/TFGDataset/img/T2_1372.png|eeeeee   ee       e      eee         ee       eee   ee      ee     ee       e ee      eeeeeee    e e  e eee ee ee  eeee
/data3fast/users/mbermudez/de_02/TFGDataset/img/T2_1048.png|eeeee                          e             eeee   e  ee                         ee    eeee e     e  e     e      eee 
/data3fast/users/mbermudez/de_02/TFGDataset/img/T2_0012.png|eeeee    e   eee                    e ee                 e         eeeee                   ee   ee     e      e    eeee
/data3fast/users/mbermudez/de_02/TFGDataset/img/T2_0008.png|eeee       e  e e e            eeee e  eee   ee   e  e   eeee  eeee  e e       e   eee        eeeeeeeeeee              
/data3fast/users/mbermudez/de_02/TFGDataset/img/T2_0795.png|eeeee           ee        e         e     e    e e e      e        eeeee          e     e  e  e eeeee eeee   ee eeee ee
/data3fast/users/mbermudez/de_02/TFGDataset/img/T2_0672.png|eee  e   ee        e       e  eee eee    eeeeeee     eee ee ee e    e   eeeeeeee  eeeeeeeeeee         e   e    e eeeeee
/data3fast/users/mbermudez/de_02/TFGDataset/img/T2_0543.png|eeeee     e   e   eee  eeeeeee ee ee e e      e      e  e               eeeeeee e    e ee   e          ee ee      e    
/data3fast/users/mbermudez/de_02/TFGDataset/img/T2_1029.png|eeeeee     ee      e     ee   ee  e ee      ee   e      eeee      e      eeeeeeee e  eeee        e         eee  eeee   
/data3fast/users/mbermudez/de_02/TFGDataset/img/T2_0407.png|eeeeee     e  e          e e  e   e eeeeeeee  eeee       e  ee ee  e  eeee    ee    e e     e   e     eee ee     e    e
/data3fast/users/mbermudez/de_02/TFGDataset/img/T2_1308.png|eeee       eee eeeeee     ee e  e   ee    e    eeee  eeeeeee   e   eee     e        eeee e                ee      e   e
/data3fast/users/mbermudez/de_02/TFGDataset/img/T2_1035.png|eeeee    e eeeeeeeee             e  eeee   eee e  ee  e    e             eeeee  e    e   eeee   ee           e   ee e e
/data3fast/users/mbermudez/de_02/TFGDataset/img/T2_1191.png|eeeeeee       eee     ee e     e eee     e    e  eee  ee e    eeeee    e    e       e      e   eeee  e   eee e e       
/data3fast/users/mbermudez/de_02/TFGDataset/img/T2_0507.png|eeee       ee               ee    ee    eeeee  ee        e ee            e e    ee  eee       ee e            e    e  e
/data3fast/users/mbermudez/de_02/TFGDataset/img/T2_1093.png|eeeeee   eee e               e          eeee eeee       eee e  ee e eee e   e eeee    ee       ee    ee    eeee      ee
/data3fast/users/mbermudez/de_02/TFGDataset/img/T2_0576.png|eeeee e  e       e     ee                     e      ee eeeeeee                 ee       eeee                    ee ee 
/data3fast/users/mbermudez/de_02/TFGDataset/img/T2_0692.png|dee   e        eeeee        e      e    ee           eee ee  ee    ee eeeeeeee  ee  e e    e     eeeeeee    e   ee     
/data3fast/users/mbermudez/de_02/TFGDataset/img/T2_1269.png|eeee               e  eeee ee ee ee e  eee e     ee eeeeee  ee e  e     e  eee    e       e  eeeee ee     eee          
/data3fast/users/mbermudez/de_02/TFGDataset/img/T2_0462.png|eeee      ee e          e  ee      eee   e         e              ee  e   e e  e ee   ee   ee   ee ee    e e   e  ee   
/data3fast/users/mbermudez/de_02/TFGDataset/img/T2_0639.png|ee  e       e    e eee     ee       e   eeee e ee        ee    eeeee  e  eeeeeee ee   ee e           ee               e
/data3fast/users/mbermudez/de_02/TFGDataset/img/T2_0141.png|eeeeeee    e        eeeeee      e e eeeeeeee eee    ee          e ee  ee e  e    ee                    ee e e ee e     
/data3fast/users/mbermudez/de_02/TFGDataset/img/T2_0696.png|eeeee     eeee         ee e       e                    eeee   eee   eee  ee           e       e e  ee e     ee     eeee
/data3fast/users/mbermudez/de_02/TFGDataset/img/T2_1399.png|deeee e   e    e              ee      eee e     e ee   eee    ee                     eee       eee   eeeeeee           
/data3fast/users/mbermudez/de_02/TFGDataset/img/T2_0248.png|deeee                     eee e         e           e e           eeeee  e        ee  e ee                  e e        
/data3fast/users/mbermudez/de_02/TFGDataset/img/T2_0307.png|eeee   e       e    e  e    e                   e    ee    eee         e           eee    eeee e eee       e    e e eee
/data3fast/users/mbermudez/de_02/TFGDataset/img/T2_1105.png|eeeeee  e          eeee      e e e            e          e     ee  eeeee  eee       ee     ee           ee         e   
/data3fast/users/mbermudez/de_02/TFGDataset/img/T2_0355.png|deee ee             e          eee    e eee    ee   ee     ee        e    eeeeee ee ee            e      e  e         e
/data3fast/users/mbermudez/de_02/TFGDataset/img/T2_1158.png|eeee     e   ee       e eee     ee   eee      eeeeeee     eee    eee              ee e   e eeeee    e  e             e 
/data3fast/users/mbermudez/de_02/TFGDataset/img/T2_0640.png|ee    ee e        e ee e    e  e   eee eee  eeee     eeeeeee      e  eee  e           e          e       ee     ee    e
/data3fast/users/mbermudez/de_02/TFGDataset/img/T2_0148.png|eeeee      e ee     e   ee       eeee      e    ee        e                  e  e ee     eee ee  ee  eee eee ee e      
/data3fast/users/mbermudez/de_02/TFGDataset/img/T2_0832.png|eeeee   e  e    e      ee               eeee  e       eeeeee   eeee      e ee      e eeeee e  ee       eee  e ee   eee 
/data3fast/users/mbermudez/de_02/TFGDataset/img/T2_1019.png|eeeee        eee   e   e          e         e    ee e      eee     e          e                  e   eeeee e ee eee   e
/data3fast/users/mbermudez/de_02/TFGDataset/img/T2_1413.png|eeeee e    ee       e  ee   e     eee       e      e eee                            e e       e               eee     e
/data3fast/users/mbermudez/de_02/TFGDataset/img/T2_1180.png|eee eee         e   ee e    ee e   e eeee    e    ee      eee e     e       ee   e          ee   eee         e ee    e 
/data3fast/users/mbermudez/de_02/TFGDataset/img/T2_1407.png|eeee          e                         ee      eee      e  eeee eeee         e e        eee ee                e       
/data3fast/users/mbermudez/de_02/TFGDataset/img/T2_0549.png|deeeeee    e    e        e     e  ee  eeeee            ee  eee      e      e e       eeeeee     eee  e            e e  
/data3fast/users/mbermudez/de_02/TFGDataset/img/T2_0948.png|eeee         eee       e     e  e eeeee  e e    ee   e eee      e      e e eee        eeee   ee           ee   eeeee   
/data3fast/users/mbermudez/de_02/TFGDataset/img/T2_1322.png|deee ee      ee   ee           eeeee   e e   ee  ee   e   e    e                   ee            ee   eeee         eeee
/data3fast/users/mbermudez/de_02/TFGDataset/img/T2_1301.png|deeee            e e     e e e  e                       e eeeeeee         eee ee     e eeeeee        e  e  ee     ee   
/data3fast/users/mbermudez/de_02/TFGDataset/img/T2_0913.png|eeeeee                              eee   eee            eeeeeeeeeeee  e     e          e              e       e e e   
/data3fast/users/mbermudez/de_02/TFGDataset/img/T2_1423.png|eeeee       e eeeeee eeeeeeeeee              ee e e eeeeee e                  e e ee e                   e eeeee       
/data3fast/users/mbermudez/de_02/TFGDataset/img/T2_0137.png|deeeee                    e    e e e e ee e   eee                e    e           e          eeee   e    eee          e
/data3fast/users/mbermudez/de_02/TFGDataset/img/T2_0556.png|eeee           e               eeeee   eeee  e  eeee eeeee      eee    eeeeee    eeeee     ee         eee e   eeee  e  
/data3fast/users/mbermudez/de_02/TFGDataset/img/T2_1405.png|eeee          e    e    e      eeee        e ee                        e          e e          e               eeee ee 
/data3fast/users/mbermudez/de_02/TFGDataset/img/T2_0106.png|eee               e       ee    e    ee         ee      eeeee e  eee     e ee e eee   e      e e     e     ee    ee  e 
/data3fast/users/mbermudez/de_02/TFGDataset/img/T2_0901.png|eeee          eeee     eeee   ee e  eee         e    eee eeee eee    ee     e          eee    ee          ee      ee  e
/data3fast/users/mbermudez/de_02/TFGDataset/img/T2_0208.png|eeee  e     eee   eeee           e     e ee                        e    e             e    eeee     eee  e     e     e 
/data3fast/users/mbermudez/de_02/TFGDataset/img/T2_1169.png|deeee     e ee        e e   eeee  ee  ee          ee                      e  eee              e  ee         e  e   ee  
/data3fast/users/mbermudez/de_02/TFGDataset/img/T2_0349.png|eeeee     eeeee                   ee   eeeee  e   e     ee e e     ee e    e    ee             e     e        e        
/data3fast/users/mbermudez/de_02/TFGDataset/img/T2_0420.png|deeeee e   e          e        e      e eee  eee     e       ee      eee                 eee  eeeee e  e         eeeeee
/data3fast/users/mbermudez/de_02/TFGDataset/img/T2_1289.png|eeee        e   e       e    e  e e        eee e           e     e e       eeeee      ee      eee   e e eeeeeeeee      
/data3fast/users/mbermudez/de_02/TFGDataset/img/T2_1328.png|eeee         ee         eeeee    e   eeeeee eeeeee                     ee   eeeeeee      ee               e   e     e e
/data3fast/users/mbermudez/de_02/TFGDataset/img/T2_1089.png|eeeee              e       ee    e  e                ee           eeee           e e ee eeeeee        e                
/data3fast/users/mbermudez/de_02/TFGDataset/img/T2_0974.png|ee          eeeee          e e e         e     e eee e           eee   eeeee              ee   e  e             e e e  
/data3fast/users/mbermudez/de_02/TFGDataset/img/T2_0043.png|eeeee e       ee e        e                ee        e   e           e         e      ee   e                      eee  
/data3fast/users/mbermudez/de_02/TFGDataset/img/T2_0731.png|eeee          eee    ee  e        e eeeee eee ee e      eeee        ee   ee e          ee e   ee    ee ee              
/data3fast/users/mbermudez/de_02/TFGDataset/img/T2_0700.png|eeeee           e            eeeee      e  e             ee      ee      eeee     eee          ee ee         eee ee eee
/data3fast/users/mbermudez/de_02/TFGDataset/img/T2_1296.png|eeee           e     e      e   ee   eee e         e           e    eee         eee e   e e      eee   e ee    e     ee
/data3fast/users/mbermudez/de_02/TFGDataset/img/T2_1129.png|eeeee  e       e         e   e   eee        ee    eee     ee              e     ee  e    e     eeee        eee    e eee
/data3fast/users/mbermudez/de_02/TFGDataset/img/T2_1428.png|deee        ee    e           eeee     eeee      eee     e    ee            ee       e      ee                    e    
/data3fast/users/mbermudez/de_02/TFGDataset/img/T2_0418.png|eeee      eeee    eeee            e   eeeee     e ee   ee    ee      e  ee      eeee   eeeeee    e   eee    e e        
/data3fast/users/mbermudez/de_02/TFGDataset/img/T2_0763.png|eeeeee            e  e   ee  e  e e      ee  eee         e      eeee  eeee      e eeeeeeeeee eee     eee  eee       e e
/data3fast/users/mbermudez/de_02/TFGDataset/img/T2_1307.png|eee                     e     e ee e  ee  e          eee    ee   e    e   e  e e    e              eee    e ee ee     e
/data3fast/users/mbermudez/de_02/TFGDataset/img/T2_1497.png|eeee                     e  ee     e ee   ee         e       eeee e  ee         eeeeeee e        ee   e   e      eeee  
/data3fast/users/mbermudez/de_02/TFGDataset/img/T2_0648.png|deee   ee   ee  e           ee ee         e     eeeeeeeeeee  e           e        e ee e      eeeee     e      e       
/data3fast/users/mbermudez/de_02/TFGDataset/img/T2_1200.png|             e  e             eee     e e e      e    eee                    eee eee                ee         e       
/data3fast/users/mbermudez/de_02/TFGDataset/img/T2_0212.png|eee                ee ee  eeee   eeee e   eee        e  e   e    e  eeee    eee     e    ee  ee  ee  e    ee          e
/data3fast/users/mbermudez/de_02/TFGDataset/img/T2_0761.png|eeeeee  e            e     eee eeee eeee eeee          eee      eee    e       ee   eee    eeee    e  e eeee eeeeee   e
/data3fast/users/mbermudez/de_02/TFGDataset/img/T2_0235.png|deee  e   e        eee         ee  e   eee   e   e e ee e    e  e  e e  e   ee  ee eee                           eee   
/data3fast/users/mbermudez/de_02/TFGDataset/img/T2_1274.png|eeee              eeee  ee   e  eeeee   ee          eeee e   e    e  e  eee   eee          e  ee e     e   e  ee   e   
/data3fast/users/mbermudez/de_02/TFGDataset/img/T2_0122.png|eeeeee             e          e e            eeee eeee      ee            eeee e e       e     eee        e   eee      
/data3fast/users/mbermudez/de_02/TFGDataset/img/T2_0665.png|eeee          e              e   e ee eeeee e  e                eee          eee e e ee          e  eee       e        
/data3fast/users/mbermudez/de_02/TFGDataset/img/T2_1433.png|eee     eeeee eeee           ee  eee  e          eee         e    e  eeee e             e              e   e   eee    e
/data3fast/users/mbermudez/de_02/TFGDataset/img/T2_0376.png|eeee       e             e  eeee      e ee      e e          eee    eee eeeeeeeeee  e     e ee    e eeeeee   e  eee eee
/data3fast/users/mbermudez/de_02/TFGDataset/img/T2_0145.png|deeeeee                e    e  eeee  e e  eee  e       eeee      e   e           eee    eee       e    e e   e         
/data3fast/users/mbermudez/de_02/TFGDataset/img/T2_0185.png|eeeee     ee            e     ee ee     eeeee   e  eee eee            eee  e  ee    ee     e       e            eee    
/data3fast/users/mbermudez/de_02/TFGDataset/img/T2_0297.png|eeee  ee  ee     ee                 ee          ee eeee        e       e  eeeeee eeeeeeeee     eee   e  eeee    e ee ee
/data3fast/users/mbermudez/de_02/TFGDataset/img/T2_0175.png|dee        e             e     e e  eee eee  eeeee e       e   ee  e ee      e e                    eeee e     eeee  e 
/data3fast/users/mbermudez/de_02/TFGDataset/img/T2_0103.png|            e     ee          e    e  ee e   e  eeee  e   ee       e    eeeeee     e eee  e ee eeeeeeeee              e
/data3fast/users/mbermudez/de_02/TFGDataset/img/T2_0348.png|eeeee e e  e     e   e e         e eeee  e   e eeee  eeee  e         e  e             ee    ee      e e ee   eee       
/data3fast/users/mbermudez/de_02/TFGDataset/img/T2_1115.png|eeee                               e              e    e    eeee   e                eee     e eeeeee    e ee    e      
/data3fast/users/mbermudez/de_02/TFGDataset/img/T2_0398.png|deee      e       eee    eeeee     e  ee  e      eeee   e    ee                    eeeeee e e ee    e         e        
/data3fast/users/mbermudez/de_02/TFGDataset/img/T2_1278.png|deee             eeee          e         eeeee   e e    ee          ee ee e       e  eee       e e     ee      eeee   e
/data3fast/users/mbermudez/de_02/TFGDataset/img/T2_1139.png|eeee     eeee      eeeeee     e       ee ee       e      e   e  e  eee eee    eee   eeee  e    eeee e e       eeeeee   
/data3fast/users/mbermudez/de_02/TFGDataset/img/T2_0050.png|eeeee e                e     e    ee  ee                   e eeeeee     eeeeee             e   eee     e ee      e     
/data3fast/users/mbermudez/de_02/TFGDataset/img/T2_0002.png|deeeeee            e ee      eeeee                  ee     e   e    eeeeee    eeee  e eeee       eeee   ee            e
/data3fast/users/mbermudez/de_02/TFGDataset/img/T2_0395.png|deeeee    ee          ee        ee ee    eee      e  e    eee         ee      eee  e eeeeeee  e     eeeee    ee    e ee
/data3fast/users/mbermudez/de_02/TFGDataset/img/T2_0199.png|deeee   eeee  ee e     e   e         eeee eee  e e        eeeeeeee   ee  ee eeeeeee  eeeee eee         eeeeeeee        
/data3fast/users/mbermudez/de_02/TFGDataset/img/T2_1228.png|deeeee         e  e     ee   eee      eeeeeee                   eeeee eeeee          eeee  ee       ee   e eee  e   e e
/data3fast/users/mbermudez/de_02/TFGDataset/img/T2_0847.png|#e        e  eee    e e        eee      ee e eeee          eee             eeee        ee e  ee  ee ee      eeeeeeeeee 
/data3fast/users/mbermudez/de_02/TFGDataset/img/T2_0041.png|eeeeee    ee   e e      e e     e         eeeeee  e           e       eeee   eeeeeeeeeee  e     eeee              e e e
/data3fast/users/mbermudez/de_02/TFGDataset/img/T2_0742.png|eeeee           eee    ee   eee eee     e e e ee          eeee    e  e      e  e     ee eee  e e   eeeeee   e eee  e   
/data3fast/users/mbermudez/de_02/TFGDataset/img/T2_0382.png|eeee       e  e    eee     e eee      e   eeee   eee     e eee   eee   e ee  eeeeee    eeee eeeee        eeee     ee   
/data3fast/users/mbermudez/de_02/TFGDataset/img/T2_1310.png|eeee        e                  eeee    eee     ee         eee  eeee     ee  eee     e eeee  e  ee      e  eeee  ee     
/data3fast/users/mbermudez/de_02/TFGDataset/img/T2_0897.png|eeee         e     eee   eeee  e   e  ee eee eee   eee             ee eeeee          eeee   ee e         eee     eeeeee
/data3fast/users/mbermudez/de_02/TFGDataset/img/T2_1468.png|deeee  e    e              e eee     eee  ee    eee  eeee       ee     e          eeeeeee      eeee   e eeee         ee
/data3fast/users/mbermudez/de_02/TFGDataset/img/T2_0777.png|eeee      e  e ee  e   e     ee    eeee eee e      e   e    e    eeeeeeeee      eeeeeeeeeee     e       e  eeeeee  ee e
/data3fast/users/mbermudez/de_02/TFGDataset/img/T2_0278.png|eee           ee eee  e eee        ee  e  eeeeee  ee         eee    eee          ee    e    eeeeeeeee         e  e eee 
/data3fast/users/mbermudez/de_02/TFGDataset/img/T2_1268.png|eeeee             e e        eeeeee           eeee  eee e   eeee eeee   eeeeee  eeeeeee     e  e       e   eeee     e  
/data3fast/users/mbermudez/de_02/TFGDataset/img/T2_0483.png|eeeeee e     e e e eeeee eeeeee  e   e  ee    eeee    eee   eee eee  eee  e eee  eeee e eeeee   ee   e   ee eeee e e   
/data3fast/users/mbermudez/de_02/TFGDataset/img/T2_0509.png|dee              eeeeeeeeee e   ee eeee        eeee             ee eeee e eee     e eeee  e ee   eeeeeee    e          
/data3fast/users/mbermudez/de_02/TFGDataset/img/T2_1065.png|deeee  e                eeee       eee      ee eee    e      eee       e e  ee eeeee               e  ee eeeee  eee  e 
/data3fast/users/mbermudez/de_02/TFGDataset/img/T2_0205.png|deee             ee eeeee eee   eee    e e eee      ee      e  eeeeeee  e eee e      eeeee  e  e e    eee  eee   eee   
/data3fast/users/mbermudez/de_02/TFGDataset/img/T2_0650.png|eeeee            ee  eeeee  ee       eeeeee   e      e      e  ee     e       e e e         eee        eeee  eeee  eeee
/data3fast/users/mbermudez/de_02/TFGDataset/img/T2_0757.png|eeee       ee   e  ee       eeeee e e e    ee    e      e e      e ee   ee  e     ee  ee  e ee ee    eeeeeeeeeee e e   
/data3fast/users/mbermudez/de_02/TFGDataset/img/T2_0093.png|eeeeee              e ee          ee     e        e ee     e     eee    ee eeee   ee e    ee    ee e eee     e ee    e 
/data3fast/users/mbermudez/de_02/TFGDataset/img/T2_1073.png|#             eeeeeee                    e  eee    e     e              eee e           e     e      e   e   e     e  e
/data3fast/users/mbermudez/de_02/TFGDataset/img/T2_0034.png|          e     eee e  e   e     eeeeeeeee e          e eeeeeee e      e  e   e e   e eee       e         eee          
/data3fast/users/mbermudez/de_02/TFGDataset/img/T2_1194.png|eeeee       e       e              eeeee          eee      e   eee  ee     ee   e  e e       e     eee  e   e eee   e e
/data3fast/users/mbermudez/de_02/TFGDataset/img/T2_1378.png|eeeeeee e      e           ee    eee      ee ee                eeee            e  e        e ee e  eee e    eeeeeeee   
