/data3fast/users/mbermudez/de_02/TFGDataset/img/T2_0704.png|# 
/data3fast/users/mbermudez/de_02/TFGDataset/img/T2_1284.png|dieeesssssssssss                 n          eeeeee
/data3fast/users/mbermudez/de_02/TFGDataset/img/T2_0306.png|"           eeeeeeeeeeeeeeeeee         eeeee chhhhhh
/data3fast/users/mbermudez/de_02/TFGDataset/img/T2_1031.png|beeeeeeeeeeeeeeeeeeehhh  nnnn n eeeeee
/data3fast/users/mbermudez/de_02/TFGDataset/img/T2_1338.png|ieeeeeeeeeeeeeeeeeeeeeeeee eeee    *ee**eeeeeeeess
/data3fast/users/mbermudez/de_02/TFGDataset/img/T2_0241.png|unneeeeeeeeeeeeeesss             eeee
/data3fast/users/mbermudez/de_02/TFGDataset/img/T2_0518.png|der            eeeeeee  e         eeeeelllee
/data3fast/users/mbermudez/de_02/TFGDataset/img/T2_1024.png|ssee           eeeeeeee ee  e                 t
/data3fast/users/mbermudez/de_02/TFGDataset/img/T2_0083.png|uuu eeeeeeeeeeeeeee e e           aaaaaaaa a
/data3fast/users/mbermudez/de_02/TFGDataset/img/T2_0625.png|deeeeeeeeeeeeeeee                               eeen
/data3fast/users/mbermudez/de_02/TFGDataset/img/T2_0533.png|dasssssss             e eh    e              eeeeee
/data3fast/users/mbermudez/de_02/TFGDataset/img/T2_0099.png|hheeeeeeeeeeeeee   lla        ll    eeee       *....
/data3fast/users/mbermudez/de_02/TFGDataset/img/T2_0130.png|ceeeeeeeeeeeeeeeei                eeeeee ee       eee
/data3fast/users/mbermudez/de_02/TFGDataset/img/T2_0406.png|iii           tt                 eeehheeee
/data3fast/users/mbermudez/de_02/TFGDataset/img/T2_1036.png|cceeeeeeeeeeee ss       eeeeeeeee       eeeeeeeee
/data3fast/users/mbermudez/de_02/TFGDataset/img/T2_1124.png|eeeiiiee    nn         ddddd       d eeeee
/data3fast/users/mbermudez/de_02/TFGDataset/img/T2_1208.png|da    eeeeeeeeeeeee      eeeeeeeeeeeeeee
/data3fast/users/mbermudez/de_02/TFGDataset/img/T2_0552.png|*eeeeeeeeee  ee      eeeeeeeeeeeeeeeeeeeeeeee
/data3fast/users/mbermudez/de_02/TFGDataset/img/T2_0343.png|ssseeeeeeeeee     eeeeeeeeeeeeeeeeeeeeeeeeeeeeeeee
/data3fast/users/mbermudez/de_02/TFGDataset/img/T2_0763.png|sccchhhheeeee                    eeee e     chhhhhhhhh
/data3fast/users/mbermudez/de_02/TFGDataset/img/T2_0760.png|unn        a aaa        eeeeeeeeeeeee
/data3fast/users/mbermudez/de_02/TFGDataset/img/T2_0228.png|"   eeeeeehhhheeeee eeeee  eeeeeee       ssss
/data3fast/users/mbermudez/de_02/TFGDataset/img/T2_0168.png|uu         eeeeeee                            eeehhh
/data3fast/users/mbermudez/de_02/TFGDataset/img/T2_0452.png|"    eeeee   nn                   ssssss   elee
/data3fast/users/mbermudez/de_02/TFGDataset/img/T2_0175.png|iieeeee    ssssssss           e eeeellllllll
/data3fast/users/mbermudez/de_02/TFGDataset/img/T2_0248.png|weeeeeeeeeeeeeeeeeeeeeeeeeeeeeeeeeeeee     e  eeee
/data3fast/users/mbermudez/de_02/TFGDataset/img/T2_0999.png|eeesllhhlll  eee eeee    eeeeeeeeeeeeeeeee eeeeee
/data3fast/users/mbermudez/de_02/TFGDataset/img/T2_0196.png|tee            eeeeeee                sssss
/data3fast/users/mbermudez/de_02/TFGDataset/img/T2_0455.png|unnd        hhhhhhhhhhhhhhch     cchhhhhh
/data3fast/users/mbermudez/de_02/TFGDataset/img/T2_0559.png|unnd eeeeeeeeeeese ee e       eeeeeeeeeeeeeeeeeeee
/data3fast/users/mbermudez/de_02/TFGDataset/img/T2_1431.png|deee     eennneeeeeneeeeeeee      sssssst
/data3fast/users/mbermudez/de_02/TFGDataset/img/T2_0761.png|geer   nn       tt.
/data3fast/users/mbermudez/de_02/TFGDataset/img/T2_0769.png|ssss                         eeeeeeeeeeee
/data3fast/users/mbermudez/de_02/TFGDataset/img/T2_0844.png|aau  eeeeee                              e eeee
/data3fast/users/mbermudez/de_02/TFGDataset/img/T2_0016.png|geeeeeeeeeetttt
/data3fast/users/mbermudez/de_02/TFGDataset/img/T2_0010.png|*ee          e    eee     e                eeeeeeeeeeeeee
/data3fast/users/mbermudez/de_02/TFGDataset/img/T2_0232.png|weee    s ss eeeeeeeeeeeeeeeeeeeeeeeeeeei**nne
/data3fast/users/mbermudez/de_02/TFGDataset/img/T2_1159.png|uu          aaaa             eeeeee eeeeeeee
/data3fast/users/mbermudez/de_02/TFGDataset/img/T2_0905.png|ggee                            
/data3fast/users/mbermudez/de_02/TFGDataset/img/T2_0062.png|tttt    eeeeeeeeeeeeee eeeeeeeeeeeeeeeeee        eell
/data3fast/users/mbermudez/de_02/TFGDataset/img/T2_0498.png|dsss         eeeeeeeeeeeeeeeei    ttt   ...
/data3fast/users/mbermudez/de_02/TFGDataset/img/T2_0849.png|inn    ssssssss       e    eeee          eeeeeeeeeeee
/data3fast/users/mbermudez/de_02/TFGDataset/img/T2_0974.png|# 
/data3fast/users/mbermudez/de_02/TFGDataset/img/T2_0779.png|weeeeeeeeeeeeeeeeeeeeee              eeeeeeeeeee
/data3fast/users/mbermudez/de_02/TFGDataset/img/T2_0948.png|beeeeeeee                      ee  eeeeeeeeeee
/data3fast/users/mbermudez/de_02/TFGDataset/img/T2_0184.png|#  
/data3fast/users/mbermudez/de_02/TFGDataset/img/T2_0640.png|# 
/data3fast/users/mbermudez/de_02/TFGDataset/img/T2_0865.png|eeeeeeeeeeee.
/data3fast/users/mbermudez/de_02/TFGDataset/img/T2_1084.png|aaaa         ee e  eeeee               h hhhhh
/data3fast/users/mbermudez/de_02/TFGDataset/img/T2_1416.png|deeeeeeeeeeee  ee ddddd                    eeee
/data3fast/users/mbermudez/de_02/TFGDataset/img/T2_0461.png|dan     eeeeeeeeeeesssssssshhhhh  h            eee
/data3fast/users/mbermudez/de_02/TFGDataset/img/T2_1034.png|der     eeeeeeeeeeeeeeeeeeeeeee eee eeeeehhhhhh
/data3fast/users/mbermudez/de_02/TFGDataset/img/T2_0677.png|aall  eeeeeeeeeeeeeeeeeeeeeeeeee eeeeee
/data3fast/users/mbermudez/de_02/TFGDataset/img/T2_0358.png|"   sssss     e   eel  e eeeee e eeeeeeeeeeeeee
/data3fast/users/mbermudez/de_02/TFGDataset/img/T2_0208.png|ddd eeeeeeeeeeeeeeeeeeeeeee hhhhc           
/data3fast/users/mbermudez/de_02/TFGDataset/img/T2_1324.png|seee                                          eeen
/data3fast/users/mbermudez/de_02/TFGDataset/img/T2_0876.png|weeeeeeeeeeeeeiiiihhh         eeeeeeeeeeeeeeee
/data3fast/users/mbermudez/de_02/TFGDataset/img/T2_0239.png|"    eeeeeeeeeeeeeeeeee
/data3fast/users/mbermudez/de_02/TFGDataset/img/T2_1276.png|beeeeeeeeeeeeee                         eeeeeee
/data3fast/users/mbermudez/de_02/TFGDataset/img/T2_0379.png|dii  eeeeeeeee                   tt
/data3fast/users/mbermudez/de_02/TFGDataset/img/T2_1383.png|sesssesssssss                 eeeeeeeeeeeeeeeeeee
/data3fast/users/mbermudez/de_02/TFGDataset/img/T2_0466.png|eeessss                         eeeeeeeeeeeeehhhhhh
/data3fast/users/mbermudez/de_02/TFGDataset/img/T2_0646.png|alll                        eeeeeeeee      aaa
/data3fast/users/mbermudez/de_02/TFGDataset/img/T2_1240.png|bee   eeeeeeeeeeeeeeeeeeeeeeeeeeeeeeeeee             e
/data3fast/users/mbermudez/de_02/TFGDataset/img/T2_1093.png|drrraa          eeeeeeeeeeeeeeeeeeeeeee     nnne
/data3fast/users/mbermudez/de_02/TFGDataset/img/T2_0488.png|aaee  eeeeeeeeeeeeeeeee      e     hhhh
/data3fast/users/mbermudez/de_02/TFGDataset/img/T2_1174.png|iiii    aaa               seeeeeeeeeeeeeeeeee*eeee
/data3fast/users/mbermudez/de_02/TFGDataset/img/T2_0946.png|uu   eeee    sss     ss                      e
/data3fast/users/mbermudez/de_02/TFGDataset/img/T2_0799.png|nneeeeeeeehhhhhhh     h   eeeeeeeeeeeeeeeeeeeee
/data3fast/users/mbermudez/de_02/TFGDataset/img/T2_0696.png|nnnneeeeeeeeeeeeee     nn n       eeeeeeeeeee
/data3fast/users/mbermudez/de_02/TFGDataset/img/T2_0548.png|aalllleeeeeeeeeeeeee  e    e       sss  ssssss
/data3fast/users/mbermudez/de_02/TFGDataset/img/T2_0331.png|#  
/data3fast/users/mbermudez/de_02/TFGDataset/img/T2_0583.png|auu      a          ssss     eeeeeleellleeeeeeee
/data3fast/users/mbermudez/de_02/TFGDataset/img/T2_0448.png|geee       eeeeeeeeeeeeeeeeeeeeee  e e  e
/data3fast/users/mbermudez/de_02/TFGDataset/img/T2_0030.png|deeeeeeeeeeeeeeeeeeeeeeeeeeeee                eeeed
/data3fast/users/mbermudez/de_02/TFGDataset/img/T2_0450.png|eees                            seeeeeeeeee
/data3fast/users/mbermudez/de_02/TFGDataset/img/T2_0416.png|ssshs  e                 eee eee        eeeeeeee tttt
/data3fast/users/mbermudez/de_02/TFGDataset/img/T2_0338.png|eee  sssssss                      e eeeeeeeeeeeeeeeee
/data3fast/users/mbermudez/de_02/TFGDataset/img/T2_0767.png|ss   hhhhhheeeeeeee eeeeeeeeeeeeeeeeeee
/data3fast/users/mbermudez/de_02/TFGDataset/img/T2_0427.png|aaa         eehhhheeeeeeeeeeeeeeeeeeeeeeeeeeeeee
/data3fast/users/mbermudez/de_02/TFGDataset/img/T2_0718.png|dii   sssss  s       h             eddeeeee
/data3fast/users/mbermudez/de_02/TFGDataset/img/T2_0591.png|deeeseeeeeeeee            eeeeeeeeeeeee      aaaaa
/data3fast/users/mbermudez/de_02/TFGDataset/img/T2_0787.png|eeee         n      nn nnnn  n        eeee
/data3fast/users/mbermudez/de_02/TFGDataset/img/T2_0185.png|nnnn               n                      aa
/data3fast/users/mbermudez/de_02/TFGDataset/img/T2_1476.png|bee  d            eeeeeeeeeeeeeeeeeeeeeeeeee
/data3fast/users/mbermudez/de_02/TFGDataset/img/T2_1349.png|eeeiiii     n       eeee    tt         eeeeetee
/data3fast/users/mbermudez/de_02/TFGDataset/img/T2_0269.png|wlle      e  eeeeeeeeeeeeeeeeeeeeeelllllllll
/data3fast/users/mbermudez/de_02/TFGDataset/img/T2_0132.png|beessssseee                         eeeeeeeeee  seseeeeeh
/data3fast/users/mbermudez/de_02/TFGDataset/img/T2_0927.png|weeeeeeeeiiiehhhhhheeeeeee     hss e h         e
/data3fast/users/mbermudez/de_02/TFGDataset/img/T2_0970.png|ssssshhh hh          eeeeeeeeeeeeeee         eeee
/data3fast/users/mbermudez/de_02/TFGDataset/img/T2_1058.png|adn eeeeeeeeeeeee e ee e eeeeeeeeeeeeeess    ss   sd
/data3fast/users/mbermudez/de_02/TFGDataset/img/T2_0279.png|dee   *                        tt ttt     tttt
/data3fast/users/mbermudez/de_02/TFGDataset/img/T2_1327.png|ee         eeeeeeeeeeeee                sssssss
/data3fast/users/mbermudez/de_02/TFGDataset/img/T2_0828.png|unn    d       e  eeeeeeeeeeeeee    aaaass
/data3fast/users/mbermudez/de_02/TFGDataset/img/T2_0597.png|ee          i eee*******i ii  i     iie**e*
/data3fast/users/mbermudez/de_02/TFGDataset/img/T2_1351.png|nneeeeeeeeeeeeeesssss eeee
/data3fast/users/mbermudez/de_02/TFGDataset/img/T2_0741.png|# 
/data3fast/users/mbermudez/de_02/TFGDataset/img/T2_0479.png|eeeeeeeee e e        d               shehe
/data3fast/users/mbermudez/de_02/TFGDataset/img/T2_0173.png|bee                 ieee   eeee       e
/data3fast/users/mbermudez/de_02/TFGDataset/img/T2_0020.png|mma    leleeeeeeeeeeeeeeeeeeee    d   deeeee
/data3fast/users/mbermudez/de_02/TFGDataset/img/T2_0964.png|tttteeeeeeeeeeeeeeeeeeeeeeeeeeeeeeeeeeeee
/data3fast/users/mbermudez/de_02/TFGDataset/img/T2_0453.png|unnn            eeeeee                  
/data3fast/users/mbermudez/de_02/TFGDataset/img/T2_1244.png|hheeeeeeeee              ssssssseee    ee
/data3fast/users/mbermudez/de_02/TFGDataset/img/T2_0880.png|flleeeeeee  sssssss   ee              .
/data3fast/users/mbermudez/de_02/TFGDataset/img/T2_0174.png|dee     nnneeeeeee                           eeee
/data3fast/users/mbermudez/de_02/TFGDataset/img/T2_1390.png|nnn              ssssss               ssseeeeeeeee
/data3fast/users/mbermudez/de_02/TFGDataset/img/T2_1161.png|annn eeeeeeeeehhhhheeeeeeeeeeeeeeeeeeeeeeeeeeee
/data3fast/users/mbermudez/de_02/TFGDataset/img/T2_0215.png|ttee             ssseee                      eeeeeeeeee
/data3fast/users/mbermudez/de_02/TFGDataset/img/T2_0869.png|sscchhhhh   e eeeeeeeeeeeeeeeeeeeeeeeeeeee
/data3fast/users/mbermudez/de_02/TFGDataset/img/T2_0588.png|deeeeeeeeeeeeeeeeeeeee              eeeee
/data3fast/users/mbermudez/de_02/TFGDataset/img/T2_0885.png|nnneeeeeeeeeeee     eeeeeeeeeeeeeeeeeee  e
/data3fast/users/mbermudez/de_02/TFGDataset/img/T2_0424.png|teeeeeeeeeeeeeee                    c  ttttt
/data3fast/users/mbermudez/de_02/TFGDataset/img/T2_1098.png|iiisssssshhhhh          sss  s              eeeeeeeels
/data3fast/users/mbermudez/de_02/TFGDataset/img/T2_0483.png|ss      dd                 esseeeeeeesss     eeeee
/data3fast/users/mbermudez/de_02/TFGDataset/img/T2_0679.png|uun eeechhcchhh         h      h       eeeeeeeee
/data3fast/users/mbermudez/de_02/TFGDataset/img/T2_1226.png|aaa    eeeeeee* * ***        eee  eeee eeeeeeeeeeeeee
/data3fast/users/mbermudez/de_02/TFGDataset/img/T2_1402.png|waa               s ss se   eee  eeeeeeeeeeteeet
/data3fast/users/mbermudez/de_02/TFGDataset/img/T2_0669.png|deeeeeeeeeeeeeeeeeeeeeeeeee       a   ll
/data3fast/users/mbermudez/de_02/TFGDataset/img/T2_0531.png|deee sssseess                            eeeeee
/data3fast/users/mbermudez/de_02/TFGDataset/img/T2_0328.png|deeiittttttttt......
/data3fast/users/mbermudez/de_02/TFGDataset/img/T2_0431.png|bbeee                          eeeeeeeeeeeeeee
/data3fast/users/mbermudez/de_02/TFGDataset/img/T2_0373.png|wirr       ee  eeee          sssss  e eeeeeeeeeee
/data3fast/users/mbermudez/de_02/TFGDataset/img/T2_1261.png|deeeeeeeeeeeee        d  eeeeeeeeeeeeeeeee
/data3fast/users/mbermudez/de_02/TFGDataset/img/T2_1249.png|un   sssccchhhh         e eeeeeeeeeee         
/data3fast/users/mbermudez/de_02/TFGDataset/img/T2_0372.png|deeeeeeeeeeeee            sssssseeeeeeeeeeeeee
/data3fast/users/mbermudez/de_02/TFGDataset/img/T2_1040.png|wiii    aa    h                       sssseeeeeee
/data3fast/users/mbermudez/de_02/TFGDataset/img/T2_0837.png|deeeeeeessseeeeeeees       n    nnnnneeeeeeeeee
/data3fast/users/mbermudez/de_02/TFGDataset/img/T2_1320.png|ii      aa         e eeeeeeeeee   eee*********
/data3fast/users/mbermudez/de_02/TFGDataset/img/T2_1039.png|sse                 h                      eee eeee
/data3fast/users/mbermudez/de_02/TFGDataset/img/T2_1020.png|#  
/data3fast/users/mbermudez/de_02/TFGDataset/img/T2_0365.png|tt           eeeeeeeeeee
/data3fast/users/mbermudez/de_02/TFGDataset/img/T2_0044.png|weee                      eee      e  eeee
/data3fast/users/mbermudez/de_02/TFGDataset/img/T2_1366.png|bere     e                 ee  **            eeeeeee
/data3fast/users/mbermudez/de_02/TFGDataset/img/T2_0274.png|beeeeeeeeeeeeeeeeeeeeee eeee     eeee
/data3fast/users/mbermudez/de_02/TFGDataset/img/T2_0081.png|cch              a       eeeeeeeeeeeeeeeee
/data3fast/users/mbermudez/de_02/TFGDataset/img/T2_0728.png|mii         eeeeeeeeeeeeeeeeeee            
/data3fast/users/mbermudez/de_02/TFGDataset/img/T2_1469.png|rreeeeeeeee                               .........
/data3fast/users/mbermudez/de_02/TFGDataset/img/T2_0229.png|ihhhhh       eeeeeeeeeeeeeeeeeeeeeeheee    ee eeeee
/data3fast/users/mbermudez/de_02/TFGDataset/img/T2_0414.png|geee               eheh   e                deeeeeee
/data3fast/users/mbermudez/de_02/TFGDataset/img/T2_0976.png|sss     aa                  eeeeee   ee  d ddeeeee
/data3fast/users/mbermudez/de_02/TFGDataset/img/T2_0261.png|geeeeeeseseeeeeesseeeeeeeeeeeeee          nnnnn
/data3fast/users/mbermudez/de_02/TFGDataset/img/T2_0069.png|iin   eeeeeeeeeeeeeeeeeeeeeeeeeeeeee           e
/data3fast/users/mbermudez/de_02/TFGDataset/img/T2_1162.png|"    eeeeeee           sssss
/data3fast/users/mbermudez/de_02/TFGDataset/img/T2_0043.png|das          eeeeeeeeeeeeeeeeeeeeeeeeeee
/data3fast/users/mbermudez/de_02/TFGDataset/img/T2_1291.png|dan     eeeeeeeeee       eeeeeeeeeeeeeeeee
/data3fast/users/mbermudez/de_02/TFGDataset/img/T2_1385.png|ii    eeeeeeeeeeeeeeeeeee ee            hh eeeeeeeh
/data3fast/users/mbermudez/de_02/TFGDataset/img/T2_0278.png|wrrrreeeeeeeeeeeeeeeeeeeeeeeeeeeeeeeeeeeeeeeeeeett
/data3fast/users/mbermudez/de_02/TFGDataset/img/T2_0292.png|annn   eee   nn         eeeeeeeeeeeeeeeee
/data3fast/users/mbermudez/de_02/TFGDataset/img/T2_0265.png|ieeeeeeee****             eeeeee                s
/data3fast/users/mbermudez/de_02/TFGDataset/img/T2_0521.png|dee    e           e eeeeeeeeeeeeeeeeese       n
/data3fast/users/mbermudez/de_02/TFGDataset/img/T2_1063.png|mi   eeeeeee                                 ett
/data3fast/users/mbermudez/de_02/TFGDataset/img/T2_0075.png|"   eeeeelll    ...
/data3fast/users/mbermudez/de_02/TFGDataset/img/T2_0374.png|aaaa        eeeeeeeeeee         ssssssssss
/data3fast/users/mbermudez/de_02/TFGDataset/img/T2_1326.png|seee          ddddd       eeeeeeeeeeeeee       ee
/data3fast/users/mbermudez/de_02/TFGDataset/img/T2_1332.png|ss         ddddeeeeeeeeee  sss           eeeeeee
/data3fast/users/mbermudez/de_02/TFGDataset/img/T2_0434.png|sith    eeeeeeeeeeeeeeeeeessss         ssaass
/data3fast/users/mbermudez/de_02/TFGDataset/img/T2_0898.png|oheeeeeeeeeeeeeeeeeeeeeeeeee      deeeeeeeeeee
/data3fast/users/mbermudez/de_02/TFGDataset/img/T2_0765.png|iinn       eeeeeeeeeeeeee         eeeeeee
/data3fast/users/mbermudez/de_02/TFGDataset/img/T2_0975.png|hhnnnndddd             aa s ss s        ttt
/data3fast/users/mbermudez/de_02/TFGDataset/img/T2_0836.png|dii   eeeeee                               llll
/data3fast/users/mbermudez/de_02/TFGDataset/img/T2_1228.png|geee d  d d   ssssssssssssssss    eeeeeeeeeeeeeeeeee
/data3fast/users/mbermudez/de_02/TFGDataset/img/T2_0831.png|eeessshhhhheeee                            eeeee
/data3fast/users/mbermudez/de_02/TFGDataset/img/T2_0346.png|eeeeeeeeeeeeeeee        eeeeeeeeeeeeeeeeee     dd
/data3fast/users/mbermudez/de_02/TFGDataset/img/T2_1260.png|beeeeee              s ssssshhhhh        
/data3fast/users/mbermudez/de_02/TFGDataset/img/T2_0141.png|weee                   ssssssssss sss  eeeee
/data3fast/users/mbermudez/de_02/TFGDataset/img/T2_1018.png|wii                         eeeeeeeeeeeeeeee
/data3fast/users/mbermudez/de_02/TFGDataset/img/T2_1466.png|maa            ee eeeeeeeeeeeeeeeeeeeeessssss  hhhhh
/data3fast/users/mbermudez/de_02/TFGDataset/img/T2_0066.png|bbe   elll eeeeeeeeee     e       eeeeeeeee
/data3fast/users/mbermudez/de_02/TFGDataset/img/T2_1105.png|teee        ss see ssssss eeeee      eeeeeeeeeeee
/data3fast/users/mbermudez/de_02/TFGDataset/img/T2_0357.png|deeeeeeeeeeeeeeeeeeeeeeeeee ee   eeeee
/data3fast/users/mbermudez/de_02/TFGDataset/img/T2_1062.png|anneeeeeeeeeeeeee e eee eeee    hh            ssss
/data3fast/users/mbermudez/de_02/TFGDataset/img/T2_0041.png|wiii   ee  eeeeeeee           d dde
/data3fast/users/mbermudez/de_02/TFGDataset/img/T2_0907.png|zeeeeeeeeeeeee ee e* ** ** *ee            e  eee
/data3fast/users/mbermudez/de_02/TFGDataset/img/T2_0650.png|alllleeeeeeeeeeeeeeeee                  a    ssssshh
/data3fast/users/mbermudez/de_02/TFGDataset/img/T2_1376.png|aaa              eeeeee   ee      nnnn
/data3fast/users/mbermudez/de_02/TFGDataset/img/T2_0657.png|aann eeeeeeeeeeeeeee e eeeeee eeeee ssssssss ssssss
/data3fast/users/mbermudez/de_02/TFGDataset/img/T2_1374.png|gee       nnnnnnn                  
/data3fast/users/mbermudez/de_02/TFGDataset/img/T2_0720.png|in   seeeeeee               eee  e  s  ss       ssss
/data3fast/users/mbermudez/de_02/TFGDataset/img/T2_1501.png|shhhheeee              eeeeeeeeeeeeeeee eeeeeeeeeeee
/data3fast/users/mbermudez/de_02/TFGDataset/img/T2_1285.png|"       eeeeeee  eeee eeeeeeeeeeeeeeeeeeeeeeeeeeeeeeeeeenn
/data3fast/users/mbermudez/de_02/TFGDataset/img/T2_0497.png|aaa                     eeeeeeeee cchh  eeee
/data3fast/users/mbermudez/de_02/TFGDataset/img/T2_0565.png|aaeeeeeee               a           ssseeeh
/data3fast/users/mbermudez/de_02/TFGDataset/img/T2_1138.png|bee     eeeeeeeeeeeeseeeeeeeeeeeeeeeeeeeeeeeeee
/data3fast/users/mbermudez/de_02/TFGDataset/img/T2_1415.png|innnnn  eeeeeeeeeeeeeeeeeeeeeee e  eeeeeeeeeeeeeeeeee
/data3fast/users/mbermudez/de_02/TFGDataset/img/T2_1435.png|miit eee                      sssa  aaaa
/data3fast/users/mbermudez/de_02/TFGDataset/img/T2_0139.png|sltt         e  e  eeeeee eeeeeeeeeeeeeeeeeeeeeeee
/data3fast/users/mbermudez/de_02/TFGDataset/img/T2_0405.png|wee     nnneeeeeeeeeeeeeeeeeeeeeeeee
/data3fast/users/mbermudez/de_02/TFGDataset/img/T2_0744.png|dee                                              h
/data3fast/users/mbermudez/de_02/TFGDataset/img/T2_0798.png|eeee        sssssss   eeeeeeeeeeee
/data3fast/users/mbermudez/de_02/TFGDataset/img/T2_0652.png|gee   aaaa                               .......
/data3fast/users/mbermudez/de_02/TFGDataset/img/T2_0873.png|iii   eeeeeee  sss     eeeeeeeee           hhhhhhhh
/data3fast/users/mbermudez/de_02/TFGDataset/img/T2_0134.png|hhhhh           eeeeeeeeeeeeee eee   i ieeee
/data3fast/users/mbermudez/de_02/TFGDataset/img/T2_0676.png|# 
/data3fast/users/mbermudez/de_02/TFGDataset/img/T2_1302.png|geee     nn n  nn  eeeee ee ee         eeses
/data3fast/users/mbermudez/de_02/TFGDataset/img/T2_0962.png|ihhh      eeeeeeessssss       eeeeeeeeeeeeeeeeeeeeeeee
/data3fast/users/mbermudez/de_02/TFGDataset/img/T2_1467.png|iit   aaaaaaa         eeeeee     nnnee
/data3fast/users/mbermudez/de_02/TFGDataset/img/T2_0937.png|beee e                  eeeeeeee        
/data3fast/users/mbermudez/de_02/TFGDataset/img/T2_0996.png|dee                     eee   ****            esss
/data3fast/users/mbermudez/de_02/TFGDataset/img/T2_0333.png|wrreeeeeeeeeeeee      eeeeeeeeee  s               
/data3fast/users/mbermudez/de_02/TFGDataset/img/T2_0887.png|te          hhhhhhhh h   eeeeeeeeeeeee eeeeeeee
/data3fast/users/mbermudez/de_02/TFGDataset/img/T2_0164.png|weeeeettttttttt
/data3fast/users/mbermudez/de_02/TFGDataset/img/T2_0623.png|dd              eee eeieiii e eeeee tt
/data3fast/users/mbermudez/de_02/TFGDataset/img/T2_1483.png|zuu eeeeeeeeee eeeeeeeeeeeeeeeehhheeeeeeee
/data3fast/users/mbermudez/de_02/TFGDataset/img/T2_0602.png|dee  s          ee   ssssssss  ssss eessssssssssssseeesssssssssssssssssssssssssssssssssssssssssssssssssssssssssssssssss
/data3fast/users/mbermudez/de_02/TFGDataset/img/T2_0894.png|un  eeeeeeeeeeeeeeeeeeee eeeeeee  e       nnnnnnn
/data3fast/users/mbermudez/de_02/TFGDataset/img/T2_0541.png|geeee               ee      ssssssessssssssssssss
/data3fast/users/mbermudez/de_02/TFGDataset/img/T2_0481.png|seeeeeeeeeeeeeeeeeeee  e                 aa a
/data3fast/users/mbermudez/de_02/TFGDataset/img/T2_0076.png|deeeeeeeeeeeeeeeeeeeeeeeee     eee eeeee
/data3fast/users/mbermudez/de_02/TFGDataset/img/T2_0997.png|ihh   eeeeeeeeeeeeeeeeeeee                  t
/data3fast/users/mbermudez/de_02/TFGDataset/img/T2_0323.png|ddnn                          eeee ssssssss
/data3fast/users/mbermudez/de_02/TFGDataset/img/T2_0826.png|iii  hhhhh                     eeeeeeeeeee        nnnn
/data3fast/users/mbermudez/de_02/TFGDataset/img/T2_0958.png|de               ch         a         deeeeess
/data3fast/users/mbermudez/de_02/TFGDataset/img/T2_0742.png|ahh       aaa a lllllll     eeeeeeeeeeeeeeee
/data3fast/users/mbermudez/de_02/TFGDataset/img/T2_1406.png|de            eeeee eee                   eeeeeeeeee
/data3fast/users/mbermudez/de_02/TFGDataset/img/T2_0162.png|dessssseeeeeee          eeeeeeeeeeeeeeeee      
/data3fast/users/mbermudez/de_02/TFGDataset/img/T2_0672.png|wrreeeeeeee   ee ee ieeeeeeeeeeeeeeeeee
/data3fast/users/mbermudez/de_02/TFGDataset/img/T2_0740.png|dee    eeeeeeee*** eee     *   sc        ss s     s       d
/data3fast/users/mbermudez/de_02/TFGDataset/img/T2_0577.png|die  seetttt               eeeee     e    eeeee
/data3fast/users/mbermudez/de_02/TFGDataset/img/T2_1424.png|hhhhhhhhh               uuu     uu       eeeeeeee
/data3fast/users/mbermudez/de_02/TFGDataset/img/T2_0959.png|wwr                      eeeeeeeeeeiiiiitt
/data3fast/users/mbermudez/de_02/TFGDataset/img/T2_0341.png|eeeeeeeeeeeeeeeeeeeeeee  eeeeeeeeee      
/data3fast/users/mbermudez/de_02/TFGDataset/img/T2_0499.png|eeee                 llleee  e            nnn
/data3fast/users/mbermudez/de_02/TFGDataset/img/T2_0936.png|dnn     cchchchttti      *** e  ii     eeeeeeeeee
/data3fast/users/mbermudez/de_02/TFGDataset/img/T2_0045.png|sssa           e eeeeeeee   eeee         nnnnn
/data3fast/users/mbermudez/de_02/TFGDataset/img/T2_1331.png|mm   ssssssseeeeeeeeeeeeeeeee      ss      a aa  aa
/data3fast/users/mbermudez/de_02/TFGDataset/img/T2_1274.png|aas   e eeeeee     e    eeeeeeeeeeeeee
/data3fast/users/mbermudez/de_02/TFGDataset/img/T2_1181.png|z   eeeeeeeee e ee            deeeeee     hhhh
/data3fast/users/mbermudez/de_02/TFGDataset/img/T2_1120.png|nnn  eeeeeeeeeeeeeeeeeeeeeeeeeee     t         
/data3fast/users/mbermudez/de_02/TFGDataset/img/T2_1423.png|"   eeeeeeeee                      lllll
/data3fast/users/mbermudez/de_02/TFGDataset/img/T2_0409.png|iinn             ss               hhhhh nnnnn
/data3fast/users/mbermudez/de_02/TFGDataset/img/T2_0729.png|eeeeeeeee           
/data3fast/users/mbermudez/de_02/TFGDataset/img/T2_1119.png|"  eeeeeeeeeeeeeee               ss  ss         ss
/data3fast/users/mbermudez/de_02/TFGDataset/img/T2_1500.png|bbee    eeeeeeeeeeeeeeseeeeeeeeeeeeelleeeeeee
/data3fast/users/mbermudez/de_02/TFGDataset/img/T2_1177.png|bbeee                        ttttt    t teeee
/data3fast/users/mbermudez/de_02/TFGDataset/img/T2_0756.png|de     e eeeeeee e  ee          a  aaa aaaaa
/data3fast/users/mbermudez/de_02/TFGDataset/img/T2_0856.png|rrrrr          eeeeeeeeeeeeeeeeeeeeeeeeeeeeeeeeeee
/data3fast/users/mbermudez/de_02/TFGDataset/img/T2_1498.png|dii        eeeeeeeeeeeeeee       sssssssssss
/data3fast/users/mbermudez/de_02/TFGDataset/img/T2_1011.png|#  
/data3fast/users/mbermudez/de_02/TFGDataset/img/T2_0122.png|uu  eeeeeeeeeeeeeeeeeeeeeeeeeeeeeeeeeee   eeee
/data3fast/users/mbermudez/de_02/TFGDataset/img/T2_0945.png|iih       eeeeeeeeeeeeeeeeeeeeee       e
/data3fast/users/mbermudez/de_02/TFGDataset/img/T2_0505.png|nneeeeeeeeeeeeeeeeeeeeeeeee
/data3fast/users/mbermudez/de_02/TFGDataset/img/T2_0091.png|uun         a      e        s   d deeeeeee
/data3fast/users/mbermudez/de_02/TFGDataset/img/T2_0029.png|eeeetthh                  eeeeeeeeeeeeeeeeeeeee
/data3fast/users/mbermudez/de_02/TFGDataset/img/T2_0651.png|ttt                             ddd              hh
/data3fast/users/mbermudez/de_02/TFGDataset/img/T2_0543.png|aaal    e ee eeeeeeeeeeeeeeee        e
/data3fast/users/mbermudez/de_02/TFGDataset/img/T2_0611.png|"    eeeeee          eeeeeeeeeeeeeeehhhhhhh
/data3fast/users/mbermudez/de_02/TFGDataset/img/T2_0058.png|de    eeeeeeeeeeeee                 sssssseeeeeell
/data3fast/users/mbermudez/de_02/TFGDataset/img/T2_0819.png|frrrreeeeeeeeeeeeeeeeeeeee           eeeeee
/data3fast/users/mbermudez/de_02/TFGDataset/img/T2_0940.png|deeeeeeeeeeeeee e                  eeee  eeeeeeee
/data3fast/users/mbermudez/de_02/TFGDataset/img/T2_0838.png|shh                                   eeeeeeeh
/data3fast/users/mbermudez/de_02/TFGDataset/img/T2_1357.png|ihhhheeeeeeeeeeessss                       ddddddddd
/data3fast/users/mbermudez/de_02/TFGDataset/img/T2_0305.png|dee  ccch                            eeeeeeeee eeeeeeeeeee
/data3fast/users/mbermudez/de_02/TFGDataset/img/T2_0476.png|dee    eeee           eeee
/data3fast/users/mbermudez/de_02/TFGDataset/img/T2_0376.png|aaa  eeeeeeeeeeee        eeeeeeeeeee   e sssssee
/data3fast/users/mbermudez/de_02/TFGDataset/img/T2_0848.png|geee        e eeee   e e   ee              eeeeee
/data3fast/users/mbermudez/de_02/TFGDataset/img/T2_1282.png|stt                eeeee                 ttt ....
/data3fast/users/mbermudez/de_02/TFGDataset/img/T2_0917.png|# 
/data3fast/users/mbermudez/de_02/TFGDataset/img/T2_0263.png|diihhhhhhhhhh                 eeeeeeeeeeeeeee
/data3fast/users/mbermudez/de_02/TFGDataset/img/T2_0205.png|beeeseeee      ss                     eeeeeeeeeeee
/data3fast/users/mbermudez/de_02/TFGDataset/img/T2_0737.png|de                eeeeeeeeeeeeeeeeeeee
/data3fast/users/mbermudez/de_02/TFGDataset/img/T2_1296.png|nn    sssssssse                          eeeeeeeee
/data3fast/users/mbermudez/de_02/TFGDataset/img/T2_0077.png|neeeeeeeeeeee eee eeeeeee eee        a a  asss
/data3fast/users/mbermudez/de_02/TFGDataset/img/T2_0492.png|wrrreeeeeeeeehihhh       eeeeeeeeeeeeeeeeeeeeeeeee
/data3fast/users/mbermudez/de_02/TFGDataset/img/T2_0944.png|llllllaa aa              eeeeeeeeeeeeee  eeeeeeee
/data3fast/users/mbermudez/de_02/TFGDataset/img/T2_1371.png|dasssseeeeee                           e e  e       ***
/data3fast/users/mbermudez/de_02/TFGDataset/img/T2_0428.png|"        sssss eeeeeeeeeeeeeeeeeee nnnnnn
/data3fast/users/mbermudez/de_02/TFGDataset/img/T2_1089.png|iii eeeeeeeeeeeeeeeeeeeeeeeeeeeeeeeeeeeeee eeeee
/data3fast/users/mbermudez/de_02/TFGDataset/img/T2_0296.png|ii   eeeeeeeee              e             ee
/data3fast/users/mbermudez/de_02/TFGDataset/img/T2_1088.png|nnnneeeeeeeeeeeeeeeeee                      shh
/data3fast/users/mbermudez/de_02/TFGDataset/img/T2_0603.png|iii    eeeeeeeeeeeeeeeeeeeeeeeeeeeee           tt
/data3fast/users/mbermudez/de_02/TFGDataset/img/T2_0288.png|iiiii      eeeeeeeeeeeeeeeeeeeeeeeeeeeeee      eee
/data3fast/users/mbermudez/de_02/TFGDataset/img/T2_0709.png|deeeeeeeeeeeeeee e                       eeeeeee
/data3fast/users/mbermudez/de_02/TFGDataset/img/T2_0491.png|aaa  eeeeeee                   eee..........
/data3fast/users/mbermudez/de_02/TFGDataset/img/T2_0857.png|dee      aaaa               eeeeeeeeesesssssssss
/data3fast/users/mbermudez/de_02/TFGDataset/img/T2_0471.png|ffree    e ee e                  eeee         ee
/data3fast/users/mbermudez/de_02/TFGDataset/img/T2_1445.png|eeeeeee  aa  aaaa       eeeeeeee      e
/data3fast/users/mbermudez/de_02/TFGDataset/img/T2_0683.png|eeeeesssssssss ee eee e     eeeeeeeeeeeeeeeeeee
/data3fast/users/mbermudez/de_02/TFGDataset/img/T2_0511.png|llllleeeeeeeeeee                      l     eeee
/data3fast/users/mbermudez/de_02/TFGDataset/img/T2_0494.png|wiesesee
/data3fast/users/mbermudez/de_02/TFGDataset/img/T2_0992.png|eeen  nddd      eeeeeeeeeeeeeeeeeeeeeeeeeehheeeeeee
/data3fast/users/mbermudez/de_02/TFGDataset/img/T2_1257.png|dee    eeeeee ee  ttt ee eeeeeeeee           
/data3fast/users/mbermudez/de_02/TFGDataset/img/T2_0152.png|uud                          shhh           
/data3fast/users/mbermudez/de_02/TFGDataset/img/T2_0926.png|der    eee       e  e eeeeeeeeeee               nnnn
/data3fast/users/mbermudez/de_02/TFGDataset/img/T2_1454.png|iiiieeeeeeeeeennnnneeeee      hhssss eeeee
/data3fast/users/mbermudez/de_02/TFGDataset/img/T2_0699.png|sheeeeeeeeeeeeeeeeee              eeeee         aasa
/data3fast/users/mbermudez/de_02/TFGDataset/img/T2_0943.png|tee      d    eeeeeeeeeeeeeee       eee
/data3fast/users/mbermudez/de_02/TFGDataset/img/T2_0082.png|eeee ssshshhhhhhce                        eeeeeeiie
/data3fast/users/mbermudez/de_02/TFGDataset/img/T2_0972.png|ssttt tt...............................................................................................................
/data3fast/users/mbermudez/de_02/TFGDataset/img/T2_1270.png|nn  ssssseee        a       eeeeeeeeeeeee
/data3fast/users/mbermudez/de_02/TFGDataset/img/T2_1168.png|hhh                     sssss   ee                   eee
/data3fast/users/mbermudez/de_02/TFGDataset/img/T2_0698.png|"         iiiiieeeeeeeeeehhhhhehehhhheeehhhee
/data3fast/users/mbermudez/de_02/TFGDataset/img/T2_1251.png|beeee     eeeeeeeeeeeeeeeeeeeeeeeeeeeeeee
/data3fast/users/mbermudez/de_02/TFGDataset/img/T2_0966.png|ttt             e      eeeeee                   eeeee
/data3fast/users/mbermudez/de_02/TFGDataset/img/T2_0462.png|eee    eeeeeeeeeee e e            ee e  ssssllell
/data3fast/users/mbermudez/de_02/TFGDataset/img/T2_0694.png|eeee tt               aa       eeeeeeeeeeee
/data3fast/users/mbermudez/de_02/TFGDataset/img/T2_0605.png|sllleeeeeeeeeeeeeee                       ddddddd
/data3fast/users/mbermudez/de_02/TFGDataset/img/T2_0644.png|iinee     eeeeeeeeeeeeeeeeeeeeeee        ddee
/data3fast/users/mbermudez/de_02/TFGDataset/img/T2_0107.png|des        eeeeeeeeeeeeeeeeeeeee          t
/data3fast/users/mbermudez/de_02/TFGDataset/img/T2_1153.png|unn  eeeeeeeee ...
/data3fast/users/mbermudez/de_02/TFGDataset/img/T2_1200.png|# 
/data3fast/users/mbermudez/de_02/TFGDataset/img/T2_0620.png|iineeeeeeeeeeeeeee                 e eeeeeeee
/data3fast/users/mbermudez/de_02/TFGDataset/img/T2_0172.png|de                eeeeee e       e      e  e e    c hhhhhh
/data3fast/users/mbermudez/de_02/TFGDataset/img/T2_1363.png|uu       t lleleeeeeeeeeeeeeeeeeeee            aa
/data3fast/users/mbermudez/de_02/TFGDataset/img/T2_1310.png|weeeeeeeess                ttttttttt
/data3fast/users/mbermudez/de_02/TFGDataset/img/T2_0171.png|iihhttt
/data3fast/users/mbermudez/de_02/TFGDataset/img/T2_1266.png|"   eeeeesssssshhh          n   nnnnnneeeee
/data3fast/users/mbermudez/de_02/TFGDataset/img/T2_1113.png|lllllee        eeeeeeeeeeeeeeeeeeee       e
/data3fast/users/mbermudez/de_02/TFGDataset/img/T2_1061.png|bre    eeeehhh  eee          eee e         h
/data3fast/users/mbermudez/de_02/TFGDataset/img/T2_0201.png|geeesssssss eee     eee                    eeeeesss  ee
/data3fast/users/mbermudez/de_02/TFGDataset/img/T2_0192.png|tttttt   eeeeeeeeeeeeeeee   shc            nnn
/data3fast/users/mbermudez/de_02/TFGDataset/img/T2_0890.png|nnn d         sssss eeeeeessseeeeeeeessee      s  ss
/data3fast/users/mbermudez/de_02/TFGDataset/img/T2_1029.png|auu eeeeee                          eeeeeeeeeeeeeee
/data3fast/users/mbermudez/de_02/TFGDataset/img/T2_0000.png|ffeeeeeeeeee                           eeeeeee
/data3fast/users/mbermudez/de_02/TFGDataset/img/T2_0035.png|dee   ***  eee eeeeeee  eeeeeeeeeeeeee         
/data3fast/users/mbermudez/de_02/TFGDataset/img/T2_0998.png|"    ssssss            ell            eeee
/data3fast/users/mbermudez/de_02/TFGDataset/img/T2_0244.png|beeeeeeeeeeeee    e  eee eeeeeeeeeeeeeeee
/data3fast/users/mbermudez/de_02/TFGDataset/img/T2_0329.png|heeeeeeeeeee  e e           e eeeeeeeeee e            eee
/data3fast/users/mbermudez/de_02/TFGDataset/img/T2_1179.png|da    eeee ee                                  hhh
/data3fast/users/mbermudez/de_02/TFGDataset/img/T2_1394.png|nnee    e                   eeeeeeeeeeeeeeeeeeeee
/data3fast/users/mbermudez/de_02/TFGDataset/img/T2_0195.png|wii         hhh h     e                eee
/data3fast/users/mbermudez/de_02/TFGDataset/img/T2_0425.png|ttee  e ssss lll       eeeeeeeeeeeseeeeeeeeeee
/data3fast/users/mbermudez/de_02/TFGDataset/img/T2_0933.png|wwt                      eeeeeeee            eee
/data3fast/users/mbermudez/de_02/TFGDataset/img/T2_0198.png|dii            eeeeeeeeeeeeeeeeeeeeeeee  h  eeeee
/data3fast/users/mbermudez/de_02/TFGDataset/img/T2_1289.png|frreeeeeeeeeeeeeeeeeeeeeeeeeeeeeeeeee         sss s
/data3fast/users/mbermudez/de_02/TFGDataset/img/T2_1198.png|de     dddnddd       e     ttt       eee
/data3fast/users/mbermudez/de_02/TFGDataset/img/T2_1408.png|#  eeeeeettttttt
/data3fast/users/mbermudez/de_02/TFGDataset/img/T2_1426.png|annneeeeeeeeeeeeeeeeeeeeee                 ssssss
/data3fast/users/mbermudez/de_02/TFGDataset/img/T2_1428.png|geett           eee e    e                  as
/data3fast/users/mbermudez/de_02/TFGDataset/img/T2_0220.png|eee         eeeeeeeeeeeeeee                     eee
/data3fast/users/mbermudez/de_02/TFGDataset/img/T2_0538.png|d     eee       elleeeeeeeeeeeeeeeeeeeeeee    eee
/data3fast/users/mbermudez/de_02/TFGDataset/img/T2_0808.png|iii       aa                eeeeeeeeeeeeeeeeeeee
/data3fast/users/mbermudez/de_02/TFGDataset/img/T2_1278.png|bee       eeeeeeeeeeeeeeeeeeeeeeee             .......
/data3fast/users/mbermudez/de_02/TFGDataset/img/T2_0564.png|wwr           a  s              ............
/data3fast/users/mbermudez/de_02/TFGDataset/img/T2_0749.png|rerr       eeeeeeeeeeeeeeeeeeeeee   eeeee ee  eeeeeeee
/data3fast/users/mbermudez/de_02/TFGDataset/img/T2_1130.png|eeeeesssssss            eeeeeeeeeeeeeeeeeeeeeeeeeeee
/data3fast/users/mbermudez/de_02/TFGDataset/img/T2_0786.png|ann   chhhhhhhhhhhhheeeeeeeeeeeeeeeeeee    ehhhh
/data3fast/users/mbermudez/de_02/TFGDataset/img/T2_0204.png|# 
/data3fast/users/mbermudez/de_02/TFGDataset/img/T2_1306.png|dee   eeeeeeeeeeeeeeeeeeeeeeeeeeeeeeeee    eeee
/data3fast/users/mbermudez/de_02/TFGDataset/img/T2_1352.png|deeeeeeeeeeeeeeeeeeeeeeeeeeee          aaaaaaaa
/data3fast/users/mbermudez/de_02/TFGDataset/img/T2_1227.png|nnn      eeeeeee eeeeeeeeeeeeeeeeeeeee          hhhhhh
/data3fast/users/mbermudez/de_02/TFGDataset/img/T2_0715.png|mmtt           eed      ee ennn       inn
/data3fast/users/mbermudez/de_02/TFGDataset/img/T2_0516.png|wwee  eeeeeeellll             eeeeeeeeeeeeeeee
/data3fast/users/mbermudez/de_02/TFGDataset/img/T2_1414.png|ssle  ee eeee  ee   e eeeeeeeeeeeee      eeee
/data3fast/users/mbermudez/de_02/TFGDataset/img/T2_0893.png|tetttttss                          ssss   eeeeeehhhh
/data3fast/users/mbermudez/de_02/TFGDataset/img/T2_0063.png|ee             eeeee ee                            
/data3fast/users/mbermudez/de_02/TFGDataset/img/T2_0259.png|der                   eee                         
/data3fast/users/mbermudez/de_02/TFGDataset/img/T2_0260.png|ineeeee        eeeeeeeeeeeeeee      aa  llsss
/data3fast/users/mbermudez/de_02/TFGDataset/img/T2_1387.png|********e**eeeeeeee   ee    hhh s    s   s  seeeeeeeee
/data3fast/users/mbermudez/de_02/TFGDataset/img/T2_0851.png|nnne eeee l                      eeeeeeeeeeeee
/data3fast/users/mbermudez/de_02/TFGDataset/img/T2_1074.png|eeee     eeeeeeeeeeee                       ee
/data3fast/users/mbermudez/de_02/TFGDataset/img/T2_0017.png|dii       nn n      **** eeeeeeeeeeeeeeee
/data3fast/users/mbermudez/de_02/TFGDataset/img/T2_0612.png|aaa    eesss eee   e ee                ***..............
/data3fast/users/mbermudez/de_02/TFGDataset/img/T2_0587.png|der               n eeeeeeeee            ssse
/data3fast/users/mbermudez/de_02/TFGDataset/img/T2_0530.png|ahn  eeeeeeeeee d             eeeeeeeeeeee
/data3fast/users/mbermudez/de_02/TFGDataset/img/T2_1094.png|"     sssss           hh  h       eeeeeeeeeeeeeeee
/data3fast/users/mbermudez/de_02/TFGDataset/img/T2_1169.png|deer  tttt                 eeeeeeee e     aa ee
/data3fast/users/mbermudez/de_02/TFGDataset/img/T2_1372.png|eeeeeeeeeeeeeeeeeeeeeeeeee  eee             eeee
/data3fast/users/mbermudez/de_02/TFGDataset/img/T2_1455.png|z   eeeeeeeehhhhh     hhhhh                eeeeee
/data3fast/users/mbermudez/de_02/TFGDataset/img/T2_0383.png|iieeeeeeeeeeeeeeeeeeeeee                   eeeeeeeeee
/data3fast/users/mbermudez/de_02/TFGDataset/img/T2_1377.png|wlll   aaa  aa    a         eeeeeeeeee
/data3fast/users/mbermudez/de_02/TFGDataset/img/T2_0387.png|deeeeeeeeeeeeeeeeeeeeeeeeee         ssss
/data3fast/users/mbermudez/de_02/TFGDataset/img/T2_0681.png|desssssssssssss s             eeeeeeeeeeeeeeeeeeeeee
/data3fast/users/mbermudez/de_02/TFGDataset/img/T2_0225.png|iiii eeeeeeeeeeeeeeeeeeeeeeeeeeeee  eeeeeeee
/data3fast/users/mbermudez/de_02/TFGDataset/img/T2_0678.png|leeeeeeeeee ee             eeeeeeeeeeeeeeeeeeeeeeeeeeeee
/data3fast/users/mbermudez/de_02/TFGDataset/img/T2_0353.png|cc eeeeeeeeee                    eeeeeeee        
/data3fast/users/mbermudez/de_02/TFGDataset/img/T2_0151.png|scch              eeeee                  ssssss
/data3fast/users/mbermudez/de_02/TFGDataset/img/T2_1010.png|ggee                  eeeeeeeeeeeeeeeeeeett
/data3fast/users/mbermudez/de_02/TFGDataset/img/T2_1264.png|dii    eeeee               eeeeeeeeeeee     hhhh
/data3fast/users/mbermudez/de_02/TFGDataset/img/T2_1239.png|nnn   eeee    tt       ..................
/data3fast/users/mbermudez/de_02/TFGDataset/img/T2_1462.png|dnn      hhh      ee        n   eeeeee     eee
/data3fast/users/mbermudez/de_02/TFGDataset/img/T2_0571.png|beeeeeeeee     eee eeeeeeeeeeeeeeeeeeeeeeeeenn
/data3fast/users/mbermudez/de_02/TFGDataset/img/T2_1042.png|win       eeeeeeeeecchhhhh                   
/data3fast/users/mbermudez/de_02/TFGDataset/img/T2_0665.png|eeeee                             eeeeeeee
/data3fast/users/mbermudez/de_02/TFGDataset/img/T2_0136.png|aassseeeeeeeeeesseeeeee                           .....
/data3fast/users/mbermudez/de_02/TFGDataset/img/T2_1397.png|das                          iieeeeee
/data3fast/users/mbermudez/de_02/TFGDataset/img/T2_0796.png|iieeeccccchhhhhhhcchc                eeeeeeeeeeeee
/data3fast/users/mbermudez/de_02/TFGDataset/img/T2_1149.png|unn  eeeeeeeeeee        ss        sseeeeeeeeeee
/data3fast/users/mbermudez/de_02/TFGDataset/img/T2_0057.png|lllll                 eeeeeeeeeeeeeeeee    nnnni
/data3fast/users/mbermudez/de_02/TFGDataset/img/T2_1148.png|eeeee  e eeeeeeeeee eee ll         eeeee
/data3fast/users/mbermudez/de_02/TFGDataset/img/T2_0539.png|weesssssssssss e  ss    eeeeeeeeeeeeeeeeeeeeeeee
/data3fast/users/mbermudez/de_02/TFGDataset/img/T2_0923.png|"    eeee e        eeeeeeeeeee  i  eeeeee
/data3fast/users/mbermudez/de_02/TFGDataset/img/T2_0059.png|bee   nnn e eeeeeeeeeeeeee   eeeeeeeee  dddddd
/data3fast/users/mbermudez/de_02/TFGDataset/img/T2_0210.png|iiitt                                    hhhh
/data3fast/users/mbermudez/de_02/TFGDataset/img/T2_0510.png|hhheeeeeeee                eeeeeeeeeeeeeeeeeeeeeeeeeeeehh
/data3fast/users/mbermudez/de_02/TFGDataset/img/T2_0833.png|deeeeesssssseeeeeeeeeeeeee          nnnnnnnnnnnn
/data3fast/users/mbermudez/de_02/TFGDataset/img/T2_1418.png|eeeeehhheeetttt.
/data3fast/users/mbermudez/de_02/TFGDataset/img/T2_0393.png|ssessssse           dd                   aa
/data3fast/users/mbermudez/de_02/TFGDataset/img/T2_1354.png|wieeessssss            aa      aaaaaaa
/data3fast/users/mbermudez/de_02/TFGDataset/img/T2_1280.png|eeeeeee.
/data3fast/users/mbermudez/de_02/TFGDataset/img/T2_0155.png|"     d              ee     e  eeeeeeeeeeeeeeeeeeeee
/data3fast/users/mbermudez/de_02/TFGDataset/img/T2_1141.png|aahhhhhh    ee             sss         e  deeee
/data3fast/users/mbermudez/de_02/TFGDataset/img/T2_1068.png|geehhhh                  eeeeeeeeeeeeeeee   eee
/data3fast/users/mbermudez/de_02/TFGDataset/img/T2_1254.png|mii eeeeeeeeeeeee       eee   e eeeeeeeeeeeeeeeeeee
/data3fast/users/mbermudez/de_02/TFGDataset/img/T2_1297.png|aueeeeeeeeelss              a            eeeeeeeeee
/data3fast/users/mbermudez/de_02/TFGDataset/img/T2_1346.png|slle           eeeeeeeeeeeeee            sssss
/data3fast/users/mbermudez/de_02/TFGDataset/img/T2_0925.png|zttt eeeeeeeeeeeeeeeeeee ee              aaaaaaa
/data3fast/users/mbermudez/de_02/TFGDataset/img/T2_0788.png|nnn      hhh                      eeeee
/data3fast/users/mbermudez/de_02/TFGDataset/img/T2_1384.png|eeeeee           e                        sssssss
/data3fast/users/mbermudez/de_02/TFGDataset/img/T2_0468.png|aaa   eeeeeeeeeeeeeeeee   e eee eeeeee        
/data3fast/users/mbermudez/de_02/TFGDataset/img/T2_0771.png|#  
/data3fast/users/mbermudez/de_02/TFGDataset/img/T2_0257.png|weeiihhhhhhh              eeeee    e   hhheeeeeeee
/data3fast/users/mbermudez/de_02/TFGDataset/img/T2_0415.png|teeeeeeeee            eeeeee  ee            d d eeee
/data3fast/users/mbermudez/de_02/TFGDataset/img/T2_0952.png|bbe      eeeeeeeeeeeeeeee                   ddddn
/data3fast/users/mbermudez/de_02/TFGDataset/img/T2_0012.png|tteeee          a      n   eeeeeeeeeeeeeee
/data3fast/users/mbermudez/de_02/TFGDataset/img/T2_0800.png|da                                            aallllee
/data3fast/users/mbermudez/de_02/TFGDataset/img/T2_0150.png|weee             eeeeeeeeeeeeeeeee      ssssss
/data3fast/users/mbermudez/de_02/TFGDataset/img/T2_0789.png|daa eeeeeeeeeeeeeeeeeeeeeeeeeee     eeeeee
/data3fast/users/mbermudez/de_02/TFGDataset/img/T2_0330.png|dii sseeeeeeeee  ee e   eeeeeee             ee hhhhhhe
/data3fast/users/mbermudez/de_02/TFGDataset/img/T2_1178.png|de    a a        eeeeeeeeeeeee         ttttttttt
/data3fast/users/mbermudez/de_02/TFGDataset/img/T2_1166.png|deeeeeeeeeee eeee     ee e eeeeee  eeees  ll   ss     sss
/data3fast/users/mbermudez/de_02/TFGDataset/img/T2_0190.png|ihhh  eeeeeee           h hheeeeeee           e 
/data3fast/users/mbermudez/de_02/TFGDataset/img/T2_0108.png|dsss  eeeeeeeeeeeeeeeeeeeeeeeeeee    dddeeee
/data3fast/users/mbermudez/de_02/TFGDataset/img/T2_0315.png|nnn  eeeeeeeeeeeeeenn  nn e d      eeeeeeee
/data3fast/users/mbermudez/de_02/TFGDataset/img/T2_0661.png|iii  eeeee              ee ee
/data3fast/users/mbermudez/de_02/TFGDataset/img/T2_0254.png|"   eeeeeee              hc      tttt
/data3fast/users/mbermudez/de_02/TFGDataset/img/T2_1340.png|eeeettttttt
/data3fast/users/mbermudez/de_02/TFGDataset/img/T2_0100.png|nn        aa          eeeeeeeeeeeeeeeeee     eeee
/data3fast/users/mbermudez/de_02/TFGDataset/img/T2_1277.png|de               eeeeeeeeeeeeeee           eeeeeeeeeee
/data3fast/users/mbermudez/de_02/TFGDataset/img/T2_0616.png|deeeeeeeeeeeeeeeeeeeee     c             
/data3fast/users/mbermudez/de_02/TFGDataset/img/T2_1133.png|ttt           eeeeeeeeeeeeeeeeeeeeeeeeeeeeeee
/data3fast/users/mbermudez/de_02/TFGDataset/img/T2_0326.png|unn                                      ee
/data3fast/users/mbermudez/de_02/TFGDataset/img/T2_0359.png|iieeeeeeeee       ss
/data3fast/users/mbermudez/de_02/TFGDataset/img/T2_0266.png|seeeeeeeeeee eeeeeeeeeeeeeee          d      eeeeee
/data3fast/users/mbermudez/de_02/TFGDataset/img/T2_0170.png|wiissss    dddddd eeeeeee    e eeeeee
/data3fast/users/mbermudez/de_02/TFGDataset/img/T2_0061.png|wrrn           eeeeeeeee            
/data3fast/users/mbermudez/de_02/TFGDataset/img/T2_1111.png|beeee                    tt ttttt               hh
/data3fast/users/mbermudez/de_02/TFGDataset/img/T2_0370.png|#   
/data3fast/users/mbermudez/de_02/TFGDataset/img/T2_0056.png|dee         eeeeeeee  e                   
/data3fast/users/mbermudez/de_02/TFGDataset/img/T2_0389.png|geee     ee ee ee                 essessssess
/data3fast/users/mbermudez/de_02/TFGDataset/img/T2_0550.png|seeeeeeeeee        eeeeeeeeeeeeeeee     ttttttt
/data3fast/users/mbermudez/de_02/TFGDataset/img/T2_1459.png|deeeeeeeeeeeeeeeeeee                 eeee      
/data3fast/users/mbermudez/de_02/TFGDataset/img/T2_0981.png|ss           sssseseeeeeee eeeeeeeee  eee   eeee   e eeee
/data3fast/users/mbermudez/de_02/TFGDataset/img/T2_1333.png|feee eeeeeeeeeeee     eeeeeeeeeeeeeeeeeeeehhhhhhhh
/data3fast/users/mbermudez/de_02/TFGDataset/img/T2_0177.png|deee cchh                      d             tttt
/data3fast/users/mbermudez/de_02/TFGDataset/img/T2_0570.png|llll     eeeeeeeeeeeeeee                           hhhh
/data3fast/users/mbermudez/de_02/TFGDataset/img/T2_1055.png|seeeeeee       tttt           sssss
/data3fast/users/mbermudez/de_02/TFGDataset/img/T2_0381.png|deee eeeeeeeeeeeeeeeeeeeeeeeeeeeeeeeehhhhhchhhhhh
/data3fast/users/mbermudez/de_02/TFGDataset/img/T2_0124.png|nnn           eeeeeeeeee          eeeeeeee
/data3fast/users/mbermudez/de_02/TFGDataset/img/T2_0730.png|innn      eeeeeee                   eeeeeeeeeeee
/data3fast/users/mbermudez/de_02/TFGDataset/img/T2_0815.png|deeeeeeeeeeeeeee        eee e      eeeeeeeeeeeee
/data3fast/users/mbermudez/de_02/TFGDataset/img/T2_0256.png|aaa      eeeeeeeeeeeeeeeee          eeee
/data3fast/users/mbermudez/de_02/TFGDataset/img/T2_0053.png|aaa          a llll              eeee eettt
/data3fast/users/mbermudez/de_02/TFGDataset/img/T2_0929.png|ttt             e   e e   ee      nnnnnnnnn
/data3fast/users/mbermudez/de_02/TFGDataset/img/T2_0514.png|das   eeeeeeee   ee eeeeeeeeeee         e  eeeeeee     eee
/data3fast/users/mbermudez/de_02/TFGDataset/img/T2_0297.png|dee                    chhchhhheheeeeeeeeeee ee
/data3fast/users/mbermudez/de_02/TFGDataset/img/T2_0572.png|free      eeeeeeeeee  eeeeeeeeee eeeee  e       
/data3fast/users/mbermudez/de_02/TFGDataset/img/T2_1203.png|geeeee esssssse       eeeeeeeeeeeeeeeeeeee
/data3fast/users/mbermudez/de_02/TFGDataset/img/T2_1361.png|"     eeeeeeeeeeeeeee   hc          eeeeehhe
/data3fast/users/mbermudez/de_02/TFGDataset/img/T2_0818.png|"  eeeeeeeeeetttt..
/data3fast/users/mbermudez/de_02/TFGDataset/img/T2_0101.png|# 
/data3fast/users/mbermudez/de_02/TFGDataset/img/T2_1309.png|eeee                      eeeeeeeeeeeeeee eeeeeee
/data3fast/users/mbermudez/de_02/TFGDataset/img/T2_1009.png|"     eeeeeeeeeeeeeeeee           aaas
/data3fast/users/mbermudez/de_02/TFGDataset/img/T2_0913.png|aaa     eeeeeeteeeee eeeei eeeeeeeee    t
/data3fast/users/mbermudez/de_02/TFGDataset/img/T2_1293.png|llll                                     ssssss
/data3fast/users/mbermudez/de_02/TFGDataset/img/T2_0071.png|annn       d      sseeeeeeeeeeeeehhh          ndd
/data3fast/users/mbermudez/de_02/TFGDataset/img/T2_1410.png|un      ss eeeee    ssss        tttt       e
/data3fast/users/mbermudez/de_02/TFGDataset/img/T2_0034.png|#  e
/data3fast/users/mbermudez/de_02/TFGDataset/img/T2_0685.png|iii eeeeeeeeeeeeeeee     eeeeee      sss
/data3fast/users/mbermudez/de_02/TFGDataset/img/T2_0264.png|"             sseellle  e            aa   a
/data3fast/users/mbermudez/de_02/TFGDataset/img/T2_0567.png|dd   eeeeeeettttt              aaaaaa  seeeeee
/data3fast/users/mbermudez/de_02/TFGDataset/img/T2_0490.png|eeelttt                         eeeeeeeeeshhh
/data3fast/users/mbermudez/de_02/TFGDataset/img/T2_0529.png|seeeee                               eeettttt
/data3fast/users/mbermudez/de_02/TFGDataset/img/T2_1432.png|ieeeeeeeeeeeee eeeeeeeeeeeeeeeeeeeeeeeeeeeee
/data3fast/users/mbermudez/de_02/TFGDataset/img/T2_1342.png|aaun   e e       d   eee eeeeeeee eeeeeeeeeeeeee
/data3fast/users/mbermudez/de_02/TFGDataset/img/T2_0899.png|iii  eeeeeeeeee        a               sssssssssss
/data3fast/users/mbermudez/de_02/TFGDataset/img/T2_0578.png|geeee                         eeeeeeeee           hh
/data3fast/users/mbermudez/de_02/TFGDataset/img/T2_0046.png|der         ee   tttt          eeeeeeeeeee
/data3fast/users/mbermudez/de_02/TFGDataset/img/T2_1359.png|deeee eseeeeeeeeeeeeeeeeesseeeeesshhhh    nnnn nnnn
/data3fast/users/mbermudez/de_02/TFGDataset/img/T2_0123.png|und    sssseeeeeee       aa     eeeeee
/data3fast/users/mbermudez/de_02/TFGDataset/img/T2_0311.png|nnn         eeeeeee eeee                       e
/data3fast/users/mbermudez/de_02/TFGDataset/img/T2_0313.png|bee                 hchhh            eee  hhhhehhhhh
/data3fast/users/mbermudez/de_02/TFGDataset/img/T2_1465.png|aau   ee                   eeesssssss            e
/data3fast/users/mbermudez/de_02/TFGDataset/img/T2_0955.png|llllttt               eee  eee eeee  ee eee          
/data3fast/users/mbermudez/de_02/TFGDataset/img/T2_1054.png|wllll                 eeeee e        eeeeee
/data3fast/users/mbermudez/de_02/TFGDataset/img/T2_0433.png|geeeeee                    eeeee            
/data3fast/users/mbermudez/de_02/TFGDataset/img/T2_0470.png|weettttttttttt
/data3fast/users/mbermudez/de_02/TFGDataset/img/T2_1143.png|eeesss                                 thhhh
/data3fast/users/mbermudez/de_02/TFGDataset/img/T2_0116.png|"   eeeeeeeee             eeeeeeeeeeeeeeeeeeeee
/data3fast/users/mbermudez/de_02/TFGDataset/img/T2_0897.png|geeeeeeeeeeeeeeeeeeeeeeeeeeeee          ssss
/data3fast/users/mbermudez/de_02/TFGDataset/img/T2_0773.png|seeee       eeeeeeeeeeeeeeeeeeeeeeeeeeeeeeeeeeeeee
/data3fast/users/mbermudez/de_02/TFGDataset/img/T2_0268.png|aaaa                           eeeeee      hhhih
/data3fast/users/mbermudez/de_02/TFGDataset/img/T2_0121.png|"          sss             e*e*******eNNNN
/data3fast/users/mbermudez/de_02/TFGDataset/img/T2_1080.png|weeeeee   s s ss                        eeee
/data3fast/users/mbermudez/de_02/TFGDataset/img/T2_1123.png|fffeeeeeeeeeeeeeeee   ee   eeeeeeeeeeeeeees
/data3fast/users/mbermudez/de_02/TFGDataset/img/T2_1474.png|aaa    eee              ee e                  
/data3fast/users/mbermudez/de_02/TFGDataset/img/T2_1122.png|dee  chhhhheeeeeeee     ssssss  d dddddddd
/data3fast/users/mbermudez/de_02/TFGDataset/img/T2_0903.png|neeeeeehhhhh  eeeeeeee eeeeeeeeeeeeeeeeeeeee
/data3fast/users/mbermudez/de_02/TFGDataset/img/T2_1321.png|seeeeeeeeeeeeeeeeeeeeeellleel                 
/data3fast/users/mbermudez/de_02/TFGDataset/img/T2_0614.png|wieeeeeeeeeeeeee              eeeeeeee       sseseees
/data3fast/users/mbermudez/de_02/TFGDataset/img/T2_0065.png|der                  s     ssssssss ee    hheeeeeee
/data3fast/users/mbermudez/de_02/TFGDataset/img/T2_1256.png|*eeeeeeeee                           e eeeeeeeeee
/data3fast/users/mbermudez/de_02/TFGDataset/img/T2_0892.png|nnn        eeeeeeeeeeeeeeeeeeeeeeeeeeeeeeeeeeeeeee
/data3fast/users/mbermudez/de_02/TFGDataset/img/T2_0660.png|saa              ssssssss  eeeeeeeeeeeeeeeeeee
/data3fast/users/mbermudez/de_02/TFGDataset/img/T2_0949.png|beeeeeeeeeeeee *************eeeeee       aaaaaa
/data3fast/users/mbermudez/de_02/TFGDataset/img/T2_1145.png|ffeeeee            sssss ee           s eeesseee
/data3fast/users/mbermudez/de_02/TFGDataset/img/T2_0556.png|wee             eee                         
/data3fast/users/mbermudez/de_02/TFGDataset/img/T2_0103.png|#  e
/data3fast/users/mbermudez/de_02/TFGDataset/img/T2_1230.png|aaa  eeeeeeeeeeeeeeeeeee   eeee  eeeeeeeee
/data3fast/users/mbermudez/de_02/TFGDataset/img/T2_1114.png|iii       eeeeeeeeeeeeeee  eeeee                    
/data3fast/users/mbermudez/de_02/TFGDataset/img/T2_0622.png|geeeeee        eeeeeeeee    n n           hhhh
/data3fast/users/mbermudez/de_02/TFGDataset/img/T2_1210.png|geeeeee                eeeeeeieiee eeenn
/data3fast/users/mbermudez/de_02/TFGDataset/img/T2_0251.png|dee  ssheeeeee     eeeeeeeeeeeeeeeees e          ee
/data3fast/users/mbermudez/de_02/TFGDataset/img/T2_1336.png|iiie            ...
/data3fast/users/mbermudez/de_02/TFGDataset/img/T2_0028.png|oou                 ee eeeee eesssssssssssss
/data3fast/users/mbermudez/de_02/TFGDataset/img/T2_0935.png|ttttt                      sss s       eeeee
/data3fast/users/mbermudez/de_02/TFGDataset/img/T2_1262.png|sshhhhhhhehhhh   h           eeeeeeeee     eee
/data3fast/users/mbermudez/de_02/TFGDataset/img/T2_1401.png|nn   esssschhhh                              
/data3fast/users/mbermudez/de_02/TFGDataset/img/T2_0447.png|nnnneeeeeeeeeeeee  eeeeeeeeeeeeeeeeeee    ddddd
/data3fast/users/mbermudez/de_02/TFGDataset/img/T2_1245.png|deee
/data3fast/users/mbermudez/de_02/TFGDataset/img/T2_1492.png|sshhlll               eeeeeeeeeeeeeee   e     eee
/data3fast/users/mbermudez/de_02/TFGDataset/img/T2_0524.png|weeeeeeeeee   d    e    
/data3fast/users/mbermudez/de_02/TFGDataset/img/T2_1473.png|wiiit                                nnnnnnnn
/data3fast/users/mbermudez/de_02/TFGDataset/img/T2_0018.png|weeeeeeeeeeeeeeeeeeeeeeeeeeeee********  eeeeeee
/data3fast/users/mbermudez/de_02/TFGDataset/img/T2_0436.png|"   sssssseeeeee eh ee               eeeeeeeeeeeeeeeeee
/data3fast/users/mbermudez/de_02/TFGDataset/img/T2_1491.png|aaa     e   ee*************      ssssesss    esheee
/data3fast/users/mbermudez/de_02/TFGDataset/img/T2_0967.png|eeer            eeeeeeeeeeeeee     aaa
/data3fast/users/mbermudez/de_02/TFGDataset/img/T2_0113.png|iiihhhh                           eeeeeeeeee e sss
/data3fast/users/mbermudez/de_02/TFGDataset/img/T2_0304.png|nnn    aaa        e eeeeeeeeee e              
/data3fast/users/mbermudez/de_02/TFGDataset/img/T2_1341.png|diieeeeeeeeeeeeee             ee  eeeeeeeeeeeeeeeeeee
/data3fast/users/mbermudez/de_02/TFGDataset/img/T2_0191.png|deee  eeeeeeeeeeeeeeeeeeeeee              
/data3fast/users/mbermudez/de_02/TFGDataset/img/T2_0866.png|ffun           e ee eeeeeeeeeeeeeeeeeeeeee
/data3fast/users/mbermudez/de_02/TFGDataset/img/T2_1097.png|geeeeeeeeeeeeeee  e   eeeeeee*e      sssssssssssh
/data3fast/users/mbermudez/de_02/TFGDataset/img/T2_0403.png|unn                    eeeeeeeeeeeeeeeeeeee
/data3fast/users/mbermudez/de_02/TFGDataset/img/T2_0810.png|aassshhee     ee     eeeeeeeeee e      h h  htttt
/data3fast/users/mbermudez/de_02/TFGDataset/img/T2_1192.png|ze   ssssseesseeeeeeeesssss              e eeeeeeeeeeee
/data3fast/users/mbermudez/de_02/TFGDataset/img/T2_0194.png|ichhh       sssssllllleeeeeeeeeeee
/data3fast/users/mbermudez/de_02/TFGDataset/img/T2_0619.png|deeee  eeeeee                    eeeeeeee       ttttt
/data3fast/users/mbermudez/de_02/TFGDataset/img/T2_1286.png|aaa            e essssss hhh    eeeeeeeeeeeee
/data3fast/users/mbermudez/de_02/TFGDataset/img/T2_0653.png|aal  eeeeeeeeeeeeeeeeeeeeeeeeeeeeeeeeee
/data3fast/users/mbermudez/de_02/TFGDataset/img/T2_1447.png|nnn  ssssseeee              eeeeeeeeeeeeeeeeeeeeehhhhhh
/data3fast/users/mbermudez/de_02/TFGDataset/img/T2_0238.png|dessssssllhheesee   s              eeeeeeeeeeeeee
/data3fast/users/mbermudez/de_02/TFGDataset/img/T2_0711.png|eeeee     e  eeee  eeee             eeeeeee*e**
/data3fast/users/mbermudez/de_02/TFGDataset/img/T2_0593.png|zeeeeeeee               ee                
/data3fast/users/mbermudez/de_02/TFGDataset/img/T2_0916.png|eee                *  *       e eeeeeeeeeeeeeeeeee
/data3fast/users/mbermudez/de_02/TFGDataset/img/T2_0459.png|see    d                eeeeeeeeeee         eee
/data3fast/users/mbermudez/de_02/TFGDataset/img/T2_1108.png|geeellllhhhht      eeeeeeeeeeeeeeeeeeeeeeeee
/data3fast/users/mbermudez/de_02/TFGDataset/img/T2_0870.png|ma   eeeeeeeee           a     aa     eeeeeeeee
/data3fast/users/mbermudez/de_02/TFGDataset/img/T2_0318.png|dee                                  ii
/data3fast/users/mbermudez/de_02/TFGDataset/img/T2_0792.png|mm      eeeeeeeeeeeeeeeeeeeene nnn       hh
/data3fast/users/mbermudez/de_02/TFGDataset/img/T2_0961.png|beeeeeeee                                  aaauu
/data3fast/users/mbermudez/de_02/TFGDataset/img/T2_1195.png|icch    aa   eeeeeee
/data3fast/users/mbermudez/de_02/TFGDataset/img/T2_0290.png|eeeeeeeeeeeeeeeeee  eeee     lllllleeeeeeeeeeeeeee
/data3fast/users/mbermudez/de_02/TFGDataset/img/T2_1047.png|ss            sss  eeeeeeeeeeeeeeeeeeeeeeee
/data3fast/users/mbermudez/de_02/TFGDataset/img/T2_1156.png|seeeeeeeeeeeeeeee       ee  e                    
/data3fast/users/mbermudez/de_02/TFGDataset/img/T2_1481.png|sss         nnnn neeenneeeeeeeeeeeeeehhee
/data3fast/users/mbermudez/de_02/TFGDataset/img/T2_0717.png|dd    eeeeeeei                              
/data3fast/users/mbermudez/de_02/TFGDataset/img/T2_0777.png|dee                           ee  neeeee nnee
/data3fast/users/mbermudez/de_02/TFGDataset/img/T2_1075.png|ttttee  e        eeeeeeeeeeesseh      ennnnnnnnn
/data3fast/users/mbermudez/de_02/TFGDataset/img/T2_0911.png|eeeeettttttt
/data3fast/users/mbermudez/de_02/TFGDataset/img/T2_0309.png|ddsssseeeeeeeeee s                   eiee
/data3fast/users/mbermudez/de_02/TFGDataset/img/T2_0420.png|dnn  eeeeeeeeeeeeeee                 aaaa
/data3fast/users/mbermudez/de_02/TFGDataset/img/T2_0390.png|bbeeeeeeeeeeeeeeeehhhhhh          eee  eee    eeee
/data3fast/users/mbermudez/de_02/TFGDataset/img/T2_0693.png|nn   ssssseeeeeeeeeeeeeedddddd       s shheee
/data3fast/users/mbermudez/de_02/TFGDataset/img/T2_1051.png|neeeeeeeeeee    eeeeeeeeeeeeee      e ee     aa
/data3fast/users/mbermudez/de_02/TFGDataset/img/T2_0026.png|iii eeeeeeeeeeeeeeeeeee eeeeeee  e     ssssss
/data3fast/users/mbermudez/de_02/TFGDataset/img/T2_0915.png|ollleeeeeeeeeeeeeeeeeeeeeeeeeeeeeeee          dd
/data3fast/users/mbermudez/de_02/TFGDataset/img/T2_0258.png|ggeeeeeeee  ssssssss                     eee
/data3fast/users/mbermudez/de_02/TFGDataset/img/T2_0803.png|bbee   ee  e eeee      eee    eee   tttttttttt
/data3fast/users/mbermudez/de_02/TFGDataset/img/T2_0394.png|undd eeeeeeeeeeeeeeeeeeeeeeeeeeee         n
/data3fast/users/mbermudez/de_02/TFGDataset/img/T2_0924.png|unnn eeeeeeeeeeeeeeeeeeeeei                eeee
/data3fast/users/mbermudez/de_02/TFGDataset/img/T2_0757.png|eeee        e eeeeeeeeeee                eeeeeee
/data3fast/users/mbermudez/de_02/TFGDataset/img/T2_0795.png|eerr nnnnn                  eee                    
/data3fast/users/mbermudez/de_02/TFGDataset/img/T2_0896.png|zu   ee    sss         ee e              
/data3fast/users/mbermudez/de_02/TFGDataset/img/T2_0872.png|iiit               eeeeeee             ssssss
/data3fast/users/mbermudez/de_02/TFGDataset/img/T2_0721.png|*ee             ssss  s ee ss  see            eeeeeen
/data3fast/users/mbermudez/de_02/TFGDataset/img/T2_0443.png|der    ee  eeeeeeeeeeeeeeeeeeeeeeessssseeeee
/data3fast/users/mbermudez/de_02/TFGDataset/img/T2_1127.png|dee eeeeeeeeeeeeeeee ee          hheeeeee
/data3fast/users/mbermudez/de_02/TFGDataset/img/T2_1090.png|eeeeeettttttt
/data3fast/users/mbermudez/de_02/TFGDataset/img/T2_0968.png|mmtttsssss                         e                
/data3fast/users/mbermudez/de_02/TFGDataset/img/T2_0078.png|unnd eeeeeeeeeee eeeeeeeeeee     n          
/data3fast/users/mbermudez/de_02/TFGDataset/img/T2_1443.png|aaa                     eeeee e**   e        eeeee
/data3fast/users/mbermudez/de_02/TFGDataset/img/T2_0467.png|ss   e eee             sssssss  s              nnnn
/data3fast/users/mbermudez/de_02/TFGDataset/img/T2_0845.png|der    eeeeeee  e       sssss   ssssss  e
/data3fast/users/mbermudez/de_02/TFGDataset/img/T2_0938.png|wtttttttttttt...
/data3fast/users/mbermudez/de_02/TFGDataset/img/T2_1002.png|eeeeeeeeeeeeeeeeeeeeeeeeeeeeeeees                 n
/data3fast/users/mbermudez/de_02/TFGDataset/img/T2_0001.png|gee      eeeeeeeeeeeeeeeeee        sssssseeeeee
/data3fast/users/mbermudez/de_02/TFGDataset/img/T2_0783.png|eeeeeee   eeeeeeeeeee   ssssss        eeeee
/data3fast/users/mbermudez/de_02/TFGDataset/img/T2_1439.png|teeeeeeeeeeeee sss          tt     eeeeee
/data3fast/users/mbermudez/de_02/TFGDataset/img/T2_0522.png|gelllhlleeeeeeeeeeeeeeeeeeeeeeeeeeeeeee   aaaa
/data3fast/users/mbermudez/de_02/TFGDataset/img/T2_0464.png|seeeeeeee                       e               eeeeee
/data3fast/users/mbermudez/de_02/TFGDataset/img/T2_0142.png|weee     n    nnhhhhhhnn   nn       eeee
/data3fast/users/mbermudez/de_02/TFGDataset/img/T2_0822.png|unnn         nnnn   unnnnn n    a  hhhh
/data3fast/users/mbermudez/de_02/TFGDataset/img/T2_0781.png|"  eeeeeeeeeeeeeeeeeeeeee             nnn
/data3fast/users/mbermudez/de_02/TFGDataset/img/T2_0695.png|"  ssssssseeeheeeeeeeeeeeeeeeeeeeeeee             
/data3fast/users/mbermudez/de_02/TFGDataset/img/T2_0377.png|dassss               eeeeee         s sseeee
/data3fast/users/mbermudez/de_02/TFGDataset/img/T2_0216.png|tettttteee           eeeeeeeeeed ee   dddddddd
/data3fast/users/mbermudez/de_02/TFGDataset/img/T2_0203.png|u   dddeee  eeeeeeeeeeeeee             sssss
/data3fast/users/mbermudez/de_02/TFGDataset/img/T2_0458.png|dii                           eee  eeeeeeeeeeeeeeeeee
/data3fast/users/mbermudez/de_02/TFGDataset/img/T2_0475.png|iii     eeeeeee eeee   ee eeeeeeeeeeeeeeeeeeeeeee
/data3fast/users/mbermudez/de_02/TFGDataset/img/T2_0217.png|**ee                                        eeeee
/data3fast/users/mbermudez/de_02/TFGDataset/img/T2_1242.png|rrrsssssssssssss                                    ssss
/data3fast/users/mbermudez/de_02/TFGDataset/img/T2_0319.png|shheeeeeee                                eeeeeeeeee
/data3fast/users/mbermudez/de_02/TFGDataset/img/T2_1365.png|bee         s           eeeeeeeeeeeellllleeeeee
/data3fast/users/mbermudez/de_02/TFGDataset/img/T2_0206.png|uu   eeeeeeeeeeeeeeeeeeeee            a  t
/data3fast/users/mbermudez/de_02/TFGDataset/img/T2_0520.png|drreeeeeeeeeeeeiie  eeee..
/data3fast/users/mbermudez/de_02/TFGDataset/img/T2_1023.png|deereeeeeeeeeeeeeeeeeeeeeeeee          ddd
/data3fast/users/mbermudez/de_02/TFGDataset/img/T2_0604.png|schheeeeeeeee      tt.t.
/data3fast/users/mbermudez/de_02/TFGDataset/img/T2_0682.png|eee                         ee            a   a
/data3fast/users/mbermudez/de_02/TFGDataset/img/T2_1299.png|mi   eeeeeeeee                         eeeeeeeeeeeee
/data3fast/users/mbermudez/de_02/TFGDataset/img/T2_0690.png|wieeeeeeeeeeeeeeeeeeeeeeee    nn         
/data3fast/users/mbermudez/de_02/TFGDataset/img/T2_1103.png|geeeeee                        tet         aaaaa
/data3fast/users/mbermudez/de_02/TFGDataset/img/T2_0784.png|di             eeeeeeeeeeeseeeeeessssseeeeeessee
/data3fast/users/mbermudez/de_02/TFGDataset/img/T2_0051.png|schhhhhh  hhhhheeeeeeeeee        d       eeeee
/data3fast/users/mbermudez/de_02/TFGDataset/img/T2_0005.png|lllee                 sseeeeeeeeeeeeee     n
/data3fast/users/mbermudez/de_02/TFGDataset/img/T2_0303.png|bee    eeeeeeeeee e  e    nn       n n  hhhhhht
/data3fast/users/mbermudez/de_02/TFGDataset/img/T2_0874.png|nnn      scchcchhhhhh                 eee          
/data3fast/users/mbermudez/de_02/TFGDataset/img/T2_0324.png|weiiiihhhhhhh                     etttt
/data3fast/users/mbermudez/de_02/TFGDataset/img/T2_0004.png|nnn       eeeeeeeeee e eee    eeeehhhhhhee
/data3fast/users/mbermudez/de_02/TFGDataset/img/T2_1014.png|geeeeeeeeeeeeeeeeeeeeeeesss sss     ssss     eeeeee
/data3fast/users/mbermudez/de_02/TFGDataset/img/T2_0032.png|wrrr              eeeeeeeeeeeeeeeeeeeeeeeeeeeee
/data3fast/users/mbermudez/de_02/TFGDataset/img/T2_0149.png|geeeeee     e eiit           eeeeee
/data3fast/users/mbermudez/de_02/TFGDataset/img/T2_0553.png|dee  e eeeee   eeeeeeeeeeee           eeeeeeeeeee
/data3fast/users/mbermudez/de_02/TFGDataset/img/T2_0607.png|lllle           sssss s     sssssseeeeeeeeeeeee
/data3fast/users/mbermudez/de_02/TFGDataset/img/T2_0983.png|"     eeeee      e      ssssssssssss    eeeeeee
/data3fast/users/mbermudez/de_02/TFGDataset/img/T2_1000.png|teeeeeeeeee        eeeeeeeeeeeeeeeeeeeeeeeeeeeee
/data3fast/users/mbermudez/de_02/TFGDataset/img/T2_0827.png|deeeeeeeeiiii        n      eeeeeeeeeeeeeeeeeee
/data3fast/users/mbermudez/de_02/TFGDataset/img/T2_0347.png|deeeei eeeii    tt  t              e eee
/data3fast/users/mbermudez/de_02/TFGDataset/img/T2_0987.png|# 
/data3fast/users/mbermudez/de_02/TFGDataset/img/T2_0755.png|seshhhh       a   a a     a              
/data3fast/users/mbermudez/de_02/TFGDataset/img/T2_0356.png|be  n nnnnnn        aa achhaaaa     nnnnnnn
/data3fast/users/mbermudez/de_02/TFGDataset/img/T2_0148.png|ttttttt        eeeeeeeeeeeeeeeeeeeeeeeeeeeeee    hhh
/data3fast/users/mbermudez/de_02/TFGDataset/img/T2_0573.png|aan  eeeeeeeeeeeeeeeeeeee   ee e  eeeeeeeeennne
/data3fast/users/mbermudez/de_02/TFGDataset/img/T2_0213.png|ss       e eeeeeeeeee llel  eeeee eeeeeeee      iiii
/data3fast/users/mbermudez/de_02/TFGDataset/img/T2_0442.png|voo eeeeeeeee  e           eee  eeeeeseeeeeeeeeeeeee
/data3fast/users/mbermudez/de_02/TFGDataset/img/T2_0816.png|un   eeeeett....
/data3fast/users/mbermudez/de_02/TFGDataset/img/T2_1165.png|dee  eeeeeeeeeeeee            eeeeee  eeeeeeeeeeeee
/data3fast/users/mbermudez/de_02/TFGDataset/img/T2_0985.png|deeeeeeeeeeeeeee****             l       cchchhhhh
/data3fast/users/mbermudez/de_02/TFGDataset/img/T2_1334.png|ss  eeeeeeeeeee   ennnnnnnnnn    eeeeeeeee
/data3fast/users/mbermudez/de_02/TFGDataset/img/T2_0135.png|wieeeeeee  e ddddd             hh  h   i    nnnn
/data3fast/users/mbermudez/de_02/TFGDataset/img/T2_0716.png|iihhhhhhhh               e  eeeeeeeeehhhh           s
/data3fast/users/mbermudez/de_02/TFGDataset/img/T2_0797.png|wee      h    nneeeeeeeeeeeeed      nnnnee
/data3fast/users/mbermudez/de_02/TFGDataset/img/T2_1317.png|das eeeeeeeeee                    eee        dnd
/data3fast/users/mbermudez/de_02/TFGDataset/img/T2_0753.png|aaleeeeeeeeeeeeeeeeeeeeeeeeeee e         
/data3fast/users/mbermudez/de_02/TFGDataset/img/T2_0015.png|derrreeeeeeeeeeeeeeeeeeeeeeee lsll  aaa at
/data3fast/users/mbermudez/de_02/TFGDataset/img/T2_0271.png|mmttt                      nn       eeeeeeeeee
/data3fast/users/mbermudez/de_02/TFGDataset/img/T2_0702.png|hheeeeeeeeeeeeseehhhhh         leeeeeeeee
/data3fast/users/mbermudez/de_02/TFGDataset/img/T2_0426.png|stt                                       ssssseeseees
/data3fast/users/mbermudez/de_02/TFGDataset/img/T2_0635.png|dii hhhhhhh       eeeeeeee  t   t   ttttt
/data3fast/users/mbermudez/de_02/TFGDataset/img/T2_0119.png|tttttt        nn    n  nn  deeeeeeee  eeeeee
/data3fast/users/mbermudez/de_02/TFGDataset/img/T2_1086.png|geeeeeeeeeeeeee           ssssss       eeeeee
/data3fast/users/mbermudez/de_02/TFGDataset/img/T2_1288.png|teee           eeeeeeeeeeee       aaaaaaa
/data3fast/users/mbermudez/de_02/TFGDataset/img/T2_0863.png|eeeeeeeeeee* **                **** ***           eeeeeehhhhhh
/data3fast/users/mbermudez/de_02/TFGDataset/img/T2_0834.png|iieeeeeeeeeeeeeeeeeeeeeeeeeeeeeeeeeee     sss
/data3fast/users/mbermudez/de_02/TFGDataset/img/T2_1180.png|eeee                   sss t                 
/data3fast/users/mbermudez/de_02/TFGDataset/img/T2_1171.png|aa     eeeeeeeeeeeeeeeeeee   eeeeeeeeeeeeeeeee
/data3fast/users/mbermudez/de_02/TFGDataset/img/T2_0335.png|daa     eeeeeeeeeeeeeee         n   eeeeeeeee
/data3fast/users/mbermudez/de_02/TFGDataset/img/T2_0631.png|deee   nnnnnnnneeeeeeeeeeeeeeee
/data3fast/users/mbermudez/de_02/TFGDataset/img/T2_1213.png|"  eeeeeeeeehhhhhhheeee             a  aallss
/data3fast/users/mbermudez/de_02/TFGDataset/img/T2_0843.png|geee         a                          eeeee
/data3fast/users/mbermudez/de_02/TFGDataset/img/T2_0485.png|beee    eeeeeeeeeeeeeeeeeeeeeeeeeeeeeeee eee
/data3fast/users/mbermudez/de_02/TFGDataset/img/T2_1071.png|nn  eeesseeeeee            eeee  ee eeeeeeeeeeeeeeeee
/data3fast/users/mbermudez/de_02/TFGDataset/img/T2_0655.png|weessssshhhhhhhhhh    e              as
/data3fast/users/mbermudez/de_02/TFGDataset/img/T2_1115.png|iiieeeeeeeeeeeeeeeeeeeeeeee              
/data3fast/users/mbermudez/de_02/TFGDataset/img/T2_1419.png|geee                eeeeeeeeeeeeeeeeeeeeeeeee
/data3fast/users/mbermudez/de_02/TFGDataset/img/T2_0307.png|sse  e  eeeeeeeeeeeeeeeeeeeeeeeeeeeeeeeehhhhhcchhhhhhhh
/data3fast/users/mbermudez/de_02/TFGDataset/img/T2_0590.png|iiii    e eeeeeeeeeeeeeeeeeee               hh h
/data3fast/users/mbermudez/de_02/TFGDataset/img/T2_0207.png|aaa         eeeeeeeeeeeeeeeeeee    dd  dd
/data3fast/users/mbermudez/de_02/TFGDataset/img/T2_1048.png|teeeeeeeee*********************** **           sss    a  
/data3fast/users/mbermudez/de_02/TFGDataset/img/T2_1134.png|ttt          eeeeelllleeeeeeeeeeeeeeeeeeee
/data3fast/users/mbermudez/de_02/TFGDataset/img/T2_1399.png|mi eeeeeeeeeeeeeeeee           dd             ttt
/data3fast/users/mbermudez/de_02/TFGDataset/img/T2_1403.png|iiihhhhhh                  eeeeeeeeeeee*****   ee
/data3fast/users/mbermudez/de_02/TFGDataset/img/T2_1417.png|heee      dddd d                eeee
/data3fast/users/mbermudez/de_02/TFGDataset/img/T2_0930.png|cceeeeeeeee           eeeeeeeeeeeeeeeeeeeeessssssssss
/data3fast/users/mbermudez/de_02/TFGDataset/img/T2_0582.png|aaas        eeeeeeeeeeeeeeeeeeeeee tttttt
/data3fast/users/mbermudez/de_02/TFGDataset/img/T2_0770.png|hhhh             eeeeeeeeeeeeeeeeeeeeeeee
/data3fast/users/mbermudez/de_02/TFGDataset/img/T2_0137.png|*eeeeeeeehhhhhhh                      eleleeeeel
/data3fast/users/mbermudez/de_02/TFGDataset/img/T2_0308.png|deer    ee  ee  e eeeeeeessss  hh            ssss
/data3fast/users/mbermudez/de_02/TFGDataset/img/T2_1433.png|ihh     eeee  e eeeeeeeeeeeeeeeeeee   e   essssss
/data3fast/users/mbermudez/de_02/TFGDataset/img/T2_0068.png|tetttthhh                            nnn    aaaa
/data3fast/users/mbermudez/de_02/TFGDataset/img/T2_1176.png|nnneeeeeeeeeeeeeeeee             eeeeeeeeeeeeeeeee
/data3fast/users/mbermudez/de_02/TFGDataset/img/T2_0193.png|weer    a  a            eeeeeeeeeeeeeeeeee*eeee   
/data3fast/users/mbermudez/de_02/TFGDataset/img/T2_0321.png|iihh           e
/data3fast/users/mbermudez/de_02/TFGDataset/img/T2_0920.png|heeee     eeeeeeeeeeeeeeeeee          eeeee
/data3fast/users/mbermudez/de_02/TFGDataset/img/T2_1026.png|gguu   d   n         eeeeeee           h hhnhhh
/data3fast/users/mbermudez/de_02/TFGDataset/img/T2_0293.png|deeeeeeeeeeeeee     n               eeeeeeeeeeeee
/data3fast/users/mbermudez/de_02/TFGDataset/img/T2_0546.png|glltttt          ssss       e eeeeeeee     ee
/data3fast/users/mbermudez/de_02/TFGDataset/img/T2_0871.png|geeeeeeeee      dddd    dd                  eeeee
/data3fast/users/mbermudez/de_02/TFGDataset/img/T2_0659.png|geettttthh     h h  e   e                     .....
/data3fast/users/mbermudez/de_02/TFGDataset/img/T2_1154.png|eeesssss   ttttttt
/data3fast/users/mbermudez/de_02/TFGDataset/img/T2_0375.png|aa eeeeeeeeeeeeeeeele                chhhhhhttt
/data3fast/users/mbermudez/de_02/TFGDataset/img/T2_1441.png|beeesssee       a                  eeeeeeeeeeeee
/data3fast/users/mbermudez/de_02/TFGDataset/img/T2_1201.png|deeeeeeeeeeeeeeeeeeeee                   eeee
/data3fast/users/mbermudez/de_02/TFGDataset/img/T2_0610.png|de           eeeeeeeeeeeeeeeeeeeeeee         eeeeeee
/data3fast/users/mbermudez/de_02/TFGDataset/img/T2_0080.png|man       eee  e eeee eeeee eeeeeeeeeeeeeeeeeee
/data3fast/users/mbermudez/de_02/TFGDataset/img/T2_0218.png|aaa eeeee    a  aaaa     l      e        
/data3fast/users/mbermudez/de_02/TFGDataset/img/T2_0432.png|weeetttttttttt..
/data3fast/users/mbermudez/de_02/TFGDataset/img/T2_0024.png|beeeeeeseee                e   e ee           dde
/data3fast/users/mbermudez/de_02/TFGDataset/img/T2_1053.png|dii                    e   ssss sssss   ss
/data3fast/users/mbermudez/de_02/TFGDataset/img/T2_1425.png|stttt     e  eeeeeeeeeeeeeeeeeeeeeeeeeeee
/data3fast/users/mbermudez/de_02/TFGDataset/img/T2_0663.png|eeeeeeeeeeeee          eeeeeeeeeeee eeeeeeeeee     eeee
/data3fast/users/mbermudez/de_02/TFGDataset/img/T2_0785.png|nnooclhll     e e ee    n              asssshhhh
/data3fast/users/mbermudez/de_02/TFGDataset/img/T2_0850.png|weeeeeeeeeeeeeeeeee     e    e   ee
/data3fast/users/mbermudez/de_02/TFGDataset/img/T2_0252.png|geeeeeeeii         i    eeeeeeeeeeeee
/data3fast/users/mbermudez/de_02/TFGDataset/img/T2_0706.png|derr          eeete t tt       eeeeeeeeeeeeeeeeeeee
/data3fast/users/mbermudez/de_02/TFGDataset/img/T2_0977.png|eer    nnnn     h hhhheeeeeeeeeeeeeeeeeellleee
/data3fast/users/mbermudez/de_02/TFGDataset/img/T2_0180.png|sccchhhh h   hh                        eeeeeeeee
/data3fast/users/mbermudez/de_02/TFGDataset/img/T2_0980.png|ssheeeeeeeee           e   * *                ttttt
/data3fast/users/mbermudez/de_02/TFGDataset/img/T2_1298.png|dee ssshhlh eeeeeeeel            eeeeeeeeeeeeehh
/data3fast/users/mbermudez/de_02/TFGDataset/img/T2_1016.png|eee     hhh eeeeeeeeeeeeeee    e  eeeeee eeeeeee
/data3fast/users/mbermudez/de_02/TFGDataset/img/T2_0621.png|seeeeeeeeeeeeee                         ie
/data3fast/users/mbermudez/de_02/TFGDataset/img/T2_1220.png|iiie                          ee    eeeeee
/data3fast/users/mbermudez/de_02/TFGDataset/img/T2_1367.png|"  eeeeesssssss               leeeeeeeeeeeeeeee
/data3fast/users/mbermudez/de_02/TFGDataset/img/T2_1386.png|daa      eeeeeeeeeeeeeeee  eeee  e  e     eee
/data3fast/users/mbermudez/de_02/TFGDataset/img/T2_0407.png|uu   eeeeeeeeee         ssssssss    s eeeeeee
/data3fast/users/mbermudez/de_02/TFGDataset/img/T2_1246.png|aan   eeeeeeeeeee eee    eeeeessslllll    ll
/data3fast/users/mbermudez/de_02/TFGDataset/img/T2_0527.png|dee    eeeeee                         eeeeeeee
/data3fast/users/mbermudez/de_02/TFGDataset/img/T2_1232.png|geeeeeeeeeeeeeeeeeeeeeeee  ee              aa ad
/data3fast/users/mbermudez/de_02/TFGDataset/img/T2_1194.png|gee               eeee  s                      eeeeeeeeee
/data3fast/users/mbermudez/de_02/TFGDataset/img/T2_0236.png|aaaeeeeeeeeeeeeeeeeeeeee     essssssss
/data3fast/users/mbermudez/de_02/TFGDataset/img/T2_0145.png|sicchhhht                                     sssssss
/data3fast/users/mbermudez/de_02/TFGDataset/img/T2_0680.png|aaeeeeeeeeeeeeeeeeei                      eeeeeee
/data3fast/users/mbermudez/de_02/TFGDataset/img/T2_0038.png|sshhe           eeeeeeeeeeeeeeeeeeheeeeee         
/data3fast/users/mbermudez/de_02/TFGDataset/img/T2_1450.png|aatt    eeeeeeeeeeeeeeeeeeeeeeeeeeeeeeeehhhhhhhhh
/data3fast/users/mbermudez/de_02/TFGDataset/img/T2_1464.png|eee           d  ddddd  eeeeeeeeeeechhhhhhhhhhhh
/data3fast/users/mbermudez/de_02/TFGDataset/img/T2_0445.png|uu  eeeeeee               e   lllll llllll
/data3fast/users/mbermudez/de_02/TFGDataset/img/T2_1175.png|wnn           eeeeeeeeeeeeeeeeeeeeeeeeeee ee  sssssss
/data3fast/users/mbermudez/de_02/TFGDataset/img/T2_0558.png|shhh       dddd    ddd   sssssssssssssaaahh
/data3fast/users/mbermudez/de_02/TFGDataset/img/T2_0397.png|aaaa      eeeeeeeeeeeeeeeeeeeeesssssttt
/data3fast/users/mbermudez/de_02/TFGDataset/img/T2_0895.png|eeeee            eeeeeee  e       eeeeeeeeeeeeeeee
/data3fast/users/mbermudez/de_02/TFGDataset/img/T2_0157.png|nnnnn  eeeeeeeeeeeeeeeeee            ddddee
/data3fast/users/mbermudez/de_02/TFGDataset/img/T2_0752.png|inneeeeeeeeeeeeeeeeeeesssss        eeeeeeeee
/data3fast/users/mbermudez/de_02/TFGDataset/img/T2_0106.png|"  sssss                 eeeeeeeeeeeeee
/data3fast/users/mbermudez/de_02/TFGDataset/img/T2_0418.png|geeeeeeeeeeeeee                    eee             
/data3fast/users/mbermudez/de_02/TFGDataset/img/T2_0166.png|nn                     eeeeeeeeeeeeeeeeee      aaas
/data3fast/users/mbermudez/de_02/TFGDataset/img/T2_0762.png|eeeeeeeeeeeeeeeeeeee    .
/data3fast/users/mbermudez/de_02/TFGDataset/img/T2_1269.png|ttteee  ee  eeeeeeeeeeeeeeeeeee ee       tttttttt
/data3fast/users/mbermudez/de_02/TFGDataset/img/T2_0932.png|eee             eeeee            e eee    aaaa
/data3fast/users/mbermudez/de_02/TFGDataset/img/T2_0267.png|der  ttt                                nn nnene
/data3fast/users/mbermudez/de_02/TFGDataset/img/T2_1066.png|werr      eeeeeeeeeee  e                   ee
/data3fast/users/mbermudez/de_02/TFGDataset/img/T2_0013.png|un    e eee  e eeeeeeeeeeeeee
/data3fast/users/mbermudez/de_02/TFGDataset/img/T2_0179.png|hhh   nnnnnn n     eeeeeeehhheeeeeeeeeeeee
/data3fast/users/mbermudez/de_02/TFGDataset/img/T2_0791.png|scchhhheeeeee  e         ee                   aatt
/data3fast/users/mbermudez/de_02/TFGDataset/img/T2_1187.png|aan    eeeeeeeeeeeeeelleeee l                       
/data3fast/users/mbermudez/de_02/TFGDataset/img/T2_0027.png|eee       nnnn              l  ee
/data3fast/users/mbermudez/de_02/TFGDataset/img/T2_1430.png|der               sssss           eee
/data3fast/users/mbermudez/de_02/TFGDataset/img/T2_0111.png|frreeeeellllllllleeeeeeeeeeeeeeeee        aa  aa
/data3fast/users/mbermudez/de_02/TFGDataset/img/T2_1128.png|iii      eeeeeeeeeeeeeeeeeeeeee eeeeeeeeeeeeeee
/data3fast/users/mbermudez/de_02/TFGDataset/img/T2_0764.png|nneeeeeeeeee                                   
/data3fast/users/mbermudez/de_02/TFGDataset/img/T2_1369.png|beeeeeeee                       eeeeeeeenen
/data3fast/users/mbermudez/de_02/TFGDataset/img/T2_1275.png|bee ssssss    eeeeeeeeeeeeeeeeeeee eeeee      eeeeeeee
/data3fast/users/mbermudez/de_02/TFGDataset/img/T2_1064.png|ma    eeeeeeeeeeeee                        hhh
/data3fast/users/mbermudez/de_02/TFGDataset/img/T2_1013.png|di      aa                         h       nnnein
/data3fast/users/mbermudez/de_02/TFGDataset/img/T2_1100.png|ihh     eeeeeeeeeeeeeeeeeeessse e        eeeeeee
/data3fast/users/mbermudez/de_02/TFGDataset/img/T2_0768.png|llleeeeeeeeeiii      tttt
/data3fast/users/mbermudez/de_02/TFGDataset/img/T2_0812.png|zetttttttttttt..
/data3fast/users/mbermudez/de_02/TFGDataset/img/T2_0545.png|iiiii        eeeeeeeeeeeeeeeeeeeeeeeeeeeee eeeeeeeeeee
/data3fast/users/mbermudez/de_02/TFGDataset/img/T2_0832.png|assseeeeeee e                             dedee
/data3fast/users/mbermudez/de_02/TFGDataset/img/T2_0095.png|nnnndeeeeeeeeeeee               eeeeeeeees
/data3fast/users/mbermudez/de_02/TFGDataset/img/T2_0090.png|deeeeeeeeeeeeeeeeeeeeee        eee
/data3fast/users/mbermudez/de_02/TFGDataset/img/T2_1183.png|"     assssss      eeeeeeeeeeeeeeeeeeeeeee   *    nnnnnnn
/data3fast/users/mbermudez/de_02/TFGDataset/img/T2_1139.png|wiie     aaa     hhhhhhhhheeeeeeeeeeeeeeeee
/data3fast/users/mbermudez/de_02/TFGDataset/img/T2_0388.png|aaa    ee ee  ttttttt       eeeeeeeeee              
/data3fast/users/mbermudez/de_02/TFGDataset/img/T2_0440.png|der   aa aa         tttt  
/data3fast/users/mbermudez/de_02/TFGDataset/img/T2_0486.png|de        eeeeeeesseeehe h                   eeeehhhh
/data3fast/users/mbermudez/de_02/TFGDataset/img/T2_1197.png|weeee     ssss                         eee......
/data3fast/users/mbermudez/de_02/TFGDataset/img/T2_0814.png|llleeeee e  eeeeeeeeeeeeeeeeeeeeee   aaa   
/data3fast/users/mbermudez/de_02/TFGDataset/img/T2_0396.png|ieeeeeeeeeeeeeeeeeeeeeiii  i             ...
/data3fast/users/mbermudez/de_02/TFGDataset/img/T2_1116.png|dee  aaaaaaa   a   a aaaa    aaaa    ll
/data3fast/users/mbermudez/de_02/TFGDataset/img/T2_0642.png|die  eeeeeeeeeee  ee  eeeeeeeeeeee      dd
/data3fast/users/mbermudez/de_02/TFGDataset/img/T2_1004.png|cceeeeeeeeeeeee     ee   eeeeeeee  eeeeeeeeeeeeeeee
/data3fast/users/mbermudez/de_02/TFGDataset/img/T2_1350.png|*eeeeeeetchee                            h         
/data3fast/users/mbermudez/de_02/TFGDataset/img/T2_0823.png|see                 eeeeeeeeeee  iicchhhhhh
/data3fast/users/mbermudez/de_02/TFGDataset/img/T2_0778.png|iihhh   hhh                           heeeeeeeeeeeeee
/data3fast/users/mbermudez/de_02/TFGDataset/img/T2_1267.png|an                t tcteet        ttt         e
/data3fast/users/mbermudez/de_02/TFGDataset/img/T2_0384.png|eeeeeee e               eeeeeeeeeeeeeeeeeee
/data3fast/users/mbermudez/de_02/TFGDataset/img/T2_0378.png|"    eeeeee                  ss  eeeeeeeeeeeeeeeeeee
/data3fast/users/mbermudez/de_02/TFGDataset/img/T2_0668.png|nnnneeeeeeee          eeeeeeeeeeeeeeeeshhhhh
/data3fast/users/mbermudez/de_02/TFGDataset/img/T2_0050.png|wwer      eeeeeeeeeeeeeeeeeeeeeeeeeeeeeeee   aah
/data3fast/users/mbermudez/de_02/TFGDataset/img/T2_0697.png|cc          sse eeeeeeeeeeeeee e              lee
/data3fast/users/mbermudez/de_02/TFGDataset/img/T2_0589.png|mii  eeeeeeeeeeeeeeeeeeeeeeeeeeeeeeeeehhhhh       
/data3fast/users/mbermudez/de_02/TFGDataset/img/T2_1077.png|seeeeeeeeeeeee                   a  sssssssss
/data3fast/users/mbermudez/de_02/TFGDataset/img/T2_1072.png|aaa    eeeeeeeeee t                           
/data3fast/users/mbermudez/de_02/TFGDataset/img/T2_0247.png|aaann    n nnn       eeeeeeeeeeeeeel eeeee
/data3fast/users/mbermudez/de_02/TFGDataset/img/T2_1490.png|beee                   eee eeeeee    ssssssss
/data3fast/users/mbermudez/de_02/TFGDataset/img/T2_1379.png|mii eeeeeeeeeeeeeeeeeeeeeeeeeee
/data3fast/users/mbermudez/de_02/TFGDataset/img/T2_0465.png|uuu            eeeeeeeeeeee        
/data3fast/users/mbermudez/de_02/TFGDataset/img/T2_0401.png|geee      nnnnn eeee  eeeeeeeeeeeece    ee
/data3fast/users/mbermudez/de_02/TFGDataset/img/T2_0921.png|dd                             ttt.................
/data3fast/users/mbermudez/de_02/TFGDataset/img/T2_1482.png|alle    n   e  e     ee      aaaaaaalalla
/data3fast/users/mbermudez/de_02/TFGDataset/img/T2_0209.png|innn  eeeeeeeeeeeeeeeeeeeeeeeeee             aaaa
/data3fast/users/mbermudez/de_02/TFGDataset/img/T2_0334.png|iiieeeeeeee               hh eeeelllll   ssss
/data3fast/users/mbermudez/de_02/TFGDataset/img/T2_0860.png|wieeeeeeee eeeeeeeee ss ee              eeeeeeeeeeeee
/data3fast/users/mbermudez/de_02/TFGDataset/img/T2_1343.png|inn            ehhhhh       et     eeeeeeeeeeeeeeeee
/data3fast/users/mbermudez/de_02/TFGDataset/img/T2_0295.png|geeehhhh        e      ee ee ee      aaa
/data3fast/users/mbermudez/de_02/TFGDataset/img/T2_1129.png|hhr                eeeee e          eee eeeeee
/data3fast/users/mbermudez/de_02/TFGDataset/img/T2_0554.png|eeee    es eee    eeeeccchheee            ee eeeeeeeeee
/data3fast/users/mbermudez/de_02/TFGDataset/img/T2_1303.png|dee    e e              eeeeeeeeeee    eeeee
/data3fast/users/mbermudez/de_02/TFGDataset/img/T2_1003.png|ttteeeehheeehh          eeeeeeeeeeeeeeeee e    dddddd
/data3fast/users/mbermudez/de_02/TFGDataset/img/T2_0200.png|sssschhhhhhhhhh                      sssssshhhhhhh
/data3fast/users/mbermudez/de_02/TFGDataset/img/T2_1247.png|weeeeeeeeee           nnnnnnnnnneeeeeeeeee
/data3fast/users/mbermudez/de_02/TFGDataset/img/T2_0249.png|ueeeeeeeeeeehhh                 eeeeeee     aaa 
/data3fast/users/mbermudez/de_02/TFGDataset/img/T2_0609.png|eeeel         eeeeeeeeeeeeeeeeeeeessssssss
/data3fast/users/mbermudez/de_02/TFGDataset/img/T2_0282.png|wieeeeeeeeeee   eeeeeeeeeeeeeeeeeeeeeee     aahh
/data3fast/users/mbermudez/de_02/TFGDataset/img/T2_0437.png|wiee     e hhhhlhlleee            nnnnihhh
/data3fast/users/mbermudez/de_02/TFGDataset/img/T2_1215.png|iihhhhh     ttt eeeeeeeheeeeeeeeeeeeee    aaa
/data3fast/users/mbermudez/de_02/TFGDataset/img/T2_1236.png|nn            ssseeeeeeeellle      eeeeeeee
/data3fast/users/mbermudez/de_02/TFGDataset/img/T2_1022.png|deeeeeeeeeeee eeee  eeeeeeeeeeeeeeeeeeee edd
/data3fast/users/mbermudez/de_02/TFGDataset/img/T2_1429.png|# 
/data3fast/users/mbermudez/de_02/TFGDataset/img/T2_1118.png|de    aaa                                   d dddd
/data3fast/users/mbermudez/de_02/TFGDataset/img/T2_0037.png|eeetttiiihhh   eee   e        eeeeeeeeeeeeeeee
/data3fast/users/mbermudez/de_02/TFGDataset/img/T2_0336.png|chh                     eeee         ttttttt
/data3fast/users/mbermudez/de_02/TFGDataset/img/T2_0542.png|eerr               eeeeeeeeee   eee      eee
/data3fast/users/mbermudez/de_02/TFGDataset/img/T2_1323.png|beeeeeeeeeeehhhhhhhheeeeee                 eeeeeeee
/data3fast/users/mbermudez/de_02/TFGDataset/img/T2_1407.png|eeeetet            e  eee  e e      eeee  sssssssse
/data3fast/users/mbermudez/de_02/TFGDataset/img/T2_0039.png|dee  e*  e eeeeeeeeeeeeeeeeeeeeeeeeeeeeee  sssssssssss
/data3fast/users/mbermudez/de_02/TFGDataset/img/T2_1019.png|geeeeeeeennnei iii     eeeeeeeeeeee
/data3fast/users/mbermudez/de_02/TFGDataset/img/T2_1497.png|ttteeeeeeeeeee eeeeeeeeeeeeeeeeeeee   nnnnnna
/data3fast/users/mbermudez/de_02/TFGDataset/img/T2_1189.png|wae eeeeeeeee           aa          eeeeeee
/data3fast/users/mbermudez/de_02/TFGDataset/img/T2_1152.png|bee                       eeeeeeellllle
/data3fast/users/mbermudez/de_02/TFGDataset/img/T2_0140.png|geee  ssss    e    ee   e  s  eeeee     eee       eeehh
/data3fast/users/mbermudez/de_02/TFGDataset/img/T2_1050.png|weee                 eeeeeeeeeeeeeeeeeeeeeeee
/data3fast/users/mbermudez/de_02/TFGDataset/img/T2_1028.png|aareeeeeeeeeeeee        dd deeeesssssshhh
/data3fast/users/mbermudez/de_02/TFGDataset/img/T2_0519.png|bee          eeeeee     e               sssse
/data3fast/users/mbermudez/de_02/TFGDataset/img/T2_0477.png|hihieeeeeeee        ee eeeeeeeeeeeeeei          n  
/data3fast/users/mbermudez/de_02/TFGDataset/img/T2_0928.png|der  aaaaaa            ttttttt     aaa   aa
/data3fast/users/mbermudez/de_02/TFGDataset/img/T2_1477.png|geeeeeeee                  s  sss                
/data3fast/users/mbermudez/de_02/TFGDataset/img/T2_1041.png|ztt  tttttttteeee
/data3fast/users/mbermudez/de_02/TFGDataset/img/T2_0643.png|der  cchhhhhh      eeeeeeeee                nnnn
/data3fast/users/mbermudez/de_02/TFGDataset/img/T2_1259.png|#  
/data3fast/users/mbermudez/de_02/TFGDataset/img/T2_1135.png|ggeeeee       ttt     eeeee    eee  e eeeeee
/data3fast/users/mbermudez/de_02/TFGDataset/img/T2_0008.png|dd     eee       eeeeeeeeeeeeeeeeeeeeeeeeeeeeee
/data3fast/users/mbermudez/de_02/TFGDataset/img/T2_0392.png|mtttt eeeeeeeeeeeeeeeeee         d dddd
/data3fast/users/mbermudez/de_02/TFGDataset/img/T2_1347.png|ahhh      aaaa           eeee            eeeeeee
/data3fast/users/mbermudez/de_02/TFGDataset/img/T2_1155.png|iinn                     eeeeeeeee    eeeeeee
/data3fast/users/mbermudez/de_02/TFGDataset/img/T2_0104.png|aaa            ee eee   ee      sssssss            e 
/data3fast/users/mbermudez/de_02/TFGDataset/img/T2_0882.png|weeeeeeeeeeeeeeeeeeeeeeeeeeeeeeee        hhh
/data3fast/users/mbermudez/de_02/TFGDataset/img/T2_0070.png|deessccccctcttttt t         eeeeeeeeeeeeee
/data3fast/users/mbermudez/de_02/TFGDataset/img/T2_0624.png|dee sssseeeeeeeeeeeeeeeeeeeeeeeeee     ssssss
/data3fast/users/mbermudez/de_02/TFGDataset/img/T2_0495.png|neeeeeeeeeeeee             e              aaaa
/data3fast/users/mbermudez/de_02/TFGDataset/img/T2_0354.png|hhhhh           eeeeee  eeeeeeeeeeeceeeheeee      aaa
/data3fast/users/mbermudez/de_02/TFGDataset/img/T2_0700.png|nnn eeeeeeeeeeeeeeeeeeee ssssellee          a   n
/data3fast/users/mbermudez/de_02/TFGDataset/img/T2_0234.png|deeeseeeee         a     a   eeeeeeeeeeeee
/data3fast/users/mbermudez/de_02/TFGDataset/img/T2_0146.png|ssssssssss     eeeeeeeeeeeeeeee eeennnnnnneee
/data3fast/users/mbermudez/de_02/TFGDataset/img/T2_0507.png|iiih   e  ssee     eeeeeeeeeeeeeeeeee        hh      
/data3fast/users/mbermudez/de_02/TFGDataset/img/T2_1045.png|weetttt           ttt         ll            eeee
/data3fast/users/mbermudez/de_02/TFGDataset/img/T2_0630.png|ffee      ssseeeeeeeeee
/data3fast/users/mbermudez/de_02/TFGDataset/img/T2_0506.png|zu   tet   e                                 s
/data3fast/users/mbermudez/de_02/TFGDataset/img/T2_0675.png|deeeeeeeeeeeeeeeeeeeeeeeeeeeee***e*eeeeeeee
/data3fast/users/mbermudez/de_02/TFGDataset/img/T2_1137.png|wii   sssss  e  eeeeee              eeeeee      
/data3fast/users/mbermudez/de_02/TFGDataset/img/T2_0864.png|aaa           eeeeeeeee                 eeeeee
/data3fast/users/mbermudez/de_02/TFGDataset/img/T2_0557.png|bee      nnn  eeeeeeeeee    nnnnnnnnnnn
/data3fast/users/mbermudez/de_02/TFGDataset/img/T2_1199.png|maa    eeeeeeeeeee     e    e ttttttttttt
/data3fast/users/mbermudez/de_02/TFGDataset/img/T2_1083.png|eeeeehhhh                           a         eeeee
/data3fast/users/mbermudez/de_02/TFGDataset/img/T2_0941.png|hhhhh      nnn           eeeeeeeeeeeeeeeelleee
/data3fast/users/mbermudez/de_02/TFGDataset/img/T2_1281.png|u    eeeee  e          ss s  seeeesseeeeeeeeeeeeeeeee
/data3fast/users/mbermudez/de_02/TFGDataset/img/T2_1182.png|iicch                   eeeeeeesssssssseeeeeeeeeee
/data3fast/users/mbermudez/de_02/TFGDataset/img/T2_0317.png|wii      aaa  h                  *   sssssceeh
/data3fast/users/mbermudez/de_02/TFGDataset/img/T2_0891.png|eee           s            e eee  eeeeeeeeeeeeeeeeee
/data3fast/users/mbermudez/de_02/TFGDataset/img/T2_1263.png|geehhhh       eeeeee  e                  eeeeeees
/data3fast/users/mbermudez/de_02/TFGDataset/img/T2_1488.png|zu eeeeeeeeeeeeeeeeeee                       n
/data3fast/users/mbermudez/de_02/TFGDataset/img/T2_0138.png|aaa       a              eeeeeeeeeeeeeeeeeeeeee
/data3fast/users/mbermudez/de_02/TFGDataset/img/T2_0019.png|ichh    ee  e   eeeeee eeeeeeeeeeeeeeeeeeeeeeeee
/data3fast/users/mbermudez/de_02/TFGDataset/img/T2_1345.png|gee                  hhhhh          tt
/data3fast/users/mbermudez/de_02/TFGDataset/img/T2_1005.png|eeee       aa  a s               eeeeee        
/data3fast/users/mbermudez/de_02/TFGDataset/img/T2_0745.png|gereeeeeeeeeeeeeeeeeee e                      eeeeee
/data3fast/users/mbermudez/de_02/TFGDataset/img/T2_0639.png|# 
/data3fast/users/mbermudez/de_02/TFGDataset/img/T2_0098.png|see                                 eeeeeeeee
/data3fast/users/mbermudez/de_02/TFGDataset/img/T2_0648.png|nnnnd eeeeee  s    hhhhh        nnn   eeeeee
/data3fast/users/mbermudez/de_02/TFGDataset/img/T2_1046.png|dee ttttttttttt
/data3fast/users/mbermudez/de_02/TFGDataset/img/T2_1212.png|de          ddeeeeeeeeeeeeeeeeeeeeeeeeeeeee
/data3fast/users/mbermudez/de_02/TFGDataset/img/T2_0710.png|bee       eeeeeeeeeeeeeeeeeeeeeeeeeeeeeee
/data3fast/users/mbermudez/de_02/TFGDataset/img/T2_1106.png|llleeeee                           *    tttttt
/data3fast/users/mbermudez/de_02/TFGDataset/img/T2_0167.png|"               eeeeeeeeeeeeeeeeee nnnnnnnn
/data3fast/users/mbermudez/de_02/TFGDataset/img/T2_0350.png|geeeehhhhss   ss   sssssssss  sses  eeee             n nnnnn
/data3fast/users/mbermudez/de_02/TFGDataset/img/T2_0435.png|eee             eeeeeeeeeeeeeeeeeeeee e      nn nnn
/data3fast/users/mbermudez/de_02/TFGDataset/img/T2_1314.png|uu   ellllllllll        ll                     
/data3fast/users/mbermudez/de_02/TFGDataset/img/T2_0496.png|iii    ede   eeeeeeeeeeeesssss     a     a
/data3fast/users/mbermudez/de_02/TFGDataset/img/T2_0253.png|uunn           s  eeeeeeeeeeeeeeeeeeeeeeee
/data3fast/users/mbermudez/de_02/TFGDataset/img/T2_0626.png|der         nn                eeeeeeeeeeeee
/data3fast/users/mbermudez/de_02/TFGDataset/img/T2_0664.png|iii  eeeeeeeeeee                     e esss
/data3fast/users/mbermudez/de_02/TFGDataset/img/T2_0686.png|geeeeeeeeeeeeeee ennnneeeeeeeeeeeeeee
/data3fast/users/mbermudez/de_02/TFGDataset/img/T2_0079.png|mi   eeeeeee e                    eeeeeeeeeeeeeee
/data3fast/users/mbermudez/de_02/TFGDataset/img/T2_0617.png|tttt               eeeeeeeeeeeessses    eeeeeeee
/data3fast/users/mbermudez/de_02/TFGDataset/img/T2_0824.png|un      eeee    eee* **eeeeeeeeee     hchhhhheeeee
/data3fast/users/mbermudez/de_02/TFGDataset/img/T2_1146.png|see            eeeeeee eeee    sssssss
/data3fast/users/mbermudez/de_02/TFGDataset/img/T2_0430.png|aahh   eeeeeee                         ss hhhhhh
/data3fast/users/mbermudez/de_02/TFGDataset/img/T2_1255.png|llee  eeeeeeeeeeeeeeeeeheeeee  ee      nnnnndddd
/data3fast/users/mbermudez/de_02/TFGDataset/img/T2_0867.png|hhiiee   eeeeeeeeeeeeeeeeeee          dd   ddd
/data3fast/users/mbermudez/de_02/TFGDataset/img/T2_0255.png|"                     eeeeeeeeelee eeeee
/data3fast/users/mbermudez/de_02/TFGDataset/img/T2_0858.png|uun       eeeeeeeeeeeeeeeeeeee ee es
/data3fast/users/mbermudez/de_02/TFGDataset/img/T2_0402.png|hheeeeeeeeeeee              e e  e         tttttt
/data3fast/users/mbermudez/de_02/TFGDataset/img/T2_1112.png|iis     aaaassss    aaa     aa      eeeeehhhh
/data3fast/users/mbermudez/de_02/TFGDataset/img/T2_1193.png|wwieeeeeeeeeeeeeeeeeeeeeeeeeeeeeesssse              
/data3fast/users/mbermudez/de_02/TFGDataset/img/T2_1400.png|bee     e
/data3fast/users/mbermudez/de_02/TFGDataset/img/T2_0599.png|dd     hhhhhhh                         eeeeeeee
/data3fast/users/mbermudez/de_02/TFGDataset/img/T2_0889.png|seeeeeeeeeeeeeeeeeeeeeeeeeeeeeeeee eiiiiit
/data3fast/users/mbermudez/de_02/TFGDataset/img/T2_0014.png|ii  eeeeeeee                eeeeeeehh        nnnn
/data3fast/users/mbermudez/de_02/TFGDataset/img/T2_1078.png|tttttttt
/data3fast/users/mbermudez/de_02/TFGDataset/img/T2_0846.png|aan eeeeeeeeeeeeeeeeeeeeeeeeeeeeeeeeeeeeeeeeeeeeee
/data3fast/users/mbermudez/de_02/TFGDataset/img/T2_0188.png|aheeeeeeeeeeee         e eeeeeeeeeeeeeeeeeeeeeeeeeee
/data3fast/users/mbermudez/de_02/TFGDataset/img/T2_0226.png|eeeeeeee
/data3fast/users/mbermudez/de_02/TFGDataset/img/T2_0515.png|auu     e t                         eeeeeeeee
/data3fast/users/mbermudez/de_02/TFGDataset/img/T2_0454.png|shhe eeeeeeeeeeeeeeeeeeeeee      ddddd nnn
/data3fast/users/mbermudez/de_02/TFGDataset/img/T2_0281.png|eeeeeeeeeeeeee                  e      ssssshhhh
/data3fast/users/mbermudez/de_02/TFGDataset/img/T2_0344.png|neen                         eeeeeeee       
/data3fast/users/mbermudez/de_02/TFGDataset/img/T2_1229.png|"                                    hhhee
/data3fast/users/mbermudez/de_02/TFGDataset/img/T2_1392.png|#  
/data3fast/users/mbermudez/de_02/TFGDataset/img/T2_0449.png|zeeeeeeeeeeeeeeeett                    h h hhhh
/data3fast/users/mbermudez/de_02/TFGDataset/img/T2_0835.png|dee                          ttt                 e
/data3fast/users/mbermudez/de_02/TFGDataset/img/T2_0825.png|seeeeeeeeeeeeeeeee              eeeeeeeeee
/data3fast/users/mbermudez/de_02/TFGDataset/img/T2_1471.png|sttt             eeeeeeeeee       ee           ******
/data3fast/users/mbermudez/de_02/TFGDataset/img/T2_1389.png|eee                 ieeeeeeeeeee    ttt
/data3fast/users/mbermudez/de_02/TFGDataset/img/T2_0708.png|eeeeeeeeeeeeee      a a        eeeeeeeeee
/data3fast/users/mbermudez/de_02/TFGDataset/img/T2_0410.png|geeeeeeeeeeeeeee****eee*                        aaaa
/data3fast/users/mbermudez/de_02/TFGDataset/img/T2_0042.png|de       hh             eeeeeeeeeeeeeeeeeeee eeeee
/data3fast/users/mbermudez/de_02/TFGDataset/img/T2_0667.png|sseeeeeeeeeeeeee e         eee          eeeeeeeeeeee
/data3fast/users/mbermudez/de_02/TFGDataset/img/T2_1253.png|bbss      eeeeeeeeee           
/data3fast/users/mbermudez/de_02/TFGDataset/img/T2_0325.png|"     eeeeeeeeeeeeeeeeehhe      eeeeeeee
/data3fast/users/mbermudez/de_02/TFGDataset/img/T2_1044.png|aa       eeeeeeeeeeeeeeeeeeeeee            a aaa
/data3fast/users/mbermudez/de_02/TFGDataset/img/T2_0423.png|wwrr        a       eeeeeeeeeeeeeeeeehhhh
/data3fast/users/mbermudez/de_02/TFGDataset/img/T2_1170.png|nnn   eeeee                     tttttttttt
/data3fast/users/mbermudez/de_02/TFGDataset/img/T2_0914.png|aaseeeeeeeeeeeeeeeeeeeeeeeeeeeeeeeeeeeeeeeeeeee e
/data3fast/users/mbermudez/de_02/TFGDataset/img/T2_0666.png|deeeeeeesesseeee                           eeeeeeee
/data3fast/users/mbermudez/de_02/TFGDataset/img/T2_0345.png|icchhhh      eeeeeeeee      eeeeeeee eeeeeeeee
/data3fast/users/mbermudez/de_02/TFGDataset/img/T2_1446.png|uu         leeeeee eee  eeee  d          ee
/data3fast/users/mbermudez/de_02/TFGDataset/img/T2_0125.png|daaa                 tt     eeeeeeeeeeee
/data3fast/users/mbermudez/de_02/TFGDataset/img/T2_0197.png|eeeii          hhhhcchhs                  eeeeeeeeee
/data3fast/users/mbermudez/de_02/TFGDataset/img/T2_0088.png|eee          eeeeeeeeeeeeeeeeeeeeeeeee nnnn
/data3fast/users/mbermudez/de_02/TFGDataset/img/T2_0245.png|teeeeeeeeeeeeeeeeeee         d
/data3fast/users/mbermudez/de_02/TFGDataset/img/T2_0731.png|waa     eeeeeeeeeeeeeeeeeeeeeeeeee  ssssseeeee
/data3fast/users/mbermudez/de_02/TFGDataset/img/T2_0776.png|eeeeeeeeeeeeeeeeeeeeee                 eeeee eeeddee
/data3fast/users/mbermudez/de_02/TFGDataset/img/T2_1287.png|teet     n n u    u       eeeeeeeee       aa
/data3fast/users/mbermudez/de_02/TFGDataset/img/T2_0419.png|di  ssssst                 tttttttttttt
/data3fast/users/mbermudez/de_02/TFGDataset/img/T2_1237.png|aa   sss  s   ssssss                llllllee
/data3fast/users/mbermudez/de_02/TFGDataset/img/T2_0007.png|eee               eeeeeeeeeeeee  e eeeeeeee
/data3fast/users/mbermudez/de_02/TFGDataset/img/T2_0287.png|geeeeeeeeeeee ee eeeee    tt    t         ll
/data3fast/users/mbermudez/de_02/TFGDataset/img/T2_1305.png|reeeehhhhhhh           ss         eeeee     ee  eeeeeee
/data3fast/users/mbermudez/de_02/TFGDataset/img/T2_0971.png|"   ssshhhhhh                      eeeeeeeeeeeee
/data3fast/users/mbermudez/de_02/TFGDataset/img/T2_1268.png|wii    ddd  dddd           ss     ee eeeeedd
/data3fast/users/mbermudez/de_02/TFGDataset/img/T2_0340.png|llll                          eeeeeeeeeeeeeeee
/data3fast/users/mbermudez/de_02/TFGDataset/img/T2_1475.png|eeeeeeeeeeeeeeeeeeee   e                  eeeeeee
/data3fast/users/mbermudez/de_02/TFGDataset/img/T2_0633.png|dee chhhhhhheeeeeeeeeeee*********
/data3fast/users/mbermudez/de_02/TFGDataset/img/T2_0444.png|grrr   eeeeeeee                  ss         seeeeee
/data3fast/users/mbermudez/de_02/TFGDataset/img/T2_0608.png|bbeeeeeeee               e   e             eeeee
/data3fast/users/mbermudez/de_02/TFGDataset/img/T2_1328.png|der   aaaa           eeeeeeeee       eeeeeee
/data3fast/users/mbermudez/de_02/TFGDataset/img/T2_1035.png|lcchhh               eeeeeeeeeeeeeeeeeeeeeee 
/data3fast/users/mbermudez/de_02/TFGDataset/img/T2_0441.png|hh eeeee                              eee
/data3fast/users/mbermudez/de_02/TFGDataset/img/T2_0807.png|beee    eeeeeeeeeeeeeeeeeeess          nnn
/data3fast/users/mbermudez/de_02/TFGDataset/img/T2_1104.png|ffee     uu  n n    n    eeeeeeeee          
/data3fast/users/mbermudez/de_02/TFGDataset/img/T2_0500.png|geeeeeeeeeeee                           eee
/data3fast/users/mbermudez/de_02/TFGDataset/img/T2_1461.png|der       eeeeeesssseeeeeeeeeeeeeeeeeee         ee
/data3fast/users/mbermudez/de_02/TFGDataset/img/T2_0727.png|lllee           eeeeeeeeeeee
/data3fast/users/mbermudez/de_02/TFGDataset/img/T2_0919.png|wttt                eeeeeeeeeeeeeeeeeeee      dddaa
/data3fast/users/mbermudez/de_02/TFGDataset/img/T2_0110.png|wollllshhhhhhheeeeeeeeeeee      eeeeeeeeeeeeeeeee
/data3fast/users/mbermudez/de_02/TFGDataset/img/T2_1015.png|tt                            eeeeeeeeeeeeeee
/data3fast/users/mbermudez/de_02/TFGDataset/img/T2_0503.png|un  eeeeesssseessseeeeeeeeeeeeee        nhhhhh
/data3fast/users/mbermudez/de_02/TFGDataset/img/T2_0054.png|fnnn              .
/data3fast/users/mbermudez/de_02/TFGDataset/img/T2_0790.png|sslleeeeeeeeeeeeeeee                       tttt
/data3fast/users/mbermudez/de_02/TFGDataset/img/T2_0738.png|geee                  eeeeee           ddss
/data3fast/users/mbermudez/de_02/TFGDataset/img/T2_1420.png|teeeeeeeeeeee     e           l                 e
/data3fast/users/mbermudez/de_02/TFGDataset/img/T2_0067.png|sss      e      eee   eeee     eeeeeeesschhhheee
/data3fast/users/mbermudez/de_02/TFGDataset/img/T2_0901.png|aaaeeeeeeeeeeeeeeeeeeeeeee sssshhc    a eee
/data3fast/users/mbermudez/de_02/TFGDataset/img/T2_1337.png|"     eees ssss    eeeeeeeeeeeeeeeeeeeee
/data3fast/users/mbermudez/de_02/TFGDataset/img/T2_1448.png|ggeeeeeeeeeeee                e eeeeeeeeee eeeee
/data3fast/users/mbermudez/de_02/TFGDataset/img/T2_0673.png|aas  eeeeeeeee             eeeeeeeee
/data3fast/users/mbermudez/de_02/TFGDataset/img/T2_0703.png|geeehhtt                            nn
/data3fast/users/mbermudez/de_02/TFGDataset/img/T2_1301.png|der                       eeeeeeee      ee  e       eeeeeeeeee
/data3fast/users/mbermudez/de_02/TFGDataset/img/T2_0859.png|tettt   a                ssssss       ss
/data3fast/users/mbermudez/de_02/TFGDataset/img/T2_0294.png|"     aa              hhhhheeeeeeeeeeee      
/data3fast/users/mbermudez/de_02/TFGDataset/img/T2_0368.png|iii    sssss    ee  ee eeeeeee  e  e           eeeee
/data3fast/users/mbermudez/de_02/TFGDataset/img/T2_0684.png|"      ssllll        eeeeeeeeeeee       d    dd d
/data3fast/users/mbermudez/de_02/TFGDataset/img/T2_1117.png|nnn   eeessseeshh                       eeeeeee
/data3fast/users/mbermudez/de_02/TFGDataset/img/T2_0965.png|mii  eeeeeee            hhh        ss             nnnn
/data3fast/users/mbermudez/de_02/TFGDataset/img/T2_0156.png|derr       eeeee e           d    ee ee        t
/data3fast/users/mbermudez/de_02/TFGDataset/img/T2_0246.png|iii         eeeeeeeeeeeeeeeeeeeeeeeeeeeeee
/data3fast/users/mbermudez/de_02/TFGDataset/img/T2_0473.png|eeeee      ee
/data3fast/users/mbermudez/de_02/TFGDataset/img/T2_0367.png|aaeeeeeeeeeeeeeeeeeeeeeeeeeeeeeeeee           d
/data3fast/users/mbermudez/de_02/TFGDataset/img/T2_0969.png|seeeeeeeeeeeeeee    e   e             e  eeeeeeeeee
/data3fast/users/mbermudez/de_02/TFGDataset/img/T2_0163.png|dieeeeeeeeeeeee ee     e eeeeeeeeeeeehhhhhh       a
/data3fast/users/mbermudez/de_02/TFGDataset/img/T2_0592.png|ii   eeeeeeeeeee            e eee                
/data3fast/users/mbermudez/de_02/TFGDataset/img/T2_0451.png|lleeeee eeeeeeeeee                       eee
/data3fast/users/mbermudez/de_02/TFGDataset/img/T2_1258.png|ooaaaaaaaa        eeeeeeeeeeeeeeeee   esss
/data3fast/users/mbermudez/de_02/TFGDataset/img/T2_0002.png|miitt   e      aaa     sssss  eeeeeee
/data3fast/users/mbermudez/de_02/TFGDataset/img/T2_0853.png|"   sssssssssssss        e eeeee         uuuuu
/data3fast/users/mbermudez/de_02/TFGDataset/img/T2_1091.png|eeee       sss          eee   eeeeeeeeeeeeeeeeeeeeeeeeee
/data3fast/users/mbermudez/de_02/TFGDataset/img/T2_1398.png|ne         eeeeeeeeeeeeeeee  n       eee
/data3fast/users/mbermudez/de_02/TFGDataset/img/T2_0801.png|eeeeesss       eeeeeeeeeeeeee              e
/data3fast/users/mbermudez/de_02/TFGDataset/img/T2_0719.png|uu  eeeeeeeeeeeeeeeeeennnnnnn n     aaaaa
/data3fast/users/mbermudez/de_02/TFGDataset/img/T2_1322.png|teeeeeeeeee        eeeeeeee       dddddddddd
/data3fast/users/mbermudez/de_02/TFGDataset/img/T2_1160.png|*eeee**e**ee e    heeeeceeeeeeeeeeeeeeeeeeeeee    eeeeeeee
/data3fast/users/mbermudez/de_02/TFGDataset/img/T2_0348.png|wwr                               eeeeeee       tee
/data3fast/users/mbermudez/de_02/TFGDataset/img/T2_0560.png|aalssssshhhhhhh       cchc         eeeeeeeeeeeeee
/data3fast/users/mbermudez/de_02/TFGDataset/img/T2_0523.png|tttttt  eeeeeeeeeeeeee             eeeeeeeeeeee
/data3fast/users/mbermudez/de_02/TFGDataset/img/T2_0085.png|innn          t...
/data3fast/users/mbermudez/de_02/TFGDataset/img/T2_0569.png|sssssseeeeeeeee ee  e  eeeeeeeeeeee eeee eeeeeeeeeeeee
/data3fast/users/mbermudez/de_02/TFGDataset/img/T2_0033.png|tttttt                                  eeeeeeeeee
/data3fast/users/mbermudez/de_02/TFGDataset/img/T2_0606.png|weeeeeeeee                      eeeeeeeeetttttt
/data3fast/users/mbermudez/de_02/TFGDataset/img/T2_1059.png|bsseeeeeeeeeeeeeeeeeeeeeeeee          
/data3fast/users/mbermudez/de_02/TFGDataset/img/T2_1319.png|wleeeeeeeeeeeeeeeeeeeeeeeeeieeee     e   nedd
/data3fast/users/mbermudez/de_02/TFGDataset/img/T2_1325.png|ssssssshhhhhhhhhhhhhhc                   eeeeee
/data3fast/users/mbermudez/de_02/TFGDataset/img/T2_0713.png|#  
/data3fast/users/mbermudez/de_02/TFGDataset/img/T2_0780.png|unn eeeeeee**  ........
/data3fast/users/mbermudez/de_02/TFGDataset/img/T2_0291.png|weesssssss                                    nn
/data3fast/users/mbermudez/de_02/TFGDataset/img/T2_1427.png|#  
/data3fast/users/mbermudez/de_02/TFGDataset/img/T2_0712.png|de              eeeeeeeeeeeee      aaaaaa
/data3fast/users/mbermudez/de_02/TFGDataset/img/T2_0973.png|eeees                      eeeeeeeeeeeeeeeeeeeeee
/data3fast/users/mbermudez/de_02/TFGDataset/img/T2_1008.png|der          ee eeeee   eeeeeeeee                   dddd
/data3fast/users/mbermudez/de_02/TFGDataset/img/T2_0222.png|****           e  ee          e   e    ee *****    .....
/data3fast/users/mbermudez/de_02/TFGDataset/img/T2_1413.png|der                 e   eee ee eeeeeeeeeeeeeeeeeeee
/data3fast/users/mbermudez/de_02/TFGDataset/img/T2_0112.png|aaa            eee        d dd dd                  s 
/data3fast/users/mbermudez/de_02/TFGDataset/img/T2_1453.png|# 
/data3fast/users/mbermudez/de_02/TFGDataset/img/T2_1001.png|geeeehlllllllllllll  eeeeeeeeeeeeeeeeeeeeeeeeeee
/data3fast/users/mbermudez/de_02/TFGDataset/img/T2_0084.png|nnn     e   ee                ee          eeeeee eeeeeeee
/data3fast/users/mbermudez/de_02/TFGDataset/img/T2_0688.png|wie   d                            ddeeeeeeeeeeeeee
/data3fast/users/mbermudez/de_02/TFGDataset/img/T2_0535.png|mii  eeeee t t   t t                  ddddd
/data3fast/users/mbermudez/de_02/TFGDataset/img/T2_0189.png|shhheeeeeeeeeeeeeeeeeee     ll            eeeeeeee
/data3fast/users/mbermudez/de_02/TFGDataset/img/T2_1037.png|alll             sss ee   eeeeeeeeeeeeeeeeeeeee
/data3fast/users/mbermudez/de_02/TFGDataset/img/T2_0502.png|glaa     nnnnnn nnhhh          eeeeeee
/data3fast/users/mbermudez/de_02/TFGDataset/img/T2_0747.png|weett            eeeeeeeeeeeeeeeeeee***     chhhh
/data3fast/users/mbermudez/de_02/TFGDataset/img/T2_1204.png|geecchhssssssseeeeeessseeeeeeeeeeeeeeeeeeee   eeeeeee
/data3fast/users/mbermudez/de_02/TFGDataset/img/T2_1283.png|sss             eeeeeeeee      dd dd         ss
/data3fast/users/mbermudez/de_02/TFGDataset/img/T2_0366.png|daa   sss     eeeeeeeeeeeeeeeeeeeeeee        au
/data3fast/users/mbermudez/de_02/TFGDataset/img/T2_0746.png|geeee eee   eeeeee ee      hhhhhhhhh  h    eeeee
/data3fast/users/mbermudez/de_02/TFGDataset/img/T2_0963.png|uu e eee     aaa a       s          e eesssssssss
/data3fast/users/mbermudez/de_02/TFGDataset/img/T2_0908.png|ss  ee eeeeee   eee ee                   ttt
/data3fast/users/mbermudez/de_02/TFGDataset/img/T2_1411.png|mmt  eeeeeeeeeeeeeee               eeeee
/data3fast/users/mbermudez/de_02/TFGDataset/img/T2_0670.png|hhee    nnnnnn            t               ...
/data3fast/users/mbermudez/de_02/TFGDataset/img/T2_1434.png|rrreeeeeeeeee               s      eeeeeeeeeeeeee
/data3fast/users/mbermudez/de_02/TFGDataset/img/T2_1222.png|willl   e  e eeeeeeeeeeeeeeeeeeeee           
/data3fast/users/mbermudez/de_02/TFGDataset/img/T2_0073.png|aann   hhhhhhh         eeeeeeeeeeeeeee
/data3fast/users/mbermudez/de_02/TFGDataset/img/T2_0231.png|iissssss              eeeeeeeeeeeee       eeeeeeee
/data3fast/users/mbermudez/de_02/TFGDataset/img/T2_1440.png|sh               eeeeeeeeeeeeeeeeeeeeeeehhhhhh
/data3fast/users/mbermudez/de_02/TFGDataset/img/T2_0840.png|wnnn     eeee eeeeeeee    * **..............
/data3fast/users/mbermudez/de_02/TFGDataset/img/T2_0534.png|geeessssssssssssssssssssssss eeeeeeeeeeeehhhe
/data3fast/users/mbermudez/de_02/TFGDataset/img/T2_0391.png|wrrr   ss                   eeeeeee            eeee
/data3fast/users/mbermudez/de_02/TFGDataset/img/T2_1404.png|sshheeeeeee                                   eeeee
/data3fast/users/mbermudez/de_02/TFGDataset/img/T2_1167.png|und  eeeeeeeeeeeeeeeeeee          edddeeeeeeee
/data3fast/users/mbermudez/de_02/TFGDataset/img/T2_1185.png|aaaa       eeeeeeeeeeeeeeeeeee       ihh
/data3fast/users/mbermudez/de_02/TFGDataset/img/T2_0186.png|iiieeeeeeeee            nnn     u  uunn      ehhhh
/data3fast/users/mbermudez/de_02/TFGDataset/img/T2_1191.png|ieeeeeeeeee        eeeeeeeeeeee         eeeeee  eeee
/data3fast/users/mbermudez/de_02/TFGDataset/img/T2_1468.png|aaahhhhhhh      h       e   tt              thhhh
/data3fast/users/mbermudez/de_02/TFGDataset/img/T2_1006.png|der   tt         eeeeeeeeeeeee          d   d
/data3fast/users/mbermudez/de_02/TFGDataset/img/T2_0707.png|shheeeee                      e   s             a    
/data3fast/users/mbermudez/de_02/TFGDataset/img/T2_1458.png|dee   iiii      e    ee ee  eee eeeeeeeeeeee
/data3fast/users/mbermudez/de_02/TFGDataset/img/T2_0576.png|geeee      ssssss        hhhi   nnnnnnnnnnnn
/data3fast/users/mbermudez/de_02/TFGDataset/img/T2_1126.png|ssseeeeee  ee        leleeeeeeeee  e  ee  e  eeeee
/data3fast/users/mbermudez/de_02/TFGDataset/img/T2_1495.png|eeeeee       eeeeeeeeeeseeeeee               nn
/data3fast/users/mbermudez/de_02/TFGDataset/img/T2_0120.png|aaeeeeeeeeeeeeeeeeeeeeeeeeeee            eeee
/data3fast/users/mbermudez/de_02/TFGDataset/img/T2_1442.png|deeeeeeeeeeee                                    
/data3fast/users/mbermudez/de_02/TFGDataset/img/T2_1412.png|aaaaa           sss esshchhhhchhhhhhhhhhhhhhhheeeee
/data3fast/users/mbermudez/de_02/TFGDataset/img/T2_0277.png|deer ttt ttttttt
/data3fast/users/mbermudez/de_02/TFGDataset/img/T2_1223.png|aaa           sssssssssesss             ddddd
/data3fast/users/mbermudez/de_02/TFGDataset/img/T2_1107.png|#  
/data3fast/users/mbermudez/de_02/TFGDataset/img/T2_0154.png|eeeeettttth  tttt        eeeeeeeeeeeeeeeeee
/data3fast/users/mbermudez/de_02/TFGDataset/img/T2_1456.png|wiin       eeeeeeeeeeeeseeeeeeeeeeeeeehhh   nnnnnn
/data3fast/users/mbermudez/de_02/TFGDataset/img/T2_0127.png|daaa    eeeeeeeeeeeeeeeee      eeeeeee eeeeeeeeee
/data3fast/users/mbermudez/de_02/TFGDataset/img/T2_0003.png|wieeeehcchhhhhhhh                     sssssseeeeehhh
/data3fast/users/mbermudez/de_02/TFGDataset/img/T2_0526.png|nnn   aaaaaaaaaa            eeeeeeeeeeeeeee
/data3fast/users/mbermudez/de_02/TFGDataset/img/T2_1370.png|nnn  eeeee        ssssshhhhhhhchhhhh      e eee
/data3fast/users/mbermudez/de_02/TFGDataset/img/T2_1388.png|bsshhhhhhh     ss e                       d    
/data3fast/users/mbermudez/de_02/TFGDataset/img/T2_0117.png|geeeeeeeeeeee                                ii
/data3fast/users/mbermudez/de_02/TFGDataset/img/T2_1235.png|an   sssseeeee eeeee e           eeeeeee
/data3fast/users/mbermudez/de_02/TFGDataset/img/T2_0351.png|hhheeeeeeeeeeeedddddd                ssssshh
/data3fast/users/mbermudez/de_02/TFGDataset/img/T2_1494.png|eeeee           ee ee       e         eee eeeeeeete
/data3fast/users/mbermudez/de_02/TFGDataset/img/T2_0990.png|dee                            eeeeeeee
/data3fast/users/mbermudez/de_02/TFGDataset/img/T2_1125.png|geet       sssssssseeeeeeeeee ssseeeeeee e eeee
/data3fast/users/mbermudez/de_02/TFGDataset/img/T2_1073.png|# 
/data3fast/users/mbermudez/de_02/TFGDataset/img/T2_1190.png|sss       ttt t  ttt t  t         eeeeeeeeeeeee
/data3fast/users/mbermudez/de_02/TFGDataset/img/T2_1480.png|#  
/data3fast/users/mbermudez/de_02/TFGDataset/img/T2_0549.png|eeessttttt..
/data3fast/users/mbermudez/de_02/TFGDataset/img/T2_1457.png|fffeeeeeeeeeeeeeeeeeeeeeeee       a
/data3fast/users/mbermudez/de_02/TFGDataset/img/T2_0743.png|aauaa         eeeeeeeeeeeeeeeeeeeeeeeeee
/data3fast/users/mbermudez/de_02/TFGDataset/img/T2_0687.png|aalllll          eeeeeeeeeeeeeeeeeeeeeeeeeeeee
/data3fast/users/mbermudez/de_02/TFGDataset/img/T2_0380.png|gessshh                  sssssss   e eeeeeeee
/data3fast/users/mbermudez/de_02/TFGDataset/img/T2_1238.png|dd      eeeeeeeeeeeeeeee                   eeeeeeee
/data3fast/users/mbermudez/de_02/TFGDataset/img/T2_0478.png|geeeeee                 eeeeeeeeeeeeeeeee  sssss
/data3fast/users/mbermudez/de_02/TFGDataset/img/T2_0355.png|der           **********                       
/data3fast/users/mbermudez/de_02/TFGDataset/img/T2_1294.png|aan   eeeeeeeeeeeeeeeeeeeee                   hhhhhh
/data3fast/users/mbermudez/de_02/TFGDataset/img/T2_0301.png|bbeesssssss     ee s    eee   eeeeeeee       aa
/data3fast/users/mbermudez/de_02/TFGDataset/img/T2_0128.png|iih   eeeeeeeeeee  ie    i e eeee            dddd
/data3fast/users/mbermudez/de_02/TFGDataset/img/T2_0804.png|nnn    aaaaa   aa             eee e  eee
/data3fast/users/mbermudez/de_02/TFGDataset/img/T2_0692.png|*****ee                                  eeeeeeeeeeeeee
/data3fast/users/mbermudez/de_02/TFGDataset/img/T2_0400.png|nnnn   eeeeeee ee          e eee eeeeeeeeeeeee
/data3fast/users/mbermudez/de_02/TFGDataset/img/T2_0399.png|aahheeeeeeeeeeeee  e   eee                ee
/data3fast/users/mbermudez/de_02/TFGDataset/img/T2_0093.png|di               eeeeeeeeeeeee      ttttttt
/data3fast/users/mbermudez/de_02/TFGDataset/img/T2_0276.png|"          dd      eeeeeeecchcchccchhhh
/data3fast/users/mbermudez/de_02/TFGDataset/img/T2_0369.png|weiihhhhhhh        eeeeeeeeeeeeeeeeeeee   t tttt
/data3fast/users/mbermudez/de_02/TFGDataset/img/T2_1486.png|iiiieeeeeeeeeee        ss   eeeeeeee   eeeddde
/data3fast/users/mbermudez/de_02/TFGDataset/img/T2_1271.png|aaa    eeeeeeeeeeeeee     ss             ddd  ddddee
/data3fast/users/mbermudez/de_02/TFGDataset/img/T2_0299.png|unnn     eeeeeeeeeeeeeeeeeeeeeeeeeee       eeeeeee
/data3fast/users/mbermudez/de_02/TFGDataset/img/T2_1243.png|eeee                 eeeeeeeeeeeeeeeeseeeeseeeeee
/data3fast/users/mbermudez/de_02/TFGDataset/img/T2_0598.png|weeeeeeeeeee              s               aaaa
/data3fast/users/mbermudez/de_02/TFGDataset/img/T2_0601.png|bee           eeeeeeeeeee         aaattt
/data3fast/users/mbermudez/de_02/TFGDataset/img/T2_1202.png|ss               eeeee ***ee     e e e    eeeeeeeeee
/data3fast/users/mbermudez/de_02/TFGDataset/img/T2_0298.png|un   sssssshhhh                      n eeeeeeeeeeeeeee
/data3fast/users/mbermudez/de_02/TFGDataset/img/T2_1224.png|sa       eeeeeeeeeeeeeeeeeeeee hh          e
/data3fast/users/mbermudez/de_02/TFGDataset/img/T2_1290.png|bba     dd    eeeeeeeeehehhhhhhhe         dd
/data3fast/users/mbermudez/de_02/TFGDataset/img/T2_1056.png|deeeeeeeeeeeeeeee  eeeeee eeeeee           eeee      eeee
/data3fast/users/mbermudez/de_02/TFGDataset/img/T2_0144.png|teee             eeeeeeeeees sssss            
/data3fast/users/mbermudez/de_02/TFGDataset/img/T2_0242.png|ttt        deeeeeeeeeeeeee               eeee
/data3fast/users/mbermudez/de_02/TFGDataset/img/T2_1158.png|annn   eeeeeeee      eee   e eee        sslllllee
/data3fast/users/mbermudez/de_02/TFGDataset/img/T2_0960.png|deeeeeeeeeeeeeeeeee                  e       e  sssssse
/data3fast/users/mbermudez/de_02/TFGDataset/img/T2_0722.png|ceeeeeeeeeee           ee eeeeeeeeeeeeeeeee
/data3fast/users/mbermudez/de_02/TFGDataset/img/T2_0954.png|wee    eeeeeeeeee ie    ee   **        e eee t  et
/data3fast/users/mbermudez/de_02/TFGDataset/img/T2_0942.png|iii                  nn              eeeeee
/data3fast/users/mbermudez/de_02/TFGDataset/img/T2_0878.png|rrrr         eeeeeeeeeee           c    sssshhhhh
/data3fast/users/mbermudez/de_02/TFGDataset/img/T2_0183.png|bbeeeeeeeeeeeeeeee  e    eeeeeeeeeeeeeeeeeehhhh
/data3fast/users/mbermudez/de_02/TFGDataset/img/T2_0395.png|dd       e eeeeeeeeeeeeeeeeee          asssssss
/data3fast/users/mbermudez/de_02/TFGDataset/img/T2_0766.png|aau  eeeeeeeeeeeee ee           aa asssshh
/data3fast/users/mbermudez/de_02/TFGDataset/img/T2_1092.png|dd                             eeeee eee     lssssl
/data3fast/users/mbermudez/de_02/TFGDataset/img/T2_0118.png|eeehhhh    aaa          eeeeeeeeeeeeeeeeeeeeeeeeee
/data3fast/users/mbermudez/de_02/TFGDataset/img/T2_1163.png|zeeeeeesssss                 eeeeeeeeeeeeeeee
/data3fast/users/mbermudez/de_02/TFGDataset/img/T2_1405.png|unn eeee    a aa        ll e  eeeeeeeeee
/data3fast/users/mbermudez/de_02/TFGDataset/img/T2_0413.png|eee        eeeeeess                        t
/data3fast/users/mbermudez/de_02/TFGDataset/img/T2_0817.png|die  eeeeeee  ee   eeeeeeeeeeeeeeeee eeee e eeeeeessssseeee
/data3fast/users/mbermudez/de_02/TFGDataset/img/T2_1484.png|dasssseeeeeeeeeeeeeeeeee neeeeeeeeeeeeeee     hhhch
/data3fast/users/mbermudez/de_02/TFGDataset/img/T2_1248.png|nneeeee                                   nn
/data3fast/users/mbermudez/de_02/TFGDataset/img/T2_1121.png|wllll           eeeeeeeeeeeeeeeeeeeneene   eeeee
/data3fast/users/mbermudez/de_02/TFGDataset/img/T2_0352.png|flee                          ss     sstttttt
/data3fast/users/mbermudez/de_02/TFGDataset/img/T2_1381.png|*ttee       tt                        eeeeeeeeeeeeeeeeeee
/data3fast/users/mbermudez/de_02/TFGDataset/img/T2_0133.png|eee                                eeeeeee
/data3fast/users/mbermudez/de_02/TFGDataset/img/T2_0169.png|der   hhhhh         eeeeeeeeeeeeeee    neee
/data3fast/users/mbermudez/de_02/TFGDataset/img/T2_1079.png|hhheeeeee eeee     eee eeee          eeee
/data3fast/users/mbermudez/de_02/TFGDataset/img/T2_0714.png|nnhhhh       aa          eeee eellleeeeeeeee
/data3fast/users/mbermudez/de_02/TFGDataset/img/T2_0114.png|dieesssss               eeeeeeeeeee           lll
/data3fast/users/mbermudez/de_02/TFGDataset/img/T2_1300.png|bee       heieeiieeeeeeeeeeee      sssss
/data3fast/users/mbermudez/de_02/TFGDataset/img/T2_1348.png|ddssssssss  ttttt.
/data3fast/users/mbermudez/de_02/TFGDataset/img/T2_0656.png|wrrre hhhhheeeeeeeeeeeeeeeeeeeeeeeeeeeeeeeeeeeeeee
/data3fast/users/mbermudez/de_02/TFGDataset/img/T2_1207.png|eee            ccchc  hhhhhtet   eeeeeeeeelle 
/data3fast/users/mbermudez/de_02/TFGDataset/img/T2_1378.png|rre                                    sssssshhhh
/data3fast/users/mbermudez/de_02/TFGDataset/img/T2_0984.png|diissshhchhh                                      dee
/data3fast/users/mbermudez/de_02/TFGDataset/img/T2_0199.png|wlleee eeeeeeeeeeeeeeeeeeeeeeeeeeehhhhhhh
/data3fast/users/mbermudez/de_02/TFGDataset/img/T2_0398.png|mii                      s        eeeeeeseeesss
/data3fast/users/mbermudez/de_02/TFGDataset/img/T2_0537.png|"    eeeeee  e eeee  eee     eee ee  *****
/data3fast/users/mbermudez/de_02/TFGDataset/img/T2_0300.png|nnn                               e       aaa
/data3fast/users/mbermudez/de_02/TFGDataset/img/T2_0286.png|# 
/data3fast/users/mbermudez/de_02/TFGDataset/img/T2_0161.png|aaan     nn   e eeeee            eeeeeeesssssllll
/data3fast/users/mbermudez/de_02/TFGDataset/img/T2_1184.png|feee   dddeeeeeeeeeeeeeeeeeeeeeeeeeeee  eee e   e   eee
/data3fast/users/mbermudez/de_02/TFGDataset/img/T2_1101.png|deeeeeeeeeeeeeeee e       d            eee
/data3fast/users/mbermudez/de_02/TFGDataset/img/T2_0580.png|"     ssssssssssssssssssssssssss           ...
/data3fast/users/mbermudez/de_02/TFGDataset/img/T2_1479.png|weee          eeee eeeeeeeee       eeeeeeee
/data3fast/users/mbermudez/de_02/TFGDataset/img/T2_1451.png|dee                eeeeeeeeeeeee           eee
/data3fast/users/mbermudez/de_02/TFGDataset/img/T2_0223.png|weetttt
/data3fast/users/mbermudez/de_02/TFGDataset/img/T2_0439.png|aas  sssseeeeeeeeeeeeeeeeeeeeeeeeeee  eeedddeeeee
/data3fast/users/mbermudez/de_02/TFGDataset/img/T2_0176.png|iii   eeee                eeeeeeeeeeeeeeeeeehhchhhee
/data3fast/users/mbermudez/de_02/TFGDataset/img/T2_0280.png|iee              aaa             eeeeeeeee
/data3fast/users/mbermudez/de_02/TFGDataset/img/T2_0463.png|dee   *      e ee  e                  ssssss     sseee
/data3fast/users/mbermudez/de_02/TFGDataset/img/T2_0584.png|da   eeeeetttttttttt
/data3fast/users/mbermudez/de_02/TFGDataset/img/T2_0861.png|mii                      hhh         eeeeee
/data3fast/users/mbermudez/de_02/TFGDataset/img/T2_1478.png|iieeeeeeeeeeeeeeeeeeeeeeeeeeeeeeeeeeeeeeee
/data3fast/users/mbermudez/de_02/TFGDataset/img/T2_0212.png|geeeesssssssssh          .......
/data3fast/users/mbermudez/de_02/TFGDataset/img/T2_0285.png|ffrr                          eettttttt
/data3fast/users/mbermudez/de_02/TFGDataset/img/T2_0129.png|#  e
/data3fast/users/mbermudez/de_02/TFGDataset/img/T2_0235.png|geeeehhhhh            s             nnn  n  nn
/data3fast/users/mbermudez/de_02/TFGDataset/img/T2_0904.png|dersslllleeeeeeeeeeeeeeee       n   eeeeeeeee
/data3fast/users/mbermudez/de_02/TFGDataset/img/T2_1132.png|eerrsssllllleeeeeeeeeeeee      ssss         
/data3fast/users/mbermudez/de_02/TFGDataset/img/T2_0036.png|wwt         eeeeeeeeeeeeeeeee            
/data3fast/users/mbermudez/de_02/TFGDataset/img/T2_0457.png|drrr     ee                    eeeeeeeeee   ssshhhh
/data3fast/users/mbermudez/de_02/TFGDataset/img/T2_0501.png|geeesssssssssss           eeeeeeeeeeeeeeeeeeeeeeeee
/data3fast/users/mbermudez/de_02/TFGDataset/img/T2_0517.png|**         ee        eeeeeeeee              eeeeeeedd
/data3fast/users/mbermudez/de_02/TFGDataset/img/T2_0089.png|asss      eeeeeeeeeeeeeeeeeeeeeee   aaa
/data3fast/users/mbermudez/de_02/TFGDataset/img/T2_0382.png|aahh eeeeeeeeeeee  hnnnnnnnnnn   eeeeeee
/data3fast/users/mbermudez/de_02/TFGDataset/img/T2_0508.png|"   eeeeeesssssssssss     llleeeeeeee      
/data3fast/users/mbermudez/de_02/TFGDataset/img/T2_0732.png|"   eeeeeeeeeeeeeeee ihi           nn
/data3fast/users/mbermudez/de_02/TFGDataset/img/T2_1065.png|lll     e eeeeeeessh  hh          e  eeee        
/data3fast/users/mbermudez/de_02/TFGDataset/img/T2_0446.png|der                  eeeeee    e    eeeeeee  hiiieee
/data3fast/users/mbermudez/de_02/TFGDataset/img/T2_0735.png|fee  ttttttttttt
/data3fast/users/mbermudez/de_02/TFGDataset/img/T2_1007.png|ss  eeeeeeeeeeee                  eeeeeee
/data3fast/users/mbermudez/de_02/TFGDataset/img/T2_0270.png|" ssssss
/data3fast/users/mbermudez/de_02/TFGDataset/img/T2_1070.png|wwla       a                 ddddddeee
/data3fast/users/mbermudez/de_02/TFGDataset/img/T2_0632.png|ddi      eeeeeeeeeeeeeeeeeeeeeeeeeee     tttt
/data3fast/users/mbermudez/de_02/TFGDataset/img/T2_1030.png|ueeeeeeeeeeeeeeeeeeeeeeeeeeeeeeeeeeeeeee
/data3fast/users/mbermudez/de_02/TFGDataset/img/T2_0563.png|aaeeeeeeeee               sss    eeelleeeeeee
/data3fast/users/mbermudez/de_02/TFGDataset/img/T2_1186.png|iiiiicchhh      aa                       eeeeee
/data3fast/users/mbermudez/de_02/TFGDataset/img/T2_0634.png|"             eeeeeeeeeeeeeeeeeeeeeee       
/data3fast/users/mbermudez/de_02/TFGDataset/img/T2_1307.png|cceeeeeeeeeee      eeeeee                  e
/data3fast/users/mbermudez/de_02/TFGDataset/img/T2_0759.png|der     a      eeeeeee            nndnneeeeee
/data3fast/users/mbermudez/de_02/TFGDataset/img/T2_1052.png|iiieeeeeeee  lll  llllll            d     deeee
/data3fast/users/mbermudez/de_02/TFGDataset/img/T2_0579.png|annnneeeeeeeeeeeeeeeeeee
/data3fast/users/mbermudez/de_02/TFGDataset/img/T2_0847.png|# 
/data3fast/users/mbermudez/de_02/TFGDataset/img/T2_0636.png|#  
/data3fast/users/mbermudez/de_02/TFGDataset/img/T2_1241.png|eeeeeeeeeeeeee     ttt      eeeeeeeeeeeeeeeeeeeeeee
/data3fast/users/mbermudez/de_02/TFGDataset/img/T2_0404.png|weeeeeettttttt
/data3fast/users/mbermudez/de_02/TFGDataset/img/T2_0233.png|beeeeeeeeeeee ee  ee    eee   eee       d         hh
/data3fast/users/mbermudez/de_02/TFGDataset/img/T2_0547.png|iihhhhhhhhh   eeee                        nnnnnnn
/data3fast/users/mbermudez/de_02/TFGDataset/img/T2_1076.png|geeee  ssss                        eee e         ch
/data3fast/users/mbermudez/de_02/TFGDataset/img/T2_1216.png|*eeeeeeeeeeeeeeeeee                       ll
/data3fast/users/mbermudez/de_02/TFGDataset/img/T2_0096.png|aaa          n  d    dd     eeeeeeeeee
/data3fast/users/mbermudez/de_02/TFGDataset/img/T2_1218.png|wieeeeeeeeeeeeeee    l sssss   eeeeeeeee   e
/data3fast/users/mbermudez/de_02/TFGDataset/img/T2_0540.png|#  
/data3fast/users/mbermudez/de_02/TFGDataset/img/T2_0224.png|iee                                   eeee       hhhhhh
/data3fast/users/mbermudez/de_02/TFGDataset/img/T2_0055.png|iee          eeee  ee       ll             
/data3fast/users/mbermudez/de_02/TFGDataset/img/T2_0509.png|eeeeeeeeeeeeeeeeeeee  eessss eee e    ee  eeeeeeeeeeeee
/data3fast/users/mbermudez/de_02/TFGDataset/img/T2_0989.png|derr       aaaaa        d     d  dddd
/data3fast/users/mbermudez/de_02/TFGDataset/img/T2_0021.png|alllleeeeeeeeeeeeeeeeeeeeeeeeeeeeeeeeee
/data3fast/users/mbermudez/de_02/TFGDataset/img/T2_1360.png|geesssseeeeeeeee   eee eee   eeeeeeeeeeeeeee
/data3fast/users/mbermudez/de_02/TFGDataset/img/T2_1489.png|nachchhh s                               tte
/data3fast/users/mbermudez/de_02/TFGDataset/img/T2_0349.png|stttt   aa              ttteheeehihhhhhheeee
/data3fast/users/mbermudez/de_02/TFGDataset/img/T2_1329.png|scchhhhetttteee     e  e                   deeee
/data3fast/users/mbermudez/de_02/TFGDataset/img/T2_1308.png|shhhhhhtt        eeeeeet.
/data3fast/users/mbermudez/de_02/TFGDataset/img/T2_0568.png|ceeeee                  eeeeeeeeeee    ttt
/data3fast/users/mbermudez/de_02/TFGDataset/img/T2_0327.png|deeeeeeeeeeeeeeeeeeeeeeeeeeeeeeeeee ennne
/data3fast/users/mbermudez/de_02/TFGDataset/img/T2_0115.png|eeee  sssss         ddddeeeeeeeeeeeeeee***
/data3fast/users/mbermudez/de_02/TFGDataset/img/T2_0875.png|wee          sseeeeeeeeeeee   i        i e
/data3fast/users/mbermudez/de_02/TFGDataset/img/T2_1382.png|deessssseeee                    hhhhhhh hheeeeeeeeeee
/data3fast/users/mbermudez/de_02/TFGDataset/img/T2_0562.png|wiieeeee  .........
/data3fast/users/mbermudez/de_02/TFGDataset/img/T2_0922.png|sheeeeeeeeee                  eeellellllllssss
/data3fast/users/mbermudez/de_02/TFGDataset/img/T2_1099.png|ch                                  eeeeeeeeeee
/data3fast/users/mbermudez/de_02/TFGDataset/img/T2_0647.png|stttt   eee     ddd ddeeeeeee   e              
/data3fast/users/mbermudez/de_02/TFGDataset/img/T2_1164.png|drr          eeeeeeeeeeeeeeeeeeeeeee e eeeee
/data3fast/users/mbermudez/de_02/TFGDataset/img/T2_0726.png|un   eeeeeeeeeeeeeeee      ssss  s          n
