/data3fast/users/mbermudez/de_02/TFGDataset/img/T2_1007.png|ss eeeeeeeeeeeeee               eeeeeeeee
/data3fast/users/mbermudez/de_02/TFGDataset/img/T2_0341.png|eeeeeeeeeeeeeeeeeee ii      eeeeeeeeehh   nn
/data3fast/users/mbermudez/de_02/TFGDataset/img/T2_0157.png|vnnnn eeeeeeeeeeeeeeeee          n ddeeeee
/data3fast/users/mbermudez/de_02/TFGDataset/img/T2_0726.png|"     eeeeeee ee            ss         nnnn
/data3fast/users/mbermudez/de_02/TFGDataset/img/T2_0212.png|geeeehhhhhsssseeeeeeee    e....
/data3fast/users/mbermudez/de_02/TFGDataset/img/T2_0133.png|eee             e                eeeeeeee
/data3fast/users/mbermudez/de_02/TFGDataset/img/T2_0265.png|iieeeee***e                eeeeeehhh              ee
/data3fast/users/mbermudez/de_02/TFGDataset/img/T2_0687.png|alllllhhh    eeeeeeeeeeeeeeeeeeeeeeeeeeeeeeeeeee
/data3fast/users/mbermudez/de_02/TFGDataset/img/T2_0123.png|unn  ssshhheeeeeeeee   aaa   d   eeeee
/data3fast/users/mbermudez/de_02/TFGDataset/img/T2_0506.png|zu        eee     eeeeee                      ss
/data3fast/users/mbermudez/de_02/TFGDataset/img/T2_0418.png|geeeeeeeeeeeeeee e               eeee            
/data3fast/users/mbermudez/de_02/TFGDataset/img/T2_0326.png|gneee  sssss              ii      t       sss
/data3fast/users/mbermudez/de_02/TFGDataset/img/T2_0817.png|die  eeeee     eeeeeeeeeeeeeeeeeeeeeeeeeeeeee lsssssssss
/data3fast/users/mbermudez/de_02/TFGDataset/img/T2_0127.png|aaaaa     eeeeeeeeeeeeeeeeeee**ee     eeeeeeeeeee
/data3fast/users/mbermudez/de_02/TFGDataset/img/T2_0819.png|frrlleeeeeeeeeeeeeeeeeeeeeeeeee        eeeeee
/data3fast/users/mbermudez/de_02/TFGDataset/img/T2_0224.png|iee           a                       e  i   hhhhhhhh
/data3fast/users/mbermudez/de_02/TFGDataset/img/T2_0453.png|uundd         eeeee          tttt tt tt
/data3fast/users/mbermudez/de_02/TFGDataset/img/T2_0404.png|"eeeeeetttttt
/data3fast/users/mbermudez/de_02/TFGDataset/img/T2_0355.png|der         eee *************                eeesee
/data3fast/users/mbermudez/de_02/TFGDataset/img/T2_0777.png|dee          eeeeee                eeeeeeeee
/data3fast/users/mbermudez/de_02/TFGDataset/img/T2_0992.png|iie   ddd   dd     eeeeeeeeeeee**     eeehhceeeee
/data3fast/users/mbermudez/de_02/TFGDataset/img/T2_1175.png|wnnn           eeeeeeeeeeeeeeeeeeeeeeeeessssss ss
/data3fast/users/mbermudez/de_02/TFGDataset/img/T2_0672.png|iineee  ee  e  eeeeeeeeeeeeeeeeeeeeeeee
/data3fast/users/mbermudez/de_02/TFGDataset/img/T2_1357.png|hhhhheeeeeessssss                          d ddddddd
/data3fast/users/mbermudez/de_02/TFGDataset/img/T2_1354.png|wiiee sssssssss     aaa   ha  aaaaaaaa
/data3fast/users/mbermudez/de_02/TFGDataset/img/T2_1327.png|eee        eeeeeeeeeeeeeee      d    ee   aaaa
/data3fast/users/mbermudez/de_02/TFGDataset/img/T2_1238.png|da     eeeeeeeeeeeeeeeeeeeee            eeee eeeeeee
/data3fast/users/mbermudez/de_02/TFGDataset/img/T2_0018.png|weeeeeeeeeeeee eeeeeeeeeeeeeeee****** eeeeeeee
/data3fast/users/mbermudez/de_02/TFGDataset/img/T2_0878.png|wrrr           eeeeeeee           sss hhhhhhs
/data3fast/users/mbermudez/de_02/TFGDataset/img/T2_1390.png|iii            e     sssss               eeeeeee
/data3fast/users/mbermudez/de_02/TFGDataset/img/T2_0960.png|deereeeeeeeeeeeeeeeeeeee ee eee       e  e  eeeeeeesssss
/data3fast/users/mbermudez/de_02/TFGDataset/img/T2_1385.png|iii    eeeeeeeeeeeeeeeeeee     ee    sscchh    eeeeeh
/data3fast/users/mbermudez/de_02/TFGDataset/img/T2_1068.png|geechhhh                 eeeelllleeee      eee
/data3fast/users/mbermudez/de_02/TFGDataset/img/T2_0054.png|onnnnn          t
/data3fast/users/mbermudez/de_02/TFGDataset/img/T2_0977.png|eer dddnnnnn  nn   eeeehheeeeeeeeeeeeeeeeeeee
/data3fast/users/mbermudez/de_02/TFGDataset/img/T2_1245.png|deee
/data3fast/users/mbermudez/de_02/TFGDataset/img/T2_1328.png|de    aaa             eeeeee           eee
/data3fast/users/mbermudez/de_02/TFGDataset/img/T2_0446.png|derr                      e  ee        ee eeeeeiee
/data3fast/users/mbermudez/de_02/TFGDataset/img/T2_0952.png|bbe      eeeeeeeeeeeeeeeee             d         
/data3fast/users/mbermudez/de_02/TFGDataset/img/T2_1280.png|eeeeee
/data3fast/users/mbermudez/de_02/TFGDataset/img/T2_1076.png|geeee ssssss        s  a         eeeeeeee          hh
/data3fast/users/mbermudez/de_02/TFGDataset/img/T2_0228.png|"   eeeeeeehhhhhti  eeeeeeeeeeee   d   sssssss
/data3fast/users/mbermudez/de_02/TFGDataset/img/T2_0837.png|dee  ssssssseee ee    n   nnnnnnnnn eeeeeeeee
/data3fast/users/mbermudez/de_02/TFGDataset/img/T2_0826.png|iihhhhhhhhhh        ***             eeeeeeeee        nn
/data3fast/users/mbermudez/de_02/TFGDataset/img/T2_0299.png|nnn      eeeeeeeeeeeeeeeeeeeeee         eeeenn
/data3fast/users/mbermudez/de_02/TFGDataset/img/T2_0367.png|aaaeeeeeeeeeeeeeeeeeeeeeeeeeeeeeeeeesss      
/data3fast/users/mbermudez/de_02/TFGDataset/img/T2_0932.png|eeee                 ee           eeeeeeee  a
/data3fast/users/mbermudez/de_02/TFGDataset/img/T2_0394.png|un   eeeeeeeeeeeeeeeeeeeeeeeeeee           
/data3fast/users/mbermudez/de_02/TFGDataset/img/T2_0325.png|"     eeeeeeeeeeeeeeeeeeehheeeeeeeeeeeeeeee
/data3fast/users/mbermudez/de_02/TFGDataset/img/T2_0377.png|dasssss               eeeeeeeeee   ssss   eeee
/data3fast/users/mbermudez/de_02/TFGDataset/img/T2_0254.png|"   eeeeeeeeeeee elll   hchhhc       ttt
/data3fast/users/mbermudez/de_02/TFGDataset/img/T2_0836.png|dii eeeeeeeeeee                          lllllll
/data3fast/users/mbermudez/de_02/TFGDataset/img/T2_0405.png|wennnnnnnnnnnneeeeeeeeeeeeeeeeeeeeeee
/data3fast/users/mbermudez/de_02/TFGDataset/img/T2_0768.png|llleeeeeeeeeeeiiihhc ttt
/data3fast/users/mbermudez/de_02/TFGDataset/img/T2_0631.png|diee  ennnnnnnnneeeeeeeeeeeeeeeeee
/data3fast/users/mbermudez/de_02/TFGDataset/img/T2_0699.png|sheeeeeeeeeeeeeeee e      eeeeeeeeeeeee        a  aa
/data3fast/users/mbermudez/de_02/TFGDataset/img/T2_1101.png|deeeeeeeeeeeeeeeee                      ee
/data3fast/users/mbermudez/de_02/TFGDataset/img/T2_0426.png|sttt                   ss                    e ssseeeeee
/data3fast/users/mbermudez/de_02/TFGDataset/img/T2_0470.png|weeetttttttttt
/data3fast/users/mbermudez/de_02/TFGDataset/img/T2_1256.png|neeeeeeeee             e  eee      e  eeeeeeeeeeeee
/data3fast/users/mbermudez/de_02/TFGDataset/img/T2_1161.png|nnnn eeeeeeehhhhhhh   eeeeeeeeeeeeeeeeeeeeeeeeee
/data3fast/users/mbermudez/de_02/TFGDataset/img/T2_1475.png|eeeeeeeeeeeeeeeeeeeeeee             a    eeeeee
/data3fast/users/mbermudez/de_02/TFGDataset/img/T2_0103.png|#  
/data3fast/users/mbermudez/de_02/TFGDataset/img/T2_0573.png|gnn eeeeeeeeeeeeeeeeeeeeeee eee     ddeeeeeeeeeee
/data3fast/users/mbermudez/de_02/TFGDataset/img/T2_0518.png|der             eeeeee               llllllt
/data3fast/users/mbermudez/de_02/TFGDataset/img/T2_1290.png|bb             eeeeeeeehhchhhheeeeee         dd
/data3fast/users/mbermudez/de_02/TFGDataset/img/T2_0648.png|nnnn   d      sssshhhhh             eeeeenen
/data3fast/users/mbermudez/de_02/TFGDataset/img/T2_1072.png|aaa     eeeeei                                sss
/data3fast/users/mbermudez/de_02/TFGDataset/img/T2_0079.png|mi  eeeeeeeeee                         e  e  ddeee
/data3fast/users/mbermudez/de_02/TFGDataset/img/T2_0630.png|ffee      sssssseeeee
/data3fast/users/mbermudez/de_02/TFGDataset/img/T2_0745.png|grrr  eeeeeeeeeeeeeeeeeeee                   eeeeeee
/data3fast/users/mbermudez/de_02/TFGDataset/img/T2_0242.png|ttt       deeeeeeeeeeeeeeee              eeeeeee
/data3fast/users/mbermudez/de_02/TFGDataset/img/T2_0653.png|alleeeeeeeeeeeeeeeeeeeeeeeeeeeeeeee eeee
/data3fast/users/mbermudez/de_02/TFGDataset/img/T2_1260.png|beeeeeeeee  e      sssssssschhccc       eee
/data3fast/users/mbermudez/de_02/TFGDataset/img/T2_0744.png|dee    *                                     hhhhhh
/data3fast/users/mbermudez/de_02/TFGDataset/img/T2_0276.png|"            ddd eeeeeeeeeeehhchhhhhhhh
/data3fast/users/mbermudez/de_02/TFGDataset/img/T2_1199.png|maa    eeeeeeeeeeeeeeeeedeeeee  t t t     t
/data3fast/users/mbermudez/de_02/TFGDataset/img/T2_0196.png|tee            eeeeeeeeed dd d  dddd    ssssel
/data3fast/users/mbermudez/de_02/TFGDataset/img/T2_1130.png|der  sssssssshh         deeeeeeeeeeeeeeeeeeeeeee
/data3fast/users/mbermudez/de_02/TFGDataset/img/T2_0215.png|tteee        eeeee     e  e                 eeeeeee
/data3fast/users/mbermudez/de_02/TFGDataset/img/T2_0728.png|mi     eeeeeeeeeeeeeeeeeeeeeeeeee           t
/data3fast/users/mbermudez/de_02/TFGDataset/img/T2_1497.png|tteeeeeeeeeeeeeeeeeeeeeeeeeeeeeeeee   n   aaa
/data3fast/users/mbermudez/de_02/TFGDataset/img/T2_0295.png|geeeeeiie  eee eeneeee  eeeeeeeee    aaaa
/data3fast/users/mbermudez/de_02/TFGDataset/img/T2_0455.png|unndd  eeeee  hhhh hhhh         hhhhhhhhhhhh
/data3fast/users/mbermudez/de_02/TFGDataset/img/T2_1276.png|beeeeeeeeeeeee                            eeeee
/data3fast/users/mbermudez/de_02/TFGDataset/img/T2_1322.png|teeeeeeeeeeeeeeee    e ess      n  dddd ddd
/data3fast/users/mbermudez/de_02/TFGDataset/img/T2_1424.png|hhhhhhhhee          u u    uuuu  u        eeeeeeeee
/data3fast/users/mbermudez/de_02/TFGDataset/img/T2_1218.png|weeeeeeeeeeeee           ssss  eeeeeeee  nnn
/data3fast/users/mbermudez/de_02/TFGDataset/img/T2_0170.png|wesssss     ddddeeeeeeee       eeeeeeee
/data3fast/users/mbermudez/de_02/TFGDataset/img/T2_0251.png|dee  seeeehe     e    eeeeeeeeeeeeeeeeeeee        
/data3fast/users/mbermudez/de_02/TFGDataset/img/T2_0922.png|sheeeeeeeee                      tlllllllsssss
/data3fast/users/mbermudez/de_02/TFGDataset/img/T2_0004.png|nnn    eeeeeeeeeeeeeeeeee  eeeeeeiihhheehh
/data3fast/users/mbermudez/de_02/TFGDataset/img/T2_0003.png|weeeeeeehhhhhhhhhhhh                   sssss e  eeeee
/data3fast/users/mbermudez/de_02/TFGDataset/img/T2_0738.png|geer                 eeeeeeeee        aaaas
/data3fast/users/mbermudez/de_02/TFGDataset/img/T2_0845.png|deee   eeeeeeeeeee          sssssssss    e
/data3fast/users/mbermudez/de_02/TFGDataset/img/T2_0433.png|geeeeeeee  e                    e          dd
/data3fast/users/mbermudez/de_02/TFGDataset/img/T2_0893.png|teettstthh                  hhheeessss   eeeeeeee
/data3fast/users/mbermudez/de_02/TFGDataset/img/T2_1329.png|schhhhhtteeeeee  ***  eeee                 ddsss
/data3fast/users/mbermudez/de_02/TFGDataset/img/T2_0508.png|"   eeeeessssssssss llsllllleeeeeeeeee  
/data3fast/users/mbermudez/de_02/TFGDataset/img/T2_1281.png|u     eeeeee            ee eeeeeeeseeeeeeeeeeeeee
/data3fast/users/mbermudez/de_02/TFGDataset/img/T2_0381.png|dee  eeeeeeeeeeee eeeeeeeeeeeeeeeeee  h hhhhhhhhhhh
/data3fast/users/mbermudez/de_02/TFGDataset/img/T2_0256.png|aaa      eeeeeeeeeeeeeeeess         eeee
/data3fast/users/mbermudez/de_02/TFGDataset/img/T2_0247.png|aah       nnnn nnnn   eeeeeeeeeeeeee   eee
/data3fast/users/mbermudez/de_02/TFGDataset/img/T2_0901.png|aaueeeeeeeeeeeeeeeeeeee sssssh    a a  eee
/data3fast/users/mbermudez/de_02/TFGDataset/img/T2_0936.png|dnn      shchtttt    ii *iit tettttt       eeeeee
/data3fast/users/mbermudez/de_02/TFGDataset/img/T2_0001.png|geee     eeeeeeeeeeeeeeeeee        sssssssseeee
/data3fast/users/mbermudez/de_02/TFGDataset/img/T2_1377.png|wwll  aaaa             hhhhheeeeeeeee
/data3fast/users/mbermudez/de_02/TFGDataset/img/T2_0527.png|der         eeeeee            aa     eeeeeeee
/data3fast/users/mbermudez/de_02/TFGDataset/img/T2_1249.png|un   ssshchch             eeeeeeeeeeed       
/data3fast/users/mbermudez/de_02/TFGDataset/img/T2_0716.png|iiihhhhh     s               eeeh h                    sss
/data3fast/users/mbermudez/de_02/TFGDataset/img/T2_0522.png|ggllllelllleeeeeeeeeeeeee  deeeeeeeeeeeee  aaaaa
/data3fast/users/mbermudez/de_02/TFGDataset/img/T2_1257.png|dee   *  ee  eeeeeee tte  eeeeeeeehhh    nnnd
/data3fast/users/mbermudez/de_02/TFGDataset/img/T2_0696.png|nnnneeeeeeeeeeeeeeeeeen        d     eeeeeeeeee
/data3fast/users/mbermudez/de_02/TFGDataset/img/T2_0604.png|shhheeeeeee         t..
/data3fast/users/mbermudez/de_02/TFGDataset/img/T2_0729.png|eeeeeeeeeee            
/data3fast/users/mbermudez/de_02/TFGDataset/img/T2_0523.png|ttttt   eee eeeeeeeeee     a       eee  eeeeeee
/data3fast/users/mbermudez/de_02/TFGDataset/img/T2_1125.png|geee       ssssssseeeeeeeeeeeeesseee ee eeeeee
/data3fast/users/mbermudez/de_02/TFGDataset/img/T2_1078.png|llttttt
/data3fast/users/mbermudez/de_02/TFGDataset/img/T2_0807.png|bee       eeeeeeeeeeeeeee  llsss      nnndn
/data3fast/users/mbermudez/de_02/TFGDataset/img/T2_1419.png|geee                  eeeeeeeeeeeeeeeeeeeeeeeee
/data3fast/users/mbermudez/de_02/TFGDataset/img/T2_0514.png|dassss     e e  eeeeee  eeeeeeeeee eee   ee    eeeeee    en
/data3fast/users/mbermudez/de_02/TFGDataset/img/T2_0708.png|neeeeeeeeeeeeee      sssa        eeeeeeeee
/data3fast/users/mbermudez/de_02/TFGDataset/img/T2_1169.png|deeretttt                 eeeeeeee   aaaa    e
/data3fast/users/mbermudez/de_02/TFGDataset/img/T2_0552.png|*eeeeeeeee           eeeeeeeeeeeeeeeeeeNNN
/data3fast/users/mbermudez/de_02/TFGDataset/img/T2_1408.png|#  eeeetttttt
/data3fast/users/mbermudez/de_02/TFGDataset/img/T2_1242.png|riihhhssssssss               ee                     ssshh
/data3fast/users/mbermudez/de_02/TFGDataset/img/T2_1079.png|hhheeeee   e  e   eeee            eeeeee
/data3fast/users/mbermudez/de_02/TFGDataset/img/T2_0944.png|lllllaaaaaaa                 eeeeeeeesse  eeeeeee
/data3fast/users/mbermudez/de_02/TFGDataset/img/T2_0643.png|der   chhhhhhtt      eeeeeehhe       nn   n   n
/data3fast/users/mbermudez/de_02/TFGDataset/img/T2_0352.png|flee       dd        e             tttttttttt
/data3fast/users/mbermudez/de_02/TFGDataset/img/T2_0241.png|unneeeeeeeeeeessssss          eeeee
/data3fast/users/mbermudez/de_02/TFGDataset/img/T2_1415.png|iinnn    eeeeeeeeeeeeeeeee  eeeeeeeeeeeeeeeeeeeeeeeh
/data3fast/users/mbermudez/de_02/TFGDataset/img/T2_1002.png|geeeeeeeeeeeeeeeeeeeeeeeeeeee esss               e
/data3fast/users/mbermudez/de_02/TFGDataset/img/T2_0399.png|aaaheeeeeeeeeeeeeeeee                   ddd
/data3fast/users/mbermudez/de_02/TFGDataset/img/T2_0690.png|wieeeeeeeeeeeeeeeeeeeee e   nnnnnn    a
/data3fast/users/mbermudez/de_02/TFGDataset/img/T2_0863.png|ieeeeeeee*****                 **                        ehhhhhh
/data3fast/users/mbermudez/de_02/TFGDataset/img/T2_0660.png|ssa             ss ssss s    llleeeeeeeeeee
/data3fast/users/mbermudez/de_02/TFGDataset/img/T2_0045.png|ssta            eeeeeeeee        ee         nnnn
/data3fast/users/mbermudez/de_02/TFGDataset/img/T2_0579.png|nnnnneeeeeeeeeeeeeeeeeee
/data3fast/users/mbermudez/de_02/TFGDataset/img/T2_0540.png|# 
/data3fast/users/mbermudez/de_02/TFGDataset/img/T2_0282.png|wieeeeeeee   e eee eeeeeee  eeeeeeeeeee    sss
/data3fast/users/mbermudez/de_02/TFGDataset/img/T2_0166.png|ne                      eeeeeeeeeeeee e s   saaaaaa
/data3fast/users/mbermudez/de_02/TFGDataset/img/T2_1006.png|der   tt         e eeeeeeeeeee         dddd
/data3fast/users/mbermudez/de_02/TFGDataset/img/T2_0964.png|tttteeeeeeeeeeeeseeeeeeeeeeeeeeeeeeeeeee
/data3fast/users/mbermudez/de_02/TFGDataset/img/T2_0614.png|wieeeeeeeeeeeee              ee eeeeee l    ssssseeees
/data3fast/users/mbermudez/de_02/TFGDataset/img/T2_0896.png|zu   eesssessss        eeeeee       a   
/data3fast/users/mbermudez/de_02/TFGDataset/img/T2_0222.png|****e                            eeeee     e    e     eee
/data3fast/users/mbermudez/de_02/TFGDataset/img/T2_1013.png|dee     aaaaa                            i   eie
/data3fast/users/mbermudez/de_02/TFGDataset/img/T2_0239.png|"    esssssleeeeee ee
/data3fast/users/mbermudez/de_02/TFGDataset/img/T2_0703.png|geehhhhhh         e              aaa 
/data3fast/users/mbermudez/de_02/TFGDataset/img/T2_0327.png|deeeeeeeeeeeeeeeeeeeeeeeeeeeeeeeeeeeeeeeeee
/data3fast/users/mbermudez/de_02/TFGDataset/img/T2_0770.png|hhhh               eeeeeeeeeeeeeeeeee eee
/data3fast/users/mbermudez/de_02/TFGDataset/img/T2_1361.png|"   ddeeeeeeeeeeeeeeee                  eessse
/data3fast/users/mbermudez/de_02/TFGDataset/img/T2_1114.png|iihh      eeeeeeeeeeeeeeeeeee         eeee        n n
/data3fast/users/mbermudez/de_02/TFGDataset/img/T2_1015.png|tte              eeee            eeeeeeeeee
/data3fast/users/mbermudez/de_02/TFGDataset/img/T2_1229.png|"                  sssssss          eeeehhe
/data3fast/users/mbermudez/de_02/TFGDataset/img/T2_0432.png|weeetttttttt...
/data3fast/users/mbermudez/de_02/TFGDataset/img/T2_0122.png|uu  eeeeeeeee****eeeeeeeNeeeeeeeeeeeeeeeeenn
/data3fast/users/mbermudez/de_02/TFGDataset/img/T2_0556.png|wee       e  e               ee hhh        nn 
/data3fast/users/mbermudez/de_02/TFGDataset/img/T2_0976.png|ssssssss aa                    eeeeee    s   ddddee
/data3fast/users/mbermudez/de_02/TFGDataset/img/T2_1314.png|uu   eellleeleeeee e             a               
/data3fast/users/mbermudez/de_02/TFGDataset/img/T2_1374.png|geee         n nnneeeee          ee
/data3fast/users/mbermudez/de_02/TFGDataset/img/T2_0975.png|hnnnn dddd         a aa ss   sss       ttt
/data3fast/users/mbermudez/de_02/TFGDataset/img/T2_1440.png|eee           eeeeeeeeeeeeeeeeeeeeeeeee  ttttt
/data3fast/users/mbermudez/de_02/TFGDataset/img/T2_1285.png|"     eeeeee ee    e eeeeeeeeeeeeeeeeeeeeeee*********eeee
/data3fast/users/mbermudez/de_02/TFGDataset/img/T2_0324.png|weiihhhhhhhhh           eeeelllee  eee e
/data3fast/users/mbermudez/de_02/TFGDataset/img/T2_0735.png|weeettttttttttt
/data3fast/users/mbermudez/de_02/TFGDataset/img/T2_1500.png|bbeeeeee eeeeeeeeeeesssseeeee eeeeeeeeeeeeeh
/data3fast/users/mbermudez/de_02/TFGDataset/img/T2_0387.png|deeeeeeeeeeeeeeeeeeeeeeeeeeee    a  asa
/data3fast/users/mbermudez/de_02/TFGDataset/img/T2_0290.png|eeeeeee*eeeeeeeeee eee       lllleeee eeeeeeeeeeeee
/data3fast/users/mbermudez/de_02/TFGDataset/img/T2_1183.png|"               s eee eeeeeeeeeeeeeeee e*******     nnnn
/data3fast/users/mbermudez/de_02/TFGDataset/img/T2_0602.png|dee sss          eee     sssss sesssssssee ssssssssNseeeNssssseessssssssNeNsssssessseessssss eeessesssssssssessssssssss
/data3fast/users/mbermudez/de_02/TFGDataset/img/T2_0317.png|wii          hh          e    ****   sssschhh
/data3fast/users/mbermudez/de_02/TFGDataset/img/T2_1045.png|wllttt t t        ttt       llll            eee
/data3fast/users/mbermudez/de_02/TFGDataset/img/T2_0134.png|hhhhh            eeeeee eeeeee ee       iie
/data3fast/users/mbermudez/de_02/TFGDataset/img/T2_0443.png|der   eeeeeeeeeeeeeiiiee  eeeeeeessssssehe
/data3fast/users/mbermudez/de_02/TFGDataset/img/T2_0937.png|beeeeee  ss             eeeeeeeee     aaa
/data3fast/users/mbermudez/de_02/TFGDataset/img/T2_0606.png|weeeeeee e        eee            eeeeeeeeettttt
/data3fast/users/mbermudez/de_02/TFGDataset/img/T2_0686.png|eeeeeeeeeeeeeennnnnneeenn  eeeeeeeeee
/data3fast/users/mbermudez/de_02/TFGDataset/img/T2_0356.png|bee    nn       aaa     aaa a       nnnnnnnn
/data3fast/users/mbermudez/de_02/TFGDataset/img/T2_0771.png|#  
/data3fast/users/mbermudez/de_02/TFGDataset/img/T2_0437.png|wii        ehhchhhheeee e      nnn n   hhhhhh
/data3fast/users/mbermudez/de_02/TFGDataset/img/T2_0154.png|eeeettttttttttttttt       eeeeeeeeeeeeeeee
/data3fast/users/mbermudez/de_02/TFGDataset/img/T2_0685.png|dinn  eeeeeee****e  gg ge            ss
/data3fast/users/mbermudez/de_02/TFGDataset/img/T2_0526.png|nnn   aaaaaaaaaa     all  eeeeeeeeeeeeee
/data3fast/users/mbermudez/de_02/TFGDataset/img/T2_0369.png|wiiihhhhhhhh      eeeeeeeeeeeeeeeeeeeee     aaat
/data3fast/users/mbermudez/de_02/TFGDataset/img/T2_1184.png|freee      eeeeeeeeee eeseee eeeeeeeeeeeeee            e
/data3fast/users/mbermudez/de_02/TFGDataset/img/T2_0266.png|wee       eesssssseeeeeeeeee       dd        eeeeeh
/data3fast/users/mbermudez/de_02/TFGDataset/img/T2_1455.png|m    eeeeeess       hhhh  hh       n nn  eeeeee
/data3fast/users/mbermudez/de_02/TFGDataset/img/T2_1325.png|bseeeeehhhhhhhhhhh                       eeee
/data3fast/users/mbermudez/de_02/TFGDataset/img/T2_1023.png|deeeeeeeeeeeeeeeeeeeeeeeeeeee         dddd
/data3fast/users/mbermudez/de_02/TFGDataset/img/T2_1363.png|uu            llllllleeeeeeeeeeeeeeeeee          
/data3fast/users/mbermudez/de_02/TFGDataset/img/T2_0467.png|ss    eeeee e e        ssssss                 n nnn
/data3fast/users/mbermudez/de_02/TFGDataset/img/T2_1479.png|wee         d deeeeeeeee       eeeeeeeee
/data3fast/users/mbermudez/de_02/TFGDataset/img/T2_0357.png|deeeeeeeeeeeeeeeeeeeeeeeeeeee    eeeeee
/data3fast/users/mbermudez/de_02/TFGDataset/img/T2_0173.png|bee     n   n    i          eeeeii   tt
/data3fast/users/mbermudez/de_02/TFGDataset/img/T2_1099.png|che            hh     nnn               eeeeeeee
/data3fast/users/mbermudez/de_02/TFGDataset/img/T2_0026.png|wii  eeeeeeeeeeeeeeeeeeeeeeeeeeeee       sssss
/data3fast/users/mbermudez/de_02/TFGDataset/img/T2_0145.png|sihhhhhhhhh                                     ssssss
/data3fast/users/mbermudez/de_02/TFGDataset/img/T2_0554.png|geeee        e eeeeeseee cccccceeee e     ee eeeeeeeeeeeee
/data3fast/users/mbermudez/de_02/TFGDataset/img/T2_0323.png|daaa                       eeeeeeeessssssssss
/data3fast/users/mbermudez/de_02/TFGDataset/img/T2_0359.png|ieeeeeeeeeee       ssssssss..ss
/data3fast/users/mbermudez/de_02/TFGDataset/img/T2_0062.png|tttt     eeeeeeeeeeee   eeeeeeeeeeeeee***eeee     llll
/data3fast/users/mbermudez/de_02/TFGDataset/img/T2_1450.png|aaat        eeeeeeeeeeeeeeeeeeeeeeeeeeeehhhhhhhhh
/data3fast/users/mbermudez/de_02/TFGDataset/img/T2_0681.png|desssssssssssssssssss          eeeeeeeeeeeeeeeeeNeee
/data3fast/users/mbermudez/de_02/TFGDataset/img/T2_0191.png|deeeee eneeeeeeeeeeeeeeeeee        a      dde
/data3fast/users/mbermudez/de_02/TFGDataset/img/T2_1134.png|ttt        sslllllllleeeeeeeeeeeeeeeeeeeee
/data3fast/users/mbermudez/de_02/TFGDataset/img/T2_0510.png|hhheeeeeeeee               eeeeeeeeeeeeeeeeeeeee ee   hh
/data3fast/users/mbermudez/de_02/TFGDataset/img/T2_1104.png|bbee             nn       eeeeeehhi         
/data3fast/users/mbermudez/de_02/TFGDataset/img/T2_0351.png|hheeeeeeeeeeee  dddddd   e       ssssssss
/data3fast/users/mbermudez/de_02/TFGDataset/img/T2_0300.png|nnn                     ttttt              aaa
/data3fast/users/mbermudez/de_02/TFGDataset/img/T2_1127.png|deeeeeeeeeeeeeeeeeeeeee         hhheeeeeee
/data3fast/users/mbermudez/de_02/TFGDataset/img/T2_0416.png|ssshhh                           ee         e eeeeeetttt
/data3fast/users/mbermudez/de_02/TFGDataset/img/T2_1360.png|geeesssssseeeeeeeee e    nn eeeeeeegeeeeeee
/data3fast/users/mbermudez/de_02/TFGDataset/img/T2_0223.png|weettttt
/data3fast/users/mbermudez/de_02/TFGDataset/img/T2_1394.png|*neeee                            eeeeeeeeeeeeeeee
/data3fast/users/mbermudez/de_02/TFGDataset/img/T2_1359.png|deee eeeeeeeeeeeeeeeeeeeeeeeehhhhhhh      nnnnnnnnn
/data3fast/users/mbermudez/de_02/TFGDataset/img/T2_0193.png|weer  aaaaa              eeeeeeeeeeeeeeeeee     nne
/data3fast/users/mbermudez/de_02/TFGDataset/img/T2_0680.png|aan eeeeeeeeeeeeeiii      nn   nn         heheee
/data3fast/users/mbermudez/de_02/TFGDataset/img/T2_0406.png|iii    ee ttt  tt        ss hhhhhhieiee
/data3fast/users/mbermudez/de_02/TFGDataset/img/T2_1054.png|wiill            eeeeeeeee          eeeeee
/data3fast/users/mbermudez/de_02/TFGDataset/img/T2_0756.png|de  e e  eeeeeeeeeeeeeee e    a hhhaaaaaaaaa
/data3fast/users/mbermudez/de_02/TFGDataset/img/T2_1148.png|tee  e eeeeeeeeeeee llll       eeeeeee
/data3fast/users/mbermudez/de_02/TFGDataset/img/T2_1346.png|lll           eeeeeeeeeeeeeeeeee      saaaass
/data3fast/users/mbermudez/de_02/TFGDataset/img/T2_0580.png|"    sshheeeeeessssssslll                ....
/data3fast/users/mbermudez/de_02/TFGDataset/img/T2_0108.png|das   eeeeeeeeeeeeheeeeeeeeeeeeeeeee  dd  n
/data3fast/users/mbermudez/de_02/TFGDataset/img/T2_0571.png|bbeeeNeeeeeeeee eeeeeee eeeeeeeeeeeeeee nnn
/data3fast/users/mbermudez/de_02/TFGDataset/img/T2_0721.png|nnn                ssssss  ee essseee      eeeennnnneee
/data3fast/users/mbermudez/de_02/TFGDataset/img/T2_0711.png|eeeeee    nnnneee     aaa    s        eeeee**e
/data3fast/users/mbermudez/de_02/TFGDataset/img/T2_1035.png|llhhhhh    nnnnnnn eeeeeeeeeeeeeeeeeii nnnn
/data3fast/users/mbermudez/de_02/TFGDataset/img/T2_0539.png|weelssssss      ssseeeeeeeee e eeeeeeeeeeeee
/data3fast/users/mbermudez/de_02/TFGDataset/img/T2_1058.png|ddd  eeeeeeeeeeeeeeee   eeeeeeeeeeeeeeeee        d dd
/data3fast/users/mbermudez/de_02/TFGDataset/img/T2_1382.png|diesseseee                sssshhhhhhhhhhhh eeeeeeeeee
/data3fast/users/mbermudez/de_02/TFGDataset/img/T2_0039.png|dee ******   eeeeeeeeeeeeeeeeeeeeeeee        sssssssss
/data3fast/users/mbermudez/de_02/TFGDataset/img/T2_0401.png|geee   nnnnnnnnn  nneeeeeee            t
/data3fast/users/mbermudez/de_02/TFGDataset/img/T2_0016.png|geeeeeetttttttt
/data3fast/users/mbermudez/de_02/TFGDataset/img/T2_1246.png|aan   eeeeeeeeeeee     eeeeeesllllllll     eee
/data3fast/users/mbermudez/de_02/TFGDataset/img/T2_1405.png|zu             aaa          eeeeeeeeeee
/data3fast/users/mbermudez/de_02/TFGDataset/img/T2_1194.png|geee          eeeeeh e                          eeeeeee
/data3fast/users/mbermudez/de_02/TFGDataset/img/T2_0646.png|allh                     eeeeeeeeeeee     aaaa
/data3fast/users/mbermudez/de_02/TFGDataset/img/T2_0155.png|a                     eeeee eetetteteeeeeeeeeeeeeee
/data3fast/users/mbermudez/de_02/TFGDataset/img/T2_0180.png|sccchhhhh                      nnnn  eeeeeeeeee
/data3fast/users/mbermudez/de_02/TFGDataset/img/T2_0592.png|ii  eeeeeeeeeeeeeeeee          eeeeee             
/data3fast/users/mbermudez/de_02/TFGDataset/img/T2_1197.png|weee e           a     a               ****....
/data3fast/users/mbermudez/de_02/TFGDataset/img/T2_0065.png|der                        sssss    eeesleeehheeee
/data3fast/users/mbermudez/de_02/TFGDataset/img/T2_0743.png|auuaa        eeeeeeeeeeeeeeeeeeeeeeeeeeee
/data3fast/users/mbermudez/de_02/TFGDataset/img/T2_0873.png|iii   eeeeeesseese      eeeeeeeeeen   n    chhhhhhh
/data3fast/users/mbermudez/de_02/TFGDataset/img/T2_1204.png|ggeehs     eeeeeeeseeeeeeeeeeeeeeeeeeeeeeeeee**eeeen
/data3fast/users/mbermudez/de_02/TFGDataset/img/T2_0349.png|sstttl             eeeeeettiii hiii   e ee
/data3fast/users/mbermudez/de_02/TFGDataset/img/T2_1420.png|teeeeeeeeee  i                  a       a      ee
/data3fast/users/mbermudez/de_02/TFGDataset/img/T2_1174.png|iiie                   eeeeeeeeeeeeeeeeeeeeeeeeeee
/data3fast/users/mbermudez/de_02/TFGDataset/img/T2_0603.png|nn   eeeeeeeeeeeeeeeeeeeeeeeeeeeeeee           ttttt
/data3fast/users/mbermudez/de_02/TFGDataset/img/T2_0500.png|geeeeeeeee            n            eeeeee
/data3fast/users/mbermudez/de_02/TFGDataset/img/T2_1351.png|eeeeeeeeeeeeeeeeeeeeeeee ee
/data3fast/users/mbermudez/de_02/TFGDataset/img/T2_0375.png|aaeeeeeeeeeeeeeeeeesss hh            ss tttttt
/data3fast/users/mbermudez/de_02/TFGDataset/img/T2_0081.png|ccheeeeee  a aaaa   a a    eeeeeeeeeeeeeeee
/data3fast/users/mbermudez/de_02/TFGDataset/img/T2_1337.png|"       e e     e eeeeeeeeeeeeeeeeeeeeee
/data3fast/users/mbermudez/de_02/TFGDataset/img/T2_1070.png|wwlaaaaa   ssss s      ddddddddddeee
/data3fast/users/mbermudez/de_02/TFGDataset/img/T2_1000.png|eeeeeeeeeeii          eeeeeeeeeeeeeeeeeeeeeeeeeee
/data3fast/users/mbermudez/de_02/TFGDataset/img/T2_0344.png|gee                       nn    eeeeeee     nn
/data3fast/users/mbermudez/de_02/TFGDataset/img/T2_0270.png|"  ssss
/data3fast/users/mbermudez/de_02/TFGDataset/img/T2_0965.png|miitt eeeee tttt     thhh                ss        n nn
/data3fast/users/mbermudez/de_02/TFGDataset/img/T2_0887.png|tet assaa   hhhhhhhhhhhh  eeeeeeeeeeeeeeeeeeeeddd
/data3fast/users/mbermudez/de_02/TFGDataset/img/T2_0715.png|mmtt      nn       d e e e     n   nnnnnnnn
/data3fast/users/mbermudez/de_02/TFGDataset/img/T2_0908.png|ss     e  ee  eeeee          a  u       ttt
/data3fast/users/mbermudez/de_02/TFGDataset/img/T2_1501.png|iihheeeeee            eeeeeeeeeee eeeeeee eeeeeeeeeeeee
/data3fast/users/mbermudez/de_02/TFGDataset/img/T2_1139.png|wii          a  hhhhhhhhheeeeeeeeee   eeeeeee
/data3fast/users/mbermudez/de_02/TFGDataset/img/T2_0091.png|uud   aaaaaa  e e    aaassss     ddnnnnee
/data3fast/users/mbermudez/de_02/TFGDataset/img/T2_0407.png|uu  eeeeeeeeeee          ssssssssss  eeeeeeeee
/data3fast/users/mbermudez/de_02/TFGDataset/img/T2_1392.png|#  
/data3fast/users/mbermudez/de_02/TFGDataset/img/T2_0347.png|dee    e ii ii    ttttt               eeee
/data3fast/users/mbermudez/de_02/TFGDataset/img/T2_1041.png|weee iihhhhhhhheee
/data3fast/users/mbermudez/de_02/TFGDataset/img/T2_1222.png|wllll     eeeeeeeeeeeeeeeeeeeeeee      a  e
/data3fast/users/mbermudez/de_02/TFGDataset/img/T2_1024.png|sste            eeee eessss                    
/data3fast/users/mbermudez/de_02/TFGDataset/img/T2_1241.png|neeeeeeeeeeeeeeettt            eeeeeeeeeeeeeeeeeeeeeee
/data3fast/users/mbermudez/de_02/TFGDataset/img/T2_0014.png|ii  eeeeee                  eeeeehhhhhh     n nnn
/data3fast/users/mbermudez/de_02/TFGDataset/img/T2_0999.png|eeellcllll           e   eeeeeeeeeeeee     eiiiii
/data3fast/users/mbermudez/de_02/TFGDataset/img/T2_0713.png|#  
/data3fast/users/mbermudez/de_02/TFGDataset/img/T2_0008.png|de                   ee  eeeeeeeeeeeeeeeee    nnn
/data3fast/users/mbermudez/de_02/TFGDataset/img/T2_0791.png|scchhhhhhe                  eeeee             aaat
/data3fast/users/mbermudez/de_02/TFGDataset/img/T2_1146.png|see          eeeeeeeeeeeeee    ssssss
/data3fast/users/mbermudez/de_02/TFGDataset/img/T2_1202.png|ss           seeheeeee   *e  e  eeeeeee     eeeeeeeeeeee
/data3fast/users/mbermudez/de_02/TFGDataset/img/T2_1270.png|un  essssllll              eeeeeeeeedddd
/data3fast/users/mbermudez/de_02/TFGDataset/img/T2_0568.png|ceeee                  eeeeeeeeeeee e tttttt
/data3fast/users/mbermudez/de_02/TFGDataset/img/T2_0712.png|der    a      eeeeeeeeeeeeeeeeeee    aaaa ee
/data3fast/users/mbermudez/de_02/TFGDataset/img/T2_0864.png|maaa           eeeeee    ee              eeeee
/data3fast/users/mbermudez/de_02/TFGDataset/img/T2_0530.png|nnnn  eeeeeeeee         aaa     eeeeeeeeeee
/data3fast/users/mbermudez/de_02/TFGDataset/img/T2_1240.png|breeeeeeeeeeeeeeeeeeeeeeeeeeeeeeeeeeeee              uu
/data3fast/users/mbermudez/de_02/TFGDataset/img/T2_0258.png|geeeeeeeeeeeesssss     c   a           eeeeee
/data3fast/users/mbermudez/de_02/TFGDataset/img/T2_0661.png|iii   eeeeee e   ss  eeee   eee
/data3fast/users/mbermudez/de_02/TFGDataset/img/T2_0111.png|frreeeeeelllhhhhhhheeeeeeeeeeee          aaaass
/data3fast/users/mbermudez/de_02/TFGDataset/img/T2_0063.png|ee             eeeeeeeeeeeeee      ssss             
/data3fast/users/mbermudez/de_02/TFGDataset/img/T2_0459.png|see                  eeeeeeeeeeeeee       eeeeeee
/data3fast/users/mbermudez/de_02/TFGDataset/img/T2_1220.png|iiiie      dd    d       eee ee     eeeee
/data3fast/users/mbermudez/de_02/TFGDataset/img/T2_0622.png|geeeeeeee       eeeeeeeeee     nnnn        hhhh
/data3fast/users/mbermudez/de_02/TFGDataset/img/T2_1369.png|beeeeeee         hhh         eeeeennnneee
/data3fast/users/mbermudez/de_02/TFGDataset/img/T2_0281.png|eeeeeeeeeeeee  s            eeed      ssssshhhh
/data3fast/users/mbermudez/de_02/TFGDataset/img/T2_0348.png|wwr                              e ee e e      ttttt
/data3fast/users/mbermudez/de_02/TFGDataset/img/T2_1026.png|gguuu   a dd   n    eeeeeeee hhhh        hhhh
/data3fast/users/mbermudez/de_02/TFGDataset/img/T2_0402.png|hheeeeeeeeeeeeee  e           ee eeee         ttt
/data3fast/users/mbermudez/de_02/TFGDataset/img/T2_0796.png|deee esshcchhhhcch                eeeeeeeeeeeeeeeeee
/data3fast/users/mbermudez/de_02/TFGDataset/img/T2_0925.png|zttteeeeeeeeeeeeeeee     hh  ee            aaaaaa
/data3fast/users/mbermudez/de_02/TFGDataset/img/T2_1262.png|sshhhe ee   hhh            eeeeeeeeeee     eeeee
/data3fast/users/mbermudez/de_02/TFGDataset/img/T2_1203.png|geeeeeesssss          eeeeeeeeeeeeeeeeeeeeeee
/data3fast/users/mbermudez/de_02/TFGDataset/img/T2_0027.png|eer     nnnnnnnn n         lllllls
/data3fast/users/mbermudez/de_02/TFGDataset/img/T2_0869.png|sssshhh   hh  seeeeeeeeeeeeeeeedeeeeeeeee
/data3fast/users/mbermudez/de_02/TFGDataset/img/T2_1180.png|eeee               tssstts                 a
/data3fast/users/mbermudez/de_02/TFGDataset/img/T2_0927.png|weeeeeeeeeeeeeeehhhhhheeeeeeeeeeeeeeee   e e  eeee
/data3fast/users/mbermudez/de_02/TFGDataset/img/T2_1456.png|iirr     e eeeeeeeeeeeeeeeeeeeeeeeeeeeeee   nnnn
/data3fast/users/mbermudez/de_02/TFGDataset/img/T2_0061.png|wrrr    n      eeeeeeeeee            
/data3fast/users/mbermudez/de_02/TFGDataset/img/T2_1288.png|ceee          eeeeeeeeee        aa    aaa
/data3fast/users/mbermudez/de_02/TFGDataset/img/T2_1491.png|aaa    eeeee ***********       e ssssseesss      eeee
/data3fast/users/mbermudez/de_02/TFGDataset/img/T2_0218.png|aaeeeeeee l  aaaa aaa  a    leeee        nn
/data3fast/users/mbermudez/de_02/TFGDataset/img/T2_0920.png|geee     eeeeeeeeeeee eeee            eeeeee
/data3fast/users/mbermudez/de_02/TFGDataset/img/T2_0336.png|ch                    ee eee ee       tttttt
/data3fast/users/mbermudez/de_02/TFGDataset/img/T2_0608.png|bbeeeeeeee***               ee  eee e      nnnneeee
/data3fast/users/mbermudez/de_02/TFGDataset/img/T2_0635.png|dii  hhhhhhh     eeeeeeeeehhhhhhh       ttt
/data3fast/users/mbermudez/de_02/TFGDataset/img/T2_0491.png|aaa  eeeeeeee                      eeeee.....
/data3fast/users/mbermudez/de_02/TFGDataset/img/T2_0462.png|eeeee  eeeeeeeeeeeeeeeeeeee   ee      seelelllleee
/data3fast/users/mbermudez/de_02/TFGDataset/img/T2_0280.png|eee               aa           eeeeeeeeeee
/data3fast/users/mbermudez/de_02/TFGDataset/img/T2_0899.png|iii   eeeeeeee          aa          a      ssssssss
/data3fast/users/mbermudez/de_02/TFGDataset/img/T2_1446.png|uu      eeee    eeeeeee  e  ddd        eeeeeee
/data3fast/users/mbermudez/de_02/TFGDataset/img/T2_0589.png|mii  eeeeeeeeeeeeeeeeeeeeeeeeeeeeeeehhhhhhe         
/data3fast/users/mbermudez/de_02/TFGDataset/img/T2_0430.png|aahhheeeeeeeeeee                     sssss  iihhhh
/data3fast/users/mbermudez/de_02/TFGDataset/img/T2_1120.png|inn     eeeeeeeeeeeeeeeeeeeeeee                   
/data3fast/users/mbermudez/de_02/TFGDataset/img/T2_1192.png|wee   ssssseeeeeeeeeeee  ss  she              eeeeeeeeee
/data3fast/users/mbermudez/de_02/TFGDataset/img/T2_1251.png|beeee  eeeeeeeeeeee eeeeeeeeeeeeeeeeeeeee
/data3fast/users/mbermudez/de_02/TFGDataset/img/T2_0676.png|#  
/data3fast/users/mbermudez/de_02/TFGDataset/img/T2_0935.png|tettt                     sss          eeee
/data3fast/users/mbermudez/de_02/TFGDataset/img/T2_1306.png|dee    eeeeeeeeeeeeeeeeeeeeeeeeeeeeet      eee
/data3fast/users/mbermudez/de_02/TFGDataset/img/T2_1277.png|dd      a            eeeeeeeee                eeeeeettt
/data3fast/users/mbermudez/de_02/TFGDataset/img/T2_0578.png|ggeee            n      n           eee       aahhh
/data3fast/users/mbermudez/de_02/TFGDataset/img/T2_0553.png|der  ete      e  eeeeeee    a     a   eeeeeeeee
/data3fast/users/mbermudez/de_02/TFGDataset/img/T2_1278.png|bee        eeeeeeeeeeeeeeeeee                  ........
/data3fast/users/mbermudez/de_02/TFGDataset/img/T2_0876.png|wteeeeeeeeeiie hhhh              eeeeeeeeeee
/data3fast/users/mbermudez/de_02/TFGDataset/img/T2_0730.png|nhnn    eeeeeeeeeee   t              eeeeeeeeee
/data3fast/users/mbermudez/de_02/TFGDataset/img/T2_0194.png|iichhh     e      eellllleeeeeeeeeeee
/data3fast/users/mbermudez/de_02/TFGDataset/img/T2_0693.png|ii    seeeeeeeeeeeeeeeddddddd        ieeeeee
/data3fast/users/mbermudez/de_02/TFGDataset/img/T2_0973.png|eeee hhhh                  eeeeeeeeeeeeeeeeeeeeeee
/data3fast/users/mbermudez/de_02/TFGDataset/img/T2_0846.png|ann  eeeeeeeeeeeeeeeeeeeeeeechhhheeeeeeeeeeeeeeeeeeeee
/data3fast/users/mbermudez/de_02/TFGDataset/img/T2_0694.png|eeeeettt                       deeeeeeeeeeee
/data3fast/users/mbermudez/de_02/TFGDataset/img/T2_1064.png|ma      e eeeee                           hh
/data3fast/users/mbermudez/de_02/TFGDataset/img/T2_0665.png|beee       aaaa                eeeeee    
/data3fast/users/mbermudez/de_02/TFGDataset/img/T2_1258.png|gohcaaaaaaaa        eeeeeeeeeeeeeeeeee lsssssss
/data3fast/users/mbermudez/de_02/TFGDataset/img/T2_0814.png|llle          eeeeeeeeeeeeeee                
/data3fast/users/mbermudez/de_02/TFGDataset/img/T2_0938.png|zeettttttttttt.
/data3fast/users/mbermudez/de_02/TFGDataset/img/T2_0697.png|ch            ssseeeeeeseeeeeee                 ssss
/data3fast/users/mbermudez/de_02/TFGDataset/img/T2_1451.png|dee                  eeeeessshch          dd
/data3fast/users/mbermudez/de_02/TFGDataset/img/T2_0313.png|hnnn     nnn      c hcchh            eeeeehhhhhhhhh
/data3fast/users/mbermudez/de_02/TFGDataset/img/T2_0274.png|beee e   eeeeeeeeleeee         eeerr
/data3fast/users/mbermudez/de_02/TFGDataset/img/T2_0569.png|ss ssseeeeeeeee    eee   eeeeee eeeeeeeeeeeeeeeeeeeeee
/data3fast/users/mbermudez/de_02/TFGDataset/img/T2_1411.png|mmt    eeeeeeeeeeee             eett
/data3fast/users/mbermudez/de_02/TFGDataset/img/T2_0534.png|geehhssssssssss   ssssssssss    hhhhh e ee eeiie
/data3fast/users/mbermudez/de_02/TFGDataset/img/T2_1189.png|war  eeee          aa a a          eeeee
/data3fast/users/mbermudez/de_02/TFGDataset/img/T2_1165.png|deeeeeeeeeeeeeee    sss                  e  eeeeeeeeee
/data3fast/users/mbermudez/de_02/TFGDataset/img/T2_0329.png|eeeeeeeeeeee                  eeeeeeee hh         ddd
/data3fast/users/mbermudez/de_02/TFGDataset/img/T2_0216.png|tttttttt             edeeeeeeeeeee nn   ddddddd
/data3fast/users/mbermudez/de_02/TFGDataset/img/T2_0234.png|deees eee         a aaaa   eeeeeeeeeeeeee
/data3fast/users/mbermudez/de_02/TFGDataset/img/T2_1254.png|mi   eeeeeeeee           e         eeeeeeeeeeeeeeeeee
/data3fast/users/mbermudez/de_02/TFGDataset/img/T2_0100.png|nn      aaaaaa          eeeeeeeeeeeeeee         
/data3fast/users/mbermudez/de_02/TFGDataset/img/T2_0058.png|dee   it  eeeeeeeeee                 ss      eeeeeee
/data3fast/users/mbermudez/de_02/TFGDataset/img/T2_1053.png|dii                 e       ssssssssss
/data3fast/users/mbermudez/de_02/TFGDataset/img/T2_0013.png|unn    eeee    eeeeeeeeeeeee
/data3fast/users/mbermudez/de_02/TFGDataset/img/T2_0497.png|daaa                        eeeeeechhhhiiie
/data3fast/users/mbermudez/de_02/TFGDataset/img/T2_1075.png|tttteeeeee    l l  eeeeeeeeeeeeee       nnneeeeen
/data3fast/users/mbermudez/de_02/TFGDataset/img/T2_0916.png|eee                          e eeeeeeeeeeeeeeeeee
/data3fast/users/mbermudez/de_02/TFGDataset/img/T2_0188.png|aheeeeeeeee  ss         eeeeeeeeeeeeeeeeeeeeeeeeeee
/data3fast/users/mbermudez/de_02/TFGDataset/img/T2_0989.png|der     aaa    a                   dd
/data3fast/users/mbermudez/de_02/TFGDataset/img/T2_1153.png|unn eeeeeeetttt.
/data3fast/users/mbermudez/de_02/TFGDataset/img/T2_0987.png|#  
/data3fast/users/mbermudez/de_02/TFGDataset/img/T2_0663.png|geeeeeeeeee            eeeeeeeeeeeeeeeeeeeeeeeeeeeee
/data3fast/users/mbermudez/de_02/TFGDataset/img/T2_0783.png|eeeechhheeeeeee         sss          eeeee
/data3fast/users/mbermudez/de_02/TFGDataset/img/T2_0825.png|seeeeeeeeeeeeeeeeeeslll l          eeeeeee
/data3fast/users/mbermudez/de_02/TFGDataset/img/T2_0682.png|nee    sssss        n nn eeeee              
/data3fast/users/mbermudez/de_02/TFGDataset/img/T2_0177.png|dee ssllll                                 tttt
/data3fast/users/mbermudez/de_02/TFGDataset/img/T2_1253.png|bbe       eeeeeeeee           .
/data3fast/users/mbermudez/de_02/TFGDataset/img/T2_1156.png|beeeeeeeeeeeeee        ee                      n
/data3fast/users/mbermudez/de_02/TFGDataset/img/T2_1320.png|iii   aaaa        eeeeeee          ******ee
/data3fast/users/mbermudez/de_02/TFGDataset/img/T2_0205.png|beehhhh                               eeeeeeeee
/data3fast/users/mbermudez/de_02/TFGDataset/img/T2_1459.png|deeeeeeeeeeeeeehheeehh           eeeeee        
/data3fast/users/mbermudez/de_02/TFGDataset/img/T2_1108.png|geelllllleee    eeeeeeeeeeeeeeeeeeeeeeeee ee
/data3fast/users/mbermudez/de_02/TFGDataset/img/T2_1074.png|eeee     eeeeeeeeeeeee    tt  t        iiiii
/data3fast/users/mbermudez/de_02/TFGDataset/img/T2_0801.png|eeeee         eeeeeeeeeeeeee              nnn
/data3fast/users/mbermudez/de_02/TFGDataset/img/T2_0110.png|aaasssssshhhhhheeeeeee         eeeeeeeeeeeeeeee
/data3fast/users/mbermudez/de_02/TFGDataset/img/T2_1143.png|eeeesss                       ttttttttttt
/data3fast/users/mbermudez/de_02/TFGDataset/img/T2_0867.png|hhiiie    e    eeeeeeeeeeeeeee    s        d  dd
/data3fast/users/mbermudez/de_02/TFGDataset/img/T2_0119.png|ttthhhhhh     n   nnn   nndd   eeeeeee    ee
/data3fast/users/mbermudez/de_02/TFGDataset/img/T2_1022.png|deeeeeeeeeee     eee eeeeeeeeseeeeeeeeeeeeee
/data3fast/users/mbermudez/de_02/TFGDataset/img/T2_1177.png|bbeeee                       tttttt       eee
/data3fast/users/mbermudez/de_02/TFGDataset/img/T2_0833.png|uee sssssseeeeeeeee   eee              n    titt
/data3fast/users/mbermudez/de_02/TFGDataset/img/T2_0816.png|un   sssetttt..
/data3fast/users/mbermudez/de_02/TFGDataset/img/T2_0343.png|ssseeeeeeehh         eeeeeeeeeeeeeeeeeeeeeeeeeee
/data3fast/users/mbermudez/de_02/TFGDataset/img/T2_0967.png|eerr        eeeeeeeeeeeeeeeen    aaa
/data3fast/users/mbermudez/de_02/TFGDataset/img/T2_0267.png|der  tthch                     e ee      nnnnnn
/data3fast/users/mbermudez/de_02/TFGDataset/img/T2_0144.png|chheee       ee eeeeeeeeeeesssssssss          
/data3fast/users/mbermudez/de_02/TFGDataset/img/T2_1047.png|sss     a  ssssssss eeeeeeeeeeeeeeeeeeeeeeeee
/data3fast/users/mbermudez/de_02/TFGDataset/img/T2_0576.png|geee         ss  s     hhhhh nn nnnnnnnnnnnn
/data3fast/users/mbermudez/de_02/TFGDataset/img/T2_0307.png|sseeeeeeee  eeee eeeeeeeeeeeeeeeeehhhhhhhh   chhhhhhh
/data3fast/users/mbermudez/de_02/TFGDataset/img/T2_0959.png|wwr                      eeeeeeeeeeiitttttt
/data3fast/users/mbermudez/de_02/TFGDataset/img/T2_0354.png|ihhhh          eee  eeee eeeeeeeeeeeeeeeeee    aaaa
/data3fast/users/mbermudez/de_02/TFGDataset/img/T2_1413.png|dee                    eeeeee ee  eeeeeeeeeeeeeeeeee
/data3fast/users/mbermudez/de_02/TFGDataset/img/T2_0142.png|weee     n nn hhhn nnnnn              e
/data3fast/users/mbermudez/de_02/TFGDataset/img/T2_0949.png|bbeeeeeeeeeeeeeee*************eeeee     aaaaaa
/data3fast/users/mbermudez/de_02/TFGDataset/img/T2_0607.png|lllll        ssssssss      s sssssseeeeeeeee
/data3fast/users/mbermudez/de_02/TFGDataset/img/T2_1275.png|beessssss   heeeeeeeeeeeeeeeee    ee          eeee
/data3fast/users/mbermudez/de_02/TFGDataset/img/T2_1476.png|eee                eeeeeeeeeeeeeeeeeeeeeeee
/data3fast/users/mbermudez/de_02/TFGDataset/img/T2_1126.png|sseeeeeeee          lll     eeeeee e       eeeee
/data3fast/users/mbermudez/de_02/TFGDataset/img/T2_0913.png|aaa     eeeettttt  e i  eeeeeeeeeeeee   sstt
/data3fast/users/mbermudez/de_02/TFGDataset/img/T2_0557.png|bee     nn ddeeeeeeeeeee     nnnnnnnnnn
/data3fast/users/mbermudez/de_02/TFGDataset/img/T2_0321.png|ihhhh         
/data3fast/users/mbermudez/de_02/TFGDataset/img/T2_1198.png|der    d dd           tttttttt     ssss
/data3fast/users/mbermudez/de_02/TFGDataset/img/T2_0593.png|zeeeeeee           eeeeeeee                
/data3fast/users/mbermudez/de_02/TFGDataset/img/T2_1247.png|wieeeeeeesssss         nnnnnnnnnn eeeeeeeeeee
/data3fast/users/mbermudez/de_02/TFGDataset/img/T2_0915.png|llllleeeeeeeeeeeeeeeeeeeeeeeeeeeee            eeeeee
/data3fast/users/mbermudez/de_02/TFGDataset/img/T2_0206.png|unn   eeeeeeeeeeeeeeeeeeeee          aaatt
/data3fast/users/mbermudez/de_02/TFGDataset/img/T2_1009.png|"    eeeeeeeeeeeeeeeeee            aaassss
/data3fast/users/mbermudez/de_02/TFGDataset/img/T2_0055.png|mee    ddd   eeee          lllls          
/data3fast/users/mbermudez/de_02/TFGDataset/img/T2_0516.png|wweeeeeeeeee llll            eeeeeeeeeeeeeeeeeee
/data3fast/users/mbermudez/de_02/TFGDataset/img/T2_0815.png|deeeeeeeeeeeeeee  ss        e   eeeeeeeeeeeeehhhee
/data3fast/users/mbermudez/de_02/TFGDataset/img/T2_0897.png|geee   eeeeeeeeeeeeeeeeeeeee             sssse
/data3fast/users/mbermudez/de_02/TFGDataset/img/T2_0764.png|nneeeeeeeeee                   eee           nh
/data3fast/users/mbermudez/de_02/TFGDataset/img/T2_0778.png|iichchhhhhhhh        nnn          hhhheeeeeeeee   eeeeee
/data3fast/users/mbermudez/de_02/TFGDataset/img/T2_0053.png|aaa        a   llll                e   eeeeet
/data3fast/users/mbermudez/de_02/TFGDataset/img/T2_1488.png|zu  eeeeeeeeeeeeeeeeeeeeee              e ee
/data3fast/users/mbermudez/de_02/TFGDataset/img/T2_1092.png|ddr                           e eeeeee      lllll
/data3fast/users/mbermudez/de_02/TFGDataset/img/T2_0130.png|ceeeeeeeeeeeeeeeie   tt         eeeeeeseee       ee
/data3fast/users/mbermudez/de_02/TFGDataset/img/T2_0558.png|siii   nnddddn ddddd  sssssdssssd  ssssah
/data3fast/users/mbermudez/de_02/TFGDataset/img/T2_0236.png|aaaeeeeeeeeeeeeeeeeeeeeee   ssssssh
/data3fast/users/mbermudez/de_02/TFGDataset/img/T2_0996.png|der           eeeeee      *ee*********        eeeee
/data3fast/users/mbermudez/de_02/TFGDataset/img/T2_0503.png|unneeeeeessssssseeeeeeeeeeeeeeeiiii    hhhhhh
/data3fast/users/mbermudez/de_02/TFGDataset/img/T2_0997.png|iih   eeeeeeeeeeeeeeeeeeeeeee                t
/data3fast/users/mbermudez/de_02/TFGDataset/img/T2_0319.png|siheeeeeee           e   e                eeeeeeeee
/data3fast/users/mbermudez/de_02/TFGDataset/img/T2_0875.png|lee          ssssseeeeeeeeeeeeeii        iee
/data3fast/users/mbermudez/de_02/TFGDataset/img/T2_1155.png|inn        aa          eeeeeee       eeeee
/data3fast/users/mbermudez/de_02/TFGDataset/img/T2_0786.png|ann   chhhhhhhhhhheeeeeeeeeeeeeeeeeeee   echh
/data3fast/users/mbermudez/de_02/TFGDataset/img/T2_1410.png|unddd     eeeee eeeee ssss       ttt      eeee
/data3fast/users/mbermudez/de_02/TFGDataset/img/T2_0434.png|sihh       eeeeeeeeeeeeeeeeessssss      ssssttt
/data3fast/users/mbermudez/de_02/TFGDataset/img/T2_1071.png|nn  eeeeeellhh        e        eeee leeeeeeeeeeeeee
/data3fast/users/mbermudez/de_02/TFGDataset/img/T2_0652.png|gee aaaaaa           ssss               *....
/data3fast/users/mbermudez/de_02/TFGDataset/img/T2_0428.png|"             sssseeeeeeeeeeeeeeee      dde
/data3fast/users/mbermudez/de_02/TFGDataset/img/T2_0582.png|aaaa        eeeeeeeeeeeeeeeeeeittttt
/data3fast/users/mbermudez/de_02/TFGDataset/img/T2_0626.png|dee    nnnn   nn     n        eeeeeeeeeeeee
/data3fast/users/mbermudez/de_02/TFGDataset/img/T2_0921.png|dd                   ssssse ettt.........
/data3fast/users/mbermudez/de_02/TFGDataset/img/T2_0856.png|rrrre  ee  eee eeeeeeeeeeeeeeeeeeeeeeeeeeeeeeeeeee
/data3fast/users/mbermudez/de_02/TFGDataset/img/T2_0175.png|sieeeeeeesssssss saaa      eeeeeelllllllllll
/data3fast/users/mbermudez/de_02/TFGDataset/img/T2_0966.png|ttee    d  d   eeeeeeeeee  ee                eeeeeeee
/data3fast/users/mbermudez/de_02/TFGDataset/img/T2_0785.png|oooohhhhhheee ee  eee           aaaa ssssshhhh
/data3fast/users/mbermudez/de_02/TFGDataset/img/T2_0519.png|bee             ee  eee   ll      sss s sseee
/data3fast/users/mbermudez/de_02/TFGDataset/img/T2_1458.png|dee    iiiiii        **     e    eeeeeeeeeee
/data3fast/users/mbermudez/de_02/TFGDataset/img/T2_0679.png|unn eeeehchhhhh           hcchhhh       eeeeeeee
/data3fast/users/mbermudez/de_02/TFGDataset/img/T2_0156.png|derr      eeeeeeeeeee               eeeeee    tt
/data3fast/users/mbermudez/de_02/TFGDataset/img/T2_1207.png|eee             hhheeethhhttt   eeeeeeeeeeeeee
/data3fast/users/mbermudez/de_02/TFGDataset/img/T2_0911.png|eeeeettttttt.
/data3fast/users/mbermudez/de_02/TFGDataset/img/T2_1418.png|geeehhhtttt
/data3fast/users/mbermudez/de_02/TFGDataset/img/T2_0124.png|ann           ee  eeeeeeeee   e    eeeeeeee
/data3fast/users/mbermudez/de_02/TFGDataset/img/T2_0700.png|inn  eeeeeeeeeeeeeeeeeeessllllleee e         nn
/data3fast/users/mbermudez/de_02/TFGDataset/img/T2_0358.png|"   ssss         eee     s       eeeeeeeeeeee
/data3fast/users/mbermudez/de_02/TFGDataset/img/T2_1059.png|beeeeeeeeeeeeeeeeeeeeeeeeeee         
/data3fast/users/mbermudez/de_02/TFGDataset/img/T2_1326.png|seee       d  dd      d     ee eeeeeeee         hh
/data3fast/users/mbermudez/de_02/TFGDataset/img/T2_0129.png|#  
/data3fast/users/mbermudez/de_02/TFGDataset/img/T2_0747.png|weet     a       eeeeeeeeeeeeeeeeeee      ahhh
/data3fast/users/mbermudez/de_02/TFGDataset/img/T2_1215.png|iihhhhhh      eeeeeeehhhheeeeeeeeeeeeee aaaa
/data3fast/users/mbermudez/de_02/TFGDataset/img/T2_0403.png|unnn               eeeeeeeeeeeeeeeeeeeeeeeee
/data3fast/users/mbermudez/de_02/TFGDataset/img/T2_0980.png|shh eeeeeeeedd          e         tt           ttttt
/data3fast/users/mbermudez/de_02/TFGDataset/img/T2_0732.png|"    eeeeeeeeeeeettccchhh          e
/data3fast/users/mbermudez/de_02/TFGDataset/img/T2_0924.png|unnneeeeeeeeeeeeeeeeeeeeeeicchh           ee
/data3fast/users/mbermudez/de_02/TFGDataset/img/T2_0141.png|weer                eeesssssssssss   e ieee
/data3fast/users/mbermudez/de_02/TFGDataset/img/T2_1008.png|der    e  eee eeeeeeeee   e h esceee               ddddd
/data3fast/users/mbermudez/de_02/TFGDataset/img/T2_0494.png|wisssee
/data3fast/users/mbermudez/de_02/TFGDataset/img/T2_1481.png|sss         nnn  nneeeeeeeeeeeeeeeeee
/data3fast/users/mbermudez/de_02/TFGDataset/img/T2_1226.png|aaa    eeee eee***                   eeeeeeeeeeeeeeee
/data3fast/users/mbermudez/de_02/TFGDataset/img/T2_0765.png|iee   nnn eeeeeeeeeeee  h    a   eeeeeeee
/data3fast/users/mbermudez/de_02/TFGDataset/img/T2_0767.png|sss    ihhieeeeee    eeeeeeeeeeeeeeeeee
/data3fast/users/mbermudez/de_02/TFGDataset/img/T2_0781.png|"  eeeeeeeeeeeeeeeee                     ee
/data3fast/users/mbermudez/de_02/TFGDataset/img/T2_1052.png|iiieeeeeeeeeeellllllllll             dd   eeeee
/data3fast/users/mbermudez/de_02/TFGDataset/img/T2_0890.png|neee         sssssssslsleeeesseesseeeeeeeee      ss
/data3fast/users/mbermudez/de_02/TFGDataset/img/T2_0465.png|"uuaa         eeeeeeeeeeee       d
/data3fast/users/mbermudez/de_02/TFGDataset/img/T2_0077.png|eeeeeeee       eeeeeeeeeeee      aaaaaaass
/data3fast/users/mbermudez/de_02/TFGDataset/img/T2_0033.png|ttttteeee                       sss       eeeeeeeeee
/data3fast/users/mbermudez/de_02/TFGDataset/img/T2_0334.png|iiieeeeeeeee           tttttteeeeeee l    ssss
/data3fast/users/mbermudez/de_02/TFGDataset/img/T2_1086.png|geeeeeeeeeeeee            ssssss      iieeee
/data3fast/users/mbermudez/de_02/TFGDataset/img/T2_0015.png|deee eeeeeeeeeeeeeeeeeeeeeeeeeellll    s  ttt
/data3fast/users/mbermudez/de_02/TFGDataset/img/T2_0974.png|# 
/data3fast/users/mbermudez/de_02/TFGDataset/img/T2_0933.png|wwit                     eeeeeeeeeee       eeeee
/data3fast/users/mbermudez/de_02/TFGDataset/img/T2_0104.png|nnn            e  ee               s s             i
/data3fast/users/mbermudez/de_02/TFGDataset/img/T2_1080.png|wereee      ssssssssssshh              eeeee
/data3fast/users/mbermudez/de_02/TFGDataset/img/T2_0287.png|geeehe    eeeeeeeeeeeeeeeiittt   t      tt
/data3fast/users/mbermudez/de_02/TFGDataset/img/T2_0584.png|dd     eetttttttttt.
/data3fast/users/mbermudez/de_02/TFGDataset/img/T2_1164.png|eer  aa      eeeeeeeeeeeeeeeeeeeeeeeeeelllee
/data3fast/users/mbermudez/de_02/TFGDataset/img/T2_0565.png|aaeeeeeeee                 t            ssiee
/data3fast/users/mbermudez/de_02/TFGDataset/img/T2_0059.png|been nnn   ee ee e    eeeeeeeeeeeeeeeeedddddd
/data3fast/users/mbermudez/de_02/TFGDataset/img/T2_1123.png|fffeeeeeeeeeeee       eeeeeeeeeeeeeeeeeeeeee
/data3fast/users/mbermudez/de_02/TFGDataset/img/T2_1066.png|wer       eeeeeeeeeeeeeee       as     eeee
/data3fast/users/mbermudez/de_02/TFGDataset/img/T2_0383.png|iiiieeeeeeeeeeeeeeeeee                   ee eeeeeeee
/data3fast/users/mbermudez/de_02/TFGDataset/img/T2_0659.png|wetttt hhhhhhhh    hhh                   .......
/data3fast/users/mbermudez/de_02/TFGDataset/img/T2_0524.png|wereeeeeeeeddd   eeeee
/data3fast/users/mbermudez/de_02/TFGDataset/img/T2_0238.png|dessssllllllee  ee               eeeeeeeeeeeeee
/data3fast/users/mbermudez/de_02/TFGDataset/img/T2_0125.png|daan                         eeeeeeeeeeede
/data3fast/users/mbermudez/de_02/TFGDataset/img/T2_1091.png|eeee     ss     h  h       eeeeeeee      ee eeeeeeeee
/data3fast/users/mbermudez/de_02/TFGDataset/img/T2_0683.png|eeeesssssssssee e     eee d e eeieiiiiieeee
/data3fast/users/mbermudez/de_02/TFGDataset/img/T2_0168.png|uu         ee      a  aa                  seeeeee
/data3fast/users/mbermudez/de_02/TFGDataset/img/T2_0818.png|"  eeeeeeeellllee...
/data3fast/users/mbermudez/de_02/TFGDataset/img/T2_0116.png|"   eeeeeeeee           eeeeeeeeeeeeeeeeeeeeee
/data3fast/users/mbermudez/de_02/TFGDataset/img/T2_0140.png|geeee  s     eeeeeeeehhhhhh    ee  e  e    eeeeeeeeh
/data3fast/users/mbermudez/de_02/TFGDataset/img/T2_0146.png|ssssssssssssseeeeeeeeeeeeeeeeeeeeeennnnnnn
/data3fast/users/mbermudez/de_02/TFGDataset/img/T2_1305.png|wrrrchchhhhhhh    n      sssss   ee  eeeeeeeeeeeeeeeee
/data3fast/users/mbermudez/de_02/TFGDataset/img/T2_0220.png|eeee      eeeeeeeeeeeeeeetttttt           eeeee
/data3fast/users/mbermudez/de_02/TFGDataset/img/T2_1112.png|ii      aaaaaaaaaaaaa  aa  a       eeeeehhhhe
/data3fast/users/mbermudez/de_02/TFGDataset/img/T2_0042.png|de   eetiit             eeeeeeeeeeeeeeeeeeeeeeee
/data3fast/users/mbermudez/de_02/TFGDataset/img/T2_0891.png|eeeee                     eeeeeeeeeeeeeeeee e  eeee
/data3fast/users/mbermudez/de_02/TFGDataset/img/T2_1011.png|#  
/data3fast/users/mbermudez/de_02/TFGDataset/img/T2_0372.png|deeeeeeeeeeee            s ssseeeeeeeeeee
/data3fast/users/mbermudez/de_02/TFGDataset/img/T2_0533.png|daasssa aa                ee              eeeeee
/data3fast/users/mbermudez/de_02/TFGDataset/img/T2_1492.png|shhhlllle        ddeeeeeeeeeeeeeeeeeeee       e
/data3fast/users/mbermudez/de_02/TFGDataset/img/T2_0464.png|sheeeeeeee**                                   eeeete
/data3fast/users/mbermudez/de_02/TFGDataset/img/T2_0720.png|nn   eeeeeeee            eeeeeeeeeeeee            ee
/data3fast/users/mbermudez/de_02/TFGDataset/img/T2_0303.png|beee    eeeeeeeeeeeee        n nn     hhhhhhh
/data3fast/users/mbermudez/de_02/TFGDataset/img/T2_1274.png|aas   eeeeeeess ss       eeeeeeeeeeeeeN
/data3fast/users/mbermudez/de_02/TFGDataset/img/T2_1056.png|deeeeeeeeeeeeeeeeeeee   ssss   ee    eee        ee eeehhht
/data3fast/users/mbermudez/de_02/TFGDataset/img/T2_0885.png|nnneeeeeeeeeee     eeeeeeeeeeeeellllaaaaa
/data3fast/users/mbermudez/de_02/TFGDataset/img/T2_0632.png|de      eeeeeeeeeeeeeeeeeeeeeeee  tt   atttt
/data3fast/users/mbermudez/de_02/TFGDataset/img/T2_0024.png|beeeeeeeesslll    t         eeeee        dd dddd
/data3fast/users/mbermudez/de_02/TFGDataset/img/T2_0114.png|diie sshh            eeeeeeee               lllll
/data3fast/users/mbermudez/de_02/TFGDataset/img/T2_0511.png|ollleeeeeeeee  e         aa                   e
/data3fast/users/mbermudez/de_02/TFGDataset/img/T2_0942.png|iii     nnnnnnnnnn    n             eeeee
/data3fast/users/mbermudez/de_02/TFGDataset/img/T2_0373.png|wiir     t  eeeeeeeeee       sssss   eeeeeeee*
/data3fast/users/mbermudez/de_02/TFGDataset/img/T2_0442.png|vnneeeeeeeeeeee e             ssee  eeeeeeeeeeeeeee
/data3fast/users/mbermudez/de_02/TFGDataset/img/T2_0189.png|shhhheeeeeeeeeee sssseeee       t   e eee eee eeeee
/data3fast/users/mbermudez/de_02/TFGDataset/img/T2_0930.png|sceeeeeeeeeeee        eeeeeeeeeeeeeeeeeeeeeeeesssssss
/data3fast/users/mbermudez/de_02/TFGDataset/img/T2_0171.png|iihh   
/data3fast/users/mbermudez/de_02/TFGDataset/img/T2_0328.png|derrtttttttttt....
/data3fast/users/mbermudez/de_02/TFGDataset/img/T2_1154.png|eeessssssss  ttttt
/data3fast/users/mbermudez/de_02/TFGDataset/img/T2_1263.png|geehhhht   eeeeeeeeeee                    eeeessse
/data3fast/users/mbermudez/de_02/TFGDataset/img/T2_0096.png|aa    dddnn      sssdddd    d eeeeeeeee
/data3fast/users/mbermudez/de_02/TFGDataset/img/T2_1036.png|ceeeeeeeeesssss         e sessss       eeeeeeeeeee
/data3fast/users/mbermudez/de_02/TFGDataset/img/T2_1350.png|*eeeeeeeetee               e         ccchchc         
/data3fast/users/mbermudez/de_02/TFGDataset/img/T2_1347.png|aahhh                 eeeeeeee           eeeeeee
/data3fast/users/mbermudez/de_02/TFGDataset/img/T2_0861.png|mii                     hhhhh    eeeeeeiieee
/data3fast/users/mbermudez/de_02/TFGDataset/img/T2_0543.png|allle       eeeeeeeeeeeeeeeeeee        eee
/data3fast/users/mbermudez/de_02/TFGDataset/img/T2_0719.png|uu  eeeeeeeeeeeeeeeeennnn nnn     aa   a
/data3fast/users/mbermudez/de_02/TFGDataset/img/T2_1423.png|"   eeeeeeeeeeee                   elllll
/data3fast/users/mbermudez/de_02/TFGDataset/img/T2_0164.png|weeeeeeett tttttt
/data3fast/users/mbermudez/de_02/TFGDataset/img/T2_0790.png|sslleeeeeeeeeeeeeeeee                      ttt
/data3fast/users/mbermudez/de_02/TFGDataset/img/T2_0413.png|eee       eeeeess                        sh
/data3fast/users/mbermudez/de_02/TFGDataset/img/T2_1435.png|mii eeeee  hhhhhhhh  a         ssssaa aaa
/data3fast/users/mbermudez/de_02/TFGDataset/img/T2_0844.png|aauun  ee                                 ee eeeee
/data3fast/users/mbermudez/de_02/TFGDataset/img/T2_1062.png|anneeeeeeeeeeeeeeeeeeeeeeee  hhcc                 sss
/data3fast/users/mbermudez/de_02/TFGDataset/img/T2_0634.png|"               eeeeeeeeeeeeeeeeeeeeeeee   
/data3fast/users/mbermudez/de_02/TFGDataset/img/T2_0624.png|deeeeesseeeeeeeeeeeeeeeeeeeeeeee    d ssssssss
/data3fast/users/mbermudez/de_02/TFGDataset/img/T2_0057.png|lllll             eeeeeeeeeeeeeeeeee eeeeeeennn
/data3fast/users/mbermudez/de_02/TFGDataset/img/T2_0458.png|dii                           eeeeeeeeeeeeeeeeeeeeeesee
/data3fast/users/mbermudez/de_02/TFGDataset/img/T2_0763.png|sccchheeeeeee       ss     d   eeeeeeeee hh      hh
/data3fast/users/mbermudez/de_02/TFGDataset/img/T2_0517.png|***          e  eeeeeeeeeeeeee    e  ss eeeeeeeeee
/data3fast/users/mbermudez/de_02/TFGDataset/img/T2_0080.png|aaa        eeeeeeeeeeeeeeeeee   eeeeeeeeeeeeee
/data3fast/users/mbermudez/de_02/TFGDataset/img/T2_0093.png|di             eeeeeeeeeeeeellll   ttttt
/data3fast/users/mbermudez/de_02/TFGDataset/img/T2_1371.png|dass eehhhheee               d   s                    
/data3fast/users/mbermudez/de_02/TFGDataset/img/T2_0962.png|ihhhh      eeesssssss   sssssss    eeeeeeeeeeeeeeeeeee
/data3fast/users/mbermudez/de_02/TFGDataset/img/T2_0296.png|ii   eeeeeeee                ee            aaaa
/data3fast/users/mbermudez/de_02/TFGDataset/img/T2_0451.png|leeeeeeeeeeeeii     hh         ss      eeeeee
/data3fast/users/mbermudez/de_02/TFGDataset/img/T2_1372.png|eeeeeeeeeeeeeeeeeeeeeeeehhhh                  ee
/data3fast/users/mbermudez/de_02/TFGDataset/img/T2_1105.png|teee      eeeeseeeeeesssseeeeee hh     eeeeeeeeeeee
/data3fast/users/mbermudez/de_02/TFGDataset/img/T2_1414.png|sseeeeeeeee  eeeeeeee eeeeeeeeeee        eee
/data3fast/users/mbermudez/de_02/TFGDataset/img/T2_0972.png|ssstttttt..
/data3fast/users/mbermudez/de_02/TFGDataset/img/T2_1182.png|iichhhh              eeeeeeeeessssssssssssseeeeeeeee
/data3fast/users/mbermudez/de_02/TFGDataset/img/T2_0397.png|aaa        eeeeeeeeeeeeeeeeeeeeesssssss
/data3fast/users/mbermudez/de_02/TFGDataset/img/T2_1284.png|dieeeessssssssh                                u
/data3fast/users/mbermudez/de_02/TFGDataset/img/T2_0002.png|mittttteeee    a aaa aa sssssssieeeee
/data3fast/users/mbermudez/de_02/TFGDataset/img/T2_0946.png|uneeeeeeee        ssssss                   eeeee
/data3fast/users/mbermudez/de_02/TFGDataset/img/T2_1454.png|iiiieeeeeeennheennenneenee hhhhhh     eeeee
/data3fast/users/mbermudez/de_02/TFGDataset/img/T2_1294.png|aan eeeeeeeeeeeeeeeeeeeeeeeeeee                 eeeee
/data3fast/users/mbermudez/de_02/TFGDataset/img/T2_1117.png|nnn  eeeeehsshh          es  h             eeeee
/data3fast/users/mbermudez/de_02/TFGDataset/img/T2_0066.png|brr    eelllllet eeeee           leeeeeeee
/data3fast/users/mbermudez/de_02/TFGDataset/img/T2_0971.png|"   ssshhhhcchhh                  eeeeeeeeeeeeeee
/data3fast/users/mbermudez/de_02/TFGDataset/img/T2_0688.png|wiee   dee                           eeeeeeee*****eeee
/data3fast/users/mbermudez/de_02/TFGDataset/img/T2_1433.png|iihh  ee e  e     eeeeeeeeeeeeeeeeeeeeeee  eeesss
/data3fast/users/mbermudez/de_02/TFGDataset/img/T2_1309.png|eeee                       eeeeeeeeeeeeee eeeeeeee
/data3fast/users/mbermudez/de_02/TFGDataset/img/T2_1283.png|ss       eeeeeeeeeeeeeeeeeee  nn  n       eee
/data3fast/users/mbermudez/de_02/TFGDataset/img/T2_0137.png|*eeeeeeeehhhhhh                 h  ll leeeeeeee
/data3fast/users/mbermudez/de_02/TFGDataset/img/T2_0115.png|eeeeesssssssss          eeeeeeeeeeeee*eee**
/data3fast/users/mbermudez/de_02/TFGDataset/img/T2_0752.png|nn eeeeeeeeeeeeeeeeeeeesssssss        eeeeee
/data3fast/users/mbermudez/de_02/TFGDataset/img/T2_0509.png|geeeeeeeeeeeeeeeeeeeeesssssse    eeee    eeee eeeeeeee
/data3fast/users/mbermudez/de_02/TFGDataset/img/T2_1118.png|der   aaahhhh                               ddddee
/data3fast/users/mbermudez/de_02/TFGDataset/img/T2_0737.png|de          n hhhhh   eeeeeeeeeee ee
/data3fast/users/mbermudez/de_02/TFGDataset/img/T2_0463.png|dee   ****                            ssssss    eeee
/data3fast/users/mbermudez/de_02/TFGDataset/img/T2_0940.png|deeeeeeeeeeeeeee             ss se     eeeeeeeeeee
/data3fast/users/mbermudez/de_02/TFGDataset/img/T2_0550.png|seeeeeeeeee     n nnneeeeeeeeeeeeeeeeettttttttttt
/data3fast/users/mbermudez/de_02/TFGDataset/img/T2_0345.png|icchhh      eeeeeeeehhhe    ee  eee ie e  eeeeeee
/data3fast/users/mbermudez/de_02/TFGDataset/img/T2_0112.png|aaa    eee e ee  eee**                               s s
/data3fast/users/mbermudez/de_02/TFGDataset/img/T2_0085.png|innn       ...
/data3fast/users/mbermudez/de_02/TFGDataset/img/T2_0423.png|wwir               eeeeeeeeeeeeeeeeeeesshhhhe
/data3fast/users/mbermudez/de_02/TFGDataset/img/T2_1464.png|eee         dddddd  dddddddeeeeeeeeee cchhhhhh
/data3fast/users/mbermudez/de_02/TFGDataset/img/T2_0431.png|bbeeeee                         eeeeeeeeeeeeee
/data3fast/users/mbermudez/de_02/TFGDataset/img/T2_1255.png|llee    eeeeeeeeehhhhheee eeeeeeeee             dddd
/data3fast/users/mbermudez/de_02/TFGDataset/img/T2_0120.png|aaseeeeeeeeeeeeeeeeeeeeeeeee               eeee
/data3fast/users/mbermudez/de_02/TFGDataset/img/T2_0090.png|deeeeeeeeeeeeeeeeeeee            ee
/data3fast/users/mbermudez/de_02/TFGDataset/img/T2_0866.png|fffu              eeeeeeeeeeeeeeeeeeeeeeeeeee
/data3fast/users/mbermudez/de_02/TFGDataset/img/T2_1003.png|tteeeeeeeeechhhhhh        eeeeeeeeeeeeeeeeeee     ddddd
/data3fast/users/mbermudez/de_02/TFGDataset/img/T2_1370.png|inn   eeeeee ee    sssssssshhhhhhhh        eeeee
/data3fast/users/mbermudez/de_02/TFGDataset/img/T2_1098.png|iiisssssshhhhhhhs s      e ss ssss              elllls
/data3fast/users/mbermudez/de_02/TFGDataset/img/T2_1293.png|lll                                       ssssssse
/data3fast/users/mbermudez/de_02/TFGDataset/img/T2_1310.png|weeeeeeeessssss       ee tt ttttttt
/data3fast/users/mbermudez/de_02/TFGDataset/img/T2_0382.png|ahhhheeeeeeeeeehhhhhnnnnnnnnnn eeeeee
/data3fast/users/mbermudez/de_02/TFGDataset/img/T2_0012.png|hheeee       aaa        n eeeeeeeeeeeeeeee
/data3fast/users/mbermudez/de_02/TFGDataset/img/T2_1331.png|mi   sssssssseeeeeee   eeee e sssssss             aaaa
/data3fast/users/mbermudez/de_02/TFGDataset/img/T2_0559.png|unnn eeeeeeeeeeeeeee         eeeeeeeeeeeeeeeeeee
/data3fast/users/mbermudez/de_02/TFGDataset/img/T2_0338.png|eee  ssssssss   aa               e eeeeeeeeeeeeeeeee
/data3fast/users/mbermudez/de_02/TFGDataset/img/T2_1442.png|deeeeeeeeee   nn   n   n                        
/data3fast/users/mbermudez/de_02/TFGDataset/img/T2_0260.png|nneeeeeeesse   e  eeeeeeeeeeeeellll    a aeesee
/data3fast/users/mbermudez/de_02/TFGDataset/img/T2_0483.png|ss      d d          s sseeeeehhhhhe ss   e eeeee
/data3fast/users/mbermudez/de_02/TFGDataset/img/T2_0121.png|"           sssssss  c      ***eeeeeeNNeN
/data3fast/users/mbermudez/de_02/TFGDataset/img/T2_1289.png|frrreeeeeeeeeeeeeeeeeeeeeeeeeeeeeeeeeeeee       ssss
/data3fast/users/mbermudez/de_02/TFGDataset/img/T2_0968.png|mmtttssssllhlsssaaa            eeeee*****             
/data3fast/users/mbermudez/de_02/TFGDataset/img/T2_0101.png|# 
/data3fast/users/mbermudez/de_02/TFGDataset/img/T2_0099.png|hnneeeeeeeeeeee     aa   aa                     ...
/data3fast/users/mbermudez/de_02/TFGDataset/img/T2_1412.png|aaaaa             sssssssscchchhhhhhccchhhhhhhhhhh
/data3fast/users/mbermudez/de_02/TFGDataset/img/T2_1115.png|iiieeeeeeeeeeeeeeeeeeeee            ttt
/data3fast/users/mbermudez/de_02/TFGDataset/img/T2_0028.png|oou                    eee ssssee ssssssssssssss
/data3fast/users/mbermudez/de_02/TFGDataset/img/T2_1332.png|ss              eeeeeee  eee ssssssss            u
/data3fast/users/mbermudez/de_02/TFGDataset/img/T2_0903.png|neeee cccchhhhh eeeeeeeeeeeeeeeeeeee eeeeeee
/data3fast/users/mbermudez/de_02/TFGDataset/img/T2_1447.png|nnn  sssssllll e            eeeeeeeeeeeeeeeeeeeeeeeeeee
/data3fast/users/mbermudez/de_02/TFGDataset/img/T2_0340.png|llle         hhhh    nnnnn  nneeeeeeeeeeeeeee
/data3fast/users/mbermudez/de_02/TFGDataset/img/T2_1338.png|ieeeeeseeeee e   eee eee eeeee  **     eesssssss
/data3fast/users/mbermudez/de_02/TFGDataset/img/T2_1030.png|uueeeeeeeeeeeeeeeeeeeeessseeeeeeeeeeee
/data3fast/users/mbermudez/de_02/TFGDataset/img/T2_1050.png|weee   dddd           eeeeeeeeeeeeeeeeeeeeeeee
/data3fast/users/mbermudez/de_02/TFGDataset/img/T2_0562.png|iiiieeeee*****.......
/data3fast/users/mbermudez/de_02/TFGDataset/img/T2_1213.png|"  eeeeeecchhheehhhheeee                l llss
/data3fast/users/mbermudez/de_02/TFGDataset/img/T2_1264.png|dd   eeeeeeeee            eeeeeeeeeeeeeeee hhhhh
/data3fast/users/mbermudez/de_02/TFGDataset/img/T2_1428.png|eeee        eeeeeeeeess                     ss
/data3fast/users/mbermudez/de_02/TFGDataset/img/T2_0859.png|eettt                 ssssssssss      dddss
/data3fast/users/mbermudez/de_02/TFGDataset/img/T2_1490.png|frre            ee ddeeeeeeeeeeeee  sssssssss
/data3fast/users/mbermudez/de_02/TFGDataset/img/T2_1443.png|aahh               eeeeeeeeeee* *****   e e e ssssseeee
/data3fast/users/mbermudez/de_02/TFGDataset/img/T2_0822.png|unnn       aa u      nnnnnn         heeee
/data3fast/users/mbermudez/de_02/TFGDataset/img/T2_0176.png|iii    ee  ee  s         eeeeeeeeeee  eecchhheeeeeee
/data3fast/users/mbermudez/de_02/TFGDataset/img/T2_0505.png|nnneeeeeeeeeeeeeeeeeeeeeeeee
/data3fast/users/mbermudez/de_02/TFGDataset/img/T2_0760.png|un            aa         eeeeeeeeeeee
/data3fast/users/mbermudez/de_02/TFGDataset/img/T2_0670.png|beee   nnn               ttt               
/data3fast/users/mbermudez/de_02/TFGDataset/img/T2_1178.png|de     a         eeeeeeeeeeeee   **      tttttttt
/data3fast/users/mbermudez/de_02/TFGDataset/img/T2_0616.png|deeeeeeeeeeeeeeeeeeeeee ssccscc            e
/data3fast/users/mbermudez/de_02/TFGDataset/img/T2_1116.png|de    aaaaau a aaaaaa   a  a   ssssallll
/data3fast/users/mbermudez/de_02/TFGDataset/img/T2_1471.png|stttt           eeeeesseeeeeeeeeee     eeeee      **
/data3fast/users/mbermudez/de_02/TFGDataset/img/T2_0461.png|daa      ee eeeeesssssssssssscchhhh            ee
/data3fast/users/mbermudez/de_02/TFGDataset/img/T2_0810.png|aallhhhheeeeeeeen   neeeeeeeeeeeelll      tttt
/data3fast/users/mbermudez/de_02/TFGDataset/img/T2_0507.png|iihh    eeee e   eeeeeeeeeeeeeeeeeeeeeeehhhhhh     eee
/data3fast/users/mbermudez/de_02/TFGDataset/img/T2_0020.png|mm    eeellelleeeeeeeeeeee   e ddd   ee  e
/data3fast/users/mbermudez/de_02/TFGDataset/img/T2_1399.png|miieeeeeeeeeeeeeeeee   d d d   ddd    aaa  eeehtt
/data3fast/users/mbermudez/de_02/TFGDataset/img/T2_0457.png|drrr eeeeeee ee       s     eeeeeeeeeeeeeessssssshhh
/data3fast/users/mbermudez/de_02/TFGDataset/img/T2_0549.png|eeeeeettt
/data3fast/users/mbermudez/de_02/TFGDataset/img/T2_1042.png|wnn ddd ddeee     e hehhhhhe ttttt         
/data3fast/users/mbermudez/de_02/TFGDataset/img/T2_0481.png|seeeeeeeeeeeeeeeeeeeeeee    ss           aaaaaa
/data3fast/users/mbermudez/de_02/TFGDataset/img/T2_0409.png|iin  ee                    sss    hhhhhhhnnnnn
/data3fast/users/mbermudez/de_02/TFGDataset/img/T2_1132.png|eerllslllleeeeeeeeeeeeeeee ssss           
/data3fast/users/mbermudez/de_02/TFGDataset/img/T2_0650.png|allleeeeeeeeeeeeeeeeeeeee e                     ssshhh
/data3fast/users/mbermudez/de_02/TFGDataset/img/T2_0644.png|ieeee    eeeeeee  eeeeeeeeeeeeeeeeeee       eeee
/data3fast/users/mbermudez/de_02/TFGDataset/img/T2_0139.png|sttt                  eeeeeeeeeeeeeeeeeeeeeeeeeeeeee
/data3fast/users/mbermudez/de_02/TFGDataset/img/T2_0546.png|lllltt        s sssssaa      eeeeeeee     ee
/data3fast/users/mbermudez/de_02/TFGDataset/img/T2_0612.png|aaa    eeeee     e        ttt       ..............
/data3fast/users/mbermudez/de_02/TFGDataset/img/T2_0684.png|"      slll     sssseeeeeeee eeee               daun
/data3fast/users/mbermudez/de_02/TFGDataset/img/T2_0449.png|zzeeeeeeeeeellsse      ee eeee               hhhhh
/data3fast/users/mbermudez/de_02/TFGDataset/img/T2_0731.png|wwr       eeeeeeeeeeeeeeeeeeeeeeeeeee essss eeeee
/data3fast/users/mbermudez/de_02/TFGDataset/img/T2_1386.png|ddd         ee e seeeeeeeeee      eeeee e   nnnhh
/data3fast/users/mbermudez/de_02/TFGDataset/img/T2_0226.png|eeeeeee
/data3fast/users/mbermudez/de_02/TFGDataset/img/T2_0695.png|"    ssssshhhhhhheeeeeeeeeeeeeeeeeee              
/data3fast/users/mbermudez/de_02/TFGDataset/img/T2_0611.png|"         eeeeee       eeeeeeeeeeeeeeeehhhhhhh
/data3fast/users/mbermudez/de_02/TFGDataset/img/T2_0353.png|"  eeeeeeeeeeeeeee      a           eeeeeee  nh
/data3fast/users/mbermudez/de_02/TFGDataset/img/T2_0278.png|wrrr    eeeeeee  eeeee eeeeeeeeeeeeeeeeeeeeee    tttt
/data3fast/users/mbermudez/de_02/TFGDataset/img/T2_1084.png|aaaa      aaa    e eeeeee             ccccchhh
/data3fast/users/mbermudez/de_02/TFGDataset/img/T2_0005.png|lllll                sssssseeeeeeeeeee      n
/data3fast/users/mbermudez/de_02/TFGDataset/img/T2_0848.png|gee                   *                      ee
/data3fast/users/mbermudez/de_02/TFGDataset/img/T2_0838.png|schh                       a aa         eeeeee
/data3fast/users/mbermudez/de_02/TFGDataset/img/T2_0252.png|geeeeeee       i i         eeeeeeesse
/data3fast/users/mbermudez/de_02/TFGDataset/img/T2_1171.png|aa        eeeeeeeeeeee          e eeeeeeeeeeeeee
/data3fast/users/mbermudez/de_02/TFGDataset/img/T2_1296.png|nn  eeesssss  e                  uuuu    eeeeeeee
/data3fast/users/mbermudez/de_02/TFGDataset/img/T2_0590.png|iiiii     eeeeeeeeeeeiieeeeeeeee          hhhh nn
/data3fast/users/mbermudez/de_02/TFGDataset/img/T2_1029.png|aune eeeeeeee                     ee sseeeeeeeeeeeeee
/data3fast/users/mbermudez/de_02/TFGDataset/img/T2_0311.png|nnn      iieeeeee  eeee                       d
/data3fast/users/mbermudez/de_02/TFGDataset/img/T2_0172.png|dee   ss         e e e eeee            eeee            hhhhhh
/data3fast/users/mbermudez/de_02/TFGDataset/img/T2_0784.png|dii             eeeeeeeeesleeeee    e  eeeseeeel
/data3fast/users/mbermudez/de_02/TFGDataset/img/T2_0485.png|beeee   ttteeeeeeeeeeeeeeeeeeeeeeeeeee  aaaa
/data3fast/users/mbermudez/de_02/TFGDataset/img/T2_0714.png|nnhhhhh              eee ehchheeeeee    eeeeee
/data3fast/users/mbermudez/de_02/TFGDataset/img/T2_0769.png|ssss                        h   eeeeeeee
/data3fast/users/mbermudez/de_02/TFGDataset/img/T2_1212.png|der       ss    eeeeeeeeeeeeeeeeeeeeeeeeeeee
/data3fast/users/mbermudez/de_02/TFGDataset/img/T2_1384.png|eeeeeeee                       e          sssssss
/data3fast/users/mbermudez/de_02/TFGDataset/img/T2_0874.png|nnn     ssshhhhhhhhhhhh            eeeee           
/data3fast/users/mbermudez/de_02/TFGDataset/img/T2_0849.png|in    ssss            eeelllll         eeeee  eeeeeeee
/data3fast/users/mbermudez/de_02/TFGDataset/img/T2_1477.png|geeeeeeeee                 sssss   hhhh           
/data3fast/users/mbermudez/de_02/TFGDataset/img/T2_0798.png|eeee     ssssssssssss eeeeeeeeeee
/data3fast/users/mbermudez/de_02/TFGDataset/img/T2_1228.png|geee  dddd   sssssssssssssssssssse eeeeeeeeeeeeeeee
/data3fast/users/mbermudez/de_02/TFGDataset/img/T2_0857.png|dee     aaaaaa               eeeeeeeeeeeessssssssss
/data3fast/users/mbermudez/de_02/TFGDataset/img/T2_1317.png|dasseeeeeeeeeeee                               nn
/data3fast/users/mbermudez/de_02/TFGDataset/img/T2_1044.png|ma       eeeeeeeeeeeeeeeeeeeeeeee         a aaaa
/data3fast/users/mbermudez/de_02/TFGDataset/img/T2_0277.png|deeittttt   ttttt
/data3fast/users/mbermudez/de_02/TFGDataset/img/T2_1039.png|sse      chhhhhhh                     nn   eeeeeee
/data3fast/users/mbermudez/de_02/TFGDataset/img/T2_1376.png|mmi    ee         eeeeeeeeeeeeeee nnnnn
/data3fast/users/mbermudez/de_02/TFGDataset/img/T2_1474.png|auu    eeeess hhh          eeeeeeeee          a
/data3fast/users/mbermudez/de_02/TFGDataset/img/T2_0998.png|"    esssssh       ee  elll           eee
/data3fast/users/mbermudez/de_02/TFGDataset/img/T2_0259.png|der           eeeeeeeeeeeeeeeee                  ee
/data3fast/users/mbermudez/de_02/TFGDataset/img/T2_0294.png|"     aaaaa         sssshhh eeeeeee            
/data3fast/users/mbermudez/de_02/TFGDataset/img/T2_0804.png|nn      aaaa      a        eeeee    eee
/data3fast/users/mbermudez/de_02/TFGDataset/img/T2_1343.png|inn               hcc              eeeeeeeeeeeeeeeeeeee
/data3fast/users/mbermudez/de_02/TFGDataset/img/T2_1319.png|lleeeeeeeeeeeeeeeeeeeeetteeeeeeeeee      dddd
/data3fast/users/mbermudez/de_02/TFGDataset/img/T2_0657.png|aan eeeeeeeeeeeeee    eeeeeee eeeeeeeeeeessesssssee
/data3fast/users/mbermudez/de_02/TFGDataset/img/T2_0797.png|wee     hhhh  nnnn eeeeeeeee            ee
/data3fast/users/mbermudez/de_02/TFGDataset/img/T2_1489.png|nahhhsshh          d                  eeettt
/data3fast/users/mbermudez/de_02/TFGDataset/img/T2_0162.png|dessssseee             eeeeeeeeeeeeeeeeeeeeee     
/data3fast/users/mbermudez/de_02/TFGDataset/img/T2_0208.png|ddd eeeeeeeeeeee   ee      hhhhhhhh        
/data3fast/users/mbermudez/de_02/TFGDataset/img/T2_0346.png|eeeeeeeeeeeeeee           eeeeeeeeeeeeeee      ddd
/data3fast/users/mbermudez/de_02/TFGDataset/img/T2_0498.png|ses             eeeeeeeeeeeee    tttt  *....
/data3fast/users/mbermudez/de_02/TFGDataset/img/T2_0542.png|eerr  aaaa           dddeeeeeeeesssshhh   eee
/data3fast/users/mbermudez/de_02/TFGDataset/img/T2_1166.png|dee   eee**   e  ee sssss            eeeeess       aaaaaa
/data3fast/users/mbermudez/de_02/TFGDataset/img/T2_0563.png|aann  eeeeee   ttt         sss   eeeeeeeeee
/data3fast/users/mbermudez/de_02/TFGDataset/img/T2_1291.png|aan        eeeeeieiii        iheeeeeeeeee
/data3fast/users/mbermudez/de_02/TFGDataset/img/T2_1093.png|rrrr  aa       eeeeeeeeeeeeeeeeeeeeeee     nnnnn
/data3fast/users/mbermudez/de_02/TFGDataset/img/T2_0773.png|seeeeiiii  nneeeeeeeeeeeeeeeeeeeeeeeeeee eeeeee
/data3fast/users/mbermudez/de_02/TFGDataset/img/T2_0490.png|eeettt   aa         t  ttt          esssseee
/data3fast/users/mbermudez/de_02/TFGDataset/img/T2_1323.png|beeeeeeeeehhhhhhhheeeeel               d  seeeeee
/data3fast/users/mbermudez/de_02/TFGDataset/img/T2_0963.png|zu   eee  aaaa                  i  i   sssssss
/data3fast/users/mbermudez/de_02/TFGDataset/img/T2_0204.png|# 
/data3fast/users/mbermudez/de_02/TFGDataset/img/T2_0370.png|#   d
/data3fast/users/mbermudez/de_02/TFGDataset/img/T2_0858.png|uundd       eeeeeeeeeeeeeeeee   ssssss
/data3fast/users/mbermudez/de_02/TFGDataset/img/T2_0926.png|dee                hhheee eeee            nnnnnnn
/data3fast/users/mbermudez/de_02/TFGDataset/img/T2_1259.png|#  
/data3fast/users/mbermudez/de_02/TFGDataset/img/T2_0620.png|iiieeeeeeeeeeeeeeeell               eeeeeeeeee
/data3fast/users/mbermudez/de_02/TFGDataset/img/T2_0905.png|ggeeee                 dd d   d
/data3fast/users/mbermudez/de_02/TFGDataset/img/T2_0192.png|tttttee    eeeeeeeeeeeeeshcccc             nn
/data3fast/users/mbermudez/de_02/TFGDataset/img/T2_1244.png|hhheeeeeeeeee            essssssseett   
/data3fast/users/mbermudez/de_02/TFGDataset/img/T2_0203.png|"   de  eeeeeeeeeeeeee  eee   d    sssssssss
/data3fast/users/mbermudez/de_02/TFGDataset/img/T2_1404.png|scchhhee                                   eeeeeeeee
/data3fast/users/mbermudez/de_02/TFGDataset/img/T2_0318.png|dee         dd  a   aa            eeeee
/data3fast/users/mbermudez/de_02/TFGDataset/img/T2_0298.png|un   sssssschhhhh             n     eeeeeeeeeeeeeeeeeeee
/data3fast/users/mbermudez/de_02/TFGDataset/img/T2_1345.png|gee        ee e   hh             tttt
/data3fast/users/mbermudez/de_02/TFGDataset/img/T2_0601.png|beee           eeeeeeeeeeeessss    aaatttt
/data3fast/users/mbermudez/de_02/TFGDataset/img/T2_0831.png|eeessssshhhhheee   e            s   s    eeeeeeeee
/data3fast/users/mbermudez/de_02/TFGDataset/img/T2_0788.png|nnna    sshhhhhh  ee             eeee
/data3fast/users/mbermudez/de_02/TFGDataset/img/T2_0174.png|dee    nnn  eeeeeeei                      eeeee
/data3fast/users/mbermudez/de_02/TFGDataset/img/T2_0046.png|der           tttt t           eelllllee
/data3fast/users/mbermudez/de_02/TFGDataset/img/T2_0032.png|drrr                eeeeeeeeeeeeeeeeeeeeeeeeeeee
/data3fast/users/mbermudez/de_02/TFGDataset/img/T2_1480.png|# 
/data3fast/users/mbermudez/de_02/TFGDataset/img/T2_1135.png|geeeee          hhhee              eeeeeess
/data3fast/users/mbermudez/de_02/TFGDataset/img/T2_0895.png|eee    n     n            e        ssseeeeeeeeee
/data3fast/users/mbermudez/de_02/TFGDataset/img/T2_0082.png|eee   hhhhhcc c                            eeiiiie
/data3fast/users/mbermudez/de_02/TFGDataset/img/T2_0955.png|llllt          t tt          eeeeee   ee        e  e
/data3fast/users/mbermudez/de_02/TFGDataset/img/T2_1432.png|ieeeeeeeeeeee eeeeeeeeeeeeeeeeeeeeeeeeeeeeeeee
/data3fast/users/mbermudez/de_02/TFGDataset/img/T2_0702.png|abeeeeeeeeessssssss            lleeeeeeeee
/data3fast/users/mbermudez/de_02/TFGDataset/img/T2_1427.png|#  
/data3fast/users/mbermudez/de_02/TFGDataset/img/T2_0452.png|"   eeeeeeee nnn   n     aaaaassssss     llle
/data3fast/users/mbermudez/de_02/TFGDataset/img/T2_0167.png|"              eeeeeeeeeeeeeeeeeeennnnnnn
/data3fast/users/mbermudez/de_02/TFGDataset/img/T2_1407.png|geeeeet               e e  e  eeeeeee ssss eeeeee
/data3fast/users/mbermudez/de_02/TFGDataset/img/T2_0106.png|"   sssss            eeeeeeeeeee
/data3fast/users/mbermudez/de_02/TFGDataset/img/T2_0587.png|der  aa     nnnnnnn  neeeeeee              
/data3fast/users/mbermudez/de_02/TFGDataset/img/T2_0929.png|tt          ssssssseeee  i  ii    nnnnnnnnnn
/data3fast/users/mbermudez/de_02/TFGDataset/img/T2_0067.png|sss                      eeeeeeee eessssshhhh
/data3fast/users/mbermudez/de_02/TFGDataset/img/T2_1037.png|allle        eessseeeeeee   eeeeeeeeeeeeeeeeeeee
/data3fast/users/mbermudez/de_02/TFGDataset/img/T2_0803.png|breee eeeeeee i  cthhhteeeeeeeee   ttttttttt
/data3fast/users/mbermudez/de_02/TFGDataset/img/T2_1483.png|zuueeeee         eeeeeeeeeeeeeeeeehhheeeeeeeeee
/data3fast/users/mbermudez/de_02/TFGDataset/img/T2_0800.png|daa                                       s     eeeeeeN
/data3fast/users/mbermudez/de_02/TFGDataset/img/T2_0436.png|dd  sssseeee  eeeeeehhhh e et      eeeeeeeeeeeeeeee
/data3fast/users/mbermudez/de_02/TFGDataset/img/T2_0088.png|eee              eeeeeeeeeee eeeeeee nnnnnn
/data3fast/users/mbermudez/de_02/TFGDataset/img/T2_1073.png|# 
/data3fast/users/mbermudez/de_02/TFGDataset/img/T2_0538.png|dd                 lleeeeeeeeeeeeee   ee ssse
/data3fast/users/mbermudez/de_02/TFGDataset/img/T2_0333.png|wrreeesssehhhheee ee  eeeeeee   ssssssh         aa
/data3fast/users/mbermudez/de_02/TFGDataset/img/T2_0789.png|daasseeeeeeeeeeeeeeee      ehh        eeeeee
/data3fast/users/mbermudez/de_02/TFGDataset/img/T2_0000.png|ffreeeeeee                            eeeeee
/data3fast/users/mbermudez/de_02/TFGDataset/img/T2_1381.png|*tte          tttt          aa          eeeeeeeeeeeeeeeee
/data3fast/users/mbermudez/de_02/TFGDataset/img/T2_1406.png|de            eeeeeeeeeeee  cc               eeeeeeee
/data3fast/users/mbermudez/de_02/TFGDataset/img/T2_1334.png|ss  eeeeeeeeen nnn  nnnnn          eeeeeeeee
/data3fast/users/mbermudez/de_02/TFGDataset/img/T2_0588.png|dee   eeeeeeeeeeeee        dd d sssseee
/data3fast/users/mbermudez/de_02/TFGDataset/img/T2_1040.png|iiii     aachhhha               ssssssseeeeeeeee
/data3fast/users/mbermudez/de_02/TFGDataset/img/T2_0069.png|iin  eeeeeeeeeeeeeeeee    lllll    e         
/data3fast/users/mbermudez/de_02/TFGDataset/img/T2_1494.png|eeeee     eeeeeeeee e              eeeeeeeeeeeeeee
/data3fast/users/mbermudez/de_02/TFGDataset/img/T2_0200.png|ssssshhhhhhhhhh                      ssssssss ccchchh
/data3fast/users/mbermudez/de_02/TFGDataset/img/T2_0185.png|dnnn   ee   nnnnnn        hhhhh    n    ddd
/data3fast/users/mbermudez/de_02/TFGDataset/img/T2_1018.png|wii                        eeeeeeeeeeeeeeee
/data3fast/users/mbermudez/de_02/TFGDataset/img/T2_0068.png|teeeeehe               n       nnn nnn     nnnn
/data3fast/users/mbermudez/de_02/TFGDataset/img/T2_0647.png|ssttt              d  eeeeeeeee                  
/data3fast/users/mbermudez/de_02/TFGDataset/img/T2_1090.png|eeeeettttttt
/data3fast/users/mbermudez/de_02/TFGDataset/img/T2_0651.png|ttt      e                 dd       d          nhhh
/data3fast/users/mbermudez/de_02/TFGDataset/img/T2_1235.png|an   sssseeeeeeeeeeeeee          eeeeeee
/data3fast/users/mbermudez/de_02/TFGDataset/img/T2_0209.png|innn eeeeeeeeeeeeeeeeeeeeeeeeeee          aaaau
/data3fast/users/mbermudez/de_02/TFGDataset/img/T2_0655.png|weessssshhhhhhhhhh      eee        a  sss
/data3fast/users/mbermudez/de_02/TFGDataset/img/T2_1167.png|undd eeeeeeeeeeeeeeeeeee        dddeeeeeeeeeee
/data3fast/users/mbermudez/de_02/TFGDataset/img/T2_0475.png|iii               elll    e eeeeeeeeeeeee   eeeeee
/data3fast/users/mbermudez/de_02/TFGDataset/img/T2_0675.png|deeeeeeeeeeelllleeeeeeeeeeeeeee*****eeeeeeee
/data3fast/users/mbermudez/de_02/TFGDataset/img/T2_1453.png|# 
/data3fast/users/mbermudez/de_02/TFGDataset/img/T2_1016.png|ee     hhhh        eeeeee           e     eee    ee
/data3fast/users/mbermudez/de_02/TFGDataset/img/T2_0041.png|wiieeeee eeeee ee  ee            deeee
/data3fast/users/mbermudez/de_02/TFGDataset/img/T2_0948.png|beeeeeeettttt                        e  eessssss
/data3fast/users/mbermudez/de_02/TFGDataset/img/T2_1401.png|nn   sssssshhhhh                             
/data3fast/users/mbermudez/de_02/TFGDataset/img/T2_0520.png|arrr  nnnnneeeeee      .
/data3fast/users/mbermudez/de_02/TFGDataset/img/T2_0499.png|see             e        eleeheehhh          nnn
/data3fast/users/mbermudez/de_02/TFGDataset/img/T2_0454.png|shh eeeeeeeeeeeeeeeeeeee         d dddd ddn
/data3fast/users/mbermudez/de_02/TFGDataset/img/T2_0306.png|m      s      eeeeeehhhheeee                 eeeehhhhh
/data3fast/users/mbermudez/de_02/TFGDataset/img/T2_0374.png|aaaa              eeeeeee   a   aa  sssssssss
/data3fast/users/mbermudez/de_02/TFGDataset/img/T2_1298.png|derssssclllllleeeeeeeeeeeee        eeeeeehhhhhe
/data3fast/users/mbermudez/de_02/TFGDataset/img/T2_0331.png|# 
/data3fast/users/mbermudez/de_02/TFGDataset/img/T2_1469.png|iieeeeeee                                  tttttt
/data3fast/users/mbermudez/de_02/TFGDataset/img/T2_0366.png|daa        eeeeeeeeeeeeeeeeeeeeeeeee     uuuu
/data3fast/users/mbermudez/de_02/TFGDataset/img/T2_0246.png|iii         eeeeeeeeeeeeeeeeeeeeeeeeeeeee*
/data3fast/users/mbermudez/de_02/TFGDataset/img/T2_1297.png|afeeeeeeelssssss    aaaa aaaaaa       eeeeeeeeeee
/data3fast/users/mbermudez/de_02/TFGDataset/img/T2_1160.png|********eeee     cheeeeeeeeeeeeeeeeeeeeee         eeeeee
/data3fast/users/mbermudez/de_02/TFGDataset/img/T2_1389.png|eee       aa       hhhheeeeeeeeeee    tt
/data3fast/users/mbermudez/de_02/TFGDataset/img/T2_1342.png|aunn   ee         d      eeeeeeeeeee e   eeeeee
/data3fast/users/mbermudez/de_02/TFGDataset/img/T2_0832.png|aass  eeeee          ee               dddeeed
/data3fast/users/mbermudez/de_02/TFGDataset/img/T2_0376.png|aaa  eeeeeeee         eeeeeinnnn  eee  sssssss
/data3fast/users/mbermudez/de_02/TFGDataset/img/T2_1267.png|nn          sssss      t  ttet   c           ee
/data3fast/users/mbermudez/de_02/TFGDataset/img/T2_1416.png|deeieeeeeeee     ddddd           aa      eeee
/data3fast/users/mbermudez/de_02/TFGDataset/img/T2_0043.png|dass   hh     eeeeeeeeeeeeeeeeeeeeeeeeeee
/data3fast/users/mbermudez/de_02/TFGDataset/img/T2_0766.png|aau  eeeeeee  eeneeee        aasaahhhhh
/data3fast/users/mbermudez/de_02/TFGDataset/img/T2_1103.png|geeeeee                  eeeeeeeehhh      aaaaa
/data3fast/users/mbermudez/de_02/TFGDataset/img/T2_1236.png|nn            eeesseeesll e      eeeeeeeeee
/data3fast/users/mbermudez/de_02/TFGDataset/img/T2_1340.png|eeeettttttt
/data3fast/users/mbermudez/de_02/TFGDataset/img/T2_0865.png|weeeeeeeeeeee
/data3fast/users/mbermudez/de_02/TFGDataset/img/T2_0609.png|eeeel         eeeeeeeeeeeeeeeeeeeeeeesssss
/data3fast/users/mbermudez/de_02/TFGDataset/img/T2_1063.png|mii  eeeeeee                                    t
/data3fast/users/mbermudez/de_02/TFGDataset/img/T2_0812.png|zetttttttttttttt
/data3fast/users/mbermudez/de_02/TFGDataset/img/T2_0840.png|wnnn   deddee   eeeee    ****........
/data3fast/users/mbermudez/de_02/TFGDataset/img/T2_1129.png|hhe           sssseeeeeeeee ee   nnn    eeeeeee
/data3fast/users/mbermudez/de_02/TFGDataset/img/T2_1185.png|aaaau       n     eeeeeeeeee      nn    cchhh
/data3fast/users/mbermudez/de_02/TFGDataset/img/T2_0036.png|wwt      eeeeeeeeeeeeeeeeeeeee e      sss
/data3fast/users/mbermudez/de_02/TFGDataset/img/T2_0447.png|nnneeeeeeeeeeee  eeeeeeeeeeeeeeeeeee      dddddd
/data3fast/users/mbermudez/de_02/TFGDataset/img/T2_0232.png|wee     sssssss seeeeeeeeeeeeeeeeeeeeeeeee*e*****
/data3fast/users/mbermudez/de_02/TFGDataset/img/T2_0117.png|geeeeeeeeeeee             sss               hii
/data3fast/users/mbermudez/de_02/TFGDataset/img/T2_0392.png|mttttte  eee  eeeeeeeee           ddddddd
/data3fast/users/mbermudez/de_02/TFGDataset/img/T2_1106.png|llllee   eee                     ********ttttc
/data3fast/users/mbermudez/de_02/TFGDataset/img/T2_1303.png|deeeeeeeeee                    t eeeeeeee     ee
/data3fast/users/mbermudez/de_02/TFGDataset/img/T2_0071.png|and  ssssssss        s sss eseessshhe            d
/data3fast/users/mbermudez/de_02/TFGDataset/img/T2_0207.png|aas             eeeeeeee  e    e       ddd
/data3fast/users/mbermudez/de_02/TFGDataset/img/T2_0199.png|wllee eeeeeeeeeeeeeeeeeeeeeeeeeeeeee hhhhhhhh
/data3fast/users/mbermudez/de_02/TFGDataset/img/T2_0427.png|aaa         hhhhhhhheeeee     eeeeeeeeeeeeeeeeeee
/data3fast/users/mbermudez/de_02/TFGDataset/img/T2_0128.png|iii  eeeeeeeeehhhhhhe i        eeeeee     dddd
/data3fast/users/mbermudez/de_02/TFGDataset/img/T2_0019.png|cchh        eee eeeeeeeeeeeeeeeeeeeeeeee eeeeee
/data3fast/users/mbermudez/de_02/TFGDataset/img/T2_1159.png|uuu       dnnn    uuu     eeeege      eeeeNNN
/data3fast/users/mbermudez/de_02/TFGDataset/img/T2_0113.png|iiihhh                              eeeeeeeeeeeeeee
/data3fast/users/mbermudez/de_02/TFGDataset/img/T2_0521.png|de    tt             eeeeeesssesessse        hhh
/data3fast/users/mbermudez/de_02/TFGDataset/img/T2_0248.png|rerer  eeeeeeeeeeeeeeeeeeee           e          
/data3fast/users/mbermudez/de_02/TFGDataset/img/T2_1158.png|aan    eeeeeeee   e eee  eeeeee     sssssssllllll
/data3fast/users/mbermudez/de_02/TFGDataset/img/T2_1163.png|zeee esssssaaaaa     a     nnnneeeeeeeeeeee
/data3fast/users/mbermudez/de_02/TFGDataset/img/T2_0640.png|# 
/data3fast/users/mbermudez/de_02/TFGDataset/img/T2_0107.png|dee    eeeeeeeeeeee  eeeeeeeeeeeee       r
/data3fast/users/mbermudez/de_02/TFGDataset/img/T2_0249.png|ueeeeeeeeehhhhhhh              eeeeeeel          
/data3fast/users/mbermudez/de_02/TFGDataset/img/T2_0583.png|uuu     aaa   aa     ssssshhchheeeeeellleeeeeee
/data3fast/users/mbermudez/de_02/TFGDataset/img/T2_0749.png|rerrr           eeeeeeeeeeeeeeeeee         eeeeeeeeeee
/data3fast/users/mbermudez/de_02/TFGDataset/img/T2_0753.png|aaleeeeeeeeeeeeeeeeeeeeeeeeee e         aaaa
/data3fast/users/mbermudez/de_02/TFGDataset/img/T2_0308.png|dii          eeeeeeeeeeeehhhhh                 s
/data3fast/users/mbermudez/de_02/TFGDataset/img/T2_0904.png|deesssllllleeeeeeeeeeee          eeeeeeeee
/data3fast/users/mbermudez/de_02/TFGDataset/img/T2_0792.png|m     eeeeeeeeeeeeeeeeeeeeeeeee      aaaa
/data3fast/users/mbermudez/de_02/TFGDataset/img/T2_0184.png|#  
/data3fast/users/mbermudez/de_02/TFGDataset/img/T2_0535.png|mii eeeeeee     ttttt           ssss ee edddd
/data3fast/users/mbermudez/de_02/TFGDataset/img/T2_0761.png|gernnnnnnnn   tt tt.
/data3fast/users/mbermudez/de_02/TFGDataset/img/T2_0424.png|teeeeeeeeeeee eee                 ccc  tttt
/data3fast/users/mbermudez/de_02/TFGDataset/img/T2_1271.png|aaaa   eeeeeeeeeeeeeeessss              dddddeeeee
/data3fast/users/mbermudez/de_02/TFGDataset/img/T2_0051.png|scchhhh  hhhhheeeeeeeeehh             a   eeeeee
/data3fast/users/mbermudez/de_02/TFGDataset/img/T2_0301.png|ffee        e  e e   ssssee e  e eet          
/data3fast/users/mbermudez/de_02/TFGDataset/img/T2_1200.png|# 
/data3fast/users/mbermudez/de_02/TFGDataset/img/T2_0253.png|fuun      eesssssss eeeeeeeeeeeeeeeeeeeeeee
/data3fast/users/mbermudez/de_02/TFGDataset/img/T2_0152.png|uuu    a                  hhhhhcc         
/data3fast/users/mbermudez/de_02/TFGDataset/img/T2_0350.png|geehhhhhssssss      ssssssssssseee e              nnn
/data3fast/users/mbermudez/de_02/TFGDataset/img/T2_0954.png|wee     iiiiiiie  e       ****           eeeeett
/data3fast/users/mbermudez/de_02/TFGDataset/img/T2_1302.png|geee      nn n   eeeeeeeee  e  e   eeee eeee
/data3fast/users/mbermudez/de_02/TFGDataset/img/T2_0669.png|deee eeeeeeeeeeeeeeeee              lttt
/data3fast/users/mbermudez/de_02/TFGDataset/img/T2_0496.png|iii       eeeedeeeeeeeeeessssslll      aa  
/data3fast/users/mbermudez/de_02/TFGDataset/img/T2_0983.png|"    eeeeeee           sssssssssss    eeeeeee
/data3fast/users/mbermudez/de_02/TFGDataset/img/T2_1124.png|eeeiiii           nn   e dd ddssss  deeee
/data3fast/users/mbermudez/de_02/TFGDataset/img/T2_1168.png|nnnn                ssss   eee                     eee
/data3fast/users/mbermudez/de_02/TFGDataset/img/T2_0305.png|deesshhcht                       e e e eeeeeeeeeeeeeeeee
/data3fast/users/mbermudez/de_02/TFGDataset/img/T2_0304.png|unn    aaaa     eeeeeeeeeeeeeeeee         n
/data3fast/users/mbermudez/de_02/TFGDataset/img/T2_0084.png|wnn   eeeeee     ee         eeee             eeeeeeeeeeee
/data3fast/users/mbermudez/de_02/TFGDataset/img/T2_1137.png|wii   ssssseeeeeeeee            e  eeeeeeee r
/data3fast/users/mbermudez/de_02/TFGDataset/img/T2_0943.png|eee          eeeeeeeeeeeeeeeeeeeeeeee
/data3fast/users/mbermudez/de_02/TFGDataset/img/T2_0190.png|iiih   eeeeeeehhh         hhheeeeeee  e       d
/data3fast/users/mbermudez/de_02/TFGDataset/img/T2_0985.png|deeeeeeeeeeeeeeeeee         alllll       hhhhhhhhhh
/data3fast/users/mbermudez/de_02/TFGDataset/img/T2_0707.png|sseeeeeeee                    e      sss      aa    d
/data3fast/users/mbermudez/de_02/TFGDataset/img/T2_0419.png|de    ss   t            **      eetttttt
/data3fast/users/mbermudez/de_02/TFGDataset/img/T2_1005.png|eeeehhh   aaaassss s   s    eeeeeeee    
/data3fast/users/mbermudez/de_02/TFGDataset/img/T2_0625.png|deeeeeeeeeeeeeeeee            hh      ee      nn
/data3fast/users/mbermudez/de_02/TFGDataset/img/T2_0044.png|wiee             dddd   eeeeee      eeeeeee
/data3fast/users/mbermudez/de_02/TFGDataset/img/T2_1187.png|aaa    eeeeeeeeeeee  l        eee            a   
/data3fast/users/mbermudez/de_02/TFGDataset/img/T2_0150.png|weee   ddd      ssshhhhheeeeeeeee     ssssss
/data3fast/users/mbermudez/de_02/TFGDataset/img/T2_0400.png|hnnnnneeeeeeenn    e       n   eeeeeeeeeeeeee
/data3fast/users/mbermudez/de_02/TFGDataset/img/T2_0486.png|de           eeeesssee hhhh         a a     hhhhhh
/data3fast/users/mbermudez/de_02/TFGDataset/img/T2_0704.png|# 
/data3fast/users/mbermudez/de_02/TFGDataset/img/T2_1133.png|ttt            eeeeeeeeeeeeeeeeee eeeeeeeeeeee
/data3fast/users/mbermudez/de_02/TFGDataset/img/T2_0271.png|mmttt         nn    nn    nnnn dd   sseeeeee
/data3fast/users/mbermudez/de_02/TFGDataset/img/T2_0132.png|beeeeeeelle       aaaa        eeeee  e eeeeeeeeeeeeehhh
/data3fast/users/mbermudez/de_02/TFGDataset/img/T2_0078.png|unddddeeeeeesssseeee  eeeeeeeeee n     aaaaa
/data3fast/users/mbermudez/de_02/TFGDataset/img/T2_0163.png|dieeeeeeeeee            eseeeeeeehhchchhcchhhhhha
/data3fast/users/mbermudez/de_02/TFGDataset/img/T2_0923.png|"    eeee         eeee        i eeeeee
/data3fast/users/mbermudez/de_02/TFGDataset/img/T2_0762.png|eeeeeeeeeeeeeeeeeeettt
/data3fast/users/mbermudez/de_02/TFGDataset/img/T2_0776.png|seeeeeeeeeeeeeeeeehheeee               dd   eeeeeeeee
/data3fast/users/mbermudez/de_02/TFGDataset/img/T2_0378.png|"    eeeeeee                    heeeeeeeeeeeeeeeee
/data3fast/users/mbermudez/de_02/TFGDataset/img/T2_1162.png|"    eeeeeeeeee      s       
/data3fast/users/mbermudez/de_02/TFGDataset/img/T2_1352.png|dee eeeeeeeeeeeeeeeeeeeeeeee              aaauu
/data3fast/users/mbermudez/de_02/TFGDataset/img/T2_0466.png|eeesss                          eeeeeeeeeeehhhhhhh
/data3fast/users/mbermudez/de_02/TFGDataset/img/T2_1383.png|seeesssseee                eeeeeeeeeeeeeeeeeeee
/data3fast/users/mbermudez/de_02/TFGDataset/img/T2_1336.png|iiihhh  alllll    ...
/data3fast/users/mbermudez/de_02/TFGDataset/img/T2_0529.png|seeeee              a          tttttttttttt
/data3fast/users/mbermudez/de_02/TFGDataset/img/T2_0201.png|geesssseeeeeeeeeeeeee      e             ee  eee     e
/data3fast/users/mbermudez/de_02/TFGDataset/img/T2_1429.png|# 
/data3fast/users/mbermudez/de_02/TFGDataset/img/T2_0545.png|iiiii  nnn nn  eeeeeeeeeeeeeeeeccc     eeeee eeettt
/data3fast/users/mbermudez/de_02/TFGDataset/img/T2_0365.png|ttt      dddeeeeeeeeeee
/data3fast/users/mbermudez/de_02/TFGDataset/img/T2_1186.png|iiiittttt         aa                   eeeeeee
/data3fast/users/mbermudez/de_02/TFGDataset/img/T2_1061.png|beee     llle      eeeeeeeeee  ee          sss
/data3fast/users/mbermudez/de_02/TFGDataset/img/T2_0390.png|sseeeeeeeeeeeeeeehhhhhh      ee ee ee       eeeeeee
/data3fast/users/mbermudez/de_02/TFGDataset/img/T2_1478.png|iiieeeeeee eeeeeeeeeeeeeeeeeeeessseeeeee
/data3fast/users/mbermudez/de_02/TFGDataset/img/T2_0633.png|dee cccchhhhhtteeeeee**********.
/data3fast/users/mbermudez/de_02/TFGDataset/img/T2_0029.png|geeehhhtt                  eeeeeeeeeeeeeeeeeee
/data3fast/users/mbermudez/de_02/TFGDataset/img/T2_1341.png|diieeeeeeeeeeee               eeeeeee eeee     eee
/data3fast/users/mbermudez/de_02/TFGDataset/img/T2_0030.png|deeeeeeeeeeeeeeeeeeee**eeee                   dddeee
/data3fast/users/mbermudez/de_02/TFGDataset/img/T2_0213.png|ssa        eeeellllll  eeeeee e eeeee eeee   iiii
/data3fast/users/mbermudez/de_02/TFGDataset/img/T2_0599.png|daa   ccchhhhhhhl     aaa   a            eeeeeeee
/data3fast/users/mbermudez/de_02/TFGDataset/img/T2_0445.png|zu  eeeeeeee                t ll        aah
/data3fast/users/mbermudez/de_02/TFGDataset/img/T2_0315.png|un   eeeeeeeeeeeeeennnnnee        eeeeeeeee
/data3fast/users/mbermudez/de_02/TFGDataset/img/T2_0755.png|ieee           aaaa   a  a  a           tt
/data3fast/users/mbermudez/de_02/TFGDataset/img/T2_1333.png|frrrreeeeeeeee            eeeeeeeeeeeeeeee ihhhhhhhh
/data3fast/users/mbermudez/de_02/TFGDataset/img/T2_0435.png|nee          hhh h  eeeeeeeeeeeeeeeeeee          nn
/data3fast/users/mbermudez/de_02/TFGDataset/img/T2_1287.png|eeet         nnu  uuuu  u    eeeeeeeh    aaaaaa
/data3fast/users/mbermudez/de_02/TFGDataset/img/T2_0710.png|ber  a    eeeeeeeeeeeeeeeeeeeeeeeeeeee
/data3fast/users/mbermudez/de_02/TFGDataset/img/T2_0151.png|sch          eeeeeeee                   ssss
/data3fast/users/mbermudez/de_02/TFGDataset/img/T2_1321.png|seeeeeeeeeeeeeeeeeeeeeeeeellll             .
/data3fast/users/mbermudez/de_02/TFGDataset/img/T2_1014.png|geeeeeeeeeeeeeeeeeeeeeeeeeelee e ssssss  s    deeee
/data3fast/users/mbermudez/de_02/TFGDataset/img/T2_0231.png|iiissssss a            eeeeeeeee           eeeeeeeee
/data3fast/users/mbermudez/de_02/TFGDataset/img/T2_0471.png|frre   eee  hhh                    ee          t
/data3fast/users/mbermudez/de_02/TFGDataset/img/T2_0135.png|iiieeee e    ddd dddd d    ssss h chhiiiiiiiiee
/data3fast/users/mbermudez/de_02/TFGDataset/img/T2_0286.png|#  
/data3fast/users/mbermudez/de_02/TFGDataset/img/T2_0664.png|iii  eeeeeeeeeeee                        dsss
/data3fast/users/mbermudez/de_02/TFGDataset/img/T2_1121.png|wllll           eeeeeeeeeeeeeeeeeeeeeeeeeee e e eee
/data3fast/users/mbermudez/de_02/TFGDataset/img/T2_0853.png|"   ssssssssssss     sseeeeee    nnn  n  uuuun
/data3fast/users/mbermudez/de_02/TFGDataset/img/T2_1031.png|bbeeeeeeeeeeeeeeeeehh innnnnnnnneeeeeee
/data3fast/users/mbermudez/de_02/TFGDataset/img/T2_1248.png|eeee                ccc   a aaaaa         nn
/data3fast/users/mbermudez/de_02/TFGDataset/img/T2_0396.png|hheeeeeeeeeeeeeeeeeeeeeehhhhii             ...
/data3fast/users/mbermudez/de_02/TFGDataset/img/T2_1176.png|hheeeeeeeeeeeeeeeeee      h    hheeeeeeeeeeeeeeeee
/data3fast/users/mbermudez/de_02/TFGDataset/img/T2_0450.png|eesss          ee         aaaa    seeeeeeee
/data3fast/users/mbermudez/de_02/TFGDataset/img/T2_1170.png|nnn eeeeeee                  ee      tttttt
/data3fast/users/mbermudez/de_02/TFGDataset/img/T2_0984.png|die sschhhhheeee                    ssl        dddde
/data3fast/users/mbermudez/de_02/TFGDataset/img/T2_0969.png|seeeeeeeeeeeeee     ee   e               eeeeeeeeeeeeeee
/data3fast/users/mbermudez/de_02/TFGDataset/img/T2_0380.png|gee  ssa                  ssssssssee     eeeeeee
/data3fast/users/mbermudez/de_02/TFGDataset/img/T2_1473.png|wiiit      eeee     ll           nnnnnnnnn
/data3fast/users/mbermudez/de_02/TFGDataset/img/T2_0293.png|deeeeeeeeeeeeeeee          aaaa      heeeeeeeeeeee
/data3fast/users/mbermudez/de_02/TFGDataset/img/T2_1119.png|"   eeeeeeeeeeeeeeee                  ssssss    ss 
/data3fast/users/mbermudez/de_02/TFGDataset/img/T2_0010.png|*eee                      e e                   eeeeeeee
/data3fast/users/mbermudez/de_02/TFGDataset/img/T2_1462.png|dnnn    hhh                       eeeee    ee
/data3fast/users/mbermudez/de_02/TFGDataset/img/T2_0335.png|das            e e e e                 eeeee
/data3fast/users/mbermudez/de_02/TFGDataset/img/T2_0398.png|mit                       sss         eeesssssses
/data3fast/users/mbermudez/de_02/TFGDataset/img/T2_1367.png|"  eeeeesssssssss ss  h       lleeeeeeeeeeeeeeee
/data3fast/users/mbermudez/de_02/TFGDataset/img/T2_0186.png|iiieeeeeeee                     n    n       hhhhhh
/data3fast/users/mbermudez/de_02/TFGDataset/img/T2_0448.png|gee          eeeeeeeeeeeeeeeelleeee    eed
/data3fast/users/mbermudez/de_02/TFGDataset/img/T2_0889.png|eeessllllleeeeeeeeeeeeeeeeeeeeeeeeeeeeeiiii
/data3fast/users/mbermudez/de_02/TFGDataset/img/T2_0439.png|aaa       eeeeeeeeeeeeeeeeeeeeeeeee    d ddeeeeee
/data3fast/users/mbermudez/de_02/TFGDataset/img/T2_0225.png|hhhh     eeeeeeeeeeeeeeeeeeee  e   neeeeeeee
/data3fast/users/mbermudez/de_02/TFGDataset/img/T2_1379.png|mi  eeeeeeeeeeeeeeeeeeeeeee   e
/data3fast/users/mbermudez/de_02/TFGDataset/img/T2_0468.png|aaa   eeeeeeeeeeeeeeeeeeeee  eeeiiei eieee      ss
/data3fast/users/mbermudez/de_02/TFGDataset/img/T2_0567.png|ddn eeeeeeeetttttt t         a  aaaaaaaa  seeeee
/data3fast/users/mbermudez/de_02/TFGDataset/img/T2_0914.png|aaseeeeeeeeeeeeeeeeeeeeeeeeeeeeeeeeeeeeeeeeeee ni
/data3fast/users/mbermudez/de_02/TFGDataset/img/T2_0179.png|hhh    nnnnnnn  eee eeeeeeeeeeeeeeeeeeeeeeee
/data3fast/users/mbermudez/de_02/TFGDataset/img/T2_0541.png|geeeeeee    eeeee    e      sssss sssss sessssssssss
/data3fast/users/mbermudez/de_02/TFGDataset/img/T2_1324.png|ss               * ******         cc          ddd
/data3fast/users/mbermudez/de_02/TFGDataset/img/T2_1434.png|rrrrreeeeeee     t              eeeeeeeeeee eeee
/data3fast/users/mbermudez/de_02/TFGDataset/img/T2_0118.png|eehhhhh aaa a n n    n  e eeeehhhhe  eeeeeeeeeeeee
/data3fast/users/mbermudez/de_02/TFGDataset/img/T2_0073.png|aann eeee t          eeeeeeeeeeeeeeed
/data3fast/users/mbermudez/de_02/TFGDataset/img/T2_0564.png|wwr    aaaa   sssss             ...........
/data3fast/users/mbermudez/de_02/TFGDataset/img/T2_0547.png|iiihhhhhhhheeeeeeee            iichh     nnnnnnnnnnn
/data3fast/users/mbermudez/de_02/TFGDataset/img/T2_0537.png|"   eeeeeeeeeeh   ee           ee ee  **ee
/data3fast/users/mbermudez/de_02/TFGDataset/img/T2_1378.png|reee                                      ssshhhhhh
/data3fast/users/mbermudez/de_02/TFGDataset/img/T2_0742.png|ahh          aallllllllll     eeeeeeeeeee*eeeeee
/data3fast/users/mbermudez/de_02/TFGDataset/img/T2_0843.png|geee                eeee                   eeeee
/data3fast/users/mbermudez/de_02/TFGDataset/img/T2_1465.png|aau   eee                   eeeeeessssss          e
/data3fast/users/mbermudez/de_02/TFGDataset/img/T2_0677.png|allll eeeeeeeeeeeeeeelleeeeeeeeeeee  e
/data3fast/users/mbermudez/de_02/TFGDataset/img/T2_0531.png|deeeessssssss                            eeeee
/data3fast/users/mbermudez/de_02/TFGDataset/img/T2_0263.png|niiicccchhhhhh            i      eeeeeeeeeeee
/data3fast/users/mbermudez/de_02/TFGDataset/img/T2_1237.png|m       eeeeeeess s      e ee     llllll   lleeee
/data3fast/users/mbermudez/de_02/TFGDataset/img/T2_1484.png|dassseeeeeeeeeeeeeeee eeeeeeeeeeeeeeeeeeee    ccchh
/data3fast/users/mbermudez/de_02/TFGDataset/img/T2_1230.png|aau  eeeeeeeeeeeeeeeeeeeeee         eeeeeeeeee
/data3fast/users/mbermudez/de_02/TFGDataset/img/T2_0718.png|dee   ssss   eeeeeehhhh   nnnnnd  edddddeeee
/data3fast/users/mbermudez/de_02/TFGDataset/img/T2_0860.png|wiii eeeeeeeee seeeeeeeeeeeee            eeeeesss       ee
/data3fast/users/mbermudez/de_02/TFGDataset/img/T2_1430.png|der                 ss       ee      
/data3fast/users/mbermudez/de_02/TFGDataset/img/T2_0148.png|tttttt        e  eeeeeeeeeeeeeeeeeeeeeeeeee    e eehhhh
/data3fast/users/mbermudez/de_02/TFGDataset/img/T2_1300.png|bee      hhhhh i iiieeeeeeeeee      ssss
/data3fast/users/mbermudez/de_02/TFGDataset/img/T2_0850.png|wettteeeeeeeeeeeeeee            .
/data3fast/users/mbermudez/de_02/TFGDataset/img/T2_1048.png|iieeeeeeee************************eee                     
/data3fast/users/mbermudez/de_02/TFGDataset/img/T2_0698.png|"        iii iiiieeeeeeeeeeehhheeeeehheeeeeeeee
/data3fast/users/mbermudez/de_02/TFGDataset/img/T2_1402.png|wlaa     aa     sssssssshh      eeeeeelettttttt
/data3fast/users/mbermudez/de_02/TFGDataset/img/T2_1365.png|eeee             s   eeeeeeeeeeeeleelllllleee
/data3fast/users/mbermudez/de_02/TFGDataset/img/T2_0501.png|geeessssssssss       eeeeeeeeeeeeeeeeeeeeeeeeeeeee
/data3fast/users/mbermudez/de_02/TFGDataset/img/T2_0828.png|unnddd        eeeeeeeeeeeeeeeeeeeee     aaaaa
/data3fast/users/mbermudez/de_02/TFGDataset/img/T2_0787.png|eeeee    n n    nnnn   nn     nnnn       llle
/data3fast/users/mbermudez/de_02/TFGDataset/img/T2_1431.png|dee        nnnnneeee  eeeeeeee  sssssssss
/data3fast/users/mbermudez/de_02/TFGDataset/img/T2_0217.png|*nee                        e              iit
/data3fast/users/mbermudez/de_02/TFGDataset/img/T2_1089.png|ii  eeeeeeeeeeeeeeeeeeeeeeeeeeeeeeeeeeee     eeeee
/data3fast/users/mbermudez/de_02/TFGDataset/img/T2_0892.png|nnn     s    eeeeeeeeeeeeeeeeNeeeeeesseeeeeeeeeeeee
/data3fast/users/mbermudez/de_02/TFGDataset/img/T2_0795.png|eerr              eeeeeeee                        
/data3fast/users/mbermudez/de_02/TFGDataset/img/T2_0415.png|teeeeeeeee            eeeeeeeeee      n n       ss
/data3fast/users/mbermudez/de_02/TFGDataset/img/T2_0288.png|iiiii         eeeeeee eeeee  eeeeeeeeeeeee      
/data3fast/users/mbermudez/de_02/TFGDataset/img/T2_0197.png|eeei            eesshccccc                     *eeeeeeeee
/data3fast/users/mbermudez/de_02/TFGDataset/img/T2_0678.png|leeeeeeeeeeee               eeeeeeeeeeeeeeeeeeeeeeeeh
/data3fast/users/mbermudez/de_02/TFGDataset/img/T2_1457.png|aaaaeeeeeeeeeeeeeeeeeeeeeeee        a
/data3fast/users/mbermudez/de_02/TFGDataset/img/T2_1366.png|bre    eeeettt                    ****           ee
/data3fast/users/mbermudez/de_02/TFGDataset/img/T2_1152.png|ber                       eeeeelelllee
/data3fast/users/mbermudez/de_02/TFGDataset/img/T2_0136.png|aassseeeeeeeeeee            eeee  e         t ..*.*..
/data3fast/users/mbermudez/de_02/TFGDataset/img/T2_0757.png|seee        eeeeeeeeeeeeeeee           eeeeeee
/data3fast/users/mbermudez/de_02/TFGDataset/img/T2_0477.png|iihhheee              eeeeeeeeeeeeeei             
/data3fast/users/mbermudez/de_02/TFGDataset/img/T2_0330.png|dii sssehheheeee       e eee           n    eeihhhheeee
/data3fast/users/mbermudez/de_02/TFGDataset/img/T2_0264.png|"        a       lllleeeeee              a
/data3fast/users/mbermudez/de_02/TFGDataset/img/T2_1138.png|bae  eee       eeeeseeeeeeeeeeeeeeeeeeeeeeeeee
/data3fast/users/mbermudez/de_02/TFGDataset/img/T2_1227.png|un      eeee eeeeeeeeeeeeeeeeeeeeeee          echhhhhe
/data3fast/users/mbermudez/de_02/TFGDataset/img/T2_0444.png|grrr    eeeeeeeeee          sss      sssssseeeeeeee
/data3fast/users/mbermudez/de_02/TFGDataset/img/T2_0195.png|wiit      hhhhhhhhhnnnn   n           eeee
/data3fast/users/mbermudez/de_02/TFGDataset/img/T2_0034.png|#  
/data3fast/users/mbermudez/de_02/TFGDataset/img/T2_0656.png|wii    hhhheeeeeeeeeeeeeeeeeeeeeeeeeeeeeeeeeeeeeeee
/data3fast/users/mbermudez/de_02/TFGDataset/img/T2_1388.png|belshhhhhh     s ee   dd                   
/data3fast/users/mbermudez/de_02/TFGDataset/img/T2_0692.png|**tee   tt    eeeee ee                   eeeeeeleeeeeee
/data3fast/users/mbermudez/de_02/TFGDataset/img/T2_0717.png|das   eeeeeett        eeeei  h  cchh aaaa     
/data3fast/users/mbermudez/de_02/TFGDataset/img/T2_0570.png|slltt   eeeeeeeeeeeeeeeeeee  ss                   h hh
/data3fast/users/mbermudez/de_02/TFGDataset/img/T2_0591.png|die sseeeeeeeeee e        n neeeeeeeeeeeeee    aaaaa
/data3fast/users/mbermudez/de_02/TFGDataset/img/T2_0210.png|sitt                                   tthhh
/data3fast/users/mbermudez/de_02/TFGDataset/img/T2_0021.png|alllleeeeeeeeeeeeieeeeeeeeeeeeeeeeee
/data3fast/users/mbermudez/de_02/TFGDataset/img/T2_0269.png|wllee       d d eeeeeeeeeeeeeeeeeeeeeeeeelllll
/data3fast/users/mbermudez/de_02/TFGDataset/img/T2_1181.png|"   eeeeeeeeeeeeeeee       ddddddeeeeeee   hhh
/data3fast/users/mbermudez/de_02/TFGDataset/img/T2_0642.png|die  eee    eeeeessssee eeeeeeeeeeeee       dds
/data3fast/users/mbermudez/de_02/TFGDataset/img/T2_0548.png|aalllleeeeeeeeeeeeeeeeeee        hh ssss  ssssss
/data3fast/users/mbermudez/de_02/TFGDataset/img/T2_1301.png|de                        eee    eee eeee e     s    eeeeeeeee
/data3fast/users/mbermudez/de_02/TFGDataset/img/T2_1495.png|eeee       eeeeeeeeeeeeses         nnn     nnn
/data3fast/users/mbermudez/de_02/TFGDataset/img/T2_0880.png|flleeeeee ssssssss   e   t tt   t.
/data3fast/users/mbermudez/de_02/TFGDataset/img/T2_0478.png|geeeeeee              eeeeeeeeeeeeeeeeeee      ssss
/data3fast/users/mbermudez/de_02/TFGDataset/img/T2_0667.png|sleeeeeeeeeeee       s                    eeeeeeeeee
/data3fast/users/mbermudez/de_02/TFGDataset/img/T2_1149.png|unn   eeeeeeeeee      ssss          seeeeeeeeee
/data3fast/users/mbermudez/de_02/TFGDataset/img/T2_0198.png|dei            e   eeeeeeeeeeeeeeeeeee           e
/data3fast/users/mbermudez/de_02/TFGDataset/img/T2_1266.png|"  deeesssssssssshhh             nnneenneee
/data3fast/users/mbermudez/de_02/TFGDataset/img/T2_0834.png|iiieeeeeeeeeeeeeettt   llleeeeeeeeee      sssss
/data3fast/users/mbermudez/de_02/TFGDataset/img/T2_1403.png|iiiihhhhhhhhh h          n  eeeeeeeeeeee******ec
/data3fast/users/mbermudez/de_02/TFGDataset/img/T2_0149.png|geeeee   i i  iittttt       eeeeee
/data3fast/users/mbermudez/de_02/TFGDataset/img/T2_1004.png|ccheeeeeeeeeeee          e  e e e   n  deeeeeeeeeeeeee
/data3fast/users/mbermudez/de_02/TFGDataset/img/T2_0420.png|dan  eeeeeeeeeeeeiiii               aaaaaaaa
/data3fast/users/mbermudez/de_02/TFGDataset/img/T2_1398.png|nn    sssseeeeeeeeeeeeeee            iiie
/data3fast/users/mbermudez/de_02/TFGDataset/img/T2_1100.png|hhhn     eeeeeeeeeeeleeeeeeeessss            tt
/data3fast/users/mbermudez/de_02/TFGDataset/img/T2_0759.png|der            eeeeeeeeehhhh     nnnnnnnnennnenn
/data3fast/users/mbermudez/de_02/TFGDataset/img/T2_1028.png|aareeeeeeeeeeeee          ddd  esssschchhhhh
/data3fast/users/mbermudez/de_02/TFGDataset/img/T2_1224.png|ss     teeeeeeeeeeeeeeeeeelllelee   sh        n
/data3fast/users/mbermudez/de_02/TFGDataset/img/T2_0007.png|ee     a aaau                eeeeeeeeeeeeeee
/data3fast/users/mbermudez/de_02/TFGDataset/img/T2_1216.png|*eeeeeeeeeeeeeeeee        s              aa 
/data3fast/users/mbermudez/de_02/TFGDataset/img/T2_1034.png|de       eeeeeeeeeeeeeeeee          eeeeehcchhhh
/data3fast/users/mbermudez/de_02/TFGDataset/img/T2_1113.png|llllll        neeeeeeeeeeeeeeeee          ssss
/data3fast/users/mbermudez/de_02/TFGDataset/img/T2_1486.png|iiiieeeeeeeeeee          eeeeeeeeeee  d ddeeeee
/data3fast/users/mbermudez/de_02/TFGDataset/img/T2_1269.png|tttttttttte      eeeeeeeeeeeeeeeeee       tttttttt
/data3fast/users/mbermudez/de_02/TFGDataset/img/T2_0183.png|aaeeeeeeeeeee e       ee eee  eee ee     ehhhhhh
/data3fast/users/mbermudez/de_02/TFGDataset/img/T2_0666.png|dee  eeeeeeeeee   sssssss                        deesee
/data3fast/users/mbermudez/de_02/TFGDataset/img/T2_0727.png|lllee    **    *    eeeeeee
/data3fast/users/mbermudez/de_02/TFGDataset/img/T2_0779.png|weeeeeeeeeeeeeeeeeeeeeeeeee         sss  eeeeeeeeeee
/data3fast/users/mbermudez/de_02/TFGDataset/img/T2_0285.png|fffe                    e  esssttttttte
/data3fast/users/mbermudez/de_02/TFGDataset/img/T2_0898.png|hheeeeeeeeeeeeeeeeeeeeeeeeeee     n  neeeeeeee
/data3fast/users/mbermudez/de_02/TFGDataset/img/T2_1417.png|iii      dd ddddd                  iit
/data3fast/users/mbermudez/de_02/TFGDataset/img/T2_0410.png|eeeeeeeeeeeeee*e************                       aaaa
/data3fast/users/mbermudez/de_02/TFGDataset/img/T2_0279.png|dee    nnn       n          tttee tttttt       
/data3fast/users/mbermudez/de_02/TFGDataset/img/T2_1426.png|aanneeeeeeeeeeeeeeeeeeeeeee                ssssslll
/data3fast/users/mbermudez/de_02/TFGDataset/img/T2_0598.png|eeeeeeeeeeeeeeeeee   sssssss               assss
/data3fast/users/mbermudez/de_02/TFGDataset/img/T2_0706.png|derr            ee eeeee        eeeeeeeeeeeeeeeeeeee
/data3fast/users/mbermudez/de_02/TFGDataset/img/T2_0617.png|ttttt             eeeeeeeeeesssssee  essss      eeee
/data3fast/users/mbermudez/de_02/TFGDataset/img/T2_1498.png|dii        eeeeeeeeeeeeeeee         sssssssssss
/data3fast/users/mbermudez/de_02/TFGDataset/img/T2_1088.png|unnneeeeeeeeeeeeeeeeeee                      s
/data3fast/users/mbermudez/de_02/TFGDataset/img/T2_1145.png|ffeeeeeee e          s  seeee            ssseeeee
/data3fast/users/mbermudez/de_02/TFGDataset/img/T2_0492.png|wrrreeee iiihhhhhhh       hhheeeeeeeeeeeeeeeeeeee
/data3fast/users/mbermudez/de_02/TFGDataset/img/T2_1425.png|sttt           eeeeeeeeeeeeeeeeeedddeeee
/data3fast/users/mbermudez/de_02/TFGDataset/img/T2_0292.png|aann      e   e          eeeeeehhhheeeeeee
/data3fast/users/mbermudez/de_02/TFGDataset/img/T2_1349.png|eeeeiiii   e e    eeeeeee               eeeeeeeeee
/data3fast/users/mbermudez/de_02/TFGDataset/img/T2_0261.png|geeeeesssseeeessssssseeeeelleee           nnnn
/data3fast/users/mbermudez/de_02/TFGDataset/img/T2_1232.png|ggeeeeeeeeeeeeeeeeeeeesllleeeee   e         aaad
/data3fast/users/mbermudez/de_02/TFGDataset/img/T2_0038.png|schh            ee   eeeeeeeeeeeeeeeeeeeee        n
/data3fast/users/mbermudez/de_02/TFGDataset/img/T2_1445.png|eeeeees      a a      eeeeeeeehhh      dee
/data3fast/users/mbermudez/de_02/TFGDataset/img/T2_0577.png|die   ihhhieiie       ***      eeesssss    eeedd
/data3fast/users/mbermudez/de_02/TFGDataset/img/T2_0473.png|geee       
/data3fast/users/mbermudez/de_02/TFGDataset/img/T2_0255.png|"                  ee eel lleeleeeeeeeeee
/data3fast/users/mbermudez/de_02/TFGDataset/img/T2_0827.png|dieeeeeeeehhhhh          eeeeeeeeeeeeeeeeeeeeeeee
/data3fast/users/mbermudez/de_02/TFGDataset/img/T2_0388.png|aaa  eeeeeee **  tttt  t      eeeeeeeeee e          
/data3fast/users/mbermudez/de_02/TFGDataset/img/T2_0847.png|# 
/data3fast/users/mbermudez/de_02/TFGDataset/img/T2_0824.png|nn   sssee   eeeeeeeee**eeeeeeeeee   chhhhhhheeeeeee
/data3fast/users/mbermudez/de_02/TFGDataset/img/T2_0391.png|wrre   ssss               eeeieecheheeeeee     eeeee
/data3fast/users/mbermudez/de_02/TFGDataset/img/T2_0917.png|# 
/data3fast/users/mbermudez/de_02/TFGDataset/img/T2_0871.png|geeeeeeeeeeeeeeddddd     ddssaaa          eeee
/data3fast/users/mbermudez/de_02/TFGDataset/img/T2_0851.png|nnneeeeeeeee          aa         eeeeeeeeeeee
/data3fast/users/mbermudez/de_02/TFGDataset/img/T2_0017.png|die        n         ****eeeeeeeeeeeeeee
/data3fast/users/mbermudez/de_02/TFGDataset/img/T2_1243.png|eeeeeees             eeeeeeeeeeeeesssssssssssseee
/data3fast/users/mbermudez/de_02/TFGDataset/img/T2_1307.png|cceeeeeeeeeessssss eeeeeeeeee              eee
/data3fast/users/mbermudez/de_02/TFGDataset/img/T2_0235.png|geeeetthhh             sshchhhh    nnnn  eee
/data3fast/users/mbermudez/de_02/TFGDataset/img/T2_0384.png|eeeeeeee       nne   e    eeeeeeeeeeeeeeeeeeee
/data3fast/users/mbermudez/de_02/TFGDataset/img/T2_0233.png|eeeeeehheieeeee******ee eeeeeeeee  ee   d         iih
/data3fast/users/mbermudez/de_02/TFGDataset/img/T2_0389.png|geee    eeeeeeee tt                ssssssssss
/data3fast/users/mbermudez/de_02/TFGDataset/img/T2_0488.png|aheeeeeeeeeeeeeeeeeeeee     eeeee  hhhh
/data3fast/users/mbermudez/de_02/TFGDataset/img/T2_1308.png|sshhhhhh        eeee   ..
/data3fast/users/mbermudez/de_02/TFGDataset/img/T2_1020.png|# 
/data3fast/users/mbermudez/de_02/TFGDataset/img/T2_0799.png|ieeeeeeeeeeeeeehhhhe      eeeeeeeeeeeeeeeeeeeee
/data3fast/users/mbermudez/de_02/TFGDataset/img/T2_0309.png|dassseeeeeeeeeeeeeess                  eeee
/data3fast/users/mbermudez/de_02/TFGDataset/img/T2_1111.png|bee                 eee   ttttttttt          llllhh
/data3fast/users/mbermudez/de_02/TFGDataset/img/T2_1400.png|bee    ee
/data3fast/users/mbermudez/de_02/TFGDataset/img/T2_1439.png|teeee eeeee  ess  llllt tt           eeeee
/data3fast/users/mbermudez/de_02/TFGDataset/img/T2_1468.png|anaa  h  hhhhcch ee     ee      e eeee       hhhhh
/data3fast/users/mbermudez/de_02/TFGDataset/img/T2_0882.png|zeeeeeeeeeeeeeeeeeeeeeeeeeeeeee         nnn
/data3fast/users/mbermudez/de_02/TFGDataset/img/T2_0623.png|drr        eeee eeeeeeeiiiiiee  eeeeeer
/data3fast/users/mbermudez/de_02/TFGDataset/img/T2_1097.png|geeeeeeeeeeeeee   deeeeeeeeeeeeeee sssssssssseee
/data3fast/users/mbermudez/de_02/TFGDataset/img/T2_0668.png|nnn eeeeeeee          eeeeeeeeeeeeeeeettttttt
/data3fast/users/mbermudez/de_02/TFGDataset/img/T2_0368.png|wi            eeeessseeeeeeeeee               eeee
/data3fast/users/mbermudez/de_02/TFGDataset/img/T2_0610.png|de         ssseeeeeeeeeseeeeeeeee  hh          eeee
/data3fast/users/mbermudez/de_02/TFGDataset/img/T2_0919.png|wett           sssss   eeeeeeeeeeeeeeeeee    aaaa
/data3fast/users/mbermudez/de_02/TFGDataset/img/T2_1065.png|llle ee   ee    ssccccchh         eeeeee          
/data3fast/users/mbermudez/de_02/TFGDataset/img/T2_0495.png|neeeeeeeeeehhhhheee      e eeee         aaaaaaa
/data3fast/users/mbermudez/de_02/TFGDataset/img/T2_0476.png|dee                   ee
/data3fast/users/mbermudez/de_02/TFGDataset/img/T2_0414.png|geee         eeeeeeeeeeee                 dddeeeeee
/data3fast/users/mbermudez/de_02/TFGDataset/img/T2_1282.png|sit                        tt   t       ..  .......
/data3fast/users/mbermudez/de_02/TFGDataset/img/T2_1286.png|uuu                sseshhhhheeeeeeeeeeeeeeeeee
/data3fast/users/mbermudez/de_02/TFGDataset/img/T2_1441.png|beeeeeee                         eeeeeeeeeeeeee
/data3fast/users/mbermudez/de_02/TFGDataset/img/T2_1046.png|dee tttttttttttt
/data3fast/users/mbermudez/de_02/TFGDataset/img/T2_0981.png|sse        sssss eeeeeeeesseeeeeeeeeeeee          e eeeee
/data3fast/users/mbermudez/de_02/TFGDataset/img/T2_0741.png|# 
/data3fast/users/mbermudez/de_02/TFGDataset/img/T2_0393.png|beeesss           deeeneneee         aaaa
/data3fast/users/mbermudez/de_02/TFGDataset/img/T2_1107.png|#  eee
/data3fast/users/mbermudez/de_02/TFGDataset/img/T2_0636.png|#  
/data3fast/users/mbermudez/de_02/TFGDataset/img/T2_0245.png|eeeeeeeeeeeeeeeeehhhee nn    dddd
/data3fast/users/mbermudez/de_02/TFGDataset/img/T2_1210.png|geeeeee                eeeeeeeeeeeennennnn
/data3fast/users/mbermudez/de_02/TFGDataset/img/T2_0244.png|beeeeeeeeeeeeeeeeeeeeeeeeeeeeeeeeeeeeeeeee
/data3fast/users/mbermudez/de_02/TFGDataset/img/T2_0823.png|sstt    aa       sss eeeeeeeeee      cchhhh
/data3fast/users/mbermudez/de_02/TFGDataset/img/T2_0928.png|der     aaa            eeeeeeeee     aaaa 
/data3fast/users/mbermudez/de_02/TFGDataset/img/T2_0083.png|uuu eeeeeeeeeeeeeeee                  a    a 
/data3fast/users/mbermudez/de_02/TFGDataset/img/T2_0037.png|eeeeiiiiihhhhhhheeeeee        eeeeeeeeeeeeeeee
/data3fast/users/mbermudez/de_02/TFGDataset/img/T2_1010.png|ggee               sseeeeeeeeeeeeeeeeeeeeee 
/data3fast/users/mbermudez/de_02/TFGDataset/img/T2_1299.png|mii  eeeeeeeeeee                eeeeee eeeeeeeeeeeee
/data3fast/users/mbermudez/de_02/TFGDataset/img/T2_0808.png|iii      aa           eeee eeeeeeeeeeeeeeeeNNN
/data3fast/users/mbermudez/de_02/TFGDataset/img/T2_0515.png|auu  eeeeeehttt                        eeeeeeeee
/data3fast/users/mbermudez/de_02/TFGDataset/img/T2_0970.png|ssssshlhhh  h        eeeeeeeeeeeeeeeeeee   ee  eeee
/data3fast/users/mbermudez/de_02/TFGDataset/img/T2_0098.png|see            eeee tt     e    eeeeee eeees
/data3fast/users/mbermudez/de_02/TFGDataset/img/T2_1482.png|all    ddnneeeeeeeeeeeee ll   aaaaa alll
/data3fast/users/mbermudez/de_02/TFGDataset/img/T2_0958.png|dee      ee  e eee hhhcch               eeeeeeeeeeeN
/data3fast/users/mbermudez/de_02/TFGDataset/img/T2_0835.png|dee                    ee       ttttt           s  se
/data3fast/users/mbermudez/de_02/TFGDataset/img/T2_0268.png|auuu                        eeeeee  e e   chhhhhhhh
/data3fast/users/mbermudez/de_02/TFGDataset/img/T2_0619.png|deeeeeeeeee e e                 eeeeeeeeeeeeeeee ettttt
/data3fast/users/mbermudez/de_02/TFGDataset/img/T2_1201.png|dieeeeeeeeeeeeeeeeeseshhhhhhh               eeee
/data3fast/users/mbermudez/de_02/TFGDataset/img/T2_0990.png|dee                aaa sss eeeeeeeeee
/data3fast/users/mbermudez/de_02/TFGDataset/img/T2_1208.png|ddssss eee        eeeeeeeeee  leeeeeeeeie
/data3fast/users/mbermudez/de_02/TFGDataset/img/T2_1448.png|gghheeeeeeeeeeeeee                eeeeeeeee   ee
/data3fast/users/mbermudez/de_02/TFGDataset/img/T2_0722.png|chheeeeee eee   ll      eeeeeeeeeeeeeee edd
/data3fast/users/mbermudez/de_02/TFGDataset/img/T2_0138.png|aaa     s               eeeeeeeeeeeeeeeeeeeeeee
/data3fast/users/mbermudez/de_02/TFGDataset/img/T2_0095.png|nnnndeeeeeeeeeee                 eeeeeeessss
/data3fast/users/mbermudez/de_02/TFGDataset/img/T2_0673.png|ass  eeeeeeeeee        ll leeeeeeeee
/data3fast/users/mbermudez/de_02/TFGDataset/img/T2_0572.png|feee    dee eeeeeeeeeeee ee e  e       e          
/data3fast/users/mbermudez/de_02/TFGDataset/img/T2_0169.png|der  tthhhhh      eeeeeeeeeeeeehhee nnnnne
/data3fast/users/mbermudez/de_02/TFGDataset/img/T2_0161.png|aaa     nneeeeeeeeeee e         eeeeeeeesssslll
/data3fast/users/mbermudez/de_02/TFGDataset/img/T2_1055.png|seeeeeee          t         eessssss
/data3fast/users/mbermudez/de_02/TFGDataset/img/T2_0597.png|ee         iiieeeeeieeeeiiiiii  ee ee**
/data3fast/users/mbermudez/de_02/TFGDataset/img/T2_1461.png|der        sssssssseeeeeeeeeeeeee  eeeee       neee
/data3fast/users/mbermudez/de_02/TFGDataset/img/T2_0605.png|sslleeeeeeeeeeeeeee      s           d  dddddd
/data3fast/users/mbermudez/de_02/TFGDataset/img/T2_0229.png|ihhhhhhh      eeeeeeeeeeeeeeeeeeeeeeeeeeeee      eee
/data3fast/users/mbermudez/de_02/TFGDataset/img/T2_1179.png|dd    eeeeehh            ee                  cchh
/data3fast/users/mbermudez/de_02/TFGDataset/img/T2_0395.png|dd     eeee  ee iiiiiieeeeeeeee       assssss
/data3fast/users/mbermudez/de_02/TFGDataset/img/T2_1190.png|ssattt  ttt   tt  ttt      ieeeeeeeeeeeeeeeee
/data3fast/users/mbermudez/de_02/TFGDataset/img/T2_0257.png|weeeeihhhhhh           seeeeeeeee hhhh    eeeeeee
/data3fast/users/mbermudez/de_02/TFGDataset/img/T2_0894.png|un  eeeeeeeeeeeeeeeeeeeeeeeeeeee e e    eee  nnnnnnn
/data3fast/users/mbermudez/de_02/TFGDataset/img/T2_0907.png|zeeeeeeeeeeeee *     eeee*eee *         llleeeee
/data3fast/users/mbermudez/de_02/TFGDataset/img/T2_0425.png|**eeeeee    ss   eeeeeeeeeeeeehessseeeeeeeeeee
/data3fast/users/mbermudez/de_02/TFGDataset/img/T2_1239.png|ann   eeeeee           .............
/data3fast/users/mbermudez/de_02/TFGDataset/img/T2_0056.png|der               eeee                     n
/data3fast/users/mbermudez/de_02/TFGDataset/img/T2_1141.png|aaahhhhhhhhh              sss           eeeee
/data3fast/users/mbermudez/de_02/TFGDataset/img/T2_1128.png|iii         eeeeeeeeeeee eeeeeeeetieeeeeeeeeeeee
/data3fast/users/mbermudez/de_02/TFGDataset/img/T2_1195.png|ihhh  aaaaaa   eeeeeeee
/data3fast/users/mbermudez/de_02/TFGDataset/img/T2_0441.png|chh  eeee              sssss           ee
/data3fast/users/mbermudez/de_02/TFGDataset/img/T2_0780.png|annneeeeeeeee*    ......
/data3fast/users/mbermudez/de_02/TFGDataset/img/T2_1193.png|wireeeeeeeeee    ssseee eeeeeseeessssssss         dddd
/data3fast/users/mbermudez/de_02/TFGDataset/img/T2_1019.png|geeeeeennnn  iiiihhii    eeeeeeeeee
/data3fast/users/mbermudez/de_02/TFGDataset/img/T2_0089.png|aass     eeeeeeeeeeeeeeeeeeeeeeeee   aaa
/data3fast/users/mbermudez/de_02/TFGDataset/img/T2_0502.png|gela        niiihhhhhhnnnn n   eeeeeeee
/data3fast/users/mbermudez/de_02/TFGDataset/img/T2_0297.png|deee                     sscchheeeeeeeeeee   ee
/data3fast/users/mbermudez/de_02/TFGDataset/img/T2_0291.png|reesssssss     e   e                            nnn
/data3fast/users/mbermudez/de_02/TFGDataset/img/T2_1051.png|*eeeeeeeeeeeeeeeeeeeeeeeeeeeeeeeeeeeee        
/data3fast/users/mbermudez/de_02/TFGDataset/img/T2_1348.png|dssssssssstttttttt..
/data3fast/users/mbermudez/de_02/TFGDataset/img/T2_0560.png|aassssssehhhh      hhhhhc  hhtt   eeeeeeeeeeee
/data3fast/users/mbermudez/de_02/TFGDataset/img/T2_1261.png|deeeeeeeeeeeeee         eeeeeeeeeeeeeeeeee
/data3fast/users/mbermudez/de_02/TFGDataset/img/T2_1466.png|aaa             e eeeeeeeeeeeeeeeeeeeeeeeeesssssshhhh
/data3fast/users/mbermudez/de_02/TFGDataset/img/T2_0746.png|geeee   eeeeeeeeeeee        hhhcchhssh   eeee
/data3fast/users/mbermudez/de_02/TFGDataset/img/T2_0379.png|die eeeeeeeee  nnn    ss          ttt
/data3fast/users/mbermudez/de_02/TFGDataset/img/T2_0076.png|deeeeeeeeeeeeeeeeeeeeeeee   eeee eee eneee
/data3fast/users/mbermudez/de_02/TFGDataset/img/T2_1122.png|dee  cchheeeeeeeeeee    ssssssse      ddde
/data3fast/users/mbermudez/de_02/TFGDataset/img/T2_1467.png|iittttaaaaaaaaaa a     teeeeee   nnnniei
/data3fast/users/mbermudez/de_02/TFGDataset/img/T2_1001.png|geeeshhsllllll lll    eeeeeeeeeeeeeeeeeeeeeeeeeeeh
/data3fast/users/mbermudez/de_02/TFGDataset/img/T2_1083.png|eeeee hhhh   nnn           s     aa        eeeeeee
/data3fast/users/mbermudez/de_02/TFGDataset/img/T2_0870.png|aa   eeeeeeeee          aaaaaa  aa  eeeeeeee
/data3fast/users/mbermudez/de_02/TFGDataset/img/T2_1094.png|"     ssss        hh  eeeee     nn   eeeeeeeeeeee
/data3fast/users/mbermudez/de_02/TFGDataset/img/T2_1223.png|aaa          ssssseeeeessee           aa    
/data3fast/users/mbermudez/de_02/TFGDataset/img/T2_0941.png|hhhhh   n nnn e  e n  eeeeeeeeeeeeeeeeeeeehhhh
/data3fast/users/mbermudez/de_02/TFGDataset/img/T2_0035.png|dee   eeeeee  eeeeeeeee eeeeeeeeeeeeeeii     
/data3fast/users/mbermudez/de_02/TFGDataset/img/T2_0075.png|"   eeeeelllllle  t..
/data3fast/users/mbermudez/de_02/TFGDataset/img/T2_0639.png|# 
/data3fast/users/mbermudez/de_02/TFGDataset/img/T2_0709.png|deeeeeeeeeeeeeeeeee                      eeeeeee
/data3fast/users/mbermudez/de_02/TFGDataset/img/T2_1387.png|******eeeeeeeeeeeeeeeee   ss ss           eeeeeeeeeeeee
/data3fast/users/mbermudez/de_02/TFGDataset/img/T2_0945.png|inn     eeeeeeeeeeeeeeeeeeeeeeee       
/data3fast/users/mbermudez/de_02/TFGDataset/img/T2_0621.png|seeeeeeeeeeeeee**nnn nccchhhh          ieee
/data3fast/users/mbermudez/de_02/TFGDataset/img/T2_1191.png|ieeeeeeeeeee      e eeeeeeeeeeeeeeeeee     eeeeeeee
/data3fast/users/mbermudez/de_02/TFGDataset/img/T2_0050.png|wwe      eeeee  eeeeeeee eeeeeeeeeeeeeeee   hhhhh
/data3fast/users/mbermudez/de_02/TFGDataset/img/T2_0961.png|beeeeee  *****      t        eeeeeeee   aaaaau
/data3fast/users/mbermudez/de_02/TFGDataset/img/T2_1268.png|wirr     dnn    n          sseeeeeeee   ddd
/data3fast/users/mbermudez/de_02/TFGDataset/img/T2_1397.png|daa                t iii  i eeeeeeee
/data3fast/users/mbermudez/de_02/TFGDataset/img/T2_0479.png|eeeeeeeeee ee            dd        heeeee
/data3fast/users/mbermudez/de_02/TFGDataset/img/T2_1077.png|seeeeeeeeeeiiiii                  asssssssse
/data3fast/users/mbermudez/de_02/TFGDataset/img/T2_0070.png|deesscccchhh         llleeeeeeeeeeeeeee
/data3fast/users/mbermudez/de_02/TFGDataset/img/T2_0872.png|mi  t  ee         eeeeeeeeeee         sssss
/data3fast/users/mbermudez/de_02/TFGDataset/img/T2_0740.png|dee   eeeeeeeeeeeeess * ee             sssss       s  ss     de
/data3fast/users/mbermudez/de_02/TFGDataset/img/T2_0440.png|eee                  ttttttttt.
