/data3fast/users/mbermudez/de_02/TFGDataset/img/T2_0667.png|llleeeeeeeeeeeee     t  h    e        reeeeeeeeeeee
/data3fast/users/mbermudez/de_02/TFGDataset/img/T2_0439.png|aassssssss  eeeeeeeeeeeeeeeeeeeeeee       deeeee
/data3fast/users/mbermudez/de_02/TFGDataset/img/T2_1115.png|iieeeeeeeeeeeeeeeeeeeeeeeeer          r
/data3fast/users/mbermudez/de_02/TFGDataset/img/T2_0100.png|nee     s saa        eeeeeeeeeeeeeee             
/data3fast/users/mbermudez/de_02/TFGDataset/img/T2_0776.png|eeeeeeeeeeeeeeeeeeeeeeeetttt         dddddeeeeeeeeeee
/data3fast/users/mbermudez/de_02/TFGDataset/img/T2_1164.png|eer           eeeeeeeeeeeeeeeeeeeeeeessleeeee
/data3fast/users/mbermudez/de_02/TFGDataset/img/T2_0507.png|iiill      sss eeee  eeeeeeeeeeeeeeeet  hhh h      aa
/data3fast/users/mbermudez/de_02/TFGDataset/img/T2_1447.png|nnn ssssssllllllee          eeeeeeeeeeeeeeeeeeeeeeehh**
/data3fast/users/mbermudez/de_02/TFGDataset/img/T2_0300.png|anhh   e e            ttttt      e     nnnaat
/data3fast/users/mbermudez/de_02/TFGDataset/img/T2_1072.png|oo     eeeeeeeeii tt  aa aa       tttt        s
/data3fast/users/mbermudez/de_02/TFGDataset/img/T2_0958.png|dee      e e                    nnnnn   eeeeeeeeNNN
/data3fast/users/mbermudez/de_02/TFGDataset/img/T2_0832.png|aasss         n         r   t         ddddeedd
/data3fast/users/mbermudez/de_02/TFGDataset/img/T2_0336.png|hhh             e       eeeeeeeee  tttttttt
/data3fast/users/mbermudez/de_02/TFGDataset/img/T2_1068.png|gleiihhhhh             heeeeeeehhhh        eee
/data3fast/users/mbermudez/de_02/TFGDataset/img/T2_0053.png|aasssa aaa    ssssss           e   e   sssttttt
/data3fast/users/mbermudez/de_02/TFGDataset/img/T2_1462.png|ann e ehhhhh                  eeiii   nniie
/data3fast/users/mbermudez/de_02/TFGDataset/img/T2_0479.png|ttttttl   e eeeee                 ihhh
/data3fast/users/mbermudez/de_02/TFGDataset/img/T2_0065.png|der                       sssi s s ssss     hhttttee
/data3fast/users/mbermudez/de_02/TFGDataset/img/T2_0191.png|eee   nnneeeeeeeeeeeeeeeeee       u u      e
/data3fast/users/mbermudez/de_02/TFGDataset/img/T2_0541.png|geeeettttt                 sssssssssssssssssssssss
/data3fast/users/mbermudez/de_02/TFGDataset/img/T2_1078.png|tttt    
/data3fast/users/mbermudez/de_02/TFGDataset/img/T2_0390.png|sssseeeeeeeeeeeeehhhhhhh         seee    eeeeeeeeeee
/data3fast/users/mbermudez/de_02/TFGDataset/img/T2_0680.png|anneeeeeeeeeeeeeeei   nn    n            hhhhhhhh
/data3fast/users/mbermudez/de_02/TFGDataset/img/T2_0296.png|nnn  eeeeeeee                eeeiii        aa
/data3fast/users/mbermudez/de_02/TFGDataset/img/T2_0096.png|aaa     nnn      ddd dddeeeeeed aaaa ee
/data3fast/users/mbermudez/de_02/TFGDataset/img/T2_0745.png|ggeeeeeeeeeeeeeeeeeeeee                    eeeeeee
/data3fast/users/mbermudez/de_02/TFGDataset/img/T2_0454.png|hhhh     eeeeeeeeeeeeeeeee               nnnnn
/data3fast/users/mbermudez/de_02/TFGDataset/img/T2_1394.png|nnne         ssstttt  t           ee eeeeeeeeeeeee
/data3fast/users/mbermudez/de_02/TFGDataset/img/T2_0716.png|iihhhhhhhh              h       hhhhhhh            ssss
/data3fast/users/mbermudez/de_02/TFGDataset/img/T2_1255.png|lleee nnneeeeeehhhhhheeeeeeeeeeeeeee          dddd
/data3fast/users/mbermudez/de_02/TFGDataset/img/T2_1016.png|nee    siiii   nnnneeeeeeeeett        ess      eeNN
/data3fast/users/mbermudez/de_02/TFGDataset/img/T2_0712.png|der  aaaa    eeeeeeeeeeeeeeeeeeeeeellll  a
/data3fast/users/mbermudez/de_02/TFGDataset/img/T2_0463.png|deeee                             ee  ssssss   aaaaae
/data3fast/users/mbermudez/de_02/TFGDataset/img/T2_0568.png|hheeee         aaa       ieeeeeeeee     rt
/data3fast/users/mbermudez/de_02/TFGDataset/img/T2_0659.png|eee hhhhh   hhhhhh   h eehheee            ..
/data3fast/users/mbermudez/de_02/TFGDataset/img/T2_0639.png|#  
/data3fast/users/mbermudez/de_02/TFGDataset/img/T2_0523.png|ttttthhh   eeeeeeee            eeeeeeessseeee
/data3fast/users/mbermudez/de_02/TFGDataset/img/T2_0270.png|"  sssss
/data3fast/users/mbermudez/de_02/TFGDataset/img/T2_1153.png|uud eeeeeeeeeee
/data3fast/users/mbermudez/de_02/TFGDataset/img/T2_0459.png|stt        nnn n    eeeeeeeeeeeeennnnaaaa  nneee
/data3fast/users/mbermudez/de_02/TFGDataset/img/T2_0591.png|deeeeeeeeeeh h           eeeeeeeeeeeeeeee     a
/data3fast/users/mbermudez/de_02/TFGDataset/img/T2_0418.png|geeeeeeeeeeeeeeeeee           eee eeehchh      n
/data3fast/users/mbermudez/de_02/TFGDataset/img/T2_1023.png|derreeeeeeeeeeeeeeeeeeeeeeet        dddd
/data3fast/users/mbermudez/de_02/TFGDataset/img/T2_1187.png|annn    eeeeee         llll   e                 ttt
/data3fast/users/mbermudez/de_02/TFGDataset/img/T2_0695.png|"   ssssshhhhhhhheeeeeeeeee                  h
/data3fast/users/mbermudez/de_02/TFGDataset/img/T2_1263.png|geeehhtt        dddeeeeeeee             eeeee
/data3fast/users/mbermudez/de_02/TFGDataset/img/T2_1459.png|deeeeeeeeeeeeehhhhhhhe       e eeeeeeee       
/data3fast/users/mbermudez/de_02/TFGDataset/img/T2_0306.png|t            hheeehhheeeeeeee           eee   iiitttt
/data3fast/users/mbermudez/de_02/TFGDataset/img/T2_0085.png|iinn   e    
/data3fast/users/mbermudez/de_02/TFGDataset/img/T2_1331.png|iii  ssssssseeeeeeeeeeeeeeeee  ssssss                 
/data3fast/users/mbermudez/de_02/TFGDataset/img/T2_0492.png|orrreeeeehhhhhhhh   a    heeeeeeeeeeeeeeeeeeeene
/data3fast/users/mbermudez/de_02/TFGDataset/img/T2_1119.png|"eeeeeeeeeeeeeeeeeeeee                 sssssstst     
/data3fast/users/mbermudez/de_02/TFGDataset/img/T2_0375.png|aaeeeeeeeeeeeeeeeeeelllhhh         hhhhhc htts
/data3fast/users/mbermudez/de_02/TFGDataset/img/T2_0801.png|eeeees        eeeeeeeeeeeeeeee    aaaa     eeee
/data3fast/users/mbermudez/de_02/TFGDataset/img/T2_0520.png|dr   nnnnnneeeieiheee  ee
/data3fast/users/mbermudez/de_02/TFGDataset/img/T2_1181.png|"    eeeeeeeeeeeeeeeee   e   ddddeeeeeeeehhhhhh
/data3fast/users/mbermudez/de_02/TFGDataset/img/T2_0878.png|rrrr  a aa   eeeeeeeeele   nn     sssshhhhhtee
/data3fast/users/mbermudez/de_02/TFGDataset/img/T2_0533.png|dssssss  a            eeeeeee              rrrrreer
/data3fast/users/mbermudez/de_02/TFGDataset/img/T2_0441.png|hheeeeeeee              ssssssss      eeee
/data3fast/users/mbermudez/de_02/TFGDataset/img/T2_1180.png|beeeed       r     tttttssssss             
/data3fast/users/mbermudez/de_02/TFGDataset/img/T2_0106.png|"   ssssseee            eeeeeeeeeh
/data3fast/users/mbermudez/de_02/TFGDataset/img/T2_0526.png|nnn   aaaaa   ttt  ll  eeeeeeeeeeennne
/data3fast/users/mbermudez/de_02/TFGDataset/img/T2_0398.png|iii    deee      ee ss    ttt       eeeeeeeeeeNN
/data3fast/users/mbermudez/de_02/TFGDataset/img/T2_1208.png|ddssseeeeeeeeennnneeeeeee  ttt   ttteii
/data3fast/users/mbermudez/de_02/TFGDataset/img/T2_0084.png|wnnn      sss    tt t    e  ee s       ee      eeeeieeeeeee
/data3fast/users/mbermudez/de_02/TFGDataset/img/T2_0388.png|mmurreeee tttttt       t       eeeeeeeeee   nnnnnnn
/data3fast/users/mbermudez/de_02/TFGDataset/img/T2_0746.png|eeeee          eeeeee     hhhhhhhssssss   eeee
/data3fast/users/mbermudez/de_02/TFGDataset/img/T2_1403.png|iihhhhhhtttt      n nn   eeeeeeeeeeeeeeee   nnn
/data3fast/users/mbermudez/de_02/TFGDataset/img/T2_0656.png|oo         eeeelleeeeeeeeeeeeeeeeeeeeeeeeeeeeeeee
/data3fast/users/mbermudez/de_02/TFGDataset/img/T2_0028.png|ooau     ddd            eseeseee        ssssssss
/data3fast/users/mbermudez/de_02/TFGDataset/img/T2_0578.png|ggeee             nnnn    n    eeeeeeee       eehh
/data3fast/users/mbermudez/de_02/TFGDataset/img/T2_0351.png|oeeeeeeeeeeee ddddddd   e        sssssss
/data3fast/users/mbermudez/de_02/TFGDataset/img/T2_0688.png|wiee   eeeeeee       aa            eeeeeeeeeeeeee    n
/data3fast/users/mbermudez/de_02/TFGDataset/img/T2_0765.png|eee n  nn eeeeeeeeeeiitt          eeeeee
/data3fast/users/mbermudez/de_02/TFGDataset/img/T2_1080.png|reeee      sssssssssslll aaa  nnnn   eeeee
/data3fast/users/mbermudez/de_02/TFGDataset/img/T2_0179.png|ttn  nnnnn    nnnneeeeeeeeeccceeeeeeeeeee
/data3fast/users/mbermudez/de_02/TFGDataset/img/T2_0964.png|hhttt    eeeeeesssssseeeeeeeeeeeeee     r
/data3fast/users/mbermudez/de_02/TFGDataset/img/T2_0783.png|eeeschhi      ee   ssssssss          aaeeee
/data3fast/users/mbermudez/de_02/TFGDataset/img/T2_0032.png|wweee               eeeeeeeeeeeeeeeeeeeeeeeeeeee
/data3fast/users/mbermudez/de_02/TFGDataset/img/T2_0088.png|ee            eeeiiieee nn   eeeeeeeee     n
/data3fast/users/mbermudez/de_02/TFGDataset/img/T2_0552.png|nneeeeeeeee        nneeeeeeeeeeeeeellslN
/data3fast/users/mbermudez/de_02/TFGDataset/img/T2_1004.png|hhheeeeeeeeeeeeeee        eeeeeeee   dd eeeeeeennneee
/data3fast/users/mbermudez/de_02/TFGDataset/img/T2_0024.png|beeeeeeeeeeetttt         eeeeee                ee
/data3fast/users/mbermudez/de_02/TFGDataset/img/T2_0352.png|fee nnnnnnnnnn    ee           sss sttttttttt
/data3fast/users/mbermudez/de_02/TFGDataset/img/T2_0935.png|ttttt   hhhhhhhhhh          ssssch    eeee
/data3fast/users/mbermudez/de_02/TFGDataset/img/T2_1098.png|wiissssshhhhhhh  sse eeees       s               esssss
/data3fast/users/mbermudez/de_02/TFGDataset/img/T2_1247.png|ieeeeeeesssssss   nnnnnnnnnnnnnnnneeeeeeeeeee
/data3fast/users/mbermudez/de_02/TFGDataset/img/T2_0514.png|dass           e  eeeeeeeee          eeeeeeeeeeeee       nnn
/data3fast/users/mbermudez/de_02/TFGDataset/img/T2_1337.png|"         sssssss eeeeeeeee eeeeeeeeeeeee
/data3fast/users/mbermudez/de_02/TFGDataset/img/T2_1398.png|ie         eeeeeeeeeeeeeennnn     iiiieee
/data3fast/users/mbermudez/de_02/TFGDataset/img/T2_0278.png|orrrr   ehhhheeeeeeeeeeeeeeeeeeeeeeeeeeeeeeetttttttttt
/data3fast/users/mbermudez/de_02/TFGDataset/img/T2_1186.png|nneehhhh                                 eeeeee
/data3fast/users/mbermudez/de_02/TFGDataset/img/T2_1317.png|dasseeeeeeeeee                ttteee ee      nnn
/data3fast/users/mbermudez/de_02/TFGDataset/img/T2_0014.png|nnn  eessseettt     n     eeeeeecchhhhh       nnn
/data3fast/users/mbermudez/de_02/TFGDataset/img/T2_0673.png|aas   eee  rrrrrr       e eeeeeeeee
/data3fast/users/mbermudez/de_02/TFGDataset/img/T2_1258.png|rrrhhhaaaaaaallll  eeeeeeeeeee      ssssss
/data3fast/users/mbermudez/de_02/TFGDataset/img/T2_0317.png|wiii      hhhhh        eeeedee ***     ccchhhee
/data3fast/users/mbermudez/de_02/TFGDataset/img/T2_1047.png|sse  aaaaa ssssssss eeeeeeeeeeeeeeeerrreeeeee
/data3fast/users/mbermudez/de_02/TFGDataset/img/T2_1050.png|weee                   eeeeeeeeeeeeeeee  eeeee
/data3fast/users/mbermudez/de_02/TFGDataset/img/T2_0763.png|scchhhheee  ee            dd  eeeeeeeee    hhhhhhh
/data3fast/users/mbermudez/de_02/TFGDataset/img/T2_0066.png|frre eeeeeehhhhhheeeeeee        llllleeeeeN
/data3fast/users/mbermudez/de_02/TFGDataset/img/T2_0976.png|ssss  aaaaaaa       h     eeeeeeeeeeeeee        ddd
/data3fast/users/mbermudez/de_02/TFGDataset/img/T2_1458.png|der  iiiiiin    ii    ******     rrrreeeeeee
/data3fast/users/mbermudez/de_02/TFGDataset/img/T2_0490.png|eerrhhhh                 i              sshhhhee
/data3fast/users/mbermudez/de_02/TFGDataset/img/T2_0093.png|die    n n   eeeeeeeeeeeeeeeeee   ssssttttttt
/data3fast/users/mbermudez/de_02/TFGDataset/img/T2_1269.png|iiitttee sllll  eenneeeeeeeeee    eeee   tttiiiihh
/data3fast/users/mbermudez/de_02/TFGDataset/img/T2_0473.png|geeee  ssss
/data3fast/users/mbermudez/de_02/TFGDataset/img/T2_0139.png|ssttt                    ee  eeeeeeeeeeeeeeeeeeeeee
/data3fast/users/mbermudez/de_02/TFGDataset/img/T2_0672.png|nnneeeeeeeeeddnn   eeeeeeeeeeeeeeettteee
/data3fast/users/mbermudez/de_02/TFGDataset/img/T2_1022.png|deeeNNeeeeeeeeeeeeeeeeeeeeeeeeeeeseeeeeennnnnn
/data3fast/users/mbermudez/de_02/TFGDataset/img/T2_0537.png|"   eeeeee    n    e              ee*****eee
/data3fast/users/mbermudez/de_02/TFGDataset/img/T2_0195.png|aaahh      hhhhhh           e rr    u   rree
/data3fast/users/mbermudez/de_02/TFGDataset/img/T2_0246.png|sttt      nnnneeeeeeeeeeeeeeeeeeee eeee
/data3fast/users/mbermudez/de_02/TFGDataset/img/T2_0861.png|mit              aaa         n n eeeeeeitttt
/data3fast/users/mbermudez/de_02/TFGDataset/img/T2_0516.png|wwrreeeeeee      ee         eeeeeeeeeeeeeeeeee
/data3fast/users/mbermudez/de_02/TFGDataset/img/T2_0321.png|iiin  sss   
/data3fast/users/mbermudez/de_02/TFGDataset/img/T2_0217.png|*eeee                   e e                 nnne
/data3fast/users/mbermudez/de_02/TFGDataset/img/T2_0117.png|geeeeeeeeee eeeeeeeeee    t                 iee
/data3fast/users/mbermudez/de_02/TFGDataset/img/T2_1100.png|hhh     eeeeeeeeeeeeeeeeeeeeeesss          eee
/data3fast/users/mbermudez/de_02/TFGDataset/img/T2_0000.png|ffeeeeeeeeee               hhh         eeeee
/data3fast/users/mbermudez/de_02/TFGDataset/img/T2_0897.png|geeeeeeeeeeeeeeeeeeeeeeeeeeee      ss  eelell
/data3fast/users/mbermudez/de_02/TFGDataset/img/T2_0130.png|hhheeeeeeeeeeeee eihhh             eesssseeeee     
/data3fast/users/mbermudez/de_02/TFGDataset/img/T2_0911.png|eeertttttttt
/data3fast/users/mbermudez/de_02/TFGDataset/img/T2_0450.png|eees                        aa  seeeeeeeeeee
/data3fast/users/mbermudez/de_02/TFGDataset/img/T2_0486.png|dee           sssseeeeeeesshhhht             eeehhh
/data3fast/users/mbermudez/de_02/TFGDataset/img/T2_0756.png|neeeeeeee      eeeeee    aaa  ssssshhhaaaa
/data3fast/users/mbermudez/de_02/TFGDataset/img/T2_1194.png|geeee       eeeeeeeee eeesssssss                   eeeeeee
/data3fast/users/mbermudez/de_02/TFGDataset/img/T2_0265.png|iieee eeeee*                 eeeeeei           sss
/data3fast/users/mbermudez/de_02/TFGDataset/img/T2_1457.png|fff eeeeeeeeeeeeeeeeeeeeee           
/data3fast/users/mbermudez/de_02/TFGDataset/img/T2_0670.png|ferrr       nnn    eetttt                
/data3fast/users/mbermudez/de_02/TFGDataset/img/T2_0992.png|iennnnnnd      eeeeeeeeeeeee*****     hhheeee hh
/data3fast/users/mbermudez/de_02/TFGDataset/img/T2_0634.png|"         nnnnnnnneeeeeeeeeeeeeeeee      ss
/data3fast/users/mbermudez/de_02/TFGDataset/img/T2_1241.png|neeeeeeeeeeeeettttt           eeeeeeeeeeeeeeeeeeeee
/data3fast/users/mbermudez/de_02/TFGDataset/img/T2_0013.png|nnn   eeee ee eeeeeeeeeeeee
/data3fast/users/mbermudez/de_02/TFGDataset/img/T2_0584.png|das  eeeettttttttt
/data3fast/users/mbermudez/de_02/TFGDataset/img/T2_1334.png|ss   eeeeeeeeeeiihnnn                eeeeeeel
/data3fast/users/mbermudez/de_02/TFGDataset/img/T2_0784.png|de    aaaa      eeeeeeeeeeeeeeeeees  eeeeeeeeelllel
/data3fast/users/mbermudez/de_02/TFGDataset/img/T2_1179.png|dd     eihhhh              e                  chhh
/data3fast/users/mbermudez/de_02/TFGDataset/img/T2_1132.png|rrrrelllllleeeeeeeeeeeeeeessss             
/data3fast/users/mbermudez/de_02/TFGDataset/img/T2_0323.png|da      nn   aaaaa aa     eeeeeeeeee  ssssss
/data3fast/users/mbermudez/de_02/TFGDataset/img/T2_0307.png|ssse     eeeeeeeeeeeeeeeeeeeeeeeeeeehhhhhh     hhhhhhh
/data3fast/users/mbermudez/de_02/TFGDataset/img/T2_0404.png|beeeeeeeee nn
/data3fast/users/mbermudez/de_02/TFGDataset/img/T2_0875.png|lee         eeeeeeeeeeeeeeeeeiiiiiii    nnnn
/data3fast/users/mbermudez/de_02/TFGDataset/img/T2_0435.png|nne   eeee     t        eeee eeeeee         nnnnnnnn
/data3fast/users/mbermudez/de_02/TFGDataset/img/T2_0664.png|ii  eeeeeeeeeee         hh    eeeee  d ssss
/data3fast/users/mbermudez/de_02/TFGDataset/img/T2_0599.png|dd    hhhhhhhhhhh        a               eeeeeeeeee
/data3fast/users/mbermudez/de_02/TFGDataset/img/T2_0796.png|ieeeee chhhhhhhh                  eeeeeeeeeeeeeee
/data3fast/users/mbermudez/de_02/TFGDataset/img/T2_1008.png|derrrrrtttee    he  ssesssscchheche                ddddd
/data3fast/users/mbermudez/de_02/TFGDataset/img/T2_1176.png|nnneeeeeeeeeeeeee    aaa hhh ieeeeeeeeeessssss
/data3fast/users/mbermudez/de_02/TFGDataset/img/T2_1108.png|geellttttttttt   eeeeeeeeeeeeeeeeeee     sssss
/data3fast/users/mbermudez/de_02/TFGDataset/img/T2_1350.png|neeeeeeeetit            n         hhhhhhhh        
/data3fast/users/mbermudez/de_02/TFGDataset/img/T2_0318.png|dee       dnn  aa  a             iiiiinn
/data3fast/users/mbermudez/de_02/TFGDataset/img/T2_1476.png|eee   n    eeeee    ee eee nnnneeeeeeeeeee
/data3fast/users/mbermudez/de_02/TFGDataset/img/T2_0120.png|aaeeeeeeeeeeeeeeee e                   neneee
/data3fast/users/mbermudez/de_02/TFGDataset/img/T2_0127.png|daaa     eeeeeeeeeeeeeeie        eeeeeeeeeeeeeeeee
/data3fast/users/mbermudez/de_02/TFGDataset/img/T2_0015.png|drrrrrrreeeeeeeeeeeeeeeeeeeeeeesssssllllattt
/data3fast/users/mbermudez/de_02/TFGDataset/img/T2_1237.png|ma    ssssss s eesssssss        haaallllllllle
/data3fast/users/mbermudez/de_02/TFGDataset/img/T2_1287.png|ttttt             nnnnnn   eeeeeeeeeih     aaa
/data3fast/users/mbermudez/de_02/TFGDataset/img/T2_1266.png|"   eeessssssshhhhh     nn a nnn  nnnnneee
/data3fast/users/mbermudez/de_02/TFGDataset/img/T2_0220.png|eeee       eeeeeeeeeeeeeiiitttttt           eee
/data3fast/users/mbermudez/de_02/TFGDataset/img/T2_0764.png|nnneeeeeeeeee    aaa      eeee             aa
/data3fast/users/mbermudez/de_02/TFGDataset/img/T2_0849.png|in      a            eeeeeeeeee        eeeeeeeeeeeee
/data3fast/users/mbermudez/de_02/TFGDataset/img/T2_0378.png|s     eeeeeeeeeee   n             hhcchheeeeeeeeeeeeee
/data3fast/users/mbermudez/de_02/TFGDataset/img/T2_1009.png|"    eeeeeeeeeeeeeeeeeeeii     aaaaaasssss
/data3fast/users/mbermudez/de_02/TFGDataset/img/T2_0252.png|geeeeee  rrtttttttt      eeeeeeeeeee
/data3fast/users/mbermudez/de_02/TFGDataset/img/T2_0365.png|stt          d  eeeeeeee
/data3fast/users/mbermudez/de_02/TFGDataset/img/T2_1423.png|"   eeeeeeeeeeeeeennnn    ddd    eeettt
/data3fast/users/mbermudez/de_02/TFGDataset/img/T2_1229.png|"             eee       sss           hhhhh
/data3fast/users/mbermudez/de_02/TFGDataset/img/T2_1390.png|iinn                ssss                sseeeehhh
/data3fast/users/mbermudez/de_02/TFGDataset/img/T2_1407.png|eeeehh                         eeeeeeesssssssseee
/data3fast/users/mbermudez/de_02/TFGDataset/img/T2_0216.png|eetttchhh              eessseeeeeee      eeeedee
/data3fast/users/mbermudez/de_02/TFGDataset/img/T2_0890.png|neee d          ss  llllllleeeeeeeeeeeeeeeee     aaaa
/data3fast/users/mbermudez/de_02/TFGDataset/img/T2_0632.png|de      eeeeeeeeeeeeeeeeeeeeeeeeettssttttaaat
/data3fast/users/mbermudez/de_02/TFGDataset/img/T2_1215.png|scchhhh          eeeeeeeeeeeeeeeeeeee   aaaa
/data3fast/users/mbermudez/de_02/TFGDataset/img/T2_1434.png|frrrrr etttttttt      sssss      eeeeeeeeeeeee
/data3fast/users/mbermudez/de_02/TFGDataset/img/T2_1383.png|ssseeeeeeeeesssss              eeeeeeeeeeeeeett
/data3fast/users/mbermudez/de_02/TFGDataset/img/T2_1014.png|geeeeeeeeeeeeeeeeeeeeeeeeeeeee     sssssssss  eeeee
/data3fast/users/mbermudez/de_02/TFGDataset/img/T2_0313.png|nnnd dd                  hhh         eeeeeeiiiccch
/data3fast/users/mbermudez/de_02/TFGDataset/img/T2_0449.png|zzeeeeeeeehhhhhhh           eeee  t     nnnnnnn
/data3fast/users/mbermudez/de_02/TFGDataset/img/T2_0916.png|eee  ttttt t                    eeeeeeeeeeeeeeeeee
/data3fast/users/mbermudez/de_02/TFGDataset/img/T2_1189.png|wweeeeeeeeeeeeelll   aaas sss         eeee
/data3fast/users/mbermudez/de_02/TFGDataset/img/T2_1426.png|anneeeeeeeeeeeeeeeeeeeeeeee    ddd     asssllll
/data3fast/users/mbermudez/de_02/TFGDataset/img/T2_0870.png|oo    eeeeeeeeih       aaaaaaaa a   eeeeeee
/data3fast/users/mbermudez/de_02/TFGDataset/img/T2_0572.png|frrrdddeeeeeeeeeeeeeeeeeeeeeee               ttt
/data3fast/users/mbermudez/de_02/TFGDataset/img/T2_0521.png|dee        t          eeeeessseeeellll         h
/data3fast/users/mbermudez/de_02/TFGDataset/img/T2_0464.png|siheeee                             eee        eeeeeeeet
/data3fast/users/mbermudez/de_02/TFGDataset/img/T2_0274.png|beeee eeeeeeeeeeeeeeeee          eee
/data3fast/users/mbermudez/de_02/TFGDataset/img/T2_0669.png|dii    eeeeeeeeeeeeeee   nn   aaa  sltttt
/data3fast/users/mbermudez/de_02/TFGDataset/img/T2_0082.png|iii  tsssssttchi  eee    cccch      n      eeeiiii
/data3fast/users/mbermudez/de_02/TFGDataset/img/T2_0458.png|dii                                eeeeeeeeeeeeeeesss
/data3fast/users/mbermudez/de_02/TFGDataset/img/T2_0653.png|aal  eeeeeeeeessseeeeeeeeeeeeeennllll
/data3fast/users/mbermudez/de_02/TFGDataset/img/T2_1359.png|deereessssseeeeeeeeeeeeeeeeeeeesscc      nnn   nn
/data3fast/users/mbermudez/de_02/TFGDataset/img/T2_1253.png|bbs   hhhhheeeeeeeee            
/data3fast/users/mbermudez/de_02/TFGDataset/img/T2_1105.png|tee       eeeeeeeeesssseseeeeeeeeeeiii       eeeeeee
/data3fast/users/mbermudez/de_02/TFGDataset/img/T2_1165.png|deeeeeeeeeeeeeeeeeee                 ee   e eeeteeeeee
/data3fast/users/mbermudez/de_02/TFGDataset/img/T2_0170.png|weesss    ddd    eeeeeeeeeeh        eee
/data3fast/users/mbermudez/de_02/TFGDataset/img/T2_1326.png|sss      nnnnnnnnnnd nn    eeeeeettttt       eeeee
/data3fast/users/mbermudez/de_02/TFGDataset/img/T2_0710.png|bbr      eeeeeeeeeeeeeeeeeeeeeeeeeeee
/data3fast/users/mbermudez/de_02/TFGDataset/img/T2_0010.png|neeee         nnn  nnnneeeeee                 eeeeeee
/data3fast/users/mbermudez/de_02/TFGDataset/img/T2_0331.png|#  
/data3fast/users/mbermudez/de_02/TFGDataset/img/T2_0580.png|"     hhhhheeess  alllllllssss            ...
/data3fast/users/mbermudez/de_02/TFGDataset/img/T2_0358.png|"    s  hh        lleeeeess    nnnneeeeeeeee
/data3fast/users/mbermudez/de_02/TFGDataset/img/T2_0718.png|diiit                 hhh        dddd  rrder
/data3fast/users/mbermudez/de_02/TFGDataset/img/T2_0297.png|dee                   hhhhhhh  eeeeeeeee eeeeei
/data3fast/users/mbermudez/de_02/TFGDataset/img/T2_1431.png|deeeeeeeeennnnnnnnnnnnnnnniee  sssssssss
/data3fast/users/mbermudez/de_02/TFGDataset/img/T2_1130.png|rrrrrsssssss            n eeeeeeeeeeeeeeeeeeriii
/data3fast/users/mbermudez/de_02/TFGDataset/img/T2_0714.png|aahhhhhhhh           eeehhhhhh    ee   eeeree
/data3fast/users/mbermudez/de_02/TFGDataset/img/T2_1461.png|drr         ssssseeeeeeeeeeeee eee innnn    n nn ee
/data3fast/users/mbermudez/de_02/TFGDataset/img/T2_1414.png|soo  eeeee ee      eeeeeeeeeeeeeee       eee
/data3fast/users/mbermudez/de_02/TFGDataset/img/T2_1182.png|iichhhtt             eeee    sssssssssss  eeeeeeeeeeee
/data3fast/users/mbermudez/de_02/TFGDataset/img/T2_0038.png|schhh           eeee     eeeeeeeeeeeeeeee       n
/data3fast/users/mbermudez/de_02/TFGDataset/img/T2_1357.png|iiiteeeeeeeeeeeeee                            d  d ee
/data3fast/users/mbermudez/de_02/TFGDataset/img/T2_0827.png|dieeeeeeihhhhtt             eeeeeeeeeeeeeeeeeee
/data3fast/users/mbermudez/de_02/TFGDataset/img/T2_0779.png|weeeeeeeeeeeeeeeeeeeeeeeeeiii     ssssss eeeeeeeee
/data3fast/users/mbermudez/de_02/TFGDataset/img/T2_0917.png|# 
/data3fast/users/mbermudez/de_02/TFGDataset/img/T2_0005.png|weeeee          a eeeeeeeellllleeeeeeeiinnnnn
/data3fast/users/mbermudez/de_02/TFGDataset/img/T2_1471.png|sttt       nnnn  eeeeeeee                eee         
/data3fast/users/mbermudez/de_02/TFGDataset/img/T2_1341.png|deeeeeeeeeeeeeeeee       ee   e e     eeeeeeeeeeeN
/data3fast/users/mbermudez/de_02/TFGDataset/img/T2_1495.png|eeee         eeeeessssllllee   nnnnn          t
/data3fast/users/mbermudez/de_02/TFGDataset/img/T2_0788.png|oo        hhhhhieeeee    aaaa       ee
/data3fast/users/mbermudez/de_02/TFGDataset/img/T2_1475.png|neeee eeeeeeeeeeeeeeeeee   dd          eeeeeee
/data3fast/users/mbermudez/de_02/TFGDataset/img/T2_0452.png|"    eeeeeee n nn          aasssssssaaa lllee
/data3fast/users/mbermudez/de_02/TFGDataset/img/T2_0154.png|eerr hhttttttttttttttttttt      neeeeeeeeeee
/data3fast/users/mbermudez/de_02/TFGDataset/img/T2_0597.png|err       eeeeeeeeeeeeeiiieeii      sss..
/data3fast/users/mbermudez/de_02/TFGDataset/img/T2_1441.png|beeeeee                      aaaassllllleeeeeee
/data3fast/users/mbermudez/de_02/TFGDataset/img/T2_0054.png|vo      aaaaa     
/data3fast/users/mbermudez/de_02/TFGDataset/img/T2_1480.png|#  
/data3fast/users/mbermudez/de_02/TFGDataset/img/T2_0282.png|wiieeeeeee         r ttt   eeeeeeeeeeeeeee sshhhhh
/data3fast/users/mbermudez/de_02/TFGDataset/img/T2_1405.png|unn            at     s      eeeeeeeee
/data3fast/users/mbermudez/de_02/TFGDataset/img/T2_0777.png|deee   e    e               nneeeeeeeeeeeneeeee
/data3fast/users/mbermudez/de_02/TFGDataset/img/T2_0286.png|# 
/data3fast/users/mbermudez/de_02/TFGDataset/img/T2_1360.png|geessssseeeeeeeee         neeeeeeeeeeeeeeee
/data3fast/users/mbermudez/de_02/TFGDataset/img/T2_1125.png|geee       sssssssseeeeeeeeeeeee            rrrer
/data3fast/users/mbermudez/de_02/TFGDataset/img/T2_1302.png|geeee    nnn     eee  r      rrrrr rrr r eeeee
/data3fast/users/mbermudez/de_02/TFGDataset/img/T2_0505.png|nneeeeeeeeeeeeeeeeeeeeeeN
/data3fast/users/mbermudez/de_02/TFGDataset/img/T2_0721.png|*ne        aaahh  h ssssseeeeessssssse  e eeeeeennnnnn
/data3fast/users/mbermudez/de_02/TFGDataset/img/T2_0145.png|siihhtttttttt                 tttttt          sssssss
/data3fast/users/mbermudez/de_02/TFGDataset/img/T2_0946.png|unn eeeeee        sssss                    eeee
/data3fast/users/mbermudez/de_02/TFGDataset/img/T2_0242.png|ttt    dddeeeeeeeeeeeeeeeettttchccc        eeeeee
/data3fast/users/mbermudez/de_02/TFGDataset/img/T2_1370.png|nnn   eeeeeeee    sssssssshhhhhhhhhhhhh eeeeee
/data3fast/users/mbermudez/de_02/TFGDataset/img/T2_0393.png|o   s    a    e     d       iii tt    aaaa
/data3fast/users/mbermudez/de_02/TFGDataset/img/T2_0757.png|eeee        eeeeeeeeeeeeeeeeiiii       eeeeeeee
/data3fast/users/mbermudez/de_02/TFGDataset/img/T2_0715.png|mmi           eeeeeeeee            hhhhhh
/data3fast/users/mbermudez/de_02/TFGDataset/img/T2_0234.png|deeeeeeeeee    aaaaa      rrrrreeeeeeeeee
/data3fast/users/mbermudez/de_02/TFGDataset/img/T2_1065.png|allee   eeeeeeeeehhhhhhh    a    eeeeeeee e      nn
/data3fast/users/mbermudez/de_02/TFGDataset/img/T2_0930.png|iiieeee             eeennnneeeeeeeeeeeeeeeeeehhsss
/data3fast/users/mbermudez/de_02/TFGDataset/img/T2_1325.png|beeeeeeeeehhhhhhhhhh             s eeeeeeeeee
/data3fast/users/mbermudez/de_02/TFGDataset/img/T2_0650.png|aaleeeeeeeeeeeeeenneeeeeen  n                  sshhhh
/data3fast/users/mbermudez/de_02/TFGDataset/img/T2_0661.png|iii eeeeeett      ssseeee     
/data3fast/users/mbermudez/de_02/TFGDataset/img/T2_0702.png|aaeeeeeeeeeeeesssstttt     hhhlllleeeeNNN
/data3fast/users/mbermudez/de_02/TFGDataset/img/T2_0348.png|wortt          ttt  t     ss       eeeeer   ttttt
/data3fast/users/mbermudez/de_02/TFGDataset/img/T2_0755.png|iiiittt            naaaaaannnnn  eeeii   
/data3fast/users/mbermudez/de_02/TFGDataset/img/T2_0440.png|der    aa     tttttttt  
/data3fast/users/mbermudez/de_02/TFGDataset/img/T2_0039.png|dee         eeeeeeeeeeeeeeeeeeeeeeeeeee       ssssssss
/data3fast/users/mbermudez/de_02/TFGDataset/img/T2_0509.png|geeeeeeeeeeeeeeeeeeessssssseeeeeeeeeeeeeeeeeeeeeeeee
/data3fast/users/mbermudez/de_02/TFGDataset/img/T2_1112.png|ii         aaaaa     aaahhhh     eeeeeehehhhhh
/data3fast/users/mbermudez/de_02/TFGDataset/img/T2_0898.png|heeeeeeeeeeeeeeeeeeeeeeeeeeeeee  n   eeeeeeee
/data3fast/users/mbermudez/de_02/TFGDataset/img/T2_0263.png|iiii sss                   nnnnneeeeeeeeeee
/data3fast/users/mbermudez/de_02/TFGDataset/img/T2_0607.png|eeeee          sssssssss       sssssseeeeeeeeeee
/data3fast/users/mbermudez/de_02/TFGDataset/img/T2_1064.png|aaaa    ss   eeeeeee t      nnnnd      ahhhh
/data3fast/users/mbermudez/de_02/TFGDataset/img/T2_1349.png|eeeee         eeeeeeeeee       h       rrrrerrrree
/data3fast/users/mbermudez/de_02/TFGDataset/img/T2_0624.png|ddeesssseeeeeeeeeeeeeeeeeeeeeeee     ssssssssss
/data3fast/users/mbermudez/de_02/TFGDataset/img/T2_0231.png|iiesssss          nn  eeeeeeeeeeee         eeeeeeee
/data3fast/users/mbermudez/de_02/TFGDataset/img/T2_0511.png|oooeeeee e                                  ueeN
/data3fast/users/mbermudez/de_02/TFGDataset/img/T2_1223.png|hha         essssssssseeee e      sss     ddddd
/data3fast/users/mbermudez/de_02/TFGDataset/img/T2_0070.png|de   scchchh         tt    eeeeeeiiieeeee
/data3fast/users/mbermudez/de_02/TFGDataset/img/T2_1333.png|frreeeeeeeeeeee           eeeeeeeeeeeeeeeee  ccchhh
/data3fast/users/mbermudez/de_02/TFGDataset/img/T2_0478.png|eeeeeeeee nnnn     a eeeeeeeeeeiiieeeeeeee      s
/data3fast/users/mbermudez/de_02/TFGDataset/img/T2_1420.png|tte  eeeeeeee  nnnnn       ss  a      aa     aa  ee
/data3fast/users/mbermudez/de_02/TFGDataset/img/T2_0268.png|auuu      nn       ha         eeee          ihhhhh
/data3fast/users/mbermudez/de_02/TFGDataset/img/T2_0773.png|seeee    nnnineeeeeeeeeeeeeeeeeeeeeeeeee eeeeeee
/data3fast/users/mbermudez/de_02/TFGDataset/img/T2_0677.png|aass     eeeeeeeeeeeeeeeeeeeeessehh    e
/data3fast/users/mbermudez/de_02/TFGDataset/img/T2_1332.png|ss                          sssssss             ee
/data3fast/users/mbermudez/de_02/TFGDataset/img/T2_1289.png|frrr   eeeeeeeeeeeeeeeeeeeeeeeeeeeeeeeee         ssas
/data3fast/users/mbermudez/de_02/TFGDataset/img/T2_0684.png|"           ssshhseeeeeeeeeeee     sss         nnnn
/data3fast/users/mbermudez/de_02/TFGDataset/img/T2_0353.png|"   eeeeeeeeeeeeee      h    aaa      eeeeeeee
/data3fast/users/mbermudez/de_02/TFGDataset/img/T2_1257.png|derrrrrrttrrrrrrrrrrt    eeeeeeeee   nnnnn
/data3fast/users/mbermudez/de_02/TFGDataset/img/T2_0711.png|heeeeeennnnne    eeaaaaeeeaassssss   nn eeeee
/data3fast/users/mbermudez/de_02/TFGDataset/img/T2_0124.png|nnnn              eeeeeeeeererrrrr    eeeeeee
/data3fast/users/mbermudez/de_02/TFGDataset/img/T2_1104.png|ooee       nnnnn       a  eeeeehehhhhttt    e
/data3fast/users/mbermudez/de_02/TFGDataset/img/T2_0037.png|eet   iiiiii  i i            eeeeeeeeeeeeee  ana
/data3fast/users/mbermudez/de_02/TFGDataset/img/T2_1192.png|oo     eeeeeeeeeeseeeseeeeessssss                 eeeeeee
/data3fast/users/mbermudez/de_02/TFGDataset/img/T2_0152.png|uu        e            eeeeeechhhhhhh    ta
/data3fast/users/mbermudez/de_02/TFGDataset/img/T2_0324.png|wiiiihhhhhhhh     nnn    lllllleeeeeeeeee
/data3fast/users/mbermudez/de_02/TFGDataset/img/T2_0501.png|geeesssssssse       eeeeeeeeeeeeeeeeeeeeeeeeeeene
/data3fast/users/mbermudez/de_02/TFGDataset/img/T2_1294.png|anneeeeeeeeeeeeeeeeeeeeeeessse                 eeehh
/data3fast/users/mbermudez/de_02/TFGDataset/img/T2_1254.png|mi    eeeeeeeee  d   dd   ee         eeeeeeeeeeeeeeee
/data3fast/users/mbermudez/de_02/TFGDataset/img/T2_1146.png|see  nnn   eeeeeeeeeeeee   asssssss
/data3fast/users/mbermudez/de_02/TFGDataset/img/T2_0444.png|ffr     eeeeeeeeeennnnn    sssssss aa   sshheeeeee
/data3fast/users/mbermudez/de_02/TFGDataset/img/T2_0210.png|sittttt               rrrrrrrrrrrrrr    ht
/data3fast/users/mbermudez/de_02/TFGDataset/img/T2_1404.png|schh                           nn   nnnn inniiiie
/data3fast/users/mbermudez/de_02/TFGDataset/img/T2_0033.png|tiiiitttttt tt                      ssss   eeeeeNeN
/data3fast/users/mbermudez/de_02/TFGDataset/img/T2_0882.png|wweeeeeeeee   nn   eeeeeeeeeeee         c
/data3fast/users/mbermudez/de_02/TFGDataset/img/T2_1075.png|rrrr   eeeeseeeeeeeeeeeeeeeeeeeeeess    nnnnnnnnnn
/data3fast/users/mbermudez/de_02/TFGDataset/img/T2_1148.png|t      eeeeeeeeeeeeeeeslllaaaa   eeeee
/data3fast/users/mbermudez/de_02/TFGDataset/img/T2_1323.png|beeeeeeeeehhhhhhhhheeeeeeeeeee     dd     eeeeseeee
/data3fast/users/mbermudez/de_02/TFGDataset/img/T2_0176.png|mi     aa   aa          eeeeeeeeee e   eehhhheee
/data3fast/users/mbermudez/de_02/TFGDataset/img/T2_0090.png|derreeeeeeeeeeeeeeeeeeee         e
/data3fast/users/mbermudez/de_02/TFGDataset/img/T2_0462.png|eeeeeeeeeeeeeeeeeeeeeeeee rrr        esssssllllle
/data3fast/users/mbermudez/de_02/TFGDataset/img/T2_1276.png|ooeeeeeeeeeeee    ttt          aaaaa   eeeeeee
/data3fast/users/mbermudez/de_02/TFGDataset/img/T2_0616.png|derrreeeeeeeeeeeeeee sssssss             eeeee
/data3fast/users/mbermudez/de_02/TFGDataset/img/T2_1400.png|bbe   ee
/data3fast/users/mbermudez/de_02/TFGDataset/img/T2_1446.png|uu      e leeeeeeeeeee     dddddd       seee
/data3fast/users/mbermudez/de_02/TFGDataset/img/T2_0747.png|mrrh  aaaa         eeeeeeeeeeeeeeeeeeee nnnnnncc
/data3fast/users/mbermudez/de_02/TFGDataset/img/T2_0045.png|sst           eeeee        leeleeeeeei    nnnnnn
/data3fast/users/mbermudez/de_02/TFGDataset/img/T2_1200.png|# 
/data3fast/users/mbermudez/de_02/TFGDataset/img/T2_0554.png|geeeee  s  sssseeeeiee iieeeehhieeee ee        eeeeeeeeeeeee
/data3fast/users/mbermudez/de_02/TFGDataset/img/T2_0942.png|iiii     nn n nn               s    eeeee
/data3fast/users/mbermudez/de_02/TFGDataset/img/T2_0816.png|uu   sseeeeee
/data3fast/users/mbermudez/de_02/TFGDataset/img/T2_0359.png|ieeeeeeeeeee     ssssss .
/data3fast/users/mbermudez/de_02/TFGDataset/img/T2_0824.png|un      eeeeeeeeeeeeeeeeeeeee eee     hhhhhh  eeeeeee
/data3fast/users/mbermudez/de_02/TFGDataset/img/T2_0845.png|deeeeeeeeeeeeeeeeeee   asssssss  sssseeee
/data3fast/users/mbermudez/de_02/TFGDataset/img/T2_0602.png|dee hhhhh  eeeeee     eeeee llllNeeeeee  leeeee      eeee   leeeeee   eeeeeee      leeee ee     ee   eeee     eeeeee   
/data3fast/users/mbermudez/de_02/TFGDataset/img/T2_1244.png|hheeeeeeeee             eessssseeeeeeeee
/data3fast/users/mbermudez/de_02/TFGDataset/img/T2_0838.png|chh       e rrrrrttttttt     aa nnnn  eeeee
/data3fast/users/mbermudez/de_02/TFGDataset/img/T2_0311.png|gnnn    eeeeee eeer                         
/data3fast/users/mbermudez/de_02/TFGDataset/img/T2_1268.png|wwi       nnndd dd      ss eeeeeeeN  nnnnn
/data3fast/users/mbermudez/de_02/TFGDataset/img/T2_0116.png|"   eeeeeeeeeee          eeeeeeeeeeeeeeeeeeeee
/data3fast/users/mbermudez/de_02/TFGDataset/img/T2_0913.png|aatt      eeeeehhhheeeeeeeeeeeerrrrr  tttttt
/data3fast/users/mbermudez/de_02/TFGDataset/img/T2_1406.png|dee         eeeeeeeeeeeeeehhhhh            eeeeeeee
/data3fast/users/mbermudez/de_02/TFGDataset/img/T2_1158.png|an      e  eeeeeett      eeeeeeeeeesssss   sseell
/data3fast/users/mbermudez/de_02/TFGDataset/img/T2_1191.png|iieeee ee         eeeeeeeeeerrrrr       rrrrrr ee
/data3fast/users/mbermudez/de_02/TFGDataset/img/T2_0366.png|daa      eeeeeeeeeeeeeeeeeeeeeeee         n
/data3fast/users/mbermudez/de_02/TFGDataset/img/T2_1240.png|beeeeeeeeeeeeeeesss    eeeeeeieiieieeeeiiiii       aara
/data3fast/users/mbermudez/de_02/TFGDataset/img/T2_0050.png|oor        eeeee e     eeeeeeeeeeeeeerrrrr   hhhhh
/data3fast/users/mbermudez/de_02/TFGDataset/img/T2_1042.png|wnnneeeee    n   hhhhhhh      ttt        
/data3fast/users/mbermudez/de_02/TFGDataset/img/T2_0815.png|deeeeeeeeeeeeeesss   iii      nnndeeeeeeeeeeee
/data3fast/users/mbermudez/de_02/TFGDataset/img/T2_0163.png|die eeeeeeeeettt        eeeeeeheechhhehhhhhhhhhhh
/data3fast/users/mbermudez/de_02/TFGDataset/img/T2_1242.png|mmhhhhsssssssssssss s     sss   s   ss             ssshhhh
/data3fast/users/mbermudez/de_02/TFGDataset/img/T2_1238.png|dan     eeeeeeeeeeeeeeeeeee                    eeeeee
/data3fast/users/mbermudez/de_02/TFGDataset/img/T2_0822.png|uunn      aaaa     nnn  nnaaaahhhhhhh
/data3fast/users/mbermudez/de_02/TFGDataset/img/T2_0753.png|aasseeeeeeeeeeeeeeeeeeeeeee    d  aaaaa
/data3fast/users/mbermudez/de_02/TFGDataset/img/T2_0431.png|bbeee                           eeeeeeeNeN
/data3fast/users/mbermudez/de_02/TFGDataset/img/T2_0529.png|seeeee       nnn       a aa     tttttttttttt
/data3fast/users/mbermudez/de_02/TFGDataset/img/T2_1133.png|te   aaaaa   eeeeeeeeeeeeeeeee       ieeeeeeee
/data3fast/users/mbermudez/de_02/TFGDataset/img/T2_1058.png|dnn  eeeeeee             eeeeeeeeeeeeeeeeeeesss     
/data3fast/users/mbermudez/de_02/TFGDataset/img/T2_0635.png|dee hhhhhhaa      eeereeerhhtt tt    ttttt
/data3fast/users/mbermudez/de_02/TFGDataset/img/T2_0831.png|nessssssstcc t                     aa      eeeeee
/data3fast/users/mbermudez/de_02/TFGDataset/img/T2_0402.png|rrreeeeeeeeeeeeee       dddde eeeeee          tst
/data3fast/users/mbermudez/de_02/TFGDataset/img/T2_0981.png|ooo           sssssssseeeeeee     eeeeeeee             ee
/data3fast/users/mbermudez/de_02/TFGDataset/img/T2_1051.png|*eeeeeeeeeeeeee    eeeeeeeeeee              a
/data3fast/users/mbermudez/de_02/TFGDataset/img/T2_1175.png|wennn         eeeeeeeeeeeeeeeeeeeeeeeeeeeee    ssssssss
/data3fast/users/mbermudez/de_02/TFGDataset/img/T2_1389.png|dee        aaaaahhhh    eeeeeeeennn   tttt
/data3fast/users/mbermudez/de_02/TFGDataset/img/T2_0965.png|mii      es ss  eeeeeeeeehhh           sssss         eee
/data3fast/users/mbermudez/de_02/TFGDataset/img/T2_0347.png|dee   iiiinnnnn  tttttttttt          eeee
/data3fast/users/mbermudez/de_02/TFGDataset/img/T2_0706.png|der   nnnnnnn        lele           eeeeeeeeeeeee
/data3fast/users/mbermudez/de_02/TFGDataset/img/T2_0451.png|gleeeeeeeeeeee             aaaaaa         e
/data3fast/users/mbermudez/de_02/TFGDataset/img/T2_0400.png|bnnn    eenennnnnn    en n    eeeeeeeeeeeee
/data3fast/users/mbermudez/de_02/TFGDataset/img/T2_0579.png|oo   neeeeeeeeeeeeeeee   
/data3fast/users/mbermudez/de_02/TFGDataset/img/T2_1028.png|aaeeeeeeeeeeeeee       ddddd    ee ssshh
/data3fast/users/mbermudez/de_02/TFGDataset/img/T2_1351.png|nneeeeeeeeeeeeeeeeeeesseee
/data3fast/users/mbermudez/de_02/TFGDataset/img/T2_1177.png|bbee                     rttttttt     i  eeeee
/data3fast/users/mbermudez/de_02/TFGDataset/img/T2_1411.png|mitt     eeeeeeeeeeee           rtttt
/data3fast/users/mbermudez/de_02/TFGDataset/img/T2_0110.png|ooosssssshhhhhhhhee e        aeeeeeeeeeeee   nnnnn
/data3fast/users/mbermudez/de_02/TFGDataset/img/T2_0244.png|bbeeeeeeeeeeeeeeeeeeeeereeeeeeeeeeeeeeee
/data3fast/users/mbermudez/de_02/TFGDataset/img/T2_1155.png|iirrr                    ee  hhhh      eeeeee
/data3fast/users/mbermudez/de_02/TFGDataset/img/T2_0609.png|errrrrte  eeeeeeeeeeeeeeeeeiii  ssssssseese
/data3fast/users/mbermudez/de_02/TFGDataset/img/T2_0770.png|hhhh  a            eeeeeeeeeeeeeeeeee nnnn
/data3fast/users/mbermudez/de_02/TFGDataset/img/T2_0700.png|innnn eeeeeeeeeeeeessssseee eeelllllll     nnnnn
/data3fast/users/mbermudez/de_02/TFGDataset/img/T2_1283.png|sso      eeeeeeeeeeeeennnnnnnnnnnnnnnnn   set
/data3fast/users/mbermudez/de_02/TFGDataset/img/T2_0522.png|gglllleeeehhhhheeeeeee    eeeeeeeeeee     aaaa
/data3fast/users/mbermudez/de_02/TFGDataset/img/T2_0180.png|shhhhhhhhhhhhhhh          d nn    n nheeeeeeeeee
/data3fast/users/mbermudez/de_02/TFGDataset/img/T2_0432.png|weeetttttttttt
/data3fast/users/mbermudez/de_02/TFGDataset/img/T2_0569.png|ss   eeeeeeeeeehee  ee eee eeeeeee    eeeeeeeeeeeeeiie
/data3fast/users/mbermudez/de_02/TFGDataset/img/T2_1167.png|undd eeeeeeeehhhhhhheeeeee       ddddeeeeeeeeeee
/data3fast/users/mbermudez/de_02/TFGDataset/img/T2_0442.png|ooo eeeeeeeeeeee                  eeeee      eeeeeeee
/data3fast/users/mbermudez/de_02/TFGDataset/img/T2_0034.png|# 
/data3fast/users/mbermudez/de_02/TFGDataset/img/T2_0303.png|oeee        eeeeeeeee           iiii   hhhhhhhh
/data3fast/users/mbermudez/de_02/TFGDataset/img/T2_0728.png|mii    eeeeeeeeeeeeeeeeeeeeennnn  e       ttt
/data3fast/users/mbermudez/de_02/TFGDataset/img/T2_0287.png|geeeee   eeeeeeeeeeeeeeeeittttt       aaaaalll
/data3fast/users/mbermudez/de_02/TFGDataset/img/T2_0582.png|aaas        eeeeeeeeeeeeeeeeeeeeiitttt
/data3fast/users/mbermudez/de_02/TFGDataset/img/T2_0001.png|geeen     eeeeeeeeeeeeeeeeeee      sssssseeeeeeee
/data3fast/users/mbermudez/de_02/TFGDataset/img/T2_0857.png|dee       aa               tii eeeeeeeeessssssssss
/data3fast/users/mbermudez/de_02/TFGDataset/img/T2_0769.png|ssss          nnn            eeeeeeeeee
/data3fast/users/mbermudez/de_02/TFGDataset/img/T2_0676.png|#  
/data3fast/users/mbermudez/de_02/TFGDataset/img/T2_1324.png|hhh                               hhhh        d   eede
/data3fast/users/mbermudez/de_02/TFGDataset/img/T2_0787.png|eeeee    n  nn h    eeee n             leelle
/data3fast/users/mbermudez/de_02/TFGDataset/img/T2_1468.png|ana     hhhhssshh                         eeeeehhh
/data3fast/users/mbermudez/de_02/TFGDataset/img/T2_0534.png|geeee sssssssssssssssssssssss sscchttt       eeeee
/data3fast/users/mbermudez/de_02/TFGDataset/img/T2_1152.png|berrrr   ttt               eeeeeeeellee
/data3fast/users/mbermudez/de_02/TFGDataset/img/T2_0189.png|ssshhheeeeeeeeeeeeeeesssssltttt     eeeeeeeeeeeeeeee
/data3fast/users/mbermudez/de_02/TFGDataset/img/T2_0970.png|soo lhhhhhhhhhh       neeeeeeeeeeeee          eee
/data3fast/users/mbermudez/de_02/TFGDataset/img/T2_0741.png|# 
/data3fast/users/mbermudez/de_02/TFGDataset/img/T2_0696.png|oon eeeeeeeeeeeeeennnnnnnn n  a    eeeeeeeeee
/data3fast/users/mbermudez/de_02/TFGDataset/img/T2_1070.png|wwtt      s   hh        ddd    deeeee
/data3fast/users/mbermudez/de_02/TFGDataset/img/T2_1228.png|geeee dddddddee  sssssssssss      eeeeeeeeeeeeeeeeee
/data3fast/users/mbermudez/de_02/TFGDataset/img/T2_0073.png|aann    ttttt       eeeeeeeeeeeeeeee
/data3fast/users/mbermudez/de_02/TFGDataset/img/T2_0483.png|so     nnnnn     aa      eeeeeeeeeeeee    e eeeee
/data3fast/users/mbermudez/de_02/TFGDataset/img/T2_1161.png|anneeeeeeeehhhhhh      eeeeeeeeeeeeeeeeeee  eee
/data3fast/users/mbermudez/de_02/TFGDataset/img/T2_0570.png|ssst     eeeeeeeeeeeeeeeee              ss ss    chhhhh
/data3fast/users/mbermudez/de_02/TFGDataset/img/T2_1138.png|aeeeeeeddd       eeeessseeeeeeeeeeeeeeeeeeeeeeee
/data3fast/users/mbermudez/de_02/TFGDataset/img/T2_0792.png|mm    eeeeeeeeeeeeeeeeeeeeeeeeeee       taa
/data3fast/users/mbermudez/de_02/TFGDataset/img/T2_0563.png|aaeeeeee       ttttttt      aaaalllleeeeeeee
/data3fast/users/mbermudez/de_02/TFGDataset/img/T2_1465.png|uuu   e          aaa    eeeeeeeessssssssss       ee
/data3fast/users/mbermudez/de_02/TFGDataset/img/T2_0157.png|ooo   eeeeeeeeeeeeee  hhh            deeee
/data3fast/users/mbermudez/de_02/TFGDataset/img/T2_1392.png|#  
/data3fast/users/mbermudez/de_02/TFGDataset/img/T2_0546.png|lllttii     aaasssss      eeeeeeeeeeee   ee
/data3fast/users/mbermudez/de_02/TFGDataset/img/T2_0936.png|dnn      titttttttttt ***eeeeeeeeiiiiii       eeeeee
/data3fast/users/mbermudez/de_02/TFGDataset/img/T2_1296.png|ii  eesssssseeetttt              n n     eeeeeeeeee
/data3fast/users/mbermudez/de_02/TFGDataset/img/T2_0503.png|un  eeeeesssssssseeeeeee  iiiiinn      aahh
/data3fast/users/mbermudez/de_02/TFGDataset/img/T2_0894.png|uueeeeeeeeeeeeeeee       n eeeeeeeeer           nnnn
/data3fast/users/mbermudez/de_02/TFGDataset/img/T2_1195.png|iihh    a    eeeeeeeee
/data3fast/users/mbermudez/de_02/TFGDataset/img/T2_0636.png|#  
/data3fast/users/mbermudez/de_02/TFGDataset/img/T2_0251.png|derrreehhhheeeeee      eeeeeeeeeellllllle         e
/data3fast/users/mbermudez/de_02/TFGDataset/img/T2_0807.png|bbe      nnn eeeeeeeeeeeesssssss   nnnnnnn
/data3fast/users/mbermudez/de_02/TFGDataset/img/T2_1372.png|eeeeeeeeeeeee  eeeeeeeeehhhhh                eee
/data3fast/users/mbermudez/de_02/TFGDataset/img/T2_0175.png|sieeeeeeeeessssssssaa    aaaallllllllllll
/data3fast/users/mbermudez/de_02/TFGDataset/img/T2_0327.png|diie eeeeeeeeeeeeeeeeeeeeeeeeeeee  nnnnnnnn
/data3fast/users/mbermudez/de_02/TFGDataset/img/T2_1260.png|leeee               sssscchchhhhha  leee
/data3fast/users/mbermudez/de_02/TFGDataset/img/T2_0291.png|reeeessss       eeee              ee        nnnn
/data3fast/users/mbermudez/de_02/TFGDataset/img/T2_1094.png|"    aaa  s          e                eeeeeeeee
/data3fast/users/mbermudez/de_02/TFGDataset/img/T2_0625.png|deeeeeeeeeeeeteii             hhh     rr     nnnn
/data3fast/users/mbermudez/de_02/TFGDataset/img/T2_0617.png|ttt               eeeeeeeeeeeeeessssss          eeee
/data3fast/users/mbermudez/de_02/TFGDataset/img/T2_0043.png|daa   hhhhh   eeeeeeeeeeeeeeeeeeeeeeeeee
/data3fast/users/mbermudez/de_02/TFGDataset/img/T2_1429.png|# 
/data3fast/users/mbermudez/de_02/TFGDataset/img/T2_0238.png|deessshhlllhttttttett              eeeeeeeeeeree
/data3fast/users/mbermudez/de_02/TFGDataset/img/T2_1113.png|llllle  nnnnnneeeeeeeeeeeeeeeeett       ss
/data3fast/users/mbermudez/de_02/TFGDataset/img/T2_0762.png|errreeeeeeeeeeeeeet    
/data3fast/users/mbermudez/de_02/TFGDataset/img/T2_0803.png|aaeee  eeeeeeiiiichhhhh     eeee    tttttttttt
/data3fast/users/mbermudez/de_02/TFGDataset/img/T2_0350.png|geeehhhh   s       ssssssssssssssssssssee              
/data3fast/users/mbermudez/de_02/TFGDataset/img/T2_0614.png|wieeeeeeeeeeee    e      e    eee e    e  ss ssseesee
/data3fast/users/mbermudez/de_02/TFGDataset/img/T2_1227.png|un     eeee   eeeeeeeeeeeeeeeeeeeee           hhhhh
/data3fast/users/mbermudez/de_02/TFGDataset/img/T2_0975.png|hhndddddd             h     ssss s   ttttttt
/data3fast/users/mbermudez/de_02/TFGDataset/img/T2_1056.png|deeeeeeeeeeeeeeeeeeeeeesssssseeeeeeeeeeee     eeeeerreeett
/data3fast/users/mbermudez/de_02/TFGDataset/img/T2_1439.png|tteeeee      eeeeeeeiihhhhhhh      eeeeee
/data3fast/users/mbermudez/de_02/TFGDataset/img/T2_0403.png|unnd              eeeeeeeeeeeeeeeeeeeeeeeeett
/data3fast/users/mbermudez/de_02/TFGDataset/img/T2_0966.png|tttt               eeeeeeeeeee ttt              eeee
/data3fast/users/mbermudez/de_02/TFGDataset/img/T2_0172.png|dee         eeeeeeeeeeeeeeee             eeee        thhhhs
/data3fast/users/mbermudez/de_02/TFGDataset/img/T2_0899.png|iiii    eeeeeeeeee                  a       essssss
/data3fast/users/mbermudez/de_02/TFGDataset/img/T2_0185.png|dan   ee  e n            ahhhhh  nnnnnn aaa
/data3fast/users/mbermudez/de_02/TFGDataset/img/T2_0059.png|brr  nnnnnnn  eehhlllllleeeeeeeeeeeee  ddddddd
/data3fast/users/mbermudez/de_02/TFGDataset/img/T2_0078.png|nnndddeeeeeee     eeeeeeeeieeeeee nn        
/data3fast/users/mbermudez/de_02/TFGDataset/img/T2_1387.png|*******eeeeee            ssss             s    eeeee eee
/data3fast/users/mbermudez/de_02/TFGDataset/img/T2_0665.png|geeN dnnaaaaaaaa                     eee
/data3fast/users/mbermudez/de_02/TFGDataset/img/T2_0081.png|hhhhee         aaa       eeeeeeeeeeeeeeeee
/data3fast/users/mbermudez/de_02/TFGDataset/img/T2_1019.png|geeeee       ttttttt       eeeeeeeeee
/data3fast/users/mbermudez/de_02/TFGDataset/img/T2_1433.png|iihh             eeeeeeeeeeeeeeeeee       ssssssss
/data3fast/users/mbermudez/de_02/TFGDataset/img/T2_1307.png|hhheeeeeeeee         eeee      tt       rrrrr
/data3fast/users/mbermudez/de_02/TFGDataset/img/T2_0387.png|deeeeeeeeeeeeeeeeeeeeeeeeeeee    aaa    
/data3fast/users/mbermudez/de_02/TFGDataset/img/T2_0144.png|hhhhe              hh eeee   sssssssss        
/data3fast/users/mbermudez/de_02/TFGDataset/img/T2_1124.png|iiiiee         nnnnn  ee        ssseeeeeee
/data3fast/users/mbermudez/de_02/TFGDataset/img/T2_0030.png|dee  eeeeeeeeeeeeeeeeeeeeee       a              ee
/data3fast/users/mbermudez/de_02/TFGDataset/img/T2_0889.png|ssseeeeeeeeeeeeeeeeeeeeeeeeeeeeeeeeeeeiiiiiii
/data3fast/users/mbermudez/de_02/TFGDataset/img/T2_1222.png|wll        eeeeeeeeeeeeeeeeeeee         tt
/data3fast/users/mbermudez/de_02/TFGDataset/img/T2_0749.png|rrrr          eeeeee   e eeeeeeee        eeeeeeeeeee
/data3fast/users/mbermudez/de_02/TFGDataset/img/T2_0502.png|gaaa   nnnniiiiiiiinnnnnnnnnnnn eeeeeet
/data3fast/users/mbermudez/de_02/TFGDataset/img/T2_0443.png|derrreeeeeeeeeeeeeiieeennnnneeeesssssetttt
/data3fast/users/mbermudez/de_02/TFGDataset/img/T2_0309.png|dasssseeeeeeeeeeeeesssss                  eeee
/data3fast/users/mbermudez/de_02/TFGDataset/img/T2_0914.png|aassseeeeeeeeeeeeeeeeeeeeeeeeeeeeeeeeeeeee  rrr
/data3fast/users/mbermudez/de_02/TFGDataset/img/T2_0333.png|orreeeeeeeeeeeeeennneeeeeeeeeeeesssssssllll       u
/data3fast/users/mbermudez/de_02/TFGDataset/img/T2_1303.png|dnneeeeeeeeeeelllle   eeeeeeeeeeit     eeeee
/data3fast/users/mbermudez/de_02/TFGDataset/img/T2_0194.png|iihhh    eeeeessllllllheeeeeeeeeeeee
/data3fast/users/mbermudez/de_02/TFGDataset/img/T2_0298.png|unn  eeshchhhhhh        aan n         eeeeeeeeeeeeeeeee
/data3fast/users/mbermudez/de_02/TFGDataset/img/T2_0847.png|# 
/data3fast/users/mbermudez/de_02/TFGDataset/img/T2_0908.png|ss    e   eeeeeeeeeeeee       aa      tttttt
/data3fast/users/mbermudez/de_02/TFGDataset/img/T2_0125.png|daa               tttttt      eeeeeeeeeddde
/data3fast/users/mbermudez/de_02/TFGDataset/img/T2_0235.png|geeeeettt              shhhhhh   nnnnnnnnnnee
/data3fast/users/mbermudez/de_02/TFGDataset/img/T2_0455.png|unnd     rerr  hhhhhhhh    hhhhhhhhhhhh  
/data3fast/users/mbermudez/de_02/TFGDataset/img/T2_0138.png|aa     s                eeeeeeeeeeeeeeeeeeeee
/data3fast/users/mbermudez/de_02/TFGDataset/img/T2_0368.png|mi      ssssssssssssseeieeeeeeeee             eeeeee
/data3fast/users/mbermudez/de_02/TFGDataset/img/T2_0786.png|ooo   hhhhheeeeeeeeeeeeeeeeeeee      eeeeichh
/data3fast/users/mbermudez/de_02/TFGDataset/img/T2_0573.png|anneeeeeeeeeeeeeeeeeeeeeseseeeeeeee   eeeeeeeeeeee
/data3fast/users/mbermudez/de_02/TFGDataset/img/T2_1305.png|rrrrrhhhhhhhhhh          sssss         e      eeeeeeeee
/data3fast/users/mbermudez/de_02/TFGDataset/img/T2_0344.png|genn             e           eeeeeeeeeee     n
/data3fast/users/mbermudez/de_02/TFGDataset/img/T2_0334.png|iiieeeeeeeeeeer      h       hhhhhhhheeeeessssss
/data3fast/users/mbermudez/de_02/TFGDataset/img/T2_1034.png|dee       eeeeeeeeeeeeeeeeee       eeeechhhhhh
/data3fast/users/mbermudez/de_02/TFGDataset/img/T2_0925.png|zzlteeeeeeeeeeeeeeeeeeeeeeeehh   h       aaassss
/data3fast/users/mbermudez/de_02/TFGDataset/img/T2_0836.png|dii    eeeeeeee                     rr  aaallllll
/data3fast/users/mbermudez/de_02/TFGDataset/img/T2_0564.png|wwr     aaaaa ssssssss        t*******
/data3fast/users/mbermudez/de_02/TFGDataset/img/T2_0990.png|derr   n  nnnn   aaaaalseeeeeeeeeeeeee
/data3fast/users/mbermudez/de_02/TFGDataset/img/T2_1134.png|ttt   aaaaa  llllllleeeeeeeeeeeeeeeeeeeeeeee
/data3fast/users/mbermudez/de_02/TFGDataset/img/T2_0743.png|aaaa    eeeeeeeeeddeeeeeeeeeeeeeeeeeeeeeee
/data3fast/users/mbermudez/de_02/TFGDataset/img/T2_1300.png|bbr     hhhhhhhhheeeeeeeeeeeeee    sssss
/data3fast/users/mbermudez/de_02/TFGDataset/img/T2_0148.png|ttttt*         eeeeeeeeeeeeeeeeeeeeeeeeeeeeeeeee issiii
/data3fast/users/mbermudez/de_02/TFGDataset/img/T2_0690.png|wiieeeeeeeeeeeeeeee   eeeeeennnnnnnnnnnnnn
/data3fast/users/mbermudez/de_02/TFGDataset/img/T2_0453.png|uuund      eeeeeerrerrrrtttttttt     
/data3fast/users/mbermudez/de_02/TFGDataset/img/T2_0305.png|diisss hh                    eeee    heeeeeeeeeeeeeeeeeeeeeee
/data3fast/users/mbermudez/de_02/TFGDataset/img/T2_0519.png|beee           e       eeeee lhaaaa    sssssss
/data3fast/users/mbermudez/de_02/TFGDataset/img/T2_0056.png|deeeee        nnn  eeeeettttt           nn
/data3fast/users/mbermudez/de_02/TFGDataset/img/T2_1207.png|neee           stttttthhhchtt  hhllllleeee e e
/data3fast/users/mbermudez/de_02/TFGDataset/img/T2_1143.png|eeeee   h         eee              ttttt tti
/data3fast/users/mbermudez/de_02/TFGDataset/img/T2_0960.png|deeeeeeeeeeeeeeeeee      te   e  e           eeeeeeesssss
/data3fast/users/mbermudez/de_02/TFGDataset/img/T2_0576.png|geeee                 hhhhe e     nn nnnnnn
/data3fast/users/mbermudez/de_02/TFGDataset/img/T2_0294.png|"       aa             hhhhhheeeeeeeeeen  e ess
/data3fast/users/mbermudez/de_02/TFGDataset/img/T2_0461.png|annn     eeeeesssesssssssssshhhhhh  aa         ede
/data3fast/users/mbermudez/de_02/TFGDataset/img/T2_1202.png|son          cchhh      ee      eee   eeeeeeee ererrrrree
/data3fast/users/mbermudez/de_02/TFGDataset/img/T2_1282.png|itss                      eeeeee          t  tt  t..
/data3fast/users/mbermudez/de_02/TFGDataset/img/T2_0293.png|deeeeeeeeeeeeeee          aa     ehhheeeeeeeeeeeee
/data3fast/users/mbermudez/de_02/TFGDataset/img/T2_1029.png|aa   eeeee e    eeee               eeeeeeeeeeeeeeee
/data3fast/users/mbermudez/de_02/TFGDataset/img/T2_0457.png|rrrre e                       eeee  eeeeeee  sssstttt
/data3fast/users/mbermudez/de_02/TFGDataset/img/T2_0927.png|weeeeeeeeeeeeechhhhhhheeeeeeeeeee    e         eee
/data3fast/users/mbermudez/de_02/TFGDataset/img/T2_1079.png|mhheeeeeee  e eeeeeett       nnn     ee
/data3fast/users/mbermudez/de_02/TFGDataset/img/T2_0859.png|teee               rrr    ssss       nnn
/data3fast/users/mbermudez/de_02/TFGDataset/img/T2_0236.png|aaaeeeeeeeeeeeeeeerrrrr       ssssssss
/data3fast/users/mbermudez/de_02/TFGDataset/img/T2_0177.png|deeeeehhheeeee     e                      ahhhhh
/data3fast/users/mbermudez/de_02/TFGDataset/img/T2_1486.png|miiieeeeeeeeeeee   aaassseeeeeeeeeeeeeeeeeee
/data3fast/users/mbermudez/de_02/TFGDataset/img/T2_0241.png|unneeeeeeeeeeeeesst       rrrrrree
/data3fast/users/mbermudez/de_02/TFGDataset/img/T2_0488.png|hhheeeeeeeeeeeeeeeeee n     eeeeeeehhhh
/data3fast/users/mbermudez/de_02/TFGDataset/img/T2_1044.png|mnn     eeeeeeeeeeeeeeeeeeeeeeeeee       aaaaas
/data3fast/users/mbermudez/de_02/TFGDataset/img/T2_0874.png|one      ssssshhhhhh       hhhhe eeeeeeeeee  eee    a
/data3fast/users/mbermudez/de_02/TFGDataset/img/T2_1454.png|iieeeeeeeeiinnnneeeeeeeeenecccchhh   eeeeee
/data3fast/users/mbermudez/de_02/TFGDataset/img/T2_0647.png|stttts s eeee  eee  eeeeeeeeeee    hhhh         e
/data3fast/users/mbermudez/de_02/TFGDataset/img/T2_0893.png|tttts   hh                    hh    sssseeeeeeeee
/data3fast/users/mbermudez/de_02/TFGDataset/img/T2_1218.png|veeeeeeeeeeeeiiieee   lla    eeeeeeee    t
/data3fast/users/mbermudez/de_02/TFGDataset/img/T2_1118.png|derrhhhaaaa                   n     aaa    eeeee
/data3fast/users/mbermudez/de_02/TFGDataset/img/T2_1006.png|derrrrrrreee       eeeeeeeeeeeee        ddddd
/data3fast/users/mbermudez/de_02/TFGDataset/img/T2_1235.png|aneeessss     eeeeeeee nnn  aaaallleeee
/data3fast/users/mbermudez/de_02/TFGDataset/img/T2_1059.png|bbsseeeeeeeeeeeeeeeeeeeeeeees      
/data3fast/users/mbermudez/de_02/TFGDataset/img/T2_0200.png|ssss hhhhhhhhhhh                    sssssssss  sssshc
/data3fast/users/mbermudez/de_02/TFGDataset/img/T2_1239.png|oo   eeeeeeeetttt      .......
/data3fast/users/mbermudez/de_02/TFGDataset/img/T2_1371.png|dasseehhheeeee                  eee   ee   e           nn
/data3fast/users/mbermudez/de_02/TFGDataset/img/T2_1261.png|deeettttee     e    eeeeeeeeeeeeeeeeeee
/data3fast/users/mbermudez/de_02/TFGDataset/img/T2_1413.png|dee              i         eeeeeeeeeeeeeeeeeeeeeeeeeee
/data3fast/users/mbermudez/de_02/TFGDataset/img/T2_0722.png|hhheeeeeeee         etttt  eeeeeeeee eeeeee
/data3fast/users/mbermudez/de_02/TFGDataset/img/T2_0876.png|meeeeeeeeeeeeeeiiiiiiii           eeeeeeeeett
/data3fast/users/mbermudez/de_02/TFGDataset/img/T2_0338.png|eee  ssssssssssa         e        eeeeeeeeeeeeee
/data3fast/users/mbermudez/de_02/TFGDataset/img/T2_0122.png|uureeeeeeeeeeeeeee   eeeeeeeeeeeeeeeeee   eeee
/data3fast/users/mbermudez/de_02/TFGDataset/img/T2_0299.png|nna      eeeeeeeeeeeeeeeeeeeeee         nnneee
/data3fast/users/mbermudez/de_02/TFGDataset/img/T2_0527.png|deer   n nnnnnnneeehhh aaa        hheeeeeee
/data3fast/users/mbermudez/de_02/TFGDataset/img/T2_1249.png|un    sschhhhh            eeeeeeeeeeee       
/data3fast/users/mbermudez/de_02/TFGDataset/img/T2_1018.png|wiii    aa   a         ssss  eeeeeeeeeee nnnn
/data3fast/users/mbermudez/de_02/TFGDataset/img/T2_0983.png|"      eeeeieeeeee     sssssssss   s  eeeee
/data3fast/users/mbermudez/de_02/TFGDataset/img/T2_0233.png|eeeeeehiii       **  *eeeeeeeeeee      ddd     n  ihhh
/data3fast/users/mbermudez/de_02/TFGDataset/img/T2_1363.png|urrrrrr  tttt   ssleeeeelleeeeeeeeeeeee     uu
/data3fast/users/mbermudez/de_02/TFGDataset/img/T2_0972.png|sssttttt
/data3fast/users/mbermudez/de_02/TFGDataset/img/T2_1248.png|iiee  eee n        httt   aaa         nnnn
/data3fast/users/mbermudez/de_02/TFGDataset/img/T2_0224.png|eee                 tttt   tttt           hhhhhhhh
/data3fast/users/mbermudez/de_02/TFGDataset/img/T2_1183.png|"        aassss        eeeeeeeeeeeeeeeeeeee        nnnnn
/data3fast/users/mbermudez/de_02/TFGDataset/img/T2_0470.png|wweetttttttt
/data3fast/users/mbermudez/de_02/TFGDataset/img/T2_0380.png|geelssss          eeee    sssssshhhe   eeeeeee
/data3fast/users/mbermudez/de_02/TFGDataset/img/T2_0863.png|neeeeeeeeeee e        e                         ee    eehhhheeeehh
/data3fast/users/mbermudez/de_02/TFGDataset/img/T2_1270.png|nnnesssssllltt         eeeeeeeeeeeeeeee
/data3fast/users/mbermudez/de_02/TFGDataset/img/T2_0826.png|iih   hhsssshhtt       *              eeeeeeeeeeeeeeeeennnnn
/data3fast/users/mbermudez/de_02/TFGDataset/img/T2_1490.png|frrrr                 eeeeeeeiiiinssssssss
/data3fast/users/mbermudez/de_02/TFGDataset/img/T2_0840.png|oon      eeeee     eeee   ****....
/data3fast/users/mbermudez/de_02/TFGDataset/img/T2_0397.png|aaa     nneeeeeeeeeeeeeeeeeeeeeesssssttt
/data3fast/users/mbermudez/de_02/TFGDataset/img/T2_0518.png|derr        eeeeeeee    nnn       eeeeelllhh
/data3fast/users/mbermudez/de_02/TFGDataset/img/T2_1053.png|de             eeiis sss  s sssssss 
/data3fast/users/mbermudez/de_02/TFGDataset/img/T2_0255.png|"         nnnnn    eeeelllll l    eeeeee
/data3fast/users/mbermudez/de_02/TFGDataset/img/T2_0188.png|hheeeeeeeeessssss       eeeeeeeeeeeeeeeeeeeeeeeee
/data3fast/users/mbermudez/de_02/TFGDataset/img/T2_1169.png|derrrrttttttt             eeeeeeeeee aaaaa  eee
/data3fast/users/mbermudez/de_02/TFGDataset/img/T2_0150.png|weee       nn    eeeeeeeleeeeeeeeeee      sssse
/data3fast/users/mbermudez/de_02/TFGDataset/img/T2_0329.png|eeeeeeeeeeeeessss      hhh   eeeeeeeeeee  h      nnnn
/data3fast/users/mbermudez/de_02/TFGDataset/img/T2_0426.png|sttt              sss                     iieeessssssee
/data3fast/users/mbermudez/de_02/TFGDataset/img/T2_0657.png|aann eeeeeeeeeeee    teeeeeee eeeeeeeeeesssssss eee
/data3fast/users/mbermudez/de_02/TFGDataset/img/T2_0304.png|uuuu   aaaaaa   eeeeeeeeeeeesss         nnnnn
/data3fast/users/mbermudez/de_02/TFGDataset/img/T2_0007.png|eee   ana      eeeeeeeee e      eeeeeeeeeee
/data3fast/users/mbermudez/de_02/TFGDataset/img/T2_0068.png|tttthhhhhhee                 hh  eeeeeennn aaaaa
/data3fast/users/mbermudez/de_02/TFGDataset/img/T2_0590.png|iiiih eeeeeeeeeeeeeeeeeeeee eee        hhhhnnnnnn
/data3fast/users/mbermudez/de_02/TFGDataset/img/T2_0866.png|ffe             ssiiiiii eeeeeeeeeeeeeeeeeee
/data3fast/users/mbermudez/de_02/TFGDataset/img/T2_0370.png|#  
/data3fast/users/mbermudez/de_02/TFGDataset/img/T2_0062.png|ttt     eeeeeeeeeeee  eeeeeeeeeeeeeeeee e     llllll
/data3fast/users/mbermudez/de_02/TFGDataset/img/T2_1348.png|dasssssssss  tttttt
/data3fast/users/mbermudez/de_02/TFGDataset/img/T2_1477.png|geeeee        d         sssssssssshhh            e
/data3fast/users/mbermudez/de_02/TFGDataset/img/T2_0346.png|geeeeeeeeeeeeee          eeeeeeeeeeeeeeeeeee   nnnn
/data3fast/users/mbermudez/de_02/TFGDataset/img/T2_0373.png|mer       heeeeeeeeee    sssssss       eeeeeee*
/data3fast/users/mbermudez/de_02/TFGDataset/img/T2_0192.png|tttihhheeeeeeeeeeeeeeeeescssssss     nnnnnn
/data3fast/users/mbermudez/de_02/TFGDataset/img/T2_1199.png|man   tt     e  eeeed r rrr   hhttttt   n
/data3fast/users/mbermudez/de_02/TFGDataset/img/T2_0955.png|llllt   t tttt          eeeee  eeeeeeeeee     e    
/data3fast/users/mbermudez/de_02/TFGDataset/img/T2_1343.png|nnnnnn  e      chhhhhee       tttt       eeeeeeeeeeee
/data3fast/users/mbermudez/de_02/TFGDataset/img/T2_1327.png|ee        eeeeeeeeeeeeeee      dd eeee  aaaaaa
/data3fast/users/mbermudez/de_02/TFGDataset/img/T2_1369.png|beeeeeeee                     eeennnnnn
/data3fast/users/mbermudez/de_02/TFGDataset/img/T2_0709.png|derrereeeeeeeeeeeeee            t           eeeee
/data3fast/users/mbermudez/de_02/TFGDataset/img/T2_1061.png|brr                  eeeeeeeeeeeeeeeeee      sss
/data3fast/users/mbermudez/de_02/TFGDataset/img/T2_0895.png|neee      nnnnnnnnaaaa   eeee         eeeeeeeeeee
/data3fast/users/mbermudez/de_02/TFGDataset/img/T2_1163.png|wweeessssssssss    aa                   ee.
/data3fast/users/mbermudez/de_02/TFGDataset/img/T2_0735.png|feeeetttttttttttt
/data3fast/users/mbermudez/de_02/TFGDataset/img/T2_0205.png|beeehhhhee            s               eeeeeeeett
/data3fast/users/mbermudez/de_02/TFGDataset/img/T2_1474.png|uuu     ssssssssssteeeeei           hch     u
/data3fast/users/mbermudez/de_02/TFGDataset/img/T2_0999.png|eeetttthhheeeeeee     aaaeeeeeeeeeeeeeeee    iiiiii
/data3fast/users/mbermudez/de_02/TFGDataset/img/T2_0396.png|iieeeeeeeeeeeeeeeeeiiiiieeiiiii nn        r**
/data3fast/users/mbermudez/de_02/TFGDataset/img/T2_0524.png|rreeeeeeeeeeeddeeeee   ss
/data3fast/users/mbermudez/de_02/TFGDataset/img/T2_0136.png|ssssssseeeeeeee                 eeeeelee        ***
/data3fast/users/mbermudez/de_02/TFGDataset/img/T2_0003.png|weiiicchhhhhhhhhhhheee   nnnn aa   sssssssssssssseeet
/data3fast/users/mbermudez/de_02/TFGDataset/img/T2_1374.png|oeee      a n hiiiiiiiiinn      ee
/data3fast/users/mbermudez/de_02/TFGDataset/img/T2_1171.png|mss        eiiiiiiiiiii n     eeeeeeeeeeeeeeeeee
/data3fast/users/mbermudez/de_02/TFGDataset/img/T2_0057.png|allllaa    nnnn    eeeeeeeeeessssseeee     nnnnn
/data3fast/users/mbermudez/de_02/TFGDataset/img/T2_0119.png|hhhhhhhh    nnnnnnnnnnnnnnnn  e eeee    rrrtrt
/data3fast/users/mbermudez/de_02/TFGDataset/img/T2_1361.png|"     eeeeeeeeeeeeeeeeeiiin             eeeeee
/data3fast/users/mbermudez/de_02/TFGDataset/img/T2_0850.png|eeeiiieeeeeeeeeeee    rrrreeeeee
/data3fast/users/mbermudez/de_02/TFGDataset/img/T2_0974.png|# 
/data3fast/users/mbermudez/de_02/TFGDataset/img/T2_1425.png|stttt    ee dddddeeeeeeeeeeeeeeeeeeeeeee
/data3fast/users/mbermudez/de_02/TFGDataset/img/T2_0029.png|eeeehhhht t                   eeeeeeeeeeeeeeleeee
/data3fast/users/mbermudez/de_02/TFGDataset/img/T2_0259.png|der            eeeeeeeeee                       e
/data3fast/users/mbermudez/de_02/TFGDataset/img/T2_0768.png|aaaeeeeeeeeeeeehhhh tttt
/data3fast/users/mbermudez/de_02/TFGDataset/img/T2_0904.png|eeesssllllleeeeeeeeeeee   nn         eeeeeee
/data3fast/users/mbermudez/de_02/TFGDataset/img/T2_0740.png|deeeeeee  **      ee  ssssee         ttssssssss    sss e e    d
/data3fast/users/mbermudez/de_02/TFGDataset/img/T2_1376.png|mnn        nn     eeeeeeeeee         d 
/data3fast/users/mbermudez/de_02/TFGDataset/img/T2_1298.png|der  hhhhhhhheeeeeeeeeeelll       eeeeeeeettcche
/data3fast/users/mbermudez/de_02/TFGDataset/img/T2_0660.png|st             ssssssssss lllllleeeeeeeeeeeeeee
/data3fast/users/mbermudez/de_02/TFGDataset/img/T2_1111.png|bee     e                httttttttttttt        hhhh
/data3fast/users/mbermudez/de_02/TFGDataset/img/T2_0864.png|mhh         eeeeeeeeee     e     aaaa    neeee
/data3fast/users/mbermudez/de_02/TFGDataset/img/T2_0565.png|ffeeeeeeee         a a    h            eehhh
/data3fast/users/mbermudez/de_02/TFGDataset/img/T2_0051.png|schhhhhhhhhhheeeeeeeeeeeee               eeeeee
/data3fast/users/mbermudez/de_02/TFGDataset/img/T2_0730.png|hhh      tteeettttt              a  nneeeeeeeeee
/data3fast/users/mbermudez/de_02/TFGDataset/img/T2_0980.png|shhheeeeeeeee  d      ********          e   saatttt
/data3fast/users/mbermudez/de_02/TFGDataset/img/T2_0146.png|ssssssssssssssseeeeeeeeeeeeeeeeeeeeeennnneeeee
/data3fast/users/mbermudez/de_02/TFGDataset/img/T2_0621.png|sseeeeeeeeeeeee  nnnnn   chhhhhhnn   nniieeee
/data3fast/users/mbermudez/de_02/TFGDataset/img/T2_0500.png|geeeeeeeeee   h h  tt               eeeeet
/data3fast/users/mbermudez/de_02/TFGDataset/img/T2_1052.png|nniieeeeeeeelllllllllll e              ee        n
/data3fast/users/mbermudez/de_02/TFGDataset/img/T2_0646.png|aahhh                      eeeeeeeeeee       ssa
/data3fast/users/mbermudez/de_02/TFGDataset/img/T2_0837.png|dieeeeeeeesseessssseennnnnnnnnnnnnnnnneeieeie
/data3fast/users/mbermudez/de_02/TFGDataset/img/T2_1212.png|eee     ssssssss eeeeeeeeeeeeeeeeeeeeeeeeeeeee
/data3fast/users/mbermudez/de_02/TFGDataset/img/T2_0355.png|drr      eeeeeeeee ********     nnnnnnnnn     eeeee
/data3fast/users/mbermudez/de_02/TFGDataset/img/T2_1127.png|dee eeeeeeeeeeeeeeeeeeee      hhh eeeeeeee
/data3fast/users/mbermudez/de_02/TFGDataset/img/T2_0683.png|teeeessssssseeeeeeeeee   n   eeeeeeeeeeeeieiee
/data3fast/users/mbermudez/de_02/TFGDataset/img/T2_0103.png|#  
/data3fast/users/mbermudez/de_02/TFGDataset/img/T2_1092.png|drrr                             ee    haalllllla
/data3fast/users/mbermudez/de_02/TFGDataset/img/T2_0896.png|uuu     elsssssa        ee              r
/data3fast/users/mbermudez/de_02/TFGDataset/img/T2_0095.png|nnnd eeeeeeeeee        t       eeeeeeeesssss
/data3fast/users/mbermudez/de_02/TFGDataset/img/T2_0612.png|aaaa   eeee  ee   eeeeiiiiiii       *********.
/data3fast/users/mbermudez/de_02/TFGDataset/img/T2_1306.png|dee  eeeeeeeeeeeeeeeeeeeeeeeeeeeeeeeeeeeee   iiee
/data3fast/users/mbermudez/de_02/TFGDataset/img/T2_1381.png|*****      tt              a    aa        eeeeeeeeeeee
/data3fast/users/mbermudez/de_02/TFGDataset/img/T2_0357.png|deeeeeeeeeeeeeeeeeeeeeettttttt   nneeee
/data3fast/users/mbermudez/de_02/TFGDataset/img/T2_0497.png|de     aaa            tt  eeessssssiciiiiiii
/data3fast/users/mbermudez/de_02/TFGDataset/img/T2_1084.png|aaaaa    ss  a lllllleeee      n          hhhhh
/data3fast/users/mbermudez/de_02/TFGDataset/img/T2_1156.png|seeeeNNeeeeehhh         eeeee                  nn
/data3fast/users/mbermudez/de_02/TFGDataset/img/T2_0137.png|hhhhhhhee hh  hhhhh        hh      lllllleeell
/data3fast/users/mbermudez/de_02/TFGDataset/img/T2_1488.png|uuueeeeeeeeeeeeeeee      eeee    nnnnnnaannn
/data3fast/users/mbermudez/de_02/TFGDataset/img/T2_0704.png|#  
/data3fast/users/mbermudez/de_02/TFGDataset/img/T2_1455.png|uu   eeeeeeee   hhhh     hhhhee      nnnnn eieie
/data3fast/users/mbermudez/de_02/TFGDataset/img/T2_0248.png|reeee     eeeeeeeeeeeeeeeeeeeeeee     eee e       
/data3fast/users/mbermudez/de_02/TFGDataset/img/T2_0808.png|iih   aaaaa                    eeeeeeeeeeeee
/data3fast/users/mbermudez/de_02/TFGDataset/img/T2_0201.png|gossssssssseee    e eeeesss           ee ee  e    ssss  e
/data3fast/users/mbermudez/de_02/TFGDataset/img/T2_1162.png|"    eeeeeee       ssss        ssss
/data3fast/users/mbermudez/de_02/TFGDataset/img/T2_1309.png|eeee     nnn       sss       eeeeeeeiie    eeeeeeee
/data3fast/users/mbermudez/de_02/TFGDataset/img/T2_1114.png|iiihh      eeeeeeeeeeeeeeeeee     eeeeeeeeeee       hhhh
/data3fast/users/mbermudez/de_02/TFGDataset/img/T2_0394.png|uu   eeeeeeeeeeeeeeeeeeeeeeeeeeeee      nnnn
/data3fast/users/mbermudez/de_02/TFGDataset/img/T2_1116.png|dee     aaaaaaa a a          sss   aaa   
/data3fast/users/mbermudez/de_02/TFGDataset/img/T2_0098.png|sst             tttt e       e  eeeeee  ssssss
/data3fast/users/mbermudez/de_02/TFGDataset/img/T2_0780.png|o   eeeeeeee    ...
/data3fast/users/mbermudez/de_02/TFGDataset/img/T2_0012.png|hhhe    e                   eeeee      eeeee
/data3fast/users/mbermudez/de_02/TFGDataset/img/T2_1123.png|fff e eee  eeee         eeeeeeeeeeeeeessssee
/data3fast/users/mbermudez/de_02/TFGDataset/img/T2_0129.png|#  
/data3fast/users/mbermudez/de_02/TFGDataset/img/T2_1106.png|llltteeeeeee e                     tt      hhhhh
/data3fast/users/mbermudez/de_02/TFGDataset/img/T2_0020.png|ww      eeheheeeeeeeeeeeeeeeeee ddddd   eeeee
/data3fast/users/mbermudez/de_02/TFGDataset/img/T2_1197.png|weeee    sss                          reee****
/data3fast/users/mbermudez/de_02/TFGDataset/img/T2_0687.png|aaalllhhhhh    eeeeeeeeeeeeeeeeeeeeeeeeeeeeeeee
/data3fast/users/mbermudez/de_02/TFGDataset/img/T2_0945.png|iina    eeeeeeeeeeeeeeeeeeehhhe        
/data3fast/users/mbermudez/de_02/TFGDataset/img/T2_0069.png|iin    eeeeeeeeeeeeeeeeeeleellleeeeee       ndd
/data3fast/users/mbermudez/de_02/TFGDataset/img/T2_1145.png|ffeeeeeeeeee          eeeeeeees           eeeeeee
/data3fast/users/mbermudez/de_02/TFGDataset/img/T2_1077.png|sseeeeeeeeeeeiiiiiee e          a a    ssshhee
/data3fast/users/mbermudez/de_02/TFGDataset/img/T2_0027.png|eerr  nnnnnnnnnnaaa  tttt  eee
/data3fast/users/mbermudez/de_02/TFGDataset/img/T2_0929.png|ttt      d   ssssseeeeee  iiiiiiinnnnnnnnnnnne
/data3fast/users/mbermudez/de_02/TFGDataset/img/T2_0795.png|eeennnnnnn   eeeeeeeleleeeeeeee                aa
/data3fast/users/mbermudez/de_02/TFGDataset/img/T2_0698.png|"      nnihiihh eeeeeeeeeeeeeeehheeeeeeeeeeee
/data3fast/users/mbermudez/de_02/TFGDataset/img/T2_0447.png|nnn eeeeeeeeee   eee eeeeeeeeeeeeeee      deee
/data3fast/users/mbermudez/de_02/TFGDataset/img/T2_0547.png|iihhhhhsttheeee  e  e e          hhhhhhee    nnnnnnn
/data3fast/users/mbermudez/de_02/TFGDataset/img/T2_0499.png|eeee          e   tt       hhhhhee            rrr
/data3fast/users/mbermudez/de_02/TFGDataset/img/T2_0343.png|ss  eeeeeeeeeee  eeeeeeeeeeeeeeeeeeeeee    eee
/data3fast/users/mbermudez/de_02/TFGDataset/img/T2_0921.png|dd           nnnn  sssssssss      e...
/data3fast/users/mbermudez/de_02/TFGDataset/img/T2_0682.png|eeee    sssss          neeeeeee     tt      
/data3fast/users/mbermudez/de_02/TFGDataset/img/T2_0611.png|"        elel       e rrrreeeeeeeeeeeeehhhhhhh
/data3fast/users/mbermudez/de_02/TFGDataset/img/T2_0356.png|bee  nnnnnnn  aaaaaaaaaa  chhhh             n
/data3fast/users/mbermudez/de_02/TFGDataset/img/T2_0112.png|aaasss  ee      eeeeee     n  dn             ee         
/data3fast/users/mbermudez/de_02/TFGDataset/img/T2_0044.png|wieee            nn   eeeee            eee
/data3fast/users/mbermudez/de_02/TFGDataset/img/T2_1290.png|bbr             eeeeeechhhhhhhhhee       ddde
/data3fast/users/mbermudez/de_02/TFGDataset/img/T2_0063.png|een nnnnnn     seeeeeeeeeeee           sss         
/data3fast/users/mbermudez/de_02/TFGDataset/img/T2_1342.png|uunn  eeee      nnndd   eee     e eeeeeeee e   aa
/data3fast/users/mbermudez/de_02/TFGDataset/img/T2_1107.png|#  
/data3fast/users/mbermudez/de_02/TFGDataset/img/T2_0928.png|dee  aaaaaaaaa     tttttt e eeetl aaaaaatt
/data3fast/users/mbermudez/de_02/TFGDataset/img/T2_0732.png|"    eeeeeeeeetttttt hhhh   nnnnnn
/data3fast/users/mbermudez/de_02/TFGDataset/img/T2_0943.png|tee    nnn  nneeeeeeehhhheeeeeeeeeeee
/data3fast/users/mbermudez/de_02/TFGDataset/img/T2_0132.png|beeeeeeeeee         a      e eeeeeeee  eeeeeeeeeeeeeeeeee
/data3fast/users/mbermudez/de_02/TFGDataset/img/T2_1256.png|neeeee****                eeeee      neeeeeeeei
/data3fast/users/mbermudez/de_02/TFGDataset/img/T2_0548.png|aahhleeeeeeeeeeeeeeeeeeeeee     ccccch sssssssss
/data3fast/users/mbermudez/de_02/TFGDataset/img/T2_0738.png|geee         rrrr  rrrrrreeeeeeee    aaaaa
/data3fast/users/mbermudez/de_02/TFGDataset/img/T2_0115.png|eeee ssssssaass           eeeineeeeeeeeee
/data3fast/users/mbermudez/de_02/TFGDataset/img/T2_0905.png|ggeeee    ttt      ddd      nnnn
/data3fast/users/mbermudez/de_02/TFGDataset/img/T2_0825.png|seeeeeeeeeeeeeeeessssssssltttttt      eeeeee
/data3fast/users/mbermudez/de_02/TFGDataset/img/T2_0436.png|"  sssssseeeeeeeeeeeeehhhhhhttt          eeeeeeeee
/data3fast/users/mbermudez/de_02/TFGDataset/img/T2_1062.png|anneeeeeeeeeeeeeeeeeeeeeeeeeeeiiiiisii        ss    s
/data3fast/users/mbermudez/de_02/TFGDataset/img/T2_0156.png|dee    eeeeeee   e             eeeeee     e e tttt
/data3fast/users/mbermudez/de_02/TFGDataset/img/T2_0399.png|aahheeeeeeeeeeeee     eeeeee            nnn
/data3fast/users/mbermudez/de_02/TFGDataset/img/T2_0963.png|uuueeee aaaaaaaa  sss       ii       essssssss
/data3fast/users/mbermudez/de_02/TFGDataset/img/T2_0409.png|hhn  ee                 s     eeeehhhhhhnn
/data3fast/users/mbermudez/de_02/TFGDataset/img/T2_1314.png|uuussssseeeeellleleeee      lllll              n
/data3fast/users/mbermudez/de_02/TFGDataset/img/T2_1243.png|eeee   s  eee ee    eee eeeeeeeeesssseeeeeeeeseeeee
/data3fast/users/mbermudez/de_02/TFGDataset/img/T2_0128.png|hhh  eeeeeeeeehhhhhhhhh        eeeeeee     d   e
/data3fast/users/mbermudez/de_02/TFGDataset/img/T2_0538.png|d     ee    ttt     lleeeeeeeeeeeee      eeee
/data3fast/users/mbermudez/de_02/TFGDataset/img/T2_0171.png|ihhh    
/data3fast/users/mbermudez/de_02/TFGDataset/img/T2_0675.png|deeeeeeeeeeeeeeleeeeeeeeeeeeee  nnnnneeeeeeeee
/data3fast/users/mbermudez/de_02/TFGDataset/img/T2_1126.png|sseeeeeeee         sss        eee         eeeee
/data3fast/users/mbermudez/de_02/TFGDataset/img/T2_0401.png|geee   nnnnn  nnnnn   eeeeeee ss       nn
/data3fast/users/mbermudez/de_02/TFGDataset/img/T2_0414.png|geee          ssieeeihtit      nnnn     ss    eeeee
/data3fast/users/mbermudez/de_02/TFGDataset/img/T2_0140.png|geeeessssssss       ssseeeeeeeee           eee   s ch
/data3fast/users/mbermudez/de_02/TFGDataset/img/T2_0987.png|# 
/data3fast/users/mbermudez/de_02/TFGDataset/img/T2_0631.png|dieeee  nnnnn ud ddereeeeeeeeeeiie
/data3fast/users/mbermudez/de_02/TFGDataset/img/T2_0543.png|aahee        eeeeeeeeeeesseeeeeee       eee
/data3fast/users/mbermudez/de_02/TFGDataset/img/T2_0213.png|so        eesssseeeeee        eeeeeeer rrereeeiih
/data3fast/users/mbermudez/de_02/TFGDataset/img/T2_1031.png|beeeeeeeeeeeeeeeeeeiiiiiiinnnnnnnnnneee
/data3fast/users/mbermudez/de_02/TFGDataset/img/T2_0901.png|aaudeeeeeeeeeeeeeeeeeeen esssschhhh         e
/data3fast/users/mbermudez/de_02/TFGDataset/img/T2_0427.png|waa     nnnnnnnnhhhheeeeeeeeeeeeeeeeeeeeeeeeee
/data3fast/users/mbermudez/de_02/TFGDataset/img/T2_1345.png|geee           iii  innnnnn      tttttt
/data3fast/users/mbermudez/de_02/TFGDataset/img/T2_1288.png|hhhh          eeeeeeee         aaaaa   a aa
/data3fast/users/mbermudez/de_02/TFGDataset/img/T2_0508.png|"   eeeeeee ssssasasallllllleeeeeeeeeeeet
/data3fast/users/mbermudez/de_02/TFGDataset/img/T2_0560.png|aalsssslhhhhhhhhh    hhhhhh  t tt         eeeeeee
/data3fast/users/mbermudez/de_02/TFGDataset/img/T2_0173.png|eee      nnnn   iititti  i   iei iiiihh
/data3fast/users/mbermudez/de_02/TFGDataset/img/T2_1466.png|watt                 eeeeeeeeeeeeeeeeeeee    ssssshhh
/data3fast/users/mbermudez/de_02/TFGDataset/img/T2_0996.png|der              ee    ************              sssss
/data3fast/users/mbermudez/de_02/TFGDataset/img/T2_0949.png|ooeeeeeeeeeeeeiee******eeeeeeeiieieehh    aaa
/data3fast/users/mbermudez/de_02/TFGDataset/img/T2_0630.png|ole    naaassshhhheeee
/data3fast/users/mbermudez/de_02/TFGDataset/img/T2_1024.png|sttte      eeeeeeeeeeeeee s ssi       nnnn n rrt
/data3fast/users/mbermudez/de_02/TFGDataset/img/T2_0535.png|mrrreeeeeeetttttttt             eeeeeeee  ddd
/data3fast/users/mbermudez/de_02/TFGDataset/img/T2_1201.png|dieeeeeeeeeeeeeessseeeeeee          n    eeeeee
/data3fast/users/mbermudez/de_02/TFGDataset/img/T2_0562.png|mmneeeeeee*..
/data3fast/users/mbermudez/de_02/TFGDataset/img/T2_0620.png|nnneeeeeeeeeeeeellllllll              eeeeeee
/data3fast/users/mbermudez/de_02/TFGDataset/img/T2_1494.png|eeee       eeeessss         e eee eeelee eeeeeeeeeee
/data3fast/users/mbermudez/de_02/TFGDataset/img/T2_0919.png|wett               ssssssshhhhheeeeeeeeeeee   aaaaa
/data3fast/users/mbermudez/de_02/TFGDataset/img/T2_0134.png|llhhh              rrrreeeeeeeeeee       eee
/data3fast/users/mbermudez/de_02/TFGDataset/img/T2_0510.png|hhheeeeeeeeee            eeeeeeeeeeeeeeeeeeeeeeeeeeeehhhhh
/data3fast/users/mbermudez/de_02/TFGDataset/img/T2_0892.png|nnnn             eeeeeeeeeeeeeeeeeeessssseeeeeee
/data3fast/users/mbermudez/de_02/TFGDataset/img/T2_0392.png|miitttteeeeeeeeeeeeeeeeeeennnnnnnnnnnnnee
/data3fast/users/mbermudez/de_02/TFGDataset/img/T2_0923.png|"     eeeeee  ee eeeeeeeeee i ch   eeee
/data3fast/users/mbermudez/de_02/TFGDataset/img/T2_1170.png|on    eeeeeeee       nnnnnnnnii     llll
/data3fast/users/mbermudez/de_02/TFGDataset/img/T2_1445.png|neee       aaaaa      eeeeeeehhhh      dd
/data3fast/users/mbermudez/de_02/TFGDataset/img/T2_0791.png|sschhhhhhht sss               ee             a at
/data3fast/users/mbermudez/de_02/TFGDataset/img/T2_0428.png|"      e     asssshhhh eeeeeee            ee
/data3fast/users/mbermudez/de_02/TFGDataset/img/T2_0465.png|uuua      aaannnneeeeeeeeeeeeee   nn
/data3fast/users/mbermudez/de_02/TFGDataset/img/T2_1166.png|deeee  eeeeeeeeee        ee   ee  eeeeeeeeeee hh   ssssss
/data3fast/users/mbermudez/de_02/TFGDataset/img/T2_0041.png|wiiee eee    eeeeeeeeeee       eee
/data3fast/users/mbermudez/de_02/TFGDataset/img/T2_1492.png|schhhhe            eeeeeeeeeeeeeeeeee        llll
/data3fast/users/mbermudez/de_02/TFGDataset/img/T2_0232.png|weee        sssseeeeeeeeeeeee   eeeeeeeeeeeeeee
/data3fast/users/mbermudez/de_02/TFGDataset/img/T2_1204.png|geehhhhh      eeeeeeeeeeeeeeeeeeeeeee e nnenneeeeeeeen
/data3fast/users/mbermudez/de_02/TFGDataset/img/T2_0814.png|lttt         eeeeeeeeeeeeeeeee              t
/data3fast/users/mbermudez/de_02/TFGDataset/img/T2_0605.png|ssttteeeeeeeeeeee     ssss                  ddd
/data3fast/users/mbermudez/de_02/TFGDataset/img/T2_0135.png|wiess         n      d d   e sscchhhhhiiiiiiiin
/data3fast/users/mbermudez/de_02/TFGDataset/img/T2_0767.png|so    eehhhihee    neeeeeeeeeeeeeehhhhh
/data3fast/users/mbermudez/de_02/TFGDataset/img/T2_0340.png|llllee  nnnhhhhh    nnnn n  nneeeeeeeeeertttt
/data3fast/users/mbermudez/de_02/TFGDataset/img/T2_0968.png|mmtttsssssssll             eeeeeee    ****           rrr
/data3fast/users/mbermudez/de_02/TFGDataset/img/T2_0812.png|zwretttttttttt
/data3fast/users/mbermudez/de_02/TFGDataset/img/T2_0107.png|dees   eeeetttt     eeeeeeeeeeeeeee      rr
/data3fast/users/mbermudez/de_02/TFGDataset/img/T2_0771.png|# 
/data3fast/users/mbermudez/de_02/TFGDataset/img/T2_1382.png|deesssseeeeee  eee  eeee     ssshhchhh      eeeeeeeee
/data3fast/users/mbermudez/de_02/TFGDataset/img/T2_0168.png|uu          eee                  ee            ehh
/data3fast/users/mbermudez/de_02/TFGDataset/img/T2_1297.png|aaaeeeeeee      aaa  aaa      ss      eeeeeeeee
/data3fast/users/mbermudez/de_02/TFGDataset/img/T2_0967.png|eerrr        eeeeeeeeeeeeee nnn     t
/data3fast/users/mbermudez/de_02/TFGDataset/img/T2_0395.png|da              iiiiiiiiiieieeeeeee   aaaaasaa
/data3fast/users/mbermudez/de_02/TFGDataset/img/T2_1419.png|geee            tttt     eeeeeleeeeee   eeeeee
/data3fast/users/mbermudez/de_02/TFGDataset/img/T2_0141.png|weee                 eessssssssssssssisiiiiiin
/data3fast/users/mbermudez/de_02/TFGDataset/img/T2_1329.png|sschhttttttttt*******     e            d d sseeeee
/data3fast/users/mbermudez/de_02/TFGDataset/img/T2_0261.png|geeeeeessssssssseeeseeeeeellllllee          dd
/data3fast/users/mbermudez/de_02/TFGDataset/img/T2_0869.png|ssshh     ssssseeeeeeeeeeeeenneeeeeeeeeeeee
/data3fast/users/mbermudez/de_02/TFGDataset/img/T2_0678.png|geeeeeeeeeeeee          neeeeeeeeeeeeeeeeeeeeeeeeeeeehh
/data3fast/users/mbermudez/de_02/TFGDataset/img/T2_1482.png|lll    nnnnneeeeeeeeeeeeee  aaaaaaaaaaal
/data3fast/users/mbermudez/de_02/TFGDataset/img/T2_1467.png|iitt           a    eeeeeeeee       nnn eee
/data3fast/users/mbermudez/de_02/TFGDataset/img/T2_1015.png|tt    nnnnnnn eeeeeeii        n    ee eeeeeee
/data3fast/users/mbermudez/de_02/TFGDataset/img/T2_0598.png|rrrrreeeeeeeeeeeee ee      s hhhhh          aae
/data3fast/users/mbermudez/de_02/TFGDataset/img/T2_1137.png|wii      ss      eeeee                rreeeeeen
/data3fast/users/mbermudez/de_02/TFGDataset/img/T2_1005.png|eeeehhhhhhhhhaaaaaa             eee       ..
/data3fast/users/mbermudez/de_02/TFGDataset/img/T2_0229.png|innh   hhhhh   eeeeeeeeeeeeeeeeeeeeeehhhhhhe         eee
/data3fast/users/mbermudez/de_02/TFGDataset/img/T2_0121.png|"              sssss     ***************
/data3fast/users/mbermudez/de_02/TFGDataset/img/T2_0035.png|deeee ee  e       eee e ie  eeeeeiee      eeeee
/data3fast/users/mbermudez/de_02/TFGDataset/img/T2_0726.png|"     eeeeeeee        ssssssssss  s    dndd
/data3fast/users/mbermudez/de_02/TFGDataset/img/T2_0495.png|nneeeeeeeeeihhhhh          eeeee           aaaaaa
/data3fast/users/mbermudez/de_02/TFGDataset/img/T2_0679.png|unn eeeeehhhhhhhh          hhhh            eeeee
/data3fast/users/mbermudez/de_02/TFGDataset/img/T2_0433.png|geeeeeeeeee               eeei         s   
/data3fast/users/mbermudez/de_02/TFGDataset/img/T2_1284.png|die  ssssssss hhh     nn                        e
/data3fast/users/mbermudez/de_02/TFGDataset/img/T2_1007.png|ss    eeeeeeeeeeeee nn     sssseeee   ettt
/data3fast/users/mbermudez/de_02/TFGDataset/img/T2_0719.png|zrrreeeeeiiiieeeennnnnnnnn        aaaa   
/data3fast/users/mbermudez/de_02/TFGDataset/img/T2_0759.png|dee    a eeeeeeeeeeeeee         nnnnnnnneeeennnn
/data3fast/users/mbermudez/de_02/TFGDataset/img/T2_1271.png|maaa   eeeeeeeeeeeeeeessss ssss   a           eeeeee
/data3fast/users/mbermudez/de_02/TFGDataset/img/T2_1159.png|zuu     nnna aaaa    dd  eeeeeeeee   eeeeeNN
/data3fast/users/mbermudez/de_02/TFGDataset/img/T2_0623.png|ddrr       e     e e  eiiiiiiiii      rrrt
/data3fast/users/mbermudez/de_02/TFGDataset/img/T2_1030.png|frreeeeeeeeeteeeeeeeeeeeessecchhhheeeee
/data3fast/users/mbermudez/de_02/TFGDataset/img/T2_0692.png|***ee      iiiieeeee   e                 eeleeelllllleee
/data3fast/users/mbermudez/de_02/TFGDataset/img/T2_0183.png|ooseeeeeeeeeeee     ee    e eeeeeeeeee hhhhhhhh
/data3fast/users/mbermudez/de_02/TFGDataset/img/T2_1367.png|"  eeeeeeeesssssss       aaaaa lllleeeeeeeeeeee
/data3fast/users/mbermudez/de_02/TFGDataset/img/T2_1190.png|ssstttttttttttt       ttttt   nneeeeeeeeeeeeeeee
/data3fast/users/mbermudez/de_02/TFGDataset/img/T2_1236.png|nnn      ssssssseeeeeeeeellll    eeeeeeeeee
/data3fast/users/mbermudez/de_02/TFGDataset/img/T2_1388.png|beehhhhsssssss   s  e                      eeee
/data3fast/users/mbermudez/de_02/TFGDataset/img/T2_0167.png|"               eeeeeeeeeeeeeeeeee  nnnnnnnnn
/data3fast/users/mbermudez/de_02/TFGDataset/img/T2_0295.png|geeeeeiii    nnneeeeeeennnnneeeeeee    a
/data3fast/users/mbermudez/de_02/TFGDataset/img/T2_1066.png|eee  nnnn eeeeeeeeeeeieeeee    llaa         heee
/data3fast/users/mbermudez/de_02/TFGDataset/img/T2_0036.png|wrr         elllllleeeeeeeeeee         t
/data3fast/users/mbermudez/de_02/TFGDataset/img/T2_0491.png|mmrrreeeeeeeee        aa    eeeeee   *********
/data3fast/users/mbermudez/de_02/TFGDataset/img/T2_0008.png|d                    eeeeeeeeeeeeeee          nnn
/data3fast/users/mbermudez/de_02/TFGDataset/img/T2_0292.png|nnnh     nnnn    nn      neeeeehhhheeeeeeeeNe
/data3fast/users/mbermudez/de_02/TFGDataset/img/T2_1293.png|gllee         ee                        eeeeeees
/data3fast/users/mbermudez/de_02/TFGDataset/img/T2_0349.png|sstt   aa a     e  eeee    hhhhhhheee hhhhh 
/data3fast/users/mbermudez/de_02/TFGDataset/img/T2_0155.png|              ssssss  etttt**  ***eeiiii eeeee eeeeNe
/data3fast/users/mbermudez/de_02/TFGDataset/img/T2_1417.png|hhhh      dd  eed               rrrii
/data3fast/users/mbermudez/de_02/TFGDataset/img/T2_1036.png|hhheeeeeeeeessseeeeeeeeeessee ss         eeeeee
/data3fast/users/mbermudez/de_02/TFGDataset/img/T2_1090.png|eeeeeetttttt
/data3fast/users/mbermudez/de_02/TFGDataset/img/T2_0225.png|liieeeeeeeeeeeeeeeeeeeeeeeee         eeeeeee
/data3fast/users/mbermudez/de_02/TFGDataset/img/T2_1154.png|eerssssssttttttt
/data3fast/users/mbermudez/de_02/TFGDataset/img/T2_1000.png|lleeeeieiiii   nni     neeeeeeeeeeeeeeeeeeeeeeeeee
/data3fast/users/mbermudez/de_02/TFGDataset/img/T2_0644.png|iinnneeeeeeeeeeee   eeeeeeeeeeeeeeee        eree
/data3fast/users/mbermudez/de_02/TFGDataset/img/T2_0920.png|hhrrrreeeereeeeee   rreerrrrr            eeeee
/data3fast/users/mbermudez/de_02/TFGDataset/img/T2_0818.png|"  sseeeeeeeeeel   
/data3fast/users/mbermudez/de_02/TFGDataset/img/T2_0798.png|ieeee e  ssssssssssssseeeeeeeeeeee
/data3fast/users/mbermudez/de_02/TFGDataset/img/T2_1428.png|eert      nnneeeeeeeessss      ttt        sss
/data3fast/users/mbermudez/de_02/TFGDataset/img/T2_1366.png|bbeeee           h hs           ******            ue
/data3fast/users/mbermudez/de_02/TFGDataset/img/T2_1469.png|hhrrrreeee        *                              aaa
/data3fast/users/mbermudez/de_02/TFGDataset/img/T2_1040.png|wiii    shahhh                   ssssssssseeeeee
/data3fast/users/mbermudez/de_02/TFGDataset/img/T2_1448.png|aanneeeeeeeeeeeei     n  aaaaaa     eeeeeee   nnn
/data3fast/users/mbermudez/de_02/TFGDataset/img/T2_0668.png|nnneeeeeee  nnn aaa  eeeeeeeeeeeeeeeiiissssscchh
/data3fast/users/mbermudez/de_02/TFGDataset/img/T2_1378.png|orre                                      sssshhhhhhh
/data3fast/users/mbermudez/de_02/TFGDataset/img/T2_1185.png|aaaa       eeeeeeeeeeeee    nnnnndneeeiiii
/data3fast/users/mbermudez/de_02/TFGDataset/img/T2_0425.png|ttee  e sss    lleeeeeeee  eeeeeesssssseeeeeeet
/data3fast/users/mbermudez/de_02/TFGDataset/img/T2_0448.png|geee            eeieeeeeeellleeeeeeeee     d
/data3fast/users/mbermudez/de_02/TFGDataset/img/T2_1037.png|allleeeee   sssssss  eeeee e     eeeeeeeeeeeeeeeeee
/data3fast/users/mbermudez/de_02/TFGDataset/img/T2_0766.png|aaa    e iiin nn      et  ssssss  aaaahh
/data3fast/users/mbermudez/de_02/TFGDataset/img/T2_1174.png|hhh                        eeeeeeeeeeeeeeeeeeeeeee**
/data3fast/users/mbermudez/de_02/TFGDataset/img/T2_0288.png|iii        eeeeeeee   nnn eeeeeeeeeeeeeeee        
/data3fast/users/mbermudez/de_02/TFGDataset/img/T2_1377.png|wwlll     aa            cchhhh  eeeee
/data3fast/users/mbermudez/de_02/TFGDataset/img/T2_1427.png|#  
/data3fast/users/mbermudez/de_02/TFGDataset/img/T2_0969.png|seeeeeeeeeeeee                               eeeeeeeeee
/data3fast/users/mbermudez/de_02/TFGDataset/img/T2_1500.png|oee   eeeeeeeeeeeeesssssse        eeeeeeeeee
/data3fast/users/mbermudez/de_02/TFGDataset/img/T2_0799.png|eeeeeeeeeeeeeeehhhhhh    eeeeeeee  nn  eeeeeetttt
/data3fast/users/mbermudez/de_02/TFGDataset/img/T2_0941.png|liihhh               d   eeeeeeeeeeeeelllhhhhhh
/data3fast/users/mbermudez/de_02/TFGDataset/img/T2_0315.png|unn   eeeeeiieennnnn  eeeeee nn    a    eeee
/data3fast/users/mbermudez/de_02/TFGDataset/img/T2_1281.png|uu    eeeeee       sss s sssssssssseeeeeeeesseee
/data3fast/users/mbermudez/de_02/TFGDataset/img/T2_0933.png|wrtt          a    n    d    eeeeee          seeee
/data3fast/users/mbermudez/de_02/TFGDataset/img/T2_0553.png|derr eheeeee eeeeeeeeeeeeel  a asss      eeeeeee
/data3fast/users/mbermudez/de_02/TFGDataset/img/T2_1122.png|derr ttttttiii e      ssssssssssee    dd
/data3fast/users/mbermudez/de_02/TFGDataset/img/T2_0407.png|uuu eeeeeeeeeeee        ssssssse      s eehhhhh
/data3fast/users/mbermudez/de_02/TFGDataset/img/T2_0076.png|dee  eeeeeeeesssseee     eieiiiieee   eeee
/data3fast/users/mbermudez/de_02/TFGDataset/img/T2_1319.png|lleeeeeeeeeeeeeeeeeheeehiee      eeeeee    nn
/data3fast/users/mbermudez/de_02/TFGDataset/img/T2_1483.png|urrree         eeeeeeeeeeeeeehhhhheeeeeeeeeeee
/data3fast/users/mbermudez/de_02/TFGDataset/img/T2_1101.png|deettttt  e eeeeeeee                     rr
/data3fast/users/mbermudez/de_02/TFGDataset/img/T2_0077.png|iie    eeeee eeeeeeeeeeeeeee     na    aaaa
/data3fast/users/mbermudez/de_02/TFGDataset/img/T2_0903.png|neeeee            eeeeeeeeeeee eeneeeeee essss
/data3fast/users/mbermudez/de_02/TFGDataset/img/T2_0264.png|"            alllllllllle         a  aaa
/data3fast/users/mbermudez/de_02/TFGDataset/img/T2_1232.png|ggeeeeeeeeeeee eee  sssshhhheeeeeeeee        aaaa
/data3fast/users/mbermudez/de_02/TFGDataset/img/T2_0781.png|"   eeeeeeee        eeee     nn          nn
/data3fast/users/mbermudez/de_02/TFGDataset/img/T2_0113.png|iiitttttttttt                     eeeeeeeeeeeee  ess
/data3fast/users/mbermudez/de_02/TFGDataset/img/T2_0828.png|nnnnd d       eeeeeeeeee    seeeee     aass
/data3fast/users/mbermudez/de_02/TFGDataset/img/T2_0961.png|beeee e    *  t               eeeee     aa      u
/data3fast/users/mbermudez/de_02/TFGDataset/img/T2_0997.png|ii      eeeeeeeeeee eeeeeeeeee d          n t
/data3fast/users/mbermudez/de_02/TFGDataset/img/T2_1076.png|geeeeeessssssssss    a            eeeeee           s
/data3fast/users/mbermudez/de_02/TFGDataset/img/T2_0354.png|icchh                 eeeeeeeeeeeeeeeehhheee  aaaaa
/data3fast/users/mbermudez/de_02/TFGDataset/img/T2_0058.png|dei     eeeeeeeeeeeee              ssss    eeeeeeeeeeee
/data3fast/users/mbermudez/de_02/TFGDataset/img/T2_0998.png|"      sss          e   a   t          ee
/data3fast/users/mbermudez/de_02/TFGDataset/img/T2_0410.png|geeeeeeeeeeeeeeeeeeeeeeee                   aa   aaaaaa
/data3fast/users/mbermudez/de_02/TFGDataset/img/T2_1440.png|hehh  aa dd  e eeeeeeelllllleeeeeeeeeeiiistttt
/data3fast/users/mbermudez/de_02/TFGDataset/img/T2_0937.png|beeeeeee          h    eeeeeeeee      aaa
/data3fast/users/mbermudez/de_02/TFGDataset/img/T2_0550.png|sseeeeeeeeeeeddn     e eeee eeeeeeehh  tttttttttt
/data3fast/users/mbermudez/de_02/TFGDataset/img/T2_0222.png|ttt***                         eeeeeeee          eee...
/data3fast/users/mbermudez/de_02/TFGDataset/img/T2_0844.png|aaa    eeeee          a     aa                  ee
/data3fast/users/mbermudez/de_02/TFGDataset/img/T2_1141.png|mmhhhh    hhh hh      a  ssssss         eeee
/data3fast/users/mbermudez/de_02/TFGDataset/img/T2_0416.png|bshhh                        e            eeeeettttt
/data3fast/users/mbermudez/de_02/TFGDataset/img/T2_0341.png|eeeehhhhheeeeeeeeeeertttt       eeeee   nn
/data3fast/users/mbermudez/de_02/TFGDataset/img/T2_1203.png|geeeessssss       llllelleeeeeeeeeeeeeeeeee
/data3fast/users/mbermudez/de_02/TFGDataset/img/T2_0256.png|oa    nnnneeeeeeeeeeeeeeess     nnnneeee
/data3fast/users/mbermudez/de_02/TFGDataset/img/T2_0681.png|diesssssssssssssss      nn    eeeeeeeeeeeeeeeeeeeee
/data3fast/users/mbermudez/de_02/TFGDataset/img/T2_0391.png|wwr               n  nnneeeeiiehhhhhheeeeee   eeee
/data3fast/users/mbermudez/de_02/TFGDataset/img/T2_0228.png|"   eeeeeeeeehhhhheeeeeeeeeeeennn  e sssssss
/data3fast/users/mbermudez/de_02/TFGDataset/img/T2_1352.png|deeeeeeeeeeeeeeeeeeeeeeeeeeeeee             aaad
/data3fast/users/mbermudez/de_02/TFGDataset/img/T2_1442.png|dieeeeeeeehh      nnn          rrrrrr** *         
/data3fast/users/mbermudez/de_02/TFGDataset/img/T2_0326.png|ggeeesssssss  ahh         iitttt        sssssssss
/data3fast/users/mbermudez/de_02/TFGDataset/img/T2_0789.png|dd   eeeeeeeeeeeeeeeeeeeeeeeeeeehh     eeeseee
/data3fast/users/mbermudez/de_02/TFGDataset/img/T2_0239.png|"   eesssseeeeeeee e
/data3fast/users/mbermudez/de_02/TFGDataset/img/T2_0209.png|iii   eeeeee eellleeeeeeeeeeeeeeiiii    aaaaaa
/data3fast/users/mbermudez/de_02/TFGDataset/img/T2_1347.png|aahhhh      aa        deeeeeee *       uu   rrrrre
/data3fast/users/mbermudez/de_02/TFGDataset/img/T2_0046.png|derr     ttttttttttttt     hhhh   eeeeeee
/data3fast/users/mbermudez/de_02/TFGDataset/img/T2_0446.png|deer                  **                    iieeeeeee
/data3fast/users/mbermudez/de_02/TFGDataset/img/T2_0778.png|iicch    aaa     nnnnnnnnnnnnnnee  sccchhh eeee      eee
/data3fast/users/mbermudez/de_02/TFGDataset/img/T2_0583.png|aaea     aann    aaassssss hhhh   eeeeelllllleeeee
/data3fast/users/mbermudez/de_02/TFGDataset/img/T2_0577.png|diieiehiiiieeeeeee  ***           eeees           ee
/data3fast/users/mbermudez/de_02/TFGDataset/img/T2_0485.png|bbeeee   eeeeehehheeeeeeeeeeeeeeee        rr
/data3fast/users/mbermudez/de_02/TFGDataset/img/T2_0686.png|geeeeeee nnnnnnnneeeeennnneeeeeeeeeee
/data3fast/users/mbermudez/de_02/TFGDataset/img/T2_0123.png|un    sseeeeeeeeeeee             reeeee
/data3fast/users/mbermudez/de_02/TFGDataset/img/T2_1456.png|vie       eeeeeeeeeeeesseeeeeeeeeeeeeee       n
/data3fast/users/mbermudez/de_02/TFGDataset/img/T2_0545.png|iiiii   nnn neeeeeeeeeeeeeccccctttttt  ***eeeeeet
/data3fast/users/mbermudez/de_02/TFGDataset/img/T2_1013.png|de      aa   a   nnnn      hhhh        eeeiiinn
/data3fast/users/mbermudez/de_02/TFGDataset/img/T2_0663.png|geeeeeeeeee             eeeeeeeeeeesseeeeeee      e
/data3fast/users/mbermudez/de_02/TFGDataset/img/T2_0079.png|mi  eeeeeessssssss      nnn   iiieeee nnn eeeee
/data3fast/users/mbermudez/de_02/TFGDataset/img/T2_0257.png|weeeeeehhhhtt                     eh     eeeeeeee
/data3fast/users/mbermudez/de_02/TFGDataset/img/T2_1379.png|iii  eeeeeeeeeeeeeeeeeeee    e
/data3fast/users/mbermudez/de_02/TFGDataset/img/T2_0055.png|mrrr     eeeeeeeee   a   aa   ll        nn
/data3fast/users/mbermudez/de_02/TFGDataset/img/T2_0476.png|de             eeeeee
/data3fast/users/mbermudez/de_02/TFGDataset/img/T2_0962.png|icchht       eeeesssss           eeeeeeeeeeeeeeeeeeee
/data3fast/users/mbermudez/de_02/TFGDataset/img/T2_1093.png|rrr  aaa    eeeeeeeeeeeeeeeeeeeeeeeeeee  i nnnne
/data3fast/users/mbermudez/de_02/TFGDataset/img/T2_0204.png|#  
/data3fast/users/mbermudez/de_02/TFGDataset/img/T2_1216.png|nneeeeeeeeeeeeeennene   ddd                
/data3fast/users/mbermudez/de_02/TFGDataset/img/T2_0193.png|rrrt      aa          rrereeeeeeeeeeeeeee   nnnnnn
/data3fast/users/mbermudez/de_02/TFGDataset/img/T2_0699.png|scheeeeeeeeeeeeee  e       hhheeeeee         aaasa
/data3fast/users/mbermudez/de_02/TFGDataset/img/T2_1340.png|eeeettttttt  
/data3fast/users/mbermudez/de_02/TFGDataset/img/T2_1086.png|geeeeeeeeeeeeee           ssssssscchhh  nee
/data3fast/users/mbermudez/de_02/TFGDataset/img/T2_1039.png|oo       hhhh       l               n        eeeee
/data3fast/users/mbermudez/de_02/TFGDataset/img/T2_0515.png|auu   eeeeetttttt      sssssttt         eeeeeee
/data3fast/users/mbermudez/de_02/TFGDataset/img/T2_0720.png|nnn sseseeeeee i           eeeeeeeeeeeeee    s    see
/data3fast/users/mbermudez/de_02/TFGDataset/img/T2_0383.png|iiehheeeeeeeeeeeeeeeeeeee     nnn   aaaan  eeeeeeeee
/data3fast/users/mbermudez/de_02/TFGDataset/img/T2_0940.png|drrreeeeeeeeee           e     hhh       deeeeee
/data3fast/users/mbermudez/de_02/TFGDataset/img/T2_0345.png|ichhhh        eeeeehheee   nnnn eeeeeeeeeesseeee
/data3fast/users/mbermudez/de_02/TFGDataset/img/T2_0626.png|der    nn   eeeei          nnn   eeeeeeeeee
/data3fast/users/mbermudez/de_02/TFGDataset/img/T2_0406.png|sii        tttttttt     sssss  hhhh nnnn
/data3fast/users/mbermudez/de_02/TFGDataset/img/T2_0652.png|geeesssss aa      sssss               *t**
/data3fast/users/mbermudez/de_02/TFGDataset/img/T2_0907.png|wweeeeeeeeeee*   nnneeeeeeee*         a allee
/data3fast/users/mbermudez/de_02/TFGDataset/img/T2_0199.png|wllleeeeeeeeeeeeeeeeeeeeeee      ehhhhhhh
/data3fast/users/mbermudez/de_02/TFGDataset/img/T2_0496.png|iii  eeeeeenneeeeeeeeeeeeeesssssallllaaaaann
/data3fast/users/mbermudez/de_02/TFGDataset/img/T2_0498.png|ee   aaa    eeeeeeeeeeeeeeeeeiiii       **..
/data3fast/users/mbermudez/de_02/TFGDataset/img/T2_1245.png|d   
/data3fast/users/mbermudez/de_02/TFGDataset/img/T2_1198.png|dee    dd ddeeeeeerrrrrrttttt      eee
/data3fast/users/mbermudez/de_02/TFGDataset/img/T2_0973.png|eeee hhhhhhh                eeeeeeeeeeeeeeeeeeee
/data3fast/users/mbermudez/de_02/TFGDataset/img/T2_0606.png|weeeeeeeeee  e        e ee      eeeeeeeeeeeeeittt
/data3fast/users/mbermudez/de_02/TFGDataset/img/T2_0860.png|wiieeeeeeeeeeeeeehhs  ee   ttet       eeeeeeeeeees  eeeee
/data3fast/users/mbermudez/de_02/TFGDataset/img/T2_0984.png|dii sscchhtttt             ssssstt              neeee
/data3fast/users/mbermudez/de_02/TFGDataset/img/T2_0891.png|eee        sss  nnnnn          eeeeeeeeeeeeee   ee
/data3fast/users/mbermudez/de_02/TFGDataset/img/T2_0226.png|eeeNeee
/data3fast/users/mbermudez/de_02/TFGDataset/img/T2_0249.png|zreeeeeeehccchhhh      nnn       eeeeeeeee      ree
/data3fast/users/mbermudez/de_02/TFGDataset/img/T2_0004.png|aaah  eeeeeeelllllleeeeeeeeeeeiiiiiiiieh
/data3fast/users/mbermudez/de_02/TFGDataset/img/T2_1401.png|in    ssssshhhhhhh     eeeerrrr     rurrrr
/data3fast/users/mbermudez/de_02/TFGDataset/img/T2_1026.png|ggaaa               eeeeeeeeee      nnn hah
/data3fast/users/mbermudez/de_02/TFGDataset/img/T2_0026.png|miieeeeeeeeeeeeeeeeeeeeeeeeeeeeeeedd    sssss
/data3fast/users/mbermudez/de_02/TFGDataset/img/T2_1055.png|seeeeeeee   aaa ttttt       eessssssss
/data3fast/users/mbermudez/de_02/TFGDataset/img/T2_1160.png|t********       hhhheeeeeeeeeeeeeeeeeeeeee        nnee
/data3fast/users/mbermudez/de_02/TFGDataset/img/T2_0467.png|ann   eeeeee       ss sss ssssssss tt           e
/data3fast/users/mbermudez/de_02/TFGDataset/img/T2_1384.png|beeeeeeee                      eee       ssssss
/data3fast/users/mbermudez/de_02/TFGDataset/img/T2_0151.png|schh       eeeeeeeeeee i     n        ssssssse
/data3fast/users/mbermudez/de_02/TFGDataset/img/T2_0707.png|see  eeee    aaaaa                                 ddd
/data3fast/users/mbermudez/de_02/TFGDataset/img/T2_0413.png|eee  dd  eeeessssss    aaaaaaa            ss
/data3fast/users/mbermudez/de_02/TFGDataset/img/T2_0420.png|ddr  eeeeeeeeeeeeeeeiii  nnnnnnnn  aaaallee
/data3fast/users/mbermudez/de_02/TFGDataset/img/T2_0434.png|ssii      eeeeeeeeeeeeeeeeeessssssssssssstssshss
/data3fast/users/mbermudez/de_02/TFGDataset/img/T2_0017.png|dee    nnnn            e eeeeeeeeeeeeeeeee
/data3fast/users/mbermudez/de_02/TFGDataset/img/T2_1280.png|geeeee  
/data3fast/users/mbermudez/de_02/TFGDataset/img/T2_1410.png|unnd    eeeeeeeeeeee s ssseeeiiitittttttt    ereer
/data3fast/users/mbermudez/de_02/TFGDataset/img/T2_0266.png|weee   sssseee eeeseeeeeeeeeeeee      dd     eeeeeeee
/data3fast/users/mbermudez/de_02/TFGDataset/img/T2_0186.png|nnneeeeeeeee                               eeeeeeeee
/data3fast/users/mbermudez/de_02/TFGDataset/img/T2_0761.png|ggee nnnnnn  tttttt
/data3fast/users/mbermudez/de_02/TFGDataset/img/T2_1045.png|wlleeeeee    rtrrttett    lllll             eeee
/data3fast/users/mbermudez/de_02/TFGDataset/img/T2_0377.png|dassssstttt                eeee sssss     eettt
/data3fast/users/mbermudez/de_02/TFGDataset/img/T2_0558.png|sshh      dd neeeeee  d ssssssddd   aaaaahh
/data3fast/users/mbermudez/de_02/TFGDataset/img/T2_1453.png|# 
/data3fast/users/mbermudez/de_02/TFGDataset/img/T2_0328.png|derrtttttt    
/data3fast/users/mbermudez/de_02/TFGDataset/img/T2_1432.png|geeeeeee ss  eeeeeeeeeeeeeeeeeeeeeeeeeeeeeeeeeee
/data3fast/users/mbermudez/de_02/TFGDataset/img/T2_0752.png|nnn eeeeeeeeeeeeeee eeeessssss           eeeeeee
/data3fast/users/mbermudez/de_02/TFGDataset/img/T2_1301.png|derr              eeeeeeeeeeeeeeee  ss  s ss s s   eeeeeeeeee
/data3fast/users/mbermudez/de_02/TFGDataset/img/T2_0708.png|nneeeeeeeeeeeeee    sss          neeeeeeee
/data3fast/users/mbermudez/de_02/TFGDataset/img/T2_0415.png|teeee        ss   eeeeeeeeeeeeee           eeeeee
/data3fast/users/mbermudez/de_02/TFGDataset/img/T2_1010.png|geeee          aasss   eeeeeeeeeeeeeeettttt
/data3fast/users/mbermudez/de_02/TFGDataset/img/T2_0924.png|unn eeeeeeeeeeeeeeeeeeieettt  ss   ha     eee
/data3fast/users/mbermudez/de_02/TFGDataset/img/T2_0531.png|diesssssssss s e h tt     nnnnnn    a eeeeeeee
/data3fast/users/mbermudez/de_02/TFGDataset/img/T2_1083.png|eeeeehhhh      nddd       s      hhaa        eeeee
/data3fast/users/mbermudez/de_02/TFGDataset/img/T2_0643.png|drrrhhhhhhhttt tteeeeeeeeet        nnn          
/data3fast/users/mbermudez/de_02/TFGDataset/img/T2_1048.png|eeeeeeeeeee  **   *********eeeeeee          ss          ss
/data3fast/users/mbermudez/de_02/TFGDataset/img/T2_0932.png|beer             r reeererre err eeeeeeeaaaah
/data3fast/users/mbermudez/de_02/TFGDataset/img/T2_0731.png|oo       eeeeeeeeeeeeeeeeeeeeeeeeeeessssssss eee
/data3fast/users/mbermudez/de_02/TFGDataset/img/T2_1139.png|ttt   aaa  a    hhhhhhhheeeeeeeeeeeeeeeeeee
/data3fast/users/mbermudez/de_02/TFGDataset/img/T2_1489.png|aaccchhh           ss   nnn      eeee  tttt
/data3fast/users/mbermudez/de_02/TFGDataset/img/T2_0253.png|fnnn  eeesssssss    eeeeeeeeiieeeeeeeeeeeeee
/data3fast/users/mbermudez/de_02/TFGDataset/img/T2_1443.png|aaah               eeeee       *eeee       sssss   ss
/data3fast/users/mbermudez/de_02/TFGDataset/img/T2_0142.png|wiiii           ihhhhhhh      r r  e    
/data3fast/users/mbermudez/de_02/TFGDataset/img/T2_0885.png|drrreeeeeeehh    ddddeeeeeeeeeeeeelll      e
/data3fast/users/mbermudez/de_02/TFGDataset/img/T2_0376.png|aaaheeeeeeeeeee  eee   eeee   nnn     sssscchh
/data3fast/users/mbermudez/de_02/TFGDataset/img/T2_0954.png|wnnn eeeeeeeiiitetett      ***               ett
/data3fast/users/mbermudez/de_02/TFGDataset/img/T2_0260.png|neeeeessss  eeeeeeeieeeeeeeeee laallaaaaa eeee
/data3fast/users/mbermudez/de_02/TFGDataset/img/T2_1338.png|ieee  seeeeeeeeeeeee     e eeeee**     ssssse
/data3fast/users/mbermudez/de_02/TFGDataset/img/T2_0099.png|mn  eeeeeeeeeeeee  aaa    a       eee            **n
/data3fast/users/mbermudez/de_02/TFGDataset/img/T2_0604.png|schhheeee         tt
/data3fast/users/mbermudez/de_02/TFGDataset/img/T2_0559.png|unn  eeeeeeeeeeeeeleeee        eeeeeeeeeee eeeeee
/data3fast/users/mbermudez/de_02/TFGDataset/img/T2_0610.png|dee  aaaaa   eeeeeeeeeeeeeeeeeee      tt        ee
/data3fast/users/mbermudez/de_02/TFGDataset/img/T2_0218.png|aaneeeee       aaa     lllllllee   nnnnn
/data3fast/users/mbermudez/de_02/TFGDataset/img/T2_0021.png|aalleeeeeeeeeeeiiiiiieeeeeeeeerreeeeee
/data3fast/users/mbermudez/de_02/TFGDataset/img/T2_0985.png|derr  eeeeeeeeee              a    llhhhhhhhtt   
/data3fast/users/mbermudez/de_02/TFGDataset/img/T2_1277.png|de    aa     neeen eeeeeeeeeeeeeee d    eeeeeeeesssseeee
/data3fast/users/mbermudez/de_02/TFGDataset/img/T2_0161.png|aau         hheeeeeeee     ddd  eeeeeeeeesssllll
/data3fast/users/mbermudez/de_02/TFGDataset/img/T2_1128.png|ii       eeeeeeeeeeeeeeeeeeettttt     eeeeeee
/data3fast/users/mbermudez/de_02/TFGDataset/img/T2_1267.png|nna         tsttttttttttt*                  eee
/data3fast/users/mbermudez/de_02/TFGDataset/img/T2_0381.png|deee eeeeeeeeeeeeeee eeeeeeeeeeeeeeeeee  hhssssshhhtth
/data3fast/users/mbermudez/de_02/TFGDataset/img/T2_0556.png|mree        eeeeee               ii          tt
/data3fast/users/mbermudez/de_02/TFGDataset/img/T2_0384.png|ieeeeee      nnn     eeeeeeeeeeeeeeeeeeeeeeeee
/data3fast/users/mbermudez/de_02/TFGDataset/img/T2_1397.png|dasss     ttttt    iiiiiiieeeieettt
/data3fast/users/mbermudez/de_02/TFGDataset/img/T2_1099.png|hhh   d         iiiinnnnnnnnn   ssssssseeeeeeeeeeee
/data3fast/users/mbermudez/de_02/TFGDataset/img/T2_0871.png|geeeeeeeeeeed dddd  dd  d                   ellle
/data3fast/users/mbermudez/de_02/TFGDataset/img/T2_1328.png|derr                  eeeeeeeee     nnnneeee
/data3fast/users/mbermudez/de_02/TFGDataset/img/T2_0149.png|geeeeeeeee ttttttttt          ****
/data3fast/users/mbermudez/de_02/TFGDataset/img/T2_1178.png|dee   aa h        eeeeeeeeee   *****   tttttttt
/data3fast/users/mbermudez/de_02/TFGDataset/img/T2_1491.png|aal    ee  ****************  ee sssssssssseee    ee
/data3fast/users/mbermudez/de_02/TFGDataset/img/T2_1103.png|geeeeeee                eeeeeeeeehhh    aaaaaaa
/data3fast/users/mbermudez/de_02/TFGDataset/img/T2_0494.png|wisssss 
/data3fast/users/mbermudez/de_02/TFGDataset/img/T2_0279.png|dee    nnnnnnnnnn       eetettttt  t        hhhhh
/data3fast/users/mbermudez/de_02/TFGDataset/img/T2_0276.png|"         nnnnnn  eeeeeellllhiiiiiit
/data3fast/users/mbermudez/de_02/TFGDataset/img/T2_0633.png|drrrhhhhhhheeeeeeeett*****
/data3fast/users/mbermudez/de_02/TFGDataset/img/T2_1011.png|#  
/data3fast/users/mbermudez/de_02/TFGDataset/img/T2_0867.png|leeeee eeeeeeee eeeeeeeeeee     eseeee    dddaa
/data3fast/users/mbermudez/de_02/TFGDataset/img/T2_0002.png|mmtttttt e       aaa     sssss iieeeee
/data3fast/users/mbermudez/de_02/TFGDataset/img/T2_0989.png|drrrr                       e   ddddd
/data3fast/users/mbermudez/de_02/TFGDataset/img/T2_1193.png|wwie    eee  e esssseeeeeeeeeeeeessssss           
/data3fast/users/mbermudez/de_02/TFGDataset/img/T2_1035.png|ochhhhhhh       nnn eeeeeeeeeeeeeeeeeee    nnnn
/data3fast/users/mbermudez/de_02/TFGDataset/img/T2_0308.png|derrtt      eeeeeeeeeeeeeee            e  n s
/data3fast/users/mbermudez/de_02/TFGDataset/img/T2_0848.png|ggeee      t       eeeee e  sssss        eeeeee
/data3fast/users/mbermudez/de_02/TFGDataset/img/T2_1322.png|tteeeeeeeeeee        essssshh    ddddd  d
/data3fast/users/mbermudez/de_02/TFGDataset/img/T2_0419.png|dee ssss  ttttttt        ****iiiitittiii
/data3fast/users/mbermudez/de_02/TFGDataset/img/T2_0374.png|aaa       hhhhh  eeeeeeeeeeee         ssssss
/data3fast/users/mbermudez/de_02/TFGDataset/img/T2_0184.png|#  
/data3fast/users/mbermudez/de_02/TFGDataset/img/T2_0817.png|dee   eeeeee e  ieeeeeeeeeeeeeeeeeeeeeeeeeeell  sssssseee
/data3fast/users/mbermudez/de_02/TFGDataset/img/T2_0197.png|eerrh           eeeeessss                     eeeeeeeeeeee
/data3fast/users/mbermudez/de_02/TFGDataset/img/T2_1020.png|#  
/data3fast/users/mbermudez/de_02/TFGDataset/img/T2_0542.png|eerrr  aaaaa     eeeeeeeeeeeese  hhhh eeeeee
/data3fast/users/mbermudez/de_02/TFGDataset/img/T2_0164.png|weeee tttttttt
/data3fast/users/mbermudez/de_02/TFGDataset/img/T2_1210.png|geeeeee       aaa      eeeeiiiieeee     ee
/data3fast/users/mbermudez/de_02/TFGDataset/img/T2_0922.png|sheeeeeeeeee       n    a    hhhhhhelllssllsss
/data3fast/users/mbermudez/de_02/TFGDataset/img/T2_0810.png|aaaahhhh ee       nn eeeeeeeeeeeesst          trr
/data3fast/users/mbermudez/de_02/TFGDataset/img/T2_1310.png|weeeeeesssseseeeee  ss    ttttttttttt
/data3fast/users/mbermudez/de_02/TFGDataset/img/T2_0423.png|wwr        nnna        eeeeeeeeeeeeessssee
/data3fast/users/mbermudez/de_02/TFGDataset/img/T2_0104.png|nna  a       eeeeeee     de    eeeesssssssss       
/data3fast/users/mbermudez/de_02/TFGDataset/img/T2_0959.png|wrrrr                    rrrrrrreeetttiitttti
/data3fast/users/mbermudez/de_02/TFGDataset/img/T2_0717.png|da   eeeeeettt            iiichchhh   aaaaaaaaaee
/data3fast/users/mbermudez/de_02/TFGDataset/img/T2_0389.png|geeee ee eeeeeeeee              eeeesssssssss
/data3fast/users/mbermudez/de_02/TFGDataset/img/T2_1251.png|bbeeeeeeeeeeheeeeeeeeeeeeeeeeeeeeeeeeeee
/data3fast/users/mbermudez/de_02/TFGDataset/img/T2_1121.png|wlll            nii   eeeeeeeeeeeeiennneneeeeee 
/data3fast/users/mbermudez/de_02/TFGDataset/img/T2_1498.png|di          eeeeeeeeeeeeedeeeeee    ssssssstttt
/data3fast/users/mbermudez/de_02/TFGDataset/img/T2_0587.png|dee    nnn nnnnn      eeeeeeeee            e
/data3fast/users/mbermudez/de_02/TFGDataset/img/T2_0833.png|ore  sssssss     eeeeeeeeeeee h   h         nn  
/data3fast/users/mbermudez/de_02/TFGDataset/img/T2_0737.png|de     aan    hhhhh    eeeeeeeeeee  inn
/data3fast/users/mbermudez/de_02/TFGDataset/img/T2_1336.png|iiihhh   ttt     ..
/data3fast/users/mbermudez/de_02/TFGDataset/img/T2_0280.png|iee      a a     aa   ttttt      eeeeeeeee
/data3fast/users/mbermudez/de_02/TFGDataset/img/T2_0588.png|dee    eeeeeeeeeeeee        n   sssseeee
/data3fast/users/mbermudez/de_02/TFGDataset/img/T2_1424.png|hhhhhhhhhee             uaa     uuuaauu    eeeeeeh
/data3fast/users/mbermudez/de_02/TFGDataset/img/T2_0790.png|sshhheeeeeeeeeeee  ee                    ttttt
/data3fast/users/mbermudez/de_02/TFGDataset/img/T2_0206.png|uun eeeeeeeeeeeeeeeeeeeeeee   n          t
/data3fast/users/mbermudez/de_02/TFGDataset/img/T2_0727.png|lllee    ****         eeeee
/data3fast/users/mbermudez/de_02/TFGDataset/img/T2_1408.png|# eeeettttttt
/data3fast/users/mbermudez/de_02/TFGDataset/img/T2_0873.png|iii    ssssss e  eeeeeeeeeee   iiin          aahhhhh
/data3fast/users/mbermudez/de_02/TFGDataset/img/T2_0834.png|iieeeeeeeeeeeeeeeee esssleeeeeeeeee      ssss
/data3fast/users/mbermudez/de_02/TFGDataset/img/T2_0269.png|wlll     enn  eeeeeeeeeeeeeeeeeeeeeleellll  
/data3fast/users/mbermudez/de_02/TFGDataset/img/T2_0666.png|deeeeeeeeeeeesss     ss       h             deeeeeeeeee
/data3fast/users/mbermudez/de_02/TFGDataset/img/T2_1149.png|unn   eeeeeeeeeee     aassss         eeeeeeee
/data3fast/users/mbermudez/de_02/TFGDataset/img/T2_1479.png|weee       eeeeeeeeee               eeee
/data3fast/users/mbermudez/de_02/TFGDataset/img/T2_1120.png|in       eeeeeeeeeeeeeeeeeeeetsttttttttttt     e
/data3fast/users/mbermudez/de_02/TFGDataset/img/T2_0887.png|tt   aaasshhhhhhhhhhhh      eeeeeeeeeeeeeeeeeeendd
/data3fast/users/mbermudez/de_02/TFGDataset/img/T2_0622.png|geeNNNN      n n   eeeeeee nnnn             hhh
/data3fast/users/mbermudez/de_02/TFGDataset/img/T2_0915.png|alll eeeeeeeeeeeeeeeeeeeeeeeeeeeeeee sssss    eee
/data3fast/users/mbermudez/de_02/TFGDataset/img/T2_0592.png|nnssseeeeeeeeeeee   e   eee     eeee            nnnn
/data3fast/users/mbermudez/de_02/TFGDataset/img/T2_1226.png|aaa      eeeee*********  t             sseeeeeeeeeeeeee
/data3fast/users/mbermudez/de_02/TFGDataset/img/T2_0091.png|uu     aaa    eee     ssssssss    eeenenne
/data3fast/users/mbermudez/de_02/TFGDataset/img/T2_1418.png|geeehhhhttt
/data3fast/users/mbermudez/de_02/TFGDataset/img/T2_0114.png|dee   hhh           eeeeeeeeeeeeeeeehh     aeell
/data3fast/users/mbermudez/de_02/TFGDataset/img/T2_0101.png|# 
/data3fast/users/mbermudez/de_02/TFGDataset/img/T2_0648.png|hhadddddd eeeee   shhhhh           eeerr rrr
/data3fast/users/mbermudez/de_02/TFGDataset/img/T2_0405.png|weennnnnnnnneeeeeeeeeeeeeeeeeeeeeee*e
/data3fast/users/mbermudez/de_02/TFGDataset/img/T2_1451.png|die           s   eeeeeeeesssshhhhh      ee
/data3fast/users/mbermudez/de_02/TFGDataset/img/T2_0938.png|wwetttttttttttt
/data3fast/users/mbermudez/de_02/TFGDataset/img/T2_0382.png|aahhheeeeeeeeeiiiinnnnnnn       eeeeeeeee
/data3fast/users/mbermudez/de_02/TFGDataset/img/T2_0539.png|weeesssss ss sssss   eeeeesssss   eeeeeeee
/data3fast/users/mbermudez/de_02/TFGDataset/img/T2_1416.png|deereeeee  eee  ddd   nnnnnaaaaaaa       eeeee
/data3fast/users/mbermudez/de_02/TFGDataset/img/T2_0319.png|sseeeeee                 eeeee            eeeeeeee
/data3fast/users/mbermudez/de_02/TFGDataset/img/T2_1224.png|ss    eeeeeeeeeeeeeeeeeeeheeeellllll      nnnnn
/data3fast/users/mbermudez/de_02/TFGDataset/img/T2_1274.png|aass  eeeeeeee ssssss        eeeeeeeeeee
/data3fast/users/mbermudez/de_02/TFGDataset/img/T2_0948.png|bbeeeettttttttt     nnnnnn   reiiii  eeeeeeeeeN
/data3fast/users/mbermudez/de_02/TFGDataset/img/T2_0466.png|eeessss                            eeeeeeeeeehhhhhhhh
/data3fast/users/mbermudez/de_02/TFGDataset/img/T2_0061.png|dr           eeeeeeeeeeeee   aa        
/data3fast/users/mbermudez/de_02/TFGDataset/img/T2_0281.png|eeeeeeeeeee         a  aa      e         ehhh
/data3fast/users/mbermudez/de_02/TFGDataset/img/T2_1291.png|ann eeeeeeeeeeeeeeeeeeiiiii      eeeeeeeee
/data3fast/users/mbermudez/de_02/TFGDataset/img/T2_0083.png|uuueeeeeeeeeeeetttt                      tt  
/data3fast/users/mbermudez/de_02/TFGDataset/img/T2_1213.png|"   eeeeeehhhhhhhhhhhee       aaaa        ssss
/data3fast/users/mbermudez/de_02/TFGDataset/img/T2_0571.png|beeee  ee     eeeeee     eeeeeeeeeeeeeennnne
/data3fast/users/mbermudez/de_02/TFGDataset/img/T2_0608.png|beeeeeeeeee  **              eeeeeeeeei       ree
/data3fast/users/mbermudez/de_02/TFGDataset/img/T2_0254.png|"    eeeee eaeeeeeeelllhhhhhhhhhh   tt
/data3fast/users/mbermudez/de_02/TFGDataset/img/T2_0471.png|feeeeeee hhhhhhh                 ee      eerrrrrrtttt
/data3fast/users/mbermudez/de_02/TFGDataset/img/T2_0190.png|iihh     eeeee       i tt ii         e         d
/data3fast/users/mbermudez/de_02/TFGDataset/img/T2_1473.png|wiiieeleeeeeeeelll           nnnnnn  nnnnnnnnn
/data3fast/users/mbermudez/de_02/TFGDataset/img/T2_0481.png|seeeeeeeeeeeeeeeeeeeee    ssssssss         annnn
/data3fast/users/mbermudez/de_02/TFGDataset/img/T2_0133.png|eee           e eee                 eeeee
/data3fast/users/mbermudez/de_02/TFGDataset/img/T2_0267.png|derrrttttee         n n   eeeeee          nnne
/data3fast/users/mbermudez/de_02/TFGDataset/img/T2_0506.png|zuu  eettttt                  le         ssssss
/data3fast/users/mbermudez/de_02/TFGDataset/img/T2_0247.png|aaah    eeeeeee         hheeeeeeeeeeeeeeeee
/data3fast/users/mbermudez/de_02/TFGDataset/img/T2_1054.png|wlllll            rrreeeee e  tssss t    eeee
/data3fast/users/mbermudez/de_02/TFGDataset/img/T2_1117.png|nnnneeeessshthhh      e eeiii   nn         eeeeee
/data3fast/users/mbermudez/de_02/TFGDataset/img/T2_0540.png|# 
/data3fast/users/mbermudez/de_02/TFGDataset/img/T2_0108.png|das  eeeeeeeeeeieiieeeeeeeeeeeneeeeeennnnnnn
/data3fast/users/mbermudez/de_02/TFGDataset/img/T2_1262.png|sshhhhhhhee                 eeeeeeee   eeeeieee
/data3fast/users/mbermudez/de_02/TFGDataset/img/T2_1386.png|dd   n    eeeeeeseeeeeeeeeeeeeeee     eeeeriihhh
/data3fast/users/mbermudez/de_02/TFGDataset/img/T2_1184.png|reeeeeddeeeeeeeeeeeeeeeeeeeeeeeeeeeee      eeeeee  e ee
/data3fast/users/mbermudez/de_02/TFGDataset/img/T2_0198.png|di         t ttttt eee  eeeeeeeeeeeeeehhhhh      
/data3fast/users/mbermudez/de_02/TFGDataset/img/T2_0713.png|# 
/data3fast/users/mbermudez/de_02/TFGDataset/img/T2_1168.png|mnn               ssssssse iiee e ee                eeeee
/data3fast/users/mbermudez/de_02/TFGDataset/img/T2_1278.png|bbe       eeeeseeeeeeeeeeeeeeee              .....
/data3fast/users/mbermudez/de_02/TFGDataset/img/T2_0744.png|deeee                                         hhhh
/data3fast/users/mbermudez/de_02/TFGDataset/img/T2_0285.png|ffeee         eeeeeeees   eeeeeeeeettte
/data3fast/users/mbermudez/de_02/TFGDataset/img/T2_1041.png|meeeeiiiiiihhhhee
/data3fast/users/mbermudez/de_02/TFGDataset/img/T2_0819.png|ffrrtttteeeeeeeeeeeeeeee n nnnn         eeeee
/data3fast/users/mbermudez/de_02/TFGDataset/img/T2_1264.png|dd    eee  e               reeeeeeeeee    hhhh
/data3fast/users/mbermudez/de_02/TFGDataset/img/T2_1321.png|sseeeeeeeeeeeeeeeeeeeeeeeeee  aaaa          
/data3fast/users/mbermudez/de_02/TFGDataset/img/T2_0880.png|gggeeeeeesssssssssss iiiii    
/data3fast/users/mbermudez/de_02/TFGDataset/img/T2_1001.png|eeeellllllllssss        eeeeeeeeeeeeeeeeeeeeessssshh
/data3fast/users/mbermudez/de_02/TFGDataset/img/T2_1074.png|rrr       e  eeee e     ttt        ss   iinnn
/data3fast/users/mbermudez/de_02/TFGDataset/img/T2_1354.png|wieeessssssssss          hhhhhhaaaaauau
/data3fast/users/mbermudez/de_02/TFGDataset/img/T2_0477.png|llliiee ee          eeeeeeeeeeeeeecciee        rr
/data3fast/users/mbermudez/de_02/TFGDataset/img/T2_0517.png|oo          eeeeeeeeeeeeeeeeeeeeeee      eeeeeeeee
/data3fast/users/mbermudez/de_02/TFGDataset/img/T2_0277.png|derrttttttiittt
/data3fast/users/mbermudez/de_02/TFGDataset/img/T2_1073.png|#  
/data3fast/users/mbermudez/de_02/TFGDataset/img/T2_1501.png|ssceee                eeeeeeeeeee   eeee eeeeeeeeeeeeee
/data3fast/users/mbermudez/de_02/TFGDataset/img/T2_1497.png|ttt  eeeeeeeee    e eeeeeeeeeeeee     naaaaan
/data3fast/users/mbermudez/de_02/TFGDataset/img/T2_1308.png|sshhhhhhhhh      eeeeeee
/data3fast/users/mbermudez/de_02/TFGDataset/img/T2_0926.png|der       ee e   e  nnnneeeeeeeeeeee nnnnnnnnnnnn
/data3fast/users/mbermudez/de_02/TFGDataset/img/T2_1246.png|nnnn eeeeeeeerrr  d  eeeeeeeess    llll  eeee
/data3fast/users/mbermudez/de_02/TFGDataset/img/T2_0196.png|ttee          eeeeeee   nnnnnnnnnnnaaaaalll
/data3fast/users/mbermudez/de_02/TFGDataset/img/T2_1346.png|sll            eeeeeeeeeeeeess          aahhh
/data3fast/users/mbermudez/de_02/TFGDataset/img/T2_0601.png|bee  aaaaaaa   eeeeeeeeeeeeelshhhtttttttt
/data3fast/users/mbermudez/de_02/TFGDataset/img/T2_0619.png|deeeeeeeeeee                    eeeeeeeeeeeeerrrrttttt
/data3fast/users/mbermudez/de_02/TFGDataset/img/T2_1402.png|wll              sssssssss         heeeeeeeeeet
/data3fast/users/mbermudez/de_02/TFGDataset/img/T2_1484.png|dd  sseeeeeeeeeeeennnnnnnneeeeeeeeeeeeee     cchhh
/data3fast/users/mbermudez/de_02/TFGDataset/img/T2_0853.png|"    eesssseessssssssss     eeee   ddnn nnnnnn
/data3fast/users/mbermudez/de_02/TFGDataset/img/T2_0301.png|orr e    eeee  e eeeeesssseee      eeree        
/data3fast/users/mbermudez/de_02/TFGDataset/img/T2_0290.png|eeeeeeeeeeeeeeeeee              llheeeeeeeeee  ee
/data3fast/users/mbermudez/de_02/TFGDataset/img/T2_0952.png|brr       eeeeeeeeeeeeeeeee      nnnnnn      nn n
/data3fast/users/mbermudez/de_02/TFGDataset/img/T2_0823.png|sstt     a     ss     eeeeeeeeeei     iccch
/data3fast/users/mbermudez/de_02/TFGDataset/img/T2_0785.png|mmlllllleee        eeee     n      aaaaasashhh
/data3fast/users/mbermudez/de_02/TFGDataset/img/T2_0118.png|eehhhhhhh aaaaa         eeee    hh heeeeeeeeeeee
/data3fast/users/mbermudez/de_02/TFGDataset/img/T2_0367.png|aar  eeeeeeeeeeeeeeeeeeeeeeeeeeeeeee    nnnnn
/data3fast/users/mbermudez/de_02/TFGDataset/img/T2_1275.png|be   ssss    eeeeeeeeeeeeeeeeeee        eseees    ee
/data3fast/users/mbermudez/de_02/TFGDataset/img/T2_0549.png|beeettttt 
/data3fast/users/mbermudez/de_02/TFGDataset/img/T2_0640.png|# 
/data3fast/users/mbermudez/de_02/TFGDataset/img/T2_1415.png|nnnnnnne eeeeeeeeeeeeeeeee     eeeeeeeeeeeeeeeeeeehhhhh
/data3fast/users/mbermudez/de_02/TFGDataset/img/T2_1435.png|mmiteeeeeeee s                ssssss    aaa
/data3fast/users/mbermudez/de_02/TFGDataset/img/T2_1063.png|mii  eeeeeeeeehhhhh     a            eeeeee   eee
/data3fast/users/mbermudez/de_02/TFGDataset/img/T2_0089.png|asss     eeeeeeeeeeeeeeeeeeeeeeeeee  aaa
/data3fast/users/mbermudez/de_02/TFGDataset/img/T2_0685.png|dii eeeeeeeeeeeeeee     eeeeee         dd
/data3fast/users/mbermudez/de_02/TFGDataset/img/T2_1220.png|iiee           e          ttt e      sssss
/data3fast/users/mbermudez/de_02/TFGDataset/img/T2_0437.png|weeeee     hhhhhhleleeee                hhhhh
/data3fast/users/mbermudez/de_02/TFGDataset/img/T2_0697.png|hhh          eeeessseeeeeeeeeee                 e
/data3fast/users/mbermudez/de_02/TFGDataset/img/T2_0174.png|derr  nneeeeeeeeeeeeeit            rrrrrrrrrrree
/data3fast/users/mbermudez/de_02/TFGDataset/img/T2_0424.png|ttee eeeeeeeeee e                    ttttttttt
/data3fast/users/mbermudez/de_02/TFGDataset/img/T2_0944.png|lllllllaaaa    nnn       eeeeeee         eeeeeeee
/data3fast/users/mbermudez/de_02/TFGDataset/img/T2_1299.png|mii    eeeeeee      n n          a   eeessseeeeeee
/data3fast/users/mbermudez/de_02/TFGDataset/img/T2_0760.png|unn       aaaaaaaaaaaallllleeeeeeee
/data3fast/users/mbermudez/de_02/TFGDataset/img/T2_0655.png|weesssssshhhhh           eeeeee        ssss
/data3fast/users/mbermudez/de_02/TFGDataset/img/T2_0694.png|eeettttttt                     deeeeeeeeeeee
/data3fast/users/mbermudez/de_02/TFGDataset/img/T2_0018.png|meeeeee    eeeeeeeeeeeeeeeeeeeee****          eee
/data3fast/users/mbermudez/de_02/TFGDataset/img/T2_1320.png|sit    aaaaaaa a  eeeeeeeeee         eeeeeeeeee
/data3fast/users/mbermudez/de_02/TFGDataset/img/T2_0430.png|ahhhh    eeeeeet           aaaaa   sssssseiiiiii
/data3fast/users/mbermudez/de_02/TFGDataset/img/T2_0703.png|geehhhhhh  tt         rrr       aaaau
/data3fast/users/mbermudez/de_02/TFGDataset/img/T2_0872.png|iittt      s       eeeeeeee nn        ssssssstt
/data3fast/users/mbermudez/de_02/TFGDataset/img/T2_0977.png|eer dddd n n   hhhheeeeeeeeeeeee        eeeellll
/data3fast/users/mbermudez/de_02/TFGDataset/img/T2_1259.png|#  
/data3fast/users/mbermudez/de_02/TFGDataset/img/T2_0843.png|geeee     aa  hhhhh      e               eeeeee
/data3fast/users/mbermudez/de_02/TFGDataset/img/T2_0075.png|"   eeeeelll        
/data3fast/users/mbermudez/de_02/TFGDataset/img/T2_0162.png|desssssseee        e eeeeeeeeeeeeeeeeeeeeeeee     nn
/data3fast/users/mbermudez/de_02/TFGDataset/img/T2_0258.png|ggeeee eeeeeessss hhhhhaaaaa tttttt      ne
/data3fast/users/mbermudez/de_02/TFGDataset/img/T2_1285.png|"     eeeeeeeeeeeeeee e    eeeee ee  ehhh   ee  ****eeeeeee
/data3fast/users/mbermudez/de_02/TFGDataset/img/T2_0642.png|deeeeeeeeeeeeee ssssssssseeeeeeeeee       sssss
/data3fast/users/mbermudez/de_02/TFGDataset/img/T2_0589.png|iii   eeeeeeeeeesseeeeeeeeeeeeeeeeeeehhh       tt
/data3fast/users/mbermudez/de_02/TFGDataset/img/T2_1230.png|aauu eeeeeeeeeeeeelaallee   e     e  eeeeeeeee
/data3fast/users/mbermudez/de_02/TFGDataset/img/T2_0208.png|das  eeeeeeeeeeee       hhhhhhhhttt        
/data3fast/users/mbermudez/de_02/TFGDataset/img/T2_0169.png|drrrttttttt         eeeeeeeeeeehchh nnnnnnn
/data3fast/users/mbermudez/de_02/TFGDataset/img/T2_0111.png|aareeeeeeellellhhhheeeeeeeeeeeeelll     nnaaaa
/data3fast/users/mbermudez/de_02/TFGDataset/img/T2_0865.png|eeeeeeeeeeeee
/data3fast/users/mbermudez/de_02/TFGDataset/img/T2_0245.png|ieeeeeeeeeeeeeeeeeeeh    dddd
/data3fast/users/mbermudez/de_02/TFGDataset/img/T2_0330.png|diesssseeeeeeetttt           eeee             ehhheeehhhhe
/data3fast/users/mbermudez/de_02/TFGDataset/img/T2_1091.png|eee  sssss    hh             eeeeeeeeeeee   rreeeeeeee
/data3fast/users/mbermudez/de_02/TFGDataset/img/T2_0203.png|d      nn  eeeeeeeeeeeeeee dd      sssssss
/data3fast/users/mbermudez/de_02/TFGDataset/img/T2_1097.png|eeeeeeeeeeeeeeennn  eeeneeeeee     sssssssshhhh
/data3fast/users/mbermudez/de_02/TFGDataset/img/T2_0475.png|ii          ee   t      he eeeee   eeieiii    eee
/data3fast/users/mbermudez/de_02/TFGDataset/img/T2_1430.png|der            h ss             eeee
/data3fast/users/mbermudez/de_02/TFGDataset/img/T2_0856.png|errrrr          eeeeeeeeeeeeeesssseeeeeeeeeeeeeee
/data3fast/users/mbermudez/de_02/TFGDataset/img/T2_0593.png|wweee          n     ttitet              
/data3fast/users/mbermudez/de_02/TFGDataset/img/T2_0369.png|wiiiihhhhhhhh     eeeeeeeeeeeeeeeeeeeeett     aa
/data3fast/users/mbermudez/de_02/TFGDataset/img/T2_1450.png|aaaa     ttt           eeeeeeeeeeeeeeehhhhhhhhh
/data3fast/users/mbermudez/de_02/TFGDataset/img/T2_0166.png|nneeeeee         a a       eeeeeeeeeee           a
/data3fast/users/mbermudez/de_02/TFGDataset/img/T2_0742.png|hhhh    aaa aaa  aallllllllh  innnneeeeeeeeeee
/data3fast/users/mbermudez/de_02/TFGDataset/img/T2_0835.png|dee               eeeee       tt   tt             e
/data3fast/users/mbermudez/de_02/TFGDataset/img/T2_0271.png|mmtt             eeeee   nnnnnnnnn n  sssseeee
/data3fast/users/mbermudez/de_02/TFGDataset/img/T2_0212.png|eeeeeeesssssh  ieee     * *...
/data3fast/users/mbermudez/de_02/TFGDataset/img/T2_0325.png|"     eeeeeeeeeeeeee   innnn  eeeeeeee
/data3fast/users/mbermudez/de_02/TFGDataset/img/T2_1046.png|derttttttttttt
/data3fast/users/mbermudez/de_02/TFGDataset/img/T2_0067.png|ssss       ttt              eeeeee    ssscchhhh
/data3fast/users/mbermudez/de_02/TFGDataset/img/T2_0080.png|mnnn    ddeeeeeeeeeeeennnnneeeeeeeeeeeeeeeeee
/data3fast/users/mbermudez/de_02/TFGDataset/img/T2_0800.png|dd           t ttt             sssss ss     aa  lllleee
/data3fast/users/mbermudez/de_02/TFGDataset/img/T2_0207.png|aala          eeeeeeeeeeeeeeeeee     nnn
/data3fast/users/mbermudez/de_02/TFGDataset/img/T2_1003.png|tteeeeeehhhhhhhhh       eeeeeeeeeeeeeeeeeeeeeee   nnnnnn
/data3fast/users/mbermudez/de_02/TFGDataset/img/T2_0071.png|anneee  eeeeddddd   eeeeeeeeechhheeee         ee
/data3fast/users/mbermudez/de_02/TFGDataset/img/T2_1365.png|eeee                hheeeeeellllleeeeeellll
/data3fast/users/mbermudez/de_02/TFGDataset/img/T2_1089.png|inn eeeeeeeeeeeeeheeeeeeeeeeeeeeeeeeeleeeee    eeeeee
/data3fast/users/mbermudez/de_02/TFGDataset/img/T2_0042.png|der   ttt      sss       eeeeeeeeeeeeeeeeee   eee
/data3fast/users/mbermudez/de_02/TFGDataset/img/T2_1399.png|miieeeeeeNeNsee      e   ed                eeeeeh
/data3fast/users/mbermudez/de_02/TFGDataset/img/T2_1088.png|uuueeeeeeeeeeeeeeeeeeeeee            sss    sshhh
/data3fast/users/mbermudez/de_02/TFGDataset/img/T2_1464.png|neee           n  nn   dddeeeeeeeeeehhhhhhhhh
/data3fast/users/mbermudez/de_02/TFGDataset/img/T2_1385.png|stt       eeeeeeeeee      eee e              heeeeehhhh
/data3fast/users/mbermudez/de_02/TFGDataset/img/T2_1129.png|eee aaaaa    sssssseeeeeee*       nnneeeeeeeeeee
/data3fast/users/mbermudez/de_02/TFGDataset/img/T2_0693.png|iii  sseeeeeeeeeeeeeeeee           ses hht
/data3fast/users/mbermudez/de_02/TFGDataset/img/T2_0971.png|"   sshhhhhhhhh     h    n      eeeeeeeeeeeeee
/data3fast/users/mbermudez/de_02/TFGDataset/img/T2_0379.png|dii eeeeeeeeeee    sss    a       tt
/data3fast/users/mbermudez/de_02/TFGDataset/img/T2_1286.png|aau              s sssiiisssiiihh    eeeeeeeee
/data3fast/users/mbermudez/de_02/TFGDataset/img/T2_0223.png|witttt   
/data3fast/users/mbermudez/de_02/TFGDataset/img/T2_0372.png|derreeeheeteee   ss       aasssseeleeeeeeeet
/data3fast/users/mbermudez/de_02/TFGDataset/img/T2_0445.png|uur  eeeeeeee    nnnnn    tt     lllllllla
/data3fast/users/mbermudez/de_02/TFGDataset/img/T2_0019.png|iihh eeeeeeeeeeeeeeeeeeeeeeeeeeeeeeeeee    eeeeee
/data3fast/users/mbermudez/de_02/TFGDataset/img/T2_0846.png|nnneeeeeeeeee  eeeeeeeeeeeeehheeeeeeeeeeeeeeeeeeen
/data3fast/users/mbermudez/de_02/TFGDataset/img/T2_0729.png|eeeeeeeeeeee    aaaa   
/data3fast/users/mbermudez/de_02/TFGDataset/img/T2_0468.png|aaa    eeeeettttt      eeeeeeeeeiiiieiiieeee sss
/data3fast/users/mbermudez/de_02/TFGDataset/img/T2_0530.png|anh  eeeeeeeeeee      aa     eeeeeeeeeeeeee
/data3fast/users/mbermudez/de_02/TFGDataset/img/T2_0335.png|dass   tttttt       r       nnnaaaa   eeeeee
/data3fast/users/mbermudez/de_02/TFGDataset/img/T2_1135.png|ggeeeeeetttttt     teeeee        eeeeeeesss
/data3fast/users/mbermudez/de_02/TFGDataset/img/T2_0603.png|iii eeeeee     eeeeeeeeeeeeeeeeee   e           tttt
/data3fast/users/mbermudez/de_02/TFGDataset/img/T2_0851.png|nneeeeeeeeeeee                eeeeeeeeeeeeeiitt
/data3fast/users/mbermudez/de_02/TFGDataset/img/T2_0804.png|in     aaa        anna    eeeeeeeeaaaa
/data3fast/users/mbermudez/de_02/TFGDataset/img/T2_1412.png|daaaa            s eeeessiicccchchhhhh     hhhhhhhee
/data3fast/users/mbermudez/de_02/TFGDataset/img/T2_0651.png|se      ee      sss      d dd       ee        hhhh
/data3fast/users/mbermudez/de_02/TFGDataset/img/T2_0858.png|uunddd   eesssseeeeeeeeeeeeeeee    sss
/data3fast/users/mbermudez/de_02/TFGDataset/img/T2_0797.png|weeei   hhh       eeeeeeeee      ddn n nne
/data3fast/users/mbermudez/de_02/TFGDataset/img/T2_1071.png|iiiesssssssehhheee ee  *              eeeeeeeeeeeeeeee
/data3fast/users/mbermudez/de_02/TFGDataset/img/T2_1478.png|weeeeeee    eeeeeeeeeeeeeeeeeeeeeee    i
/data3fast/users/mbermudez/de_02/TFGDataset/img/T2_1002.png|eeeeeeeeeeeeeeeeeeeeeeeeeeeeeeeesssstttttttt    
/data3fast/users/mbermudez/de_02/TFGDataset/img/T2_0567.png|dan  eeeeeetttttt         aaaaaaaaaaaaa aslle
/data3fast/users/mbermudez/de_02/TFGDataset/img/T2_0016.png|geeeeeeeeetttt  
/data3fast/users/mbermudez/de_02/TFGDataset/img/T2_0557.png|beee         eeeeeeeeeeehhhh   nnnnnnnnnn
/data3fast/users/mbermudez/de_02/TFGDataset/img/T2_0215.png|tttt        eeeeeeees            n       hhheeeeee
/data3fast/users/mbermudez/de_02/TFGDataset/img/T2_1481.png|eessss     nnnnn     eeeeererreeeeeeelllll
