/data3fast/users/mbermudez/de_02/TFGDataset/img/T2_0770.png|hhhhh       eeeeeeee   eeeeeeeeeeeeeeeeee
/data3fast/users/mbermudez/de_02/TFGDataset/img/T2_0981.png|sss               ee e ee       ese   seees ssseeesssseeee
/data3fast/users/mbermudez/de_02/TFGDataset/img/T2_0024.png|beeeeeeeeee                                   e
/data3fast/users/mbermudez/de_02/TFGDataset/img/T2_1031.png|beeeeeeeeeeeeeeeeeeeeeeeeeeeeeeeeeeeee
/data3fast/users/mbermudez/de_02/TFGDataset/img/T2_1245.png|d   
/data3fast/users/mbermudez/de_02/TFGDataset/img/T2_0964.png|ttttt     e eee   e eeeee eeeee eeeeeeeeeeee
/data3fast/users/mbermudez/de_02/TFGDataset/img/T2_0721.png|eeee      ee                               eeeeee
/data3fast/users/mbermudez/de_02/TFGDataset/img/T2_0895.png|dnn                    e   e eeeeeeeeeeeeeeee
/data3fast/users/mbermudez/de_02/TFGDataset/img/T2_0266.png|weeeeeeeeeeeeeeeee          e  eee  eeeeeeeeeeeeee
/data3fast/users/mbermudez/de_02/TFGDataset/img/T2_1117.png|nnnn                                        
/data3fast/users/mbermudez/de_02/TFGDataset/img/T2_1350.png|eeeeeeeeeeee                                     
/data3fast/users/mbermudez/de_02/TFGDataset/img/T2_1030.png|uueeeeeeeeeeeeeeeeeeeeeeeeeeeeeeeeeeee
/data3fast/users/mbermudez/de_02/TFGDataset/img/T2_0552.png|eeeeeeeeeeeeeeeeeeeeeeeeee eeeeeeeeeeeeee
/data3fast/users/mbermudez/de_02/TFGDataset/img/T2_1193.png|wweee                                                 
/data3fast/users/mbermudez/de_02/TFGDataset/img/T2_1300.png|beeeeeee e                            e
/data3fast/users/mbermudez/de_02/TFGDataset/img/T2_0593.png|wwee                                    
/data3fast/users/mbermudez/de_02/TFGDataset/img/T2_0818.png|"   eeeeeeeeeeeeeee
/data3fast/users/mbermudez/de_02/TFGDataset/img/T2_0985.png|deeeee                                  hh  hhhhhhhhh
/data3fast/users/mbermudez/de_02/TFGDataset/img/T2_0816.png|un           eee
/data3fast/users/mbermudez/de_02/TFGDataset/img/T2_0377.png|dass          s                        eeee
/data3fast/users/mbermudez/de_02/TFGDataset/img/T2_1115.png|iieeeeeeeeeeeeeeeeee  eee    ee     e ee  e ee
/data3fast/users/mbermudez/de_02/TFGDataset/img/T2_0547.png|iihhhheee    ee         ee                    eeeeeeeee
/data3fast/users/mbermudez/de_02/TFGDataset/img/T2_1005.png|geeeee                                   
/data3fast/users/mbermudez/de_02/TFGDataset/img/T2_0535.png|meeee          e                         ee
/data3fast/users/mbermudez/de_02/TFGDataset/img/T2_0353.png|" eeeeeeeeeeeeeeeeeeeeee   e e      ee eee eee
/data3fast/users/mbermudez/de_02/TFGDataset/img/T2_0938.png|weree    tttttttt
/data3fast/users/mbermudez/de_02/TFGDataset/img/T2_0781.png|"    eeeeeeeeeeeeee      e                e
/data3fast/users/mbermudez/de_02/TFGDataset/img/T2_0418.png|geeeeeeeee   e   e                                
/data3fast/users/mbermudez/de_02/TFGDataset/img/T2_1019.png|geeeeeeeeeeeeeeeeeeeeeeeeeeeeeeeeeeee
/data3fast/users/mbermudez/de_02/TFGDataset/img/T2_0580.png|"       eeeeeee essss       s      ssssss
/data3fast/users/mbermudez/de_02/TFGDataset/img/T2_0857.png|dee                                sss  sssssss
/data3fast/users/mbermudez/de_02/TFGDataset/img/T2_0307.png|ssseeeeeeeeeeeeeeeeeeeeeeeeeeeeeeee  eeeehehhheeeeeeee
/data3fast/users/mbermudez/de_02/TFGDataset/img/T2_1401.png|iii                                          
/data3fast/users/mbermudez/de_02/TFGDataset/img/T2_0856.png|ieeeeeeeeeeeeeeeeeeeeeeeeeeeeeeeeeeeeeeeeeeeeeeee
/data3fast/users/mbermudez/de_02/TFGDataset/img/T2_0128.png|iiii        ee      e   e   e e                    e
/data3fast/users/mbermudez/de_02/TFGDataset/img/T2_0636.png|#   
/data3fast/users/mbermudez/de_02/TFGDataset/img/T2_0584.png|da                tttt
/data3fast/users/mbermudez/de_02/TFGDataset/img/T2_1224.png|ss       eeeeeeeeeeeeeeeeeeee eeeeeeeeeeeeeeheh
/data3fast/users/mbermudez/de_02/TFGDataset/img/T2_0180.png|hhhhhhh                                    eeeeee
/data3fast/users/mbermudez/de_02/TFGDataset/img/T2_0799.png|eeeeeeeeeeeeeeeeeeeeeeeeeeeeeeeeeeeeeeeeeeeeee
/data3fast/users/mbermudez/de_02/TFGDataset/img/T2_0516.png|wweeee eeeee  eeeeeeeeeeeeeee eeeeeeeeeeeeeeeeeeeee
/data3fast/users/mbermudez/de_02/TFGDataset/img/T2_0431.png|ssee                               e eeeeeeeee
/data3fast/users/mbermudez/de_02/TFGDataset/img/T2_0810.png|aahhheeeeeee eeee    e e  e    e e     eeeeeettt
/data3fast/users/mbermudez/de_02/TFGDataset/img/T2_0992.png|nin      eeeeeeee   ee eeee eeeeeeeee eeeeeeeeeeeee
/data3fast/users/mbermudez/de_02/TFGDataset/img/T2_0030.png|deeeeeeeeeeeeeeeeeeeeeeeeeeeeeeeeeeeeeeeeeeeeeeeeeeeee
/data3fast/users/mbermudez/de_02/TFGDataset/img/T2_0882.png|weeeeeeeeeeee eee                        
/data3fast/users/mbermudez/de_02/TFGDataset/img/T2_0491.png|uuu    eeeeeeeeee                  ee   eee
/data3fast/users/mbermudez/de_02/TFGDataset/img/T2_0063.png|dee                                               hht
/data3fast/users/mbermudez/de_02/TFGDataset/img/T2_1246.png|nnnn eeeeeeeeeeeeeeeeeeeee    e  eeee     eeeeee
/data3fast/users/mbermudez/de_02/TFGDataset/img/T2_1314.png|uuu      eeeee                                      
/data3fast/users/mbermudez/de_02/TFGDataset/img/T2_1047.png|sseeeee     eeee eeeeeeeeeeeeeeeeeeeeeeeeeeeeeeee
/data3fast/users/mbermudez/de_02/TFGDataset/img/T2_1070.png|wwl                                   e
/data3fast/users/mbermudez/de_02/TFGDataset/img/T2_1059.png|beeeeeeeeeeeeeeeeeeeeeeeee eeeeee            
/data3fast/users/mbermudez/de_02/TFGDataset/img/T2_0526.png|mit                                    eeee
/data3fast/users/mbermudez/de_02/TFGDataset/img/T2_1201.png|deeeeeeeeeeeee e   e e  ee          eeeeee eee
/data3fast/users/mbermudez/de_02/TFGDataset/img/T2_1293.png|aall                                 eeeeeee
/data3fast/users/mbermudez/de_02/TFGDataset/img/T2_0463.png|deeeee    ee                                        eee   
/data3fast/users/mbermudez/de_02/TFGDataset/img/T2_0872.png|iiii                                        t
/data3fast/users/mbermudez/de_02/TFGDataset/img/T2_0517.png|"        eeeeeeeee   eeeeeeeeeeeeeeeeeeeeeeeeeeeeeeeeee
/data3fast/users/mbermudez/de_02/TFGDataset/img/T2_1407.png|eeeeeeee   e    eeee e    eeeee         eeeesssesss
/data3fast/users/mbermudez/de_02/TFGDataset/img/T2_0930.png|iihhheeeeeeeeeeeeeeeeeeeeeeeeeeeeeeeeeeeeeeeeeeeeeeeeee
/data3fast/users/mbermudez/de_02/TFGDataset/img/T2_0294.png|"                                    eeeeeeee
/data3fast/users/mbermudez/de_02/TFGDataset/img/T2_0763.png|shhhhh         e                                      
/data3fast/users/mbermudez/de_02/TFGDataset/img/T2_1240.png|eeeeeeeeeeeeeeeeeeeeeeeeeeeeeeeeeeeeieeeeeeeeeeeeeeeeeeee
/data3fast/users/mbermudez/de_02/TFGDataset/img/T2_1332.png|ss                                         eeeeee
/data3fast/users/mbermudez/de_02/TFGDataset/img/T2_1289.png|oore    eeeeeeeeeee eee  eeeeeeeee e    eeeeeeeeee
/data3fast/users/mbermudez/de_02/TFGDataset/img/T2_0924.png|un   eeeeeeeeeeeeeeeeeee                  eeee
/data3fast/users/mbermudez/de_02/TFGDataset/img/T2_0107.png|deeeeeeeeeeeeeee eeeeee ee    eeeeeeeee
/data3fast/users/mbermudez/de_02/TFGDataset/img/T2_0858.png|uuu     eeeeeeeeeeeeeeeeeee eeeeeeeeee
/data3fast/users/mbermudez/de_02/TFGDataset/img/T2_0232.png|wieeeeee  eeeee e eee eeeeeeeeeeeeeeeeeeeeeeeeeeeee
/data3fast/users/mbermudez/de_02/TFGDataset/img/T2_0359.png|eeeeeeeeeeee               e
/data3fast/users/mbermudez/de_02/TFGDataset/img/T2_0244.png|bbeeeeeeeeeeeeeeeeeeeeeeeeeeeeeeeee
/data3fast/users/mbermudez/de_02/TFGDataset/img/T2_0490.png|eeeee                             hhhhhhhhhh
/data3fast/users/mbermudez/de_02/TFGDataset/img/T2_0157.png|ooo         ee                          eee
/data3fast/users/mbermudez/de_02/TFGDataset/img/T2_1016.png|iiii  eeeeeeeeeeeeeeeeeeeeeee eeee eeeeeeeeeeeeeeeee
/data3fast/users/mbermudez/de_02/TFGDataset/img/T2_0975.png|nnn                          s  sss ssssss
/data3fast/users/mbermudez/de_02/TFGDataset/img/T2_0069.png|iii      eeeeeeeeeeeee  eeee e               eee
/data3fast/users/mbermudez/de_02/TFGDataset/img/T2_0005.png|gleeeeeeeeeeeee                          
/data3fast/users/mbermudez/de_02/TFGDataset/img/T2_0330.png|deeeeeeeeeeeeeeeeeeeeeeeeeeeeeeeeeehhheeeeeehhehhhheee
/data3fast/users/mbermudez/de_02/TFGDataset/img/T2_1490.png|urr                                     ssss
/data3fast/users/mbermudez/de_02/TFGDataset/img/T2_1168.png|nnn       eee                         eeee    eeeeeeeeeee
/data3fast/users/mbermudez/de_02/TFGDataset/img/T2_0056.png|deee                                    
/data3fast/users/mbermudez/de_02/TFGDataset/img/T2_0997.png|inn  eeeeeeeeeeeeeeeeeee               
/data3fast/users/mbermudez/de_02/TFGDataset/img/T2_1476.png|eeeee         eeeeeeeeeeeeeeeeeeeeeeeeee
/data3fast/users/mbermudez/de_02/TFGDataset/img/T2_1446.png|uuu      eeeeeeeeee    e              eee e
/data3fast/users/mbermudez/de_02/TFGDataset/img/T2_1153.png|uun   eeeeeeeeee
/data3fast/users/mbermudez/de_02/TFGDataset/img/T2_1182.png|ihhhhh       e          eee  eeeeeeeeeeeeeeeeeeeeeeeee
/data3fast/users/mbermudez/de_02/TFGDataset/img/T2_0088.png|eee      eee eeee ee e    eeeeee eeeeeee ee
/data3fast/users/mbermudez/de_02/TFGDataset/img/T2_0439.png|aaas   eeeeeeeeeeeeeeeeeeeeeeeeeeeeeeeeeeeeeeeee
/data3fast/users/mbermudez/de_02/TFGDataset/img/T2_1077.png|sss   eee e ee             hhh  hhssseeeeee
/data3fast/users/mbermudez/de_02/TFGDataset/img/T2_1340.png|eeeeeeee  tt
/data3fast/users/mbermudez/de_02/TFGDataset/img/T2_1141.png|mhhh                                       e
/data3fast/users/mbermudez/de_02/TFGDataset/img/T2_1143.png|seeee                              tttttt
/data3fast/users/mbermudez/de_02/TFGDataset/img/T2_1385.png|sss     e eeeee eee  e eeee eeeeeee eeeeeeeeeeeeeheeee
/data3fast/users/mbermudez/de_02/TFGDataset/img/T2_1160.png|ttteeeeeeeeeeeeeeeeeeeeeeeeeeeeeeeeeeeeeeeeeeeeeeeee
/data3fast/users/mbermudez/de_02/TFGDataset/img/T2_0867.png|ieeeeeeeeeeeeeeee eeee      eee                 e
/data3fast/users/mbermudez/de_02/TFGDataset/img/T2_0665.png|eeee                              ee
/data3fast/users/mbermudez/de_02/TFGDataset/img/T2_0977.png|deee              eeeeeeeeeeeeeeeeeeeeeeeeeeeeee
/data3fast/users/mbermudez/de_02/TFGDataset/img/T2_0611.png|"        eeeeeeeeeeeeee  eeeeeeeeeeeeeeeeee
/data3fast/users/mbermudez/de_02/TFGDataset/img/T2_0608.png|beeeeeeeeee         e        ee e e     eeeee
/data3fast/users/mbermudez/de_02/TFGDataset/img/T2_0080.png|mn        eeeeeeeeeeeeeeeeeeeeeeeeeeeeeeeeeee
/data3fast/users/mbermudez/de_02/TFGDataset/img/T2_0148.png|ttttt  eeeeeeeeeeeeeeeeeeeeeeeeeeeeeeeeeeeeeeeeee
/data3fast/users/mbermudez/de_02/TFGDataset/img/T2_1037.png|aaass eeeeeeeeeeeeeeeeeeeeeeeeeeeeeeeeeeeeeeeeeeee
/data3fast/users/mbermudez/de_02/TFGDataset/img/T2_0546.png|giiii   e        ee            e   eeeeeeee
/data3fast/users/mbermudez/de_02/TFGDataset/img/T2_0249.png|weeeeeeeeeeeeee                  e              ee
/data3fast/users/mbermudez/de_02/TFGDataset/img/T2_0177.png|deeee                                              
/data3fast/users/mbermudez/de_02/TFGDataset/img/T2_1352.png|deeeeeeeeeeeee e  e   eee                       
/data3fast/users/mbermudez/de_02/TFGDataset/img/T2_0520.png|dee  eeeeee    eee
/data3fast/users/mbermudez/de_02/TFGDataset/img/T2_0965.png|iiii   eeee  eeeeee                                 eeeee
/data3fast/users/mbermudez/de_02/TFGDataset/img/T2_0632.png|dd      eeeeeeeeeeeeee e               sss
/data3fast/users/mbermudez/de_02/TFGDataset/img/T2_1369.png|eeeeeee                              e
/data3fast/users/mbermudez/de_02/TFGDataset/img/T2_1145.png|oeeeee e eeee e        eeeeee  e  eeeeeeeeeee
/data3fast/users/mbermudez/de_02/TFGDataset/img/T2_0218.png|aaeeeeee                              
/data3fast/users/mbermudez/de_02/TFGDataset/img/T2_1127.png|deeeeeeeeeeeeeeeeeeeeeeeeeeeeeeeeeeeeeeeeeeeeee
/data3fast/users/mbermudez/de_02/TFGDataset/img/T2_1453.png|#  
/data3fast/users/mbermudez/de_02/TFGDataset/img/T2_0548.png|hhhheeeeeeeeeeeeeeeee  eeeeee   seess   sssssssss
/data3fast/users/mbermudez/de_02/TFGDataset/img/T2_1170.png|oo          e                       e
/data3fast/users/mbermudez/de_02/TFGDataset/img/T2_0971.png|"     eeeeeeeeeee  eee    e       eeeeeeeee
/data3fast/users/mbermudez/de_02/TFGDataset/img/T2_0756.png|dee                                        s 
/data3fast/users/mbermudez/de_02/TFGDataset/img/T2_0972.png|ssss        
/data3fast/users/mbermudez/de_02/TFGDataset/img/T2_1124.png|iieeeee        e          e   eeeeee
/data3fast/users/mbermudez/de_02/TFGDataset/img/T2_0686.png|geeeeeeeeeeeeeeeeeeeeeeeeeeeeeeeeee
/data3fast/users/mbermudez/de_02/TFGDataset/img/T2_1288.png|hhhhhe                                     aa
/data3fast/users/mbermudez/de_02/TFGDataset/img/T2_1212.png|uu    e eeeeeeeeeeeeeeeeeeeeeeeeeeeeeeeeee
/data3fast/users/mbermudez/de_02/TFGDataset/img/T2_0702.png|aaeeeeeeeeeeeeeee            eeeeeee
/data3fast/users/mbermudez/de_02/TFGDataset/img/T2_0966.png|tt        e eee e      eeee                eeeeeeeeeee
/data3fast/users/mbermudez/de_02/TFGDataset/img/T2_0318.png|dee                                  
/data3fast/users/mbermudez/de_02/TFGDataset/img/T2_1372.png|eeeeeeeeeeeeeeeeeeeeeeeeeeee ee       ee eeeee ee
/data3fast/users/mbermudez/de_02/TFGDataset/img/T2_0343.png|sss  eeeeeeeeeeeeeeeeeeeeeeeeeeeeeeeeeeeeeeee
/data3fast/users/mbermudez/de_02/TFGDataset/img/T2_1398.png|nne      eeeee         ee         e eee
/data3fast/users/mbermudez/de_02/TFGDataset/img/T2_1061.png|bbeeee ee e  e                             eee
/data3fast/users/mbermudez/de_02/TFGDataset/img/T2_1148.png|eeee         e eeee         eeeeeee
/data3fast/users/mbermudez/de_02/TFGDataset/img/T2_1194.png|eeeeee                                  ee   eeeeeeeeeeeee
/data3fast/users/mbermudez/de_02/TFGDataset/img/T2_0297.png|deeeeeeee                                 eeeee
/data3fast/users/mbermudez/de_02/TFGDataset/img/T2_0652.png|geeee                                
/data3fast/users/mbermudez/de_02/TFGDataset/img/T2_1349.png|eeeeeee ee   eee  e    eeeeeeeeee  eeeeeeeeeeeeeee
/data3fast/users/mbermudez/de_02/TFGDataset/img/T2_1347.png|aahhh                                 eeeeeee
/data3fast/users/mbermudez/de_02/TFGDataset/img/T2_0270.png|"      
/data3fast/users/mbermudez/de_02/TFGDataset/img/T2_1099.png|hhhee               e         ee        eeeeeeeeeee
/data3fast/users/mbermudez/de_02/TFGDataset/img/T2_0355.png|deee  ee eeeeeeee  eeeeeeee         eeeee   eeeeeeee
/data3fast/users/mbermudez/de_02/TFGDataset/img/T2_0400.png|nn         eeeeeeeeeeeeeeee eeeeeeeeeeeeeeeeee
/data3fast/users/mbermudez/de_02/TFGDataset/img/T2_0822.png|uuuu                              hhhh
/data3fast/users/mbermudez/de_02/TFGDataset/img/T2_1137.png|wi        eeeeeeee    ee eee e     e  eee   eeeeee
/data3fast/users/mbermudez/de_02/TFGDataset/img/T2_0695.png|"      eeeeeeeeeeeeeee e  e  e           eeee
/data3fast/users/mbermudez/de_02/TFGDataset/img/T2_0836.png|deeee                                         
/data3fast/users/mbermudez/de_02/TFGDataset/img/T2_1008.png|deeee       ee                                        
/data3fast/users/mbermudez/de_02/TFGDataset/img/T2_0908.png|sst                                      
/data3fast/users/mbermudez/de_02/TFGDataset/img/T2_1051.png|eeeeeeeeeeeeeeeeeeeeeeeeeeeeeeee   eeeeeeee
/data3fast/users/mbermudez/de_02/TFGDataset/img/T2_0538.png|dd        eeeee     e     e ee    e   eeeeeeeeee
/data3fast/users/mbermudez/de_02/TFGDataset/img/T2_0373.png|iiiee          e           ee       ee     eeeeeeee
/data3fast/users/mbermudez/de_02/TFGDataset/img/T2_0203.png|dn          eeeee           eeee   e eeeeee
/data3fast/users/mbermudez/de_02/TFGDataset/img/T2_0527.png|deeee                              eeeeeeeeee
/data3fast/users/mbermudez/de_02/TFGDataset/img/T2_1138.png|aaeeeeeeeeeeeeeeeeeeeeeeeeeeeeeeeeeeeeeeeeeeeeeee
/data3fast/users/mbermudez/de_02/TFGDataset/img/T2_0402.png|hhheeeeee   eeee e                            
/data3fast/users/mbermudez/de_02/TFGDataset/img/T2_1384.png|eeeeeeeee                                ssssss
/data3fast/users/mbermudez/de_02/TFGDataset/img/T2_0325.png|"        eeeeeeeeeee  ee  eeeeeeeeeeeeeeee
/data3fast/users/mbermudez/de_02/TFGDataset/img/T2_0866.png|aaa    eeeeeeeeeeeeeeeeee  eeeeeeeeeeeeeeeeeeee
/data3fast/users/mbermudez/de_02/TFGDataset/img/T2_0726.png|"         e                        aa
/data3fast/users/mbermudez/de_02/TFGDataset/img/T2_1337.png|"       eeeeeeeeeeeeeeeeeeeeeeeeeeeeeeeee
/data3fast/users/mbermudez/de_02/TFGDataset/img/T2_0776.png|seeeeeeeeeeeeee   eee eee    ee  e     e      eeeeeeeeeee
/data3fast/users/mbermudez/de_02/TFGDataset/img/T2_0518.png|dee                                 eee eeeeee
/data3fast/users/mbermudez/de_02/TFGDataset/img/T2_1308.png|shhhhhh     eeeeeeeeeee
/data3fast/users/mbermudez/de_02/TFGDataset/img/T2_0785.png|oooo                                    aaaaa
/data3fast/users/mbermudez/de_02/TFGDataset/img/T2_0356.png|bee                                  a    aa
/data3fast/users/mbermudez/de_02/TFGDataset/img/T2_0375.png|aaeeeeeeeeeeeeeeeeeeeeeeeeeeeee eee e eeeeeeeee
/data3fast/users/mbermudez/de_02/TFGDataset/img/T2_1448.png|aaeeeeeeeeeeeeeeeeeeeeee  e e   eeeeee eeeeeeeeeee
/data3fast/users/mbermudez/de_02/TFGDataset/img/T2_0246.png|iii        eeeeeeeeeeeeee eeeeeeeeeeeeeeeeeeeeee
/data3fast/users/mbermudez/de_02/TFGDataset/img/T2_0396.png|ieeeeeeeeeeeeeeeeeeeeeeeeeeee  e ee eeeeeeeeee
/data3fast/users/mbermudez/de_02/TFGDataset/img/T2_0870.png|as        eeeee e               e eeeeeeee
/data3fast/users/mbermudez/de_02/TFGDataset/img/T2_0989.png|deee                                   d d
/data3fast/users/mbermudez/de_02/TFGDataset/img/T2_0459.png|sse                               eeeee   eeeeeeeeeee
/data3fast/users/mbermudez/de_02/TFGDataset/img/T2_0616.png|deeeeeeeeeeeeee       eee                     
/data3fast/users/mbermudez/de_02/TFGDataset/img/T2_0823.png|sss                                            e
/data3fast/users/mbermudez/de_02/TFGDataset/img/T2_1415.png|inn  eeeeeeeeeeeeeeeeeeeeeeeeeeeeeeeeeeeeeeeeeeeeeeee
/data3fast/users/mbermudez/de_02/TFGDataset/img/T2_0251.png|deeeeeeeeeeeeeeeeeeeeeeeeeeeeeeeessssssssssssssssssss
/data3fast/users/mbermudez/de_02/TFGDataset/img/T2_0077.png|ieeeeeeeeee                              sss
/data3fast/users/mbermudez/de_02/TFGDataset/img/T2_0913.png|oot       eeeeee       e   ee eeee eeeeeee
/data3fast/users/mbermudez/de_02/TFGDataset/img/T2_0929.png|ot                                          
/data3fast/users/mbermudez/de_02/TFGDataset/img/T2_0253.png|uuu     eeeeeeeeeeeeeeeeeeeeeeeeeeeeeeeeeeeeeeeeee
/data3fast/users/mbermudez/de_02/TFGDataset/img/T2_0163.png|deeeeeeeeeeeeeeeeeeeeeeeeeeee eeeeeeeeeeeeeeeeeeeehh
/data3fast/users/mbermudez/de_02/TFGDataset/img/T2_0448.png|geeeee         eee e      e  ee       e  eeee
/data3fast/users/mbermudez/de_02/TFGDataset/img/T2_0663.png|geeeeeeeeeeeeeeeeeeeeeeeeeee ee eeee eeeeeeeeeeeeeee
/data3fast/users/mbermudez/de_02/TFGDataset/img/T2_0824.png|dnn      eeee      eee  e     ee  eee   eeeeeeeeeeeee
/data3fast/users/mbermudez/de_02/TFGDataset/img/T2_0503.png|uun     eee                           
/data3fast/users/mbermudez/de_02/TFGDataset/img/T2_0268.png|aaaa                                          
/data3fast/users/mbermudez/de_02/TFGDataset/img/T2_0874.png|dneee  eeeee                                  a
/data3fast/users/mbermudez/de_02/TFGDataset/img/T2_0488.png|aaae  ee ee                   eee
/data3fast/users/mbermudez/de_02/TFGDataset/img/T2_0949.png|oeeeeeeeeeeeeeeeeeeeeeee                        
/data3fast/users/mbermudez/de_02/TFGDataset/img/T2_1466.png|wnn         e   eeee     e           eeeesssss
/data3fast/users/mbermudez/de_02/TFGDataset/img/T2_0845.png|deeeee    ee               s  sssssssssssss
/data3fast/users/mbermudez/de_02/TFGDataset/img/T2_1254.png|mi     eeeeeeeeeeeeeeeeeee  eeeeeeeeeeeeeeeeeeeeeee
/data3fast/users/mbermudez/de_02/TFGDataset/img/T2_0155.png|"               e      eee e  eeeeeeeeeeeeeeeeeeeeeee
/data3fast/users/mbermudez/de_02/TFGDataset/img/T2_0843.png|geeeeee                                    ee
/data3fast/users/mbermudez/de_02/TFGDataset/img/T2_1094.png|"                                              eeeee
/data3fast/users/mbermudez/de_02/TFGDataset/img/T2_1249.png|unn        ee                                
/data3fast/users/mbermudez/de_02/TFGDataset/img/T2_1268.png|wiee                                      ee
/data3fast/users/mbermudez/de_02/TFGDataset/img/T2_0067.png|ssss                                        eeeeeee
/data3fast/users/mbermudez/de_02/TFGDataset/img/T2_0387.png|deeeeeeeeeeeeeeeeeeeeeeeeee            ee
/data3fast/users/mbermudez/de_02/TFGDataset/img/T2_0185.png|dnn                                   aaaa
/data3fast/users/mbermudez/de_02/TFGDataset/img/T2_0570.png|sssss                                                  hh
/data3fast/users/mbermudez/de_02/TFGDataset/img/T2_0248.png|eeeeeeeeeeeeeeeeeeeeeeeeeeeeeeeeeeeeeeeeeeeeeeeeeeeee
/data3fast/users/mbermudez/de_02/TFGDataset/img/T2_0657.png|aaa eeeeeeeeeeeeeeeeeeeeeeeeeeeeeeeeeeeeeeeeeeeeeeeeeeeeee
/data3fast/users/mbermudez/de_02/TFGDataset/img/T2_0403.png|unnn    eeeeeeeeeee   eeeeeeeeeeeeeeeeeeeeeeeeeeeee
/data3fast/users/mbermudez/de_02/TFGDataset/img/T2_0712.png|dde         eeee  eeeeee eeee   eee  eeeee
/data3fast/users/mbermudez/de_02/TFGDataset/img/T2_1086.png|geeeeeeeee                                  eee
/data3fast/users/mbermudez/de_02/TFGDataset/img/T2_0804.png|nnn                                     
/data3fast/users/mbermudez/de_02/TFGDataset/img/T2_1301.png|deeeee e eeee  e ee      ee  ee       e  eeeeeeeeeeeeeeeeeeeeeee
/data3fast/users/mbermudez/de_02/TFGDataset/img/T2_0588.png|deeeeee eeeeeee  e      e         ee    e eeee
/data3fast/users/mbermudez/de_02/TFGDataset/img/T2_0154.png|eeeeeee                                  
/data3fast/users/mbermudez/de_02/TFGDataset/img/T2_0186.png|iii    eee                                        
/data3fast/users/mbermudez/de_02/TFGDataset/img/T2_0233.png|eeeeeeeeeeeee eee   e    eeee ee                       ee
/data3fast/users/mbermudez/de_02/TFGDataset/img/T2_1345.png|geeee                               
/data3fast/users/mbermudez/de_02/TFGDataset/img/T2_0582.png|aaaa     eeee  eeeeeeeeeee e   eeeee
/data3fast/users/mbermudez/de_02/TFGDataset/img/T2_1174.png|hhhh                  e e eeee eeeeeeeeeeeeeeeeeeeee
/data3fast/users/mbermudez/de_02/TFGDataset/img/T2_1050.png|eeeee                e      eeeeeee  eeeeeeeee
/data3fast/users/mbermudez/de_02/TFGDataset/img/T2_0502.png|aaaa                                ee
/data3fast/users/mbermudez/de_02/TFGDataset/img/T2_1075.png|wreeeee  eeeeeeee eee    e           ee   eee eeeeee
/data3fast/users/mbermudez/de_02/TFGDataset/img/T2_1093.png|aar             eeeee   e eeeee  eeee    eeeee
/data3fast/users/mbermudez/de_02/TFGDataset/img/T2_0603.png|iii   eeeee  eee     ee                            
/data3fast/users/mbermudez/de_02/TFGDataset/img/T2_1171.png|uu         eeeeeeeeeeeeee eeeeeeeeeeeeeeeeeeeee
/data3fast/users/mbermudez/de_02/TFGDataset/img/T2_0003.png|weeeeee                             ssssssssssss
/data3fast/users/mbermudez/de_02/TFGDataset/img/T2_1491.png|aaas      e      eeeeee        eeeee e ee       eeeee
/data3fast/users/mbermudez/de_02/TFGDataset/img/T2_1062.png|aaaeeeeeeeeeeeeeeeeeeeeeeeee ee    ee e            eeeee
/data3fast/users/mbermudez/de_02/TFGDataset/img/T2_1149.png|uun       eee                      e  eeeeee
/data3fast/users/mbermudez/de_02/TFGDataset/img/T2_0471.png|eeeeeee       e                                  
/data3fast/users/mbermudez/de_02/TFGDataset/img/T2_0523.png|tteeeeeeeeeeeeeee     eee eeeeee   eeeeeeeeeeee
/data3fast/users/mbermudez/de_02/TFGDataset/img/T2_0311.png|glle        e     e                          
/data3fast/users/mbermudez/de_02/TFGDataset/img/T2_1208.png|da       eee  e  ee ee e e    e       eeeeeeee
/data3fast/users/mbermudez/de_02/TFGDataset/img/T2_1376.png|nnnn     eeee ee  e    e               eee
/data3fast/users/mbermudez/de_02/TFGDataset/img/T2_0207.png|aaa             ee  e  e e       eeeeeeeee
/data3fast/users/mbermudez/de_02/TFGDataset/img/T2_0198.png|dde     eee eeeeeeeeeeee   eeeeeeeeeeeeeeeeeeeeeeee
/data3fast/users/mbermudez/de_02/TFGDataset/img/T2_1066.png|deeeeee  eee ee           ee              eeeeee
/data3fast/users/mbermudez/de_02/TFGDataset/img/T2_0168.png|uu                                            he
/data3fast/users/mbermudez/de_02/TFGDataset/img/T2_1374.png|eeee                            eee
/data3fast/users/mbermudez/de_02/TFGDataset/img/T2_1328.png|deee                                       eeeee
/data3fast/users/mbermudez/de_02/TFGDataset/img/T2_0457.png|eeeeeeeeeeeeee eeee e           eee e  e e  e eeeeee
/data3fast/users/mbermudez/de_02/TFGDataset/img/T2_0095.png|nnnn   eeeeee eeee                     eeeeeeeee
/data3fast/users/mbermudez/de_02/TFGDataset/img/T2_0141.png|weeee                                   eeeeee
/data3fast/users/mbermudez/de_02/TFGDataset/img/T2_0170.png|ieeee                            eeeeeee
/data3fast/users/mbermudez/de_02/TFGDataset/img/T2_0911.png|eeeeee   ttttt
/data3fast/users/mbermudez/de_02/TFGDataset/img/T2_1218.png|eeeeeeeeeeee                            
/data3fast/users/mbermudez/de_02/TFGDataset/img/T2_0729.png|eeeeeeee              
/data3fast/users/mbermudez/de_02/TFGDataset/img/T2_0454.png|hhhh         e   ee e e               d  ed
/data3fast/users/mbermudez/de_02/TFGDataset/img/T2_0887.png|st                eeeeeeee  e ee eeee eeee
/data3fast/users/mbermudez/de_02/TFGDataset/img/T2_1014.png|geeeeeeeeeeeeeeeeeeeeeeeeeee eee    eeeeeeeeee
/data3fast/users/mbermudez/de_02/TFGDataset/img/T2_0812.png|wwr        
/data3fast/users/mbermudez/de_02/TFGDataset/img/T2_0324.png|geeeeeee    eehhe  hhhh eeeeeeeeeeee
/data3fast/users/mbermudez/de_02/TFGDataset/img/T2_1387.png|oo     e  ee  ee      e   e     e e      e eeeeeeeeee
/data3fast/users/mbermudez/de_02/TFGDataset/img/T2_0338.png|sheeeee                      eeeeeeeeeeeeeeeeee
/data3fast/users/mbermudez/de_02/TFGDataset/img/T2_0476.png|ddee                    
/data3fast/users/mbermudez/de_02/TFGDataset/img/T2_0946.png|uun    eeeee    e                    eee
/data3fast/users/mbermudez/de_02/TFGDataset/img/T2_1121.png|ww          e   e e        eee eee e e eee
/data3fast/users/mbermudez/de_02/TFGDataset/img/T2_1247.png|eeeeeeeeeeeeeee    eeee      eeeeeeee
/data3fast/users/mbermudez/de_02/TFGDataset/img/T2_0225.png|iiiiieeeeeeeeeeeeeeeeeeeeeeeeeeeeeeeeeeeee
/data3fast/users/mbermudez/de_02/TFGDataset/img/T2_0446.png|deeeee                e    e    eee        eeeee
/data3fast/users/mbermudez/de_02/TFGDataset/img/T2_0878.png|rrrr                          h hh  hhhe
/data3fast/users/mbermudez/de_02/TFGDataset/img/T2_0960.png|deeeeeeeeeeeeeeeeeeeeeeeeeeeeeeeeeeeeeeeeeeeeeeeeeeeeeeee
/data3fast/users/mbermudez/de_02/TFGDataset/img/T2_1113.png|ggeee      eeeeeeeeeeee        e  e eee
/data3fast/users/mbermudez/de_02/TFGDataset/img/T2_1202.png|sss     eeeeeeeee eeeeeeeeeeeeeeeeeeeeeeeeeeeeeeeeee
/data3fast/users/mbermudez/de_02/TFGDataset/img/T2_0184.png|#  
/data3fast/users/mbermudez/de_02/TFGDataset/img/T2_0814.png|gteee   ee       eeeeee             e
/data3fast/users/mbermudez/de_02/TFGDataset/img/T2_0519.png|beeee                              eeee
/data3fast/users/mbermudez/de_02/TFGDataset/img/T2_0055.png|mm                                     
/data3fast/users/mbermudez/de_02/TFGDataset/img/T2_0475.png|iii     eeeeeeeeeeeeeeee eeeeeeeeeeeeeeeeeee
/data3fast/users/mbermudez/de_02/TFGDataset/img/T2_0719.png|wrreeeee    eee    e                n
/data3fast/users/mbermudez/de_02/TFGDataset/img/T2_1146.png|sss        eeeee    eeeeeeeeeeeeee
/data3fast/users/mbermudez/de_02/TFGDataset/img/T2_1291.png|aaa    eeeeeeeeeeeeeeeeeeeeeeeeeeeee
/data3fast/users/mbermudez/de_02/TFGDataset/img/T2_1277.png|dd              eeeeeeeeeeeee    eeeeeeeeeeeeeeeee
/data3fast/users/mbermudez/de_02/TFGDataset/img/T2_1299.png|mi      e e                    eeeeeeeee
/data3fast/users/mbermudez/de_02/TFGDataset/img/T2_0707.png|sseee                                         a a
/data3fast/users/mbermudez/de_02/TFGDataset/img/T2_1097.png|eeeeeeeeeeeeeeeeeeeeeeeeeeeeeeeeeeeeeeeeeeeee
/data3fast/users/mbermudez/de_02/TFGDataset/img/T2_0101.png|#  
/data3fast/users/mbermudez/de_02/TFGDataset/img/T2_0365.png|ss        eeeeee eeeeeee
/data3fast/users/mbermudez/de_02/TFGDataset/img/T2_0896.png|uuu   eeeeee  e                       e
/data3fast/users/mbermudez/de_02/TFGDataset/img/T2_0037.png|tii             eeeee       ee     e     eeee
/data3fast/users/mbermudez/de_02/TFGDataset/img/T2_0242.png|eee         e  eeeeeeeeeeeeeeeeeeeeeeeeeeeeeee
/data3fast/users/mbermudez/de_02/TFGDataset/img/T2_1383.png|ssseeeeeeeeeeeeeeeeeeeeeeeeeeeeeeeeeeeeeeeeeeee
/data3fast/users/mbermudez/de_02/TFGDataset/img/T2_0714.png|anhhh                            eeeeeee
/data3fast/users/mbermudez/de_02/TFGDataset/img/T2_1429.png|#  
/data3fast/users/mbermudez/de_02/TFGDataset/img/T2_0974.png|#  
/data3fast/users/mbermudez/de_02/TFGDataset/img/T2_0752.png|iii    eeeeeeeeeeeeeeeeeeeeeeeeeeeeeeeeeeeeeeee
/data3fast/users/mbermudez/de_02/TFGDataset/img/T2_0897.png|geeeeeeeeeeeeeeeeeeeeeeeeeee    e  eee
/data3fast/users/mbermudez/de_02/TFGDataset/img/T2_1015.png|tt                                 eeeeeeee
/data3fast/users/mbermudez/de_02/TFGDataset/img/T2_1232.png|geeeeeeeeeeeeeeee  e     e                  a 
/data3fast/users/mbermudez/de_02/TFGDataset/img/T2_0113.png|iiiiieee               ee  eee      eeeeeeeeeeeeeee
/data3fast/users/mbermudez/de_02/TFGDataset/img/T2_1457.png|aa   eeeeeeeeeeeeeeeeeeeeeeeeeeeeeeeeeee
/data3fast/users/mbermudez/de_02/TFGDataset/img/T2_1063.png|iii    eeeeeee ee  e                    eeee
/data3fast/users/mbermudez/de_02/TFGDataset/img/T2_0762.png|eeeeeeeeeeeeeeeeeeeeeeeeee
/data3fast/users/mbermudez/de_02/TFGDataset/img/T2_0849.png|inn      ee eeeeeeeeeee e  eeee eeeeeeeeeeeeeeeeeeeeeeee
/data3fast/users/mbermudez/de_02/TFGDataset/img/T2_0661.png|iiii eeeeeeeeeeeeeeeeeeeeeeeeeeeeee
/data3fast/users/mbermudez/de_02/TFGDataset/img/T2_0197.png|eeeeee                      eee ee  eeeeeeeeeeeeeeeeeee
/data3fast/users/mbermudez/de_02/TFGDataset/img/T2_0383.png|ieeeeeeeeeeeeeeeeeeeeeeeeeeeeeeeeeeeee eeeeeeeeeeeeeee
/data3fast/users/mbermudez/de_02/TFGDataset/img/T2_0179.png|tttt       eeeeeeeeeeeeeeeeeeeeeeeeeeeeeeeeeeee
/data3fast/users/mbermudez/de_02/TFGDataset/img/T2_0963.png|uurr                                          
/data3fast/users/mbermudez/de_02/TFGDataset/img/T2_1129.png|geeee              ee   eeeeeeeee eeeeeeeeeeeeeeee
/data3fast/users/mbermudez/de_02/TFGDataset/img/T2_0540.png|# 
/data3fast/users/mbermudez/de_02/TFGDataset/img/T2_0341.png|eeeeeeeeeeeeeeeeeeeeeeeeeeeeeeeeeeeeeeeeeeeee
/data3fast/users/mbermudez/de_02/TFGDataset/img/T2_0397.png|aaa    eeeee eeeeeeeeeeeeeeee  eeeeeeeeeeee
/data3fast/users/mbermudez/de_02/TFGDataset/img/T2_0123.png|uuu         e  eee       ee eeeeeeeeeeeee
/data3fast/users/mbermudez/de_02/TFGDataset/img/T2_1198.png|dee               ee      eeeee eeeeeee
/data3fast/users/mbermudez/de_02/TFGDataset/img/T2_0589.png|iiiieeeeeeeeeeeeeeeeeeeeeeeeeeeeeeeeeeeeeeeeeeeeee
/data3fast/users/mbermudez/de_02/TFGDataset/img/T2_1471.png|sttt              e         eeeeee  eeee e  e  eeeee
/data3fast/users/mbermudez/de_02/TFGDataset/img/T2_0530.png|nnnne eeeeeeeeeeeeeeeeeeeeeeeeeeeeeeeeeeeeeeee
/data3fast/users/mbermudez/de_02/TFGDataset/img/T2_0231.png|weeeeee              e    eeee  e  eeeeeeeeeeeeeee
/data3fast/users/mbermudez/de_02/TFGDataset/img/T2_0699.png|sseeeeeeeeeeeeeeee   eee     e       e            
/data3fast/users/mbermudez/de_02/TFGDataset/img/T2_1494.png|eeeeeeeeeeeeeeeeeeeeeeeeeeeeeeeeeeeeeeeeeeeeeeeeeeeeeeeeee
/data3fast/users/mbermudez/de_02/TFGDataset/img/T2_1166.png|dee eeeeeeeeeeeeeeee eeeeeeeeeeeeee       ee e    sssssssssss
/data3fast/users/mbermudez/de_02/TFGDataset/img/T2_0151.png|shhhh                   e                     eeee
/data3fast/users/mbermudez/de_02/TFGDataset/img/T2_1381.png|tttt             ee  e ee e  e  eeeee     eeeeeeeeeeeeeeeee
/data3fast/users/mbermudez/de_02/TFGDataset/img/T2_1483.png|uurreeeeeeeeeeeeeeeeeeeeeeeeeeeeeeeeeeeeeeeeeeee
/data3fast/users/mbermudez/de_02/TFGDataset/img/T2_0727.png|alleeeeeeeeeeeeeeeeeeeeeeee eeeeeeeee
/data3fast/users/mbermudez/de_02/TFGDataset/img/T2_0061.png|wrr          e                         
/data3fast/users/mbermudez/de_02/TFGDataset/img/T2_0190.png|iiih    eeee      e    e eeee     e   ee   ee
/data3fast/users/mbermudez/de_02/TFGDataset/img/T2_1242.png|geeeeeeeeeee  eeee     ee    ss  e     s        eeeeeeeeeeee
/data3fast/users/mbermudez/de_02/TFGDataset/img/T2_0420.png|dde   eeeeeee     eeee  ee            eeeee
/data3fast/users/mbermudez/de_02/TFGDataset/img/T2_0509.png|eeeeeeeeeeeeeeeeeeeeeeeeeeeeeeeeeeeeeeeeeeeeeeeeeeeeeeeeee
/data3fast/users/mbermudez/de_02/TFGDataset/img/T2_0004.png|nnn     eeeeeeeeeeeeeeeeeeeeeeeeeeeeeeeeehhheeeeee
/data3fast/users/mbermudez/de_02/TFGDataset/img/T2_1488.png|uurreeeeeeeeeeeeeeeeeee eeee eee           eee  
/data3fast/users/mbermudez/de_02/TFGDataset/img/T2_0014.png|inn  eeeeeeeeee                                  n
/data3fast/users/mbermudez/de_02/TFGDataset/img/T2_0329.png|eeeeeeeeeeeeeeeeeeeeeeee  e         e          e       e
/data3fast/users/mbermudez/de_02/TFGDataset/img/T2_1306.png|deeeeeeeeeeeeeeeeeeeeeeeeeeeeeeeeeeeeeeeeeeeeeeeeeeee
/data3fast/users/mbermudez/de_02/TFGDataset/img/T2_0945.png|iiii  eeeeeeeeeeeeeeeeeeeeeeeeeeeeeee
/data3fast/users/mbermudez/de_02/TFGDataset/img/T2_0150.png|wreeeeee  eee eeeee  eeeeeeeeeeeeeeeee e  e eeeeeeeeeee
/data3fast/users/mbermudez/de_02/TFGDataset/img/T2_0860.png|iieeeeeeeeeeeeeeeeeeeeeeeeeeeeeeeeeeeeeeeeeeeeeeeeeeeeeeeeeee
/data3fast/users/mbermudez/de_02/TFGDataset/img/T2_0334.png|iiieeeeeeeeeeeeeee    ee e ee  eeeeeeeeeeeee eeee
/data3fast/users/mbermudez/de_02/TFGDataset/img/T2_0565.png|beeeeeee                                   eeee
/data3fast/users/mbermudez/de_02/TFGDataset/img/T2_0389.png|eeeeeeeee       eeee   ee eeee eeee eeeeeeeeeeeeee
/data3fast/users/mbermudez/de_02/TFGDataset/img/T2_1223.png|nnn                                               
/data3fast/users/mbermudez/de_02/TFGDataset/img/T2_0766.png|aaaa    eee    ee                           
/data3fast/users/mbermudez/de_02/TFGDataset/img/T2_1281.png|un     eeeeeeeeeeeeeeeeeeeeeeeeeeeeeeeeeeeeeeeeeeeeeeeeeeeee
/data3fast/users/mbermudez/de_02/TFGDataset/img/T2_0928.png|dee                                        
/data3fast/users/mbermudez/de_02/TFGDataset/img/T2_0215.png|teeeee                   ee e               eeeeeeeeee
/data3fast/users/mbermudez/de_02/TFGDataset/img/T2_0108.png|dssseeeeeeeeeeeeeeeeeeeeeeeeeeeeeeeeeeeeeeeeee eeee
/data3fast/users/mbermudez/de_02/TFGDataset/img/T2_0761.png|weee                
/data3fast/users/mbermudez/de_02/TFGDataset/img/T2_1183.png|"           eeeeeeeeeeeeee eeee                        
/data3fast/users/mbermudez/de_02/TFGDataset/img/T2_0317.png|weeeee  eee eee  eee eeeeeee    eee eeeeeeeeeeeeeee
/data3fast/users/mbermudez/de_02/TFGDataset/img/T2_0922.png|seeeeeeeeeeeeeeeeeee eeeee e      eee  eesseeeeeeeee
/data3fast/users/mbermudez/de_02/TFGDataset/img/T2_0948.png|beeeeeeeeee   eeeeeee eeeeeeeeeeeeeeeeeeeeeeeeeeeeee
/data3fast/users/mbermudez/de_02/TFGDataset/img/T2_1106.png|ooeee   eeeeee   eee               ee      eeeee
/data3fast/users/mbermudez/de_02/TFGDataset/img/T2_1351.png|eeeeeeeeeeeeeeeeeeeeeeeeeeeeeeee
/data3fast/users/mbermudez/de_02/TFGDataset/img/T2_0200.png|ssss    eeee         e e                  es    s s ss
/data3fast/users/mbermudez/de_02/TFGDataset/img/T2_0050.png|weeee  eeeeeeeeeeeeeeeeeeeeeeeeeeeeeeeeeeeeeeeeeeeeeee
/data3fast/users/mbermudez/de_02/TFGDataset/img/T2_0769.png|ssse               e          eeeeeeeeeeee
/data3fast/users/mbermudez/de_02/TFGDataset/img/T2_0461.png|ddn        eee   ee      e    e             e   eeeee
/data3fast/users/mbermudez/de_02/TFGDataset/img/T2_1473.png|wweeee    eee    e                        e  eee
/data3fast/users/mbermudez/de_02/TFGDataset/img/T2_1402.png|wwaa                ee    e     e    eeeeeeeeeeeee
/data3fast/users/mbermudez/de_02/TFGDataset/img/T2_0976.png|ssss        ee   eeeeeeeeee eeeeeee  eeeeeeeeeeeeeeeeeee
/data3fast/users/mbermudez/de_02/TFGDataset/img/T2_1055.png|seeeeee                                tt
/data3fast/users/mbermudez/de_02/TFGDataset/img/T2_0784.png|dd           eeee e  e eeeeeeeeeeeeeeeeeeeeeeeeeeesee
/data3fast/users/mbermudez/de_02/TFGDataset/img/T2_0196.png|ttt                                          ee
/data3fast/users/mbermudez/de_02/TFGDataset/img/T2_0308.png|deeeeeeeeee  eeeeeeeee    e  eee           e    e eee
/data3fast/users/mbermudez/de_02/TFGDataset/img/T2_1042.png|wreeee eee   ee  e                          ee e
/data3fast/users/mbermudez/de_02/TFGDataset/img/T2_0703.png|geeeee                                   
/data3fast/users/mbermudez/de_02/TFGDataset/img/T2_0367.png|areeeeeeeeeeeeeeeeeeeeeeeeeeee             e
/data3fast/users/mbermudez/de_02/TFGDataset/img/T2_0510.png|heeeeeeeeeeeeeeeeeeeeeeeeeeeeeeeeeeeeeeeeeeeeeeeeee
/data3fast/users/mbermudez/de_02/TFGDataset/img/T2_0144.png|hhhheeeeeeeee ee   e           eee               ee
/data3fast/users/mbermudez/de_02/TFGDataset/img/T2_1009.png|"         e ee   e                    sssssss
/data3fast/users/mbermudez/de_02/TFGDataset/img/T2_0172.png|deeeeee eeeee    eeeeeeee    e ee              e e     e   e 
/data3fast/users/mbermudez/de_02/TFGDataset/img/T2_1165.png|deeeeeeeeeeeeeeeeeeee   e  eeee  e      e eeeeeeeee
/data3fast/users/mbermudez/de_02/TFGDataset/img/T2_0735.png|#     tttttttt
/data3fast/users/mbermudez/de_02/TFGDataset/img/T2_1044.png|nnn        e eeee ee    eee                      ssss
/data3fast/users/mbermudez/de_02/TFGDataset/img/T2_1302.png|geeee                            eeeeeeeeeeeee
/data3fast/users/mbermudez/de_02/TFGDataset/img/T2_0195.png|aaaa                         ee    eeeeeee
/data3fast/users/mbermudez/de_02/TFGDataset/img/T2_0508.png|"      eeeeeeeeeeeeeeeeeeeeeeeeeeeeeeeee
/data3fast/users/mbermudez/de_02/TFGDataset/img/T2_0138.png|sss            eeeeeeeeeeeeeeeeeeeeeeeeeeeeeeee
/data3fast/users/mbermudez/de_02/TFGDataset/img/T2_0241.png|unn   eeeeeeeeee   eee    eeeeeeeeeeeee
/data3fast/users/mbermudez/de_02/TFGDataset/img/T2_0279.png|deeee                                      
/data3fast/users/mbermudez/de_02/TFGDataset/img/T2_0115.png|eeeeeeeeee     ee  e  e e eeeeeeeeeeeee
/data3fast/users/mbermudez/de_02/TFGDataset/img/T2_0191.png|dee                                     
/data3fast/users/mbermudez/de_02/TFGDataset/img/T2_0675.png|deeeeeeeeeeeeeeeeeeeeeeeeeeeeeeeeeeeeeeeeeeeee
/data3fast/users/mbermudez/de_02/TFGDataset/img/T2_0768.png|aaaeee ee  e         hhhhit
/data3fast/users/mbermudez/de_02/TFGDataset/img/T2_1274.png|aassss eeeeeeeeeeeeeeeeeeeeeeeeeeeeeee
/data3fast/users/mbermudez/de_02/TFGDataset/img/T2_1197.png|eeeee                                   
/data3fast/users/mbermudez/de_02/TFGDataset/img/T2_0194.png|ihhh        eeee ee hhheeeeeeeeeeeeeeeeee
/data3fast/users/mbermudez/de_02/TFGDataset/img/T2_1123.png|aa    eeeeeeeeeeeee ee    e   e   eeee  ssss
/data3fast/users/mbermudez/de_02/TFGDataset/img/T2_0524.png|geeeeee  e eeee eeeeeeeee
/data3fast/users/mbermudez/de_02/TFGDataset/img/T2_0873.png|iiin                                         ahhhhh
/data3fast/users/mbermudez/de_02/TFGDataset/img/T2_1203.png|geeeeee     se         e e e  eeeeeeeeeeee
/data3fast/users/mbermudez/de_02/TFGDataset/img/T2_1053.png|di               s           ssss sssss
/data3fast/users/mbermudez/de_02/TFGDataset/img/T2_0669.png|deee                                  t
/data3fast/users/mbermudez/de_02/TFGDataset/img/T2_0034.png|##
/data3fast/users/mbermudez/de_02/TFGDataset/img/T2_1285.png|"      eeeeeeeeeeeeeeeeeeee eeeeeeeeeeee eeeeeeeeeeeeeee
/data3fast/users/mbermudez/de_02/TFGDataset/img/T2_0346.png|eeeeeeeeeeee           ee                     e
/data3fast/users/mbermudez/de_02/TFGDataset/img/T2_0410.png|eeeeeeeee                                      
/data3fast/users/mbermudez/de_02/TFGDataset/img/T2_0932.png|eeeeeee   e   e e   eee eeeeeeeeeeeeeeee
/data3fast/users/mbermudez/de_02/TFGDataset/img/T2_0933.png|ooo                                    eeeee
/data3fast/users/mbermudez/de_02/TFGDataset/img/T2_0428.png|"                                         
/data3fast/users/mbermudez/de_02/TFGDataset/img/T2_1058.png|dd    eeeeeeeeeeeeee   eeee           essssss
/data3fast/users/mbermudez/de_02/TFGDataset/img/T2_1389.png|deee                                  
/data3fast/users/mbermudez/de_02/TFGDataset/img/T2_1342.png|uun    eee eeeeeee    e e            ee  eeeeee
/data3fast/users/mbermudez/de_02/TFGDataset/img/T2_1226.png|ma         eeeeeee       eeeeeeee   eeeeeeeeeeeeee
/data3fast/users/mbermudez/de_02/TFGDataset/img/T2_0499.png|see                                        
/data3fast/users/mbermudez/de_02/TFGDataset/img/T2_0901.png|aaa     eee      e      eeeee eee eee ees
/data3fast/users/mbermudez/de_02/TFGDataset/img/T2_0607.png|ghhhe       s          ssssssssssssseeeeeeeee
/data3fast/users/mbermudez/de_02/TFGDataset/img/T2_0672.png|iieeeeeeeeeeeeeeeeeeeeeeeeeeeeeeee
/data3fast/users/mbermudez/de_02/TFGDataset/img/T2_0633.png|deeeee eeeeeeeeettetttttt
/data3fast/users/mbermudez/de_02/TFGDataset/img/T2_0973.png|eeeeeee                  e  eeeeeeeeeeeeeeee
/data3fast/users/mbermudez/de_02/TFGDataset/img/T2_0376.png|aaahh    e    ee ee                      tttt
/data3fast/users/mbermudez/de_02/TFGDataset/img/T2_0655.png|eeeee                               
/data3fast/users/mbermudez/de_02/TFGDataset/img/T2_0413.png|eeee                                     
/data3fast/users/mbermudez/de_02/TFGDataset/img/T2_1411.png|mm        eeee                     
/data3fast/users/mbermudez/de_02/TFGDataset/img/T2_0481.png|seeee                                       
/data3fast/users/mbermudez/de_02/TFGDataset/img/T2_1360.png|geeeeeeeee  eeeee e ee      eeeeeee eeeeeeeee
/data3fast/users/mbermudez/de_02/TFGDataset/img/T2_1454.png|iiieeeeeeeee                         see
/data3fast/users/mbermudez/de_02/TFGDataset/img/T2_0653.png|aaaa  eeeeeeeeeeeeeeee eeeeeeeeeeeeeeee
/data3fast/users/mbermudez/de_02/TFGDataset/img/T2_0745.png|geeeeee      e                            eeee
/data3fast/users/mbermudez/de_02/TFGDataset/img/T2_1394.png|eeee                       e    e    eeeeeeeeee
/data3fast/users/mbermudez/de_02/TFGDataset/img/T2_1479.png|weeee                            e     eee
/data3fast/users/mbermudez/de_02/TFGDataset/img/T2_1100.png|hhhhh                                 eeee
/data3fast/users/mbermudez/de_02/TFGDataset/img/T2_0199.png|wweee e   eeeee  e  e e eee   eee eeeeeeee
/data3fast/users/mbermudez/de_02/TFGDataset/img/T2_0795.png|eeee                                         
/data3fast/users/mbermudez/de_02/TFGDataset/img/T2_0257.png|geeeeh                              sss      ssss
/data3fast/users/mbermudez/de_02/TFGDataset/img/T2_0226.png|eeeeee
/data3fast/users/mbermudez/de_02/TFGDataset/img/T2_1257.png|deeeeee                                 n
/data3fast/users/mbermudez/de_02/TFGDataset/img/T2_0300.png|nnnn                                 a aa
/data3fast/users/mbermudez/de_02/TFGDataset/img/T2_0765.png|iine      eee       eeee eeeeeeeeeeeeeeeee
/data3fast/users/mbermudez/de_02/TFGDataset/img/T2_0340.png|aan                             eeeeeeeeeeeee
/data3fast/users/mbermudez/de_02/TFGDataset/img/T2_1307.png|hheeeeee                                      
/data3fast/users/mbermudez/de_02/TFGDataset/img/T2_0380.png|geeeess    s s   s  s    s        eeeeeeeee
/data3fast/users/mbermudez/de_02/TFGDataset/img/T2_1297.png|aaae    ee                            eeeeeeeeee
/data3fast/users/mbermudez/de_02/TFGDataset/img/T2_0205.png|seeeeeeee                       eee eeeeeeeee
/data3fast/users/mbermudez/de_02/TFGDataset/img/T2_0017.png|dieeee      e eeeeee  e eeeee  eeeeee
/data3fast/users/mbermudez/de_02/TFGDataset/img/T2_0936.png|dnn       ee    e    ee                eeeeeeee
/data3fast/users/mbermudez/de_02/TFGDataset/img/T2_0013.png|nnn     eeeeeeeeeeeeeeeeeeee
/data3fast/users/mbermudez/de_02/TFGDataset/img/T2_1116.png|dee                        s s   s ssss
/data3fast/users/mbermudez/de_02/TFGDataset/img/T2_0027.png|eee                               
/data3fast/users/mbermudez/de_02/TFGDataset/img/T2_0374.png|aaaa                                 s sssss
/data3fast/users/mbermudez/de_02/TFGDataset/img/T2_1424.png|hhhhhhe                             eeeeeeeeeee
/data3fast/users/mbermudez/de_02/TFGDataset/img/T2_1497.png|ttteee   eee ee  ee    e                   n
/data3fast/users/mbermudez/de_02/TFGDataset/img/T2_0274.png|beeeeeeeeeeeeeeeeeeeeeeeeeeeeeeeeeeeeee
/data3fast/users/mbermudez/de_02/TFGDataset/img/T2_0531.png|deee                                 eeeee
/data3fast/users/mbermudez/de_02/TFGDataset/img/T2_0293.png|deeeeeeeeeeeeeeeeeeeeeeeeeeeeeeeeeeeeeeeeeeeeeeeee
/data3fast/users/mbermudez/de_02/TFGDataset/img/T2_0467.png|sss                                              
/data3fast/users/mbermudez/de_02/TFGDataset/img/T2_0819.png|reeeeeeeeee eeeeee e     eeeee e eeeeeee
/data3fast/users/mbermudez/de_02/TFGDataset/img/T2_0743.png|aaaa    eeeeeeeeeeeeeeeeeeeeeeeeeeeeeeeeeeeeeee
/data3fast/users/mbermudez/de_02/TFGDataset/img/T2_0738.png|geeee                                       
/data3fast/users/mbermudez/de_02/TFGDataset/img/T2_0146.png|ssss             e             e   e   eeeeeeeeee
/data3fast/users/mbermudez/de_02/TFGDataset/img/T2_0020.png|wwn       eeeeeeeee  ee eeeeeee     eeeeeeeeeee
/data3fast/users/mbermudez/de_02/TFGDataset/img/T2_1426.png|aan eeeeeeeeeeeeee  eee     eee    e eeeeeesess
/data3fast/users/mbermudez/de_02/TFGDataset/img/T2_0349.png|sstt                                eeeeee
/data3fast/users/mbermudez/de_02/TFGDataset/img/T2_1255.png|geeeee ee eeee   ee eee ee eeeee       ee e eeeeee
/data3fast/users/mbermudez/de_02/TFGDataset/img/T2_1287.png|ttt                                           
/data3fast/users/mbermudez/de_02/TFGDataset/img/T2_0427.png|aaaa                   e eeeeeeeeeeeeeeeeeeeeeeee
/data3fast/users/mbermudez/de_02/TFGDataset/img/T2_0462.png|eeeeeeeeeeeeeeeeeeeeeeeeeee   e   eee   eeeeee
/data3fast/users/mbermudez/de_02/TFGDataset/img/T2_0164.png|eeeeee    tttttt
/data3fast/users/mbermudez/de_02/TFGDataset/img/T2_1450.png|mmm     eee e e eeeeeeeeeeeeeeeeee e   eeeeeeeeee
/data3fast/users/mbermudez/de_02/TFGDataset/img/T2_0409.png|hhhhee                                         h
/data3fast/users/mbermudez/de_02/TFGDataset/img/T2_0395.png|dd                 e                           sss
/data3fast/users/mbermudez/de_02/TFGDataset/img/T2_0639.png|# 
/data3fast/users/mbermudez/de_02/TFGDataset/img/T2_0722.png|hheeeeee eee    eeeeeeee eee e  eeeeeeeeeeeee
/data3fast/users/mbermudez/de_02/TFGDataset/img/T2_1076.png|geeeee                                             e
/data3fast/users/mbermudez/de_02/TFGDataset/img/T2_1040.png|iiii                                     eeeeee
/data3fast/users/mbermudez/de_02/TFGDataset/img/T2_0189.png|sheeeeeeeee ee e    eee e     eeeeeeee eeeeeeeeeeeeee
/data3fast/users/mbermudez/de_02/TFGDataset/img/T2_1130.png|eeeee       eeeeeee  eeeeeeeee eeeeee eeeeeeeeeeeeee
/data3fast/users/mbermudez/de_02/TFGDataset/img/T2_0694.png|eeeee                   e   eeeeeeeeeeeeeee
/data3fast/users/mbermudez/de_02/TFGDataset/img/T2_1161.png|nnn  eeeeeeeeeeeeeeeeeeeeeeeeeeeeeeeeeeeeeeeeee
/data3fast/users/mbermudez/de_02/TFGDataset/img/T2_0803.png|aaeeee eeeee                            ttttt
/data3fast/users/mbermudez/de_02/TFGDataset/img/T2_0140.png|geeeee                                         eeee
/data3fast/users/mbermudez/de_02/TFGDataset/img/T2_0859.png|tttt                                       
/data3fast/users/mbermudez/de_02/TFGDataset/img/T2_0435.png|eeeeeeeeeeeeee eee         e                       
/data3fast/users/mbermudez/de_02/TFGDataset/img/T2_1003.png|ieeeeeeeeeeeeeee eeeeeeee    eeee      e e e     eee 
/data3fast/users/mbermudez/de_02/TFGDataset/img/T2_1441.png|beeee                                      eeee
/data3fast/users/mbermudez/de_02/TFGDataset/img/T2_0998.png|"                                         
/data3fast/users/mbermudez/de_02/TFGDataset/img/T2_0038.png|hhhhh      eeeeeeee  ee  eeee eeee            ee
/data3fast/users/mbermudez/de_02/TFGDataset/img/T2_0987.png|# 
/data3fast/users/mbermudez/de_02/TFGDataset/img/T2_0277.png|de         ttttttt
/data3fast/users/mbermudez/de_02/TFGDataset/img/T2_0010.png|teee  e                          e eeeeeeeeeeeeeeeeee
/data3fast/users/mbermudez/de_02/TFGDataset/img/T2_0505.png|geeeeeeeeeeeeeeeeeeeeeeeeee
/data3fast/users/mbermudez/de_02/TFGDataset/img/T2_0263.png|iiii                e    eeeeeeeeeeeeeeeeeee
/data3fast/users/mbermudez/de_02/TFGDataset/img/T2_0478.png|geeeeeeeeeeeeee              ee             ssss
/data3fast/users/mbermudez/de_02/TFGDataset/img/T2_1325.png|ssee                                     eeeeeee
/data3fast/users/mbermudez/de_02/TFGDataset/img/T2_0026.png|mii  eeeeeeeeeeeeeeeeeee eeeee ee  ee     eeeee
/data3fast/users/mbermudez/de_02/TFGDataset/img/T2_0646.png|aaah                                          
/data3fast/users/mbermudez/de_02/TFGDataset/img/T2_0944.png|aaaaa                                  eeeeeeeee
/data3fast/users/mbermudez/de_02/TFGDataset/img/T2_0135.png|siee               e     e        eeeeeeeeeeeee
/data3fast/users/mbermudez/de_02/TFGDataset/img/T2_1006.png|deee                                            ee
/data3fast/users/mbermudez/de_02/TFGDataset/img/T2_1294.png|aaaaeeeeeeeee  eee                   eeee   eeeeeee
/data3fast/users/mbermudez/de_02/TFGDataset/img/T2_0120.png|aaeeeeeeeeeeeeeeeeeeeee   eeeeeeeeeeeeeeeeeeeee
/data3fast/users/mbermudez/de_02/TFGDataset/img/T2_0236.png|aaa eeeeeeeeeeeeeeee eeee eee  eeeees
/data3fast/users/mbermudez/de_02/TFGDataset/img/T2_0711.png|eeeeeeee                                eeeeeeee
/data3fast/users/mbermudez/de_02/TFGDataset/img/T2_0599.png|dda                                    eeeeeeeeee
/data3fast/users/mbermudez/de_02/TFGDataset/img/T2_1241.png|iieeeeeeeeeeeeeeeeeeeeeeeeeeeeeeeeeeeeeeeeeeeeeeeeeee
/data3fast/users/mbermudez/de_02/TFGDataset/img/T2_0166.png|aeee              e   eee                      ee
/data3fast/users/mbermudez/de_02/TFGDataset/img/T2_0919.png|wiie                                           eee
/data3fast/users/mbermudez/de_02/TFGDataset/img/T2_0419.png|iii                                ttttttttt
/data3fast/users/mbermudez/de_02/TFGDataset/img/T2_0075.png|"     ee eee  ttttt
/data3fast/users/mbermudez/de_02/TFGDataset/img/T2_0228.png|"   eeeeeeeeeeeeeeeeeee eeeeee          eeeeee
/data3fast/users/mbermudez/de_02/TFGDataset/img/T2_1041.png|geeeeeeeehhhhhhhhhhhhhhhhhhhhhh
/data3fast/users/mbermudez/de_02/TFGDataset/img/T2_0212.png|geeeeeeeeee      ee        eeee
/data3fast/users/mbermudez/de_02/TFGDataset/img/T2_1382.png|deeee   e            eee        e  eeeeeeeeeeeeeeeeeee
/data3fast/users/mbermudez/de_02/TFGDataset/img/T2_1216.png|eeeeeeeeeee  eeee   e                            
/data3fast/users/mbermudez/de_02/TFGDataset/img/T2_1159.png|uuu                           eeee ddeeeee
/data3fast/users/mbermudez/de_02/TFGDataset/img/T2_0238.png|deee           eeee   e       eeeee  eee eeeeeee
/data3fast/users/mbermudez/de_02/TFGDataset/img/T2_1264.png|dnn       eee eeeee eeee     e        eeeeeeeee
/data3fast/users/mbermudez/de_02/TFGDataset/img/T2_0541.png|geeeeee      e    eee       eee     ss   eessssss
/data3fast/users/mbermudez/de_02/TFGDataset/img/T2_0556.png|hhhee                 ee e                        nn
/data3fast/users/mbermudez/de_02/TFGDataset/img/T2_1107.png|# 
/data3fast/users/mbermudez/de_02/TFGDataset/img/T2_0640.png|##
/data3fast/users/mbermudez/de_02/TFGDataset/img/T2_1056.png|deeeeeeeeeeeeeeeeeeeeeeeeeeeeeeeeeeeeeeeeeeeeeeeeeeeeeeeee
/data3fast/users/mbermudez/de_02/TFGDataset/img/T2_0287.png|ggeeeeeee                                    
/data3fast/users/mbermudez/de_02/TFGDataset/img/T2_1034.png|deeee  eeeeeeeeeeeeeeeeeeeeeeeeeeeeeeeeeeeeeeee
/data3fast/users/mbermudez/de_02/TFGDataset/img/T2_0477.png|iiiiie    eeeeeeeee  ee    eeeeee     eee ee   e eeee
/data3fast/users/mbermudez/de_02/TFGDataset/img/T2_1118.png|deeee                                          nn
/data3fast/users/mbermudez/de_02/TFGDataset/img/T2_1414.png|sse     eeeeeeeeeeeeeeeeeeeeeeeeeeeeeeeeeeeeeee
/data3fast/users/mbermudez/de_02/TFGDataset/img/T2_0100.png|nns       eeeeeeee     eeee     ee ee eee      eeeeee
/data3fast/users/mbermudez/de_02/TFGDataset/img/T2_0621.png|seeeeeee eeeee  eeeee ee      ee  e    eeeeeeee
/data3fast/users/mbermudez/de_02/TFGDataset/img/T2_0304.png|uuu                                           
/data3fast/users/mbermudez/de_02/TFGDataset/img/T2_0210.png|tttt                                  eee
/data3fast/users/mbermudez/de_02/TFGDataset/img/T2_0643.png|deee                                         ee nee
/data3fast/users/mbermudez/de_02/TFGDataset/img/T2_0744.png|deee                                          n
/data3fast/users/mbermudez/de_02/TFGDataset/img/T2_0070.png|dee          heee          eeeeeeeeee
/data3fast/users/mbermudez/de_02/TFGDataset/img/T2_1419.png|geeeeee        eee eeeeeeee  eeeeeeeeeeeeeeeeeeeeeee
/data3fast/users/mbermudez/de_02/TFGDataset/img/T2_1132.png|eeeeeeeeeeeeeeeeee e e                     e
/data3fast/users/mbermudez/de_02/TFGDataset/img/T2_0996.png|dee                         eee     e       eeeee
/data3fast/users/mbermudez/de_02/TFGDataset/img/T2_0089.png|aaaeeeeeeeeeeeeeeeeeeeeeeeeeeeeeeeeeeee
/data3fast/users/mbermudez/de_02/TFGDataset/img/T2_0415.png|eeeeeee     e                                     eeeee
/data3fast/users/mbermudez/de_02/TFGDataset/img/T2_0358.png|"     ss  eeeeeeeee e   eeeeeeeeeeeeeeeeeeeeee
/data3fast/users/mbermudez/de_02/TFGDataset/img/T2_1011.png|# 
/data3fast/users/mbermudez/de_02/TFGDataset/img/T2_0315.png|nnnn eeeeeeeeeeeeeeeeeeeeeeeeeeeeeeeeeeeeeeee
/data3fast/users/mbermudez/de_02/TFGDataset/img/T2_1482.png|ooo                               aaaaa
/data3fast/users/mbermudez/de_02/TFGDataset/img/T2_0787.png|eeeeee                                      e
/data3fast/users/mbermudez/de_02/TFGDataset/img/T2_0492.png|eeeeeeee  e  eeeeeeeeeeeeeeeeeeeeeeeeeeeeeeeeeeeeee
/data3fast/users/mbermudez/de_02/TFGDataset/img/T2_0073.png|aaan     eeeeee     e e   eeeeeeeeeeeeeeeee
/data3fast/users/mbermudez/de_02/TFGDataset/img/T2_0550.png|seeeeeeeeeeeeeeeeee e        e              e   
/data3fast/users/mbermudez/de_02/TFGDataset/img/T2_1377.png|wwie                           eeeeeeeeee
/data3fast/users/mbermudez/de_02/TFGDataset/img/T2_0299.png|unn      eeeeeeeeeeeeeeeeeeeeeeeeeeeeeeeeeeeeee
/data3fast/users/mbermudez/de_02/TFGDataset/img/T2_1072.png|mm                                          
/data3fast/users/mbermudez/de_02/TFGDataset/img/T2_0099.png|meee     eeeeee  ee       e   ee            e  eeeee
/data3fast/users/mbermudez/de_02/TFGDataset/img/T2_0542.png|eeeee               eee eeeeeeeeeeeeeeee
/data3fast/users/mbermudez/de_02/TFGDataset/img/T2_0660.png|ss                          eeeeeeeeeeeeeeee
/data3fast/users/mbermudez/de_02/TFGDataset/img/T2_0002.png|mttt                               ee
/data3fast/users/mbermudez/de_02/TFGDataset/img/T2_1262.png|sssshhheee eee    eeee he   eeeeeeeeeee
/data3fast/users/mbermudez/de_02/TFGDataset/img/T2_0285.png|aeeee      eeee  eeeeee ee eeeeeeee
/data3fast/users/mbermudez/de_02/TFGDataset/img/T2_1323.png|eeeeeeeeeeeeeeeeeeeeeeeeeeeeeeeee eeeeeeeeeeeeeee
/data3fast/users/mbermudez/de_02/TFGDataset/img/T2_0923.png|"      eeeeeeeeeeeeeeeeeeeeeeeeeeeeeee
/data3fast/users/mbermudez/de_02/TFGDataset/img/T2_0156.png|deeee  eeeeee  e   eeee   eee        eeeeeee
/data3fast/users/mbermudez/de_02/TFGDataset/img/T2_0084.png|weeeeeeeeeeeeeeeeeeeeeeeee eeeeeeeeeeeeeeeeeeeeeeeeeeeeee
/data3fast/users/mbermudez/de_02/TFGDataset/img/T2_0579.png|nnn eeeeeeeeeeeeeeeeeeee
/data3fast/users/mbermudez/de_02/TFGDataset/img/T2_1458.png|deee  eee eee ee eeeeeeeeeeeeeeeeeeeeeeeeeee
/data3fast/users/mbermudez/de_02/TFGDataset/img/T2_0764.png|nneeeeeeeeeeeeee      e                    e
/data3fast/users/mbermudez/de_02/TFGDataset/img/T2_0693.png|iii   eeeeeeeeeeeeeeeeeeeeeeeeeeeeee
/data3fast/users/mbermudez/de_02/TFGDataset/img/T2_0968.png|mmh             e e e                                
/data3fast/users/mbermudez/de_02/TFGDataset/img/T2_0125.png|daa         e ee e         eee   eeeeeeeeee
/data3fast/users/mbermudez/de_02/TFGDataset/img/T2_1433.png|ihhhheeeeeeeeeeeeeeeeeeeeeeeeeeeeeeeeeeeeeeeeeee
/data3fast/users/mbermudez/de_02/TFGDataset/img/T2_1410.png|nnn        eee                   e      ee  ee
/data3fast/users/mbermudez/de_02/TFGDataset/img/T2_0626.png|dde              eeeeeeee eeeeeeeeeeeeee
/data3fast/users/mbermudez/de_02/TFGDataset/img/T2_1236.png|"               eeeeeeeeeeeeee eeeeeeeeeeeeee
/data3fast/users/mbermudez/de_02/TFGDataset/img/T2_0511.png|ggeeeeeeeee  e                           eee
/data3fast/users/mbermudez/de_02/TFGDataset/img/T2_1204.png|ggeeeeeeeeeeeeeeeeeeeeeeeeeeeeeeeeeeeeeeeeeeeeeeee
/data3fast/users/mbermudez/de_02/TFGDataset/img/T2_1327.png|eeeeee        e  eeeee    ee   e       e    eee
/data3fast/users/mbermudez/de_02/TFGDataset/img/T2_1018.png|wiii                       eee e eeeeeeeeeee
/data3fast/users/mbermudez/de_02/TFGDataset/img/T2_0717.png|daeeeeeeeeeeeeeeee     hehh   e   hhhhhhhee
/data3fast/users/mbermudez/de_02/TFGDataset/img/T2_0394.png|dd    eeeeeeeeeeeeeeeeeeeeeeeeeeeeeee
/data3fast/users/mbermudez/de_02/TFGDataset/img/T2_0399.png|ahhh    eeeeeeeee  e e   e     e   eeeeeeeeeeee
/data3fast/users/mbermudez/de_02/TFGDataset/img/T2_0479.png|geeeeee                                
/data3fast/users/mbermudez/de_02/TFGDataset/img/T2_0321.png|iiii      e eee
/data3fast/users/mbermudez/de_02/TFGDataset/img/T2_0145.png|iihhh                                              s
/data3fast/users/mbermudez/de_02/TFGDataset/img/T2_0808.png|eeee                        e   eeeeeeeeee
/data3fast/users/mbermudez/de_02/TFGDataset/img/T2_0028.png|uuu        eee  e eeeee      ee    s   ssssssssss
/data3fast/users/mbermudez/de_02/TFGDataset/img/T2_0444.png|weeeee        e  eeee    e      eeeeeeeeeeeeeeeeee
/data3fast/users/mbermudez/de_02/TFGDataset/img/T2_0961.png|eeeeee                                             
/data3fast/users/mbermudez/de_02/TFGDataset/img/T2_0506.png|uu                                            s
/data3fast/users/mbermudez/de_02/TFGDataset/img/T2_0529.png|beeeee                                 ttttt
/data3fast/users/mbermudez/de_02/TFGDataset/img/T2_1379.png|iii   eeeeeeeeeeeeeeeeeeeeeeeeee
/data3fast/users/mbermudez/de_02/TFGDataset/img/T2_0800.png|da     s  ss   sss  ssssss         s  s   ss  ss   ee
/data3fast/users/mbermudez/de_02/TFGDataset/img/T2_0783.png|eeeeeeeee            e  s     s eeeeee    eeeeeee
/data3fast/users/mbermudez/de_02/TFGDataset/img/T2_0647.png|ssss                                       e eeee
/data3fast/users/mbermudez/de_02/TFGDataset/img/T2_0384.png|iiieeeeee e   e ee            ee  eeeeeeeee
/data3fast/users/mbermudez/de_02/TFGDataset/img/T2_0941.png|iiiih   eeeee eeeeeeeeeeeeeeeeeeeeeeeeeeeeee
/data3fast/users/mbermudez/de_02/TFGDataset/img/T2_1191.png|iieeeeeeee eee     eeeeee e    eee   eeeeeeeeeeeeee
/data3fast/users/mbermudez/de_02/TFGDataset/img/T2_0940.png|deeeeeeeeee            e    ee  e    eeeeeeeeee
/data3fast/users/mbermudez/de_02/TFGDataset/img/T2_0319.png|iheeeeeeeee e   eeeee e    eee eeeeeeeeeeeeee
/data3fast/users/mbermudez/de_02/TFGDataset/img/T2_1122.png|deeeeeeeeeeeee         e     e   eee
/data3fast/users/mbermudez/de_02/TFGDataset/img/T2_0066.png|bee           ee   eee  e   eeeeeeeeeeeeee
/data3fast/users/mbermudez/de_02/TFGDataset/img/T2_0351.png|heeeeeeeeeeeeeeeee                  eeees
/data3fast/users/mbermudez/de_02/TFGDataset/img/T2_0335.png|aaa                  e        e eeeeeee
/data3fast/users/mbermudez/de_02/TFGDataset/img/T2_1073.png|# 
/data3fast/users/mbermudez/de_02/TFGDataset/img/T2_0583.png|aaaaa                               eeeeeeeeeeeeee
/data3fast/users/mbermudez/de_02/TFGDataset/img/T2_0122.png|uureeeeeeeeeeeeeeeeeeeeeeeeeeeeeeeeeeeeeeeeee
/data3fast/users/mbermudez/de_02/TFGDataset/img/T2_0954.png|wieeeeeeeeeee e eeeee  eeee      eeeeeeeeiieeee
/data3fast/users/mbermudez/de_02/TFGDataset/img/T2_1074.png|eeeee                                       e
/data3fast/users/mbermudez/de_02/TFGDataset/img/T2_0137.png|hhhhhhhhh        hhh h     hhh  eeeeeeeeeeee
/data3fast/users/mbermudez/de_02/TFGDataset/img/T2_1363.png|drre                                         
/data3fast/users/mbermudez/de_02/TFGDataset/img/T2_0572.png|aur             e  ee    e         ee   ee
/data3fast/users/mbermudez/de_02/TFGDataset/img/T2_0740.png|deee    e eeee ee e                                           e
/data3fast/users/mbermudez/de_02/TFGDataset/img/T2_1359.png|deeee    ee  e e                                 
/data3fast/users/mbermudez/de_02/TFGDataset/img/T2_0807.png|bbee                                     
/data3fast/users/mbermudez/de_02/TFGDataset/img/T2_0264.png|"                                       
/data3fast/users/mbermudez/de_02/TFGDataset/img/T2_0622.png|geeeee                                    
/data3fast/users/mbermudez/de_02/TFGDataset/img/T2_1175.png|win              eeeeeeeeeeeeeeeee  eee eeeee
/data3fast/users/mbermudez/de_02/TFGDataset/img/T2_1267.png|nnnn                            ttt   tete
/data3fast/users/mbermudez/de_02/TFGDataset/img/T2_0347.png|deeee    e                             
/data3fast/users/mbermudez/de_02/TFGDataset/img/T2_0625.png|deeee                                            
/data3fast/users/mbermudez/de_02/TFGDataset/img/T2_0093.png|dd                                          ttt
/data3fast/users/mbermudez/de_02/TFGDataset/img/T2_0110.png|ooo                             e ee    eeeeeeeeeeeee
/data3fast/users/mbermudez/de_02/TFGDataset/img/T2_0609.png|eeeee                 e eeee     eeeee sssssse
/data3fast/users/mbermudez/de_02/TFGDataset/img/T2_0085.png|nnnn        
/data3fast/users/mbermudez/de_02/TFGDataset/img/T2_1338.png|iieeeee   eeee e  ee  eeeee   eeeeee e  ee  eeeeeeeee
/data3fast/users/mbermudez/de_02/TFGDataset/img/T2_0041.png|wwiee                           
/data3fast/users/mbermudez/de_02/TFGDataset/img/T2_1028.png|aaeeeeeeeee eee  ee ee     eeeeesssss
/data3fast/users/mbermudez/de_02/TFGDataset/img/T2_0501.png|geeeeeeeeeeee        eeeee e eeeeeeeeeeeeeeeeeeeeeee
/data3fast/users/mbermudez/de_02/TFGDataset/img/T2_0245.png|iieeeeeeeeeeee   ee             nn 
/data3fast/users/mbermudez/de_02/TFGDataset/img/T2_0624.png|deee eeeeeeeeeeeeeee eee    e            sss ss
/data3fast/users/mbermudez/de_02/TFGDataset/img/T2_0345.png|hhhhh                               e      eeeeeeeee
/data3fast/users/mbermudez/de_02/TFGDataset/img/T2_1283.png|ss                                            ee
/data3fast/users/mbermudez/de_02/TFGDataset/img/T2_1305.png|gleee                                                   eeeeee
/data3fast/users/mbermudez/de_02/TFGDataset/img/T2_0559.png|unn       eeee e         e   e e  eee ee    eeeeeeeeeeeee
/data3fast/users/mbermudez/de_02/TFGDataset/img/T2_0631.png|dd              eeeeeeee   e  eeeeeeee
/data3fast/users/mbermudez/de_02/TFGDataset/img/T2_1403.png|ihhhe        eee      e    eeeeeeee   eeeeeeeeeee
/data3fast/users/mbermudez/de_02/TFGDataset/img/T2_0124.png|ann           eeeee eeee    eee  eeeeeee   eeeeeeeeeeee
/data3fast/users/mbermudez/de_02/TFGDataset/img/T2_0713.png|#  
/data3fast/users/mbermudez/de_02/TFGDataset/img/T2_0865.png|"eeeeeeeeeeeeee
/data3fast/users/mbermudez/de_02/TFGDataset/img/T2_0116.png|"    eeeeeeeeeeeeeeeeeeeeeeeeeeeeeeeeeeeeeeeeeeeeee
/data3fast/users/mbermudez/de_02/TFGDataset/img/T2_1467.png|cchh                                   eeeee
/data3fast/users/mbermudez/de_02/TFGDataset/img/T2_0416.png|ssee e                   e                    e   eee ee
/data3fast/users/mbermudez/de_02/TFGDataset/img/T2_1026.png|wuu                                   aa a aa
/data3fast/users/mbermudez/de_02/TFGDataset/img/T2_0053.png|assss                            sss ssssssssssssse
/data3fast/users/mbermudez/de_02/TFGDataset/img/T2_1195.png|iii          eeeeeeeeee
/data3fast/users/mbermudez/de_02/TFGDataset/img/T2_0840.png|oo         e  eeee e       eeee eeeee
/data3fast/users/mbermudez/de_02/TFGDataset/img/T2_0832.png|aass                                            ee
/data3fast/users/mbermudez/de_02/TFGDataset/img/T2_0687.png|aaaa    e  eeeeeeeeeeeeeeeeeeeeeeeeeeeeeeeeeeeeeeeeeee
/data3fast/users/mbermudez/de_02/TFGDataset/img/T2_0587.png|dde                                              
/data3fast/users/mbermudez/de_02/TFGDataset/img/T2_0700.png|dnn     eeeeeeeeee     eee                         
/data3fast/users/mbermudez/de_02/TFGDataset/img/T2_0835.png|dee                                                   
/data3fast/users/mbermudez/de_02/TFGDataset/img/T2_1392.png|#  
/data3fast/users/mbermudez/de_02/TFGDataset/img/T2_1080.png|eeeeee                                    
/data3fast/users/mbermudez/de_02/TFGDataset/img/T2_0445.png|unn                                        a 
/data3fast/users/mbermudez/de_02/TFGDataset/img/T2_0592.png|ns         e                                       e
/data3fast/users/mbermudez/de_02/TFGDataset/img/T2_0728.png|iii           ee        e                s ssss
/data3fast/users/mbermudez/de_02/TFGDataset/img/T2_0171.png|iiiii    
/data3fast/users/mbermudez/de_02/TFGDataset/img/T2_0534.png|geeeee           sss      ss                eeeee
/data3fast/users/mbermudez/de_02/TFGDataset/img/T2_0222.png|tttte                e       e e    ee    e    eeeeeeeee
/data3fast/users/mbermudez/de_02/TFGDataset/img/T2_1319.png|geeeeeeeeeeeeeeeeeeeee eeeeeeeeeeeeee eeeeeee
/data3fast/users/mbermudez/de_02/TFGDataset/img/T2_1434.png|frr                                       eeeeee
/data3fast/users/mbermudez/de_02/TFGDataset/img/T2_1451.png|dee                                       e e
/data3fast/users/mbermudez/de_02/TFGDataset/img/T2_0698.png|"          eeeeeeeeeeeeheeeeeeehheeeeeeeeeee
/data3fast/users/mbermudez/de_02/TFGDataset/img/T2_1498.png|dde       eeeeeeeeeeeeeeee    ee    e e  ssssese
/data3fast/users/mbermudez/de_02/TFGDataset/img/T2_0473.png|geeeeeeeeee eeee
/data3fast/users/mbermudez/de_02/TFGDataset/img/T2_1439.png|eeeeee                                   eeee
/data3fast/users/mbermudez/de_02/TFGDataset/img/T2_1213.png|"       eee                                 st
/data3fast/users/mbermudez/de_02/TFGDataset/img/T2_0112.png|aaass   ee eee      e e    ee       ee      ee   eeeee
/data3fast/users/mbermudez/de_02/TFGDataset/img/T2_0560.png|aassss                                   eeeeeee
/data3fast/users/mbermudez/de_02/TFGDataset/img/T2_1185.png|aaaa           e e                   ee
/data3fast/users/mbermudez/de_02/TFGDataset/img/T2_0715.png|mm                                     nnn
/data3fast/users/mbermudez/de_02/TFGDataset/img/T2_0213.png|sss            ee eeeee        eee  eee  eeeeeeee
/data3fast/users/mbermudez/de_02/TFGDataset/img/T2_0925.png|ww              e                         
/data3fast/users/mbermudez/de_02/TFGDataset/img/T2_0563.png|aaeeeeeeeeee ee ee     e eee     eeeeeeeeeeee
/data3fast/users/mbermudez/de_02/TFGDataset/img/T2_0573.png|wlleeeeeeeeeeeeeeeeeeeeeeeeeeeeeeeeeeeeeeeeeeeeeeeee
/data3fast/users/mbermudez/de_02/TFGDataset/img/T2_1088.png|uun    eeeeeeee  ee                           ss
/data3fast/users/mbermudez/de_02/TFGDataset/img/T2_0401.png|eeeee                                 eee
/data3fast/users/mbermudez/de_02/TFGDataset/img/T2_1155.png|deee                             eeeeeeeeeeeeee
/data3fast/users/mbermudez/de_02/TFGDataset/img/T2_0350.png|eeeeeeeeee                                          ee
/data3fast/users/mbermudez/de_02/TFGDataset/img/T2_1456.png|ieeeee  eeeeeeeeeeee  eeeeee e  ee e eeee     
/data3fast/users/mbermudez/de_02/TFGDataset/img/T2_0235.png|geeeeeee                                 nee
/data3fast/users/mbermudez/de_02/TFGDataset/img/T2_1258.png|oot                e   ee   eee eeeeeeeee
/data3fast/users/mbermudez/de_02/TFGDataset/img/T2_0223.png|eeee    
/data3fast/users/mbermudez/de_02/TFGDataset/img/T2_0533.png|da      s                                eeeeeee
/data3fast/users/mbermudez/de_02/TFGDataset/img/T2_0690.png|weeeeeeeee eeeee e                         
/data3fast/users/mbermudez/de_02/TFGDataset/img/T2_1413.png|dee        eeee  eeeee  eeeeeeeeeeeeeeeeeeeeeeeeeeeeeee
/data3fast/users/mbermudez/de_02/TFGDataset/img/T2_1128.png|hhhh   e eeeeeeeeeeeeeeee eeee eeeeeeeeeeeeeeeeee
/data3fast/users/mbermudez/de_02/TFGDataset/img/T2_0259.png|dee                                        eee
/data3fast/users/mbermudez/de_02/TFGDataset/img/T2_0959.png|wwt                                   iiieiee
/data3fast/users/mbermudez/de_02/TFGDataset/img/T2_0742.png|aaaa                           eeeeeeeeeeeee
/data3fast/users/mbermudez/de_02/TFGDataset/img/T2_1007.png|sss      eeeeeee                    eeee
/data3fast/users/mbermudez/de_02/TFGDataset/img/T2_1480.png|# 
/data3fast/users/mbermudez/de_02/TFGDataset/img/T2_1309.png|eeee                             eeeeeeeeeeee
/data3fast/users/mbermudez/de_02/TFGDataset/img/T2_0779.png|weeeee  eeeeeee  e eeeee ee ee eeeeeeeeeeeeeeeeeeeeeee
/data3fast/users/mbermudez/de_02/TFGDataset/img/T2_1126.png|sssee          ee                            ee
/data3fast/users/mbermudez/de_02/TFGDataset/img/T2_1235.png|aaaa        ee e ee            eeeeeee
/data3fast/users/mbermudez/de_02/TFGDataset/img/T2_0134.png|hhhhh                          e eeeeeeeeee
/data3fast/users/mbermudez/de_02/TFGDataset/img/T2_0139.png|sstt     eee eee ee  eeeeee eeeeeeeeeeeeeeeeeeeeeeee
/data3fast/users/mbermudez/de_02/TFGDataset/img/T2_0558.png|iihh                              aaa 
/data3fast/users/mbermudez/de_02/TFGDataset/img/T2_1445.png|be                               eeeed
/data3fast/users/mbermudez/de_02/TFGDataset/img/T2_0496.png|ii      eeeeeee e                  aaaaa
/data3fast/users/mbermudez/de_02/TFGDataset/img/T2_0753.png|sssseeeeeeeeeeeeeee e  ee                
/data3fast/users/mbermudez/de_02/TFGDataset/img/T2_1045.png|wleee                                 e
/data3fast/users/mbermudez/de_02/TFGDataset/img/T2_0970.png|sst           ee   eeeee   eeee  eee     eeeeee
/data3fast/users/mbermudez/de_02/TFGDataset/img/T2_0296.png|iii                                       
/data3fast/users/mbermudez/de_02/TFGDataset/img/T2_0927.png|weeeeeeeeeeee eeeee      eee e         eeee
/data3fast/users/mbermudez/de_02/TFGDataset/img/T2_0032.png|waee   eeeeeeeeeeeeeeeeeeeeeeeeeeeeeeeeeeeeeeeee
/data3fast/users/mbermudez/de_02/TFGDataset/img/T2_1054.png|wwll                           e  eeeeeee
/data3fast/users/mbermudez/de_02/TFGDataset/img/T2_1163.png|weee                             eeeee
/data3fast/users/mbermudez/de_02/TFGDataset/img/T2_0773.png|seeeeeee eeeeeeeeeeeeeeeeeeeeeeeeeeeeeeeeeeeee
/data3fast/users/mbermudez/de_02/TFGDataset/img/T2_0684.png|"           s                                   
/data3fast/users/mbermudez/de_02/TFGDataset/img/T2_0720.png|ii    eeeeeeeeee           ee                eee
/data3fast/users/mbermudez/de_02/TFGDataset/img/T2_1180.png|deee                               t
/data3fast/users/mbermudez/de_02/TFGDataset/img/T2_0680.png|aaeeeeeeeeeeeeeee eee             ee  eeehhh
/data3fast/users/mbermudez/de_02/TFGDataset/img/T2_1310.png|weeeeee     e                  tttt
/data3fast/users/mbermudez/de_02/TFGDataset/img/T2_0149.png|geeeeeeee           e    eeeeeee
/data3fast/users/mbermudez/de_02/TFGDataset/img/T2_0967.png|eeeeeeeeee eeeeeeeeeeeeee      eee  e
/data3fast/users/mbermudez/de_02/TFGDataset/img/T2_1432.png|ieeeeeeeeeeeeeeeeeeeeeeeeeeeeeeeeeeeeeeeeeeee
/data3fast/users/mbermudez/de_02/TFGDataset/img/T2_0757.png|ssse                            eeeeeeeeeeeeeeeee
/data3fast/users/mbermudez/de_02/TFGDataset/img/T2_0863.png|eeeeeeeeeeeeeeeeeee  eeeeeeeeee e  eeeeeeeeee eeeeeeeeeeeeeeeee
/data3fast/users/mbermudez/de_02/TFGDataset/img/T2_1443.png|aaaa             e                             e e
/data3fast/users/mbermudez/de_02/TFGDataset/img/T2_0096.png|aaa                           dd 
/data3fast/users/mbermudez/de_02/TFGDataset/img/T2_1266.png|"        e                             eee
/data3fast/users/mbermudez/de_02/TFGDataset/img/T2_0591.png|deeee   eeeeeeee                              
/data3fast/users/mbermudez/de_02/TFGDataset/img/T2_0258.png|ggeeee                               
/data3fast/users/mbermudez/de_02/TFGDataset/img/T2_1440.png|hhhe           ee    ee  eeee     eeehheh
/data3fast/users/mbermudez/de_02/TFGDataset/img/T2_1447.png|ann    eeeeeeeeeeeeeeeeeeeeeeeeee  eeeeeeeeeeeeeeeee
/data3fast/users/mbermudez/de_02/TFGDataset/img/T2_0614.png|weeeeeeeeeeeeeeeeeeeeeeeeeee    eeeeeeeeeeeeeeeeee
/data3fast/users/mbermudez/de_02/TFGDataset/img/T2_0630.png|"    eeee eeeeeeee
/data3fast/users/mbermudez/de_02/TFGDataset/img/T2_1229.png|"                                     
/data3fast/users/mbermudez/de_02/TFGDataset/img/T2_0348.png|woo                               ttttt  tttttt
/data3fast/users/mbermudez/de_02/TFGDataset/img/T2_0292.png|annn         ee eeee  eeeeeeeeeeeeeeeeeeeeeeeeee
/data3fast/users/mbermudez/de_02/TFGDataset/img/T2_1237.png|aa           sss               s  sss sssssssseeeeee
/data3fast/users/mbermudez/de_02/TFGDataset/img/T2_0696.png|o     eeeeeeeeeeeeeee     ee    e  eeeeeeeeeeee
/data3fast/users/mbermudez/de_02/TFGDataset/img/T2_0434.png|iiit        eeeeeeeeeeeeee          ssss sss
/data3fast/users/mbermudez/de_02/TFGDataset/img/T2_0899.png|iiii                 e  e               eeseee
/data3fast/users/mbermudez/de_02/TFGDataset/img/T2_1486.png|iiiii eeeeeeeeeeee eeeeeee eeeee  eeeeeeeeeeeeee
/data3fast/users/mbermudez/de_02/TFGDataset/img/T2_0414.png|geeee                                      eeeeeee
/data3fast/users/mbermudez/de_02/TFGDataset/img/T2_1176.png|ieeeeeeeeeeeeeeeeeeeeeeeeeeeeeeeeeeeeeeeeeeeee
/data3fast/users/mbermudez/de_02/TFGDataset/img/T2_0500.png|geeeeeee                            eeeeee
/data3fast/users/mbermudez/de_02/TFGDataset/img/T2_1243.png|eeeeee  eeeeeeeeeeeeeeeeeeeeeeeeeeeeeeeeeeeeeeeeeeeee
/data3fast/users/mbermudez/de_02/TFGDataset/img/T2_0083.png|uuu  eeeeee                            ttt
/data3fast/users/mbermudez/de_02/TFGDataset/img/T2_0042.png|deeee eeeee eee eee ee e      eeeeee  eeeeeeeeee
/data3fast/users/mbermudez/de_02/TFGDataset/img/T2_1324.png|sshh                                       eeeeeee
/data3fast/users/mbermudez/de_02/TFGDataset/img/T2_0828.png|uun        eeeeeeeeee  e                    
/data3fast/users/mbermudez/de_02/TFGDataset/img/T2_1260.png|eeeee                                ee
/data3fast/users/mbermudez/de_02/TFGDataset/img/T2_0008.png|dd       eeeeeeee     eeeeeeee          eee  ee
/data3fast/users/mbermudez/de_02/TFGDataset/img/T2_0117.png|geeeeeeeeeee   e        e ee   e         eeeeeh
/data3fast/users/mbermudez/de_02/TFGDataset/img/T2_0861.png|mtt            e              eee  eeeeeeeeeee
/data3fast/users/mbermudez/de_02/TFGDataset/img/T2_1119.png|"   eeeeeeeeeeeeeeeee                            ss
/data3fast/users/mbermudez/de_02/TFGDataset/img/T2_1334.png|ss   eeeeeeeeee eeeeeeeeeee   eeeeeeeeeeeeeeeeeeeee
/data3fast/users/mbermudez/de_02/TFGDataset/img/T2_0169.png|deeeeeeee  eeeeeeeeeeee ie    eeeeeeeeeeeee
/data3fast/users/mbermudez/de_02/TFGDataset/img/T2_1390.png|iii                                     eeeseeee
/data3fast/users/mbermudez/de_02/TFGDataset/img/T2_0407.png|uuu  eeeeeeeeeeeeeeee  eeeeeeeeeeee    eeeeeeee
/data3fast/users/mbermudez/de_02/TFGDataset/img/T2_0577.png|deeeeeeeeeeeeeeeeeeeeeeeeeee   eeeeeeee eeeeeeeeeeeeeee
/data3fast/users/mbermudez/de_02/TFGDataset/img/T2_0737.png|dd                                i  i
/data3fast/users/mbermudez/de_02/TFGDataset/img/T2_0162.png|deeeeeeeeeeeeeeeee   e  eeeee e     eeeeee  e eeeeeeeeeeee
/data3fast/users/mbermudez/de_02/TFGDataset/img/T2_1248.png|ieeee                                     aa
/data3fast/users/mbermudez/de_02/TFGDataset/img/T2_1013.png|dee                                           e
/data3fast/users/mbermudez/de_02/TFGDataset/img/T2_0952.png|bbeeeee  ee eeeeee ee  e   ee                    ee
/data3fast/users/mbermudez/de_02/TFGDataset/img/T2_0098.png|sss                                e eeeeeeeee
/data3fast/users/mbermudez/de_02/TFGDataset/img/T2_1083.png|iiiee                                   eeeeeeee
/data3fast/users/mbermudez/de_02/TFGDataset/img/T2_0382.png|aaahheeeeeeeeeeeee  eeeeeee   eeeeeeeeeeeee
/data3fast/users/mbermudez/de_02/TFGDataset/img/T2_1181.png|"e  eeeeeeeeeeeeeee   eeeeeeeeeee  ee    eeeeee
/data3fast/users/mbermudez/de_02/TFGDataset/img/T2_0379.png|dd                                    
/data3fast/users/mbermudez/de_02/TFGDataset/img/T2_1052.png|wiieeeeee   ee     eeeeeee   eee    eeeeeeeeeeeee
/data3fast/users/mbermudez/de_02/TFGDataset/img/T2_0133.png|ttt                                    eeeee
/data3fast/users/mbermudez/de_02/TFGDataset/img/T2_0291.png|seeee    ee     eee                              
/data3fast/users/mbermudez/de_02/TFGDataset/img/T2_0082.png|iiieee      e                          ei eeeeeeeeeeee
/data3fast/users/mbermudez/de_02/TFGDataset/img/T2_0780.png|mre eeeeeeeeeeeeeee
/data3fast/users/mbermudez/de_02/TFGDataset/img/T2_0201.png|sseeeseeeeeeeeeeeeeeeeeeeeeeeeeeeeeeeeeeeeeeeeeeeeeeeeeeeeee
/data3fast/users/mbermudez/de_02/TFGDataset/img/T2_0174.png|deeee             ee        e       eeeeeeeeeeee
/data3fast/users/mbermudez/de_02/TFGDataset/img/T2_0366.png|daa    eeeeeeeeeeeeeeeeeeeeeeeeeeee eeeeeee
/data3fast/users/mbermudez/de_02/TFGDataset/img/T2_0497.png|dd                                       eee
/data3fast/users/mbermudez/de_02/TFGDataset/img/T2_0778.png|iiihh                                     eeeeeeee
/data3fast/users/mbermudez/de_02/TFGDataset/img/T2_1427.png|#  
/data3fast/users/mbermudez/de_02/TFGDataset/img/T2_0846.png|aaneeeeeeeeeeeeeeeeeeeeeeeeeeeeeeeeeeeeeeeeeeeeeeeeeeee
/data3fast/users/mbermudez/de_02/TFGDataset/img/T2_0562.png|mt   eeee  ee
/data3fast/users/mbermudez/de_02/TFGDataset/img/T2_0576.png|geeeeee                                        
/data3fast/users/mbermudez/de_02/TFGDataset/img/T2_0015.png|deeeee eeeeeeeeeee e    e                 ttss
/data3fast/users/mbermudez/de_02/TFGDataset/img/T2_0183.png|sss    eeeeeeeeeeeee e ee eee e eeeeeeeeeeeeeeee
/data3fast/users/mbermudez/de_02/TFGDataset/img/T2_1035.png|chhhh                                        ee
/data3fast/users/mbermudez/de_02/TFGDataset/img/T2_0378.png|"                    ee     e eee    eeeeeeeeeeeeeee
/data3fast/users/mbermudez/de_02/TFGDataset/img/T2_0834.png|iiieeeeeeeeeeeeee   eeeeee  e              s
/data3fast/users/mbermudez/de_02/TFGDataset/img/T2_0602.png|deeeeeeeessssssssssssssssssssssssssssssssssssssssssssssssssssssssssssseeesesssssssssssssssssssssssssesessssssssssssssss
/data3fast/users/mbermudez/de_02/TFGDataset/img/T2_0485.png|beeeeeeeee      eeee eeeeee ee e eeeeeeeeeeeeeeee
/data3fast/users/mbermudez/de_02/TFGDataset/img/T2_0288.png|wii           eeee     eeee ee e       eeeee eeee
/data3fast/users/mbermudez/de_02/TFGDataset/img/T2_0035.png|deeeee  eeeeee         eee        e e eee  eeeeee
/data3fast/users/mbermudez/de_02/TFGDataset/img/T2_0642.png|iiie eeeeeee eeee  e                              
/data3fast/users/mbermudez/de_02/TFGDataset/img/T2_0907.png|weeeeeeeeeeeee    eeeeeee e    e            eeeee e
/data3fast/users/mbermudez/de_02/TFGDataset/img/T2_0837.png|deeeee                                   ee
/data3fast/users/mbermudez/de_02/TFGDataset/img/T2_1192.png|oo     eeeeeeeeee eeee ee e   eee eeeeeeeeeeeeeeeeeeeeeeeeeeee
/data3fast/users/mbermudez/de_02/TFGDataset/img/T2_0256.png|aaaa     eeeeee     e                   eee
/data3fast/users/mbermudez/de_02/TFGDataset/img/T2_0926.png|deee                                          nn 
/data3fast/users/mbermudez/de_02/TFGDataset/img/T2_1169.png|deeee                                            
/data3fast/users/mbermudez/de_02/TFGDataset/img/T2_0880.png|geee                  ee             t
/data3fast/users/mbermudez/de_02/TFGDataset/img/T2_1474.png|aaa      e  e e                                 
/data3fast/users/mbermudez/de_02/TFGDataset/img/T2_0465.png|uuu         eeeeeeeeee eeeee   eeeeee
/data3fast/users/mbermudez/de_02/TFGDataset/img/T2_0033.png|iiititt     e       ee       e        eeeeeeeeeeeeeeeeee
/data3fast/users/mbermudez/de_02/TFGDataset/img/T2_1177.png|beeeeee                                 eeeeeeeeee
/data3fast/users/mbermudez/de_02/TFGDataset/img/T2_1317.png|de    eeeeeee e                                
/data3fast/users/mbermudez/de_02/TFGDataset/img/T2_0252.png|geeeeeeeee  eeeeeeeeeeeee e  eeeeeeeeeeeeee
/data3fast/users/mbermudez/de_02/TFGDataset/img/T2_0682.png|eeee                                            
/data3fast/users/mbermudez/de_02/TFGDataset/img/T2_1167.png|unn   eeeeeeeeeeeeeeeeeeeee eee eeeeeeeeeeeeeeeeeeee
/data3fast/users/mbermudez/de_02/TFGDataset/img/T2_1481.png|sss                          e   eeeeeee
/data3fast/users/mbermudez/de_02/TFGDataset/img/T2_1361.png|"       eeeeeeeeeee      eeee         eeeeeeeeee
/data3fast/users/mbermudez/de_02/TFGDataset/img/T2_0892.png|nnn     eeeeeeeeeeeeeeeeeeeeeeeeeeeeeeeeeeeeeeeeeeeeee
/data3fast/users/mbermudez/de_02/TFGDataset/img/T2_0495.png|ieeeeeeeee     e     e                  hhhhhhhh
/data3fast/users/mbermudez/de_02/TFGDataset/img/T2_0664.png|iii   eeee   ee eee                      sses
/data3fast/users/mbermudez/de_02/TFGDataset/img/T2_0648.png|nnnn                                       eeee
/data3fast/users/mbermudez/de_02/TFGDataset/img/T2_0118.png|ieeehh   e               e eeeeeeeeeeeeeeeeeeeeeeee
/data3fast/users/mbermudez/de_02/TFGDataset/img/T2_0392.png|itttte eee    e                           
/data3fast/users/mbermudez/de_02/TFGDataset/img/T2_0610.png|dee                                        eee ee
/data3fast/users/mbermudez/de_02/TFGDataset/img/T2_0007.png|deee                  eeeeeeeeeeeeeeeeeeee
/data3fast/users/mbermudez/de_02/TFGDataset/img/T2_0323.png|da                                  ssssss
/data3fast/users/mbermudez/de_02/TFGDataset/img/T2_1303.png|dde      eee     e  eeee      e          eeeeee
/data3fast/users/mbermudez/de_02/TFGDataset/img/T2_0708.png|iiieeeeeee                               eee
/data3fast/users/mbermudez/de_02/TFGDataset/img/T2_0827.png|deeeeeeeeeeee                       eeeeeeeeeeeee
/data3fast/users/mbermudez/de_02/TFGDataset/img/T2_0076.png|deeeeeeeeeeeeeeeeeeeeeeeee e eeeeeeeeeeeeeeeeee
/data3fast/users/mbermudez/de_02/TFGDataset/img/T2_0029.png|heeeeeeee          ee           e e     eeenee
/data3fast/users/mbermudez/de_02/TFGDataset/img/T2_1108.png|geeeee   eeeeeeeeee     ee ee eeeee    eeeet
/data3fast/users/mbermudez/de_02/TFGDataset/img/T2_1039.png|sss                                           ee
/data3fast/users/mbermudez/de_02/TFGDataset/img/T2_0831.png|ssssss      s                                   ee
/data3fast/users/mbermudez/de_02/TFGDataset/img/T2_1023.png|deeeeeeeeeeeeeeeeeeeeeeee       eeee e eee
/data3fast/users/mbermudez/de_02/TFGDataset/img/T2_0885.png|nnn   eeeee eee ee   ee eee     eeeeeeeee
/data3fast/users/mbermudez/de_02/TFGDataset/img/T2_0368.png|mn                 eeeeeee                e      eeeeeee
/data3fast/users/mbermudez/de_02/TFGDataset/img/T2_0261.png|geeeeeeeehhh e        e        e       eeee
/data3fast/users/mbermudez/de_02/TFGDataset/img/T2_0792.png|mn      eeeeeeeeeeeeee                
/data3fast/users/mbermudez/de_02/TFGDataset/img/T2_1112.png|sss                           hhhhhhhhhhhhh
/data3fast/users/mbermudez/de_02/TFGDataset/img/T2_0760.png|unn      ee           eheeeeeeeeeeeeee
/data3fast/users/mbermudez/de_02/TFGDataset/img/T2_0620.png|iiiieeeeeeeeeeeeee e       e     e    eeeeeee
/data3fast/users/mbermudez/de_02/TFGDataset/img/T2_0844.png|aaa      eeeee   eee          e             eeee
/data3fast/users/mbermudez/de_02/TFGDataset/img/T2_1431.png|deeee    ee    ee            sssssssssssss
/data3fast/users/mbermudez/de_02/TFGDataset/img/T2_1104.png|beeee                        eeeeeeeeee
/data3fast/users/mbermudez/de_02/TFGDataset/img/T2_0333.png|oeeeeeeeeeeeeeeeeeeeeeeeeeeee                
/data3fast/users/mbermudez/de_02/TFGDataset/img/T2_1469.png|geeeeee                                    
/data3fast/users/mbermudez/de_02/TFGDataset/img/T2_0606.png|eeeeeeeeeeeeeeeeeeeeeeeeeeeeeeeeeeeeeeeeeeeeee
/data3fast/users/mbermudez/de_02/TFGDataset/img/T2_0545.png|iiieeee   eeeeeeeeeeeeee eeeeeeeeeeeeee eeeeeeeeeeee
/data3fast/users/mbermudez/de_02/TFGDataset/img/T2_1320.png|ss                eeeee ee  eeee  eeeeeeeeeeee
/data3fast/users/mbermudez/de_02/TFGDataset/img/T2_0255.png|"                         eee    e  eeeeee
/data3fast/users/mbermudez/de_02/TFGDataset/img/T2_1103.png|geeeeeeeeeeeeee                  a   aaaaa
/data3fast/users/mbermudez/de_02/TFGDataset/img/T2_1068.png|geeeeeeehh      e         ee     e  eee eeeee
/data3fast/users/mbermudez/de_02/TFGDataset/img/T2_0567.png|dd     ee ee                            seeeeee
/data3fast/users/mbermudez/de_02/TFGDataset/img/T2_0578.png|geeeeeee                                 nnen
/data3fast/users/mbermudez/de_02/TFGDataset/img/T2_1275.png|beeee      eeeeee eeeeeeeeeeeeeeeeee e   eeeeeeeeee
/data3fast/users/mbermudez/de_02/TFGDataset/img/T2_1120.png|iii   eeeeeeeeeeeeeeeeeeeeeee e ee        eee    ee
/data3fast/users/mbermudez/de_02/TFGDataset/img/T2_1478.png|weeeeeeeeeeeeeeeeeee e eeeeeeeeeeeeeeeee
/data3fast/users/mbermudez/de_02/TFGDataset/img/T2_1230.png|aaa  eeeeeeeeeeeeeeeeeeeeeeeeeeeeeeeeeee
/data3fast/users/mbermudez/de_02/TFGDataset/img/T2_0433.png|geeeeeeee ee e                     aa
/data3fast/users/mbermudez/de_02/TFGDataset/img/T2_0651.png|te                                      nnn
/data3fast/users/mbermudez/de_02/TFGDataset/img/T2_0152.png|uuu                         hh  hhhhhh
/data3fast/users/mbermudez/de_02/TFGDataset/img/T2_0045.png|sss                              ii    h
/data3fast/users/mbermudez/de_02/TFGDataset/img/T2_1405.png|mnn       eeeee    eee eeeeeeeeeeeeee
/data3fast/users/mbermudez/de_02/TFGDataset/img/T2_1244.png|hhheeeeeee e e                            
/data3fast/users/mbermudez/de_02/TFGDataset/img/T2_0903.png|"eee e  eeeeee       ee ee   eeeeeeeeeeeeee
/data3fast/users/mbermudez/de_02/TFGDataset/img/T2_1152.png|beee                      e eeeeeeeeeeeee
/data3fast/users/mbermudez/de_02/TFGDataset/img/T2_0683.png|eeeeeeeeeeeeeeeeee  ee  eee   e eeeeeeeeeeee
/data3fast/users/mbermudez/de_02/TFGDataset/img/T2_0167.png|"     eeeee eeeeeeeeee  eee       enene
/data3fast/users/mbermudez/de_02/TFGDataset/img/T2_1000.png|eeeeeeeeeeeeeeeeeeeeeeeeeeeeeeeeeeeeeeeeeeeeee
/data3fast/users/mbermudez/de_02/TFGDataset/img/T2_0309.png|dsssssseeeeeeeee                 eeeeeee
/data3fast/users/mbermudez/de_02/TFGDataset/img/T2_0826.png|iiii      ee  e eeeee eee  eee     eeeeeee       ee
/data3fast/users/mbermudez/de_02/TFGDataset/img/T2_0483.png|ss                                  s eeeee
/data3fast/users/mbermudez/de_02/TFGDataset/img/T2_0507.png|iiiii   eeeeee eee    ee  eeeeee  e   eeeeeeeeee
/data3fast/users/mbermudez/de_02/TFGDataset/img/T2_1186.png|iiii                                    e
/data3fast/users/mbermudez/de_02/TFGDataset/img/T2_0295.png|geeeeeee           e                
/data3fast/users/mbermudez/de_02/TFGDataset/img/T2_1298.png|deeeeeeeeehhhheeeeehhhhhhhheeeeeeeeehhhhhhhh
/data3fast/users/mbermudez/de_02/TFGDataset/img/T2_0494.png|ssss   
/data3fast/users/mbermudez/de_02/TFGDataset/img/T2_0521.png|deeeeee  eee                               
/data3fast/users/mbermudez/de_02/TFGDataset/img/T2_1114.png|iiiii   eeeeeeeee        eee e                 e
/data3fast/users/mbermudez/de_02/TFGDataset/img/T2_0119.png|lhh                    nn    n   n n
/data3fast/users/mbermudez/de_02/TFGDataset/img/T2_0328.png|diee     tttttt
/data3fast/users/mbermudez/de_02/TFGDataset/img/T2_1004.png|hhheeeeeeeee  eeee  e  eeeeeeeeeeeeeeeeeeeeeeee
/data3fast/users/mbermudez/de_02/TFGDataset/img/T2_1156.png|eeeeeeeeeeee    eeeee e     eee             
/data3fast/users/mbermudez/de_02/TFGDataset/img/T2_1256.png|deee    eeeeeeeeee                      
/data3fast/users/mbermudez/de_02/TFGDataset/img/T2_0916.png|eeeee                eeeeeeeeeeeeeeeeeeeeeeeeeee
/data3fast/users/mbermudez/de_02/TFGDataset/img/T2_0021.png|aaaeeeeeeeeeeeeeeeeeeeeeeeeeeeeeeeeeeeeee
/data3fast/users/mbermudez/de_02/TFGDataset/img/T2_0336.png|heeeee                                    ttt
/data3fast/users/mbermudez/de_02/TFGDataset/img/T2_1269.png|iiiiieeeeeeeeeeeeeeeeeeeeeeeeee    ieeeeei iiii
/data3fast/users/mbermudez/de_02/TFGDataset/img/T2_1322.png|eeeeeeeee                                   d
/data3fast/users/mbermudez/de_02/TFGDataset/img/T2_0079.png|iiieeeeeeeeeeeeeeeeee                      neee
/data3fast/users/mbermudez/de_02/TFGDataset/img/T2_0044.png|weeee                                    ee
/data3fast/users/mbermudez/de_02/TFGDataset/img/T2_1341.png|dieeeeeeeeeeeeeeeeeeeeeeeeeeeeeeeeeeeeeeeeeeeeeeeeeeee
/data3fast/users/mbermudez/de_02/TFGDataset/img/T2_0796.png|iieeeeeee            ee          eee  eeeeeeeeeeeeee
/data3fast/users/mbermudez/de_02/TFGDataset/img/T2_1290.png|bbe       e     e  ee     ee ee      eeeee dd
/data3fast/users/mbermudez/de_02/TFGDataset/img/T2_0278.png|oeeeeeeeeeeeeeeeeeeeeeeeeeeeeeeee  eeeee ee eeeeeeee
/data3fast/users/mbermudez/de_02/TFGDataset/img/T2_0980.png|seeeeeeeeeeeeeeeeeeee         ee                tt
/data3fast/users/mbermudez/de_02/TFGDataset/img/T2_1370.png|nnn    eeeeeeeeeeeeeeeeeeeeeeeeeeeeeeeeeeeeeeee
/data3fast/users/mbermudez/de_02/TFGDataset/img/T2_1417.png|hhhee                                  t
/data3fast/users/mbermudez/de_02/TFGDataset/img/T2_0515.png|aaa                                  eeeeeeee
/data3fast/users/mbermudez/de_02/TFGDataset/img/T2_1423.png|"     eeeeeeeeee eeeee   e     eeee  eeee
/data3fast/users/mbermudez/de_02/TFGDataset/img/T2_1435.png|miii  eeeee                        aaaasssss
/data3fast/users/mbermudez/de_02/TFGDataset/img/T2_0741.png|#  
/data3fast/users/mbermudez/de_02/TFGDataset/img/T2_1259.png|#  
/data3fast/users/mbermudez/de_02/TFGDataset/img/T2_0634.png|"        eeeeeeeeeeeeeeeeeeeeeeeeeeeeeeeeeee
/data3fast/users/mbermudez/de_02/TFGDataset/img/T2_0424.png|ieeeee             e                  h  hhhttt
/data3fast/users/mbermudez/de_02/TFGDataset/img/T2_0905.png|ggeee                         nnnnnn
/data3fast/users/mbermudez/de_02/TFGDataset/img/T2_0838.png|hhhhh                              eeeeeeeeeeeeee
/data3fast/users/mbermudez/de_02/TFGDataset/img/T2_1101.png|deeeee                           e  e eeeee
/data3fast/users/mbermudez/de_02/TFGDataset/img/T2_1010.png|geeeeee         eeeee  eeeeeeeeeeeeeeeeeeeeee
/data3fast/users/mbermudez/de_02/TFGDataset/img/T2_1046.png|eeee         ttttt
/data3fast/users/mbermudez/de_02/TFGDataset/img/T2_1134.png|ttt        eeeeeeeeeeeeeeeeeeeeeeeeeeeeeeeee
/data3fast/users/mbermudez/de_02/TFGDataset/img/T2_1282.png|sss                                 sssss  ee s 
/data3fast/users/mbermudez/de_02/TFGDataset/img/T2_0894.png|deeeeeeeeeeeeeeeeeeeeeeeeeeeeeeeeeeeeeee ee  eeennnn
/data3fast/users/mbermudez/de_02/TFGDataset/img/T2_0298.png|nnn    eeeeeeeeee e   eeeeeeeeeeeeeeeeeeeeeeeeeeeeeeee
/data3fast/users/mbermudez/de_02/TFGDataset/img/T2_1199.png|mnn    eeeeeeeee    e                       tt
/data3fast/users/mbermudez/de_02/TFGDataset/img/T2_0709.png|deeeeeeeeeeeeeeeeeeeeeeeeeeeeeeeeeeeeeeeeeeeeeeeeeee
/data3fast/users/mbermudez/de_02/TFGDataset/img/T2_0129.png|#  
/data3fast/users/mbermudez/de_02/TFGDataset/img/T2_0871.png|geeeeeeeee                                     de
/data3fast/users/mbermudez/de_02/TFGDataset/img/T2_1367.png|"  eeeeeeeeeee e e    e ee e   e  heeeeeeeieeee
/data3fast/users/mbermudez/de_02/TFGDataset/img/T2_0688.png|wiieee  eeeeee eee         e eeee  eee e    eee e eee
/data3fast/users/mbermudez/de_02/TFGDataset/img/T2_0062.png|tttt        ee eeeeeeeeeeeeeeeeeeeeeeeeeeeeeeeeeeeee
/data3fast/users/mbermudez/de_02/TFGDataset/img/T2_1343.png|nnn         eeeeeeeeee    eeeeeeeeee eeeeeeeeeeeeeeeee
/data3fast/users/mbermudez/de_02/TFGDataset/img/T2_0161.png|aaa         eeee e ee                  ee eesss
/data3fast/users/mbermudez/de_02/TFGDataset/img/T2_1442.png|dieeeee                                         
/data3fast/users/mbermudez/de_02/TFGDataset/img/T2_0554.png|geeeeeeeeeeeeeeeeeee      e ee eeeeeeee   eeeeeeeeeeeeeee
/data3fast/users/mbermudez/de_02/TFGDataset/img/T2_1251.png|beeeeeeeeeeeeeeeeeeeeeeeeeeeeeeeeeeeeeeeeeee
/data3fast/users/mbermudez/de_02/TFGDataset/img/T2_0001.png|geeeee        eeeeee    eeeeeeeeeeeeeeeeeesssssseee
/data3fast/users/mbermudez/de_02/TFGDataset/img/T2_1378.png|oe                                         hhhhh
/data3fast/users/mbermudez/de_02/TFGDataset/img/T2_0303.png|de                                            
/data3fast/users/mbermudez/de_02/TFGDataset/img/T2_0404.png|deeeeeeeeee
/data3fast/users/mbermudez/de_02/TFGDataset/img/T2_0388.png|mur  eeeeeeeeeeeeee  ee           eee       eee    tttee
/data3fast/users/mbermudez/de_02/TFGDataset/img/T2_0875.png|eeee         e  eeee               e eeeeeeee
/data3fast/users/mbermudez/de_02/TFGDataset/img/T2_0208.png|dd   eeeeeeeeeee    ee            e iei   
/data3fast/users/mbermudez/de_02/TFGDataset/img/T2_1455.png|unn eeeeeeeeeeeeeeeeee   eeeee  e eeeeeeeeeeeeee
/data3fast/users/mbermudez/de_02/TFGDataset/img/T2_0604.png|shhhe             tttttt
/data3fast/users/mbermudez/de_02/TFGDataset/img/T2_0331.png|#    
/data3fast/users/mbermudez/de_02/TFGDataset/img/T2_1397.png|daa                             e eeeee
/data3fast/users/mbermudez/de_02/TFGDataset/img/T2_0681.png|deeee                         eeeeeeeeeeeeeeeeeee
/data3fast/users/mbermudez/de_02/TFGDataset/img/T2_0677.png|aaas    eeeeeeeeeeeeeeeeeeeeeeeeeeeeeeeeeeee
/data3fast/users/mbermudez/de_02/TFGDataset/img/T2_0458.png|dd                                    e   ee ee eeeee
/data3fast/users/mbermudez/de_02/TFGDataset/img/T2_1020.png|#  
/data3fast/users/mbermudez/de_02/TFGDataset/img/T2_0016.png|geeeeeeeeeeeeee
/data3fast/users/mbermudez/de_02/TFGDataset/img/T2_0286.png|#   
/data3fast/users/mbermudez/de_02/TFGDataset/img/T2_1386.png|ddd        eeee ee  eeee eeee     ee   e     eeeee
/data3fast/users/mbermudez/de_02/TFGDataset/img/T2_0984.png|diee     e   e                                      eeee
/data3fast/users/mbermudez/de_02/TFGDataset/img/T2_0746.png|ggeeeeeeeeeeeee e   eee      e     eeeeeeeeee
/data3fast/users/mbermudez/de_02/TFGDataset/img/T2_1408.png|#    eeeeee tt
/data3fast/users/mbermudez/de_02/TFGDataset/img/T2_0239.png|"      eeeeee eeeeeeeee
/data3fast/users/mbermudez/de_02/TFGDataset/img/T2_1048.png|eeeeeeeeeeeeeeeeeeee  eeeeeeeeeeee ee  e    eee  eeeeeee
/data3fast/users/mbermudez/de_02/TFGDataset/img/T2_1333.png|deeeeeeeeeeeeeeeeeeeeeeeeeeeeeeeeeeeeeeeeeeeeeeeeee
/data3fast/users/mbermudez/de_02/TFGDataset/img/T2_0619.png|deeeeeeeeeeeeeeeeeeee     ee                     eee
/data3fast/users/mbermudez/de_02/TFGDataset/img/T2_0127.png|daa     eeeeeeeeeeeeeeeeeeeeeeeeeeeeeeeeeeeeeeeeeeeee
/data3fast/users/mbermudez/de_02/TFGDataset/img/T2_1425.png|sttt          eeeeeeee eee  ee  e eeeeeeeeeee
/data3fast/users/mbermudez/de_02/TFGDataset/img/T2_0425.png|tttt         ee  eeeeeeeeeeeeeeeeeeeeeeeeeeee
/data3fast/users/mbermudez/de_02/TFGDataset/img/T2_1329.png|sshhh                                           eee
/data3fast/users/mbermudez/de_02/TFGDataset/img/T2_0173.png|beeee                       e      i i e
/data3fast/users/mbermudez/de_02/TFGDataset/img/T2_1065.png|aaeeeeeeeeeeeeee     e        eee               en
/data3fast/users/mbermudez/de_02/TFGDataset/img/T2_0440.png|dde                        t
/data3fast/users/mbermudez/de_02/TFGDataset/img/T2_0104.png|nnn                                               e
/data3fast/users/mbermudez/de_02/TFGDataset/img/T2_0369.png|iiiiieee   eeeeeeeeeeeeeeeeee                     s
/data3fast/users/mbermudez/de_02/TFGDataset/img/T2_1416.png|deeeee                                      ee
/data3fast/users/mbermudez/de_02/TFGDataset/img/T2_0442.png|ooo  eeeeeeeeeeeeeeeee  eeeeee  eeeeeee eeeeeeeeeeeeee
/data3fast/users/mbermudez/de_02/TFGDataset/img/T2_0269.png|wleeeeeeeeeeeeeeeeeeeeeeeeeeeeeeeeeeeeeeeeeeee
/data3fast/users/mbermudez/de_02/TFGDataset/img/T2_1029.png|aaa   e eeeeeeeeeeeee eee    eeeeeee eeeeeeeeeeeeeeeeee
/data3fast/users/mbermudez/de_02/TFGDataset/img/T2_0206.png|unnn  eeeeeeeeeee    ee                   
/data3fast/users/mbermudez/de_02/TFGDataset/img/T2_0372.png|deeeee   e   e     e    e  e       eeeeeeeeeeeee
/data3fast/users/mbermudez/de_02/TFGDataset/img/T2_0046.png|deee                                e eeeeeee
/data3fast/users/mbermudez/de_02/TFGDataset/img/T2_0789.png|daa  eeeeeeeeeeeeeeeeeeeeeeeeeeeeeeeeeeeeeeee
/data3fast/users/mbermudez/de_02/TFGDataset/img/T2_0450.png|sss                                  eeeeeeee
/data3fast/users/mbermudez/de_02/TFGDataset/img/T2_1002.png|eeeeeeeeeeeeeeeeeeeeeeeeeeeeeeee eeetttttttttttt
/data3fast/users/mbermudez/de_02/TFGDataset/img/T2_1189.png|wweeeeeeeee     e                e      eeeeeeee
/data3fast/users/mbermudez/de_02/TFGDataset/img/T2_1464.png|eeee                                            
/data3fast/users/mbermudez/de_02/TFGDataset/img/T2_0962.png|iitt             eeee e    eeeeeeeeeeeeeeeeeeeeeeeeeeeee
/data3fast/users/mbermudez/de_02/TFGDataset/img/T2_0130.png|heeeeeeeeeeeeeeee                                ssss
/data3fast/users/mbermudez/de_02/TFGDataset/img/T2_1462.png|nnnn                                      ee
/data3fast/users/mbermudez/de_02/TFGDataset/img/T2_0267.png|deee                                             
/data3fast/users/mbermudez/de_02/TFGDataset/img/T2_1125.png|ggeee                    e            e   eee      eee
/data3fast/users/mbermudez/de_02/TFGDataset/img/T2_0557.png|beee                    ee      nnnnnn nnn
/data3fast/users/mbermudez/de_02/TFGDataset/img/T2_1084.png|aaaa                                           
/data3fast/users/mbermudez/de_02/TFGDataset/img/T2_0697.png|hhh           eee  e    ee    e              eeeee
/data3fast/users/mbermudez/de_02/TFGDataset/img/T2_0815.png|deeeeeeeeeeeeeeee  eeee   ee eee eeeeeeeeeeeeee
/data3fast/users/mbermudez/de_02/TFGDataset/img/T2_1348.png|dd   sss         tt
/data3fast/users/mbermudez/de_02/TFGDataset/img/T2_0254.png|"    eeeeeeeee                tt
/data3fast/users/mbermudez/de_02/TFGDataset/img/T2_0486.png|dd                                         e  hhhh
/data3fast/users/mbermudez/de_02/TFGDataset/img/T2_0659.png|eeeeee                                   eee
/data3fast/users/mbermudez/de_02/TFGDataset/img/T2_1501.png|siheeeeeeeeeeeeeeeeeeeeeeeeeeeeeeeeeeeeeeeeeeeeeeeeeeeee
/data3fast/users/mbermudez/de_02/TFGDataset/img/T2_0265.png|iii     eee                                      
/data3fast/users/mbermudez/de_02/TFGDataset/img/T2_0326.png|aaaee                                      s ssss
/data3fast/users/mbermudez/de_02/TFGDataset/img/T2_1178.png|dde                      e            ttttttttt
/data3fast/users/mbermudez/de_02/TFGDataset/img/T2_1190.png|sss             e           e        eeeeeeeee
/data3fast/users/mbermudez/de_02/TFGDataset/img/T2_0059.png|beee           eee   e  eeee  e  ee e eeeeeeeeee
/data3fast/users/mbermudez/de_02/TFGDataset/img/T2_0432.png|#eeeeee tttttt
/data3fast/users/mbermudez/de_02/TFGDataset/img/T2_0121.png|"                            eeeeeeeeee
/data3fast/users/mbermudez/de_02/TFGDataset/img/T2_1091.png|eeeeeee    eeeeeeeeeeeeeee eee  eeeeeeeeeeeeeeeeeeeeeeeeeeee
/data3fast/users/mbermudez/de_02/TFGDataset/img/T2_0204.png|# 
/data3fast/users/mbermudez/de_02/TFGDataset/img/T2_0617.png|ttt                          eee eeeeeeeeeeeeeeeee
/data3fast/users/mbermudez/de_02/TFGDataset/img/T2_0876.png|meeeeeeeeeeeeeeeee    i         i   ttthttt
/data3fast/users/mbermudez/de_02/TFGDataset/img/T2_0791.png|ssss                                        tt
/data3fast/users/mbermudez/de_02/TFGDataset/img/T2_0390.png|ssseeeeeeeeeeeeeeeeeeeeeeeeeeeee  e eeee   eeeeeeeee
/data3fast/users/mbermudez/de_02/TFGDataset/img/T2_0209.png|iii  eeeeeeeeeeeeeee      ee                a
/data3fast/users/mbermudez/de_02/TFGDataset/img/T2_0847.png|# 
/data3fast/users/mbermudez/de_02/TFGDataset/img/T2_0054.png|mn              
/data3fast/users/mbermudez/de_02/TFGDataset/img/T2_0749.png|deeeeeeee e   eeeeeeeeeeeeeeeeeeeeeeeeeeeeeeeeeeee
/data3fast/users/mbermudez/de_02/TFGDataset/img/T2_1412.png|daa                           s   s     shhhhhhhhhh
/data3fast/users/mbermudez/de_02/TFGDataset/img/T2_1215.png|sshhhheeeeee  eeeee   eeeeee  ee eeeeeeeeee
/data3fast/users/mbermudez/de_02/TFGDataset/img/T2_0590.png|iiiiii                               ii iiiii
/data3fast/users/mbermudez/de_02/TFGDataset/img/T2_0915.png|lllleeeeeeeeeeeeeeeeeeeeeeeeeeeee       eeeeeee
/data3fast/users/mbermudez/de_02/TFGDataset/img/T2_0281.png|teee                                   sssssss
/data3fast/users/mbermudez/de_02/TFGDataset/img/T2_0313.png|nne         ee  eeee     eeeee eeeeee  eeeeeeeee
/data3fast/users/mbermudez/de_02/TFGDataset/img/T2_1227.png|unn   eeeeeeeeeeeeeeeeeeeeeeeeeeeeeeeeeeeeeeeeeeee
/data3fast/users/mbermudez/de_02/TFGDataset/img/T2_0833.png|eeeee    e e eeee  e                        t
/data3fast/users/mbermudez/de_02/TFGDataset/img/T2_0036.png|www          eee  eeee           ee
/data3fast/users/mbermudez/de_02/TFGDataset/img/T2_0391.png|wwee            e    e                 e   e ee
/data3fast/users/mbermudez/de_02/TFGDataset/img/T2_0920.png|eeeeee eee          eeee  ee   eeeeeeeeeeeee
/data3fast/users/mbermudez/de_02/TFGDataset/img/T2_0406.png|iiii                           iiihihhh
/data3fast/users/mbermudez/de_02/TFGDataset/img/T2_0568.png|hhheee                                 tt
/data3fast/users/mbermudez/de_02/TFGDataset/img/T2_0598.png|eeeeeeeeeee                                  a aa
/data3fast/users/mbermudez/de_02/TFGDataset/img/T2_0553.png|deeeeeeeeeeeeeeeeeeeeeeeeeee  eeeeeeeeeeeeeeeeeeeeee
/data3fast/users/mbermudez/de_02/TFGDataset/img/T2_0280.png|iii                              eeeeeeeeeee
/data3fast/users/mbermudez/de_02/TFGDataset/img/T2_0718.png|dee                                    eeeee
/data3fast/users/mbermudez/de_02/TFGDataset/img/T2_1357.png|iiiii                                            eee
/data3fast/users/mbermudez/de_02/TFGDataset/img/T2_0136.png|aass   eeeee eeeee  eeee eee  e          e ttttt
/data3fast/users/mbermudez/de_02/TFGDataset/img/T2_0229.png|iiihh           eeeeeeeeeeeeeeee   eeeeeeeeeeeeeeeee
/data3fast/users/mbermudez/de_02/TFGDataset/img/T2_0777.png|deeee                                  ee eee
/data3fast/users/mbermudez/de_02/TFGDataset/img/T2_1331.png|mi            sss     ee                             
/data3fast/users/mbermudez/de_02/TFGDataset/img/T2_0904.png|eeeeeeeeeeee eeeeeeeeeeeeeeeeeeeeeeeeeeeeeeeeeee
/data3fast/users/mbermudez/de_02/TFGDataset/img/T2_0990.png|deer         e  ee       eeeeeeeeeeeeeeee
/data3fast/users/mbermudez/de_02/TFGDataset/img/T2_0441.png|mt                                          
/data3fast/users/mbermudez/de_02/TFGDataset/img/T2_0889.png|seeeeeeeeeeeeeeeeeeeeeeeeeeeeeeeeeeeeeeee
/data3fast/users/mbermudez/de_02/TFGDataset/img/T2_1071.png|nii  eeeeeeeeeeeeeeeeeeeeeeeeeeeeeeeeeeeeeeeeeeeeee
/data3fast/users/mbermudez/de_02/TFGDataset/img/T2_0398.png|mm                            ee  ssssseeeee
/data3fast/users/mbermudez/de_02/TFGDataset/img/T2_1089.png|nnnneeeeeeeeeeeeeeeeeeeeeeeeeeeeeeeeeeeeeeeeeeeee
/data3fast/users/mbermudez/de_02/TFGDataset/img/T2_1079.png|ggeeeeeeeee ee eeee            e  eeee
/data3fast/users/mbermudez/de_02/TFGDataset/img/T2_0464.png|sieeee                                     eeee ee
/data3fast/users/mbermudez/de_02/TFGDataset/img/T2_1404.png|ssss                                        eee
/data3fast/users/mbermudez/de_02/TFGDataset/img/T2_0798.png|eeeeeee   eeeee     eeeeeeeeeeeeee
/data3fast/users/mbermudez/de_02/TFGDataset/img/T2_0436.png|d     eeeeeeeeeeeeeeeeeeeeeeeeeeeeeeeeeeeeeeeeeee
/data3fast/users/mbermudez/de_02/TFGDataset/img/T2_0466.png|eeeee                           ee   e eeeeeeeeeeeee
/data3fast/users/mbermudez/de_02/TFGDataset/img/T2_1179.png|dd     eeee                                   
/data3fast/users/mbermudez/de_02/TFGDataset/img/T2_0869.png|ssss         eeeeeeeeeeeeeeeeeeeeeeeeeee
/data3fast/users/mbermudez/de_02/TFGDataset/img/T2_0921.png|dd                 s      tttttt
/data3fast/users/mbermudez/de_02/TFGDataset/img/T2_0065.png|dde                                      heeeehh
/data3fast/users/mbermudez/de_02/TFGDataset/img/T2_1354.png|wiiee                             aa aaa
/data3fast/users/mbermudez/de_02/TFGDataset/img/T2_0282.png|weeeeeeeeeeeeeeeeeeeeeee eeeee  eeeeee   eeeee
/data3fast/users/mbermudez/de_02/TFGDataset/img/T2_1371.png|dd                                                  
/data3fast/users/mbermudez/de_02/TFGDataset/img/T2_1238.png|dnn   eeeeeeeeeeeeeeeeeeeee eee eee       ee eeeeee
/data3fast/users/mbermudez/de_02/TFGDataset/img/T2_0850.png|iiiieeeeeeeeeeeeeeeeeeeeeeeee
/data3fast/users/mbermudez/de_02/TFGDataset/img/T2_0731.png|ooo      eeeeeeeeeeeeeeeeeeeeeeeeeeeeeeeee
/data3fast/users/mbermudez/de_02/TFGDataset/img/T2_0668.png|iiiieeeeeeeeeeeeeeeeeeeee e        e  ieetttt
/data3fast/users/mbermudez/de_02/TFGDataset/img/T2_0193.png|ooe               e     e  eee eeeeee  eeeeee
/data3fast/users/mbermudez/de_02/TFGDataset/img/T2_1092.png|daaa                        aa           aaas  
/data3fast/users/mbermudez/de_02/TFGDataset/img/T2_0891.png|eeee               eeee         ss    sssssssssses
/data3fast/users/mbermudez/de_02/TFGDataset/img/T2_0514.png|dass s sseeeeeeeeeeeeeseeeeeeee eeeee     eee seeeeeeee
/data3fast/users/mbermudez/de_02/TFGDataset/img/T2_1207.png|eeee                      hhhehh heeeeeeeehhhhh
/data3fast/users/mbermudez/de_02/TFGDataset/img/T2_0666.png|deeeeeeeeeeeeeeeee        ee  ee          eeeeeeeee
/data3fast/users/mbermudez/de_02/TFGDataset/img/T2_0716.png|iiihhheeee  hhhhhh h                           sseee
/data3fast/users/mbermudez/de_02/TFGDataset/img/T2_1220.png|iiii                                 
/data3fast/users/mbermudez/de_02/TFGDataset/img/T2_0354.png|ihhhheeeeeeeeee eeeee  eee  eeee                
/data3fast/users/mbermudez/de_02/TFGDataset/img/T2_1253.png|bbse                           
/data3fast/users/mbermudez/de_02/TFGDataset/img/T2_1284.png|deeeee                                  a     a
/data3fast/users/mbermudez/de_02/TFGDataset/img/T2_0103.png|#  
/data3fast/users/mbermudez/de_02/TFGDataset/img/T2_0306.png|"           e         eeeee                 ee eeet
/data3fast/users/mbermudez/de_02/TFGDataset/img/T2_0656.png|mme     eeeeeeeeeeeeeeeeeeeeeeeeeeeeeeeeeeeeeeeeeeeeeee
/data3fast/users/mbermudez/de_02/TFGDataset/img/T2_0437.png|wiiee                                     hhhh
/data3fast/users/mbermudez/de_02/TFGDataset/img/T2_0188.png|aaeeeeeeeeeeeeeeeeeeeeeeeeeeeeeeeeeeeeeeeeeeeeeeee
/data3fast/users/mbermudez/de_02/TFGDataset/img/T2_0955.png|wwot                  eeeeee       eee  eeee eeeeeee
/data3fast/users/mbermudez/de_02/TFGDataset/img/T2_0106.png|"             e    e eee   eeessseeeee
/data3fast/users/mbermudez/de_02/TFGDataset/img/T2_0058.png|deee    eeeee eee     eeeeee   ee          eeeeeeeeeeee
/data3fast/users/mbermudez/de_02/TFGDataset/img/T2_1461.png|deeee     e          e               ee    eeeeeee
/data3fast/users/mbermudez/de_02/TFGDataset/img/T2_1296.png|iii                                       eeeee
/data3fast/users/mbermudez/de_02/TFGDataset/img/T2_1399.png|mm   eeeeeeeeeeeeeeeeee                           
/data3fast/users/mbermudez/de_02/TFGDataset/img/T2_0019.png|iihhhh eeeeeeeeeeeeeeeeeeeeeeeeeeeeeeeeeeeeeeeeee
/data3fast/users/mbermudez/de_02/TFGDataset/img/T2_0430.png|ahhhh                                         
/data3fast/users/mbermudez/de_02/TFGDataset/img/T2_0247.png|aaaa      e      eee eeee  e e ee  eeee  eeeeeeeee
/data3fast/users/mbermudez/de_02/TFGDataset/img/T2_1135.png|geeeeee               ee  e    e  eeeeeeee
/data3fast/users/mbermudez/de_02/TFGDataset/img/T2_0132.png|eeeeeeeeeeee       eee                eeeeeeeeeeeeeeeeeeee
/data3fast/users/mbermudez/de_02/TFGDataset/img/T2_1465.png|aaa                                            
/data3fast/users/mbermudez/de_02/TFGDataset/img/T2_1261.png|deeeeeeeeeeeeeeee eeeeeeeeeeeeeeeeeeeeeeeeeeee
/data3fast/users/mbermudez/de_02/TFGDataset/img/T2_0537.png|"                    e            e  eeeeeee
/data3fast/users/mbermudez/de_02/TFGDataset/img/T2_0091.png|uuu                                  eeeeeee
/data3fast/users/mbermudez/de_02/TFGDataset/img/T2_0597.png|deee        e  eeeeeeeeee eeeeeeeeee   ee      ett
/data3fast/users/mbermudez/de_02/TFGDataset/img/T2_0142.png|wiii                                        a
/data3fast/users/mbermudez/de_02/TFGDataset/img/T2_0344.png|nnn                                            ee
/data3fast/users/mbermudez/de_02/TFGDataset/img/T2_0898.png|ggeeeeeeeeeeeeeeeeeeeeeeeeeeeeeeeeeeeeeeeeeeeeeeeeeeeee
/data3fast/users/mbermudez/de_02/TFGDataset/img/T2_0381.png|deeeeeeeeeeeeeeeeeeeeeeeeeeeehheheehhhh   hhhhhhhh     hhhhhh
/data3fast/users/mbermudez/de_02/TFGDataset/img/T2_0051.png|hhhhhh             e                       ee eeeeeee
/data3fast/users/mbermudez/de_02/TFGDataset/img/T2_1500.png|beeeeeeeeee eeeeeeeeeeeeeeeee  eeeeeeeeeeeeeeeeee
/data3fast/users/mbermudez/de_02/TFGDataset/img/T2_0853.png|"      essss  eeee                              a 
/data3fast/users/mbermudez/de_02/TFGDataset/img/T2_1064.png|aaaa                                               h
/data3fast/users/mbermudez/de_02/TFGDataset/img/T2_1001.png|geeeeeee    seeeeeeeeeeeeeeeeeeee  ee eeeeeeeeeeeeess
/data3fast/users/mbermudez/de_02/TFGDataset/img/T2_0455.png|uun                   h   hh hhhhhhhhhhhhhhhhhhhhh
/data3fast/users/mbermudez/de_02/TFGDataset/img/T2_0667.png|ssseeeee      e ee eeee      eeeee  ee  eeeeeeeeeeeeeeeeee
/data3fast/users/mbermudez/de_02/TFGDataset/img/T2_1430.png|der                                   eee
/data3fast/users/mbermudez/de_02/TFGDataset/img/T2_0111.png|aaeeeeeeeeee     ss                                a  a 
/data3fast/users/mbermudez/de_02/TFGDataset/img/T2_0851.png|nnnneeeeeeeeeee               ee ee   eeeeeeeeeeeeeeeee
/data3fast/users/mbermudez/de_02/TFGDataset/img/T2_0057.png|aaaaa             e             ee    eeeeeeeeeeeeeee
/data3fast/users/mbermudez/de_02/TFGDataset/img/T2_0224.png|de                                                  hhhh
/data3fast/users/mbermudez/de_02/TFGDataset/img/T2_0958.png|dee                                        eeeeeeeee
/data3fast/users/mbermudez/de_02/TFGDataset/img/T2_0935.png|tttt                                     eeeeeee
/data3fast/users/mbermudez/de_02/TFGDataset/img/T2_0676.png|# 
/data3fast/users/mbermudez/de_02/TFGDataset/img/T2_0352.png|wee                                           ttt
/data3fast/users/mbermudez/de_02/TFGDataset/img/T2_0498.png|ssss                                     tttttt
/data3fast/users/mbermudez/de_02/TFGDataset/img/T2_0522.png|ggleeeeeeeeeeeeeeeeee eeeeee e eeeee   eee eeeee   
/data3fast/users/mbermudez/de_02/TFGDataset/img/T2_0790.png|sssseeeeeee      eee  ee  ee                         
/data3fast/users/mbermudez/de_02/TFGDataset/img/T2_0090.png|deeeeeeeeeeeeeeeeeeeeeeeeeeeeeeeee e  ee  e
/data3fast/users/mbermudez/de_02/TFGDataset/img/T2_1428.png|eee                                               
/data3fast/users/mbermudez/de_02/TFGDataset/img/T2_1139.png|ii                       e  eeeeeeeeeeeeeeeeeeeeeee
/data3fast/users/mbermudez/de_02/TFGDataset/img/T2_0969.png|eeeeeeeeeeeeee  eeeeeee          eeeeeee eeeeeeeeeeeeeeeeee
/data3fast/users/mbermudez/de_02/TFGDataset/img/T2_0357.png|deeeeeeeeeeeeeeeeeeeeeeeeeeeeeeeeeeeeeeeeeeee
/data3fast/users/mbermudez/de_02/TFGDataset/img/T2_1239.png|"                       ttttt
/data3fast/users/mbermudez/de_02/TFGDataset/img/T2_0678.png|geeeeeeeeeeeeeeeeeeeeeeeeeeeeeeeeeeeeeeeeeeeeeeeeeeeeeeeee
/data3fast/users/mbermudez/de_02/TFGDataset/img/T2_1280.png|iieeeee
/data3fast/users/mbermudez/de_02/TFGDataset/img/T2_0468.png|aaah   eeeeeeeeeeeeeeeeee e ee        e e   eeeeeee
/data3fast/users/mbermudez/de_02/TFGDataset/img/T2_0564.png|woo                                   
/data3fast/users/mbermudez/de_02/TFGDataset/img/T2_0755.png|ihhhh                                    aaa a 
/data3fast/users/mbermudez/de_02/TFGDataset/img/T2_1489.png|nnhh                                        
/data3fast/users/mbermudez/de_02/TFGDataset/img/T2_0543.png|ahhheee           eee ee          eeeeeeeeeeeeeeee
/data3fast/users/mbermudez/de_02/TFGDataset/img/T2_1365.png|beeeeeeeeeeeeeeeeeeeeeeeeeeeeeeeeeeeeeeeeeeeeee
/data3fast/users/mbermudez/de_02/TFGDataset/img/T2_0747.png|mme             eee ee  e ee   ee     eeee   eeeee
/data3fast/users/mbermudez/de_02/TFGDataset/img/T2_1321.png|sseeeeeeeeeeeeeeeeeeeeeeeeeeee           
/data3fast/users/mbermudez/de_02/TFGDataset/img/T2_1475.png|aeeeeeeeeeeeeeeeeeeeeeee eeee  eeeeeeeeeeeeeeeeeeeeee
/data3fast/users/mbermudez/de_02/TFGDataset/img/T2_0000.png|aeeeeeeeeeeeeee e eeeeee  eeeeeeeeeeeeeeeeeeeeeeeee
/data3fast/users/mbermudez/de_02/TFGDataset/img/T2_0706.png|deeeeeeeeeeeeee  e   e    eeeeee  eeeeeeeeeeeeeeeeeee
/data3fast/users/mbermudez/de_02/TFGDataset/img/T2_1278.png|bbee      eee  eeeee  e   eeeee          ee
/data3fast/users/mbermudez/de_02/TFGDataset/img/T2_0825.png|seeeeeeeeeeeeeeeeeeee   eee         eeeeeeeeeee
/data3fast/users/mbermudez/de_02/TFGDataset/img/T2_1078.png|ttttt  
/data3fast/users/mbermudez/de_02/TFGDataset/img/T2_0623.png|ddd       eeeee   ee        e    e  ee   ttt
/data3fast/users/mbermudez/de_02/TFGDataset/img/T2_0848.png|ggeee                                  eeee
/data3fast/users/mbermudez/de_02/TFGDataset/img/T2_0301.png|beeee                                      eeeeee
/data3fast/users/mbermudez/de_02/TFGDataset/img/T2_0114.png|deeee    hh           eeee     e    eeeeeeeeeeeehhh
/data3fast/users/mbermudez/de_02/TFGDataset/img/T2_0605.png|sss      e  e  eee e    e                d  de
/data3fast/users/mbermudez/de_02/TFGDataset/img/T2_1336.png|ihhhh      ttttt
/data3fast/users/mbermudez/de_02/TFGDataset/img/T2_1164.png|aeee     eeeeeeeeeeeeeeeeeeeeeeeeeeeeeeeeeeeeee
/data3fast/users/mbermudez/de_02/TFGDataset/img/T2_0452.png|"                                  hhhhhhhhh
/data3fast/users/mbermudez/de_02/TFGDataset/img/T2_1111.png|oeee                   e                     hhhhhh
/data3fast/users/mbermudez/de_02/TFGDataset/img/T2_0220.png|eeeeeeee   eee eeeee  eeee  eeeeeeeee eeeeeeee
/data3fast/users/mbermudez/de_02/TFGDataset/img/T2_0068.png|tttee                                         nn
/data3fast/users/mbermudez/de_02/TFGDataset/img/T2_0817.png|deeeeeeeeeeeeeeeeeeeeeeeeeeeeeeeeeeeeeeeeeee e  eeeeeeeeee
/data3fast/users/mbermudez/de_02/TFGDataset/img/T2_1492.png|shhhheeeeeeeeeeeee ee  eee    e       e ee  ee eeeeee
/data3fast/users/mbermudez/de_02/TFGDataset/img/T2_0081.png|hhhh     eee eeeeeee  eeeeeeeeeeeeeeeeeeeeeeeeee
/data3fast/users/mbermudez/de_02/TFGDataset/img/T2_0650.png|aaeeeeeeeeeeeeeeeee     e   e      e                h
/data3fast/users/mbermudez/de_02/TFGDataset/img/T2_1187.png|aaa    e  eeeee                                    
/data3fast/users/mbermudez/de_02/TFGDataset/img/T2_1326.png|sss                    e  eee  e       eeeeeeee
/data3fast/users/mbermudez/de_02/TFGDataset/img/T2_0999.png|eeeeeeeeeeeeeeeeeee    eeeeeeeeeee eeeeeeeeeeee
/data3fast/users/mbermudez/de_02/TFGDataset/img/T2_0426.png|sss                                      eeeeee
/data3fast/users/mbermudez/de_02/TFGDataset/img/T2_0914.png|aaaeeeeeeeeeeeeeeeeeeeeeeeeeeeeeeeeeeeeeeeeeeee
/data3fast/users/mbermudez/de_02/TFGDataset/img/T2_0942.png|iiii                      e eeeeeeeeeeee
/data3fast/users/mbermudez/de_02/TFGDataset/img/T2_0759.png|deeee  e  eeeeeeeeeeeeeeeeeeeeeeeeeeeeeeeeee
/data3fast/users/mbermudez/de_02/TFGDataset/img/T2_0670.png|geee                                
/data3fast/users/mbermudez/de_02/TFGDataset/img/T2_1222.png|wlll       eeeeeeeeeeeeeeeeee eeee    ee
/data3fast/users/mbermudez/de_02/TFGDataset/img/T2_0788.png|mma                     ee eeeeeeee
/data3fast/users/mbermudez/de_02/TFGDataset/img/T2_1406.png|deeee                           eeeeeeeeeeeeeeeeeeee
/data3fast/users/mbermudez/de_02/TFGDataset/img/T2_0370.png|#   
/data3fast/users/mbermudez/de_02/TFGDataset/img/T2_1484.png|daaeeeeeeeeeeeeeeeeeeeeeeeeeeeeeeeeeeeeeeeeeeeeeh
/data3fast/users/mbermudez/de_02/TFGDataset/img/T2_1270.png|nnn  eeeeeeeeee   ee  eeeeeeeeeeeeeeeeeeee
/data3fast/users/mbermudez/de_02/TFGDataset/img/T2_0983.png|"                      sssssssssssseeeeese
/data3fast/users/mbermudez/de_02/TFGDataset/img/T2_1388.png|hhhhhh         eee  e                    dddd
/data3fast/users/mbermudez/de_02/TFGDataset/img/T2_0943.png|eeee             e   eeeeeeeeeeeeeeeee
/data3fast/users/mbermudez/de_02/TFGDataset/img/T2_0601.png|beeee                                   t
/data3fast/users/mbermudez/de_02/TFGDataset/img/T2_0234.png|deeeeeeeeeeeeeeeee       ee ee  e eeeee
/data3fast/users/mbermudez/de_02/TFGDataset/img/T2_1286.png|aaa       eeeee eeeeeee eeeeeeeeeeeeeeeeeee
/data3fast/users/mbermudez/de_02/TFGDataset/img/T2_0043.png|dda      eeeeeeeeeeeeeeeeeeeeeeeeeeeeeeeeeeeeee
/data3fast/users/mbermudez/de_02/TFGDataset/img/T2_0217.png|eeee                                   eeeeeeeee
/data3fast/users/mbermudez/de_02/TFGDataset/img/T2_0175.png|sseeeee     ssss       ssssssssss ssssssssssssssssss
/data3fast/users/mbermudez/de_02/TFGDataset/img/T2_0443.png|deeeeeeeeeeeeeeeeeeeeeeeeeeeeeeeeeeeeeeeee
/data3fast/users/mbermudez/de_02/TFGDataset/img/T2_0635.png|deee                                     t
/data3fast/users/mbermudez/de_02/TFGDataset/img/T2_0612.png|aaaa         e     eee   e            eeeee
/data3fast/users/mbermudez/de_02/TFGDataset/img/T2_1200.png|# 
/data3fast/users/mbermudez/de_02/TFGDataset/img/T2_1420.png|eeeee                                       aaaaa
/data3fast/users/mbermudez/de_02/TFGDataset/img/T2_0453.png|uuu                                 
/data3fast/users/mbermudez/de_02/TFGDataset/img/T2_1036.png|gheeeeeeeeeeeeeeee eeeeeeeeeeeeeeeeee eeeeeeeee
/data3fast/users/mbermudez/de_02/TFGDataset/img/T2_0767.png|ss      eeeeeeeeeeeeeeeeeeeeeeeeeeeeeeeeeeeee
/data3fast/users/mbermudez/de_02/TFGDataset/img/T2_0176.png|mi            eeeeeeeeee  ee ee   eeeeeeeeeeeeeeee
/data3fast/users/mbermudez/de_02/TFGDataset/img/T2_0078.png|unn      eeeeeeeee                         
/data3fast/users/mbermudez/de_02/TFGDataset/img/T2_0571.png|beeeeeeee ee eeeeeee     e    eee eeeeee
/data3fast/users/mbermudez/de_02/TFGDataset/img/T2_0071.png|aaaa     e                                 eeee
/data3fast/users/mbermudez/de_02/TFGDataset/img/T2_1276.png|oeeee       e                  e e eeeeee
/data3fast/users/mbermudez/de_02/TFGDataset/img/T2_1184.png|eere              eeee       eeeeeee    eee   e
/data3fast/users/mbermudez/de_02/TFGDataset/img/T2_0732.png|"                    tttt        
/data3fast/users/mbermudez/de_02/TFGDataset/img/T2_0644.png|iieeeeeeeeeeeeeeeeee   e  ee       eeeeeeeeeeee
/data3fast/users/mbermudez/de_02/TFGDataset/img/T2_1366.png|beeee                                        
/data3fast/users/mbermudez/de_02/TFGDataset/img/T2_0893.png|ttttt                                  ht
/data3fast/users/mbermudez/de_02/TFGDataset/img/T2_0039.png|deeeeeeeeeeeeeeee eeeeeeeeeee e  eeeeeee  e eeessssss
/data3fast/users/mbermudez/de_02/TFGDataset/img/T2_1090.png|eeeee  
/data3fast/users/mbermudez/de_02/TFGDataset/img/T2_0549.png|eeeeee  
/data3fast/users/mbermudez/de_02/TFGDataset/img/T2_0685.png|nnnn  eeeeeeeeee eeeee              
/data3fast/users/mbermudez/de_02/TFGDataset/img/T2_0539.png|wlheeesssssssss s    ee  eeeeeeeeeeeeeeeeeeee
/data3fast/users/mbermudez/de_02/TFGDataset/img/T2_0710.png|bbeeeeeeeeeeeeeeeeeeeeeeeeeeeeeeeeeeeeee
/data3fast/users/mbermudez/de_02/TFGDataset/img/T2_0692.png|tteeeeeeeeeee e    eee         eee eeeeeeeeeeeeee
/data3fast/users/mbermudez/de_02/TFGDataset/img/T2_0405.png|aan          eeeeeee    iiieeeeeee
/data3fast/users/mbermudez/de_02/TFGDataset/img/T2_1022.png|deeeeeeeeeeeeeeeeeeeeeeeeeeeeeeeeeeeeeeee
/data3fast/users/mbermudez/de_02/TFGDataset/img/T2_0569.png|ss    eeeeeeeeeeeeeeeeeeeeeeeeeeeeeeeeeeeeeeeeeeeeeeeee
/data3fast/users/mbermudez/de_02/TFGDataset/img/T2_0864.png|maa                                   eeeeee
/data3fast/users/mbermudez/de_02/TFGDataset/img/T2_1271.png|aaaa          e                         ddeeeee
/data3fast/users/mbermudez/de_02/TFGDataset/img/T2_0290.png|eeeeeeeeeeeeeeeeeeeeeeeeeeeeeeeeeeeeeeeeeeeeeeeeeeeee
/data3fast/users/mbermudez/de_02/TFGDataset/img/T2_1158.png|aan     ee eeeeeee  eeee ee                     e
/data3fast/users/mbermudez/de_02/TFGDataset/img/T2_0917.png|# 
/data3fast/users/mbermudez/de_02/TFGDataset/img/T2_0423.png|wwr           eeeeeeeeeeeeeeeeeeeeeeeeeee
/data3fast/users/mbermudez/de_02/TFGDataset/img/T2_0937.png|beeeeeee                                 
/data3fast/users/mbermudez/de_02/TFGDataset/img/T2_1477.png|geeeeee                                      
/data3fast/users/mbermudez/de_02/TFGDataset/img/T2_1024.png|sseee                                     ttt
/data3fast/users/mbermudez/de_02/TFGDataset/img/T2_0771.png|#  
/data3fast/users/mbermudez/de_02/TFGDataset/img/T2_0260.png|iiieee                                 eeeee
/data3fast/users/mbermudez/de_02/TFGDataset/img/T2_1400.png|bbb     
/data3fast/users/mbermudez/de_02/TFGDataset/img/T2_1418.png|geeeeeett
/data3fast/users/mbermudez/de_02/TFGDataset/img/T2_0271.png|mmm                                  eeeeeeee
/data3fast/users/mbermudez/de_02/TFGDataset/img/T2_1105.png|eeeeeee      eee  eeeeee eeeeeeeeeeeeeeeeeeeeeeeee
/data3fast/users/mbermudez/de_02/TFGDataset/img/T2_0786.png|mm       eeeeeeeeeeeeeeeeeeeeeeeeeeeeeeeeeeeeeee
/data3fast/users/mbermudez/de_02/TFGDataset/img/T2_0890.png|neeeeeee   e                                           
/data3fast/users/mbermudez/de_02/TFGDataset/img/T2_0730.png|hhhh     eeee   e    eee e eeeeeeeeeeeeeeeeeeeee
/data3fast/users/mbermudez/de_02/TFGDataset/img/T2_0393.png|sss                                         
/data3fast/users/mbermudez/de_02/TFGDataset/img/T2_1162.png|"                              ss
/data3fast/users/mbermudez/de_02/TFGDataset/img/T2_0276.png|"                             hhhhhhh
/data3fast/users/mbermudez/de_02/TFGDataset/img/T2_1263.png|geeeeeee  e eeeeeeeeeeeeeee   e     eeeeeeeeeeeeeeeee
/data3fast/users/mbermudez/de_02/TFGDataset/img/T2_1210.png|geeeeeeeeeeee e          ee       e    eee   ee
/data3fast/users/mbermudez/de_02/TFGDataset/img/T2_0216.png|ttteeeeeeeeeeeeeee ee  e          ee          e    
/data3fast/users/mbermudez/de_02/TFGDataset/img/T2_1228.png|geeeeeeee       e    eeeeeeeeeee  eeeeeeeeeeeeeee
/data3fast/users/mbermudez/de_02/TFGDataset/img/T2_1495.png|eeee                                         
/data3fast/users/mbermudez/de_02/TFGDataset/img/T2_1346.png|ssss         eee  eeee        e             
/data3fast/users/mbermudez/de_02/TFGDataset/img/T2_0327.png|deeeeeeeeeeeeeeeeeeeeeeeeeeeeeeeeeeeeeeeeeeeeeee
/data3fast/users/mbermudez/de_02/TFGDataset/img/T2_0470.png|eeeeeee    ttt
/data3fast/users/mbermudez/de_02/TFGDataset/img/T2_1154.png|eeeeesss       tt
/data3fast/users/mbermudez/de_02/TFGDataset/img/T2_0451.png|geeeee       e                           eeee
/data3fast/users/mbermudez/de_02/TFGDataset/img/T2_0797.png|weeeee                                ee    ee
/data3fast/users/mbermudez/de_02/TFGDataset/img/T2_1459.png|deeeeeeeeeeeeeeeeeeeeeeeeee     e              eee
/data3fast/users/mbermudez/de_02/TFGDataset/img/T2_1468.png|aaaa             ee   eeeeee eeeee  e   hehhhhhhhhhhh
/data3fast/users/mbermudez/de_02/TFGDataset/img/T2_0012.png|teeeeeee eeeeee   eeeeeee e  eeeeeeeeeeeee
/data3fast/users/mbermudez/de_02/TFGDataset/img/T2_1133.png|tt                    eeeeeeeeeeee    eeeeee
/data3fast/users/mbermudez/de_02/TFGDataset/img/T2_1098.png|ssssssssssssssss  s                  sssssss ssssssss
/data3fast/users/mbermudez/de_02/TFGDataset/img/T2_0447.png|nnn eeeeeeeeeeeeeeeeeeeeeeeeeeeeeeeeeeeeeeeeeeeeeee
/data3fast/users/mbermudez/de_02/TFGDataset/img/T2_0018.png|eeeeeeeeeeeeeeeeeeeeeeeeeeeeeeeeeeeeeeeeeeeeeeeeeeeeee
/data3fast/users/mbermudez/de_02/TFGDataset/img/T2_0305.png|deee                      ee e eeeeeeee eeeeeeeeeeeeeeeeee
/data3fast/users/mbermudez/de_02/TFGDataset/img/T2_0801.png|eeeeee            ee                        eeee
/data3fast/users/mbermudez/de_02/TFGDataset/img/T2_0673.png|aaas    eeee  ee eeeeeeeeeeeeeeeeeeeeeee
/data3fast/users/mbermudez/de_02/TFGDataset/img/T2_0449.png|wwrreeeeeee ee ee                               h
/data3fast/users/mbermudez/de_02/TFGDataset/img/T2_0704.png|# 
/data3fast/users/mbermudez/de_02/TFGDataset/img/T2_0679.png|uuu      eeee    e e              eeeeeeeeeeeee
/data3fast/users/mbermudez/de_02/TFGDataset/img/T2_0192.png|eeeeee          e  e                            e
