/data3fast/users/mbermudez/de_02/TFGDataset/img/T2_1089.png|deee       eee       eee       ee eeee eee
/data3fast/users/mbermudez/de_02/TFGDataset/img/T2_0560.png|aeeeeee          eeee e  e   eeeeeee
/data3fast/users/mbermudez/de_02/TFGDataset/img/T2_0791.png|ssee              e    eeeeeeeeee  ee
/data3fast/users/mbermudez/de_02/TFGDataset/img/T2_0764.png|dd                        eeeeeee   eeeeeee
/data3fast/users/mbermudez/de_02/TFGDataset/img/T2_0191.png|eeeeeee ee      e        ee e  eee eeeeee
/data3fast/users/mbermudez/de_02/TFGDataset/img/T2_0423.png|deeee     eeee  e eeee eee  ee
/data3fast/users/mbermudez/de_02/TFGDataset/img/T2_1243.png|eeeeeee        ee  e     eeeeeeeee eeeeeee
/data3fast/users/mbermudez/de_02/TFGDataset/img/T2_0029.png|eeeeeeee  e eee    eee e e e e eeeeeeee
/data3fast/users/mbermudez/de_02/TFGDataset/img/T2_0378.png|dd                    e ee   eeee  e ee
/data3fast/users/mbermudez/de_02/TFGDataset/img/T2_0834.png|ieeeeeeee         ee     e eeeeeeeeeee
/data3fast/users/mbermudez/de_02/TFGDataset/img/T2_1257.png|dee        e  e e         eeeee  eee   eeeee
/data3fast/users/mbermudez/de_02/TFGDataset/img/T2_0937.png|deee            e   e  e eeeee eee ee
/data3fast/users/mbermudez/de_02/TFGDataset/img/T2_1350.png|eeeee    ee      e e  ee   eeeeeeeee
/data3fast/users/mbermudez/de_02/TFGDataset/img/T2_1325.png|seeee                     e eeee   e  eeeeeee
/data3fast/users/mbermudez/de_02/TFGDataset/img/T2_0042.png|deee                eee      e eeeeeeeeeee
/data3fast/users/mbermudez/de_02/TFGDataset/img/T2_1047.png|seee               e  e       eeee   eeeeeeee
/data3fast/users/mbermudez/de_02/TFGDataset/img/T2_1155.png|deee   e      eee     e  eeee eee eeee
/data3fast/users/mbermudez/de_02/TFGDataset/img/T2_0089.png|deee    e  ee  e     e    eeeeeeeee  eeeee
/data3fast/users/mbermudez/de_02/TFGDataset/img/T2_0156.png|deeee        e    e     e     eeeeeeeeee
/data3fast/users/mbermudez/de_02/TFGDataset/img/T2_1230.png|dde           ee     e    eee eeeeeeee
/data3fast/users/mbermudez/de_02/TFGDataset/img/T2_0865.png|#      eeeeeee
/data3fast/users/mbermudez/de_02/TFGDataset/img/T2_0445.png|deeeeeee          eee      ee   ee    eeeeeee
/data3fast/users/mbermudez/de_02/TFGDataset/img/T2_1321.png|eeeeee eee    ee     eeeeeeeee  eeeeee 
/data3fast/users/mbermudez/de_02/TFGDataset/img/T2_1497.png|eeee       e   eeeee    ee eeeeeeeeee
/data3fast/users/mbermudez/de_02/TFGDataset/img/T2_0917.png|#      eeee
/data3fast/users/mbermudez/de_02/TFGDataset/img/T2_0259.png|deeeee      eeeee    eee   eeeeeee eeee
/data3fast/users/mbermudez/de_02/TFGDataset/img/T2_0387.png|ddeee             ee      eeeeeeeee 
/data3fast/users/mbermudez/de_02/TFGDataset/img/T2_1475.png|eeeeeeee e   eee       ee eeeee  eeeeeeeee
/data3fast/users/mbermudez/de_02/TFGDataset/img/T2_0732.png|d          eee eee eee
/data3fast/users/mbermudez/de_02/TFGDataset/img/T2_0055.png|eeeeeeee     ee   eee   e eeeee ee e
/data3fast/users/mbermudez/de_02/TFGDataset/img/T2_0619.png|deee ee    e  e     ee e   eee e eeee eeeeee
/data3fast/users/mbermudez/de_02/TFGDataset/img/T2_0213.png|ss       eeee      e    e  e eeee ee eeeeeee
/data3fast/users/mbermudez/de_02/TFGDataset/img/T2_0228.png|de      ee      e  ee  e eeeeeeeeeeeeeeee
/data3fast/users/mbermudez/de_02/TFGDataset/img/T2_1143.png|eeeeeeeee   e     e  e  ee e     eeeeeeeee
/data3fast/users/mbermudez/de_02/TFGDataset/img/T2_0875.png|deeeee    e   ee ee     eeeeee eeeee   eeeeeee
/data3fast/users/mbermudez/de_02/TFGDataset/img/T2_0530.png|eeeee    e  eee e ee      eeeeeeeee eeeee
/data3fast/users/mbermudez/de_02/TFGDataset/img/T2_0500.png|eeeeeee      eee     e ee  eeeeeeeeeeee
/data3fast/users/mbermudez/de_02/TFGDataset/img/T2_0477.png|ieeeeeee         ee   eeeeee eeee  eeeee
/data3fast/users/mbermudez/de_02/TFGDataset/img/T2_1301.png|deeeeee   e  eee ee e eeeeeeeeeee  e eeeeeeeeee
/data3fast/users/mbermudez/de_02/TFGDataset/img/T2_1238.png|dde       eeee    eeee  eee e eeeeee eeeee
/data3fast/users/mbermudez/de_02/TFGDataset/img/T2_1223.png|iiee   ee   eee eeeeee eeee     eeeeeee  
/data3fast/users/mbermudez/de_02/TFGDataset/img/T2_0478.png|eeeeeeeeeee  ee  eeee  eeee ee  eee eeeeeee
/data3fast/users/mbermudez/de_02/TFGDataset/img/T2_1442.png|deeee         e e   eee  eeeeee eeeeeeee
/data3fast/users/mbermudez/de_02/TFGDataset/img/T2_1285.png|ddee     e e   e    e eeeeeee  eee eeeeeee
/data3fast/users/mbermudez/de_02/TFGDataset/img/T2_1284.png|deeeee   e e     eee e       eeeeeeeeeeee
/data3fast/users/mbermudez/de_02/TFGDataset/img/T2_0067.png|sseee     eeeee ee   eeeeeeeeeee eeeeeee
/data3fast/users/mbermudez/de_02/TFGDataset/img/T2_0635.png|dde         e eee    eeeeeeeee e
/data3fast/users/mbermudez/de_02/TFGDataset/img/T2_0353.png|d      ee e ee     eeeee     eeeeeeeee ee
/data3fast/users/mbermudez/de_02/TFGDataset/img/T2_1490.png|dd     e e        eeeeee    e  eeeeeeee e eeeee
/data3fast/users/mbermudez/de_02/TFGDataset/img/T2_0961.png|deeee e ee ee  e e          eeeeeeee eeeeeeeeeeeee
/data3fast/users/mbermudez/de_02/TFGDataset/img/T2_0348.png|dd     e  e        eeeee eee  e  eee eeeeeeeeeee
/data3fast/users/mbermudez/de_02/TFGDataset/img/T2_0127.png|deeeee   ee e   e e e   eeee     eeeeeeeeeeeeeeeeee
/data3fast/users/mbermudez/de_02/TFGDataset/img/T2_0018.png|eeeeeee  e     e e   eeeeeee  e eee eeeeeeeeeeee eeee
/data3fast/users/mbermudez/de_02/TFGDataset/img/T2_0307.png|eeeeeee eeee     eeeee    e ee e e    eeeeeeeeeeeeeeeee
/data3fast/users/mbermudez/de_02/TFGDataset/img/T2_1240.png|deee    eee  eeee eeeeeee    ee  eeeee eeeeeeeeeeeeeeeee eee
/data3fast/users/mbermudez/de_02/TFGDataset/img/T2_0550.png|deeeeee     ee        ee e      eeeeeeeeeeeeeeeeee
/data3fast/users/mbermudez/de_02/TFGDataset/img/T2_0694.png|eeeeee ee eeee  eee  e   e     e     eee     eeeeeeee eeeeee
/data3fast/users/mbermudez/de_02/TFGDataset/img/T2_0647.png|d        ee      ee  e  eeeee  ee    eeeeeeeeeeeeeee
/data3fast/users/mbermudez/de_02/TFGDataset/img/T2_0079.png|deeeeeeeeee    ee   eeeeee    eeeee   eeeeeeeeeeeeee
/data3fast/users/mbermudez/de_02/TFGDataset/img/T2_0189.png|eeeeee     e  ee    e   eeeeee e e  e   eeeeeeeeeeeeeeee
/data3fast/users/mbermudez/de_02/TFGDataset/img/T2_0142.png|eeeeeeeeee     ee   eeeeeeee  e eeeeeeee  eee
/data3fast/users/mbermudez/de_02/TFGDataset/img/T2_1471.png|seeeeee  eeee  e eee  ee  eee ee   eee eee e  eeeeeeeeeeeeeeee
/data3fast/users/mbermudez/de_02/TFGDataset/img/T2_0873.png|ieeeeeeeeee     eee  e  ee    e eee e   eeeeeeeeeeeeeee ee
/data3fast/users/mbermudez/de_02/TFGDataset/img/T2_1448.png|eeeeeeee      e   e e  ee  e   eeeeeeeeeeeeeeeeeeeee
/data3fast/users/mbermudez/de_02/TFGDataset/img/T2_1267.png|ddee     ee            e    eeee  ee eeeeeee eeeeeeeee
/data3fast/users/mbermudez/de_02/TFGDataset/img/T2_0457.png|deeeeeee        eee     e e  ee eeeeeeee  e eeee eeeeeeeeeeeeeeee
/data3fast/users/mbermudez/de_02/TFGDataset/img/T2_0053.png|seee    eee      eeee      e   eeee     eeeee eeeee eeeeeeeeeeee
/data3fast/users/mbermudez/de_02/TFGDataset/img/T2_1298.png|deeee       eee      e e e     eeeeeeeeeee   eeeeee eeeeeeeee
/data3fast/users/mbermudez/de_02/TFGDataset/img/T2_1099.png|eeeeeeeeee   ee  eeeeee e   ee eeeeeee    e ee   eeeeeeeeee eeeeee
/data3fast/users/mbermudez/de_02/TFGDataset/img/T2_1254.png|deeee    eeeeee   e     e   eee  eee  eeeeeeeeeeeeeeeeeeeeeee
/data3fast/users/mbermudez/de_02/TFGDataset/img/T2_0215.png|eeeeee          eeeee    eee    ee    eeeeeeeeeeeeeeeeee eeeeee eeeeeeeeeeee
/data3fast/users/mbermudez/de_02/TFGDataset/img/T2_1385.png|deeeeee        eee     e    eeeeeeeee  ee  eeeee ee ee  eeeeeeeeeee
/data3fast/users/mbermudez/de_02/TFGDataset/img/T2_1181.png|deeeeeeeeee  e       eee    ee   eeeeee   eeeeeeeeee eeee eeeee
/data3fast/users/mbermudez/de_02/TFGDataset/img/T2_0459.png|deee               e eee e     eee   e eeeee ee  eeeeeeeeeeeeeeeeeeee
/data3fast/users/mbermudez/de_02/TFGDataset/img/T2_1120.png|deeee             eeee  ee    eee   eee    ee  eeeeeeeeeeeeeeeeeeeee
/data3fast/users/mbermudez/de_02/TFGDataset/img/T2_0324.png|eeeeeeeeee   ee e  eeeee  eeeeeeeeeeeeee
/data3fast/users/mbermudez/de_02/TFGDataset/img/T2_1044.png|dd                e eeeee     eeeeeeeee eee   e   eeeeeeeeeeeeeeee
/data3fast/users/mbermudez/de_02/TFGDataset/img/T2_1369.png|deeeeeeeee    eee           e         eee ee e eeeeeee eeeeeeeeeee
/data3fast/users/mbermudez/de_02/TFGDataset/img/T2_0844.png|aeeeeee              eee e ee   eee  e ee  eeeeeeeeeeeeeeeeeeeeee
/data3fast/users/mbermudez/de_02/TFGDataset/img/T2_0770.png|ieeee    e ee      eeee     ee e e e eeeeee e    eee eeeeeeeeeee
/data3fast/users/mbermudez/de_02/TFGDataset/img/T2_0413.png|deeee    ee     e   e    e       eee     eeeeeeeeee eeeeee ee eeeeeeeee
/data3fast/users/mbermudez/de_02/TFGDataset/img/T2_0381.png|deeeeeeee e       eeee    eeeee eee  e eeeeeeeeeeeeeeeeeeeeeeeeeeee
/data3fast/users/mbermudez/de_02/TFGDataset/img/T2_1058.png|deeee    e  eeeee   eeeeee  ee    eeeeeeeeeeeeeeeee e eeeeeeeeeeeeeeeeeeeeeeeeeeee
/data3fast/users/mbermudez/de_02/TFGDataset/img/T2_0419.png|dde     eeeeeee   eeeeee e eeeee  eee  e
/data3fast/users/mbermudez/de_02/TFGDataset/img/T2_0433.png|eeeeeeeeee      ee        e  ee      e ee e   eeeeee e eeeeeeeeeee eeeeeee
/data3fast/users/mbermudez/de_02/TFGDataset/img/T2_0857.png|deeeeee ee        e ee   e  eeee    eeeeee eeee  eee  eeee eeeeeee eeeeeeee
/data3fast/users/mbermudez/de_02/TFGDataset/img/T2_1070.png|deeee      ee     e  e  ee  ee  e   eee  eeee eeeeeee eeee  eeeeeeeeee 
/data3fast/users/mbermudez/de_02/TFGDataset/img/T2_0123.png|dd          e    e ee e     ee eeeee  eeeee eeeeeeeeeeeeeeee
/data3fast/users/mbermudez/de_02/TFGDataset/img/T2_0686.png|eeeeeeeeee        eeeeeeee ee      eeeeeeeeeeeeeeeee eeeeeeeee
/data3fast/users/mbermudez/de_02/TFGDataset/img/T2_0200.png|seeee ee      e eee         eeeeee   ee eeeee eeeeee  ee  eeeeeeeeeeeeeeeee
/data3fast/users/mbermudez/de_02/TFGDataset/img/T2_0669.png|deeeeeeee  e e      e    ee   eeeeee  e  eeeeeeeeee eeeeeeeeeeeee
/data3fast/users/mbermudez/de_02/TFGDataset/img/T2_1236.png|de     ee eeee        eeeeeeee   eeeeeeee e eeeee eeeeeeeeeeeeeeeeeeeeeeee
/data3fast/users/mbermudez/de_02/TFGDataset/img/T2_0295.png|eeeeeeeee     eee   eeee  eeeee e    eeeeeee   eeeeeeeeeeeeeeeee
/data3fast/users/mbermudez/de_02/TFGDataset/img/T2_1324.png|eeeeee  ee e  e        e           e  e   ee eee  eee    eeeeeeeeeeeeeeeeeeeeee
/data3fast/users/mbermudez/de_02/TFGDataset/img/T2_0218.png|ieeeeeeee  eeee     eeeeee  e  e eee   ee ee eeeee eeeeeeeeeeeeeee
/data3fast/users/mbermudez/de_02/TFGDataset/img/T2_0579.png|dee     eee    eeeeeeeeeeee
/data3fast/users/mbermudez/de_02/TFGDataset/img/T2_1402.png|deeeeee    e            e e   eeeeeeeeeee  eeeeeeee eeeeeeeeee eeeeeeeeeeee
/data3fast/users/mbermudez/de_02/TFGDataset/img/T2_1445.png|eeeeeeee e e e ee  e   e        eeeee      ee eeeeee eeeeee  eeeeee eeee
/data3fast/users/mbermudez/de_02/TFGDataset/img/T2_0401.png|eeeeeeeeee    e ee      e    eeeeeee  e  eeee  eeeeeeeeeeeeee eeeeeeee
/data3fast/users/mbermudez/de_02/TFGDataset/img/T2_0503.png|dde         ee   ee     ee e  eee  eeeeee eeeeee eeeeeeeeeeeee
/data3fast/users/mbermudez/de_02/TFGDataset/img/T2_0464.png|eeeee      ee  e          eeeee        e    eeeeeeeee e eeeeeeeeeeeeeeeeee
/data3fast/users/mbermudez/de_02/TFGDataset/img/T2_1456.png|eeeeeee   eee            eeee       eeeeeee    e   e ee eeeeeee  e eeeeeeeeeeeeeeee
/data3fast/users/mbermudez/de_02/TFGDataset/img/T2_0946.png|deee          e         eeeee      ee e eeeeeeeeeeeee eeeeeeee ee eeeeeeeeeeeee
/data3fast/users/mbermudez/de_02/TFGDataset/img/T2_1111.png|eeeeeeeeee e   e   ee     eee eeeeeee     eee eeeee eeee  eeeeeeeeeeeeeeeeeee
/data3fast/users/mbermudez/de_02/TFGDataset/img/T2_0172.png|deee       e    eee       ee eee   e   e  eeeee   ee  eeeeeeeee e eeeeeeeeee eee
/data3fast/users/mbermudez/de_02/TFGDataset/img/T2_0167.png|de    e e        e   eeeeeeeeeee   e    eeeeeeeeeeeeeeeeeee  
/data3fast/users/mbermudez/de_02/TFGDataset/img/T2_0347.png|deeeeeee   ee    eeeee    e eeee     e  eeeeeee  ee eeeeeeeeeeeeee
/data3fast/users/mbermudez/de_02/TFGDataset/img/T2_0665.png|eeeeeeeeeee   e       e  ee  e    eee ee eeeeeeeeeeeeeeeee
/data3fast/users/mbermudez/de_02/TFGDataset/img/T2_1064.png|deeee        ee e e         eeee e    e    eee e     eeeeeeeeeeeeeeee
/data3fast/users/mbermudez/de_02/TFGDataset/img/T2_0819.png|deee      e   ee         ee     eee   ee  eeeee  e e eeeeeeee eeeeeee
/data3fast/users/mbermudez/de_02/TFGDataset/img/T2_0962.png|ieeeeeeeeeeeeeeeee  eee  eee    eeeeeeeeeeeeeeee   eeee eeeeeeeeeeeeeee
/data3fast/users/mbermudez/de_02/TFGDataset/img/T2_1412.png|dd        eeee  eeeeee  ee  ee eeeee   eeeee ee eeeeee e  eeeeeeeeeee eeeee
/data3fast/users/mbermudez/de_02/TFGDataset/img/T2_0880.png|eeeeeeee  eee    e  eeeee    ee eeeeeeeeeeeeeee
/data3fast/users/mbermudez/de_02/TFGDataset/img/T2_1068.png|eeeeeeeeeeee    eeeee e      e e   e  eee  eeee   eeeeeee ee eee eeeeeeeeee
/data3fast/users/mbermudez/de_02/TFGDataset/img/T2_1262.png|seeeeeeeee  ee e     e ee    eee  eee e eee ee eeeeeeeeeeeeee eeeeeeeeee
/data3fast/users/mbermudez/de_02/TFGDataset/img/T2_0021.png|see                      e      eeeeee   e    eeeeeee ee  eeeeeeeeee
/data3fast/users/mbermudez/de_02/TFGDataset/img/T2_0076.png|deeee e  eeeee       eee e e  e   eee eeeeeeee eeeeeeeeeeee  eeeeeeeeeee
/data3fast/users/mbermudez/de_02/TFGDataset/img/T2_0973.png|eeeeeeeee       eeeeee   eeeeeeeee     ee    eeeeeeeee   ee eeeeeeeeeeeeee
/data3fast/users/mbermudez/de_02/TFGDataset/img/T2_0636.png|#      eeeee 
/data3fast/users/mbermudez/de_02/TFGDataset/img/T2_0510.png|eeeeeeeeeeee        e   e  eeee  eeeeeeeee     eeeeee eeeeeee  eeeeeeeeeeeeee
/data3fast/users/mbermudez/de_02/TFGDataset/img/T2_0442.png|dee             eeee          e  e        e   eee  eeeeeeeeeeee eeeeeee
/data3fast/users/mbermudez/de_02/TFGDataset/img/T2_1491.png|dee        e  e e eeeeeee   e eeeee eeee e eeeeeeee   eee eeeeeeeeee
/data3fast/users/mbermudez/de_02/TFGDataset/img/T2_1423.png|d          eee  e  eee  eeeee      eeeeeeeeeeeeeee eeeeeee
/data3fast/users/mbermudez/de_02/TFGDataset/img/T2_1187.png|eeeeeee     eee e eee       eee   e     eeee     ee  eee  eee eeeeeeeeeeeeee
/data3fast/users/mbermudez/de_02/TFGDataset/img/T2_0590.png|deeeeeeee    e    eeee eeee     e e eee e  eeeeeeeee eeeeeeeeeeeee eee
/data3fast/users/mbermudez/de_02/TFGDataset/img/T2_1478.png|eeeeeeee  ee ee       e    eeee ee  eeeeee eeeeeeeeeeeeeee ee eeeeeee
/data3fast/users/mbermudez/de_02/TFGDataset/img/T2_0789.png|dde             e eeeee        ee  eee e  eeeeeeeeeeeee  eeeeeeeeeeeeee
/data3fast/users/mbermudez/de_02/TFGDataset/img/T2_1431.png|ddee     ee       e eeee    e  eeeeeeee   eeeeeeeee eeeee eeeeeeeeeee
/data3fast/users/mbermudez/de_02/TFGDataset/img/T2_0333.png|eeeeeeeeee ee      e eeee    ee    ee eeeeeeeeeeeeeeeeeeeeeee 
/data3fast/users/mbermudez/de_02/TFGDataset/img/T2_0890.png|eeeeeeee e    eeeeeee         e  e  eee     eeeeeee eeeeee eeeeeeeeeeeee
/data3fast/users/mbermudez/de_02/TFGDataset/img/T2_0351.png|eeeeeeeee e  eeeee   eeeee   eeeeeeeeeeee eeeeeeee
/data3fast/users/mbermudez/de_02/TFGDataset/img/T2_0356.png|deee   e    ee  e    ee   e eeee   ee         eeeeeeeeeeeeeeeee
/data3fast/users/mbermudez/de_02/TFGDataset/img/T2_0033.png|ieeeeeee  e eeeeeee ee   e   e e ee e eeeeeeeeeee eee eeee e eee
/data3fast/users/mbermudez/de_02/TFGDataset/img/T2_1310.png|eeeeeee   e          e e    eee eeeeeee eeeeeee
/data3fast/users/mbermudez/de_02/TFGDataset/img/T2_1401.png|deee   e eee e  e        e  e    ee  eeeeee eeeeeeee e eeeee
/data3fast/users/mbermudez/de_02/TFGDataset/img/T2_0434.png|ieeeeeeeeeeeeee eeee e  ee  eee  ee  eeeeeeeeeeeeeeeeee
/data3fast/users/mbermudez/de_02/TFGDataset/img/T2_1300.png|dee              eeeee   eee  eeee ee     eee eeeeeeeeeeeee
/data3fast/users/mbermudez/de_02/TFGDataset/img/T2_1283.png|ssee    e         eeee  eeeeee eeee eeeeeeeeeeeeeeeeeeeeeeee
/data3fast/users/mbermudez/de_02/TFGDataset/img/T2_0557.png|eeeeeee e e  e e ee      eee   eeee eee   ee  eee eeeeeeeeeeee
/data3fast/users/mbermudez/de_02/TFGDataset/img/T2_1498.png|deeee       eeee ee eeee    eeee ee eeee eeeeeeeeeeeeeeeee eee
/data3fast/users/mbermudez/de_02/TFGDataset/img/T2_0370.png|#         eeee e
/data3fast/users/mbermudez/de_02/TFGDataset/img/T2_1337.png|d         eee e   eeee        ee eeee eeeeeeeeeeeeee eeeeee
/data3fast/users/mbermudez/de_02/TFGDataset/img/T2_0449.png|deeeeeeeee   eee  eee    eee      eeeee eeee  eeeeeee eeeeeeeeee
/data3fast/users/mbermudez/de_02/TFGDataset/img/T2_1126.png|seeeeeeeeeee      eeeeee e e e e   ee e    eeeee   eeeeeeeeeeee
/data3fast/users/mbermudez/de_02/TFGDataset/img/T2_0028.png|dd        ee ee e eee  ee eee eeeeee eeeeeeeeeee
/data3fast/users/mbermudez/de_02/TFGDataset/img/T2_0359.png|eeeeeeeeeee eeeeee
/data3fast/users/mbermudez/de_02/TFGDataset/img/T2_0192.png|eeeeeeee  eeee   e eeeee   eee  eeeeeeeeeeee  eeeeeee
/data3fast/users/mbermudez/de_02/TFGDataset/img/T2_1454.png|ieeeeeee   e ee ee  ee             e eeeeeeee eeeeeeee
/data3fast/users/mbermudez/de_02/TFGDataset/img/T2_1010.png|eeeeeeeee      eeeeee   ee  eee  eeeeeee ee  eeeee  eeeeeeeee
/data3fast/users/mbermudez/de_02/TFGDataset/img/T2_0578.png|eeeeeeeeee       eee e  eeee e eeee  eeeeeeeee  eeeeeeeee
/data3fast/users/mbermudez/de_02/TFGDataset/img/T2_0166.png|ieeeeeeee ee e    e     eeee   eeeeeeeee eeeee  eeeee ee
/data3fast/users/mbermudez/de_02/TFGDataset/img/T2_0174.png|deeee     ee  e eeee    ee eee e e ee eeeee eeeeeeeeeeeee
/data3fast/users/mbermudez/de_02/TFGDataset/img/T2_0564.png|deee      e    eee     ee   eeeee e  eeee eeeeeeee
/data3fast/users/mbermudez/de_02/TFGDataset/img/T2_1334.png|seeeee        e  e ee  ee  e    eeee    eeeeeeeeeeeee
/data3fast/users/mbermudez/de_02/TFGDataset/img/T2_0223.png|d      eeeeeeee 
/data3fast/users/mbermudez/de_02/TFGDataset/img/T2_0577.png|eeeeeee      eeee   ee    e eee       eeeeeee  eeeeeeeeeee eee
/data3fast/users/mbermudez/de_02/TFGDataset/img/T2_0136.png|sseeeeeee    ee eeeee ee ee     eeeeeeeeeeeee ee
/data3fast/users/mbermudez/de_02/TFGDataset/img/T2_0170.png|deeeeee    ee e  eee    ee      eeeeeee ee e e  eeeeeeeee
/data3fast/users/mbermudez/de_02/TFGDataset/img/T2_0642.png|deeeee    e  eee ee  eeeeeee     eeee    eeeeeeeeeeeeeee
/data3fast/users/mbermudez/de_02/TFGDataset/img/T2_1348.png|dd             eeeeeeeee
/data3fast/users/mbermudez/de_02/TFGDataset/img/T2_0524.png|ieeeeeeeeeee  ee
/data3fast/users/mbermudez/de_02/TFGDataset/img/T2_1381.png|"    e      ee   e  eeee eee eeeeeeeeeeeeeee
/data3fast/users/mbermudez/de_02/TFGDataset/img/T2_0418.png|eeeeeeeeeee     eee  ee eeeee  eeeeeeeeeeeeeee
/data3fast/users/mbermudez/de_02/TFGDataset/img/T2_0521.png|deee ee   ee  ee ee  eeeee e eeeeeeeeeeeeeeeee
/data3fast/users/mbermudez/de_02/TFGDataset/img/T2_0238.png|deeee   e     ee         e    eeee eeeeeeee    eeeeee 
/data3fast/users/mbermudez/de_02/TFGDataset/img/T2_1494.png|eeeeeeee    ee           eeeeeee eeeeeeee   eeeeeee
/data3fast/users/mbermudez/de_02/TFGDataset/img/T2_0133.png|deeeee  e  ee e eee  eee eeeee
/data3fast/users/mbermudez/de_02/TFGDataset/img/T2_1363.png|ddee   e     e     e       eeee eeee    eeeeee
/data3fast/users/mbermudez/de_02/TFGDataset/img/T2_0828.png|dd      e          e  eeeeeeee   e eeeeeeeeeeeee
/data3fast/users/mbermudez/de_02/TFGDataset/img/T2_0533.png|dd    eeeee    eeee e     eeeeeeeeeee  eeeeeeeee
/data3fast/users/mbermudez/de_02/TFGDataset/img/T2_0410.png|eeeeeeeeee ee   eeeee    e  eeeeeeeeeeeeeeeeeee
/data3fast/users/mbermudez/de_02/TFGDataset/img/T2_0845.png|deeeee     eee  eeeee  e ee  eeee eeeeeeeeeeee
/data3fast/users/mbermudez/de_02/TFGDataset/img/T2_1123.png|de        eee e eee    ee   eeeeeeeeeeeeeeee
/data3fast/users/mbermudez/de_02/TFGDataset/img/T2_0682.png|eeeeeeeeee  ee ee  eeee     eeee eeeeeee  eeeee  eeee
/data3fast/users/mbermudez/de_02/TFGDataset/img/T2_0439.png|ase e       eeeee  e     eeee    eeeeee eeeeeeeee
/data3fast/users/mbermudez/de_02/TFGDataset/img/T2_0859.png|eee    eeeee       e    eeeeeeee eeeeeee
/data3fast/users/mbermudez/de_02/TFGDataset/img/T2_0576.png|eeeeeeeeee    eee e     eee eeee  eeeeeeeeeeee
/data3fast/users/mbermudez/de_02/TFGDataset/img/T2_0716.png|ieeeeeee  e e     e     eee e eeeeeeeeeeeeee
/data3fast/users/mbermudez/de_02/TFGDataset/img/T2_1347.png|ieeeee       eeee e  eeee   eeee  eeeeeeee
/data3fast/users/mbermudez/de_02/TFGDataset/img/T2_0730.png|ieeeeeeee  eeeeee    eeee    eeeeeee  eeeeee
/data3fast/users/mbermudez/de_02/TFGDataset/img/T2_1320.png|ssee                      eeee  eeeeeeeeee
/data3fast/users/mbermudez/de_02/TFGDataset/img/T2_0093.png|deeeeeee   eee    ee  ee ee     eeeee eeeee
/data3fast/users/mbermudez/de_02/TFGDataset/img/T2_1158.png|aaeee    e      e    eee    eeee  ee  eeeeeeeee  eeeee
/data3fast/users/mbermudez/de_02/TFGDataset/img/T2_1133.png|eeeeeee     eeee       ee       eeeeeee eeeeeee
/data3fast/users/mbermudez/de_02/TFGDataset/img/T2_0972.png|sseeeeee ee
/data3fast/users/mbermudez/de_02/TFGDataset/img/T2_0760.png|dd       eeeee      eee ee  eeeee  e
/data3fast/users/mbermudez/de_02/TFGDataset/img/T2_0138.png|ssee       eee  e    eeee ee eeeeeeeeee e
/data3fast/users/mbermudez/de_02/TFGDataset/img/T2_1308.png|eeeeeeee  e eee
/data3fast/users/mbermudez/de_02/TFGDataset/img/T2_0281.png|eeeeeeee     eeee   e  eeeeeee  eeeeeeeeee
/data3fast/users/mbermudez/de_02/TFGDataset/img/T2_0125.png|dd               eee   eeeeee  eeeeeeeeeee
/data3fast/users/mbermudez/de_02/TFGDataset/img/T2_0549.png|sseee   eeee
/data3fast/users/mbermudez/de_02/TFGDataset/img/T2_0643.png|deeeeee ee e ee   ee  eeeeee eeeee  eeeeeeeeeeee
/data3fast/users/mbermudez/de_02/TFGDataset/img/T2_0261.png|ieeeeeeeeeee    eeeeeee ee ee e eeeeeee
/data3fast/users/mbermudez/de_02/TFGDataset/img/T2_0715.png|a         ee  ee    e   eeee  ee eeee  eee
/data3fast/users/mbermudez/de_02/TFGDataset/img/T2_1326.png|sss     e   ee   ee eeee    eeeeeeeeeee
/data3fast/users/mbermudez/de_02/TFGDataset/img/T2_1023.png|dde       ee           eeeeee     eeeee  eee
/data3fast/users/mbermudez/de_02/TFGDataset/img/T2_1501.png|sseee      eee      e    e       eeeeeee e eee
/data3fast/users/mbermudez/de_02/TFGDataset/img/T2_0954.png|eeeeee     eeeee e eeee  e eeeeeeeee eeee
/data3fast/users/mbermudez/de_02/TFGDataset/img/T2_0001.png|eeeeeeeee    eee  e    e eeeeeeee   eeeeeeeee
/data3fast/users/mbermudez/de_02/TFGDataset/img/T2_1174.png|ieeeeeeee  ee  ee e    eeeeee eeeee ee eeee eee
/data3fast/users/mbermudez/de_02/TFGDataset/img/T2_0045.png|sseee      eeee  eee  e   e eeeeeee  eeee
/data3fast/users/mbermudez/de_02/TFGDataset/img/T2_0354.png|ieeeee   ee     e e  e   ee      eeeeeeeeee
/data3fast/users/mbermudez/de_02/TFGDataset/img/T2_1425.png|sseeee e e   e eeee      eeeeeeeeeee
/data3fast/users/mbermudez/de_02/TFGDataset/img/T2_1418.png|eeeeeeeee  
/data3fast/users/mbermudez/de_02/TFGDataset/img/T2_1307.png|ieeeeeeeee       ee  ee     ee e  eeeee
/data3fast/users/mbermudez/de_02/TFGDataset/img/T2_1086.png|eeeeeee   eee      eeee e   e eeeeeeeeeee
/data3fast/users/mbermudez/de_02/TFGDataset/img/T2_0655.png|eeeeee       eee     eeee    ee eeee   eeeee
/data3fast/users/mbermudez/de_02/TFGDataset/img/T2_0779.png|eeeeee    e eee     eeeeee  eeeeeeee    eeee
/data3fast/users/mbermudez/de_02/TFGDataset/img/T2_1278.png|sse               e e  eeeeee eeeeee
/data3fast/users/mbermudez/de_02/TFGDataset/img/T2_0753.png|sseeeeee     ee  ee   ee   eeeee  eeeee
/data3fast/users/mbermudez/de_02/TFGDataset/img/T2_0675.png|deee              eee   ee eee eeeee eee eeeee
/data3fast/users/mbermudez/de_02/TFGDataset/img/T2_1076.png|ieeeeeee      eeeeee eee e e ee eeeeee eeee
/data3fast/users/mbermudez/de_02/TFGDataset/img/T2_0518.png|dd              e      eeeee      eeee eeeeeee
/data3fast/users/mbermudez/de_02/TFGDataset/img/T2_1113.png|eeeeeeeee  e   ee e     eeeee eeeeeeeee
/data3fast/users/mbermudez/de_02/TFGDataset/img/T2_0098.png|eeeeeee      eeeee   eee e     ee e   eeeee
/data3fast/users/mbermudez/de_02/TFGDataset/img/T2_0340.png|ieeeeeee        e  eee   ee   eeeeeeeeee e
/data3fast/users/mbermudez/de_02/TFGDataset/img/T2_1130.png|eeeeeee     e  e         eee e   eee eeee  eeeee
/data3fast/users/mbermudez/de_02/TFGDataset/img/T2_0952.png|seee       ee                 e eee  eeeee e ee eee
/data3fast/users/mbermudez/de_02/TFGDataset/img/T2_0292.png|aae                    eee   eeee    eeeeeeee
/data3fast/users/mbermudez/de_02/TFGDataset/img/T2_1015.png|eeeeeee e       e e  ee  eeee ee eeeeeee
/data3fast/users/mbermudez/de_02/TFGDataset/img/T2_0719.png|deee          ee  e  e e  ee  ee eee   eeee
/data3fast/users/mbermudez/de_02/TFGDataset/img/T2_1264.png|dde                eee   e ee e eee eeeee
/data3fast/users/mbermudez/de_02/TFGDataset/img/T2_0571.png|eeeeeee e                        eee     eee eeeee
/data3fast/users/mbermudez/de_02/TFGDataset/img/T2_0591.png|dee          ee      e ee  eeeeeee eeee ee
/data3fast/users/mbermudez/de_02/TFGDataset/img/T2_0757.png|sseeee ee                e         e eeeeee eeeeee  
/data3fast/users/mbermudez/de_02/TFGDataset/img/T2_0343.png|seeeeeeee eee     e     eee       ee eeeeeeeee
/data3fast/users/mbermudez/de_02/TFGDataset/img/T2_0495.png|seeeeee    e    e  eee  e   e    e    e  e ee e eeeeeee
/data3fast/users/mbermudez/de_02/TFGDataset/img/T2_1458.png|deeee      ee    eee   ee eeee    eeeee eeee
/data3fast/users/mbermudez/de_02/TFGDataset/img/T2_0265.png|ieeeeee     eeeeee  e  e eeeeeee ee eeeeee
/data3fast/users/mbermudez/de_02/TFGDataset/img/T2_0562.png|ieee      eeee 
/data3fast/users/mbermudez/de_02/TFGDataset/img/T2_1116.png|dde         e  ee               eeeee e 
/data3fast/users/mbermudez/de_02/TFGDataset/img/T2_0013.png|dd         e  eeeeee   e
/data3fast/users/mbermudez/de_02/TFGDataset/img/T2_1013.png|eeeeeeee        ee        e  e  ee  eee  eee eeeeeee
/data3fast/users/mbermudez/de_02/TFGDataset/img/T2_1468.png|ieeee         ee               eee e eeeeeeeeee
/data3fast/users/mbermudez/de_02/TFGDataset/img/T2_0266.png|eeeeee       e  e   e    ee e     eeeee   e eeeee 
/data3fast/users/mbermudez/de_02/TFGDataset/img/T2_0383.png|ieeeeee           eeee e       eeeeeee  eeeeeeeee
/data3fast/users/mbermudez/de_02/TFGDataset/img/T2_0851.png|deeeee                  e             eeeeeeee eeee
/data3fast/users/mbermudez/de_02/TFGDataset/img/T2_0358.png|d      eeee   e ee  eeee  eeeeee
/data3fast/users/mbermudez/de_02/TFGDataset/img/T2_0043.png|dd                   ee e  e  eeeeeeee eeeee
/data3fast/users/mbermudez/de_02/TFGDataset/img/T2_0083.png|deee               e  e       eeeeeeee  eeeeeee
/data3fast/users/mbermudez/de_02/TFGDataset/img/T2_0034.png|#     eee  
/data3fast/users/mbermudez/de_02/TFGDataset/img/T2_0797.png|ieeeeeee       ee    ee     eeeee  eeee eeeeee eeee
/data3fast/users/mbermudez/de_02/TFGDataset/img/T2_0672.png|aeee     e  ee            e e        eee eee     eeeeeeee
/data3fast/users/mbermudez/de_02/TFGDataset/img/T2_0330.png|eeeee      e     ee  e e        e   ee  e   eeeeeeeee  eee
/data3fast/users/mbermudez/de_02/TFGDataset/img/T2_0163.png|deeeeeee   ee e         e        eee  eee  e eee  eeeeeeee
/data3fast/users/mbermudez/de_02/TFGDataset/img/T2_0465.png|da             e                eeee   eeee
/data3fast/users/mbermudez/de_02/TFGDataset/img/T2_0899.png|ieeeee    e           eee     eee      e e   ee eee eee e  eeee
/data3fast/users/mbermudez/de_02/TFGDataset/img/T2_0563.png|seeeeeee               ee ee   e   ee     eeeeeeee
/data3fast/users/mbermudez/de_02/TFGDataset/img/T2_1441.png|seeeeee           e          e  ee  eeee  e  eeeeeeeeee
/data3fast/users/mbermudez/de_02/TFGDataset/img/T2_0235.png|eeeeeee     e                   eee     e eeeee   eeeeeee
/data3fast/users/mbermudez/de_02/TFGDataset/img/T2_1208.png|dde             e            e       e           eeeeeee  
/data3fast/users/mbermudez/de_02/TFGDataset/img/T2_0583.png|dde              e    e               eeee eee eeeeeee
/data3fast/users/mbermudez/de_02/TFGDataset/img/T2_0963.png|deee          e              e          eee   eeeeeee
/data3fast/users/mbermudez/de_02/TFGDataset/img/T2_0119.png|eeeeee       ee      ee eee   eeee   e e eeeeeee
/data3fast/users/mbermudez/de_02/TFGDataset/img/T2_0869.png|ssse      e                 ee    e ee e     ee ee ee
/data3fast/users/mbermudez/de_02/TFGDataset/img/T2_0589.png|ieeeeeee  e    e      eeee   eee ee eeeee   eeee e
/data3fast/users/mbermudez/de_02/TFGDataset/img/T2_1495.png|eeeeeeee                         e eee     eeee   ee eeee      e
/data3fast/users/mbermudez/de_02/TFGDataset/img/T2_1186.png|geeeee  e             e ee  ee         eeeeeee    e eeeeee
/data3fast/users/mbermudez/de_02/TFGDataset/img/T2_0461.png|dde       e              e      e        eeeee     e   e e e      eee
/data3fast/users/mbermudez/de_02/TFGDataset/img/T2_1370.png|deeeee e     e          e            e eee e  ee  eeeee 
/data3fast/users/mbermudez/de_02/TFGDataset/img/T2_0008.png|dee                    e      e    e      eeee   eeeee   e  ee e eeeee
/data3fast/users/mbermudez/de_02/TFGDataset/img/T2_0704.png|#        ee
/data3fast/users/mbermudez/de_02/TFGDataset/img/T2_1094.png|deee                           e  eee  ee   e eeeee eee   ee
/data3fast/users/mbermudez/de_02/TFGDataset/img/T2_1477.png|geeeeeee    e        e       e   eee    ee eeee   eeeee   eeeee
/data3fast/users/mbermudez/de_02/TFGDataset/img/T2_0657.png|iieeee                   eeee  eee    eee eeeeeee e ee
/data3fast/users/mbermudez/de_02/TFGDataset/img/T2_1006.png|deeee e                    e                eee    e    eeeeeee 
/data3fast/users/mbermudez/de_02/TFGDataset/img/T2_1377.png|ieeee           e ee           e e  eeee   eeeeeeee
/data3fast/users/mbermudez/de_02/TFGDataset/img/T2_0085.png|iiieee     e ee e
/data3fast/users/mbermudez/de_02/TFGDataset/img/T2_0831.png|ieeeeeeee        e             eeee   ee e  e e e   eee  eee
/data3fast/users/mbermudez/de_02/TFGDataset/img/T2_0894.png|dee                              e   e          eeee    e   eeeeeeee e ee 
/data3fast/users/mbermudez/de_02/TFGDataset/img/T2_0569.png|sseee           e ee         eeee          eeeeeeee  eeeee
/data3fast/users/mbermudez/de_02/TFGDataset/img/T2_0066.png|ss                      e   e     ee       eeee     ee  ee
/data3fast/users/mbermudez/de_02/TFGDataset/img/T2_0933.png|ieee                                ee ee ee  e eee eeeee
/data3fast/users/mbermudez/de_02/TFGDataset/img/T2_0607.png|ieeeeeeee          e    e e          e     ee e    eeeee e   
/data3fast/users/mbermudez/de_02/TFGDataset/img/T2_0110.png|sse      e                e          eeee  eee   eeee
/data3fast/users/mbermudez/de_02/TFGDataset/img/T2_1105.png|eeeeee                   ee        e    eeeeeeeee  eeeee
/data3fast/users/mbermudez/de_02/TFGDataset/img/T2_0921.png|dd          e       e   e   eee  eee
/data3fast/users/mbermudez/de_02/TFGDataset/img/T2_0059.png|de        e                           e      eeee    eee  eee  e 
/data3fast/users/mbermudez/de_02/TFGDataset/img/T2_0722.png|ieeeee                        eeeee   e  eeeee ee  e
/data3fast/users/mbermudez/de_02/TFGDataset/img/T2_0673.png|dee                         e     e      eee  eee
/data3fast/users/mbermudez/de_02/TFGDataset/img/T2_0506.png|dd               e           e  ee      ee eeee    eeeeee
/data3fast/users/mbermudez/de_02/TFGDataset/img/T2_1296.png|ieeeeeeee      e          e       ee    ee eee  e  e eeeee
/data3fast/users/mbermudez/de_02/TFGDataset/img/T2_0996.png|dee e                     ee    ee   e     eeee    ee 
/data3fast/users/mbermudez/de_02/TFGDataset/img/T2_1451.png|deeee          e    eeee eee     e    e ee  e eee ee 
/data3fast/users/mbermudez/de_02/TFGDataset/img/T2_0558.png|sseee                                      ee e    eee  e e 
/data3fast/users/mbermudez/de_02/TFGDataset/img/T2_0185.png|dde                              e   eeeeeeeee e
/data3fast/users/mbermudez/de_02/TFGDataset/img/T2_0301.png|ssee      ee                          e    eeeee     eeeeeeee
/data3fast/users/mbermudez/de_02/TFGDataset/img/T2_1054.png|geeeeeee                eee e   ee ee   e e e eee ee  ee
/data3fast/users/mbermudez/de_02/TFGDataset/img/T2_0177.png|ddee                        e         eee   ee eee eee
/data3fast/users/mbermudez/de_02/TFGDataset/img/T2_0713.png|#        eeee
/data3fast/users/mbermudez/de_02/TFGDataset/img/T2_1090.png|#     eeee    eeeee 
/data3fast/users/mbermudez/de_02/TFGDataset/img/T2_0263.png|deee         ee e           ee    eee    eeeee   eeee 
/data3fast/users/mbermudez/de_02/TFGDataset/img/T2_0915.png|eeeee     e e       e       e              ee   eeeeeee eee
/data3fast/users/mbermudez/de_02/TFGDataset/img/T2_0012.png|ieeee              e            eeee      e  ee  eeee  eee
/data3fast/users/mbermudez/de_02/TFGDataset/img/T2_0788.png|iiee                    eeee      e   e  e eeeeeeee
/data3fast/users/mbermudez/de_02/TFGDataset/img/T2_0603.png|iiee ee e                e               eee       eee ee e      eeee
/data3fast/users/mbermudez/de_02/TFGDataset/img/T2_1365.png|eeeee    ee                  ee      ee       eeeeeeeee e
/data3fast/users/mbermudez/de_02/TFGDataset/img/T2_0940.png|deee                                      e     eeee    eeeeeee 
/data3fast/users/mbermudez/de_02/TFGDataset/img/T2_1184.png|eeeeeee                            e e   e       ee eeeee   ee  e
/data3fast/users/mbermudez/de_02/TFGDataset/img/T2_1224.png|ssee                         eeee     eeee e eee  eee
/data3fast/users/mbermudez/de_02/TFGDataset/img/T2_0451.png|eeeeeee                        e     ee      e           eeeee   e eee
/data3fast/users/mbermudez/de_02/TFGDataset/img/T2_1305.png|ieeeee                                 ee   ee    eeee   eeeee   
/data3fast/users/mbermudez/de_02/TFGDataset/img/T2_0621.png|seeeee                e                      ee   ee    ee e  eeeee
/data3fast/users/mbermudez/de_02/TFGDataset/img/T2_1055.png|eeee            e    ee e     eeeeee     e eeeeeee
/data3fast/users/mbermudez/de_02/TFGDataset/img/T2_1200.png|#     e e
/data3fast/users/mbermudez/de_02/TFGDataset/img/T2_0372.png|deee        e   e     e  ee       eeee    e eee     eee    eeeee
/data3fast/users/mbermudez/de_02/TFGDataset/img/T2_1222.png|iiee       e                e     e   e  ee  e  eeeeee
/data3fast/users/mbermudez/de_02/TFGDataset/img/T2_0783.png|eeeeee             e                    e  e   ee   e eeeee     
/data3fast/users/mbermudez/de_02/TFGDataset/img/T2_1270.png|aaa        e                   e   ee       e     eeeeeeee
/data3fast/users/mbermudez/de_02/TFGDataset/img/T2_1159.png|dd                  e                     e    e   eee
/data3fast/users/mbermudez/de_02/TFGDataset/img/T2_0545.png|eeeeeee                                e  eee     eeee  ee
/data3fast/users/mbermudez/de_02/TFGDataset/img/T2_0630.png|#                   e       eeeee
/data3fast/users/mbermudez/de_02/TFGDataset/img/T2_0114.png|deeeeee                     eee    eee     ee    e eeee e
/data3fast/users/mbermudez/de_02/TFGDataset/img/T2_0103.png|#        eee e
/data3fast/users/mbermudez/de_02/TFGDataset/img/T2_0492.png|eeeee       ee              ee    ee  ee  ee eeeeeeeeee
/data3fast/users/mbermudez/de_02/TFGDataset/img/T2_1440.png|deeee           e e              eee   e   ee eeee      eeeeee
/data3fast/users/mbermudez/de_02/TFGDataset/img/T2_0441.png|ieeee e       e                          eee  ee e   e eeeeee
/data3fast/users/mbermudez/de_02/TFGDataset/img/T2_0373.png|geeeeee                                   eeeeeee e   eeeee 
/data3fast/users/mbermudez/de_02/TFGDataset/img/T2_0712.png|dde                           e     e  eee    eeeee 
/data3fast/users/mbermudez/de_02/TFGDataset/img/T2_0966.png|dee       e                      ee        e   ee e  eeee  eee
/data3fast/users/mbermudez/de_02/TFGDataset/img/T2_0767.png|sse            e       eee    e        eeeeeeee  
/data3fast/users/mbermudez/de_02/TFGDataset/img/T2_0567.png|dd                                     e e  eeee  ee
/data3fast/users/mbermudez/de_02/TFGDataset/img/T2_1194.png|geeeee       e e        e    eeee   ee      eeeeeee ee
/data3fast/users/mbermudez/de_02/TFGDataset/img/T2_1213.png|eeee                 e       ee   eeee  e eeeeee
/data3fast/users/mbermudez/de_02/TFGDataset/img/T2_0254.png|d        e        ee     eeeee   eee e
/data3fast/users/mbermudez/de_02/TFGDataset/img/T2_0601.png|ss                         ee            ee ee  
/data3fast/users/mbermudez/de_02/TFGDataset/img/T2_0344.png|eeeee       e             ee        eeeeeeee
/data3fast/users/mbermudez/de_02/TFGDataset/img/T2_0099.png|ieeee                  ee    e         eee e eeee  eee
/data3fast/users/mbermudez/de_02/TFGDataset/img/T2_1052.png|iieeee      e             e    eee ee     e eee ee e
/data3fast/users/mbermudez/de_02/TFGDataset/img/T2_1433.png|gieeee                  ee      ee eeeeee   eeeee
/data3fast/users/mbermudez/de_02/TFGDataset/img/T2_0014.png|eeeee            e                e     e ee           eeee ee
/data3fast/users/mbermudez/de_02/TFGDataset/img/T2_0155.png|dd                                  e e       e e eeeee
/data3fast/users/mbermudez/de_02/TFGDataset/img/T2_0639.png|#        eeee
/data3fast/users/mbermudez/de_02/TFGDataset/img/T2_0752.png|ieeeee                     e   eee    eee    eeeeee 
/data3fast/users/mbermudez/de_02/TFGDataset/img/T2_0173.png|deeee             ee         ee                e e eee
/data3fast/users/mbermudez/de_02/TFGDataset/img/T2_1160.png|see      e eee          eeee       ee ee eeeeeee
/data3fast/users/mbermudez/de_02/TFGDataset/img/T2_0861.png|ieeee      e                    e   eeeee          eee
/data3fast/users/mbermudez/de_02/TFGDataset/img/T2_1467.png|iie                             ee ee e  eee e
/data3fast/users/mbermudez/de_02/TFGDataset/img/T2_0437.png|ieeeeee           e    e      eee         e   eee eee
/data3fast/users/mbermudez/de_02/TFGDataset/img/T2_1077.png|sseee                           eee     ee eee e e
/data3fast/users/mbermudez/de_02/TFGDataset/img/T2_0537.png|d    ee  ee   e       eeee e ee   e  eee 
/data3fast/users/mbermudez/de_02/TFGDataset/img/T2_0570.png|seeeee                e e e e eee    e e   e     eeee  eee
/data3fast/users/mbermudez/de_02/TFGDataset/img/T2_0898.png|iiee                             e  e  ee     eee eee
/data3fast/users/mbermudez/de_02/TFGDataset/img/T2_0491.png|aaa                               e e   ee  e e
/data3fast/users/mbermudez/de_02/TFGDataset/img/T2_0878.png|seee         e                e      e  eee  
/data3fast/users/mbermudez/de_02/TFGDataset/img/T2_1093.png|sseee               eee        ee      e  ee  eeeee
/data3fast/users/mbermudez/de_02/TFGDataset/img/T2_1197.png|deeee          eee                e ee   e   eeee 
/data3fast/users/mbermudez/de_02/TFGDataset/img/T2_0424.png|ieeee                         e      e ee  e ee
/data3fast/users/mbermudez/de_02/TFGDataset/img/T2_1061.png|dde            e    e              e   e eeee     e ee
/data3fast/users/mbermudez/de_02/TFGDataset/img/T2_1154.png|eeeeee    ee  eeeee
/data3fast/users/mbermudez/de_02/TFGDataset/img/T2_0203.png|dde                                    eeeeee  
/data3fast/users/mbermudez/de_02/TFGDataset/img/T2_0321.png|ieee         e  ee  eee
/data3fast/users/mbermudez/de_02/TFGDataset/img/T2_0003.png|ieeeee               eee       e  e  ee  ee ee
/data3fast/users/mbermudez/de_02/TFGDataset/img/T2_1461.png|dde                        ee    eee     eee eeeee
/data3fast/users/mbermudez/de_02/TFGDataset/img/T2_0355.png|deee           e    eee          e eee   eeeee
/data3fast/users/mbermudez/de_02/TFGDataset/img/T2_0260.png|ieeee          ee     e   ee   ee eee e
/data3fast/users/mbermudez/de_02/TFGDataset/img/T2_1053.png|dd                         ee          e     eeee
/data3fast/users/mbermudez/de_02/TFGDataset/img/T2_1482.png|d                     ee    eeeeeee
/data3fast/users/mbermudez/de_02/TFGDataset/img/T2_1343.png|iieeee                e          eeee   eee e ee
/data3fast/users/mbermudez/de_02/TFGDataset/img/T2_1215.png|sse              e       ee    e     ee    eeee
/data3fast/users/mbermudez/de_02/TFGDataset/img/T2_0144.png|eeeeee                           e  ee eeeeeee
/data3fast/users/mbermudez/de_02/TFGDataset/img/T2_1248.png|eeeee          ee           e ee   eeee
/data3fast/users/mbermudez/de_02/TFGDataset/img/T2_0903.png|seee                         ee  e  eee 
/data3fast/users/mbermudez/de_02/TFGDataset/img/T2_1407.png|ieee   ee                ee ee     eee eee  ee
/data3fast/users/mbermudez/de_02/TFGDataset/img/T2_1035.png|ieee e             e  e  e          ee eeeee
/data3fast/users/mbermudez/de_02/TFGDataset/img/T2_0863.png|ieeeee         ee                       eee  e  
/data3fast/users/mbermudez/de_02/TFGDataset/img/T2_0035.png|dde                           e e ee ee  eeee
/data3fast/users/mbermudez/de_02/TFGDataset/img/T2_0169.png|dde                       eee    eeeee   
/data3fast/users/mbermudez/de_02/TFGDataset/img/T2_0462.png|eeeeee                    e         e ee   ee  ee
/data3fast/users/mbermudez/de_02/TFGDataset/img/T2_0207.png|aaa                               eeeee e
/data3fast/users/mbermudez/de_02/TFGDataset/img/T2_1290.png|ss                   ee       eeeeee eee
/data3fast/users/mbermudez/de_02/TFGDataset/img/T2_0326.png|ieeeeee                   eee   ee       eeeee e
/data3fast/users/mbermudez/de_02/TFGDataset/img/T2_1480.png|#  
/data3fast/users/mbermudez/de_02/TFGDataset/img/T2_1118.png|dde                                  e   eeeee
/data3fast/users/mbermudez/de_02/TFGDataset/img/T2_1327.png|ssee                         e   e    eee e  ee 
/data3fast/users/mbermudez/de_02/TFGDataset/img/T2_0248.png|eeeeeee         e        eee      e e  ee eeee 
/data3fast/users/mbermudez/de_02/TFGDataset/img/T2_1235.png|dee               e   e     eee  eeeeee  
/data3fast/users/mbermudez/de_02/TFGDataset/img/T2_1141.png|aae                                 e    eeeee 
/data3fast/users/mbermudez/de_02/TFGDataset/img/T2_0818.png|see       eeeee e
/data3fast/users/mbermudez/de_02/TFGDataset/img/T2_0199.png|ieeee               e     e e     eeee  ee  e e
/data3fast/users/mbermudez/de_02/TFGDataset/img/T2_1376.png|aa                            ee  ee   eee
/data3fast/users/mbermudez/de_02/TFGDataset/img/T2_1048.png|eeeeeeee  e        eeee           e  ee e eee
/data3fast/users/mbermudez/de_02/TFGDataset/img/T2_1022.png|dde                 e              eeeee e  eee
/data3fast/users/mbermudez/de_02/TFGDataset/img/T2_0490.png|ieeeeeeee             e   e e  e   ee eeeee 
/data3fast/users/mbermudez/de_02/TFGDataset/img/T2_0523.png|eeeeeeeee                  e     ee  eee  e
/data3fast/users/mbermudez/de_02/TFGDataset/img/T2_0398.png|dn                             eeeeee  eeeeee
/data3fast/users/mbermudez/de_02/TFGDataset/img/T2_1255.png|deee                           eeee ee  e
/data3fast/users/mbermudez/de_02/TFGDataset/img/T2_0176.png|dd                               eeeeeee
/data3fast/users/mbermudez/de_02/TFGDataset/img/T2_0481.png|eeeee                       e   e      e ee  ee
/data3fast/users/mbermudez/de_02/TFGDataset/img/T2_1178.png|dd                         eeee   e    
/data3fast/users/mbermudez/de_02/TFGDataset/img/T2_0403.png|dd             e             e  e eee e e  ee
/data3fast/users/mbermudez/de_02/TFGDataset/img/T2_0687.png|sss                ee           eeee eeee
/data3fast/users/mbermudez/de_02/TFGDataset/img/T2_1084.png|da                    ee     ee    eeee
/data3fast/users/mbermudez/de_02/TFGDataset/img/T2_0632.png|deeee         ee  e              eeeeeeeee
/data3fast/users/mbermudez/de_02/TFGDataset/img/T2_0907.png|dee         e         ee         eeee  e  
/data3fast/users/mbermudez/de_02/TFGDataset/img/T2_0162.png|eeee                              ee   e eeeeeeeeee
/data3fast/users/mbermudez/de_02/TFGDataset/img/T2_0598.png|eeeeeee                         ee     ee e e    e
/data3fast/users/mbermudez/de_02/TFGDataset/img/T2_1404.png|ssse                         ee   ee eeeee
/data3fast/users/mbermudez/de_02/TFGDataset/img/T2_0299.png|dee                  e           eeeeeeee
/data3fast/users/mbermudez/de_02/TFGDataset/img/T2_1410.png|dd                        eee   e   e  ee eeee
/data3fast/users/mbermudez/de_02/TFGDataset/img/T2_0190.png|iieee            eee       ee   eeeeee   e
/data3fast/users/mbermudez/de_02/TFGDataset/img/T2_1420.png|eeeee                              e  eee   eeee e
/data3fast/users/mbermudez/de_02/TFGDataset/img/T2_1288.png|ieeee               e   e     e ee  eeeeee
/data3fast/users/mbermudez/de_02/TFGDataset/img/T2_0019.png|ieeeee               e  e       eee  eeee   ee ee
/data3fast/users/mbermudez/de_02/TFGDataset/img/T2_0684.png|d                            e   e  e   eeeee
/data3fast/users/mbermudez/de_02/TFGDataset/img/T2_1360.png|eeeee     e                 e      eeeee   eeeeee
/data3fast/users/mbermudez/de_02/TFGDataset/img/T2_0132.png|eeeeee                  eee              eeeeeeeeeeee
/data3fast/users/mbermudez/de_02/TFGDataset/img/T2_0317.png|ieeee                           eeee e   e  eeee
/data3fast/users/mbermudez/de_02/TFGDataset/img/T2_0698.png|d                       e          eeeeeeeeee
/data3fast/users/mbermudez/de_02/TFGDataset/img/T2_0975.png|seee                            eeeeee 
/data3fast/users/mbermudez/de_02/TFGDataset/img/T2_1026.png|dd                         e    e  eeee    
/data3fast/users/mbermudez/de_02/TFGDataset/img/T2_0375.png|ssee          e           ee  e     eeeeee  eeeee
/data3fast/users/mbermudez/de_02/TFGDataset/img/T2_1164.png|da                              e e  e  ee   ee
/data3fast/users/mbermudez/de_02/TFGDataset/img/T2_0323.png|du            ee        ee eee      ee 
/data3fast/users/mbermudez/de_02/TFGDataset/img/T2_0416.png|da          ee       ee e             eee  
/data3fast/users/mbermudez/de_02/TFGDataset/img/T2_1432.png|eeeeee  eee      e            eeee e  eeeeeee
/data3fast/users/mbermudez/de_02/TFGDataset/img/T2_1469.png|aiee                      e     eeeee   
/data3fast/users/mbermudez/de_02/TFGDataset/img/T2_0188.png|eeeee    e                           eee  e e  eeeeeeee
/data3fast/users/mbermudez/de_02/TFGDataset/img/T2_0151.png|sseee                              e      eeeeee
/data3fast/users/mbermudez/de_02/TFGDataset/img/T2_0747.png|ieeeeee                        e    eeeee ee eeee
/data3fast/users/mbermudez/de_02/TFGDataset/img/T2_0071.png|deee                             e           eeeee   eee
/data3fast/users/mbermudez/de_02/TFGDataset/img/T2_0101.png|#     e   e
/data3fast/users/mbermudez/de_02/TFGDataset/img/T2_1371.png|ddee                                    ee eeeee  
/data3fast/users/mbermudez/de_02/TFGDataset/img/T2_0466.png|eeeeee        ee  e            eeeee       eeee 
/data3fast/users/mbermudez/de_02/TFGDataset/img/T2_0051.png|sss                                ee ee    eee
/data3fast/users/mbermudez/de_02/TFGDataset/img/T2_0622.png|ieeeeeee                    ee     ee e        eeeeeee
/data3fast/users/mbermudez/de_02/TFGDataset/img/T2_1037.png|aa                                  e eee     ee e eeeeee
/data3fast/users/mbermudez/de_02/TFGDataset/img/T2_1031.png|eeeee                        ee    ee    eeeeee
/data3fast/users/mbermudez/de_02/TFGDataset/img/T2_0866.png|ass                         e e e eee  e   eeeeee
/data3fast/users/mbermudez/de_02/TFGDataset/img/T2_0825.png|seeeee    e                      eee    eeeeeeee
/data3fast/users/mbermudez/de_02/TFGDataset/img/T2_0505.png|ieeeeee         eee e     eeeee
/data3fast/users/mbermudez/de_02/TFGDataset/img/T2_0624.png|dde              ee           e ee e   eeeeeeee
/data3fast/users/mbermudez/de_02/TFGDataset/img/T2_1392.png|#      eee   e
/data3fast/users/mbermudez/de_02/TFGDataset/img/T2_0485.png|eeee   e                        e  e  eee   eeeeeee  eee
/data3fast/users/mbermudez/de_02/TFGDataset/img/T2_0761.png|iieee           eeeeee
/data3fast/users/mbermudez/de_02/TFGDataset/img/T2_0075.png|#          eeeee   ee
/data3fast/users/mbermudez/de_02/TFGDataset/img/T2_0389.png|eeeeee              e      e             ee ee eeeeeee
/data3fast/users/mbermudez/de_02/TFGDataset/img/T2_0204.png|#    
/data3fast/users/mbermudez/de_02/TFGDataset/img/T2_0653.png|da                    e     e e eee eeee    eeeee
/data3fast/users/mbermudez/de_02/TFGDataset/img/T2_0225.png|ieeeee      ee e        e              e eeeeeeee  eeee
/data3fast/users/mbermudez/de_02/TFGDataset/img/T2_0382.png|iieeee                 e e      eee   e   eeeeeeee
/data3fast/users/mbermudez/de_02/TFGDataset/img/T2_1474.png|aa                        e      ee     ee  eeeeeeeee
/data3fast/users/mbermudez/de_02/TFGDataset/img/T2_1071.png|ieeeeeee                  e  eee  eee ee  eeee eeeeeee
/data3fast/users/mbermudez/de_02/TFGDataset/img/T2_0787.png|eeeeee                   e   e           eeeee   eeeee 
/data3fast/users/mbermudez/de_02/TFGDataset/img/T2_1190.png|sseee           e        e ee      eeee   e  eee   ee  eeee
/data3fast/users/mbermudez/de_02/TFGDataset/img/T2_0541.png|eeeeeeee  e         e e         e ee   ee  eeeeeeeee 
/data3fast/users/mbermudez/de_02/TFGDataset/img/T2_0656.png|iiee            ee        eeee  eee e   eeeeeeeee
/data3fast/users/mbermudez/de_02/TFGDataset/img/T2_0253.png|da                                  ee e  eee eeeeeeeeeee
/data3fast/users/mbermudez/de_02/TFGDataset/img/T2_0406.png|eeeeeee        e      e         ee ee e e  eeeeeee
/data3fast/users/mbermudez/de_02/TFGDataset/img/T2_0755.png|eeeeee        e           e    eeeee eeeeee 
/data3fast/users/mbermudez/de_02/TFGDataset/img/T2_0249.png|deee           ee                      eeee  eeeeee eeeee
/data3fast/users/mbermudez/de_02/TFGDataset/img/T2_1251.png|eeeeeeeeee      ee   e ee   ee     eeeeeee ee eeee
/data3fast/users/mbermudez/de_02/TFGDataset/img/T2_1416.png|deee           e        e e      ee     e e eeeeeee
/data3fast/users/mbermudez/de_02/TFGDataset/img/T2_0325.png|d            e                    eeee    eeeeeee 
/data3fast/users/mbermudez/de_02/TFGDataset/img/T2_1066.png|deeeee                      e    eee  eeeeeeeeeee
/data3fast/users/mbermudez/de_02/TFGDataset/img/T2_0871.png|ieeeee e        e           e    ee       eeeeeeeee
/data3fast/users/mbermudez/de_02/TFGDataset/img/T2_1182.png|iieeee     eee                eee eee   eeeeeeeeeeee
/data3fast/users/mbermudez/de_02/TFGDataset/img/T2_0271.png|aa               e          e   eee   eeee eee eee
/data3fast/users/mbermudez/de_02/TFGDataset/img/T2_0634.png|d                               e e     ee     e eeeeeeee
/data3fast/users/mbermudez/de_02/TFGDataset/img/T2_0016.png|eeeeeee    eee  eee eee
/data3fast/users/mbermudez/de_02/TFGDataset/img/T2_1183.png|ds                             eee eee   e eeeeeeee
/data3fast/users/mbermudez/de_02/TFGDataset/img/T2_0278.png|ieeeee                  e   e          ee  eeeee    eee    eeee
/data3fast/users/mbermudez/de_02/TFGDataset/img/T2_1488.png|dd      e      e       ee       eee   eeee  eeeeeee
/data3fast/users/mbermudez/de_02/TFGDataset/img/T2_1476.png|seee               e                eeeeeee eeeee
/data3fast/users/mbermudez/de_02/TFGDataset/img/T2_0568.png|iieeee      e         ee         ee    eeeeee eeee
/data3fast/users/mbermudez/de_02/TFGDataset/img/T2_0948.png|eeee          e        e e   eee eee    eeeeeee 
/data3fast/users/mbermudez/de_02/TFGDataset/img/T2_1121.png|iiee               e     e   ee     eeeeee   eeeeeeee
/data3fast/users/mbermudez/de_02/TFGDataset/img/T2_1263.png|eeeeeeee            e      ee  e e   e  eeeeeeeee
/data3fast/users/mbermudez/de_02/TFGDataset/img/T2_1004.png|ieeeeeee              eeee  ee  e   ee  eeeeeeeeeee
/data3fast/users/mbermudez/de_02/TFGDataset/img/T2_0050.png|deee            e e         e e  e    eeeeeeee eeeeeee
/data3fast/users/mbermudez/de_02/TFGDataset/img/T2_1289.png|ssee                    eee   ee   ee eee  ee      eeeeeee
/data3fast/users/mbermudez/de_02/TFGDataset/img/T2_1413.png|dde                e   e   e  eeeeeeeeeee eeeeee
/data3fast/users/mbermudez/de_02/TFGDataset/img/T2_1091.png|eeeeeeeee              e eee    e      eeeee  eeeeeee eeeee
/data3fast/users/mbermudez/de_02/TFGDataset/img/T2_0005.png|iieeee         e            eeeeeee  ee  eeeeeee
/data3fast/users/mbermudez/de_02/TFGDataset/img/T2_0080.png|aaa                      eee    eeee ee   e e e ee
/data3fast/users/mbermudez/de_02/TFGDataset/img/T2_0803.png|deeee              e        e     eeeeee  eee
/data3fast/users/mbermudez/de_02/TFGDataset/img/T2_0612.png|dae                       ee   e  e e    eeeee  eee
/data3fast/users/mbermudez/de_02/TFGDataset/img/T2_0708.png|eeeeeeeeee             eeee      eeeeeeeeeee
/data3fast/users/mbermudez/de_02/TFGDataset/img/T2_0824.png|dd          ee                      e  e eeeee    eeee
/data3fast/users/mbermudez/de_02/TFGDataset/img/T2_0685.png|dde                  e   eeee  eee   e  eeeee e
/data3fast/users/mbermudez/de_02/TFGDataset/img/T2_0936.png|dd         e         ee ee e ee    eeeee    e eeeeeee
/data3fast/users/mbermudez/de_02/TFGDataset/img/T2_0065.png|ddee                        eeeee     eeeee   eeeeeee  
/data3fast/users/mbermudez/de_02/TFGDataset/img/T2_0368.png|dd            e    e ee      ee   eeeeeeeeeeeeeeeeeeee
/data3fast/users/mbermudez/de_02/TFGDataset/img/T2_1450.png|sse                 ee ee    ee  e  ee  ee eeeeeeeeeee
/data3fast/users/mbermudez/de_02/TFGDataset/img/T2_1176.png|ieeeee   e                 eeeee  e eeeeeeeeeeeeee
/data3fast/users/mbermudez/de_02/TFGDataset/img/T2_1345.png|eeeeeeee e       e       ee  eeeee   eeeee
/data3fast/users/mbermudez/de_02/TFGDataset/img/T2_0197.png|eeeeeee  ee e          e    ee        e  eeeeeeee eeeeeeee
/data3fast/users/mbermudez/de_02/TFGDataset/img/T2_1329.png|sseeee  e           e    e  ee     eeeeeeeeee e
/data3fast/users/mbermudez/de_02/TFGDataset/img/T2_0659.png|ieeeeeeeee           e e     ee    eeee  eeeeeeeeee e
/data3fast/users/mbermudez/de_02/TFGDataset/img/T2_0743.png|aa                  e       ee     e  eeeeeeee
/data3fast/users/mbermudez/de_02/TFGDataset/img/T2_1386.png|dd         e              eeeeee    eeeeeeee eeee 
/data3fast/users/mbermudez/de_02/TFGDataset/img/T2_0911.png|eee   eeee     eeeee
/data3fast/users/mbermudez/de_02/TFGDataset/img/T2_0778.png|iiiee ee          ee        eeeeee    eeeeeee e  eeee
/data3fast/users/mbermudez/de_02/TFGDataset/img/T2_1244.png|ieeee                   ee e      eeeeeeeeeeeee 
/data3fast/users/mbermudez/de_02/TFGDataset/img/T2_1317.png|de     ee ee     ee        eeee eeeeeeeeeee eeeeeeee
/data3fast/users/mbermudez/de_02/TFGDataset/img/T2_1328.png|ddee       e    ee     e        ee     eeeee  eeee
/data3fast/users/mbermudez/de_02/TFGDataset/img/T2_1128.png|iieeeeee  eee e     e      eeee    eeee    eeeee   eeeeeeeee
/data3fast/users/mbermudez/de_02/TFGDataset/img/T2_0328.png|dee     eee  ee 
/data3fast/users/mbermudez/de_02/TFGDataset/img/T2_0808.png|ieeeeeeee          eeee e     eeee    eeeeeeeeeeeee
/data3fast/users/mbermudez/de_02/TFGDataset/img/T2_1045.png|ieeeeee       e      e     e   e  eeee    eeeeeeeeeee
/data3fast/users/mbermudez/de_02/TFGDataset/img/T2_1153.png|dd        ee eeee
/data3fast/users/mbermudez/de_02/TFGDataset/img/T2_0799.png|ieeeeeee       ee     e       eeee   e eeeeeee eeeeee
/data3fast/users/mbermudez/de_02/TFGDataset/img/T2_1220.png|ieeeeee             e     ee     ee  ee ee eeeee
/data3fast/users/mbermudez/de_02/TFGDataset/img/T2_0606.png|deeeeee       e eee   eeeee  ee eee    ee   eeeee  eee eeeee
/data3fast/users/mbermudez/de_02/TFGDataset/img/T2_0357.png|deee   e        e e    eeee    ee  eee eeeeeee
/data3fast/users/mbermudez/de_02/TFGDataset/img/T2_0070.png|dee    ee             e   e  ee  ee e    eeeeeeeeee
/data3fast/users/mbermudez/de_02/TFGDataset/img/T2_0584.png|de e   e eeeeeeeee
/data3fast/users/mbermudez/de_02/TFGDataset/img/T2_1216.png|eeeeee          ee e   ee    eee    eeeeeeeee  ee
/data3fast/users/mbermudez/de_02/TFGDataset/img/T2_1198.png|ddee    ee       ee     e   e  ee   eeeeeeeeeee  
/data3fast/users/mbermudez/de_02/TFGDataset/img/T2_0714.png|aaa          ee  eeee     eeeeeeeee
/data3fast/users/mbermudez/de_02/TFGDataset/img/T2_1177.png|seeee     eee   eeeee    e e  eee eeeeee eeeeeeeee
/data3fast/users/mbermudez/de_02/TFGDataset/img/T2_0391.png|deeee        ee ee e   eeeee    ee      e ee eeeeeeeeeeeeeee
/data3fast/users/mbermudez/de_02/TFGDataset/img/T2_0300.png|iieeee eee  ee     eee e            eeeeeee  eeeee
/data3fast/users/mbermudez/de_02/TFGDataset/img/T2_0073.png|aa                    eeee       eee eeeeee   eeeeeee
/data3fast/users/mbermudez/de_02/TFGDataset/img/T2_0949.png|eeeeee e   eee   e ee ee    ee eeeeeeeeeeeee
/data3fast/users/mbermudez/de_02/TFGDataset/img/T2_0945.png|ieeeee   e ee   e  ee  eeeeeeeee
/data3fast/users/mbermudez/de_02/TFGDataset/img/T2_0402.png|eeeeeee   e        e   eeeee     eeeeeeeeee eeeeee
/data3fast/users/mbermudez/de_02/TFGDataset/img/T2_0535.png|ieeee    e  e    eeee        eeeeeeeeeeeeeee
/data3fast/users/mbermudez/de_02/TFGDataset/img/T2_0680.png|eeeeeeeee        ee   e  ee   e e eeeeee eeeeeeeeeee
/data3fast/users/mbermudez/de_02/TFGDataset/img/T2_0297.png|deeeeee             eeeeee     eeee  eee  ee eeeeee
/data3fast/users/mbermudez/de_02/TFGDataset/img/T2_0699.png|eeeeeeeee                e      e  eeeeeeeeeeeee
/data3fast/users/mbermudez/de_02/TFGDataset/img/T2_1117.png|aie         e  ee           ee e e eeee  eeeeeeeee
/data3fast/users/mbermudez/de_02/TFGDataset/img/T2_1074.png|eeeeee    ee  eee  ee  e    eeeee e  eeee e  eeeeeee
/data3fast/users/mbermudez/de_02/TFGDataset/img/T2_1286.png|d             ee            ee     e eeeee ee eeee
/data3fast/users/mbermudez/de_02/TFGDataset/img/T2_0983.png|dd            e        eeeee  e  eeeeeeeeeeee
/data3fast/users/mbermudez/de_02/TFGDataset/img/T2_0494.png|iieee    eeeee
/data3fast/users/mbermudez/de_02/TFGDataset/img/T2_0236.png|dae            ee  e ee eeee e  e eeeeee e  
/data3fast/users/mbermudez/de_02/TFGDataset/img/T2_0027.png|eeeeeeeee   e eeee    e     e  ee eeee ee eeee
/data3fast/users/mbermudez/de_02/TFGDataset/img/T2_0874.png|ieeeeeee        eeee e   e eeeee    ee eeeeeeeeee 
/data3fast/users/mbermudez/de_02/TFGDataset/img/T2_0670.png|seeeee  e     e e e     eeee eeeeeee eeeee
/data3fast/users/mbermudez/de_02/TFGDataset/img/T2_1080.png|eeeeeeeeee e  eeee     ee ee eeee eeeee eeeeeee
/data3fast/users/mbermudez/de_02/TFGDataset/img/T2_0467.png|sseeeeee   e       eeee e    ee   ee ee   eeeeeeeeeeee
/data3fast/users/mbermudez/de_02/TFGDataset/img/T2_0776.png|sseee  ee    e          eeeeeee eee eeeeeeeeeeee
/data3fast/users/mbermudez/de_02/TFGDataset/img/T2_0998.png|deeeee    ee  ee e e eee    ee  e e   e eeeeeeeeee
/data3fast/users/mbermudez/de_02/TFGDataset/img/T2_0397.png|da       e         e eee     eeeee eeee eeeeee
/data3fast/users/mbermudez/de_02/TFGDataset/img/T2_0987.png|#    eee
/data3fast/users/mbermudez/de_02/TFGDataset/img/T2_1011.png|#     eee
/data3fast/users/mbermudez/de_02/TFGDataset/img/T2_0352.png|ieeee   eee    ee   e e eee       eeeeeeeeee
/data3fast/users/mbermudez/de_02/TFGDataset/img/T2_1428.png|eeeeeeeee     e       eeeeeeeee    eeeeeeeeeeee
/data3fast/users/mbermudez/de_02/TFGDataset/img/T2_0860.png|ieeeeeeee  eeeeee  eeeeeeee   eeeeeeeeeeeeee
/data3fast/users/mbermudez/de_02/TFGDataset/img/T2_0267.png|ddee      eee     e      eeee  e  eeee e e eeeeee
/data3fast/users/mbermudez/de_02/TFGDataset/img/T2_0847.png|##   
/data3fast/users/mbermudez/de_02/TFGDataset/img/T2_0964.png|ieeeeee        eee    eeee    eeeeeeeeeeee
/data3fast/users/mbermudez/de_02/TFGDataset/img/T2_0896.png|dd        ee      eeeee  e   eeeeeee eeee
/data3fast/users/mbermudez/de_02/TFGDataset/img/T2_0280.png|ieeeeeee          e e      eee    e eeeeeeeeee
/data3fast/users/mbermudez/de_02/TFGDataset/img/T2_0522.png|iieeee e eee   ee  eeee   e e e  eeeeeeeeeeeee
/data3fast/users/mbermudez/de_02/TFGDataset/img/T2_0020.png|iii                        e eee   eeeeeeee
/data3fast/users/mbermudez/de_02/TFGDataset/img/T2_0926.png|ddee        eeee   e  e  eee    eeeeeeeeeeeeeeee
/data3fast/users/mbermudez/de_02/TFGDataset/img/T2_0663.png|eeeeeeeee e  eee        eee e eeee  ee eeeeeee  
/data3fast/users/mbermudez/de_02/TFGDataset/img/T2_0157.png|s       e           ee ee   ee     eeee      eeeeee
/data3fast/users/mbermudez/de_02/TFGDataset/img/T2_0731.png|ieee   e       ee e    eeeeeeeeeeeeeeeee
/data3fast/users/mbermudez/de_02/TFGDataset/img/T2_0435.png|eeeeeeeee    e     e  eee  e  eeee  e  eeeeeeeeee
/data3fast/users/mbermudez/de_02/TFGDataset/img/T2_0893.png|seeee    e e     e eee    ee   eee ee ee eeeee
/data3fast/users/mbermudez/de_02/TFGDataset/img/T2_1492.png|seeeee e e e         e   e  e eeeeeeee eeeeeeeee
/data3fast/users/mbermudez/de_02/TFGDataset/img/T2_0458.png|dd                    e    eee    eeeeee eeeeeee
/data3fast/users/mbermudez/de_02/TFGDataset/img/T2_0341.png|eeeeeeeeee   ee eeeee   eee eeeeeeeeeeeeeeeeee
/data3fast/users/mbermudez/de_02/TFGDataset/img/T2_0311.png|gieeee   e         e  eee    eeeee ee   eeee eee
/data3fast/users/mbermudez/de_02/TFGDataset/img/T2_0626.png|dde      e     e     ee    ee eee  eeeeeeeeeeee
/data3fast/users/mbermudez/de_02/TFGDataset/img/T2_0279.png|deee    e         e ee  eeeeeee  eeeeeee
/data3fast/users/mbermudez/de_02/TFGDataset/img/T2_1019.png|eeeeeeee e  e  e   eeeeeeeeeee
/data3fast/users/mbermudez/de_02/TFGDataset/img/T2_0593.png|geeeee   ee eeee     e   ee ee eeeeeeeeeee e
/data3fast/users/mbermudez/de_02/TFGDataset/img/T2_1457.png|"      e       ee   eeeee   eeeeeeeee eeeee
/data3fast/users/mbermudez/de_02/TFGDataset/img/T2_0251.png|deeeeeeee    eeee  e ee  eeee e eeeeeee eeeeeee
/data3fast/users/mbermudez/de_02/TFGDataset/img/T2_1383.png|seeeeeeeee    eee  eee  eeee e eeeeeeeeeeeeeeee
/data3fast/users/mbermudez/de_02/TFGDataset/img/T2_1203.png|eeeeeeeee    e ee    eeeeee e eeeeeeeeeeee
/data3fast/users/mbermudez/de_02/TFGDataset/img/T2_0366.png|dd            ee          eeeeee eeeeeeeee
/data3fast/users/mbermudez/de_02/TFGDataset/img/T2_0706.png|dde      e ee  e   e ee ee  eeeee   eeeeeeeeee
/data3fast/users/mbermudez/de_02/TFGDataset/img/T2_0436.png|ss         ee        eeeeee  e eeeee eeeeeeeee
/data3fast/users/mbermudez/de_02/TFGDataset/img/T2_1127.png|dd       ee          eeeeeee  e   eeee eeeee
/data3fast/users/mbermudez/de_02/TFGDataset/img/T2_1189.png|deeee     e eeeeee   eeeee eeeeeeeeeeeeee
/data3fast/users/mbermudez/de_02/TFGDataset/img/T2_0784.png|dd      eeee               ee  eeeeeee eeeeeee
/data3fast/users/mbermudez/de_02/TFGDataset/img/T2_0744.png|deeeee eee       eeeee     eeeee  eeeeeeeeeeeeeee
/data3fast/users/mbermudez/de_02/TFGDataset/img/T2_0709.png|deeee        e   e    ee    eee   eeee eeeeeee
/data3fast/users/mbermudez/de_02/TFGDataset/img/T2_1303.png|deee  e  eeeeee    e eee  eee eeee eeeeee eeeeee
/data3fast/users/mbermudez/de_02/TFGDataset/img/T2_0000.png|iieee       e      ee         e      e eeeeeeeee e
/data3fast/users/mbermudez/de_02/TFGDataset/img/T2_1156.png|eeeeeeeeeee       e  e     ee     eeeeeeeeeeeeeee
/data3fast/users/mbermudez/de_02/TFGDataset/img/T2_0700.png|ieeeeeee               e   eeee   ee e eeeeeeeeeeeeeee
/data3fast/users/mbermudez/de_02/TFGDataset/img/T2_0526.png|ii             ee   ee   e      eeeeee eee
/data3fast/users/mbermudez/de_02/TFGDataset/img/T2_0602.png|eeeeeeeee  eeee
/data3fast/users/mbermudez/de_02/TFGDataset/img/T2_1293.png|ieee         eee       e   e eee eeeeeeeeeeeeeeee
/data3fast/users/mbermudez/de_02/TFGDataset/img/T2_0960.png|deeeeeeee eee   eeeee  eee  eeeeeeeeeeeeeeeeee
/data3fast/users/mbermudez/de_02/TFGDataset/img/T2_1050.png|deeeeeee   e     ee eee eee ee   eeeeeeeeeeeeeee
/data3fast/users/mbermudez/de_02/TFGDataset/img/T2_1237.png|dd           e         e   e ee  e  eeeeeeeeeeeeee
/data3fast/users/mbermudez/de_02/TFGDataset/img/T2_1229.png|#       ee e  ee e     eee e    eee ee eeeee
/data3fast/users/mbermudez/de_02/TFGDataset/img/T2_0315.png|dd           ee    ee     eeee  eee  eeeeeeeeeeeee
/data3fast/users/mbermudez/de_02/TFGDataset/img/T2_0652.png|eeeeeeee e       e   eee  ee  ee   eeee eeeeeeeee
/data3fast/users/mbermudez/de_02/TFGDataset/img/T2_0115.png|de eeeeeee ee  eeeee  e ee e eeeeeee ee
/data3fast/users/mbermudez/de_02/TFGDataset/img/T2_0113.png|iieeeeee   ee e        ee    eeeeeeeeeeeeeeeeeee
/data3fast/users/mbermudez/de_02/TFGDataset/img/T2_1281.png|dd       e    e    e          e     e  eeeeeeeeeeeeeeeee
/data3fast/users/mbermudez/de_02/TFGDataset/img/T2_0392.png|iieeeeee e   e   eeeeeeeeeee eeeeeeeeeeeeeeeeeee
/data3fast/users/mbermudez/de_02/TFGDataset/img/T2_0206.png|dd      e e     ee ee   e eeeeeeeeeeee
/data3fast/users/mbermudez/de_02/TFGDataset/img/T2_0367.png|deeee           ee  ee  eee e eeeeee  eeeeeeeeeeeeee
/data3fast/users/mbermudez/de_02/TFGDataset/img/T2_0104.png|aae           e       eeeeeee    eeeee   e ee eeeeeeee e
/data3fast/users/mbermudez/de_02/TFGDataset/img/T2_0745.png|eeeeeeee         eeeee     e  eee    eeeeeeeeeeeee
/data3fast/users/mbermudez/de_02/TFGDataset/img/T2_0205.png|eeeeeeeee       e    e    e eeee  eeee eeeeeeeeeeeee
/data3fast/users/mbermudez/de_02/TFGDataset/img/T2_1349.png|eeeeeeeee   eee eee           e   eeeeeeeeee eeeeeeeeee
/data3fast/users/mbermudez/de_02/TFGDataset/img/T2_0476.png|deeeeee      ee eeeee
/data3fast/users/mbermudez/de_02/TFGDataset/img/T2_1046.png|#    eeeee
/data3fast/users/mbermudez/de_02/TFGDataset/img/T2_0992.png|eeeeeeeee     e e  ee e e e  eee  e eeeeeeeeeeeeeee
/data3fast/users/mbermudez/de_02/TFGDataset/img/T2_0024.png|eeeeeeee  e e ee e  eeee   e eeeee eeeeeeee  eeeeeeeeeee
/data3fast/users/mbermudez/de_02/TFGDataset/img/T2_0740.png|deee e e ee ee     ee    e  ee     eeee eeeeeeeeeee eeeeeee
/data3fast/users/mbermudez/de_02/TFGDataset/img/T2_1018.png|iieeeee       e    eeee    e    eeeeeeeeeeeeeeeeeeee
/data3fast/users/mbermudez/de_02/TFGDataset/img/T2_1226.png|aae         e e  e    eeeeeee ee eeeeeeeeeeeeeeeee
/data3fast/users/mbermudez/de_02/TFGDataset/img/T2_0679.png|dd        e            ee  eee      ee  eeeeeeeeeeeee
/data3fast/users/mbermudez/de_02/TFGDataset/img/T2_0270.png|#       eeee 
/data3fast/users/mbermudez/de_02/TFGDataset/img/T2_0120.png|seeeee   eee       eeee      eeee   eeeeee eeeeeeeeeeee
/data3fast/users/mbermudez/de_02/TFGDataset/img/T2_0870.png|dd     eee     eeee e     eeee eeeee e  eeeeeeeeee
/data3fast/users/mbermudez/de_02/TFGDataset/img/T2_0054.png|d  eee  eeeeeeee
/data3fast/users/mbermudez/de_02/TFGDataset/img/T2_0426.png|ssee e       eee e   eee  eeeee   eeeeeee eeeeeeeeeee
/data3fast/users/mbermudez/de_02/TFGDataset/img/T2_1242.png|deeee       eee     eee      e  eeeeeeee eeee  eeeeeeeeeeee
/data3fast/users/mbermudez/de_02/TFGDataset/img/T2_0488.png|eeeeeeeeee    eee  eeeee    eeeee  eeeeeeeeeeeeee
/data3fast/users/mbermudez/de_02/TFGDataset/img/T2_1464.png|eeeeeeee  ee e  e ee        eeee      eeeeeeeeeeeee 
/data3fast/users/mbermudez/de_02/TFGDataset/img/T2_0139.png|seeee        ee         e e    eeeee     eeeeeeeeeeeeeeee
/data3fast/users/mbermudez/de_02/TFGDataset/img/T2_0168.png|dd             e         ee e eeeeee    eeeeeeeeeeeeeee
/data3fast/users/mbermudez/de_02/TFGDataset/img/T2_0447.png|ieee        e ee e   e   eeeee  eeeee eeeeeeeeeeeeeeee
/data3fast/users/mbermudez/de_02/TFGDataset/img/T2_0697.png|eeeeeeee  e    eeee        eee   eeee    eeeeeeeeeee eeeee
/data3fast/users/mbermudez/de_02/TFGDataset/img/T2_1171.png|da          eee ee   e     e   eee eee eeeeeeeeeeeeee
/data3fast/users/mbermudez/de_02/TFGDataset/img/T2_0798.png|eeeeeeeee   ee   e eeeee  ee     eeeeeeeeeeeeee
/data3fast/users/mbermudez/de_02/TFGDataset/img/T2_1245.png|dd   ee    
/data3fast/users/mbermudez/de_02/TFGDataset/img/T2_1390.png|iiee   e       eeee     e       ee    ee  eeeeeeeeeeeee
/data3fast/users/mbermudez/de_02/TFGDataset/img/T2_0486.png|dde   ee ee      ee    ee e     e  e  eeeeeeeeeeeeeee
/data3fast/users/mbermudez/de_02/TFGDataset/img/T2_0633.png|deeeeee    eee    eeeeeeeeeeee
/data3fast/users/mbermudez/de_02/TFGDataset/img/T2_1146.png|seeee ee eee e  eee   e  eee  eeee  eeeeeeeeeeeeeee
/data3fast/users/mbermudez/de_02/TFGDataset/img/T2_0450.png|ieeeeee   e   e e e   eee     eeeeeeee  eeeeeeeeeeeee
/data3fast/users/mbermudez/de_02/TFGDataset/img/T2_1210.png|eeeeeeeee ee     eee   eee    eeeeeeeeeeeeeeeeeeeeeeee
/data3fast/users/mbermudez/de_02/TFGDataset/img/T2_0738.png|eeeeeee  ee    eee        e  e  e   eeeeeee  eeeeeeeeeeeee
/data3fast/users/mbermudez/de_02/TFGDataset/img/T2_0728.png|iieeeee         e    e       ee  eee     ee  eeeeeeeeeeeeee
/data3fast/users/mbermudez/de_02/TFGDataset/img/T2_1241.png|eeeeeeeee  e       eeeee  eeee  ee   eeeeeeeeeeeeeeeeeeeeee
/data3fast/users/mbermudez/de_02/TFGDataset/img/T2_1259.png|#        eeeee
/data3fast/users/mbermudez/de_02/TFGDataset/img/T2_1443.png|aae       ee  eee eeeee e   e     eee  e   eeeeeeeeeeeee eeeee
/data3fast/users/mbermudez/de_02/TFGDataset/img/T2_0448.png|eeeeeeeee        e      ee   eeee   eeeeeeeeeeeeeeeeeeeeeee
/data3fast/users/mbermudez/de_02/TFGDataset/img/T2_0432.png|#      eeeeeee eee
/data3fast/users/mbermudez/de_02/TFGDataset/img/T2_0129.png|#     eeee
/data3fast/users/mbermudez/de_02/TFGDataset/img/T2_1268.png|dde          eee    eee      eeee  eeeeeeeeee
/data3fast/users/mbermudez/de_02/TFGDataset/img/T2_0790.png|seeeeeee        eeeeee    ee       eeee  eeeeeeeeeeeeee
/data3fast/users/mbermudez/de_02/TFGDataset/img/T2_0905.png|gieeee e          eee       eeeeeee    eeee
/data3fast/users/mbermudez/de_02/TFGDataset/img/T2_0548.png|sseeee    e  eee     eee  e e  eeeeeeeeee   e eeeeeeeeeee
/data3fast/users/mbermudez/de_02/TFGDataset/img/T2_1408.png|#      eeee 
/data3fast/users/mbermudez/de_02/TFGDataset/img/T2_0390.png|sseee        e            eeeeeeeeeee eeeeeeeeeeeeeeeee
/data3fast/users/mbermudez/de_02/TFGDataset/img/T2_1201.png|deeeeee e  eeee e    eee   ee  eee eeeeee eeeeeeeeeeee
/data3fast/users/mbermudez/de_02/TFGDataset/img/T2_1134.png|eeeeee     e ee  ee       e    eeeeee eeee  eeeeeeeeeeee
/data3fast/users/mbermudez/de_02/TFGDataset/img/T2_0838.png|sseeee   e   e   ee eeee e   eee  e e eeeeeeeeeeeee
/data3fast/users/mbermudez/de_02/TFGDataset/img/T2_1100.png|iiieee    e     e ee      eeeee        eeeeeeeeeeeeeeeee
/data3fast/users/mbermudez/de_02/TFGDataset/img/T2_1352.png|deeeee   eee    eeee e    e     eeeeeee   eeeeeeeeeeeee
/data3fast/users/mbermudez/de_02/TFGDataset/img/T2_0393.png|seeee        eeee  e    eee e    eee e e eeeeeeeeeee
/data3fast/users/mbermudez/de_02/TFGDataset/img/T2_1059.png|seeeeee    e e eeee ee  eeeeeeeee
/data3fast/users/mbermudez/de_02/TFGDataset/img/T2_0702.png|eeeeeeee    e    e   eeee    eeeeeeeeeeeeeee
/data3fast/users/mbermudez/de_02/TFGDataset/img/T2_0242.png|eeeeeee     e   eee      eeee    eeeeeeeeeeeeeeeeeeeee
/data3fast/users/mbermudez/de_02/TFGDataset/img/T2_0234.png|dde          ee  eee        eeeeeee  e ee eeeee eee
/data3fast/users/mbermudez/de_02/TFGDataset/img/T2_0582.png|aaa           ee e eee  e    ee   eeeeeeeeeeeeeee
/data3fast/users/mbermudez/de_02/TFGDataset/img/T2_0285.png|aa        eee               ee  e eeeeee eeeeee
/data3fast/users/mbermudez/de_02/TFGDataset/img/T2_1152.png|dde    e    e  e       e eeeeee  e     eeeeeeeeee
/data3fast/users/mbermudez/de_02/TFGDataset/img/T2_0130.png|eeeeeeee  e   eee    eee       eeeeeeeeeeeeeeeeeeeee
/data3fast/users/mbermudez/de_02/TFGDataset/img/T2_0502.png|anee                     eee  ee e  eeeeeeeeeeeeee
/data3fast/users/mbermudez/de_02/TFGDataset/img/T2_0415.png|eeeeee     e e   e  ee       e e e   ee  e  eeeeeeeeeeeeeeee
/data3fast/users/mbermudez/de_02/TFGDataset/img/T2_0420.png|dde        e  e       ee     eeeeeee  eeeeeeeeeee
/data3fast/users/mbermudez/de_02/TFGDataset/img/T2_0599.png|dd              ee   e      eeee   e  eeeee   eeeeee
/data3fast/users/mbermudez/de_02/TFGDataset/img/T2_0140.png|eeeeeeeee e e   eeeee  ee  ee ee e eeeeeeeee eeeeeeeeeeeee
/data3fast/users/mbermudez/de_02/TFGDataset/img/T2_1192.png|d            eee          ee   ee eeee e eeeeeeeeeeeeeee eeee
/data3fast/users/mbermudez/de_02/TFGDataset/img/T2_0765.png|ieeeeee ee      e            eee    eeeeeeeeeeeee
/data3fast/users/mbermudez/de_02/TFGDataset/img/T2_1002.png|eeeeee   e           eee    eee     ee ee eeeeeeeeeeeee
/data3fast/users/mbermudez/de_02/TFGDataset/img/T2_1179.png|dde  e       eee         ee            e ee eeeee  eeee
/data3fast/users/mbermudez/de_02/TFGDataset/img/T2_0396.png|eeeeeee e       ee e      eee   eeeeeeeeee eeeeeeeeeeeeee
/data3fast/users/mbermudez/de_02/TFGDataset/img/T2_1484.png|dde       e    ee   ee    eeee   eeeeee  eeeeeeeeeeeeee
/data3fast/users/mbermudez/de_02/TFGDataset/img/T2_0193.png|d           eee    e   eeeee     eeee     eeeeeeeeeeee
/data3fast/users/mbermudez/de_02/TFGDataset/img/T2_0124.png|aaa              e e      eeee     eeeeeeeeeee
/data3fast/users/mbermudez/de_02/TFGDataset/img/T2_0444.png|aie                 e   ee  ee   ee eeeeeeeeeeeeeeeee
/data3fast/users/mbermudez/de_02/TFGDataset/img/T2_1429.png|#    eeeee
/data3fast/users/mbermudez/de_02/TFGDataset/img/T2_0999.png|eeeeeeeee        eee    eee  e ee ee  eeeee eeeeeeeee
/data3fast/users/mbermudez/de_02/TFGDataset/img/T2_0837.png|ddee                e         e  ee eeeeeeeeeeee
/data3fast/users/mbermudez/de_02/TFGDataset/img/T2_0470.png|dee    eee eeeee
/data3fast/users/mbermudez/de_02/TFGDataset/img/T2_0501.png|eeeeeeeeee        eeeeee eeee     eeeeeeeeeeeeeeeeee 
/data3fast/users/mbermudez/de_02/TFGDataset/img/T2_0208.png|dd              ee      e e    eeeeeee eeeeeee
/data3fast/users/mbermudez/de_02/TFGDataset/img/T2_0088.png|eeeeeee     e eee     ee eeee eeeeeeeeeeeeee
/data3fast/users/mbermudez/de_02/TFGDataset/img/T2_0631.png|dde        e        eee   eeee  eeeeeeee
/data3fast/users/mbermudez/de_02/TFGDataset/img/T2_0217.png|se         eeeee      eeee  eeeeee  eeeeeeee
/data3fast/users/mbermudez/de_02/TFGDataset/img/T2_0293.png|deeee       e   e  eee eeeeeeee  eeeeeeeeeeee ee
/data3fast/users/mbermudez/de_02/TFGDataset/img/T2_0822.png|dd                 e   eeee    eeee ee
/data3fast/users/mbermudez/de_02/TFGDataset/img/T2_0038.png|sseee  e  ee    eee   e    eee e e    eeeeeeeeee
/data3fast/users/mbermudez/de_02/TFGDataset/img/T2_0026.png|iieee e       ee   ee eeeeeee    e eeeeeeeeeeee
/data3fast/users/mbermudez/de_02/TFGDataset/img/T2_0514.png|deee      e     ee      e  e eeeeeeeeeeeeeeee eeeeeeee
/data3fast/users/mbermudez/de_02/TFGDataset/img/T2_0082.png|eeeeeeee       ee     eeeeee  eeeee  eeeeeeeeeee
/data3fast/users/mbermudez/de_02/TFGDataset/img/T2_0374.png|aa                     e         eeee  eeeeeee
/data3fast/users/mbermudez/de_02/TFGDataset/img/T2_1394.png|eeeeeeeeeee e ee   e     e  eeee  eee eeeeeeeeeee
/data3fast/users/mbermudez/de_02/TFGDataset/img/T2_0976.png|ss     e        e   eee     e eee  e eeeeeeeeeeee
/data3fast/users/mbermudez/de_02/TFGDataset/img/T2_0703.png|eeeeeeee   ee      eee  e  eee e  eeeeeeeee
/data3fast/users/mbermudez/de_02/TFGDataset/img/T2_0313.png|dd        eeeee        eee      eeeee eeeeeeeeee
/data3fast/users/mbermudez/de_02/TFGDataset/img/T2_1092.png|dde       e    ee          eeeeee   eeeeeeee
/data3fast/users/mbermudez/de_02/TFGDataset/img/T2_0887.png|se     e           ee        e  eeeeeee e eeeeee
/data3fast/users/mbermudez/de_02/TFGDataset/img/T2_1481.png|eeeeeeeee     e     e eeee   eeeeee eee eee
/data3fast/users/mbermudez/de_02/TFGDataset/img/T2_0399.png|aaa           eee          eeeeeee  eeeeeeeee
/data3fast/users/mbermudez/de_02/TFGDataset/img/T2_0792.png|dd                      eeee eeeeeeeeeee
/data3fast/users/mbermudez/de_02/TFGDataset/img/T2_0923.png|"            ee      eeeeeeee eeeeeee
/data3fast/users/mbermudez/de_02/TFGDataset/img/T2_0668.png|deeeeee  eee  e    e    ee  eeeeeee e eeeeeeeee
/data3fast/users/mbermudez/de_02/TFGDataset/img/T2_0194.png|eeeeeee        eeee   ee eee e  eeeeeeeeeeee
/data3fast/users/mbermudez/de_02/TFGDataset/img/T2_0108.png|deee              eee   e e  e eeeee  eeeeeeeeeeeeeee
/data3fast/users/mbermudez/de_02/TFGDataset/img/T2_0664.png|eeeeeeeeeeeeee    eeee ee e  eeee  eeeeeeeeeee
/data3fast/users/mbermudez/de_02/TFGDataset/img/T2_0977.png|deeee                     eee     eeeeeeee
/data3fast/users/mbermudez/de_02/TFGDataset/img/T2_0290.png|eeeeeeeee      eeeeee    eeeeeeeeeee  eeeeeeeeeee
/data3fast/users/mbermudez/de_02/TFGDataset/img/T2_0588.png|ddee     ee          e        eeeee eee eeee
/data3fast/users/mbermudez/de_02/TFGDataset/img/T2_0091.png|dd           e          eeee     eee eeeeeeeee
/data3fast/users/mbermudez/de_02/TFGDataset/img/T2_0511.png|gieeeee           eee     eeeeee  eeeeeeeeeee
/data3fast/users/mbermudez/de_02/TFGDataset/img/T2_1139.png|iieee      eee             eeeeee  eeeeeee
/data3fast/users/mbermudez/de_02/TFGDataset/img/T2_0688.png|deeee  ee          eee e    eeee  ee     eeee eeeeeeeee
/data3fast/users/mbermudez/de_02/TFGDataset/img/T2_1462.png|aa          e e     e  eeee e e  eeeeeeee eee
/data3fast/users/mbermudez/de_02/TFGDataset/img/T2_1103.png|geeeeee e eee     eeeeee   eeeeeeeeeeeeee
/data3fast/users/mbermudez/de_02/TFGDataset/img/T2_0497.png|dd          e  e  eee  ee    eeeeeeeeeeee
/data3fast/users/mbermudez/de_02/TFGDataset/img/T2_1101.png|dd            e        e    eeeeeeee
/data3fast/users/mbermudez/de_02/TFGDataset/img/T2_0431.png|eeeee    e          e e   e e   eeeeeeee
/data3fast/users/mbermudez/de_02/TFGDataset/img/T2_0044.png|eeeeee       eee             e eee eeeee
/data3fast/users/mbermudez/de_02/TFGDataset/img/T2_0010.png|eeeeee  e eee eeeeee  e   eeeeeeee eeeeeeeeee
/data3fast/users/mbermudez/de_02/TFGDataset/img/T2_0427.png|aaa           eee     eeee eeeee eeeeeeeee
/data3fast/users/mbermudez/de_02/TFGDataset/img/T2_1403.png|ieeeeeeee       e      e eeee   eeee eeeeeeeee
/data3fast/users/mbermudez/de_02/TFGDataset/img/T2_0927.png|eeeeeeeee   eeee     eee   ee  eeeeeeeeeeeeeeee
/data3fast/users/mbermudez/de_02/TFGDataset/img/T2_0247.png|aaa               e              eeeeeeee eee
/data3fast/users/mbermudez/de_02/TFGDataset/img/T2_1483.png|dd        eee  e   eeee  e  eeeeeeeeeeeeeee
/data3fast/users/mbermudez/de_02/TFGDataset/img/T2_0519.png|deeee            e   ee      eeee   eeeeeeeeee
/data3fast/users/mbermudez/de_02/TFGDataset/img/T2_0443.png|deee   ee      ee    eeee   eeeeeeeeeee
/data3fast/users/mbermudez/de_02/TFGDataset/img/T2_0835.png|ddee            e ee      ee eeeeeeeee  eeeeeee
/data3fast/users/mbermudez/de_02/TFGDataset/img/T2_0498.png|eeeeeeee   e   ee ee     eeeeee eeeeeeeee
/data3fast/users/mbermudez/de_02/TFGDataset/img/T2_0252.png|eeeeee              ee eeeeee   eeeeeee  ee
/data3fast/users/mbermudez/de_02/TFGDataset/img/T2_0651.png|seee                 eee   eee eee  ee e eeeeeeeee
/data3fast/users/mbermudez/de_02/TFGDataset/img/T2_0269.png|aaeee      e    e     ee   e   eeeeee eeeeeeeeee
/data3fast/users/mbermudez/de_02/TFGDataset/img/T2_0030.png|deeee       eeee             ee e   eeeeeeeeeeeeeeeeeee
/data3fast/users/mbermudez/de_02/TFGDataset/img/T2_1072.png|aaa           ee     e       eeee  eeeee
/data3fast/users/mbermudez/de_02/TFGDataset/img/T2_1212.png|dd              e e eeeeeee     e ee eeeee  eeeee
/data3fast/users/mbermudez/de_02/TFGDataset/img/T2_0573.png|geeee            eeeee e       eeeeee eeeeeeeeeeee
/data3fast/users/mbermudez/de_02/TFGDataset/img/T2_0039.png|dde        eee           e    ee   eeeeeeeeee eeeeee
/data3fast/users/mbermudez/de_02/TFGDataset/img/T2_0264.png|d         e  e         ee    eeeeeeee  e eeeee
/data3fast/users/mbermudez/de_02/TFGDataset/img/T2_0717.png|deeeee e      eee   e      eee eee   eeeeeeeeeeeee
/data3fast/users/mbermudez/de_02/TFGDataset/img/T2_1246.png|aaaee                  e      ee   eeee   eeeeeeeee
/data3fast/users/mbermudez/de_02/TFGDataset/img/T2_0128.png|hhhee e         e      e ee  ee e   eeeeeeeeeee
/data3fast/users/mbermudez/de_02/TFGDataset/img/T2_0149.png|eeeeeeeeeee e       e     ee   ee eeeeeeeeeeee
/data3fast/users/mbermudez/de_02/TFGDataset/img/T2_1361.png|d            ee   eee e     eee  eeeeeeee
/data3fast/users/mbermudez/de_02/TFGDataset/img/T2_1170.png|d                   ee ee ee eeee eeee
/data3fast/users/mbermudez/de_02/TFGDataset/img/T2_0690.png|eeeeeee ee  eee e e    e eeee eeeee eeeeeeeeeeeeee
/data3fast/users/mbermudez/de_02/TFGDataset/img/T2_1005.png|eeeeeeeeee     e     e e   eeeee eeeeeee
/data3fast/users/mbermudez/de_02/TFGDataset/img/T2_1424.png|hheeeee           e      eee eeeee    eeeeeee
/data3fast/users/mbermudez/de_02/TFGDataset/img/T2_0184.png|#     eeeeeeee
/data3fast/users/mbermudez/de_02/TFGDataset/img/T2_0768.png|geeeee  eeee e   eeeeeee
/data3fast/users/mbermudez/de_02/TFGDataset/img/T2_1112.png|ssse                  e         eee eeeeeeeeeeeeeeee
/data3fast/users/mbermudez/de_02/TFGDataset/img/T2_0941.png|iieeee                 ee   eee    ee ee  ee eeee
/data3fast/users/mbermudez/de_02/TFGDataset/img/T2_0667.png|seeeeee    e    e        e    eeee  eeeeeee eeeeeeeee
/data3fast/users/mbermudez/de_02/TFGDataset/img/T2_0928.png|ddee      e eee   e     eee eeee  eeeeeeeeeeee
/data3fast/users/mbermudez/de_02/TFGDataset/img/T2_1078.png|eeee   eeeeeee
/data3fast/users/mbermudez/de_02/TFGDataset/img/T2_0161.png|aaa      eeeee e       eeeee   eeeeeee eeeeeeeeee
/data3fast/users/mbermudez/de_02/TFGDataset/img/T2_0959.png|an               ee  eeee  e  e  eeeeeeeeeeeeee
/data3fast/users/mbermudez/de_02/TFGDataset/img/T2_1016.png|eeeeee    e e ee      ee eeeeee ee e eeeeeeeeee
/data3fast/users/mbermudez/de_02/TFGDataset/img/T2_0298.png|dd                     e     ee e e   eeeeeeeeeeee
/data3fast/users/mbermudez/de_02/TFGDataset/img/T2_0644.png|eeeeeeeee              eee  e eee eeeeeeeeeeeeeeeeeee
/data3fast/users/mbermudez/de_02/TFGDataset/img/T2_1175.png|eeeeeee e       e   e e   e   e eeee eeeeeeeeeeeeeeeeee
/data3fast/users/mbermudez/de_02/TFGDataset/img/T2_0930.png|eeeeeeeeeee     e       eee       ee   eeeeeeee e eeeee
/data3fast/users/mbermudez/de_02/TFGDataset/img/T2_0718.png|ddee               e       eeeee eeeeee  ee
/data3fast/users/mbermudez/de_02/TFGDataset/img/T2_0118.png|eeeeeee e           eee  eeeeeeeeeeeeeeeeeeeeeeeeeee
/data3fast/users/mbermudez/de_02/TFGDataset/img/T2_0816.png|dd          eeeeeee
/data3fast/users/mbermudez/de_02/TFGDataset/img/T2_0229.png|iii     e      ee          e eeeee  eeeeeeeeeeee
/data3fast/users/mbermudez/de_02/TFGDataset/img/T2_0625.png|deeeeee e  e     e        e  eee  eeeeeeeeeeeeeeee
/data3fast/users/mbermudez/de_02/TFGDataset/img/T2_1378.png|dd                    eee    e e  e eeee    eeeeeee ee
/data3fast/users/mbermudez/de_02/TFGDataset/img/T2_0286.png|#     eeeeee
/data3fast/users/mbermudez/de_02/TFGDataset/img/T2_0063.png|dde                      e e         eeeee    eeeeeeee
/data3fast/users/mbermudez/de_02/TFGDataset/img/T2_0455.png|dd                   e e   ee     eeeeeeeeeeeeee
/data3fast/users/mbermudez/de_02/TFGDataset/img/T2_0471.png|aeeeee  e         e e    eeee     eeeeeeeeeeeeeeeee
/data3fast/users/mbermudez/de_02/TFGDataset/img/T2_1446.png|dd                ee       ee  e e eeee ee  eeee
/data3fast/users/mbermudez/de_02/TFGDataset/img/T2_0856.png|ieeeeeee  ee        e    e  ee    e e eeeeeeeeeee
/data3fast/users/mbermudez/de_02/TFGDataset/img/T2_0246.png|ss       e        ee eeeeeee   eeeeeeeeee
/data3fast/users/mbermudez/de_02/TFGDataset/img/T2_1000.png|eeeeeee          e             eee  eeeeeeeeeeeeeeeeee
/data3fast/users/mbermudez/de_02/TFGDataset/img/T2_1098.png|ieeeeee                    e e eee   eeee   eeeeeeeeee eeeee
/data3fast/users/mbermudez/de_02/TFGDataset/img/T2_0848.png|geeeeeee   e      e    e ee     eee eeeeeeeeeeee
/data3fast/users/mbermudez/de_02/TFGDataset/img/T2_0572.png|dee          e ee              e eeeeee  eee  eeeeeeee
/data3fast/users/mbermudez/de_02/TFGDataset/img/T2_1122.png|dde                e   e  eee   eeeeeeeeee
/data3fast/users/mbermudez/de_02/TFGDataset/img/T2_0707.png|seeeeee       e       eee e   ee e     eeeeeeeeeeeeeeeeeee
/data3fast/users/mbermudez/de_02/TFGDataset/img/T2_0781.png|dd                     e        e  eeeee  eeeeeeeee
/data3fast/users/mbermudez/de_02/TFGDataset/img/T2_1269.png|iiie            eee  ee eee eeee  eeeeeeeeeeeeee
/data3fast/users/mbermudez/de_02/TFGDataset/img/T2_1204.png|geeeeeee       ee ee    eeeee eee eeeeeeeeeeeeeeeeee
/data3fast/users/mbermudez/de_02/TFGDataset/img/T2_0233.png|eeeeeeeee            e  e eee e    eeeeeeeeeeeeeeeeee
/data3fast/users/mbermudez/de_02/TFGDataset/img/T2_1400.png|deeeee  eee
/data3fast/users/mbermudez/de_02/TFGDataset/img/T2_0256.png|aaa                 eee  e  e  eeeeeeeeeeeeeeee
/data3fast/users/mbermudez/de_02/TFGDataset/img/T2_1063.png|iieeee     eee  ee        eeee  eeeeeeeeeeeeeeeeeeeee
/data3fast/users/mbermudez/de_02/TFGDataset/img/T2_1291.png|aae e                eeeee     e eeeeeeeeeeeeeeee
/data3fast/users/mbermudez/de_02/TFGDataset/img/T2_1274.png|ssee      e      e     e eeeeeee e eeeeeeeeeee
/data3fast/users/mbermudez/de_02/TFGDataset/img/T2_1261.png|deee    ee   e  eeeeee   eeeeeeeeee eeeeee eeeeeeee
/data3fast/users/mbermudez/de_02/TFGDataset/img/T2_0604.png|iheee   eee  eeeee
/data3fast/users/mbermudez/de_02/TFGDataset/img/T2_0853.png|de        ee ee ee   ee     eeeeeee e   eeeeeeeeeee
/data3fast/users/mbermudez/de_02/TFGDataset/img/T2_0763.png|ssee     eeeeeee          e ee e  ee   eeeee eeeeeee
/data3fast/users/mbermudez/de_02/TFGDataset/img/T2_1277.png|dd        eee eeee      eeee e      eeeeeeeeeeeeeeeeeee
/data3fast/users/mbermudez/de_02/TFGDataset/img/T2_0454.png|seeeeeee         e      e eeee  ee e ee   eeeee  eeeeee
/data3fast/users/mbermudez/de_02/TFGDataset/img/T2_1266.png|d       ee         e  e ee      eeeeeeeeeeeeeee
/data3fast/users/mbermudez/de_02/TFGDataset/img/T2_0107.png|deeeee  ee             e  eeee   e  e  eeeeeeeeeee
/data3fast/users/mbermudez/de_02/TFGDataset/img/T2_0737.png|dde                  e eee  eee    ee  eeeeeeee
/data3fast/users/mbermudez/de_02/TFGDataset/img/T2_0989.png|deeeee           e                ee     eeeeeeee
/data3fast/users/mbermudez/de_02/TFGDataset/img/T2_0282.png|ieeeee eee      eee  e     eeeeeeee  eeeeeeee eeeeeee
/data3fast/users/mbermudez/de_02/TFGDataset/img/T2_0239.png|d     eeee  eeeeee
/data3fast/users/mbermudez/de_02/TFGDataset/img/T2_0711.png|eeeeeeee     e   ee  eeee    eeeeee  eeeeee eeeeeeeeee
/data3fast/users/mbermudez/de_02/TFGDataset/img/T2_1020.png|#    eeeeeee
/data3fast/users/mbermudez/de_02/TFGDataset/img/T2_0463.png|deeee        e eee       e ee     ee   eeeeeeeeeeeeeee
/data3fast/users/mbermudez/de_02/TFGDataset/img/T2_0296.png|ieeeee e        e      eee eeeeeeee eeeeeeeeeeeeeee
/data3fast/users/mbermudez/de_02/TFGDataset/img/T2_1397.png|aa           e  e e   eee     eee eeeeeeeeeeeeeee
/data3fast/users/mbermudez/de_02/TFGDataset/img/T2_0592.png|seeee                  e          ee   eeeeeeeeee eeee
/data3fast/users/mbermudez/de_02/TFGDataset/img/T2_1075.png|giee         eeeee     ee e eeeeee  eeeeeeeeeeeeee
/data3fast/users/mbermudez/de_02/TFGDataset/img/T2_0965.png|iieeee    e     eee       ee  eeeee eeeeeeeeeeeeeeeeeee
/data3fast/users/mbermudez/de_02/TFGDataset/img/T2_0769.png|sseeeeeeee     e    e  ee ee eeeeeee eeeeee
/data3fast/users/mbermudez/de_02/TFGDataset/img/T2_1275.png|seeee e     eee    ee e   eeee ee eeeeeeeeeeeeeeeee
/data3fast/users/mbermudez/de_02/TFGDataset/img/T2_0277.png|dee        e eeeeeee
/data3fast/users/mbermudez/de_02/TFGDataset/img/T2_0428.png|d       eee       e eeee     e   ee  ee ee eeeeeee
/data3fast/users/mbermudez/de_02/TFGDataset/img/T2_0380.png|iieeeeeee     eeee   e  e ee  e  eeeeeeeeee  eeeeeeee
/data3fast/users/mbermudez/de_02/TFGDataset/img/T2_1162.png|eee e  e e     ee eeee e  eeeeeeeeeeeee
/data3fast/users/mbermudez/de_02/TFGDataset/img/T2_0916.png|geeeeeeeeeeee  ee      eeeeeeee eeeeeeeeeeeeeee
/data3fast/users/mbermudez/de_02/TFGDataset/img/T2_1419.png|geeeeeeee   e    e ee e    eeee   e eeeeeeeeeeeeeeee
/data3fast/users/mbermudez/de_02/TFGDataset/img/T2_0735.png|d      eeeeeee  eeeeeee
/data3fast/users/mbermudez/de_02/TFGDataset/img/T2_0553.png|deeeeeeeeeeeee   eee     ee eeeeeee e eeeeeeeeeeeeeee
/data3fast/users/mbermudez/de_02/TFGDataset/img/T2_1249.png|dd                          e ee      eeeeeeeeeeeee
/data3fast/users/mbermudez/de_02/TFGDataset/img/T2_1417.png|iieeee    e    ee     ee   eeeeeee eeeeeeee
/data3fast/users/mbermudez/de_02/TFGDataset/img/T2_0929.png|d            e            ee          eeeee eeeeeee
/data3fast/users/mbermudez/de_02/TFGDataset/img/T2_0646.png|hheeee      ee  ee   e e e   eeeeeeeeeeeeeeeeeeeeeeee
/data3fast/users/mbermudez/de_02/TFGDataset/img/T2_1357.png|iieeee       e e  eee            e eeeeeeeeeeeeeeeeeeee
/data3fast/users/mbermudez/de_02/TFGDataset/img/T2_0318.png|deeeee         e       ee    e   eeee eeeeeeeee
/data3fast/users/mbermudez/de_02/TFGDataset/img/T2_0616.png|ddee      e           e  eee    eeeeeeee eeeeeeee
/data3fast/users/mbermudez/de_02/TFGDataset/img/T2_1406.png|deee       ee            ee eeeeeeeeeeeeeeeeee
/data3fast/users/mbermudez/de_02/TFGDataset/img/T2_1341.png|eeeee         ee            eeeeeeee   eeeeeeeeeeeee
/data3fast/users/mbermudez/de_02/TFGDataset/img/T2_0955.png|gieee        ee        eee    ee eeeeeeeeeeeeeeee
/data3fast/users/mbermudez/de_02/TFGDataset/img/T2_0762.png|eeeeeeeeeeee eeeeeeee
/data3fast/users/mbermudez/de_02/TFGDataset/img/T2_0222.png|"      ee             e  eeeeeeeeeeeeeeee eeeeeeee
/data3fast/users/mbermudez/de_02/TFGDataset/img/T2_0891.png|eeeeee e           e  eee e     eeee  eeeeeeeeeeeeeee
/data3fast/users/mbermudez/de_02/TFGDataset/img/T2_1280.png|iieeeeeee  ee
/data3fast/users/mbermudez/de_02/TFGDataset/img/T2_0968.png|ai                      e          e  eeeee  eeeeeeeeee
/data3fast/users/mbermudez/de_02/TFGDataset/img/T2_0336.png|eeeeee e         e    eeeee eeeeeeeee
/data3fast/users/mbermudez/de_02/TFGDataset/img/T2_1191.png|eeeeeeeeee e    e   e      e eeee  e eeeeeeeeeeeeeeeee
/data3fast/users/mbermudez/de_02/TFGDataset/img/T2_0919.png|ieeeee   ee     eeeeeeee  eee e   eeeeeeeeeeeeeeeee
/data3fast/users/mbermudez/de_02/TFGDataset/img/T2_0678.png|eeeeeeeeee          ee     eeeeeeeeeeeeeeeeeeeeeeee
/data3fast/users/mbermudez/de_02/TFGDataset/img/T2_1342.png|aa          e                eeeee eeeeeeeeee
/data3fast/users/mbermudez/de_02/TFGDataset/img/T2_0696.png|an       e        eeeee    eeeeeeeeeeee
/data3fast/users/mbermudez/de_02/TFGDataset/img/T2_1008.png|deeeee   ee           ee   e  eeee eee  eeeeeeeeeee
/data3fast/users/mbermudez/de_02/TFGDataset/img/T2_0350.png|eeeeeeeeeeee     ee     eeee   e  eeee   eeeeeeeeeeeeeeee
/data3fast/users/mbermudez/de_02/TFGDataset/img/T2_1036.png|ieeeeeee  ee       ee  eee     eeeeeeeeeeeeeeeeeeeeeeee
/data3fast/users/mbermudez/de_02/TFGDataset/img/T2_0981.png|ssee        ee                eeee eeeeeeeeeeeeeeeeee
/data3fast/users/mbermudez/de_02/TFGDataset/img/T2_1426.png|iiieee  ee               e  eee    eeeee eeeeeeeeee
/data3fast/users/mbermudez/de_02/TFGDataset/img/T2_0479.png|eeeeee     eee      ee    eee e   eee eeee
/data3fast/users/mbermudez/de_02/TFGDataset/img/T2_0529.png|seeee    e             ee        eeeeeeeeeeeeee
/data3fast/users/mbermudez/de_02/TFGDataset/img/T2_1302.png|geeeeeeeeee   eee         e   eeeeeeeee eeeeeee
/data3fast/users/mbermudez/de_02/TFGDataset/img/T2_1388.png|sseee          e                 eeee  eeeeeeeeeee
/data3fast/users/mbermudez/de_02/TFGDataset/img/T2_0777.png|ddee       e                     eeeeeeeeeeee
/data3fast/users/mbermudez/de_02/TFGDataset/img/T2_1163.png|d         e       e       ee     eeeeeeeeeeee
/data3fast/users/mbermudez/de_02/TFGDataset/img/T2_0331.png|#    eeeeee
/data3fast/users/mbermudez/de_02/TFGDataset/img/T2_0017.png|deeeee  e     eeee e  ee ee  eeeeeeeeeee
/data3fast/users/mbermudez/de_02/TFGDataset/img/T2_1427.png|#    eeee
/data3fast/users/mbermudez/de_02/TFGDataset/img/T2_1115.png|iieeeee           eeee e  e ee eeeeeeeeeeeeee
/data3fast/users/mbermudez/de_02/TFGDataset/img/T2_0958.png|dde                              eeeeeeeeeeeeee
/data3fast/users/mbermudez/de_02/TFGDataset/img/T2_0507.png|iiiee        e          e  eee    eeeee eeeeeeeeeee
/data3fast/users/mbermudez/de_02/TFGDataset/img/T2_0547.png|iieeee e  e      eeee   e eeeee  eeeeeeeeeee
/data3fast/users/mbermudez/de_02/TFGDataset/img/T2_0220.png|eeeeeee                         ee eeeeeee eeeeee
/data3fast/users/mbermudez/de_02/TFGDataset/img/T2_0795.png|iieeeee               ee        eeeee  e eeeeeeeeeeee
/data3fast/users/mbermudez/de_02/TFGDataset/img/T2_1003.png|eeeeee   e    e         eeee   eeeeeeeeeeeeeeee
/data3fast/users/mbermudez/de_02/TFGDataset/img/T2_1332.png|sss     e                   ee  e e   eeeeeeeeeee
/data3fast/users/mbermudez/de_02/TFGDataset/img/T2_1389.png|deee    e   e e         e eee e e    eeeeeeeeeeee
/data3fast/users/mbermudez/de_02/TFGDataset/img/T2_0032.png|anee                      e        eeeeeeeeeeeeeeee
/data3fast/users/mbermudez/de_02/TFGDataset/img/T2_0287.png|geeeeee   e     eeee ee e    e eeeeeeeeeeee
/data3fast/users/mbermudez/de_02/TFGDataset/img/T2_1195.png|iieee  e   ee eeee
/data3fast/users/mbermudez/de_02/TFGDataset/img/T2_1041.png|dee          e eeeeeee eeee
/data3fast/users/mbermudez/de_02/TFGDataset/img/T2_1007.png|see      e ee       eeee  e eeeeeeeeeeeeee
/data3fast/users/mbermudez/de_02/TFGDataset/img/T2_0650.png|geeeeee   ee         ee eee      eeeee   eeeeeeeeeeee
/data3fast/users/mbermudez/de_02/TFGDataset/img/T2_0997.png|hheeee               e    eee e  eee eeeeeeeeee
/data3fast/users/mbermudez/de_02/TFGDataset/img/T2_0796.png|eeeeeeee                  e    eeeeeee eeeeee
/data3fast/users/mbermudez/de_02/TFGDataset/img/T2_0414.png|geeeeeee         eeeee       e eee  e  eeeeeeeeeeeeeeee
/data3fast/users/mbermudez/de_02/TFGDataset/img/T2_1319.png|eeeeeeee      ee   e         eeeee  eeeeeee
/data3fast/users/mbermudez/de_02/TFGDataset/img/T2_1411.png|nin                  e eeeeeeeee
/data3fast/users/mbermudez/de_02/TFGDataset/img/T2_0846.png|ieeee         ee    e  eee ee      eeeeeeeeeeeeeeeee
/data3fast/users/mbermudez/de_02/TFGDataset/img/T2_0901.png|aaa               e        ee    eee  ee eeeeeee
/data3fast/users/mbermudez/de_02/TFGDataset/img/T2_1135.png|geeeeee   e e     eeee    ee  eeeeeeeeeeeee
/data3fast/users/mbermudez/de_02/TFGDataset/img/T2_1165.png|deeeee e eee ee e eee e  eeee ee e  eeeeeeeeeeeeeee
/data3fast/users/mbermudez/de_02/TFGDataset/img/T2_1336.png|eeeeeee    eeee
/data3fast/users/mbermudez/de_02/TFGDataset/img/T2_0468.png|aaa   e    eee               ee ee e eeeeeeeeeeee
/data3fast/users/mbermudez/de_02/TFGDataset/img/T2_0365.png|ss           e          eeeeee eeee
/data3fast/users/mbermudez/de_02/TFGDataset/img/T2_1374.png|eeeee            e    eeeee e eeeee
/data3fast/users/mbermudez/de_02/TFGDataset/img/T2_0969.png|heeee           e    e  eee    e  eeeee   eeeee eeeeeee
/data3fast/users/mbermudez/de_02/TFGDataset/img/T2_0196.png|eeee e                eee     ee        e e eeeeeeeee
/data3fast/users/mbermudez/de_02/TFGDataset/img/T2_1338.png|eeeee                  e e    e e  ee  eeeeeeee
/data3fast/users/mbermudez/de_02/TFGDataset/img/T2_1166.png|deeee      e  e                e  eeee ee  eeeeeeeee
/data3fast/users/mbermudez/de_02/TFGDataset/img/T2_1034.png|ddee     e      ee    e      eeee  eeeeeeeeee
/data3fast/users/mbermudez/de_02/TFGDataset/img/T2_0509.png|eeeeeeeeee        e ee  eeee eeeeeeee eeeeeeeeee
/data3fast/users/mbermudez/de_02/TFGDataset/img/T2_0400.png|sss   e  ee         e       eee    eeeeeeeeeeeee
/data3fast/users/mbermudez/de_02/TFGDataset/img/T2_0786.png|aa      e        eee      eeeeeeee eeeeeeeeeeeeeee
/data3fast/users/mbermudez/de_02/TFGDataset/img/T2_0335.png|dd          ee         ee       eeeeeeeeeee
/data3fast/users/mbermudez/de_02/TFGDataset/img/T2_1079.png|geeeeee   e          eee  e eeeeeeee eeeeeee
/data3fast/users/mbermudez/de_02/TFGDataset/img/T2_0496.png|iieeee     eee          ee   eeeee  eeeeeeeeeee
/data3fast/users/mbermudez/de_02/TFGDataset/img/T2_0597.png|deeee ee    e  e  e    e   eee eeeee eee
/data3fast/users/mbermudez/de_02/TFGDataset/img/T2_0294.png|d             eee     eee   e   e  eeeeeeeeeeeeeeeee
/data3fast/users/mbermudez/de_02/TFGDataset/img/T2_1287.png|eeee                    e        eeeeee  eeeeee
/data3fast/users/mbermudez/de_02/TFGDataset/img/T2_0121.png|#       eee    eeeee eeeeeeeeeeeeeeee
/data3fast/users/mbermudez/de_02/TFGDataset/img/T2_0827.png|deeeeee e            e ee e   e   eeeeeeeeeeeeeeee
/data3fast/users/mbermudez/de_02/TFGDataset/img/T2_0876.png|eeeeeee         e  ee   e eeeeeeeeeeeeeeee
/data3fast/users/mbermudez/de_02/TFGDataset/img/T2_1065.png|aeeeeee             e eeeee    eeeeee eeeeeeeeeeee
/data3fast/users/mbermudez/de_02/TFGDataset/img/T2_0257.png|ieeeeeee             eee   e e  eeeeeeeeeeeeeeeeeeeee
/data3fast/users/mbermudez/de_02/TFGDataset/img/T2_0749.png|eeeeeeeee     e             e    e  eeeeeeeeeeeeeeeeeeeeee
/data3fast/users/mbermudez/de_02/TFGDataset/img/T2_0759.png|deeee  e     eeeeee  eee  ee  eee e  eeeeeeeeeeeeeeee
/data3fast/users/mbermudez/de_02/TFGDataset/img/T2_1202.png|sss                   ee    e    ee e eeeeeeeeeeeeeeee
/data3fast/users/mbermudez/de_02/TFGDataset/img/T2_0720.png|ieeeeee             e ee  eeeeeeee      eeeeeeeeeeeeeeee
/data3fast/users/mbermudez/de_02/TFGDataset/img/T2_0004.png|dd                    ee         e    e eeeeeeeeeeeee
/data3fast/users/mbermudez/de_02/TFGDataset/img/T2_1465.png|da       e  ee ee         eeee        eeeeeeeeeeeeeee
/data3fast/users/mbermudez/de_02/TFGDataset/img/T2_1104.png|see           ee      e ee    e e ee ee eeeeeeee
/data3fast/users/mbermudez/de_02/TFGDataset/img/T2_0084.png|ieeeeeeee    e eee ee  eeeeee  eeeeeeeeeeeeeeeeeee
/data3fast/users/mbermudez/de_02/TFGDataset/img/T2_1228.png|eeeeeeeee          ee      e  eeeeeeeeee eeeeeee
/data3fast/users/mbermudez/de_02/TFGDataset/img/T2_0062.png|eeee e  e   eee   eee    eeeeeeeeeeeeeeeeeeeeeeee
/data3fast/users/mbermudez/de_02/TFGDataset/img/T2_1009.png|d      e e        eeeeeeeee  eeeeeeeeeeeee
/data3fast/users/mbermudez/de_02/TFGDataset/img/T2_0291.png|eeeeeeee        e               e  e eeee  eeeeeeeee
/data3fast/users/mbermudez/de_02/TFGDataset/img/T2_0850.png|geeeeeeee ee    eeeeeee
/data3fast/users/mbermudez/de_02/TFGDataset/img/T2_1331.png|iieeee            e  ee      ee  ee    eeeeeeeeeee eeeee
/data3fast/users/mbermudez/de_02/TFGDataset/img/T2_0409.png|iieee                            eee eee  eeeeeee
/data3fast/users/mbermudez/de_02/TFGDataset/img/T2_1473.png|iieeeeee e          e  ee eee  eeeeeeeeeeeee
/data3fast/users/mbermudez/de_02/TFGDataset/img/T2_0864.png|aaa         e                  eee    eeeeeeeeeee
/data3fast/users/mbermudez/de_02/TFGDataset/img/T2_0112.png|seeeeee  eeeee  e eeee      eeeeee e eeeeeeeeeeeee
/data3fast/users/mbermudez/de_02/TFGDataset/img/T2_1306.png|dee  e e eee           eee ee eeeeeeee eeeeeeeeee
/data3fast/users/mbermudez/de_02/TFGDataset/img/T2_1453.png|#    eeee
/data3fast/users/mbermudez/de_02/TFGDataset/img/T2_0804.png|iiieee   e             e  e     ee  eeeeeeeeee
/data3fast/users/mbermudez/de_02/TFGDataset/img/T2_0660.png|sas          ee     ee        ee  eeeeeeeeeeeeeeeeee
/data3fast/users/mbermudez/de_02/TFGDataset/img/T2_0226.png|eeeeeeee 
/data3fast/users/mbermudez/de_02/TFGDataset/img/T2_0345.png|aaee    e  ee    e        eeeeee e eeeeeeeeeeeeeeeeeeee
/data3fast/users/mbermudez/de_02/TFGDataset/img/T2_0116.png|d      eeeee   eeeeeeeeeeeeeeeeeeeeeeeee
/data3fast/users/mbermudez/de_02/TFGDataset/img/T2_0543.png|hheee   e         ee   e       e eeeeeeeeeeeeeee
/data3fast/users/mbermudez/de_02/TFGDataset/img/T2_0304.png|dd            e    e              e     eeee e eeeeeee
/data3fast/users/mbermudez/de_02/TFGDataset/img/T2_0329.png|eeeeeeee      eeee         e   e  e   eee eeeeeeeeee
/data3fast/users/mbermudez/de_02/TFGDataset/img/T2_0015.png|deeeeeeeee  e e  ee      eeeee eeeeeeeeeeeeeeee
/data3fast/users/mbermudez/de_02/TFGDataset/img/T2_0198.png|deeeeee    eee    eeee  eeeeee   eeeeeeeeeeeeeeee
/data3fast/users/mbermudez/de_02/TFGDataset/img/T2_0096.png|deee                   e   eeeeee   eeee
/data3fast/users/mbermudez/de_02/TFGDataset/img/T2_0925.png|uaa        e e e            ee    ee eeeeeeeeeee
/data3fast/users/mbermudez/de_02/TFGDataset/img/T2_0746.png|eeeeeeeeeee ee        eeee     eeeeeeeeeeeeeeeeeeee
/data3fast/users/mbermudez/de_02/TFGDataset/img/T2_0319.png|eeeeee        e eee      ee  eee eeeeee eeeeeeeee
/data3fast/users/mbermudez/de_02/TFGDataset/img/T2_0309.png|dd     ee     eee ee  eeeeeeeeeeeeeeeeeeee
/data3fast/users/mbermudez/de_02/TFGDataset/img/T2_0729.png|d     e eeeee   eeee
/data3fast/users/mbermudez/de_02/TFGDataset/img/T2_0908.png|ssee           ee e     eee        ee     eeeeeeee
/data3fast/users/mbermudez/de_02/TFGDataset/img/T2_1384.png|eeeeeee e         e     e  e eeeeeeeee  eeeee
/data3fast/users/mbermudez/de_02/TFGDataset/img/T2_0175.png|seeeee    ee      e             eeee  eee eeeeeeeeeeee
/data3fast/users/mbermudez/de_02/TFGDataset/img/T2_1455.png|dd               e             eeee   eeeeeeee eeeeeeeeeee
/data3fast/users/mbermudez/de_02/TFGDataset/img/T2_0384.png|eeeeeee      e      e        ee e ee  e   ee eeeeeeee
/data3fast/users/mbermudez/de_02/TFGDataset/img/T2_0913.png|iiee   e    eee  e       eeeee    eeeeeeeeeeeeeeeee
/data3fast/users/mbermudez/de_02/TFGDataset/img/T2_1145.png|eeeeeeee e       e    ee eee   e  eeeeeeeeeeeeeeeeee
/data3fast/users/mbermudez/de_02/TFGDataset/img/T2_0785.png|iin        e            ee    eeeeeeeeeeeeeee 
/data3fast/users/mbermudez/de_02/TFGDataset/img/T2_0150.png|eeeee eeeeee     ee e  eee eeeeeeee eeeeeeeeeeeee
/data3fast/users/mbermudez/de_02/TFGDataset/img/T2_1260.png|eeeeeeeeeee           e e eeeeeeeeeeeeeeee
/data3fast/users/mbermudez/de_02/TFGDataset/img/T2_0611.png|d        e   ee   ee       eeeeeeeeee  eeeeeeeeeee
/data3fast/users/mbermudez/de_02/TFGDataset/img/T2_1486.png|eeeeeeeee                   eeeee  eeeeeeeeeee eeeeee
/data3fast/users/mbermudez/de_02/TFGDataset/img/T2_0527.png|deeee     e e  e   ee       eeee   eeeeeeeeeeee
/data3fast/users/mbermudez/de_02/TFGDataset/img/T2_0727.png|aeeee      eeee   eeeeeee
/data3fast/users/mbermudez/de_02/TFGDataset/img/T2_0395.png|deeee   e              ee       eeee eeeeeee eeeeeeeee
/data3fast/users/mbermudez/de_02/TFGDataset/img/T2_0255.png|d          ee e  eee e e eeeeeeeeeeee
/data3fast/users/mbermudez/de_02/TFGDataset/img/T2_1073.png|#   
/data3fast/users/mbermudez/de_02/TFGDataset/img/T2_0154.png|eeeeeeee          e  e   e    e eeeeeee eeeeeeeeeee
/data3fast/users/mbermudez/de_02/TFGDataset/img/T2_0620.png|ieeeeeeeee      ee         ee  eeeeeeeeeeeeeeeeeee
/data3fast/users/mbermudez/de_02/TFGDataset/img/T2_0836.png|deeeee ee               eee        eee  eeeeeeeee
/data3fast/users/mbermudez/de_02/TFGDataset/img/T2_0231.png|aine           e           ee  eee     e eee eeeeeee
/data3fast/users/mbermudez/de_02/TFGDataset/img/T2_0609.png|eeeeeeeeee                ee   eeeeeeeeeeeee
/data3fast/users/mbermudez/de_02/TFGDataset/img/T2_0369.png|geeeeeee          eee eeeeee  eeeeeeeeeeeeeeeee
/data3fast/users/mbermudez/de_02/TFGDataset/img/T2_0661.png|iieeeee     ee e eeee eeeeee
/data3fast/users/mbermudez/de_02/TFGDataset/img/T2_0308.png|deeee e   e         eee   e ee    eeeeeeeeeeeeeeeee
/data3fast/users/mbermudez/de_02/TFGDataset/img/T2_1435.png|iiie                               eee eeeeeee
/data3fast/users/mbermudez/de_02/TFGDataset/img/T2_0554.png|eeeeeeeeeee        ee     e        eee  ee eeeeeeeeeee
/data3fast/users/mbermudez/de_02/TFGDataset/img/T2_0935.png|seeeee           e  e e eeee    ee  eeee eeeeeeeeee
/data3fast/users/mbermudez/de_02/TFGDataset/img/T2_0892.png|dd                 eee   eee e   eeeeeeeee eeeee
/data3fast/users/mbermudez/de_02/TFGDataset/img/T2_0985.png|deeeee  ee              eeeeee e e eeeeeeeeeeeeee
/data3fast/users/mbermudez/de_02/TFGDataset/img/T2_0990.png|ddeee     e                   eeeeeeeeeeeeee
/data3fast/users/mbermudez/de_02/TFGDataset/img/T2_0681.png|eeeeeeeeee e   e          e     ee eeeeeee  eeeeee
/data3fast/users/mbermudez/de_02/TFGDataset/img/T2_0580.png|#        eeeeeeee    eeeeeeeeeeeee
/data3fast/users/mbermudez/de_02/TFGDataset/img/T2_0970.png|sseee                eeee       eeee  e eeeeeeeeee
/data3fast/users/mbermudez/de_02/TFGDataset/img/T2_1271.png|aaa                             eeee e eeeeeeeeee
/data3fast/users/mbermudez/de_02/TFGDataset/img/T2_0539.png|eeeeeeeee    e      eee     eee  eeeeeeeeeeeee
/data3fast/users/mbermudez/de_02/TFGDataset/img/T2_0895.png|eeeeeeeeee         e          ee    eeee  eeeeeeeeeee
/data3fast/users/mbermudez/de_02/TFGDataset/img/T2_1218.png|ieeeee e                 e  ee   eee eeeeeeeeeeee
/data3fast/users/mbermudez/de_02/TFGDataset/img/T2_0425.png|teeee          e     e   eeeeee   eeeeeeeee
/data3fast/users/mbermudez/de_02/TFGDataset/img/T2_0334.png|ieeeeeee   ee    eeeeee ee  eeeeeeeeee eeeeeeeeee
/data3fast/users/mbermudez/de_02/TFGDataset/img/T2_0244.png|eeeee   e       eee          eeeeeeeeeeeeee
/data3fast/users/mbermudez/de_02/TFGDataset/img/T2_1414.png|sseeeee  e      e eee        eeeeeeeeeeeeee
/data3fast/users/mbermudez/de_02/TFGDataset/img/T2_0726.png|d              ee  e          e  eee   eeeeee
/data3fast/users/mbermudez/de_02/TFGDataset/img/T2_0980.png|seeee                          ee   eeeeeeeeee
/data3fast/users/mbermudez/de_02/TFGDataset/img/T2_0849.png|deeeee         eee    eeee    e eeee e eeeeeeeeeee
/data3fast/users/mbermudez/de_02/TFGDataset/img/T2_0274.png|deee                      e  eeeeeee e  eee
/data3fast/users/mbermudez/de_02/TFGDataset/img/T2_1479.png|eeeee  e        e e   e     ee      eeeeeeeeeeeeee
/data3fast/users/mbermudez/de_02/TFGDataset/img/T2_1351.png|deee  eeeeeeeeeee eeeeeee
/data3fast/users/mbermudez/de_02/TFGDataset/img/T2_0538.png|dd                    e      eeeeee   eeeeeee
/data3fast/users/mbermudez/de_02/TFGDataset/img/T2_1169.png|deeeee                      e       e   e e ee eeeeeee
/data3fast/users/mbermudez/de_02/TFGDataset/img/T2_0552.png|seeeee      e          eee  eeee eeeeeeeeeee
/data3fast/users/mbermudez/de_02/TFGDataset/img/T2_0146.png|ssse            e    e             eeeeeeeeeeeeeeee
/data3fast/users/mbermudez/de_02/TFGDataset/img/T2_0141.png|eeeeeee                ee   ee   ee  eeeeeeeeeeeeeeee
/data3fast/users/mbermudez/de_02/TFGDataset/img/T2_0858.png|du                       e   e eeeeeeeeeeeeeeeee
/data3fast/users/mbermudez/de_02/TFGDataset/img/T2_0195.png|aaa                           e       eeeeeeeee
/data3fast/users/mbermudez/de_02/TFGDataset/img/T2_1051.png|eeeeee               e   e   eee   eeeeeeeeeeeeeee
/data3fast/users/mbermudez/de_02/TFGDataset/img/T2_0245.png|eeeeeeeee ee    e               eeeeeeeeeeee
/data3fast/users/mbermudez/de_02/TFGDataset/img/T2_0826.png|iiiee                          ee       e  eeeeee eeeeeee
/data3fast/users/mbermudez/de_02/TFGDataset/img/T2_1366.png|seee                  e            e ee   eeeeeeeeeeeeee
/data3fast/users/mbermudez/de_02/TFGDataset/img/T2_1314.png|aaa           e             eee e    eeeeeeeeeeeeeeee
/data3fast/users/mbermudez/de_02/TFGDataset/img/T2_1434.png|deee       e  e        ee  eeeeee  eeeeeeeeeeeeeee
/data3fast/users/mbermudez/de_02/TFGDataset/img/T2_0258.png|eeeeeeeeee     ee             eeeeeeeeeeeeeee
/data3fast/users/mbermudez/de_02/TFGDataset/img/T2_0904.png|eeeeeee         ee    e    eeeee   eeeeeeeeeee
/data3fast/users/mbermudez/de_02/TFGDataset/img/T2_1459.png|deeeee                       e        ee    eeeeeeeeeee
/data3fast/users/mbermudez/de_02/TFGDataset/img/T2_0171.png|iieeeee  eeee
/data3fast/users/mbermudez/de_02/TFGDataset/img/T2_1167.png|dd                       eee    eeeeeeeeee
/data3fast/users/mbermudez/de_02/TFGDataset/img/T2_0440.png|dee                 eeeee
/data3fast/users/mbermudez/de_02/TFGDataset/img/T2_0814.png|eeeeeeee               e  ee e eee  eeeeee eeeeeeeee
/data3fast/users/mbermudez/de_02/TFGDataset/img/T2_0306.png|"                                     e eeee   eeeee
/data3fast/users/mbermudez/de_02/TFGDataset/img/T2_1323.png|eeeeeeeeeee   ee         e e     e e   eeee eeeeeeeeee
/data3fast/users/mbermudez/de_02/TFGDataset/img/T2_1083.png|eeeeeee                            e  e  e  e eeeeeee
/data3fast/users/mbermudez/de_02/TFGDataset/img/T2_0499.png|seeeeee                          e  e  eeeeeeeeeeeeeee
/data3fast/users/mbermudez/de_02/TFGDataset/img/T2_0046.png|dd                         eeeeeee
/data3fast/users/mbermudez/de_02/TFGDataset/img/T2_0346.png|eeeeeeeee     ee         ee   eeeee  eeeeeeeeee
/data3fast/users/mbermudez/de_02/TFGDataset/img/T2_1256.png|eeee  e e ee      e    eee    ee  eeeeeeeeeeeeee
/data3fast/users/mbermudez/de_02/TFGDataset/img/T2_0832.png|aaa                        e    eeee    eeeeeeeee
/data3fast/users/mbermudez/de_02/TFGDataset/img/T2_0942.png|iieeee ee             e       eeeeee eeeee
/data3fast/users/mbermudez/de_02/TFGDataset/img/T2_0971.png|"          e      e  ee e ee ee  ee eee eeeeeee
/data3fast/users/mbermudez/de_02/TFGDataset/img/T2_0122.png|da                    e           eeeeeeeeeeeee
/data3fast/users/mbermudez/de_02/TFGDataset/img/T2_0542.png|eeeeeee           eee         ee   eeeeeeeeeeeee
/data3fast/users/mbermudez/de_02/TFGDataset/img/T2_0145.png|iheee             e       ee    e eeeeeeeeee
/data3fast/users/mbermudez/de_02/TFGDataset/img/T2_0068.png|eeeeee                            e ee eee
/data3fast/users/mbermudez/de_02/TFGDataset/img/T2_0823.png|ssee               e           e   eee   eeeeeee
/data3fast/users/mbermudez/de_02/TFGDataset/img/T2_0216.png|ieeeeee      e                    eee eeeeeeeeee
/data3fast/users/mbermudez/de_02/TFGDataset/img/T2_0967.png|eeeeeeee                e e ee  eeeeeeee
/data3fast/users/mbermudez/de_02/TFGDataset/img/T2_0780.png|d        eee eeeee
/data3fast/users/mbermudez/de_02/TFGDataset/img/T2_0117.png|eeeeeee                            e ee eeeeeeee
/data3fast/users/mbermudez/de_02/TFGDataset/img/T2_0036.png|au                          eee  eeeeeee
/data3fast/users/mbermudez/de_02/TFGDataset/img/T2_1415.png|iieeee  e        eee  e    eeeeeeeeeeeeeeeeeeeee
/data3fast/users/mbermudez/de_02/TFGDataset/img/T2_0404.png|#    eeeeeeee
/data3fast/users/mbermudez/de_02/TFGDataset/img/T2_0508.png|d           e eee        e eeeeeeeeeeeeee
/data3fast/users/mbermudez/de_02/TFGDataset/img/T2_0037.png|eeeeeee                     ee     eeeeeeeeeeeee
/data3fast/users/mbermudez/de_02/TFGDataset/img/T2_0932.png|deeee     ee          e  eeee  eeeeeeeee
/data3fast/users/mbermudez/de_02/TFGDataset/img/T2_0517.png|"      ee                            eeeeeee eeeeee
/data3fast/users/mbermudez/de_02/TFGDataset/img/T2_1137.png|die         eee       e    e   eeee ee eeeeeeeee
/data3fast/users/mbermudez/de_02/TFGDataset/img/T2_0540.png|#    eee
/data3fast/users/mbermudez/de_02/TFGDataset/img/T2_0135.png|aeeee                       ee ee eeee eeeeeeeeee
/data3fast/users/mbermudez/de_02/TFGDataset/img/T2_0882.png|eee   ee                       e  e eeeee  eeeeee
/data3fast/users/mbermudez/de_02/TFGDataset/img/T2_1387.png|                       e e e      eeeeeeeeeee
/data3fast/users/mbermudez/de_02/TFGDataset/img/T2_1382.png|deeeeee      eee              e eeee  eee eeeeeeeeee
/data3fast/users/mbermudez/de_02/TFGDataset/img/T2_0453.png|dd                          e    eeee  
/data3fast/users/mbermudez/de_02/TFGDataset/img/T2_1466.png|aa                e           eeee       eeeeee eeeee
/data3fast/users/mbermudez/de_02/TFGDataset/img/T2_1340.png|deee   ee e eeeeeeee
/data3fast/users/mbermudez/de_02/TFGDataset/img/T2_1299.png|eee                  e           eeee  eeeeeeee
/data3fast/users/mbermudez/de_02/TFGDataset/img/T2_0212.png|deee e e  eeeeeee eeeee ee
/data3fast/users/mbermudez/de_02/TFGDataset/img/T2_1247.png|eeeeeeee                 eee         e eeeeeeeeeeeee
/data3fast/users/mbermudez/de_02/TFGDataset/img/T2_1379.png|iieeee   ee     eeeee  eeeeee
/data3fast/users/mbermudez/de_02/TFGDataset/img/T2_0475.png|ieeeee     eee        ee    eee eeeeeeeeeeee
/data3fast/users/mbermudez/de_02/TFGDataset/img/T2_1062.png|eeeee   e      eeee       eeeeeeeeeeeeeeeeeeeee
/data3fast/users/mbermudez/de_02/TFGDataset/img/T2_0056.png|dd                    e          e  e eeeee
/data3fast/users/mbermudez/de_02/TFGDataset/img/T2_0057.png|aaa             e e  e   e   eeee    eeeeeeeee
/data3fast/users/mbermudez/de_02/TFGDataset/img/T2_1106.png|eeeeee                     ee  eeeeeee
/data3fast/users/mbermudez/de_02/TFGDataset/img/T2_0922.png|seeeeee          eee            ee ee eeeeeeeee
/data3fast/users/mbermudez/de_02/TFGDataset/img/T2_1253.png|ss                          e  eeeee
/data3fast/users/mbermudez/de_02/TFGDataset/img/T2_1129.png|aeeee ee                             eeeeeee e  eee
/data3fast/users/mbermudez/de_02/TFGDataset/img/T2_1439.png|eeeeeeeee   e e   ee eeeeee  eeeeeeeeeee
/data3fast/users/mbermudez/de_02/TFGDataset/img/T2_0914.png|aas               ee        eee e  ee  e  eeeeeee
/data3fast/users/mbermudez/de_02/TFGDataset/img/T2_1001.png|eeeeeeee e             e    eeeeee eeeeeeeeeeeeee
/data3fast/users/mbermudez/de_02/TFGDataset/img/T2_1148.png|eee                      ee       eeeeee
/data3fast/users/mbermudez/de_02/TFGDataset/img/T2_0232.png|eeeeee      e      eeee e eeeee e eeeeeeeeee
/data3fast/users/mbermudez/de_02/TFGDataset/img/T2_1185.png|aaa                   eee    e  eeeeeeeeee
/data3fast/users/mbermudez/de_02/TFGDataset/img/T2_0984.png|dde                 e      eeeee ee  eeeeeeeeeee
/data3fast/users/mbermudez/de_02/TFGDataset/img/T2_0773.png|eeeeee        ee ee   eee  e e eeee eeeeeeeeeeeeeeeee
/data3fast/users/mbermudez/de_02/TFGDataset/img/T2_0559.png|dd                      ee   ee        e  eeeeeeeeeee
/data3fast/users/mbermudez/de_02/TFGDataset/img/T2_1149.png|du                                eee eeeeeeee
/data3fast/users/mbermudez/de_02/TFGDataset/img/T2_0610.png|ddee           eee    e  eee eeee  eeeeeeeeeee
/data3fast/users/mbermudez/de_02/TFGDataset/img/T2_0766.png|aaa                 ee          eee    eee 
/data3fast/users/mbermudez/de_02/TFGDataset/img/T2_0303.png|d             e                  e     e eeeeeeee
/data3fast/users/mbermudez/de_02/TFGDataset/img/T2_1294.png|aaa                            e   e eeee ee eeeeee
/data3fast/users/mbermudez/de_02/TFGDataset/img/T2_0924.png|d                             e   eeee eeeeeeeeee
/data3fast/users/mbermudez/de_02/TFGDataset/img/T2_0800.png|dd                              ee    ee eeeeeee
/data3fast/users/mbermudez/de_02/TFGDataset/img/T2_1447.png|dd                             e  e eeeeee eeeee
/data3fast/users/mbermudez/de_02/TFGDataset/img/T2_0556.png|eeeeeeee        ee      e       eee     eeeeeeeeeeee
/data3fast/users/mbermudez/de_02/TFGDataset/img/T2_1014.png|eeeeeeeeeee     eee       ee  eeeeeeeeeeeeeeeee
/data3fast/users/mbermudez/de_02/TFGDataset/img/T2_0872.png|iie                     e  e     eeeeeeeeeeee
/data3fast/users/mbermudez/de_02/TFGDataset/img/T2_0565.png|sseee                              eeee eeeee  
/data3fast/users/mbermudez/de_02/TFGDataset/img/T2_1207.png|deeee      e   e           ee    eeeeeeeeeeee
/data3fast/users/mbermudez/de_02/TFGDataset/img/T2_0148.png|te       e     e ee  eee   eeeeeeeeeeeeeeee
/data3fast/users/mbermudez/de_02/TFGDataset/img/T2_0520.png|ddeee            eeeeee ee
/data3fast/users/mbermudez/de_02/TFGDataset/img/T2_0268.png|aaa                         eee eeeee   ee
/data3fast/users/mbermudez/de_02/TFGDataset/img/T2_1232.png|geeeeeee                 e   eeeeee eeeeeee
/data3fast/users/mbermudez/de_02/TFGDataset/img/T2_0376.png|aaa              e         ee   e eeeeeeeeeeeeee
/data3fast/users/mbermudez/de_02/TFGDataset/img/T2_0209.png|ieeeee     e       e               ee  eeeeeeeeeee
/data3fast/users/mbermudez/de_02/TFGDataset/img/T2_1042.png|eeeeeee       ee e ee  eee e    eeeeeeeeeeee
/data3fast/users/mbermudez/de_02/TFGDataset/img/T2_0867.png|ieeeee                         eeee   eeee e eeeeeeeeeee
/data3fast/users/mbermudez/de_02/TFGDataset/img/T2_1399.png|aaa        e  e          e           e          eee eeeeeee
/data3fast/users/mbermudez/de_02/TFGDataset/img/T2_0974.png|#     eeeee
/data3fast/users/mbermudez/de_02/TFGDataset/img/T2_0608.png|aaeee               eeeeee  ee    ee eeeeeeeeeeee
/data3fast/users/mbermudez/de_02/TFGDataset/img/T2_0388.png|aaa                              e  ee  e eee  eeeeeee
/data3fast/users/mbermudez/de_02/TFGDataset/img/T2_0692.png|"      e   e                      eeeeeeeeeeeeeee
/data3fast/users/mbermudez/de_02/TFGDataset/img/T2_0305.png|deeeee   e  e            eee e    e     eee  eeeeeeeee
/data3fast/users/mbermudez/de_02/TFGDataset/img/T2_0452.png|"      eee e                            e    eeeeee eee
/data3fast/users/mbermudez/de_02/TFGDataset/img/T2_1430.png|dd                          ee       eeeeeee eee
/data3fast/users/mbermudez/de_02/TFGDataset/img/T2_1114.png|iiie                    e          e eeeee     eeeeeee
/data3fast/users/mbermudez/de_02/TFGDataset/img/T2_1108.png|geeeeeee         e   e  eee    eee eeeeeeeeee
/data3fast/users/mbermudez/de_02/TFGDataset/img/T2_1028.png|aae                              e   eee eeeeeeeeeee
/data3fast/users/mbermudez/de_02/TFGDataset/img/T2_0843.png|eeeeeeee      e     eee   ee       eee eeeeeee
/data3fast/users/mbermudez/de_02/TFGDataset/img/T2_0276.png|"     e                 eeee  eeeeeeeeeeee
/data3fast/users/mbermudez/de_02/TFGDataset/img/T2_0710.png|eeeee                ee e       eee e    eeeeeeeeeeee
/data3fast/users/mbermudez/de_02/TFGDataset/img/T2_0546.png|gieeee                 eee e      eeeee  ee eeeeee
/data3fast/users/mbermudez/de_02/TFGDataset/img/T2_0379.png|dd                         e       eeeeee
/data3fast/users/mbermudez/de_02/TFGDataset/img/T2_0897.png|eeeeeeee            ee   e      eeeeeeeeeeee
/data3fast/users/mbermudez/de_02/TFGDataset/img/T2_0081.png|iii                      e   eee eeeeeeeeeeeee
/data3fast/users/mbermudez/de_02/TFGDataset/img/T2_0920.png|ieeeeeeee   ee e           eeeee e  ee ee e  eeeeeeee
/data3fast/users/mbermudez/de_02/TFGDataset/img/T2_1161.png|eeeeeee  ee                eeee  e   eeeeeeeeeeeeeee
/data3fast/users/mbermudez/de_02/TFGDataset/img/T2_0833.png|dee           ee           ee    e e eeee eeeeeeeeeee
/data3fast/users/mbermudez/de_02/TFGDataset/img/T2_0201.png|eeeeeeeeeee    e                 eee eeeeeeeeeeeeeeeee
/data3fast/users/mbermudez/de_02/TFGDataset/img/T2_0061.png|d                         e   e      eeeee eeeeee
/data3fast/users/mbermudez/de_02/TFGDataset/img/T2_0405.png|dd                      eee e eeeeeeeeee
/data3fast/users/mbermudez/de_02/TFGDataset/img/T2_1029.png|sa                           ee e     eee   eee  eeee eeeee
/data3fast/users/mbermudez/de_02/TFGDataset/img/T2_1367.png|eeeeeeee      eeeeeeee   eeeee eeeeeeeeeeeeeeee
/data3fast/users/mbermudez/de_02/TFGDataset/img/T2_0677.png|aaa                     e  e     eeeeeeeeeeeee
/data3fast/users/mbermudez/de_02/TFGDataset/img/T2_0648.png|aaa                              ee  e eee 
/data3fast/users/mbermudez/de_02/TFGDataset/img/T2_1097.png|eeeeeee       e e  e eeee eeee ee  eeee eeeeeeeeeeee
/data3fast/users/mbermudez/de_02/TFGDataset/img/T2_0407.png|dd             ee         eeeee   eeeeeeeeeeeeee
/data3fast/users/mbermudez/de_02/TFGDataset/img/T2_1227.png|dd                   e e        e eeeeeeeeeeeeeeeeeeee
/data3fast/users/mbermudez/de_02/TFGDataset/img/T2_0817.png|deeeee  ee    e eeeee   ee   eee eeeeeeeeee eeeeeeeeee
/data3fast/users/mbermudez/de_02/TFGDataset/img/T2_1322.png|ieeeeeee    e         e e     ee         eeee eeeee
/data3fast/users/mbermudez/de_02/TFGDataset/img/T2_0815.png|deeee  ee      ee e            e        eeeeeeeeeeee
/data3fast/users/mbermudez/de_02/TFGDataset/img/T2_1193.png|iiee                       e        e    ee eeeeeeeeee
/data3fast/users/mbermudez/de_02/TFGDataset/img/T2_0683.png|eeeeeeee       eee     eeee eeeeeeeeeeeeeeeeeeee
/data3fast/users/mbermudez/de_02/TFGDataset/img/T2_1405.png|d                       e           e     eeeee
/data3fast/users/mbermudez/de_02/TFGDataset/img/T2_0446.png|deeeeeee    ee     eee        e ee e eee eeeeeeeeeeee
/data3fast/users/mbermudez/de_02/TFGDataset/img/T2_0944.png|aae                e                ee       eee  eee ee
/data3fast/users/mbermudez/de_02/TFGDataset/img/T2_1500.png|de      e e           e         ee      eeeeeeeee eee
/data3fast/users/mbermudez/de_02/TFGDataset/img/T2_0756.png|deeee        e             e   e      e  e  e  eeeeeeee
/data3fast/users/mbermudez/de_02/TFGDataset/img/T2_0180.png|ssse                           e   e eeeeeeeeeeeee
/data3fast/users/mbermudez/de_02/TFGDataset/img/T2_0483.png|sss   ee            e        ee      e  eeeeeeeeeee
/data3fast/users/mbermudez/de_02/TFGDataset/img/T2_0134.png|ieeeeee                  eee      ee eeeeeeeeee
/data3fast/users/mbermudez/de_02/TFGDataset/img/T2_0183.png|sseeee      eee    ee   e e      e eeeeeeeeeeeeeee
/data3fast/users/mbermudez/de_02/TFGDataset/img/T2_0943.png|eeeeeeee        eeeee   e     eeee eeeeeeeeeee
/data3fast/users/mbermudez/de_02/TFGDataset/img/T2_0605.png|sseee  e               e        e     e eeeeeeeeeee
/data3fast/users/mbermudez/de_02/TFGDataset/img/T2_0241.png|dd                              eeeeeee
/data3fast/users/mbermudez/de_02/TFGDataset/img/T2_0721.png|ssee                            ee    eee eeeeeeeeee
/data3fast/users/mbermudez/de_02/TFGDataset/img/T2_0327.png|deee      e       e       e ee  eeeeeeeeeeeeeee
/data3fast/users/mbermudez/de_02/TFGDataset/img/T2_0430.png|iieee e       e      e               eeeeee eeeeeee
/data3fast/users/mbermudez/de_02/TFGDataset/img/T2_1372.png|eeeeeee   e         ee    ee e eeee  eeeeeeeee
/data3fast/users/mbermudez/de_02/TFGDataset/img/T2_1199.png|aa                             eeeeeeeeee
/data3fast/users/mbermudez/de_02/TFGDataset/img/T2_0666.png|eeeeeeee                       e   e  ee e eee eeeeeeeee
/data3fast/users/mbermudez/de_02/TFGDataset/img/T2_1039.png|seeee                      eeee    e ee   eeeeee
/data3fast/users/mbermudez/de_02/TFGDataset/img/T2_1354.png|geeeeeeeee  ee   ee     ee eee eeeeeee
/data3fast/users/mbermudez/de_02/TFGDataset/img/T2_1119.png|eeeeee            eee           ee ee eeeeeeeeee
/data3fast/users/mbermudez/de_02/TFGDataset/img/T2_0889.png|sseee e   eeeee    eeeeee eeeeeeeeeeeee
/data3fast/users/mbermudez/de_02/TFGDataset/img/T2_1276.png|eeeee   e                 ee      eee  eeeeeeeeeee
/data3fast/users/mbermudez/de_02/TFGDataset/img/T2_0695.png|"           eee        eee    eeee   e eeeeeeeeeee
/data3fast/users/mbermudez/de_02/TFGDataset/img/T2_1056.png|deeeeee       eeee        eee e  e       eeeeeeeeeeeeee
/data3fast/users/mbermudez/de_02/TFGDataset/img/T2_0885.png|deeeee    ee           e            e  e eeeeeeeee
/data3fast/users/mbermudez/de_02/TFGDataset/img/T2_0807.png|see e              ee          ee ee    ee eeeee
/data3fast/users/mbermudez/de_02/TFGDataset/img/T2_1309.png|eeeeeee e                e     eeee       eee ee
/data3fast/users/mbermudez/de_02/TFGDataset/img/T2_0100.png|eeeeee    e              eeeee   e eeee  eeeeeee
/data3fast/users/mbermudez/de_02/TFGDataset/img/T2_0617.png|eeeeee   ee e        eeee   eeeeeeeeeeeeeeeeeee
/data3fast/users/mbermudez/de_02/TFGDataset/img/T2_0676.png|#     eeeeee
/data3fast/users/mbermudez/de_02/TFGDataset/img/T2_1359.png|deeeeeee       e  eee    e e  e   eeee  eeeeeeeeeee
/data3fast/users/mbermudez/de_02/TFGDataset/img/T2_0840.png|d                      eeeee
/data3fast/users/mbermudez/de_02/TFGDataset/img/T2_0007.png|deeeee e                     eeee  eeeeee  
/data3fast/users/mbermudez/de_02/TFGDataset/img/T2_1132.png|eeeeeeeeee e  ee        eee   e e  e eeeeeeeeee
/data3fast/users/mbermudez/de_02/TFGDataset/img/T2_0186.png|iieee    e                    e    eee eeeeeee
/data3fast/users/mbermudez/de_02/TFGDataset/img/T2_1107.png|#     e eeeeeee
/data3fast/users/mbermudez/de_02/TFGDataset/img/T2_0164.png|#      eeeeeeeeee
/data3fast/users/mbermudez/de_02/TFGDataset/img/T2_0587.png|ddeee                           eeeee eeeeee
/data3fast/users/mbermudez/de_02/TFGDataset/img/T2_0693.png|ieeee                       ee   ee    eeeeeee
/data3fast/users/mbermudez/de_02/TFGDataset/img/T2_0179.png|iii                ee    e  e e eeeeeeeeee
/data3fast/users/mbermudez/de_02/TFGDataset/img/T2_0338.png|sseeeee         eeeee         eeeeeeeeeeeeeee
/data3fast/users/mbermudez/de_02/TFGDataset/img/T2_1333.png|aa                  eeee  e     eeeeeeeeeeeeeeeeee
/data3fast/users/mbermudez/de_02/TFGDataset/img/T2_1138.png|aeeeeee     e         eeee       eeeeeeeeeeeeeeeee
/data3fast/users/mbermudez/de_02/TFGDataset/img/T2_0288.png|iieeee e eee   eee    eee eeee  ee eeeeeeeeeee
/data3fast/users/mbermudez/de_02/TFGDataset/img/T2_0741.png|#     eeeee
/data3fast/users/mbermudez/de_02/TFGDataset/img/T2_0058.png|deeeee   e  eeee                  e ee  e eeeeeeeeeeeee
/data3fast/users/mbermudez/de_02/TFGDataset/img/T2_0623.png|dde           e               eeeeeee eee
/data3fast/users/mbermudez/de_02/TFGDataset/img/T2_1124.png|eeeeeeee      e                  eeeeee  eeeee
/data3fast/users/mbermudez/de_02/TFGDataset/img/T2_0069.png|iieeee  e ee   eeeee    eeeee  eee eeeeeeeeeeee
/data3fast/users/mbermudez/de_02/TFGDataset/img/T2_1346.png|ssse   e                  e   ee    eeeeeeeeeee
/data3fast/users/mbermudez/de_02/TFGDataset/img/T2_0377.png|da                         ee  ee      eee eeeeeee
/data3fast/users/mbermudez/de_02/TFGDataset/img/T2_0078.png|dd                                  eeeeee ee e
/data3fast/users/mbermudez/de_02/TFGDataset/img/T2_0531.png|deeeee  ee    e  e ee     e ee   eeeeeeeeeeee
/data3fast/users/mbermudez/de_02/TFGDataset/img/T2_1180.png|deeeee                        eee   eeeeee   
/data3fast/users/mbermudez/de_02/TFGDataset/img/T2_1282.png|sseee ee          eee   eeee  ee  eeeeeeeeee
/data3fast/users/mbermudez/de_02/TFGDataset/img/T2_0640.png|#    eeeee
/data3fast/users/mbermudez/de_02/TFGDataset/img/T2_0516.png|wieee           e       ee      eee  eeeeeeeeee
/data3fast/users/mbermudez/de_02/TFGDataset/img/T2_1024.png|sseeeeee e     e   eee   ee   ee   eeeeeeeeeeeeee
/data3fast/users/mbermudez/de_02/TFGDataset/img/T2_0210.png|eeeee           e        eeeeeeeeeee
/data3fast/users/mbermudez/de_02/TFGDataset/img/T2_1489.png|aieee                       ee    e   eeeeeeee
/data3fast/users/mbermudez/de_02/TFGDataset/img/T2_0002.png|iiie    e          ee     eee  eeeeeeeeeeee
/data3fast/users/mbermudez/de_02/TFGDataset/img/T2_0077.png|eeeeeeee   ee  e e e          eee eeeeeeeeee
/data3fast/users/mbermudez/de_02/TFGDataset/img/T2_0938.png|dde     e eee
/data3fast/users/mbermudez/de_02/TFGDataset/img/T2_0771.png|#      eeeee
/data3fast/users/mbermudez/de_02/TFGDataset/img/T2_0111.png|aaa            ee       eeee        eeeeeeeeeeeeee
/data3fast/users/mbermudez/de_02/TFGDataset/img/T2_1168.png|ieeeee                          e   eeeeee  eeeeeeeeeeeee
/data3fast/users/mbermudez/de_02/TFGDataset/img/T2_1398.png|eeeeeeeee ee e    eeeee e  eeeeeeeeeeeeeeeee
/data3fast/users/mbermudez/de_02/TFGDataset/img/T2_1125.png|geeeeee             e    eeee eeee eee eeeeeeeeeeeee
/data3fast/users/mbermudez/de_02/TFGDataset/img/T2_1297.png|asee                          e e    eeeeeeeeeee
/data3fast/users/mbermudez/de_02/TFGDataset/img/T2_0394.png|dd                            e e       eeee eeeee
/data3fast/users/mbermudez/de_02/TFGDataset/img/T2_0090.png|deeeeeee    eeeeeeee    eeeeeeeeeeeeeeeee
/data3fast/users/mbermudez/de_02/TFGDataset/img/T2_0515.png|da          e ee    ee   ee       eeeeeeeeeeeee
/data3fast/users/mbermudez/de_02/TFGDataset/img/T2_0152.png|dd                              ee  eeeeeeee
/data3fast/users/mbermudez/de_02/TFGDataset/img/T2_0106.png|"             e ee     ee  eeeeeeeeeee
/data3fast/users/mbermudez/de_02/TFGDataset/img/T2_0224.png|deee                                      eeeeeee
/data3fast/users/mbermudez/de_02/TFGDataset/img/T2_1239.png|iee     ee       eeeeeeeee
/data3fast/users/mbermudez/de_02/TFGDataset/img/T2_0349.png|ss                         ee e  e    eeeeeee
/data3fast/users/mbermudez/de_02/TFGDataset/img/T2_0742.png|aaa                              e   eee eeee
/data3fast/users/mbermudez/de_02/TFGDataset/img/T2_0534.png|eeeeeeeee     e      e         eee    eee   eeeeeeeee
/data3fast/users/mbermudez/de_02/TFGDataset/img/T2_0810.png|aase                 e         ee     eeeeeeeeee
/data3fast/users/mbermudez/de_02/TFGDataset/img/T2_1258.png|ss            e        ee      eeee   eeeee
/data3fast/users/mbermudez/de_02/TFGDataset/img/T2_1030.png|da                         e  eeee e eeeeeeeeee
/data3fast/users/mbermudez/de_02/TFGDataset/img/T2_0041.png|eeeeeeeee             e  eeee  ee e  eeeeeeeeeee
/data3fast/users/mbermudez/de_02/TFGDataset/img/T2_0614.png|deeeeee   e   ee e    e e   e e  ee  eeeeeeeeeeeeee
/data3fast/users/mbermudez/de_02/TFGDataset/img/T2_0137.png|eeeeeeeeeeeeee       eeeeeeeeeeeeeeeeeeeeeeee
/data3fast/users/mbermudez/de_02/TFGDataset/img/T2_0812.png|eeeeeee   eeeee
/data3fast/users/mbermudez/de_02/TFGDataset/img/T2_0801.png|eeeeeeee       ee            e   e   eee eeeeee
/data3fast/users/mbermudez/de_02/TFGDataset/img/T2_0473.png|eeeeeeeeee      eeeeeeeeeeee
/data3fast/users/mbermudez/de_02/TFGDataset/img/T2_0095.png|dd              e         eee      eeeeeeee  eeeee
/data3fast/users/mbermudez/de_02/TFGDataset/img/T2_1040.png|iii                        e  eee e eeeeee  
/data3fast/users/mbermudez/de_02/TFGDataset/img/T2_1088.png|ieeeeeee   ee   e          e ee  eeeeee eeeee
