/data3fast/users/mbermudez/de_02/TFGDataset/img/T2_0522.png|gllllllleeeeehhheeeeeee     eeeeeeeee      aaaa
/data3fast/users/mbermudez/de_02/TFGDataset/img/T2_0509.png|eeeeeeeeeeeeeeeeee eessssssseeeeeeeeeee    eeeeeeeee
/data3fast/users/mbermudez/de_02/TFGDataset/img/T2_1294.png|aanneeeeeeeeeeeeeeeeeeeeeeee         hh      hheeh
/data3fast/users/mbermudez/de_02/TFGDataset/img/T2_0351.png|mmeeeeeeeeeeeeddddddd        r      aassshh
/data3fast/users/mbermudez/de_02/TFGDataset/img/T2_0779.png|weeeeee eeeeeeeeeeeeeeeeiiiii      ssssss  eeeeeeee
/data3fast/users/mbermudez/de_02/TFGDataset/img/T2_1175.png|wnnnnn          eeeeeeeeeeeeeeeeeeeeeeeeeeee    ssssss
/data3fast/users/mbermudez/de_02/TFGDataset/img/T2_0444.png|ffrr  eeeeeeeee nnnnee     ssss         shhh eeeeeee
/data3fast/users/mbermudez/de_02/TFGDataset/img/T2_1152.png|beer   t t t                sseeeeeeeee
/data3fast/users/mbermudez/de_02/TFGDataset/img/T2_0449.png|zueeeeeeeehhhhhh         e eeeett         nnnnnnn
/data3fast/users/mbermudez/de_02/TFGDataset/img/T2_1477.png|geeeeee         ddd      ssssssshhhhh           
/data3fast/users/mbermudez/de_02/TFGDataset/img/T2_0303.png|eee     eeeeeeeee e          n iii iiiiihhhhhh
/data3fast/users/mbermudez/de_02/TFGDataset/img/T2_0523.png|tttttthhh   eeeeeeeee   nn    eeeeeeeeeesssss
/data3fast/users/mbermudez/de_02/TFGDataset/img/T2_0730.png|hhh        eeeteeeeett        aaa   nn neeeeeeee
/data3fast/users/mbermudez/de_02/TFGDataset/img/T2_1208.png|dd     eeee n nn  eeeeee    ttt      net
/data3fast/users/mbermudez/de_02/TFGDataset/img/T2_0297.png|dee                   hhh ssssshhheeeeeeee nnnn
/data3fast/users/mbermudez/de_02/TFGDataset/img/T2_0352.png|leennnnnnn     n     eee      sssaaa tttttttt
/data3fast/users/mbermudez/de_02/TFGDataset/img/T2_1411.png|mit        eeeeeeeeee             ttttt
/data3fast/users/mbermudez/de_02/TFGDataset/img/T2_0777.png|deee  e  eee                     eeeeeeenn eeeeN
/data3fast/users/mbermudez/de_02/TFGDataset/img/T2_0082.png|eee  ssssschh         e chcch            eeeeeeiiie
/data3fast/users/mbermudez/de_02/TFGDataset/img/T2_0926.png|drr       eeeee eeeeeii    eeeeeeeeee   nnnnnnnnn
/data3fast/users/mbermudez/de_02/TFGDataset/img/T2_0688.png|weeee  eeeeeee hhh    aa           eeeeeeeeeeeeee*******
/data3fast/users/mbermudez/de_02/TFGDataset/img/T2_0706.png|derr    nnnnn      eeeellee         eeeeeeeeeeeeeN
/data3fast/users/mbermudez/de_02/TFGDataset/img/T2_1495.png|eeee          essssseeee e                   
/data3fast/users/mbermudez/de_02/TFGDataset/img/T2_0865.png|eeeeeeeeeeeee
/data3fast/users/mbermudez/de_02/TFGDataset/img/T2_0590.png|liiiieeeeeeeeeeeeeeeeeeeeeeeeeee       cchhnnnniinn
/data3fast/users/mbermudez/de_02/TFGDataset/img/T2_0076.png|deeeeeeeeeeeeessssseeeee   iieeeeee   eeee
/data3fast/users/mbermudez/de_02/TFGDataset/img/T2_0756.png|nee    eeeeeee                 sssshhhhaaaaaa
/data3fast/users/mbermudez/de_02/TFGDataset/img/T2_1137.png|wii      ss   eeeee     ss           rrrrrreeeee
/data3fast/users/mbermudez/de_02/TFGDataset/img/T2_0639.png|#  
/data3fast/users/mbermudez/de_02/TFGDataset/img/T2_1190.png|ssa   tttttttttt             eeeeeeee eeeeeeeeeee
/data3fast/users/mbermudez/de_02/TFGDataset/img/T2_1456.png|vrrr      eeeeeeeeeeseeeeeeeeeeeeeeeee      n
/data3fast/users/mbermudez/de_02/TFGDataset/img/T2_1390.png|nnnn              ssssssii              ssseeeee
/data3fast/users/mbermudez/de_02/TFGDataset/img/T2_0176.png|mi       aaaa         eeeeeeee         hhhhhlle
/data3fast/users/mbermudez/de_02/TFGDataset/img/T2_0893.png|ttttsssshhhh                hhh   ss eeeeeeeeehhh
/data3fast/users/mbermudez/de_02/TFGDataset/img/T2_0398.png|mii         eesssss    ssssstt       eeeeess
/data3fast/users/mbermudez/de_02/TFGDataset/img/T2_0524.png|rrrreeeeeeeddd  eesss  
/data3fast/users/mbermudez/de_02/TFGDataset/img/T2_0568.png|heeeeee      sss       iiiieeeeeee      r
/data3fast/users/mbermudez/de_02/TFGDataset/img/T2_0420.png|dd   eeeeeeeeeeeeeeeee     nn    aaa   rr
/data3fast/users/mbermudez/de_02/TFGDataset/img/T2_0163.png|dde  eeeeeeeeee        ssssehhhehheeeeehhhhhhh aaaa
/data3fast/users/mbermudez/de_02/TFGDataset/img/T2_0661.png|iii  eeeeeet     sss  eeeee e
/data3fast/users/mbermudez/de_02/TFGDataset/img/T2_0930.png|iiiss                    eeeeeeeeeeeeeeeeeeeehsssss
/data3fast/users/mbermudez/de_02/TFGDataset/img/T2_0476.png|dee  eeee           e
/data3fast/users/mbermudez/de_02/TFGDataset/img/T2_1114.png|iiihhh   eeeeeeeeeeeeeeeeeeee    nn eeeeeeen  ee    hha
/data3fast/users/mbermudez/de_02/TFGDataset/img/T2_0764.png|nneeeeeeeeee                              aaa
/data3fast/users/mbermudez/de_02/TFGDataset/img/T2_0795.png|eernnnnnnnn     e eeeeeeeeeet                 aa
/data3fast/users/mbermudez/de_02/TFGDataset/img/T2_1042.png|wnnneeeee   n n   hhhhh          t         
/data3fast/users/mbermudez/de_02/TFGDataset/img/T2_0464.png|ssheeeeee                         e    e  eeeeeeeeeett
/data3fast/users/mbermudez/de_02/TFGDataset/img/T2_1232.png|ggeeeeeeeeeeeeeee sssshhhhheeeeeeeeeee      aaaaa
/data3fast/users/mbermudez/de_02/TFGDataset/img/T2_0949.png|ooeeeeeeieeieeeeee******eeeeeeeiiii       aaa
/data3fast/users/mbermudez/de_02/TFGDataset/img/T2_0007.png|eee   nnaaa  eeeeeeeeeeeeee       eeeeeeeee
/data3fast/users/mbermudez/de_02/TFGDataset/img/T2_0704.png|#  
/data3fast/users/mbermudez/de_02/TFGDataset/img/T2_0451.png|gleeeeeeeeeeeeeei            aaallllle     ee
/data3fast/users/mbermudez/de_02/TFGDataset/img/T2_0013.png|nnn   eeeeee  eeeeeeeeeeeeee
/data3fast/users/mbermudez/de_02/TFGDataset/img/T2_0997.png|in     eeeeeeeeeeeeee      eeeeee  d    nnnn
/data3fast/users/mbermudez/de_02/TFGDataset/img/T2_1350.png|*neeeeeeeeee               n      hhhhhhhhh       dd
/data3fast/users/mbermudez/de_02/TFGDataset/img/T2_0233.png|eeeeehhhitit   *e** **** eeeeeeeeeee   ddddd e e  iiii
/data3fast/users/mbermudez/de_02/TFGDataset/img/T2_1224.png|oo     eeeeeeeeeeeeeeeeeeelllllllllll    nnnnnnn
/data3fast/users/mbermudez/de_02/TFGDataset/img/T2_0549.png|eessettttt
/data3fast/users/mbermudez/de_02/TFGDataset/img/T2_0375.png|aaaeeeeeeeeeeeeeeeeelllehhh         sssshhhh
/data3fast/users/mbermudez/de_02/TFGDataset/img/T2_0130.png|hhheeeeeeeeeeeeeihhhh                ssss       ssse
/data3fast/users/mbermudez/de_02/TFGDataset/img/T2_0497.png|dd    aa              tt eee e isssiiiiiiii
/data3fast/users/mbermudez/de_02/TFGDataset/img/T2_1342.png|uuuu   ee       dnd     eeeeeee e ee eeeeeeee  aa
/data3fast/users/mbermudez/de_02/TFGDataset/img/T2_0374.png|aaa         ehhhhee eeeeeeeee         sssssss
/data3fast/users/mbermudez/de_02/TFGDataset/img/T2_0932.png|berrr             rrrrrrrreerrr eeeeeeeeee ahhh
/data3fast/users/mbermudez/de_02/TFGDataset/img/T2_1494.png|eee          eeeee          eeeeeeeeeee   eeeeeeeeee
/data3fast/users/mbermudez/de_02/TFGDataset/img/T2_0954.png|wnneeeeeeeeeei iieee                        eeet
/data3fast/users/mbermudez/de_02/TFGDataset/img/T2_1303.png|dnneeeeeeeeeeeaaaaaa eeeeeeeeeeet       eeeeee
/data3fast/users/mbermudez/de_02/TFGDataset/img/T2_0648.png|ha  ddd           hhhhhh           eee  rrrrr
/data3fast/users/mbermudez/de_02/TFGDataset/img/T2_0197.png|eerrh          e eessssshhhh                   eeeeeeeeeee
/data3fast/users/mbermudez/de_02/TFGDataset/img/T2_1034.png|der     eeeeeeeeeeeeeeeeeeeeee       eehhhhhh
/data3fast/users/mbermudez/de_02/TFGDataset/img/T2_1389.png|eeee     aaaa    hhhhhhheeeeeeennnitttt
/data3fast/users/mbermudez/de_02/TFGDataset/img/T2_0937.png|beeeeeeeee            ieeeeeeeeee    aa
/data3fast/users/mbermudez/de_02/TFGDataset/img/T2_1363.png|drrrrr tttttt ssssseeeeeeeeeeeeeeeeee          u
/data3fast/users/mbermudez/de_02/TFGDataset/img/T2_0311.png|aaa   tt t ee  eeeeeee  hh                   nn
/data3fast/users/mbermudez/de_02/TFGDataset/img/T2_0539.png|wellss s  s sssssssseeeeeeessss     eeeeeee
/data3fast/users/mbermudez/de_02/TFGDataset/img/T2_0534.png|geeehsssssssssssssssssssssssssss  hh       eeeee
/data3fast/users/mbermudez/de_02/TFGDataset/img/T2_0874.png|onee     ssssshhee hhh       h      e eeeee        d
/data3fast/users/mbermudez/de_02/TFGDataset/img/T2_0392.png|iitttteeeeeeeeeeeeeeeeeeee nnnnnnnnnnnn ee
/data3fast/users/mbermudez/de_02/TFGDataset/img/T2_0179.png|ttt   nnnnnnnnneeeeeeeiieeeeeeeeeeeeeeeeee
/data3fast/users/mbermudez/de_02/TFGDataset/img/T2_0684.png|"          l sssss  eeeeeeeeee sssss             nnn
/data3fast/users/mbermudez/de_02/TFGDataset/img/T2_0494.png|wssssss
/data3fast/users/mbermudez/de_02/TFGDataset/img/T2_1466.png|aaatt             eeeeeeeeeeeeeeeeeeee      ssssshh
/data3fast/users/mbermudez/de_02/TFGDataset/img/T2_1073.png|# 
/data3fast/users/mbermudez/de_02/TFGDataset/img/T2_0234.png|deeeeeeeeeeeee   aaa a   a rrreeeeeeeeeee
/data3fast/users/mbermudez/de_02/TFGDataset/img/T2_0003.png|weeeeeeehhhhhhhhhhee   nnnnnaa     ssssssssseeetttt
/data3fast/users/mbermudez/de_02/TFGDataset/img/T2_0114.png|dee   hhhh       dd   eeeeeeeeehhh    a aallll
/data3fast/users/mbermudez/de_02/TFGDataset/img/T2_1347.png|aahhh     aaaa       dd  eeeeeee            rree
/data3fast/users/mbermudez/de_02/TFGDataset/img/T2_0195.png|aalhh          hhhhh                 eed
/data3fast/users/mbermudez/de_02/TFGDataset/img/T2_0341.png|eeeeehhhheeeeeeeeeeeeeett      eeee       
/data3fast/users/mbermudez/de_02/TFGDataset/img/T2_0860.png|wiieeeeeeeeeecccchhhhseeeee              eeeeeeeeeeNN  N
/data3fast/users/mbermudez/de_02/TFGDataset/img/T2_0642.png|deeeee eeee eesssssssssseeeeeeeeii          ss
/data3fast/users/mbermudez/de_02/TFGDataset/img/T2_0069.png|inn    eeeeeeeeeeeeeeeeellllleeeeee         dd
/data3fast/users/mbermudez/de_02/TFGDataset/img/T2_1009.png|"    eeeeeeeeeeeeeeeeeeeii     aaaaaaaassss
/data3fast/users/mbermudez/de_02/TFGDataset/img/T2_0306.png|tt            eeeeeeeeeeeeeeee           sssssittttt
/data3fast/users/mbermudez/de_02/TFGDataset/img/T2_1128.png|hh        eeeeeeeeeeeeeeeeessttttt  i   eeeeeee
/data3fast/users/mbermudez/de_02/TFGDataset/img/T2_1120.png|inn     eeeeeeee e eeeeeeeeeeeetttttttttt       e
/data3fast/users/mbermudez/de_02/TFGDataset/img/T2_0597.png|eer      eeeeeeee*eeeeeeeeeiieee      ....
/data3fast/users/mbermudez/de_02/TFGDataset/img/T2_0827.png|ddeeeeeehhhhhet             eeeeeeeeeeeeeeeeeee
/data3fast/users/mbermudez/de_02/TFGDataset/img/T2_1138.png|aeeee    d   eeeeessssseeeeeeeeeeeeeeeeeeee e eee
/data3fast/users/mbermudez/de_02/TFGDataset/img/T2_1072.png|oo     eeeeeeeehhh      aa             tt      de
/data3fast/users/mbermudez/de_02/TFGDataset/img/T2_0024.png|beeeeeeeeeeet        eeeeeeeeee              ddeee
/data3fast/users/mbermudez/de_02/TFGDataset/img/T2_1467.png|iii   a    aaaa     eeeeeeeeee    nn  eeeee
/data3fast/users/mbermudez/de_02/TFGDataset/img/T2_0908.png|st       ee  eeeeeeeeeee               ttttt
/data3fast/users/mbermudez/de_02/TFGDataset/img/T2_0515.png|uuu  eeeeeeehhhhh        s  tt          eeeeeeeee
/data3fast/users/mbermudez/de_02/TFGDataset/img/T2_0127.png|daa     eeeeeeeeeeeeeeeeeee*e**      eeeeeeeeeeeeee
/data3fast/users/mbermudez/de_02/TFGDataset/img/T2_1169.png|derrrrttttt             n  eeeeeeeeee aaaaa   ee
/data3fast/users/mbermudez/de_02/TFGDataset/img/T2_1170.png|oo   eeeeeee         nnnnnniiiinn ee eee
/data3fast/users/mbermudez/de_02/TFGDataset/img/T2_0540.png|# 
/data3fast/users/mbermudez/de_02/TFGDataset/img/T2_0605.png|sstteeeeeeeeeeeeeeeee  sss                dddee
/data3fast/users/mbermudez/de_02/TFGDataset/img/T2_0452.png|"    eeeeeeennnn           a aasassssaaaallllle
/data3fast/users/mbermudez/de_02/TFGDataset/img/T2_0260.png|nneeeeessee     eeieeeeeeeeeeellllaaaaaaaaeeeeeee
/data3fast/users/mbermudez/de_02/TFGDataset/img/T2_0812.png|wweeettttttttt
/data3fast/users/mbermudez/de_02/TFGDataset/img/T2_1014.png|geeeeeeeeeeeeeeeeeesehhheeeeeeeesssssssss    ssseeeee
/data3fast/users/mbermudez/de_02/TFGDataset/img/T2_0042.png|de   ttttt                eeeeeeeeeeeeeee      eee
/data3fast/users/mbermudez/de_02/TFGDataset/img/T2_0276.png|"         nndd    eeeeeeeehhhhhhhh   
/data3fast/users/mbermudez/de_02/TFGDataset/img/T2_0348.png|wott             tt tt               eeee   tttttttt
/data3fast/users/mbermudez/de_02/TFGDataset/img/T2_0170.png|weissss    ddddeeeeeeeeee  ss   eeeeeee
/data3fast/users/mbermudez/de_02/TFGDataset/img/T2_0083.png|uuueeeeeeeeeeeetttt                ttt     s
/data3fast/users/mbermudez/de_02/TFGDataset/img/T2_0256.png|aa       neeeeeeeeeeeeeeeesss   nn  eeeeee
/data3fast/users/mbermudez/de_02/TFGDataset/img/T2_1419.png|geee            ttttt   eeeellllleeeeeeeeeeee
/data3fast/users/mbermudez/de_02/TFGDataset/img/T2_0065.png|der        sss    n       ss   sssss    hhhhheeeeeh
/data3fast/users/mbermudez/de_02/TFGDataset/img/T2_0714.png|nnhhhhhhh          eeeehhhhhhh     eeeeeeeee
/data3fast/users/mbermudez/de_02/TFGDataset/img/T2_0150.png|wreedddddd       eeeee    eeeeeeeeee     ssss  
/data3fast/users/mbermudez/de_02/TFGDataset/img/T2_0992.png|iennnnn    d   eeeeeeeeeeeeeeee       eeeeeeeeee
/data3fast/users/mbermudez/de_02/TFGDataset/img/T2_0020.png|www      eeeeeeeeeeeeeeeeeeeeee   ddnd    eeh
/data3fast/users/mbermudez/de_02/TFGDataset/img/T2_0740.png|deeee   eeeee        eee ee ecccsss    ssss   sss  ss   eeeee
/data3fast/users/mbermudez/de_02/TFGDataset/img/T2_1500.png|bee   eeeeeeeeeeeeeeeeessss    eeeeeeeeeeeee
/data3fast/users/mbermudez/de_02/TFGDataset/img/T2_0185.png|dan   eeehee    d        hhhhhhhn nnnnn dddas
/data3fast/users/mbermudez/de_02/TFGDataset/img/T2_0828.png|unnn   eeeeeee            eeee          aaaa
/data3fast/users/mbermudez/de_02/TFGDataset/img/T2_0032.png|wrrrrttttt          eeeeeeeeeeeeeeeeeeeeeeeeeeet
/data3fast/users/mbermudez/de_02/TFGDataset/img/T2_0138.png|aa                     eeeeeeeeeeeeeeeeeeeeee
/data3fast/users/mbermudez/de_02/TFGDataset/img/T2_0051.png|schhhhhhhhhhheeeeeeeeeeeeee             e eeeeee
/data3fast/users/mbermudez/de_02/TFGDataset/img/T2_1320.png|iit   aaaaaaa    eeeleeeeeeee         * eeeeee
/data3fast/users/mbermudez/de_02/TFGDataset/img/T2_0901.png|aauueeeeeeeeeeeeeeeeeeee  ssssscch           ee
/data3fast/users/mbermudez/de_02/TFGDataset/img/T2_0228.png|"   eeeeetetteeeheieeeeeeeeeeee nn   e sssssss
/data3fast/users/mbermudez/de_02/TFGDataset/img/T2_1249.png|un     hhhhhhh     aa    eeeeeeeeeeeeee       
/data3fast/users/mbermudez/de_02/TFGDataset/img/T2_0633.png|derrhhhhhhhhhhheeeeee**********
/data3fast/users/mbermudez/de_02/TFGDataset/img/T2_1338.png|iiee    eeeeeeeeeeeeeeee iine  e    e     sssss
/data3fast/users/mbermudez/de_02/TFGDataset/img/T2_0426.png|sstt                                      i  eeeesssss
/data3fast/users/mbermudez/de_02/TFGDataset/img/T2_0571.png|beeee             ee   eeeeeeeeeeeeeeennnee
/data3fast/users/mbermudez/de_02/TFGDataset/img/T2_1222.png|wlll       eeeeeeeeeeeeeeeeeeee          tt
/data3fast/users/mbermudez/de_02/TFGDataset/img/T2_0767.png|ss   eeehhhhhieee     eeeeeeeeeeeeehhhh
/data3fast/users/mbermudez/de_02/TFGDataset/img/T2_0721.png|nnn             a    hssssssllllee            eeeeenen
/data3fast/users/mbermudez/de_02/TFGDataset/img/T2_0479.png|eetttteeeee e        d dnnn         thhh
/data3fast/users/mbermudez/de_02/TFGDataset/img/T2_0501.png|geeeessssss            eeeeeeeeeeeeeeeeeeeeeeeeeee
/data3fast/users/mbermudez/de_02/TFGDataset/img/T2_1003.png|tteeeeeehhhhhhhh       eeeeeeeeeeeeeeeeeeeeee   nnnndnd
/data3fast/users/mbermudez/de_02/TFGDataset/img/T2_0269.png|wlle    nnneeeeeeeeeeeeeeeeeeeeeeeeelllllll  
/data3fast/users/mbermudez/de_02/TFGDataset/img/T2_0475.png|iii     eeeeee        llleeeeeeeeeeeeiiii    seee
/data3fast/users/mbermudez/de_02/TFGDataset/img/T2_0878.png|rrrr   aa  a  eeeeleee    nn    sssssssssttttt
/data3fast/users/mbermudez/de_02/TFGDataset/img/T2_0387.png|derrreeeeeeeeeeeeeeeeeeeeeee   aasssss
/data3fast/users/mbermudez/de_02/TFGDataset/img/T2_1139.png|ttt  aa         hhhhhhheeeeeeeeeeeeeeeeee
/data3fast/users/mbermudez/de_02/TFGDataset/img/T2_0174.png|der   nneeeeeeeeeeiiit               rrrrrrree
/data3fast/users/mbermudez/de_02/TFGDataset/img/T2_0894.png|uneeeeeeeeeeeeeeeeeeee n     eeeeeerrrrrr re    nnn
/data3fast/users/mbermudez/de_02/TFGDataset/img/T2_1026.png|gguuuua  aa        e  eeeee          naaaah
/data3fast/users/mbermudez/de_02/TFGDataset/img/T2_0713.png|# 
/data3fast/users/mbermudez/de_02/TFGDataset/img/T2_0826.png|ii    h tttttt t  t* ******          eeeeeeeeeeeeee    nnnn
/data3fast/users/mbermudez/de_02/TFGDataset/img/T2_0477.png|lliiieeee             eeeeeeeeeeeecheiee        d
/data3fast/users/mbermudez/de_02/TFGDataset/img/T2_1382.png|disssssseeeeeeee             ssssccchhhh    eeeeeeee
/data3fast/users/mbermudez/de_02/TFGDataset/img/T2_0610.png|de  ss aaa    sseeeeeeeeeeeeeee                 ee
/data3fast/users/mbermudez/de_02/TFGDataset/img/T2_0146.png|sssssssssss   ss  eeeeeeeeeeeenennennnneeee
/data3fast/users/mbermudez/de_02/TFGDataset/img/T2_1498.png|di           eeeeeeeeeeeeeeee     e  sssssstttt
/data3fast/users/mbermudez/de_02/TFGDataset/img/T2_1371.png|dass eeeeeeeee            a                             n
/data3fast/users/mbermudez/de_02/TFGDataset/img/T2_1298.png|dee s  hhhhhheeeeeeeelllllll   a  eeeeeetteete
/data3fast/users/mbermudez/de_02/TFGDataset/img/T2_0377.png|dasss ttttt              eeeee sssssss tttttt
/data3fast/users/mbermudez/de_02/TFGDataset/img/T2_1010.png|geeee           aaa as   eeeeeeeeeeeeeerrrttt
/data3fast/users/mbermudez/de_02/TFGDataset/img/T2_1418.png|geehhheettt
/data3fast/users/mbermudez/de_02/TFGDataset/img/T2_1186.png|nneeehhh                                 eeeeee
/data3fast/users/mbermudez/de_02/TFGDataset/img/T2_0757.png|eeee        eeeeeeeeeeeeee ttt    i      eeeeeee
/data3fast/users/mbermudez/de_02/TFGDataset/img/T2_0744.png|deee    n         n                          
/data3fast/users/mbermudez/de_02/TFGDataset/img/T2_1255.png|lllnn nnneeeeeeeeeee  eeeeeeeeeeeeee       nnnnnndd
/data3fast/users/mbermudez/de_02/TFGDataset/img/T2_1432.png|geeeee    dd eeeeeeeeeeeeeeeeeeeeerrreeeeeeee
/data3fast/users/mbermudez/de_02/TFGDataset/img/T2_0448.png|geee           eeeeeeeeeeeeellleeeeeee    ed
/data3fast/users/mbermudez/de_02/TFGDataset/img/T2_1055.png|sseeeeee      ta tt   t    eissssssss
/data3fast/users/mbermudez/de_02/TFGDataset/img/T2_0727.png|alleee           iiiieeeeeeee
/data3fast/users/mbermudez/de_02/TFGDataset/img/T2_1094.png|"    sssss        h eee                  eeeeeeee
/data3fast/users/mbermudez/de_02/TFGDataset/img/T2_0225.png|iiineeeeeeeeeeeeeeeeeeeeeeeei         eeeeee
/data3fast/users/mbermudez/de_02/TFGDataset/img/T2_0315.png|unn  eeeeeeeeeeeennneeeeeeennnnn        eeeee
/data3fast/users/mbermudez/de_02/TFGDataset/img/T2_0601.png|bee  aaaaaaa    eeeeeeeeeeeellllhhhtttttttt
/data3fast/users/mbermudez/de_02/TFGDataset/img/T2_0508.png|"  eeeeeeeee h haaassssslllleeeeeeeeeee  
/data3fast/users/mbermudez/de_02/TFGDataset/img/T2_1264.png|da   eeeeee                  eeeeeeeeeeeeee hh
/data3fast/users/mbermudez/de_02/TFGDataset/img/T2_0822.png|uund    aaaaa   aa nnnnnnnn  a ahhhhhhhe
/data3fast/users/mbermudez/de_02/TFGDataset/img/T2_0229.png|iihhhhhh        eeeeeeeeeeeeeeeeeeeeehhhhheeeeee     ee
/data3fast/users/mbermudez/de_02/TFGDataset/img/T2_0008.png|oe                     eeeeee*eeeeeesee ee   ee
/data3fast/users/mbermudez/de_02/TFGDataset/img/T2_0848.png|ggeeetttt          eett                   eeeeee
/data3fast/users/mbermudez/de_02/TFGDataset/img/T2_0769.png|ssss                        h heeeeeeee
/data3fast/users/mbermudez/de_02/TFGDataset/img/T2_1376.png|man       nnnn   eeeeeeeeeeee         ene
/data3fast/users/mbermudez/de_02/TFGDataset/img/T2_1486.png|mieeeeeeeeeeeeeee e ssssssseeeeeeeeeeeeeeeee
/data3fast/users/mbermudez/de_02/TFGDataset/img/T2_1435.png|mmi   eeeee hhhhh                ssss  aaaa
/data3fast/users/mbermudez/de_02/TFGDataset/img/T2_1080.png|eere         ssssssssssss  aaa   n    eeeee
/data3fast/users/mbermudez/de_02/TFGDataset/img/T2_1433.png|ihhhh       e eeeeeeeeeeeeeeeeeeeeee       sssssss
/data3fast/users/mbermudez/de_02/TFGDataset/img/T2_0416.png|bssss                    sss        e e  eee  ttttttt
/data3fast/users/mbermudez/de_02/TFGDataset/img/T2_1277.png|de           eeeeeeeeeeeeeeeeeeeeee   eeeeeeeeeeeeeeeeeeet
/data3fast/users/mbermudez/de_02/TFGDataset/img/T2_1066.png|eeeenn    eeeeeeeeeeeeettt     aasss      eee
/data3fast/users/mbermudez/de_02/TFGDataset/img/T2_0068.png|eeethhhhh  e              n       eeeee    aaaaaa
/data3fast/users/mbermudez/de_02/TFGDataset/img/T2_0570.png|sllle    eeeeeeeeeeeeeeeeeee   ss    s sss       nnn
/data3fast/users/mbermudez/de_02/TFGDataset/img/T2_1215.png|ichhhh           eeeeeeeeeeeeeeeeeeeee  aaaa
/data3fast/users/mbermudez/de_02/TFGDataset/img/T2_0709.png|derrreeeeeeeeeeeeee        lltt           eeeeee
/data3fast/users/mbermudez/de_02/TFGDataset/img/T2_0034.png|#  
/data3fast/users/mbermudez/de_02/TFGDataset/img/T2_1346.png|slle            deeeeeeeeeeeess        aa aa
/data3fast/users/mbermudez/de_02/TFGDataset/img/T2_0044.png|wiee              nn eeee               eee
/data3fast/users/mbermudez/de_02/TFGDataset/img/T2_1164.png|errraa     ddnneeeeeeeeeeeeeeeeeeeeeeeelleeee
/data3fast/users/mbermudez/de_02/TFGDataset/img/T2_0098.png|stt          tttttt      ee eeeeeeeeeeessss
/data3fast/users/mbermudez/de_02/TFGDataset/img/T2_0514.png|dasss   eee    eeeeeeeeeeee   e  eeeeeeeeeeeeeee ee     nnnne
/data3fast/users/mbermudez/de_02/TFGDataset/img/T2_0925.png|zzzeeeeeeeeeeeeeeeeeeeeeeeeee tt       aaaaaa
/data3fast/users/mbermudez/de_02/TFGDataset/img/T2_1201.png|dieeeeeeeeeeeeeeeeeeeeeehh     annnn     eeeee
/data3fast/users/mbermudez/de_02/TFGDataset/img/T2_1179.png|dd     e hhhhh                                h
/data3fast/users/mbermudez/de_02/TFGDataset/img/T2_1287.png|ttttt            nna     n  eeeeeeeeiih    aaaa
/data3fast/users/mbermudez/de_02/TFGDataset/img/T2_0786.png|mo     hhhheeeeeeeeeeeeeeeeee          eeeih
/data3fast/users/mbermudez/de_02/TFGDataset/img/T2_1177.png|bbeeeee           d     r ttttttt       eeeee
/data3fast/users/mbermudez/de_02/TFGDataset/img/T2_0254.png|"    eeeeee  aa  eeeehhhhhhhhhh     t
/data3fast/users/mbermudez/de_02/TFGDataset/img/T2_1259.png|#  
/data3fast/users/mbermudez/de_02/TFGDataset/img/T2_1108.png|geeellltttttt      eeeeeeeeeeeeeee       ssss
/data3fast/users/mbermudez/de_02/TFGDataset/img/T2_1367.png|" eeeeeeeee ssssss       aaaa  llllleeeeeeeeeee
/data3fast/users/mbermudez/de_02/TFGDataset/img/T2_1291.png|aaa       eeeeeeeeeiiiii        seeeeeeee
/data3fast/users/mbermudez/de_02/TFGDataset/img/T2_1386.png|dd           eeessseseeeeeeee         rrr rrhhhh
/data3fast/users/mbermudez/de_02/TFGDataset/img/T2_0695.png|"    ssssshhhhhhh   eeeeeeee   e               hh
/data3fast/users/mbermudez/de_02/TFGDataset/img/T2_1254.png|mi   eeeeeeeeee    dd                eeeeeeeeeeeeee
/data3fast/users/mbermudez/de_02/TFGDataset/img/T2_0084.png|wnnee    ese      ttt t     eeeesee             eeeeeeeeeeee
/data3fast/users/mbermudez/de_02/TFGDataset/img/T2_1334.png|ss   eeeeeeeeeennnnn  n             eeeeeee
/data3fast/users/mbermudez/de_02/TFGDataset/img/T2_1161.png|anneeeeeeeehhhhh       eeeeeeeeeeeeeee     eee
/data3fast/users/mbermudez/de_02/TFGDataset/img/T2_0061.png|or    nnn n    eeeeeeeee    s        
/data3fast/users/mbermudez/de_02/TFGDataset/img/T2_0330.png|deesssseeeeeeeeeee         eee            eeeeehhhhhheeee
/data3fast/users/mbermudez/de_02/TFGDataset/img/T2_1450.png|aaaa        eee   e   eeeeeeeeeeeeeeeeehhhhhhhh
/data3fast/users/mbermudez/de_02/TFGDataset/img/T2_0505.png|neeeeeeeeeeeeeeeeeeeese
/data3fast/users/mbermudez/de_02/TFGDataset/img/T2_0205.png|beeehhhhhhh       sss               eeee  eeeeeee
/data3fast/users/mbermudez/de_02/TFGDataset/img/T2_0896.png|uuu eee   sssss      eeeeeeee      a    
/data3fast/users/mbermudez/de_02/TFGDataset/img/T2_0650.png|allleeeeeeeeeeeeeneeennnnee                   sssshhhh
/data3fast/users/mbermudez/de_02/TFGDataset/img/T2_1352.png|deeeeeeeeeeeeeeeeeeeeeeeeeeeee           d aaaaa
/data3fast/users/mbermudez/de_02/TFGDataset/img/T2_0189.png|shhhheeeeeeeeeeeeesss      ssslllllteeeeeeeeeeeeeeeeee
/data3fast/users/mbermudez/de_02/TFGDataset/img/T2_0870.png|aa    eeeeeeeeeh  nnnaaaaaaaaaaaaa eeeeeeeee
/data3fast/users/mbermudez/de_02/TFGDataset/img/T2_0282.png|weeeee       eeee            eeeeeeeeeeeeee  ahhhh
/data3fast/users/mbermudez/de_02/TFGDataset/img/T2_0588.png|dee eeeeeeeeeeeeeeeeee    nnn        eeeeee
/data3fast/users/mbermudez/de_02/TFGDataset/img/T2_0151.png|schhh         eeeeeeee    i  nnn n      sssss
/data3fast/users/mbermudez/de_02/TFGDataset/img/T2_0935.png|ttttt    hhhhhhh           sssschii     eee
/data3fast/users/mbermudez/de_02/TFGDataset/img/T2_1244.png|hhheeeeeeeett t            sssssiiie    eeee
/data3fast/users/mbermudez/de_02/TFGDataset/img/T2_0789.png|das eeeeeeeeeeeeeeeeeeeelellehhnnnnnnneeeeee
/data3fast/users/mbermudez/de_02/TFGDataset/img/T2_0210.png|iitttt      nnnnn       rrrrrrrrrrrt    h
/data3fast/users/mbermudez/de_02/TFGDataset/img/T2_0106.png|"   sssssi                eeeee
/data3fast/users/mbermudez/de_02/TFGDataset/img/T2_1002.png|eeeeeeeeeeeeeeeeeeeeeeeeeeeeeeeesssstttttt     nn
/data3fast/users/mbermudez/de_02/TFGDataset/img/T2_0895.png|eeeee nnnnn nnnnnn aaa  eeeee        eeeeeeeeeeeee
/data3fast/users/mbermudez/de_02/TFGDataset/img/T2_1381.png|*****        ttt              aaaa a   eeeeeeeeeeeeeee
/data3fast/users/mbermudez/de_02/TFGDataset/img/T2_0120.png|aaeeeeeeeeeeeeeeeeeeee   e   e          eeeee
/data3fast/users/mbermudez/de_02/TFGDataset/img/T2_0598.png|rrrreeeeeeeeeeeee  d    sss hhhhh    aa  eeee
/data3fast/users/mbermudez/de_02/TFGDataset/img/T2_1008.png|derr  ttttttttth  e  eeeeesssscccheeee             ddddd
/data3fast/users/mbermudez/de_02/TFGDataset/img/T2_0085.png|innn        
/data3fast/users/mbermudez/de_02/TFGDataset/img/T2_1216.png|*eeeeeeeeeeeeeeeeeeee     ssss              
/data3fast/users/mbermudez/de_02/TFGDataset/img/T2_0707.png|seeeee         a      a       eeeee ee              dd
/data3fast/users/mbermudez/de_02/TFGDataset/img/T2_0441.png|hh   eeeee            aaassssttt     n
/data3fast/users/mbermudez/de_02/TFGDataset/img/T2_0296.png|nnn  eeeeeeee             eeeiihhhhhh     ad
/data3fast/users/mbermudez/de_02/TFGDataset/img/T2_1446.png|uuu   eeeleeeeeeeeeee     dddd d       eeeee
/data3fast/users/mbermudez/de_02/TFGDataset/img/T2_0887.png|ee s saachhhhhhhhhhhh  eeeeeeeeeeeeeeeeeeeeeeeedde
/data3fast/users/mbermudez/de_02/TFGDataset/img/T2_0383.png|iieeeeeeeeeeeeeeeseeeee        nnnn aaa    eeeeeeeee
/data3fast/users/mbermudez/de_02/TFGDataset/img/T2_0656.png|ooe       eeeeeeeeeetteteeeeeeeeeeeeeeeeeeeeeeeeeee
/data3fast/users/mbermudez/de_02/TFGDataset/img/T2_0405.png|wennnnnnnnnneeeeeeeeeeeeeeeeeeeeee
/data3fast/users/mbermudez/de_02/TFGDataset/img/T2_1340.png|eeeeetttttt
/data3fast/users/mbermudez/de_02/TFGDataset/img/T2_0431.png|bbeeeeee                        eeeeeeeeee
/data3fast/users/mbermudez/de_02/TFGDataset/img/T2_0898.png|hheeeeeeeeeeeeeeeeeeeeeeeeeee    nn  deeeeeee
/data3fast/users/mbermudez/de_02/TFGDataset/img/T2_0201.png|geesssssssseeeee    e  eeesss           eee             e
/data3fast/users/mbermudez/de_02/TFGDataset/img/T2_0125.png|dan              ttttttttt     eeee  eeeed
/data3fast/users/mbermudez/de_02/TFGDataset/img/T2_1141.png|mmhhh hhh              ssss             ddee
/data3fast/users/mbermudez/de_02/TFGDataset/img/T2_0720.png|nnn   eeeeeee           eeeeeeeeeeeeee          eeeee
/data3fast/users/mbermudez/de_02/TFGDataset/img/T2_0952.png|bee       eeeeeeeeeeeeeeee       n              e
/data3fast/users/mbermudez/de_02/TFGDataset/img/T2_0682.png|eee                  nneeeeee     t        in
/data3fast/users/mbermudez/de_02/TFGDataset/img/T2_1204.png|ggehhhh        es seeeeeeeeeeeeeeeeeee eednneeeeeennn
/data3fast/users/mbermudez/de_02/TFGDataset/img/T2_1086.png|geeeeeeeeeeeee             sssssss hhhhheee
/data3fast/users/mbermudez/de_02/TFGDataset/img/T2_1480.png|# 
/data3fast/users/mbermudez/de_02/TFGDataset/img/T2_0350.png|geeehhhhhhh         ssssssssssssseeeee              nnnn
/data3fast/users/mbermudez/de_02/TFGDataset/img/T2_0265.png|iiieeeeee***                 eeeehi  nn          e
/data3fast/users/mbermudez/de_02/TFGDataset/img/T2_0249.png|zureeeeeechchhhhhhh             eeeeeeeeee       eee
/data3fast/users/mbermudez/de_02/TFGDataset/img/T2_0783.png|eeeeehiii            ssss             rreee
/data3fast/users/mbermudez/de_02/TFGDataset/img/T2_1236.png|nn       sssssssseeeeelleeeeelee   eeeeeeese
/data3fast/users/mbermudez/de_02/TFGDataset/img/T2_1440.png|eehhhaa  n     eeeeeeeeeeeleeeeeeeeeeiittttttt
/data3fast/users/mbermudez/de_02/TFGDataset/img/T2_1392.png|#  
/data3fast/users/mbermudez/de_02/TFGDataset/img/T2_0384.png|iieeeeeee    n  n   aaaa eeeeeeeeeeeeeeee eeen
/data3fast/users/mbermudez/de_02/TFGDataset/img/T2_0746.png|geeee          eeeeeee hhhhhhhhchhsssss    eee
/data3fast/users/mbermudez/de_02/TFGDataset/img/T2_0445.png|uurr eeee                     llll ll   aaal
/data3fast/users/mbermudez/de_02/TFGDataset/img/T2_0970.png|ssst  hhhhhhhh     ee   eeeeeeeeeeee         ss
/data3fast/users/mbermudez/de_02/TFGDataset/img/T2_0137.png|heeeehh  h     hhhh         hh     lllleeeeee
/data3fast/users/mbermudez/de_02/TFGDataset/img/T2_0853.png|"    sssssssss          eeeeee nnn     nnnnnn
/data3fast/users/mbermudez/de_02/TFGDataset/img/T2_1242.png|meeccchhsssssssss            ee s                 eeehcchh
/data3fast/users/mbermudez/de_02/TFGDataset/img/T2_0394.png|unndeeeeeeeeettttee eeeeeeeeeeeeeennnnnnnnn
/data3fast/users/mbermudez/de_02/TFGDataset/img/T2_1488.png|uuueeeeeeeeeeeeeee      eeeee    aaaannnan
/data3fast/users/mbermudez/de_02/TFGDataset/img/T2_0427.png|waa    nnnnnn   hhheeeeeeeeeeeeeeeeeeeeeeeeeeee
/data3fast/users/mbermudez/de_02/TFGDataset/img/T2_0157.png|ooo    eeeeeeeeeeeee  schhh     nnnd deee
/data3fast/users/mbermudez/de_02/TFGDataset/img/T2_0914.png|aassseeeeeeeeeeeeeeeeeeeeeeeeeeeeeee rrrrrrrrrtt
/data3fast/users/mbermudez/de_02/TFGDataset/img/T2_1071.png|nnisssseeeeeeeeeee                   eeeeeeeeeeeeeeee
/data3fast/users/mbermudez/de_02/TFGDataset/img/T2_1407.png|eeehhhh           e             eeeeeessssss   ll
/data3fast/users/mbermudez/de_02/TFGDataset/img/T2_0490.png|eerrlttt                ii         tt ssshhhee
/data3fast/users/mbermudez/de_02/TFGDataset/img/T2_0535.png|mmrre  eett   tttttttt           eeeeeeeeednn
/data3fast/users/mbermudez/de_02/TFGDataset/img/T2_0001.png|geen d    eeeeeeeeeeeeeeeee        ssssseeeeeeee
/data3fast/users/mbermudez/de_02/TFGDataset/img/T2_0990.png|drrrrrrrrrr         aaa eeeeeeeeeeeee
/data3fast/users/mbermudez/de_02/TFGDataset/img/T2_1271.png|maaa   eeeeeeeeeeeeeeee  ssaaa  s             deeeee
/data3fast/users/mbermudez/de_02/TFGDataset/img/T2_0503.png|unn eeeeesssssseeeeeeeee nnniiiii      hh
/data3fast/users/mbermudez/de_02/TFGDataset/img/T2_0245.png|eeeeeeeeeeeeeheeehhhee   nnn
/data3fast/users/mbermudez/de_02/TFGDataset/img/T2_1149.png|unn   eeeeeeeeeee    aaaaa       eeeeeeeeeee
/data3fast/users/mbermudez/de_02/TFGDataset/img/T2_1448.png|gnnneeeeeeeeeeeeei nn n  aa       eeeeeeeee nnn
/data3fast/users/mbermudez/de_02/TFGDataset/img/T2_1145.png|ooeeeeeeeeee  nn     eeeeeee              eeeeee
/data3fast/users/mbermudez/de_02/TFGDataset/img/T2_0128.png|iii  eeeeeeeeeeiiihhhhh       eeeeeeee        a
/data3fast/users/mbermudez/de_02/TFGDataset/img/T2_0112.png|aaas       eeeeeeee        nnn                       hh
/data3fast/users/mbermudez/de_02/TFGDataset/img/T2_0329.png|eeeeeeeeeeeee           hheeeeeee         lee       nnn
/data3fast/users/mbermudez/de_02/TFGDataset/img/T2_0607.png|gieeh       ssssssssssss     sssssssseeeeeeeeeee
/data3fast/users/mbermudez/de_02/TFGDataset/img/T2_0500.png|geeeeeeeee    hh t         n          eeeee
/data3fast/users/mbermudez/de_02/TFGDataset/img/T2_0238.png|dessssllhlllteetttttt             eeeeeeeeerererre
/data3fast/users/mbermudez/de_02/TFGDataset/img/T2_0053.png|aaaa    a asssssttt                    tttttsts
/data3fast/users/mbermudez/de_02/TFGDataset/img/T2_1388.png|belhhhh   sssss     ee              aaa    re
/data3fast/users/mbermudez/de_02/TFGDataset/img/T2_0259.png|der               eeeeeeeee     rrr             ee
/data3fast/users/mbermudez/de_02/TFGDataset/img/T2_0741.png|#  
/data3fast/users/mbermudez/de_02/TFGDataset/img/T2_0763.png|scchhhhh  eeeee           sss seeeeeeeeecchhhhhhhh
/data3fast/users/mbermudez/de_02/TFGDataset/img/T2_0353.png|"   eeeeeeeeeeeeeee ehhhh  a       eeeeeee    h
/data3fast/users/mbermudez/de_02/TFGDataset/img/T2_1328.png|der  hhhh             eeeeeeeei    nnnnnneee
/data3fast/users/mbermudez/de_02/TFGDataset/img/T2_1280.png|geeeee  
/data3fast/users/mbermudez/de_02/TFGDataset/img/T2_0531.png|deeessssseeeeee   h     nnnnnnnnn   eeeeeeeee
/data3fast/users/mbermudez/de_02/TFGDataset/img/T2_0673.png|aas  eeeeeeeerrrrr   alllleeeeeeNe
/data3fast/users/mbermudez/de_02/TFGDataset/img/T2_0222.png|tt*****                  eee    eeeeeeeee          eee
/data3fast/users/mbermudez/de_02/TFGDataset/img/T2_0081.png|hhhhee         aaaaa      eeeeeeeeeeeeeeeeeee
/data3fast/users/mbermudez/de_02/TFGDataset/img/T2_0622.png|geeeNee  nnn  a   eeeeeee   nnnn          hhhhhht
/data3fast/users/mbermudez/de_02/TFGDataset/img/T2_0343.png|oo    ehhheeeee   eeeeeeeeeeeeeeeeeeeeeee    ee
/data3fast/users/mbermudez/de_02/TFGDataset/img/T2_0400.png|nnnn  nneeeeeeeneinnnnnneeeeneeeeeeeeeeeeee
/data3fast/users/mbermudez/de_02/TFGDataset/img/T2_1237.png|aaa     ssseeeesssss           hhlhlllllllllllee
/data3fast/users/mbermudez/de_02/TFGDataset/img/T2_0626.png|dee   nnnnniiiiiii              eeeeeeeeee
/data3fast/users/mbermudez/de_02/TFGDataset/img/T2_0510.png|hheeeeeeee              eeeeeeeeeeeeeeeeeeeeeeeeeeeeehhhhh
/data3fast/users/mbermudez/de_02/TFGDataset/img/T2_0169.png|derrrtttthhhh       eeeeeeeeeeeeeeeee    nnn
/data3fast/users/mbermudez/de_02/TFGDataset/img/T2_0409.png|hhne  e            a  ssss    eee  ii   nnnn
/data3fast/users/mbermudez/de_02/TFGDataset/img/T2_1193.png|wwnnn nnee  eeeessssss    eeeeeeeeeeeeeesss           
/data3fast/users/mbermudez/de_02/TFGDataset/img/T2_0693.png|iii   eeeeeeeeeeeeeeee    d        eeeeetht
/data3fast/users/mbermudez/de_02/TFGDataset/img/T2_1050.png|weee                   eeeeeeeeeeeeeeeeeeeeeee
/data3fast/users/mbermudez/de_02/TFGDataset/img/T2_0455.png|uun      reeeehhhhh  hhhhhh     hhhhhhhhhhh
/data3fast/users/mbermudez/de_02/TFGDataset/img/T2_1484.png|dasssseeeeeeeeeeennnnnnnneeeeeeeeeeeeeee       cchh
/data3fast/users/mbermudez/de_02/TFGDataset/img/T2_0922.png|sseeeeeeeee   nn  nnaaaaa  lllhllllllllllllll
/data3fast/users/mbermudez/de_02/TFGDataset/img/T2_0624.png|dieeeseeeeeeeeeeeeeeeeeeeeeeeeee       sssssss
/data3fast/users/mbermudez/de_02/TFGDataset/img/T2_0058.png|de       eeeeeeeeeee                ssss    eeeeeeeee
/data3fast/users/mbermudez/de_02/TFGDataset/img/T2_0271.png|mmttt              eeeeeeennnnnnnnnnn  esseeee
/data3fast/users/mbermudez/de_02/TFGDataset/img/T2_1370.png|inn    eeeeee essssssssseeeehhhhhhhh     eeeeee
/data3fast/users/mbermudez/de_02/TFGDataset/img/T2_1290.png|bbr     dd    eeeeeeeeecchhhhhhheeee      d ee
/data3fast/users/mbermudez/de_02/TFGDataset/img/T2_0425.png|ttt     eeleelllllleeeeeeeeeeesssssseeeeeeeeee
/data3fast/users/mbermudez/de_02/TFGDataset/img/T2_0840.png|oo         eeeeeee e   *******....
/data3fast/users/mbermudez/de_02/TFGDataset/img/T2_1479.png|weees      eeeeeeeeee             eeeeee
/data3fast/users/mbermudez/de_02/TFGDataset/img/T2_1011.png|#  
/data3fast/users/mbermudez/de_02/TFGDataset/img/T2_0242.png|tee      dd eeeeeeeeeeeeeeeeitttt          eeee
/data3fast/users/mbermudez/de_02/TFGDataset/img/T2_0799.png|eeeeeeeeeeeheeehhhhhhhheeeeee  nneeeeeeeeeeeeeee
/data3fast/users/mbermudez/de_02/TFGDataset/img/T2_1183.png|"    aaaaaa s       eeeeeeeeeeeeeeeeeeeeeee         nnn
/data3fast/users/mbermudez/de_02/TFGDataset/img/T2_1088.png|uuu eeeeeeeeeeeeeeeee e                   s   hhh
/data3fast/users/mbermudez/de_02/TFGDataset/img/T2_1288.png|hhhh          eeeeeeee         aaaaaaaaaaaaa
/data3fast/users/mbermudez/de_02/TFGDataset/img/T2_1351.png|iiieeeeeeeeeeeeeeeeeeesseeee
/data3fast/users/mbermudez/de_02/TFGDataset/img/T2_0365.png|sss        sssssseeeeee
/data3fast/users/mbermudez/de_02/TFGDataset/img/T2_0938.png|wwrttttttttttt
/data3fast/users/mbermudez/de_02/TFGDataset/img/T2_1403.png|iihhhhhhhtttt       nnnn eeeeeeeeeeeeeeeeeeieiiich
/data3fast/users/mbermudez/de_02/TFGDataset/img/T2_0623.png|ddr    h   ee     eee eiii  i    eeertttttt
/data3fast/users/mbermudez/de_02/TFGDataset/img/T2_0366.png|daa      eeeeeeeeeeeeeeeeeeeeeeeeeee      a
/data3fast/users/mbermudez/de_02/TFGDataset/img/T2_0602.png|deehhhhhh    eeeeee      eeeeeeel      eeeee    eeeee     leeeeeN      eeeeeee    eeeee    lee eeeee   eeeee    leeeeee
/data3fast/users/mbermudez/de_02/TFGDataset/img/T2_0816.png|uu  sss   et 
/data3fast/users/mbermudez/de_02/TFGDataset/img/T2_0401.png|geeee nnnn  n  nnn    eeeeeeesss       eee
/data3fast/users/mbermudez/de_02/TFGDataset/img/T2_1345.png|geeee         ttt i    nnnaa     tttttt
/data3fast/users/mbermudez/de_02/TFGDataset/img/T2_1199.png|mnn     tt eeeeeeeee d   rrrreeiitttttt  t
/data3fast/users/mbermudez/de_02/TFGDataset/img/T2_0354.png|iihhh     sss  e    eeeeeeeeeeeeeeeeeeeeeeee   aaaaa
/data3fast/users/mbermudez/de_02/TFGDataset/img/T2_1299.png|mii  eeeeeeeeee          a           eeeeeeeeeeee
/data3fast/users/mbermudez/de_02/TFGDataset/img/T2_1384.png|beeeeee               e ee        dee      ssssss
/data3fast/users/mbermudez/de_02/TFGDataset/img/T2_0716.png|iiihhhhhh h    h            eeeeee e  hhchhh       ssssss
/data3fast/users/mbermudez/de_02/TFGDataset/img/T2_1122.png|derrrttttiiiieeeennn  ssssssssssseeeeedddd
/data3fast/users/mbermudez/de_02/TFGDataset/img/T2_0696.png|onn eeeeeeeeeeeeeeennnnnnnnnn       eeeeeeeeeeee
/data3fast/users/mbermudez/de_02/TFGDataset/img/T2_1046.png|derttttttttta 
/data3fast/users/mbermudez/de_02/TFGDataset/img/T2_1260.png|beeee ee            sssss hhhhhhhhha nnnnn
/data3fast/users/mbermudez/de_02/TFGDataset/img/T2_0843.png|geeNNN            hh      e              eeeeee
/data3fast/users/mbermudez/de_02/TFGDataset/img/T2_0963.png|zurreee  aaaaa   asssss     eiiie   e  ssssss
/data3fast/users/mbermudez/de_02/TFGDataset/img/T2_0611.png|"    ssselllll          rreeeeeeeeeeeeechhhhhhh
/data3fast/users/mbermudez/de_02/TFGDataset/img/T2_0454.png|chhhe eeeeeeeeeeeeeeeeeeee          d    nnnnn
/data3fast/users/mbermudez/de_02/TFGDataset/img/T2_0780.png|oo  eeeeeeeee****  e.
/data3fast/users/mbermudez/de_02/TFGDataset/img/T2_0232.png|weee     ssssssssseeeeeeeeeeeeeeeeeeeeeeeeeiiee
/data3fast/users/mbermudez/de_02/TFGDataset/img/T2_0466.png|eeesssssss            *          eeeeeeeeeeeeeehhhh
/data3fast/users/mbermudez/de_02/TFGDataset/img/T2_0378.png|      eeeeeeeeeeee      nn        chchceeeeeeeeeeeeee
/data3fast/users/mbermudez/de_02/TFGDataset/img/T2_0304.png|uuuunnn         eeeeeeeeeeeeeee          nnnnn
/data3fast/users/mbermudez/de_02/TFGDataset/img/T2_0002.png|miitttttt      aaaa aa   sssss  iiiieee
/data3fast/users/mbermudez/de_02/TFGDataset/img/T2_0458.png|di                a        leeeeeeeeeeeeeeeeeeeeeeeess
/data3fast/users/mbermudez/de_02/TFGDataset/img/T2_1059.png|bbseeeeeeeeeeeeeeeeeeeeeeeeeesss       
/data3fast/users/mbermudez/de_02/TFGDataset/img/T2_1197.png|weeee     ssss                        rrrr******
/data3fast/users/mbermudez/de_02/TFGDataset/img/T2_0632.png|dee     eeeeeeeeeeeeeeeeeeeeeeeettssttttatt
/data3fast/users/mbermudez/de_02/TFGDataset/img/T2_0180.png|schhhhhhhhhheee        nnnnn  a  aan neeeeeeeeee
/data3fast/users/mbermudez/de_02/TFGDataset/img/T2_0027.png|eer   nnnnnnnnana         ee sss
/data3fast/users/mbermudez/de_02/TFGDataset/img/T2_1004.png|hhheeeeeeeeeeeeee   e  eeeeeeeedeeeedeeeenneeeennneeee
/data3fast/users/mbermudez/de_02/TFGDataset/img/T2_0547.png|iiichhhhhheeeeee              eeee hhhh   nnnnnnnnn
/data3fast/users/mbermudez/de_02/TFGDataset/img/T2_0116.png|"   eeeeeeeeeee           eeeeeeeeeeeeeeeeeeeeeee
/data3fast/users/mbermudez/de_02/TFGDataset/img/T2_0647.png|stttt          eeeeeeeee            chhhh      eee
/data3fast/users/mbermudez/de_02/TFGDataset/img/T2_0928.png|dee aaaaaaaaa      hh ti teeeeeell  aaaaaa
/data3fast/users/mbermudez/de_02/TFGDataset/img/T2_0747.png|eeee   aaa       eeeeeeeeeeeeeeeeeeeeennnnnnn
/data3fast/users/mbermudez/de_02/TFGDataset/img/T2_0492.png|orr  eeeeehhhhhnn aaa     eeeeeiiiieeeeeeeeeeee
/data3fast/users/mbermudez/de_02/TFGDataset/img/T2_0800.png|da           ttt                   sss  ss   aaaa eeeeeNN
/data3fast/users/mbermudez/de_02/TFGDataset/img/T2_0984.png|diiicccccttttttt            ttt    ssttt          nnee
/data3fast/users/mbermudez/de_02/TFGDataset/img/T2_0308.png|derrr      eeeeeeeeeeeeeee   h    n n      ssss
/data3fast/users/mbermudez/de_02/TFGDataset/img/T2_1228.png|geeee dddddd     sssssssssssss     eeeeeeeeeeeeeeee
/data3fast/users/mbermudez/de_02/TFGDataset/img/T2_1115.png|iieeeeeeeeeeeeeeeeeeeeeeerr            rr
/data3fast/users/mbermudez/de_02/TFGDataset/img/T2_1468.png|aaa     hhshsshh s                        hhhhhh
/data3fast/users/mbermudez/de_02/TFGDataset/img/T2_0171.png|ihh     
/data3fast/users/mbermudez/de_02/TFGDataset/img/T2_1275.png|bee          eeeeeeeeeeeeeeeeeei      eee    s    eee
/data3fast/users/mbermudez/de_02/TFGDataset/img/T2_0917.png|# 
/data3fast/users/mbermudez/de_02/TFGDataset/img/T2_0796.png|eeeeee hhhhhhhhh                  eeeeeeeeeeeeeee
/data3fast/users/mbermudez/de_02/TFGDataset/img/T2_0258.png|ggeeeeeeeeeeesssssshhhh aaaattttttt      
/data3fast/users/mbermudez/de_02/TFGDataset/img/T2_0773.png|seee     nnnneeeeeeeeeeeeeeeeeeeeeeee    eeeeeee
/data3fast/users/mbermudez/de_02/TFGDataset/img/T2_1168.png|nnn                sseeees   ee  e                 rreee
/data3fast/users/mbermudez/de_02/TFGDataset/img/T2_0889.png|ssseeeelleeeeeeeeeeeeeeeeeeeeeeeeeeeiiiiiii
/data3fast/users/mbermudez/de_02/TFGDataset/img/T2_1123.png|ffn  eeeeeeeeeee      eeeeeeeeeeeeeeeessss
/data3fast/users/mbermudez/de_02/TFGDataset/img/T2_0890.png|nnnee            hhhssssleeeeeeeeeeeeeeeeee    nnaaa
/data3fast/users/mbermudez/de_02/TFGDataset/img/T2_1148.png|te    eeeeeeeeeeeeee llllllhha    eeeee
/data3fast/users/mbermudez/de_02/TFGDataset/img/T2_1442.png|deeeeehhhh e   nnnnnndd    rrrrr              au
/data3fast/users/mbermudez/de_02/TFGDataset/img/T2_1119.png|" eeeeeeeeeeeeeeeeee               sssstttttt s  sss
/data3fast/users/mbermudez/de_02/TFGDataset/img/T2_1443.png|aahhh                eeeeeeee  nnn  eee    sss   eeee
/data3fast/users/mbermudez/de_02/TFGDataset/img/T2_1005.png|eeeehhhhhhhaaasa  sssss                  ..
/data3fast/users/mbermudez/de_02/TFGDataset/img/T2_1465.png|aaa             aaa  a  eeeesessssssssssss       e
/data3fast/users/mbermudez/de_02/TFGDataset/img/T2_1076.png|geeeeeeesssss      s aa a           d eeeeee       h
/data3fast/users/mbermudez/de_02/TFGDataset/img/T2_0520.png|oe   nnnnneeeiiii   e
/data3fast/users/mbermudez/de_02/TFGDataset/img/T2_0973.png|eeeehhhhhhhhll         eeeeeeeeeeeeeeeeeeeeeeee
/data3fast/users/mbermudez/de_02/TFGDataset/img/T2_1070.png|wwltt   ssss  hh      d    dddeeeeee
/data3fast/users/mbermudez/de_02/TFGDataset/img/T2_0184.png|#  e
/data3fast/users/mbermudez/de_02/TFGDataset/img/T2_1058.png|dnn  eeeeeeeeeee        eeeeeeeeeeeeeeeeeeeesss     sa
/data3fast/users/mbermudez/de_02/TFGDataset/img/T2_0823.png|sset          sssss   eeeeeeeeee    nnccchhh
/data3fast/users/mbermudez/de_02/TFGDataset/img/T2_0346.png|geeeeeeeeeeee             ereeeeeeeeeeeeeeee  nnnnn
/data3fast/users/mbermudez/de_02/TFGDataset/img/T2_0236.png|aaaeeeeeeeeeettrrr    rdddd   sssscchhh
/data3fast/users/mbermudez/de_02/TFGDataset/img/T2_0562.png|mnneeeeeee*
/data3fast/users/mbermudez/de_02/TFGDataset/img/T2_1423.png|"   eeeeeeeeeeeeeeennnn         eeeetttt
/data3fast/users/mbermudez/de_02/TFGDataset/img/T2_0885.png|uneeeeeeehhhhh    dddeeeeeeeehhhhlll   eeee
/data3fast/users/mbermudez/de_02/TFGDataset/img/T2_0620.png|nnneeeeeeeeeeeellllllll       nn     eeeeeeee
/data3fast/users/mbermudez/de_02/TFGDataset/img/T2_0190.png|iih     eeeeee       iiiiccttii                
/data3fast/users/mbermudez/de_02/TFGDataset/img/T2_0847.png|# 
/data3fast/users/mbermudez/de_02/TFGDataset/img/T2_0765.png|iennn   eeeeeeeeeeeeeetttt    a   eeeeeee
/data3fast/users/mbermudez/de_02/TFGDataset/img/T2_1092.png|drr                ss           eeeeeehhhhhhaaall
/data3fast/users/mbermudez/de_02/TFGDataset/img/T2_1243.png|eeeeeess        eeeeeeeeeeeeeeesssseeeeeeeeeseeeeee
/data3fast/users/mbermudez/de_02/TFGDataset/img/T2_0264.png|"          a lllllllllllle               ee
/data3fast/users/mbermudez/de_02/TFGDataset/img/T2_0300.png|aaa    eeeee                 htteee     aaaaa
/data3fast/users/mbermudez/de_02/TFGDataset/img/T2_0959.png|wrrr             hh       ereeeeetttttiitihth
/data3fast/users/mbermudez/de_02/TFGDataset/img/T2_0436.png|"   ssssseeeeeeeeeehhhhhheeehhh          eeeeeeeeeee
/data3fast/users/mbermudez/de_02/TFGDataset/img/T2_0694.png|seettttttttt                   eeeeeeeeeeeeee
/data3fast/users/mbermudez/de_02/TFGDataset/img/T2_0115.png|eeeeesssssssss    d d  eeeeeeeeneeeeeeee
/data3fast/users/mbermudez/de_02/TFGDataset/img/T2_0625.png|deeeeeeeeeeeeeeee            hhhh        eeee     nn
/data3fast/users/mbermudez/de_02/TFGDataset/img/T2_0344.png|geee                            eeeeeeee     
/data3fast/users/mbermudez/de_02/TFGDataset/img/T2_0681.png|diesssssssssssssssss    nnnnnn  eeeeeeeeeeeeeeeeeeee
/data3fast/users/mbermudez/de_02/TFGDataset/img/T2_1429.png|# 
/data3fast/users/mbermudez/de_02/TFGDataset/img/T2_0381.png|deeeeeeeeeehhhhh    eeeeeeeeeeeeeeee   c sssshshhttt
/data3fast/users/mbermudez/de_02/TFGDataset/img/T2_1475.png|neeeeeeeeeeeeeeeeeeeee                eeeeeee
/data3fast/users/mbermudez/de_02/TFGDataset/img/T2_0609.png|eerrtttt    eeeeeeeeeeeeeeeiitttsssssssssss
/data3fast/users/mbermudez/de_02/TFGDataset/img/T2_0313.png|nee  dddd           hhhh      hh      eeeeehhhhhh
/data3fast/users/mbermudez/de_02/TFGDataset/img/T2_1476.png|eee   a      eee      eeeeeeneeeeeeeeeeee
/data3fast/users/mbermudez/de_02/TFGDataset/img/T2_0955.png|llllttt                  eeee e     eeeeeeeee       r
/data3fast/users/mbermudez/de_02/TFGDataset/img/T2_1410.png|unn     seeeess ee eeesss   iiitttttttttt    re
/data3fast/users/mbermudez/de_02/TFGDataset/img/T2_0810.png|aallhhh             eeeeeeeeeeeeehtttt     ttttt
/data3fast/users/mbermudez/de_02/TFGDataset/img/T2_0924.png|unn eeeeeeeeeeeeeeiiiiiieiiii       aa      ee
/data3fast/users/mbermudez/de_02/TFGDataset/img/T2_1127.png|deeeeeeeeeeeeeeeeeeeeee        hhhhhheeeee
/data3fast/users/mbermudez/de_02/TFGDataset/img/T2_0108.png|das   eeeeeeeeiieeseeeeeeeeeeeeeeeeennnnnnn
/data3fast/users/mbermudez/de_02/TFGDataset/img/T2_0141.png|werr                   ssssssssesiiiissiiiiinn
/data3fast/users/mbermudez/de_02/TFGDataset/img/T2_0093.png|de   aaaa     eeeeeeeeeeeeeeeessssatttttt
/data3fast/users/mbermudez/de_02/TFGDataset/img/T2_0043.png|daa     hheeeeeeeeeeeeeeeeeeeeeeeeeeeee
/data3fast/users/mbermudez/de_02/TFGDataset/img/T2_0014.png|nn   essseeeee t      n    eeeeeeeehhhh      nn
/data3fast/users/mbermudez/de_02/TFGDataset/img/T2_0372.png|derrreheeeeeeeeee           aa  eeeeeeeeeee
/data3fast/users/mbermudez/de_02/TFGDataset/img/T2_0382.png|aahhheeeeeeeeiiiii nnnn  n     eeeeeeee
/data3fast/users/mbermudez/de_02/TFGDataset/img/T2_1464.png|eeee             d ddddd  deeeeeeeeeehhhhhhhhhh
/data3fast/users/mbermudez/de_02/TFGDataset/img/T2_1462.png|aan  eeehhhh                 ee ennneiiiess
/data3fast/users/mbermudez/de_02/TFGDataset/img/T2_0666.png|deeeeeeeeeeeeee   sss                         eeeeeeee
/data3fast/users/mbermudez/de_02/TFGDataset/img/T2_0985.png|derrreeeeeeeeeee              lllllhhhhhhhhhht ttt
/data3fast/users/mbermudez/de_02/TFGDataset/img/T2_1171.png|aas      eeiiiiiieeeiniee        eeeeeeeeeeeeee
/data3fast/users/mbermudez/de_02/TFGDataset/img/T2_1301.png|drrr               ss    eee eeeeeee    ssssss      eeeeeNNNN
/data3fast/users/mbermudez/de_02/TFGDataset/img/T2_1047.png|sse   aaaaa  sssss eeeeeeeeeeeeeeeeee  ee
/data3fast/users/mbermudez/de_02/TFGDataset/img/T2_1024.png|stte       eeeeeeeeee  esssshhhhi     n   rrttt
/data3fast/users/mbermudez/de_02/TFGDataset/img/T2_0589.png|miii eeeeeeeeessseeeeeeeeeeeeeeeeeeeeee h       tt
/data3fast/users/mbermudez/de_02/TFGDataset/img/T2_1270.png|unneessssllttttaa     eeeeeeeeeeeee eee
/data3fast/users/mbermudez/de_02/TFGDataset/img/T2_1248.png|iee     n     ii  t  tt                 nnnn
/data3fast/users/mbermudez/de_02/TFGDataset/img/T2_0099.png|mheeeeeeeeeeeeeee  aaaaaaa        ll              .
/data3fast/users/mbermudez/de_02/TFGDataset/img/T2_0089.png|aass     eeeeeeeeeeeeeeeeeeeeeeeeee  aa
/data3fast/users/mbermudez/de_02/TFGDataset/img/T2_0298.png|unn   escchhhhhh                    eeeeeeeee eeeeeeeeee
/data3fast/users/mbermudez/de_02/TFGDataset/img/T2_1000.png|lttttttiiiiiiiinnnneeeeeeeeeeeeeeeeeeeeeeeeeeeee
/data3fast/users/mbermudez/de_02/TFGDataset/img/T2_0018.png|meeee  eeee  eeeeeeeeeeeeeeeee********      eee
/data3fast/users/mbermudez/de_02/TFGDataset/img/T2_0468.png|aaa  eeeeeettttt        eeeeeetttiii   eeee    ss
/data3fast/users/mbermudez/de_02/TFGDataset/img/T2_1262.png|sshhhhhhhh                  eeeee      eeeei
/data3fast/users/mbermudez/de_02/TFGDataset/img/T2_0327.png|dieeeeeeeeee eeeeeeeeeeeeeeeeeeee    nnnnnn
/data3fast/users/mbermudez/de_02/TFGDataset/img/T2_0856.png|eerrr            eeeeee  e eeeeeeeeeeeeeeeeeeeeee
/data3fast/users/mbermudez/de_02/TFGDataset/img/T2_1192.png|oo    eesseeeeeeeeeeeeeeesesss                    eeeeeee
/data3fast/users/mbermudez/de_02/TFGDataset/img/T2_1398.png|ee   sssss eeeeeeeeeeeeeennnnnn   iiiii
/data3fast/users/mbermudez/de_02/TFGDataset/img/T2_1424.png|hhhhhhhhh               aaa             eeeeeeheeee
/data3fast/users/mbermudez/de_02/TFGDataset/img/T2_0559.png|nnnn eeeeeeeeeesssee           eeee  eeee eeeeeee
/data3fast/users/mbermudez/de_02/TFGDataset/img/T2_1084.png|aaaa     aa    lllllee             iiiichhhhhh
/data3fast/users/mbermudez/de_02/TFGDataset/img/T2_0533.png|dssssss                       ii             rrrr
/data3fast/users/mbermudez/de_02/TFGDataset/img/T2_0247.png|aahh      eee             hhe  l e     rre
/data3fast/users/mbermudez/de_02/TFGDataset/img/T2_0849.png|ii       a       ss    eeellll        eeeeeeeeeeeee
/data3fast/users/mbermudez/de_02/TFGDataset/img/T2_0041.png|wiieeeeeeeeeeeeeeeeeeeeeeee    ddeee
/data3fast/users/mbermudez/de_02/TFGDataset/img/T2_0496.png|iiii ee eenneeeeeeeeeeeeeeee  sssaaaaa  a   
/data3fast/users/mbermudez/de_02/TFGDataset/img/T2_0063.png|eee nnnnnnn   eeeeleeeeeeeee          ssss      ee
/data3fast/users/mbermudez/de_02/TFGDataset/img/T2_0556.png|mrr    eeeeeee           a   nn  iii       nn
/data3fast/users/mbermudez/de_02/TFGDataset/img/T2_1489.png|anchhhh             d  nn n nn     errrrrrt
/data3fast/users/mbermudez/de_02/TFGDataset/img/T2_0803.png|bbeeeeeeeeeeeeeeiicchhhtt   eeeeeeeeettttttt
/data3fast/users/mbermudez/de_02/TFGDataset/img/T2_1226.png|aaa        eeee**********                eeeeeeeeeeeeee
/data3fast/users/mbermudez/de_02/TFGDataset/img/T2_1037.png|aallseeeeeee        eeeeeeeeeeeeeeeeeeeeeeeeeeeeeee
/data3fast/users/mbermudez/de_02/TFGDataset/img/T2_0976.png|sss  aaaaaa     lllllle   eeeeeeeeeeeeeeeeee   s  ded
/data3fast/users/mbermudez/de_02/TFGDataset/img/T2_0679.png|uu eeeeeeehhhhhhh         hhhhhhhh         eeeee
/data3fast/users/mbermudez/de_02/TFGDataset/img/T2_0655.png|weeessssshhhhhh           eeee         ss
/data3fast/users/mbermudez/de_02/TFGDataset/img/T2_0286.png|# 
/data3fast/users/mbermudez/de_02/TFGDataset/img/T2_1111.png|bre                eeee  tttttttttttttttt      ehhhh
/data3fast/users/mbermudez/de_02/TFGDataset/img/T2_0145.png|ssiihttttttttt                 tttttt         sssssss
/data3fast/users/mbermudez/de_02/TFGDataset/img/T2_0604.png|shhhheeeeeee       t
/data3fast/users/mbermudez/de_02/TFGDataset/img/T2_0784.png|di    aaaa       eeeeeeeeeeeeeeeeeeeeeeeeeeeeeell
/data3fast/users/mbermudez/de_02/TFGDataset/img/T2_0119.png|llhhhhhhh   nnnnnnnnnnnnnnnn        e   rtttt
/data3fast/users/mbermudez/de_02/TFGDataset/img/T2_0960.png|derreeeeeeeeeeeeeeeeee     ttte                eeeesseeee
/data3fast/users/mbermudez/de_02/TFGDataset/img/T2_1230.png|auu   eeeeeeeeeeeelllleeee       ii  e eeeeee
/data3fast/users/mbermudez/de_02/TFGDataset/img/T2_0557.png|eeee    nn   eeeeeeeeeeehhhh  nnnnnnnnnn
/data3fast/users/mbermudez/de_02/TFGDataset/img/T2_0753.png|aasseeeeeeeeeeeeeeeeeeeee  eeeeee    aaaaa
/data3fast/users/mbermudez/de_02/TFGDataset/img/T2_1097.png|eeeeeeeeeeeee eennnn   eee ***e*eeeeeesssssshhh
/data3fast/users/mbermudez/de_02/TFGDataset/img/T2_0432.png|weeettttttttt 
/data3fast/users/mbermudez/de_02/TFGDataset/img/T2_0850.png|weeiiiiheeeeeeee               
/data3fast/users/mbermudez/de_02/TFGDataset/img/T2_0563.png|aaeee    e   ttttttttt   ssssss a llleeeeeee
/data3fast/users/mbermudez/de_02/TFGDataset/img/T2_0507.png|iiii        ssee eeeeeeeeeeeeeeeeeeeeee ee hhhh       
/data3fast/users/mbermudez/de_02/TFGDataset/img/T2_1417.png|iehh      dd  ee              rrrrrrr
/data3fast/users/mbermudez/de_02/TFGDataset/img/T2_0461.png|dnn       eeeeesssssssssssssssshhhhhhh    a    eeee
/data3fast/users/mbermudez/de_02/TFGDataset/img/T2_0711.png|eeeeeeeeennnnneenneeaaaaaa   assssssss   neeeee
/data3fast/users/mbermudez/de_02/TFGDataset/img/T2_1187.png|ann       ee  eee      lllll                        r 
/data3fast/users/mbermudez/de_02/TFGDataset/img/T2_0413.png|eee    d eeessss      a aaaa  ttt        
/data3fast/users/mbermudez/de_02/TFGDataset/img/T2_0657.png|nnn eeeeeeeetttt       eeeeeeeeeeeeeeeeeessssss heeN
/data3fast/users/mbermudez/de_02/TFGDataset/img/T2_0838.png|shh        r reeeettt                 eeeeeeett
/data3fast/users/mbermudez/de_02/TFGDataset/img/T2_0944.png|llllllla a a a    n      ee eeeee           eeeee
/data3fast/users/mbermudez/de_02/TFGDataset/img/T2_0491.png|uurrreeeeeeeeee     a a        eeeeee ********
/data3fast/users/mbermudez/de_02/TFGDataset/img/T2_1427.png|# 
/data3fast/users/mbermudez/de_02/TFGDataset/img/T2_1100.png|hhhh      eeeeeeeeeeeeeeeeeeeee     a        eee
/data3fast/users/mbermudez/de_02/TFGDataset/img/T2_1289.png|ffrrreeeeeeeeeeeeeeee eeeeeeeee     eeeeeeeee    ssssss
/data3fast/users/mbermudez/de_02/TFGDataset/img/T2_0644.png|eeeeeeeeeeeeee   eeesseeeeeeeeeeeeeee       ereee
/data3fast/users/mbermudez/de_02/TFGDataset/img/T2_0635.png|di   hhhhhhha    rrrrrrrrr tttttt    tttttt
/data3fast/users/mbermudez/de_02/TFGDataset/img/T2_0941.png|liiihh n n    ee nn     ddeeeeeeeeeeeeeeelllhhhh
/data3fast/users/mbermudez/de_02/TFGDataset/img/T2_1284.png|dii ssssssssse    hhhh    nn                    
/data3fast/users/mbermudez/de_02/TFGDataset/img/T2_0943.png|eee   nnnnddddeee eecchhhhheeeeeeeeeee
/data3fast/users/mbermudez/de_02/TFGDataset/img/T2_1178.png|de     aaaa    eeeeeeeeeeeeeee **** *****tttttt
/data3fast/users/mbermudez/de_02/TFGDataset/img/T2_0864.png|maaa          eseeeeeee          aaass eeeeeee
/data3fast/users/mbermudez/de_02/TFGDataset/img/T2_0577.png|deeeeeiiieeeeee te  **               ee           n
/data3fast/users/mbermudez/de_02/TFGDataset/img/T2_0287.png|gleeeeee    eeeeeeeeeeeiitttt        aaa    
/data3fast/users/mbermudez/de_02/TFGDataset/img/T2_0167.png|"               eeeeeeeeeeeeeeeee    nnnnnnnn
/data3fast/users/mbermudez/de_02/TFGDataset/img/T2_0403.png|unnn       e ttt    eeeeeeeeeeeeeeeeeeeeeeeee
/data3fast/users/mbermudez/de_02/TFGDataset/img/T2_1135.png|geeeeeeee tttt     s eee        eeeeeeeesss
/data3fast/users/mbermudez/de_02/TFGDataset/img/T2_0634.png|"         nnnnnnnnnnneeeeeeeeeeeeeeeeee    e
/data3fast/users/mbermudez/de_02/TFGDataset/img/T2_0324.png|wiiiihhhhhhhhh   nnnn n lllllllllllleeee
/data3fast/users/mbermudez/de_02/TFGDataset/img/T2_0703.png|geeehhhh t         r er          aaaa
/data3fast/users/mbermudez/de_02/TFGDataset/img/T2_1359.png|deer sssseeeeeeeeeeeeeeeeeeeessshhh         nnnnn
/data3fast/users/mbermudez/de_02/TFGDataset/img/T2_1007.png|ss  eeeeeeeeeeeeeennn n  a  ss eeeeeeeeee
/data3fast/users/mbermudez/de_02/TFGDataset/img/T2_0080.png|mann     eeeeeeeeeee     nneeeeeeeeeeeeeeeeeeee
/data3fast/users/mbermudez/de_02/TFGDataset/img/T2_0198.png|di          ttteeee  eeeeeeeeeeeeeeeeehhhh      ee
/data3fast/users/mbermudez/de_02/TFGDataset/img/T2_1056.png|deeeeeeeeeeeeeeeeee  esssssseeeeeeeeeeeeeeeeeeeeeeeeeeeee
/data3fast/users/mbermudez/de_02/TFGDataset/img/T2_0291.png|reeesssssssss    e ee            eeeeee     aannn
/data3fast/users/mbermudez/de_02/TFGDataset/img/T2_0323.png|daa        aaaa aaa    eeeeeeeeeee ssssssss
/data3fast/users/mbermudez/de_02/TFGDataset/img/T2_1326.png|ssss      nnnnnnnnnnnnn   eeeeeeeeeet         eehhh
/data3fast/users/mbermudez/de_02/TFGDataset/img/T2_0046.png|dee         tttttt        hhheeeeeeee   ee
/data3fast/users/mbermudez/de_02/TFGDataset/img/T2_0975.png|hhndddd       r           sssssssss ttttttt
/data3fast/users/mbermudez/de_02/TFGDataset/img/T2_1469.png|hhrrreeeee                                       
/data3fast/users/mbermudez/de_02/TFGDataset/img/T2_0404.png|eeeeeeeeeiinnn
/data3fast/users/mbermudez/de_02/TFGDataset/img/T2_1263.png|geehhhttt         eeeeeeeeee **            ssss
/data3fast/users/mbermudez/de_02/TFGDataset/img/T2_0728.png|iii      eeeeeeeeeeeeeeeeeeeennnnnn e    sstt
/data3fast/users/mbermudez/de_02/TFGDataset/img/T2_1405.png|nnn                     s s   eeeeeeeee
/data3fast/users/mbermudez/de_02/TFGDataset/img/T2_1274.png|aase eee e eee ssssss        eeeeeeeeee
/data3fast/users/mbermudez/de_02/TFGDataset/img/T2_0215.png|ttt        eeeeeeeeee          nnnnnnn       eeeeeee
/data3fast/users/mbermudez/de_02/TFGDataset/img/T2_0517.png|o          eeeeeeeeeeeeeeeeeeeee         eeeeeeeeee
/data3fast/users/mbermudez/de_02/TFGDataset/img/T2_0548.png|aahlleeeeeeeeeeeeeeeee nnn n   ccchc  sssssssttt
/data3fast/users/mbermudez/de_02/TFGDataset/img/T2_1258.png|eer aaaaaaaaaaa  leeeeeeeeeeee     sssssssss
/data3fast/users/mbermudez/de_02/TFGDataset/img/T2_1133.png|te   aaaa      eeeeeeeeeeeeeeeeee  iiii eeeeeee
/data3fast/users/mbermudez/de_02/TFGDataset/img/T2_1474.png|uuu     sssssssssss         eee                 
/data3fast/users/mbermudez/de_02/TFGDataset/img/T2_0905.png|gnnneee              dd nnnnnnnnn
/data3fast/users/mbermudez/de_02/TFGDataset/img/T2_0239.png|"    sseeeeeeeeee    
/data3fast/users/mbermudez/de_02/TFGDataset/img/T2_0208.png|dd   eeeeeeeeeeeeee      hhhhhhhhh          s
/data3fast/users/mbermudez/de_02/TFGDataset/img/T2_0132.png|beeeeeeee                    e e ee eee  eeeeeeeeeeeeehhhh
/data3fast/users/mbermudez/de_02/TFGDataset/img/T2_1019.png|geeeeeee r  ii tttttt    eeeeeeeee
/data3fast/users/mbermudez/de_02/TFGDataset/img/T2_0913.png|aot      eeeeeehhhhhhee eeeeeeeeeeree  tstttt
/data3fast/users/mbermudez/de_02/TFGDataset/img/T2_0463.png|deee              hhh             ee  ssss        eee
/data3fast/users/mbermudez/de_02/TFGDataset/img/T2_0434.png|sti      nneeeeeeeeeeeeeeessssssssss     aassss
/data3fast/users/mbermudez/de_02/TFGDataset/img/T2_0036.png|wwr          eelleeeeeeeeeeeeee      ssss
/data3fast/users/mbermudez/de_02/TFGDataset/img/T2_1360.png|geeessssseeeeeeeeee      d  d eeeeeeeeeeeee
/data3fast/users/mbermudez/de_02/TFGDataset/img/T2_0379.png|ddieeeeeeeeeee       s             hh
/data3fast/users/mbermudez/de_02/TFGDataset/img/T2_1408.png|#  eetttttttt
/data3fast/users/mbermudez/de_02/TFGDataset/img/T2_0920.png|hhrrrrrreeeeeeeee   rrrrrrrr        ssseeeeeee
/data3fast/users/mbermudez/de_02/TFGDataset/img/T2_0321.png|iinnnsssss 
/data3fast/users/mbermudez/de_02/TFGDataset/img/T2_0583.png|aaeee      nnn aa  ssssss  hhhh  eeeeeeeellllleeeee
/data3fast/users/mbermudez/de_02/TFGDataset/img/T2_0121.png|"               ssss      *************eNNN
/data3fast/users/mbermudez/de_02/TFGDataset/img/T2_0410.png|eeeeeeeeeeeeeeeeeeeeeeeeeee              a       aaaa
/data3fast/users/mbermudez/de_02/TFGDataset/img/T2_0861.png|mii      e        aahhhhhhhh       eeeeeeeitt
/data3fast/users/mbermudez/de_02/TFGDataset/img/T2_0977.png|eee   nnnnnn   nhhhheeeeeeeeeee     eeeeeeeeee
/data3fast/users/mbermudez/de_02/TFGDataset/img/T2_1413.png|dee              eiii       eeeeeeeeeeeeeseeeeeeeeeeeee
/data3fast/users/mbermudez/de_02/TFGDataset/img/T2_0669.png|deeeeeeeeeeeeeeeeeeeeee     aaaaaassslttttt
/data3fast/users/mbermudez/de_02/TFGDataset/img/T2_1174.png|ihrr              aa     eeeeeeeeeeeeeeeeeeeeeeeeee
/data3fast/users/mbermudez/de_02/TFGDataset/img/T2_0368.png|mrr    sssss   iiiii  sssseeeeeeeeeeee         eeeeee
/data3fast/users/mbermudez/de_02/TFGDataset/img/T2_0440.png|der  aaana     tttttttt  .
/data3fast/users/mbermudez/de_02/TFGDataset/img/T2_0737.png|des   aaaa     hhhhhheeeeeeeeeee   n
/data3fast/users/mbermudez/de_02/TFGDataset/img/T2_0778.png|iicc   ss aa     nnnnnnnnnnnn   eeeesssshheeeeeeeeeeee
/data3fast/users/mbermudez/de_02/TFGDataset/img/T2_1404.png|sshheee                       nnnn  nnnn  nn ieeiei
/data3fast/users/mbermudez/de_02/TFGDataset/img/T2_0447.png|nnnne eeeeeeee    eeeeeeeeeeeeeeeeeee      ddeee
/data3fast/users/mbermudez/de_02/TFGDataset/img/T2_0345.png|chhhhh       eeeeeeeehh     nnnn eeeeeeeeeeesseee
/data3fast/users/mbermudez/de_02/TFGDataset/img/T2_0788.png|oo       hhheeeeeeeei    aaaa    eeeee
/data3fast/users/mbermudez/de_02/TFGDataset/img/T2_0281.png|reeeeeeeeeeee        aaa               aaaaas
/data3fast/users/mbermudez/de_02/TFGDataset/img/T2_0335.png|dasss  ttttt      r rree    nnna n n eeeeeee
/data3fast/users/mbermudez/de_02/TFGDataset/img/T2_1365.png|eeee            sss hheeeeeeellleeeeeeelllll
/data3fast/users/mbermudez/de_02/TFGDataset/img/T2_0837.png|deeeeeesssssseeeeeeennnnn nnnnnnnnnnneeeee
/data3fast/users/mbermudez/de_02/TFGDataset/img/T2_0183.png|oo eeeeeeeeeeeeeeeeeee    eeeeeeeeeeeeeehhhhhh
/data3fast/users/mbermudez/de_02/TFGDataset/img/T2_1491.png|aaa   e eee**************     ssseeesesssss   eeee
/data3fast/users/mbermudez/de_02/TFGDataset/img/T2_0396.png|heeeeeeeeeeeeeeeeeiieeeeeeiiihii          r****
/data3fast/users/mbermudez/de_02/TFGDataset/img/T2_0104.png|nn   aaaa     eeeeee        eee eeessssssss        
/data3fast/users/mbermudez/de_02/TFGDataset/img/T2_1200.png|# 
/data3fast/users/mbermudez/de_02/TFGDataset/img/T2_0056.png|dee         nn n    rrrrrree            n
/data3fast/users/mbermudez/de_02/TFGDataset/img/T2_0606.png|weeeesss             *       heeeeeeeeeeeeeitttt
/data3fast/users/mbermudez/de_02/TFGDataset/img/T2_0735.png|feeeettttttttttt
/data3fast/users/mbermudez/de_02/TFGDataset/img/T2_1483.png|zurr eeeeee  e   eeeeeeeeeeeeeeehheeeeeeeeeeeee
/data3fast/users/mbermudez/de_02/TFGDataset/img/T2_1406.png|dee           eeeeeeeeeeeee     hhc          eeeeeeeee
/data3fast/users/mbermudez/de_02/TFGDataset/img/T2_0450.png|iiittt                    a    sssseeeeeeee
/data3fast/users/mbermudez/de_02/TFGDataset/img/T2_1321.png|sssteeeeeeeeeeeeeeeeeeeeeeeell                 .
/data3fast/users/mbermudez/de_02/TFGDataset/img/T2_0876.png|meeeeeeeeeeeeeeeeeeiiii          e heeeeeeee
/data3fast/users/mbermudez/de_02/TFGDataset/img/T2_1185.png|aaa          eeeeeeeeeeee e nn nnn  eiiiiih
/data3fast/users/mbermudez/de_02/TFGDataset/img/T2_0697.png|hhh          sesseeeeeeeeee                  sssll
/data3fast/users/mbermudez/de_02/TFGDataset/img/T2_0576.png|geeee    sssss               hhee   nn nnnn
/data3fast/users/mbermudez/de_02/TFGDataset/img/T2_1276.png|ooeeeeeeeeeeeeeeee   tt        a aaaa  eeeeeeee
/data3fast/users/mbermudez/de_02/TFGDataset/img/T2_0037.png|eeeiiiiiiiiiiiiiiii   e  nne   eeeeeeeeeeeeeilln
/data3fast/users/mbermudez/de_02/TFGDataset/img/T2_0095.png|unn  eeeeeeeeeeee   tttt        eeeeeeeesssss
/data3fast/users/mbermudez/de_02/TFGDataset/img/T2_0390.png|ssssseeeeeeeeeeeeeehhhhhh      eeeeee     eeeeeeeee
/data3fast/users/mbermudez/de_02/TFGDataset/img/T2_0443.png|derrr teiiiieeeeeeeeeeeiiieeeeeeessssssshtt
/data3fast/users/mbermudez/de_02/TFGDataset/img/T2_0915.png|llllleeeeeeeeeeeeeeeeeeeeeennnneeeeeessss      e
/data3fast/users/mbermudez/de_02/TFGDataset/img/T2_1293.png|glll                                   sssseee
/data3fast/users/mbermudez/de_02/TFGDataset/img/T2_1083.png|eeeeihhhhh         d          s  hha         eeeee
/data3fast/users/mbermudez/de_02/TFGDataset/img/T2_0770.png|chhhh       eeeeeeeeeeeeeeeeeeeehh  ennnn
/data3fast/users/mbermudez/de_02/TFGDataset/img/T2_1184.png|rree   ddeeeeeeeeeeeeeeeeeeee     eeee  eee       nnn
/data3fast/users/mbermudez/de_02/TFGDataset/img/T2_0715.png|mmt    a      eeeeeeeeerr            ihhhh
/data3fast/users/mbermudez/de_02/TFGDataset/img/T2_1028.png|ffeeeeeeeeeeeeeett      ddd eeeeeehhhhh
/data3fast/users/mbermudez/de_02/TFGDataset/img/T2_1331.png|mit  ssssssseeeeeeeeeeeeeeeee   sss  hhh            
/data3fast/users/mbermudez/de_02/TFGDataset/img/T2_0100.png|nnn         a        eeeeeeeeeeee              
/data3fast/users/mbermudez/de_02/TFGDataset/img/T2_0446.png|deer                                s      iiieeeeee
/data3fast/users/mbermudez/de_02/TFGDataset/img/T2_1245.png|de e
/data3fast/users/mbermudez/de_02/TFGDataset/img/T2_1130.png|rrrr  sssssssss     nn    eeeeeeeeeeeeeeeeeeeit
/data3fast/users/mbermudez/de_02/TFGDataset/img/T2_0972.png|ssatttttt
/data3fast/users/mbermudez/de_02/TFGDataset/img/T2_0435.png|nee     e          e   eee   eeeeeee        nnnnnnn
/data3fast/users/mbermudez/de_02/TFGDataset/img/T2_0738.png|geeree      rrrrrrrrrreeeeeeeee    aa  sss
/data3fast/users/mbermudez/de_02/TFGDataset/img/T2_0280.png|eee          aa     ttttttt     eeeeeeeee
/data3fast/users/mbermudez/de_02/TFGDataset/img/T2_1455.png|uu  eeeeeeee   hhhhh   eeeehhhtt      nnn  eeeeee
/data3fast/users/mbermudez/de_02/TFGDataset/img/T2_0558.png|sihhh   dd ddd eeeeeee  ssssss d     ahhhh
/data3fast/users/mbermudez/de_02/TFGDataset/img/T2_0708.png|nneeeeeeeeeeeeeee     ss          eeeeeeeeee
/data3fast/users/mbermudez/de_02/TFGDataset/img/T2_1471.png|stttt         eeeeeeeeeeee                   e      e 
/data3fast/users/mbermudez/de_02/TFGDataset/img/T2_0331.png|# 
/data3fast/users/mbermudez/de_02/TFGDataset/img/T2_1044.png|mnn     eeeeeeeeeeeeeeeeeeeeeeeee         aaaaa
/data3fast/users/mbermudez/de_02/TFGDataset/img/T2_0336.png|hhhh    eee              eeeeeee     ttttttt
/data3fast/users/mbermudez/de_02/TFGDataset/img/T2_0140.png|geeeessssss e ee     sssseeeeeee  nn n    ee        t
/data3fast/users/mbermudez/de_02/TFGDataset/img/T2_0397.png|aaaa     n eeeeeeeeeeeeeeeeeeeeeesssstttt
/data3fast/users/mbermudez/de_02/TFGDataset/img/T2_0172.png|dee     aa  eeeeeeeeeeeeeeee      eeeeee           ttthhhhhh
/data3fast/users/mbermudez/de_02/TFGDataset/img/T2_0873.png|iiin    sssseee     eeeeeeeeeeennn    n    cchhhhhh
/data3fast/users/mbermudez/de_02/TFGDataset/img/T2_1412.png|daaa              eeeeeessccchcchccchhh       hhhhhh
/data3fast/users/mbermudez/de_02/TFGDataset/img/T2_0015.png|drrrrrrrreeeeeeeeeeeeeeeeeeeeeellllsllltttttt
/data3fast/users/mbermudez/de_02/TFGDataset/img/T2_0415.png|eeeeee          eee  eeeeee e e            dd eeeeee
/data3fast/users/mbermudez/de_02/TFGDataset/img/T2_0537.png|"   eeeeeee     ee e s                e***
/data3fast/users/mbermudez/de_02/TFGDataset/img/T2_1153.png|unn eeeeeeee ee
/data3fast/users/mbermudez/de_02/TFGDataset/img/T2_0967.png|eerr         eeeeeeeeeeeeeeen  nn attt
/data3fast/users/mbermudez/de_02/TFGDataset/img/T2_1212.png|eee       ssssssseeeeeeeeeeeeeeeeeeeeeeeeeeee
/data3fast/users/mbermudez/de_02/TFGDataset/img/T2_1300.png|bbr     hhhhhhhhhhh  eeeeeeeeee   sssss
/data3fast/users/mbermudez/de_02/TFGDataset/img/T2_0338.png|eeeesssssssssss             e       e   eeeeeeeeeee
/data3fast/users/mbermudez/de_02/TFGDataset/img/T2_0621.png|sseeeeee*ee*** *  nn  n nccchhhhhnnnnnnniiei
/data3fast/users/mbermudez/de_02/TFGDataset/img/T2_0168.png|uu              s                 eeee s sssssssshhhh
/data3fast/users/mbermudez/de_02/TFGDataset/img/T2_1497.png|tttee  eeeee  ee    eeeeeeeeeeeeee  nnnnnnnaa
/data3fast/users/mbermudez/de_02/TFGDataset/img/T2_0616.png|deereeeeeeeeeeeeeeeeesssssssss           eee
/data3fast/users/mbermudez/de_02/TFGDataset/img/T2_1118.png|deechhhhh                   nnnnnn    aaa     eee
/data3fast/users/mbermudez/de_02/TFGDataset/img/T2_0526.png|nnn      aaaaatttttt   lleeeeeeennnnnnn
/data3fast/users/mbermudez/de_02/TFGDataset/img/T2_1023.png|deeeeeeeeeeeeeeeeeeeeeeeeeeeeettt       dd
/data3fast/users/mbermudez/de_02/TFGDataset/img/T2_0857.png|dee    s  aa    a         ttttt ieeeeeeessssssssss
/data3fast/users/mbermudez/de_02/TFGDataset/img/T2_0836.png|diee  et                          r   aaaaallll
/data3fast/users/mbermudez/de_02/TFGDataset/img/T2_1091.png|eeee  sssssssss  hhh           eeeeeeeeeeeeeeeeeeee   eee
/data3fast/users/mbermudez/de_02/TFGDataset/img/T2_0543.png|aaae    e  e eeeeeeeeeeeeessseeeeee   aaaee
/data3fast/users/mbermudez/de_02/TFGDataset/img/T2_0152.png|uu        ee        nn eeeecchchchhhh     n
/data3fast/users/mbermudez/de_02/TFGDataset/img/T2_1268.png|wwi       d                  e eeee   eennn
/data3fast/users/mbermudez/de_02/TFGDataset/img/T2_1369.png|beeeeee                          ee nnnne
/data3fast/users/mbermudez/de_02/TFGDataset/img/T2_0035.png|deer eeeeee            eeeeeeeeeeee      ee     e
/data3fast/users/mbermudez/de_02/TFGDataset/img/T2_0872.png|mit           s     eeeeeeeee     n    ssssstt
/data3fast/users/mbermudez/de_02/TFGDataset/img/T2_1079.png|mhhhheeeeeeeeee  eeeeeee              eee
/data3fast/users/mbermudez/de_02/TFGDataset/img/T2_0090.png|deeeehhhheeeeeeeeeeeeeeee          
/data3fast/users/mbermudez/de_02/TFGDataset/img/T2_0749.png|werr           eeeeee    eeeeeeeeeeeee   eeeeeeeeeeeee
/data3fast/users/mbermudez/de_02/TFGDataset/img/T2_1077.png|sseeeeeeeeeeiieeiieee      a a   aa   ssssshee
/data3fast/users/mbermudez/de_02/TFGDataset/img/T2_1354.png|wieeesssssss            chhhhhhh aauuuu
/data3fast/users/mbermudez/de_02/TFGDataset/img/T2_0851.png|nnneeeeeeeleeel        aa       eeeeeeeeeeeeeeet
/data3fast/users/mbermudez/de_02/TFGDataset/img/T2_1213.png|"   eeeeeeehhhhhhhheeeei        aa      ssssss
/data3fast/users/mbermudez/de_02/TFGDataset/img/T2_0209.png|iii   eeeeeee  aleeeeeeeeeeeeeeeee  nnn  aaaaaa
/data3fast/users/mbermudez/de_02/TFGDataset/img/T2_0088.png|eee            eeeeeeeeeeii ee  eeeeeeeeee    nn
/data3fast/users/mbermudez/de_02/TFGDataset/img/T2_0569.png|sss  eeeeeeeeeeeeeeee    eeeeeeeeeeeeeeeeeeeeee eeeeeeeeie
/data3fast/users/mbermudez/de_02/TFGDataset/img/T2_0891.png|eeee        sss        n        eeeeeeeeeeeee   eee
/data3fast/users/mbermudez/de_02/TFGDataset/img/T2_1459.png|deeeeeeeeeeeehhhhhheeee           eeeeee        u
/data3fast/users/mbermudez/de_02/TFGDataset/img/T2_0964.png|hhttt t teeeeeessseeeeeeeeeeeeeee  rrrrrrr
/data3fast/users/mbermudez/de_02/TFGDataset/img/T2_0904.png|dee   llllleeeeeeeeeeeeee           eeeeeee
/data3fast/users/mbermudez/de_02/TFGDataset/img/T2_1447.png|ann sssselllll             eeeeeeeeeeeeeeeeeeeeiiihhhhe
/data3fast/users/mbermudez/de_02/TFGDataset/img/T2_1098.png|iissssshhhhhhhh     eeeeeessss                   eesss
/data3fast/users/mbermudez/de_02/TFGDataset/img/T2_1132.png|rrrrrlllllleeeeeeeeeeeeeeee  sss           
/data3fast/users/mbermudez/de_02/TFGDataset/img/T2_0742.png|ahhh       aaaaaaaaahlllhhh       eeeeeeeeeeeee
/data3fast/users/mbermudez/de_02/TFGDataset/img/T2_0216.png|tttthhhhh               eeeeeeeeeeee       ddddd
/data3fast/users/mbermudez/de_02/TFGDataset/img/T2_0173.png|bee      nnn    iiittii         eiihhhh
/data3fast/users/mbermudez/de_02/TFGDataset/img/T2_0866.png|ffn              iiiiieeeeeeeeeeeeeeeeeeeeee
/data3fast/users/mbermudez/de_02/TFGDataset/img/T2_0593.png|wweee                 iiitittee           
/data3fast/users/mbermudez/de_02/TFGDataset/img/T2_1089.png|inn  eeeeeeeeeeeeeeeeeeeeeeeeeeeeeellllee      eeee
/data3fast/users/mbermudez/de_02/TFGDataset/img/T2_0961.png|beeee                        eeeee     a a      r
/data3fast/users/mbermudez/de_02/TFGDataset/img/T2_1223.png|hha         sssssssssseee         ss a a  ddd
/data3fast/users/mbermudez/de_02/TFGDataset/img/T2_0560.png|aassssshhhhhhhhh     hh  ttttt          eeeeee
/data3fast/users/mbermudez/de_02/TFGDataset/img/T2_0614.png|wiieeeeeeeennneeeeeee         eeeeeee    sssss   ssss
/data3fast/users/mbermudez/de_02/TFGDataset/img/T2_0903.png|neeeee     hh      eeeeeeeeee neeeeeeeeeessss
/data3fast/users/mbermudez/de_02/TFGDataset/img/T2_0946.png|nnn     eeee       sss                     rrr
/data3fast/users/mbermudez/de_02/TFGDataset/img/T2_0010.png|nneee       nnnne   nnne  e    e   t             eeeeeeee
/data3fast/users/mbermudez/de_02/TFGDataset/img/T2_1075.png|mrrrre   eeeeeeeeeeeeeeeeseessssss   nnnnnnnnnnnn
/data3fast/users/mbermudez/de_02/TFGDataset/img/T2_0801.png|eeeett        eeeeeeeeeeee        aaaaaa    ee
/data3fast/users/mbermudez/de_02/TFGDataset/img/T2_1181.png|"     eeeeeesss   lee      ddddeeeeeeeeeccchhhhh
/data3fast/users/mbermudez/de_02/TFGDataset/img/T2_1159.png|zuu       nna  dddddd      ee eeeeheeeeNNNN
/data3fast/users/mbermudez/de_02/TFGDataset/img/T2_0678.png|lleeeeeeeeeeeeee         e eeeeeeeeeeeeeeeeee**ecccchhh
/data3fast/users/mbermudez/de_02/TFGDataset/img/T2_1041.png|meehhhhiiiihhhhhhh
/data3fast/users/mbermudez/de_02/TFGDataset/img/T2_0546.png|llliiii       sssssss   a   eeeeeeeee   en
/data3fast/users/mbermudez/de_02/TFGDataset/img/T2_0521.png|dee     h tt          eeeeeeeeesseeeeee     iihhht
/data3fast/users/mbermudez/de_02/TFGDataset/img/T2_0154.png|eeertthttttttttttttttttt     nneeeennnnneee
/data3fast/users/mbermudez/de_02/TFGDataset/img/T2_0203.png|"   nnn eeeeeeeeeeeeeeeeee    d    assssssse
/data3fast/users/mbermudez/de_02/TFGDataset/img/T2_0309.png|dasssseeeeeeeeeeesssssss                eee
/data3fast/users/mbermudez/de_02/TFGDataset/img/T2_1101.png|derttttllleeeeeeee               u    ree
/data3fast/users/mbermudez/de_02/TFGDataset/img/T2_0423.png|wwr     aaaa        eeeeeeeeeeeeeeeeeecchhhh
/data3fast/users/mbermudez/de_02/TFGDataset/img/T2_1218.png|vreeeeeeeeeeeeeee        ssssseeeeeee       
/data3fast/users/mbermudez/de_02/TFGDataset/img/T2_0437.png|wiiee    hhhhhhllleeeeee                hhhhhhhh
/data3fast/users/mbermudez/de_02/TFGDataset/img/T2_0552.png|neeeeeeee       eeeeeeeennneeeeeeeeeeelssN
/data3fast/users/mbermudez/de_02/TFGDataset/img/T2_0252.png|geeeeeeee    tttttt       eeeeeeeeee
/data3fast/users/mbermudez/de_02/TFGDataset/img/T2_0690.png|wieeeeeeeeeeeeett      eeeennnnnnnnnnnnnna
/data3fast/users/mbermudez/de_02/TFGDataset/img/T2_1286.png|aaaa        ssss    i  sscccchhhhh    eeeeee
/data3fast/users/mbermudez/de_02/TFGDataset/img/T2_0732.png|"    eeeeeeeeeettttt  h hhee  nnnnnn
/data3fast/users/mbermudez/de_02/TFGDataset/img/T2_1134.png|ttt    aaa  eeleeellleeeeeeeeeeeeeeeeeeeeee
/data3fast/users/mbermudez/de_02/TFGDataset/img/T2_0428.png|"             sssshhheeeeeeeee             ddd
/data3fast/users/mbermudez/de_02/TFGDataset/img/T2_0798.png|eeeeeee   ssssssssssseeeeeeeeeeeeee
/data3fast/users/mbermudez/de_02/TFGDataset/img/T2_1385.png|ii      eeeeeeeeee          eeee         hhhhh   eeeeehhh
/data3fast/users/mbermudez/de_02/TFGDataset/img/T2_0223.png|wittttt   
/data3fast/users/mbermudez/de_02/TFGDataset/img/T2_0923.png|"    eeeee       eeeeeeee      cch  eeeee
/data3fast/users/mbermudez/de_02/TFGDataset/img/T2_0481.png|seeeeeeeeeeeeeeeeeeeeeee  sssssssssss       aannn
/data3fast/users/mbermudez/de_02/TFGDataset/img/T2_1180.png|nneeeee            tsssststtsss            
/data3fast/users/mbermudez/de_02/TFGDataset/img/T2_0369.png|iiiithhhhhhh    eeeeeeeeeeeeeeeeeeeeeeettt  aa
/data3fast/users/mbermudez/de_02/TFGDataset/img/T2_1366.png|bbee         hhhh ttt             *           u e
/data3fast/users/mbermudez/de_02/TFGDataset/img/T2_0907.png|wweeeeeeeeee****nnneeeee******         llllll
/data3fast/users/mbermudez/de_02/TFGDataset/img/T2_0395.png|das              eiiiiiiieeeeeeee   sssaaaaaa
/data3fast/users/mbermudez/de_02/TFGDataset/img/T2_1029.png|bbb  eeeeeeeee                      eeeeeeeeeeeeeeee
/data3fast/users/mbermudez/de_02/TFGDataset/img/T2_0307.png|ssss           eeeeeeeeeeeeeeeeeeeecchhhhcchhhh   ahhhh
/data3fast/users/mbermudez/de_02/TFGDataset/img/T2_1319.png|lleeeeennnneeeeeeeeeeeeeeiiii   eeeee  nnnn
/data3fast/users/mbermudez/de_02/TFGDataset/img/T2_0567.png|ann  eeeettttttthh     aaaa aaaaaaaaa  a eeeee
/data3fast/users/mbermudez/de_02/TFGDataset/img/T2_0462.png|eeeeee eeeeeeeeeeeeeeeeeeeeree         ssstllllll
/data3fast/users/mbermudez/de_02/TFGDataset/img/T2_1020.png|#  
/data3fast/users/mbermudez/de_02/TFGDataset/img/T2_1031.png|bbeeeeeeeeeeeeeeeeeiiiiiinnnnnnnnnneee
/data3fast/users/mbermudez/de_02/TFGDataset/img/T2_0391.png|wrr    ss        nnnnnn eeeiiiiiheeeheetttt  rrr
/data3fast/users/mbermudez/de_02/TFGDataset/img/T2_0274.png|beeeeeeeeeeeeellleeeeeee           ee
/data3fast/users/mbermudez/de_02/TFGDataset/img/T2_0101.png|# 
/data3fast/users/mbermudez/de_02/TFGDataset/img/T2_1337.png|"        sssssssss   ee eeeeeeeeeeeeeeene
/data3fast/users/mbermudez/de_02/TFGDataset/img/T2_1166.png|deeeeeeeeeeee         lllle  eeee    eeeeeeeeeehhsssssss
/data3fast/users/mbermudez/de_02/TFGDataset/img/T2_0255.png|"        nnnnnnn      llllllleeeeeeeeeee
/data3fast/users/mbermudez/de_02/TFGDataset/img/T2_0981.png|stt            ssssseeeeeeeeeeeeee    eeeeeee     eehheee
/data3fast/users/mbermudez/de_02/TFGDataset/img/T2_0743.png|aaaa   eeeeeeeeeeddeeeeeeeeeeeeeeeeeeee
/data3fast/users/mbermudez/de_02/TFGDataset/img/T2_1074.png|eee      eeeeeeeeeetttttttttt         iiiiii
/data3fast/users/mbermudez/de_02/TFGDataset/img/T2_1052.png|nniieeeeeeeeeellllllllllll a        eeeeee    nnn
/data3fast/users/mbermudez/de_02/TFGDataset/img/T2_1113.png|eeelhhh  nnnnnneeeeeeeeeeeeeeeee      sss
/data3fast/users/mbermudez/de_02/TFGDataset/img/T2_1107.png|#  
/data3fast/users/mbermudez/de_02/TFGDataset/img/T2_0652.png|eeeessaaaaaaa  e sss  hhh          rr *e****
/data3fast/users/mbermudez/de_02/TFGDataset/img/T2_0355.png|der     nneeeeeee************ nnnnnnnnnnn   eeeee
/data3fast/users/mbermudez/de_02/TFGDataset/img/T2_0998.png|"            h  eeeeelllll           rr
/data3fast/users/mbermudez/de_02/TFGDataset/img/T2_0028.png|oouu              eeeeeessseeeeeeee  ssssssss
/data3fast/users/mbermudez/de_02/TFGDataset/img/T2_0200.png|sssshhhhhhhhhhhhhhh                ssssssshhsss  sscc
/data3fast/users/mbermudez/de_02/TFGDataset/img/T2_0483.png|ss       nnn        sssseeehheeeeeeeee      eee
/data3fast/users/mbermudez/de_02/TFGDataset/img/T2_0962.png|ichhh     eeeeeeeeeesssss        eeeeeeeeeeeeeeeeeee
/data3fast/users/mbermudez/de_02/TFGDataset/img/T2_0729.png|eeeeeeeeeeee    aaa   
/data3fast/users/mbermudez/de_02/TFGDataset/img/T2_0882.png|weeeeeeeeeeee e dddeeeeeeeeeee       cchh
/data3fast/users/mbermudez/de_02/TFGDataset/img/T2_1317.png|dd  eeeeeeeeeeee       aaa         eeeees     nnn
/data3fast/users/mbermudez/de_02/TFGDataset/img/T2_1490.png|frrrrr                  eeeeeeeee  sssssss
/data3fast/users/mbermudez/de_02/TFGDataset/img/T2_0253.png|unnn     sssssssssss  eeeeeeeeeeeeeeee eeeeee
/data3fast/users/mbermudez/de_02/TFGDataset/img/T2_0292.png|aahh      nnnnnnn         eeeeeehhhheeeeeeeee
/data3fast/users/mbermudez/de_02/TFGDataset/img/T2_1054.png|wwllllee           rrrrrer     t      eeeeee
/data3fast/users/mbermudez/de_02/TFGDataset/img/T2_0676.png|# 
/data3fast/users/mbermudez/de_02/TFGDataset/img/T2_0194.png|ihhhh     eeeeeaa  lleeheeeeeeeeeeee
/data3fast/users/mbermudez/de_02/TFGDataset/img/T2_0224.png|ben                    tt      ttt        ihhhhhhhhh
/data3fast/users/mbermudez/de_02/TFGDataset/img/T2_1210.png|geeeeee         a       ee iihheeee      
/data3fast/users/mbermudez/de_02/TFGDataset/img/T2_0916.png|eee ssssstttt    **   *          eeeeeeeeeeeeeeeeee
/data3fast/users/mbermudez/de_02/TFGDataset/img/T2_0578.png|geeeee         nnn  nnn n     eeeeeeeee eee e hhhhhh
/data3fast/users/mbermudez/de_02/TFGDataset/img/T2_0406.png|iii        ttttt         sssssshhh eeeee
/data3fast/users/mbermudez/de_02/TFGDataset/img/T2_0646.png|aaall                    eeeeeeeeeeee         
/data3fast/users/mbermudez/de_02/TFGDataset/img/T2_0553.png|derrreeeeeeeeeeeeeeeeeeeeee   ssaaa    eeeeeeeee
/data3fast/users/mbermudez/de_02/TFGDataset/img/T2_0295.png|geeeeee      nnnnnneeeeeeeeeee      aaa
/data3fast/users/mbermudez/de_02/TFGDataset/img/T2_1239.png|oo    eeeeeesttt        ......
/data3fast/users/mbermudez/de_02/TFGDataset/img/T2_0231.png|wisssssss               eeeeeeeeeei       eeeeeeeeee
/data3fast/users/mbermudez/de_02/TFGDataset/img/T2_0699.png|scheeeeeeeeeeeeeeeee      eeeeeeeeeeee    s  ss aa
/data3fast/users/mbermudez/de_02/TFGDataset/img/T2_0279.png|deeee  nnnnnnnnnnnn      ttteee  ttt       hhhh
/data3fast/users/mbermudez/de_02/TFGDataset/img/T2_0591.png|deeeeeeeeehhhhh              eeeeeeeeeeeeee    aaaa
/data3fast/users/mbermudez/de_02/TFGDataset/img/T2_0246.png|ittt          eeeeeeeeeeeeseeeeeeeeeeeee
/data3fast/users/mbermudez/de_02/TFGDataset/img/T2_0722.png|hhheeeeeeee        ttttte ee eeeeeeeeeeeee
/data3fast/users/mbermudez/de_02/TFGDataset/img/T2_0640.png|# 
/data3fast/users/mbermudez/de_02/TFGDataset/img/T2_0670.png|hrrr     nnnnn   eeeelltl                
/data3fast/users/mbermudez/de_02/TFGDataset/img/T2_0166.png|neeeeeeeee   aaaaaa         eeeeeeeeeeeeee     aaaa
/data3fast/users/mbermudez/de_02/TFGDataset/img/T2_1154.png|eerssssssstttttt
/data3fast/users/mbermudez/de_02/TFGDataset/img/T2_0012.png|tte   e                     eeeeeee eeeeeee
/data3fast/users/mbermudez/de_02/TFGDataset/img/T2_0485.png|bbeee   eeeeeeelheeeeeeeeeeeeeeeeeeeeerrrre
/data3fast/users/mbermudez/de_02/TFGDataset/img/T2_0055.png|mrrr   n   eeeee         a    ll         
/data3fast/users/mbermudez/de_02/TFGDataset/img/T2_1394.png|nneeeeee             s             deeeeeeeeeeeeeee
/data3fast/users/mbermudez/de_02/TFGDataset/img/T2_0367.png|aa   eeeeeeeeeeeeeeeeeeeeeeeeeeeeeeee  aannnn
/data3fast/users/mbermudez/de_02/TFGDataset/img/T2_0835.png|dee    aa           ee eeet   tttt     aaa a      e
/data3fast/users/mbermudez/de_02/TFGDataset/img/T2_0519.png|bee            eee    e   e    aaa    sssss
/data3fast/users/mbermudez/de_02/TFGDataset/img/T2_0980.png|shheeeeeeee              *****             lalsst
/data3fast/users/mbermudez/de_02/TFGDataset/img/T2_0759.png|der   aaaa  eeeeeeeeeee      nnnnnnnnnnnnneennn
/data3fast/users/mbermudez/de_02/TFGDataset/img/T2_0768.png|aaaae eeeeeeee  hhhhh tt
/data3fast/users/mbermudez/de_02/TFGDataset/img/T2_0974.png|# 
/data3fast/users/mbermudez/de_02/TFGDataset/img/T2_1241.png|neeeeeeeeeeettttt            eeeeeeeeeeeeeeeeeeeeeee
/data3fast/users/mbermudez/de_02/TFGDataset/img/T2_0486.png|dee         ssssseeeeeetethh                 hhhhhhh
/data3fast/users/mbermudez/de_02/TFGDataset/img/T2_0478.png|geeeeeeeee   aaaa  eeeeeeeeeeeeeeeeeee     ssss
/data3fast/users/mbermudez/de_02/TFGDataset/img/T2_1207.png|neee        ttttttttttthhhh t llllelelleeee ee
/data3fast/users/mbermudez/de_02/TFGDataset/img/T2_1333.png|frrreeeeeeeeee           eeeeeeeeeeeeeeeee thhhch
/data3fast/users/mbermudez/de_02/TFGDataset/img/T2_0196.png|ttt          sssseee     nnnnnnnn aaaaaalll
/data3fast/users/mbermudez/de_02/TFGDataset/img/T2_0149.png|geeeeeee ererttttttt      eee****
/data3fast/users/mbermudez/de_02/TFGDataset/img/T2_1013.png|dee     aa a          hhhhhh                iiii
/data3fast/users/mbermudez/de_02/TFGDataset/img/T2_0370.png|#  
/data3fast/users/mbermudez/de_02/TFGDataset/img/T2_0948.png|bbeeettttttttt     nnnnnn    eee eeeeeeeeeee
/data3fast/users/mbermudez/de_02/TFGDataset/img/T2_1126.png|ssieeeee       ssss   ee          e        aaee
/data3fast/users/mbermudez/de_02/TFGDataset/img/T2_1387.png|tt***ee      ee e         sss           sssseee    eeee
/data3fast/users/mbermudez/de_02/TFGDataset/img/T2_0927.png|weeeeeeeeeeeeehhhhhhhhhh   eeeeeeee   e         ae
/data3fast/users/mbermudez/de_02/TFGDataset/img/T2_0039.png|dee       n eeeeeeeeeeeeeeeeeeeeeeeeeee        ssssssss
/data3fast/users/mbermudez/de_02/TFGDataset/img/T2_1323.png|beeeeeeeeehhhhhhhhhhheeeeee         n dd   eeeeeeeee
/data3fast/users/mbermudez/de_02/TFGDataset/img/T2_0433.png|geeeeeeeee           h hhhe      cc       nn
/data3fast/users/mbermudez/de_02/TFGDataset/img/T2_1162.png|"    eeeeee    lll             ssss
/data3fast/users/mbermudez/de_02/TFGDataset/img/T2_0573.png|aann eeeeeeeeee  eeeeeeeeeee       deeeeeeeeeeeien
/data3fast/users/mbermudez/de_02/TFGDataset/img/T2_0698.png|"    nnnnnhhhhhhhh eeeeeeeeeeeehhhheeeeeeeee
/data3fast/users/mbermudez/de_02/TFGDataset/img/T2_0529.png|seeeeeee      nn     s aa  aa   tttttttttttt
/data3fast/users/mbermudez/de_02/TFGDataset/img/T2_0989.png|drrrrrtttt     aa               d ddnn
/data3fast/users/mbermudez/de_02/TFGDataset/img/T2_0833.png|oreessssssseeeeee  eeeeee       hhhh       nnnnt
/data3fast/users/mbermudez/de_02/TFGDataset/img/T2_1269.png|iiittt         eeeeeeeeeeeeee            itttthhh
/data3fast/users/mbermudez/de_02/TFGDataset/img/T2_0199.png|wlli eeeeeeeeeeeeeeeeee       eeeeehhhhhh
/data3fast/users/mbermudez/de_02/TFGDataset/img/T2_0511.png|goeeeee  nnn            sshht               uuu
/data3fast/users/mbermudez/de_02/TFGDataset/img/T2_1063.png|mi    eeeeeehhhhh  aa      n                 e 
/data3fast/users/mbermudez/de_02/TFGDataset/img/T2_0293.png|deeeeeeeeeeeee          aaa aaa  hheeeeeeeeeeeeee
/data3fast/users/mbermudez/de_02/TFGDataset/img/T2_1434.png|frrrreeeeeeeee       sssssss     eeeeeeeeeeeeeeee
/data3fast/users/mbermudez/de_02/TFGDataset/img/T2_1445.png|neeeeeee    aaaaaa    eeeeeeehhh      eee
/data3fast/users/mbermudez/de_02/TFGDataset/img/T2_0357.png|deeeeeeeeeeeeeeeeeeeeeeeettttt    eeeeeee
/data3fast/users/mbermudez/de_02/TFGDataset/img/T2_0257.png|ieeeetehee e                     eehh     eeeeeett
/data3fast/users/mbermudez/de_02/TFGDataset/img/T2_1327.png|ee    a   eeeeeeeeeeeeeeee      d   eee  aaaaaa
/data3fast/users/mbermudez/de_02/TFGDataset/img/T2_0692.png|**eeeee      hhhhh                      eeeeelellllllee
/data3fast/users/mbermudez/de_02/TFGDataset/img/T2_0942.png|iiii        nn  ddd       a        eeeeee
/data3fast/users/mbermudez/de_02/TFGDataset/img/T2_1348.png|dassssssss tttttt
/data3fast/users/mbermudez/de_02/TFGDataset/img/T2_1399.png|mii eeeeeeeNNeeeeeeeeee                   aa hheee
/data3fast/users/mbermudez/de_02/TFGDataset/img/T2_0506.png|uu    eeeet             e  e e          sssssss
/data3fast/users/mbermudez/de_02/TFGDataset/img/T2_1428.png|eer         eeeeeeessss      ttteeee    ssss
/data3fast/users/mbermudez/de_02/TFGDataset/img/T2_0996.png|der             eeeee***************          sssssss
/data3fast/users/mbermudez/de_02/TFGDataset/img/T2_0787.png|eeeee        eeeeeee  ennnn        a   llleee
/data3fast/users/mbermudez/de_02/TFGDataset/img/T2_1048.png|eeeeeeeeeeeeee**************eeeeeeee      ssss         ss
/data3fast/users/mbermudez/de_02/TFGDataset/img/T2_0936.png|ann   eesccctttttttt*****eeeeeeeeiii         eeeeee
/data3fast/users/mbermudez/de_02/TFGDataset/img/T2_0945.png|iinn   eeeeeeeeeeeeeeeeeeeeeeee       
/data3fast/users/mbermudez/de_02/TFGDataset/img/T2_0804.png|inn     aa       a nnn    eeeeeeeeeeee
/data3fast/users/mbermudez/de_02/TFGDataset/img/T2_0700.png|innn eeeeeeeeeeeeeesss   eellllllllllll  nnnnn
/data3fast/users/mbermudez/de_02/TFGDataset/img/T2_0717.png|da  eeeeeetttttt      iieeii ccccchhhaaaaaa ee
/data3fast/users/mbermudez/de_02/TFGDataset/img/T2_0603.png|nniieeeeeeeeeeeeeeeeeeeeeeeeeeeeeeeeee          tttt
/data3fast/users/mbermudez/de_02/TFGDataset/img/T2_0294.png|"  aaaa             hhhhhheeeeeeeeeeeeen   sss
/data3fast/users/mbermudez/de_02/TFGDataset/img/T2_0139.png|ssttt      r             eeeeeeeeeeeeeeeeeeeeeeeeee
/data3fast/users/mbermudez/de_02/TFGDataset/img/T2_0797.png|wiiiii  chhh  nnn  eeeeeeeeee  nn    nn ie
/data3fast/users/mbermudez/de_02/TFGDataset/img/T2_1310.png|weeeeeeessseeeeeee         ttttttt   
/data3fast/users/mbermudez/de_02/TFGDataset/img/T2_0376.png|aahhheeeeeeeeeeeeeeiiei      nn n eeeeesssshhh
/data3fast/users/mbermudez/de_02/TFGDataset/img/T2_0527.png|deeeee  n nneeeeehhhhh  aaaa       eeeeeeeee
/data3fast/users/mbermudez/de_02/TFGDataset/img/T2_1253.png|bbe    hhh  eeeeeeeee          
/data3fast/users/mbermudez/de_02/TFGDataset/img/T2_0933.png|wrtt              nnn      eeeeeeeee       eeee
/data3fast/users/mbermudez/de_02/TFGDataset/img/T2_0103.png|#  
/data3fast/users/mbermudez/de_02/TFGDataset/img/T2_1285.png|"     eeeeeeeeeeeeeeeeeee  eeeeeeeeeeeeeehe  **  eeeeeeeeee
/data3fast/users/mbermudez/de_02/TFGDataset/img/T2_0067.png|sss      tt  tttt     rr   eeeeee   ssssschhset
/data3fast/users/mbermudez/de_02/TFGDataset/img/T2_1112.png|iis           a  a aaa    hh h   eeeeeeeehhhhh
/data3fast/users/mbermudez/de_02/TFGDataset/img/T2_1473.png|wiiiillleeetttte      aa           nnnnnnnnnn
/data3fast/users/mbermudez/de_02/TFGDataset/img/T2_0834.png|iieeeeeeeeeeeeetteeeelllleel eeeeeeeee   sssss
/data3fast/users/mbermudez/de_02/TFGDataset/img/T2_1481.png|ssssss     nnnnnn  eee  nneeeeeeeeeelssl
/data3fast/users/mbermudez/de_02/TFGDataset/img/T2_0617.png|tttt    a          eeeeeeeeeeesesssssssss       eeeee
/data3fast/users/mbermudez/de_02/TFGDataset/img/T2_0579.png|oonnnneeeeeeeeeeeeee    
/data3fast/users/mbermudez/de_02/TFGDataset/img/T2_0299.png|ma      eeeeeeeeeeeeeeeeeeeee               neen
/data3fast/users/mbermudez/de_02/TFGDataset/img/T2_1372.png|eeeeeeeeeeeeeeeeeeeeeeeeehehhh               eeeee
/data3fast/users/mbermudez/de_02/TFGDataset/img/T2_1246.png|aan   eeeeeeeerrrrrr r     eesssslllllllll eee
/data3fast/users/mbermudez/de_02/TFGDataset/img/T2_0808.png|iih             t                eeeeeeeeeeee
/data3fast/users/mbermudez/de_02/TFGDataset/img/T2_0054.png|vo       aaa     
/data3fast/users/mbermudez/de_02/TFGDataset/img/T2_0921.png|d                nn ssssssssssettt   ....
/data3fast/users/mbermudez/de_02/TFGDataset/img/T2_1278.png|bee    d  eeeeeeeeeeeeeeeeeeee                 ...
/data3fast/users/mbermudez/de_02/TFGDataset/img/T2_0123.png|un     shhhheeeeeeee   aaa        eeeee
/data3fast/users/mbermudez/de_02/TFGDataset/img/T2_0488.png|hhhee  neeeeeeeeeeeee           ee  hhhh
/data3fast/users/mbermudez/de_02/TFGDataset/img/T2_0815.png|deeeeeeeeeeeeee      iiiii       nn   eeeeeeeeeee
/data3fast/users/mbermudez/de_02/TFGDataset/img/T2_0017.png|diii nnnnnn             eeeeeeeeeeeeeeeet
/data3fast/users/mbermudez/de_02/TFGDataset/img/T2_0545.png|iiiii    nn  eeeeeeeeeeeeeess tttt  t t*** eteeett
/data3fast/users/mbermudez/de_02/TFGDataset/img/T2_0389.png|geeee   eeeeeeeetttt            hesssssssssss
/data3fast/users/mbermudez/de_02/TFGDataset/img/T2_1400.png|bee   n
/data3fast/users/mbermudez/de_02/TFGDataset/img/T2_1492.png|schhhheeeee       dd  eeeeeeeeeeeeeeeee    aallll
/data3fast/users/mbermudez/de_02/TFGDataset/img/T2_0218.png|aaneeeee        a    aeeeelllll  nnnnnnnn
/data3fast/users/mbermudez/de_02/TFGDataset/img/T2_0418.png|geeeeeeeeeeeeee              eeeeeeechhhhc     nn
/data3fast/users/mbermudez/de_02/TFGDataset/img/T2_1165.png|deeeeeeeeeeeeeeeeessss         eee e e eeeeeetteeee
/data3fast/users/mbermudez/de_02/TFGDataset/img/T2_0554.png|geeee   ss s  eeeeechcchhhhhhhhhee ee        eeeeeeeeeee
/data3fast/users/mbermudez/de_02/TFGDataset/img/T2_1247.png|iieeeeesssssss   nnnnnnnnnnnnnnnneeeeeeeeee
/data3fast/users/mbermudez/de_02/TFGDataset/img/T2_1416.png|deeiieeeeeeeeeeeddd  nnnnnn aaaaaa     rrrr
/data3fast/users/mbermudez/de_02/TFGDataset/img/T2_1129.png|hrr            eeee  eeeeee           eeeeeeee
/data3fast/users/mbermudez/de_02/TFGDataset/img/T2_0971.png|"   shhhhhhhhhhhh       nhhhh   eeeeeeeeeeeiie
/data3fast/users/mbermudez/de_02/TFGDataset/img/T2_0471.png|ffeee  n hhhhhh  ttt                 derrrrrrrtttt
/data3fast/users/mbermudez/de_02/TFGDataset/img/T2_0599.png|dd   hhhhhhhhhh     aa        a          eeeeeeee
/data3fast/users/mbermudez/de_02/TFGDataset/img/T2_0541.png|geeerttt          ee       sccssssssssssssssssss
/data3fast/users/mbermudez/de_02/TFGDataset/img/T2_0124.png|nnn              rreerreeeeerr       eeess
/data3fast/users/mbermudez/de_02/TFGDataset/img/T2_1194.png|eeee        eee eeeee                             eeeeeee
/data3fast/users/mbermudez/de_02/TFGDataset/img/T2_0845.png|deeeeeeeeeeeeeeeeeee    sssssssssss    ee
/data3fast/users/mbermudez/de_02/TFGDataset/img/T2_1377.png|wlii        a             eeeheeeeeee
/data3fast/users/mbermudez/de_02/TFGDataset/img/T2_0359.png|iieeeeeeeeeeeeee       sss
/data3fast/users/mbermudez/de_02/TFGDataset/img/T2_1030.png|frrreeeeetttteeeeeeeeeeeeeehhhhheeeeee
/data3fast/users/mbermudez/de_02/TFGDataset/img/T2_1425.png|sttttee  eee ndeeeeeeeeeeeeeeeeeeeeeeen
/data3fast/users/mbermudez/de_02/TFGDataset/img/T2_0619.png|deeeeeeeeeeeee                  eeeeeeeeeeeeerrrtttttt
/data3fast/users/mbermudez/de_02/TFGDataset/img/T2_0038.png|schhh             eeeeeeeeeeeeeeehcceeeei     nn
/data3fast/users/mbermudez/de_02/TFGDataset/img/T2_0940.png|derreeeeeeeeeeee   nn   eeeeehc        deeeeeeee
/data3fast/users/mbermudez/de_02/TFGDataset/img/T2_1314.png|uuu  seeeelleeele      l   lllll     e          nn
/data3fast/users/mbermudez/de_02/TFGDataset/img/T2_1068.png|ggeehhhhhh           hh  heeeeeehhh        ee
/data3fast/users/mbermudez/de_02/TFGDataset/img/T2_1430.png|der       aa    h  ss       eeeeeeet
/data3fast/users/mbermudez/de_02/TFGDataset/img/T2_1182.png|iiihhh         eeee  ee     ssssssssssseeeeeeeeeeeee
/data3fast/users/mbermudez/de_02/TFGDataset/img/T2_0077.png|ieeeeeeeeeeeeeeeeeeeeeeeee           aaass
/data3fast/users/mbermudez/de_02/TFGDataset/img/T2_0538.png|d      e e tt    llllleeeeeeeeeee     eeeeee
/data3fast/users/mbermudez/de_02/TFGDataset/img/T2_1457.png|fff  eeeeeeeeeeeeeeeeeeeenn        t
/data3fast/users/mbermudez/de_02/TFGDataset/img/T2_1104.png|ofe        nnnnnnnn     eeeeeeehhhhhe    rr
/data3fast/users/mbermudez/de_02/TFGDataset/img/T2_0587.png|dee      nn nnn n   eeeeeee   eehhhh        s
/data3fast/users/mbermudez/de_02/TFGDataset/img/T2_0016.png|geeeeeeeeettt 
/data3fast/users/mbermudez/de_02/TFGDataset/img/T2_0911.png|eeettttttttt
/data3fast/users/mbermudez/de_02/TFGDataset/img/T2_0863.png|ieeeeeeeeeeee                                      eeeeeeeehhhhh
/data3fast/users/mbermudez/de_02/TFGDataset/img/T2_0636.png|#  
/data3fast/users/mbermudez/de_02/TFGDataset/img/T2_0318.png|deee e ee ddnnnaaaaaa           iiiiinnn
/data3fast/users/mbermudez/de_02/TFGDataset/img/T2_1451.png|dii         sssss  eeeeessssehhhhh      eee
/data3fast/users/mbermudez/de_02/TFGDataset/img/T2_1015.png|tt   nnnn nnneeeeeeeee           n    eeeeee
/data3fast/users/mbermudez/de_02/TFGDataset/img/T2_0414.png|geee             eeieeiiii      nnnn         eeeeeee
/data3fast/users/mbermudez/de_02/TFGDataset/img/T2_0129.png|#   
/data3fast/users/mbermudez/de_02/TFGDataset/img/T2_0241.png|nnn eeeeeeeeeesssss   aa    rrrrrre
/data3fast/users/mbermudez/de_02/TFGDataset/img/T2_0442.png|moo  eeeeeeeeeeeee              eeeehheeeeee eeeeeeee
/data3fast/users/mbermudez/de_02/TFGDataset/img/T2_0267.png|derrrhhhhhh           ee     eeeeerr    nnnnnre
/data3fast/users/mbermudez/de_02/TFGDataset/img/T2_0136.png|asssseeeeeeeessssee               eeeee e      ******
/data3fast/users/mbermudez/de_02/TFGDataset/img/T2_0301.png|bbe     eeeeessesseeeeessss   eeeeeeee            
/data3fast/users/mbermudez/de_02/TFGDataset/img/T2_1251.png|beeee      eeeeeeeeeeeeeeeeeeeeeeeeeeeeee
/data3fast/users/mbermudez/de_02/TFGDataset/img/T2_0000.png|ffeeeeeeeeee               hhhh       eeeeeeee
/data3fast/users/mbermudez/de_02/TFGDataset/img/T2_1282.png|itt                  eeeee         t          t...
/data3fast/users/mbermudez/de_02/TFGDataset/img/T2_1229.png|"           a       n   sss           eeehhh
/data3fast/users/mbermudez/de_02/TFGDataset/img/T2_0430.png|ahhhh  eeeeeeeeet           n aa   ssssssseiiiiii
/data3fast/users/mbermudez/de_02/TFGDataset/img/T2_0226.png|eeNNNee
/data3fast/users/mbermudez/de_02/TFGDataset/img/T2_0005.png|weeee     nneeee    aaeeeeeelllleeeeeeinnnnn
/data3fast/users/mbermudez/de_02/TFGDataset/img/T2_0118.png|iihhhhhh  aaaa       eeeeeeehhh      eeeeeeeeeeee
/data3fast/users/mbermudez/de_02/TFGDataset/img/T2_0712.png|der  aaaaa   eeeeeeeeeeeeeeeeeeeeeeeeeeeae
/data3fast/users/mbermudez/de_02/TFGDataset/img/T2_0580.png|"    hhhhhheesssssssaassssslls              ..
/data3fast/users/mbermudez/de_02/TFGDataset/img/T2_0871.png|geeeeeeeeeee ed ddd   dd                   rreeel
/data3fast/users/mbermudez/de_02/TFGDataset/img/T2_0565.png|ffeeeeeeeee               h           ssseeeh
/data3fast/users/mbermudez/de_02/TFGDataset/img/T2_0453.png|uunddd        rreeeeerrrrttttttttt  
/data3fast/users/mbermudez/de_02/TFGDataset/img/T2_0919.png|wettttt             ssseiiieeeeeeeeeeeeeee    aaaa
/data3fast/users/mbermudez/de_02/TFGDataset/img/T2_1322.png|tiieeeeeeeeeeeee   sssss e     n     d d  ed
/data3fast/users/mbermudez/de_02/TFGDataset/img/T2_1441.png|beeeee              n   nnn  aaaaaa eeeeeeeeee
/data3fast/users/mbermudez/de_02/TFGDataset/img/T2_0305.png|die  shhh                        eeeeeeeeeeeeeeeeeeeeeeeee
/data3fast/users/mbermudez/de_02/TFGDataset/img/T2_1195.png|iiih  aaa    eeeeeeeeee
/data3fast/users/mbermudez/de_02/TFGDataset/img/T2_0792.png|mm      eeeeeeeeeeeeeeeeeeeeeee         aaa
/data3fast/users/mbermudez/de_02/TFGDataset/img/T2_0592.png|nnssseeeeeeeeeeeeh          eeeeeee            nn
/data3fast/users/mbermudez/de_02/TFGDataset/img/T2_0122.png|uurreeeeeeeeeeeeeeeeee  eeeeeeeeeeeeeeeeeeee
/data3fast/users/mbermudez/de_02/TFGDataset/img/T2_1415.png|innn   eeeeeeeeeeeeeeeee     e eeeeeeeeeeeeeeeehhhhh
/data3fast/users/mbermudez/de_02/TFGDataset/img/T2_0766.png|aaa  eeeeeeinnnn  eee       ss  ahhhhh
/data3fast/users/mbermudez/de_02/TFGDataset/img/T2_1324.png|hhh                             hhh          eee
/data3fast/users/mbermudez/de_02/TFGDataset/img/T2_1402.png|wll a        ssssssssss          heeeeeeeeetteee
/data3fast/users/mbermudez/de_02/TFGDataset/img/T2_0290.png|eeeeeeeeeeeeeeeeeeessss      eellllleeeeeeeeeeeeee
/data3fast/users/mbermudez/de_02/TFGDataset/img/T2_0677.png|allss   eeeeeeeeeeeeeeeeeesssssi    ee
/data3fast/users/mbermudez/de_02/TFGDataset/img/T2_0248.png|rrrreeeeeeeeeeeeeeeeeeeeeeeeeeeee      ee         
/data3fast/users/mbermudez/de_02/TFGDataset/img/T2_0070.png|de s  hhhhhttt          tteeeeeeiiii  ee
/data3fast/users/mbermudez/de_02/TFGDataset/img/T2_1325.png|bseeeeeeehhhhhhhehhhhe                    eeee
/data3fast/users/mbermudez/de_02/TFGDataset/img/T2_0899.png|iiii eeeeeeeeeee            a            eessssssss
/data3fast/users/mbermudez/de_02/TFGDataset/img/T2_0459.png|see      nnn         eieeeeeeieeee nnnnanaa eeee
/data3fast/users/mbermudez/de_02/TFGDataset/img/T2_0651.png|tee   ee ee     ss      n  dd dd       eeeeeeeeehh
/data3fast/users/mbermudez/de_02/TFGDataset/img/T2_0135.png|wissss e  e              eeee cccchhhhhh iiiiin
/data3fast/users/mbermudez/de_02/TFGDataset/img/T2_1308.png|scchhhhhhhh     eeeeee
/data3fast/users/mbermudez/de_02/TFGDataset/img/T2_0079.png|mi  eeeeeeeessssss            iiieeee      eeee
/data3fast/users/mbermudez/de_02/TFGDataset/img/T2_0659.png|errhhhhhh  hhhhhhhhheeeeeeee                 ...
/data3fast/users/mbermudez/de_02/TFGDataset/img/T2_0244.png|bseeeeeeeeeeeeeeeeeee   eeeeeeeeeeeeeeeee
/data3fast/users/mbermudez/de_02/TFGDataset/img/T2_1414.png|soo  eeeeeeee  e eeeeeeeeeeeeeeee e      eee
/data3fast/users/mbermudez/de_02/TFGDataset/img/T2_1065.png|allleeeeeeeeee    hhhhhhh         eeeeeee        nn
/data3fast/users/mbermudez/de_02/TFGDataset/img/T2_0498.png|ee    a    eeeeeeeeeeeeeeeeeeiiiii        ..
/data3fast/users/mbermudez/de_02/TFGDataset/img/T2_0550.png|seeeeeeeeeee     n      eeeeeeeeeeee ttttttttttttt
/data3fast/users/mbermudez/de_02/TFGDataset/img/T2_1202.png|sse         cchhchee       eeee     eeeeeeeeeeeeeeeeeee
/data3fast/users/mbermudez/de_02/TFGDataset/img/T2_0356.png|be   nnnnnnnnnaaaaa   aa ahh                n
/data3fast/users/mbermudez/de_02/TFGDataset/img/T2_0832.png|aasss   eee                 tt       ddd ddeeen
/data3fast/users/mbermudez/de_02/TFGDataset/img/T2_1121.png|wllll           ieeeeeeeeeeeeeeeeeeennnnneeeeesssss
/data3fast/users/mbermudez/de_02/TFGDataset/img/T2_1332.png|so                e           sssss       ee    ee
/data3fast/users/mbermudez/de_02/TFGDataset/img/T2_1061.png|drrr eeeeehh       aaaeeeeeeeeeeeeee        ss
/data3fast/users/mbermudez/de_02/TFGDataset/img/T2_0817.png|de     e   eeee   e eeeeeeeeeeeeeeeeeeeeeeeeeel sssssss
/data3fast/users/mbermudez/de_02/TFGDataset/img/T2_0776.png|seeeeeeeeeeeeeeeeeeeee               dddd  eeeeeeeee
/data3fast/users/mbermudez/de_02/TFGDataset/img/T2_0731.png|ooo      eeeeeeeeeeeeeeeeeeeeeeeeeesssssssttttee
/data3fast/users/mbermudez/de_02/TFGDataset/img/T2_1478.png|ieee  e       eeeeeeeeeeeeeeeeeeseeeee
/data3fast/users/mbermudez/de_02/TFGDataset/img/T2_1099.png|hhh           nnnn  nnnnnnn       sssss eeeeeeeeee
/data3fast/users/mbermudez/de_02/TFGDataset/img/T2_0213.png|ss        eeeessseele     eeeeee e   eeeeee  iii
/data3fast/users/mbermudez/de_02/TFGDataset/img/T2_1143.png|eeee         iii                   t tttttt
/data3fast/users/mbermudez/de_02/TFGDataset/img/T2_0819.png|ffrrrttteeeeeeeeeeeeeeeee e nn        eeeee
/data3fast/users/mbermudez/de_02/TFGDataset/img/T2_0419.png|dii      tttttt      ******t  iiititttt
/data3fast/users/mbermudez/de_02/TFGDataset/img/T2_0875.png|oee          sssseeeeeeeeeeeeeiiiii nnnnnn
/data3fast/users/mbermudez/de_02/TFGDataset/img/T2_0518.png|drrr   aa     eeeeeeee          aa  eelllhh
/data3fast/users/mbermudez/de_02/TFGDataset/img/T2_1302.png|geeee nnnn        eee eee        rrr  eeeeess
/data3fast/users/mbermudez/de_02/TFGDataset/img/T2_0867.png|iieeee     eeeeeeeeeeeeeeee     sseeeee  nndaaan
/data3fast/users/mbermudez/de_02/TFGDataset/img/T2_1257.png|derrrrrrttttter            eeeeehh    aannnn
/data3fast/users/mbermudez/de_02/TFGDataset/img/T2_1189.png|wweeeeeeeeeeee   a a saa ssss         eeee
/data3fast/users/mbermudez/de_02/TFGDataset/img/T2_1238.png|dnn    eeeee     eeeeeeeeee *                 eeeeeee
/data3fast/users/mbermudez/de_02/TFGDataset/img/T2_0062.png|ttt     eeeeeeeeeeeeeeeeeeeeeeeeeeeeeeeeeee      llllll
/data3fast/users/mbermudez/de_02/TFGDataset/img/T2_0987.png|# 
/data3fast/users/mbermudez/de_02/TFGDataset/img/T2_1341.png|diiieeeeeeeeeeee          eeeeeee        eeee eeeue
/data3fast/users/mbermudez/de_02/TFGDataset/img/T2_0675.png|deeeeeeeeeeeeellleeeeeeeeeeeeeneeeeeneeeeeee
/data3fast/users/mbermudez/de_02/TFGDataset/img/T2_0251.png|derrrehhhhhheeeeeee  e   eeeeeellllllllleee       
/data3fast/users/mbermudez/de_02/TFGDataset/img/T2_1458.png|dee   ii  tttt          **r r          eeeee
/data3fast/users/mbermudez/de_02/TFGDataset/img/T2_0285.png|ffee            eeee ss ssseeeeeeeett
/data3fast/users/mbermudez/de_02/TFGDataset/img/T2_0467.png|ann      teee         sssss ssssssaa tttt      dd
/data3fast/users/mbermudez/de_02/TFGDataset/img/T2_1461.png|drr         sssssiiiiessseeeieiiii        n    nnn
/data3fast/users/mbermudez/de_02/TFGDataset/img/T2_0572.png|frrrddddd  eeeeeeeeeeeeeeeeeee              ttttt
/data3fast/users/mbermudez/de_02/TFGDataset/img/T2_1064.png|aaaa       sss    eeee         dnd      ahhhhh
/data3fast/users/mbermudez/de_02/TFGDataset/img/T2_1383.png|sssseeeehhhess                eeeeeeeeeeeetttt
/data3fast/users/mbermudez/de_02/TFGDataset/img/T2_0781.png|"   eeeeeee      eeeeehh          n nnnnn
/data3fast/users/mbermudez/de_02/TFGDataset/img/T2_0148.png|ttttttt            eeeeeeeeeeeeeeeeeeeeeeeeeeee   ihhh
/data3fast/users/mbermudez/de_02/TFGDataset/img/T2_1146.png|sii  nn     eeeeeeeeeeeeee aassssssss
/data3fast/users/mbermudez/de_02/TFGDataset/img/T2_0969.png|seeeeeeeeeee               hhh         eeee  e  eeeee
/data3fast/users/mbermudez/de_02/TFGDataset/img/T2_0791.png|sschhhteeeett                  eeee            ttt
/data3fast/users/mbermudez/de_02/TFGDataset/img/T2_1103.png|geeeeeee                eeeeeeee        aaaaaaa
/data3fast/users/mbermudez/de_02/TFGDataset/img/T2_0761.png|gerrnnnnnne  ttttt
/data3fast/users/mbermudez/de_02/TFGDataset/img/T2_0059.png|brr   nnnnn   eeeehlllllleeeeeeeeeeeee  ddddd
/data3fast/users/mbermudez/de_02/TFGDataset/img/T2_1227.png|un    eeeeeeeeeeeeeeeeeeeeeeeeeeeeeee          hhhhhhht
/data3fast/users/mbermudez/de_02/TFGDataset/img/T2_0685.png|diieeeeeeeeeee          eeeeee    s   e
/data3fast/users/mbermudez/de_02/TFGDataset/img/T2_1309.png|eeee                    e  eeeeeeeeeeeee     eeeeee
/data3fast/users/mbermudez/de_02/TFGDataset/img/T2_0326.png|ggeeessssssss             iiii           sssssss
/data3fast/users/mbermudez/de_02/TFGDataset/img/T2_0668.png|nnneeeee ee    an      eeeeeeeeeeeeeiiitttschh
/data3fast/users/mbermudez/de_02/TFGDataset/img/T2_1022.png|deeeeeeeeeeee    e e eeeesssseeeeeeeeee nnnn
/data3fast/users/mbermudez/de_02/TFGDataset/img/T2_1426.png|aaheeeeeeeeeeeeeeeeeeeeeeee   d     d   sslllll
/data3fast/users/mbermudez/de_02/TFGDataset/img/T2_0785.png|molllll   ee         eee          aaa   asaahhh
/data3fast/users/mbermudez/de_02/TFGDataset/img/T2_0110.png|ooosssssschhhhhheeeeeee     a eeeeelleeeiiieeeen
/data3fast/users/mbermudez/de_02/TFGDataset/img/T2_0858.png|uuddd   eeeeesssseeeeeeeeeeeee    sss
/data3fast/users/mbermudez/de_02/TFGDataset/img/T2_0643.png|derrrhhhhhhhtht     eeeeeeet                   
/data3fast/users/mbermudez/de_02/TFGDataset/img/T2_1125.png|geee      ssssssseeeeeeeeeeeeeeee           ee
/data3fast/users/mbermudez/de_02/TFGDataset/img/T2_0188.png|aheeeeeeee ssssss        eeeeeeeeeeeeeeeeee eeeeee
/data3fast/users/mbermudez/de_02/TFGDataset/img/T2_1454.png|hhhheeeeeiiii nnnnnnneeeennecccccchhhh  eee
/data3fast/users/mbermudez/de_02/TFGDataset/img/T2_0347.png|diitttt    innniiittttttttttt         eeee
/data3fast/users/mbermudez/de_02/TFGDataset/img/T2_0078.png|undddd eeeeeeee  eeeeeeeheheeeee nnn         
/data3fast/users/mbermudez/de_02/TFGDataset/img/T2_0630.png|oo   eeeesssssshhhheeeee
/data3fast/users/mbermudez/de_02/TFGDataset/img/T2_0019.png|ihhh   eeeeeeeeeeeeeeeeeeeeeeeeeeeeeee        eeee
/data3fast/users/mbermudez/de_02/TFGDataset/img/T2_0686.png|geeessse  eenneeeeennnnn   eeeeeeeeee
/data3fast/users/mbermudez/de_02/TFGDataset/img/T2_0021.png|alllttteeeeeeeeeiiiiieeeeeererrrrrrre
/data3fast/users/mbermudez/de_02/TFGDataset/img/T2_1124.png|iiiiiee           eeeeeee      sssss  deeee
/data3fast/users/mbermudez/de_02/TFGDataset/img/T2_1203.png|geeeesssssss   s   tt  eeleeeeeeeeeeeeeeeeeeee
/data3fast/users/mbermudez/de_02/TFGDataset/img/T2_0340.png|llleeee   hhhhh       nnn       eeeerreeeetts
/data3fast/users/mbermudez/de_02/TFGDataset/img/T2_1220.png|iihh         eeee    a      t t   sssssss
/data3fast/users/mbermudez/de_02/TFGDataset/img/T2_0191.png|eee   nnneeeeeeeeeeeeeeeeeeee               eee
/data3fast/users/mbermudez/de_02/TFGDataset/img/T2_1378.png|ooee                                       sssssshhh
/data3fast/users/mbermudez/de_02/TFGDataset/img/T2_1374.png|ooe    aa     hhhiiiin            e
/data3fast/users/mbermudez/de_02/TFGDataset/img/T2_0050.png|oorr     eeeeee     eeeeeeeeeeeeeerrrrrerrrrrrrrhhhhh
/data3fast/users/mbermudez/de_02/TFGDataset/img/T2_0277.png|derrrtttttttttttt
/data3fast/users/mbermudez/de_02/TFGDataset/img/T2_0057.png|alllla   nnnn   eeeeeeeeeeeeesssss    eee  nnnn
/data3fast/users/mbermudez/de_02/TFGDataset/img/T2_0831.png|nssssssssh  t  e                 aa     eeeeeeeee
/data3fast/users/mbermudez/de_02/TFGDataset/img/T2_1093.png|rrraaaa      eeeeeeeeeeeeeeeeeeeeeeeeee        nne
/data3fast/users/mbermudez/de_02/TFGDataset/img/T2_0266.png|weeee   ssssssssssseeeeeeeeeeee   ddd        eeeeee
/data3fast/users/mbermudez/de_02/TFGDataset/img/T2_1191.png|ieeeee         eeeeeeeeeeeee r    rrr rrrrrrrrrreeee
/data3fast/users/mbermudez/de_02/TFGDataset/img/T2_0683.png|eeeeesssssssseee ee e nneeeeee eeeeeeeeeeeii
/data3fast/users/mbermudez/de_02/TFGDataset/img/T2_1176.png|nneeeeeeeeeeeeeeee   aaa   hh eeeeeeeeeeessssss
/data3fast/users/mbermudez/de_02/TFGDataset/img/T2_1336.png|iiihh  t t        ..
/data3fast/users/mbermudez/de_02/TFGDataset/img/T2_0399.png|aahhlleeeeeeeeeeeeee    eee             nnne
/data3fast/users/mbermudez/de_02/TFGDataset/img/T2_0807.png|bbee     n    eeeeeeeeeeeesssssss    nnnnn
/data3fast/users/mbermudez/de_02/TFGDataset/img/T2_1158.png|aaaa    eeee eeeeeett   eeeeeeeeeeeee   ssssslleee
/data3fast/users/mbermudez/de_02/TFGDataset/img/T2_0113.png|iiiitttttttttt                   eeeeeeeeeeeee    ess
/data3fast/users/mbermudez/de_02/TFGDataset/img/T2_1401.png|nn    sssshhhhhhhhh         rr   u u  uuu
/data3fast/users/mbermudez/de_02/TFGDataset/img/T2_0966.png|ttte       d          eeeeeee  ttt             eeeeee
/data3fast/users/mbermudez/de_02/TFGDataset/img/T2_1296.png|nn   sssssssssstttt            nnnn     eeeeeeee
/data3fast/users/mbermudez/de_02/TFGDataset/img/T2_0402.png|errreeeeeeeeeeeeeee          dd eeeeee        tt
/data3fast/users/mbermudez/de_02/TFGDataset/img/T2_1105.png|tee       e eeeeeeesssssseeeeeeeeeiiii       eeeeee
/data3fast/users/mbermudez/de_02/TFGDataset/img/T2_1036.png|hhhheeeeeeeeess    eeeeeeesssss        eeeeee
/data3fast/users/mbermudez/de_02/TFGDataset/img/T2_0660.png|ss    d       ssssssssss eeeeeeeeeeeeeeeeee
/data3fast/users/mbermudez/de_02/TFGDataset/img/T2_0473.png|geeee eisssss
/data3fast/users/mbermudez/de_02/TFGDataset/img/T2_1343.png|nnnn       eeeehhhhe    eee   ttt       e  eeeeee  eed
/data3fast/users/mbermudez/de_02/TFGDataset/img/T2_0771.png|# 
/data3fast/users/mbermudez/de_02/TFGDataset/img/T2_0495.png|nnneeeeeeeeeeeiehhhh      eeeeeee        aaaaaa
/data3fast/users/mbermudez/de_02/TFGDataset/img/T2_1357.png|iiiiieeeeeeeeeeeeee                          dd ddde
/data3fast/users/mbermudez/de_02/TFGDataset/img/T2_0144.png|hheeee              eeeeeeeee ssssss        
/data3fast/users/mbermudez/de_02/TFGDataset/img/T2_0612.png|aaaa    e       eeeeeeiiiiiiii               *.
/data3fast/users/mbermudez/de_02/TFGDataset/img/T2_1198.png|dee     dddeeeeerrrrrrrttttttt     eeeee
/data3fast/users/mbermudez/de_02/TFGDataset/img/T2_1397.png|das       t        iiiiiiii eeeeeeee
/data3fast/users/mbermudez/de_02/TFGDataset/img/T2_0687.png|aaalll hhh     eeeeeeeeeeeeeeeeeeeeeeeeeeeee
/data3fast/users/mbermudez/de_02/TFGDataset/img/T2_0220.png|eee  aa     eeeeeeeeeeeeeetttttt           aaeee
/data3fast/users/mbermudez/de_02/TFGDataset/img/T2_1039.png|oo        hhhhh              nn     nn       eeeeee
/data3fast/users/mbermudez/de_02/TFGDataset/img/T2_1439.png|teeee eeeeeeeessellllehhhhhhh       eeeeeee
/data3fast/users/mbermudez/de_02/TFGDataset/img/T2_0373.png|mrr     eeeeeeeeeeee         ssssssss     eeeeeee
/data3fast/users/mbermudez/de_02/TFGDataset/img/T2_1117.png|nnnn eeeeeeehhhh      eeee n    nn         eeee
/data3fast/users/mbermudez/de_02/TFGDataset/img/T2_0261.png|geeeeeeessssssssseeeeeeeeeeeee e           dd
/data3fast/users/mbermudez/de_02/TFGDataset/img/T2_0929.png|ott        ssssssseeeee   niiiiinnnnnnnnnnnnnn
/data3fast/users/mbermudez/de_02/TFGDataset/img/T2_0653.png|aal eeeeeeeeeeeeeeeeeeeeeennneneallll
/data3fast/users/mbermudez/de_02/TFGDataset/img/T2_1016.png|iee       iiiee  nneeeeeeeeeeeee       eeeeee    eeNN
/data3fast/users/mbermudez/de_02/TFGDataset/img/T2_1349.png|eeeei         eeeeeeeee                rrrreeeeerr
/data3fast/users/mbermudez/de_02/TFGDataset/img/T2_0880.png|ffgeeeeeeesssssssssseiiiit      
/data3fast/users/mbermudez/de_02/TFGDataset/img/T2_1160.png|*tt****** e  e hhh heee eeeeeeeeeeeeeeeee      n eeeeee
/data3fast/users/mbermudez/de_02/TFGDataset/img/T2_0665.png|geee    aaaaa   aa            eeeeeeeee
/data3fast/users/mbermudez/de_02/TFGDataset/img/T2_1267.png|annn          ssstttttttt    **             eee
/data3fast/users/mbermudez/de_02/TFGDataset/img/T2_0045.png|stt          eeeeeeeee     eeeeeeeeee      nnnnnn
/data3fast/users/mbermudez/de_02/TFGDataset/img/T2_0869.png|ssshhh   sssssssseeeeeeeeeeeeeeeeeeeeeeee
/data3fast/users/mbermudez/de_02/TFGDataset/img/T2_0117.png|geeeeeeeeeeeeeeeeeeee                     eeeee
/data3fast/users/mbermudez/de_02/TFGDataset/img/T2_1116.png|dee      aaaaaaaaaa         ssssssss      aa
/data3fast/users/mbermudez/de_02/TFGDataset/img/T2_0192.png|tttiiiieeeeeeeeeeeeeeeeechssss       nnnnnn
/data3fast/users/mbermudez/de_02/TFGDataset/img/T2_0424.png|iieeeeeee eee                  hhh   tttttttt
/data3fast/users/mbermudez/de_02/TFGDataset/img/T2_0745.png|geeeeeeeeeeeeeeeeeeeeeee       aaaaa       eeeeeeee
/data3fast/users/mbermudez/de_02/TFGDataset/img/T2_0133.png|ee                               eeeee
/data3fast/users/mbermudez/de_02/TFGDataset/img/T2_0134.png|iiih                  rreeeeeeeeee      eeeee
/data3fast/users/mbermudez/de_02/TFGDataset/img/T2_0206.png|uun   eeeeeeeeeeeeeeeeeeee nn           t
/data3fast/users/mbermudez/de_02/TFGDataset/img/T2_0667.png|sseeeeeeeeeeeeee      cheee ee          eeeeeeeeeee
/data3fast/users/mbermudez/de_02/TFGDataset/img/T2_0790.png|sslllleeeeee  eeeeee                nnn   ttttt
/data3fast/users/mbermudez/de_02/TFGDataset/img/T2_0663.png|geeeeeeeeee        t     eeeeeeeeeeeeeeeeeee   eeee
/data3fast/users/mbermudez/de_02/TFGDataset/img/T2_0334.png|iii  eereerrrr            hhhhhhhhhhsssssssss
/data3fast/users/mbermudez/de_02/TFGDataset/img/T2_1329.png|ssshhhtttttteee e***                       ssssee
/data3fast/users/mbermudez/de_02/TFGDataset/img/T2_0999.png|eeesslllllleeeeee       a eeeeeeeeeeeee     niiii
/data3fast/users/mbermudez/de_02/TFGDataset/img/T2_1305.png|rrrrhhhhhhhhhhh          sssss                   eeee
/data3fast/users/mbermudez/de_02/TFGDataset/img/T2_0263.png|inii  ss               ii     eeeeeeeeeeeee
/data3fast/users/mbermudez/de_02/TFGDataset/img/T2_0212.png|geeeehhssssssseeeeee      ....
/data3fast/users/mbermudez/de_02/TFGDataset/img/T2_1051.png|nneeeeeeeeeeeeeeeeeeeeeeeee   eeeeeeee     aa
/data3fast/users/mbermudez/de_02/TFGDataset/img/T2_0217.png|*eeee                 eeeeeee          iiiiii n
/data3fast/users/mbermudez/de_02/TFGDataset/img/T2_0965.png|iiitt eeeeeeeee ess e eeehhhhh       eesssss       d eeeee
/data3fast/users/mbermudez/de_02/TFGDataset/img/T2_0207.png|aaa       nnneeeeeeeeeeeeeeee        ddd
/data3fast/users/mbermudez/de_02/TFGDataset/img/T2_0844.png|auueeeeeeeee              aa       e  ee         *
/data3fast/users/mbermudez/de_02/TFGDataset/img/T2_1018.png|wiii                  ssssseeeeeeeeeeeeeeeenn
/data3fast/users/mbermudez/de_02/TFGDataset/img/T2_0270.png|"  ssss
/data3fast/users/mbermudez/de_02/TFGDataset/img/T2_0388.png|mmrrrreeee ttttttt            eeeeeeeeeee innn nnnn
/data3fast/users/mbermudez/de_02/TFGDataset/img/T2_0710.png|ber     eeeeeeeeeeeeeeeeeeeeeeeeeeee
/data3fast/users/mbermudez/de_02/TFGDataset/img/T2_0530.png|nnnneeeeeeeeee       aaa     eeeeeeeeeeeeeee
/data3fast/users/mbermudez/de_02/TFGDataset/img/T2_0161.png|auuu   n neiieeeii         eeeeeeeeeeeeesssssllll
/data3fast/users/mbermudez/de_02/TFGDataset/img/T2_0004.png|nnnh  eeeeeeellllleeeeeeeeeeee  iiiiichhhhe
/data3fast/users/mbermudez/de_02/TFGDataset/img/T2_0066.png|frrre   eehhhheeeeee      eeee llll eeeee
/data3fast/users/mbermudez/de_02/TFGDataset/img/T2_1307.png|hhheeeeeeeeeee  s    eeeeee               rrr
/data3fast/users/mbermudez/de_02/TFGDataset/img/T2_1078.png|eettt   
/data3fast/users/mbermudez/de_02/TFGDataset/img/T2_1106.png|llltteeeeeeeeee                   **     thhhh
/data3fast/users/mbermudez/de_02/TFGDataset/img/T2_0755.png|eeesstt               sn nnn ss     i   nn
/data3fast/users/mbermudez/de_02/TFGDataset/img/T2_1266.png|"   eeeeeeesssshhhhhh  nnn     nnnnnneeeeeen
/data3fast/users/mbermudez/de_02/TFGDataset/img/T2_1090.png|eeeeeetttttt
/data3fast/users/mbermudez/de_02/TFGDataset/img/T2_0718.png|dertt    sss    i   ii hhh     deeed   eeee
/data3fast/users/mbermudez/de_02/TFGDataset/img/T2_0859.png|ttt    a         rr        sssss      dd
/data3fast/users/mbermudez/de_02/TFGDataset/img/T2_0825.png|seeeeeeeeeeeeeeeeeeesssssstttttt       eeeeen
/data3fast/users/mbermudez/de_02/TFGDataset/img/T2_1283.png|sso      eeeeeee eeeeneeennnennnnnnnnnnnnn eeee
/data3fast/users/mbermudez/de_02/TFGDataset/img/T2_0516.png|wrrreeeeeeeeeee              eeeeeeeeeeeeeeeeeeee
/data3fast/users/mbermudez/de_02/TFGDataset/img/T2_0091.png|undd   aa    a eee         ss     eeeeennnn
/data3fast/users/mbermudez/de_02/TFGDataset/img/T2_0358.png|"      hhhhh e  eeeeeellsss      n eeeeeeeeee
/data3fast/users/mbermudez/de_02/TFGDataset/img/T2_0407.png|uurreeeeeeeeeeeeeee  ee   ssssss    eseehhhhhhe
/data3fast/users/mbermudez/de_02/TFGDataset/img/T2_0380.png|geesssss                 sssssssehhe  ee eeeeee
/data3fast/users/mbermudez/de_02/TFGDataset/img/T2_0897.png|geeeeeeeeeeeeeeeeeeeeieeeeeeii            eell
/data3fast/users/mbermudez/de_02/TFGDataset/img/T2_0033.png|iiittttttttt            hhh                eeeeeeeeNNN
/data3fast/users/mbermudez/de_02/TFGDataset/img/T2_0317.png|wiii      aaahhh      eeeee    ****    cccccccch
/data3fast/users/mbermudez/de_02/TFGDataset/img/T2_0107.png|deeeeeeeee e   eeeeeeeeeeeeeeeeeeeee        r
/data3fast/users/mbermudez/de_02/TFGDataset/img/T2_1482.png|slo    nnnneeeeeeeeeeeeellaaaaaaaaaaallaaa
/data3fast/users/mbermudez/de_02/TFGDataset/img/T2_0111.png|ffreeeee eehhhhhhhhhhh  eeeeeeeeeeeee       aaass
/data3fast/users/mbermudez/de_02/TFGDataset/img/T2_0393.png|osss ss    eeeeeee   dd          ittttt aaaa
/data3fast/users/mbermudez/de_02/TFGDataset/img/T2_0288.png|iiii              eennneeeeeeeeeeeeeeeeeeeee     
/data3fast/users/mbermudez/de_02/TFGDataset/img/T2_1163.png|wweeessssssss      aa               e e ee..
/data3fast/users/mbermudez/de_02/TFGDataset/img/T2_0177.png|deeeshhhheee       e                      aaahhhhh
/data3fast/users/mbermudez/de_02/TFGDataset/img/T2_1240.png|beeeeeeeeeeeeeeeeeeeeeieiiiiiieeeeeeeeiiiiie         raar
/data3fast/users/mbermudez/de_02/TFGDataset/img/T2_1235.png|nnn  ssss      eeeeeennnnnn aaaaaleeeeee
/data3fast/users/mbermudez/de_02/TFGDataset/img/T2_0096.png|aaa             hh  ddeeeeee deee  ee s
/data3fast/users/mbermudez/de_02/TFGDataset/img/T2_0155.png|s               ssssstttt    t ttt  eeieeeee   eeeeeNN
/data3fast/users/mbermudez/de_02/TFGDataset/img/T2_0582.png|aass          eeeeeeeeeeeeeeeeeittttttt
/data3fast/users/mbermudez/de_02/TFGDataset/img/T2_0502.png|glla    nnnnneeeeiihhhh nnnnnn    eeiiie
/data3fast/users/mbermudez/de_02/TFGDataset/img/T2_1261.png|deittteeeee   n     n e eeeeeeeeeeeeeeeee
/data3fast/users/mbermudez/de_02/TFGDataset/img/T2_0162.png|dessssssss eeeee        eeeeeeeeeeeeeeeeeeeei nnnnn
/data3fast/users/mbermudez/de_02/TFGDataset/img/T2_0328.png|dertttttttttt.
/data3fast/users/mbermudez/de_02/TFGDataset/img/T2_0672.png|nnneeeeeeee  d deeeeeehhheeeeeeeetteee
/data3fast/users/mbermudez/de_02/TFGDataset/img/T2_0278.png|orrr   eeihhhhh    eeeeeeeeeeeeeeeeeeeeeeeeerttttttttt
/data3fast/users/mbermudez/de_02/TFGDataset/img/T2_0664.png|iih eeeeeeeeeee             eeeeeeeeee    ss
/data3fast/users/mbermudez/de_02/TFGDataset/img/T2_0983.png|"     eeeeeee           ssssssssss   eeeeeee
/data3fast/users/mbermudez/de_02/TFGDataset/img/T2_0892.png|nnnn          eeeeeeeeeeeeeeeeeeeeeesssssseeeeeee
/data3fast/users/mbermudez/de_02/TFGDataset/img/T2_0142.png|weeii    n n  i  hcchhh       r        e
/data3fast/users/mbermudez/de_02/TFGDataset/img/T2_0702.png|hheeeeeeeesssstttttsstittt       eeeeeNNN
/data3fast/users/mbermudez/de_02/TFGDataset/img/T2_1045.png|wleeee     ttttt         lllllllll           rr
/data3fast/users/mbermudez/de_02/TFGDataset/img/T2_0818.png|"  eeeeeeeeeeee   t
/data3fast/users/mbermudez/de_02/TFGDataset/img/T2_0752.png|iin eeeeeeeeeeeee  e  ssssssss          r eeee
/data3fast/users/mbermudez/de_02/TFGDataset/img/T2_0268.png|aaau       n     hhh                     iiiiitttt
/data3fast/users/mbermudez/de_02/TFGDataset/img/T2_1167.png|unn deeeeeessccchhheeeeeee        ddeeeeeeeeee
/data3fast/users/mbermudez/de_02/TFGDataset/img/T2_0719.png|zrrreeeeeeeeieeiiinnnnn d   e    aa a aau
/data3fast/users/mbermudez/de_02/TFGDataset/img/T2_0029.png|geeehhhttt                  eeeeeeeeeeeeeeeeeeeee
/data3fast/users/mbermudez/de_02/TFGDataset/img/T2_1431.png|deeeeeeeeennnnnnnnnnnnneneeeei  sssssss s
/data3fast/users/mbermudez/de_02/TFGDataset/img/T2_0542.png|eeer  aaaaaaa      eeeeeeeeeeee chhhh     eeeeee
/data3fast/users/mbermudez/de_02/TFGDataset/img/T2_0814.png|lttee       e eeeeeeeeeeeeeeee            se
/data3fast/users/mbermudez/de_02/TFGDataset/img/T2_0726.png|"     eeeeeeeee   a  sssssss            d
/data3fast/users/mbermudez/de_02/TFGDataset/img/T2_0073.png|annn   ttttttt   a    eeeeeeeeeeeeed
/data3fast/users/mbermudez/de_02/TFGDataset/img/T2_1062.png|anneeeeeeeeeeeeeeeeeeeeeeeeiiiiiii                 sss
/data3fast/users/mbermudez/de_02/TFGDataset/img/T2_0824.png|un       eee     eeeeeeeeeeeeeeeeei hhhhh hh   hhheeeee
/data3fast/users/mbermudez/de_02/TFGDataset/img/T2_0175.png|iieeeeeeee sssssssssss         eeeellllllll
/data3fast/users/mbermudez/de_02/TFGDataset/img/T2_1297.png|aaueeeeeeeelllll a aa aa a  aasss        eeeeeeee
/data3fast/users/mbermudez/de_02/TFGDataset/img/T2_0584.png|da   eeeettttttttt
/data3fast/users/mbermudez/de_02/TFGDataset/img/T2_0470.png|wweettttttt
/data3fast/users/mbermudez/de_02/TFGDataset/img/T2_1420.png|tt   eeeeeeiiieiieiin         s                 a ae
/data3fast/users/mbermudez/de_02/TFGDataset/img/T2_0958.png|deee                                  d eeeeeeeeee
/data3fast/users/mbermudez/de_02/TFGDataset/img/T2_1053.png|dii             eeee eee   sssssss   e
/data3fast/users/mbermudez/de_02/TFGDataset/img/T2_0439.png|aaasssssss   eeeeeeeeeeeeeeeeeeeeeee        eeeee
/data3fast/users/mbermudez/de_02/TFGDataset/img/T2_0156.png|deee  eeeeeeeeeeeeee    n        eeeee        tttt
/data3fast/users/mbermudez/de_02/TFGDataset/img/T2_0349.png|sstt  aaaa        eee      iihhhhhh   e heh
/data3fast/users/mbermudez/de_02/TFGDataset/img/T2_0186.png|iii eeeeeeee***                            eeeeeeeeee
/data3fast/users/mbermudez/de_02/TFGDataset/img/T2_0333.png|oore eeeeeeeeeeeeeeneneeeeeeeeeeeeeesslllll          u
/data3fast/users/mbermudez/de_02/TFGDataset/img/T2_0608.png|beeeeeeeee     *            eeeeeeeeiii     nnneee
/data3fast/users/mbermudez/de_02/TFGDataset/img/T2_0075.png|"   eeeeeell      
/data3fast/users/mbermudez/de_02/TFGDataset/img/T2_0071.png|aaae      dd eedee  eeeeeehhheeseeeee        r
/data3fast/users/mbermudez/de_02/TFGDataset/img/T2_0499.png|eee                 sst    hhhhhhhe            rr
/data3fast/users/mbermudez/de_02/TFGDataset/img/T2_1453.png|#  
/data3fast/users/mbermudez/de_02/TFGDataset/img/T2_0760.png|unn       aaaaaaaaaalllllleeeeeeeeee
/data3fast/users/mbermudez/de_02/TFGDataset/img/T2_0235.png|geeeettttt           sshhhhhhhh  nnnnnnnnnnn
/data3fast/users/mbermudez/de_02/TFGDataset/img/T2_0457.png|rrreee e ee             ss     eeeeeeeeee    stttttt
/data3fast/users/mbermudez/de_02/TFGDataset/img/T2_1361.png|"   ddneeeeeeeeeeeeeeeeiinn             eeeeee
/data3fast/users/mbermudez/de_02/TFGDataset/img/T2_1256.png|neeeee   *                 eeee    nnnneeeeeeii
/data3fast/users/mbermudez/de_02/TFGDataset/img/T2_0968.png|mmttssssssssllll ll           eeeeeee               rrer
/data3fast/users/mbermudez/de_02/TFGDataset/img/T2_0680.png|aaeeeeeeeeeeeeeeeiii      nnn n           hhhhhhhhh
/data3fast/users/mbermudez/de_02/TFGDataset/img/T2_0030.png|deeeeeeeeeeeeeeeeeeeeeeeeeee        ee          ee
/data3fast/users/mbermudez/de_02/TFGDataset/img/T2_0631.png|diee     nnnnn  ddeeeeeeeeeeeeeeee
/data3fast/users/mbermudez/de_02/TFGDataset/img/T2_1040.png|wiii sssshh  h                  sssssssseeeeeee
/data3fast/users/mbermudez/de_02/TFGDataset/img/T2_0193.png|otttt   aaa             rreeeeeeeeeeeeeeeeeee nnnne
/data3fast/users/mbermudez/de_02/TFGDataset/img/T2_1281.png|uu    eeeeeeee    ssss  ssssssessseeeeeeeeesseeee
/data3fast/users/mbermudez/de_02/TFGDataset/img/T2_0564.png|wwtt    a a  aassssssss         **.....
/data3fast/users/mbermudez/de_02/TFGDataset/img/T2_0846.png|nnn       eeeeeeeeeeeeeeehhhheeeee eeeeeeeeeennnnn
/data3fast/users/mbermudez/de_02/TFGDataset/img/T2_1306.png|dee   eee n eeeeeeeeeheeeeeeeeeeeeeeett      eee
/data3fast/users/mbermudez/de_02/TFGDataset/img/T2_1001.png|eeeelhlllsssss           eeeeeeeeeeeeeeeeeeesssssshh
/data3fast/users/mbermudez/de_02/TFGDataset/img/T2_1156.png|sseeeeeeeehhhhh         eeee          ss          e
/data3fast/users/mbermudez/de_02/TFGDataset/img/T2_0319.png|ssheee                    eee             eeeehhhhe
/data3fast/users/mbermudez/de_02/TFGDataset/img/T2_0026.png|mii eeeeeeeeeeeeeeeeeeeeeeeeeddddd     ssssssss
/data3fast/users/mbermudez/de_02/TFGDataset/img/T2_1035.png|lchhhhh      nnn   eeeeeeeeeeeeeeeeeet   nnnnn
/data3fast/users/mbermudez/de_02/TFGDataset/img/T2_0325.png|"      eeeeeeeeeeee sssnnnnnnn   eeeeeee
/data3fast/users/mbermudez/de_02/TFGDataset/img/T2_1379.png|iii  sssseeeeeeeeeeeeeeee    e
/data3fast/users/mbermudez/de_02/TFGDataset/img/T2_0762.png|eerreeeeeeeeeeeeee    
/data3fast/users/mbermudez/de_02/TFGDataset/img/T2_1501.png|sseeeee               eeeeeeeeeeeee e e eeeeeeeeeeeeeeee
/data3fast/users/mbermudez/de_02/TFGDataset/img/T2_1006.png|derrrrrrr        hheeeeeeeeeeee     n   a dds
/data3fast/users/mbermudez/de_02/TFGDataset/img/T2_0465.png|uuuu    a  n  n  eeeeeeeeeeee   nnn
/data3fast/users/mbermudez/de_02/TFGDataset/img/T2_1155.png|nnnr                    eeeeee hh      eeeee
/data3fast/users/mbermudez/de_02/TFGDataset/img/T2_0204.png|# 
/data3fast/users/mbermudez/de_02/TFGDataset/img/T2_0164.png|de  eeeeeeeeeee     
