/data3fast/users/mbermudez/de_02/TFGDataset/img/T2_0677.png|aalls  eeeeeeeeeeeeeeeeeeeeeeeeess  eee
/data3fast/users/mbermudez/de_02/TFGDataset/img/T2_1430.png|der          e              e eeeeeee
/data3fast/users/mbermudez/de_02/TFGDataset/img/T2_0313.png|nne   d                  hhhhh    eeeeeeeeeehhhhhh
/data3fast/users/mbermudez/de_02/TFGDataset/img/T2_0826.png|iihh  hh tttt           *    eeeeeeeeeeeeeeeeee     nnnnnn
/data3fast/users/mbermudez/de_02/TFGDataset/img/T2_0450.png|eees                      aa     eeeeeeeeee
/data3fast/users/mbermudez/de_02/TFGDataset/img/T2_0150.png|weee          ee   eeeeeeeeeeeeeeee     sssssse
/data3fast/users/mbermudez/de_02/TFGDataset/img/T2_0180.png|schhhhhhhhhhhh           nnn    nnnnnn eeeeeeeeee
/data3fast/users/mbermudez/de_02/TFGDataset/img/T2_1490.png|frrrr                  eeeeeeeeeei   ssssssss
/data3fast/users/mbermudez/de_02/TFGDataset/img/T2_0380.png|geeee ss        eeeee       hhhhs ee   eeeeeee
/data3fast/users/mbermudez/de_02/TFGDataset/img/T2_1268.png|wii         d  nn nn     ss   eeeeeeee eeu
/data3fast/users/mbermudez/de_02/TFGDataset/img/T2_0276.png|"          nnn      eeeeeeehchhhhhhhhh
/data3fast/users/mbermudez/de_02/TFGDataset/img/T2_0763.png|scchhhheeeeeee  e         ssss  eeeeeeeeee  hhhhhhhh
/data3fast/users/mbermudez/de_02/TFGDataset/img/T2_0889.png|ssseeeeeeeeeeeeeeeeeeeeeeeeeeeeeeeeeeeeiieiiii
/data3fast/users/mbermudez/de_02/TFGDataset/img/T2_0936.png|dnn      ttiitetttitt eee e*eeieiii e        eeeeeeee
/data3fast/users/mbermudez/de_02/TFGDataset/img/T2_0357.png|deeeeeeeeeeeeeeeeeeeeeeeeetttt    eeeeee
/data3fast/users/mbermudez/de_02/TFGDataset/img/T2_0564.png|wrr      a      ssssss           *******
/data3fast/users/mbermudez/de_02/TFGDataset/img/T2_0599.png|dd    hhhhhhhh          a                eeeeeeeeee
/data3fast/users/mbermudez/de_02/TFGDataset/img/T2_1001.png|eeeesssssssss     s s   eeeeeeeeeeeeeeeeeeeeeessssshhh
/data3fast/users/mbermudez/de_02/TFGDataset/img/T2_1446.png|uuu     s    eeeeeeeee        ddd       eeeeee
/data3fast/users/mbermudez/de_02/TFGDataset/img/T2_1424.png|hehhhhheeee                aa               e eeeeee
/data3fast/users/mbermudez/de_02/TFGDataset/img/T2_0729.png|eeeeeeeeeeeee      aaa
/data3fast/users/mbermudez/de_02/TFGDataset/img/T2_1466.png|aaattt             eeeeeeeeeeeeeeeeeeee  sssssssssss
/data3fast/users/mbermudez/de_02/TFGDataset/img/T2_1439.png|teeeeeeee esessssseeellhhhhhhh      eeeeee
/data3fast/users/mbermudez/de_02/TFGDataset/img/T2_0198.png|di          t tttt     eeeeeeeeeeeeeehhh       
/data3fast/users/mbermudez/de_02/TFGDataset/img/T2_0311.png|aann     t  eeeee               sssss        
/data3fast/users/mbermudez/de_02/TFGDataset/img/T2_0731.png|oo      eeeeeeeeeeeeeeeeeeeeeeeeee eessssssssseee
/data3fast/users/mbermudez/de_02/TFGDataset/img/T2_0391.png|wrr               nn      eeeeeiihhheeeeetttt r e
/data3fast/users/mbermudez/de_02/TFGDataset/img/T2_0790.png|sshleeeeeeeeeeeeeee                       ttttttt
/data3fast/users/mbermudez/de_02/TFGDataset/img/T2_0730.png|hhh      eeeeett tt                 neeeeeeeeeee
/data3fast/users/mbermudez/de_02/TFGDataset/img/T2_0520.png|d    nnnneeeeiie      e
/data3fast/users/mbermudez/de_02/TFGDataset/img/T2_0004.png|nnhhh  eeeeeeellleeeeeee   eee eeiiicchhhh
/data3fast/users/mbermudez/de_02/TFGDataset/img/T2_1235.png|annssssss        eeeeennn    a    eeeee
/data3fast/users/mbermudez/de_02/TFGDataset/img/T2_0367.png|arr  eeeeeeeeeeeeeeeeeeeeeeeeeeeeeee      ann
/data3fast/users/mbermudez/de_02/TFGDataset/img/T2_0207.png|aaa           eeeeeeeeeeeeeeee       eee
/data3fast/users/mbermudez/de_02/TFGDataset/img/T2_0303.png|oee          eeeeeee               ihhhhhhhhhh
/data3fast/users/mbermudez/de_02/TFGDataset/img/T2_0163.png|dieeeeeeeeeeeeee       esseeheeeehhhhhhhhhhhhhhhhh
/data3fast/users/mbermudez/de_02/TFGDataset/img/T2_0288.png|iiii        eeeeeee  enneeeeeeeeeeeeeeee        ee
/data3fast/users/mbermudez/de_02/TFGDataset/img/T2_1007.png|ss   eeeeeeeeeeeee             eeeeeeeett
/data3fast/users/mbermudez/de_02/TFGDataset/img/T2_0546.png|lliiii      sssssssss ss    eeeeeeeeee   e
/data3fast/users/mbermudez/de_02/TFGDataset/img/T2_0863.png|ieeeeeeeeee *****   *                   *               hhhhhhhe
/data3fast/users/mbermudez/de_02/TFGDataset/img/T2_0898.png|hheeeeeeeeeeeeeeeeeeeeeeeeeee    nn  eeeeeee
/data3fast/users/mbermudez/de_02/TFGDataset/img/T2_0268.png|auuu       aa               ee ee         hcchhtt
/data3fast/users/mbermudez/de_02/TFGDataset/img/T2_0499.png|eee                 ss eeehhhhhh              
/data3fast/users/mbermudez/de_02/TFGDataset/img/T2_0858.png|uundd    eeeeeeeseeeeeeeeeeeeeee ssssss
/data3fast/users/mbermudez/de_02/TFGDataset/img/T2_1342.png|auun    e    e    n       e eeeeeeeeeee    e  ee
/data3fast/users/mbermudez/de_02/TFGDataset/img/T2_0605.png|sstt eeeeeeeeeeeeeeessssss              ddddddd
/data3fast/users/mbermudez/de_02/TFGDataset/img/T2_0625.png|deeeeeeeeeeeee               hhhhh       e      n
/data3fast/users/mbermudez/de_02/TFGDataset/img/T2_1343.png|nnn        ehhhheeeh        t                e   eeeee
/data3fast/users/mbermudez/de_02/TFGDataset/img/T2_1429.png|# 
/data3fast/users/mbermudez/de_02/TFGDataset/img/T2_0029.png|geeeeehtt                    eeeeeeeeeellhee
/data3fast/users/mbermudez/de_02/TFGDataset/img/T2_1488.png|uureeeeeeeeeeeeeee                aaaaaaa
/data3fast/users/mbermudez/de_02/TFGDataset/img/T2_1182.png|iihhhh                  eeeeessssssssss    eeeeeeee
/data3fast/users/mbermudez/de_02/TFGDataset/img/T2_0781.png|"   eeeeeeeeee    eeee  hhh            ee
/data3fast/users/mbermudez/de_02/TFGDataset/img/T2_0419.png|dee    tttttttttttt  t t  ttttttttttt
/data3fast/users/mbermudez/de_02/TFGDataset/img/T2_1178.png|de   aaaaaa      eeeeeeeeee     **     tttttt
/data3fast/users/mbermudez/de_02/TFGDataset/img/T2_0447.png|nnn  eeeeeeeeeeeeeeeeeeeeeeeeeeee         eeee
/data3fast/users/mbermudez/de_02/TFGDataset/img/T2_1124.png|iiiiiii      h h                   s eeee
/data3fast/users/mbermudez/de_02/TFGDataset/img/T2_0843.png|geeee              hhh                    eeeee
/data3fast/users/mbermudez/de_02/TFGDataset/img/T2_0442.png|moo  eeeeeeeeeee                sss     eeeeeeeeeeee
/data3fast/users/mbermudez/de_02/TFGDataset/img/T2_0661.png|iii   eeeeett     sss   ee e 
/data3fast/users/mbermudez/de_02/TFGDataset/img/T2_0873.png|iii       sss     e eeeeeeeeee       n      sschhhh
/data3fast/users/mbermudez/de_02/TFGDataset/img/T2_0973.png|eee hhh  h   hh           eeeeeeeeeeeeeeeeeeeeee
/data3fast/users/mbermudez/de_02/TFGDataset/img/T2_0078.png|unndddeeeeeeeee      eeeeeeeeeeee n     aaaa
/data3fast/users/mbermudez/de_02/TFGDataset/img/T2_1471.png|stttt                eeee                           
/data3fast/users/mbermudez/de_02/TFGDataset/img/T2_0353.png|"   eeeeeeeeeeeee hhhh      a     eeeeeeeeee
/data3fast/users/mbermudez/de_02/TFGDataset/img/T2_0603.png|nnni eeeh eeeeeeeeeeeeeeeeeeeeeeee             cttt
/data3fast/users/mbermudez/de_02/TFGDataset/img/T2_0121.png|"           aaassssss     eeee****e*eeeee
/data3fast/users/mbermudez/de_02/TFGDataset/img/T2_1296.png|in   sssssssss                       e eeeeeeee
/data3fast/users/mbermudez/de_02/TFGDataset/img/T2_0856.png|errrr           eee    eeeeeeeeeeeeeeeeeeeeeeeeee
/data3fast/users/mbermudez/de_02/TFGDataset/img/T2_0065.png|der                 ssssss   s ssssssss   hhheeeeeeee
/data3fast/users/mbermudez/de_02/TFGDataset/img/T2_1199.png|mmn        eeeeee ee  e eee  tttttttt  n
/data3fast/users/mbermudez/de_02/TFGDataset/img/T2_1418.png|geehhhhttt
/data3fast/users/mbermudez/de_02/TFGDataset/img/T2_1415.png|innnnnneeeeeeeeeeeeeeeeeee      eeeeeeeeeeeeehhhhhh
/data3fast/users/mbermudez/de_02/TFGDataset/img/T2_0290.png|eeeeeeeeeeeeeeeeeeessssss    eeellleleeeeeeeeeeee
/data3fast/users/mbermudez/de_02/TFGDataset/img/T2_0694.png|eeeetttttt                     eeeeeeeeeeeee
/data3fast/users/mbermudez/de_02/TFGDataset/img/T2_0590.png|iiiii  eeeeeeeeeeeeeeeeeeeeeeeee        hnnnhhn
/data3fast/users/mbermudez/de_02/TFGDataset/img/T2_1052.png|nnnneeeeeeeeeellllllll  a  a                  ee
/data3fast/users/mbermudez/de_02/TFGDataset/img/T2_0309.png|dassssseeeeeeeeeeeesssssss             eeee
/data3fast/users/mbermudez/de_02/TFGDataset/img/T2_1034.png|der       eeeeeeeeeeeeeeeee     eeeeeeeccchhh
/data3fast/users/mbermudez/de_02/TFGDataset/img/T2_0054.png|oe        a    
/data3fast/users/mbermudez/de_02/TFGDataset/img/T2_1383.png|ssseeeeeeeess      s s     eeeeeeeeeeeeeeeeeeee
/data3fast/users/mbermudez/de_02/TFGDataset/img/T2_0612.png|aaaa    eeee e   eeee  it  iii        *****.
/data3fast/users/mbermudez/de_02/TFGDataset/img/T2_0356.png|be    nnn    aa    aa a   h                 n
/data3fast/users/mbermudez/de_02/TFGDataset/img/T2_0423.png|wwr                eeeeeeeeeeeeeeeeesssshe
/data3fast/users/mbermudez/de_02/TFGDataset/img/T2_0761.png|geee nnnnnn   tttt
/data3fast/users/mbermudez/de_02/TFGDataset/img/T2_0622.png|geeeee             eeeee         nnn      ssssss
/data3fast/users/mbermudez/de_02/TFGDataset/img/T2_0020.png|ww     eeeeeeeeeeeeeeeee  er eeee   d d eeeee
/data3fast/users/mbermudez/de_02/TFGDataset/img/T2_0861.png|mit                  hhhhhhhhh      eeeeettt
/data3fast/users/mbermudez/de_02/TFGDataset/img/T2_0306.png|t           eeeeeeeeeeeeeeeee      e eeeeessssttttttt
/data3fast/users/mbermudez/de_02/TFGDataset/img/T2_1277.png|de               eeeeeeeeeeeeee   eee e eeeeeeeeeeeeeeee
/data3fast/users/mbermudez/de_02/TFGDataset/img/T2_0208.png|dd  eeeeeeeeeeeeeeeee   h hhhh  h  t       
/data3fast/users/mbermudez/de_02/TFGDataset/img/T2_0437.png|wiieeeeeeeeellllllllt                  hhhhh
/data3fast/users/mbermudez/de_02/TFGDataset/img/T2_0236.png|aaaeeeeeeeeeeeeeerr          sssssssss
/data3fast/users/mbermudez/de_02/TFGDataset/img/T2_1100.png|hhhh     eeeeeeeeeeeeeeeeeeeses           eeeee
/data3fast/users/mbermudez/de_02/TFGDataset/img/T2_0768.png|aaaeeeeeeeeeeiii   ttt
/data3fast/users/mbermudez/de_02/TFGDataset/img/T2_1008.png|derrr  ttttt     eeeeeeeeses s ieee ss                d
/data3fast/users/mbermudez/de_02/TFGDataset/img/T2_0141.png|weerr               eeessssssssssssiiiiiiii
/data3fast/users/mbermudez/de_02/TFGDataset/img/T2_0814.png|gtte       eeeeeeeeeeeeeeeeeeee             
/data3fast/users/mbermudez/de_02/TFGDataset/img/T2_0136.png|aasssseeeeeeeeeees            eeeeee           ee
/data3fast/users/mbermudez/de_02/TFGDataset/img/T2_1191.png|iieeeeeeeee    e eeeeeeeeeeeeee rrrrrrrrrr rrrrrr
/data3fast/users/mbermudez/de_02/TFGDataset/img/T2_0077.png|iie    eeeeeeeeeeeeeeeeeeeeee         aaaa
/data3fast/users/mbermudez/de_02/TFGDataset/img/T2_0183.png|oo  eeeeeeeeeeeee      eeeeeeeeeeehhhh hhhhhh
/data3fast/users/mbermudez/de_02/TFGDataset/img/T2_1058.png|ddn eeeeeeeee      tttttteeeeeeeeeeeeeeeeeeee       d
/data3fast/users/mbermudez/de_02/TFGDataset/img/T2_0129.png|#  
/data3fast/users/mbermudez/de_02/TFGDataset/img/T2_1226.png|aaa            ********               e ehheeeeeeeeeeee
/data3fast/users/mbermudez/de_02/TFGDataset/img/T2_0093.png|dee   aaa     eeeeeeeeeeeeeeee   s  tttttt
/data3fast/users/mbermudez/de_02/TFGDataset/img/T2_1194.png|geee             eeeeeeee                            eeee
/data3fast/users/mbermudez/de_02/TFGDataset/img/T2_0558.png|shhh      d    d          sss   sss   aaahh
/data3fast/users/mbermudez/de_02/TFGDataset/img/T2_1134.png|ttt       a  lllllleeeeeeeeeeeeeeeeeeeeeee
/data3fast/users/mbermudez/de_02/TFGDataset/img/T2_1113.png|lllllhh   nnnneeeeeeeeeeeeeeeeeee      sss
/data3fast/users/mbermudez/de_02/TFGDataset/img/T2_1112.png|ii        aa  s    a         h     eeeehhhhhhh
/data3fast/users/mbermudez/de_02/TFGDataset/img/T2_0266.png|weee  sssss eeeeeeeesseeeeeeeeee    ddd  d    eee
/data3fast/users/mbermudez/de_02/TFGDataset/img/T2_1388.png|beehhhhss sss              e               e
/data3fast/users/mbermudez/de_02/TFGDataset/img/T2_0053.png|aaass   ss    aa                      e ssssstt
/data3fast/users/mbermudez/de_02/TFGDataset/img/T2_0210.png|iittttt               rrrrrrrrrrrrrt  r r
/data3fast/users/mbermudez/de_02/TFGDataset/img/T2_0039.png|deee     ee eeeeeeeeeeeeeeeeeeeeeeeeeeee     ssssssss
/data3fast/users/mbermudez/de_02/TFGDataset/img/T2_1497.png|tte ee eeeeeeeeeeeeeeeeeeeeeeeeeee nnnnnaaa
/data3fast/users/mbermudez/de_02/TFGDataset/img/T2_1297.png|aaeeeeeeeee ss   saaaa    aaa   s     eeeeeeeeeeeee
/data3fast/users/mbermudez/de_02/TFGDataset/img/T2_0777.png|deeee           e e          eeeeeeeeeeeeeeee
/data3fast/users/mbermudez/de_02/TFGDataset/img/T2_0924.png|unn  eeeeeeeeeeeeeiiiiiiiiiii    h         ee
/data3fast/users/mbermudez/de_02/TFGDataset/img/T2_0176.png|ii       eeae          eeeeeeeeeeeee  ee hhhhhhee
/data3fast/users/mbermudez/de_02/TFGDataset/img/T2_0867.png|iiiieeeeeeeeeeeeeeeeeeeeeee      sssss      nnn
/data3fast/users/mbermudez/de_02/TFGDataset/img/T2_1207.png|nne           ttttttthhhhhtt  hhhheeeeeeeeeee
/data3fast/users/mbermudez/de_02/TFGDataset/img/T2_1392.png|#  
/data3fast/users/mbermudez/de_02/TFGDataset/img/T2_0028.png|ooo                     eee ee  eee   ssssssss
/data3fast/users/mbermudez/de_02/TFGDataset/img/T2_0840.png|oo         eeeeeeee      ****....
/data3fast/users/mbermudez/de_02/TFGDataset/img/T2_1384.png|eeeeeee                                   sssssss
/data3fast/users/mbermudez/de_02/TFGDataset/img/T2_1501.png|ssheeeeee            eeeeeeeeeeeeeeeeeeeeeeeeeeeeeeeeeee
/data3fast/users/mbermudez/de_02/TFGDataset/img/T2_1412.png|daaaaaaa       ssss  sss shhhhhhcchhhhhh  hhh  eeee
/data3fast/users/mbermudez/de_02/TFGDataset/img/T2_1166.png|deeeeeeeeeeeeee             e e eeeeeeeeeeeee     sssssss
/data3fast/users/mbermudez/de_02/TFGDataset/img/T2_0680.png|anneeeeeeeeeeeeeeei      nn                hhhhhhhh
/data3fast/users/mbermudez/de_02/TFGDataset/img/T2_0265.png|iiieeeeee                      eeee              sss
/data3fast/users/mbermudez/de_02/TFGDataset/img/T2_0246.png|ittt            eeeeeeeeeeeeeeeeeeeeeee
/data3fast/users/mbermudez/de_02/TFGDataset/img/T2_0771.png|#  
/data3fast/users/mbermudez/de_02/TFGDataset/img/T2_1164.png|eerraaaa   ddeeeeeeeeeeeeeeeeeeeeeeee    eeeeee
/data3fast/users/mbermudez/de_02/TFGDataset/img/T2_0670.png|frrr      n        eeeeetttt          
/data3fast/users/mbermudez/de_02/TFGDataset/img/T2_0757.png|seee        eeeeeeeeeeeeeeee  tttt       eeeee
/data3fast/users/mbermudez/de_02/TFGDataset/img/T2_0209.png|iin    eeeeeeeeeeeeeeeeeeeeeeeeeeeee     aaaaa
/data3fast/users/mbermudez/de_02/TFGDataset/img/T2_0318.png|dee           aaa                   t nn
/data3fast/users/mbermudez/de_02/TFGDataset/img/T2_1249.png|un    ssshhhhhh             eeeeeeeeeee       
/data3fast/users/mbermudez/de_02/TFGDataset/img/T2_1456.png|veee     eeeeeeeeeeeeeeeeeeeeeeeeeeeeeee    nn
/data3fast/users/mbermudez/de_02/TFGDataset/img/T2_1019.png|geeeee      ittttttt      eeeeeeee
/data3fast/users/mbermudez/de_02/TFGDataset/img/T2_1103.png|geeeee                 eeeeeeehhh       aaaaaa
/data3fast/users/mbermudez/de_02/TFGDataset/img/T2_0478.png|geeeeeeee       aa    eeeeeeeeeeeeeeee     sssss
/data3fast/users/mbermudez/de_02/TFGDataset/img/T2_1500.png|bbe  d eeeeeeeeeeeeeeeee          eeeeeeeehh
/data3fast/users/mbermudez/de_02/TFGDataset/img/T2_1104.png|ofr                        eeeeeeehhi          
/data3fast/users/mbermudez/de_02/TFGDataset/img/T2_1215.png|iihhh             eeeeeeeeeeeeeeeeeeee    aaa
/data3fast/users/mbermudez/de_02/TFGDataset/img/T2_0783.png|eeeettt              ssssss             reeee
/data3fast/users/mbermudez/de_02/TFGDataset/img/T2_0257.png|wiiiei  ttt                        eee   eeeeeeee
/data3fast/users/mbermudez/de_02/TFGDataset/img/T2_0439.png|aaassss      eeeeeeeeeeeeeeeeeeeeee e    dddeeee
/data3fast/users/mbermudez/de_02/TFGDataset/img/T2_0604.png|schhheeeee          tt
/data3fast/users/mbermudez/de_02/TFGDataset/img/T2_0968.png|mmmttssssssssss                eeeeeee                 rr
/data3fast/users/mbermudez/de_02/TFGDataset/img/T2_1050.png|weee  d dd                eeeeeeeeeeeeeeeeeeeeee
/data3fast/users/mbermudez/de_02/TFGDataset/img/T2_0046.png|der          ttttttttt             eeeeeee
/data3fast/users/mbermudez/de_02/TFGDataset/img/T2_0617.png|ttt     a         eeeeeeeeeeeeessssssssss      eeeee
/data3fast/users/mbermudez/de_02/TFGDataset/img/T2_0372.png|derrreeeeeeeeee             aasseeeeeeeeeee
/data3fast/users/mbermudez/de_02/TFGDataset/img/T2_1308.png|sshhhhhhhhh       eeee
/data3fast/users/mbermudez/de_02/TFGDataset/img/T2_0260.png|nnneee ssse   eeee eeeeeie       aalaaaaaaaleee
/data3fast/users/mbermudez/de_02/TFGDataset/img/T2_1257.png|deeerrr****trtttr  rr    eeeeeeee     nnaann
/data3fast/users/mbermudez/de_02/TFGDataset/img/T2_1351.png|nneeeeeeeeeeeeeeeeeeee  e
/data3fast/users/mbermudez/de_02/TFGDataset/img/T2_0601.png|beee        a   eeeeeeeeeeeee tttttttttttt
/data3fast/users/mbermudez/de_02/TFGDataset/img/T2_0045.png|sst           eeeeee   e    eeeeeeeeeee     hhnnnn
/data3fast/users/mbermudez/de_02/TFGDataset/img/T2_0776.png|seeeeeeeeeeeeeeeeeeeeeeeeeee            dddeeeeeeeeeeee
/data3fast/users/mbermudez/de_02/TFGDataset/img/T2_0741.png|#  
/data3fast/users/mbermudez/de_02/TFGDataset/img/T2_0111.png|frreeeeeeeeeelhhhhhheeeeeeeeeeeeee         aaaa
/data3fast/users/mbermudez/de_02/TFGDataset/img/T2_0205.png|beehhhhh  e                           eeeeeeeettt
/data3fast/users/mbermudez/de_02/TFGDataset/img/T2_0851.png|nneeeeeeeeeeeee            a     eeeeeeeeeeeeet
/data3fast/users/mbermudez/de_02/TFGDataset/img/T2_0747.png|mrrh aa          eeeeeeeeeeeeeeeeeeeeee   nnnn
/data3fast/users/mbermudez/de_02/TFGDataset/img/T2_0690.png|wiieeeeeeeeeeeeeeeeeeee  nnnnnnnnnnnn n
/data3fast/users/mbermudez/de_02/TFGDataset/img/T2_1084.png|uuaaa  a aaa      ee   eeee             ttthh
/data3fast/users/mbermudez/de_02/TFGDataset/img/T2_1070.png|wwlt       sssss          d dd   eeee
/data3fast/users/mbermudez/de_02/TFGDataset/img/T2_0334.png|iiieeeeeeeeee            thhhhh    sshhhe   ssssa
/data3fast/users/mbermudez/de_02/TFGDataset/img/T2_1126.png|siee eeeeeee      ss  e ee     e eeee        eeeee
/data3fast/users/mbermudez/de_02/TFGDataset/img/T2_0704.png|# 
/data3fast/users/mbermudez/de_02/TFGDataset/img/T2_1427.png|#  
/data3fast/users/mbermudez/de_02/TFGDataset/img/T2_0810.png|aalllh eeee    e   eeeeeeeeeeeee ee  ttttt tt ttt
/data3fast/users/mbermudez/de_02/TFGDataset/img/T2_1148.png|tee    eeeeeeeeeeeee  lllll      eeee
/data3fast/users/mbermudez/de_02/TFGDataset/img/T2_1299.png|mii   eeeeeeeee                   eeeeeeeeeeeeehh
/data3fast/users/mbermudez/de_02/TFGDataset/img/T2_1183.png|"       a  ssss      eeeeeeeeeeeeeeeeeeeeee         nnn
/data3fast/users/mbermudez/de_02/TFGDataset/img/T2_0100.png|nee                 eeeeeeeeeeeeeeeeeeee         
/data3fast/users/mbermudez/de_02/TFGDataset/img/T2_0643.png|derrhhhhhhhhhhh   eeeeeeeeeeee                 d
/data3fast/users/mbermudez/de_02/TFGDataset/img/T2_0619.png|deeeeeeeeeee                   eeeeeeeeeeeeeeeee rtttttt
/data3fast/users/mbermudez/de_02/TFGDataset/img/T2_0406.png|iii        ttttttt      ssssshhhhh  ene
/data3fast/users/mbermudez/de_02/TFGDataset/img/T2_0377.png|dasssssttttt              eeeeeee  s     eeeett
/data3fast/users/mbermudez/de_02/TFGDataset/img/T2_1483.png|zurr     ee  eeeeeeeeeeeeeeeeeeeeeeeeeeeeeeeee
/data3fast/users/mbermudez/de_02/TFGDataset/img/T2_1420.png|tteeeeeeee eeiii    hh              aa     aaaaae
/data3fast/users/mbermudez/de_02/TFGDataset/img/T2_0832.png|aasss    ee                             eeded
/data3fast/users/mbermudez/de_02/TFGDataset/img/T2_0409.png|hnn  eeee  sssss                    ihhhhhnn
/data3fast/users/mbermudez/de_02/TFGDataset/img/T2_1158.png|aaa   eeeeeeeeeeett     eeeeeeeeeeeeeeesss s eelelle
/data3fast/users/mbermudez/de_02/TFGDataset/img/T2_1181.png|"     eeeeeeeeeee e    ee     deeeeeeeeeehhhhhhh
/data3fast/users/mbermudez/de_02/TFGDataset/img/T2_0248.png|mrreeeeeeeeeeeeeeeeeeeeeeeeeeeeeeeee              
/data3fast/users/mbermudez/de_02/TFGDataset/img/T2_0463.png|deee                             ee    sssss      aeee
/data3fast/users/mbermudez/de_02/TFGDataset/img/T2_0307.png|sse       eeeeeeeeeeeeeeeeeeeeeeeeeeehhhhhh hh  hhhhhhh
/data3fast/users/mbermudez/de_02/TFGDataset/img/T2_0693.png|ii    eeeeeeeeeeeeeeeee           eeeeeit
/data3fast/users/mbermudez/de_02/TFGDataset/img/T2_0296.png|nnn eeeeeeeeee              eeiih         aa
/data3fast/users/mbermudez/de_02/TFGDataset/img/T2_1186.png|nneeehhh                               eeeeee
/data3fast/users/mbermudez/de_02/TFGDataset/img/T2_0706.png|der    n      eeeeeeeeeee           eeeeeeeeeeeeee
/data3fast/users/mbermudez/de_02/TFGDataset/img/T2_0825.png|seeeeeeeeeeeeeeeeesssssssttttt      eeeeeee
/data3fast/users/mbermudez/de_02/TFGDataset/img/T2_0050.png|worr      eeeeeeeeeeeeeeeeeeeeeeeeeeeeeee    hhhhhhh
/data3fast/users/mbermudez/de_02/TFGDataset/img/T2_0301.png|brree eeeeees sss  sssess       eeeee           
/data3fast/users/mbermudez/de_02/TFGDataset/img/T2_1123.png|ffneeeeeeeeeee ee   eeeee e  eeeeeeeeesssee
/data3fast/users/mbermudez/de_02/TFGDataset/img/T2_0970.png|oot  hhhhhhhh          eeeeeeeeeee          eee
/data3fast/users/mbermudez/de_02/TFGDataset/img/T2_0804.png|in           a  aaa   n  nn   eeeeeeeee
/data3fast/users/mbermudez/de_02/TFGDataset/img/T2_0663.png|geeeeeeeeeettt           eeeeeeeeeeeeeeeeeee    e
/data3fast/users/mbermudez/de_02/TFGDataset/img/T2_1045.png|wleei      tttttt              l         eeeee
/data3fast/users/mbermudez/de_02/TFGDataset/img/T2_1143.png|eeee          e                     ttttttt
/data3fast/users/mbermudez/de_02/TFGDataset/img/T2_1301.png|derr                  eeeeeeee       ssssse   e    eeeeeeeeee
/data3fast/users/mbermudez/de_02/TFGDataset/img/T2_0294.png|"       a             hhhhhhheeeeeeeeeee    ss
/data3fast/users/mbermudez/de_02/TFGDataset/img/T2_0678.png|leeeee    eeeeee    nnn eeeeeeeeeeeeeeeeeeeeeeeeeechh
/data3fast/users/mbermudez/de_02/TFGDataset/img/T2_0279.png|deeee   nn                rrrrr t  ttt       hhhh
/data3fast/users/mbermudez/de_02/TFGDataset/img/T2_0239.png|"    eeseeeeeee     e
/data3fast/users/mbermudez/de_02/TFGDataset/img/T2_1091.png|eeee  sssshhhh               eeeeeeeeeeeeeeee e eeeeeeee
/data3fast/users/mbermudez/de_02/TFGDataset/img/T2_0473.png|geeeeee  iss
/data3fast/users/mbermudez/de_02/TFGDataset/img/T2_0941.png|liihh    nnnn      e   eeeeeeeeeeeeeeeeehhhhhh
/data3fast/users/mbermudez/de_02/TFGDataset/img/T2_0554.png|geeee     sssss   eeeeiihhhhhheee    eeee    ee  eeeeeeeee
/data3fast/users/mbermudez/de_02/TFGDataset/img/T2_0373.png|mrr          tee  t          sssss        eeeeeeee
/data3fast/users/mbermudez/de_02/TFGDataset/img/T2_0869.png|ssssshh       sseeeeeeeeeeeeeeeeeeeeeeee
/data3fast/users/mbermudez/de_02/TFGDataset/img/T2_0901.png|aau  eeeeeeeeeeeeeeeeeee ssssshhhh         a
/data3fast/users/mbermudez/de_02/TFGDataset/img/T2_0002.png|miittttt                 ssss  iieeee
/data3fast/users/mbermudez/de_02/TFGDataset/img/T2_0010.png|neeeeee         n             ee e*  **           eeeeeeeee
/data3fast/users/mbermudez/de_02/TFGDataset/img/T2_0461.png|dan       eeeessssssesesssssshhhhh      aa    ee
/data3fast/users/mbermudez/de_02/TFGDataset/img/T2_0942.png|iiit        nnn                   s eeeee
/data3fast/users/mbermudez/de_02/TFGDataset/img/T2_1320.png|iit    aaaaa       eeeeeeeee eee       eeeeeee
/data3fast/users/mbermudez/de_02/TFGDataset/img/T2_0943.png|te     nnn dddeeeeeeeeeehhhheeeee  e  
/data3fast/users/mbermudez/de_02/TFGDataset/img/T2_0494.png|wssssss
/data3fast/users/mbermudez/de_02/TFGDataset/img/T2_0509.png|eeeeeeeeeeeeeeeeeeeeeessssssss    eeeee  eeee eeeeee
/data3fast/users/mbermudez/de_02/TFGDataset/img/T2_0212.png|geeehhhhssssss              ...
/data3fast/users/mbermudez/de_02/TFGDataset/img/T2_1247.png|eeeeet sssssss        n nnnnnnnnnnnneeeeeeeee
/data3fast/users/mbermudez/de_02/TFGDataset/img/T2_0508.png|"    eeeee sssssshhhsssssllleeeeeeeeettt
/data3fast/users/mbermudez/de_02/TFGDataset/img/T2_0166.png|nneeee  hhh     aaa         eeeeeeeeeeeee         aa
/data3fast/users/mbermudez/de_02/TFGDataset/img/T2_0327.png|deeeeeeeeeeee  eeeeeeeeeeeeeeeeeeeee    nnn
/data3fast/users/mbermudez/de_02/TFGDataset/img/T2_1363.png|drrrrrtttttt t     ssseeeeelleeeeeeeeee          
/data3fast/users/mbermudez/de_02/TFGDataset/img/T2_0124.png|nnn                 eeeeeeerrrrr         eee
/data3fast/users/mbermudez/de_02/TFGDataset/img/T2_0745.png|ggeeeeeeeeeeeeeeeeeeeeeee        aa          eeeeeee
/data3fast/users/mbermudez/de_02/TFGDataset/img/T2_1462.png|aan     hhh h                   i        sss
/data3fast/users/mbermudez/de_02/TFGDataset/img/T2_0069.png|iii     eeeeeeeeeeeeeeeeellleeee            d
/data3fast/users/mbermudez/de_02/TFGDataset/img/T2_1044.png|maa        eeeeeeeeeee    eeeeeee          aaaaa
/data3fast/users/mbermudez/de_02/TFGDataset/img/T2_0138.png|aa                        eeeeeeeeeeeeeeeeeeeee
/data3fast/users/mbermudez/de_02/TFGDataset/img/T2_0967.png|err          eeeeeeeeeeeeee         tt
/data3fast/users/mbermudez/de_02/TFGDataset/img/T2_1167.png|unn   eeeeshhhhhheeeeeeeee           d eeeeeeeee
/data3fast/users/mbermudez/de_02/TFGDataset/img/T2_1331.png|mi    ssssseeeeeeeeeeeeee     sss                  aaaa
/data3fast/users/mbermudez/de_02/TFGDataset/img/T2_0930.png|siiee                eee    eeeeeeeeeeeeeeeeeee sssss
/data3fast/users/mbermudez/de_02/TFGDataset/img/T2_1202.png|ss                      eeeeeeee        eee eeeeeeeeeeeee
/data3fast/users/mbermudez/de_02/TFGDataset/img/T2_0634.png|"           nn nneeeeeeeeeeeeeeeeeeee      s
/data3fast/users/mbermudez/de_02/TFGDataset/img/T2_0946.png|uun            ssss                       eeeee
/data3fast/users/mbermudez/de_02/TFGDataset/img/T2_1379.png|iii   eeeeeeeeeeeeeeeeee      e
/data3fast/users/mbermudez/de_02/TFGDataset/img/T2_1389.png|dee         aa   hhhh  eeeeeeeeeee   ttttt
/data3fast/users/mbermudez/de_02/TFGDataset/img/T2_0446.png|dee                   eee                eeeeieeeeee
/data3fast/users/mbermudez/de_02/TFGDataset/img/T2_0370.png|#  
/data3fast/users/mbermudez/de_02/TFGDataset/img/T2_0686.png|geeeeeeeeenn neeeeeeeennn   eeeeeeeeeee
/data3fast/users/mbermudez/de_02/TFGDataset/img/T2_0325.png|"       eeeeeeeeeeeeeee      nnn  eeeeeeee
/data3fast/users/mbermudez/de_02/TFGDataset/img/T2_0396.png|heeeeeeeeeeeeeeeeeeeeeechhhhhh           ********
/data3fast/users/mbermudez/de_02/TFGDataset/img/T2_0350.png|geehhhhhh      a     ssssss ssssssee ss              nn
/data3fast/users/mbermudez/de_02/TFGDataset/img/T2_0392.png|mitttttteeee eeeeeeeeeeee   nnnn  nnnnnn
/data3fast/users/mbermudez/de_02/TFGDataset/img/T2_0368.png|mi       sssss    tsssseeeee eeee            eeeeeeee
/data3fast/users/mbermudez/de_02/TFGDataset/img/T2_1004.png|hhheeeeeeeeeeee               e e eeeeeeeeeeeeeeneee
/data3fast/users/mbermudez/de_02/TFGDataset/img/T2_1132.png|rrrreeeeeeeeeeleeeeeeeeeeeee ss s          
/data3fast/users/mbermudez/de_02/TFGDataset/img/T2_0414.png|geee           sssssiiiii                     eeeeeeee
/data3fast/users/mbermudez/de_02/TFGDataset/img/T2_1018.png|wiii           n       ssssseeeeeeeeeeeennnn
/data3fast/users/mbermudez/de_02/TFGDataset/img/T2_0066.png|ffe     eeeeeeeeee te     e    eeeeeeeeeeee
/data3fast/users/mbermudez/de_02/TFGDataset/img/T2_1175.png|winnnnnnnnn     eeeeeeeeeeeeeeeeeeeeeeeeeeeeeeee  sssssss
/data3fast/users/mbermudez/de_02/TFGDataset/img/T2_1190.png|sss tttttt   tttt     ttt        eeeeeeeeeeeeeee
/data3fast/users/mbermudez/de_02/TFGDataset/img/T2_0033.png|tiittttttttttt                     sss     eeeeeeeeeee
/data3fast/users/mbermudez/de_02/TFGDataset/img/T2_0168.png|uu     eeee                           ese       eehhh
/data3fast/users/mbermudez/de_02/TFGDataset/img/T2_0287.png|geeeeeeeeeennneeeeeeeeeeeittt         aaaaaaa
/data3fast/users/mbermudez/de_02/TFGDataset/img/T2_0885.png|dn eeeeeeehhe        eeeeeeeeeeeeeeeelll    e
/data3fast/users/mbermudez/de_02/TFGDataset/img/T2_0123.png|unn  ssseeeeeeeeeeee   aaa        eeeeee
/data3fast/users/mbermudez/de_02/TFGDataset/img/T2_1348.png|dd ssssssttttttttt
/data3fast/users/mbermudez/de_02/TFGDataset/img/T2_1075.png|reeeeeeeeeeeeeeeeseeeeeeeeesesee         nnnnnnnnn
/data3fast/users/mbermudez/de_02/TFGDataset/img/T2_0223.png|witttt   
/data3fast/users/mbermudez/de_02/TFGDataset/img/T2_0714.png|nnhhhhhh                  chhheeee  eeeeeeee
/data3fast/users/mbermudez/de_02/TFGDataset/img/T2_1394.png|nneeeee       tttt             e e   eeeeeeeeeeeeeeeee
/data3fast/users/mbermudez/de_02/TFGDataset/img/T2_0797.png|wiiiiichhhh    nnnnn eeeeeeeee           nn
/data3fast/users/mbermudez/de_02/TFGDataset/img/T2_1000.png|ltetttti      iei   ee ee  eeeeeeeeeeeeeeeeeeeeeeeee
/data3fast/users/mbermudez/de_02/TFGDataset/img/T2_0798.png|eeeee   ssssssssssssseeeeeeeeeeeee
/data3fast/users/mbermudez/de_02/TFGDataset/img/T2_1153.png|und eeeeeeeeeeeee
/data3fast/users/mbermudez/de_02/TFGDataset/img/T2_1130.png|rrrr sssssssss             eeeeeeeeeeeeeeeeeeeeee
/data3fast/users/mbermudez/de_02/TFGDataset/img/T2_1218.png|meeeeeeeeeeeettt       lls    eeeeeee        
/data3fast/users/mbermudez/de_02/TFGDataset/img/T2_0156.png|dee    hheeee e   e nd        d       ee     tttt
/data3fast/users/mbermudez/de_02/TFGDataset/img/T2_0648.png|han  d   ee      ehhhhh                rrr
/data3fast/users/mbermudez/de_02/TFGDataset/img/T2_0491.png|aar  eeeeeeee        aaa     eeeee   *******.
/data3fast/users/mbermudez/de_02/TFGDataset/img/T2_1378.png|ooe                                       sssshhhhh
/data3fast/users/mbermudez/de_02/TFGDataset/img/T2_0511.png|lllleeeeeee                                  eee
/data3fast/users/mbermudez/de_02/TFGDataset/img/T2_0285.png|feee              ee     ssssseeeeeettttt
/data3fast/users/mbermudez/de_02/TFGDataset/img/T2_1086.png|geeeeeeeeeeee           ssssssssss     hheeee
/data3fast/users/mbermudez/de_02/TFGDataset/img/T2_1319.png|lleeeeeeeeeeeeeeeeeeeeeeeeeiieeee    eee    nn
/data3fast/users/mbermudez/de_02/TFGDataset/img/T2_0037.png|eeti iiiii  ii i  cn          eeeeeeeeeeeeeee  e
/data3fast/users/mbermudez/de_02/TFGDataset/img/T2_0398.png|mi                 e sssssttttt         eeeeeeee
/data3fast/users/mbermudez/de_02/TFGDataset/img/T2_0961.png|beeeeeeee                     ee           a r
/data3fast/users/mbermudez/de_02/TFGDataset/img/T2_1366.png|bbee          htttt            ***           uurre
/data3fast/users/mbermudez/de_02/TFGDataset/img/T2_0743.png|aaaa        eeeeeeeeeeeeeeeeeeeeeeeeeeeee
/data3fast/users/mbermudez/de_02/TFGDataset/img/T2_0720.png|nnn  ssseeeeee         ee eeeeeeeeeess     sssss   
/data3fast/users/mbermudez/de_02/TFGDataset/img/T2_0329.png|eeeeeeeeeeee ssss              ee e          aa  eedd
/data3fast/users/mbermudez/de_02/TFGDataset/img/T2_1334.png|sss   eeeeeeeeeiiinnnnnnn           eeeeeeeee
/data3fast/users/mbermudez/de_02/TFGDataset/img/T2_0171.png|iih     
/data3fast/users/mbermudez/de_02/TFGDataset/img/T2_0297.png|dee                   ssshhhhh      eeeeeeeeee
/data3fast/users/mbermudez/de_02/TFGDataset/img/T2_0632.png|de          eeeeeeeeeeeeeeeeeeeeeee ttsssatt
/data3fast/users/mbermudez/de_02/TFGDataset/img/T2_0516.png|wwreeeeeee                 aa  eeeeeeeeeeeeeee
/data3fast/users/mbermudez/de_02/TFGDataset/img/T2_0954.png|wnnn eeeeeeeiiii     e                     ehhhtt
/data3fast/users/mbermudez/de_02/TFGDataset/img/T2_0992.png|innnnnnn       eeeeeeeeeeeeeeeeee         eehheee
/data3fast/users/mbermudez/de_02/TFGDataset/img/T2_0270.png|" ssssss
/data3fast/users/mbermudez/de_02/TFGDataset/img/T2_1128.png|hhh        eeeeeeeeeeeeeeeeeettttt     eeeeeee
/data3fast/users/mbermudez/de_02/TFGDataset/img/T2_1432.png|geeee          eeeeeeeeeeeeeeeeee eeeeeeeeeeee
/data3fast/users/mbermudez/de_02/TFGDataset/img/T2_0948.png|bbeeeettttttt         nn  nnn    ee  eesssss
/data3fast/users/mbermudez/de_02/TFGDataset/img/T2_0635.png|dee  hhhhhhh           ee    ttttttt    tt
/data3fast/users/mbermudez/de_02/TFGDataset/img/T2_0542.png|eerr    aaaa       eeeeeeeeeeeeeessh e e eeeee
/data3fast/users/mbermudez/de_02/TFGDataset/img/T2_0876.png|mmeeeeeeeeeeeeeiiie             eeeeeeeeeeeet
/data3fast/users/mbermudez/de_02/TFGDataset/img/T2_1133.png|ee    aaa    eeeeeeeeeeeeeeeeeee       eeeeeeeee
/data3fast/users/mbermudez/de_02/TFGDataset/img/T2_0800.png|dd                          sssss   ssss     aass eeeee
/data3fast/users/mbermudez/de_02/TFGDataset/img/T2_1357.png|iiiieeeeeeeeeeeees                  d  dd    ddd deee
/data3fast/users/mbermudez/de_02/TFGDataset/img/T2_0647.png|ssttsss     eeeeee eeee     e       chh         
/data3fast/users/mbermudez/de_02/TFGDataset/img/T2_1302.png|geeeennnn aaa        eee               eeeeee
/data3fast/users/mbermudez/de_02/TFGDataset/img/T2_0519.png|beee               e     ee      aa   eeesss
/data3fast/users/mbermudez/de_02/TFGDataset/img/T2_0233.png|eeeeehhhiiieeeee  eeeeeeeeee      eeee          eeeiii
/data3fast/users/mbermudez/de_02/TFGDataset/img/T2_0470.png|wweeeetttttt 
/data3fast/users/mbermudez/de_02/TFGDataset/img/T2_0479.png|leeeeeeeeeee   e         dd           hs
/data3fast/users/mbermudez/de_02/TFGDataset/img/T2_1079.png|mmheeeeeeeeeeeeeee  e               eee
/data3fast/users/mbermudez/de_02/TFGDataset/img/T2_0328.png|diiittttttttt
/data3fast/users/mbermudez/de_02/TFGDataset/img/T2_0488.png|hheeeeeeeeeeeeeeeee       eeeee   hhhhh
/data3fast/users/mbermudez/de_02/TFGDataset/img/T2_1035.png|llhhhh        nnnnneeeeeeeeeeeeeeeeeeiii    n
/data3fast/users/mbermudez/de_02/TFGDataset/img/T2_0880.png|gfeeeeeeessssssssssseeiittttttt
/data3fast/users/mbermudez/de_02/TFGDataset/img/T2_0633.png|deehhhhhhhhhhheeeeee**********
/data3fast/users/mbermudez/de_02/TFGDataset/img/T2_1198.png|dee   ddn  edeee    rr   tttttt     ss
/data3fast/users/mbermudez/de_02/TFGDataset/img/T2_0949.png|ooeeeeeeeiieeeeeee***e*eeeeeeeeeeii     aaaaa
/data3fast/users/mbermudez/de_02/TFGDataset/img/T2_0764.png|nneeeeeeeeeee     a             e         ahh
/data3fast/users/mbermudez/de_02/TFGDataset/img/T2_0269.png|wll        eeeeeeeeeeeeeeeeeeeeeeeeellllllllaa
/data3fast/users/mbermudez/de_02/TFGDataset/img/T2_1155.png|iii                         ee e ee   eeeeee
/data3fast/users/mbermudez/de_02/TFGDataset/img/T2_0955.png|wlllttttttt             eeeeeeeeeeeeee    e   ee eee
/data3fast/users/mbermudez/de_02/TFGDataset/img/T2_0976.png|sssssssaa hhh             eeeeeeeeee        s  ddn
/data3fast/users/mbermudez/de_02/TFGDataset/img/T2_0173.png|bee     nnnn    iiiiii   ii iiii  hhhhhh
/data3fast/users/mbermudez/de_02/TFGDataset/img/T2_0008.png|o                        eeeeeeeeeee       nnnn
/data3fast/users/mbermudez/de_02/TFGDataset/img/T2_1445.png|nnee         a aaa       eeeeeehh       d
/data3fast/users/mbermudez/de_02/TFGDataset/img/T2_1360.png|geessssseeeeee e        dnneeeeeeeeeeeeeeee
/data3fast/users/mbermudez/de_02/TFGDataset/img/T2_1030.png|uureeeeeeeeeeeeeeeeeeeeeeeeechhheeeeee
/data3fast/users/mbermudez/de_02/TFGDataset/img/T2_1105.png|teee       eeeeeeeeessssssseeeeeeeiiii     eeeeeee
/data3fast/users/mbermudez/de_02/TFGDataset/img/T2_0752.png|inn  eeeeeeeeee       ssssssss          eeeeee
/data3fast/users/mbermudez/de_02/TFGDataset/img/T2_0349.png|sst   aa         eee        hhhhhhhh   eeee
/data3fast/users/mbermudez/de_02/TFGDataset/img/T2_1006.png|derrrhhhh      eeeeeeeeeeeeeeeeee           dd
/data3fast/users/mbermudez/de_02/TFGDataset/img/T2_1149.png|unn  eeeeeeeeeeeeee      aa       eeeeeeeeeeee
/data3fast/users/mbermudez/de_02/TFGDataset/img/T2_0559.png|nnn   eeeeeeeeeeeeeeee        eeeeeeeeeeeeeeeeeeee
/data3fast/users/mbermudez/de_02/TFGDataset/img/T2_0857.png|de                             eeeeeeeeesssssssss
/data3fast/users/mbermudez/de_02/TFGDataset/img/T2_0062.png|ttt     eeeeeeeeeeeeeeeeeeeeeeeeeeeeeeeeeee   eeeeee
/data3fast/users/mbermudez/de_02/TFGDataset/img/T2_1138.png|aeeeee        essseseeeeeeeeeeeeeeeeeeeeeee eee
/data3fast/users/mbermudez/de_02/TFGDataset/img/T2_0467.png|aah   eeeeeee      ss sssssss s ss    h        eee
/data3fast/users/mbermudez/de_02/TFGDataset/img/T2_1239.png|vo     eeeeeeett t      .....
/data3fast/users/mbermudez/de_02/TFGDataset/img/T2_1283.png|ss      eeeeeeeeee e   nnne nnnnnnnnnnn   eet
/data3fast/users/mbermudez/de_02/TFGDataset/img/T2_0387.png|deeeeeeeeeeeeeeeeeeeeeeeeeee      sss
/data3fast/users/mbermudez/de_02/TFGDataset/img/T2_0668.png|iiieeee               eeeeeeeeeeeeeeeiiiichhhhh
/data3fast/users/mbermudez/de_02/TFGDataset/img/T2_0708.png|nneeeeeeeeeeeeeee     s            eeeeeee
/data3fast/users/mbermudez/de_02/TFGDataset/img/T2_0174.png|der   r eeeeeeeeeeiii                rrreeeee
/data3fast/users/mbermudez/de_02/TFGDataset/img/T2_1405.png|mn                        eeeeeeeeeeeeee
/data3fast/users/mbermudez/de_02/TFGDataset/img/T2_0682.png|eeeee           n    eeeeeeee                
/data3fast/users/mbermudez/de_02/TFGDataset/img/T2_1236.png|nnn       ssssss seeeeeeeeeeeee    eeeeeeeee
/data3fast/users/mbermudez/de_02/TFGDataset/img/T2_1245.png|d   
/data3fast/users/mbermudez/de_02/TFGDataset/img/T2_1197.png|weee       ssss                       eee
/data3fast/users/mbermudez/de_02/TFGDataset/img/T2_0505.png|nnneeeeeeeeeeeeeeeeeeeeeee
/data3fast/users/mbermudez/de_02/TFGDataset/img/T2_0483.png|ss           a         eeeeeeeeehheeeee       eee
/data3fast/users/mbermudez/de_02/TFGDataset/img/T2_0721.png|*ee               ss hh eeeeeesess  eeeeeeee eeeeeeeen
/data3fast/users/mbermudez/de_02/TFGDataset/img/T2_0376.png|aahhheeeeeeeeeeeeieeeeiiieeee  n      icssch
/data3fast/users/mbermudez/de_02/TFGDataset/img/T2_1309.png|eeee                     eeeeeeeeeeeeee   eeeeeeee
/data3fast/users/mbermudez/de_02/TFGDataset/img/T2_1481.png|eess      nnnnnn     eeeeeeeeeeeeeeelll
/data3fast/users/mbermudez/de_02/TFGDataset/img/T2_1189.png|waeeeeeeeeeeee          s            eeeee
/data3fast/users/mbermudez/de_02/TFGDataset/img/T2_0142.png|weii      nn     hhhhh                ee
/data3fast/users/mbermudez/de_02/TFGDataset/img/T2_1477.png|geeeeee                  sssss     h            
/data3fast/users/mbermudez/de_02/TFGDataset/img/T2_0808.png|hhhh                          eeeeeeeeeeeeee
/data3fast/users/mbermudez/de_02/TFGDataset/img/T2_0579.png|o    eeeeeeeeeeeeeeeeee
/data3fast/users/mbermudez/de_02/TFGDataset/img/T2_0058.png|de      eeeeeeeeeeeee  ***       ssss     eeeeeeeeee
/data3fast/users/mbermudez/de_02/TFGDataset/img/T2_1125.png|geeee     ssssssseeeeeeeeeeeeeee          eee
/data3fast/users/mbermudez/de_02/TFGDataset/img/T2_0819.png|ffrttttteeeeeeeeeeeeeeeeee            eeeeee
/data3fast/users/mbermudez/de_02/TFGDataset/img/T2_0746.png|geeeeeeee     eee e e e hhhhhhhhh   sss   eee
/data3fast/users/mbermudez/de_02/TFGDataset/img/T2_0828.png|nnnn    eee    e  eee e    eeeeee       aah
/data3fast/users/mbermudez/de_02/TFGDataset/img/T2_1400.png|bb     e
/data3fast/users/mbermudez/de_02/TFGDataset/img/T2_0133.png|tt                                eeeeeee
/data3fast/users/mbermudez/de_02/TFGDataset/img/T2_0543.png|aalle    e eee eeeeeeeeeeeeeeeee  a  eee
/data3fast/users/mbermudez/de_02/TFGDataset/img/T2_0323.png|da         aaaaaaa      eeeeeeeeeeesssssssss
/data3fast/users/mbermudez/de_02/TFGDataset/img/T2_0578.png|ggeeee       nnn  nn n        eeeee      eeeeeehhhhh
/data3fast/users/mbermudez/de_02/TFGDataset/img/T2_1139.png|ttt     a      hhhhhhhhhhheeeeeeeeeeeeeeeeee
/data3fast/users/mbermudez/de_02/TFGDataset/img/T2_1338.png|iieeeeeeeeeeeeeeeeeeeee n  e  eeeee*    sssss
/data3fast/users/mbermudez/de_02/TFGDataset/img/T2_0975.png|hhn ddddd                      sssss ttttttt
/data3fast/users/mbermudez/de_02/TFGDataset/img/T2_0056.png|deee       nnnneee   t                 
/data3fast/users/mbermudez/de_02/TFGDataset/img/T2_0462.png|eeeeeeeeeeeeeeeeeeeeeeeeeeeeeee e   e eeeeeeslll
/data3fast/users/mbermudez/de_02/TFGDataset/img/T2_0981.png|soo      sss s  sseeeeeeeeeeeee  e ee   e    ee ee      ssee
/data3fast/users/mbermudez/de_02/TFGDataset/img/T2_0440.png|dee       aa  tttttt    
/data3fast/users/mbermudez/de_02/TFGDataset/img/T2_0874.png|nnneeeeeeehhhhshhhh             hheeeeeeee   e      d
/data3fast/users/mbermudez/de_02/TFGDataset/img/T2_0711.png|eeeeeeeeeeeen nnnnaaeeaaaa   sss    eeeeeeee
/data3fast/users/mbermudez/de_02/TFGDataset/img/T2_0075.png|"    eeeeeettt  e
/data3fast/users/mbermudez/de_02/TFGDataset/img/T2_0523.png|tttthhhhhh eeeeeeeeeeee          eeeeeeessseee
/data3fast/users/mbermudez/de_02/TFGDataset/img/T2_0035.png|derrr  e    ii         eeeeeeeeeeeeeeee      eeeee
/data3fast/users/mbermudez/de_02/TFGDataset/img/T2_0653.png|aal  eeeeeeeeeeeeeeeeeeeeeeeeee   aaeeee
/data3fast/users/mbermudez/de_02/TFGDataset/img/T2_1261.png|deeee t                  eeeeeeeeeeeeeee
/data3fast/users/mbermudez/de_02/TFGDataset/img/T2_0980.png|schheeeeeeee  d        eeeeee                 sstttt
/data3fast/users/mbermudez/de_02/TFGDataset/img/T2_1428.png|eerr        eeeeeeeee  ss    t ttt t        ss
/data3fast/users/mbermudez/de_02/TFGDataset/img/T2_0282.png|weeeeee            e   e    eeeeeeeeeeeeeee  shhh
/data3fast/users/mbermudez/de_02/TFGDataset/img/T2_0184.png|#  e
/data3fast/users/mbermudez/de_02/TFGDataset/img/T2_1369.png|beeeeeeee          ss               nneeen
/data3fast/users/mbermudez/de_02/TFGDataset/img/T2_0631.png|diii    nnnnnnn dd eeeeeeeeeeeeee
/data3fast/users/mbermudez/de_02/TFGDataset/img/T2_0715.png|mm             eeeeeeeed              hhhhh
/data3fast/users/mbermudez/de_02/TFGDataset/img/T2_0015.png|derrreeeeeeeeeeeeeeeeeeeeeeeeeelllllsssssssatt
/data3fast/users/mbermudez/de_02/TFGDataset/img/T2_0533.png|dassssss                                     eeeerr
/data3fast/users/mbermudez/de_02/TFGDataset/img/T2_0137.png|hhhhhhhhhh     hhhh           hh    lleeeeeeele
/data3fast/users/mbermudez/de_02/TFGDataset/img/T2_1228.png|geeee  ddd     ssssssssssssss     eeeeeeeeeeeeeeeeee
/data3fast/users/mbermudez/de_02/TFGDataset/img/T2_0770.png|hhhh          eeeeeeeeeeeeeeeeeeeeee  nnnn
/data3fast/users/mbermudez/de_02/TFGDataset/img/T2_0218.png|aaneeeeee               eeeeeele        n
/data3fast/users/mbermudez/de_02/TFGDataset/img/T2_0685.png|diineeeeeeeeeeeeeeeee  eeeeeee         e
/data3fast/users/mbermudez/de_02/TFGDataset/img/T2_1107.png|#  
/data3fast/users/mbermudez/de_02/TFGDataset/img/T2_0769.png|ssss          n n              eeeeeee
/data3fast/users/mbermudez/de_02/TFGDataset/img/T2_0580.png|"    hheeeessssssssssssssss   eeee        .....
/data3fast/users/mbermudez/de_02/TFGDataset/img/T2_0816.png|uu    ee  tttt
/data3fast/users/mbermudez/de_02/TFGDataset/img/T2_1156.png|seeeeeeeeeeeeeee    eee   e                      e
/data3fast/users/mbermudez/de_02/TFGDataset/img/T2_0521.png|dee   eettttt        eeeeeeeeeeeeeeeee        ttt
/data3fast/users/mbermudez/de_02/TFGDataset/img/T2_0626.png|derr    nn     i i       n     eeeeeeeeee
/data3fast/users/mbermudez/de_02/TFGDataset/img/T2_1486.png|miiiieeeeeeeeeeee       seeeeeeeeeeeeeeeeeeee
/data3fast/users/mbermudez/de_02/TFGDataset/img/T2_0737.png|de        nnn     hhheeeeeeeeeee  ttt
/data3fast/users/mbermudez/de_02/TFGDataset/img/T2_1011.png|#  
/data3fast/users/mbermudez/de_02/TFGDataset/img/T2_1141.png|mmmhhh hhhh   e              s            eeee
/data3fast/users/mbermudez/de_02/TFGDataset/img/T2_0788.png|oo       hhh eieeeeeee            eeett
/data3fast/users/mbermudez/de_02/TFGDataset/img/T2_0404.png|beeeeeeeee tt
/data3fast/users/mbermudez/de_02/TFGDataset/img/T2_1246.png|nnnn  eeeeeeeeee      eee        llllllleeeee
/data3fast/users/mbermudez/de_02/TFGDataset/img/T2_0971.png|"   hhhhhhhhhh          h       eeeeeeeeeeeee
/data3fast/users/mbermudez/de_02/TFGDataset/img/T2_1359.png|derreessssseeeeeeeeeeeeeeeesssss              nnn
/data3fast/users/mbermudez/de_02/TFGDataset/img/T2_0552.png|nneeeeeeeee      eeeeeeeeieeeeeeeeesslll
/data3fast/users/mbermudez/de_02/TFGDataset/img/T2_0864.png|mhh         eeeeeeeeeeee         a     eeeeee
/data3fast/users/mbermudez/de_02/TFGDataset/img/T2_0779.png|wweeeee  eeeeeeeeeeeeeee ii      sssssssseeeeeeee
/data3fast/users/mbermudez/de_02/TFGDataset/img/T2_1068.png|gleehhhhh                eeeeeehh         eee
/data3fast/users/mbermudez/de_02/TFGDataset/img/T2_1479.png|weee       eeeeeee                eeeee
/data3fast/users/mbermudez/de_02/TFGDataset/img/T2_0501.png|geeeeesssssss         e eeeeeeeeeeeeeeeeeeeeeeee
/data3fast/users/mbermudez/de_02/TFGDataset/img/T2_1280.png|geeeettt
/data3fast/users/mbermudez/de_02/TFGDataset/img/T2_0989.png|derr tt                          ddd
/data3fast/users/mbermudez/de_02/TFGDataset/img/T2_0388.png|mmrrreeeee ttttttt             eeeeeee      nnnnnnnn
/data3fast/users/mbermudez/de_02/TFGDataset/img/T2_1431.png|deeeeeeeeeennnnnnnnnnnnei    ssssssss
/data3fast/users/mbermudez/de_02/TFGDataset/img/T2_1227.png|unn   eeeeeeeeeeeeeeeeeeeeeeeeeeeeeee          hhhhhhh
/data3fast/users/mbermudez/de_02/TFGDataset/img/T2_1465.png|aaa              a     eeesssssssesssssss        
/data3fast/users/mbermudez/de_02/TFGDataset/img/T2_1458.png|dee         tt t       ***   rrrrr    eeeeee
/data3fast/users/mbermudez/de_02/TFGDataset/img/T2_0256.png|aaa       eeeeeeeeeeeeeeessss         neee
/data3fast/users/mbermudez/de_02/TFGDataset/img/T2_0756.png|dee     eee eee                 ssaaaaaaaaaaa
/data3fast/users/mbermudez/de_02/TFGDataset/img/T2_0041.png|wiiieeeeeeeeeeeeee eeeee     s   eeee
/data3fast/users/mbermudez/de_02/TFGDataset/img/T2_1127.png|deeeeeeeeeeeeeeeeeeeeeee        ehheeeheeee
/data3fast/users/mbermudez/de_02/TFGDataset/img/T2_1101.png|deeetttttteee     ee        aa          u
/data3fast/users/mbermudez/de_02/TFGDataset/img/T2_1003.png|ttteeeeeehhhhhh      eeeeeeeeeeeeeeeeeeeeeeee   dnnnnn
/data3fast/users/mbermudez/de_02/TFGDataset/img/T2_0749.png|weeee             eeeeeeeeeeeeeeee        eeeeeeeee
/data3fast/users/mbermudez/de_02/TFGDataset/img/T2_0878.png|rrrr  aaaaaaa   eeee           ssssssstttttt
/data3fast/users/mbermudez/de_02/TFGDataset/img/T2_0161.png|aaa         iii  eeeeee       deeeeeeeeeeesslllllll
/data3fast/users/mbermudez/de_02/TFGDataset/img/T2_0849.png|ii      as s           ee       eeeel eeeeeeeeeeeee
/data3fast/users/mbermudez/de_02/TFGDataset/img/T2_0608.png|bbeeeeeeee                    eeeeeie ii       eee
/data3fast/users/mbermudez/de_02/TFGDataset/img/T2_0139.png|ssttt                    eeeeeeeeeeeeeeeeeeeeeeeeeee
/data3fast/users/mbermudez/de_02/TFGDataset/img/T2_1333.png|frreeeeeeeeee          eeeeeeeeeeeee     e scchhhhh
/data3fast/users/mbermudez/de_02/TFGDataset/img/T2_0640.png|# 
/data3fast/users/mbermudez/de_02/TFGDataset/img/T2_1414.png|soo   eeeeee   eee eeeeeeeeeeeeee e    eee
/data3fast/users/mbermudez/de_02/TFGDataset/img/T2_0914.png|aasseeeeeeeeeeeeeeeeeeeeeeeeeeeeee     eeerrrrtt
/data3fast/users/mbermudez/de_02/TFGDataset/img/T2_0676.png|# 
/data3fast/users/mbermudez/de_02/TFGDataset/img/T2_0550.png|sseeeeeeeeeee e       eeeeeeeeeeeeee ttttttttttt
/data3fast/users/mbermudez/de_02/TFGDataset/img/T2_0655.png|weeesssshhhhhhh                       ss
/data3fast/users/mbermudez/de_02/TFGDataset/img/T2_0019.png|ihhhh eeeeeeeeeeeeeeeeeeeeeeeeeeeeeeeeee    eeeee
/data3fast/users/mbermudez/de_02/TFGDataset/img/T2_1282.png|ii                         eee*** ** *     tt ...
/data3fast/users/mbermudez/de_02/TFGDataset/img/T2_1076.png|ggeeeeeessssssssss   a  a        eeeee e           h
/data3fast/users/mbermudez/de_02/TFGDataset/img/T2_0399.png|nahheeeeeeeeeeeeeeeeee                   nn
/data3fast/users/mbermudez/de_02/TFGDataset/img/T2_0593.png|wweeeee                eeeeee            
/data3fast/users/mbermudez/de_02/TFGDataset/img/T2_0610.png|dee   aaaa      eeeeeeeeeeeeeeeeee              ee
/data3fast/users/mbermudez/de_02/TFGDataset/img/T2_0495.png|nneeeeeeeeeeehhhhh e                    aaaaaaa
/data3fast/users/mbermudez/de_02/TFGDataset/img/T2_0827.png|dieeeeeeeiitttt    n         eeeeeeeeeeeeeeeeee
/data3fast/users/mbermudez/de_02/TFGDataset/img/T2_1111.png|orre             e    ee ttttttttt            hhhhh
/data3fast/users/mbermudez/de_02/TFGDataset/img/T2_0340.png|llll   nnnnnnnnnnnnnnn  nnn      eeeeeeeeeee
/data3fast/users/mbermudez/de_02/TFGDataset/img/T2_0667.png|sleeeeeeeeeeeeeeee    h    e           eeeeeeeeeee
/data3fast/users/mbermudez/de_02/TFGDataset/img/T2_0021.png|aallttteeeeeeeeeeeiiiieeeeeeeeeeee
/data3fast/users/mbermudez/de_02/TFGDataset/img/T2_1129.png|hhh u            eeeeeeee  i          eeeeeeeeee
/data3fast/users/mbermudez/de_02/TFGDataset/img/T2_0836.png|dii  eeeeeeee                       r aaallllllll
/data3fast/users/mbermudez/de_02/TFGDataset/img/T2_0838.png|hhh                 t       aa  a     eeeee
/data3fast/users/mbermudez/de_02/TFGDataset/img/T2_0115.png|eeee ssssssss         neeeeeeeeeeeee
/data3fast/users/mbermudez/de_02/TFGDataset/img/T2_0122.png|uureeeeeeeeeeeeeeeeeeeeeeeeeeeeeeeeeeeeeeeeee
/data3fast/users/mbermudez/de_02/TFGDataset/img/T2_1041.png|mee  iiiiiiiiieeee
/data3fast/users/mbermudez/de_02/TFGDataset/img/T2_0104.png|nn a a           eeeeeee eeeee  sssssss         e
/data3fast/users/mbermudez/de_02/TFGDataset/img/T2_1240.png|beeeeeeeeeeeeeeeeee  eeeeeeeeeeeeeeeeeetttt        aa
/data3fast/users/mbermudez/de_02/TFGDataset/img/T2_0326.png|ggeeee sss  a             iiittt       ssssss
/data3fast/users/mbermudez/de_02/TFGDataset/img/T2_1372.png|eeeeeeeeeeeeeeeeeeeeeeeeehhhh              a ee
/data3fast/users/mbermudez/de_02/TFGDataset/img/T2_0390.png|ssssseeeeeeeeeeeeeeehhhh             eeeeeeeeeeee
/data3fast/users/mbermudez/de_02/TFGDataset/img/T2_1454.png|iiieee eeennnneeeeeennnnneeecccchh   eee
/data3fast/users/mbermudez/de_02/TFGDataset/img/T2_0545.png|iiiii    nnn eeeeeeeeeeeeeeesesttttt      teeeetttt
/data3fast/users/mbermudez/de_02/TFGDataset/img/T2_1482.png|als     nnnneeeeeeeeeeallaaaaaaaaaaaa
/data3fast/users/mbermudez/de_02/TFGDataset/img/T2_0088.png|eee            eeeeeiieeeeeeeeeeeeeee nnnnnn
/data3fast/users/mbermudez/de_02/TFGDataset/img/T2_0351.png|mmeeeeeeeeeeeddddddd  eee       sssssssh
/data3fast/users/mbermudez/de_02/TFGDataset/img/T2_1386.png|dd         eeeeeeeeeeeeeeeeeeee eeeeee      ihh
/data3fast/users/mbermudez/de_02/TFGDataset/img/T2_1046.png|dertttttttttt  
/data3fast/users/mbermudez/de_02/TFGDataset/img/T2_1397.png|dass     ttt        ii  iii  eeeeeee
/data3fast/users/mbermudez/de_02/TFGDataset/img/T2_0755.png|eeeesstt            aaaaasss              
/data3fast/users/mbermudez/de_02/TFGDataset/img/T2_0274.png|beeeeeeeeeeeeeeeeeeeeeeeeeeeee     eeee
/data3fast/users/mbermudez/de_02/TFGDataset/img/T2_0675.png|deeeeeeeeeeeeeeeeeeeeeeeeeeeeeeee  eeeeeeeeee
/data3fast/users/mbermudez/de_02/TFGDataset/img/T2_1469.png|hrreeeeeeee  *                                 aa
/data3fast/users/mbermudez/de_02/TFGDataset/img/T2_0903.png|*eeeeeeeii         eeeeeeeeeeeeeeeeeeeeeessss
/data3fast/users/mbermudez/de_02/TFGDataset/img/T2_0639.png|#  
/data3fast/users/mbermudez/de_02/TFGDataset/img/T2_0430.png|ahhhh eeeeeeeeeee                  sssss iiiiit
/data3fast/users/mbermudez/de_02/TFGDataset/img/T2_0911.png|eeeettttt    
/data3fast/users/mbermudez/de_02/TFGDataset/img/T2_0459.png|see      nnn         eeeeeeeeeeeeeeeee      eeeee
/data3fast/users/mbermudez/de_02/TFGDataset/img/T2_0216.png|tttehhhhh           eeeeeeeeeeeeeee        eeeee
/data3fast/users/mbermudez/de_02/TFGDataset/img/T2_0935.png|tttt         hhh         sssss         eeee
/data3fast/users/mbermudez/de_02/TFGDataset/img/T2_1083.png|eeeeehhh           d              aa          eeeeee
/data3fast/users/mbermudez/de_02/TFGDataset/img/T2_0895.png|eeeenedd     n     eeeeeeeeee  eeeeeeeeeeeeeeeee
/data3fast/users/mbermudez/de_02/TFGDataset/img/T2_0846.png|nnnn eeeeeeeeeeeeeeeeeeeeeeehhheeeeeeeeeeeeeeeeeee
/data3fast/users/mbermudez/de_02/TFGDataset/img/T2_0673.png|aass eeeeeeeeee        eeeeeeeee
/data3fast/users/mbermudez/de_02/TFGDataset/img/T2_0651.png|tee                    e                    nnhhh
/data3fast/users/mbermudez/de_02/TFGDataset/img/T2_1426.png|aaneeeeeeeeeeeeeeeeeeeeeeeeee           aassh
/data3fast/users/mbermudez/de_02/TFGDataset/img/T2_1310.png|weeeeeesssssssse ee       tttt  t ttt
/data3fast/users/mbermudez/de_02/TFGDataset/img/T2_1423.png|"   eeeeeeeeeeeee  nnnnn          eeettt
/data3fast/users/mbermudez/de_02/TFGDataset/img/T2_0177.png|deeeehhhheeeeee                          a   ttt
/data3fast/users/mbermudez/de_02/TFGDataset/img/T2_0872.png|ittt               eeeeeeeeee        sssssst
/data3fast/users/mbermudez/de_02/TFGDataset/img/T2_0154.png|eeeeitthttttttttttttttt       eeeeeeeenee
/data3fast/users/mbermudez/de_02/TFGDataset/img/T2_0530.png|ahnn  eeeeeee  r                eeeeeeeeeeee
/data3fast/users/mbermudez/de_02/TFGDataset/img/T2_1461.png|der          ssseeeeeeeeeeeii               nnnee
/data3fast/users/mbermudez/de_02/TFGDataset/img/T2_0034.png|#  
/data3fast/users/mbermudez/de_02/TFGDataset/img/T2_0081.png|hhhhe          a aaa      eeeeeeeeeeeeeeee
/data3fast/users/mbermudez/de_02/TFGDataset/img/T2_0896.png|uuu    eesssss     eeeeeeeee            
/data3fast/users/mbermudez/de_02/TFGDataset/img/T2_0464.png|sseeeeee                              eee e  eeeeeee
/data3fast/users/mbermudez/de_02/TFGDataset/img/T2_1281.png|uu    eeeeeeeee     sssssssssss sseeeeeeeeeeeeee
/data3fast/users/mbermudez/de_02/TFGDataset/img/T2_1413.png|dee                    e eee eeeeeeeeeeeeesseeeeeeeee
/data3fast/users/mbermudez/de_02/TFGDataset/img/T2_0085.png|innnn       
/data3fast/users/mbermudez/de_02/TFGDataset/img/T2_0042.png|de                        eeeeeeeeeeeeeeeee    e
/data3fast/users/mbermudez/de_02/TFGDataset/img/T2_1459.png|deeeeeeeeeeeeehhhhhee           eeeeeee          
/data3fast/users/mbermudez/de_02/TFGDataset/img/T2_1097.png|eeeeeeeeeeeeeeeeee    deeeeeeeee eesssssssshh
/data3fast/users/mbermudez/de_02/TFGDataset/img/T2_0959.png|wwrr            aa       e e etttttttiitttii
/data3fast/users/mbermudez/de_02/TFGDataset/img/T2_0410.png|eeeeeeeeeeeeeeeeeeeeeeeee                     a     a
/data3fast/users/mbermudez/de_02/TFGDataset/img/T2_0217.png|*eeee                                       nn
/data3fast/users/mbermudez/de_02/TFGDataset/img/T2_0583.png|aaaaa     nn nnaaa    sssshhheeeeeellellllleeeeee
/data3fast/users/mbermudez/de_02/TFGDataset/img/T2_0760.png|unn       aaaa aaaa    llleeeeeeee
/data3fast/users/mbermudez/de_02/TFGDataset/img/T2_0490.png|eerrhhhtt                         t ttssshhhh
/data3fast/users/mbermudez/de_02/TFGDataset/img/T2_1478.png|ieee        eeeeeeeeeeeeeeeeeeeeeesseeee
/data3fast/users/mbermudez/de_02/TFGDataset/img/T2_1337.png|"        sssssss     eeeeeeeeeeeeeeeeee
/data3fast/users/mbermudez/de_02/TFGDataset/img/T2_0032.png|weee                eeeeeeeeeeeeeeeeeeeeeeeeeeee
/data3fast/users/mbermudez/de_02/TFGDataset/img/T2_1066.png|ween nn n  eeeeeeeeeee       sssss  sss    
/data3fast/users/mbermudez/de_02/TFGDataset/img/T2_0089.png|aass   eeeeeeeeeeeeeeeeeeeeeeeeeee  aaa
/data3fast/users/mbermudez/de_02/TFGDataset/img/T2_0196.png|tttt         eee e e          n  aaaaaaaaaa
/data3fast/users/mbermudez/de_02/TFGDataset/img/T2_1014.png|geeeeeeeeeeeeeeeeeseeeeeeeeeeessssssss ssssss  eee
/data3fast/users/mbermudez/de_02/TFGDataset/img/T2_1476.png|bee              eeeeeeeeeeeeeeeeeeeeeeee
/data3fast/users/mbermudez/de_02/TFGDataset/img/T2_0965.png|miit   eetttttteeee  hhh  eee          sss         eeeeee
/data3fast/users/mbermudez/de_02/TFGDataset/img/T2_0614.png|weeeeeeeeeeeeee               eeeeeee          sssss
/data3fast/users/mbermudez/de_02/TFGDataset/img/T2_0167.png|"            eeeeeeeeeeeeeeeeeee    nnnnnn
/data3fast/users/mbermudez/de_02/TFGDataset/img/T2_0292.png|aahhh      nnnn      eeeeeeeeeeeeeeeeeeeee
/data3fast/users/mbermudez/de_02/TFGDataset/img/T2_0071.png|aaa   eee e     sss  eeeeeeechhhhh           e
/data3fast/users/mbermudez/de_02/TFGDataset/img/T2_0952.png|brr      eeeeeeeeeeeeeeeeee          n    n     n
/data3fast/users/mbermudez/de_02/TFGDataset/img/T2_0527.png|deee    eee eee     a   aaaaaa    hheeeeee
/data3fast/users/mbermudez/de_02/TFGDataset/img/T2_0135.png|wiiss     e                e  hhhhhhhhh  iienne
/data3fast/users/mbermudez/de_02/TFGDataset/img/T2_0966.png|lite              eeeeeeeeee     tt             eeee
/data3fast/users/mbermudez/de_02/TFGDataset/img/T2_0096.png|aaa      n        eeeee   e  eeeeeeee
/data3fast/users/mbermudez/de_02/TFGDataset/img/T2_0607.png|gehhh       ssssssssss      ssssssssseeeeeeeee
/data3fast/users/mbermudez/de_02/TFGDataset/img/T2_1216.png|**eeeeeeeeeeeeeeeeee                         
/data3fast/users/mbermudez/de_02/TFGDataset/img/T2_1266.png|"  eeeeessssshhhe        a a        nneee
/data3fast/users/mbermudez/de_02/TFGDataset/img/T2_1241.png|neeeeeeeeeeeeetttt             eeeeeeeeeeeeeeeeeeeee
/data3fast/users/mbermudez/de_02/TFGDataset/img/T2_0119.png|lhhhhhhh   nnnnnnnnnnnnn         eeeeeeettt
/data3fast/users/mbermudez/de_02/TFGDataset/img/T2_1298.png|dee   hhhllleeeeeellleeeeee      eeeeeehlttee
/data3fast/users/mbermudez/de_02/TFGDataset/img/T2_1457.png|ffeeeeeeeeeeeeeeeeeeeeeeeeee       a
/data3fast/users/mbermudez/de_02/TFGDataset/img/T2_0148.png|tttt***           eeeeeeeeeeeeeeeeeeeeeeeeeeeeeeeeeesee
/data3fast/users/mbermudez/de_02/TFGDataset/img/T2_1028.png|ffeeeeeeeeeeeeee         ddd eeeeessshh
/data3fast/users/mbermudez/de_02/TFGDataset/img/T2_0457.png|rrr   eee                      eeeeeeeeee   ssstttt
/data3fast/users/mbermudez/de_02/TFGDataset/img/T2_1062.png|anneeeeeeeeeeeeeeeeeeeeeeeeeeeeesii          ssss   
/data3fast/users/mbermudez/de_02/TFGDataset/img/T2_0345.png|ihhhh            eeeeeeee        neeeeeeeeeeeeee
/data3fast/users/mbermudez/de_02/TFGDataset/img/T2_0453.png|uunndd     e  eeeeeertr    tttt      
/data3fast/users/mbermudez/de_02/TFGDataset/img/T2_1403.png|iiihhh     t      n nnn   eeeeeeeeeeeeee**eeeeii
/data3fast/users/mbermudez/de_02/TFGDataset/img/T2_0923.png|"      eeeee   eeeeeeeeee         eeeeeee
/data3fast/users/mbermudez/de_02/TFGDataset/img/T2_1072.png|oo     eeeeeeehh                                 
/data3fast/users/mbermudez/de_02/TFGDataset/img/T2_0055.png|mhr          eeeeee                       
/data3fast/users/mbermudez/de_02/TFGDataset/img/T2_0565.png|ffeeeeeeee ss   ssa                    eeeecch
/data3fast/users/mbermudez/de_02/TFGDataset/img/T2_1195.png|iihhh aa      eeeeeeeeeee
/data3fast/users/mbermudez/de_02/TFGDataset/img/T2_0445.png|uur eeeeee    d                         aaal
/data3fast/users/mbermudez/de_02/TFGDataset/img/T2_0394.png|unn  eeeeeeeeeeeeeeeeeeeeeeeeeeeeennnnnnnnn
/data3fast/users/mbermudez/de_02/TFGDataset/img/T2_0192.png|tttieeeeeeeeeeeeeeeeeeeeeehh  ss        nnnnn
/data3fast/users/mbermudez/de_02/TFGDataset/img/T2_1286.png|aau             si  siiiiicchhh    eeeeeeeee
/data3fast/users/mbermudez/de_02/TFGDataset/img/T2_1015.png|te            ee eeee                 eeeeee
/data3fast/users/mbermudez/de_02/TFGDataset/img/T2_1385.png|iit      eeeeeeeeeee    e                  hh    eeeehhhhh
/data3fast/users/mbermudez/de_02/TFGDataset/img/T2_0359.png|iieeeeeeeeeee        ss  
/data3fast/users/mbermudez/de_02/TFGDataset/img/T2_0195.png|wali        hhhhhh             err      eeee
/data3fast/users/mbermudez/de_02/TFGDataset/img/T2_1121.png|wlll           eeeeeeeeeeeeeeeeeeeeeeeeeeeeee tts
/data3fast/users/mbermudez/de_02/TFGDataset/img/T2_1222.png|wllll    eeeeeeeeeeeeeeeeeeeeee          e
/data3fast/users/mbermudez/de_02/TFGDataset/img/T2_1098.png|wissssssshhhhhh       e eeesss                 eeesssss
/data3fast/users/mbermudez/de_02/TFGDataset/img/T2_0784.png|de    aa       eeeeeeeeeeeeeeeeeeeeeeeeeeeeeeeeeee
/data3fast/users/mbermudez/de_02/TFGDataset/img/T2_1078.png|eettt   
/data3fast/users/mbermudez/de_02/TFGDataset/img/T2_1294.png|anneeeeeeeeeeeeeeeeeeeeeee                     eheeeh
/data3fast/users/mbermudez/de_02/TFGDataset/img/T2_0636.png|#  
/data3fast/users/mbermudez/de_02/TFGDataset/img/T2_0073.png|aaan    ttttt        eeeeeeeeeeeeeeee
/data3fast/users/mbermudez/de_02/TFGDataset/img/T2_1498.png|de    a     eeeeeeeeeeeeeeeeeee    ssssssssts
/data3fast/users/mbermudez/de_02/TFGDataset/img/T2_0347.png|deee   i iii   ii  ttttttt            eeee
/data3fast/users/mbermudez/de_02/TFGDataset/img/T2_0452.png|"   hhheeeeee  n        aaaaa  sssaaa  hhllhe
/data3fast/users/mbermudez/de_02/TFGDataset/img/T2_0767.png|ss   eeeehheeen e   eeeeeeeeeeeeeeehhhhh
/data3fast/users/mbermudez/de_02/TFGDataset/img/T2_0379.png|dd   eeeeeeeeeee       aa          
/data3fast/users/mbermudez/de_02/TFGDataset/img/T2_1154.png|eeessssstttttt
/data3fast/users/mbermudez/de_02/TFGDataset/img/T2_0076.png|deeeeeeeeeeeeeeeeeee      eeeeeeeeeeee eeee
/data3fast/users/mbermudez/de_02/TFGDataset/img/T2_0426.png|sstt                                        eeesseeeeee
/data3fast/users/mbermudez/de_02/TFGDataset/img/T2_0405.png|wennnnnnnnnneeeeeeeeeeeeeeeeeeeeeeee
/data3fast/users/mbermudez/de_02/TFGDataset/img/T2_1260.png|beeee               ssssscchhhhhaa   en
/data3fast/users/mbermudez/de_02/TFGDataset/img/T2_0016.png|geeeeeeeeettttt
/data3fast/users/mbermudez/de_02/TFGDataset/img/T2_0383.png|hhhhheeeeeeeeeeeeeeee e          aa    eeeeeeeeeeeee
/data3fast/users/mbermudez/de_02/TFGDataset/img/T2_0203.png|d       eeeeeeeeeeeeeeeeee d       as  ssss
/data3fast/users/mbermudez/de_02/TFGDataset/img/T2_0700.png|nnnndeeeeeeeeeeeeeesssssseeeeeeeelllllll     nn
/data3fast/users/mbermudez/de_02/TFGDataset/img/T2_0738.png|geeee               eeeeeeee         aaaaa
/data3fast/users/mbermudez/de_02/TFGDataset/img/T2_0589.png|mii eeeeeeeeeeeeeeeeeeeeeeeeeeeeeeeeeh          t
/data3fast/users/mbermudez/de_02/TFGDataset/img/T2_1248.png|iieeeeee             c t                   nnn
/data3fast/users/mbermudez/de_02/TFGDataset/img/T2_0998.png|"       e      e  eeee   l              ee
/data3fast/users/mbermudez/de_02/TFGDataset/img/T2_0099.png|mnn eeeeeeeeeeeeeeeee  aaaaa         ee          *
/data3fast/users/mbermudez/de_02/TFGDataset/img/T2_0413.png|eee    d   eessssss      aaaaa         ssss
/data3fast/users/mbermudez/de_02/TFGDataset/img/T2_0057.png|llllll a  n        eeeeeeeeeeees s          nnnn
/data3fast/users/mbermudez/de_02/TFGDataset/img/T2_0245.png|geeeeeeeeeeeeeeeeeeeeeee      
/data3fast/users/mbermudez/de_02/TFGDataset/img/T2_0400.png|bnnn      eeeeeeennnee    n  eeeeeeeeeeeeee
/data3fast/users/mbermudez/de_02/TFGDataset/img/T2_0718.png|derrtt                                 eede
/data3fast/users/mbermudez/de_02/TFGDataset/img/T2_0336.png|hhhe     ee e             eeeee      ttttttt
/data3fast/users/mbermudez/de_02/TFGDataset/img/T2_0496.png|iii     eeeeeeeeeeeeeeeeee eessssssa  aaaa  a 
/data3fast/users/mbermudez/de_02/TFGDataset/img/T2_0799.png|ieeeeeeeeeeeehhheeeeeeeeheeee   eeeeeeeeeeeeeeeeee
/data3fast/users/mbermudez/de_02/TFGDataset/img/T2_0919.png|wetttt            s sssseeeeeeheeeeeeeeee    aaaaaa
/data3fast/users/mbermudez/de_02/TFGDataset/img/T2_1450.png|aahh      eeeeeeee eeeeeeeeeeeeeeeeeeeehhhhhhhhh
/data3fast/users/mbermudez/de_02/TFGDataset/img/T2_1275.png|bee          eeeeeeeeeeeeeiieeee  e ee        ssss  eeee
/data3fast/users/mbermudez/de_02/TFGDataset/img/T2_1340.png|eeeettttttt  
/data3fast/users/mbermudez/de_02/TFGDataset/img/T2_0591.png|deeeeeeeeee           eeeeeeeeeeeeeeeeee       aa
/data3fast/users/mbermudez/de_02/TFGDataset/img/T2_0436.png|d  ssssseeeeeeeeeeeeehhhhh              eeeeeeeeeeeee
/data3fast/users/mbermudez/de_02/TFGDataset/img/T2_0001.png|geenddd  eeeeeeeeeeeeeeeeeee       s  sssseeeeee
/data3fast/users/mbermudez/de_02/TFGDataset/img/T2_1162.png|"   eeeeeeeeeeeeell         ssss
/data3fast/users/mbermudez/de_02/TFGDataset/img/T2_1307.png|hhheeeeeeeeee        eeee                 rre
/data3fast/users/mbermudez/de_02/TFGDataset/img/T2_0899.png|iiii    e  eeeeee                        eeeessssss
/data3fast/users/mbermudez/de_02/TFGDataset/img/T2_0249.png|zreeeeeeeeehhhhhhh               eeeeeee         eee
/data3fast/users/mbermudez/de_02/TFGDataset/img/T2_1332.png|oo               eeee          sss             eee
/data3fast/users/mbermudez/de_02/TFGDataset/img/T2_1171.png|ma            eeeiiiee         eeeeeeeeeeeeeee
/data3fast/users/mbermudez/de_02/TFGDataset/img/T2_1448.png|gnnneeeeeeeeee  n nnn aaa       eeeeeeeeeeeeee
/data3fast/users/mbermudez/de_02/TFGDataset/img/T2_0630.png|oleee   nneeeeeeeee
/data3fast/users/mbermudez/de_02/TFGDataset/img/T2_0067.png|sss                     eeeeeeeeee     ssschhhch
/data3fast/users/mbermudez/de_02/TFGDataset/img/T2_1039.png|oo      hhhhhh                             eeerrre
/data3fast/users/mbermudez/de_02/TFGDataset/img/T2_0128.png|ihh    eeeeeeeeeeeehh       eeeeeeeeeee        ed
/data3fast/users/mbermudez/de_02/TFGDataset/img/T2_0444.png|ffrreeeeeeeeeeeee           a  sss  hhh       eeeeee
/data3fast/users/mbermudez/de_02/TFGDataset/img/T2_0162.png|deesssseeeeeeee      eeeeeeeeeeeeeeeeeeeeeeii     n
/data3fast/users/mbermudez/de_02/TFGDataset/img/T2_1354.png|wiieessss              achh aaa   aaa
/data3fast/users/mbermudez/de_02/TFGDataset/img/T2_0560.png|aalssshhhhhhhhhh         ccttttt       eeeeee
/data3fast/users/mbermudez/de_02/TFGDataset/img/T2_0514.png|das   eeeeeeeeeeeeeee e eeeeee     eeeeeeeeeeeeeeee    nnn
/data3fast/users/mbermudez/de_02/TFGDataset/img/T2_0374.png|aaaa         hhhhheeeeeeeeeeeee      ssssss
/data3fast/users/mbermudez/de_02/TFGDataset/img/T2_0477.png|iiiiitte       e  eee eeeeeeeeee eiiieeee          
/data3fast/users/mbermudez/de_02/TFGDataset/img/T2_0707.png|se      e       a           eeeeeee                   d
/data3fast/users/mbermudez/de_02/TFGDataset/img/T2_0146.png|sssssssssssss  eeeeeeeeeeeeeeeeiieeennnnnnnee
/data3fast/users/mbermudez/de_02/TFGDataset/img/T2_0897.png|geeeeeeeeeeeeeeeeeeeeeeeeeeeee           eee
/data3fast/users/mbermudez/de_02/TFGDataset/img/T2_0007.png|eee   nnn  a  eeeee eeeee  eeeeeeeeeeeeee
/data3fast/users/mbermudez/de_02/TFGDataset/img/T2_0696.png|onn  eeeeeeeeeeeeenn    nnn        eeeeeeeeeihh
/data3fast/users/mbermudez/de_02/TFGDataset/img/T2_0201.png|gressssssseeeeeee eeee         eee e        eeee  e       
/data3fast/users/mbermudez/de_02/TFGDataset/img/T2_0300.png|nnhh                  tttttt              rrn
/data3fast/users/mbermudez/de_02/TFGDataset/img/T2_0507.png|iiii         s  eeeeeeeeeeeeeeeeeeeeeeeeeee        a  
/data3fast/users/mbermudez/de_02/TFGDataset/img/T2_0963.png|uuu    ee  aaaaa                       sssssss
/data3fast/users/mbermudez/de_02/TFGDataset/img/T2_0996.png|di              eee  ***************          sssss
/data3fast/users/mbermudez/de_02/TFGDataset/img/T2_0397.png|bba      eeeeeeeeeeeeeeeeeeeeeessssstttt
/data3fast/users/mbermudez/de_02/TFGDataset/img/T2_0817.png|dee      eee   ee    eeeeeeeeeeeeeeeeeeeeeee eeeeeeeeeee
/data3fast/users/mbermudez/de_02/TFGDataset/img/T2_1291.png|ann    eeeeeeeeeeeee i i        eeeeeeeeeee
/data3fast/users/mbermudez/de_02/TFGDataset/img/T2_0125.png|daa               ttttttt           eeeeeeedd
/data3fast/users/mbermudez/de_02/TFGDataset/img/T2_0317.png|wwii        h    eeeeeee           ee sssssccchhhh
/data3fast/users/mbermudez/de_02/TFGDataset/img/T2_0517.png|oo        eeeeeeeeeeeeeeeeeeeeeeee      eeeeeeeeeeee
/data3fast/users/mbermudez/de_02/TFGDataset/img/T2_1406.png|dee           eeeeeeeeeeeee                hheeeeeeeeeee
/data3fast/users/mbermudez/de_02/TFGDataset/img/T2_1180.png|neeeeee            tt  ssssssst            e
/data3fast/users/mbermudez/de_02/TFGDataset/img/T2_0319.png|siheeee  e                               eeeeeeeehh
/data3fast/users/mbermudez/de_02/TFGDataset/img/T2_0568.png|hheeee           s           eeeeeeeeee   tt
/data3fast/users/mbermudez/de_02/TFGDataset/img/T2_0913.png|oot       eeeeeehhhhheeeeeeeeeeeeeeeeeettttttt
/data3fast/users/mbermudez/de_02/TFGDataset/img/T2_0644.png|eeeeeeeeeeeeeeeeeeeeeeeeeeeeeeeeeeeee       e eee
/data3fast/users/mbermudez/de_02/TFGDataset/img/T2_0012.png|tte                        eeeeeeeeeee eeeee
/data3fast/users/mbermudez/de_02/TFGDataset/img/T2_0753.png|aasseeeeeeeeeeeeeeeeeeeeee    e      aaaa
/data3fast/users/mbermudez/de_02/TFGDataset/img/T2_0026.png|miieeeeeeeeeeeeeeeeeeeeeeeeeeeeee dddd    ssssssss
/data3fast/users/mbermudez/de_02/TFGDataset/img/T2_1053.png|dee            sssss        sssssssss
/data3fast/users/mbermudez/de_02/TFGDataset/img/T2_1376.png|mnn              heeeeeeeeeeee       nnn
/data3fast/users/mbermudez/de_02/TFGDataset/img/T2_0204.png|# 
/data3fast/users/mbermudez/de_02/TFGDataset/img/T2_0170.png|weees     dddd  eeeeeeeee   ss     ee
/data3fast/users/mbermudez/de_02/TFGDataset/img/T2_1328.png|der    aaa            eeeeeeee          neee
/data3fast/users/mbermudez/de_02/TFGDataset/img/T2_1204.png|gghhhhhh  ssssseeeeeeeeeeeeeeeeeeee eeeeeeeeeeeeeeeee
/data3fast/users/mbermudez/de_02/TFGDataset/img/T2_0547.png|iiit ttttt       e                  hhh     nnnnnn
/data3fast/users/mbermudez/de_02/TFGDataset/img/T2_1484.png|dasss eeeeeeeeeeeeennnnneeeeeeeeeeeeeeeee     ttt
/data3fast/users/mbermudez/de_02/TFGDataset/img/T2_0200.png|ssssshhhhhhhhhh                  eesssssssttttssssssh
/data3fast/users/mbermudez/de_02/TFGDataset/img/T2_0904.png|eeesslllllleeeeeeeeeee           eeeeeeee
/data3fast/users/mbermudez/de_02/TFGDataset/img/T2_0059.png|ber dnnnnnnnn  eeeellleeeeeeeeeeeeeeee dddddd
/data3fast/users/mbermudez/de_02/TFGDataset/img/T2_1371.png|dasseeeeeeeee                                        
/data3fast/users/mbermudez/de_02/TFGDataset/img/T2_0043.png|das        eeeeeeeeeeeeeeeeeeeeeeeeeeeeee
/data3fast/users/mbermudez/de_02/TFGDataset/img/T2_0084.png|wnneeee    tttt        tt  eeeeeee  e e          eeeeeeeeee
/data3fast/users/mbermudez/de_02/TFGDataset/img/T2_0435.png|neee       e          eeeeeeeeeeeee           nnaan
/data3fast/users/mbermudez/de_02/TFGDataset/img/T2_0835.png|dee     a             eee     tt ttt               
/data3fast/users/mbermudez/de_02/TFGDataset/img/T2_1370.png|inn      eeeeeee  sssssssshhhhhhhhhh     eeeeee
/data3fast/users/mbermudez/de_02/TFGDataset/img/T2_1305.png|vrrrhhhhhhhhhh                       e            eeeee
/data3fast/users/mbermudez/de_02/TFGDataset/img/T2_1253.png|bbs      neeeeeeeeeee           
/data3fast/users/mbermudez/de_02/TFGDataset/img/T2_0541.png|geeeeee         eeeeeee     ssssesesssssssssssss
/data3fast/users/mbermudez/de_02/TFGDataset/img/T2_0231.png|wssssssss               eeeeeeeeee        eeeeeeeeee
/data3fast/users/mbermudez/de_02/TFGDataset/img/T2_0130.png|hhheeeeeeeeeeeee   iih              eeeeeee     ssss
/data3fast/users/mbermudez/de_02/TFGDataset/img/T2_0017.png|dee    nnnn           eeeeeeeeeeeeeeeee
/data3fast/users/mbermudez/de_02/TFGDataset/img/T2_0106.png|"   sssss   e ee          eeeeeeeee
/data3fast/users/mbermudez/de_02/TFGDataset/img/T2_0378.png|"     eeeeeeeeee       n         sehheeeeeeeeeeeeeeeee
/data3fast/users/mbermudez/de_02/TFGDataset/img/T2_0540.png|# 
/data3fast/users/mbermudez/de_02/TFGDataset/img/T2_1165.png|deeeeeeeeeeeeeeeee   s        eeeee            eeeeeee
/data3fast/users/mbermudez/de_02/TFGDataset/img/T2_1417.png|hhhh    d  dd                     ett
/data3fast/users/mbermudez/de_02/TFGDataset/img/T2_0703.png|geeehhh      ttt                 a aa
/data3fast/users/mbermudez/de_02/TFGDataset/img/T2_0449.png|zueeeeeeeeeehhhh          e           iin nnnnnc
/data3fast/users/mbermudez/de_02/TFGDataset/img/T2_1408.png|#  eetttttttttt
/data3fast/users/mbermudez/de_02/TFGDataset/img/T2_0660.png|sn            sssssssssssllleeeeeeeeeeeeeeee
/data3fast/users/mbermudez/de_02/TFGDataset/img/T2_1289.png|ffreeeeeeeeeeee eeeeeeeeeeeeeeeeeeeeeee            ssas
/data3fast/users/mbermudez/de_02/TFGDataset/img/T2_0295.png|geeeehh       n n eeeeeeeneeee     aaaaa
/data3fast/users/mbermudez/de_02/TFGDataset/img/T2_0358.png|"   sssshhhh le eeeeeeeee    s eeeeeeeeeeeee
/data3fast/users/mbermudez/de_02/TFGDataset/img/T2_0582.png|aaaa       eeeeeeeeeeeeeeeeeeeeitttttt
/data3fast/users/mbermudez/de_02/TFGDataset/img/T2_1073.png|# 
/data3fast/users/mbermudez/de_02/TFGDataset/img/T2_1324.png|hhh                     ee        hh            eee
/data3fast/users/mbermudez/de_02/TFGDataset/img/T2_0915.png|llllleeeeeeeeeeeeeeeeeeeeeeeeeeeeee  s       eee
/data3fast/users/mbermudez/de_02/TFGDataset/img/T2_0112.png|aasss      eeeee    ee    d   d                      sss
/data3fast/users/mbermudez/de_02/TFGDataset/img/T2_0787.png|eeeee     nnnnieeeeneee    nn       aa eeeee
/data3fast/users/mbermudez/de_02/TFGDataset/img/T2_1411.png|mii    eeeeeeeeeeeeee          rettt
/data3fast/users/mbermudez/de_02/TFGDataset/img/T2_0365.png|ss         d deeeeeeeeeee
/data3fast/users/mbermudez/de_02/TFGDataset/img/T2_1115.png|iieeeeeeeeeeeeeeeeeeeeeeeee            rr
/data3fast/users/mbermudez/de_02/TFGDataset/img/T2_0728.png|iii       eeeeeeeeeeeeeeeeeee nnn      ssst
/data3fast/users/mbermudez/de_02/TFGDataset/img/T2_1229.png|"         aa            s s s       ehhhhhhh
/data3fast/users/mbermudez/de_02/TFGDataset/img/T2_0443.png|dee eeeeeeieeeeeeeeeeeeeeeeeeeeeesssssseet
/data3fast/users/mbermudez/de_02/TFGDataset/img/T2_0786.png|ooo   hhhhhhheeeeeeeeeeeeeeeeeee       eeiihhhhh
/data3fast/users/mbermudez/de_02/TFGDataset/img/T2_1192.png|oo   eeeeeeeeeeeeeeeeeeee ss                    eeeeeeeeeee
/data3fast/users/mbermudez/de_02/TFGDataset/img/T2_0038.png|schhh       e eeeee eeeee eesseeeheeeeeeeee     
/data3fast/users/mbermudez/de_02/TFGDataset/img/T2_0726.png|"     eeeeeeeeeee    aa  ssssssss    nnn
/data3fast/users/mbermudez/de_02/TFGDataset/img/T2_1161.png|nnn eeeeeeeehhhhhhh     eeeeeeeeeeeeeeee     eeee
/data3fast/users/mbermudez/de_02/TFGDataset/img/T2_0247.png|aaa                   eee  leleeee     eeee
/data3fast/users/mbermudez/de_02/TFGDataset/img/T2_0127.png|daaa       eeeeeeeeeeeeeeeee **     eeeeeeeeeeeeeeN
/data3fast/users/mbermudez/de_02/TFGDataset/img/T2_1047.png|sss    aaa ssssssssseeeeeeeeeeeeeeeeeeeeeeee
/data3fast/users/mbermudez/de_02/TFGDataset/img/T2_0977.png|eee dddnnnnnnn       ieeeeeeee       eeeeeeeeee
/data3fast/users/mbermudez/de_02/TFGDataset/img/T2_0823.png|sstt           ssss     e eeeeee      cccchhhh
/data3fast/users/mbermudez/de_02/TFGDataset/img/T2_0324.png|iiiiiichhhhhhh    nn       elleeeeeee  e
/data3fast/users/mbermudez/de_02/TFGDataset/img/T2_0780.png|o    eeeee*******...
/data3fast/users/mbermudez/de_02/TFGDataset/img/T2_0036.png|wwr         eeeeeeeeeeeeeeeeeee        
/data3fast/users/mbermudez/de_02/TFGDataset/img/T2_1274.png|aass     e eessssssssss     eeeeeeeeee
/data3fast/users/mbermudez/de_02/TFGDataset/img/T2_0188.png|hhheeeeeeeessssss        eeeeeeeeeeeeeeeeeeeeeeeeee
/data3fast/users/mbermudez/de_02/TFGDataset/img/T2_1495.png|iee         seeeesssssseeh        nnn         i
/data3fast/users/mbermudez/de_02/TFGDataset/img/T2_0206.png|uun  eeeeeeeeeeeeeeeeeeeeeeee              t
/data3fast/users/mbermudez/de_02/TFGDataset/img/T2_0659.png|eeehhhhhhhhhhhhh hhh       hh             e ..
/data3fast/users/mbermudez/de_02/TFGDataset/img/T2_0801.png|eeessss         eeeeeeeeeeeee      aaa        e
/data3fast/users/mbermudez/de_02/TFGDataset/img/T2_0894.png|un   eeeeeeeeeeeeeeeeeeeee  eeee eee            nnnnnn
/data3fast/users/mbermudez/de_02/TFGDataset/img/T2_1232.png|ggeeeeeeeeeeeeeeeeeee  eeeeeeeeeeee          aaaa
/data3fast/users/mbermudez/de_02/TFGDataset/img/T2_0213.png|ooo       eeeeeeeee     eeeeeee  eeeeeeeeeeeeriii
/data3fast/users/mbermudez/de_02/TFGDataset/img/T2_0255.png|"          nn          eeeeee     eeeeeee
/data3fast/users/mbermudez/de_02/TFGDataset/img/T2_0735.png|feeeettttttttttt
/data3fast/users/mbermudez/de_02/TFGDataset/img/T2_1382.png|deesssssseee  ee ee ee          hch sshhhhh  eeeeeNNN
/data3fast/users/mbermudez/de_02/TFGDataset/img/T2_0500.png|geeeeeeee                             eeee
/data3fast/users/mbermudez/de_02/TFGDataset/img/T2_1176.png|nnneeeeeeeeeeeeee          hhhhheeeeeeeeeeeesss
/data3fast/users/mbermudez/de_02/TFGDataset/img/T2_1374.png|oee     nnn nneiiiiini           eee
/data3fast/users/mbermudez/de_02/TFGDataset/img/T2_1425.png|stttt    ee  deeeeeeeeeeeeeeeeeeeeeeeee
/data3fast/users/mbermudez/de_02/TFGDataset/img/T2_1377.png|wlllaaa    a            hhh eeeeeeee
/data3fast/users/mbermudez/de_02/TFGDataset/img/T2_0298.png|uun  e chhhhh   a  a    nnn           eeeeeeeeeeeeeeeeee
/data3fast/users/mbermudez/de_02/TFGDataset/img/T2_1244.png|hhheeeeeeee              sssssseee  eeeee
/data3fast/users/mbermudez/de_02/TFGDataset/img/T2_0416.png|ssshh                  s                eeeeetttttttt
/data3fast/users/mbermudez/de_02/TFGDataset/img/T2_0815.png|deeeeeeeeeeeeeeee         ie nnn  nndeeeeeeeeee
/data3fast/users/mbermudez/de_02/TFGDataset/img/T2_0740.png|dee  e  eeeeeee****     ss         es sssss  ssss            a
/data3fast/users/mbermudez/de_02/TFGDataset/img/T2_1213.png|"   eeeeeeehhhhhhhhheee          a a   ssssss
/data3fast/users/mbermudez/de_02/TFGDataset/img/T2_0063.png|een  nnnn     eeeeeeeh t              ssss          
/data3fast/users/mbermudez/de_02/TFGDataset/img/T2_1093.png|rrr aa        eeeeeeeeeeeeeeeeeeeeeeeeeeee   ee
/data3fast/users/mbermudez/de_02/TFGDataset/img/T2_0683.png|eeeesssssssseeeeee     eeeee  neeeeeiiieeee
/data3fast/users/mbermudez/de_02/TFGDataset/img/T2_1088.png|uunneeeeeeeeeeeeeeee  e                s     shh
/data3fast/users/mbermudez/de_02/TFGDataset/img/T2_0506.png|zur   eet                              sssssss
/data3fast/users/mbermudez/de_02/TFGDataset/img/T2_1089.png|inn  eeeeeeeeeeeeeeeeeeeeeeeeeeeeeeeeeeeees   eeeee
/data3fast/users/mbermudez/de_02/TFGDataset/img/T2_0140.png|geeesssssssss         ssseee         e      eeeee i
/data3fast/users/mbermudez/de_02/TFGDataset/img/T2_1193.png|wwe       eeeeeeessssssseeeeeeeeeesssss            
/data3fast/users/mbermudez/de_02/TFGDataset/img/T2_0080.png|man         eeeeeeeeeeeeeeeeeeeeeeeeeeeeeeeeee
/data3fast/users/mbermudez/de_02/TFGDataset/img/T2_1116.png|dee   aaaa aaaaaaaaaaa     sss    aaa   aa
/data3fast/users/mbermudez/de_02/TFGDataset/img/T2_1407.png|eeehhhh              ee e  ee     eeesssssssssss
/data3fast/users/mbermudez/de_02/TFGDataset/img/T2_0822.png|uunn    aaa aa     aaa   aaaaa  hhhhhh
/data3fast/users/mbermudez/de_02/TFGDataset/img/T2_0120.png|aaseeeeeeeeeeeeeeeeee                 eeeeeee
/data3fast/users/mbermudez/de_02/TFGDataset/img/T2_0427.png|aaa        n  nhhhheeeeeeeeeeeeeeeeeeeeeeeeeee
/data3fast/users/mbermudez/de_02/TFGDataset/img/T2_0475.png|iii      ee        hhheeeeeeeeeeeeeeeeeeeeeiiiee
/data3fast/users/mbermudez/de_02/TFGDataset/img/T2_0403.png|unn               ereeeeeeeeeeeeeeeeeeeeettt
/data3fast/users/mbermudez/de_02/TFGDataset/img/T2_0215.png|eet            eeee                   n     eeeeeeee
/data3fast/users/mbermudez/de_02/TFGDataset/img/T2_0433.png|geeeeeee                  iee heh        nd
/data3fast/users/mbermudez/de_02/TFGDataset/img/T2_0681.png|deessssssssssssssssss   nn     eeeeeeeeeeeeeeeeeeee
/data3fast/users/mbermudez/de_02/TFGDataset/img/T2_0172.png|dee    aa    eeeee e eee    eeeee eee  e             sshhh
/data3fast/users/mbermudez/de_02/TFGDataset/img/T2_0920.png|hhrrrrreeeeeeeeeee e r rr            eeeeee
/data3fast/users/mbermudez/de_02/TFGDataset/img/T2_0454.png|shhh   eeeeeeeeeeeeeeeeeee              nnnn
/data3fast/users/mbermudez/de_02/TFGDataset/img/T2_0291.png|reessssssss     eeeee                         nn
/data3fast/users/mbermudez/de_02/TFGDataset/img/T2_0576.png|geeee                        eee       nnnn
/data3fast/users/mbermudez/de_02/TFGDataset/img/T2_0669.png|dieeeeeeeeeeeeeeeeeeeeee   aaaa     ttttt
/data3fast/users/mbermudez/de_02/TFGDataset/img/T2_0468.png|aaa     eeeeeeeeeeee   e    eeeieeeiiiie       ss
/data3fast/users/mbermudez/de_02/TFGDataset/img/T2_0110.png|ooossssshhhhhhhhhee         eeeeeeeeeeeee    enn
/data3fast/users/mbermudez/de_02/TFGDataset/img/T2_0791.png|sschhhhhhtt                     ee             ttt
/data3fast/users/mbermudez/de_02/TFGDataset/img/T2_0027.png|eer   annnnnnnnn       tt    ss
/data3fast/users/mbermudez/de_02/TFGDataset/img/T2_1071.png|nnn esssseeeeeee                    eeeeeeeeeeeeeeee
/data3fast/users/mbermudez/de_02/TFGDataset/img/T2_0916.png|eeee  ss     tttt               eeeeeeeeeeeeeeeeeeee
/data3fast/users/mbermudez/de_02/TFGDataset/img/T2_1237.png|aa     ssssssesss ss              a  aaleeeeee
/data3fast/users/mbermudez/de_02/TFGDataset/img/T2_0348.png|wrrt                   sssss        eeee   tttttt
/data3fast/users/mbermudez/de_02/TFGDataset/img/T2_0355.png|der       e eeeeee**** * **     nn     d   eeeeess
/data3fast/users/mbermudez/de_02/TFGDataset/img/T2_0716.png|ieehhhhhh             h      eee  hhh     hh      ssss
/data3fast/users/mbermudez/de_02/TFGDataset/img/T2_0692.png|**eeee   iii hhhh             e      eeeeeeeeeeeeeeeee
/data3fast/users/mbermudez/de_02/TFGDataset/img/T2_0890.png|eeeeed        ssssssssheelllleeeeeeeeeeeeeee   aaa
/data3fast/users/mbermudez/de_02/TFGDataset/img/T2_0271.png|mmm                  e       n nnn     sseeeee
/data3fast/users/mbermudez/de_02/TFGDataset/img/T2_0502.png|glll     nnneeeeeeehhnnnn      eeeeeee
/data3fast/users/mbermudez/de_02/TFGDataset/img/T2_1200.png|# 
/data3fast/users/mbermudez/de_02/TFGDataset/img/T2_0234.png|deeeeeeeeeee      a     eeeeeeeeeeeeeeee
/data3fast/users/mbermudez/de_02/TFGDataset/img/T2_0592.png|nnssseeeeeeeeeeeeeee           eeeee              
/data3fast/users/mbermudez/de_02/TFGDataset/img/T2_0458.png|di              aa               eeeeeeeeeeeeeeeeeees
/data3fast/users/mbermudez/de_02/TFGDataset/img/T2_1269.png|tttteeessssee eeeeeeeeeeeeeeeeeeeeeee   ttttthth
/data3fast/users/mbermudez/de_02/TFGDataset/img/T2_1056.png|deeeeeeeeeeeeeeeeeeeesssssssssseeeeeeeeeeee    eeeeeeeeeee
/data3fast/users/mbermudez/de_02/TFGDataset/img/T2_0061.png|or        eeeeeeeeeeeee           
/data3fast/users/mbermudez/de_02/TFGDataset/img/T2_1174.png|hhh                     eeeeeeeeeeeeeeeeeeeeeeeeee
/data3fast/users/mbermudez/de_02/TFGDataset/img/T2_0267.png|derre hheh                  eeeee         n eee
/data3fast/users/mbermudez/de_02/TFGDataset/img/T2_1254.png|mii  eeeeeeeeeeee nnn             eeeeeeeeeeeeeee
/data3fast/users/mbermudez/de_02/TFGDataset/img/T2_0929.png|ttt         ssssssssee iiiiii nnnnnnnnnnnnn
/data3fast/users/mbermudez/de_02/TFGDataset/img/T2_1491.png|aas       eee**************   eesssssshshh     eee
/data3fast/users/mbermudez/de_02/TFGDataset/img/T2_1314.png|uuu  eeeeeeelele       hh   allll              nn
/data3fast/users/mbermudez/de_02/TFGDataset/img/T2_0113.png|iiiihtttttttt                   eeeeeeeeeeeeee  eees
/data3fast/users/mbermudez/de_02/TFGDataset/img/T2_1119.png|"i eeeeeeeeeeeeeeee n              ssssss   stttt   
/data3fast/users/mbermudez/de_02/TFGDataset/img/T2_0486.png|dee           e  essssshhhhhh               hhhhhh
/data3fast/users/mbermudez/de_02/TFGDataset/img/T2_0606.png|weeeeeeeee                 eeeeeeeeeeeeeeeeieee
/data3fast/users/mbermudez/de_02/TFGDataset/img/T2_1492.png|schhhh         eeee e eeeeeeeeeeeeeeeeeee  llllaaa
/data3fast/users/mbermudez/de_02/TFGDataset/img/T2_0343.png|ss  eeeeeeeeeeeeeeeeeeeeeeeeeeeeeeeeeeeeeeee
/data3fast/users/mbermudez/de_02/TFGDataset/img/T2_0471.png|aeeeeee       h                eeeede  rrrrrrttttt
/data3fast/users/mbermudez/de_02/TFGDataset/img/T2_0354.png|ihhh             ee eeeeeeeeeeeeeeehhheeeee  aaaa
/data3fast/users/mbermudez/de_02/TFGDataset/img/T2_0476.png|deee   eeee        ee
/data3fast/users/mbermudez/de_02/TFGDataset/img/T2_1278.png|bbe       eeeeeeeeeeeeeeeeee                   .
/data3fast/users/mbermudez/de_02/TFGDataset/img/T2_0652.png|geee ssssaaaaa      ssss              **********
/data3fast/users/mbermudez/de_02/TFGDataset/img/T2_1163.png|wweeeesssssss    aaa                eeeeee
/data3fast/users/mbermudez/de_02/TFGDataset/img/T2_1336.png|eeih   ttttttt    
/data3fast/users/mbermudez/de_02/TFGDataset/img/T2_0030.png|deeeeeeeeeeeeeeeeeeeeeeeee   ee                  eeee
/data3fast/users/mbermudez/de_02/TFGDataset/img/T2_1329.png|sschttttttttt       eeeeee                 sssss
/data3fast/users/mbermudez/de_02/TFGDataset/img/T2_0229.png|iihhhhh        eeeeeeeeeeeeeeeeeeeeeeeeeeeee       e
/data3fast/users/mbermudez/de_02/TFGDataset/img/T2_1077.png|sseeeeeeeeeeeeii           aa  aaaa   sssheee
/data3fast/users/mbermudez/de_02/TFGDataset/img/T2_0719.png|uurreeeeeeeieiieeeennnnne       aaaaaaa u
/data3fast/users/mbermudez/de_02/TFGDataset/img/T2_0199.png|wlleeeeeeeeeeeeeeeeeeeee         eeeehhhh
/data3fast/users/mbermudez/de_02/TFGDataset/img/T2_1137.png|wii   sss                 e          eeee eee n
/data3fast/users/mbermudez/de_02/TFGDataset/img/T2_0567.png|dnn eeeeetiitttt            aaaaaaaaaaaaaaaeee
/data3fast/users/mbermudez/de_02/TFGDataset/img/T2_0393.png|ossss           e  e  e        itttttt   aa
/data3fast/users/mbermudez/de_02/TFGDataset/img/T2_0191.png|eee     eeeeeeeeeeeeeeeeeee             eee
/data3fast/users/mbermudez/de_02/TFGDataset/img/T2_0570.png|llls      eeeeeeeeeeeeeee    sss     s  ss       nnnnh
/data3fast/users/mbermudez/de_02/TFGDataset/img/T2_0698.png|"        nihhhheeeeeeeeeeeeeeeeehhheeeeeeeeee
/data3fast/users/mbermudez/de_02/TFGDataset/img/T2_0331.png|# 
/data3fast/users/mbermudez/de_02/TFGDataset/img/T2_0101.png|# 
/data3fast/users/mbermudez/de_02/TFGDataset/img/T2_1099.png|hhh              n nn            ssssseeeeeeeeeeeee
/data3fast/users/mbermudez/de_02/TFGDataset/img/T2_0664.png|i    eeeeeeeeeee         h        ee      sssss
/data3fast/users/mbermudez/de_02/TFGDataset/img/T2_1468.png|aaah      hhh                               hhhhhhhh
/data3fast/users/mbermudez/de_02/TFGDataset/img/T2_0538.png|d                    eeeeeeeeeeeeee        eee
/data3fast/users/mbermudez/de_02/TFGDataset/img/T2_1419.png|geee              ttttt    eeeeeeeeeee    eeeeee
/data3fast/users/mbermudez/de_02/TFGDataset/img/T2_0945.png|iiii       eeeeeeeeeeeeeeeehhhh          
/data3fast/users/mbermudez/de_02/TFGDataset/img/T2_1441.png|beee                          aaaaa    eeeeeelltt
/data3fast/users/mbermudez/de_02/TFGDataset/img/T2_0762.png|eerreeeeeeeeeeeeeee      
/data3fast/users/mbermudez/de_02/TFGDataset/img/T2_0672.png|inneeeeeeeeed   n e eeeeeeeeeeeeetteeeee
/data3fast/users/mbermudez/de_02/TFGDataset/img/T2_0687.png|aaalllhhh        eeeeeeeeeeeeeeeeeeeeeeeeeeeeeee
/data3fast/users/mbermudez/de_02/TFGDataset/img/T2_1251.png|beeee      eeeeeeeeeeeeeeeeeeeeeeeeeettttttt
/data3fast/users/mbermudez/de_02/TFGDataset/img/T2_0389.png|geeeee    eeeeeee   t           h h sssssssssss
/data3fast/users/mbermudez/de_02/TFGDataset/img/T2_1170.png|oo   eeeeee       nnnnnnn     n n    tttt
/data3fast/users/mbermudez/de_02/TFGDataset/img/T2_0108.png|dass   eeeeeeeiiieeeeeeeiieeeeeee        nnnee
/data3fast/users/mbermudez/de_02/TFGDataset/img/T2_0451.png|gleeeeeeeeee    ii              saa         ee
/data3fast/users/mbermudez/de_02/TFGDataset/img/T2_1169.png|derr    ttttt                eeeee     aaaaaa   e
/data3fast/users/mbermudez/de_02/TFGDataset/img/T2_0789.png|das  eeeeeeeeeeeeeeeeeeeeeeeeeee       eeeeeee
/data3fast/users/mbermudez/de_02/TFGDataset/img/T2_0259.png|der           eeeeeee   eee                      
/data3fast/users/mbermudez/de_02/TFGDataset/img/T2_0650.png|alleeeeeeeeeeeeeeeeeeeeeeeeee                   sssshh
/data3fast/users/mbermudez/de_02/TFGDataset/img/T2_1416.png|deeeeeeeeeee      nnnnnnn aaaa aa     reeeee
/data3fast/users/mbermudez/de_02/TFGDataset/img/T2_1055.png|ieeeeeee     aa     t ttt     issssss
/data3fast/users/mbermudez/de_02/TFGDataset/img/T2_0278.png|orrr  eeeehhhheeeeeeeeeeeeeeeeeeeeeeeeeeeeeeetttttttt
/data3fast/users/mbermudez/de_02/TFGDataset/img/T2_0352.png|feennnnnnndn                    sssstttttttttt
/data3fast/users/mbermudez/de_02/TFGDataset/img/T2_0859.png|tttt    a                 sssss         n
/data3fast/users/mbermudez/de_02/TFGDataset/img/T2_0744.png|deee   e                                       hhh
/data3fast/users/mbermudez/de_02/TFGDataset/img/T2_1303.png|dnn eeeeeeeeeee e ee  eeeeeeeeeeee  e    eeeee
/data3fast/users/mbermudez/de_02/TFGDataset/img/T2_1016.png|iee    ssiiiiiii  neeeeeeeee eeeeee    eee     eeee
/data3fast/users/mbermudez/de_02/TFGDataset/img/T2_1223.png|hha         ssssssssssseee    ssss          dd
/data3fast/users/mbermudez/de_02/TFGDataset/img/T2_1224.png|so    eeeeeeeeeeeeeeeeeeeeehhhlllls       nnnn
/data3fast/users/mbermudez/de_02/TFGDataset/img/T2_1451.png|dii         ss  s  eeeessseesehhhhh        eee
/data3fast/users/mbermudez/de_02/TFGDataset/img/T2_0892.png|nnnn           eeeeeeeeeeeeeeeeeeeeeeeesseeeeeeeee
/data3fast/users/mbermudez/de_02/TFGDataset/img/T2_1455.png|uu   eeeeeeehehhhhhhhhh  hh h         n  iiieeee
/data3fast/users/mbermudez/de_02/TFGDataset/img/T2_1065.png|llleee eeneeeeeehhhhhhh           eeeeeeeee        
/data3fast/users/mbermudez/de_02/TFGDataset/img/T2_1285.png|"      eeeeeeeeeeeeee    eeeeeeeeeeeee c  e eeeeeeeeeeeeee
/data3fast/users/mbermudez/de_02/TFGDataset/img/T2_0702.png|hhheeeessssssssseessssttttt        eeeee
/data3fast/users/mbermudez/de_02/TFGDataset/img/T2_1230.png|aaa   eeeeeeeeeeeeeeeeee  e    e  ii i   eeeeee
/data3fast/users/mbermudez/de_02/TFGDataset/img/T2_1146.png|see  nnnnnn   eeeeeeeeeee    ssssssss
/data3fast/users/mbermudez/de_02/TFGDataset/img/T2_0940.png|deeeeeeeeeeeeee              eeeeee       d eeeeee
/data3fast/users/mbermudez/de_02/TFGDataset/img/T2_0925.png|zzlreeeeeeeeeeeeeeeeeee  eeehhh        aaaaaa
/data3fast/users/mbermudez/de_02/TFGDataset/img/T2_0907.png|wweeeeeeeeeeeee ***e***eee             ahhhhh
/data3fast/users/mbermudez/de_02/TFGDataset/img/T2_1270.png|nnnsssssssss              eeeeeeeeeeeeeee
/data3fast/users/mbermudez/de_02/TFGDataset/img/T2_0990.png|drrrrrr           aaaa   eeeeeeeeeeeee
/data3fast/users/mbermudez/de_02/TFGDataset/img/T2_0656.png|mrr           eeeeeeeeeeeeeeeeeeeeeeeeeeeeeeeeeeeeee
/data3fast/users/mbermudez/de_02/TFGDataset/img/T2_1464.png|iee                dn n  nddeeeeeeeee  hhhhhhhhh
/data3fast/users/mbermudez/de_02/TFGDataset/img/T2_0572.png|frrrdddd  d   eeeeeeeeeeeeee                    ttttt
/data3fast/users/mbermudez/de_02/TFGDataset/img/T2_0228.png|"   eeeeeehhhhieeeeeeeeeeeeee nn  e  e sssssss
/data3fast/users/mbermudez/de_02/TFGDataset/img/T2_0985.png|deer  eeeeeeee            ssss    hhhhhhhhhh hhhhhhha
/data3fast/users/mbermudez/de_02/TFGDataset/img/T2_0882.png|weeeeeeeee  eeeeeeeeee d eeee e          hh
/data3fast/users/mbermudez/de_02/TFGDataset/img/T2_0848.png|ggee    tttt               e sssss           eeee
/data3fast/users/mbermudez/de_02/TFGDataset/img/T2_1256.png|neeeeeee*                eeeeee          eeeeeee
/data3fast/users/mbermudez/de_02/TFGDataset/img/T2_1489.png|aahhhhh                   nnnn        eeetttt
/data3fast/users/mbermudez/de_02/TFGDataset/img/T2_0958.png|dee                 s      s  sa        eeeeeeeee
/data3fast/users/mbermudez/de_02/TFGDataset/img/T2_0921.png|d                     ssssseetttt t .
/data3fast/users/mbermudez/de_02/TFGDataset/img/T2_0190.png|iiih  eeeeeeee     i i   tssiii                e
/data3fast/users/mbermudez/de_02/TFGDataset/img/T2_0699.png|sheeeeeeeeeeeeee   eeee e  eeeeee  eeee       aaaaa
/data3fast/users/mbermudez/de_02/TFGDataset/img/T2_1036.png|hhheeeeeeeeeesssseeeeesssss             eeeeeeee
/data3fast/users/mbermudez/de_02/TFGDataset/img/T2_0927.png|weeeeeeeeeeeeehhhhehheeeeeeeeeeeeeeee     e eee ee
/data3fast/users/mbermudez/de_02/TFGDataset/img/T2_0232.png|weeee  ssssssssseeeeeeeeeeeeeeeeeeeeeeeeeeeeeeee
/data3fast/users/mbermudez/de_02/TFGDataset/img/T2_0556.png|mrr     eeeeeeeee                             t
/data3fast/users/mbermudez/de_02/TFGDataset/img/T2_0070.png|deesstthhhtttt           eeeeeeeeiiiieeeee
/data3fast/users/mbermudez/de_02/TFGDataset/img/T2_1159.png|uuu       aaaaa      d    eeeeeeeeeeeeeeeeee
/data3fast/users/mbermudez/de_02/TFGDataset/img/T2_0549.png|eessttttt
/data3fast/users/mbermudez/de_02/TFGDataset/img/T2_0932.png|eeeee               rrrrrererrre  eeeeeeeee aaa
/data3fast/users/mbermudez/de_02/TFGDataset/img/T2_0024.png|bbeeeeeeeeee       eeeeeeeeee              sseeee
/data3fast/users/mbermudez/de_02/TFGDataset/img/T2_1179.png|dd     eeehhh             eee                  ttt
/data3fast/users/mbermudez/de_02/TFGDataset/img/T2_0341.png|eeeeehhhheeeeeeeeeeeeee   eeeeeeeehh    nn
/data3fast/users/mbermudez/de_02/TFGDataset/img/T2_0713.png|# 
/data3fast/users/mbermudez/de_02/TFGDataset/img/T2_0732.png|"    eeeeeeeettteetttt hhh      nnnn
/data3fast/users/mbermudez/de_02/TFGDataset/img/T2_0157.png|ooo     eeeeeeeeeeeee  ss          dddeee
/data3fast/users/mbermudez/de_02/TFGDataset/img/T2_0051.png|schhhhhhhhhheeeeeeeeeeeh                    eeeee
/data3fast/users/mbermudez/de_02/TFGDataset/img/T2_0434.png|iiih         eeeeeeeeeeeeeesssssssssssssss saaaaa
/data3fast/users/mbermudez/de_02/TFGDataset/img/T2_0346.png|eeeeeeeeeeeeeee             eeeeeeeeeeeeeee      n
/data3fast/users/mbermudez/de_02/TFGDataset/img/T2_1255.png|lllee nnneeeeeeeehhhheeeeeeeeeeeeeeee           ddd
/data3fast/users/mbermudez/de_02/TFGDataset/img/T2_1365.png|eeee          sss      eeeeeeellllllllllllll
/data3fast/users/mbermudez/de_02/TFGDataset/img/T2_1080.png|rerr       sssssssssssssaaaaaaaaa     eeeee
/data3fast/users/mbermudez/de_02/TFGDataset/img/T2_0969.png|heeeeeeeeeeee                            eeeeeeeeeeeee
/data3fast/users/mbermudez/de_02/TFGDataset/img/T2_1401.png|in    ssssschhhhh               r           
/data3fast/users/mbermudez/de_02/TFGDataset/img/T2_1120.png|inn     eeeeeeeeeeeeeeeeeeeeeeeettstttttt       iee
/data3fast/users/mbermudez/de_02/TFGDataset/img/T2_0107.png|dess  eeeeeeetet      eeeeeeeeeeeeeee     ee
/data3fast/users/mbermudez/de_02/TFGDataset/img/T2_0531.png|diessssssseeee           nn nn  n       eeeeeee
/data3fast/users/mbermudez/de_02/TFGDataset/img/T2_1345.png|geeee                      a       tttt
/data3fast/users/mbermudez/de_02/TFGDataset/img/T2_1031.png|bbeeeeeeeeeeeeeeeiiiiii iiinnnnnnnn  eeee
/data3fast/users/mbermudez/de_02/TFGDataset/img/T2_0847.png|# 
/data3fast/users/mbermudez/de_02/TFGDataset/img/T2_1435.png|mmt   eee     hh c             ssssss   aa
/data3fast/users/mbermudez/de_02/TFGDataset/img/T2_0418.png|geeeeeeeeeeeeeee e e          eeeeeee  hhhh    n
/data3fast/users/mbermudez/de_02/TFGDataset/img/T2_1352.png|deeeeeeeeeeeeeeeeeeeeeeeeeeeeee             aaaau
/data3fast/users/mbermudez/de_02/TFGDataset/img/T2_0621.png|sseeeeeeeeeeee     n    cccchhhhhhhh   eeeee
/data3fast/users/mbermudez/de_02/TFGDataset/img/T2_1114.png|iiich    eeeeeeeeeeeeeeeeeeeeeeeeeeeeeeeeeeeeeeeehhhhhh
/data3fast/users/mbermudez/de_02/TFGDataset/img/T2_0983.png|"       eeeeeeeee      sssssssssssss eeeeeeee
/data3fast/users/mbermudez/de_02/TFGDataset/img/T2_1347.png|aahhhh                 eeeee                reeee
/data3fast/users/mbermudez/de_02/TFGDataset/img/T2_0465.png|uuu             eeeeeeeeeeeee    n
/data3fast/users/mbermudez/de_02/TFGDataset/img/T2_0305.png|dee                                eeeeeeeeeeeeeeeeeeeeeeeeee
/data3fast/users/mbermudez/de_02/TFGDataset/img/T2_1475.png|eeeeeeeeeeeeeeeeeeeeee                 eeeeee
/data3fast/users/mbermudez/de_02/TFGDataset/img/T2_0562.png|mnneeeeeeeee 
/data3fast/users/mbermudez/de_02/TFGDataset/img/T2_1152.png|bbrr     ttt              ttseeeeeeeelll
/data3fast/users/mbermudez/de_02/TFGDataset/img/T2_0795.png|eeennnnnnn    eeeeeeeeeeeeeeett                 rr
/data3fast/users/mbermudez/de_02/TFGDataset/img/T2_0335.png|dssss  tttttt                      eeeeeeee
/data3fast/users/mbermudez/de_02/TFGDataset/img/T2_0534.png|geeehssssssssssssssssssssssssssssshhhhhhh    eee
/data3fast/users/mbermudez/de_02/TFGDataset/img/T2_1442.png|die   eeeeee        n        rrr  rr r           
/data3fast/users/mbermudez/de_02/TFGDataset/img/T2_0083.png|uuueeeeeeeeeeeettttt            tt   a    s
/data3fast/users/mbermudez/de_02/TFGDataset/img/T2_0553.png|derreeeeeeeeeeeeeeeeeeee lssssaaaa     eeeeeeee
/data3fast/users/mbermudez/de_02/TFGDataset/img/T2_0891.png|eee        sssss           s  eeeeeeeeeeeeee   ee
/data3fast/users/mbermudez/de_02/TFGDataset/img/T2_1467.png|iiita aaa a aaa      eeeeeeeee       n eeee
/data3fast/users/mbermudez/de_02/TFGDataset/img/T2_0710.png|bbe     eeeeeeeeeeeeeeeeeeeeeeeeeeses
/data3fast/users/mbermudez/de_02/TFGDataset/img/T2_0402.png|heeeeeeeeeeeeeeeeeee              eee        tt
/data3fast/users/mbermudez/de_02/TFGDataset/img/T2_1443.png|aahhh               eeeee eeee               ssssssss
/data3fast/users/mbermudez/de_02/TFGDataset/img/T2_0118.png|ehhhhhhhaaaaaa          eehhhhheeeeeeeeeeeeeeee
/data3fast/users/mbermudez/de_02/TFGDataset/img/T2_0587.png|dee     a              eeeeeeeett         e
/data3fast/users/mbermudez/de_02/TFGDataset/img/T2_0095.png|unnn eeeeeeeee                    eeee ssssss
/data3fast/users/mbermudez/de_02/TFGDataset/img/T2_0926.png|der    eeeeeeeeeiiiiiieeeeeeeeeee         nnnnnnn
/data3fast/users/mbermudez/de_02/TFGDataset/img/T2_0441.png|hh     e               ssssssssss     e
/data3fast/users/mbermudez/de_02/TFGDataset/img/T2_0510.png|hhheeeeeeeeee           eeeeeeeeeeeeeeeeeeeeeeeeeeehhhh
/data3fast/users/mbermudez/de_02/TFGDataset/img/T2_0466.png|eeesss                           eeeeeeeeeeehhhhh
/data3fast/users/mbermudez/de_02/TFGDataset/img/T2_0090.png|derrehhhhheeeeeeeeeeeeeee        ee
/data3fast/users/mbermudez/de_02/TFGDataset/img/T2_0642.png|dieeeeeeeeeeee sssssssssseeeeeeeiii          s
/data3fast/users/mbermudez/de_02/TFGDataset/img/T2_1010.png|geeee      a  a    eee ee eee eeeeeeee  ttt hh
/data3fast/users/mbermudez/de_02/TFGDataset/img/T2_1474.png|uuu    ssssssssss    eeeeeee                    
/data3fast/users/mbermudez/de_02/TFGDataset/img/T2_1480.png|# 
/data3fast/users/mbermudez/de_02/TFGDataset/img/T2_0425.png|tttt      seeeeeeleeeleeeeeeeeeesssssseeeeeeeee
/data3fast/users/mbermudez/de_02/TFGDataset/img/T2_0117.png|ggeeeeeeeeeeeeeeeee     e                    ei
/data3fast/users/mbermudez/de_02/TFGDataset/img/T2_1059.png|bseeeeeeeeeeeeeeeeeeeeeeeeee         
/data3fast/users/mbermudez/de_02/TFGDataset/img/T2_1434.png|frrrrreerrteee                    eeeeeeeeeeeee
/data3fast/users/mbermudez/de_02/TFGDataset/img/T2_1090.png|eeeeetttttt
/data3fast/users/mbermudez/de_02/TFGDataset/img/T2_0871.png|geeeeeeeee   d d  dd       d                aeelll
/data3fast/users/mbermudez/de_02/TFGDataset/img/T2_0529.png|sseeeeeeee                   a    tttttttttttt
/data3fast/users/mbermudez/de_02/TFGDataset/img/T2_0616.png|derrreeeeeeeeeeeee****   s                eee
/data3fast/users/mbermudez/de_02/TFGDataset/img/T2_1009.png|"    eeeeeeeeeeeeeeeeeeeiii     aaaaaasssss
/data3fast/users/mbermudez/de_02/TFGDataset/img/T2_1117.png|nnnn eeee hchhhhhh              n           eee
/data3fast/users/mbermudez/de_02/TFGDataset/img/T2_1390.png|nnnn           ii ssssii               seeeeeeeee
/data3fast/users/mbermudez/de_02/TFGDataset/img/T2_0620.png|nnneeeeeeeeeeeeeeeee           nn    eeeeeeii
/data3fast/users/mbermudez/de_02/TFGDataset/img/T2_0264.png|"            aaallllleeeee             r
/data3fast/users/mbermudez/de_02/TFGDataset/img/T2_0189.png|sshhheeeeeeeeeeeeessssss   tttteeeeeeee eeeeeeeeee
/data3fast/users/mbermudez/de_02/TFGDataset/img/T2_0962.png|iccht       eesssss e s s         eeeeeeeeeeeeeeee
/data3fast/users/mbermudez/de_02/TFGDataset/img/T2_0503.png|unn eeeeeeesssssssseee    nnnniiii   nnnhhh
/data3fast/users/mbermudez/de_02/TFGDataset/img/T2_0304.png|uuu   aaaaaa     eeeeeeeeeeeeee         nnnn
/data3fast/users/mbermudez/de_02/TFGDataset/img/T2_1029.png|aab eeeeeeee        eeee            eeeeeeeeeeeeeee
/data3fast/users/mbermudez/de_02/TFGDataset/img/T2_0431.png|bbeeeeee                          eeeeeeeee
/data3fast/users/mbermudez/de_02/TFGDataset/img/T2_0598.png|rrrreeeeeeeeeeeee   ssss      a    aa    a aaa
/data3fast/users/mbermudez/de_02/TFGDataset/img/T2_1440.png|eeeh         eeeeeeeeeeeeeeeeeeeeeeesstttttt
/data3fast/users/mbermudez/de_02/TFGDataset/img/T2_0448.png|geee         eeeeeeeeeeeeeeeeeeeee      ee
/data3fast/users/mbermudez/de_02/TFGDataset/img/T2_0960.png|dereeeeeeeeeeeeeeeeeee        eeeeee         eeeeeesssss
/data3fast/users/mbermudez/de_02/TFGDataset/img/T2_0984.png|deissthttttttttttt         ttssss               nnn
/data3fast/users/mbermudez/de_02/TFGDataset/img/T2_1361.png|"     eeeeeeeeeeeeeeeeee iinn     aaaahheeee
/data3fast/users/mbermudez/de_02/TFGDataset/img/T2_1350.png|nneeeeeeeettt                     hhhhhhhh        
/data3fast/users/mbermudez/de_02/TFGDataset/img/T2_0134.png|iiiee                   eeeeeeeee      eeee
/data3fast/users/mbermudez/de_02/TFGDataset/img/T2_1020.png|# 
/data3fast/users/mbermudez/de_02/TFGDataset/img/T2_0964.png|hhtt    eeeeeesssseeeeeeeeeeeeeeee   e
/data3fast/users/mbermudez/de_02/TFGDataset/img/T2_0098.png|sss                lllllleee     eeeesses
/data3fast/users/mbermudez/de_02/TFGDataset/img/T2_0144.png|hhheeee          eeeeeeeee ssssssss       e
/data3fast/users/mbermudez/de_02/TFGDataset/img/T2_0938.png|zrreeettttttttt
/data3fast/users/mbermudez/de_02/TFGDataset/img/T2_0401.png|geee nnnn nnnn  n    eeeeeeee          ee
/data3fast/users/mbermudez/de_02/TFGDataset/img/T2_1238.png|daa    eeeeeeeee eeeeeeeeeee             s   eeeeeee
/data3fast/users/mbermudez/de_02/TFGDataset/img/T2_1349.png|eeeeii             eeeee             eeeeeeeeeee
/data3fast/users/mbermudez/de_02/TFGDataset/img/T2_1002.png|geeeeeeeeeeeeeeeeeeeeeeeeeeeeessssssttttt      eee
/data3fast/users/mbermudez/de_02/TFGDataset/img/T2_0679.png|uu eeeeehhhhhhhhhhh      hhhhh            eeeee
/data3fast/users/mbermudez/de_02/TFGDataset/img/T2_0717.png|da   eeeeeeeettt       iii   cchcchhh  aaaaaae
/data3fast/users/mbermudez/de_02/TFGDataset/img/T2_1074.png|eee      eeeeeee   e  tttttt     sssss   ii
/data3fast/users/mbermudez/de_02/TFGDataset/img/T2_1013.png|dee       aa              hhh  e            nnnn
/data3fast/users/mbermudez/de_02/TFGDataset/img/T2_0186.png|nni eeeeeeee                               eeeeeeeee
/data3fast/users/mbermudez/de_02/TFGDataset/img/T2_1346.png|ssss        dd  eeeeeeeeeeee ssss      aaaa
/data3fast/users/mbermudez/de_02/TFGDataset/img/T2_0114.png|dee   hhh            eeeeeeeeeee hh     aaaeelll
/data3fast/users/mbermudez/de_02/TFGDataset/img/T2_0548.png|aaheeeeeeeeeeeeeeeeeeeeee       ccchch  sssssssss
/data3fast/users/mbermudez/de_02/TFGDataset/img/T2_0571.png|bbeeeeee              eeeeeeeeeeeeeeeeeeeee
/data3fast/users/mbermudez/de_02/TFGDataset/img/T2_0887.png|ee  s aaahhhhhhhhh       eeeeeeeeeeeeeeeeeeeeeeeee
/data3fast/users/mbermudez/de_02/TFGDataset/img/T2_0709.png|derrrreeeeeeeeeeeee                         eeeee
/data3fast/users/mbermudez/de_02/TFGDataset/img/T2_0193.png|ortt                   eeeeeeeeeeeeeeeeeeeeeeeeenn
/data3fast/users/mbermudez/de_02/TFGDataset/img/T2_0254.png|"     eeeeeeeeeeeeellhhhhhhhh     tttt
/data3fast/users/mbermudez/de_02/TFGDataset/img/T2_1118.png|dee hhhha                       naa        ee
/data3fast/users/mbermudez/de_02/TFGDataset/img/T2_0003.png|weeeeehhhhhhhhhhhe            aa   ssssssssssssstte
/data3fast/users/mbermudez/de_02/TFGDataset/img/T2_1259.png|#  
/data3fast/users/mbermudez/de_02/TFGDataset/img/T2_0974.png|# 
/data3fast/users/mbermudez/de_02/TFGDataset/img/T2_1290.png|bb           eeeeeeeecccchhhhhhh         dde
/data3fast/users/mbermudez/de_02/TFGDataset/img/T2_0850.png|wiiiiiieeeeeeeeeeeeee       eee
/data3fast/users/mbermudez/de_02/TFGDataset/img/T2_1201.png|dieeeeeeeeeeeeeeeeeeshhh                  eeeee
/data3fast/users/mbermudez/de_02/TFGDataset/img/T2_0344.png|nnnn                            eeeeeeeee    a
/data3fast/users/mbermudez/de_02/TFGDataset/img/T2_0609.png|errrl      eeeeeeeeeeeeeeeeeittssssssssssss
/data3fast/users/mbermudez/de_02/TFGDataset/img/T2_0424.png|tiiee   eeeeee               h     ttttttttt
/data3fast/users/mbermudez/de_02/TFGDataset/img/T2_0103.png|#  
/data3fast/users/mbermudez/de_02/TFGDataset/img/T2_0299.png|nnn      eeeeeeeeeeeeeeeeeeeeeee         nneeee
/data3fast/users/mbermudez/de_02/TFGDataset/img/T2_0068.png|tttihhhhh eee         nn n               aaaahh
/data3fast/users/mbermudez/de_02/TFGDataset/img/T2_0225.png|iiiieeeeeeeeeeeeeeeeeeeeeeii       nneeeeeee
/data3fast/users/mbermudez/de_02/TFGDataset/img/T2_0812.png|wwetttttttttt
/data3fast/users/mbermudez/de_02/TFGDataset/img/T2_0524.png|rrreeeeeeeee  e        e
/data3fast/users/mbermudez/de_02/TFGDataset/img/T2_1022.png|deeeeeeeeeeeeeee     eeeeeeeeeeeeeeeeeeeennnn
/data3fast/users/mbermudez/de_02/TFGDataset/img/T2_0079.png|miieeeeeeeeeesssss           eie     eeeeeneeeeee
/data3fast/users/mbermudez/de_02/TFGDataset/img/T2_1145.png|ffeeeeeeeeeeeee e      eees                eeeeeee
/data3fast/users/mbermudez/de_02/TFGDataset/img/T2_0091.png|uun    aaa   eee       sss         eeennnn
/data3fast/users/mbermudez/de_02/TFGDataset/img/T2_1092.png|ddr                               h h    allllll
/data3fast/users/mbermudez/de_02/TFGDataset/img/T2_0321.png|iiii  s      
/data3fast/users/mbermudez/de_02/TFGDataset/img/T2_0175.png|sseeeeeeeeeessssssssssssaaa   lllllllllllllll
/data3fast/users/mbermudez/de_02/TFGDataset/img/T2_1212.png|eee        sssseeeeeeeeeeeeeeeeeeeeeeeeeeeee
/data3fast/users/mbermudez/de_02/TFGDataset/img/T2_0145.png|iiichhhhtttt                  tt              ssssssss
/data3fast/users/mbermudez/de_02/TFGDataset/img/T2_1054.png|wwille             eeeee    t tss      eeee
/data3fast/users/mbermudez/de_02/TFGDataset/img/T2_0727.png|lllee            iiieeeeeee
/data3fast/users/mbermudez/de_02/TFGDataset/img/T2_0624.png|deeeeeeeeeeeeeeeeeeeeeeeeeeeeeee       ssssssssss
/data3fast/users/mbermudez/de_02/TFGDataset/img/T2_0657.png|nnnneeeeeeeeeeettttee    eeeeeeeeeeeeeeessss  ssss
/data3fast/users/mbermudez/de_02/TFGDataset/img/T2_1210.png|geeeeeee                eeeeeeeieeeeeee   e
/data3fast/users/mbermudez/de_02/TFGDataset/img/T2_1433.png|ihhh     e e   eeeeeeeeeeeeeeeeee        sssseeee
/data3fast/users/mbermudez/de_02/TFGDataset/img/T2_0420.png|dd  eeeeeeeeeeeeeeeeeei     nnn      aaar
/data3fast/users/mbermudez/de_02/TFGDataset/img/T2_1287.png|eettt                      eeee eee         aaa
/data3fast/users/mbermudez/de_02/TFGDataset/img/T2_1263.png|gehhhhe          eeeeeeeee******          eeeee
/data3fast/users/mbermudez/de_02/TFGDataset/img/T2_0224.png|nnnn                     t tttt             hhhhhhh
/data3fast/users/mbermudez/de_02/TFGDataset/img/T2_0807.png|bbe        eeeeeeeeeeeeeeessssss       nnnnn
/data3fast/users/mbermudez/de_02/TFGDataset/img/T2_0937.png|beeeeee              eeeeeeeeeee    aaa
/data3fast/users/mbermudez/de_02/TFGDataset/img/T2_0238.png|dessssslhheeeetttte   ss           eeeeeeeeeeeeee
/data3fast/users/mbermudez/de_02/TFGDataset/img/T2_1024.png|steeee      eeeeeeeee esssssehh            n rr
/data3fast/users/mbermudez/de_02/TFGDataset/img/T2_0152.png|uu                    eeeehhhhhhhhhh    
/data3fast/users/mbermudez/de_02/TFGDataset/img/T2_0235.png|geeeeehh               hhhhhhh    nnnnnnnnnn
/data3fast/users/mbermudez/de_02/TFGDataset/img/T2_1321.png|sseeeeeeeeeeeeeeeeeeeeeeeeee                  .
/data3fast/users/mbermudez/de_02/TFGDataset/img/T2_0518.png|drrr       eeeeeee       n         elllllle
/data3fast/users/mbermudez/de_02/TFGDataset/img/T2_0765.png|innnnnn eeeeeeeeeeeeitttt        eeeeee
/data3fast/users/mbermudez/de_02/TFGDataset/img/T2_0999.png|eeettllllll  eeeee       e eeeeeee         eeii
/data3fast/users/mbermudez/de_02/TFGDataset/img/T2_0833.png|oreee sssseeeeeeeeeeeeee        h    h       ttt
/data3fast/users/mbermudez/de_02/TFGDataset/img/T2_1242.png|mrehhhhsssssss             sss                   ssssshhhh
/data3fast/users/mbermudez/de_02/TFGDataset/img/T2_1367.png|" eeeeeeeee ssss       aaaa  llllleeeeeeeeeeee
/data3fast/users/mbermudez/de_02/TFGDataset/img/T2_0082.png|iii   sssssschcchh                        eeeiiiit
/data3fast/users/mbermudez/de_02/TFGDataset/img/T2_0242.png|tet       eeeeeeeeeeeeeeee   tt          eeee
/data3fast/users/mbermudez/de_02/TFGDataset/img/T2_0366.png|daaa     eeeeeeeeeeeeeeeeeeeeeeeeeeee     a
/data3fast/users/mbermudez/de_02/TFGDataset/img/T2_1220.png|iiih                      tt     s    s
/data3fast/users/mbermudez/de_02/TFGDataset/img/T2_1185.png|aaa          eeeeeeeeee      dnn eeeiiii
/data3fast/users/mbermudez/de_02/TFGDataset/img/T2_0381.png|deeeeeeeeeeeeeeeee  eeeeeeeeeeeeeeee    sscshhhssshh
/data3fast/users/mbermudez/de_02/TFGDataset/img/T2_1051.png|*eeeeeeeeeeeeeeeeeeeee eeeeeeee     ee       a
/data3fast/users/mbermudez/de_02/TFGDataset/img/T2_1243.png|eeeeeee eeee         eeeeeeeeeeseseesssseeeeeeeeeee
/data3fast/users/mbermudez/de_02/TFGDataset/img/T2_1187.png|nnnn   eeeeeeee                                 tt
/data3fast/users/mbermudez/de_02/TFGDataset/img/T2_1094.png|"        s        eeeeee         nnnnneeeeeeeee
/data3fast/users/mbermudez/de_02/TFGDataset/img/T2_0261.png|geeeesssssssssssseeeeellllllllee            
/data3fast/users/mbermudez/de_02/TFGDataset/img/T2_0987.png|#  
/data3fast/users/mbermudez/de_02/TFGDataset/img/T2_1040.png|wiiiih s  ss                      sssssseeetee
/data3fast/users/mbermudez/de_02/TFGDataset/img/T2_1317.png|dd   eeeeeeeeee              tttt             n
/data3fast/users/mbermudez/de_02/TFGDataset/img/T2_0646.png|aaha                    eeeeeeeee              
/data3fast/users/mbermudez/de_02/TFGDataset/img/T2_0369.png|weeihhhhhhhh      eeeeeeeeeeeeeeeeeeeeeett   ss
/data3fast/users/mbermudez/de_02/TFGDataset/img/T2_0860.png|wiieeeeeeeeeeeeeeeeeses  tt          eeeeeeesssse   eee
/data3fast/users/mbermudez/de_02/TFGDataset/img/T2_0742.png|hhhh  aaaaassa  aa  a  lllllh  eeeeeeeeeeeeeeeee
/data3fast/users/mbermudez/de_02/TFGDataset/img/T2_1473.png|wwiiittte     tt                   innnnnnn
/data3fast/users/mbermudez/de_02/TFGDataset/img/T2_0917.png|# 
/data3fast/users/mbermudez/de_02/TFGDataset/img/T2_0384.png|ieeeee                   eeeeeeeeeeeeeeeee eee
/data3fast/users/mbermudez/de_02/TFGDataset/img/T2_0905.png|ggneeee            nn  nnn nnnnn
/data3fast/users/mbermudez/de_02/TFGDataset/img/T2_0834.png|iieeeeeeeeeeeeeeeeeeeeeelleleeeeeee    sss
/data3fast/users/mbermudez/de_02/TFGDataset/img/T2_0837.png|deeeeessssssssseeeeee   nnnnnnnnnnn eeeeeie
/data3fast/users/mbermudez/de_02/TFGDataset/img/T2_0333.png|ooreesseeeeeeeeeeeeeeeeeeeeeeeeeee  s  slls          
/data3fast/users/mbermudez/de_02/TFGDataset/img/T2_0315.png|unn  eeeeeeeeeeennnneeeeeee    d  d eeeeeeee
/data3fast/users/mbermudez/de_02/TFGDataset/img/T2_0922.png|shheeeeee            aaa     hllllllllleelss
/data3fast/users/mbermudez/de_02/TFGDataset/img/T2_0185.png|dnn  eeeeee              hhhha aann  nn na
/data3fast/users/mbermudez/de_02/TFGDataset/img/T2_0116.png|"   eeeeeeeeeee            eeeeeeeeeeeeeeeeeee
/data3fast/users/mbermudez/de_02/TFGDataset/img/T2_0526.png|nnt    aaa  ll lllll     eeeeeeeeeeen
/data3fast/users/mbermudez/de_02/TFGDataset/img/T2_0537.png|"   eeeeeeeee                     ********
/data3fast/users/mbermudez/de_02/TFGDataset/img/T2_0796.png|ieee eehcchhhhht                  eeeeeeeeeeeeee
/data3fast/users/mbermudez/de_02/TFGDataset/img/T2_0330.png|deeessssseeeeeeee         eeeeeee         eeeeehhhhhhhhheee
/data3fast/users/mbermudez/de_02/TFGDataset/img/T2_0382.png|aahheeeeeeeeeeeiinnnn   nn     eeeeeeee
/data3fast/users/mbermudez/de_02/TFGDataset/img/T2_0845.png|deee eeeeeeeeeeeeee     ssssss s   sssee
/data3fast/users/mbermudez/de_02/TFGDataset/img/T2_0831.png|iissssssttttti                           eeeeeee
/data3fast/users/mbermudez/de_02/TFGDataset/img/T2_1108.png|geeeettt     tt eeeeeeeeeeeeeeeeeeeee   eesse
/data3fast/users/mbermudez/de_02/TFGDataset/img/T2_0759.png|der   aaa eeeeeeeeeeeeee        nnnnnneeeeeee
/data3fast/users/mbermudez/de_02/TFGDataset/img/T2_0308.png|deri      eeeeeeeeeeeeeeeee                  ss
/data3fast/users/mbermudez/de_02/TFGDataset/img/T2_1410.png|unn      esseeeeessss       etttttttttt     ee
/data3fast/users/mbermudez/de_02/TFGDataset/img/T2_0151.png|sshh          eeeeeeee                ssssee
/data3fast/users/mbermudez/de_02/TFGDataset/img/T2_1326.png|sss       nnn  nnnn         eeeeeeee t        eeeee
/data3fast/users/mbermudez/de_02/TFGDataset/img/T2_1284.png|die ssssssss       hn    n                     
/data3fast/users/mbermudez/de_02/TFGDataset/img/T2_0338.png|eee sssssssssssaa  a             eeeee*e eeeeeeee
/data3fast/users/mbermudez/de_02/TFGDataset/img/T2_0149.png|geeeeee    ititttttt         eee****
/data3fast/users/mbermudez/de_02/TFGDataset/img/T2_0684.png|"             ss eeeeeeeeeeee     ss           aaad
/data3fast/users/mbermudez/de_02/TFGDataset/img/T2_0169.png|derrrtthhhhhh     eeeeeeeeeeeeeehh    nnnnn
/data3fast/users/mbermudez/de_02/TFGDataset/img/T2_0244.png|bseeeeeeeeeeeeeeeeeeeeee  eeeeeeeeeeeeee
/data3fast/users/mbermudez/de_02/TFGDataset/img/T2_1327.png|eee         eeeeeeeeeeeee                 aaaaa
/data3fast/users/mbermudez/de_02/TFGDataset/img/T2_1264.png|da    ee                   eeeeeeeeeee   hhhh
/data3fast/users/mbermudez/de_02/TFGDataset/img/T2_0197.png|eerr          eeee  sscchh                     eeeeeeeeee
/data3fast/users/mbermudez/de_02/TFGDataset/img/T2_0164.png|weeeettt ttttt
/data3fast/users/mbermudez/de_02/TFGDataset/img/T2_0481.png|sseeeeeeeeeeeeeeeeeeeee  sssssss          nnnnn
/data3fast/users/mbermudez/de_02/TFGDataset/img/T2_1203.png|geeeesssssss       llleeeeeeeeeeeeeeeeeeeee
/data3fast/users/mbermudez/de_02/TFGDataset/img/T2_0280.png|iin              a     ttt tt     eeeeeee
/data3fast/users/mbermudez/de_02/TFGDataset/img/T2_0573.png|aan  eeeeeeeeeeeeeeeeeeeeee e    eeeee eeeeeeeeeee
/data3fast/users/mbermudez/de_02/TFGDataset/img/T2_0132.png|beeeeeeeeee                       eeeeeeee eeeeeeeeeeehhh
/data3fast/users/mbermudez/de_02/TFGDataset/img/T2_0866.png|ffe             iiiiiiieeeeeeeeeeeeeeeeeeeeeee
/data3fast/users/mbermudez/de_02/TFGDataset/img/T2_0803.png|baeeeeeeeeeeeeeeiiiehee  ee    eeeee   tttttttttt
/data3fast/users/mbermudez/de_02/TFGDataset/img/T2_0908.png|ss     eeeeee   ee r     ee             ttttt
/data3fast/users/mbermudez/de_02/TFGDataset/img/T2_0258.png|ggeeeeeeeee sssss     hh  tttt            ee
/data3fast/users/mbermudez/de_02/TFGDataset/img/T2_0194.png|ihhhh     eeeeeeelaalllleeeeeeeeeeeeee
/data3fast/users/mbermudez/de_02/TFGDataset/img/T2_1267.png|nnnn         ttttsttttt                        ee
/data3fast/users/mbermudez/de_02/TFGDataset/img/T2_1404.png|sschhee e                      n  n  nn  nnnn eeeeee
/data3fast/users/mbermudez/de_02/TFGDataset/img/T2_1293.png|gllls      ee                              sssseee
/data3fast/users/mbermudez/de_02/TFGDataset/img/T2_1023.png|dereeeeeeeeeeeeeeeeeeeeeeeeee            ee
/data3fast/users/mbermudez/de_02/TFGDataset/img/T2_0286.png|# 
/data3fast/users/mbermudez/de_02/TFGDataset/img/T2_0281.png|eeeeeeeeeee                     e         aaash
/data3fast/users/mbermudez/de_02/TFGDataset/img/T2_1398.png|nn    ssseeeeeeeeeeeeeeennnnn        neee
/data3fast/users/mbermudez/de_02/TFGDataset/img/T2_0044.png|weeee           nee   eeee             eeee
/data3fast/users/mbermudez/de_02/TFGDataset/img/T2_0005.png|weeeeeee   ee e e e    e eeeeeeeeeeeeeeei  tnn
/data3fast/users/mbermudez/de_02/TFGDataset/img/T2_0697.png|hhhh        eeeeeeeeeeeeeeeeeee      e       ee lll
/data3fast/users/mbermudez/de_02/TFGDataset/img/T2_0563.png|aaeeeee         ttttttt    ss     lleeeeeeeeee
/data3fast/users/mbermudez/de_02/TFGDataset/img/T2_0597.png|de        eeeeeeeee***eeeeeeeei     tt   ...
/data3fast/users/mbermudez/de_02/TFGDataset/img/T2_0375.png|aaeeeeeeeeeeeeeeeeeeeelhhhhh       i hchsstttt
/data3fast/users/mbermudez/de_02/TFGDataset/img/T2_1177.png|bbeee                    tttttttt       eeeee
/data3fast/users/mbermudez/de_02/TFGDataset/img/T2_1026.png|gggn      n nn     eeeeeeeee       nnnnnnhh
/data3fast/users/mbermudez/de_02/TFGDataset/img/T2_0688.png|wieeeeeeeeeeee             n        eeeeeeeeeeee******e
/data3fast/users/mbermudez/de_02/TFGDataset/img/T2_1494.png|eeee      e eeeeeeeeeeee eeeee  eee  eeeeeeeeeeeeeeee
/data3fast/users/mbermudez/de_02/TFGDataset/img/T2_0155.png|"             ss s  t ttt*t ttt  e  eeeeeeeeeeeeeee
/data3fast/users/mbermudez/de_02/TFGDataset/img/T2_1300.png|brrrr   hhhhheeeeeeeeeeeeeeee     sssss
/data3fast/users/mbermudez/de_02/TFGDataset/img/T2_0253.png|fnnn     eesssss ee e eeeeeeeeeeeeeeeeeeeeeee
/data3fast/users/mbermudez/de_02/TFGDataset/img/T2_1122.png|derr iiiiiiiiieeeee  sssssssssseeee  nddd
/data3fast/users/mbermudez/de_02/TFGDataset/img/T2_1258.png|rrr  hhhaaalll l   eeeeeeeeeeeee   sssssssssss
/data3fast/users/mbermudez/de_02/TFGDataset/img/T2_0853.png|"    sssssssseesssss      nn    en n   nnnnnna
/data3fast/users/mbermudez/de_02/TFGDataset/img/T2_1063.png|mi    eeeeeeee          a             eeeeeeeeeeet
/data3fast/users/mbermudez/de_02/TFGDataset/img/T2_1276.png|ooeeeeeeeeeeeeee                aa     eeeeeeee
/data3fast/users/mbermudez/de_02/TFGDataset/img/T2_0515.png|uuu   eeeettttttt          ttt        eeeeeeee
/data3fast/users/mbermudez/de_02/TFGDataset/img/T2_1288.png|hhhh         eeeeeeee          aaaa     hh
/data3fast/users/mbermudez/de_02/TFGDataset/img/T2_0712.png|der  aaaaa   eeeeeeeeeeeeeeeeeeeeeell  aaa
/data3fast/users/mbermudez/de_02/TFGDataset/img/T2_0870.png|ms   eeeeeeeee      nnaaaaaaaaaa  eeeeeeeee
/data3fast/users/mbermudez/de_02/TFGDataset/img/T2_1381.png|tt***           tttt     a   aaaa       eeeeeeeeeeeeeeee
/data3fast/users/mbermudez/de_02/TFGDataset/img/T2_0222.png|ttte                          eeeeeee    e       ee  ee
/data3fast/users/mbermudez/de_02/TFGDataset/img/T2_0893.png|ttttsss  hhhh                   ssssss   eeettt
/data3fast/users/mbermudez/de_02/TFGDataset/img/T2_0773.png|seeeet     eeeeeeeeeeeeeeeeeeeeeeeeeeeeeeeeeeeeee
/data3fast/users/mbermudez/de_02/TFGDataset/img/T2_0972.png|ssattt t 
/data3fast/users/mbermudez/de_02/TFGDataset/img/T2_0241.png|unn eeeeeeeeeeesssstt         rrree
/data3fast/users/mbermudez/de_02/TFGDataset/img/T2_0293.png|deeeeeeeeeeeeeee            a    hheeeeeeeeeeeeee
/data3fast/users/mbermudez/de_02/TFGDataset/img/T2_0722.png|hhheeeeeeeeee   e tttt tt    eeeeee     eeee
/data3fast/users/mbermudez/de_02/TFGDataset/img/T2_0944.png|lllllll       nn          eeeee         eeeeee
/data3fast/users/mbermudez/de_02/TFGDataset/img/T2_0666.png|deeeeeeeeeeeeeeee   sss           hh          eeeeeeee
/data3fast/users/mbermudez/de_02/TFGDataset/img/T2_0277.png|derrtttt    iiiitt
/data3fast/users/mbermudez/de_02/TFGDataset/img/T2_1005.png|eeeehhhhhh    aa    ss   s             t t..
/data3fast/users/mbermudez/de_02/TFGDataset/img/T2_1262.png|sshhhhhhhhh                    ee eeeeiiiiie
/data3fast/users/mbermudez/de_02/TFGDataset/img/T2_0428.png|"             h hh eeeeeeeeeee            de
/data3fast/users/mbermudez/de_02/TFGDataset/img/T2_0013.png|nnn   ee eeeeeeeeeeeeeeeeeeee
/data3fast/users/mbermudez/de_02/TFGDataset/img/T2_0778.png|iiih               nnn     n   eeeeessheeeeeeeee eeeee
/data3fast/users/mbermudez/de_02/TFGDataset/img/T2_1168.png|mnn              sssss  eeee                      eeeeeee
/data3fast/users/mbermudez/de_02/TFGDataset/img/T2_1048.png|geeeeeeeeeeeeeee*   **** eee****                     sss
/data3fast/users/mbermudez/de_02/TFGDataset/img/T2_1387.png|tt*eeeeeee             sssss         ss eeeeeeee eeeeee
/data3fast/users/mbermudez/de_02/TFGDataset/img/T2_1453.png|#  
/data3fast/users/mbermudez/de_02/TFGDataset/img/T2_1184.png|feee  d deeeeeeeeeeeeeeeeeeeee    eeeeeeeeee       nn
/data3fast/users/mbermudez/de_02/TFGDataset/img/T2_0492.png|orrrreeeeeeeeeee      i eeeeeeeeeeeeeeeeeeeee
/data3fast/users/mbermudez/de_02/TFGDataset/img/T2_0557.png|beee   nnndeeeeeeeeeeeeeee nnnnnnnnnnnin
/data3fast/users/mbermudez/de_02/TFGDataset/img/T2_0824.png|nnn     eeeeeeeeeeeeee  eeeeeeee      h hhheeeeeeee
/data3fast/users/mbermudez/de_02/TFGDataset/img/T2_0865.png|eeeeeeeeeeee
/data3fast/users/mbermudez/de_02/TFGDataset/img/T2_0407.png|uuu eeeeeeeeeeeeeeeee    sssssss     eeeeehhh
/data3fast/users/mbermudez/de_02/TFGDataset/img/T2_0785.png|mmtllttltt      eeeeeee        aa   aaaaahhh
/data3fast/users/mbermudez/de_02/TFGDataset/img/T2_1106.png|lllttte                     ee  *t    ttthhhhhh
/data3fast/users/mbermudez/de_02/TFGDataset/img/T2_0695.png|"   ssseeeeeehheeeeeeeeeeee                  
/data3fast/users/mbermudez/de_02/TFGDataset/img/T2_0602.png|deee hhhe     eeeelll l  eeeelelll    eeeellll e eeeel ll lleeeeeeellllllleee eelllllleeee llllllll  eeeeeNNlellll  eee
/data3fast/users/mbermudez/de_02/TFGDataset/img/T2_0928.png|der  aaaaaaa         tteeeett     aaaasass
/data3fast/users/mbermudez/de_02/TFGDataset/img/T2_0569.png|sssssseeeeeeeeeeeeeeeeeeeeeeeeeeeeeeeeeeeeeeeeeeeeeeee
/data3fast/users/mbermudez/de_02/TFGDataset/img/T2_0933.png|wott                    eeeeeeedee          eee
/data3fast/users/mbermudez/de_02/TFGDataset/img/T2_0179.png|tht     nnnn  nneeeeeeeeeehhhhheeeeeeeeeeee
/data3fast/users/mbermudez/de_02/TFGDataset/img/T2_0000.png|ffeeeeeeeeeee     eeee    hhh         eeeeee
/data3fast/users/mbermudez/de_02/TFGDataset/img/T2_0018.png|meeeeeeeeeeeeeeeeeeeeeeeeeeeeeeee****         ee
/data3fast/users/mbermudez/de_02/TFGDataset/img/T2_1208.png|dass  eeeeeee   n     ee         tttteee
/data3fast/users/mbermudez/de_02/TFGDataset/img/T2_1402.png|wllla  a       sssssssss       eeeeelllleeeeeee
/data3fast/users/mbermudez/de_02/TFGDataset/img/T2_0497.png|de   aaaaa                    sssssiiiiiiiiii
/data3fast/users/mbermudez/de_02/TFGDataset/img/T2_0263.png|nnii                         n   eeeeeeeeeeee
/data3fast/users/mbermudez/de_02/TFGDataset/img/T2_0226.png|eeNNeeee
/data3fast/users/mbermudez/de_02/TFGDataset/img/T2_1341.png|diieeeeeeeeeeeeeeeeeeeeee eeee ee eeeeeeeeeeeeeeee
/data3fast/users/mbermudez/de_02/TFGDataset/img/T2_0432.png|weeetttttttt 
/data3fast/users/mbermudez/de_02/TFGDataset/img/T2_0665.png|geee     aaaa     aa          e  eeeeee
/data3fast/users/mbermudez/de_02/TFGDataset/img/T2_1135.png|geeeeeetttttt          eeee  eeeeeeeeeeeeesss
/data3fast/users/mbermudez/de_02/TFGDataset/img/T2_0792.png|mn    eeeeeeeeeeeeeeeeeeeeeeeeeee       aaaaa
/data3fast/users/mbermudez/de_02/TFGDataset/img/T2_0611.png|"    ss                  eeeeeeeeeeeeehhhhhhhhhh
/data3fast/users/mbermudez/de_02/TFGDataset/img/T2_0588.png|deee   eeeeeeeeeeeeee                eeeee
/data3fast/users/mbermudez/de_02/TFGDataset/img/T2_0498.png|ee           eeeeeeeeeeeeeeeeiii         **..
/data3fast/users/mbermudez/de_02/TFGDataset/img/T2_1042.png|wnnneeeeeee   nn       h      tttt         
/data3fast/users/mbermudez/de_02/TFGDataset/img/T2_0220.png|eee          eeeeeeeeeeeeetttttt            eeee
/data3fast/users/mbermudez/de_02/TFGDataset/img/T2_1061.png|bbre   ee e    a      eeeeeeeeeeee         ssss
/data3fast/users/mbermudez/de_02/TFGDataset/img/T2_0584.png|da   eeeeetttttttt
/data3fast/users/mbermudez/de_02/TFGDataset/img/T2_1160.png|tt***          hhhhheeeeeeeeeeeeeeeheeeeeee        eee
/data3fast/users/mbermudez/de_02/TFGDataset/img/T2_0577.png|dee eeeeittttt                        e      eeeee
/data3fast/users/mbermudez/de_02/TFGDataset/img/T2_1064.png|aaaa       ssse ee              nn     aaahhhh
/data3fast/users/mbermudez/de_02/TFGDataset/img/T2_0539.png|weeeessss     ss    seeee s ss   eeeeeeeeeeee
/data3fast/users/mbermudez/de_02/TFGDataset/img/T2_0997.png|iin   eeeeeeeeeeeeeee    eeee dd         nnnn
/data3fast/users/mbermudez/de_02/TFGDataset/img/T2_0252.png|geeeee      tttttt     eeeeeeeeeeeee
/data3fast/users/mbermudez/de_02/TFGDataset/img/T2_0014.png|nn   sssseeee                 eehhhhhhh    nnnn
/data3fast/users/mbermudez/de_02/TFGDataset/img/T2_0415.png|eeee         eeeee  eeeeee     n     nn n   nneeeee
/data3fast/users/mbermudez/de_02/TFGDataset/img/T2_0522.png|glllllleeeeeeeee       eeeeeeeeeee    e e   aaaa
/data3fast/users/mbermudez/de_02/TFGDataset/img/T2_0251.png|deee sseeeeeeeeeeeeee   eeeeeeeeelllllleee       s
/data3fast/users/mbermudez/de_02/TFGDataset/img/T2_0535.png|hheeee  ee  ttttttttttt          lleeee   dd
/data3fast/users/mbermudez/de_02/TFGDataset/img/T2_1271.png|maaa   eeeeeeeeeeeeeess ss aaas             eeeeee
/data3fast/users/mbermudez/de_02/TFGDataset/img/T2_0818.png|"  seeeeeeeeeeeeee
/data3fast/users/mbermudez/de_02/TFGDataset/img/T2_0875.png|eeee         eeeeeeeeeeeeeeeeiiiiii  innnne
/data3fast/users/mbermudez/de_02/TFGDataset/img/T2_0395.png|dd          iiiiiiiiiiieeeeeeeeee     sssssss
/data3fast/users/mbermudez/de_02/TFGDataset/img/T2_1399.png|mi eeeeeeeeeeeeeeee   e                       r
/data3fast/users/mbermudez/de_02/TFGDataset/img/T2_1306.png|deeeeeeeeeeeeeeeeeeeeeeeeeeeeeeeeeeettti    ee
/data3fast/users/mbermudez/de_02/TFGDataset/img/T2_0844.png|aaaeeeeeeee              a                     e
/data3fast/users/mbermudez/de_02/TFGDataset/img/T2_1323.png|beeeeeeeeeeehhhhhhheheheeeee    nnd   eeeeeee  eeeee
/data3fast/users/mbermudez/de_02/TFGDataset/img/T2_0485.png|beeeeeeeeeeeeee  eeeeeeeeeeeeeeeeeee      rr
/data3fast/users/mbermudez/de_02/TFGDataset/img/T2_0766.png|aaa  eeeeeiieen    eee        aaaaaah
/data3fast/users/mbermudez/de_02/TFGDataset/img/T2_0455.png|unnn       eeeeeehhhhhhh      hhhhhhhhh h
/data3fast/users/mbermudez/de_02/TFGDataset/img/T2_1322.png|tteeeeeeeeeeee        ss           ddd  dd
/data3fast/users/mbermudez/de_02/TFGDataset/img/T2_1325.png|sseeeeeeeeeheeehhh                s e eeeeeeee
/data3fast/users/mbermudez/de_02/TFGDataset/img/T2_1037.png|wllleee     eeesseeeeeeeeeeeeeeeeeeeeeeeeeeeeeeeeeee
/data3fast/users/mbermudez/de_02/TFGDataset/img/T2_0623.png|ddrrr               eeeeiieii i      eetttt
/data3fast/users/mbermudez/de_02/TFGDataset/img/T2_1447.png|nnn  ssssss     e   e       eeeeeeeeeeeeeeee**ch
