/data3fast/users/mbermudez/de_02/TFGDataset/img/T2_1007.png|os    eeeeeeeeeee                 eeee
/data3fast/users/mbermudez/de_02/TFGDataset/img/T2_0442.png|moo eeeeeeeeeeeeeeeeee     eeeeee e eeeeseeeeeeeee
/data3fast/users/mbermudez/de_02/TFGDataset/img/T2_0558.png|iihh     d dd  dd              aaaaaa
/data3fast/users/mbermudez/de_02/TFGDataset/img/T2_0232.png|wwee        e eeeeeeeeeeeeeeeeeeeeeeeeeeeeee
/data3fast/users/mbermudez/de_02/TFGDataset/img/T2_0324.png|iiiiihhhhhhhh           eeeeee   eee
/data3fast/users/mbermudez/de_02/TFGDataset/img/T2_0455.png|unnn    eeeeeeee   hhhhhhhhhhhhhhhhhh
/data3fast/users/mbermudez/de_02/TFGDataset/img/T2_0150.png|wrre    eeeeeeeee  eeeeeee          ssssssssss
/data3fast/users/mbermudez/de_02/TFGDataset/img/T2_1476.png|bee         eeeeeee   eeeeeeeeeeeeeeeeee
/data3fast/users/mbermudez/de_02/TFGDataset/img/T2_0843.png|geeee                              eeeeeeee
/data3fast/users/mbermudez/de_02/TFGDataset/img/T2_0714.png|aahhh                    eeeeeeeeeeeeeeeee
/data3fast/users/mbermudez/de_02/TFGDataset/img/T2_1420.png|tee eeeeeeee                         aaaaaaaaaa
/data3fast/users/mbermudez/de_02/TFGDataset/img/T2_0800.png|da                     ss   sss      ss     aaaeee
/data3fast/users/mbermudez/de_02/TFGDataset/img/T2_0960.png|deeeeeeeeeeeeeeeeeeeeeeeee e eeeee  eeeeeeeeeessssssss
/data3fast/users/mbermudez/de_02/TFGDataset/img/T2_1257.png|dere eeettteeeeeeeeeeeeeee       nnnn
/data3fast/users/mbermudez/de_02/TFGDataset/img/T2_0381.png|deeeeeeeeeeeeeeeeeeeeeeeeeeeeeeeeeehh hhhhhshsssh
/data3fast/users/mbermudez/de_02/TFGDataset/img/T2_0601.png|bee     a        eeeee        tttttt
/data3fast/users/mbermudez/de_02/TFGDataset/img/T2_0588.png|deeeeeeeeeeeeeeeeeee              eeeee
/data3fast/users/mbermudez/de_02/TFGDataset/img/T2_1497.png|tteeeeeeeeeeeeeeeeeeeeeeeeeeee      hhhh
/data3fast/users/mbermudez/de_02/TFGDataset/img/T2_0579.png|mn   eeeeeeeeeeeeeeeeee
/data3fast/users/mbermudez/de_02/TFGDataset/img/T2_0977.png|eee         eeeeeeeeeeeeeheeeeeeeeeeleeeeeeee
/data3fast/users/mbermudez/de_02/TFGDataset/img/T2_0623.png|dd                                ttttt
/data3fast/users/mbermudez/de_02/TFGDataset/img/T2_0080.png|maa        eeeeeeeeeeeeeeeeeeeeeeeeeeeeeeeee
/data3fast/users/mbermudez/de_02/TFGDataset/img/T2_0895.png|eeeee      d        eeee  eeeeeeeeeeeeeeeeeeee
/data3fast/users/mbermudez/de_02/TFGDataset/img/T2_0244.png|bbeeeeeeeeeeeeeeeeeeeeeeeeeeeeeeeeeeee
/data3fast/users/mbermudez/de_02/TFGDataset/img/T2_0114.png|diee   hhhheeee  e    eeeeeee       hhhhhhh
/data3fast/users/mbermudez/de_02/TFGDataset/img/T2_0193.png|ttt                  eeeeeeeeeeeeeeeeeeeeeeeeeeeee
/data3fast/users/mbermudez/de_02/TFGDataset/img/T2_1068.png|ggeehhhhhhh hhh         eee  eee         
/data3fast/users/mbermudez/de_02/TFGDataset/img/T2_0387.png|deeeeeeeeeeeeeeeeeeeeeeeeeeeee  ssssssssss
/data3fast/users/mbermudez/de_02/TFGDataset/img/T2_0264.png|"               e  eee                
/data3fast/users/mbermudez/de_02/TFGDataset/img/T2_0461.png|daa       ssssssseseessssssssssss  ss         
/data3fast/users/mbermudez/de_02/TFGDataset/img/T2_0082.png|eeeee ssss              eeee        eeeeiiiieie
/data3fast/users/mbermudez/de_02/TFGDataset/img/T2_0639.png|#  
/data3fast/users/mbermudez/de_02/TFGDataset/img/T2_0907.png|wweeeeeeeeeeeeeeeeeeeeee                hhhh
/data3fast/users/mbermudez/de_02/TFGDataset/img/T2_0402.png|hheeeeeeeeeeeeeeeeee e     eee              hha
/data3fast/users/mbermudez/de_02/TFGDataset/img/T2_0019.png|hhhhheeeeeeeeeeeeeeeeeeeeeeeeeeeeeeeeeeeeeeeeeeee
/data3fast/users/mbermudez/de_02/TFGDataset/img/T2_1363.png|uurr    eeeeeeeee eeeeeeeeeeeeeee            
/data3fast/users/mbermudez/de_02/TFGDataset/img/T2_0999.png|eeessss     ee    eeeeee eeeeeeeeeeeeee    eeee
/data3fast/users/mbermudez/de_02/TFGDataset/img/T2_0359.png|iie   e          ssss
/data3fast/users/mbermudez/de_02/TFGDataset/img/T2_0132.png|beeeeeeee eee                eeeeeeeeeeeeeeeeeeehhee
/data3fast/users/mbermudez/de_02/TFGDataset/img/T2_1414.png|so   eeeeeeeeeeeeeeeeeeeeeeee    eeeeeee
/data3fast/users/mbermudez/de_02/TFGDataset/img/T2_1268.png|wwi                          eee dddee
/data3fast/users/mbermudez/de_02/TFGDataset/img/T2_0672.png|nnnn eeeeeeeeeeeeeeeeeeeeeeeeeeeeeee
/data3fast/users/mbermudez/de_02/TFGDataset/img/T2_1215.png|iihhhhheeeee eeeee eeeeeeeeee e        aaa
/data3fast/users/mbermudez/de_02/TFGDataset/img/T2_0919.png|ttttt                eeeee  eeeee            d
/data3fast/users/mbermudez/de_02/TFGDataset/img/T2_1453.png|#  
/data3fast/users/mbermudez/de_02/TFGDataset/img/T2_0383.png|iieeeeeeeeeeee                     eee eeeeeeee
/data3fast/users/mbermudez/de_02/TFGDataset/img/T2_0454.png|hhhh   eeeeeeeeeeeeeeeeeeeee  e   ddddnnnnn
/data3fast/users/mbermudez/de_02/TFGDataset/img/T2_0961.png|bbeeeeeeeeeeee   e      eee                  
/data3fast/users/mbermudez/de_02/TFGDataset/img/T2_1208.png|dd   eeeeee   eeee  eee           eeett
/data3fast/users/mbermudez/de_02/TFGDataset/img/T2_0599.png|daa    hh   eeeeeee                 eeeeeeeeeeeeee
/data3fast/users/mbermudez/de_02/TFGDataset/img/T2_0103.png|#   
/data3fast/users/mbermudez/de_02/TFGDataset/img/T2_1160.png|ttteeee    eeeeeeeeeeeeeeeeeehhhheeeeeeee           eeeee
/data3fast/users/mbermudez/de_02/TFGDataset/img/T2_0357.png|deeeeeeeeeeeeeeeeeeeeeeeeeeeeeee         
/data3fast/users/mbermudez/de_02/TFGDataset/img/T2_0409.png|ihn                                     hhhh
/data3fast/users/mbermudez/de_02/TFGDataset/img/T2_0962.png|iihh      e eesssseeee   ssseeeeeeeeeeeeeeeeeeeeeeeeeeee
/data3fast/users/mbermudez/de_02/TFGDataset/img/T2_0892.png|nnn      eeeeeeeeeeeeeeeeeeeeeeeeeeeeeeeeeeeeeeeeee
/data3fast/users/mbermudez/de_02/TFGDataset/img/T2_0021.png|aaaeeeeeeeeeeeeeeeeeeeeeeeeeeeeeeeee
/data3fast/users/mbermudez/de_02/TFGDataset/img/T2_1039.png|oo                                  eeeeeeeeeeeee
/data3fast/users/mbermudez/de_02/TFGDataset/img/T2_0343.png|soo eeeeeeeeeeeeeeeeeeeeeeeeeeeeeeeeeee   eeee
/data3fast/users/mbermudez/de_02/TFGDataset/img/T2_0027.png|eee    aaa  a               ss
/data3fast/users/mbermudez/de_02/TFGDataset/img/T2_0812.png|wweetttttt   tt
/data3fast/users/mbermudez/de_02/TFGDataset/img/T2_0817.png|dee      eeeeeeeeeeeeeeeeeeeeeeeeeeeeeeeeeeeeeesssssssseee
/data3fast/users/mbermudez/de_02/TFGDataset/img/T2_1041.png|meee hhhhhhhhhhhhhhhhhhhhh
/data3fast/users/mbermudez/de_02/TFGDataset/img/T2_1338.png|ieeeeeeeeeeeeeeeeeeee eeee e eee e     ssssssss
/data3fast/users/mbermudez/de_02/TFGDataset/img/T2_0646.png|hhhh               e e  eeee eeee                
/data3fast/users/mbermudez/de_02/TFGDataset/img/T2_0380.png|geeee   sssssssssseeees        s    ee eee  eeeeeee
/data3fast/users/mbermudez/de_02/TFGDataset/img/T2_0764.png|neeeeeeeeeeeeeeee          eee       n    nnn
/data3fast/users/mbermudez/de_02/TFGDataset/img/T2_0136.png|assssseeeeeeeeeeeeeeeeeeee e eee  e     ee    **eeeee
/data3fast/users/mbermudez/de_02/TFGDataset/img/T2_0416.png|bhhee       e eeee eeeeee   eee    eee        e    ttttt
/data3fast/users/mbermudez/de_02/TFGDataset/img/T2_0500.png|geeeeeeeeeeeee e  ee                      ee
/data3fast/users/mbermudez/de_02/TFGDataset/img/T2_0377.png|dd                                      iiiit
/data3fast/users/mbermudez/de_02/TFGDataset/img/T2_1031.png|beeeeeeeeeeeeeeeeeeeeeeeeeeeeeee    nnnnnnee
/data3fast/users/mbermudez/de_02/TFGDataset/img/T2_1462.png|dnn       eee   e eeeee    ee        e  ee  e
/data3fast/users/mbermudez/de_02/TFGDataset/img/T2_1297.png|aaeeeeeeeeee              aa          eeeeeeeeeeeee
/data3fast/users/mbermudez/de_02/TFGDataset/img/T2_1073.png|# 
/data3fast/users/mbermudez/de_02/TFGDataset/img/T2_0043.png|dd     hhhheeeeeeeeeeeeeeeeeeeeeeeeeeeee
/data3fast/users/mbermudez/de_02/TFGDataset/img/T2_0656.png|oee      eeeeeeeeeeeeeeeeeeeeeeeeeeeeeeeeeeeeeeeeeeeee
/data3fast/users/mbermudez/de_02/TFGDataset/img/T2_0915.png|lllleeeeeeeeeeeeeeeeeeeeeeeeeeeeeeeeeeeeeeee       dede
/data3fast/users/mbermudez/de_02/TFGDataset/img/T2_0490.png|eerr                                hhhhhhhhhh
/data3fast/users/mbermudez/de_02/TFGDataset/img/T2_0913.png|oot      eeeeeeeeeeeeeeeeeeeeeeeeeee     ttttt
/data3fast/users/mbermudez/de_02/TFGDataset/img/T2_0477.png|iiiiitteeeeeeeeeeeeeeeeeeeeee  ee eeeeee        aa
/data3fast/users/mbermudez/de_02/TFGDataset/img/T2_0413.png|eee                  ss       ss     s   s st
/data3fast/users/mbermudez/de_02/TFGDataset/img/T2_1352.png|deeeeeeeeeeeeeeeeeeeeeeeeeeeeeeeee               da
/data3fast/users/mbermudez/de_02/TFGDataset/img/T2_0269.png|lll       eeeeeeeeeeeeeeeeeeeeeeeeeeeeeeelllllll
/data3fast/users/mbermudez/de_02/TFGDataset/img/T2_0468.png|aahh  eeeeeeeeeeeeeeeeeeeeeeeeeeeeee e        ssss
/data3fast/users/mbermudez/de_02/TFGDataset/img/T2_1159.png|uuu               e e eeeeeeeee e eeeeeee
/data3fast/users/mbermudez/de_02/TFGDataset/img/T2_0403.png|unnn     eeeeeeeeeeeeeeeeeeeeeeeeeeeeeeeeeeet
/data3fast/users/mbermudez/de_02/TFGDataset/img/T2_1412.png|daaa              eeeeeee    hhhhhhhhhhhhhhhhhhhhh
/data3fast/users/mbermudez/de_02/TFGDataset/img/T2_0711.png|eeeeeee  e e e                 ee         eeeeee
/data3fast/users/mbermudez/de_02/TFGDataset/img/T2_0666.png|deeeeeeeeeeeeeeee    e              ee     e     e eeeeeee
/data3fast/users/mbermudez/de_02/TFGDataset/img/T2_1093.png|orr          eeeeeeeeeeeeeeeeeeeeeeeeeeeeeeee      ee
/data3fast/users/mbermudez/de_02/TFGDataset/img/T2_1135.png|geeeeee              eee eeeee         eseeee
/data3fast/users/mbermudez/de_02/TFGDataset/img/T2_1100.png|hhhh eeeeeeeeeeeeeeeeeeeeeeeeeeeeeeeeeee      eeeee
/data3fast/users/mbermudez/de_02/TFGDataset/img/T2_0920.png|hheeeeeeeeeeeeeeeeeeeeee      eeeeeeeeeeeeeeee
/data3fast/users/mbermudez/de_02/TFGDataset/img/T2_1101.png|deeee   ee  e  e ee                 a aa    d
/data3fast/users/mbermudez/de_02/TFGDataset/img/T2_0921.png|d                        s sss      ttttt
/data3fast/users/mbermudez/de_02/TFGDataset/img/T2_1293.png|lllla                                 sssssee
/data3fast/users/mbermudez/de_02/TFGDataset/img/T2_1328.png|dee      a                           eeeeeeee
/data3fast/users/mbermudez/de_02/TFGDataset/img/T2_1351.png|neeeeeeeeeeeeeeeeeeeeeeeeeeee
/data3fast/users/mbermudez/de_02/TFGDataset/img/T2_1500.png|beee   eeeeeeeeeeeeeeeeeeeeee  eeeeehhhhhhhhhe
/data3fast/users/mbermudez/de_02/TFGDataset/img/T2_0223.png|iiit       
/data3fast/users/mbermudez/de_02/TFGDataset/img/T2_0042.png|der              eeeeeeeeeeeeeeeeeeeeeee   eeeee
/data3fast/users/mbermudez/de_02/TFGDataset/img/T2_0071.png|aan    eeeeeeeeeeee e  eeseee eeee  e              e
/data3fast/users/mbermudez/de_02/TFGDataset/img/T2_0973.png|eeeehhhhh            ee  eeeeeeeeeeeeeeeeeeeeeeeeeee
/data3fast/users/mbermudez/de_02/TFGDataset/img/T2_0122.png|uureeeeeeeeeeeeeeeeeeeeeeeeeeeeeeeeeeeee     
/data3fast/users/mbermudez/de_02/TFGDataset/img/T2_0256.png|aaa     eeeeeeeeeeeeeeeeee               ee
/data3fast/users/mbermudez/de_02/TFGDataset/img/T2_0968.png|mmtthh               eee eeeee      e                  r
/data3fast/users/mbermudez/de_02/TFGDataset/img/T2_0115.png|eeeee                        eeeeeeeeeeee
/data3fast/users/mbermudez/de_02/TFGDataset/img/T2_0098.png|sse                         eee        ssseeee
/data3fast/users/mbermudez/de_02/TFGDataset/img/T2_0534.png|geeee  sssss   ssssssssss   sssss ss       eehehh
/data3fast/users/mbermudez/de_02/TFGDataset/img/T2_1161.png|nnn eeeeeeeeeeeehe ee  eeeeeeeeeeeeeeeeeeeeeeeeeeee
/data3fast/users/mbermudez/de_02/TFGDataset/img/T2_0475.png|iii  eeeeeeeeeeeeeee    eeeeeeeeeeeeee        ihse
/data3fast/users/mbermudez/de_02/TFGDataset/img/T2_0924.png|nnn  eeeeeeeeeeeeeeeeeeee eeee                ae
/data3fast/users/mbermudez/de_02/TFGDataset/img/T2_0166.png|nneeeeeeeeeee   eeee    eeeeeeeeeeeee e e              a
/data3fast/users/mbermudez/de_02/TFGDataset/img/T2_0567.png|dan   eeeee             a   aaaaaaaaallllle
/data3fast/users/mbermudez/de_02/TFGDataset/img/T2_1298.png|dee  hhhhhheeeeeeeeeeeeeeeeeeeeleelllhhheeeee
/data3fast/users/mbermudez/de_02/TFGDataset/img/T2_0424.png|iieeeeeeeeeee                          tttttttt
/data3fast/users/mbermudez/de_02/TFGDataset/img/T2_0942.png|iiii                              eeeeeeeee
/data3fast/users/mbermudez/de_02/TFGDataset/img/T2_1174.png|eeee               eeeeeeeeeeeeeeeeeeeeeeeeeeeeeee
/data3fast/users/mbermudez/de_02/TFGDataset/img/T2_0833.png|oeeeeeeesssseeeeeeeeeeeee e                    tttttt
/data3fast/users/mbermudez/de_02/TFGDataset/img/T2_0157.png|ooo  eeeeeeeeeeeeeeee e eee             ddeeee
/data3fast/users/mbermudez/de_02/TFGDataset/img/T2_0640.png|#  
/data3fast/users/mbermudez/de_02/TFGDataset/img/T2_0784.png|dee    aa        eeeeeeeeeeeeeeeeeeeeeeeeeesseeeeee
/data3fast/users/mbermudez/de_02/TFGDataset/img/T2_0959.png|wwrr                   e e   ee eeee  iiitthh
/data3fast/users/mbermudez/de_02/TFGDataset/img/T2_0234.png|deeeeeeeee        a           eeeeeeeee
/data3fast/users/mbermudez/de_02/TFGDataset/img/T2_0908.png|sse       ee e    eeee ee                  ttt
/data3fast/users/mbermudez/de_02/TFGDataset/img/T2_0647.png|sstt        e  eeeeeeeeeeeeeeee                  e
/data3fast/users/mbermudez/de_02/TFGDataset/img/T2_0293.png|deeeeeeeeeeeeeee              eeeeeeeeeeeeeeeeeeeee
/data3fast/users/mbermudez/de_02/TFGDataset/img/T2_0467.png|sss     ee        sssss                        
/data3fast/users/mbermudez/de_02/TFGDataset/img/T2_0871.png|geeeeeee                                 eeeeeee
/data3fast/users/mbermudez/de_02/TFGDataset/img/T2_1193.png|wwiie eeeeeeeeeeeeeeeeeeeeeeeeeeseeee                   
/data3fast/users/mbermudez/de_02/TFGDataset/img/T2_0029.png|geeeeeee                eee   eeee  eeeeeeeeee
/data3fast/users/mbermudez/de_02/TFGDataset/img/T2_0266.png|weeee     eeeeeeeeeeeeeeee              eeeeehhhh
/data3fast/users/mbermudez/de_02/TFGDataset/img/T2_0824.png|nnn    eeeeeeeeeeeeeeeeeeeeeeeeeeeeeehhhhhhheeee
/data3fast/users/mbermudez/de_02/TFGDataset/img/T2_1077.png|seeeeeeeeeeee                        sssshhhh
/data3fast/users/mbermudez/de_02/TFGDataset/img/T2_0055.png|meee                                         
/data3fast/users/mbermudez/de_02/TFGDataset/img/T2_0397.png|aaaa       eeeeeeeeeeeeeeeeeeee   sssssst
/data3fast/users/mbermudez/de_02/TFGDataset/img/T2_0235.png|geeeeeei                   h           nnnnne
/data3fast/users/mbermudez/de_02/TFGDataset/img/T2_0015.png|derreeeeeeeeeeeeeeeeeeeeeeeeeeee      ssssstt
/data3fast/users/mbermudez/de_02/TFGDataset/img/T2_0038.png|shhh        eeeeeeeeeeeeeeeeeeeee               nn
/data3fast/users/mbermudez/de_02/TFGDataset/img/T2_0439.png|aaaa   eeeeeeeeeeeeeeeeeeeeeeeeeeeeeeeeeeee
/data3fast/users/mbermudez/de_02/TFGDataset/img/T2_0496.png|iii    eeeeeeeeeeeeeeee ee           aaaaaaaa
/data3fast/users/mbermudez/de_02/TFGDataset/img/T2_0335.png|da                                  eeeeeeee
/data3fast/users/mbermudez/de_02/TFGDataset/img/T2_0476.png|dee                    
/data3fast/users/mbermudez/de_02/TFGDataset/img/T2_0602.png|deeeehheee eeeelellll
/data3fast/users/mbermudez/de_02/TFGDataset/img/T2_0598.png|eeeeeeeeeee   e                       aaaaa aa
/data3fast/users/mbermudez/de_02/TFGDataset/img/T2_0374.png|aaaa         eee  eeeeeee             sss
/data3fast/users/mbermudez/de_02/TFGDataset/img/T2_1128.png|hhe       eeeeeeeeeeeeeeeeeeee   eeeeeeeeee
/data3fast/users/mbermudez/de_02/TFGDataset/img/T2_0559.png|unn   eeeeeeeeeee    e e   eeeee ee  ee eeeeeeeee
/data3fast/users/mbermudez/de_02/TFGDataset/img/T2_1083.png|iiiihhh                              a   eeeeeeeee
/data3fast/users/mbermudez/de_02/TFGDataset/img/T2_1023.png|derrreeeeeeeeeeeeeeeeeeeeeee        dden
/data3fast/users/mbermudez/de_02/TFGDataset/img/T2_0938.png|zweetttttttttttt
/data3fast/users/mbermudez/de_02/TFGDataset/img/T2_0326.png|aaee                                     sss
/data3fast/users/mbermudez/de_02/TFGDataset/img/T2_0466.png|eeee                eeeeee  ee eeeeeeeeehhhhhhh
/data3fast/users/mbermudez/de_02/TFGDataset/img/T2_1158.png|nnn    eeeeeeeeeeeeee   eee                slll
/data3fast/users/mbermudez/de_02/TFGDataset/img/T2_0446.png|deee                              eeeeeiiiiiiee
/data3fast/users/mbermudez/de_02/TFGDataset/img/T2_0837.png|deeeeeeeeeeee                 eeeeeeeeeee
/data3fast/users/mbermudez/de_02/TFGDataset/img/T2_1491.png|aaa    eeeeeeeeeee  e     ee      sss   eeeeeee
/data3fast/users/mbermudez/de_02/TFGDataset/img/T2_0936.png|dnn      eiieititiiiiiiiiiiii       eeeeeeeeeee
/data3fast/users/mbermudez/de_02/TFGDataset/img/T2_0853.png|"    eeeeee                            naann
/data3fast/users/mbermudez/de_02/TFGDataset/img/T2_1467.png|iit      a             e e  e         eee
/data3fast/users/mbermudez/de_02/TFGDataset/img/T2_1381.png|tttttt                               eeeeeeeeeeeeeee
/data3fast/users/mbermudez/de_02/TFGDataset/img/T2_1270.png|nnn eeeeee               eeeeeeeeeeeeeee
/data3fast/users/mbermudez/de_02/TFGDataset/img/T2_1411.png|mmm               eeee    ee ee    eett
/data3fast/users/mbermudez/de_02/TFGDataset/img/T2_1020.png|#  
/data3fast/users/mbermudez/de_02/TFGDataset/img/T2_0375.png|aaeeeeeeeeeeeeeeeeeee            hhsss ttttt
/data3fast/users/mbermudez/de_02/TFGDataset/img/T2_1203.png|eeeeee  s                eeeeeeeeeeeeeeeeeee
/data3fast/users/mbermudez/de_02/TFGDataset/img/T2_0651.png|eeee              d                           nnnnn
/data3fast/users/mbermudez/de_02/TFGDataset/img/T2_0036.png|www      eeeeeeeeeeeeeeeeeee        
/data3fast/users/mbermudez/de_02/TFGDataset/img/T2_0735.png|eee   ttttttttt
/data3fast/users/mbermudez/de_02/TFGDataset/img/T2_0013.png|nnn  eeeeeeeeeeeeeeeeeeee
/data3fast/users/mbermudez/de_02/TFGDataset/img/T2_0874.png|deee  ee     hhhhh             e                    
/data3fast/users/mbermudez/de_02/TFGDataset/img/T2_0992.png|eee              eeeeeeeeeeeeeeeeeeeeeeeeeeeee
/data3fast/users/mbermudez/de_02/TFGDataset/img/T2_0190.png|iiii   eeeeeeeee  i    i eee                 e 
/data3fast/users/mbermudez/de_02/TFGDataset/img/T2_0911.png|eeee  ttttt
/data3fast/users/mbermudez/de_02/TFGDataset/img/T2_0393.png|ssss                                aaaa 
/data3fast/users/mbermudez/de_02/TFGDataset/img/T2_0696.png|oo   eeeeeeeeeeeee                    eeeeeeee
/data3fast/users/mbermudez/de_02/TFGDataset/img/T2_0379.png|diii                                ttt
/data3fast/users/mbermudez/de_02/TFGDataset/img/T2_0904.png|eeeees  h      ee eee  eeeeeeee eee eeeeeeeee
/data3fast/users/mbermudez/de_02/TFGDataset/img/T2_0796.png|ieee  hhh                              eeeeeeeee
/data3fast/users/mbermudez/de_02/TFGDataset/img/T2_1189.png|waeee ee eee          a                 e
/data3fast/users/mbermudez/de_02/TFGDataset/img/T2_1245.png|d  
/data3fast/users/mbermudez/de_02/TFGDataset/img/T2_1281.png|mnn      eee e  sssss      ssssssssseeeeeeeeeeeeehhh
/data3fast/users/mbermudez/de_02/TFGDataset/img/T2_0367.png|aa    eeeeeeeeeeeeeeeeeeeeeeeeeeeee         aaaa
/data3fast/users/mbermudez/de_02/TFGDataset/img/T2_0285.png|far                              tttettee
/data3fast/users/mbermudez/de_02/TFGDataset/img/T2_1129.png|eee                                       eeeeeeee
/data3fast/users/mbermudez/de_02/TFGDataset/img/T2_0398.png|iii                   ssssss    ss    sssssssss
/data3fast/users/mbermudez/de_02/TFGDataset/img/T2_1047.png|sss      aa        eeee  eeeee eeeeeeeeeeeeee
/data3fast/users/mbermudez/de_02/TFGDataset/img/T2_1167.png|unn   eeeeeeeeeeee   h      e e eeeeeeeeeeee
/data3fast/users/mbermudez/de_02/TFGDataset/img/T2_0180.png|schhhhhh                a            eeeeeeeeee
/data3fast/users/mbermudez/de_02/TFGDataset/img/T2_0937.png|beeeee                                   
/data3fast/users/mbermudez/de_02/TFGDataset/img/T2_0434.png|iitt              eeeeeee      ss     sssststtt
/data3fast/users/mbermudez/de_02/TFGDataset/img/T2_0997.png|iii     eeeeeeeeeeeeeee e                     
/data3fast/users/mbermudez/de_02/TFGDataset/img/T2_0426.png|ssa                                 sss   sssssssseeee
/data3fast/users/mbermudez/de_02/TFGDataset/img/T2_0692.png|ttttee                             eeeeee  e  elleeeeeeee
/data3fast/users/mbermudez/de_02/TFGDataset/img/T2_0759.png|dee            eeeee  eeee  e           eeeeee
/data3fast/users/mbermudez/de_02/TFGDataset/img/T2_1008.png|derr  ttttttttsss      e ssses                        ddd
/data3fast/users/mbermudez/de_02/TFGDataset/img/T2_0943.png|ee      a         eeee eeeeeeeeeeeeeeeeeeee
/data3fast/users/mbermudez/de_02/TFGDataset/img/T2_0368.png|mm        sss   s    eee                        eeee
/data3fast/users/mbermudez/de_02/TFGDataset/img/T2_0620.png|iiieeeeeeeeeeeee                          eeeee
/data3fast/users/mbermudez/de_02/TFGDataset/img/T2_1086.png|geeeeeeeee                 sss    s      hhhhee
/data3fast/users/mbermudez/de_02/TFGDataset/img/T2_0530.png|ahh     ee  e  e e              eeeeeeeeeeee
/data3fast/users/mbermudez/de_02/TFGDataset/img/T2_1163.png|wweee      ss          a          eeeeee
/data3fast/users/mbermudez/de_02/TFGDataset/img/T2_0174.png|deer                                   eeeeeeeeee
/data3fast/users/mbermudez/de_02/TFGDataset/img/T2_0970.png|sss   h              ee e   eee          eeee
/data3fast/users/mbermudez/de_02/TFGDataset/img/T2_0944.png|llllaa                                     eeee
/data3fast/users/mbermudez/de_02/TFGDataset/img/T2_1445.png|beee                                  nnnnn
/data3fast/users/mbermudez/de_02/TFGDataset/img/T2_1146.png|seee              ee   eee     ssssss
/data3fast/users/mbermudez/de_02/TFGDataset/img/T2_0349.png|sst                                  hhhhhh
/data3fast/users/mbermudez/de_02/TFGDataset/img/T2_1059.png|bssssesseeeeeeeeeeeeeeeeeeess               
/data3fast/users/mbermudez/de_02/TFGDataset/img/T2_1220.png|iii                                   
/data3fast/users/mbermudez/de_02/TFGDataset/img/T2_0485.png|bbeeee     ee   eeeeeeeeeeee eeeeeee e        e
/data3fast/users/mbermudez/de_02/TFGDataset/img/T2_0537.png|"                            eeeeeeeeeeee
/data3fast/users/mbermudez/de_02/TFGDataset/img/T2_1498.png|dii               eeeeeeeeeee   eeesssssssssssss
/data3fast/users/mbermudez/de_02/TFGDataset/img/T2_0552.png|neeeeeeee e          eeee      ee  eeeee
/data3fast/users/mbermudez/de_02/TFGDataset/img/T2_0966.png|wit                                             eeeeee
/data3fast/users/mbermudez/de_02/TFGDataset/img/T2_0801.png|eeee                                        nnn
/data3fast/users/mbermudez/de_02/TFGDataset/img/T2_1098.png|wissssssssss    ss  sss                    a s s ssssss
/data3fast/users/mbermudez/de_02/TFGDataset/img/T2_0752.png|nnn   eeeeeee                                  
/data3fast/users/mbermudez/de_02/TFGDataset/img/T2_0790.png|ssse   e eeeee                              tttt
/data3fast/users/mbermudez/de_02/TFGDataset/img/T2_0117.png|geeeeeeeeeee                              hhhhhh
/data3fast/users/mbermudez/de_02/TFGDataset/img/T2_0834.png|ieeeeeeeeeeeeeeeeeeeee e              sss
/data3fast/users/mbermudez/de_02/TFGDataset/img/T2_0297.png|dee                                        eeeee
/data3fast/users/mbermudez/de_02/TFGDataset/img/T2_0676.png|# 
/data3fast/users/mbermudez/de_02/TFGDataset/img/T2_0437.png|wiiie                                nnnnn
/data3fast/users/mbermudez/de_02/TFGDataset/img/T2_0141.png|weee                   sssssssssssssss    ieee
/data3fast/users/mbermudez/de_02/TFGDataset/img/T2_0593.png|wweee                                     
/data3fast/users/mbermudez/de_02/TFGDataset/img/T2_1117.png|nnnn   eeee                               eee
/data3fast/users/mbermudez/de_02/TFGDataset/img/T2_0057.png|aaaa              eeeeeeeeeeee  e eeeeee nene
/data3fast/users/mbermudez/de_02/TFGDataset/img/T2_0106.png|"   sssssseeeeeeeeee
/data3fast/users/mbermudez/de_02/TFGDataset/img/T2_1022.png|deeeeeeeeeeeeeeeeeeeeeeeeeeeeeeeeeeeeeeeeee
/data3fast/users/mbermudez/de_02/TFGDataset/img/T2_0572.png|frre edd eeeeeeeeeeeee    ee   e           tttt
/data3fast/users/mbermudez/de_02/TFGDataset/img/T2_1399.png|mie  eeeessss                                  eeeee
/data3fast/users/mbermudez/de_02/TFGDataset/img/T2_0740.png|deeeeeee e      eessss s     es ss              sss          ee
/data3fast/users/mbermudez/de_02/TFGDataset/img/T2_0518.png|derr                       e  ee eeeeeeeehhh
/data3fast/users/mbermudez/de_02/TFGDataset/img/T2_0053.png|asss                                ssssssst
/data3fast/users/mbermudez/de_02/TFGDataset/img/T2_0396.png|heeeeeeeeeeeeei iiiiiiee ee  i  e      ererrr
/data3fast/users/mbermudez/de_02/TFGDataset/img/T2_1471.png|stttt                        e       e           e
/data3fast/users/mbermudez/de_02/TFGDataset/img/T2_1207.png|nnee                    e   t hheeehhhhhhhhaee
/data3fast/users/mbermudez/de_02/TFGDataset/img/T2_0292.png|aanh                       eeeeeeeeeeeeeee
/data3fast/users/mbermudez/de_02/TFGDataset/img/T2_1341.png|diieeeeeeeeeeeeeeeeeee    e eee ee eeeeeeee eeeeee
/data3fast/users/mbermudez/de_02/TFGDataset/img/T2_0156.png|deee                        e            tttttt
/data3fast/users/mbermudez/de_02/TFGDataset/img/T2_0606.png|weeeee   eee    e     eeeeeeeeeeeeeeeeeeiiiiiiiihe
/data3fast/users/mbermudez/de_02/TFGDataset/img/T2_0300.png|aaah                                     a  a aa
/data3fast/users/mbermudez/de_02/TFGDataset/img/T2_0722.png|hhheeeeeee                            eeeeeee
/data3fast/users/mbermudez/de_02/TFGDataset/img/T2_1176.png|iiieeeeeeeeeee            e   ehee eeeesssseeee
/data3fast/users/mbermudez/de_02/TFGDataset/img/T2_0899.png|iiii     ee                             sssssssssss
/data3fast/users/mbermudez/de_02/TFGDataset/img/T2_0865.png|eeeeeeeeeeee
/data3fast/users/mbermudez/de_02/TFGDataset/img/T2_0690.png|weeeeeeeeeeeee   e                     nnnn
/data3fast/users/mbermudez/de_02/TFGDataset/img/T2_1324.png|ssse                                           dnn
/data3fast/users/mbermudez/de_02/TFGDataset/img/T2_0104.png|nna                               ssss          tt
/data3fast/users/mbermudez/de_02/TFGDataset/img/T2_0134.png|ihhhhh                         ee    eeeeeeeee
/data3fast/users/mbermudez/de_02/TFGDataset/img/T2_0059.png|bee              eeee   ee  eeee e e ee eeeeeeed
/data3fast/users/mbermudez/de_02/TFGDataset/img/T2_1243.png|eeeee                ee eeeeeeeessss sssssssseeee
/data3fast/users/mbermudez/de_02/TFGDataset/img/T2_0856.png|eeeee          eeee   ee eeeeeeeeeeeeeeeeeeeeeeee
/data3fast/users/mbermudez/de_02/TFGDataset/img/T2_0682.png|nee                                            t 
/data3fast/users/mbermudez/de_02/TFGDataset/img/T2_0876.png|meeeeeeeeeeeeeeeee     eeeeee ee  eeeelleeeee
/data3fast/users/mbermudez/de_02/TFGDataset/img/T2_0415.png|eeeeee           eeeee eeeee                    eee
/data3fast/users/mbermudez/de_02/TFGDataset/img/T2_1404.png|sshhh                                  eeeeeeeeee
/data3fast/users/mbermudez/de_02/TFGDataset/img/T2_0030.png|deeeeeeeeeeeeeeeeeeeeeeeeeeeeeeeeeeee        eeeeee
/data3fast/users/mbermudez/de_02/TFGDataset/img/T2_1180.png|eeeeeee                   ss               
/data3fast/users/mbermudez/de_02/TFGDataset/img/T2_0971.png|"    hhhhhhhhh         h       eee eeeeeeeeeeeee
/data3fast/users/mbermudez/de_02/TFGDataset/img/T2_0875.png|gee       eeeeee  eee eeeeeeeeee       nnn
/data3fast/users/mbermudez/de_02/TFGDataset/img/T2_0242.png|tee        eeeeeeeeeeeeeeeee       sssssssssseeeeee
/data3fast/users/mbermudez/de_02/TFGDataset/img/T2_0737.png|des                   eeeeeee        tt
/data3fast/users/mbermudez/de_02/TFGDataset/img/T2_0792.png|unn   eeeeeeeeeeeeeeeeeeeeeee           tt
/data3fast/users/mbermudez/de_02/TFGDataset/img/T2_1403.png|eeeehh                    eee eeeeeeeeeeeeeee
/data3fast/users/mbermudez/de_02/TFGDataset/img/T2_1397.png|aaa                   iiieeeeeeeiiiee
/data3fast/users/mbermudez/de_02/TFGDataset/img/T2_0965.png|mtttt  eeeeessss      eeeessse   s            eeeeeeee
/data3fast/users/mbermudez/de_02/TFGDataset/img/T2_1178.png|dee              eeeeeeeeeeee  e      tttttttttt
/data3fast/users/mbermudez/de_02/TFGDataset/img/T2_0091.png|uuu      a                    eeeeeeeee
/data3fast/users/mbermudez/de_02/TFGDataset/img/T2_0989.png|drrr                                ddd
/data3fast/users/mbermudez/de_02/TFGDataset/img/T2_0323.png|dd                   e   eee        ssssss
/data3fast/users/mbermudez/de_02/TFGDataset/img/T2_0353.png|"  eeeeeeeeeeeeeeeeeeee            e   e  hhhhh
/data3fast/users/mbermudez/de_02/TFGDataset/img/T2_0120.png|aaeeeeeeeeeeeeeeeeeeeee              iiiieeee
/data3fast/users/mbermudez/de_02/TFGDataset/img/T2_1343.png|nnnn      eeeeeeeeeeeeee   etee      ee e eeeeeeeee
/data3fast/users/mbermudez/de_02/TFGDataset/img/T2_1481.png|ssssss            eeeee eee    eeehhhhhh
/data3fast/users/mbermudez/de_02/TFGDataset/img/T2_0464.png|iiieeeeeeeee                      eeee     e eeeeeeee
/data3fast/users/mbermudez/de_02/TFGDataset/img/T2_0259.png|dee                eee                            
/data3fast/users/mbermudez/de_02/TFGDataset/img/T2_0020.png|wwa    eeeeeeeeeeeeeeeeeeeeeeeeeeeeeeeeee
/data3fast/users/mbermudez/de_02/TFGDataset/img/T2_0857.png|dee                             eeeeeesssssssssssss
/data3fast/users/mbermudez/de_02/TFGDataset/img/T2_1145.png|ooeeeeeeeeeeeeeee                    ssssssseeeee
/data3fast/users/mbermudez/de_02/TFGDataset/img/T2_1118.png|dee hhhh                                     nn
/data3fast/users/mbermudez/de_02/TFGDataset/img/T2_0708.png|neeeeeeeeeeeee e                    eeeeeeee
/data3fast/users/mbermudez/de_02/TFGDataset/img/T2_1175.png|wnnn         eeeeeeeeeeeeeeeeeeeeeeeeeeee  sssssss
/data3fast/users/mbermudez/de_02/TFGDataset/img/T2_0081.png|hhhh                    eeeeeeeeeeeeeeeeeee
/data3fast/users/mbermudez/de_02/TFGDataset/img/T2_0747.png|mee            e eeeeeeeeeeeeeeeeeeeei iihhh
/data3fast/users/mbermudez/de_02/TFGDataset/img/T2_0657.png|aaneeeeeeeeeeeeeeeeeeeeeeeeeeeeeeeee sssssssssseee
/data3fast/users/mbermudez/de_02/TFGDataset/img/T2_0012.png|thee                        d  eeeeeeeeeeeeee
/data3fast/users/mbermudez/de_02/TFGDataset/img/T2_0488.png|aaeeeeeeeeeeeeeeeeeeeeeee    eeee  hhhhh
/data3fast/users/mbermudez/de_02/TFGDataset/img/T2_0670.png|eee                ee               eee
/data3fast/users/mbermudez/de_02/TFGDataset/img/T2_1046.png|deee  tttt    ttt
/data3fast/users/mbermudez/de_02/TFGDataset/img/T2_1325.png|ssseeeeeeeeee                    e e e eeeeeeee
/data3fast/users/mbermudez/de_02/TFGDataset/img/T2_0505.png|eeeeeeeeeeeeeeeeeeeeeeeeeeeeeee
/data3fast/users/mbermudez/de_02/TFGDataset/img/T2_0299.png|nnn      eeeeeeeeeeeeeeeeeeeeeeeeeee     eeeee
/data3fast/users/mbermudez/de_02/TFGDataset/img/T2_0133.png|eee                              eeeeeeeeeeee
/data3fast/users/mbermudez/de_02/TFGDataset/img/T2_0932.png|eeeee                 eeeeeeeeeeeeeeeeeeeeeeeehhhhh
/data3fast/users/mbermudez/de_02/TFGDataset/img/T2_0388.png|uuu eeeeeeeeeeeeeeeeeeeeee   eee                  nnnnn
/data3fast/users/mbermudez/de_02/TFGDataset/img/T2_0864.png|maa                e       ee            eeeeee
/data3fast/users/mbermudez/de_02/TFGDataset/img/T2_0761.png|geee             t
/data3fast/users/mbermudez/de_02/TFGDataset/img/T2_0730.png|nnn           eee eeeeee  eee  eeeeeeeeeeeeeeeeeeee
/data3fast/users/mbermudez/de_02/TFGDataset/img/T2_0069.png|inn  eeeeeeeeeeeeeeeeeeeeeeeeeeeeeeee          d 
/data3fast/users/mbermudez/de_02/TFGDataset/img/T2_1177.png|bbeeee                           ee  eeeeeeeeee
/data3fast/users/mbermudez/de_02/TFGDataset/img/T2_0457.png|rree        ee e   e e eeee  eeeeeee     sssssssssss
/data3fast/users/mbermudez/de_02/TFGDataset/img/T2_0271.png|mmm                  eee              eeeeeeeee
/data3fast/users/mbermudez/de_02/TFGDataset/img/T2_1461.png|der    e eeeeeeeeeeeeeee eeeee e               ee eee
/data3fast/users/mbermudez/de_02/TFGDataset/img/T2_0184.png|#  
/data3fast/users/mbermudez/de_02/TFGDataset/img/T2_0405.png|winn          e eeeeeeeeeeeeeeeeeeeeeeee
/data3fast/users/mbermudez/de_02/TFGDataset/img/T2_0161.png|uuu         eeeeeeeeeeeee  eeeeeeeeeee    lllll
/data3fast/users/mbermudez/de_02/TFGDataset/img/T2_0858.png|unnn   eeeeeeeeeeeeeeeeeeeeeeesesssseeeee
/data3fast/users/mbermudez/de_02/TFGDataset/img/T2_0539.png|weeeessssssssssseeeeeesssseeeeeeeeeeeeeeeeeeeeee
/data3fast/users/mbermudez/de_02/TFGDataset/img/T2_1005.png|eeeehhhh                                      eeee
/data3fast/users/mbermudez/de_02/TFGDataset/img/T2_0850.png|eeiiieeeeeeeeeeeeeeeeeeee   eeeeee
/data3fast/users/mbermudez/de_02/TFGDataset/img/T2_0665.png|eeeee              e    eeeeeeeeeeeeeeeeee
/data3fast/users/mbermudez/de_02/TFGDataset/img/T2_0785.png|ootttttt           e eeee e                  aah
/data3fast/users/mbermudez/de_02/TFGDataset/img/T2_0171.png|iii         
/data3fast/users/mbermudez/de_02/TFGDataset/img/T2_0151.png|shhhhh        eeeeeee     eee            eeeeee
/data3fast/users/mbermudez/de_02/TFGDataset/img/T2_1402.png|wwa                ssss   eeeeeeeeeeeeeeeeeeeee
/data3fast/users/mbermudez/de_02/TFGDataset/img/T2_1418.png|geeeeeeetttt
/data3fast/users/mbermudez/de_02/TFGDataset/img/T2_0742.png|ahhh              a             eeeeeeeeeeeeeeeee
/data3fast/users/mbermudez/de_02/TFGDataset/img/T2_1290.png|bbe          eeeeeeeeeeeeeeeee          eee
/data3fast/users/mbermudez/de_02/TFGDataset/img/T2_1091.png|eeeee          eeeeeeeeeeeeeeeeeeeeeeeeeeee eeeeeeeeeee
/data3fast/users/mbermudez/de_02/TFGDataset/img/T2_0215.png|hhhh                 e                   eeeeeeee
/data3fast/users/mbermudez/de_02/TFGDataset/img/T2_0698.png|"      eeeeeeeeeeeeeeeeeeeeeeeeheeehhheee
/data3fast/users/mbermudez/de_02/TFGDataset/img/T2_0660.png|ss                   seeeeeeeeeeeeeeeeeeee
/data3fast/users/mbermudez/de_02/TFGDataset/img/T2_0743.png|aaaa    eeeeeeeeeeeeeeeeeeeeeeeeeeeeeeee
/data3fast/users/mbermudez/de_02/TFGDataset/img/T2_0679.png|unn   eeeeeehhhhhhhhh                  e eeeeeeeee
/data3fast/users/mbermudez/de_02/TFGDataset/img/T2_0878.png|rrrr      a                     h thssssstttt
/data3fast/users/mbermudez/de_02/TFGDataset/img/T2_1185.png|maaa            ee eeeeeee     nn  niiiii
/data3fast/users/mbermudez/de_02/TFGDataset/img/T2_0819.png|wrrreeeeeeeeeeeeeeeeeeeeeee e    eeeeeteeee
/data3fast/users/mbermudez/de_02/TFGDataset/img/T2_1434.png|rrrreeeee               ee   eeeeeeeeeeeeeeeee
/data3fast/users/mbermudez/de_02/TFGDataset/img/T2_1088.png|uun  eeeeeeeeeeeeeee                     ssssh
/data3fast/users/mbermudez/de_02/TFGDataset/img/T2_0125.png|dd                                eeeeeeeeee
/data3fast/users/mbermudez/de_02/TFGDataset/img/T2_0831.png|sssssssssees                               eeeeee
/data3fast/users/mbermudez/de_02/TFGDataset/img/T2_1212.png|dr          eeeeeeeeeeeeeeeeeeeeeeeeeeeeeeeeeeee
/data3fast/users/mbermudez/de_02/TFGDataset/img/T2_0065.png|der                   ss sssss          ehhhhhhhhe
/data3fast/users/mbermudez/de_02/TFGDataset/img/T2_0571.png|bbeeeeeeeeeeeeeeeeeeeeeeee    eeee ee eeee
/data3fast/users/mbermudez/de_02/TFGDataset/img/T2_1317.png|dassseeeeeeeeeee                              nn
/data3fast/users/mbermudez/de_02/TFGDataset/img/T2_1171.png|ss       eeeeeeeeeee        eeeeeeeeeeeeeeeee
/data3fast/users/mbermudez/de_02/TFGDataset/img/T2_0757.png|sseee               eeeeeeeee    ee eeeehehhhee
/data3fast/users/mbermudez/de_02/TFGDataset/img/T2_1072.png|sss                                          
/data3fast/users/mbermudez/de_02/TFGDataset/img/T2_0738.png|geee                                aaaaa
/data3fast/users/mbermudez/de_02/TFGDataset/img/T2_0024.png|beeeeeeeeeeeeeee t           e                e
/data3fast/users/mbermudez/de_02/TFGDataset/img/T2_1121.png|wlll             eeeeeeeeeeeeeeeeeeeeee        ee
/data3fast/users/mbermudez/de_02/TFGDataset/img/T2_0582.png|aaal         eeeeeeeeeeeeeeeeeeiittttt
/data3fast/users/mbermudez/de_02/TFGDataset/img/T2_0729.png|eeeeeeee        aaaaaaa
/data3fast/users/mbermudez/de_02/TFGDataset/img/T2_1155.png|dnn        e                    eeeeeeeee
/data3fast/users/mbermudez/de_02/TFGDataset/img/T2_0882.png|weeeeeeeeeeeee e    eeeeeeeeeee        ih
/data3fast/users/mbermudez/de_02/TFGDataset/img/T2_0209.png|nnneeeeeeeeeeeeeeeeeeeeeeeeeeeeeeeee     aaaaaaaa
/data3fast/users/mbermudez/de_02/TFGDataset/img/T2_1097.png|eeeeeeeeeeeeeeeeeeeeeeeeeeeeeeeeeeeeeeessssshhhhh
/data3fast/users/mbermudez/de_02/TFGDataset/img/T2_1303.png|dee     eeeee  e e eeee          e     eeeeeeee
/data3fast/users/mbermudez/de_02/TFGDataset/img/T2_1475.png|neeeeeeeeeeeeeeeeeeeeeeeeeeee      eeeeeeeeeeeee
/data3fast/users/mbermudez/de_02/TFGDataset/img/T2_1300.png|dee    eeehhhhe  eeeeeeeee         aass
/data3fast/users/mbermudez/de_02/TFGDataset/img/T2_1426.png|aaneeeeeeeeeeeeeeeeeeeeeeeeeeeeeeeee  aaaeeeee
/data3fast/users/mbermudez/de_02/TFGDataset/img/T2_1495.png|eeeeee e  e       e   eeeeee            nnnn
/data3fast/users/mbermudez/de_02/TFGDataset/img/T2_0222.png|tteeeeeeee             eeeeeeeee    ee  e   eeeeeeeee
/data3fast/users/mbermudez/de_02/TFGDataset/img/T2_0815.png|deeeeeeeeeeeeeeeee         eeeeeeeeeeeeeeeeee
/data3fast/users/mbermudez/de_02/TFGDataset/img/T2_1334.png|ss   eeeeeeeeeeee            eeeeeeeeeeeeee
/data3fast/users/mbermudez/de_02/TFGDataset/img/T2_0823.png|stt                      e   e      iihhhhh
/data3fast/users/mbermudez/de_02/TFGDataset/img/T2_0803.png|bbeeeee eeeeeeeeee   ieeee  e   ttttttttttt
/data3fast/users/mbermudez/de_02/TFGDataset/img/T2_1464.png|beee                        e         hhhhhhhhhh
/data3fast/users/mbermudez/de_02/TFGDataset/img/T2_1137.png|wii      s       eee eee     eee      eeeee ee
/data3fast/users/mbermudez/de_02/TFGDataset/img/T2_0084.png|wweeeeeessttttt          eee  ettt   ee   eeeeeeeeeeeeee
/data3fast/users/mbermudez/de_02/TFGDataset/img/T2_1283.png|soo      eeeeeeeee      dn  n nn     eee
/data3fast/users/mbermudez/de_02/TFGDataset/img/T2_0795.png|eee              eeee ee                    a
/data3fast/users/mbermudez/de_02/TFGDataset/img/T2_0003.png|weeeihhhhhhhhhh           aaaaa     aa llllsslsl
/data3fast/users/mbermudez/de_02/TFGDataset/img/T2_1239.png|vn         e     ee   e..*..
/data3fast/users/mbermudez/de_02/TFGDataset/img/T2_1048.png|hheeeeeeeeeeeeeeeee    e     eee   ee          s ssss
/data3fast/users/mbermudez/de_02/TFGDataset/img/T2_0669.png|deee   eeee  eeeee ee              ssttttt
/data3fast/users/mbermudez/de_02/TFGDataset/img/T2_0443.png|derre      ieeeeeee  e   eeee   eeesssssse
/data3fast/users/mbermudez/de_02/TFGDataset/img/T2_1132.png|rrreeellllleeeeeeeeeeeee      s          
/data3fast/users/mbermudez/de_02/TFGDataset/img/T2_0290.png|eeeeeeeeeeeeeeeeeeee  ee   e  eeeeeeeeeeeeeeeeeee
/data3fast/users/mbermudez/de_02/TFGDataset/img/T2_0810.png|aaaleeeeeee         e    e          tt  tttttttt
/data3fast/users/mbermudez/de_02/TFGDataset/img/T2_1349.png|weeeee                                 eeeeeeeeee
/data3fast/users/mbermudez/de_02/TFGDataset/img/T2_0889.png|ssseeeeeeeeeeeeeeee eeeeeeeeee     eeeeeiie
/data3fast/users/mbermudez/de_02/TFGDataset/img/T2_1127.png|deee eeeeeeeeeeeeeee       e e eeeehhhhhhhhhhh
/data3fast/users/mbermudez/de_02/TFGDataset/img/T2_0303.png|oe                          e               tttth
/data3fast/users/mbermudez/de_02/TFGDataset/img/T2_0163.png|dii eeeeeeeeeeeeeeeeee e   eeee   ehhhhhhhhhhhhhhh
/data3fast/users/mbermudez/de_02/TFGDataset/img/T2_1124.png|iiiii                               eeeeee
/data3fast/users/mbermudez/de_02/TFGDataset/img/T2_0207.png|aaaa           eeee  eee e        eeeeee
/data3fast/users/mbermudez/de_02/TFGDataset/img/T2_1390.png|iii                               sss   sssseseeee
/data3fast/users/mbermudez/de_02/TFGDataset/img/T2_0648.png|nnnnddd                               e eee
/data3fast/users/mbermudez/de_02/TFGDataset/img/T2_0741.png|# 
/data3fast/users/mbermudez/de_02/TFGDataset/img/T2_1094.png|"      aaaaa                          eeeeeeeeeeee
/data3fast/users/mbermudez/de_02/TFGDataset/img/T2_0348.png|wor                                      ttttttttt
/data3fast/users/mbermudez/de_02/TFGDataset/img/T2_0983.png|d       eeeee                   esssseeeeeeeee
/data3fast/users/mbermudez/de_02/TFGDataset/img/T2_1111.png|bbe                       ee      ee          hhhhhhhh
/data3fast/users/mbermudez/de_02/TFGDataset/img/T2_0891.png|eeee    ee       ee    ee e seeee  eeeee  seeeeeeeee
/data3fast/users/mbermudez/de_02/TFGDataset/img/T2_1501.png|sseeeeeeeeeeeeeeeeee eeeeeeeeeeeeeeeeeeeeeeeeeeeeeeeeeeee
/data3fast/users/mbermudez/de_02/TFGDataset/img/T2_1019.png|geeeee               eeeeee eeeeeeeeeeeee
/data3fast/users/mbermudez/de_02/TFGDataset/img/T2_0526.png|nnn          a                   eeeeeee
/data3fast/users/mbermudez/de_02/TFGDataset/img/T2_0016.png|geeeeeeeeeeeiih
/data3fast/users/mbermudez/de_02/TFGDataset/img/T2_0887.png|ot      hhhhhhh      h  eeeeeeeeeeeeeeeeeeeeeeeeee
/data3fast/users/mbermudez/de_02/TFGDataset/img/T2_1235.png|aaa                             eeeeeeeee
/data3fast/users/mbermudez/de_02/TFGDataset/img/T2_0677.png|aaas    eeeeeeeeeeeeeeeeeeeeeeeee e e ee
/data3fast/users/mbermudez/de_02/TFGDataset/img/T2_0127.png|daaa      e eeeeeeeeeeeeeeeeeeeeeeeeeeeeeeeeeee
/data3fast/users/mbermudez/de_02/TFGDataset/img/T2_1430.png|ddr    aaa                     eeeeeee
/data3fast/users/mbermudez/de_02/TFGDataset/img/T2_0535.png|mmee  eee  ttttttttt   tttt              e eee
/data3fast/users/mbermudez/de_02/TFGDataset/img/T2_0659.png|eehhhhhhhh          h        ee           eeeee
/data3fast/users/mbermudez/de_02/TFGDataset/img/T2_1070.png|wlla           ss                dddddde
/data3fast/users/mbermudez/de_02/TFGDataset/img/T2_0321.png|wiii          
/data3fast/users/mbermudez/de_02/TFGDataset/img/T2_0687.png|aalllll      eeeeeeeeeeeeeeeeeeeeeeeeeeeeeeee
/data3fast/users/mbermudez/de_02/TFGDataset/img/T2_1076.png|geeeeees  s                eee eeeeee   ee   e eee
/data3fast/users/mbermudez/de_02/TFGDataset/img/T2_1326.png|sss                                         hhhhhh
/data3fast/users/mbermudez/de_02/TFGDataset/img/T2_0916.png|eeeee            t   ee  eeeeeeee eeeeeeeeeeeeeeeeeee
/data3fast/users/mbermudez/de_02/TFGDataset/img/T2_1271.png|mma      eeeeeessee sess  s                   deeee
/data3fast/users/mbermudez/de_02/TFGDataset/img/T2_0447.png|nnn eeeeeeeeeeeeeeeeeeeeeeeeeeeeeeee         ed
/data3fast/users/mbermudez/de_02/TFGDataset/img/T2_0675.png|deeeeeeeeeeeeeeeeeeeeeeeeeeeeeeeeeeeeeeeeeee
/data3fast/users/mbermudez/de_02/TFGDataset/img/T2_1004.png|hhheeeeeeeeeeeeeeeeeee   e eeeeee  eeeeeeeeeeeeeeeeeeee
/data3fast/users/mbermudez/de_02/TFGDataset/img/T2_0963.png|uurr                                 ssssssss
/data3fast/users/mbermudez/de_02/TFGDataset/img/T2_1336.png|hhhhhh  tttttt tt
/data3fast/users/mbermudez/de_02/TFGDataset/img/T2_1340.png|eeeeettttttttt
/data3fast/users/mbermudez/de_02/TFGDataset/img/T2_0204.png|#  
/data3fast/users/mbermudez/de_02/TFGDataset/img/T2_0401.png|geeee                     eeee      eeeeee
/data3fast/users/mbermudez/de_02/TFGDataset/img/T2_0318.png|dee                                   tt
/data3fast/users/mbermudez/de_02/TFGDataset/img/T2_0533.png|dasssssss   hhh                                eeee
/data3fast/users/mbermudez/de_02/TFGDataset/img/T2_0282.png|wweeeeeeeeee e       eeeeeeeeeeeee   ee     aaaah
/data3fast/users/mbermudez/de_02/TFGDataset/img/T2_0419.png|dd         ttttttt   ttt ttttttttttttttt
/data3fast/users/mbermudez/de_02/TFGDataset/img/T2_0612.png|aaaa      eeeee                      eeeeee
/data3fast/users/mbermudez/de_02/TFGDataset/img/T2_0816.png|uu      eeeee
/data3fast/users/mbermudez/de_02/TFGDataset/img/T2_1323.png|beeeeeeeeeeeeehheeeeeehe                    eeeeee
/data3fast/users/mbermudez/de_02/TFGDataset/img/T2_0522.png|gllllleeeeeeeeeeeeee  eeeeeeeeeeee       aaaaaae
/data3fast/users/mbermudez/de_02/TFGDataset/img/T2_0450.png|iihh                             eeeeeeee
/data3fast/users/mbermudez/de_02/TFGDataset/img/T2_0394.png|unn  eeeeeeeeeeeeeeeeeeeeeeee           nnnn
/data3fast/users/mbermudez/de_02/TFGDataset/img/T2_0890.png|nneeee    e eee see sssseesseeeeeeeeeeeesss     aaaaa
/data3fast/users/mbermudez/de_02/TFGDataset/img/T2_0863.png|ieeeeeeeeeeeeeeeeee             eeee    e      eeeeeeee  ehhee
/data3fast/users/mbermudez/de_02/TFGDataset/img/T2_0138.png|aaa          aa      eeeeeeeeeeeeeeeeeeeeeee
/data3fast/users/mbermudez/de_02/TFGDataset/img/T2_0893.png|ttttsssshhhhh                           eeeeeeeeee
/data3fast/users/mbermudez/de_02/TFGDataset/img/T2_0497.png|dd                                     ieeee
/data3fast/users/mbermudez/de_02/TFGDataset/img/T2_0762.png|eeeeeeeeeeeeeeeeeeeeee   e
/data3fast/users/mbermudez/de_02/TFGDataset/img/T2_1016.png|iii         eeeee eeeeeeeeeeeee   eeee eeeeeeeeeeee
/data3fast/users/mbermudez/de_02/TFGDataset/img/T2_1490.png|frrrr                                ssssssss
/data3fast/users/mbermudez/de_02/TFGDataset/img/T2_0517.png|oo       eee eeeeeeeeeeeeeeeeeeeeeeeeeeeeeeeeeeeeeee
/data3fast/users/mbermudez/de_02/TFGDataset/img/T2_0709.png|derrreeeeeeeeeeeeee                         eeeeee
/data3fast/users/mbermudez/de_02/TFGDataset/img/T2_0520.png|de   eeeeeeeeeee  ee
/data3fast/users/mbermudez/de_02/TFGDataset/img/T2_0685.png|dnnneeeeeeeeeeeeeeeeee                 sss
/data3fast/users/mbermudez/de_02/TFGDataset/img/T2_1486.png|miiheeeeeeeeeeeeee  eeee   e eeeeeeeeeeeeee
/data3fast/users/mbermudez/de_02/TFGDataset/img/T2_0451.png|geeeeeeeeeeeeeee                        e
/data3fast/users/mbermudez/de_02/TFGDataset/img/T2_0984.png|diessssssssstttstssssss tsttttt                     ddd
/data3fast/users/mbermudez/de_02/TFGDataset/img/T2_0614.png|weeeeeeeeeeeeee   ee   eeeee  eeee     e  eeeeeeesssssee
/data3fast/users/mbermudez/de_02/TFGDataset/img/T2_1125.png|ggee     ssss ssss  eeeeeeeeeeeeeeeeeee   e eeee
/data3fast/users/mbermudez/de_02/TFGDataset/img/T2_0366.png|daa    eeeeeeeeeeeeeeeeeeeeeeeeee         
/data3fast/users/mbermudez/de_02/TFGDataset/img/T2_1322.png|ieeeeeeeeee e                          dd
/data3fast/users/mbermudez/de_02/TFGDataset/img/T2_0980.png|hhhheeeeeeeeeeeeeee                           ttttt
/data3fast/users/mbermudez/de_02/TFGDataset/img/T2_0925.png|zzrleeeeeeeeeeeeeeeee          e         aaaasss
/data3fast/users/mbermudez/de_02/TFGDataset/img/T2_0449.png|uureeeeeeeeeeeeeeeee                          nnnn
/data3fast/users/mbermudez/de_02/TFGDataset/img/T2_0088.png|eee               eee eeeee eee      eeennnnnnn
/data3fast/users/mbermudez/de_02/TFGDataset/img/T2_0037.png|teet               eeee  e    eeeeeee      eee
/data3fast/users/mbermudez/de_02/TFGDataset/img/T2_0514.png|dasssss  eeeeeeeeeeee          eeeeeeeeeeeeeee ee   e eee
/data3fast/users/mbermudez/de_02/TFGDataset/img/T2_0926.png|dereeeeeee  eeeeeee                       nnnnnn
/data3fast/users/mbermudez/de_02/TFGDataset/img/T2_0079.png|mi  eeeeeeeeeeee                         dddddd
/data3fast/users/mbermudez/de_02/TFGDataset/img/T2_1483.png|zurr  eeeeeeeeeeeeeeeeeeeeeeeeeeeeeeeeeeeeeeeee
/data3fast/users/mbermudez/de_02/TFGDataset/img/T2_1413.png|derr              eeee     eeeeeeeeeeeeeeeeeeeeeeee
/data3fast/users/mbermudez/de_02/TFGDataset/img/T2_0200.png|sssshhhhhhhhh                          s   ssssst
/data3fast/users/mbermudez/de_02/TFGDataset/img/T2_0621.png|seeeeeeeeeeeeeeee             n       eeeee
/data3fast/users/mbermudez/de_02/TFGDataset/img/T2_1204.png|gghhhe   essseeeeeeeeeeeeeeeeeeeeeeeeeeeeeeeeeeeee
/data3fast/users/mbermudez/de_02/TFGDataset/img/T2_0206.png|unn  eeeeeeeeeeeeeeeeeeeeee           ttt
/data3fast/users/mbermudez/de_02/TFGDataset/img/T2_0345.png|hhhhh          eeeeeeeeeeeeeeee e     e eeeee eee
/data3fast/users/mbermudez/de_02/TFGDataset/img/T2_0172.png|dee            eeeeeeeeeeeeee eeee  eeeeeee e          hhhhh
/data3fast/users/mbermudez/de_02/TFGDataset/img/T2_0110.png|ooosssssssshheeeeeeee       e      e ee   eeee
/data3fast/users/mbermudez/de_02/TFGDataset/img/T2_0241.png|uud  eeeeeeeeee             eeee
/data3fast/users/mbermudez/de_02/TFGDataset/img/T2_0626.png|der                          eeeeeeeeee
/data3fast/users/mbermudez/de_02/TFGDataset/img/T2_0045.png|stt                         e  ee        tttttt
/data3fast/users/mbermudez/de_02/TFGDataset/img/T2_1424.png|hhhhhhh                                eeeeeeeeeee
/data3fast/users/mbermudez/de_02/TFGDataset/img/T2_1269.png|iiitt    eee eee eeeeeeee eeeeeeeeeee       iiitiit
/data3fast/users/mbermudez/de_02/TFGDataset/img/T2_0425.png|ttt     seeseeeeeeeeee     e  eeeeeeeeeeeeeee
/data3fast/users/mbermudez/de_02/TFGDataset/img/T2_1321.png|sseeeeeeeeeeeeeeeeeeeeeeeeeeee                 
/data3fast/users/mbermudez/de_02/TFGDataset/img/T2_0369.png|wiiiihhhhhh   eeeeeeeeeeeeeeeeeeeeee        s
/data3fast/users/mbermudez/de_02/TFGDataset/img/T2_0549.png|beeeee sss
/data3fast/users/mbermudez/de_02/TFGDataset/img/T2_1314.png|uuu   eeeeeeeeeeeee                              
/data3fast/users/mbermudez/de_02/TFGDataset/img/T2_1488.png|uuu eeeeeeeeeeeeeeeeee                 anaaan
/data3fast/users/mbermudez/de_02/TFGDataset/img/T2_0683.png|oeeeeessssseeeeeeeeee            eeeeeeee
/data3fast/users/mbermudez/de_02/TFGDataset/img/T2_1139.png|ttt               heeeeeeeeeeeeeeeeeeeeeeeeee
/data3fast/users/mbermudez/de_02/TFGDataset/img/T2_0338.png|hhhh   ssssssss                 eeeeeee eeeeeeeeee
/data3fast/users/mbermudez/de_02/TFGDataset/img/T2_1408.png|#   eetttt
/data3fast/users/mbermudez/de_02/TFGDataset/img/T2_0462.png|eeeeeeeeeeeeeeeeeeeeeee         eeeeeee  eessssessee
/data3fast/users/mbermudez/de_02/TFGDataset/img/T2_1419.png|geee                    eeeeeeeeeeeeeee eeeeeee
/data3fast/users/mbermudez/de_02/TFGDataset/img/T2_0825.png|seeeeeeeeeeeeeeeee                    eeeee
/data3fast/users/mbermudez/de_02/TFGDataset/img/T2_0985.png|derreeeeeeeeee                           hhhhhhhhhhh
/data3fast/users/mbermudez/de_02/TFGDataset/img/T2_0028.png|ooo                                      sssssssss
/data3fast/users/mbermudez/de_02/TFGDataset/img/T2_0967.png|eerr  eeeeeeeeeeeeeeeeeeeeeee         
/data3fast/users/mbermudez/de_02/TFGDataset/img/T2_0479.png|geettteee                            ee
/data3fast/users/mbermudez/de_02/TFGDataset/img/T2_1028.png|feeeeeeeeeeeeeeeeeeeeee          eeeeshhhh
/data3fast/users/mbermudez/de_02/TFGDataset/img/T2_1079.png|mmeeeeeeeeeeeeee ee                eeeee
/data3fast/users/mbermudez/de_02/TFGDataset/img/T2_0463.png|derr    eeeeeeeeeee e                        s sssseesse
/data3fast/users/mbermudez/de_02/TFGDataset/img/T2_0718.png|dee                             eeeeee
/data3fast/users/mbermudez/de_02/TFGDataset/img/T2_0548.png|ahhheeeeeeeeeeeeeeeeeeeeeeeeee         sssssssssttt
/data3fast/users/mbermudez/de_02/TFGDataset/img/T2_1287.png|eeet                                            n 
/data3fast/users/mbermudez/de_02/TFGDataset/img/T2_1011.png|# 
/data3fast/users/mbermudez/de_02/TFGDataset/img/T2_1454.png|iiieeeeeeeeeeeeeeeeeeeeeee ee   eeeeeeeeeeee
/data3fast/users/mbermudez/de_02/TFGDataset/img/T2_0146.png|sssssss     eeeeeeeeeeeeeeeee eeee    eeeeee
/data3fast/users/mbermudez/de_02/TFGDataset/img/T2_0720.png|inneeeeeeeeeeeeeeeeeeeeeeettt          e    e eeeeeeeeee
/data3fast/users/mbermudez/de_02/TFGDataset/img/T2_1392.png|#  
/data3fast/users/mbermudez/de_02/TFGDataset/img/T2_1247.png|weeeeeeeeeeeee                eeeeeeeeeeeeeeee
/data3fast/users/mbermudez/de_02/TFGDataset/img/T2_0684.png|oo      eeeeee eeeeeeeeeeee ee                    nn
/data3fast/users/mbermudez/de_02/TFGDataset/img/T2_0390.png|bbeeeeeeeeeeeeeeeeeeeeeee e ee ee      eeeeeeeeeeeee
/data3fast/users/mbermudez/de_02/TFGDataset/img/T2_1229.png|"      a                              hhhhh
/data3fast/users/mbermudez/de_02/TFGDataset/img/T2_1240.png|beeeeeeeeeeeeeeeeeeeeeeeeeeeeeee ee              aaaa
/data3fast/users/mbermudez/de_02/TFGDataset/img/T2_1255.png|gleeeeeeeeeeeeeeeeeeeeeeeeeeeeeeeeeeee      nnnnnd
/data3fast/users/mbermudez/de_02/TFGDataset/img/T2_0492.png|orrreeeeeeeehhhhhhhh    hhhheeeeeeeeeeeeeeeeeeee
/data3fast/users/mbermudez/de_02/TFGDataset/img/T2_0592.png|nnss eeeeeeeeeeeee                              **.
/data3fast/users/mbermudez/de_02/TFGDataset/img/T2_1169.png|derr                                       aaa e
/data3fast/users/mbermudez/de_02/TFGDataset/img/T2_0373.png|mii            eee                     eeeeeee
/data3fast/users/mbermudez/de_02/TFGDataset/img/T2_0625.png|deeeeeeeeeeeee                                  n
/data3fast/users/mbermudez/de_02/TFGDataset/img/T2_0631.png|die      nn    eeeeeeeeeeeeeeeeeeee
/data3fast/users/mbermudez/de_02/TFGDataset/img/T2_0531.png|deeesssssss                                 eeee
/data3fast/users/mbermudez/de_02/TFGDataset/img/T2_0609.png|eeeeee   eeeeeeeeeeeeeeeeeeeeeeesssssssseeee
/data3fast/users/mbermudez/de_02/TFGDataset/img/T2_0611.png|"          eeeeeeeeeeeeeeeeeeeeeeeeeehhhhhhhhh
/data3fast/users/mbermudez/de_02/TFGDataset/img/T2_0597.png|eee          eeeeeieiiieeeeeeeittttttt
/data3fast/users/mbermudez/de_02/TFGDataset/img/T2_0661.png|nnn  eeee ee           eee
/data3fast/users/mbermudez/de_02/TFGDataset/img/T2_0231.png|weesssss                    eee       eeeeeeeeeeeeee
/data3fast/users/mbermudez/de_02/TFGDataset/img/T2_1000.png|leeeeeeee   ee    eeeeeeeeeeeeeeeeeeeeeeeeeeeeee
/data3fast/users/mbermudez/de_02/TFGDataset/img/T2_1062.png|aaeeeeeeeeeeeeeeeeeeeeeeeeeeeee i   sssee  esssssse
/data3fast/users/mbermudez/de_02/TFGDataset/img/T2_0511.png|oooeeeeeee                           eeeeeeee
/data3fast/users/mbermudez/de_02/TFGDataset/img/T2_1165.png|deeeeeeeeeeeeeeeeeeeeeee       e ee    eeeeeeeeeeee
/data3fast/users/mbermudez/de_02/TFGDataset/img/T2_0210.png|iiitt                              r r
/data3fast/users/mbermudez/de_02/TFGDataset/img/T2_1026.png|guuuu                                 nnaan
/data3fast/users/mbermudez/de_02/TFGDataset/img/T2_0860.png|wiieeeeeeeeeeeeeeeeeeeeeeeeeeeeee eeeeeeeeeeeeeeeeeeee
/data3fast/users/mbermudez/de_02/TFGDataset/img/T2_0112.png|aaasse ee  ee   e                      s   ss      ss
/data3fast/users/mbermudez/de_02/TFGDataset/img/T2_1305.png|reeehhhhhhhsss    ss   ee  s s s             eee  eeeee
/data3fast/users/mbermudez/de_02/TFGDataset/img/T2_1348.png|dasssssssss    ttttttt
/data3fast/users/mbermudez/de_02/TFGDataset/img/T2_0765.png|inee      eeeeeeeeeeeeee         eeeee
/data3fast/users/mbermudez/de_02/TFGDataset/img/T2_0139.png|sttt         eeeee  eeeeeeeeeeeeeeeeeeeeeeeeeeeeee
/data3fast/users/mbermudez/de_02/TFGDataset/img/T2_0941.png|iiihh          eee eeeeee   eeeeeeeeeeeeeeehhhhh
/data3fast/users/mbermudez/de_02/TFGDataset/img/T2_0632.png|de     eeeeeeeeeeeeeeeeeeeeeeee  tststtttt
/data3fast/users/mbermudez/de_02/TFGDataset/img/T2_0486.png|dee      eeee   sss e ee          s        hhhhhhhh
/data3fast/users/mbermudez/de_02/TFGDataset/img/T2_0619.png|deeeeeeeeeeeeeeeeee  eee eeeeeeeee eeeee e  tttttttt
/data3fast/users/mbermudez/de_02/TFGDataset/img/T2_0288.png|iiii      eeeeeeeeeeeeeeeeeeeeeeeeeeeeeeee   eeee
/data3fast/users/mbermudez/de_02/TFGDataset/img/T2_1248.png|iieeeeeeeeeee                    aaaaaa
/data3fast/users/mbermudez/de_02/TFGDataset/img/T2_0542.png|eeee     a       eeeeeeeeeeeeeeeeeeseeeeeeee
/data3fast/users/mbermudez/de_02/TFGDataset/img/T2_1120.png|nnn  eeeeeeeeeeeeeeeeeeeeeeeeee      ttttttt   te
/data3fast/users/mbermudez/de_02/TFGDataset/img/T2_0777.png|deeee     e         e e     e e      eeeeeee
/data3fast/users/mbermudez/de_02/TFGDataset/img/T2_1446.png|uuu  eeeeeeeeeee  e e          e       seee
/data3fast/users/mbermudez/de_02/TFGDataset/img/T2_0130.png|heeeeeeeeeeeeeeeee                e    ssssssssssssss
/data3fast/users/mbermudez/de_02/TFGDataset/img/T2_0017.png|dii              eeeeee eeeeeeeeeeeeeee
/data3fast/users/mbermudez/de_02/TFGDataset/img/T2_0152.png|uuuu                             hhh     
/data3fast/users/mbermudez/de_02/TFGDataset/img/T2_1006.png|derrreeeeeeeeeeeeeeeeee    ee             d
/data3fast/users/mbermudez/de_02/TFGDataset/img/T2_1099.png|hhhe                            eeeeeeeeeeeeeeeee
/data3fast/users/mbermudez/de_02/TFGDataset/img/T2_0499.png|beee             e   eeeeee                  e
/data3fast/users/mbermudez/de_02/TFGDataset/img/T2_0145.png|sihhhhtttttt        t                        ssssss
/data3fast/users/mbermudez/de_02/TFGDataset/img/T2_0668.png|nnneeeeeeeeeeeeeeeeeeeeeeeeeeeeeee      ittiih
/data3fast/users/mbermudez/de_02/TFGDataset/img/T2_1119.png|zeeeeeeeeeeeeeeeeeeeee               sss sssss tttt
/data3fast/users/mbermudez/de_02/TFGDataset/img/T2_0783.png|eeeeeeessssseeee ee  sss           eeeeeeeeeee
/data3fast/users/mbermudez/de_02/TFGDataset/img/T2_0270.png|"  sssssss
/data3fast/users/mbermudez/de_02/TFGDataset/img/T2_0436.png|aa   sseeeeeeeeehhh    h      eee eeeeee eeeeeeeeeeee
/data3fast/users/mbermudez/de_02/TFGDataset/img/T2_0553.png|deere   eeeeeeeee eeee   eeee      eeeeeeeeeeeeeee
/data3fast/users/mbermudez/de_02/TFGDataset/img/T2_1108.png|geeee ttttt  t   eeeeee ee  eeeeeeee      ssss
/data3fast/users/mbermudez/de_02/TFGDataset/img/T2_0840.png|oo                                 e..
/data3fast/users/mbermudez/de_02/TFGDataset/img/T2_1201.png|deeeeeeeeeeeeeeeeeeeee                     eeee
/data3fast/users/mbermudez/de_02/TFGDataset/img/T2_0506.png|uuu        ee                             sssssss
/data3fast/users/mbermudez/de_02/TFGDataset/img/T2_1134.png|tt         eeeeeeeeeeeeeeeeeeeeeeeeeeeee
/data3fast/users/mbermudez/de_02/TFGDataset/img/T2_0927.png|weeeeeeeeeeeeeehheeeeeeeeeeeeeheee hhee e    eeeeeeee
/data3fast/users/mbermudez/de_02/TFGDataset/img/T2_0503.png|uun  eeeeeeeeeeesssss                hhhhhhhh
/data3fast/users/mbermudez/de_02/TFGDataset/img/T2_1458.png|dee        t    ttt    t        e     eeeeeeeeeeee
/data3fast/users/mbermudez/de_02/TFGDataset/img/T2_0644.png|eeeeeeeeeeeeeeeeeeeeeeeeeeeeeeeeeeee    eeeee
/data3fast/users/mbermudez/de_02/TFGDataset/img/T2_0869.png|sshhhh       eee eeeee eeeeeee eeee eeeeeeee
/data3fast/users/mbermudez/de_02/TFGDataset/img/T2_0154.png|eeeehhhtttttt                     eeeeeeeeee
/data3fast/users/mbermudez/de_02/TFGDataset/img/T2_0124.png|ann            eeeeeee                 e  ett
/data3fast/users/mbermudez/de_02/TFGDataset/img/T2_1456.png|mrr       eeeeeeeeeeeeeeeeeeeeeeee           nnn
/data3fast/users/mbermudez/de_02/TFGDataset/img/T2_0928.png|der   aaaaaa                       aasssssss
/data3fast/users/mbermudez/de_02/TFGDataset/img/T2_0636.png|#  
/data3fast/users/mbermudez/de_02/TFGDataset/img/T2_1342.png|annn   eeeeee eeeeeeee  e      eeeeeeeeeeeeee eeeee
/data3fast/users/mbermudez/de_02/TFGDataset/img/T2_0140.png|geeeeesssseeee      eeee eeeeeeeee     ee       iiihhhh
/data3fast/users/mbermudez/de_02/TFGDataset/img/T2_0897.png|geeeeeeeeeeeeeeeeeeeeeeeeeeeeeeee      ee
/data3fast/users/mbermudez/de_02/TFGDataset/img/T2_1170.png|oo   eeeeeee                         ette
/data3fast/users/mbermudez/de_02/TFGDataset/img/T2_0958.png|deeee                                  eeeeeeeeee
/data3fast/users/mbermudez/de_02/TFGDataset/img/T2_1056.png|deeeeeeeeeeeeeeeeeeeeeeeeeeeeeeeeeeeeeeeeeeeeeeeeeeeeeeeeee
/data3fast/users/mbermudez/de_02/TFGDataset/img/T2_0717.png|dds eeeeeeeeeeeeeeeiie  e hhh    hhhhh  aaaaaae
/data3fast/users/mbermudez/de_02/TFGDataset/img/T2_0435.png|beeeeeeeeeeeeeeeeeeeeeeeeeee  e   e e         aaaa
/data3fast/users/mbermudez/de_02/TFGDataset/img/T2_0584.png|da      ttttttttt
/data3fast/users/mbermudez/de_02/TFGDataset/img/T2_0529.png|seeeeeee                               tttttttt
/data3fast/users/mbermudez/de_02/TFGDataset/img/T2_0044.png|weeee                     ee           eeee
/data3fast/users/mbermudez/de_02/TFGDataset/img/T2_0356.png|bee    n naaa          h h      a         nnn
/data3fast/users/mbermudez/de_02/TFGDataset/img/T2_0085.png|iin        
/data3fast/users/mbermudez/de_02/TFGDataset/img/T2_1267.png|nnn            sttt ttttttttttt         eeeeeeeee
/data3fast/users/mbermudez/de_02/TFGDataset/img/T2_1442.png|deeeeee e                 eee                     
/data3fast/users/mbermudez/de_02/TFGDataset/img/T2_0694.png|eeeee                     e   eeeeeeeeeeeeeee
/data3fast/users/mbermudez/de_02/TFGDataset/img/T2_0372.png|deeeeeeeee           s               eeeeeeeeeee
/data3fast/users/mbermudez/de_02/TFGDataset/img/T2_1052.png|niieeeeeeeeeeeee                             eee
/data3fast/users/mbermudez/de_02/TFGDataset/img/T2_0587.png|der                                         sss
/data3fast/users/mbermudez/de_02/TFGDataset/img/T2_1425.png|sttt  e eee  eeee eeeeeeeeeeeeeeeeeeeeeeeee
/data3fast/users/mbermudez/de_02/TFGDataset/img/T2_1260.png|eeeee                        a a   heee
/data3fast/users/mbermudez/de_02/TFGDataset/img/T2_0325.png|"     eeeeeeeeeeeeeeee          eee eeeee
/data3fast/users/mbermudez/de_02/TFGDataset/img/T2_0313.png|ine    d                             e    ihhhhhhhh
/data3fast/users/mbermudez/de_02/TFGDataset/img/T2_0423.png|wwi              e eeeeeeeeeeeeeeeeeeeeeeeeee
/data3fast/users/mbermudez/de_02/TFGDataset/img/T2_0095.png|unn   eeeeeee                        eessssss
/data3fast/users/mbermudez/de_02/TFGDataset/img/T2_0923.png|"     eeeeee ee              eeeeeeeeeee
/data3fast/users/mbermudez/de_02/TFGDataset/img/T2_1310.png|weeeesssssssssss s      sss      ttttttttt
/data3fast/users/mbermudez/de_02/TFGDataset/img/T2_1042.png|wweeeee                                    
/data3fast/users/mbermudez/de_02/TFGDataset/img/T2_0501.png|geeeeeeeeeeeeeeeeee  eeeeeeeeeeeeeeeeeeeeeeeeeeeeee
/data3fast/users/mbermudez/de_02/TFGDataset/img/T2_1187.png|aaan        ee                                  tttt
/data3fast/users/mbermudez/de_02/TFGDataset/img/T2_0205.png|beehhhhhh                               eeeeeeeee
/data3fast/users/mbermudez/de_02/TFGDataset/img/T2_0070.png|dee   htttt                     eeeeeeeeeee
/data3fast/users/mbermudez/de_02/TFGDataset/img/T2_0763.png|sshhhheeeeeeeeeeee                   ee            
/data3fast/users/mbermudez/de_02/TFGDataset/img/T2_1280.png|geeeee  
/data3fast/users/mbermudez/de_02/TFGDataset/img/T2_0279.png|deee       n   nn                           nh
/data3fast/users/mbermudez/de_02/TFGDataset/img/T2_0050.png|wrrr     eeeeeeeeeeeeeeeeeeeeeeeeeeeeeee e     hhhhh
/data3fast/users/mbermudez/de_02/TFGDataset/img/T2_0728.png|mi     eeeeeeeeeeeeeeeeeeee ee        ssssss
/data3fast/users/mbermudez/de_02/TFGDataset/img/T2_0213.png|ss      eeeeeeeeeeeeeeeeee eeeeeeeee eeee ee eeii
/data3fast/users/mbermudez/de_02/TFGDataset/img/T2_1078.png|lltt     
/data3fast/users/mbermudez/de_02/TFGDataset/img/T2_0004.png|nnnneeeeeeeeeeeeeeeeeeeeeeeeeeeeeeeeeeeeee
/data3fast/users/mbermudez/de_02/TFGDataset/img/T2_0655.png|weeesssss    hh                          ss
/data3fast/users/mbermudez/de_02/TFGDataset/img/T2_1285.png|d    eeeeeeeeeeeeeeeeeeeeeeeeeeeeeeeeeeeeeeeeeeeeeeeeeeeeeeeee
/data3fast/users/mbermudez/de_02/TFGDataset/img/T2_0702.png|aaeeeeeeeeeeeeeeeeees   s eeeeeeeeeeeeeeeeee
/data3fast/users/mbermudez/de_02/TFGDataset/img/T2_0604.png|shhheeeeee      n
/data3fast/users/mbermudez/de_02/TFGDataset/img/T2_0169.png|derrre iiiiihiii  eeeeeeeeeeeeeeee     eeeee
/data3fast/users/mbermudez/de_02/TFGDataset/img/T2_0224.png|bee                                            hhhhh
/data3fast/users/mbermudez/de_02/TFGDataset/img/T2_0755.png|iieee                             a a     
/data3fast/users/mbermudez/de_02/TFGDataset/img/T2_1226.png|aaa      eeeeeeeeee                    eeeeeeeeeeeeee
/data3fast/users/mbermudez/de_02/TFGDataset/img/T2_0859.png|tttt                                  
/data3fast/users/mbermudez/de_02/TFGDataset/img/T2_0866.png|ffa        ee e eeeeeeee  eeeeeeeeeeeeeeeeeeee
/data3fast/users/mbermudez/de_02/TFGDataset/img/T2_1407.png|eeetttt                        ee     sssssssssss
/data3fast/users/mbermudez/de_02/TFGDataset/img/T2_0770.png|hhhh        eeeeeeeeeeeeeeeeeeeeee  eeeee
/data3fast/users/mbermudez/de_02/TFGDataset/img/T2_0519.png|beee                                      sss
/data3fast/users/mbermudez/de_02/TFGDataset/img/T2_0113.png|iiiiitttttt                          ee  eeeeeeeeee
/data3fast/users/mbermudez/de_02/TFGDataset/img/T2_0870.png|aa    eeeeeeee           a        eeeeeeeeee
/data3fast/users/mbermudez/de_02/TFGDataset/img/T2_0137.png|eeeeeehhheee       hh  hhh         eeeeeeleeeeee
/data3fast/users/mbermudez/de_02/TFGDataset/img/T2_0355.png|der             e  e      e                        
/data3fast/users/mbermudez/de_02/TFGDataset/img/T2_0616.png|deereeeeeeeeeeeeee                        ee
/data3fast/users/mbermudez/de_02/TFGDataset/img/T2_1357.png|iiiieeeeeee                                 dddddee
/data3fast/users/mbermudez/de_02/TFGDataset/img/T2_1415.png|iinn    ee  eeeeeeeeeeeeeeeeeeeeeeeeeeeeeeeeeeehhheee
/data3fast/users/mbermudez/de_02/TFGDataset/img/T2_0306.png|"             e eeeeeeeeeeeeeeeeeeee        tttttt
/data3fast/users/mbermudez/de_02/TFGDataset/img/T2_0440.png|dee                ttttttt
/data3fast/users/mbermudez/de_02/TFGDataset/img/T2_1198.png|dee     n  n                        eeee
/data3fast/users/mbermudez/de_02/TFGDataset/img/T2_0354.png|iiii     eee eeeeeeeeeee  eee  e eeee          aaaa
/data3fast/users/mbermudez/de_02/TFGDataset/img/T2_0949.png|ooeeeeeeeeeeeeeeeeeeeeeeeie                a
/data3fast/users/mbermudez/de_02/TFGDataset/img/T2_0277.png|deii    tttttttt
/data3fast/users/mbermudez/de_02/TFGDataset/img/T2_1075.png|ieeee     eeeeeeeeeeeeeeee       ee        nnnnnnnn
/data3fast/users/mbermudez/de_02/TFGDataset/img/T2_1465.png|uuu          eee    sss         ssss            
/data3fast/users/mbermudez/de_02/TFGDataset/img/T2_0263.png|iiiii                      eeeeeeeeeeeeee
/data3fast/users/mbermudez/de_02/TFGDataset/img/T2_1429.png|#  
/data3fast/users/mbermudez/de_02/TFGDataset/img/T2_0975.png|hhn                       a      ttttttt
/data3fast/users/mbermudez/de_02/TFGDataset/img/T2_1440.png|eee           eeeeeeeeeeeeeeeee  eee    ttttttt
/data3fast/users/mbermudez/de_02/TFGDataset/img/T2_0226.png|eeeeeee 
/data3fast/users/mbermudez/de_02/TFGDataset/img/T2_1162.png|"        e                    sssssssss
/data3fast/users/mbermudez/de_02/TFGDataset/img/T2_0990.png|derrr   r                 eeeeeeeeeeee
/data3fast/users/mbermudez/de_02/TFGDataset/img/T2_0111.png|freeeeeeeeeeeeeeeeeeeeeeeee          aaaaaa a
/data3fast/users/mbermudez/de_02/TFGDataset/img/T2_1037.png|wlles      ee ee eeeeee        eeeeeeeeeeeeeeheeee
/data3fast/users/mbermudez/de_02/TFGDataset/img/T2_0329.png|eeeeeeeeeeeeeeeeee             e                dddd
/data3fast/users/mbermudez/de_02/TFGDataset/img/T2_0008.png|de           eeee   eeeee e           eeeee
/data3fast/users/mbermudez/de_02/TFGDataset/img/T2_0667.png|sseeeeeeee       eee eeee           eeeeeeeeeeeeeeee
/data3fast/users/mbermudez/de_02/TFGDataset/img/T2_0780.png|o      eeeeeeee   
/data3fast/users/mbermudez/de_02/TFGDataset/img/T2_0382.png|ahhhheeeeeeee e i nn   nn   nneeeeeeeeee
/data3fast/users/mbermudez/de_02/TFGDataset/img/T2_0769.png|ssss               nn         eeeeeee
/data3fast/users/mbermudez/de_02/TFGDataset/img/T2_0732.png|"    eeeeeeeeettttttt ee i       nnn
/data3fast/users/mbermudez/de_02/TFGDataset/img/T2_1371.png|dssssshhhh                                    hhhh
/data3fast/users/mbermudez/de_02/TFGDataset/img/T2_1115.png|iiieeeeeeeeeeeeeeeeeeeeee                
/data3fast/users/mbermudez/de_02/TFGDataset/img/T2_0162.png|dessssseeeeeeeeeeeeeeeeeeeeeeeeeeee              n
/data3fast/users/mbermudez/de_02/TFGDataset/img/T2_0516.png|wweeee                    eeeeeeeeeeeeeeeeeee
/data3fast/users/mbermudez/de_02/TFGDataset/img/T2_0577.png|deeeeeeeeeeeeeeeee e       ee              dedee
/data3fast/users/mbermudez/de_02/TFGDataset/img/T2_0617.png|ttt               eeeeeeeeeeeee ss sss      eeeeeee
/data3fast/users/mbermudez/de_02/TFGDataset/img/T2_0010.png|oeee                                          eeeeeeeeeee
/data3fast/users/mbermudez/de_02/TFGDataset/img/T2_0253.png|unn       eeeeeeeeeeeee     eeeeeeeeeeeeeeee
/data3fast/users/mbermudez/de_02/TFGDataset/img/T2_0562.png|mm  eeeeeeeee
/data3fast/users/mbermudez/de_02/TFGDataset/img/T2_0495.png|neeeeeeeeeeeeeeeeee    e                  aaaahh
/data3fast/users/mbermudez/de_02/TFGDataset/img/T2_0061.png|wr             eeee             ss
/data3fast/users/mbermudez/de_02/TFGDataset/img/T2_0331.png|#  
/data3fast/users/mbermudez/de_02/TFGDataset/img/T2_1308.png|schhhhhhhh               ee
/data3fast/users/mbermudez/de_02/TFGDataset/img/T2_1080.png|eeeee             s ss                    ttt
/data3fast/users/mbermudez/de_02/TFGDataset/img/T2_1466.png|wwn              eeeeeeeeeeeee eeeee    sssssssssshhh
/data3fast/users/mbermudez/de_02/TFGDataset/img/T2_0523.png|ttttttt   eee  eehe       eeeeeeeee     seeeeseee
/data3fast/users/mbermudez/de_02/TFGDataset/img/T2_0384.png|iieeeee               eee eeee eeeee eeeeeeeee
/data3fast/users/mbermudez/de_02/TFGDataset/img/T2_1389.png|drr               eee ee             ttttt
/data3fast/users/mbermudez/de_02/TFGDataset/img/T2_0509.png|eeeeeeeeeeeeeeeeeeeeeeeeee    ee e  e eeeeeeee eeeeee
/data3fast/users/mbermudez/de_02/TFGDataset/img/T2_1478.png|ieeeeeeeeee         eeeeeeeeeee sssss    ee
/data3fast/users/mbermudez/de_02/TFGDataset/img/T2_0118.png|eeehhhhh                         eeeeehhhhheeeeeee
/data3fast/users/mbermudez/de_02/TFGDataset/img/T2_0699.png|ssheeeeeeeeee                                     a
/data3fast/users/mbermudez/de_02/TFGDataset/img/T2_0798.png|iiiee         sss   ss      eeeeeeeeee
/data3fast/users/mbermudez/de_02/TFGDataset/img/T2_0930.png|itttee e e   eeeeeeeeeeeeeeeeeeeeeeeeeeee essssssssss
/data3fast/users/mbermudez/de_02/TFGDataset/img/T2_1347.png|aahhh                                      eee
/data3fast/users/mbermudez/de_02/TFGDataset/img/T2_0427.png|waa        n      eeeeeeeeeeeeeeeeeeeeeeeeeeeeeee
/data3fast/users/mbermudez/de_02/TFGDataset/img/T2_1236.png|"                   eee      ee  ee s ssssssee
/data3fast/users/mbermudez/de_02/TFGDataset/img/T2_0715.png|mmt                 e  eeeee             e
/data3fast/users/mbermudez/de_02/TFGDataset/img/T2_0078.png|nnnn eeeeeeeeeeeeeeeeeeeeee                  
/data3fast/users/mbermudez/de_02/TFGDataset/img/T2_0560.png|aalssssshhhhhhh       tts   h            eeeeeeee
/data3fast/users/mbermudez/de_02/TFGDataset/img/T2_0063.png|eee                   eese ee         s  ss         
/data3fast/users/mbermudez/de_02/TFGDataset/img/T2_0933.png|wrr                      e   eeeeeeeee   eeeeeee
/data3fast/users/mbermudez/de_02/TFGDataset/img/T2_0433.png|geeeeeeeee      eeeeeee eee ee          chh
/data3fast/users/mbermudez/de_02/TFGDataset/img/T2_1398.png|ii        eeeeeeeeeeeeeeeee     eneeeeeee
/data3fast/users/mbermudez/de_02/TFGDataset/img/T2_1149.png|uun   eeeeeeee                     eeeeeeeeeee
/data3fast/users/mbermudez/de_02/TFGDataset/img/T2_0901.png|aaa  eeeeeeeeeeeeeeeeeeeeeee    s eee  eeeeeee
/data3fast/users/mbermudez/de_02/TFGDataset/img/T2_0298.png|un    sshhhhhh                       eeeeeeeeeeeeeeeeeee
/data3fast/users/mbermudez/de_02/TFGDataset/img/T2_1417.png|hhhh                            tttttt
/data3fast/users/mbermudez/de_02/TFGDataset/img/T2_0076.png|deeeeeeeeeeeeeeeeeeeeeeeeeeeeeee      eeeeeeee
/data3fast/users/mbermudez/de_02/TFGDataset/img/T2_0148.png|tttttteeeeeeeeeeeeeeeeeeeeeeeeeeeeeeeeeeeeeee    eeihhhh
/data3fast/users/mbermudez/de_02/TFGDataset/img/T2_0257.png|iiiiietshh      s                            esseseee
/data3fast/users/mbermudez/de_02/TFGDataset/img/T2_0414.png|geeee                                    ssssseeeeeee
/data3fast/users/mbermudez/de_02/TFGDataset/img/T2_0498.png|sss            eeeeeeeeeeeee e   tttttttttt
/data3fast/users/mbermudez/de_02/TFGDataset/img/T2_0727.png|llllee t   tttt       eeeeeeeee
/data3fast/users/mbermudez/de_02/TFGDataset/img/T2_1416.png|diiieeeeee                       aa         tt
/data3fast/users/mbermudez/de_02/TFGDataset/img/T2_1066.png|weee           eeeeeee               ssss  h
/data3fast/users/mbermudez/de_02/TFGDataset/img/T2_0346.png|eeeeeeeeeeeeeeeeeeeeeee  e  eeeeeeeeee  e            n
/data3fast/users/mbermudez/de_02/TFGDataset/img/T2_0872.png|iii                    ee eeee             sssttt
/data3fast/users/mbermudez/de_02/TFGDataset/img/T2_0880.png|ggeeeeeeeeess ssssssss  sss       ttttt
/data3fast/users/mbermudez/de_02/TFGDataset/img/T2_0550.png|sseeeeeeeeeeeeeeeeee eeeeeeeee eeee        ttttttttttt
/data3fast/users/mbermudez/de_02/TFGDataset/img/T2_1294.png|aaneeeeeeeeeeeeee   eessss      e      se    hhhhhhhh
/data3fast/users/mbermudez/de_02/TFGDataset/img/T2_0225.png|iiiieeeeeeeeeeeeeeeeeeeeeeeeeeeeeeeeeeeeeeeeee
/data3fast/users/mbermudez/de_02/TFGDataset/img/T2_0828.png|nnn      eeeeeeeeeeeeeee  e  e       aaaaa
/data3fast/users/mbermudez/de_02/TFGDataset/img/T2_0175.png|iiieeeeee  ssssssssssss   s  ssssslllllllllllllll
/data3fast/users/mbermudez/de_02/TFGDataset/img/T2_0502.png|aala             hhh      hheheeiiieeeeeee
/data3fast/users/mbermudez/de_02/TFGDataset/img/T2_0267.png|deeee   hhhh                                  en
/data3fast/users/mbermudez/de_02/TFGDataset/img/T2_0686.png|geeeeeeeeeeeeeeeeee      eeeeeeeeeeeeee
/data3fast/users/mbermudez/de_02/TFGDataset/img/T2_0573.png|ggleeeeeeeeeeeeeeeeeeeeeeeeeeeeeeeeeeeeeeeeeeee eeeeee
/data3fast/users/mbermudez/de_02/TFGDataset/img/T2_1384.png|beeeeeeeeee                               sssssss
/data3fast/users/mbermudez/de_02/TFGDataset/img/T2_0249.png|zrreeeeeeeeeeehheehhhe         eeeeeeeee        ee
/data3fast/users/mbermudez/de_02/TFGDataset/img/T2_0700.png|nnnn  eeeeeeeeeeeeeeeeee   eeee  ee        aat
/data3fast/users/mbermudez/de_02/TFGDataset/img/T2_1354.png|wiieesssssss                     aat
/data3fast/users/mbermudez/de_02/TFGDataset/img/T2_0350.png|eeeehsssssssssssssssssssss   ssseeeee                 
/data3fast/users/mbermudez/de_02/TFGDataset/img/T2_0578.png|geeeee        n       ee  n  nneeeeeeeee   eeeeeehhh
/data3fast/users/mbermudez/de_02/TFGDataset/img/T2_0121.png|"                        eeeeeee**eeeeeee
/data3fast/users/mbermudez/de_02/TFGDataset/img/T2_0291.png|eeeeesssseeeeeee     e                        
/data3fast/users/mbermudez/de_02/TFGDataset/img/T2_0099.png|m   eeeeeeeeeeeeeeee e         eee  ee         eee
/data3fast/users/mbermudez/de_02/TFGDataset/img/T2_0389.png|geeeeee           e       eeee    sssssssssss
/data3fast/users/mbermudez/de_02/TFGDataset/img/T2_0543.png|shha    eeeeeeeeeeeeeeeeeeeeeeeeeeeeeeeeee
/data3fast/users/mbermudez/de_02/TFGDataset/img/T2_1044.png|ma       eeeeeeeeeeeeeeeeeeeee               d
/data3fast/users/mbermudez/de_02/TFGDataset/img/T2_0847.png|# 
/data3fast/users/mbermudez/de_02/TFGDataset/img/T2_1195.png|iiih            eeeeeeeeeeeeeee
/data3fast/users/mbermudez/de_02/TFGDataset/img/T2_0898.png|eeeeeeeeeeeeeeeeeeeeeeeeeeeeeeeeeeeeeeeeeeeeee
/data3fast/users/mbermudez/de_02/TFGDataset/img/T2_1103.png|geeeeeeeee              eeeeee       h aaaaaaa
/data3fast/users/mbermudez/de_02/TFGDataset/img/T2_0260.png|iieeeeeeeeeeeeeee  ee         eeeeeeee eeeee
/data3fast/users/mbermudez/de_02/TFGDataset/img/T2_1148.png|tte          eeeeeeeee  e      eeeeeeee
/data3fast/users/mbermudez/de_02/TFGDataset/img/T2_1222.png|llll      eeeeeeeeeeeeeeeeeeeeeeee         
/data3fast/users/mbermudez/de_02/TFGDataset/img/T2_0327.png|die eeeeeeeeeeeeeeeeeeeeeeeeeeeeeeeeeeeeeee
/data3fast/users/mbermudez/de_02/TFGDataset/img/T2_0248.png|mrre   eeeeeeeeeeeeeeeeeeeeeeeeeeeeeee     eee
/data3fast/users/mbermudez/de_02/TFGDataset/img/T2_1246.png|nnnn   eeeeeeeee      e e e   ee   aaallllll
/data3fast/users/mbermudez/de_02/TFGDataset/img/T2_0693.png|iii    eeeeeeeeeeeeeeee             cchhh
/data3fast/users/mbermudez/de_02/TFGDataset/img/T2_0473.png|geeeessssssss
/data3fast/users/mbermudez/de_02/TFGDataset/img/T2_1202.png|sss          eeeeeeeee   eeeeeeeeeeeeeeeeeeeeeeeeeeee
/data3fast/users/mbermudez/de_02/TFGDataset/img/T2_0238.png|dssssssshhss    ssss       ee ee e eeeeeeeeee
/data3fast/users/mbermudez/de_02/TFGDataset/img/T2_1447.png|nnnssssssseseeeeeeeeee  e  eeeeeeeeeeeeeeeeeeeeeeeee
/data3fast/users/mbermudez/de_02/TFGDataset/img/T2_0239.png|"     ssseeeeeeee      
/data3fast/users/mbermudez/de_02/TFGDataset/img/T2_1030.png|uuueeeeeeeeeeeeeeeeeeesseeeeeeeeeehhhe
/data3fast/users/mbermudez/de_02/TFGDataset/img/T2_1432.png|iieeeeeee   ee eeeeeeeeeeeeeeeeeeeeeeeeeeeeeee
/data3fast/users/mbermudez/de_02/TFGDataset/img/T2_0704.png|#  
/data3fast/users/mbermudez/de_02/TFGDataset/img/T2_1494.png|eeee         e  eeee eeeeeeeeeeee eeeeeeeeeeeeee
/data3fast/users/mbermudez/de_02/TFGDataset/img/T2_1401.png|nnn         hhhh                        
/data3fast/users/mbermudez/de_02/TFGDataset/img/T2_1360.png|geseeeeeeeeeeeeeeee   eeeeeeeeeeeeeeeeeeee
/data3fast/users/mbermudez/de_02/TFGDataset/img/T2_1216.png|neeeeeeeeeeeeeeeeeee  eeee                 s
/data3fast/users/mbermudez/de_02/TFGDataset/img/T2_1050.png|weee               eee eeeeeeeeeeeeeeeeeeee
/data3fast/users/mbermudez/de_02/TFGDataset/img/T2_0167.png|"        eeeeeeeeeeeeeeeeeeeeee   nnnnnnn
/data3fast/users/mbermudez/de_02/TFGDataset/img/T2_0203.png|nn         eeeeeeeeeeeeeeeeeee    ssssssssss
/data3fast/users/mbermudez/de_02/TFGDataset/img/T2_0663.png|gleeeeeeeeeeeeeeee   e    eeeeeeeeeeeeeeeeeeeeeee
/data3fast/users/mbermudez/de_02/TFGDataset/img/T2_1448.png|aaneeeeeeeeeeeee            eeeeeeeeeeeeeeeee
/data3fast/users/mbermudez/de_02/TFGDataset/img/T2_0066.png|ffr      eeeee eeeee   e eeeellleeeeee
/data3fast/users/mbermudez/de_02/TFGDataset/img/T2_1428.png|eeee               e   eeee        sssss ss
/data3fast/users/mbermudez/de_02/TFGDataset/img/T2_0046.png|deee        ttt              eelllleeee
/data3fast/users/mbermudez/de_02/TFGDataset/img/T2_0058.png|dei     eeeeeeeeeeeeeeeee                eeehhhhhh
/data3fast/users/mbermudez/de_02/TFGDataset/img/T2_0557.png|beee  nnnn  neeeeeeeeeeeeeennnnnnnnnnn
/data3fast/users/mbermudez/de_02/TFGDataset/img/T2_0217.png|*eeeeeee                                 hhhhh
/data3fast/users/mbermudez/de_02/TFGDataset/img/T2_0142.png|wiiii           nhh                   ee
/data3fast/users/mbermudez/de_02/TFGDataset/img/T2_1013.png|dee    aaaaa a a           hh             nn
/data3fast/users/mbermudez/de_02/TFGDataset/img/T2_0749.png|eeeeee    eeeeeeeeeeeeeeeeeeeeeeeeeeeeeeeeeeeeeeee
/data3fast/users/mbermudez/de_02/TFGDataset/img/T2_1058.png|dnn  eeeeeeeeeeeeeeeeeeeeeeeeeeeeeeeeeeeee     ss
/data3fast/users/mbermudez/de_02/TFGDataset/img/T2_1320.png|st              eeeeeeeeeeeeeeee    eeeeeeee
/data3fast/users/mbermudez/de_02/TFGDataset/img/T2_0779.png|weeeeeeeeeeeeeeeeeeeeeeeeeeeeeeee  eeeeeeeeeeeeee
/data3fast/users/mbermudez/de_02/TFGDataset/img/T2_0428.png|"     eeeeeeeeeeeeeeeeeeeeeeeeeeeee     ede
/data3fast/users/mbermudez/de_02/TFGDataset/img/T2_1223.png|hha            sssssssss              aaa
/data3fast/users/mbermudez/de_02/TFGDataset/img/T2_0198.png|dii        eeeeeeeeeeeeeeeeeeeeeeeeeeeeeeeeeh
/data3fast/users/mbermudez/de_02/TFGDataset/img/T2_0395.png|daa        eeeeeeeeeeeeeeeee e        aaaaaa
/data3fast/users/mbermudez/de_02/TFGDataset/img/T2_1092.png|ddaaa             eee     e e   eelllllllllll
/data3fast/users/mbermudez/de_02/TFGDataset/img/T2_1138.png|aeee    eeeeeeeeeeeeeeeeeeeeeeeeeeeeeeeeeeeeeee
/data3fast/users/mbermudez/de_02/TFGDataset/img/T2_1451.png|dee          eeeeeeeeeeeeeeeeee      eeeee
/data3fast/users/mbermudez/de_02/TFGDataset/img/T2_1114.png|ichhh     eeeeeeeeeeeeeeeeeeeeeeeeeeeeeeeeeeeee     n
/data3fast/users/mbermudez/de_02/TFGDataset/img/T2_1423.png|"    eeeeeeeeee  e  ee      e ee  lll
/data3fast/users/mbermudez/de_02/TFGDataset/img/T2_0276.png|"       eeeee e   eee e   hhhhhhhht
/data3fast/users/mbermudez/de_02/TFGDataset/img/T2_0418.png|geeeeeeeeeeeeeeeeeeeeeeeee eeee           aaaaa
/data3fast/users/mbermudez/de_02/TFGDataset/img/T2_1435.png|mmtt   e e                        aaaaaaa
/data3fast/users/mbermudez/de_02/TFGDataset/img/T2_0034.png|#  
/data3fast/users/mbermudez/de_02/TFGDataset/img/T2_0589.png|iii  eeeeeeeeeeeeeeeeeeeeeeeeeeeeeeeeeeeeeeeee   h ttt
/data3fast/users/mbermudez/de_02/TFGDataset/img/T2_0896.png|uuu eeeeeeeeeeeee  eeeeeee               
/data3fast/users/mbermudez/de_02/TFGDataset/img/T2_0216.png|tttthhhhses     eeeeeee ee eee e        eeededeee
/data3fast/users/mbermudez/de_02/TFGDataset/img/T2_0998.png|"     sssssss                         eeee
/data3fast/users/mbermudez/de_02/TFGDataset/img/T2_1053.png|di                         s sss  ssss
/data3fast/users/mbermudez/de_02/TFGDataset/img/T2_0195.png|wllhhh              eeeeeeeee   e ee    eereee
/data3fast/users/mbermudez/de_02/TFGDataset/img/T2_1307.png|hheeeeeeeeeee                             eeee
/data3fast/users/mbermudez/de_02/TFGDataset/img/T2_1473.png|wiiieeeeeee                           nnnnnnn
/data3fast/users/mbermudez/de_02/TFGDataset/img/T2_1382.png|deesssseeeeeeeeeeee        e        eeeeeeeeeeeeeeeeeeeee
/data3fast/users/mbermudez/de_02/TFGDataset/img/T2_0007.png|eee          eeeeeeee eeeeeeeeeeeeeeeeeeeee
/data3fast/users/mbermudez/de_02/TFGDataset/img/T2_0404.png|deeeeeeeeee
/data3fast/users/mbermudez/de_02/TFGDataset/img/T2_1074.png|bree               ee                      i
/data3fast/users/mbermudez/de_02/TFGDataset/img/T2_1036.png|hhheeeeeeeeessseeeeeeee  sseeee        eeeeeeee
/data3fast/users/mbermudez/de_02/TFGDataset/img/T2_0867.png|heeeeeeeeeeeeeeeeeeeeeeeeeeeeeeeeee eeee      daaadn
/data3fast/users/mbermudez/de_02/TFGDataset/img/T2_0075.png|"   eeeeetttt
/data3fast/users/mbermudez/de_02/TFGDataset/img/T2_0281.png|eeeeeeeeeeeeeeeee e    e  e     eeee  sasee
/data3fast/users/mbermudez/de_02/TFGDataset/img/T2_0352.png|feee                              s  tsttttttt
/data3fast/users/mbermudez/de_02/TFGDataset/img/T2_0789.png|da   eeeeeeeeeeeeeeeeeeeeeeeeeeeeeeeeeeeeeee eeee
/data3fast/users/mbermudez/de_02/TFGDataset/img/T2_1122.png|deee  eehe  ee       eee    eesssse   edddd
/data3fast/users/mbermudez/de_02/TFGDataset/img/T2_0746.png|geeeeee        eeee eeeeee     eee         eeeeee
/data3fast/users/mbermudez/de_02/TFGDataset/img/T2_0370.png|#  
/data3fast/users/mbermudez/de_02/TFGDataset/img/T2_1197.png|weee                                      t***
/data3fast/users/mbermudez/de_02/TFGDataset/img/T2_0524.png|eeeeeeeeeeeeeeee    eee
/data3fast/users/mbermudez/de_02/TFGDataset/img/T2_1156.png|seeeeeeeeeeeeeeeeeeee ee  eeee   eeee  e              
/data3fast/users/mbermudez/de_02/TFGDataset/img/T2_0822.png|uunn                        aa    aaehhhlhe
/data3fast/users/mbermudez/de_02/TFGDataset/img/T2_0568.png|hhhee                       eeeee   eeeettt
/data3fast/users/mbermudez/de_02/TFGDataset/img/T2_1256.png|eeeeeeeeeeeeeee eee      ee  eeeeeeeeeee  eee eeeeee
/data3fast/users/mbermudez/de_02/TFGDataset/img/T2_1249.png|uu     eeeee ee  e      e ee   eee               n
/data3fast/users/mbermudez/de_02/TFGDataset/img/T2_0851.png|nnneeeeeee       e     eee     eeeeeeeeeeeeeeeettee
/data3fast/users/mbermudez/de_02/TFGDataset/img/T2_0347.png|deee                               eeeeee
/data3fast/users/mbermudez/de_02/TFGDataset/img/T2_1350.png|eeeeeeeeeeeeeeee         eeeeeeee                  aee
/data3fast/users/mbermudez/de_02/TFGDataset/img/T2_0954.png|weeeeeeeeeeeeeeeee e  ee    e  eee eeeeeeeee      hee
/data3fast/users/mbermudez/de_02/TFGDataset/img/T2_1055.png|seeeeee                       tsssssss
/data3fast/users/mbermudez/de_02/TFGDataset/img/T2_0100.png|nnn          eeeeeeeeeeeeeeeeeeeeeeeeeee         rr
/data3fast/users/mbermudez/de_02/TFGDataset/img/T2_1370.png|nnn     eeeeeeeeeeeeeeee e ee h hhheeeeeeeeee
/data3fast/users/mbermudez/de_02/TFGDataset/img/T2_0591.png|deeeeeeeeeee eeeeeeeeeeeeeeeeeeeeeeeeeeee ee         aae
/data3fast/users/mbermudez/de_02/TFGDataset/img/T2_1431.png|deee   eee      e nnn  ee  e        ssssss
/data3fast/users/mbermudez/de_02/TFGDataset/img/T2_0940.png|dereeeeeeeeeeeeeee      ee       eeeeeeee  eeeeeee
/data3fast/users/mbermudez/de_02/TFGDataset/img/T2_0565.png|ffeee                                 eeeee
/data3fast/users/mbermudez/de_02/TFGDataset/img/T2_0185.png|ddn       eeee        e         nnn  ad aaa
/data3fast/users/mbermudez/de_02/TFGDataset/img/T2_0494.png|wssss  
/data3fast/users/mbermudez/de_02/TFGDataset/img/T2_1264.png|dd                         eeeeeeeeeeeeeeeeeeee
/data3fast/users/mbermudez/de_02/TFGDataset/img/T2_0848.png|ggee                 e   eee              eee
/data3fast/users/mbermudez/de_02/TFGDataset/img/T2_0144.png|heeeeeeeeeeee      eeeee eeee eesss          
/data3fast/users/mbermudez/de_02/TFGDataset/img/T2_0697.png|hhh       eeeeeeeeeeeeeeee eeeeee          eeee
/data3fast/users/mbermudez/de_02/TFGDataset/img/T2_0583.png|aaaaaa                     ee eeeeeeeeeeeeeeeeeeeeee
/data3fast/users/mbermudez/de_02/TFGDataset/img/T2_1455.png|uuu   eeeeeeeee  h                  e e  eeeeeeeee
/data3fast/users/mbermudez/de_02/TFGDataset/img/T2_0228.png|"   eeeeeeeeeeeeeee    ee  ee ee    e       sss
/data3fast/users/mbermudez/de_02/TFGDataset/img/T2_0254.png|"      eeeee           h hhht tttttt
/data3fast/users/mbermudez/de_02/TFGDataset/img/T2_1277.png|dd    aa         e   e     eeeeeee  eeee eeeeseeeeeeeee
/data3fast/users/mbermudez/de_02/TFGDataset/img/T2_1003.png|tttteeeeeeeeeeeeeeeeeeeeee   eeeeeeeeeee e      d  d  d
/data3fast/users/mbermudez/de_02/TFGDataset/img/T2_0903.png|*eeeeeee                       eeeeeeeeeee
/data3fast/users/mbermudez/de_02/TFGDataset/img/T2_1479.png|weee                               eeeee
/data3fast/users/mbermudez/de_02/TFGDataset/img/T2_0773.png|seee            eeeeeeeeeeeeeeeeeeeeeeeeeeeeeeeee
/data3fast/users/mbermudez/de_02/TFGDataset/img/T2_1406.png|dee                                        eeeeeeeeee
/data3fast/users/mbermudez/de_02/TFGDataset/img/T2_0315.png|unnn  eeeeeeeeeee        nnn     ddeeeeeee
/data3fast/users/mbermudez/de_02/TFGDataset/img/T2_1450.png|aaa       eeeeeeeeeeeeeee e eeeeeeeeeee     hhhhhh
/data3fast/users/mbermudez/de_02/TFGDataset/img/T2_1184.png|feee  dddd  eeeeeeeeeeeeeeeeeeeeeeeeeee                n
/data3fast/users/mbermudez/de_02/TFGDataset/img/T2_0510.png|mhee            e  eeeeeee         eeeeeeeeeeeeeeeeeeeeee
/data3fast/users/mbermudez/de_02/TFGDataset/img/T2_0935.png|ttttt                     sss          eee
/data3fast/users/mbermudez/de_02/TFGDataset/img/T2_0643.png|der   hhhttt                                   n
/data3fast/users/mbermudez/de_02/TFGDataset/img/T2_0444.png|ffr       ee                    a  sssss eeeeeeeeee
/data3fast/users/mbermudez/de_02/TFGDataset/img/T2_0633.png|derrhhhhhhttttt  eeeeeeeeeee***
/data3fast/users/mbermudez/de_02/TFGDataset/img/T2_0261.png|geeeeessssssssseeeee        a                
/data3fast/users/mbermudez/de_02/TFGDataset/img/T2_1386.png|dda           eeeeeeeeeeeeeeeeeee            nn
/data3fast/users/mbermudez/de_02/TFGDataset/img/T2_1378.png|orre                                      hhhhhhh
/data3fast/users/mbermudez/de_02/TFGDataset/img/T2_0265.png|iiieeeeeee                                   sssssss
/data3fast/users/mbermudez/de_02/TFGDataset/img/T2_1191.png|ieeeee                         e eeee            eeee
/data3fast/users/mbermudez/de_02/TFGDataset/img/T2_0580.png|"     ssssssssseeeesssssss                  
/data3fast/users/mbermudez/de_02/TFGDataset/img/T2_0652.png|eeeesssssssaaas                         ee
/data3fast/users/mbermudez/de_02/TFGDataset/img/T2_1261.png|dee                 eeeeeeeeeeeeeeeee
/data3fast/users/mbermudez/de_02/TFGDataset/img/T2_0407.png|uuu  eeeeeeeeee             ssssssseee eeeehe
/data3fast/users/mbermudez/de_02/TFGDataset/img/T2_0296.png|nnn   eeeeeeee                               nn
/data3fast/users/mbermudez/de_02/TFGDataset/img/T2_1346.png|ssss               ee    ee           aaaaaaa
/data3fast/users/mbermudez/de_02/TFGDataset/img/T2_0274.png|beee     eeeeeeeeeeeeeeeeeeee         
/data3fast/users/mbermudez/de_02/TFGDataset/img/T2_1306.png|deeeeeeeeeeeeeeeeeeeeeeeeeeeeeeeeeeeeeeee     eeeee
/data3fast/users/mbermudez/de_02/TFGDataset/img/T2_1468.png|aaah                                          hhhh
/data3fast/users/mbermudez/de_02/TFGDataset/img/T2_0252.png|geeeeee            eeeeeeeeeeeeeeeee
/data3fast/users/mbermudez/de_02/TFGDataset/img/T2_0538.png|dd            eeee   e eeeeeeeeeeeee  ee     eee
/data3fast/users/mbermudez/de_02/TFGDataset/img/T2_0295.png|geeeeee       n         e            aa
/data3fast/users/mbermudez/de_02/TFGDataset/img/T2_0946.png|uuu   eeee sssss   ss                 eeeee
/data3fast/users/mbermudez/de_02/TFGDataset/img/T2_0135.png|wseee                               ieeeeeee
/data3fast/users/mbermudez/de_02/TFGDataset/img/T2_0569.png|sss  eeeeeeeeeeeeeeeeeeeeee  eeeeeee eeeeeeeeeeeeeeeee
/data3fast/users/mbermudez/de_02/TFGDataset/img/T2_0164.png|eeee    t
/data3fast/users/mbermudez/de_02/TFGDataset/img/T2_0787.png|eeeee    nn     n      n           eeeee
/data3fast/users/mbermudez/de_02/TFGDataset/img/T2_1010.png|geeee      aaaa                   tttttt
/data3fast/users/mbermudez/de_02/TFGDataset/img/T2_1427.png|# 
/data3fast/users/mbermudez/de_02/TFGDataset/img/T2_0420.png|dd     eeeeeeeeeeeeeei e               
/data3fast/users/mbermudez/de_02/TFGDataset/img/T2_1045.png|wllee           t                        e
/data3fast/users/mbermudez/de_02/TFGDataset/img/T2_0545.png|iiii         eeeeeeeeeeeeeeeeeeeeeessettttteeee
/data3fast/users/mbermudez/de_02/TFGDataset/img/T2_0176.png|mee                     ee  es  eeee  hhhhhhhhh
/data3fast/users/mbermudez/de_02/TFGDataset/img/T2_0721.png|eee         ss sssssssss  ss ss    ee        eeeeee
/data3fast/users/mbermudez/de_02/TFGDataset/img/T2_0305.png|deee hhhh                     eee eeeeeeeeeeeeeeeeeeeeee
/data3fast/users/mbermudez/de_02/TFGDataset/img/T2_0336.png|hhh                              ttttttt
/data3fast/users/mbermudez/de_02/TFGDataset/img/T2_1379.png|iit   ssssseeeeeeeeeeeeeee
/data3fast/users/mbermudez/de_02/TFGDataset/img/T2_0032.png|weee                  eeeeeeeeeeeeeeeeeeeeeee
/data3fast/users/mbermudez/de_02/TFGDataset/img/T2_0894.png|deeeeeeeeeeeeeee      eeeeeee e e          nnnnnnnnn
/data3fast/users/mbermudez/de_02/TFGDataset/img/T2_1200.png|# 
/data3fast/users/mbermudez/de_02/TFGDataset/img/T2_0149.png|geeeeeeee            e  e   eeeeeeee
/data3fast/users/mbermudez/de_02/TFGDataset/img/T2_0391.png|wrrr                           ee                 r
/data3fast/users/mbermudez/de_02/TFGDataset/img/T2_1263.png|gehhhh                       e             eeee
/data3fast/users/mbermudez/de_02/TFGDataset/img/T2_0590.png|iichh     eeeeeeeeeeeeeeeeeee               iihhh
/data3fast/users/mbermudez/de_02/TFGDataset/img/T2_0108.png|dssssseeeeeeeeeeeeee e eee e        ddd dddd
/data3fast/users/mbermudez/de_02/TFGDataset/img/T2_0768.png|aalleeeeee         it
/data3fast/users/mbermudez/de_02/TFGDataset/img/T2_0996.png|de                                              s
/data3fast/users/mbermudez/de_02/TFGDataset/img/T2_0183.png|oo   eeeeeeeeeeeeee       e     eeeeeehhhhhhhh
/data3fast/users/mbermudez/de_02/TFGDataset/img/T2_1089.png|nnneeeeeeeeeeeeeeeeeeeeeeeeeeeeeeeeeeeeeee  eeeeeeee
/data3fast/users/mbermudez/de_02/TFGDataset/img/T2_0799.png|eeeeeeeeeeeeehhh e           e    eeeeeeeeeeeeee
/data3fast/users/mbermudez/de_02/TFGDataset/img/T2_1054.png|wllll                                   eeee
/data3fast/users/mbermudez/de_02/TFGDataset/img/T2_0808.png|heh                          eeeeeeeeeeeeee
/data3fast/users/mbermudez/de_02/TFGDataset/img/T2_0788.png|mm                 e             eee
/data3fast/users/mbermudez/de_02/TFGDataset/img/T2_1361.png|"     eeeeeeeeeeee                   hhhhheee
/data3fast/users/mbermudez/de_02/TFGDataset/img/T2_0576.png|geeee                                nn nnn
/data3fast/users/mbermudez/de_02/TFGDataset/img/T2_0826.png|iii          eeeeeeeeeeeeeeeeeeeeeeeeeeeee e         nnnn
/data3fast/users/mbermudez/de_02/TFGDataset/img/T2_1439.png|eeeee                   hhh         eeee
/data3fast/users/mbermudez/de_02/TFGDataset/img/T2_0478.png|geeeeeee            eeeeeeeeeeeeeee eee     ssssss
/data3fast/users/mbermudez/de_02/TFGDataset/img/T2_0917.png|# 
/data3fast/users/mbermudez/de_02/TFGDataset/img/T2_0547.png|iihhhhhhhh               eeeee i          nnnnnnnnnn
/data3fast/users/mbermudez/de_02/TFGDataset/img/T2_1259.png|#  
/data3fast/users/mbermudez/de_02/TFGDataset/img/T2_1199.png|mnn          ee eeeeee           tttttttt
/data3fast/users/mbermudez/de_02/TFGDataset/img/T2_0191.png|eeee     e  eeeeeeeeeeeeeee              n
/data3fast/users/mbermudez/de_02/TFGDataset/img/T2_1332.png|oo                      ee e  e            eeeee
/data3fast/users/mbermudez/de_02/TFGDataset/img/T2_1329.png|sshhttttttt                                 sssss
/data3fast/users/mbermudez/de_02/TFGDataset/img/T2_0116.png|"   eeeeeeeeeeeeeeeeeee eeeeeeeeeeeeeeeeeeeeeeeeee
/data3fast/users/mbermudez/de_02/TFGDataset/img/T2_0922.png|seeeeeeeeee                       sssssslleee
/data3fast/users/mbermudez/de_02/TFGDataset/img/T2_0334.png|iieeeeeeee                eeeeeeee        a  asaaa
/data3fast/users/mbermudez/de_02/TFGDataset/img/T2_1367.png|"    eeeeeesssssss        s  hh hheeeeeeeeeeee
/data3fast/users/mbermudez/de_02/TFGDataset/img/T2_1302.png|geeee               eeeeee e    eeeeeeeeeeeeee
/data3fast/users/mbermudez/de_02/TFGDataset/img/T2_0650.png|alleeeeeeeeeeeeeeeeeeee              e         sssshh
/data3fast/users/mbermudez/de_02/TFGDataset/img/T2_0177.png|deeeessshhhhsss                               hhhttt
/data3fast/users/mbermudez/de_02/TFGDataset/img/T2_0945.png|iiii ee   eeeeeeeeeeeeeeeeeeeeeeeee      eee
/data3fast/users/mbermudez/de_02/TFGDataset/img/T2_0107.png|deee    ee  eeeeeeeeeeeeeeeeeeeeeeeee      eee
/data3fast/users/mbermudez/de_02/TFGDataset/img/T2_0948.png|beeeettt                           eeeeeeesseeee
/data3fast/users/mbermudez/de_02/TFGDataset/img/T2_0564.png|wrr                                 ******
/data3fast/users/mbermudez/de_02/TFGDataset/img/T2_0123.png|unn    s  heeeeeeeeeeeee            eeeeee
/data3fast/users/mbermudez/de_02/TFGDataset/img/T2_0410.png|eeeeeeeeeeeeeeeeeeeee  eeeeeeee                    aaaa
/data3fast/users/mbermudez/de_02/TFGDataset/img/T2_0101.png|#  
/data3fast/users/mbermudez/de_02/TFGDataset/img/T2_0333.png|ooeeeeeeeeehheeeeeeeeehe eeeeeeeeeeeeee              
/data3fast/users/mbermudez/de_02/TFGDataset/img/T2_0491.png|mmrreeee                             eeee**ee*
/data3fast/users/mbermudez/de_02/TFGDataset/img/T2_0452.png|"     eeee                          ssssshhhhhh
/data3fast/users/mbermudez/de_02/TFGDataset/img/T2_0287.png|geeeee                       tt         aa  tt
/data3fast/users/mbermudez/de_02/TFGDataset/img/T2_1405.png|unn                 lllllleeeeeeeeeeeeeeee
/data3fast/users/mbermudez/de_02/TFGDataset/img/T2_1254.png|mii  eeeeeeeeeeeeee            eeeeeeeeeeeeeeeeeeee
/data3fast/users/mbermudez/de_02/TFGDataset/img/T2_0807.png|bbe           eeeeeeeeeeeee              nnnnnn
/data3fast/users/mbermudez/de_02/TFGDataset/img/T2_1291.png|aaan    eeeeeeeeeee      eeeeeeeeeeeeeeeeeeee
/data3fast/users/mbermudez/de_02/TFGDataset/img/T2_0155.png|a                 ttttttttt     ee eeeeeeeeeeeeeeeeeee
/data3fast/users/mbermudez/de_02/TFGDataset/img/T2_1227.png|nnn  eeeeeeeeeeeeeeeeeeeeeeeeeeeeeeeeeeeeeeeeeehhhhhhh
/data3fast/users/mbermudez/de_02/TFGDataset/img/T2_0188.png|aneeeeeeeeeeeeeeeee eeeeeeeeeeeeeeeeeeeeeeeeeeeeeee
/data3fast/users/mbermudez/de_02/TFGDataset/img/T2_0634.png|"          eeeeeeeeeeeeeeeeeeeeeeee         tte
/data3fast/users/mbermudez/de_02/TFGDataset/img/T2_0744.png|deerr                                   aaaaahh
/data3fast/users/mbermudez/de_02/TFGDataset/img/T2_1278.png|bbee     eeeeeeeeeeeeeeeeeeeeee                   
/data3fast/users/mbermudez/de_02/TFGDataset/img/T2_0521.png|deeeeee           eeeeeeeeeeee e e   ee         hht
/data3fast/users/mbermudez/de_02/TFGDataset/img/T2_0406.png|iii        tttttttt            ch hhhhiiee
/data3fast/users/mbermudez/de_02/TFGDataset/img/T2_0607.png|geee        s s       ss s   ss    seeeeeeeeeeeee
/data3fast/users/mbermudez/de_02/TFGDataset/img/T2_0707.png|see                                        a        dn
/data3fast/users/mbermudez/de_02/TFGDataset/img/T2_0376.png|aaah  eeeee eeee  eeeeeeeeeeee  iii      hhitht
/data3fast/users/mbermudez/de_02/TFGDataset/img/T2_1029.png|bb     eeeeee eee           e eeeeeeeeeeeeeeeeeeeeeee
/data3fast/users/mbermudez/de_02/TFGDataset/img/T2_1288.png|shhhh                              aa  aaaaa
/data3fast/users/mbermudez/de_02/TFGDataset/img/T2_0341.png|eeeeeeeeiiieeeeeeeeeeeeeeeeeeeii       eennn
/data3fast/users/mbermudez/de_02/TFGDataset/img/T2_0716.png|iieehhhhhhhh                  h                  sssssst
/data3fast/users/mbermudez/de_02/TFGDataset/img/T2_1333.png|frrreeeeeeeeeeee eeeeeeeeeeeeeeeeeeeeee    hhcchhh
/data3fast/users/mbermudez/de_02/TFGDataset/img/T2_1002.png|eeeeeeeeeeeeeeeeeeeeeeeeeeeeeeeeeeeeee       tttt
/data3fast/users/mbermudez/de_02/TFGDataset/img/T2_1228.png|geeee            sss    s     seeeeeeeeeeeeeeeeeeee
/data3fast/users/mbermudez/de_02/TFGDataset/img/T2_0212.png|eeeeeeee ssss    eeeee         ..
/data3fast/users/mbermudez/de_02/TFGDataset/img/T2_1387.png|tteeeee    eeee         s                   eeeeeeeeeee
/data3fast/users/mbermudez/de_02/TFGDataset/img/T2_1331.png|mi    ssssssseeeeeee                                aa
/data3fast/users/mbermudez/de_02/TFGDataset/img/T2_0608.png|beeeeeeee   eee            e              e eeeee
/data3fast/users/mbermudez/de_02/TFGDataset/img/T2_0603.png|nniieeeeeeeeeeeeeeeeeeeeeeeeeeeee   e           ttt
/data3fast/users/mbermudez/de_02/TFGDataset/img/T2_0392.png|mtttteeeeeeeeeeeeee                    nn
/data3fast/users/mbermudez/de_02/TFGDataset/img/T2_1410.png|unn                                ttt  tt     
/data3fast/users/mbermudez/de_02/TFGDataset/img/T2_0268.png|aauu                                     iitthh
/data3fast/users/mbermudez/de_02/TFGDataset/img/T2_0653.png|aaaeeeeeeeeeeeeeeeeeeeeeeeeeeeeeeeeeeeeee
/data3fast/users/mbermudez/de_02/TFGDataset/img/T2_0786.png|mmo    hhhheeeeeeeeeeeeeeeeeeeeeeeeeeeee iee
/data3fast/users/mbermudez/de_02/TFGDataset/img/T2_0258.png|ggeeeee                                     
/data3fast/users/mbermudez/de_02/TFGDataset/img/T2_0540.png|#  
/data3fast/users/mbermudez/de_02/TFGDataset/img/T2_1090.png|eeeeee ttttt
/data3fast/users/mbermudez/de_02/TFGDataset/img/T2_0838.png|hhhh                                     ehh
/data3fast/users/mbermudez/de_02/TFGDataset/img/T2_1133.png|tt             eeeeeeeeeeeeeeeeeeee e eeeieeeee
/data3fast/users/mbermudez/de_02/TFGDataset/img/T2_1034.png|dee    eeeeeeeeeeeeeeeeeeeeeee   e eeeeehhhhhhhh
/data3fast/users/mbermudez/de_02/TFGDataset/img/T2_0090.png|deeeeeeeeeeeeeeeeeeeeeeeeeee     nnnn
/data3fast/users/mbermudez/de_02/TFGDataset/img/T2_0760.png|nnn                hh      eeeeeeeee
/data3fast/users/mbermudez/de_02/TFGDataset/img/T2_0969.png|heeeeeeeeeee                              eeeeeeeeee
/data3fast/users/mbermudez/de_02/TFGDataset/img/T2_1001.png|geeeelllleeeeeeeeeeeeeeeeeeeeeeeeeeeeeeeeeeesssssss
/data3fast/users/mbermudez/de_02/TFGDataset/img/T2_0712.png|dd    a     eeeeeeeeeeeeeeeeeeeeeeeeee eeeee
/data3fast/users/mbermudez/de_02/TFGDataset/img/T2_1443.png|aaaa                     eeee e   e             ss   
/data3fast/users/mbermudez/de_02/TFGDataset/img/T2_0441.png|mh                                            
/data3fast/users/mbermudez/de_02/TFGDataset/img/T2_0845.png|deeeeeeeeeeeeeeeee               sssss   ssss
/data3fast/users/mbermudez/de_02/TFGDataset/img/T2_0844.png|aau   eeee                               e   eeeee
/data3fast/users/mbermudez/de_02/TFGDataset/img/T2_1164.png|eeer   dddd d  eeeeeeeeeeeeeeeeeeeeeeeeeeeeeeeee
/data3fast/users/mbermudez/de_02/TFGDataset/img/T2_1130.png|rree            eee eeeeeeee eeeeeeeeeeeeeeeeeeeeee
/data3fast/users/mbermudez/de_02/TFGDataset/img/T2_1383.png|sssseeeeeeeee         e    ee  eeeeeeeeeeeeeetttt
/data3fast/users/mbermudez/de_02/TFGDataset/img/T2_0726.png|"     eeeeeeeeeeee        ss            d
/data3fast/users/mbermudez/de_02/TFGDataset/img/T2_1237.png|aaa     ssssseeeee s ssss        s h  heellleeeee
/data3fast/users/mbermudez/de_02/TFGDataset/img/T2_0481.png|ieeeeeeeeeeeeeeeeeeee                      aaaa
/data3fast/users/mbermudez/de_02/TFGDataset/img/T2_0605.png|sssleeeeeeeeeeeee                  dd  d  ddddd
/data3fast/users/mbermudez/de_02/TFGDataset/img/T2_0246.png|iit             eeeeeeeeeeeeeeeeeeeeeeeeeeee
/data3fast/users/mbermudez/de_02/TFGDataset/img/T2_1276.png|oreeeeeeeeeee e                        eeeeeeee
/data3fast/users/mbermudez/de_02/TFGDataset/img/T2_1218.png|eeeeeeeeeeee                            e
/data3fast/users/mbermudez/de_02/TFGDataset/img/T2_1274.png|aaaee eeeeeeeee           eeeeeeeeeeeeeeeee
/data3fast/users/mbermudez/de_02/TFGDataset/img/T2_0459.png|see                        ee e   ee  e  eeeee
/data3fast/users/mbermudez/de_02/TFGDataset/img/T2_0119.png|hhhhhhhh             n  nnnn        eeeeee
/data3fast/users/mbermudez/de_02/TFGDataset/img/T2_0189.png|sshhhheeeeeeeeeeeeee  tet        eeeeeeeeeeeeeeeeee
/data3fast/users/mbermudez/de_02/TFGDataset/img/T2_0018.png|meeeeeeeeeeeeeeeeeeeeeeeeeeeeeeeee         eeee
/data3fast/users/mbermudez/de_02/TFGDataset/img/T2_0885.png|dneeeeeeeeeeeeeeeeeeeeeeeeeeeeee  e  eee
/data3fast/users/mbermudez/de_02/TFGDataset/img/T2_0083.png|uuureeeeeeeeee                             
/data3fast/users/mbermudez/de_02/TFGDataset/img/T2_0745.png|ggeeeeeeeeeeeeeeeeeee         e          eeeeeeeee
/data3fast/users/mbermudez/de_02/TFGDataset/img/T2_1289.png|frrreeeeeeeeeeeeeeeeeeeeeeeeeeeeee e              a
/data3fast/users/mbermudez/de_02/TFGDataset/img/T2_1154.png|eeee sss     ttt
/data3fast/users/mbermudez/de_02/TFGDataset/img/T2_1051.png|neeeeeeeeeeeeeeeeeeeeeeeeee   eeeeeeeee      hhh
/data3fast/users/mbermudez/de_02/TFGDataset/img/T2_1126.png|sseeeeeeeeee        e          e       e  eeeeeee
/data3fast/users/mbermudez/de_02/TFGDataset/img/T2_1153.png|unn eeeeeeeeeeee
/data3fast/users/mbermudez/de_02/TFGDataset/img/T2_0301.png|beeeeesssssss  sssssee     s  s                   
/data3fast/users/mbermudez/de_02/TFGDataset/img/T2_1366.png|beeeeeee       ttt                          rre
/data3fast/users/mbermudez/de_02/TFGDataset/img/T2_0247.png|aaaa      eeeeeeee  ee eeeee eeeeeeeeeeeeeee
/data3fast/users/mbermudez/de_02/TFGDataset/img/T2_0358.png|"   sssssseseeeeeeeeeeee eeeeeeeeeeeeeeeeeee
/data3fast/users/mbermudez/de_02/TFGDataset/img/T2_0096.png|aaa            dd e eeee ee e  e eeeeeeeee
/data3fast/users/mbermudez/de_02/TFGDataset/img/T2_0527.png|deere eeeee e         aaaa           eeeeeeeee
/data3fast/users/mbermudez/de_02/TFGDataset/img/T2_1063.png|mii  eeeeeeeeeee                   e eeeeeeeeee
/data3fast/users/mbermudez/de_02/TFGDataset/img/T2_0546.png|gliiit     ssssss     ssss ss   eeeeeeee ee
/data3fast/users/mbermudez/de_02/TFGDataset/img/T2_0002.png|mmiitttt                            eee
/data3fast/users/mbermudez/de_02/TFGDataset/img/T2_1369.png|eeeeeeee                           eeeee
/data3fast/users/mbermudez/de_02/TFGDataset/img/T2_0220.png|eeee       eeeeeeeeeeeeeeet             eeeeeee
/data3fast/users/mbermudez/de_02/TFGDataset/img/T2_1152.png|beee                        eeeeeeeeeeeee
/data3fast/users/mbermudez/de_02/TFGDataset/img/T2_1230.png|aauu eeeeeeeeeeeeeeeeeeeeeeeeeeeeeeeeeeee
/data3fast/users/mbermudez/de_02/TFGDataset/img/T2_1141.png|mmhhhhh                      s            d
/data3fast/users/mbermudez/de_02/TFGDataset/img/T2_0624.png|ddeeesseeeeeeeeeeeeeeeeeeeeeeeee      sassss
/data3fast/users/mbermudez/de_02/TFGDataset/img/T2_1457.png|aa   eeeeeeeeeeeeeeeeeee           
/data3fast/users/mbermudez/de_02/TFGDataset/img/T2_1035.png|lchhhh           eeeeeeeeeeeeeeee         ee
/data3fast/users/mbermudez/de_02/TFGDataset/img/T2_0062.png|ttt     eeeeeeeeeeeeeeeeeeeeeeeeeeeeeeeeeeee    eeee
/data3fast/users/mbermudez/de_02/TFGDataset/img/T2_0563.png|aaeeeeeee              ss   ss    eeeelelee
/data3fast/users/mbermudez/de_02/TFGDataset/img/T2_0610.png|de     a   sssseeeeeeeeeeeee   s              eeee
/data3fast/users/mbermudez/de_02/TFGDataset/img/T2_0753.png|asseeeeeeeeeeeeee e  e            aaaaaa
/data3fast/users/mbermudez/de_02/TFGDataset/img/T2_1251.png|beeeeeeeeeeeeeeeeeeeeeeeeeeeeeeeeeeeee
/data3fast/users/mbermudez/de_02/TFGDataset/img/T2_1105.png|teeee      s eeeeeeeeeee   eeee  eee eeeee eeeee
/data3fast/users/mbermudez/de_02/TFGDataset/img/T2_0170.png|weeesss                        eeeeeee
/data3fast/users/mbermudez/de_02/TFGDataset/img/T2_1286.png|aaa       s                   eeeeeeeeeeee
/data3fast/users/mbermudez/de_02/TFGDataset/img/T2_0680.png|aaneeeeeeeeeeeeee                      hhhhhhhhh
/data3fast/users/mbermudez/de_02/TFGDataset/img/T2_1319.png|geeeeeeeeeeeeeeeeeeeeeeeeeeee  ee      nnn
/data3fast/users/mbermudez/de_02/TFGDataset/img/T2_0233.png|eeeeeeeeeeeeee   e e  eeee    e                hhhh
/data3fast/users/mbermudez/de_02/TFGDataset/img/T2_1400.png|bbe   ee
/data3fast/users/mbermudez/de_02/TFGDataset/img/T2_1113.png|glllee        eeeeeeeeeeeeeeee e       sssss
/data3fast/users/mbermudez/de_02/TFGDataset/img/T2_0981.png|sso        sssssssee     eee sss eeeeeee s         eee
/data3fast/users/mbermudez/de_02/TFGDataset/img/T2_0317.png|weer              eeeeeeeeeeeeeee  e  ssssssee
/data3fast/users/mbermudez/de_02/TFGDataset/img/T2_1377.png|wwll     aaa a a     aa         eeeeeee
/data3fast/users/mbermudez/de_02/TFGDataset/img/T2_1365.png|beee            a  eeeeeeeeeeee lllelllleel
/data3fast/users/mbermudez/de_02/TFGDataset/img/T2_0014.png|nn    eeeeee                   e          nnnnn
/data3fast/users/mbermudez/de_02/TFGDataset/img/T2_0307.png|ssseeeeeeeeeeeeeeeeeeeeeeeeeeeeeeee     h  aaahahh
/data3fast/users/mbermudez/de_02/TFGDataset/img/T2_0681.png|deessssssssssss                 eeeeeeeeeeeeeee
/data3fast/users/mbermudez/de_02/TFGDataset/img/T2_0128.png|mhh   eeeeeeeeeeeeeee e                ddddd
/data3fast/users/mbermudez/de_02/TFGDataset/img/T2_0026.png|miieeeeeeeeeeeeeeeeeeeeeeeeee ee       ssssss
/data3fast/users/mbermudez/de_02/TFGDataset/img/T2_0039.png|deeeeeeeeeeeeeeeeeeeeeeeeeeeeeeeee       ssssssssss
/data3fast/users/mbermudez/de_02/TFGDataset/img/T2_0278.png|orrr    eeeeeeeeeeeeeeeeeeeeeeeeeee eeetttttttttt
/data3fast/users/mbermudez/de_02/TFGDataset/img/T2_0194.png|ihhhh     ee eeeeeeeeeeeeeeeeeeeeeeeee
/data3fast/users/mbermudez/de_02/TFGDataset/img/T2_1224.png|so   eeeeeeeeeeeeeeeeeeeeeeee             ee
/data3fast/users/mbermudez/de_02/TFGDataset/img/T2_0642.png|deee  eeeeeeeesssssseeeeeee                
/data3fast/users/mbermudez/de_02/TFGDataset/img/T2_0319.png|sheeeee                             eeeeeeeeeee
/data3fast/users/mbermudez/de_02/TFGDataset/img/T2_0445.png|mnn   eeeeeeee                          aalll
/data3fast/users/mbermudez/de_02/TFGDataset/img/T2_0186.png|iiiieeeeeeee                                eeeehhhh
/data3fast/users/mbermudez/de_02/TFGDataset/img/T2_0804.png|iin      a  a    a                 eeeeeeee
/data3fast/users/mbermudez/de_02/TFGDataset/img/T2_1374.png|oeee            eeeeeee e       eeeeeee
/data3fast/users/mbermudez/de_02/TFGDataset/img/T2_0771.png|# 
/data3fast/users/mbermudez/de_02/TFGDataset/img/T2_0309.png|dassssssseeeeesssssss                     eeee
/data3fast/users/mbermudez/de_02/TFGDataset/img/T2_0719.png|uurreeeeeeeeeeeeeee     nnnnne      aaaaee
/data3fast/users/mbermudez/de_02/TFGDataset/img/T2_0431.png|ooeee                         eeeeeeeeeeeeeeeee
/data3fast/users/mbermudez/de_02/TFGDataset/img/T2_0251.png|deeeeeeeeeeeeeeeeeeeeesseeeeeeeeeeeeeee        eeee
/data3fast/users/mbermudez/de_02/TFGDataset/img/T2_0976.png|sssss             eeeeeeeeeeeeeeeeee         eeeeee
/data3fast/users/mbermudez/de_02/TFGDataset/img/T2_0351.png|heeeeeeeeeeeeeeeeeee                  sssssshhhh
/data3fast/users/mbermudez/de_02/TFGDataset/img/T2_1084.png|aaaa              eee                  h hhhhhh
/data3fast/users/mbermudez/de_02/TFGDataset/img/T2_0089.png|aasseeeeeeeeeeeeeeeeeeeeeeeeeeeeeeeeeee
/data3fast/users/mbermudez/de_02/TFGDataset/img/T2_0952.png|beee  ee eeeeeeeeeeee e                          n
/data3fast/users/mbermudez/de_02/TFGDataset/img/T2_0508.png|"   eeeeeeessssssseseeeeeeleeeeeeeeeeeeeee
/data3fast/users/mbermudez/de_02/TFGDataset/img/T2_0710.png|beeee  eeeeeeeeeeeeeeeeeeeeeeeeeeeeee
/data3fast/users/mbermudez/de_02/TFGDataset/img/T2_0688.png|weeeeeeee                        eeeeeeeeeeeeeeeeeeeeeeeeeee
/data3fast/users/mbermudez/de_02/TFGDataset/img/T2_1166.png|deeeeeeeeeeeeeeeeeeeeeeeeeee eeee ee      sssssssssssssss
/data3fast/users/mbermudez/de_02/TFGDataset/img/T2_1112.png|sss            a      as  s          hhhhhhhhhh
/data3fast/users/mbermudez/de_02/TFGDataset/img/T2_1359.png|deeeeeeseeeeeeeeeeeessesessss                  nn
/data3fast/users/mbermudez/de_02/TFGDataset/img/T2_0465.png|uuuu    eeeeeeeeeeeeeeeeeee      e  
/data3fast/users/mbermudez/de_02/TFGDataset/img/T2_0328.png|deeetttttttt
/data3fast/users/mbermudez/de_02/TFGDataset/img/T2_0093.png|dee      aa  eeeeeeeeeeeeeeee    s ttttt
/data3fast/users/mbermudez/de_02/TFGDataset/img/T2_1024.png|sseeeeeeeeeee eeeeeeeee     e               ttt
/data3fast/users/mbermudez/de_02/TFGDataset/img/T2_0673.png|aas   eeeeeeeeeee     eeeeeeeeeeeeeee
/data3fast/users/mbermudez/de_02/TFGDataset/img/T2_0330.png|deeeesseeeeeeeeeeeeeeeee       eeeeeeeeeeeeeeeeeeeeeee
/data3fast/users/mbermudez/de_02/TFGDataset/img/T2_1065.png|aaleeeeeeeeeeee          eee                      
/data3fast/users/mbermudez/de_02/TFGDataset/img/T2_0245.png|geeeeeeeeeeeeeeeeeeeeeeeee     nn
/data3fast/users/mbermudez/de_02/TFGDataset/img/T2_1061.png|brreeeeeeeeeeeeee       eeeeeeeeeeeee          ass
/data3fast/users/mbermudez/de_02/TFGDataset/img/T2_1015.png|tt                                      eeeeeee
/data3fast/users/mbermudez/de_02/TFGDataset/img/T2_1459.png|deeeeeeeeeeeeeeeeeeeeeeeeeeeee                 
/data3fast/users/mbermudez/de_02/TFGDataset/img/T2_0695.png|"    sseeeeeeeeeeeeeeeeeeeeeeeeeee       s    
/data3fast/users/mbermudez/de_02/TFGDataset/img/T2_1104.png|ore       ee   e eeeeeeeeee             ett
/data3fast/users/mbermudez/de_02/TFGDataset/img/T2_0756.png|deee eeeeeeeeeeeeeeeeeeeeeee       aaaaaaaaaa
/data3fast/users/mbermudez/de_02/TFGDataset/img/T2_1238.png|dnn    eeeeeeeeeeeeeeeeeeeeeeeeeeeee   e ee  eeeeeeeee
/data3fast/users/mbermudez/de_02/TFGDataset/img/T2_0818.png|"   eeeeeeeeeeee    
/data3fast/users/mbermudez/de_02/TFGDataset/img/T2_0776.png|seeeeeeeeeeeeeeeeeee                      e eeeeeeeee
/data3fast/users/mbermudez/de_02/TFGDataset/img/T2_0458.png|dd                            eeeeeeeeeeeeeeeeeeeeeeeee
/data3fast/users/mbermudez/de_02/TFGDataset/img/T2_0664.png|ihheeeeeeeeeeeeeeee  e      eee ee     sssss
/data3fast/users/mbermudez/de_02/TFGDataset/img/T2_1372.png|eeeeeeeeeeeeeeeeeeeeeeeeeeeeeeeeeee e  aaaeeeee
/data3fast/users/mbermudez/de_02/TFGDataset/img/T2_0861.png|mit                            hheeeeeeeeeettt
/data3fast/users/mbermudez/de_02/TFGDataset/img/T2_0340.png|alle                  e         eeee   eeeeeeeee
/data3fast/users/mbermudez/de_02/TFGDataset/img/T2_1116.png|dee   aaaaaaaaaaa a       aaaa    aasssss
/data3fast/users/mbermudez/de_02/TFGDataset/img/T2_0905.png|ggeeeeee                        nnn
/data3fast/users/mbermudez/de_02/TFGDataset/img/T2_0556.png|mmeee          eeeeeee                      n n
/data3fast/users/mbermudez/de_02/TFGDataset/img/T2_1014.png|geeeeeeeeeeeeeeeeeeeeeeeeeeeesssssssseesssseseeeess
/data3fast/users/mbermudez/de_02/TFGDataset/img/T2_1480.png|# 
/data3fast/users/mbermudez/de_02/TFGDataset/img/T2_0570.png|ssseeeeeeeeeeeeeeeeeeeeeeesesse     e ee            hhhh
/data3fast/users/mbermudez/de_02/TFGDataset/img/T2_0767.png|sseeeeeeeeeeeeeeeeeeeeehhhhh
/data3fast/users/mbermudez/de_02/TFGDataset/img/T2_0051.png|schhhhhhhee   eee                         eeee
/data3fast/users/mbermudez/de_02/TFGDataset/img/T2_1192.png|oor   eeeeeeeeeeeeseeeees        eeeeeee  eeeeeeeeeeeeee
/data3fast/users/mbermudez/de_02/TFGDataset/img/T2_1123.png|ffeeeeeeeeeeeeeeeeeeeeeeeeeeeeeeeeeeeessssssee
/data3fast/users/mbermudez/de_02/TFGDataset/img/T2_0056.png|der           eeeee                      
/data3fast/users/mbermudez/de_02/TFGDataset/img/T2_0873.png|iii         eeeeeeess      e    e   e         sssshhh
/data3fast/users/mbermudez/de_02/TFGDataset/img/T2_0630.png|veee   eeeeeeeeee
/data3fast/users/mbermudez/de_02/TFGDataset/img/T2_0778.png|iicc                                   eeeeeeeeeeeeeeeee
/data3fast/users/mbermudez/de_02/TFGDataset/img/T2_0255.png|"      a                          eeeeeeee
/data3fast/users/mbermudez/de_02/TFGDataset/img/T2_1071.png|nnn  eeeeeeeeeeeeeee   eee     eeeeeeeeeeeeeeeeeeeeeee
/data3fast/users/mbermudez/de_02/TFGDataset/img/T2_0453.png|uuud       e eeeeeeeee                 
/data3fast/users/mbermudez/de_02/TFGDataset/img/T2_1244.png|hheeeeeeeeeee                  s    eeeee
/data3fast/users/mbermudez/de_02/TFGDataset/img/T2_1474.png|aaa    eeeeeee                 e                aa
/data3fast/users/mbermudez/de_02/TFGDataset/img/T2_0192.png|tttteeeeeeeeeeeeeeeeee                      nn
/data3fast/users/mbermudez/de_02/TFGDataset/img/T2_1433.png|hhhheeeeeeeeeeeeeeeeeeeeeeeeeeeeeeeeeeee       eseee
/data3fast/users/mbermudez/de_02/TFGDataset/img/T2_1275.png|bees        eeeeeeeeeeeeeeeeeeee  eeeee           eeee
/data3fast/users/mbermudez/de_02/TFGDataset/img/T2_0129.png|#  
/data3fast/users/mbermudez/de_02/TFGDataset/img/T2_1296.png|nnn  essssssse                         eeeeeeeeee
/data3fast/users/mbermudez/de_02/TFGDataset/img/T2_0987.png|#  
/data3fast/users/mbermudez/de_02/TFGDataset/img/T2_0041.png|wiieeeeeeeeeeeeeeeeeeeeee       eeeee
/data3fast/users/mbermudez/de_02/TFGDataset/img/T2_1262.png|sshhhhhhheeeeeee        a eeeeeeeeeeeeeeeeeeee
/data3fast/users/mbermudez/de_02/TFGDataset/img/T2_1213.png|"   eeeeeeeehehhh                    ssss ttt
/data3fast/users/mbermudez/de_02/TFGDataset/img/T2_1009.png|"    eeeeeeeeeeeeeeeeeee  h     aaaaassss
/data3fast/users/mbermudez/de_02/TFGDataset/img/T2_0432.png|weeeeeeetttttttt
/data3fast/users/mbermudez/de_02/TFGDataset/img/T2_0814.png|lleeeeeeeeeeeeeeeeeeeeeeeeeeeeeeee     aaaaee
/data3fast/users/mbermudez/de_02/TFGDataset/img/T2_0791.png|schhhheeeeeeeeeeeee e                       aaa
/data3fast/users/mbermudez/de_02/TFGDataset/img/T2_1477.png|geeeeee            sssssss         ss            in
/data3fast/users/mbermudez/de_02/TFGDataset/img/T2_0713.png|# 
/data3fast/users/mbermudez/de_02/TFGDataset/img/T2_0308.png|deere  eeeee eeeeeeeeeeeee      eee         sssee
/data3fast/users/mbermudez/de_02/TFGDataset/img/T2_1143.png|eeeeeeee                      tttt t t  ttt
/data3fast/users/mbermudez/de_02/TFGDataset/img/T2_0797.png|weeeeehhh                  eeee   ee eeeeee
/data3fast/users/mbermudez/de_02/TFGDataset/img/T2_0836.png|deeee ee e  e                         a   lllllllll
/data3fast/users/mbermudez/de_02/TFGDataset/img/T2_0483.png|ss                   s     e       ssssseeeeeeee
/data3fast/users/mbermudez/de_02/TFGDataset/img/T2_0832.png|asss                                 ddddeee
/data3fast/users/mbermudez/de_02/TFGDataset/img/T2_1327.png|bee        ee  eeeeeee      eeee  ee    a aaea
/data3fast/users/mbermudez/de_02/TFGDataset/img/T2_1183.png|"        s   eeeeeeeeeeeeeeeeeeeeeeeeeeeeeee          
/data3fast/users/mbermudez/de_02/TFGDataset/img/T2_1179.png|dd     eeeeeee e                               it
/data3fast/users/mbermudez/de_02/TFGDataset/img/T2_0430.png|ahhhheeeeeeeee                              ee
/data3fast/users/mbermudez/de_02/TFGDataset/img/T2_1018.png|wiii                         eeeeeeeeeeeeeeeee
/data3fast/users/mbermudez/de_02/TFGDataset/img/T2_0399.png|aahhheeeeeeeeeeee e e                   nnne
/data3fast/users/mbermudez/de_02/TFGDataset/img/T2_0236.png|aaaeeeeeeeeeeeeeee e   eeeeeeeeeesss
/data3fast/users/mbermudez/de_02/TFGDataset/img/T2_1266.png|"   eeeeeeeeeeee     hh         eeeeeeeeee
/data3fast/users/mbermudez/de_02/TFGDataset/img/T2_0033.png|tiitttttttttt            ssss         eeeeeeeeeeee
/data3fast/users/mbermudez/de_02/TFGDataset/img/T2_0054.png|mee             a
/data3fast/users/mbermudez/de_02/TFGDataset/img/T2_0827.png|deeeeeeeeiiiii        eeeeeeeeeeeeeeeeeeeeeee
/data3fast/users/mbermudez/de_02/TFGDataset/img/T2_1258.png|ooth aaaaaaa     eeeeeeeeeeeeeeeeeeeeeeesssss
/data3fast/users/mbermudez/de_02/TFGDataset/img/T2_0964.png|mheeeeeeeeeeeeeeeeeeeeeeeeeeeeeeeeeeeeeeeeee
/data3fast/users/mbermudez/de_02/TFGDataset/img/T2_0068.png|tettthh            n     nn     nnnnnnnnnnnaaaa
/data3fast/users/mbermudez/de_02/TFGDataset/img/T2_0781.png|"   eeeeeeeeeeeeeeee                   nee
/data3fast/users/mbermudez/de_02/TFGDataset/img/T2_1190.png|sstttt                      eeeeeeeeeeeeeeeeee
/data3fast/users/mbermudez/de_02/TFGDataset/img/T2_0005.png|weeeee          eeeeeeeeeeeeeee             
/data3fast/users/mbermudez/de_02/TFGDataset/img/T2_0766.png|aaa  eeeeeeeee                  aaaaaahh
/data3fast/users/mbermudez/de_02/TFGDataset/img/T2_0073.png|aaan                eeeeeeeeeeeeeee
/data3fast/users/mbermudez/de_02/TFGDataset/img/T2_1107.png|#  
/data3fast/users/mbermudez/de_02/TFGDataset/img/T2_1282.png|ss                    t  tt        *  e***t****...
/data3fast/users/mbermudez/de_02/TFGDataset/img/T2_0515.png|uuu                                  eeeeeee
/data3fast/users/mbermudez/de_02/TFGDataset/img/T2_0554.png|geeeee         hhhhhh       ee   eeeeee    eeeeeeeeee
/data3fast/users/mbermudez/de_02/TFGDataset/img/T2_0197.png|eeee    h    h                            eeeeeeeeeee
/data3fast/users/mbermudez/de_02/TFGDataset/img/T2_1345.png|geee                               tt
/data3fast/users/mbermudez/de_02/TFGDataset/img/T2_0846.png|anneeeeeeeeeeeeeeeeeeeeeeeeeeeeeeeeeeeeeeeeeeeeeee
/data3fast/users/mbermudez/de_02/TFGDataset/img/T2_0000.png|ffeeeeeeeeee e                  eeeeeeeeeeeee
/data3fast/users/mbermudez/de_02/TFGDataset/img/T2_1210.png|geeeeee                     eeeeeeeeeeeeeee
/data3fast/users/mbermudez/de_02/TFGDataset/img/T2_0929.png|ot                               nnnnnnn
/data3fast/users/mbermudez/de_02/TFGDataset/img/T2_1299.png|mii      eeee                a       eeeeeeeeee
/data3fast/users/mbermudez/de_02/TFGDataset/img/T2_1181.png|"     eeeeeee               eeeeeee     nnnhhhhhh
/data3fast/users/mbermudez/de_02/TFGDataset/img/T2_0541.png|geeeee               ee          ssssssssssssss
/data3fast/users/mbermudez/de_02/TFGDataset/img/T2_0067.png|sss                                 iiiiccchhc
/data3fast/users/mbermudez/de_02/TFGDataset/img/T2_0835.png|dee                          tttt  t           saa
/data3fast/users/mbermudez/de_02/TFGDataset/img/T2_0218.png|aaneeeee                a      a aa     
/data3fast/users/mbermudez/de_02/TFGDataset/img/T2_1441.png|beeee                             eeeeeeee
/data3fast/users/mbermudez/de_02/TFGDataset/img/T2_0471.png|aaeee                                        ttttttt
/data3fast/users/mbermudez/de_02/TFGDataset/img/T2_0731.png|ooo       eeeeeeeeeeeeeeeeeeeeeeeeeeeeeeeeeeee
/data3fast/users/mbermudez/de_02/TFGDataset/img/T2_0304.png|uu              e eeeeeeeee    e           ann
/data3fast/users/mbermudez/de_02/TFGDataset/img/T2_0470.png|weeee tttttt
/data3fast/users/mbermudez/de_02/TFGDataset/img/T2_0001.png|geeee  d    eeeeeeeeeeeeeeeee          ssseeeeeeeeh
/data3fast/users/mbermudez/de_02/TFGDataset/img/T2_1376.png|mnn      eeeeeeee    eeee       nnnn
/data3fast/users/mbermudez/de_02/TFGDataset/img/T2_0201.png|osssssssssseeeeeeeess                                 eee
/data3fast/users/mbermudez/de_02/TFGDataset/img/T2_0622.png|geeeeee    nn    nn   n    nn    n   n    hhhhh
/data3fast/users/mbermudez/de_02/TFGDataset/img/T2_0974.png|# 
/data3fast/users/mbermudez/de_02/TFGDataset/img/T2_0280.png|iii     aaa       aa         eeeeeeeeee
/data3fast/users/mbermudez/de_02/TFGDataset/img/T2_0286.png|# 
/data3fast/users/mbermudez/de_02/TFGDataset/img/T2_1253.png|bss             eeee          
/data3fast/users/mbermudez/de_02/TFGDataset/img/T2_1186.png|niiii                                     eeeee
/data3fast/users/mbermudez/de_02/TFGDataset/img/T2_0229.png|iii      hhhheeeeeeeeeeeeeeeeeeeeeeeeeeeeeeeee   eeee
/data3fast/users/mbermudez/de_02/TFGDataset/img/T2_1064.png|aaa                                      aaaa
/data3fast/users/mbermudez/de_02/TFGDataset/img/T2_0344.png|geee                                         eee
/data3fast/users/mbermudez/de_02/TFGDataset/img/T2_1337.png|"                e        eeeeeeeeeeeeeeeee
/data3fast/users/mbermudez/de_02/TFGDataset/img/T2_0311.png|gann          i                               
/data3fast/users/mbermudez/de_02/TFGDataset/img/T2_0635.png|dd   hhhhh           e             ttttttt
/data3fast/users/mbermudez/de_02/TFGDataset/img/T2_1241.png|nneeeeeeee e  ee        eeeeeeeeeeeeeeeeeeeeeeeeeee
/data3fast/users/mbermudez/de_02/TFGDataset/img/T2_0179.png|ttt                    eee eeeeeeeeeeeeee
/data3fast/users/mbermudez/de_02/TFGDataset/img/T2_0173.png|beee     nn        iiiiiii   iiiiiieee
/data3fast/users/mbermudez/de_02/TFGDataset/img/T2_1106.png|llltt                               ttttttttt
/data3fast/users/mbermudez/de_02/TFGDataset/img/T2_0294.png|"    aaaa     a            eeeeeeeee e   eee
/data3fast/users/mbermudez/de_02/TFGDataset/img/T2_0507.png|iiii          e  eeeeeeeee eeeeeeeee     e           aa
/data3fast/users/mbermudez/de_02/TFGDataset/img/T2_1388.png|bhhhhhhh                                     dd
/data3fast/users/mbermudez/de_02/TFGDataset/img/T2_0400.png|bn         eeeee       e      eeeeeeeeeeeeeeeee
/data3fast/users/mbermudez/de_02/TFGDataset/img/T2_1394.png|neeee                            eeeeeeeeeeeeeee
/data3fast/users/mbermudez/de_02/TFGDataset/img/T2_0077.png|iieeeee     eeeee                        aaaa
/data3fast/users/mbermudez/de_02/TFGDataset/img/T2_1182.png|iiichh                                 eeeeeeeeeeeeeee
/data3fast/users/mbermudez/de_02/TFGDataset/img/T2_1469.png|hheeee e                                    tttt
/data3fast/users/mbermudez/de_02/TFGDataset/img/T2_1040.png|wiii                                  eeeeeeeee
/data3fast/users/mbermudez/de_02/TFGDataset/img/T2_1484.png|dass  eeeeeeeeeeeeeeee eeeeeeeeeeeeeeee        iii
/data3fast/users/mbermudez/de_02/TFGDataset/img/T2_1284.png|dee  ssssss              a               aaaa 
/data3fast/users/mbermudez/de_02/TFGDataset/img/T2_1482.png|ooo             e eee    aaaaaaaaaa
/data3fast/users/mbermudez/de_02/TFGDataset/img/T2_0678.png|geeeeee          eeee eeeeee  eeeeeeeeeeeeeeeeeeeeeeeee
/data3fast/users/mbermudez/de_02/TFGDataset/img/T2_0199.png|wwieeeeeeeeeeeeeeeeeeeeeeeee      eeeeehhhh
/data3fast/users/mbermudez/de_02/TFGDataset/img/T2_1489.png|acchhh            a     a             ttt
/data3fast/users/mbermudez/de_02/TFGDataset/img/T2_0703.png|geeeee                            nn
/data3fast/users/mbermudez/de_02/TFGDataset/img/T2_1301.png|der                              e eeee           e  eeeeeeeeee
/data3fast/users/mbermudez/de_02/TFGDataset/img/T2_0035.png|deee   eeete    i ii i    eeeeeeeeeee     eeeee
/data3fast/users/mbermudez/de_02/TFGDataset/img/T2_0196.png|tttt                                   aaaaaaa
/data3fast/users/mbermudez/de_02/TFGDataset/img/T2_0706.png|derr                      e  e eeeeeeeeeeeeeeeeeee
/data3fast/users/mbermudez/de_02/TFGDataset/img/T2_1194.png|eeeee                                                 eee
/data3fast/users/mbermudez/de_02/TFGDataset/img/T2_0914.png|aass eeeeeeeeeeeeeeeeeeeeeeeeeeeeeeeeeeeee    eeeeee
/data3fast/users/mbermudez/de_02/TFGDataset/img/T2_1492.png|cchhhhh           eeeeeeeee                  a eee
/data3fast/users/mbermudez/de_02/TFGDataset/img/T2_0208.png|dd   eeeeeeeeeee                            
/data3fast/users/mbermudez/de_02/TFGDataset/img/T2_1232.png|ggeeeeeeeeeee        e    e ee              aaa
/data3fast/users/mbermudez/de_02/TFGDataset/img/T2_0168.png|uu                                              hhh
/data3fast/users/mbermudez/de_02/TFGDataset/img/T2_1242.png|mihhhhhssss                                         eehhhh
/data3fast/users/mbermudez/de_02/TFGDataset/img/T2_0955.png|wwltttttt                 eee  eeeeee   ee eee  eeeee
/data3fast/users/mbermudez/de_02/TFGDataset/img/T2_0849.png|in      aa  a                        e  eeeeeeeeeeee
/data3fast/users/mbermudez/de_02/TFGDataset/img/T2_1309.png|eee                                     eeeeeeeee
/data3fast/users/mbermudez/de_02/TFGDataset/img/T2_0378.png|t           e                      eeeeeeeeeeeeeeeeee
/data3fast/users/mbermudez/de_02/TFGDataset/img/T2_0972.png|aaa      t
/data3fast/users/mbermudez/de_02/TFGDataset/img/T2_1385.png|ii                e            e e     eee   eeehhhh
/data3fast/users/mbermudez/de_02/TFGDataset/img/T2_0448.png|geeee           e eeeeeeeeeeee     eeeeee
/data3fast/users/mbermudez/de_02/TFGDataset/img/T2_0365.png|ss                  eeeeeeee
/data3fast/users/mbermudez/de_02/TFGDataset/img/T2_1168.png|nnn                    e eeee                 eeeeeeeeee
