/data3fast/users/mbermudez/de_02/TFGDataset/img/T2_1242.png|rrrehhhssssssssss  s  s          ss    ee          eeehhh
/data3fast/users/mbermudez/de_02/TFGDataset/img/T2_1267.png|aaa          ttttttttttttt    *            ee
/data3fast/users/mbermudez/de_02/TFGDataset/img/T2_0321.png|iiinss     ee
/data3fast/users/mbermudez/de_02/TFGDataset/img/T2_0703.png|geeehhh        tttrrrrr          aaaa
/data3fast/users/mbermudez/de_02/TFGDataset/img/T2_0643.png|drrrrhhhhhhhhhtttt   eeeeeee       nn           
/data3fast/users/mbermudez/de_02/TFGDataset/img/T2_1048.png|ieeeeeeeeeeee***************eeeeee                   ss
/data3fast/users/mbermudez/de_02/TFGDataset/img/T2_0780.png|oo eeeeeeeeeeee  ...
/data3fast/users/mbermudez/de_02/TFGDataset/img/T2_0873.png|iinn   s  ssseeeeeeeeeeeeeee  nnnnnn        aschhhh
/data3fast/users/mbermudez/de_02/TFGDataset/img/T2_0082.png|eei  ssssschhhi          chc            e eeeeiiett
/data3fast/users/mbermudez/de_02/TFGDataset/img/T2_0266.png|weeee   sssee eeeeeeeeeeeeeee    d d  ddd   eeeeeh
/data3fast/users/mbermudez/de_02/TFGDataset/img/T2_1459.png|deeeeeeeeeeeeeehhhhhhh       eeeeeeeee           
/data3fast/users/mbermudez/de_02/TFGDataset/img/T2_0333.png|ooreee eeee eeeeeeeeeeeeeeeeeeeessssllllll         
/data3fast/users/mbermudez/de_02/TFGDataset/img/T2_0784.png|di    aa      eeeeeeeeeeeeeeeee   sseeeeeeeeeeel
/data3fast/users/mbermudez/de_02/TFGDataset/img/T2_1266.png|"   eeeeeesseeehhhhh   aa  n   eeennnnnee
/data3fast/users/mbermudez/de_02/TFGDataset/img/T2_0945.png|iin     eeeeeeeeeeeeeeeeeeeeeee      
/data3fast/users/mbermudez/de_02/TFGDataset/img/T2_0236.png|aaaeeeeeeeeeeeerrrrr  d     ssssssss
/data3fast/users/mbermudez/de_02/TFGDataset/img/T2_1376.png|mnnn       nnnn    heeeeeeeeee        nn
/data3fast/users/mbermudez/de_02/TFGDataset/img/T2_0435.png|neee      e  e   ee      eeeeeeeeeeeee    nnnnnnnnnn
/data3fast/users/mbermudez/de_02/TFGDataset/img/T2_0707.png|seeeeeeee    aaa                 ee                 ddd
/data3fast/users/mbermudez/de_02/TFGDataset/img/T2_0819.png|ffrrttteeeeeeeeeeeeeeeeeeeeennn       eeeee
/data3fast/users/mbermudez/de_02/TFGDataset/img/T2_0269.png|wll     nnnnnn eeeeeeeeeeeeeeeeeeeeeellllllll
/data3fast/users/mbermudez/de_02/TFGDataset/img/T2_0763.png|sstthteeeeeeeee         d ddeeeeeeeee     cchhhhhh
/data3fast/users/mbermudez/de_02/TFGDataset/img/T2_1100.png|hhhhh  eeeeeeeeeeeeeeeeeeeeeeee            eeeee
/data3fast/users/mbermudez/de_02/TFGDataset/img/T2_0334.png|iieeeeeerrrrrrrrrrr          hhhhhee    sssss
/data3fast/users/mbermudez/de_02/TFGDataset/img/T2_0869.png|ssss      sssssseeeeeeeeeeenneeeeeeeeee
/data3fast/users/mbermudez/de_02/TFGDataset/img/T2_1336.png|eeeei t  t         
/data3fast/users/mbermudez/de_02/TFGDataset/img/T2_0601.png|beee  aaaaaa eeeeeeeeeeeeeeeltlltctttttttt
/data3fast/users/mbermudez/de_02/TFGDataset/img/T2_0348.png|wrr         tttt    tttt            eeeee    ttttt
/data3fast/users/mbermudez/de_02/TFGDataset/img/T2_0824.png|un        eee e   eee neeeeeeeeee     hhhhhh   eeeeee
/data3fast/users/mbermudez/de_02/TFGDataset/img/T2_1128.png|ih       eeeeeeeeeeeeeeeeeeeeett      eeeeeeee
/data3fast/users/mbermudez/de_02/TFGDataset/img/T2_1020.png|# 
/data3fast/users/mbermudez/de_02/TFGDataset/img/T2_1078.png|ettt   
/data3fast/users/mbermudez/de_02/TFGDataset/img/T2_0451.png|gleeeeeeeeeeeie    ii        aassa       eeee
/data3fast/users/mbermudez/de_02/TFGDataset/img/T2_0661.png|iii eeeeettt      ssseeee      e
/data3fast/users/mbermudez/de_02/TFGDataset/img/T2_0714.png|nnhhhhhhhh           neeeehhhhs    eeeeeeeee
/data3fast/users/mbermudez/de_02/TFGDataset/img/T2_0764.png|nnneeeeeeeeeeee            nn  ee           nn
/data3fast/users/mbermudez/de_02/TFGDataset/img/T2_0573.png|annneeeeeeeeeeeeeeeeeeeeeeeesee e ee e eeeeeeeeeeeeee
/data3fast/users/mbermudez/de_02/TFGDataset/img/T2_0270.png|"  sssss
/data3fast/users/mbermudez/de_02/TFGDataset/img/T2_0535.png|meerreeetttttttttt             ehheeee  dddd
/data3fast/users/mbermudez/de_02/TFGDataset/img/T2_1468.png|nnn     hhhhhhhtt                              hhhhh
/data3fast/users/mbermudez/de_02/TFGDataset/img/T2_0553.png|derreeeeeeeeeeeeeeeeeeeeee   aa aa     eeeeeeeeee
/data3fast/users/mbermudez/de_02/TFGDataset/img/T2_0563.png|aaeeeeee         ttttt       aaaeeeeeeeeeeeee
/data3fast/users/mbermudez/de_02/TFGDataset/img/T2_0534.png|geee sssssssssssssss  sssssssshhhtt        eeeee
/data3fast/users/mbermudez/de_02/TFGDataset/img/T2_0552.png|*eeeeeeeeee          neeeeeeeeeeee ssssssN
/data3fast/users/mbermudez/de_02/TFGDataset/img/T2_1262.png|sshhhhhheee                  eeeeeee    eeeeee
/data3fast/users/mbermudez/de_02/TFGDataset/img/T2_1046.png|derttttttttt   
/data3fast/users/mbermudez/de_02/TFGDataset/img/T2_0853.png|"    sssssssssssss ssss  h  ee  nnn n nnnannn
/data3fast/users/mbermudez/de_02/TFGDataset/img/T2_0343.png|so  eeeeeeeeee e    eeeeeeeeeeeeeeeeeeee     eee
/data3fast/users/mbermudez/de_02/TFGDataset/img/T2_0198.png|dii       tttttt      eeeeeeeeeeeeeeeeeehhh     eeee
/data3fast/users/mbermudez/de_02/TFGDataset/img/T2_0657.png|anneeeeeeeeeeteteeettte  eeeeeeeeeeeeeeeeeessss   hee
/data3fast/users/mbermudez/de_02/TFGDataset/img/T2_0562.png|mneeeeeeee**..
/data3fast/users/mbermudez/de_02/TFGDataset/img/T2_0896.png|uu  eeessssssssa     ee e  eee  e         
/data3fast/users/mbermudez/de_02/TFGDataset/img/T2_0687.png|aalllllhhhhh   eeeeeeeeeeeeeeeeeeeeeeeeeeeeeeee
/data3fast/users/mbermudez/de_02/TFGDataset/img/T2_0975.png|hhnddddd               h       ssss s tttttt
/data3fast/users/mbermudez/de_02/TFGDataset/img/T2_0797.png|wiiiii   hhii  nn n eeeeeeeee        nnnnnn
/data3fast/users/mbermudez/de_02/TFGDataset/img/T2_1208.png|dds     eeee   nn eeeeeeee ttttt    iiii
/data3fast/users/mbermudez/de_02/TFGDataset/img/T2_0199.png|wllleeeeeeeeeeeeeeeeeee          eehhhhhhhh
/data3fast/users/mbermudez/de_02/TFGDataset/img/T2_0041.png|wiieeeeeeeeeeeeeeeeeeeeee       edee
/data3fast/users/mbermudez/de_02/TFGDataset/img/T2_0603.png|niiieeeeheeeee  deeeeeeeeeeeeeeeeeee             chtttt
/data3fast/users/mbermudez/de_02/TFGDataset/img/T2_0170.png|weesssss dddddddd eeeeeeeee ssss    eee
/data3fast/users/mbermudez/de_02/TFGDataset/img/T2_0678.png|geeeeeeeeeeeeeeeeee     nneeeeeeeeeeeeeeeeeeeeeeeeeehhh
/data3fast/users/mbermudez/de_02/TFGDataset/img/T2_1465.png|aau    ee        aaa   eeeeeeeesssssssss          
/data3fast/users/mbermudez/de_02/TFGDataset/img/T2_0377.png|dd  ss ttttt                eee     sshhhtttt
/data3fast/users/mbermudez/de_02/TFGDataset/img/T2_1490.png|frrr                    eeeeeeeeeii  ssssss
/data3fast/users/mbermudez/de_02/TFGDataset/img/T2_0690.png|wiieeeeeeeeeeeeeeeeeeeeee nnnnnnnnnnnnnnaa
/data3fast/users/mbermudez/de_02/TFGDataset/img/T2_0304.png|uuu        aa  leeeeeeeeeeeeeeeee          nn
/data3fast/users/mbermudez/de_02/TFGDataset/img/T2_0790.png|sshheeeeeeeeeeeeeeeee                    iiitttt
/data3fast/users/mbermudez/de_02/TFGDataset/img/T2_1372.png|eeeeeeeeeeeeeeeeeeeeeeehhhhhhe             eeeeee
/data3fast/users/mbermudez/de_02/TFGDataset/img/T2_0688.png|weeeeeeeeeee ee hhh                eeeeeeeeeeeeeeee*eeee
/data3fast/users/mbermudez/de_02/TFGDataset/img/T2_0350.png|geeehhhhhh       ssssssheesssssssssssseee          nnnn
/data3fast/users/mbermudez/de_02/TFGDataset/img/T2_1314.png|uuusssseeeeeeeellllll  l  l llllllllll            
/data3fast/users/mbermudez/de_02/TFGDataset/img/T2_1018.png|wiii     aa            sssssseeeeeeeeeeeeeee
/data3fast/users/mbermudez/de_02/TFGDataset/img/T2_0872.png|mitttt      ss    eeeeeeeeeennn eee    ssssss
/data3fast/users/mbermudez/de_02/TFGDataset/img/T2_0759.png|der       eeeeeeeeeeeeeee     nnnnnnneeeennnne
/data3fast/users/mbermudez/de_02/TFGDataset/img/T2_0428.png|"             sssssheeeeeeeee e           dee
/data3fast/users/mbermudez/de_02/TFGDataset/img/T2_0503.png|unneeeeesssssssseeeeee  nnnnn   iiii hhhhh
/data3fast/users/mbermudez/de_02/TFGDataset/img/T2_1197.png|weeee           ss                    ttr*****
/data3fast/users/mbermudez/de_02/TFGDataset/img/T2_0335.png|dssss   tt      rrrree  e     a nn aeeeeeee
/data3fast/users/mbermudez/de_02/TFGDataset/img/T2_1401.png|nn   sssshhhhhhh      rerrrrrrrr       rrr
/data3fast/users/mbermudez/de_02/TFGDataset/img/T2_0357.png|deesseeeeeeeeeeeeeeeeeetttttt     eeeeee
/data3fast/users/mbermudez/de_02/TFGDataset/img/T2_1413.png|dee         eeeee  i     eeeeeeeeeeeeeesseeeeeeeeeeee
/data3fast/users/mbermudez/de_02/TFGDataset/img/T2_0389.png|geeeeeeeeeeeeee  tt          eeeeesssssssss
/data3fast/users/mbermudez/de_02/TFGDataset/img/T2_0218.png|aaneeeeeee         a eeeeelllllll nnnnnnn
/data3fast/users/mbermudez/de_02/TFGDataset/img/T2_1026.png|ggunn    ua      eeeeeeeeeeee       nnnnnnn
/data3fast/users/mbermudez/de_02/TFGDataset/img/T2_0454.png|hhhh  eeeeeeeeeeeeeeeeeeeeeee      d  d nnnnn
/data3fast/users/mbermudez/de_02/TFGDataset/img/T2_0783.png|eeetthii     eee    sssssss           eeeeee
/data3fast/users/mbermudez/de_02/TFGDataset/img/T2_0996.png|drr        sssseeee  *****************       sssssss
/data3fast/users/mbermudez/de_02/TFGDataset/img/T2_0300.png|anhh   ee            attt tt    eeee   nnnaaa
/data3fast/users/mbermudez/de_02/TFGDataset/img/T2_1068.png|geeeehhhhh         ee     eeeeeeeee       ee
/data3fast/users/mbermudez/de_02/TFGDataset/img/T2_0845.png|dee  eeeeeeeeeeeeeeeee    sssssss sssiee
/data3fast/users/mbermudez/de_02/TFGDataset/img/T2_0224.png|nnnn               ttttttttttt    t        hhhhhhhhh
/data3fast/users/mbermudez/de_02/TFGDataset/img/T2_0330.png|dieeeeeeeeeeeeeeeee        eeeee       eeeeeee  eehhheeeeeh
/data3fast/users/mbermudez/de_02/TFGDataset/img/T2_1019.png|geeeeeeeerrrrriitttttt    eeeeeeeee
/data3fast/users/mbermudez/de_02/TFGDataset/img/T2_0893.png|ttttssshhh                 hh    ssssseeee  eeee
/data3fast/users/mbermudez/de_02/TFGDataset/img/T2_1357.png|iiiieeeeeeeeeeeeeeeee         d          ddd  dd dee
/data3fast/users/mbermudez/de_02/TFGDataset/img/T2_0379.png|dii  eeeeeeee                    ht
/data3fast/users/mbermudez/de_02/TFGDataset/img/T2_1443.png|aahhheeeeeee        eeeeeeeeee    eeeee      ssss  eee
/data3fast/users/mbermudez/de_02/TFGDataset/img/T2_0604.png|schheeeeeee        ttt
/data3fast/users/mbermudez/de_02/TFGDataset/img/T2_0740.png|deeeee eee eeee    es eeeeeesss      cssssss  ssseseeee       dde
/data3fast/users/mbermudez/de_02/TFGDataset/img/T2_0154.png|eeee  thttttttttttttttt   eeeeeeeeeeeeeeeee
/data3fast/users/mbermudez/de_02/TFGDataset/img/T2_0149.png|geeeeeeeeerrttttttttt        e*eee*
/data3fast/users/mbermudez/de_02/TFGDataset/img/T2_0998.png|"     ss       eeeeeeeellllll           ee
/data3fast/users/mbermudez/de_02/TFGDataset/img/T2_0804.png|inn     aa      aaaaa n   eeeeeeeeee  aa
/data3fast/users/mbermudez/de_02/TFGDataset/img/T2_1122.png|derrrtttttiiieeeeeneeessssssssseeeeee  dddnd
/data3fast/users/mbermudez/de_02/TFGDataset/img/T2_1322.png|tteeeeeeeeeeeeer     eeeess              d e
/data3fast/users/mbermudez/de_02/TFGDataset/img/T2_0099.png|mh  eeeeeeeeeeeeeellaaaa      eeelllleee e       ****
/data3fast/users/mbermudez/de_02/TFGDataset/img/T2_0204.png|# 
/data3fast/users/mbermudez/de_02/TFGDataset/img/T2_1185.png|hhh        eeeeeeeeeeeeeeee   nnn eeeiii
/data3fast/users/mbermudez/de_02/TFGDataset/img/T2_0406.png|ssi   eeetttttttt       sssseehhhhhe  eee
/data3fast/users/mbermudez/de_02/TFGDataset/img/T2_1117.png|nnnn eeeeeeeehhe       e ei               eeeeeee
/data3fast/users/mbermudez/de_02/TFGDataset/img/T2_0744.png|dee                      a                    hhhhh
/data3fast/users/mbermudez/de_02/TFGDataset/img/T2_0835.png|dee   aaa          e  eee                        eee
/data3fast/users/mbermudez/de_02/TFGDataset/img/T2_0081.png|hhhhleeee         aaa    eeeeeeeeeeeeeeeeee
/data3fast/users/mbermudez/de_02/TFGDataset/img/T2_0760.png|unn       hhahaaaaaaaalllleeeeeeeee
/data3fast/users/mbermudez/de_02/TFGDataset/img/T2_0134.png|liihh                 eeeeeeee          eee
/data3fast/users/mbermudez/de_02/TFGDataset/img/T2_1129.png|eer aaa         s   eeeeeeii       nneeeeeeeeeeee
/data3fast/users/mbermudez/de_02/TFGDataset/img/T2_0183.png|ooo eeeeeeeeee ee      eeeeeeeeeeeeee   hhhhhee
/data3fast/users/mbermudez/de_02/TFGDataset/img/T2_1089.png|inn  eeeeeeeeeeeeeeeeeeeeeeeeeeeeeeeeeeeess   eeee
/data3fast/users/mbermudez/de_02/TFGDataset/img/T2_1013.png|dee      aaa           n  hhhhh             iiii
/data3fast/users/mbermudez/de_02/TFGDataset/img/T2_1149.png|uun   eeeeeeeeeee    aa ssss        eeeeeeee
/data3fast/users/mbermudez/de_02/TFGDataset/img/T2_0796.png|eeeeeehccchhcchhhhhtt              eeeeeeeeeeeeee
/data3fast/users/mbermudez/de_02/TFGDataset/img/T2_0770.png|ihhh             eeeeeeeeeeeeeeeeee   nnn
/data3fast/users/mbermudez/de_02/TFGDataset/img/T2_0706.png|der   nnnnnn eeeeeeee          eee  eeeeeeeeeeeee
/data3fast/users/mbermudez/de_02/TFGDataset/img/T2_0323.png|dd       naaaaaaa      eeeeeeeeeeee sssssssss
/data3fast/users/mbermudez/de_02/TFGDataset/img/T2_0108.png|dssss eeeeeeeeeeeeieieeeeeeeeeeeeeeeennnnne
/data3fast/users/mbermudez/de_02/TFGDataset/img/T2_0355.png|derr     eeeeeeeee*********  nnn nnnnnnn     eeeett
/data3fast/users/mbermudez/de_02/TFGDataset/img/T2_1119.png|teeeeeeeeeeeeeeeeeee                 ssssssttstts   ss
/data3fast/users/mbermudez/de_02/TFGDataset/img/T2_0286.png|# 
/data3fast/users/mbermudez/de_02/TFGDataset/img/T2_0943.png|tee      ddd   eeeeeehheeeeeleeeeeee
/data3fast/users/mbermudez/de_02/TFGDataset/img/T2_1145.png|ffeeeeeeeeeeen    dd   eeeeee            eeeese
/data3fast/users/mbermudez/de_02/TFGDataset/img/T2_1004.png|hhheeeeeeeeeeee          e eeddddeeeededeeennnnnee
/data3fast/users/mbermudez/de_02/TFGDataset/img/T2_0791.png|sschhhttee                                   tt
/data3fast/users/mbermudez/de_02/TFGDataset/img/T2_0056.png|dee           nn   rrrrr   ttt       nnn
/data3fast/users/mbermudez/de_02/TFGDataset/img/T2_0111.png|ffreeeesseeelhhhhhheeeeeeeeeeeel     aaaaaaaaa
/data3fast/users/mbermudez/de_02/TFGDataset/img/T2_0418.png|geeeeeeeeeeeeeeee                 ee chhhh    ann
/data3fast/users/mbermudez/de_02/TFGDataset/img/T2_0765.png|innn    eeeeeeeeeeeiitttt         eeeeeee
/data3fast/users/mbermudez/de_02/TFGDataset/img/T2_1165.png|deeeeeeeeeeeeeeessss               eee     tt eeeeee
/data3fast/users/mbermudez/de_02/TFGDataset/img/T2_1385.png|itt         eee eeee                      hhhh  eeeehhh
/data3fast/users/mbermudez/de_02/TFGDataset/img/T2_0034.png|#  
/data3fast/users/mbermudez/de_02/TFGDataset/img/T2_0381.png|deeeeeeeeeeeeeee   e eeeeeeeeeeeeeei   sssssshctttt
/data3fast/users/mbermudez/de_02/TFGDataset/img/T2_0299.png|unn      eeeeeeeeeeeeeeeeeeeee            nnnn
/data3fast/users/mbermudez/de_02/TFGDataset/img/T2_0923.png|"              eeeeeeeeee         eeeee
/data3fast/users/mbermudez/de_02/TFGDataset/img/T2_0197.png|eerrr          eeeessschh                      eeeeeeeeee
/data3fast/users/mbermudez/de_02/TFGDataset/img/T2_0305.png|diesshhh                         hh eeeeeeeeeeeeeeeeeeeee
/data3fast/users/mbermudez/de_02/TFGDataset/img/T2_1167.png|unn   eeesssschhhhhhheeeeee         ddeeeeeeee
/data3fast/users/mbermudez/de_02/TFGDataset/img/T2_1059.png|beeeeeeeeeeeeeeeeeeeeeeeeeee          
/data3fast/users/mbermudez/de_02/TFGDataset/img/T2_0016.png|geeeeeeeettt   
/data3fast/users/mbermudez/de_02/TFGDataset/img/T2_1161.png|annneeeeeeeeehhhhh        eeeeeeeeeeeeee      
/data3fast/users/mbermudez/de_02/TFGDataset/img/T2_0558.png|sii           dd  e      sssssss    aaaah
/data3fast/users/mbermudez/de_02/TFGDataset/img/T2_1297.png|aaeeeeeeeelllll aaaaaaaaaaa  s a       eeeeeeee
/data3fast/users/mbermudez/de_02/TFGDataset/img/T2_0569.png|ss   seeeeeeeeeeeeieee     eeeeeeeeeeeeeeeeeeeeeeeeeeeee
/data3fast/users/mbermudez/de_02/TFGDataset/img/T2_0932.png|bee          r      rrrreeee eeeeeee   aaahhh
/data3fast/users/mbermudez/de_02/TFGDataset/img/T2_0278.png|oorr      eeheeeeeeeeee     eeeeeeeeeeeeeeeeettttttttt
/data3fast/users/mbermudez/de_02/TFGDataset/img/T2_0313.png|nnnn d                   hhhh        eeeeeeeeeiccch
/data3fast/users/mbermudez/de_02/TFGDataset/img/T2_0568.png|heeeee      sss          iieeeeeeeee   tttt
/data3fast/users/mbermudez/de_02/TFGDataset/img/T2_0164.png|weeeee   tttttt
/data3fast/users/mbermudez/de_02/TFGDataset/img/T2_0924.png|unn eeeeeeeeeeeeeeeeiiiiiiei  i  h  aaaa   ee
/data3fast/users/mbermudez/de_02/TFGDataset/img/T2_0431.png|bbeeee                            eeeeeeeee
/data3fast/users/mbermudez/de_02/TFGDataset/img/T2_0427.png|waa   nnnnnnnn    heeeeeeeeeeeeeeeeeeeeeeeeeeee
/data3fast/users/mbermudez/de_02/TFGDataset/img/T2_1349.png|eeeiii         rrrrreeee  i  i         rrrreereer
/data3fast/users/mbermudez/de_02/TFGDataset/img/T2_0974.png|# 
/data3fast/users/mbermudez/de_02/TFGDataset/img/T2_0177.png|deeesshlleeeee           s       d     a a ahhhhh
/data3fast/users/mbermudez/de_02/TFGDataset/img/T2_0169.png|derrrtthhh        eeeeeeeeeeeeehhh  nnnnnn
/data3fast/users/mbermudez/de_02/TFGDataset/img/T2_0786.png|oo     hchhhleeeeeeeeeeeeeeee dd  d    e hhhh
/data3fast/users/mbermudez/de_02/TFGDataset/img/T2_0137.png|heeeeheehhshh                    lllllleeeel
/data3fast/users/mbermudez/de_02/TFGDataset/img/T2_0251.png|dee   eeeeeeeeeeeeee     eeeeeellllllllleee     d
/data3fast/users/mbermudez/de_02/TFGDataset/img/T2_0514.png|aas           e  eee eeeeeeee  e  eeeeeeeeeeeeeeenn    nnsne
/data3fast/users/mbermudez/de_02/TFGDataset/img/T2_0548.png|aallleeeeeeeeeeeeeeeeeeee      n  hhhh sssssssss
/data3fast/users/mbermudez/de_02/TFGDataset/img/T2_1454.png|iiie eeeeeennnnnnneeeennnnnneccchhh   eeeee
/data3fast/users/mbermudez/de_02/TFGDataset/img/T2_0946.png|unn  eeee  e       ssss                   rreee
/data3fast/users/mbermudez/de_02/TFGDataset/img/T2_0922.png|sseeeeeeeee    n nnnnna      hhhllllllllsssssss
/data3fast/users/mbermudez/de_02/TFGDataset/img/T2_0117.png|ggeeeeeeeeeeeeee  eet          a         eee
/data3fast/users/mbermudez/de_02/TFGDataset/img/T2_1354.png|wiieesssssss               hhhh uuuuu
/data3fast/users/mbermudez/de_02/TFGDataset/img/T2_0960.png|deereeeeeeeeeeeeeeeee ee     eeee            eeesssssss
/data3fast/users/mbermudez/de_02/TFGDataset/img/T2_1210.png|geeeeee               eeeeeeiiiieeeee    d
/data3fast/users/mbermudez/de_02/TFGDataset/img/T2_0672.png|fneeeeeeee     deeeeeeeeeeeeeeeeeeeeeee
/data3fast/users/mbermudez/de_02/TFGDataset/img/T2_0619.png|deeeeeeeeeeee e                  eeeeeeeeeeeee   rttttt
/data3fast/users/mbermudez/de_02/TFGDataset/img/T2_0055.png|mhr       eeeeeeee             sss       n
/data3fast/users/mbermudez/de_02/TFGDataset/img/T2_1239.png|onn  eeeeeeeeeet t       ......
/data3fast/users/mbermudez/de_02/TFGDataset/img/T2_1118.png|derrhhhaaaa                 nnnnnnn  aaa    eeee
/data3fast/users/mbermudez/de_02/TFGDataset/img/T2_0032.png|waeeet t           eeeeeeeeeeeeeeeeeeeeeeeeeeeeee
/data3fast/users/mbermudez/de_02/TFGDataset/img/T2_0004.png|nnhhhhh eeeellllleeeeeeee    eeiiiieeehhhhh
/data3fast/users/mbermudez/de_02/TFGDataset/img/T2_0139.png|sstttt                    eeeeeeeeeeeeeeeeeeeeeeeee
/data3fast/users/mbermudez/de_02/TFGDataset/img/T2_0983.png|"     eeeeeeeeen       ssssssss ss seeeeeeee
/data3fast/users/mbermudez/de_02/TFGDataset/img/T2_1451.png|di        ss    eeee eeessssshhhhhh       e
/data3fast/users/mbermudez/de_02/TFGDataset/img/T2_0380.png|gellssss            e esssssssss h    eeeeeeee
/data3fast/users/mbermudez/de_02/TFGDataset/img/T2_0623.png|ddr    hhhaaaa  eeeeeeeeiiiiin     eeeettt
/data3fast/users/mbermudez/de_02/TFGDataset/img/T2_0712.png|drr aaaaaa    eeeeeeeeeeeeeeeeeeeelllleNeN
/data3fast/users/mbermudez/de_02/TFGDataset/img/T2_0499.png|eee             e      eehhhhhhhh            rrr
/data3fast/users/mbermudez/de_02/TFGDataset/img/T2_0722.png|hhheeeeeeeee     ttttttttt    eeeeeeeeeeeeee
/data3fast/users/mbermudez/de_02/TFGDataset/img/T2_0966.png|ttte                 eeeeeeeeeeetttt            eeeee
/data3fast/users/mbermudez/de_02/TFGDataset/img/T2_0624.png|dieessssseeeeeeeeeeeeeeeeeeeeeeeee     ssssss
/data3fast/users/mbermudez/de_02/TFGDataset/img/T2_0543.png|aaaeeee       eeeeeellllleeeeeee       eee
/data3fast/users/mbermudez/de_02/TFGDataset/img/T2_0773.png|seee     i n eeeeeeeeeeeeeeeeeeeeeeeeee    eeeeee
/data3fast/users/mbermudez/de_02/TFGDataset/img/T2_1334.png|ss  eeeeeeeeeeennnnnnnn            eeeeeeeee
/data3fast/users/mbermudez/de_02/TFGDataset/img/T2_0328.png|drrtttttttttt 
/data3fast/users/mbermudez/de_02/TFGDataset/img/T2_0135.png|wiisss eeeeee  n nnnn d  d e  echhhhhhhiiiii eneen
/data3fast/users/mbermudez/de_02/TFGDataset/img/T2_1195.png|iihh   aaa   eeeeeeeeeeNN
/data3fast/users/mbermudez/de_02/TFGDataset/img/T2_0317.png|wiii       hhh   ee e     eee e       sssschhhhee
/data3fast/users/mbermudez/de_02/TFGDataset/img/T2_1326.png|sss      n nnnnnnnnnnn    eeeeeee et t        eeeee
/data3fast/users/mbermudez/de_02/TFGDataset/img/T2_1467.png|iii   aaaaaa        eeeeeeeee       nn eeeee
/data3fast/users/mbermudez/de_02/TFGDataset/img/T2_1179.png|dd    eeehhhhh               e                 ttt
/data3fast/users/mbermudez/de_02/TFGDataset/img/T2_1229.png|"     eee               ssss         eeehhhh
/data3fast/users/mbermudez/de_02/TFGDataset/img/T2_0937.png|beeeeeeee  ss           eeeeeeeeet      a
/data3fast/users/mbermudez/de_02/TFGDataset/img/T2_0920.png|hhrrrreeeeeeeeeeerrerrr rr  e     a   eeeeeee
/data3fast/users/mbermudez/de_02/TFGDataset/img/T2_1230.png|auu  eeeeeeeeeeeeeeeeleee         eieeeeeeeeee
/data3fast/users/mbermudez/de_02/TFGDataset/img/T2_0448.png|geee           eeeeeeeeeeehhllleeeeeee     ddd
/data3fast/users/mbermudez/de_02/TFGDataset/img/T2_1036.png|hhheeeeeeeeeeeeesss eeeesssse            eeeeeee
/data3fast/users/mbermudez/de_02/TFGDataset/img/T2_0129.png|#  
/data3fast/users/mbermudez/de_02/TFGDataset/img/T2_1198.png|dee    ddddeeeeeerrrrr tttttttt    eeee
/data3fast/users/mbermudez/de_02/TFGDataset/img/T2_0207.png|aaaa           eeeeeeeeeeeeee        e
/data3fast/users/mbermudez/de_02/TFGDataset/img/T2_0849.png|ii         s       eeeeeeeeee      eeeee eeeeeeeeeeee
/data3fast/users/mbermudez/de_02/TFGDataset/img/T2_0698.png|"     nnnnihhhhhhheeeeeeeeeeeeeeeeeeeeeeeeeee
/data3fast/users/mbermudez/de_02/TFGDataset/img/T2_1501.png|ssceeeee                 eeeeeeeeeeeeeeeeeeeeeeeeeeeeee
/data3fast/users/mbermudez/de_02/TFGDataset/img/T2_1154.png|eee sssssttttttt
/data3fast/users/mbermudez/de_02/TFGDataset/img/T2_1044.png|maa    eeeeeeeeeeeeeeeeeeeeeee e         sssaaaa
/data3fast/users/mbermudez/de_02/TFGDataset/img/T2_0186.png|iniieeeeeee    *                 uu        eeeeeeeee
/data3fast/users/mbermudez/de_02/TFGDataset/img/T2_1441.png|beeeeee           ss           aaaa llleeeeeeeee
/data3fast/users/mbermudez/de_02/TFGDataset/img/T2_0037.png|eet   i iiiiiiiihcie  nnn    eeeeeeeeeeeeeeelll
/data3fast/users/mbermudez/de_02/TFGDataset/img/T2_0340.png|lllle  nnnnn         nnndd eeeeeeeerrreeeeee
/data3fast/users/mbermudez/de_02/TFGDataset/img/T2_0589.png|miii  eeeeeeeeessseeeeeeeeeeeeeeeeeeehhh        tt
/data3fast/users/mbermudez/de_02/TFGDataset/img/T2_0616.png|derrrreeeeeeeeeeeeeesssss                eeee
/data3fast/users/mbermudez/de_02/TFGDataset/img/T2_0057.png|alllll     an   eeeeeeeeeeeeesssss         nnnn
/data3fast/users/mbermudez/de_02/TFGDataset/img/T2_0864.png|mhh         e  eeeeeeee           aaa  eeeee
/data3fast/users/mbermudez/de_02/TFGDataset/img/T2_0255.png|"        nn  n     e    lllll    eeeeeeeee
/data3fast/users/mbermudez/de_02/TFGDataset/img/T2_0282.png|wiieeee     eee e  sss eeee  eeeeeeeeeeee   aaa
/data3fast/users/mbermudez/de_02/TFGDataset/img/T2_0990.png|drrrrreeee   nnn aaaa sseeeeeeeeeeee
/data3fast/users/mbermudez/de_02/TFGDataset/img/T2_0125.png|aaaa              ttttth     hheeeeeee   dd
/data3fast/users/mbermudez/de_02/TFGDataset/img/T2_0267.png|deerrtitii          nn    ee  ee          nnre
/data3fast/users/mbermudez/de_02/TFGDataset/img/T2_1416.png|deeeeeeeeeeeee    nnnn nnnnaaaaaaaaa   erree
/data3fast/users/mbermudez/de_02/TFGDataset/img/T2_1439.png|teeeee     seseeellllhhhhhhhh       eeeeee
/data3fast/users/mbermudez/de_02/TFGDataset/img/T2_0035.png|deerrrre***    eeei     eeeeeeeiiiii     e eee
/data3fast/users/mbermudez/de_02/TFGDataset/img/T2_1263.png|gehhhhttt        eeeeeeee                 essse
/data3fast/users/mbermudez/de_02/TFGDataset/img/T2_0288.png|iiii          eeeeennneeeeeeeeeeeeeeeeeeeeee       
/data3fast/users/mbermudez/de_02/TFGDataset/img/T2_0610.png|de   aa   ssseeeeeeeeeeeeeeeeeeeeee   hht       ee
/data3fast/users/mbermudez/de_02/TFGDataset/img/T2_0176.png|mi        aaa         eeeeeeeee        hheelleeee
/data3fast/users/mbermudez/de_02/TFGDataset/img/T2_1469.png|hhrrrrreee                              **       
/data3fast/users/mbermudez/de_02/TFGDataset/img/T2_1237.png|mas sssssssssss  sssssss         a  llllllleee
/data3fast/users/mbermudez/de_02/TFGDataset/img/T2_0969.png|seeeeeeeeeeeeeeee                       eeeee eeeeeee
/data3fast/users/mbermudez/de_02/TFGDataset/img/T2_1016.png|iii      iiihei nnneeeeeeeeeeeeeete   ee sss   eeNNe
/data3fast/users/mbermudez/de_02/TFGDataset/img/T2_0344.png|gnnn            hh                eeeehh   aad
/data3fast/users/mbermudez/de_02/TFGDataset/img/T2_0196.png|ttt           eeeeessei  nnnnnnnnnaaaaaaalll
/data3fast/users/mbermudez/de_02/TFGDataset/img/T2_0399.png|aaahheeeeeeeelle e   eeee              nnnn
/data3fast/users/mbermudez/de_02/TFGDataset/img/T2_0789.png|das eeeeeeeeeeeeeeeeeeeeeeeeeeeee ee   eeeee
/data3fast/users/mbermudez/de_02/TFGDataset/img/T2_1305.png|rrrrhhhhhhhhhhhh                                eeeeeee
/data3fast/users/mbermudez/de_02/TFGDataset/img/T2_1476.png|eee           eeeee   e eeeeeeeeeeeeeeeeeee
/data3fast/users/mbermudez/de_02/TFGDataset/img/T2_0710.png|ber      eeeeeeeeeeeeeeeeeeeeeeeeeeee
/data3fast/users/mbermudez/de_02/TFGDataset/img/T2_1306.png|deeeeeeeeennieeeeeeeeeeeeeeeeeeeeeeeeett    eee
/data3fast/users/mbermudez/de_02/TFGDataset/img/T2_0168.png|uu          ee        aaa  a        eeees     hhhhhh
/data3fast/users/mbermudez/de_02/TFGDataset/img/T2_0167.png|"              eeeeeeeeeeeeeeeeee    nnnnnn
/data3fast/users/mbermudez/de_02/TFGDataset/img/T2_1115.png|ihheeeeeeeeeeeeeeeeeeee                 
/data3fast/users/mbermudez/de_02/TFGDataset/img/T2_0481.png|seeeeeeeeeeeeeeeeeeeeeee ssssssssst      aaann
/data3fast/users/mbermudez/de_02/TFGDataset/img/T2_1079.png|mhhheeeeeeeeeee eee tt                e
/data3fast/users/mbermudez/de_02/TFGDataset/img/T2_1223.png|hha          sssssssssseeees      aaa   a ddd
/data3fast/users/mbermudez/de_02/TFGDataset/img/T2_0867.png|iiieeeeeeeeeee  e eeeeeeeeeeeeeeeesseee     nnnnan
/data3fast/users/mbermudez/de_02/TFGDataset/img/T2_1192.png|oo   eeeeeeeeeeeeeeeeeeeeeesssssss               eeeeeeeee
/data3fast/users/mbermudez/de_02/TFGDataset/img/T2_0861.png|miit              aaa   hhhhh      eeeeiiiittt
/data3fast/users/mbermudez/de_02/TFGDataset/img/T2_0968.png|mmmssssssssssssss     s       eeeee     e              rhr
/data3fast/users/mbermudez/de_02/TFGDataset/img/T2_0565.png|ffeeeeeeee  ssss         hh            chhhh
/data3fast/users/mbermudez/de_02/TFGDataset/img/T2_0684.png|d             eeeeeeseeeeeeeeeeeessss           nnnnn
/data3fast/users/mbermudez/de_02/TFGDataset/img/T2_1238.png|dnn   eeeeeeeeeeeeeeeeeee e        cchh       eeeeeee
/data3fast/users/mbermudez/de_02/TFGDataset/img/T2_0276.png|"         nnnnnnneeeeeeelllciiii h  
/data3fast/users/mbermudez/de_02/TFGDataset/img/T2_1428.png|eert        eeeeeee sss     ettttte      sssss
/data3fast/users/mbermudez/de_02/TFGDataset/img/T2_0100.png|nee         aa      eeeeeeeeeeeeeeee            n
/data3fast/users/mbermudez/de_02/TFGDataset/img/T2_0488.png|hhheee eeeeeeeeeeeeee        eeeeehhhhh
/data3fast/users/mbermudez/de_02/TFGDataset/img/T2_0210.png|iitttt      nnn   eee  rrrrrrrrrrrrrrrrrrh
/data3fast/users/mbermudez/de_02/TFGDataset/img/T2_1190.png|ssstttttiiiiietetttt  t  iieiiieeeeeeeeeeeeeeee
/data3fast/users/mbermudez/de_02/TFGDataset/img/T2_0121.png|"           a  ssssschi   e***********eeeN
/data3fast/users/mbermudez/de_02/TFGDataset/img/T2_0407.png|zureeeeeeeeeeeeeee       ssssssss  eeeeeeeehhhhh
/data3fast/users/mbermudez/de_02/TFGDataset/img/T2_0777.png|deee     e    eeeee      nn    nnneeeeeeeeeeeee
/data3fast/users/mbermudez/de_02/TFGDataset/img/T2_0372.png|dereehheeeeeeeeeeesss       aaaaeeeeeeeeeee
/data3fast/users/mbermudez/de_02/TFGDataset/img/T2_0522.png|gllllllleeeeeeeeeeeeeeeeeeeeeeeeeeeeee      aaa
/data3fast/users/mbermudez/de_02/TFGDataset/img/T2_1023.png|deeeeeeeeeeeeeeeeeeeeeeeeeetttt     ddddd
/data3fast/users/mbermudez/de_02/TFGDataset/img/T2_1184.png|reeeedddddeeeeeeeeeeeeee eeeee      eeeeeeeee      nn
/data3fast/users/mbermudez/de_02/TFGDataset/img/T2_1412.png|daaa             eeeeeeissscccccchhhhh      hhhhhhh
/data3fast/users/mbermudez/de_02/TFGDataset/img/T2_0908.png|ss            eeeeeeeeee         a    tttt
/data3fast/users/mbermudez/de_02/TFGDataset/img/T2_1108.png|geeellltttttt     eeeeeeeeeeeeeeeeeee     sss
/data3fast/users/mbermudez/de_02/TFGDataset/img/T2_1394.png|nneeeeeeee  s t     s             eeeeeeeeeeeeeee
/data3fast/users/mbermudez/de_02/TFGDataset/img/T2_1425.png|stttt     dddndeeeeeeeeeeeeeeeeeeeeeeee
/data3fast/users/mbermudez/de_02/TFGDataset/img/T2_1291.png|dnn    eeeeeeeeeeeeiiiii         eeeeeeee
/data3fast/users/mbermudez/de_02/TFGDataset/img/T2_1348.png|dassssstttttttttt
/data3fast/users/mbermudez/de_02/TFGDataset/img/T2_1426.png|aaheeeeeeeeeeeeeeeeeeeeeeeeee    d   aa aalllll
/data3fast/users/mbermudez/de_02/TFGDataset/img/T2_0045.png|stt         eeeeeeeee        lhhheeeeh ii iinnnn
/data3fast/users/mbermudez/de_02/TFGDataset/img/T2_0200.png|ssss hhhhhhhhhhh                  ssssssssssscc     ns
/data3fast/users/mbermudez/de_02/TFGDataset/img/T2_0279.png|deeeee   nnnnnnn        tttttte e         hhhhh
/data3fast/users/mbermudez/de_02/TFGDataset/img/T2_1333.png|frrr eeeeeeeee          eeeeeeeeeeeeeee ee iicchhh
/data3fast/users/mbermudez/de_02/TFGDataset/img/T2_0787.png|eeeeee         iii      d             llllle
/data3fast/users/mbermudez/de_02/TFGDataset/img/T2_0384.png|iieeeeee      nnnn    e   eeeeeeeeeeeeee  eeee
/data3fast/users/mbermudez/de_02/TFGDataset/img/T2_1204.png|ggehhhhh         eeeeeeeeeeeeeeeeeeeeeneeeeeneeeenee
/data3fast/users/mbermudez/de_02/TFGDataset/img/T2_0066.png|frreee   ehhhhhhheeeeeet        eeeeeeeee
/data3fast/users/mbermudez/de_02/TFGDataset/img/T2_0696.png|onnneeeeeeeeeeeeeeennnnn nnn    a  eeeeeeeeeeeht
/data3fast/users/mbermudez/de_02/TFGDataset/img/T2_1058.png|ann   eeeeeee        tt  eeeeeeeeeeeeeeeeeeee s   aaa
/data3fast/users/mbermudez/de_02/TFGDataset/img/T2_0964.png|ttttt    eeeeessseeeseeeeeeeeeeeeeeee  ee
/data3fast/users/mbermudez/de_02/TFGDataset/img/T2_0836.png|dii      eeeerrrrrrr                aaaaallllll
/data3fast/users/mbermudez/de_02/TFGDataset/img/T2_0949.png|oooeeeeeeeeeeeeeee****eeeeeeiieeeeiii   aaaaa
/data3fast/users/mbermudez/de_02/TFGDataset/img/T2_0591.png|deeeeeeeee               eeeeeeeeeeeeee       aaa
/data3fast/users/mbermudez/de_02/TFGDataset/img/T2_1271.png|maaha   eeeeeeeeeeeeeesssaaaassaa             eeeee
/data3fast/users/mbermudez/de_02/TFGDataset/img/T2_1156.png|seeeeeeeeeeehe          eee         ss         n
/data3fast/users/mbermudez/de_02/TFGDataset/img/T2_1329.png|sschttttttttttttttt                          seeee
/data3fast/users/mbermudez/de_02/TFGDataset/img/T2_1278.png|bee       eeeeeeeeeeeeeeeeeeee     ss          ...
/data3fast/users/mbermudez/de_02/TFGDataset/img/T2_0550.png|sseeeeeeeeee  n      n  eeeeeeeeeee   tttttttttt
/data3fast/users/mbermudez/de_02/TFGDataset/img/T2_1270.png|nnn sssessttttt          eeeeeeeeeee eee
/data3fast/users/mbermudez/de_02/TFGDataset/img/T2_0351.png|mheeeeeeeeeeee ddddd   e        ssss shhhh
/data3fast/users/mbermudez/de_02/TFGDataset/img/T2_0225.png|iiiieeeeeeeeeeeeeeeeeeeeeei         eeeeee
/data3fast/users/mbermudez/de_02/TFGDataset/img/T2_1363.png|urrrrrrretetttt    ssseeeeeeeeeeeeeeeeee       uu
/data3fast/users/mbermudez/de_02/TFGDataset/img/T2_1486.png|mii eeeeeeeeeieee   aaa  sseeeeeeeeeeeeeedde
/data3fast/users/mbermudez/de_02/TFGDataset/img/T2_0531.png|deeessssssssshh       nnnnnnnnnnnnnn  eeeeeee
/data3fast/users/mbermudez/de_02/TFGDataset/img/T2_0231.png|wisssss          nnn    eeeeeeeii          eeeeeeee
/data3fast/users/mbermudez/de_02/TFGDataset/img/T2_0370.png|#  
/data3fast/users/mbermudez/de_02/TFGDataset/img/T2_0731.png|oo       eeeeeeeeeeeeeeeeeeeeeeeeeeee  sssstttttte
/data3fast/users/mbermudez/de_02/TFGDataset/img/T2_1052.png|nnnneeeeeeeeeellllllllll           d         nnn
/data3fast/users/mbermudez/de_02/TFGDataset/img/T2_1281.png|uu    eeeeeeee          sssseeeeesseesseeeeeeeeee
/data3fast/users/mbermudez/de_02/TFGDataset/img/T2_0667.png|sleeeeeeeeeeeee     hc        ee      r reeeeeeeeeeeee
/data3fast/users/mbermudez/de_02/TFGDataset/img/T2_0984.png|diissshttttttttt             ssstt    s           nnn
/data3fast/users/mbermudez/de_02/TFGDataset/img/T2_1359.png|derr ssseeeeesee eeeeeeeeeee   i sscc        nnnnn
/data3fast/users/mbermudez/de_02/TFGDataset/img/T2_1260.png|beeeee              sssshhhhhhhhha  nnnn
/data3fast/users/mbermudez/de_02/TFGDataset/img/T2_0244.png|beeeeeeeeeeeeeeeeeinii n    rreeeeeeeeeeee
/data3fast/users/mbermudez/de_02/TFGDataset/img/T2_1245.png|de  
/data3fast/users/mbermudez/de_02/TFGDataset/img/T2_0878.png|rrrr  aaaa   eeeeellle          assssssccchhttt
/data3fast/users/mbermudez/de_02/TFGDataset/img/T2_0673.png|aas  eeeeeeerrrrrrr   aa   eeeeeeee
/data3fast/users/mbermudez/de_02/TFGDataset/img/T2_0622.png|geeeNNe   nnnnn  eeeeeennnnn  nnnn           ihtt
/data3fast/users/mbermudez/de_02/TFGDataset/img/T2_1227.png|un    eeeeeeeeeeeeeeeeeeeeeeeeeeee           hhhhhhhh
/data3fast/users/mbermudez/de_02/TFGDataset/img/T2_1169.png|derrrrtttttt         n     eeeeee  aaaaaaaa   d
/data3fast/users/mbermudez/de_02/TFGDataset/img/T2_1203.png|geeeesssssss            eeeeeeeeeeeeeeeeeeee
/data3fast/users/mbermudez/de_02/TFGDataset/img/T2_1106.png|llttt   eeeeeee                 ***   *   hhhhh
/data3fast/users/mbermudez/de_02/TFGDataset/img/T2_0899.png|iiii   eeeeeeeee                            eesssssss
/data3fast/users/mbermudez/de_02/TFGDataset/img/T2_0846.png|nnn   eeeeeeeeeeeeeeeeeehhheeeeeeeeeeeeeeee eeeeeee
/data3fast/users/mbermudez/de_02/TFGDataset/img/T2_0434.png|sit        eeeeeeeeeeeeeeessssss    s ssssaatss
/data3fast/users/mbermudez/de_02/TFGDataset/img/T2_1007.png|ss   eeeeeeeeeeeennnnnn  dd      eeeeeeett
/data3fast/users/mbermudez/de_02/TFGDataset/img/T2_0303.png|oee     eeeeeee eeeeee         nnnn iiihhhhhhh
/data3fast/users/mbermudez/de_02/TFGDataset/img/T2_0033.png|tttttttttt     t             ssss          eeeeNNNNN
/data3fast/users/mbermudez/de_02/TFGDataset/img/T2_0889.png|ssseeeeelleeeeeeeeeeeeeeeeeeeeeeeeeeiiiiiii
/data3fast/users/mbermudez/de_02/TFGDataset/img/T2_0834.png|hiereeeeeeeeeeeeeeeeeellllleeeeeeeeee    ssss
/data3fast/users/mbermudez/de_02/TFGDataset/img/T2_0516.png|wrrreeeeeeeeeee               eeeeeeeeeeeeeeee
/data3fast/users/mbermudez/de_02/TFGDataset/img/T2_0119.png|ehhhhhh    nnnnnnnnnnnnnnnnn         rrreeee
/data3fast/users/mbermudez/de_02/TFGDataset/img/T2_1084.png|aaaa          llllllee                cchhhhhh
/data3fast/users/mbermudez/de_02/TFGDataset/img/T2_0449.png|zzeeeeeeeehhhhhhhh         e ettt    i    nnnnnnn
/data3fast/users/mbermudez/de_02/TFGDataset/img/T2_1008.png|drrrrrrtttt   ee eeeeehhhc scscccceeee *           dddd
/data3fast/users/mbermudez/de_02/TFGDataset/img/T2_0666.png|deeeeeeeeeeeeeesssss             h             eeeeeeee
/data3fast/users/mbermudez/de_02/TFGDataset/img/T2_0175.png|iieeeeeeee  ssssssa a        eeellllllllll
/data3fast/users/mbermudez/de_02/TFGDataset/img/T2_0485.png|beeee  e  eeeehhleeeeeeeeeeeeeeeeeee       r
/data3fast/users/mbermudez/de_02/TFGDataset/img/T2_1371.png|da   eeeeeeeee      n    dd                  ee       nn
/data3fast/users/mbermudez/de_02/TFGDataset/img/T2_1071.png|nnn eeseeeellhhh                     eeeeeeeeeeeeeeee
/data3fast/users/mbermudez/de_02/TFGDataset/img/T2_1244.png|hhheeeeeeeeett          eeessssiie   eeee
/data3fast/users/mbermudez/de_02/TFGDataset/img/T2_1054.png|wllll          r     rrreee     s      eeee
/data3fast/users/mbermudez/de_02/TFGDataset/img/T2_1228.png|geeee dddd  d  ssssssssssss      eeeeeeeeeeeeeeehhh
/data3fast/users/mbermudez/de_02/TFGDataset/img/T2_0992.png|iennnnnd d     eeeeeeeeeeeeeee  *      hhhheeee
/data3fast/users/mbermudez/de_02/TFGDataset/img/T2_1382.png|diessssseeeee eee           ashhhhhhh    h  eeeeeeeeeN
/data3fast/users/mbermudez/de_02/TFGDataset/img/T2_1055.png|seeeeee      tttaa   tttt    sssssss
/data3fast/users/mbermudez/de_02/TFGDataset/img/T2_0952.png|brr      eeeeeeeeeeeeeeeeee         dnnnnnnn  n n
/data3fast/users/mbermudez/de_02/TFGDataset/img/T2_0397.png|aaa    nnn eeeeeeeeeeeeeeeeeee sssssstttt
/data3fast/users/mbermudez/de_02/TFGDataset/img/T2_0068.png|tttthhhhheeeee     nnnnaaa    n   eeennnn aaaa
/data3fast/users/mbermudez/de_02/TFGDataset/img/T2_0017.png|dii   nnn                 eeeeeeeeeeeeeee
/data3fast/users/mbermudez/de_02/TFGDataset/img/T2_0547.png|iiihhhhhht  eeeeee eeee         hhhhhhhhh       nnnd
/data3fast/users/mbermudez/de_02/TFGDataset/img/T2_0077.png|iiie ee    eeeeeeeeeeeeeeeeee        aa ssss
/data3fast/users/mbermudez/de_02/TFGDataset/img/T2_0647.png|stttt              eeeeee            hhhh        ee
/data3fast/users/mbermudez/de_02/TFGDataset/img/T2_1041.png|meeee iiiiiihhheeee
/data3fast/users/mbermudez/de_02/TFGDataset/img/T2_1369.png|beeeeeeee                      eeeennnnn
/data3fast/users/mbermudez/de_02/TFGDataset/img/T2_0614.png|wieeeeeeeeeeeeee           eeee e   eeee    ss  ssssess
/data3fast/users/mbermudez/de_02/TFGDataset/img/T2_0050.png|woee       eeeeeeeeeeeee   eeee eeeeeeeerr     hhhhh
/data3fast/users/mbermudez/de_02/TFGDataset/img/T2_1497.png|ttteeeeee   e    eeeeeeeeeeeeeeeeee     aaaaaaa
/data3fast/users/mbermudez/de_02/TFGDataset/img/T2_1300.png|bbr     hhhhhhhhheeeeeeeeeeeee     ssssss
/data3fast/users/mbermudez/de_02/TFGDataset/img/T2_1164.png|eeraaaa      d eeeeeeeeeeeeeeeeeeeeeeeeelllleee
/data3fast/users/mbermudez/de_02/TFGDataset/img/T2_0904.png|eeesssslllllleeeeellleeee          eeeeeeeee
/data3fast/users/mbermudez/de_02/TFGDataset/img/T2_0653.png|aalleeeeeeeeeeeeeeeeeeeeeeeennnneellll
/data3fast/users/mbermudez/de_02/TFGDataset/img/T2_0626.png|der     nnnn  eeeii               eeeeeeeeee
/data3fast/users/mbermudez/de_02/TFGDataset/img/T2_0831.png|nssssssshhhttit  e                 aa    a  eeeeeee
/data3fast/users/mbermudez/de_02/TFGDataset/img/T2_0287.png|glleee     nneeeeeeeeeeeeiiittt    aa a   all
/data3fast/users/mbermudez/de_02/TFGDataset/img/T2_0827.png|dieeeeeeeeehttt            teeeeeeeeeeeeeeeeee
/data3fast/users/mbermudez/de_02/TFGDataset/img/T2_1113.png|llllllee nnnnnn eeeeeeeeeeeeeeettt      as
/data3fast/users/mbermudez/de_02/TFGDataset/img/T2_1269.png|tttttt        eeeeeeeeeeeeeeeeeee        tttttthhh
/data3fast/users/mbermudez/de_02/TFGDataset/img/T2_1500.png|bee eedeeeeeeeeeeeeesssss   n  eeeeeeeeeeeeee
/data3fast/users/mbermudez/de_02/TFGDataset/img/T2_1080.png|reeee      ssssss ssshhh aa   a        rrrtt
/data3fast/users/mbermudez/de_02/TFGDataset/img/T2_1212.png|eee  aa     s e eeeeeeeeeeeeeeeeeeeeeeeeeeee
/data3fast/users/mbermudez/de_02/TFGDataset/img/T2_1070.png|wwlt       s  ss         ddd      eee
/data3fast/users/mbermudez/de_02/TFGDataset/img/T2_0112.png|aaasss         eeeeeee       n                          h
/data3fast/users/mbermudez/de_02/TFGDataset/img/T2_0752.png|in  eeeeeeeeeeee     essssssss              eee
/data3fast/users/mbermudez/de_02/TFGDataset/img/T2_1193.png|wwnn  eeeeee   ssss      eeeeeeeeeessss            dd
/data3fast/users/mbermudez/de_02/TFGDataset/img/T2_0194.png|ihhhhh  a a   eeeeeeelehhhheeeeeeeee
/data3fast/users/mbermudez/de_02/TFGDataset/img/T2_1178.png|de    aaaa       eeeeeeeeeee      ****   ttttthh
/data3fast/users/mbermudez/de_02/TFGDataset/img/T2_0997.png|ii      eeeeeeeeee      eeeeeeee           tt
/data3fast/users/mbermudez/de_02/TFGDataset/img/T2_1247.png|veeeeeessssssss    nnnnnnnnnnnnnnnneeeeeeeee
/data3fast/users/mbermudez/de_02/TFGDataset/img/T2_1051.png|neeeeeeeeeeeeen n   eeeeeeeeeeeee             a
/data3fast/users/mbermudez/de_02/TFGDataset/img/T2_0375.png|aaaeeeeeeeeeeeeeeeeeeeehhhh          shsshhhttt
/data3fast/users/mbermudez/de_02/TFGDataset/img/T2_0246.png|sitt      nnnneeeeeeeeeeeeeeeeeeeeeeeeeee
/data3fast/users/mbermudez/de_02/TFGDataset/img/T2_0368.png|mi     sss      iessssseeeeeeeeeee ee         eeeeee
/data3fast/users/mbermudez/de_02/TFGDataset/img/T2_0107.png|deeseeeeeeeee    eeeeeeeeeeeeeeeee       errr
/data3fast/users/mbermudez/de_02/TFGDataset/img/T2_1098.png|wissssssshhhhhhh    eeeeeee  ss    a       eeeeeeeesssss
/data3fast/users/mbermudez/de_02/TFGDataset/img/T2_1086.png|geeeeeeeeeeeeee          ssssssss   nnhheeeeee
/data3fast/users/mbermudez/de_02/TFGDataset/img/T2_0597.png|eer       eeeeeeeeeeeeeeeieeieee       ..
/data3fast/users/mbermudez/de_02/TFGDataset/img/T2_0179.png|ttt  nnnnnnnn eeeeeeeeeneeeeeeeeeeeeeeeeeeee
/data3fast/users/mbermudez/de_02/TFGDataset/img/T2_0941.png|liiih      nn  hh     dddeeeeeeeeeeeeeelllhhhh
/data3fast/users/mbermudez/de_02/TFGDataset/img/T2_0444.png|ffrreeeeeeeeee    nnn         ssss     c  h eeeeeeeee
/data3fast/users/mbermudez/de_02/TFGDataset/img/T2_1400.png|bbe   ne
/data3fast/users/mbermudez/de_02/TFGDataset/img/T2_1132.png|rrrrreellllleeeeeeeeeeeee  ssss            d
/data3fast/users/mbermudez/de_02/TFGDataset/img/T2_1282.png|its                     e eeee tt           tttt...
/data3fast/users/mbermudez/de_02/TFGDataset/img/T2_0635.png|dii  hhhhhhh     errrrrrrr    ttt     hhttt
/data3fast/users/mbermudez/de_02/TFGDataset/img/T2_0280.png|iee              a  atttttt    eeeeeeeeee
/data3fast/users/mbermudez/de_02/TFGDataset/img/T2_0027.png|eerr  nnnnnnnnaa      t      ss
/data3fast/users/mbermudez/de_02/TFGDataset/img/T2_1324.png|hhhs               ***         e hhh          d ee
/data3fast/users/mbermudez/de_02/TFGDataset/img/T2_0961.png|beeee eeeeee                eeeeeeee    aaa    
/data3fast/users/mbermudez/de_02/TFGDataset/img/T2_1420.png|"   eeeeeeeeeeinnnn eei   sssss           aaaaaaa
/data3fast/users/mbermudez/de_02/TFGDataset/img/T2_1124.png|iiiiii            eeeee  d dd sssss eeeeee
/data3fast/users/mbermudez/de_02/TFGDataset/img/T2_0079.png|mi  eeeeeeeeesssss                eeeee    edddd
/data3fast/users/mbermudez/de_02/TFGDataset/img/T2_1014.png|geeeeeeeeeeeeeeeeeeehheeeeeeeee sssssssssss  eeeee
/data3fast/users/mbermudez/de_02/TFGDataset/img/T2_0967.png|errrr    aa  eeeeeeeeeeee         r
/data3fast/users/mbermudez/de_02/TFGDataset/img/T2_0141.png|werr             eeee sssssssssssssiiiiiiiii
/data3fast/users/mbermudez/de_02/TFGDataset/img/T2_1226.png|aaa     eeeee ee***   **               eeeeeeeeeeee
/data3fast/users/mbermudez/de_02/TFGDataset/img/T2_1343.png|nnnnn     e eehhhheeee                  eee eeeeeeeeee
/data3fast/users/mbermudez/de_02/TFGDataset/img/T2_0778.png|iiich  aa       nnnnnnn  nnn        ssssshhe eeeeeee
/data3fast/users/mbermudez/de_02/TFGDataset/img/T2_1182.png|iihhhh             eeee      ssssssssss  eeeeeeeee
/data3fast/users/mbermudez/de_02/TFGDataset/img/T2_0252.png|geeeeee  rrttttttt     eeeeeeeeeeee
/data3fast/users/mbermudez/de_02/TFGDataset/img/T2_0118.png|eeehhhhhha a  a     rrrreeehhhhhh   eeeeeeeeeee
/data3fast/users/mbermudez/de_02/TFGDataset/img/T2_0981.png|soo       aaassssseessseeeee       eeeeeee            eeess
/data3fast/users/mbermudez/de_02/TFGDataset/img/T2_0471.png|faeee   hhhhh                      eeer  rrrrrttt
/data3fast/users/mbermudez/de_02/TFGDataset/img/T2_0795.png|errnnnnnnn     eeeeeeeeeeeeee                 a
/data3fast/users/mbermudez/de_02/TFGDataset/img/T2_0008.png|o                     e e*eee*eeeessse     nnn
/data3fast/users/mbermudez/de_02/TFGDataset/img/T2_1146.png|sii  nnnn  ee eeeleeeeeee  e lssssss
/data3fast/users/mbermudez/de_02/TFGDataset/img/T2_1484.png|dasssseeeeeeeeeennnnnnnnneeeeeeeeeeeeeeee     cchh
/data3fast/users/mbermudez/de_02/TFGDataset/img/T2_1415.png|innnn  neeeeeeeeeeeeeeee    h  eeeeeeeeeeeeeeeeehhhh
/data3fast/users/mbermudez/de_02/TFGDataset/img/T2_0692.png|****   eeee h  eee e  ee                 eeeeeeelllleee
/data3fast/users/mbermudez/de_02/TFGDataset/img/T2_0395.png|da            i ieeiiiiiiiieeeeee     ssaaass
/data3fast/users/mbermudez/de_02/TFGDataset/img/T2_1175.png|wnnn  n        eeeeeeeeeeeeeeeeeeeeeeeeee      ssssssss
/data3fast/users/mbermudez/de_02/TFGDataset/img/T2_1010.png|geee            aasss    eeeeeeeeeeee  ttttt
/data3fast/users/mbermudez/de_02/TFGDataset/img/T2_0369.png|weellhhhhhhh     eeeeeeeeeeeeeeeeeeeetttt    a
/data3fast/users/mbermudez/de_02/TFGDataset/img/T2_0785.png|mmllllllll        eee  ee          aaaaaaaahhh
/data3fast/users/mbermudez/de_02/TFGDataset/img/T2_1028.png|ffeeeeeeeeeeeett      dddddd  eeeeeehhhh
/data3fast/users/mbermudez/de_02/TFGDataset/img/T2_0944.png|llllll aaa              eeeeeeee           eeee
/data3fast/users/mbermudez/de_02/TFGDataset/img/T2_0120.png|aaeeeeeeeeeeeeeeeeeee                    neeeee
/data3fast/users/mbermudez/de_02/TFGDataset/img/T2_0373.png|vrr      heeeeeeeettt       sssssss      eeeeeeee
/data3fast/users/mbermudez/de_02/TFGDataset/img/T2_0245.png|geeeeeeeeeeeeeeeeeehhe       d
/data3fast/users/mbermudez/de_02/TFGDataset/img/T2_0642.png|die  eeeeeeeeeessssssssieeeeeeeee          sss
/data3fast/users/mbermudez/de_02/TFGDataset/img/T2_0838.png|chh               tttt           nnn   eeeeet
/data3fast/users/mbermudez/de_02/TFGDataset/img/T2_1127.png|deeeeeeeeeeeeeeeeeeeeeee       hhhhheeee
/data3fast/users/mbermudez/de_02/TFGDataset/img/T2_0892.png|nnnn          eeeeeeeeeeeeeeeeeeeeeesssseeeeeee
/data3fast/users/mbermudez/de_02/TFGDataset/img/T2_0583.png|aaee    aannnn    a   sss   heeeeeeeeeeeelleeeee
/data3fast/users/mbermudez/de_02/TFGDataset/img/T2_1287.png|eettt        nnnnnn annn  eeeeeeeeeicc      aa
/data3fast/users/mbermudez/de_02/TFGDataset/img/T2_1498.png|di    a     eeeeeeeeeeeeeeeeeee   ssssssststt
/data3fast/users/mbermudez/de_02/TFGDataset/img/T2_1288.png|shhe          eeeeeeee          a aaaa   h
/data3fast/users/mbermudez/de_02/TFGDataset/img/T2_0977.png|eeeddddndnn    nn ieeeeeeeiieteee  e  eeeeeeee
/data3fast/users/mbermudez/de_02/TFGDataset/img/T2_0264.png|"          aa lllsllele                 e
/data3fast/users/mbermudez/de_02/TFGDataset/img/T2_0962.png|iccht     eeeeeeeess   s           eeeeeeeeeeeeeeeee
/data3fast/users/mbermudez/de_02/TFGDataset/img/T2_0738.png|geeee           rrrrrrreereeeeee  nnnaaaa
/data3fast/users/mbermudez/de_02/TFGDataset/img/T2_0383.png|iiieeeeeeeeeeeeeeeeee         nn n     a  eeeeeeeeee
/data3fast/users/mbermudez/de_02/TFGDataset/img/T2_1076.png|geeeeeessssss   s  a               eeeeee        sh
/data3fast/users/mbermudez/de_02/TFGDataset/img/T2_1125.png|geeet    ssssssssseeeeeeeeeeeee           rrrre
/data3fast/users/mbermudez/de_02/TFGDataset/img/T2_0098.png|sst         ttttt         eeeeeeeeee ssss
/data3fast/users/mbermudez/de_02/TFGDataset/img/T2_1478.png|weeee      eeeeeeeeeeeeeeeeeeeeeeeeeeee
/data3fast/users/mbermudez/de_02/TFGDataset/img/T2_0110.png|mo ssssschhhhhheeeeeeeee       lllleeeeeeeeiinnnn
/data3fast/users/mbermudez/de_02/TFGDataset/img/T2_1183.png|"      s     aa      eeeeeeeeeeeeeeeeeeeeeeee        nnnn
/data3fast/users/mbermudez/de_02/TFGDataset/img/T2_1482.png|lll      nnnneeeeeeeeeeelllaaaaaaaaaaa
/data3fast/users/mbermudez/de_02/TFGDataset/img/T2_0258.png|ggeeeeeeeeeeeeees  chhhhhaaa  tttt      eee
/data3fast/users/mbermudez/de_02/TFGDataset/img/T2_0699.png|sceeeeeeeeeeeeeeeeeee       eeeeeeeee           aa
/data3fast/users/mbermudez/de_02/TFGDataset/img/T2_1159.png|zuu       anaa   dddd  eeeeeee      eeeeeeeN
/data3fast/users/mbermudez/de_02/TFGDataset/img/T2_0400.png|nnnn   eeeeeeennnnneeisi  nnneeeeeeeeeeeeeeee
/data3fast/users/mbermudez/de_02/TFGDataset/img/T2_1168.png|mhh                     eeeee      ee               eeeeee
/data3fast/users/mbermudez/de_02/TFGDataset/img/T2_1163.png|wweeessssss                        ee eeeee
/data3fast/users/mbermudez/de_02/TFGDataset/img/T2_0608.png|bbeeeeeeeeee                     eeeiiii      rreee
/data3fast/users/mbermudez/de_02/TFGDataset/img/T2_0741.png|#  
/data3fast/users/mbermudez/de_02/TFGDataset/img/T2_0024.png|beeeeeeeeeeettttttt     eeeeee                eee
/data3fast/users/mbermudez/de_02/TFGDataset/img/T2_1024.png|seee      eeeeeeeeeeeeeeeeseihhi     n nn i rttt
/data3fast/users/mbermudez/de_02/TFGDataset/img/T2_0519.png|bee              eeeeeeeeee     aaa     eeees
/data3fast/users/mbermudez/de_02/TFGDataset/img/T2_0359.png|ieeeeeeeeeeee           s
/data3fast/users/mbermudez/de_02/TFGDataset/img/T2_1111.png|orr      ee            eetttttttttttt         ehhhhh
/data3fast/users/mbermudez/de_02/TFGDataset/img/T2_0605.png|sstteeeeeeeeeeeeeee  sss                  dddd
/data3fast/users/mbermudez/de_02/TFGDataset/img/T2_0768.png|aaaa eeeeeeeeeeiiihhh tt
/data3fast/users/mbermudez/de_02/TFGDataset/img/T2_0188.png|aaeeeeeeee    sss      eeeeeeeeeeeeeeeeeeeeeeeeeee
/data3fast/users/mbermudez/de_02/TFGDataset/img/T2_0010.png|neeee      n nnnnneeeenn                          eeeeeeee
/data3fast/users/mbermudez/de_02/TFGDataset/img/T2_1389.png|eee         a     hhhhhieeeeeeeinn  tttt
/data3fast/users/mbermudez/de_02/TFGDataset/img/T2_0656.png|ooe        iieeeeeeeeeeeeteeeeeeeeeeeeeeeeeeeeeeee
/data3fast/users/mbermudez/de_02/TFGDataset/img/T2_1249.png|un   sssschhhhh             eeeeeeeee        n
/data3fast/users/mbermudez/de_02/TFGDataset/img/T2_0238.png|deessllllllttttttttttts            eeeeeeeeeeeeee
/data3fast/users/mbermudez/de_02/TFGDataset/img/T2_0559.png|nnnn eeeeeeeeeeeeeellle e      eeeeeeee   eeeeeeee
/data3fast/users/mbermudez/de_02/TFGDataset/img/T2_0065.png|der                n        sss    sss    iihhhheee
/data3fast/users/mbermudez/de_02/TFGDataset/img/T2_0222.png|ttt**             nnn n   n     e eeeeee         **.....
/data3fast/users/mbermudez/de_02/TFGDataset/img/T2_0067.png|ss           ttt           eeeeeeee  ssssscchhchhh
/data3fast/users/mbermudez/de_02/TFGDataset/img/T2_1181.png|"t   eeeeeeeeelelll        d  dd eeeeeehchhhhhhh
/data3fast/users/mbermudez/de_02/TFGDataset/img/T2_0762.png|eeereeeeeeeeeeeee     e
/data3fast/users/mbermudez/de_02/TFGDataset/img/T2_1298.png|dee   hhhhlleeeeeeehheeeee       eeeeehhhhht
/data3fast/users/mbermudez/de_02/TFGDataset/img/T2_0901.png|aaa eeeeeeeeeeeeeeeedneeeessscchhh        e
/data3fast/users/mbermudez/de_02/TFGDataset/img/T2_1200.png|# 
/data3fast/users/mbermudez/de_02/TFGDataset/img/T2_0822.png|unnn          aaaa   nnnnnn  aaahhhhhhh
/data3fast/users/mbermudez/de_02/TFGDataset/img/T2_1137.png|wii    s ss  ee eeee               rrrrreeeeeeehh
/data3fast/users/mbermudez/de_02/TFGDataset/img/T2_1248.png|iiee   e        i ihhhhtt               nnn
/data3fast/users/mbermudez/de_02/TFGDataset/img/T2_1345.png|geeeee      eeetiiii    nnn     tttttt
/data3fast/users/mbermudez/de_02/TFGDataset/img/T2_0630.png|oo   eeeeeessshhhheee
/data3fast/users/mbermudez/de_02/TFGDataset/img/T2_0620.png|inneeeeeeeeeeeeeeeetllt       nnn    eeeeeeeiii
/data3fast/users/mbermudez/de_02/TFGDataset/img/T2_1061.png|brreeeeeeeee e      aa   eeeeeeeeeeeee        sss
/data3fast/users/mbermudez/de_02/TFGDataset/img/T2_1045.png|weeeeiittttt   tttt      lllllllll          eeer
/data3fast/users/mbermudez/de_02/TFGDataset/img/T2_1092.png|drr                      ss    eeeeeee   hhlllllll
/data3fast/users/mbermudez/de_02/TFGDataset/img/T2_1171.png|ssss     eeeeeiiiiiiiiieeeee      eeeeeeeeeeeeeeee
/data3fast/users/mbermudez/de_02/TFGDataset/img/T2_0726.png|"     eeeeeeeeeeeee    ssssssssss       dd
/data3fast/users/mbermudez/de_02/TFGDataset/img/T2_0076.png|deeeeeeeeeeeeeesssseeeeeeeiiiieeeeeeeee  eee
/data3fast/users/mbermudez/de_02/TFGDataset/img/T2_1216.png|neeeeeeeeeeeeeeeeeeee     sss               
/data3fast/users/mbermudez/de_02/TFGDataset/img/T2_0470.png|wweeetttttttt
/data3fast/users/mbermudez/de_02/TFGDataset/img/T2_1378.png|oeeeeee                                  sssssshhhh
/data3fast/users/mbermudez/de_02/TFGDataset/img/T2_1280.png|geeeee  
/data3fast/users/mbermudez/de_02/TFGDataset/img/T2_1030.png|ffreeeeeeeeetteeeeeeeeeessehhhheeeeeee
/data3fast/users/mbermudez/de_02/TFGDataset/img/T2_0184.png|#  e
/data3fast/users/mbermudez/de_02/TFGDataset/img/T2_0894.png|uu eeeeeeeeeeeeeeeeeee     eeeeeeee                nnn
/data3fast/users/mbermudez/de_02/TFGDataset/img/T2_0709.png|derrrreeeeeeeeeee         sslll              eeee
/data3fast/users/mbermudez/de_02/TFGDataset/img/T2_0157.png|ooo    eeeeeeeeeeeeessshhhhh      dddd eee
/data3fast/users/mbermudez/de_02/TFGDataset/img/T2_0249.png|zueeeeeeeehchcchh    nn nn        eeeeeeel       e
/data3fast/users/mbermudez/de_02/TFGDataset/img/T2_0020.png|www     l eeeeeeeeeeeeeeee   eee  dddddd eeee
/data3fast/users/mbermudez/de_02/TFGDataset/img/T2_1246.png|aaa   eeeeeeeee           ssssss llllllllleeee
/data3fast/users/mbermudez/de_02/TFGDataset/img/T2_0145.png|sichhhtttttt                 t   ttt          ssssssss
/data3fast/users/mbermudez/de_02/TFGDataset/img/T2_1143.png|eeess  h                              tttttt
/data3fast/users/mbermudez/de_02/TFGDataset/img/T2_0063.png|eennnnnnnaa   s  eeeeeeeeeee       sssss          
/data3fast/users/mbermudez/de_02/TFGDataset/img/T2_0590.png|iiiii eeeeeeeeeeeeeee eeeeeeeeee            nnnnnn
/data3fast/users/mbermudez/de_02/TFGDataset/img/T2_1072.png|oa     eeeeeeeehh      aaaa                    e
/data3fast/users/mbermudez/de_02/TFGDataset/img/T2_1002.png|geeeeeeeeeeeeeeeeeeeeeeeeeeeeeeesssstttttttt   n
/data3fast/users/mbermudez/de_02/TFGDataset/img/T2_0346.png|geeeeeeeeeeee              eeeeeeeeeeeeeeee    dnnnn
/data3fast/users/mbermudez/de_02/TFGDataset/img/T2_0554.png|geeee      ssseeeeeeeccchhhhhhhhheeeee           eeeeeeeee
/data3fast/users/mbermudez/de_02/TFGDataset/img/T2_0865.png|eeeeeeeeeeeee
/data3fast/users/mbermudez/de_02/TFGDataset/img/T2_0592.png|nnn  eeeeeeeeehhe              eee   *        nnn
/data3fast/users/mbermudez/de_02/TFGDataset/img/T2_1274.png|aaas eeeeee e  ssssss        eeeeeeeeeee
/data3fast/users/mbermudez/de_02/TFGDataset/img/T2_0192.png|ttthhhheeeeeeeeeeeeeeeeecccch        nnnnnnn
/data3fast/users/mbermudez/de_02/TFGDataset/img/T2_0290.png|eeeeeeeeeeeeeeeee    ss      hhhhllleeeeeeeee eee
/data3fast/users/mbermudez/de_02/TFGDataset/img/T2_0973.png|eeeehhhhhh    lla         eeeeeeeeeeeeeeeeerreeee
/data3fast/users/mbermudez/de_02/TFGDataset/img/T2_0277.png|drrrttttttiiitt
/data3fast/users/mbermudez/de_02/TFGDataset/img/T2_1337.png|"       ssssssss eeeeedeeeeeeeeeeeeeeeen
/data3fast/users/mbermudez/de_02/TFGDataset/img/T2_0393.png|os                          ii  tt ttt  aaa
/data3fast/users/mbermudez/de_02/TFGDataset/img/T2_0745.png|ggeeeeeeeeeeeeeeeeeeeeeeee    aaa         eeeeeeee
/data3fast/users/mbermudez/de_02/TFGDataset/img/T2_1116.png|dee    aaaaaaaaa  n       sssss    aa aa
/data3fast/users/mbermudez/de_02/TFGDataset/img/T2_0715.png|mit         ddeeeeeeeede    r     hh hhhhhn
/data3fast/users/mbermudez/de_02/TFGDataset/img/T2_1492.png|schhhh e            eeeeeeeeeeeeeeeee    aaalllee
/data3fast/users/mbermudez/de_02/TFGDataset/img/T2_0062.png|ttt      eeeeeeeeeeeeeeeeeeeeeeeeeeeee***e  ee  lllll
/data3fast/users/mbermudez/de_02/TFGDataset/img/T2_0549.png|beeetttt  
/data3fast/users/mbermudez/de_02/TFGDataset/img/T2_0442.png|mm   eeeeeeeeeeeee                eeeee e eeeeee
/data3fast/users/mbermudez/de_02/TFGDataset/img/T2_0929.png|ttt        sssssseeesiiiiiiiiiiiinnnnnnnnnn
/data3fast/users/mbermudez/de_02/TFGDataset/img/T2_0172.png|dee  hhh       eeeeeeeeeeeee e e     eeee        thhhhhhhhh
/data3fast/users/mbermudez/de_02/TFGDataset/img/T2_1350.png|*eeeeeeeeet                     hhhhhhhhhhh    dd
/data3fast/users/mbermudez/de_02/TFGDataset/img/T2_0292.png|nnhh         nnnn     eeeeeeehhhhheeesseee
/data3fast/users/mbermudez/de_02/TFGDataset/img/T2_0681.png|desssssssssssssssss     nnnn  eeeeeeeeeeeeeeeeeeee
/data3fast/users/mbermudez/de_02/TFGDataset/img/T2_0043.png|dds  hhhhhh  eeeeeeeeeeeeeeeeeeeeeeeeee
/data3fast/users/mbermudez/de_02/TFGDataset/img/T2_1352.png|deeeeeeeeeeeeeeeeeeeeeeeeeeeeee     d   aaaaaaa
/data3fast/users/mbermudez/de_02/TFGDataset/img/T2_0955.png|wllltttttt                 eeeeeeeeeeee e    e     eee
/data3fast/users/mbermudez/de_02/TFGDataset/img/T2_0520.png|or  nnnnnneiiiiie   
/data3fast/users/mbermudez/de_02/TFGDataset/img/T2_0711.png|eeeeeeeeeennnnnnneeeeeeaaaaassssss   n neeee
/data3fast/users/mbermudez/de_02/TFGDataset/img/T2_0447.png|nnn eeeeeeeee    eeeeeeeeeeeeeeeeee   dddeee
/data3fast/users/mbermudez/de_02/TFGDataset/img/T2_1325.png|bsee eeeehhhhhhhhhhee             ss   eeeeee
/data3fast/users/mbermudez/de_02/TFGDataset/img/T2_0136.png|aassssseeeeeeeesssss          eeeeeee     t tt ****
/data3fast/users/mbermudez/de_02/TFGDataset/img/T2_0576.png|geeee  s   ss          hhhehh        nnnnn
/data3fast/users/mbermudez/de_02/TFGDataset/img/T2_1286.png|aaau              ssiiiissshhhhh   eeeeeee
/data3fast/users/mbermudez/de_02/TFGDataset/img/T2_1284.png|die sssssssssh hsh   h     nn                 e
/data3fast/users/mbermudez/de_02/TFGDataset/img/T2_1135.png|geeeeeetttttttttttt            eeeeeeeeeessss
/data3fast/users/mbermudez/de_02/TFGDataset/img/T2_0885.png|mr  eeeeeee     d ddddeeeeeeeeeeellll     ee
/data3fast/users/mbermudez/de_02/TFGDataset/img/T2_1351.png|eeeeeeeeeeeeeeeeeeeeeeeeeee
/data3fast/users/mbermudez/de_02/TFGDataset/img/T2_0917.png|# 
/data3fast/users/mbermudez/de_02/TFGDataset/img/T2_0123.png|un      eeeeeeeeeee  aaaaa        rrreee
/data3fast/users/mbermudez/de_02/TFGDataset/img/T2_0038.png|schh             eeeee eeeeeessseeeeeehhhhi       
/data3fast/users/mbermudez/de_02/TFGDataset/img/T2_1056.png|deeeeeeeeeeeeeeeeeeeeeessssseeeeeeeeee     eeeee   rrertttt
/data3fast/users/mbermudez/de_02/TFGDataset/img/T2_1377.png|wwii         a           hhh    eeeeee
/data3fast/users/mbermudez/de_02/TFGDataset/img/T2_1408.png|#ee  tttttttttttt
/data3fast/users/mbermudez/de_02/TFGDataset/img/T2_0816.png|uu     tttt..
/data3fast/users/mbermudez/de_02/TFGDataset/img/T2_0940.png|derreeeeeeeeleee           eeeehhh       d eeeee
/data3fast/users/mbermudez/de_02/TFGDataset/img/T2_0767.png|ss    eeeeiiiiiee  eeeeeeeeeeeeeeehhhhh
/data3fast/users/mbermudez/de_02/TFGDataset/img/T2_1327.png|eee          eeeeeeeeeeee      d    eee   aaaaa
/data3fast/users/mbermudez/de_02/TFGDataset/img/T2_0241.png|un  eeeeeeeeeesssssttt     rrrrr
/data3fast/users/mbermudez/de_02/TFGDataset/img/T2_0261.png|geeeeeeessssssssssssseeeeeelllll   aaa      uu
/data3fast/users/mbermudez/de_02/TFGDataset/img/T2_1235.png|dnee sss       eeeeeeennn  aaallllleeee
/data3fast/users/mbermudez/de_02/TFGDataset/img/T2_0828.png|nnnn     e     eeeeeeeeee     eeeee       a
/data3fast/users/mbermudez/de_02/TFGDataset/img/T2_0294.png|"                     hhhhhheeeeeeeee        s
/data3fast/users/mbermudez/de_02/TFGDataset/img/T2_1491.png|aas     e e****************    csseseesssss     eeeee
/data3fast/users/mbermudez/de_02/TFGDataset/img/T2_1293.png|llll       ee                         sssseeee
/data3fast/users/mbermudez/de_02/TFGDataset/img/T2_0080.png|mnn       eeeeeeeeeeeee nn eeeeeeeiieeeeeeeeeee
/data3fast/users/mbermudez/de_02/TFGDataset/img/T2_0430.png|ahhhh eeeeeeetttt            aa    sssseeiiiiiii
/data3fast/users/mbermudez/de_02/TFGDataset/img/T2_1384.png|beeeeeee                           ee    sssssss
/data3fast/users/mbermudez/de_02/TFGDataset/img/T2_1194.png|geeee         e eeeeeeeeeee ssss                     eeeeee
/data3fast/users/mbermudez/de_02/TFGDataset/img/T2_0437.png|wiiie    hhhlllllllttte               ihhhhh
/data3fast/users/mbermudez/de_02/TFGDataset/img/T2_0054.png|on              e
/data3fast/users/mbermudez/de_02/TFGDataset/img/T2_1001.png|eeeellllllllll         eeeeeeeeeeeeeeeeeeeeeeeesshhh
/data3fast/users/mbermudez/de_02/TFGDataset/img/T2_1403.png|iiihhhhttttt       nn    eeeeeeeeeeeeeeeeeeeenn
/data3fast/users/mbermudez/de_02/TFGDataset/img/T2_1319.png|lleeeeeeneeeeeeeeeeeeeeeii    eeeeeee    nnd
/data3fast/users/mbermudez/de_02/TFGDataset/img/T2_0144.png|heeeee         eeeeeeeeeeeessssssssss hh     e
/data3fast/users/mbermudez/de_02/TFGDataset/img/T2_0769.png|ssss           nnn        hhhhreeeeee
/data3fast/users/mbermudez/de_02/TFGDataset/img/T2_0061.png|ot      n  ttttteeeeeeeee    ssss   t
/data3fast/users/mbermudez/de_02/TFGDataset/img/T2_1347.png|aahhh      aaa         eeeeeee            rrrreee
/data3fast/users/mbermudez/de_02/TFGDataset/img/T2_0104.png|nna  aaaaa   eeee e   e  d      essssssssss       ie
/data3fast/users/mbermudez/de_02/TFGDataset/img/T2_0319.png|sieeee                  eeee             eeeeeeeee
/data3fast/users/mbermudez/de_02/TFGDataset/img/T2_0220.png|eeee       eeeeeeeeeeeeeeetttttttttt       eee
/data3fast/users/mbermudez/de_02/TFGDataset/img/T2_1285.png|"     eeeeeeeeeee  eeeeeeeeeeeeeeeeeeeeeetttee***** eeeeeee
/data3fast/users/mbermudez/de_02/TFGDataset/img/T2_0847.png|# 
/data3fast/users/mbermudez/de_02/TFGDataset/img/T2_0247.png|aahh      ee     d      eeeeeeeeleleeeeeeee
/data3fast/users/mbermudez/de_02/TFGDataset/img/T2_0161.png|uuu        ieeeeeiee   ddddddeeeeeeeeeeeessssllll
/data3fast/users/mbermudez/de_02/TFGDataset/img/T2_0248.png|rrrr eeeeeeeeeeeeeeeeeeeeeeeeeeeeee     e         
/data3fast/users/mbermudez/de_02/TFGDataset/img/T2_0526.png|nnn   aaaaa attttttt   eeeeeeeeeeennnnn
/data3fast/users/mbermudez/de_02/TFGDataset/img/T2_0631.png|deeee  nnnnnnnn  deeeeeeeeeeeeeeee
/data3fast/users/mbermudez/de_02/TFGDataset/img/T2_1309.png|eeee       e              eeeeeeeeeeeeeeeeeeeeeeee
/data3fast/users/mbermudez/de_02/TFGDataset/img/T2_0235.png|geeeeettt             s hhhhhhhh  nnnnnnnnnnen
/data3fast/users/mbermudez/de_02/TFGDataset/img/T2_0970.png|sss  hhhhhhhhhh     d  deeeeeeeeeeeee        sssss
/data3fast/users/mbermudez/de_02/TFGDataset/img/T2_0463.png|deee          eeee   tt        eeeesssssssssss     ee
/data3fast/users/mbermudez/de_02/TFGDataset/img/T2_0382.png|aahheeeeeeeeeeeiiiinnnn         eeeeeeeee
/data3fast/users/mbermudez/de_02/TFGDataset/img/T2_0788.png|oo   aaa  hhhhhheeeeee    a      eeeeee
/data3fast/users/mbermudez/de_02/TFGDataset/img/T2_1261.png|deee                e   eeeeeeeeeeeeeeeeee
/data3fast/users/mbermudez/de_02/TFGDataset/img/T2_0356.png|bee  nnn nnnn  naaaaaa aahhhhh                
/data3fast/users/mbermudez/de_02/TFGDataset/img/T2_0942.png|iiitt         eeeee         sshs    eeeeee
/data3fast/users/mbermudez/de_02/TFGDataset/img/T2_0708.png|neeeeeeeeeeeeeeee     ss          iieeeeeee
/data3fast/users/mbermudez/de_02/TFGDataset/img/T2_0095.png|nnnreeeeeeeeeeeeeetttttt        eeeeeeeesssss
/data3fast/users/mbermudez/de_02/TFGDataset/img/T2_0036.png|wrrr        elleelleeeeeeeeeeeee        t
/data3fast/users/mbermudez/de_02/TFGDataset/img/T2_0529.png|sseeeeeeeeeee                 aaa ltttttttttttt
/data3fast/users/mbermudez/de_02/TFGDataset/img/T2_0639.png|# 
/data3fast/users/mbermudez/de_02/TFGDataset/img/T2_1037.png|allsseeeeeeeesss      eeeeeeeeeeeeeeeeeeeeeeeeeeeeeh
/data3fast/users/mbermudez/de_02/TFGDataset/img/T2_0223.png|wtttttt  
/data3fast/users/mbermudez/de_02/TFGDataset/img/T2_0226.png|eeNNNNee
/data3fast/users/mbermudez/de_02/TFGDataset/img/T2_0812.png|wweeettttttt t
/data3fast/users/mbermudez/de_02/TFGDataset/img/T2_1289.png|ffrrr  eeeeeeeeeeeeeeeeeeeeeeeeeeeeeeee            ssss
/data3fast/users/mbermudez/de_02/TFGDataset/img/T2_0721.png|*eee             a  eeeeeessssssssss     eeeeeee eeenn
/data3fast/users/mbermudez/de_02/TFGDataset/img/T2_0003.png|weeeeehhhhhhhhhhhh     nn  n   aa   ssssssssssseett
/data3fast/users/mbermudez/de_02/TFGDataset/img/T2_0088.png|eee             eeeeeeeiie    eeeeeeee        
/data3fast/users/mbermudez/de_02/TFGDataset/img/T2_0959.png|wrrr                     rrrrrrrrtttttttttttt
/data3fast/users/mbermudez/de_02/TFGDataset/img/T2_0228.png|"   eeeeeetttteeeeeiiiii   eeeeneeee  aassss
/data3fast/users/mbermudez/de_02/TFGDataset/img/T2_0897.png|geeeeeeeeeeeeeeeeeeeeeeeeeee            eeee
/data3fast/users/mbermudez/de_02/TFGDataset/img/T2_0404.png|"eeeeeeee ttt
/data3fast/users/mbermudez/de_02/TFGDataset/img/T2_0648.png|haadddd  e eee  shhhhh                   rrr
/data3fast/users/mbermudez/de_02/TFGDataset/img/T2_0875.png|oee         ssssseeeeeeeeeeeeeeeiiii  nnnn n
/data3fast/users/mbermudez/de_02/TFGDataset/img/T2_0527.png|deeeee nnnnnneeeee  hhhaaaaaa        eeeeeee
/data3fast/users/mbermudez/de_02/TFGDataset/img/T2_1323.png|beeeeeeeeehhhhhhhhhhhllllleeeee           eeeeeeeeeee
/data3fast/users/mbermudez/de_02/TFGDataset/img/T2_0636.png|#  
/data3fast/users/mbermudez/de_02/TFGDataset/img/T2_1207.png|nee          tttttttttttttt    hhlllllleeeeee
/data3fast/users/mbermudez/de_02/TFGDataset/img/T2_0776.png|seeeeeeeeeeeeeeeeeeeeeeee               d eee eee deeeee
/data3fast/users/mbermudez/de_02/TFGDataset/img/T2_0479.png|ttttteeellee eeee   dddd              ss
/data3fast/users/mbermudez/de_02/TFGDataset/img/T2_0502.png|glll    nnnnieieeiihnnnnnn   n   eeeeeee
/data3fast/users/mbermudez/de_02/TFGDataset/img/T2_1148.png|tt    deeeeeeeeeeee   aaaaa     eeeeee
/data3fast/users/mbermudez/de_02/TFGDataset/img/T2_1107.png|# 
/data3fast/users/mbermudez/de_02/TFGDataset/img/T2_1218.png|miieeeeeeeeettt   e     a  e eeeeeee        t
/data3fast/users/mbermudez/de_02/TFGDataset/img/T2_0976.png|ssss  ahhhhha a llllll    e eeeeeeee eeee     dddd
/data3fast/users/mbermudez/de_02/TFGDataset/img/T2_0206.png|uun  eeeeeeeeeeeeeeeeeeeeee            ttt
/data3fast/users/mbermudez/de_02/TFGDataset/img/T2_1066.png|wee nnn    eeeeeeeeeeeeeettt     ssss     hhh
/data3fast/users/mbermudez/de_02/TFGDataset/img/T2_1251.png|beeeeee eeeheeeeeeeeeeeeeeeeeeeeeeeeeett
/data3fast/users/mbermudez/de_02/TFGDataset/img/T2_1105.png|teee      eeeeeeeeeeeesssssseeeeeeeiiii     eeeeeeee
/data3fast/users/mbermudez/de_02/TFGDataset/img/T2_0686.png|geeeeeee ennnnnnnennneeeeeeeeeeeeeee
/data3fast/users/mbermudez/de_02/TFGDataset/img/T2_1042.png|wnnneeeeeeeeee     hhhhh     ttttt        e
/data3fast/users/mbermudez/de_02/TFGDataset/img/T2_0426.png|sttt                ss                    ieeeeeeesss
/data3fast/users/mbermudez/de_02/TFGDataset/img/T2_0203.png|d     nn  eeeeeeeeeeeeeeeeeeee      sssssse
/data3fast/users/mbermudez/de_02/TFGDataset/img/T2_0239.png|"   eeeeeeeeeeee    
/data3fast/users/mbermudez/de_02/TFGDataset/img/T2_1388.png|behhhhhtttssss s        d                rrrr
/data3fast/users/mbermudez/de_02/TFGDataset/img/T2_0391.png|wrr                nn   i  ieeeiiieeeeeeetttt  eeeee
/data3fast/users/mbermudez/de_02/TFGDataset/img/T2_0180.png|shhhhhhhhhhhhhh         d d   nnn n   eeeeeeee
/data3fast/users/mbermudez/de_02/TFGDataset/img/T2_0607.png|geeee    aassssssssss       ssssssss eeeeeeeee
/data3fast/users/mbermudez/de_02/TFGDataset/img/T2_0911.png|eeeetttttttt
/data3fast/users/mbermudez/de_02/TFGDataset/img/T2_1429.png|# 
/data3fast/users/mbermudez/de_02/TFGDataset/img/T2_0058.png|de     eeeeeeeeeeeee               ssssss  leeeeeeeeee
/data3fast/users/mbermudez/de_02/TFGDataset/img/T2_0000.png|ffeeeeeeee                 hh        eeeeeee
/data3fast/users/mbermudez/de_02/TFGDataset/img/T2_0242.png|tet     dd eeeeeeeeeeeeeeeeetttt          eeeeee
/data3fast/users/mbermudez/de_02/TFGDataset/img/T2_1006.png|derrrrrhhh        eeeeeeeeeeeee           ddd
/data3fast/users/mbermudez/de_02/TFGDataset/img/T2_0254.png|"   eeeeee    aeeeeelhhhhhhhhhh    ttt
/data3fast/users/mbermudez/de_02/TFGDataset/img/T2_0475.png|iii     ee    se  eelllllleeeeeeeeee  eiiiiii ess
/data3fast/users/mbermudez/de_02/TFGDataset/img/T2_0578.png|ggeeee        nnnnnnnn nn nnn eeeeeeeee       ahhhh
/data3fast/users/mbermudez/de_02/TFGDataset/img/T2_1053.png|dei               eeeee ssssssss s  dd
/data3fast/users/mbermudez/de_02/TFGDataset/img/T2_1158.png|aaa       eeeette    eeeeeeeeeeeeeee  ss  hh  lll
/data3fast/users/mbermudez/de_02/TFGDataset/img/T2_0271.png|mmtt               eeeee  nnnnnnnnnnn esseeeee
/data3fast/users/mbermudez/de_02/TFGDataset/img/T2_1399.png|mieeeeeeeeNNNeeeeeee                    a   eeh
/data3fast/users/mbermudez/de_02/TFGDataset/img/T2_0803.png|aaeeeeeeeeeeee ee ichhhhhi    eeeeee tttttttt
/data3fast/users/mbermudez/de_02/TFGDataset/img/T2_0825.png|seeeeeeeeeeeeeeeeeesssssslttt       eeeeee
/data3fast/users/mbermudez/de_02/TFGDataset/img/T2_1003.png|tteeeeeeeehhhhhhhhh     eeeeeeeeeeeeeeeeeeeeee  nnnnnnn
/data3fast/users/mbermudez/de_02/TFGDataset/img/T2_1488.png|uuueeeeeeeeeeeeeee          ee     aaaaannn
/data3fast/users/mbermudez/de_02/TFGDataset/img/T2_0713.png|# 
/data3fast/users/mbermudez/de_02/TFGDataset/img/T2_0792.png|mn    eeeeeeeee ddddddeeeeeeeeee      aaaaaa
/data3fast/users/mbermudez/de_02/TFGDataset/img/T2_0352.png|feennnnnnnnnnn        eee       a  sssstttttttt
/data3fast/users/mbermudez/de_02/TFGDataset/img/T2_0293.png|deee eeeeeeeeeee          aa  a   eeeeeeeeeeeeeeeee
/data3fast/users/mbermudez/de_02/TFGDataset/img/T2_0349.png|sstt    aa        e se      hhhhhhh     hhhee
/data3fast/users/mbermudez/de_02/TFGDataset/img/T2_0133.png|te                                 eeeeee
/data3fast/users/mbermudez/de_02/TFGDataset/img/T2_0156.png|deee  eeeeeeeeeeee   d            eeeeeeee      t
/data3fast/users/mbermudez/de_02/TFGDataset/img/T2_0611.png|"    ss  ee             rreeeeeeeeeeeeeeehhhhhh
/data3fast/users/mbermudez/de_02/TFGDataset/img/T2_0433.png|ggeeeeeeee             hh    ii  eh      ddd
/data3fast/users/mbermudez/de_02/TFGDataset/img/T2_1062.png|anneeeeeeeeeeeeeeeeeeeeeeeee iiiii                 sssss
/data3fast/users/mbermudez/de_02/TFGDataset/img/T2_0046.png|dee       ttttttttt      hhhh      eeeeeee
/data3fast/users/mbermudez/de_02/TFGDataset/img/T2_1162.png|"   eeeeeeeeee   a            s ssss
/data3fast/users/mbermudez/de_02/TFGDataset/img/T2_1276.png|bbeeeeeeeeeeeee              aaaaaaa eeeeeeee
/data3fast/users/mbermudez/de_02/TFGDataset/img/T2_1031.png|bbeeeeeeeeeeeeeeeeeiiiiiinnnnnnnnnnnneee
/data3fast/users/mbermudez/de_02/TFGDataset/img/T2_1310.png|wweeeesseeeeessssss       ttttt tttttt
/data3fast/users/mbermudez/de_02/TFGDataset/img/T2_0259.png|der                eeeeeeee                    ee
/data3fast/users/mbermudez/de_02/TFGDataset/img/T2_0212.png|geeeeessssssssh eeeeee     ....
/data3fast/users/mbermudez/de_02/TFGDataset/img/T2_0670.png|feee    nnnnnnnnn     eeettt            
/data3fast/users/mbermudez/de_02/TFGDataset/img/T2_1481.png|essss   nn nnnn nn   nneeeeeeenn   lllle
/data3fast/users/mbermudez/de_02/TFGDataset/img/T2_0257.png|wieeeittttth            ss     hh    hheeeeeeettt
/data3fast/users/mbermudez/de_02/TFGDataset/img/T2_0588.png|dee  eeeeeeeeeeeeeeeee      n     s eeeeeee
/data3fast/users/mbermudez/de_02/TFGDataset/img/T2_1093.png|rrr  aaaa     eeeeeeeeeeeeeeeeeeeeeeeee      nnnn
/data3fast/users/mbermudez/de_02/TFGDataset/img/T2_1123.png|fnn  eeeeeeeeeee  ee  eee ee eeeeeeesssss
/data3fast/users/mbermudez/de_02/TFGDataset/img/T2_1387.png|***********eeeeee        ss         sss   eee  e eeeeee
/data3fast/users/mbermudez/de_02/TFGDataset/img/T2_1433.png|iihh             eeeeeeeeeeeeeeeee        sssssss
/data3fast/users/mbermudez/de_02/TFGDataset/img/T2_0582.png|aaaa        eeeeeeeeeeeeeeeee  itttttt
/data3fast/users/mbermudez/de_02/TFGDataset/img/T2_0606.png|weeeeee   ee                  eeeeeeeeeeeeeiiittt
/data3fast/users/mbermudez/de_02/TFGDataset/img/T2_1075.png|rrrrr e eeeeeeeeeeeeeeeeeeeeessss    nnnnnnnnnne
/data3fast/users/mbermudez/de_02/TFGDataset/img/T2_0729.png|eeeeeeeeeeddd    aaaaa 
/data3fast/users/mbermudez/de_02/TFGDataset/img/T2_0545.png|eeiiiinnnnnnneeeeeeeeeeeeeeeessschtttt   ******eeeeette
/data3fast/users/mbermudez/de_02/TFGDataset/img/T2_0965.png|miitt      eseeheeeehhhhh         h      ss          ddd
/data3fast/users/mbermudez/de_02/TFGDataset/img/T2_1174.png|hhhh                    eeeeeeeeeeeeeeeeeeeeeeeeeeee
/data3fast/users/mbermudez/de_02/TFGDataset/img/T2_0938.png|zweetttttttttt
/data3fast/users/mbermudez/de_02/TFGDataset/img/T2_0632.png|de        eeeeeeeeeeeeeeeeeeeeeetttssssstttt
/data3fast/users/mbermudez/de_02/TFGDataset/img/T2_0584.png|das  eeeetttttttttt
/data3fast/users/mbermudez/de_02/TFGDataset/img/T2_1241.png|neeeeeeeeeeeeeeetttt          eeeeeeeeeeeeeeeeeeeeee
/data3fast/users/mbermudez/de_02/TFGDataset/img/T2_0392.png|mitttt    eeeeeeeeeeeeeeeennnnnnnnnnnnnn
/data3fast/users/mbermudez/de_02/TFGDataset/img/T2_0766.png|aaa  ee ee nnnn       e     ssssaaahhhh
/data3fast/users/mbermudez/de_02/TFGDataset/img/T2_0895.png|eeeenn      nnnn aa     eeeeeee     eeeeeeeeeeeee
/data3fast/users/mbermudez/de_02/TFGDataset/img/T2_0557.png|eeeh   nnnn eeeeeeeeeeeehhhhh nnnnnnnnnnn
/data3fast/users/mbermudez/de_02/TFGDataset/img/T2_0515.png|aau   e eehhhtttt         sss          ieeeeeee
/data3fast/users/mbermudez/de_02/TFGDataset/img/T2_0652.png|geeesssaaaa      ssss  s               t**..
/data3fast/users/mbermudez/de_02/TFGDataset/img/T2_0933.png|wott                       e eeeeeee    aa    ass
/data3fast/users/mbermudez/de_02/TFGDataset/img/T2_1120.png|in        eeeeeeeeeeeeeeeeeeeeeeetttttttt        e
/data3fast/users/mbermudez/de_02/TFGDataset/img/T2_1275.png|beesssssss      eeeeeeeeeiieeeei      e   ssssse    ee
/data3fast/users/mbermudez/de_02/TFGDataset/img/T2_0898.png|hhheeeeeeeeeeeeeeeeeeeeeeeeee    nn deeeeeee
/data3fast/users/mbermudez/de_02/TFGDataset/img/T2_1290.png|bb      d      eeeeeeeehhhhhhhhhh           e
/data3fast/users/mbermudez/de_02/TFGDataset/img/T2_0890.png|nnneee       asssssssshhllllllsseeeeeeeeeee     aaaaa
/data3fast/users/mbermudez/de_02/TFGDataset/img/T2_1447.png|nnn ssssssslll              eeeeeeeeeeeeeeeeeeeeehhh*e
/data3fast/users/mbermudez/de_02/TFGDataset/img/T2_1064.png|aaaa        eee ettt       nnn dd    rraahh
/data3fast/users/mbermudez/de_02/TFGDataset/img/T2_0103.png|#  
/data3fast/users/mbermudez/de_02/TFGDataset/img/T2_0106.png|"  sssssssiii                 eehhh
/data3fast/users/mbermudez/de_02/TFGDataset/img/T2_0517.png|oo           eeeeeeeeeeeeeeeeeeeee         eeeeeee
/data3fast/users/mbermudez/de_02/TFGDataset/img/T2_1458.png|der    iiii n  itt  ********t rrrrrrr eeeeeee
/data3fast/users/mbermudez/de_02/TFGDataset/img/T2_0495.png|nneeeeeeeeeehhhhhh     eeeeeee          naaaaaa
/data3fast/users/mbermudez/de_02/TFGDataset/img/T2_0501.png|geeeessssssss           e eeeeeeeeeeeeeeeeeennnn
/data3fast/users/mbermudez/de_02/TFGDataset/img/T2_0633.png|derrhhhhhhhhheeeeeeetee********
/data3fast/users/mbermudez/de_02/TFGDataset/img/T2_0101.png|# 
/data3fast/users/mbermudez/de_02/TFGDataset/img/T2_1383.png|ssseeeeehhhsssss             eeeeee   eeeeeetttt
/data3fast/users/mbermudez/de_02/TFGDataset/img/T2_0274.png|beeee eeeeeeeellllleeeee        eneeen
/data3fast/users/mbermudez/de_02/TFGDataset/img/T2_1133.png|te    aa a    eeeeeeeeeeeeeeeett        eeeeeee
/data3fast/users/mbermudez/de_02/TFGDataset/img/T2_0019.png|iihh     eeeeeeeeeeeeeeeeeeeeeecchhh           eee
/data3fast/users/mbermudez/de_02/TFGDataset/img/T2_1073.png|# 
/data3fast/users/mbermudez/de_02/TFGDataset/img/T2_0650.png|allleeeeeeeeeeeeeeeennnneee                   sssssssss
/data3fast/users/mbermudez/de_02/TFGDataset/img/T2_0572.png|frrrdddeeeeeeeeeeeeeeeeeeee                  tttt
/data3fast/users/mbermudez/de_02/TFGDataset/img/T2_0085.png|innnn  e     
/data3fast/users/mbermudez/de_02/TFGDataset/img/T2_1473.png|wwiiiee e           l             nnnnnnnnnn
/data3fast/users/mbermudez/de_02/TFGDataset/img/T2_0989.png|derr    t              s   ee    ddddd
/data3fast/users/mbermudez/de_02/TFGDataset/img/T2_0537.png|"   eeeeeeeee ee       s         *********
/data3fast/users/mbermudez/de_02/TFGDataset/img/T2_0579.png|onn  eeeeeneeeeeeeee   
/data3fast/users/mbermudez/de_02/TFGDataset/img/T2_1360.png|geeesssssseeeeeee         nn eeeeeeeeeeeeee
/data3fast/users/mbermudez/de_02/TFGDataset/img/T2_1074.png|err      eeeeeeeee    ttttt t      sss   nn
/data3fast/users/mbermudez/de_02/TFGDataset/img/T2_1365.png|eeee             s   eeeeeeeeellllllllleeee
/data3fast/users/mbermudez/de_02/TFGDataset/img/T2_0354.png|iicc           e       eeeeeeeeeeeeeeeeeeeeee    aaa
/data3fast/users/mbermudez/de_02/TFGDataset/img/T2_1091.png|eeee  ss hhhhh             eeeeeeeeeeeeee e eeeeeeeeeeeee
/data3fast/users/mbermudez/de_02/TFGDataset/img/T2_0916.png|eeeessss   ttt                  eeeeeeeeeeeeeeeeee
/data3fast/users/mbermudez/de_02/TFGDataset/img/T2_0669.png|deee  eeeeeeeeeeeeeeeee   n aaaa sssttttt
/data3fast/users/mbermudez/de_02/TFGDataset/img/T2_1440.png|eehh            eeeeeeeeeeeeeeeeeeeeeessstttttt
/data3fast/users/mbermudez/de_02/TFGDataset/img/T2_0646.png|aalll                       eeeeeeeeeee     aaa
/data3fast/users/mbermudez/de_02/TFGDataset/img/T2_0415.png|eeeeee ee   sss     eeeeeeee eehh        nn  eeeee
/data3fast/users/mbermudez/de_02/TFGDataset/img/T2_0634.png|"         nnnnnnnneeeeeeeeeeeeeeeeeee       
/data3fast/users/mbermudez/de_02/TFGDataset/img/T2_0891.png|eeeeee     ssseeen             eeeeeeeeeeeee    ee
/data3fast/users/mbermudez/de_02/TFGDataset/img/T2_1090.png|eeeeettttttt
/data3fast/users/mbermudez/de_02/TFGDataset/img/T2_0424.png|iieee ee eeeeeeee          h      hhhttttt
/data3fast/users/mbermudez/de_02/TFGDataset/img/T2_0263.png|wiiil              hhhh        eeeeeeeeeeee
/data3fast/users/mbermudez/de_02/TFGDataset/img/T2_0132.png|beeeeeeeeee                    e eeeeeeeeeeeeeeeeeeeeehhhh
/data3fast/users/mbermudez/de_02/TFGDataset/img/T2_1015.png|ttt   aann nn eeeeeeee              eee eeee
/data3fast/users/mbermudez/de_02/TFGDataset/img/T2_0948.png|bbeeeetttttttttt     nnnnnn     eeeeeeeeessss
/data3fast/users/mbermudez/de_02/TFGDataset/img/T2_0089.png|aaa e  e eeeeeeeeeeeeeeeeeeeeeeee   aaaa
/data3fast/users/mbermudez/de_02/TFGDataset/img/T2_0817.png|dee      ee     eeeeeeeeeeeeeeeeeeeeeeeeeeelllllssssssee
/data3fast/users/mbermudez/de_02/TFGDataset/img/T2_0491.png|murrreeeeeeee         a           *********
/data3fast/users/mbermudez/de_02/TFGDataset/img/T2_0091.png|uuu    aaa   eeeeeee      ssss   nneeee
/data3fast/users/mbermudez/de_02/TFGDataset/img/T2_0936.png|dan      ttttttttttttt*** ***eeeeeit        eeeeee
/data3fast/users/mbermudez/de_02/TFGDataset/img/T2_0084.png|wnneeeee  ssssst  t       eeeee            eeeeeeeeeeeeeeee
/data3fast/users/mbermudez/de_02/TFGDataset/img/T2_0419.png|dii    ss   ttttttt         iiitiiiiittttt
/data3fast/users/mbermudez/de_02/TFGDataset/img/T2_1494.png|eeeee e       eee ee        eeeeeeeeeee    eeeeeeee
/data3fast/users/mbermudez/de_02/TFGDataset/img/T2_1000.png|tttttieieiinnni  i n  eeeeeeeeeeeeeeeeeeeeeeeeeeee
/data3fast/users/mbermudez/de_02/TFGDataset/img/T2_0798.png|eeeeee   sssssssssssssseeeeeeeeeeee
/data3fast/users/mbermudez/de_02/TFGDataset/img/T2_0367.png|aar  eeeeeeeeeeeeeeeeeeeeeeeeeeeeeee     annnn
/data3fast/users/mbermudez/de_02/TFGDataset/img/T2_0913.png|aa           eehhhhhhh   eeeeeeeeeee   tttttt
/data3fast/users/mbermudez/de_02/TFGDataset/img/T2_0029.png|geeehhhh                    eeeeeeeeeeeehhheeee
/data3fast/users/mbermudez/de_02/TFGDataset/img/T2_1462.png|ann    ehh                        i   ni ess
/data3fast/users/mbermudez/de_02/TFGDataset/img/T2_0755.png|iissss            n   aasannn            nnn
/data3fast/users/mbermudez/de_02/TFGDataset/img/T2_0863.png|neeeeeeeeee***                                         eeeehhh
/data3fast/users/mbermudez/de_02/TFGDataset/img/T2_0492.png|oor eeeeeeehhhhhhh     hh   eeeeeeeieiieeeeenen
/data3fast/users/mbermudez/de_02/TFGDataset/img/T2_0720.png|nnn   eeeeeeeee             eeeeeeeeeeeeess        eeee
/data3fast/users/mbermudez/de_02/TFGDataset/img/T2_1101.png|deerreeeeeeeee ee               a    uud
/data3fast/users/mbermudez/de_02/TFGDataset/img/T2_1423.png|"   eeeeeeeeeeeeeenn nndddd      r   tttt
/data3fast/users/mbermudez/de_02/TFGDataset/img/T2_1134.png|ttt    aaaa  lllllllleeeeeeeeeeeeeeeeeeeeee
/data3fast/users/mbermudez/de_02/TFGDataset/img/T2_0152.png|uu      s                eeeehhhhccchh   a
/data3fast/users/mbermudez/de_02/TFGDataset/img/T2_1434.png|ffrrreeeeeeeeeee     sssh         e eeeeeeeeaa
/data3fast/users/mbermudez/de_02/TFGDataset/img/T2_0423.png|wwr      annnna      eeeeeeeeeeeeeesssshhh
/data3fast/users/mbermudez/de_02/TFGDataset/img/T2_0507.png|iiiiee  sssss   eeeeeeeeeeeeeeeeeeeeeeeeeethhh      aa
/data3fast/users/mbermudez/de_02/TFGDataset/img/T2_0659.png|eeeehhhhhhhhh     hhhhhheeeeee             ....
/data3fast/users/mbermudez/de_02/TFGDataset/img/T2_0378.png|tt    eeeeeeeeehhh              hhhh eeeeeeeeeeeee*ee
/data3fast/users/mbermudez/de_02/TFGDataset/img/T2_0461.png|dan     eeeeeeeeeeessssssssshccccchh   a       ee
/data3fast/users/mbermudez/de_02/TFGDataset/img/T2_0577.png|diiiicheheeeeeeeeee  **            eee      eeeee
/data3fast/users/mbermudez/de_02/TFGDataset/img/T2_0870.png|ms   eeeeeeeeehh       aaaaaaa    eeeeeeeee
/data3fast/users/mbermudez/de_02/TFGDataset/img/T2_1277.png|de              nnn  eeeeeeeeeeee        eeeeeeeessseee
/data3fast/users/mbermudez/de_02/TFGDataset/img/T2_0700.png|innn  eeeeeeeeeeeeesssss    elllllllllle   nnnnn
/data3fast/users/mbermudez/de_02/TFGDataset/img/T2_0151.png|shhh       eeeeeeeeee         n       ssssee
/data3fast/users/mbermudez/de_02/TFGDataset/img/T2_0832.png|aass            nn         ttt         ddddd
/data3fast/users/mbermudez/de_02/TFGDataset/img/T2_1410.png|unnd    eeeeeeessss  e eesssitttttttttttt  ee
/data3fast/users/mbermudez/de_02/TFGDataset/img/T2_1456.png|vree     eeeeeeeeeeeeeeeeeeeeeeeeeeeeee  nnnn
/data3fast/users/mbermudez/de_02/TFGDataset/img/T2_0530.png|aann eeeeeeeeeer     aaaa    eeeeeeeeeeeee
/data3fast/users/mbermudez/de_02/TFGDataset/img/T2_0980.png|shhheeeeeeeeeeeeee       ** ***             ssltttt
/data3fast/users/mbermudez/de_02/TFGDataset/img/T2_1475.png|eeeeeeeeeeeeeeeeeeeeeeee             eeeeeeee
/data3fast/users/mbermudez/de_02/TFGDataset/img/T2_1480.png|#  
/data3fast/users/mbermudez/de_02/TFGDataset/img/T2_0800.png|dd           tt             s      s       aaa   lleeee
/data3fast/users/mbermudez/de_02/TFGDataset/img/T2_1418.png|geehhhhtt
/data3fast/users/mbermudez/de_02/TFGDataset/img/T2_0716.png|iiihhhhhh   h          h    ee e  hhhhhh          sssstt
/data3fast/users/mbermudez/de_02/TFGDataset/img/T2_0450.png|iiie             rr     aaaa     eeeeeeeeee
/data3fast/users/mbermudez/de_02/TFGDataset/img/T2_0376.png|aahhheeeeeeteeeee rii     nnnnnn      sssschhh
/data3fast/users/mbermudez/de_02/TFGDataset/img/T2_1255.png|llee    ee eeeeeeeehhhhhneeeeeeeeeeeee       nnnddd
/data3fast/users/mbermudez/de_02/TFGDataset/img/T2_0612.png|aaaa              eeeeiiiitii           ...
/data3fast/users/mbermudez/de_02/TFGDataset/img/T2_0365.png|st       nnnn  eeeeeeee
/data3fast/users/mbermudez/de_02/TFGDataset/img/T2_0858.png|uund   eeeeeeeeeeeeeeeeeeeeeeee     ss
/data3fast/users/mbermudez/de_02/TFGDataset/img/T2_0693.png|iii   ssseeeeeeeeeeeeedddr            eetth
/data3fast/users/mbermudez/de_02/TFGDataset/img/T2_0958.png|dee         e   ii     aaa ssa  n nn   eeeeeeeee
/data3fast/users/mbermudez/de_02/TFGDataset/img/T2_0260.png|nneeeeeeee ee  eeeeieeeee   e  aaaa  aaaleeeee
/data3fast/users/mbermudez/de_02/TFGDataset/img/T2_0663.png|geeeeeeeeeeett          eeeeeeeeeeeeeeeeeeeee    ee
/data3fast/users/mbermudez/de_02/TFGDataset/img/T2_0494.png|wissssse
/data3fast/users/mbermudez/de_02/TFGDataset/img/T2_0677.png|aals    eeeeeeeeeeeeeeeeeeeeeee    ee
/data3fast/users/mbermudez/de_02/TFGDataset/img/T2_0452.png|"   eeeeeeeee            aaaa sssssaaaaallllle
/data3fast/users/mbermudez/de_02/TFGDataset/img/T2_0044.png|weee              nn eeeee              ee
/data3fast/users/mbermudez/de_02/TFGDataset/img/T2_1404.png|sshhhe e                      nnn     nn     iiiiiiei
/data3fast/users/mbermudez/de_02/TFGDataset/img/T2_1370.png|nnn  eeeeeeeeeesssssssssseeeehhhhhhh     eeeeee
/data3fast/users/mbermudez/de_02/TFGDataset/img/T2_0749.png|rrrrreee         eeeeeeeeeeeeeeeeeeeee     eeeeeeeeee
/data3fast/users/mbermudez/de_02/TFGDataset/img/T2_0401.png|geee   nnnnn         eeeeeeeee  s       ee
/data3fast/users/mbermudez/de_02/TFGDataset/img/T2_1039.png|oo       hhhhhhh                             eeeeee
/data3fast/users/mbermudez/de_02/TFGDataset/img/T2_0318.png|dee       ddd aaaaaa           iiiiiii
/data3fast/users/mbermudez/de_02/TFGDataset/img/T2_0174.png|der     eeeeeeeeeeeeeeiht           r rrrrreeeeee
/data3fast/users/mbermudez/de_02/TFGDataset/img/T2_1407.png|eeeeette    e       eee          eeeeesssssssseee
/data3fast/users/mbermudez/de_02/TFGDataset/img/T2_1176.png|nneeeeeeeeeeeeeee    aaa  hhhhhh  eeeeeeeeesssss
/data3fast/users/mbermudez/de_02/TFGDataset/img/T2_1220.png|ieee        eee   n na       e      sses
/data3fast/users/mbermudez/de_02/TFGDataset/img/T2_1417.png|hhhh     ddd                      eeee
/data3fast/users/mbermudez/de_02/TFGDataset/img/T2_0498.png|ees  aa     eeeeeeeeeeeeeeeeeeii         ...
/data3fast/users/mbermudez/de_02/TFGDataset/img/T2_1121.png|wlll           n eeeeeeeeeeeeeeeeeeeeeeennnnee sssss
/data3fast/users/mbermudez/de_02/TFGDataset/img/T2_1040.png|wiiissssssshhh                   sssssssseeeeeee
/data3fast/users/mbermudez/de_02/TFGDataset/img/T2_1224.png|so    eeeeeeeeeeeeeeeeeeeeeelllllll     nnnen
/data3fast/users/mbermudez/de_02/TFGDataset/img/T2_0078.png|unddddeeeeeeeeeeeeeeeeeeeeeeeeeeennnn     ee
/data3fast/users/mbermudez/de_02/TFGDataset/img/T2_1232.png|ggeeeeeeeeeeeeeeeeesss eeeeheeeeeeee         aaa
/data3fast/users/mbermudez/de_02/TFGDataset/img/T2_0297.png|dee                   thhh   se hheeeeeeeeeeennn
/data3fast/users/mbermudez/de_02/TFGDataset/img/T2_0593.png|wweeeee        nnn  eeeeeeeeei         sss
/data3fast/users/mbermudez/de_02/TFGDataset/img/T2_0567.png|dnnn eeeeeeittthh         aaaaaaa   aaaaallee
/data3fast/users/mbermudez/de_02/TFGDataset/img/T2_0015.png|drrrr reeeeeeeeeeeeeeeeeeeeeeeeelsssssssstt
/data3fast/users/mbermudez/de_02/TFGDataset/img/T2_0467.png|sn   eeeeeeeeee       sssssssssssa   s ss       ee
/data3fast/users/mbermudez/de_02/TFGDataset/img/T2_0651.png|teee    eeeeee        ndddd    dd   d   eeeeenhh
/data3fast/users/mbermudez/de_02/TFGDataset/img/T2_1445.png|neeee       aaa      eeeeeeeeeee     eee
/data3fast/users/mbermudez/de_02/TFGDataset/img/T2_1029.png|aan  eeeeeeeeeeee e ee e          eeeeeeeeeeeeeeeeee
/data3fast/users/mbermudez/de_02/TFGDataset/img/T2_0464.png|sseeeeeeee                  eeeeee          eeeeeeeeee
/data3fast/users/mbermudez/de_02/TFGDataset/img/T2_0490.png|eerrttttt       nnnn     ii         eeeeeeehee
/data3fast/users/mbermudez/de_02/TFGDataset/img/T2_0826.png|iir      tthttst    *******          eeeeeeeeeeeee    nnnnnn
/data3fast/users/mbermudez/de_02/TFGDataset/img/T2_0051.png|schhhhhhheeeeeeeeeeeeeeee             eeeeeeeee
/data3fast/users/mbermudez/de_02/TFGDataset/img/T2_1331.png|mi   ssssseeeeeeeeeeeeeeeee   ssseee                 
/data3fast/users/mbermudez/de_02/TFGDataset/img/T2_1328.png|der                       eeeee       nnnneeee
/data3fast/users/mbermudez/de_02/TFGDataset/img/T2_0541.png|geeeettttt       eeeee        sssssssseeesssssssss
/data3fast/users/mbermudez/de_02/TFGDataset/img/T2_1430.png|der            hhh  ss    ddd  eeeeeee
/data3fast/users/mbermudez/de_02/TFGDataset/img/T2_0742.png|hhhh      aa aaass  llllll  hh    nneeeeeeeeeee
/data3fast/users/mbermudez/de_02/TFGDataset/img/T2_0840.png|oo               eeeee  **   *....
/data3fast/users/mbermudez/de_02/TFGDataset/img/T2_0546.png|liiiithh       ssssssss     eeeeeeeeee     e
/data3fast/users/mbermudez/de_02/TFGDataset/img/T2_0473.png|geeeee  ssiis
/data3fast/users/mbermudez/de_02/TFGDataset/img/T2_1302.png|geee   nnn   hhhh eeee       r       eeeeeee
/data3fast/users/mbermudez/de_02/TFGDataset/img/T2_1340.png|eeeetttttttt 
/data3fast/users/mbermudez/de_02/TFGDataset/img/T2_0150.png|wrre               ee  seeeeeeeeeee      s ssssse
/data3fast/users/mbermudez/de_02/TFGDataset/img/T2_1114.png|iiih     eeeeeeeeeeeeeeeeeeeee     eeeeeeeeee     hhhhaa
/data3fast/users/mbermudez/de_02/TFGDataset/img/T2_0717.png|da    eeeeee ttt       iiiieecchhhhhhaa aa     eee
/data3fast/users/mbermudez/de_02/TFGDataset/img/T2_0999.png|eeettthhheeeeeeeee     aa eeeeeeeeeeeeee      iiiii
/data3fast/users/mbermudez/de_02/TFGDataset/img/T2_0425.png|tt   ee ssssslleellle  eeeeeessssssssseeeeeeeee
/data3fast/users/mbermudez/de_02/TFGDataset/img/T2_1259.png|# 
/data3fast/users/mbermudez/de_02/TFGDataset/img/T2_0232.png|wieee     ssssse eeeeeeeeeeeeeeeeeeeeeeeeeeeeeee
/data3fast/users/mbermudez/de_02/TFGDataset/img/T2_1367.png|"  eeeeeeeeesssss s      aaaallllleeeeeeeeeeeee
/data3fast/users/mbermudez/de_02/TFGDataset/img/T2_0621.png|seeeeeeeeeeeen*nnnnnnnn  hcchhhnnnnnnnnneee
/data3fast/users/mbermudez/de_02/TFGDataset/img/T2_0727.png|lllle    t**         eeeeeeee
/data3fast/users/mbermudez/de_02/TFGDataset/img/T2_1495.png|eeee         eeeeeesssees h       nn         
/data3fast/users/mbermudez/de_02/TFGDataset/img/T2_1112.png|iis             asa       hh      eeeeeeeehhhh
/data3fast/users/mbermudez/de_02/TFGDataset/img/T2_0675.png|deeeeeeeeeeeeeeleeeeeeeeeeeeeeeeeeeennnneeeeeee
/data3fast/users/mbermudez/de_02/TFGDataset/img/T2_0963.png|zur  eee  aaaaaaa a sss            nn   sssss
/data3fast/users/mbermudez/de_02/TFGDataset/img/T2_0810.png|aaaaeeee            eeeeeeeeeeeeee t  tt     tttt
/data3fast/users/mbermudez/de_02/TFGDataset/img/T2_0882.png|wweeeee       eeeeeeeeeeeeeeeee         n
/data3fast/users/mbermudez/de_02/TFGDataset/img/T2_0268.png|uuuu    nn       hha          eeeeee        htttt
/data3fast/users/mbermudez/de_02/TFGDataset/img/T2_1419.png|geee           t tt eee eeelllllleeee    eeeeee
/data3fast/users/mbermudez/de_02/TFGDataset/img/T2_0028.png|ooo      nn  aa     eeeeeee          ssssssse
/data3fast/users/mbermudez/de_02/TFGDataset/img/T2_0930.png|iiieeeee              n  nne eeeeeeeeeeeeeeeNssshss
/data3fast/users/mbermudez/de_02/TFGDataset/img/T2_1346.png|ssss         dddeeeeeeeeeeeess         aaaa
/data3fast/users/mbermudez/de_02/TFGDataset/img/T2_0523.png|tttttthhhheeeeeeeeeee     aa  eeeeeeeeeesssse
/data3fast/users/mbermudez/de_02/TFGDataset/img/T2_1483.png|zrrrreeee       eeeeeeeeeeeeeeheeeeeeeeeeeeee
/data3fast/users/mbermudez/de_02/TFGDataset/img/T2_0069.png|inn    eeeeeeeeeeeeeeeeeeellleeeeeeee        a
/data3fast/users/mbermudez/de_02/TFGDataset/img/T2_0432.png|weeeetttttttt
/data3fast/users/mbermudez/de_02/TFGDataset/img/T2_0441.png|hh     e  ee           asssssssss    nne
/data3fast/users/mbermudez/de_02/TFGDataset/img/T2_1392.png|#  
/data3fast/users/mbermudez/de_02/TFGDataset/img/T2_0353.png|"  eeeeeeeeeeeeee       h          eeeeeeeeee 
/data3fast/users/mbermudez/de_02/TFGDataset/img/T2_0747.png|eerhaaaa         eeeeeeeeeeeeeeeeeeeeennnnnnn
/data3fast/users/mbermudez/de_02/TFGDataset/img/T2_1379.png|iii  ssseeeeeeeeeeeeeeeeee    e  
/data3fast/users/mbermudez/de_02/TFGDataset/img/T2_0436.png|"  ssssseeeeeeeeeeeee ehhhhlh             eeeeeeeeeee
/data3fast/users/mbermudez/de_02/TFGDataset/img/T2_0843.png|geeeN    aaa hhhhh                      eeeeee
/data3fast/users/mbermudez/de_02/TFGDataset/img/T2_0209.png|inn  e eeeee llleeeeeeeeeeeeeeeeeeicnnnaaaaaaa
/data3fast/users/mbermudez/de_02/TFGDataset/img/T2_0387.png|derreeeeeeeeeeeeeeeeeeeeeeeee  aa  ssss
/data3fast/users/mbermudez/de_02/TFGDataset/img/T2_0927.png|weeeeeeeeeeeeeeechhhhhheeeeeeeee  ss    ee    eeae
/data3fast/users/mbermudez/de_02/TFGDataset/img/T2_0954.png|wnnneeeeeeeeehiie                         ee     t
/data3fast/users/mbermudez/de_02/TFGDataset/img/T2_0457.png|rrrr                   sss  eeeeeeee      ssssttt
/data3fast/users/mbermudez/de_02/TFGDataset/img/T2_0253.png|funn    eeessssssss     eeeeeeeeeeeeeeeeeeeee
/data3fast/users/mbermudez/de_02/TFGDataset/img/T2_0071.png|aaae     s ddddd d     eeeeeecehhheeeee         
/data3fast/users/mbermudez/de_02/TFGDataset/img/T2_0925.png|zzrr eeeeeeeeeeeeeeeeeeeeeeeee   tt    aaaaaas
/data3fast/users/mbermudez/de_02/TFGDataset/img/T2_0338.png|eee sssssssssss   aa    e         eee***eeeeeeeeee
/data3fast/users/mbermudez/de_02/TFGDataset/img/T2_0327.png|die  eeeeeeeeeeeeeeeeeeeeeeeeeeeeeeeeennnen
/data3fast/users/mbermudez/de_02/TFGDataset/img/T2_0455.png|udddd   eeeehhhhhh     hhhhhhhhhhhhhhhhhhh 
/data3fast/users/mbermudez/de_02/TFGDataset/img/T2_0506.png|uu    eti                 ee             ssssss
/data3fast/users/mbermudez/de_02/TFGDataset/img/T2_1063.png|mi   eeeeeeeehhh      aaa          eeeeeeee e  eee
/data3fast/users/mbermudez/de_02/TFGDataset/img/T2_1240.png|beeeeeeeeeeeeeeeee   eeeeeeeeeeeeeeeieeeeettte     aaaaa
/data3fast/users/mbermudez/de_02/TFGDataset/img/T2_0533.png|dassssss a             eehhh                 rrrrr
/data3fast/users/mbermudez/de_02/TFGDataset/img/T2_0115.png|eeeesssssss           eeeeeeeeeeeeeeeeee
/data3fast/users/mbermudez/de_02/TFGDataset/img/T2_0374.png|aaa          hhhheeeeeeeeeeeee       ssssssss
/data3fast/users/mbermudez/de_02/TFGDataset/img/T2_0625.png|deeeeeeeeeeeeei s                  hh eeee        
/data3fast/users/mbermudez/de_02/TFGDataset/img/T2_1256.png|nneeeee                eeeeee       neeeeeeeee
/data3fast/users/mbermudez/de_02/TFGDataset/img/T2_0070.png|desssschhhhhhttt  aa     teeeeeeeeiiiieeee
/data3fast/users/mbermudez/de_02/TFGDataset/img/T2_0907.png|wweeeeeeeeeeeeeenneeeeeeeee             lhllee
/data3fast/users/mbermudez/de_02/TFGDataset/img/T2_0518.png|derr        eeeeeeeeee     n    aaa eeeelee
/data3fast/users/mbermudez/de_02/TFGDataset/img/T2_1177.png|bbbee                   ttttttttt      iieeeeee
/data3fast/users/mbermudez/de_02/TFGDataset/img/T2_0919.png|wetttt            ss  s shhhhheeeeeeeeeeee    aaa
/data3fast/users/mbermudez/de_02/TFGDataset/img/T2_1308.png|sshhhhhhhhh     eeeeee
/data3fast/users/mbermudez/de_02/TFGDataset/img/T2_1317.png|da eeeeeeeeeeeee    aaaa       t    eeee      nnn
/data3fast/users/mbermudez/de_02/TFGDataset/img/T2_0880.png|ffleeeeee ssssssssssiiiiiittttt
/data3fast/users/mbermudez/de_02/TFGDataset/img/T2_0496.png|mii     eeeeeeeeeeeeeeeeee ssssss aaaa    aa
/data3fast/users/mbermudez/de_02/TFGDataset/img/T2_0728.png|mii         eeeeeeeeeeeeeeee  d         stt
/data3fast/users/mbermudez/de_02/TFGDataset/img/T2_0296.png|nn   eeeeeeeeeee             eeeehh         aa
/data3fast/users/mbermudez/de_02/TFGDataset/img/T2_0478.png|geeeeheee      a a  eeeeeeehihiieeeeeee      ssss
/data3fast/users/mbermudez/de_02/TFGDataset/img/T2_0443.png|derrr eeeeeeeeeeeeeeiiiinneeeeeeeesssssstt
/data3fast/users/mbermudez/de_02/TFGDataset/img/T2_0510.png|hhheeeeeeeee               eeeeeeeeeeeeeeeeeeeeeeeeeeeehhh
/data3fast/users/mbermudez/de_02/TFGDataset/img/T2_0664.png|ii   eeeeeeeeeeee       hh      eeeee   ssss
/data3fast/users/mbermudez/de_02/TFGDataset/img/T2_0682.png|eeeee   ssss      nn    eeeeeeee             
/data3fast/users/mbermudez/de_02/TFGDataset/img/T2_0683.png|ree essssseleeeeeeeeee     eesseeeeeeeninnnn
/data3fast/users/mbermudez/de_02/TFGDataset/img/T2_0396.png|heeeeeeeeeeeeeeeeeeiiieehehhhhi          rr.....
/data3fast/users/mbermudez/de_02/TFGDataset/img/T2_0483.png|ss      nn       a  sssseeeehehheeeeee   s     eeee
/data3fast/users/mbermudez/de_02/TFGDataset/img/T2_0007.png|eee  aaaaan   eeeeee eeee  e eeeeeesseeeeee
/data3fast/users/mbermudez/de_02/TFGDataset/img/T2_0808.png|eee    aa       t            eeeeeeeeeeee
/data3fast/users/mbermudez/de_02/TFGDataset/img/T2_0871.png|geeeeeeeee edddddd    d dd               eeeeee
/data3fast/users/mbermudez/de_02/TFGDataset/img/T2_0509.png|geeeeeeeeeeeeeeeeeeessssssssseeeeeeeeeee eeeeeeeeeee
/data3fast/users/mbermudez/de_02/TFGDataset/img/T2_1213.png|"   eeeeeeecccchhhhieee        aa    ttssss
/data3fast/users/mbermudez/de_02/TFGDataset/img/T2_0844.png|aau eeeeeee   nn  n       aaa             *******
/data3fast/users/mbermudez/de_02/TFGDataset/img/T2_1077.png|sse e eeeeeeeeiiiieee           a   sssssehe
/data3fast/users/mbermudez/de_02/TFGDataset/img/T2_0580.png|"   hhhhhhhhee sssssssaallssse            e
/data3fast/users/mbermudez/de_02/TFGDataset/img/T2_1477.png|geeeee          dd        sssssshhhhh           
/data3fast/users/mbermudez/de_02/TFGDataset/img/T2_0617.png|ttt             eeeeeeeeeeeleeesssssssseee eeeeee
/data3fast/users/mbermudez/de_02/TFGDataset/img/T2_0935.png|ttttt      hhhhh         sssssch      eeee
/data3fast/users/mbermudez/de_02/TFGDataset/img/T2_0439.png|aaasssss eeeeeeeeeeeeeeeeeeeeeeeeee  nn  deeee
/data3fast/users/mbermudez/de_02/TFGDataset/img/T2_0985.png|derr eeeeeeeeee             a al lhhhhhhhhhhhhhhhhh
/data3fast/users/mbermudez/de_02/TFGDataset/img/T2_0598.png|rrrrreeeeeeeeeeeee  ss  s  a hh           eee
/data3fast/users/mbermudez/de_02/TFGDataset/img/T2_0195.png|wiiii      hhhhhhh          r rrrrr r  uree
/data3fast/users/mbermudez/de_02/TFGDataset/img/T2_0556.png|meee    ee                     nnn  i      n
/data3fast/users/mbermudez/de_02/TFGDataset/img/T2_0874.png|nneeeee  ssshhhh         hhhhh      e eeeeee       dd
/data3fast/users/mbermudez/de_02/TFGDataset/img/T2_0866.png|ffe              iiiisseeeeeeeeeeeeeeeeeeeeee
/data3fast/users/mbermudez/de_02/TFGDataset/img/T2_1201.png|deeeeeeeeeeeeeeeeeeeeeeee      a     n   eeeee
/data3fast/users/mbermudez/de_02/TFGDataset/img/T2_0476.png|dee                eee
/data3fast/users/mbermudez/de_02/TFGDataset/img/T2_0477.png|lliiheeeeeee        eeeeeeeeeee ccccceeeeee      uu
/data3fast/users/mbermudez/de_02/TFGDataset/img/T2_0331.png|# 
/data3fast/users/mbermudez/de_02/TFGDataset/img/T2_1155.png|iiir                    eeeeee  h    eeeeee
/data3fast/users/mbermudez/de_02/TFGDataset/img/T2_0737.png|de    aaa     hhhhhhhheeeeeeeeeee ttn
/data3fast/users/mbermudez/de_02/TFGDataset/img/T2_0560.png|aassslhhhhhhhhhhh    h hh    iiit i    eeeeeeeee
/data3fast/users/mbermudez/de_02/TFGDataset/img/T2_0124.png|nnnn            eeeeeeeeeeeeeee        eeess
/data3fast/users/mbermudez/de_02/TFGDataset/img/T2_0014.png|nn  eeeeeeeeee           a   eeeeeehhhhhhh nnnnn
/data3fast/users/mbermudez/de_02/TFGDataset/img/T2_1442.png|deeeeeeeeehhh   nnn  nnn  e  r     rrr**         uu
/data3fast/users/mbermudez/de_02/TFGDataset/img/T2_0757.png|eeee        eeeeeeeeeeeeeee            eeeeeeeee
/data3fast/users/mbermudez/de_02/TFGDataset/img/T2_1405.png|unn              llle  sse eeeeeeeeee
/data3fast/users/mbermudez/de_02/TFGDataset/img/T2_0468.png|aaa   eeeeeeettttt    eeeeeeeiiiieeeeeeeeee  ssss
/data3fast/users/mbermudez/de_02/TFGDataset/img/T2_1236.png|nn      s  ss  eeeeeeeelllelee eeeeeeeeeeeeeee
/data3fast/users/mbermudez/de_02/TFGDataset/img/T2_1299.png|mi   eeeeeeeeeh     aa                 eeeeeeeeeee
/data3fast/users/mbermudez/de_02/TFGDataset/img/T2_1104.png|oree       nnnnnnnn  aa   eeeeehheehtt    
/data3fast/users/mbermudez/de_02/TFGDataset/img/T2_1047.png|sse   haa  sssss   eeeeeeeeeeeeeeeeeeeeeeeeee
/data3fast/users/mbermudez/de_02/TFGDataset/img/T2_1320.png|ii    aaaaaaaa   eeeeeeeeee    ee     **eeeeeee
/data3fast/users/mbermudez/de_02/TFGDataset/img/T2_0005.png|weeehh     eeee       eeelleeeeeeeeeeiinnnnnn
/data3fast/users/mbermudez/de_02/TFGDataset/img/T2_1099.png|hhe          n  nnnnnnn n        ssssss eeeeeeeee
/data3fast/users/mbermudez/de_02/TFGDataset/img/T2_0903.png|*eeee   chh       eeeeeeeee  ee eeeeeeeeeeess
/data3fast/users/mbermudez/de_02/TFGDataset/img/T2_0307.png|sss       eeeeehheeeeeeeeeeeeeeeeeeeehhhhh     hhhhh  hhhh
/data3fast/users/mbermudez/de_02/TFGDataset/img/T2_1065.png|llleeeeeeeee     hsh hs           eeeeeee ****      
/data3fast/users/mbermudez/de_02/TFGDataset/img/T2_0679.png|uu  eeehhhhhhhhh       hhhhchhhh           eeeeee
/data3fast/users/mbermudez/de_02/TFGDataset/img/T2_1479.png|weee       eeeeeeeeeee             eeeee
/data3fast/users/mbermudez/de_02/TFGDataset/img/T2_0315.png|unn  eeeeeeeiinnnneeeeeeeee  n         deeee
/data3fast/users/mbermudez/de_02/TFGDataset/img/T2_0440.png|de   aaaa     tttttttttttt
/data3fast/users/mbermudez/de_02/TFGDataset/img/T2_0341.png|eeeeehhhheeeeeeeeeeeeerttttt eeeeeeee      
/data3fast/users/mbermudez/de_02/TFGDataset/img/T2_1050.png|weee  d                 eeeeeeeeeeeeeeeeeeeeeee
/data3fast/users/mbermudez/de_02/TFGDataset/img/T2_0524.png|rrrreeeeeeeedd    eesss 
/data3fast/users/mbermudez/de_02/TFGDataset/img/T2_0311.png|annn        ehheh                             n
/data3fast/users/mbermudez/de_02/TFGDataset/img/T2_0410.png|geeeeeeeeeeeeeeeeeeeeeeee                    aaa   aaa
/data3fast/users/mbermudez/de_02/TFGDataset/img/T2_1138.png|aeeee e         sssssssseeeeeeeeeeeeeeeeeeeeeeee
/data3fast/users/mbermudez/de_02/TFGDataset/img/T2_1414.png|sooeeeeee     r eeeeeeeeeeeeeeeeeeee     eee
/data3fast/users/mbermudez/de_02/TFGDataset/img/T2_1257.png|derrrttteett  rr r rrrrrrreeeeehhhh   nnnnn
/data3fast/users/mbermudez/de_02/TFGDataset/img/T2_1342.png|aunn       e  dn      eeeeeeeeeeeeeeeeeee      eee
/data3fast/users/mbermudez/de_02/TFGDataset/img/T2_1264.png|dd    eeeee               eeeeeeeeeeeeeeeehhhh
/data3fast/users/mbermudez/de_02/TFGDataset/img/T2_1189.png|wweeeeeeeeeeeeee       ssss         eeeeeeee
/data3fast/users/mbermudez/de_02/TFGDataset/img/T2_1009.png|"     eeeeeeeeeeeeeeeeeiiii      aaa  sssss
/data3fast/users/mbermudez/de_02/TFGDataset/img/T2_1180.png|eeee           tttttsssssssstt             
/data3fast/users/mbermudez/de_02/TFGDataset/img/T2_1303.png|dnneeeeeeeeeeeaaaaa  eeeeeeeeeeeeiieeeee  eee
/data3fast/users/mbermudez/de_02/TFGDataset/img/T2_1450.png|aahh     eee e   iie  e eeeeeeeeeeeeeehhhhhhhhhhh
/data3fast/users/mbermudez/de_02/TFGDataset/img/T2_0193.png|rrrt   aaa                 eeeeeeeeeeeeeeeeeeeee nnn
/data3fast/users/mbermudez/de_02/TFGDataset/img/T2_0660.png|stn            sssssssss    eeeeeeeeeeeeeeeeee
/data3fast/users/mbermudez/de_02/TFGDataset/img/T2_0857.png|de               a     tt ttii  ieeeeeeesssssssssss
/data3fast/users/mbermudez/de_02/TFGDataset/img/T2_0256.png|aaa    n nneeeeeeeeeeeeessss    nnnneeeeei
/data3fast/users/mbermudez/de_02/TFGDataset/img/T2_1126.png|iiie  e eee e     ssss     ee  e tt          eeeee
/data3fast/users/mbermudez/de_02/TFGDataset/img/T2_0655.png|weesssssshhhhh itt   nnn eeeee       aaas
/data3fast/users/mbermudez/de_02/TFGDataset/img/T2_1301.png|der                      eeeeeeeeeeee   sssss         eeeeeeeN
/data3fast/users/mbermudez/de_02/TFGDataset/img/T2_0538.png|d      eer tt       lleeeeeeeeeeeee       eee
/data3fast/users/mbermudez/de_02/TFGDataset/img/T2_1406.png|dee           eeeeeeeeeeeeeee   hchh          eeeeeeee
/data3fast/users/mbermudez/de_02/TFGDataset/img/T2_0695.png|"    ssssshhhhhhheeeeeeeeeeee         *      hhh
/data3fast/users/mbermudez/de_02/TFGDataset/img/T2_0073.png|aaaa   tttttttt       eeeeeeeeeeeeeee
/data3fast/users/mbermudez/de_02/TFGDataset/img/T2_1022.png|deeeeeeeeeeeeee      eeeeeeeeeeeeeeeeeeennnn
/data3fast/users/mbermudez/de_02/TFGDataset/img/T2_0140.png|geeeeessssseee     sssseeeeeeee              ee   ii tt
/data3fast/users/mbermudez/de_02/TFGDataset/img/T2_0926.png|drrr   ee eeeiii  i    eeeeeeeeeeeeee nnnnnnnnnnn
/data3fast/users/mbermudez/de_02/TFGDataset/img/T2_0735.png|feeeetttttttttttt
/data3fast/users/mbermudez/de_02/TFGDataset/img/T2_0208.png|da   eeeeeeeeeee       hhhhhhhhhiiht       
/data3fast/users/mbermudez/de_02/TFGDataset/img/T2_0644.png|eeeeeeeeeeeeeeee     eeeeeeeeeeeeee e     rrreee
/data3fast/users/mbermudez/de_02/TFGDataset/img/T2_0732.png|"    eeeeeeeetttttttt  hhh     nnnn
/data3fast/users/mbermudez/de_02/TFGDataset/img/T2_0409.png|hhn  eeee        aaasss       ee e iiihhhhhn
/data3fast/users/mbermudez/de_02/TFGDataset/img/T2_0779.png|weeeeeeeeeeeeeeeeeeeeeeeeeiii    ssssss  eeeeeeeeee
/data3fast/users/mbermudez/de_02/TFGDataset/img/T2_1083.png|neeeehhhh       n dddee            h         eeeeee
/data3fast/users/mbermudez/de_02/TFGDataset/img/T2_0329.png|eeeeeeeeeeeeeesssss        eee eee  eeessss  h        nnnn
/data3fast/users/mbermudez/de_02/TFGDataset/img/T2_0539.png|weeesssssssss  ssssseeeeessssss    eeeeeeeee
/data3fast/users/mbermudez/de_02/TFGDataset/img/T2_1139.png|ttt      aa    hhhhhhhhhheeeeeeeeeeeeeeeeee
/data3fast/users/mbermudez/de_02/TFGDataset/img/T2_0756.png|neee  eeeeee          eeeee     ssshhhhhaaaa
/data3fast/users/mbermudez/de_02/TFGDataset/img/T2_0122.png|uureeeeeeeeeeeeeeeee  eeeeeeeeeeeeeeeeeeeeeee
/data3fast/users/mbermudez/de_02/TFGDataset/img/T2_0719.png|urrreeeeeeeeeiieeennnnnnnd       aaa  auuu
/data3fast/users/mbermudez/de_02/TFGDataset/img/T2_0205.png|beeehhhhhhh      ssss                 eeeeeeeett
/data3fast/users/mbermudez/de_02/TFGDataset/img/T2_1411.png|mttt     eeeeeeeeeeee            rttttt
/data3fast/users/mbermudez/de_02/TFGDataset/img/T2_0388.png|mmrrrre e tttttttt t     t      eeeeeee   i nnnnnnnn
/data3fast/users/mbermudez/de_02/TFGDataset/img/T2_0730.png|hha      ttttttte    eeeee      aaaa   eeeeeeeeee
/data3fast/users/mbermudez/de_02/TFGDataset/img/T2_0053.png|aasss  aaaa s ss stt          eee        sttttss
/data3fast/users/mbermudez/de_02/TFGDataset/img/T2_1431.png|deeeeeeeee nnnnnnnnnnnnneeeeeessssssssss
/data3fast/users/mbermudez/de_02/TFGDataset/img/T2_1153.png|uudd eeeeeeeeee
/data3fast/users/mbermudez/de_02/TFGDataset/img/T2_0166.png|nneeeeeeeee       aaa       eeeeeeeeeeee      aaaa
/data3fast/users/mbermudez/de_02/TFGDataset/img/T2_0987.png|# 
/data3fast/users/mbermudez/de_02/TFGDataset/img/T2_0521.png|dee     ttt         e eeeesssssssseeeee           
/data3fast/users/mbermudez/de_02/TFGDataset/img/T2_0285.png|ffee           eeee   ss eeeeeeeetttt
/data3fast/users/mbermudez/de_02/TFGDataset/img/T2_0358.png|"    sshhhhh    eeelllllllss    neeeeeeeeeee
/data3fast/users/mbermudez/de_02/TFGDataset/img/T2_0402.png|erre eeeeeeeeeeeeeeee         ndeeeeeee      stt
/data3fast/users/mbermudez/de_02/TFGDataset/img/T2_0030.png|deeeeeeeeeeeeeeeeeeeeeeeeeee                    eeee
/data3fast/users/mbermudez/de_02/TFGDataset/img/T2_0021.png|allltteeeeeeeeeeeiiiiieeeeerrrrrre
/data3fast/users/mbermudez/de_02/TFGDataset/img/T2_0163.png|diieeeeeeeeeee  tt      eeeeeeechhhhheeehhhhhhhhhhaa
/data3fast/users/mbermudez/de_02/TFGDataset/img/T2_1381.png|tttt                          a         eeeeeeeeeeeeeee
/data3fast/users/mbermudez/de_02/TFGDataset/img/T2_1474.png|uuu   e  ssssssssss     eeee                  
/data3fast/users/mbermudez/de_02/TFGDataset/img/T2_1427.png|# 
/data3fast/users/mbermudez/de_02/TFGDataset/img/T2_0306.png|t            eeheeeeeeeeeeeeee  n      eeeessss ttttt
/data3fast/users/mbermudez/de_02/TFGDataset/img/T2_0602.png|deeehhhhhe   e eeeee   lllll   eeeeeeelll     eeNNel      leelllll    eeeeellllll   eeeeee l     eeeeeell    lleee     
/data3fast/users/mbermudez/de_02/TFGDataset/img/T2_1141.png|mmhhh         hh         sssssss         eeeee
/data3fast/users/mbermudez/de_02/TFGDataset/img/T2_0746.png|geeeee        eee e     hhhhhhhhh   sss    eeee
/data3fast/users/mbermudez/de_02/TFGDataset/img/T2_0018.png|meeeeeeeeeeeeeeeeeeeeeeeeeeeeeee*****      eeee
/data3fast/users/mbermudez/de_02/TFGDataset/img/T2_0413.png|eee  d   eeeeesssss   aaaaaa a          sss
/data3fast/users/mbermudez/de_02/TFGDataset/img/T2_0668.png|nnnnneeeeeeee   n aa    eeeeeeeeeeeeiiiittccchh
/data3fast/users/mbermudez/de_02/TFGDataset/img/T2_1455.png|uu   eeeeeeee    hhhhh hhheeeee      nn iiiieeeee
/data3fast/users/mbermudez/de_02/TFGDataset/img/T2_1466.png|aanttttttt          eeeeeeeeeeeeeeeeeeee    ssssshhh
/data3fast/users/mbermudez/de_02/TFGDataset/img/T2_0217.png|*eeee                 e                iiiiiin
/data3fast/users/mbermudez/de_02/TFGDataset/img/T2_0155.png|              ssss s  t tt* **  tttiiieeeeeeeeeeeee
/data3fast/users/mbermudez/de_02/TFGDataset/img/T2_0640.png|# 
/data3fast/users/mbermudez/de_02/TFGDataset/img/T2_0096.png|aaa        n   eeeeeedddddeeeeeeeesaa
/data3fast/users/mbermudez/de_02/TFGDataset/img/T2_0420.png|drrrreeeeeeeeeeeeeeeeeeinnn n    aa   eee
/data3fast/users/mbermudez/de_02/TFGDataset/img/T2_1424.png|hhhhhhhheeeee          aaaaa          eeeeeehehhh
/data3fast/users/mbermudez/de_02/TFGDataset/img/T2_0462.png|eeeeeeeeeeeeeeeeeeeeeeeeeeeerrrrrr     sssssllle
/data3fast/users/mbermudez/de_02/TFGDataset/img/T2_0599.png|dd    hhhhhhhhhhhhlaa a                  eeeeeeeeee
/data3fast/users/mbermudez/de_02/TFGDataset/img/T2_0860.png|wiieeeeeeeeeeessshh    eeeeeett        eseeeeeeses    eee
/data3fast/users/mbermudez/de_02/TFGDataset/img/T2_0971.png|"  shhhhhhhhhhh        hh      eeeeeeeeeeeeeeee
/data3fast/users/mbermudez/de_02/TFGDataset/img/T2_0465.png|uuuu    n  nn  eeeeeeeeeeeeeee   nn
/data3fast/users/mbermudez/de_02/TFGDataset/img/T2_1283.png|sso    eeee    eeeeeeeeeeennnnnnnnnnnnnnn eee
/data3fast/users/mbermudez/de_02/TFGDataset/img/T2_0718.png|der tt        eeeeii  h   nnn  eeee    dee
/data3fast/users/mbermudez/de_02/TFGDataset/img/T2_1366.png|beeeeeeee       ll ttttt        ***         eeeeee
/data3fast/users/mbermudez/de_02/TFGDataset/img/T2_1088.png|uuu eeeeeeeeeeeeeeeeeeeeee            sssssshhh
/data3fast/users/mbermudez/de_02/TFGDataset/img/T2_1448.png|allleeeeeeeeeeeeei    aaaaaaa    eeeeeeeeeeeee
/data3fast/users/mbermudez/de_02/TFGDataset/img/T2_0542.png|eeer  aaaaaa     eeeeeeeeeeeee sschhhhhheeeeee
/data3fast/users/mbermudez/de_02/TFGDataset/img/T2_0281.png|eeeeee eee        aaaas              ssssss
/data3fast/users/mbermudez/de_02/TFGDataset/img/T2_0704.png|#  
/data3fast/users/mbermudez/de_02/TFGDataset/img/T2_0905.png|ggnnee     tttt       nnnn    n
/data3fast/users/mbermudez/de_02/TFGDataset/img/T2_1341.png|diiieeeeeeeeeeeeeeee  ssseeeeeeee   eeeeeeeeeeeeee
/data3fast/users/mbermudez/de_02/TFGDataset/img/T2_1011.png|# 
/data3fast/users/mbermudez/de_02/TFGDataset/img/T2_0013.png|nns         eeeeeeeeeeeeee
/data3fast/users/mbermudez/de_02/TFGDataset/img/T2_0347.png|deeeeeiiiiiinitttttttttttt          eeeee
/data3fast/users/mbermudez/de_02/TFGDataset/img/T2_1453.png|#  
/data3fast/users/mbermudez/de_02/TFGDataset/img/T2_0887.png|ttt   saahhhhhhhhhhhh hheeeeeeeeeeeeeeeeeeeeeeedeed
/data3fast/users/mbermudez/de_02/TFGDataset/img/T2_0445.png|uu   eeeeeeeee            tttllllllllll l
/data3fast/users/mbermudez/de_02/TFGDataset/img/T2_0191.png|eee   nneeeeeeeeeeeeeeeeeeee              ee
/data3fast/users/mbermudez/de_02/TFGDataset/img/T2_1202.png|ss         e cccct it    ****        eee     eeeeeeeeeee
/data3fast/users/mbermudez/de_02/TFGDataset/img/T2_1398.png|ie   ss seeeeeeeeeeeeeeeei niiiiii  ieee
/data3fast/users/mbermudez/de_02/TFGDataset/img/T2_1446.png|uuu     eleleeee te        d ddddd    eeesee
/data3fast/users/mbermudez/de_02/TFGDataset/img/T2_1094.png|"      sssshhhhhh  eee      hhhhh       deeeeeeee
/data3fast/users/mbermudez/de_02/TFGDataset/img/T2_0753.png|asseeeeeeeeeeeeeeeeeeeee  eeeeee     aaaaa
/data3fast/users/mbermudez/de_02/TFGDataset/img/T2_0743.png|aaaa      ee deeeeeeeeeeeeeeeeeeeeeeeeee
/data3fast/users/mbermudez/de_02/TFGDataset/img/T2_1254.png|mi   eeeeeeee   d d   ee e           eeeeeeeeeeeeee
/data3fast/users/mbermudez/de_02/TFGDataset/img/T2_0500.png|geeeeeeee   hhhhhh                sseeettt
/data3fast/users/mbermudez/de_02/TFGDataset/img/T2_1035.png|lcchhhhh     nnnnn  eeeeeeeeeeeeeeeeeeett   nnn
/data3fast/users/mbermudez/de_02/TFGDataset/img/T2_0093.png|dee aaaa     eeeeeeeeeeeeeeeeeee   sssttttt
/data3fast/users/mbermudez/de_02/TFGDataset/img/T2_0234.png|deeeeeeeeeee      aaa  a      eeeeeeeeeeee
/data3fast/users/mbermudez/de_02/TFGDataset/img/T2_1186.png|neehhhhhhhh                               eeeeeee
/data3fast/users/mbermudez/de_02/TFGDataset/img/T2_0921.png|d          nnnnn  nnsssssssssstttt ..
/data3fast/users/mbermudez/de_02/TFGDataset/img/T2_0771.png|#  
/data3fast/users/mbermudez/de_02/TFGDataset/img/T2_0781.png|"   eeeeeeeee        hhhe    nnn    nn eeee
/data3fast/users/mbermudez/de_02/TFGDataset/img/T2_0818.png|"  eeeeeeeeeeeee  
/data3fast/users/mbermudez/de_02/TFGDataset/img/T2_0148.png|ttttt             eeeeeeeeeeeeeeeeeeeeeeeeeeeeeeiiiith
/data3fast/users/mbermudez/de_02/TFGDataset/img/T2_1461.png|derr       sssssiiiiieeeeeeeeeeieiii   n    i     nn
/data3fast/users/mbermudez/de_02/TFGDataset/img/T2_0324.png|weiiiihhhhhhh    n nn  eellllllleleee e
/data3fast/users/mbermudez/de_02/TFGDataset/img/T2_0458.png|di                    sss        eeeeeeeeeeeeeeeeessss
/data3fast/users/mbermudez/de_02/TFGDataset/img/T2_0497.png|de  aaaa               eeeeee essssssiiiiiii
/data3fast/users/mbermudez/de_02/TFGDataset/img/T2_0815.png|deeeeeeeeeeeeeesss eiiiiii n nnnnnnneeeeeeeeee
/data3fast/users/mbermudez/de_02/TFGDataset/img/T2_1307.png|hheeeeeeeeeee   s     eeee             rrreee
/data3fast/users/mbermudez/de_02/TFGDataset/img/T2_0856.png|rrrrrr    eee   eneedeeeeeeeeeeeeeeeeeeeeeeeeeeee
/data3fast/users/mbermudez/de_02/TFGDataset/img/T2_1397.png|dassss          iiii inn  iiieeeeee
/data3fast/users/mbermudez/de_02/TFGDataset/img/T2_0850.png|weieieeeeheeeeee      e e   ee
/data3fast/users/mbermudez/de_02/TFGDataset/img/T2_1152.png|bbrrr   tt     n           eeeeeeelll
/data3fast/users/mbermudez/de_02/TFGDataset/img/T2_1103.png|geeeeeee                 eeeeehehhhh     aaaaaa
/data3fast/users/mbermudez/de_02/TFGDataset/img/T2_0075.png|"   eeeeeeee      
/data3fast/users/mbermudez/de_02/TFGDataset/img/T2_0416.png|bshhh                          e          reeeettttt
/data3fast/users/mbermudez/de_02/TFGDataset/img/T2_0446.png|deee                 ee             s      iieeeie
/data3fast/users/mbermudez/de_02/TFGDataset/img/T2_0928.png|der  aaaaaaa        iiiiiietttt    aaaaaa
/data3fast/users/mbermudez/de_02/TFGDataset/img/T2_0001.png|geee      eeeeeeeeeeeeeeeeee       sssssssseeeee
/data3fast/users/mbermudez/de_02/TFGDataset/img/T2_1187.png|annn     eeee         lllll                       tt
/data3fast/users/mbermudez/de_02/TFGDataset/img/T2_0130.png|hhheeeeeeeeeeeee hhhhh           eeeeess           
/data3fast/users/mbermudez/de_02/TFGDataset/img/T2_0309.png|dassseeeeeeeeeeeeeeesss              r reee
/data3fast/users/mbermudez/de_02/TFGDataset/img/T2_1243.png|eeeeeeeeeee           eeeeeeeeee  se  sseeeeeeeee
/data3fast/users/mbermudez/de_02/TFGDataset/img/T2_0398.png|mi      dd   s        e sss         eeeeee
/data3fast/users/mbermudez/de_02/TFGDataset/img/T2_0189.png|sshhhhheeeeeeeeeeee  sss    lttl     eeeeeeeeeeeeee
/data3fast/users/mbermudez/de_02/TFGDataset/img/T2_0570.png|llls        eeeeeeeeeeeee                        nnnnn
/data3fast/users/mbermudez/de_02/TFGDataset/img/T2_0972.png|slltt    
/data3fast/users/mbermudez/de_02/TFGDataset/img/T2_0162.png|deesssssseeeee           eeeeeeeeeeeeeeeeeeeinnnnnn
/data3fast/users/mbermudez/de_02/TFGDataset/img/T2_1215.png|schhhhh          eeeeeheeeeeeeeeeeee  aaaau
/data3fast/users/mbermudez/de_02/TFGDataset/img/T2_0113.png|iiitttttttttt                     eeeeeeeeeeee  eeee
/data3fast/users/mbermudez/de_02/TFGDataset/img/T2_0146.png|sssssssssss     eeeeeeeeeeeeeeeennennnennnnnn
/data3fast/users/mbermudez/de_02/TFGDataset/img/T2_0127.png|daaa     eeeeeeeeeeeeeei  ee    n eeeeeeeeeeeeNeeN
/data3fast/users/mbermudez/de_02/TFGDataset/img/T2_0508.png|"   eeeeee hhaaaaaaaasllllllleeeeeeeee  
/data3fast/users/mbermudez/de_02/TFGDataset/img/T2_0171.png|ihh     
/data3fast/users/mbermudez/de_02/TFGDataset/img/T2_0265.png|iiieeeee ee            nnn   eeeeee    nn      sse
/data3fast/users/mbermudez/de_02/TFGDataset/img/T2_0083.png|uuueeeeeeeeetttt                    tttttt
/data3fast/users/mbermudez/de_02/TFGDataset/img/T2_0405.png|wennnnnnnnneeeeeeeeeeeeeeeeeeeeeeeee
/data3fast/users/mbermudez/de_02/TFGDataset/img/T2_1471.png|sttt            eeeeeeeeeee           eeee       eee 
/data3fast/users/mbermudez/de_02/TFGDataset/img/T2_1386.png|dd        eeeeeeeessseeeeeeee   ee   rrrrrrriii
/data3fast/users/mbermudez/de_02/TFGDataset/img/T2_1294.png|aaeeeeeeeeeeeeeeeeeeeeeeee   ss                  eeeeee
/data3fast/users/mbermudez/de_02/TFGDataset/img/T2_1199.png|mmm   ttt   e    e ee  eeeerre ttttttttt 
/data3fast/users/mbermudez/de_02/TFGDataset/img/T2_1253.png|bbsss hhh eeeeeeeeeeee          .
/data3fast/users/mbermudez/de_02/TFGDataset/img/T2_0486.png|de         eeeeeesssssssehhhhhttt      aa     eehhhhh
/data3fast/users/mbermudez/de_02/TFGDataset/img/T2_0308.png|drrrrrr e     eeeeeeeeeeeeeeehh     n  n     sss
/data3fast/users/mbermudez/de_02/TFGDataset/img/T2_0142.png|weii     nnn    hhhh   hh  rr           
/data3fast/users/mbermudez/de_02/TFGDataset/img/T2_0090.png|deerehhhheeeeeeeeeeeeeeee       ee
/data3fast/users/mbermudez/de_02/TFGDataset/img/T2_0345.png|iihhhh         eeeeeeee          eeeeeeeeeeeessee
/data3fast/users/mbermudez/de_02/TFGDataset/img/T2_0298.png|unn  eesshhhhhhh    aaaa               eeeeeeeeeeeeeeeeee
/data3fast/users/mbermudez/de_02/TFGDataset/img/T2_1464.png|eeee           nnnn    ddddeeeeeeeeeehhhhhhhhh
/data3fast/users/mbermudez/de_02/TFGDataset/img/T2_0851.png|nneeeeeeeeeeee        aaaaa    eeeeeeeeeeeeeeet
/data3fast/users/mbermudez/de_02/TFGDataset/img/T2_0233.png|beeeehheeeeette*       eeeeeeeeee      dd       eeiiiih
/data3fast/users/mbermudez/de_02/TFGDataset/img/T2_0012.png|hhte    er                 e eeeeeeeeeeeee
/data3fast/users/mbermudez/de_02/TFGDataset/img/T2_1268.png|wii        nnnnnnnn   a sss eeeeee    nnnnn
/data3fast/users/mbermudez/de_02/TFGDataset/img/T2_1191.png|iieeeeeeeeee          eeeeeeeeeerr r rrrrrrrrre  reeee
/data3fast/users/mbermudez/de_02/TFGDataset/img/T2_0876.png|mreeeeeeeeeeeeiiiiiee             eeeeeeeeee
/data3fast/users/mbermudez/de_02/TFGDataset/img/T2_0915.png|lllleeeeeeeeeeeeeeeeeeeeeeeenneeeeee ss     eeeee
/data3fast/users/mbermudez/de_02/TFGDataset/img/T2_0390.png|sssseeeeeeeeeeeeeeehhhhhh        eeee    eeeeeeeeeee
/data3fast/users/mbermudez/de_02/TFGDataset/img/T2_1258.png|orr hhaaaaaaasllllleeeeeeeee  ee     ssssssss
/data3fast/users/mbermudez/de_02/TFGDataset/img/T2_0366.png|daa s    eeeeeeeeeeeeeeeeeeeeeeeeeeee     
/data3fast/users/mbermudez/de_02/TFGDataset/img/T2_0702.png|hheeeeeeeeeeeeesstttt        hlllllleeeeNN
/data3fast/users/mbermudez/de_02/TFGDataset/img/T2_0002.png|miittttttee      aa    a  ssssss  eeeee
/data3fast/users/mbermudez/de_02/TFGDataset/img/T2_0453.png|unnddd       reeeeeerrtttttttttt    n
/data3fast/users/mbermudez/de_02/TFGDataset/img/T2_0459.png|stt      nnnnn    n  iiieeeeeeeeeeeennn   nnnneeee
/data3fast/users/mbermudez/de_02/TFGDataset/img/T2_0761.png|geee nnnnn  ttttt.
/data3fast/users/mbermudez/de_02/TFGDataset/img/T2_0403.png|unnd               eeeeeeeeeeeeeeeeeeeeeeeeeee
/data3fast/users/mbermudez/de_02/TFGDataset/img/T2_0336.png|hhhe        eee          eeeeeeeee    ttttt
/data3fast/users/mbermudez/de_02/TFGDataset/img/T2_0609.png|eerrrlleeeeeeeeeeesseeeeeeeeii  sssssssssss
/data3fast/users/mbermudez/de_02/TFGDataset/img/T2_0185.png|dnn   eeee              eehhhhhh nnnnnnnn  a
/data3fast/users/mbermudez/de_02/TFGDataset/img/T2_1338.png|ieeeeeeeeeeeeeeeeeeennnneeeeeeee****    essss
/data3fast/users/mbermudez/de_02/TFGDataset/img/T2_1457.png|fff eeeeeeeeeeeeeeeeeeeeen           e
/data3fast/users/mbermudez/de_02/TFGDataset/img/T2_0814.png|llee       eeeeeeeeeeeeeeeeeeeeee         eh
/data3fast/users/mbermudez/de_02/TFGDataset/img/T2_0694.png|eeetttttttttt                  eeeeeeeeeeeeee
/data3fast/users/mbermudez/de_02/TFGDataset/img/T2_0564.png|wrr            assssss          ******....
/data3fast/users/mbermudez/de_02/TFGDataset/img/T2_0173.png|bee     nnnnnneeeiiiiiiiii       iiehhhhh
/data3fast/users/mbermudez/de_02/TFGDataset/img/T2_0213.png|ss      eeeeesssss ee e    eeeeeee e  eeeeeee ihch
/data3fast/users/mbermudez/de_02/TFGDataset/img/T2_0039.png|deeee      e eee eeeeeeeeeeeeeeeeeeeeeee       sssssss
/data3fast/users/mbermudez/de_02/TFGDataset/img/T2_0138.png|aa    ssss               eeeeeeeeeeeeeeeeeeee
/data3fast/users/mbermudez/de_02/TFGDataset/img/T2_0587.png|der     aann       reeeeerrr  rr eh       ee
/data3fast/users/mbermudez/de_02/TFGDataset/img/T2_0325.png|"     eeeeeeeeeeeeee   iinnn   eeeeeeeee
/data3fast/users/mbermudez/de_02/TFGDataset/img/T2_0833.png|oreeesssssseeeeeeeeeeeee      hhhhh           tttt
/data3fast/users/mbermudez/de_02/TFGDataset/img/T2_0229.png|iihhhhhh aaa   eeeeeeeeeeeeeeeeeeeeeehhhhheee       ee
/data3fast/users/mbermudez/de_02/TFGDataset/img/T2_1489.png|aacchhhh               nnn nnn     eee    t
/data3fast/users/mbermudez/de_02/TFGDataset/img/T2_1402.png|wlla            ssssh s    ee    hhheeeeeeeeeee
/data3fast/users/mbermudez/de_02/TFGDataset/img/T2_0059.png|bee dnnnnnnnneeeeeeellllleeeeeeeeeeeeeeeddddddd
/data3fast/users/mbermudez/de_02/TFGDataset/img/T2_0505.png|nnneeeeeeeeeeeeeeeeeeeeeee
/data3fast/users/mbermudez/de_02/TFGDataset/img/T2_0216.png|tttthhhhh           deeeeeeeeeeee   n n  dddedd
/data3fast/users/mbermudez/de_02/TFGDataset/img/T2_1160.png|ttt***      ee  ehheeee eeeeeeeeeeeeeeehhh         eeeee
/data3fast/users/mbermudez/de_02/TFGDataset/img/T2_0295.png|geeeeiiii  nnn   nn nneeeeeeeee     aaaaa
/data3fast/users/mbermudez/de_02/TFGDataset/img/T2_1005.png|eeeehhhhhhhaa          ssss     eee        
/data3fast/users/mbermudez/de_02/TFGDataset/img/T2_1170.png|on   eeeeeeee       nnnnn  n  eee     tl
/data3fast/users/mbermudez/de_02/TFGDataset/img/T2_0301.png|brre      eeeee   ssssseeee e                  a
/data3fast/users/mbermudez/de_02/TFGDataset/img/T2_1390.png|nnnn               ssssii             sseeeeeeee
/data3fast/users/mbermudez/de_02/TFGDataset/img/T2_0685.png|diiieeeeeeeeeeeeenn   alllleeee       
/data3fast/users/mbermudez/de_02/TFGDataset/img/T2_0215.png|thhh            eeeee                n  iic   eeeeee
/data3fast/users/mbermudez/de_02/TFGDataset/img/T2_1166.png|deeeeeeeeee  eee        eeeeeeeeeee     eeeeh    sssssss
/data3fast/users/mbermudez/de_02/TFGDataset/img/T2_1361.png|"   ddeeeeeeeeeeeeeeennnii     nn    aassslll
/data3fast/users/mbermudez/de_02/TFGDataset/img/T2_0697.png|hhh          eeeeeeeseeeeeeeee              alll
/data3fast/users/mbermudez/de_02/TFGDataset/img/T2_0680.png|aaneeeeeeeeeeeeeeeii       nnn            hhhhhhhhh
/data3fast/users/mbermudez/de_02/TFGDataset/img/T2_1374.png|oee        nnnhhhiiinn          eeee
/data3fast/users/mbermudez/de_02/TFGDataset/img/T2_0466.png|eeesss                          ssseeeeeeeeehehhhh
/data3fast/users/mbermudez/de_02/TFGDataset/img/T2_1097.png|eeeeeeeeeeeeee eennnnneeeeeeeeee     sssssehhe
/data3fast/users/mbermudez/de_02/TFGDataset/img/T2_0201.png|gresssssssseeeee     eeee eee     s    eee e      e    eee
/data3fast/users/mbermudez/de_02/TFGDataset/img/T2_0326.png|ggeee sssss    aahhhh      eee             sssseee
/data3fast/users/mbermudez/de_02/TFGDataset/img/T2_1332.png|ss                          ss ss       ee      ane
/data3fast/users/mbermudez/de_02/TFGDataset/img/T2_0291.png|eeeesssssss       ee         ee  ee            nn
/data3fast/users/mbermudez/de_02/TFGDataset/img/T2_0414.png|geee            eeecctttttii   nnn n nn       eeeeee
/data3fast/users/mbermudez/de_02/TFGDataset/img/T2_0190.png|iihh    eee    tt      icccschii                
/data3fast/users/mbermudez/de_02/TFGDataset/img/T2_0571.png|beeee            eee     eeeeeeeeeeeeeennn
/data3fast/users/mbermudez/de_02/TFGDataset/img/T2_1034.png|derr     eeeeeeeeeeeeeeeeeee       eeeehhhhhhh
/data3fast/users/mbermudez/de_02/TFGDataset/img/T2_0848.png|ggeee ttt       e  eeeeee    sss          eeee
/data3fast/users/mbermudez/de_02/TFGDataset/img/T2_0394.png|un   eeeeeeeeeeeeeeeeeeeeeeeeeeee nn  nnnnn
/data3fast/users/mbermudez/de_02/TFGDataset/img/T2_0823.png|sstt   aa            eeeeeeee**      cchhhh
/data3fast/users/mbermudez/de_02/TFGDataset/img/T2_0128.png|hhhh eeeeeeeeeeeeehhhhh      eeeeeeee        aa
/data3fast/users/mbermudez/de_02/TFGDataset/img/T2_0914.png|aass  eeeeeeeeeeee  eeeeeeeeeeeeeeeeeeerrrrrrrrrr
/data3fast/users/mbermudez/de_02/TFGDataset/img/T2_0837.png|dieeeeeeeeesessssse nnnnnnnnnnnnnnnneeeeeeee
/data3fast/users/mbermudez/de_02/TFGDataset/img/T2_1296.png|in   esssssttttt t             nn      eeeeeeeee
/data3fast/users/mbermudez/de_02/TFGDataset/img/T2_0807.png|bbb       n neeeeeeeeeeessssssssss    nnnnnn
/data3fast/users/mbermudez/de_02/TFGDataset/img/T2_0114.png|dee  hhhhh        d  eeeeeeeeeehhhhhh    hhllllll
/data3fast/users/mbermudez/de_02/TFGDataset/img/T2_1432.png|geeeeh   s    eeeeeeeeeeeeeeeeeererreeeeeeeeeee
/data3fast/users/mbermudez/de_02/TFGDataset/img/T2_0859.png|ttttt                    ssssssss     nn
/data3fast/users/mbermudez/de_02/TFGDataset/img/T2_0665.png|geeee   aaaaaaa       ee         eeeeeee
/data3fast/users/mbermudez/de_02/TFGDataset/img/T2_0799.png|eeeeeeeeeeeehhhhhhhh    eeeeeeeeennnneeeeeeeeee
/data3fast/users/mbermudez/de_02/TFGDataset/img/T2_1435.png|mmi       hhhh                 ssss    aaa
/data3fast/users/mbermudez/de_02/TFGDataset/img/T2_0042.png|der   tt t               eeeeeeeeeeeeehheee     ee
/data3fast/users/mbermudez/de_02/TFGDataset/img/T2_1321.png|ssstteeeeeeeeeeeeeeeeeeeeellll                .
/data3fast/users/mbermudez/de_02/TFGDataset/img/T2_0026.png|mii  eeeeeeeeeeeee   eeeeeeeeeeeeeedd      ssssss
/data3fast/users/mbermudez/de_02/TFGDataset/img/T2_0511.png|oolleeeee        n                            aa
/data3fast/users/mbermudez/de_02/TFGDataset/img/T2_0540.png|# 
/data3fast/users/mbermudez/de_02/TFGDataset/img/T2_0801.png|eeetttt         eeeeeeeeeeeeee     aa       nnne
/data3fast/users/mbermudez/de_02/TFGDataset/img/T2_0116.png|"    eeeeeeeeee           sseeeeeeeeeeeeeeeeeeeeee
/data3fast/users/mbermudez/de_02/TFGDataset/img/T2_1222.png|wlll      eeeeeelleeeeeeeeeeeeeee        tt
/data3fast/users/mbermudez/de_02/TFGDataset/img/T2_0676.png|#  
/data3fast/users/mbermudez/de_02/TFGDataset/img/T2_1130.png|rrrrssssssssssss      n  eeeeeeeeeeeeeeeeeeehhh
