/data3fast/users/mbermudez/de_02/TFGDataset/img/T2_0663.png|geeeeeeetttt           eeeeeeeeeeeeeeeeeee    eeee
/data3fast/users/mbermudez/de_02/TFGDataset/img/T2_0228.png|"   eeeeeettteeeehheieeeeeeee nn eeeesssssss
/data3fast/users/mbermudez/de_02/TFGDataset/img/T2_0255.png|"        nnnnnnn    lllllllll    ihheeee
/data3fast/users/mbermudez/de_02/TFGDataset/img/T2_1076.png|ggeeeeessssssss  a      a      eeeee           chhh
/data3fast/users/mbermudez/de_02/TFGDataset/img/T2_1138.png|aeee        eeesssseeeeeeeeeeeeeeeeeeeee    eee
/data3fast/users/mbermudez/de_02/TFGDataset/img/T2_1306.png|dee eeeeeeeeeeeeeeeeeeeeeeeeeeeeeeeet       ee
/data3fast/users/mbermudez/de_02/TFGDataset/img/T2_0816.png|uu    sttttt
/data3fast/users/mbermudez/de_02/TFGDataset/img/T2_0822.png|unnn     aaaa    aaaann  naaaaaahhhhh
/data3fast/users/mbermudez/de_02/TFGDataset/img/T2_0452.png|"  h eeeeeee     n       aaaaassssaahhhlllll
/data3fast/users/mbermudez/de_02/TFGDataset/img/T2_1048.png|iieeeeeeeee      * ******eee**eeee                  sss
/data3fast/users/mbermudez/de_02/TFGDataset/img/T2_0378.png|i     eeeeeeeee                 chchhhheeeeeeeeeeeee
/data3fast/users/mbermudez/de_02/TFGDataset/img/T2_0643.png|drrrrchhhhhhtht  eeeeeeeeettt     nnnnnn      
/data3fast/users/mbermudez/de_02/TFGDataset/img/T2_0416.png|bhhhhhh                sss ee       e    etttttttes
/data3fast/users/mbermudez/de_02/TFGDataset/img/T2_0290.png|eeeeeeeeeeeeeeeeeeeeesssss  hhhlllleeeeeeeeeeeeee
/data3fast/users/mbermudez/de_02/TFGDataset/img/T2_0058.png|de    eeeeeeeeeeeeee              ssssssaa  eeeeeeee
/data3fast/users/mbermudez/de_02/TFGDataset/img/T2_0030.png|dere eeeeeeeeeeeeeeeeeeeee                    ee
/data3fast/users/mbermudez/de_02/TFGDataset/img/T2_1134.png|tet     aaaa  llleeeeeeeeeeeeeeeeeeeeeeeeee
/data3fast/users/mbermudez/de_02/TFGDataset/img/T2_0281.png|teeeeeeeeee                   e e       shhhhh
/data3fast/users/mbermudez/de_02/TFGDataset/img/T2_1189.png|waeeeeeeeeeeeehhhla     s s           eeee
/data3fast/users/mbermudez/de_02/TFGDataset/img/T2_0036.png|wrr         eeeeeeleeeeeeeeeeeeee     t
/data3fast/users/mbermudez/de_02/TFGDataset/img/T2_1301.png|derr     nn    h            eeeeeeeeeessss          eeeeeeeee
/data3fast/users/mbermudez/de_02/TFGDataset/img/T2_0044.png|wieee                n  eeeee             ee
/data3fast/users/mbermudez/de_02/TFGDataset/img/T2_0091.png|uu      aaaeeeeeeeee      sss      eeeee
/data3fast/users/mbermudez/de_02/TFGDataset/img/T2_1342.png|aann  eeeee    nnnn   ee  ee ee eeeeeeeeeeeee  a
/data3fast/users/mbermudez/de_02/TFGDataset/img/T2_0253.png|fnnn     eessss ss  eeeeieieiiiie eeeeeeeee
/data3fast/users/mbermudez/de_02/TFGDataset/img/T2_0564.png|wrrr        a   ssssssss          ******.
/data3fast/users/mbermudez/de_02/TFGDataset/img/T2_0069.png|iii   eeeeeeeeeeeeeeeeeeeeleeleee        nnnn
/data3fast/users/mbermudez/de_02/TFGDataset/img/T2_0958.png|dee      eee           c        nnn     eeeeeeeee
/data3fast/users/mbermudez/de_02/TFGDataset/img/T2_1288.png|hhhhh        eeeeeeee          aaaaaa aaa
/data3fast/users/mbermudez/de_02/TFGDataset/img/T2_1035.png|llhhhhh        nnnn eeeeeeeeeeeeeeeeeii    nnn
/data3fast/users/mbermudez/de_02/TFGDataset/img/T2_1228.png|geeee ddd      ssssssssssssss        eeeeeeeeeeeehhh
/data3fast/users/mbermudez/de_02/TFGDataset/img/T2_0930.png|iiieeeeee      e    e e nn eeeeeeeeeeeeeeeeeeesssss
/data3fast/users/mbermudez/de_02/TFGDataset/img/T2_0403.png|unddd          ee eeeeeeeeeeeeeeeeeeeeeeeeeeee
/data3fast/users/mbermudez/de_02/TFGDataset/img/T2_1174.png|hherrr                 eeeeeeeeeeeeeeeeeeeeeeeee*eee
/data3fast/users/mbermudez/de_02/TFGDataset/img/T2_0419.png|de    ssssssttttt        *    siiiiittit
/data3fast/users/mbermudez/de_02/TFGDataset/img/T2_0764.png|nneeeeeeeeee               eee                
/data3fast/users/mbermudez/de_02/TFGDataset/img/T2_0380.png|geesssss         eee    ssssssssssseeeeee   eeee
/data3fast/users/mbermudez/de_02/TFGDataset/img/T2_0925.png|zzzeeeeeeeeeeeeeeeeeeeeeeeeehhh         aaaasss
/data3fast/users/mbermudez/de_02/TFGDataset/img/T2_1139.png|tt     a aa    hhhhhhhhhhheeeeeeeeeeeeeeeee
/data3fast/users/mbermudez/de_02/TFGDataset/img/T2_0622.png|geeNNN   d      eeeeeeeeennnnn nn           ssst
/data3fast/users/mbermudez/de_02/TFGDataset/img/T2_0945.png|inn    eeeeeeeeeeeeeeeessseeeeee        
/data3fast/users/mbermudez/de_02/TFGDataset/img/T2_0066.png|frr      ehhhheeeeeeett           eseeeeee
/data3fast/users/mbermudez/de_02/TFGDataset/img/T2_0593.png|wweeeee        nn  nniiieeeeeeee           
/data3fast/users/mbermudez/de_02/TFGDataset/img/T2_0441.png|hh   eeeeee           sssssssssss     eeee
/data3fast/users/mbermudez/de_02/TFGDataset/img/T2_1244.png|hheeeeeeeeee            ssssssssssteeeeee
/data3fast/users/mbermudez/de_02/TFGDataset/img/T2_0195.png|wali           hhhhhh      r  rr    u rree
/data3fast/users/mbermudez/de_02/TFGDataset/img/T2_1135.png|geeeeeeetttttttssss     eee    eeeeee eeeessss
/data3fast/users/mbermudez/de_02/TFGDataset/img/T2_1018.png|wiii                   sssssseeeeeeeeeeennnn
/data3fast/users/mbermudez/de_02/TFGDataset/img/T2_0516.png|wweeeeeeeee  s                eeeeeeeeeeeeeeeee
/data3fast/users/mbermudez/de_02/TFGDataset/img/T2_0540.png|# 
/data3fast/users/mbermudez/de_02/TFGDataset/img/T2_0193.png|orttt     a             rreeeeeeeeeeeeeeeeee  nnnnnn
/data3fast/users/mbermudez/de_02/TFGDataset/img/T2_0606.png|weeeee e ee                    heeeeeeeeeeeiiittt
/data3fast/users/mbermudez/de_02/TFGDataset/img/T2_0117.png|ggeeeeeeeeeeeeeeeett                      eee
/data3fast/users/mbermudez/de_02/TFGDataset/img/T2_0293.png|deee eeeeeeeeeee          aaaa    eeeeeeeeeeeeeeeee
/data3fast/users/mbermudez/de_02/TFGDataset/img/T2_0394.png|unn  eeeeeeeeeeeeeeeeeeeeeneeeeeeennnnn  nn
/data3fast/users/mbermudez/de_02/TFGDataset/img/T2_1128.png|ii      eeeeeeeeeeeeeeeeee  tttttt   iiieeeeeee
/data3fast/users/mbermudez/de_02/TFGDataset/img/T2_0679.png|uun eeeehhhhhhhh        hhhhh      h         eee
/data3fast/users/mbermudez/de_02/TFGDataset/img/T2_0490.png|eerrtttt       nnnnnnt  tt           teeesse
/data3fast/users/mbermudez/de_02/TFGDataset/img/T2_1011.png|#  
/data3fast/users/mbermudez/de_02/TFGDataset/img/T2_0111.png|ffeeeeeeeee llhhhh   eeeeeeeeeeeel       aaaaaa
/data3fast/users/mbermudez/de_02/TFGDataset/img/T2_1099.png|hhh        nnn    nnnnnn  nn    ssssssseeeeeeeee e
/data3fast/users/mbermudez/de_02/TFGDataset/img/T2_0188.png|aaeeeeeeeessssss          eeeeeeeeeeeeeeeeeeeeeeeee
/data3fast/users/mbermudez/de_02/TFGDataset/img/T2_0157.png|ooo    eeeeeeeeeeeeessss         n  dddeee
/data3fast/users/mbermudez/de_02/TFGDataset/img/T2_0673.png|aass eeeeeeer  r rrrr  aaallleeeeeN
/data3fast/users/mbermudez/de_02/TFGDataset/img/T2_1055.png|seeeeeee    aaaatt        eeessssssss
/data3fast/users/mbermudez/de_02/TFGDataset/img/T2_1397.png|dass              iiiiihh  iieeeeeeee
/data3fast/users/mbermudez/de_02/TFGDataset/img/T2_0942.png|iiit          neeee          hh sss  eeeee
/data3fast/users/mbermudez/de_02/TFGDataset/img/T2_0760.png|unn        hhaaaaaaaallllleeeeeeeee
/data3fast/users/mbermudez/de_02/TFGDataset/img/T2_0677.png|aass    eeeeeeeeeeeeeeeeeeeeesseee eeee
/data3fast/users/mbermudez/de_02/TFGDataset/img/T2_1090.png|eeeeetttttt 
/data3fast/users/mbermudez/de_02/TFGDataset/img/T2_0142.png|weiii  nnnnn ihhhh   hhhh     eee       e
/data3fast/users/mbermudez/de_02/TFGDataset/img/T2_0246.png|iitt          eeeeeeeeeeeeeeeeeeeeeeee*eeee
/data3fast/users/mbermudez/de_02/TFGDataset/img/T2_0908.png|sse         eeeeeeeeeeeg               tttt
/data3fast/users/mbermudez/de_02/TFGDataset/img/T2_0890.png|neeeee            ssssslllllleeeeeeeeeeeee       aaa
/data3fast/users/mbermudez/de_02/TFGDataset/img/T2_0492.png|orrreeeeeehhhhhhhh         eeeeeeeeeeeeeeiiieeeeee
/data3fast/users/mbermudez/de_02/TFGDataset/img/T2_0014.png|nn   eeeeeeee             eeeeeeeehhhhee       nnn
/data3fast/users/mbermudez/de_02/TFGDataset/img/T2_0146.png|ssssssssssssssseeeeeeeeeeeeeeeeeeeennnnneeeeen
/data3fast/users/mbermudez/de_02/TFGDataset/img/T2_0311.png|aaan     ee   eeeeeee               eeee      nn
/data3fast/users/mbermudez/de_02/TFGDataset/img/T2_0008.png|d                     eeeeeee**  eeeeeeee     nnn
/data3fast/users/mbermudez/de_02/TFGDataset/img/T2_0803.png|aeeeeeeeeeeeeeeee   hhhh eeeeeeeee     ttttttt
/data3fast/users/mbermudez/de_02/TFGDataset/img/T2_0647.png|sttttt             eeeeeeeeee        chhh        e
/data3fast/users/mbermudez/de_02/TFGDataset/img/T2_0027.png|eer  aannnnnnnnnnn   ttt   ssss
/data3fast/users/mbermudez/de_02/TFGDataset/img/T2_0318.png|dee              aaa           tiii nnnnn
/data3fast/users/mbermudez/de_02/TFGDataset/img/T2_1022.png|deeeeeeeeeeeee        eeesseeeeeeeeeeeeennnn
/data3fast/users/mbermudez/de_02/TFGDataset/img/T2_1473.png|wwiiieeelleeeeeeelllla a        nnnnnnnnnnnn
/data3fast/users/mbermudez/de_02/TFGDataset/img/T2_0776.png|seeeeeeeeeeeeeeeeehhheeeee             ddddeeeeeeeedeee
/data3fast/users/mbermudez/de_02/TFGDataset/img/T2_0349.png|sst   a        e  e eee    hhhhhhh     hhhhe
/data3fast/users/mbermudez/de_02/TFGDataset/img/T2_0624.png|dieeesssehhheeeeeeeeeeeeeeeeeeeeee        sssss
/data3fast/users/mbermudez/de_02/TFGDataset/img/T2_0305.png|dissshhh    t                       eeeeeeeeeeeeeeeeeeeeeee
/data3fast/users/mbermudez/de_02/TFGDataset/img/T2_0729.png|eeeeeeeeeeee     aaaa   
/data3fast/users/mbermudez/de_02/TFGDataset/img/T2_0818.png|"   eeeeeeeeeee    
/data3fast/users/mbermudez/de_02/TFGDataset/img/T2_0267.png|deerreeeiiii          nn     e eee           rne
/data3fast/users/mbermudez/de_02/TFGDataset/img/T2_0208.png|aas eeeeeeeeeeeeee      hhhhhhhhhhh          
/data3fast/users/mbermudez/de_02/TFGDataset/img/T2_0731.png|oot     eeeeeeeeeeeeeeeeeeeeeeeeeee sssssssss sseee
/data3fast/users/mbermudez/de_02/TFGDataset/img/T2_0372.png|deerehhheeeeeeee  ss         aaaaeleeeeeeeet
/data3fast/users/mbermudez/de_02/TFGDataset/img/T2_0476.png|de    eeeeee          ee
/data3fast/users/mbermudez/de_02/TFGDataset/img/T2_0042.png|der   tttt                eeeeeeeeeeeeeeeee     ee
/data3fast/users/mbermudez/de_02/TFGDataset/img/T2_0234.png|deeeeeeeeeee      aaaaa  eeeeeeee    eeeee
/data3fast/users/mbermudez/de_02/TFGDataset/img/T2_0864.png|maa          eesseeeeee  eee        a    nneee
/data3fast/users/mbermudez/de_02/TFGDataset/img/T2_1483.png|zrrreeee       eeeeeeeeeeeeeeeehhhheeeeeeeeee
/data3fast/users/mbermudez/de_02/TFGDataset/img/T2_1448.png|gnnneeeeeeeeeeeeen nn  aaa         eeeeeee  nn
/data3fast/users/mbermudez/de_02/TFGDataset/img/T2_0753.png|aasseeeeeeeeeeeeeeeeeeeeeeeeee       aaaa
/data3fast/users/mbermudez/de_02/TFGDataset/img/T2_1112.png|sst      aaaaa   s aa a   hhhh        eeeehhhhh
/data3fast/users/mbermudez/de_02/TFGDataset/img/T2_0152.png|unn         e           eeeehccchhhhh     
/data3fast/users/mbermudez/de_02/TFGDataset/img/T2_0604.png|shhhheeeee e    ii tt
/data3fast/users/mbermudez/de_02/TFGDataset/img/T2_1100.png|ihhh     eeeeeeeeeeeeeeeeeeeee             eeeee
/data3fast/users/mbermudez/de_02/TFGDataset/img/T2_0791.png|sschhheeeeee                    eeeee         tt
/data3fast/users/mbermudez/de_02/TFGDataset/img/T2_0220.png|eee   aa  eeeeeeeeeeeeeeetttttttt          eeeeeee
/data3fast/users/mbermudez/de_02/TFGDataset/img/T2_0383.png|iieeeeeeeeeeeeeeeeee       nn   nnnnaa  elllleeeeeeee
/data3fast/users/mbermudez/de_02/TFGDataset/img/T2_1475.png|eeeeeeeeeeeeeeeeeeeeeee   n            eeeeee
/data3fast/users/mbermudez/de_02/TFGDataset/img/T2_0205.png|beeehhhheee                          eeeeeeeeeeett
/data3fast/users/mbermudez/de_02/TFGDataset/img/T2_1399.png|mi  eeeeeeeeeeeeNNNe                         eee
/data3fast/users/mbermudez/de_02/TFGDataset/img/T2_1442.png|deeeeeeeeh     nnnnnn      d  rr     r           u
/data3fast/users/mbermudez/de_02/TFGDataset/img/T2_0949.png|ooeeeeeeeeeeeeeee*******eeeeeeeeeeeie     aaaaaa
/data3fast/users/mbermudez/de_02/TFGDataset/img/T2_0190.png|iii    eeeee        i stssstst   ie          
/data3fast/users/mbermudez/de_02/TFGDataset/img/T2_0924.png|nnnneeeeeeeeeeeeeeeeeiiieiiis       aa    ee
/data3fast/users/mbermudez/de_02/TFGDataset/img/T2_1374.png|oee     aa  hhhnnnnii   n        ee
/data3fast/users/mbermudez/de_02/TFGDataset/img/T2_0465.png|uuuaa      a  neeeeeeeeeeeeeee   n
/data3fast/users/mbermudez/de_02/TFGDataset/img/T2_0834.png|iieeeeeeeeeeeeeeee ssssleeeeeeeeeeee    ssss
/data3fast/users/mbermudez/de_02/TFGDataset/img/T2_0486.png|dee          sssssssseeeeettt                 ehhhh
/data3fast/users/mbermudez/de_02/TFGDataset/img/T2_0062.png|tttt     eeeeeeeeeeeeeeeeeeeeeeeeeeeeee   eeee   llll
/data3fast/users/mbermudez/de_02/TFGDataset/img/T2_0639.png|#  
/data3fast/users/mbermudez/de_02/TFGDataset/img/T2_0010.png|neee          nnnnnn   e ee  eeee                eeeeeee
/data3fast/users/mbermudez/de_02/TFGDataset/img/T2_0404.png|eeeeeeeeell   
/data3fast/users/mbermudez/de_02/TFGDataset/img/T2_0501.png|geesssssssss          eeeeeeeeeeeeeeeeeeeeeeeeeee
/data3fast/users/mbermudez/de_02/TFGDataset/img/T2_1148.png|te    eeeeeeeeeeeeeee   aaaaa   eeeeee
/data3fast/users/mbermudez/de_02/TFGDataset/img/T2_0964.png|htttt     eeeeesssssseeeeeeeeeeeeeeeeeer ee
/data3fast/users/mbermudez/de_02/TFGDataset/img/T2_0885.png|un   eeeeehhhh    ddd eeeeeeeeehhhllll     ee
/data3fast/users/mbermudez/de_02/TFGDataset/img/T2_0125.png|daa          r rrttttii       eeeeeeeeeeedd
/data3fast/users/mbermudez/de_02/TFGDataset/img/T2_1029.png|aan  eeeeeeeeeee         e           eeeeee eeeeeee
/data3fast/users/mbermudez/de_02/TFGDataset/img/T2_0420.png|ddr  eeeeeeeeeeeeeeeei    nnnn      a   eee
/data3fast/users/mbermudez/de_02/TFGDataset/img/T2_1183.png|"     aa  a  aasss    e eeeeeeeeeeeeeeeeeee        nnnnnn
/data3fast/users/mbermudez/de_02/TFGDataset/img/T2_0432.png|weeeetttttttt
/data3fast/users/mbermudez/de_02/TFGDataset/img/T2_0786.png|oo     hhhhhhheeeeeeeeeeeeeeeeeedd eeeeeiihhhh
/data3fast/users/mbermudez/de_02/TFGDataset/img/T2_0338.png|eee  ssssssssssaaa                 ****eeeeeeeeeee
/data3fast/users/mbermudez/de_02/TFGDataset/img/T2_0695.png|"    ssssshhhhhhhheeeeeeeeeeee  e           hh  
/data3fast/users/mbermudez/de_02/TFGDataset/img/T2_0646.png|aaae                    eeeeeeeeeeeeee     aa
/data3fast/users/mbermudez/de_02/TFGDataset/img/T2_0081.png|hhhh             aa       eeeeeeeeeeeeeeeeeee
/data3fast/users/mbermudez/de_02/TFGDataset/img/T2_0207.png|aaa            eeeeeeeeeeeeeeeee      nnn
/data3fast/users/mbermudez/de_02/TFGDataset/img/T2_1275.png|beess        eeeeeeeeeeeeeeeeiie e e        e eee ee
/data3fast/users/mbermudez/de_02/TFGDataset/img/T2_0971.png|"    hhchhhhhhhh       nhh   nnn eeeeeeeeeeeeeee
/data3fast/users/mbermudez/de_02/TFGDataset/img/T2_1377.png|wiiil    aa  a         hhhhheeeeeeeee
/data3fast/users/mbermudez/de_02/TFGDataset/img/T2_0789.png|dd  eeeeeeeeeeeeeeeeeeeeeeeeeehheen eeeeeeeee
/data3fast/users/mbermudez/de_02/TFGDataset/img/T2_0201.png|geesssssssseeeeeee    s       e eee    e              sse
/data3fast/users/mbermudez/de_02/TFGDataset/img/T2_0317.png|wiii        hh       eeeeeee     *  eeessscchhh
/data3fast/users/mbermudez/de_02/TFGDataset/img/T2_0755.png|iissttttt          asnnaa  sa     nn      nn
/data3fast/users/mbermudez/de_02/TFGDataset/img/T2_0602.png|dee hhhh   e eeee    llllleee   eelllleeeee  lllll  eee     eleellle  l  lle eeee lllllllleeeee   eeellll  eeeeeelllll 
/data3fast/users/mbermudez/de_02/TFGDataset/img/T2_0683.png|teeeesssssseeeeeeeee  nneeeeee e e ieeeeiinnn
/data3fast/users/mbermudez/de_02/TFGDataset/img/T2_0980.png|shhheeeeeeeeeee  d          **        e    allltttt
/data3fast/users/mbermudez/de_02/TFGDataset/img/T2_0814.png|lltee      eeeeeeeeeeeeeeeeeeeee            e
/data3fast/users/mbermudez/de_02/TFGDataset/img/T2_0217.png|*eeee                  ee e                 n  ee
/data3fast/users/mbermudez/de_02/TFGDataset/img/T2_1367.png|"  eeeeeeeeessssss     naa aa   eeeeeeeeeeeeeeee
/data3fast/users/mbermudez/de_02/TFGDataset/img/T2_0366.png|dda     eeeeeeeeeeeeeeeeeeeeeeeeeee      na
/data3fast/users/mbermudez/de_02/TFGDataset/img/T2_0134.png|iiih                  eeeeeeeeeee       ieeee
/data3fast/users/mbermudez/de_02/TFGDataset/img/T2_0285.png|geeee          eeeee   sseeeeeeeetttttee
/data3fast/users/mbermudez/de_02/TFGDataset/img/T2_1405.png|unn                   s    s   eeeeellle
/data3fast/users/mbermudez/de_02/TFGDataset/img/T2_0712.png|drr  aaa     eeeeeeeeeeeeeeeeeeeeeell   aaa
/data3fast/users/mbermudez/de_02/TFGDataset/img/T2_1127.png|dee eeeeeeeeeeeeeeeeeee        hhhhheeeeeee
/data3fast/users/mbermudez/de_02/TFGDataset/img/T2_0605.png|ssttteeeeeeeeeeeeeee sssss               dddddd
/data3fast/users/mbermudez/de_02/TFGDataset/img/T2_0836.png|diii     ee eeerrrr           d  rrrr    aaaalllll
/data3fast/users/mbermudez/de_02/TFGDataset/img/T2_1457.png|ffeeeeeeeeeeeeeeeeeeeeeee  n        ttt
/data3fast/users/mbermudez/de_02/TFGDataset/img/T2_0144.png|heeeee        ieeeeeeeeeee    sssssss         ee
/data3fast/users/mbermudez/de_02/TFGDataset/img/T2_0709.png|derrreeeeeeeeeeeeeee        s               eeeeeee
/data3fast/users/mbermudez/de_02/TFGDataset/img/T2_1197.png|weee       s ttt                        r* **e*
/data3fast/users/mbermudez/de_02/TFGDataset/img/T2_0096.png|aaa     nnn     eeeedd ddeeeeeeeeee  aaa
/data3fast/users/mbermudez/de_02/TFGDataset/img/T2_1255.png|lleee     eeeeeeeeeeeeeeeeieeeeeeeeeeeee       nddde
/data3fast/users/mbermudez/de_02/TFGDataset/img/T2_0071.png|anneeeee e  ss        eeeeeeeeeeehheeee         e
/data3fast/users/mbermudez/de_02/TFGDataset/img/T2_0899.png|iiii eeeeeeeeeeeeee                       e eeeesssss
/data3fast/users/mbermudez/de_02/TFGDataset/img/T2_0898.png|heeeeeeeeeeeeeeeeeeeeeeeeeeeee   nnn eeeeeeeee
/data3fast/users/mbermudez/de_02/TFGDataset/img/T2_0653.png|aalleeeeeeeeeeeeeeeeeeeeeeeeeee    llll
/data3fast/users/mbermudez/de_02/TFGDataset/img/T2_0905.png|ggeee      h t          nn    n
/data3fast/users/mbermudez/de_02/TFGDataset/img/T2_0518.png|der       eeeeeeeeeee             aa eelleeee
/data3fast/users/mbermudez/de_02/TFGDataset/img/T2_1179.png|dd     eehhhhh            eeee                 ttt
/data3fast/users/mbermudez/de_02/TFGDataset/img/T2_0331.png|# 
/data3fast/users/mbermudez/de_02/TFGDataset/img/T2_0515.png|auu   eeeeehttt       ssssttttt           eeeeee
/data3fast/users/mbermudez/de_02/TFGDataset/img/T2_0393.png|osssss  llle                 iiii  tttt   aa
/data3fast/users/mbermudez/de_02/TFGDataset/img/T2_0587.png|der     nnnnn  n       eeeeeeee ee         s
/data3fast/users/mbermudez/de_02/TFGDataset/img/T2_0457.png|rrrr   s eee            ss         eeeeeee   ssssttt
/data3fast/users/mbermudez/de_02/TFGDataset/img/T2_0598.png|rrrreeeeeeeeeeee   ssss     saaahhh aaaaa  a
/data3fast/users/mbermudez/de_02/TFGDataset/img/T2_0878.png|rrrr   aaaa  lllllleeeee    i    sssssshhhtttt
/data3fast/users/mbermudez/de_02/TFGDataset/img/T2_1433.png|iihh             eeeeeeeeeeeeeeeeee       ssssss
/data3fast/users/mbermudez/de_02/TFGDataset/img/T2_1042.png|wnnn eeeeee   nnn   a ahhh     ttt         
/data3fast/users/mbermudez/de_02/TFGDataset/img/T2_1413.png|dee             tt i              eeeeeeeeeeeeesseeeee
/data3fast/users/mbermudez/de_02/TFGDataset/img/T2_1480.png|#  
/data3fast/users/mbermudez/de_02/TFGDataset/img/T2_0170.png|wiessssss  dddd   eeeeeeeeessssh    eeee
/data3fast/users/mbermudez/de_02/TFGDataset/img/T2_0018.png|meeeeee      eeeeeeeeeeeeeeeeee*******      eee
/data3fast/users/mbermudez/de_02/TFGDataset/img/T2_1191.png|iieeeeee          eeeeeeeeeeeee  rrrrrrrrrrrr r rrrr
/data3fast/users/mbermudez/de_02/TFGDataset/img/T2_0694.png|eeeettttttt                     eeeeeeeeeeeee
/data3fast/users/mbermudez/de_02/TFGDataset/img/T2_1357.png|liiheeeeeeeeeeeeeee                            ddddde
/data3fast/users/mbermudez/de_02/TFGDataset/img/T2_0711.png|eeeeeeeeeennnnnnee    eelaalaassss nnnneeeeee
/data3fast/users/mbermudez/de_02/TFGDataset/img/T2_0853.png|"   eeessssssssssss       heeeee    nn naaann
/data3fast/users/mbermudez/de_02/TFGDataset/img/T2_0167.png|"               eeeeeeeeeeeeeeee     nnnnnnnn
/data3fast/users/mbermudez/de_02/TFGDataset/img/T2_0825.png|seeeeeeeeeeeeeeeessssssltttttt      eeeeee
/data3fast/users/mbermudez/de_02/TFGDataset/img/T2_1117.png|nnnn eeeee ssss       eeeee         n       eee
/data3fast/users/mbermudez/de_02/TFGDataset/img/T2_1370.png|nnn   eeeee e    ssssssshhhhhhhhhhh     eeeee
/data3fast/users/mbermudez/de_02/TFGDataset/img/T2_0330.png|deessseeeeeeeeeee  t        eeee            eeeehhhhhhhee
/data3fast/users/mbermudez/de_02/TFGDataset/img/T2_0123.png|und    eeeeeeeeeeee  aaaaaa     rrrreeee
/data3fast/users/mbermudez/de_02/TFGDataset/img/T2_1120.png|in      eee eeeeeeeeeeeeeeeeetttttttttt         e
/data3fast/users/mbermudez/de_02/TFGDataset/img/T2_0375.png|aaeeeeeeeeeeeeeeeelllllhhhhh         sshhtttt
/data3fast/users/mbermudez/de_02/TFGDataset/img/T2_0326.png|ggeee sssss         hhhhiiieeeitt       ssssss
/data3fast/users/mbermudez/de_02/TFGDataset/img/T2_0447.png|nnnn eeeeeeeee     eeeeeeeeeeeeeeee  a   ddeee
/data3fast/users/mbermudez/de_02/TFGDataset/img/T2_0761.png|geennnnn   ttt
/data3fast/users/mbermudez/de_02/TFGDataset/img/T2_1247.png|eeeeee  sssssss    nnnnnnnnnnnnnnneeeeeeeee
/data3fast/users/mbermudez/de_02/TFGDataset/img/T2_0747.png|eer  aaaa        eeeeeeeeeeeeeeeeeee  nnnnn
/data3fast/users/mbermudez/de_02/TFGDataset/img/T2_1372.png|eeeeeeeeeeeeee  eeeeeeeeeeehhh              eeee
/data3fast/users/mbermudez/de_02/TFGDataset/img/T2_1160.png|tt*****            eeehhhheeeeeeeeeeeeehehhh         ee
/data3fast/users/mbermudez/de_02/TFGDataset/img/T2_1073.png|# 
/data3fast/users/mbermudez/de_02/TFGDataset/img/T2_1310.png|wweeeesssssssessssss       tttttttttt
/data3fast/users/mbermudez/de_02/TFGDataset/img/T2_0530.png|ahh  eeeeeeeee d        a a eeeeeeeeeeeeeee
/data3fast/users/mbermudez/de_02/TFGDataset/img/T2_0301.png|orr    eeeee e   ssssssee e      eeere          a
/data3fast/users/mbermudez/de_02/TFGDataset/img/T2_0135.png|wisse         nnnn  nd   ee    cchhhhhh  iiiienee
/data3fast/users/mbermudez/de_02/TFGDataset/img/T2_0531.png|deeeesssssssee         nnnnnnnnn       eeeeee
/data3fast/users/mbermudez/de_02/TFGDataset/img/T2_0584.png|da  eeeeetttttttt
/data3fast/users/mbermudez/de_02/TFGDataset/img/T2_0767.png|so    eehhhhhhee     eeeeeeeeeeeeeeeeeh
/data3fast/users/mbermudez/de_02/TFGDataset/img/T2_1222.png|wllll    eeeeeeeeeeeeeeeeeeee           tt
/data3fast/users/mbermudez/de_02/TFGDataset/img/T2_0121.png|"           aaa  ssss     ee*********
/data3fast/users/mbermudez/de_02/TFGDataset/img/T2_0757.png|eeeet        eeeeeeeeeeeeeee  tt        eeeeeeee
/data3fast/users/mbermudez/de_02/TFGDataset/img/T2_1445.png|nneee e    a   aaa    eeeeeeehhhe    ddde
/data3fast/users/mbermudez/de_02/TFGDataset/img/T2_0498.png|eee  h     eeeeeeeeeeeeeeeeeiiiii        ..
/data3fast/users/mbermudez/de_02/TFGDataset/img/T2_0807.png|bbe      nnnneeeeeeeeeeeeesssssss  nnnnnnnn
/data3fast/users/mbermudez/de_02/TFGDataset/img/T2_0790.png|sshhheeeeeeeeeeeeeeeeee             n  n iitttttt
/data3fast/users/mbermudez/de_02/TFGDataset/img/T2_1365.png|eeee                heeeeeellllleeeeeelleel
/data3fast/users/mbermudez/de_02/TFGDataset/img/T2_1149.png|uun   eeeeeeeeeee    aaaaa         eeeeeeeeeee
/data3fast/users/mbermudez/de_02/TFGDataset/img/T2_0763.png|scchhhhtt                    e eeeeeeeee  cchhhhhhh
/data3fast/users/mbermudez/de_02/TFGDataset/img/T2_0970.png|sss  hhhhhhhhh    eeeee eeeeeeeeee            ee
/data3fast/users/mbermudez/de_02/TFGDataset/img/T2_0478.png|geeehhheee      nn eeeeeeeeeeeieiiieeee     sss
/data3fast/users/mbermudez/de_02/TFGDataset/img/T2_0703.png|geehhhhhtttt t     rrrrr          aaa
/data3fast/users/mbermudez/de_02/TFGDataset/img/T2_0858.png|uundd    eeeessssseeeeeeeeeeeee  sssss
/data3fast/users/mbermudez/de_02/TFGDataset/img/T2_1461.png|drr         ssssssseeiieeeee     eeiiiii   nnn nnee
/data3fast/users/mbermudez/de_02/TFGDataset/img/T2_0611.png|"      eealla       rrrrrrreeeeeeeeeeeechhhhhhh
/data3fast/users/mbermudez/de_02/TFGDataset/img/T2_0738.png|geee             r rrrreeeeeeee    aaaaas
/data3fast/users/mbermudez/de_02/TFGDataset/img/T2_1464.png|neee              nnnnddd eeeeeeeeeehhhhhhhhhh
/data3fast/users/mbermudez/de_02/TFGDataset/img/T2_0926.png|der      eeeiiiieiiiii e   eeeeeeeeeeee nnnnnnnn
/data3fast/users/mbermudez/de_02/TFGDataset/img/T2_0954.png|wnnnneeeeeeeeiiiiee ee                 e       tti
/data3fast/users/mbermudez/de_02/TFGDataset/img/T2_0118.png|ihhhhhhh aaaaaa      eeeeeehhhh     eeeeeeeeee
/data3fast/users/mbermudez/de_02/TFGDataset/img/T2_0893.png|ttttsssshhhh                   h   sssseeeeeeeeeeh
/data3fast/users/mbermudez/de_02/TFGDataset/img/T2_0577.png|deeee eeeeeeeeeeee*****            eeeee     eee
/data3fast/users/mbermudez/de_02/TFGDataset/img/T2_0874.png|nnn     e sssss eeh hhhh          eheeee           dd
/data3fast/users/mbermudez/de_02/TFGDataset/img/T2_0500.png|geeeeeeee  hhhh                a   eeeeee
/data3fast/users/mbermudez/de_02/TFGDataset/img/T2_0231.png|wisssssss           n   eeeeeeeeeett        eeeeee
/data3fast/users/mbermudez/de_02/TFGDataset/img/T2_0204.png|# 
/data3fast/users/mbermudez/de_02/TFGDataset/img/T2_1181.png|ttt   eeeeeeee esllll       ddddeeeeeeee chhhhhh
/data3fast/users/mbermudez/de_02/TFGDataset/img/T2_0983.png|"      eeeeeeee      d  ssssssssss      eeeee
/data3fast/users/mbermudez/de_02/TFGDataset/img/T2_0000.png|ffeeeeeeeeee          e            eeeeeeeeee
/data3fast/users/mbermudez/de_02/TFGDataset/img/T2_0216.png|tttthhhhhhh            eeeeeeeeeeee         dee
/data3fast/users/mbermudez/de_02/TFGDataset/img/T2_0559.png|unnn eeeeeeeeeeelell          eeeeeeeeeeeeeeeeeeee
/data3fast/users/mbermudez/de_02/TFGDataset/img/T2_0901.png|aauueeeeeeeeeeeedddeeeeee ssssshhh         ee
/data3fast/users/mbermudez/de_02/TFGDataset/img/T2_0616.png|derrreeeeeeeeeeeeeeee  ssssss            ree
/data3fast/users/mbermudez/de_02/TFGDataset/img/T2_0985.png|derr eeeeeeeeeeee             aal hhhhhhhhhhhhhhhh
/data3fast/users/mbermudez/de_02/TFGDataset/img/T2_1230.png|aaa   eeeeeeeeeeeeeeeee         iiiieeeeeeeee
/data3fast/users/mbermudez/de_02/TFGDataset/img/T2_1394.png|nnnnee        ttt    stt           ddeeeeeeeeeeee
/data3fast/users/mbermudez/de_02/TFGDataset/img/T2_0309.png|dassssseeeeeeeeeeessssss              reeeei
/data3fast/users/mbermudez/de_02/TFGDataset/img/T2_0848.png|ggeee   tttt       eeee    ees          eeeeee
/data3fast/users/mbermudez/de_02/TFGDataset/img/T2_1398.png|ii     sseeeeeeeeeeeeeeeeinnnnnniiiiiiee
/data3fast/users/mbermudez/de_02/TFGDataset/img/T2_0921.png|d            nnnnn   sssssssttttt  *...
/data3fast/users/mbermudez/de_02/TFGDataset/img/T2_0233.png|eeeehhhhittte   *****eeeee eee   ee   e        eeeeiih
/data3fast/users/mbermudez/de_02/TFGDataset/img/T2_0260.png|nneeeeesss   eeeeeiiieeeeeee    llaaaaaaaaaleeee
/data3fast/users/mbermudez/de_02/TFGDataset/img/T2_0453.png|uunddd      eeerrreeerrttttttttt    n
/data3fast/users/mbermudez/de_02/TFGDataset/img/T2_0171.png|iih     
/data3fast/users/mbermudez/de_02/TFGDataset/img/T2_0418.png|geeeeeeeeeeeeeeeeee          eeeee e cchhh     n
/data3fast/users/mbermudez/de_02/TFGDataset/img/T2_1010.png|geeee                 aeeeeeeeeeeeeee ttth
/data3fast/users/mbermudez/de_02/TFGDataset/img/T2_1314.png|uuu sseeeeeeeeeeee   n   llllll                 nn
/data3fast/users/mbermudez/de_02/TFGDataset/img/T2_1277.png|de     a  n nnn  eeeee eeeeeeeee       eeeeeeeeeeeeeeete
/data3fast/users/mbermudez/de_02/TFGDataset/img/T2_0614.png|weeeeeeeeeeeeeeeenneeeee         eeeee          sssee
/data3fast/users/mbermudez/de_02/TFGDataset/img/T2_1186.png|nneeeee h                           n   eeeeee
/data3fast/users/mbermudez/de_02/TFGDataset/img/T2_0336.png|hhh                  ss  eeeeee    tttttttt
/data3fast/users/mbermudez/de_02/TFGDataset/img/T2_0553.png|deer eeeeeeeeeeeeeeeeeeeee  aaaa  s    eeeeeeeeee
/data3fast/users/mbermudez/de_02/TFGDataset/img/T2_0511.png|oooeeeeeeeeee en             s              eee
/data3fast/users/mbermudez/de_02/TFGDataset/img/T2_1098.png|iissssssshhhhhhhhhhee eee e   ssss            e eeesss
/data3fast/users/mbermudez/de_02/TFGDataset/img/T2_0808.png|eee   aa         tt            eeeeeeeeeee
/data3fast/users/mbermudez/de_02/TFGDataset/img/T2_0716.png|iihhhhhhh             eeee  eeehccccccccchc        sss
/data3fast/users/mbermudez/de_02/TFGDataset/img/T2_0496.png|iii   eedennneeeeeeeeeeeeeesssss   aaaaaa   
/data3fast/users/mbermudez/de_02/TFGDataset/img/T2_1293.png|llll                                     sssssee
/data3fast/users/mbermudez/de_02/TFGDataset/img/T2_1302.png|geeee   nnn     eeeeeeee      rr         eeeeee
/data3fast/users/mbermudez/de_02/TFGDataset/img/T2_0370.png|#  
/data3fast/users/mbermudez/de_02/TFGDataset/img/T2_1023.png|deereeeeeeeeeeeeeeeeeeeeeeeeeeettt     ddde
/data3fast/users/mbermudez/de_02/TFGDataset/img/T2_0164.png|weeeeeetttttttt
/data3fast/users/mbermudez/de_02/TFGDataset/img/T2_0727.png|allee    ***     iii  eeeeee
/data3fast/users/mbermudez/de_02/TFGDataset/img/T2_0937.png|beeeeeee ss            eeeeeeeett      a
/data3fast/users/mbermudez/de_02/TFGDataset/img/T2_0973.png|eeeehhhhhhhh      ee      eeeeeeeeeeeeeeeeeeeeeeee
/data3fast/users/mbermudez/de_02/TFGDataset/img/T2_0379.png|diieeeeeeeeeeee       hh          ttt
/data3fast/users/mbermudez/de_02/TFGDataset/img/T2_1041.png|eeehhhhhhihhhhheeee
/data3fast/users/mbermudez/de_02/TFGDataset/img/T2_1113.png|lellleee nnnnnneeeeeeeeeeeeeeeeee      ssssss
/data3fast/users/mbermudez/de_02/TFGDataset/img/T2_0079.png|mii eeeeeeeessssssss      nnn  iiieeeee nnneeeee
/data3fast/users/mbermudez/de_02/TFGDataset/img/T2_0715.png|mii     nn   nneeeeeeeee             hhhhhn
/data3fast/users/mbermudez/de_02/TFGDataset/img/T2_0368.png|mm     ssssssssssssiissssseeeeeeeee            eeeeee
/data3fast/users/mbermudez/de_02/TFGDataset/img/T2_0325.png|"    seeeeeeeeeeeeeesssii nnnn  eeeeeeeee
/data3fast/users/mbermudez/de_02/TFGDataset/img/T2_1226.png|aaa     eee   e*******             sssschheeeeeeeeeeeee
/data3fast/users/mbermudez/de_02/TFGDataset/img/T2_1104.png|off        nnnnnn         eeehhhhhhh       r
/data3fast/users/mbermudez/de_02/TFGDataset/img/T2_0743.png|aaaa      eeeeeeddeeeeeeeeeeeeeeeeeeeeeeN
/data3fast/users/mbermudez/de_02/TFGDataset/img/T2_0963.png|uuu  eeeea aaaaa             iii      esssssss
/data3fast/users/mbermudez/de_02/TFGDataset/img/T2_1319.png|lleeeeenneeeeeeeeeeeeiihie ee   eee   nnndd
/data3fast/users/mbermudez/de_02/TFGDataset/img/T2_0251.png|der  eeeeeeeeeeeeeeee    eeessseeeeeeehltt         
/data3fast/users/mbermudez/de_02/TFGDataset/img/T2_1381.png|t*****         ttt           a            eeeeeeeeeeeeee
/data3fast/users/mbermudez/de_02/TFGDataset/img/T2_1237.png|ma  ssssssssssss   sss          hhhaaaaaallleele
/data3fast/users/mbermudez/de_02/TFGDataset/img/T2_0667.png|slleeeeeeeeeeeeeee ssss     e           rereeeeeeeee
/data3fast/users/mbermudez/de_02/TFGDataset/img/T2_1051.png|nneeeeeeeeeeeeeeeeeeeeeeee         eeee     aa
/data3fast/users/mbermudez/de_02/TFGDataset/img/T2_0634.png|"         nnnnnnnnnnneeeeeeeeeeeeee    ssss
/data3fast/users/mbermudez/de_02/TFGDataset/img/T2_1363.png|drrrr rtt   tttt   seeeeeeeeeeeeeeeeee          u
/data3fast/users/mbermudez/de_02/TFGDataset/img/T2_1158.png|aaa    eeeeeett ete     eeeeeeeeeeeessss    eeeeee
/data3fast/users/mbermudez/de_02/TFGDataset/img/T2_1349.png|eeeitttt         errrreeeetitt            rrrerrrrr
/data3fast/users/mbermudez/de_02/TFGDataset/img/T2_1262.png|sschhhhhhhh           a       eeeeeee    iieee
/data3fast/users/mbermudez/de_02/TFGDataset/img/T2_0797.png|wiiii      nnnnn   eeeeeeee       n nnn nnn
/data3fast/users/mbermudez/de_02/TFGDataset/img/T2_1212.png|een  aaassssss eee eeeeeeeeeeeeeieeeeeeeeeeee
/data3fast/users/mbermudez/de_02/TFGDataset/img/T2_0895.png|eeeeeee      dd  a     eeeee      eeeeeeeeeeeeeeee
/data3fast/users/mbermudez/de_02/TFGDataset/img/T2_0792.png|mn    eeeeeeeeeeeeeeeeeeeeeeeeee          aa
/data3fast/users/mbermudez/de_02/TFGDataset/img/T2_0395.png|das        iiiie iiiiiiiiieeeeeeeee  sssaaaaaass
/data3fast/users/mbermudez/de_02/TFGDataset/img/T2_0495.png|nneeeeeeeeeeeehhhhe     eeeeeeeee           aaaaa
/data3fast/users/mbermudez/de_02/TFGDataset/img/T2_1240.png|beeeeeeeeeeeeeeeeesseeeseeeeeeeeeeeeeieeeeie        aaaa
/data3fast/users/mbermudez/de_02/TFGDataset/img/T2_1072.png|oo    eeeeeeeeeee         aaa    tt          ssss
/data3fast/users/mbermudez/de_02/TFGDataset/img/T2_1077.png|sseeeeeeeeeeeiiieee        a aaa   sssseheee
/data3fast/users/mbermudez/de_02/TFGDataset/img/T2_0625.png|deeeeeeeeeesseeeee           hhhhh       ee e    nn
/data3fast/users/mbermudez/de_02/TFGDataset/img/T2_0838.png|chh       eeeeerrr ttt         a   nn eeeeeeee
/data3fast/users/mbermudez/de_02/TFGDataset/img/T2_1430.png|der     a a      hhss      d   eeeeel
/data3fast/users/mbermudez/de_02/TFGDataset/img/T2_0932.png|beerr        ee  e     rreeeeeeeee     eeeeeh
/data3fast/users/mbermudez/de_02/TFGDataset/img/T2_0068.png|tttthhhhhheee          nn          n nn nnnnaaaa
/data3fast/users/mbermudez/de_02/TFGDataset/img/T2_0468.png|aaa  eeeeeeee e    tt        eeeeiiiiieeeeeee sss
/data3fast/users/mbermudez/de_02/TFGDataset/img/T2_1416.png|deeeeeeeeeeeee     d  nnnnnaaaaaaaaa    rrreee
/data3fast/users/mbermudez/de_02/TFGDataset/img/T2_0007.png|eee    aaa   eeeeeeeeee  eeeeeeeeeeeeeeeeeee
/data3fast/users/mbermudez/de_02/TFGDataset/img/T2_1401.png|nn   ssssshhhhhhh     eeeeeer             r
/data3fast/users/mbermudez/de_02/TFGDataset/img/T2_1500.png|oe     eeeeeeeeeeeeeeeess       eeeeeeeeeeeeeh
/data3fast/users/mbermudez/de_02/TFGDataset/img/T2_0249.png|zzeeeeeeeeccchhhhh      nnn     hheeeeeell          e
/data3fast/users/mbermudez/de_02/TFGDataset/img/T2_0565.png|ffeeeeeee   ssss  aa    hhh           eeehhh
/data3fast/users/mbermudez/de_02/TFGDataset/img/T2_0186.png|iii eeeeeeee                               eeeechhhe
/data3fast/users/mbermudez/de_02/TFGDataset/img/T2_0916.png|eeeesss ttt                    eeeeeeeeeeeeeeeee
/data3fast/users/mbermudez/de_02/TFGDataset/img/T2_1152.png|berr      ttt            ssseeeeelllelll
/data3fast/users/mbermudez/de_02/TFGDataset/img/T2_0721.png|*ee     aaa       ssssss l  sssssss    eeeeee  eeeenr
/data3fast/users/mbermudez/de_02/TFGDataset/img/T2_1466.png|aaattt           eeee eeeeeeeeeeeeeeeee  ssssssssshh
/data3fast/users/mbermudez/de_02/TFGDataset/img/T2_0327.png|diee eeeeeeeeeeeeeeeeeeeeeeeeeeeeeeeee nnnnn
/data3fast/users/mbermudez/de_02/TFGDataset/img/T2_0471.png|feeee     hhhhhh                 eee      rrrrtttt
/data3fast/users/mbermudez/de_02/TFGDataset/img/T2_1462.png|aan     hhhhhh    e            eeennnn   sss
/data3fast/users/mbermudez/de_02/TFGDataset/img/T2_0497.png|dr    a              eeeette sssssiiiiiiiiii
/data3fast/users/mbermudez/de_02/TFGDataset/img/T2_0239.png|"   ssssseeeeeeeee   
/data3fast/users/mbermudez/de_02/TFGDataset/img/T2_0631.png|diee       aaunddddeeeeeeeeeeeeeee
/data3fast/users/mbermudez/de_02/TFGDataset/img/T2_1020.png|# 
/data3fast/users/mbermudez/de_02/TFGDataset/img/T2_0992.png|eennnnn       eeeeeeeeeeeeeee e***   hhhhheeeeee
/data3fast/users/mbermudez/de_02/TFGDataset/img/T2_1378.png|oor                    a    aa         aassshhhhhh
/data3fast/users/mbermudez/de_02/TFGDataset/img/T2_0984.png|deisschhcttthtttt t        ssstttt  ss          nnnnn
/data3fast/users/mbermudez/de_02/TFGDataset/img/T2_1282.png|sss                          e  ttt * *  t   t...
/data3fast/users/mbermudez/de_02/TFGDataset/img/T2_1266.png|"   eeeeeeeeehhhhh         nnnnnnnn eeneeeee
/data3fast/users/mbermudez/de_02/TFGDataset/img/T2_0270.png|   ssssee
/data3fast/users/mbermudez/de_02/TFGDataset/img/T2_1216.png|nneeeeeeeeeeeeeeeeee       dd  d             
/data3fast/users/mbermudez/de_02/TFGDataset/img/T2_0539.png|weeessss      ssssssseeeeee sss   n eeeeeeee
/data3fast/users/mbermudez/de_02/TFGDataset/img/T2_1034.png|der     eeeeeeeeeeeeeeeeeee       eeeeeeecchhh
/data3fast/users/mbermudez/de_02/TFGDataset/img/T2_0510.png|hhrrre  eeeeee             eeeeeeeeeeeeeeeeeeeeeeeehhh
/data3fast/users/mbermudez/de_02/TFGDataset/img/T2_0124.png|annn               eeeeeeerrerrrrr     eeeeee
/data3fast/users/mbermudez/de_02/TFGDataset/img/T2_0601.png|beeeh aaaa     eeeeeeeeeeeee lllhtttttaaatt
/data3fast/users/mbermudez/de_02/TFGDataset/img/T2_0710.png|brrr     eeeeeeeeeeeeeeeeeeeeeeeeeeeee
/data3fast/users/mbermudez/de_02/TFGDataset/img/T2_0282.png|wieee      eee   eeee        eeeeeeeeeeeeeee   h
/data3fast/users/mbermudez/de_02/TFGDataset/img/T2_1321.png|sstteeeeeeeeeeeeeeeeeeeeeeeee   aa             
/data3fast/users/mbermudez/de_02/TFGDataset/img/T2_1103.png|geeeeee                eeeeeeeeee    h aaaaaaaa
/data3fast/users/mbermudez/de_02/TFGDataset/img/T2_0812.png|wweetttttttt  
/data3fast/users/mbermudez/de_02/TFGDataset/img/T2_0872.png|mttttt            eeeeeeeeeee    n      ssssss
/data3fast/users/mbermudez/de_02/TFGDataset/img/T2_0061.png|dr      nn eeeeeteeeee     aaa        
/data3fast/users/mbermudez/de_02/TFGDataset/img/T2_1484.png|ddssseeeeeeeeeeennnnnnnnneeeeeeeeeeeeeeee      ch
/data3fast/users/mbermudez/de_02/TFGDataset/img/T2_0491.png|murrrrreeeeee     a daa          e  ********...
/data3fast/users/mbermudez/de_02/TFGDataset/img/T2_0846.png|aaneeeeeeee e   eeeeeeeehhhhhhh  eeeeeeeeeeeeeeeennn
/data3fast/users/mbermudez/de_02/TFGDataset/img/T2_0746.png|geeee       e   eeeeee hhhhhhhhhh  hsss     eee
/data3fast/users/mbermudez/de_02/TFGDataset/img/T2_0103.png|#  
/data3fast/users/mbermudez/de_02/TFGDataset/img/T2_1419.png|geee          tttt      eeeeelleeeeeeee  eeeeee
/data3fast/users/mbermudez/de_02/TFGDataset/img/T2_1091.png|eeee  ssss s   hh               eeeeeeeeeeeeeeee  rreereeee
/data3fast/users/mbermudez/de_02/TFGDataset/img/T2_1354.png|wiieesssssssss           thhhhh  uuuuuuu
/data3fast/users/mbermudez/de_02/TFGDataset/img/T2_0752.png|inn  eeeeeeeeee  eee eesssssssss         eeeee
/data3fast/users/mbermudez/de_02/TFGDataset/img/T2_0075.png|"   eeeeeeett     
/data3fast/users/mbermudez/de_02/TFGDataset/img/T2_0502.png|glla    nnnneeeiiihhnnnnn  nn  eeeeee
/data3fast/users/mbermudez/de_02/TFGDataset/img/T2_0610.png|dee   aaa     eeeeeeseeeeeeeeeeeee      h h      eee
/data3fast/users/mbermudez/de_02/TFGDataset/img/T2_1343.png|nnnn n   ee eeeeeeehhh           ttt      eeeeee eeeee
/data3fast/users/mbermudez/de_02/TFGDataset/img/T2_0461.png|dnnn    eeeeeeessssssssssssssschhhhh         eeeee
/data3fast/users/mbermudez/de_02/TFGDataset/img/T2_1053.png|dei                ee ssssss    s  ss
/data3fast/users/mbermudez/de_02/TFGDataset/img/T2_0800.png|dd             t tt        ssss   sssssss      aalleeee
/data3fast/users/mbermudez/de_02/TFGDataset/img/T2_1194.png|geeee            eeeeeeeeee  sssss                  eeeeeee
/data3fast/users/mbermudez/de_02/TFGDataset/img/T2_0692.png|******e iii      eeeeeee                   eeeelllleeee
/data3fast/users/mbermudez/de_02/TFGDataset/img/T2_1376.png|mnnn   ee    naa    eeeeeeeeee        nn
/data3fast/users/mbermudez/de_02/TFGDataset/img/T2_0244.png|beeeeeeeeeeeeeeeeeeeeeee eeeetteeeeeeeee
/data3fast/users/mbermudez/de_02/TFGDataset/img/T2_0796.png|ieee eccchhhhhhhhhh              eeeeeeeeeeeeeeeee
/data3fast/users/mbermudez/de_02/TFGDataset/img/T2_1054.png|wwlllle            erreeee   tt s      eeee
/data3fast/users/mbermudez/de_02/TFGDataset/img/T2_1280.png|geeeeee
/data3fast/users/mbermudez/de_02/TFGDataset/img/T2_0045.png|ss         eeeeeeeee        hhhhheeeeeiiiinnnnnn
/data3fast/users/mbermudez/de_02/TFGDataset/img/T2_1297.png|aaaeeeeeeee  llaaaaaaa aaa ss           eeeeeeee
/data3fast/users/mbermudez/de_02/TFGDataset/img/T2_1089.png|inn eeeeeeeeehhheeeeeeeeeeeeeeeeeeeeeelle     eeeee
/data3fast/users/mbermudez/de_02/TFGDataset/img/T2_0055.png|mrrr        eeeeeee         ssse         
/data3fast/users/mbermudez/de_02/TFGDataset/img/T2_1115.png|iieeeeeeeeeeeeeeeeeeeeeeeee             
/data3fast/users/mbermudez/de_02/TFGDataset/img/T2_0345.png|ihhhh         eeeeeeeehh     nnnn eeeeeeeeeesssseee
/data3fast/users/mbermudez/de_02/TFGDataset/img/T2_0402.png|rrrreeeeeeeeeeeeeeee          eeeeee****      stt
/data3fast/users/mbermudez/de_02/TFGDataset/img/T2_0960.png|derreeeeeeeeeeeeeeee  ii  t                   eeeesssssss
/data3fast/users/mbermudez/de_02/TFGDataset/img/T2_1101.png|deeetttteeeeeeeeeee                   uddd
/data3fast/users/mbermudez/de_02/TFGDataset/img/T2_0430.png|aahh  eeeeerrrttt                     ss  iiiiit
/data3fast/users/mbermudez/de_02/TFGDataset/img/T2_0222.png|ttt*                           eeeeeeees              ee
/data3fast/users/mbermudez/de_02/TFGDataset/img/T2_1284.png|dee  sssssshhhhh      n                      u
/data3fast/users/mbermudez/de_02/TFGDataset/img/T2_0682.png|neeee    ssss    nnnnnnneeeeeeee     s     n
/data3fast/users/mbermudez/de_02/TFGDataset/img/T2_0114.png|dee  hhhhhh          eeeeeeeeee hhhhh      aalll
/data3fast/users/mbermudez/de_02/TFGDataset/img/T2_0019.png|ihhh  eeeeeeeeeeeeeeeeeeeeeeeeeeeeeeee     eeeeee
/data3fast/users/mbermudez/de_02/TFGDataset/img/T2_0354.png|cchhh        e          eeeeeeeeeeeeeeeeeeee   aaa
/data3fast/users/mbermudez/de_02/TFGDataset/img/T2_0444.png|ffrrr eeeeeeeeeeennnnn      ssssssshh      sseeeeee
/data3fast/users/mbermudez/de_02/TFGDataset/img/T2_1204.png|gehhhhh         eeeeeeeeeeeeeeeeeeee een  neeeeeeeee
/data3fast/users/mbermudez/de_02/TFGDataset/img/T2_1340.png|eeeetttttttt
/data3fast/users/mbermudez/de_02/TFGDataset/img/T2_0427.png|aaa    nnnnnn  hhhhhheeeeeeeeeeeeeeeeeeeeeeeee
/data3fast/users/mbermudez/de_02/TFGDataset/img/T2_0779.png|weeeeeeeeeeeeeeeeeeeeeeeeee      ssssss   eeeeeeee
/data3fast/users/mbermudez/de_02/TFGDataset/img/T2_0213.png|oo        eesssssseeeeee        eeeeee      eiiii
/data3fast/users/mbermudez/de_02/TFGDataset/img/T2_0919.png|wettttttt            s sieshhhheeeeeeeeee   aaaa
/data3fast/users/mbermudez/de_02/TFGDataset/img/T2_0619.png|deeeeeeeeee   ee             eeeeeeeeeeeeeeeerrrttttttt
/data3fast/users/mbermudez/de_02/TFGDataset/img/T2_0139.png|sstt            e e     eeeeeeeeeeeeeeeeeeeeeeeee
/data3fast/users/mbermudez/de_02/TFGDataset/img/T2_0652.png|eeee saaa         ssssss                *.
/data3fast/users/mbermudez/de_02/TFGDataset/img/T2_0303.png|reeee     eeeeeeeeee       nnniiiiiiiiihhhhhhh
/data3fast/users/mbermudez/de_02/TFGDataset/img/T2_0592.png|nnn eeeeeeeeeeeiii        eeeeeeeee   *      nnnn
/data3fast/users/mbermudez/de_02/TFGDataset/img/T2_1286.png|aau             iiiiissssiicchhhh   eeeeeeeeee
/data3fast/users/mbermudez/de_02/TFGDataset/img/T2_0194.png|iihhh   e  eeeeeellllhhheeeeeeeeeeeee
/data3fast/users/mbermudez/de_02/TFGDataset/img/T2_0137.png|rreeeeeeehhhh                    lelllleeeeee
/data3fast/users/mbermudez/de_02/TFGDataset/img/T2_0640.png|# 
/data3fast/users/mbermudez/de_02/TFGDataset/img/T2_1296.png|in    ssssssseettt            nnnnnn    eeeeeeeee
/data3fast/users/mbermudez/de_02/TFGDataset/img/T2_0352.png|eeennnnnnnnn     e eeeee     s   sssttttttttt
/data3fast/users/mbermudez/de_02/TFGDataset/img/T2_1337.png|"        sssssseeeeeeeeeeeeeeeeeeeeeeee
/data3fast/users/mbermudez/de_02/TFGDataset/img/T2_0635.png|de   hhhhhhh       eeeerrrtttttt      tttt
/data3fast/users/mbermudez/de_02/TFGDataset/img/T2_0657.png|anneeeeeeeeeeeeeteeee  eeeeeeeeeeeeeeeeeeesssssseee
/data3fast/users/mbermudez/de_02/TFGDataset/img/T2_0127.png|daa      eeeeeeeeeeeeeeee        eeeeeeeeeeeeeeee
/data3fast/users/mbermudez/de_02/TFGDataset/img/T2_0968.png|mmtttssssssssss ll   aaa     eeeeeeeee  **           rrr
/data3fast/users/mbermudez/de_02/TFGDataset/img/T2_0508.png|"   eeeeeee   aaasssssssllllleeeeeeeee   
/data3fast/users/mbermudez/de_02/TFGDataset/img/T2_0922.png|sheeeeeeee        aa       hhhhhhhhhllllslsssss
/data3fast/users/mbermudez/de_02/TFGDataset/img/T2_0133.png|eee                                eeeeee
/data3fast/users/mbermudez/de_02/TFGDataset/img/T2_0039.png|dee         neeeeeeeeeeeeeeeeeeeeeeeee       sssssssss
/data3fast/users/mbermudez/de_02/TFGDataset/img/T2_0866.png|ffee           siiiii   eeeeeeeeeeeeeeeeeeee
/data3fast/users/mbermudez/de_02/TFGDataset/img/T2_1471.png|stttt           eeeeeeeee                ee          
/data3fast/users/mbermudez/de_02/TFGDataset/img/T2_0546.png|lliiih      assss ss  a     eeeeeeee     
/data3fast/users/mbermudez/de_02/TFGDataset/img/T2_1348.png|ddsssss  ttttttt   
/data3fast/users/mbermudez/de_02/TFGDataset/img/T2_0665.png|eeee   d  aaaaa      ee        e e  eeeruu
/data3fast/users/mbermudez/de_02/TFGDataset/img/T2_1447.png|ann ssssslllll                eeeeeeeeeeeeeeeee e*hhhe
/data3fast/users/mbermudez/de_02/TFGDataset/img/T2_0582.png|aaas          eeeeeeeeeeeeeeee ttttttt
/data3fast/users/mbermudez/de_02/TFGDataset/img/T2_0076.png|deeeeeeeeeesssseeee  nniieeiieeerr  neeee
/data3fast/users/mbermudez/de_02/TFGDataset/img/T2_1190.png|ssa     tttttttt         eeeeiie    eeeeeeeeeee
/data3fast/users/mbermudez/de_02/TFGDataset/img/T2_0831.png|iesssssssttt                 n    a      eeeeeeee
/data3fast/users/mbermudez/de_02/TFGDataset/img/T2_0795.png|eernnnnnnn    eeeeeeeeeeeeeeee                   u
/data3fast/users/mbermudez/de_02/TFGDataset/img/T2_1285.png|"     eeeeeeeeeeeeee  eeeee eeeeee eee      ee eee eeeeeeen
/data3fast/users/mbermudez/de_02/TFGDataset/img/T2_0607.png|geeeee      sssssssssss        sssssssseeeeeeeeeeee
/data3fast/users/mbermudez/de_02/TFGDataset/img/T2_0245.png|geeeeeeeeeeeeeeeeeeheeee     n
/data3fast/users/mbermudez/de_02/TFGDataset/img/T2_0315.png|unn eeeeeeeeeennnnnnneeeeennn         eeeeeee
/data3fast/users/mbermudez/de_02/TFGDataset/img/T2_0756.png|neeeeeeeeeeeee      eeee ee   aaaaaahhhhaaaaaa
/data3fast/users/mbermudez/de_02/TFGDataset/img/T2_1182.png|iiicct          ee eeeeee     ssssssssss    eeeeeeeeee
/data3fast/users/mbermudez/de_02/TFGDataset/img/T2_1435.png|mitt eeeee tttt                ssss     aaa
/data3fast/users/mbermudez/de_02/TFGDataset/img/T2_0053.png|aasss   aa a   ssss           e        tttttssst
/data3fast/users/mbermudez/de_02/TFGDataset/img/T2_0247.png|aaah       eee          eeeeeeeeeeeee   eeeee
/data3fast/users/mbermudez/de_02/TFGDataset/img/T2_0192.png|tttiieeeeeeeeeeeeeeeeeechhs s          nnnnn
/data3fast/users/mbermudez/de_02/TFGDataset/img/T2_0499.png|eee              ttt    tttehhhhe              rrr
/data3fast/users/mbermudez/de_02/TFGDataset/img/T2_0156.png|deee hhheeeeeeeeeeeee            e  eeeeee     tt
/data3fast/users/mbermudez/de_02/TFGDataset/img/T2_0977.png|eerr  ddnnn nnn hhheeeeeeeeeeeeee   eeeeeeeeee
/data3fast/users/mbermudez/de_02/TFGDataset/img/T2_0519.png|bee               eeetee    llll    a    eess
/data3fast/users/mbermudez/de_02/TFGDataset/img/T2_0713.png|# 
/data3fast/users/mbermudez/de_02/TFGDataset/img/T2_0579.png|onn  eeeeeeeeeeeeeeeeeeeee
/data3fast/users/mbermudez/de_02/TFGDataset/img/T2_1490.png|frrrrrr                eeeeeeeeiii    sssssss
/data3fast/users/mbermudez/de_02/TFGDataset/img/T2_0183.png|ooo  eeeeeeeeeee        eeeeeeeeeeeeeeeehhhhhhee
/data3fast/users/mbermudez/de_02/TFGDataset/img/T2_0073.png|aann  e ttttttttt     eeeeeeeeeeeedd
/data3fast/users/mbermudez/de_02/TFGDataset/img/T2_1229.png|"                         s          hhhhhhh
/data3fast/users/mbermudez/de_02/TFGDataset/img/T2_0543.png|aaleee      e eeeeeeeeeeesseeee       eeee
/data3fast/users/mbermudez/de_02/TFGDataset/img/T2_0882.png|wweeeeeeeee       d eeeeeeeeee          n
/data3fast/users/mbermudez/de_02/TFGDataset/img/T2_0707.png|seee        a     aa                            a     d
/data3fast/users/mbermudez/de_02/TFGDataset/img/T2_0632.png|dee      eeeeeeeeeeeeeeeeeeeeeeeeesssstttttt
/data3fast/users/mbermudez/de_02/TFGDataset/img/T2_1195.png|iichh        eeeeeeeeeeN
/data3fast/users/mbermudez/de_02/TFGDataset/img/T2_1392.png|#  
/data3fast/users/mbermudez/de_02/TFGDataset/img/T2_0095.png|unnd eeeeeeeee    tt             eeeeessssss
/data3fast/users/mbermudez/de_02/TFGDataset/img/T2_0367.png|aarr eeeeeeeeeeeeeeeeeeeeeeeeeeeeeeeess   nnnnn
/data3fast/users/mbermudez/de_02/TFGDataset/img/T2_1227.png|un    eeeeeeeeeeeeeeeeeeeeeeeeeeeeeee         eehhhhttt
/data3fast/users/mbermudez/de_02/TFGDataset/img/T2_1492.png|scchhhhel          eeeeeeeeeeeeeeeeeeee          a
/data3fast/users/mbermudez/de_02/TFGDataset/img/T2_1427.png|# 
/data3fast/users/mbermudez/de_02/TFGDataset/img/T2_0035.png|derrr    ee   e        eeeeeeeeeee      eeeeeeee
/data3fast/users/mbermudez/de_02/TFGDataset/img/T2_0690.png|wieeeeeeeeeteeeeee   eeeeennnnnnnnnnnn   
/data3fast/users/mbermudez/de_02/TFGDataset/img/T2_0948.png|bbeeetttttttttt                enii  eeeeeeesssee
/data3fast/users/mbermudez/de_02/TFGDataset/img/T2_0573.png|aan  eeeeeeeeeeeeeeeeeeeeeseee       ddeeeeeeeeeeee
/data3fast/users/mbermudez/de_02/TFGDataset/img/T2_1384.png|eeeeeeee                          eee     sssssss
/data3fast/users/mbermudez/de_02/TFGDataset/img/T2_0128.png|ihh     eeeeehhhhhhhhhe        eeeeeee         de
/data3fast/users/mbermudez/de_02/TFGDataset/img/T2_1146.png|sse  nn    eeeeeeeeeeeee   a  sssssss
/data3fast/users/mbermudez/de_02/TFGDataset/img/T2_0745.png|geeeeeeeeeeeeeeeeeeeeeeeeee     aaaa        eeeeeee
/data3fast/users/mbermudez/de_02/TFGDataset/img/T2_0726.png|"      eeeeeee     a   esssssssss       ddd
/data3fast/users/mbermudez/de_02/TFGDataset/img/T2_1123.png|ffee  eeeeeee        eeeelelleeeeeeeeeeeeeeee
/data3fast/users/mbermudez/de_02/TFGDataset/img/T2_0972.png|ssttttt 
/data3fast/users/mbermudez/de_02/TFGDataset/img/T2_0054.png|oe       a        
/data3fast/users/mbermudez/de_02/TFGDataset/img/T2_0990.png|drrrrrrreer  nnn aaaaa    eeeeeeeeeee
/data3fast/users/mbermudez/de_02/TFGDataset/img/T2_0785.png|mnnllhhhhhh        e eee e          aaaaaaaaahhh
/data3fast/users/mbermudez/de_02/TFGDataset/img/T2_0799.png|neeeeeeeeeehhhehhhh e e heeeeeeeenneeeeeeeeeeeett
/data3fast/users/mbermudez/de_02/TFGDataset/img/T2_1007.png|ss   eeeeeeeeeeellennnnn      d   e  eeettt
/data3fast/users/mbermudez/de_02/TFGDataset/img/T2_1180.png|neee       rr    ttttttsssssssttt          
/data3fast/users/mbermudez/de_02/TFGDataset/img/T2_0037.png|ett  i i  h  i      n          eeeeeeeeeeeeinnnn
/data3fast/users/mbermudez/de_02/TFGDataset/img/T2_0591.png|deeeeeeeee ehh           eeeeeeeeeeeeeeee      aa
/data3fast/users/mbermudez/de_02/TFGDataset/img/T2_0381.png|deeeeeeeeeeeeeeeeeee    eeeeeeeeeeeee   chcsssshtttt
/data3fast/users/mbermudez/de_02/TFGDataset/img/T2_0817.png|dee        eeeeeeeee    eeeeeeeeee eeeeeeeee   llssssssss
/data3fast/users/mbermudez/de_02/TFGDataset/img/T2_0944.png|allllllaa  aaan           eeeeeee           eeee
/data3fast/users/mbermudez/de_02/TFGDataset/img/T2_1390.png|iii              iiiiss                 ssseeeehee
/data3fast/users/mbermudez/de_02/TFGDataset/img/T2_1477.png|geeeeee         dd       ssssss    eee           
/data3fast/users/mbermudez/de_02/TFGDataset/img/T2_0609.png|errrr eeeeeeeeeeeeeeeeeeeeeiii ssssssee
/data3fast/users/mbermudez/de_02/TFGDataset/img/T2_0719.png|uureeeeeeeeeeiiiiennnnnnddd      aaaa uu
/data3fast/users/mbermudez/de_02/TFGDataset/img/T2_0307.png|see       eeeeeeeeeeeeeeeeeeeeeeeeeeeeeehhhhhh      hh
/data3fast/users/mbermudez/de_02/TFGDataset/img/T2_0206.png|uun  eeeeeeeeeeeeeeeeeeeeeeenn          ttt
/data3fast/users/mbermudez/de_02/TFGDataset/img/T2_1239.png|oo     eeeeeettt          ...
/data3fast/users/mbermudez/de_02/TFGDataset/img/T2_1307.png|hhheeeeeeeee         eeeee            r rrrre
/data3fast/users/mbermudez/de_02/TFGDataset/img/T2_1404.png|cchh e                        nn   n     iiiiiii
/data3fast/users/mbermudez/de_02/TFGDataset/img/T2_1024.png|sttt          eeeeeeeeeessss i cii        rrt
/data3fast/users/mbermudez/de_02/TFGDataset/img/T2_1283.png|soo     eeeeeee    eeeeennnnnnnnnnnnnn   eeet
/data3fast/users/mbermudez/de_02/TFGDataset/img/T2_0685.png|diieeeeeeeeeeee        eeeeee        e
/data3fast/users/mbermudez/de_02/TFGDataset/img/T2_0271.png|mmmt              eeeeee  nnnnnnn nn  sseeeee
/data3fast/users/mbermudez/de_02/TFGDataset/img/T2_1163.png|wweeesssssssshh     a hh          ee e  re.
/data3fast/users/mbermudez/de_02/TFGDataset/img/T2_0851.png|nnneeeeeeeeee                  eeeeeeeeeeiiiii
/data3fast/users/mbermudez/de_02/TFGDataset/img/T2_0569.png|sss   eeeeeeeeeeeeeeeeee   eeeeeeeeeeeeeeeeeeeeeeeeee
/data3fast/users/mbermudez/de_02/TFGDataset/img/T2_0265.png|iiieeeeeeeee              eeeeeehhhhi          ssss
/data3fast/users/mbermudez/de_02/TFGDataset/img/T2_0987.png|# 
/data3fast/users/mbermudez/de_02/TFGDataset/img/T2_1050.png|weee                     eeeeeeeeeeeeeeeeeee
/data3fast/users/mbermudez/de_02/TFGDataset/img/T2_0448.png|geee          eeeeeeeeehhhhllleeeeee   dee
/data3fast/users/mbermudez/de_02/TFGDataset/img/T2_0961.png|beee      t         t           eee    aaaa    
/data3fast/users/mbermudez/de_02/TFGDataset/img/T2_1388.png|beehhtttt   ssssssee e                     ee
/data3fast/users/mbermudez/de_02/TFGDataset/img/T2_0494.png|wisssss 
/data3fast/users/mbermudez/de_02/TFGDataset/img/T2_1465.png|aaa          nn  aaaa    eeeessseessssses      ee
/data3fast/users/mbermudez/de_02/TFGDataset/img/T2_0678.png|leeeeeeeeeeeeee     n  eeeeeeeeeeeeeeeeeeeeeeeeeeechhhh
/data3fast/users/mbermudez/de_02/TFGDataset/img/T2_0414.png|geee           s chhhttttt     nnnnn     s   eeeeee
/data3fast/users/mbermudez/de_02/TFGDataset/img/T2_0459.png|se       nnn        iieeeeeeeeeee   n  aa   eeeee
/data3fast/users/mbermudez/de_02/TFGDataset/img/T2_0100.png|neee       aa      eeeeeeeeeeeeeeeee           
/data3fast/users/mbermudez/de_02/TFGDataset/img/T2_0698.png|"      nnnhhhhhheeeeeeeeeeeeeeeeeeeeeeeeeee
/data3fast/users/mbermudez/de_02/TFGDataset/img/T2_0668.png|nnneeeee            eeeeeeeeeeeeeeeeeiissshhhhh
/data3fast/users/mbermudez/de_02/TFGDataset/img/T2_1317.png|dasseeeeeeeeee      aa         ttttets      nnnn
/data3fast/users/mbermudez/de_02/TFGDataset/img/T2_0065.png|der          ss   n       ssss    ssssssss    eeeeeee
/data3fast/users/mbermudez/de_02/TFGDataset/img/T2_1256.png|neeeee                  eee            nenieie
/data3fast/users/mbermudez/de_02/TFGDataset/img/T2_0203.png|d      n  eeeeeeeeeeeeeeeee            sssee
/data3fast/users/mbermudez/de_02/TFGDataset/img/T2_1320.png|sit   aaaaaaaaaa  eeeeeeeeee     * e ****eeeee
/data3fast/users/mbermudez/de_02/TFGDataset/img/T2_0149.png|geeeeee  rrrrtttttttt     *******
/data3fast/users/mbermudez/de_02/TFGDataset/img/T2_0248.png|rrrr   eeeeeeeeeeeeeeeeeeeeeeeeeee    ee ee      
/data3fast/users/mbermudez/de_02/TFGDataset/img/T2_0876.png|mreeeeeeeeeeeeiiiiii               eeeeeeee
/data3fast/users/mbermudez/de_02/TFGDataset/img/T2_0197.png|errr                sssssh   sss                eeeeeeeee
/data3fast/users/mbermudez/de_02/TFGDataset/img/T2_0526.png|nnn    aaaa   ttt  aa lleeeeeeeeeennnnn
/data3fast/users/mbermudez/de_02/TFGDataset/img/T2_1210.png|geeeeeee     aaaa      eeeiiiheeeeeee    dd
/data3fast/users/mbermudez/de_02/TFGDataset/img/T2_0177.png|deeeeelhlhe      eeeee                   a   hhh
/data3fast/users/mbermudez/de_02/TFGDataset/img/T2_0189.png|ssehheeeeeeeeeeeeessssss    ttllltteeeeeeeeeeeeeeee
/data3fast/users/mbermudez/de_02/TFGDataset/img/T2_1486.png|miieeeeeeeeee e   aassssssseeeeeeeeeeeeeeeeee
/data3fast/users/mbermudez/de_02/TFGDataset/img/T2_0827.png|dieeeeeeetttti              eeeeeeeeeeeeeeeeee
/data3fast/users/mbermudez/de_02/TFGDataset/img/T2_0080.png|mmn    dd   eeeeeeeeeeeeeeeeneeeeeeeeeeeeeeeeee
/data3fast/users/mbermudez/de_02/TFGDataset/img/T2_0976.png|sss   aaaa  aa lllll l    eeeeeeee       e     edee
/data3fast/users/mbermudez/de_02/TFGDataset/img/T2_0343.png|oo    eeeeeeee     eeeeeeeeeeeeeeeeeee      ee
/data3fast/users/mbermudez/de_02/TFGDataset/img/T2_1291.png|aaa    eeeeeeeeeeeeiiiiii         eeeeeeee
/data3fast/users/mbermudez/de_02/TFGDataset/img/T2_0409.png|iiie  ee           a          eee  ihh hnnnn
/data3fast/users/mbermudez/de_02/TFGDataset/img/T2_0110.png|oossssssshhhhhhheeeee    aaaaleleeeeeeeeiiiiinnn
/data3fast/users/mbermudez/de_02/TFGDataset/img/T2_0788.png|oo       hhhheiiieeeeee   aa     eeeee
/data3fast/users/mbermudez/de_02/TFGDataset/img/T2_1451.png|dee           s    eeeesssseehhhh        ee
/data3fast/users/mbermudez/de_02/TFGDataset/img/T2_1406.png|dee         eeeeeeeeeeeeee  h h h           eeeeeeeee
/data3fast/users/mbermudez/de_02/TFGDataset/img/T2_0997.png|inn     eeeeeeeeeeeee  e  eeeeee          nntt
/data3fast/users/mbermudez/de_02/TFGDataset/img/T2_0981.png|soto        ssss  eeeeeees    eee eee eee  e      eeeeeeeee
/data3fast/users/mbermudez/de_02/TFGDataset/img/T2_0965.png|mittt   eeeeeeeeett t   hhh        e    ssss      eeeeeee
/data3fast/users/mbermudez/de_02/TFGDataset/img/T2_0686.png|geeeeee   nnnneeeeeennnnnneeeeeeeeeee
/data3fast/users/mbermudez/de_02/TFGDataset/img/T2_0621.png|sseeeeeeeeeee ee    nnnhhhhhh  n   n nneeeeee
/data3fast/users/mbermudez/de_02/TFGDataset/img/T2_1425.png|stttt     eeeedeeeeeeeeeeeeeeeeeeeeeee
/data3fast/users/mbermudez/de_02/TFGDataset/img/T2_1498.png|di         eeeeeeeeeeeeeeeee  rrr e   sssssssttt
/data3fast/users/mbermudez/de_02/TFGDataset/img/T2_0664.png|m    eeeeeeeeeee      hhhh      eeeee   sssss
/data3fast/users/mbermudez/de_02/TFGDataset/img/T2_1001.png|eeeNNllllllls         eeeeeeeeeeeeeeeeeeeeeeeeesshhh
/data3fast/users/mbermudez/de_02/TFGDataset/img/T2_1351.png|eeeeeeeeeeeeeeeeeeeeeee   e
/data3fast/users/mbermudez/de_02/TFGDataset/img/T2_1474.png|auu    ee ssss s  s  eeeee ee  eee            aa
/data3fast/users/mbermudez/de_02/TFGDataset/img/T2_1429.png|# 
/data3fast/users/mbermudez/de_02/TFGDataset/img/T2_0520.png|dr   nnnnneeeeeiii      
/data3fast/users/mbermudez/de_02/TFGDataset/img/T2_1177.png|bbee              d       ttttttttt      eeeee
/data3fast/users/mbermudez/de_02/TFGDataset/img/T2_0847.png|# 
/data3fast/users/mbermudez/de_02/TFGDataset/img/T2_0481.png|seeeeeeeeeeeeeeeeeeee     ssssssss         aaannn
/data3fast/users/mbermudez/de_02/TFGDataset/img/T2_0082.png|eeee ssschhhhh       e  eccchh   nn    nneeeeeiiiit
/data3fast/users/mbermudez/de_02/TFGDataset/img/T2_1267.png|nnnn         tttthhttttt     *              rree
/data3fast/users/mbermudez/de_02/TFGDataset/img/T2_0028.png|ooou       a        e eesssseeeeee       sssssss
/data3fast/users/mbermudez/de_02/TFGDataset/img/T2_0015.png|drrrrrreeeeeeeeeeeeeeeeeeeeeeeeellllllssaaat
/data3fast/users/mbermudez/de_02/TFGDataset/img/T2_1064.png|aaaa     eeeeeeee          nnn          eeehll
/data3fast/users/mbermudez/de_02/TFGDataset/img/T2_1264.png|da   eeeee                  eeeeeeeeeeeeee  hhh
/data3fast/users/mbermudez/de_02/TFGDataset/img/T2_0129.png|#  
/data3fast/users/mbermudez/de_02/TFGDataset/img/T2_0323.png|dd       nnnaaaa    a      eeeeeeeee sssssss
/data3fast/users/mbermudez/de_02/TFGDataset/img/T2_0176.png|mi        aa a         eeeeeee     eeee  ehhhhhhhh
/data3fast/users/mbermudez/de_02/TFGDataset/img/T2_1458.png|der  iiitttttt       *  ***    r rrrrr  eeee
/data3fast/users/mbermudez/de_02/TFGDataset/img/T2_0940.png|derreeeeeeeeeeeeee  nn            hh    d   eeeeee
/data3fast/users/mbermudez/de_02/TFGDataset/img/T2_0351.png|ooeeeeeeeeeeeed dddd ddeerrrrr      sssshhhh
/data3fast/users/mbermudez/de_02/TFGDataset/img/T2_0089.png|asss     eeeeeeeeeeeeeeeeeeeeeeeeee   aaa
/data3fast/users/mbermudez/de_02/TFGDataset/img/T2_0280.png|eee              aa   ttttt      eeeeeeeeee
/data3fast/users/mbermudez/de_02/TFGDataset/img/T2_1236.png|nn     sss    ssseeeeeeelllee    eeeeeeeeeeeee
/data3fast/users/mbermudez/de_02/TFGDataset/img/T2_0938.png|zrrettttttttt
/data3fast/users/mbermudez/de_02/TFGDataset/img/T2_1501.png|sseeeeee               hheeeeeeeeeeeeeeeeeee eeeeeeehheeeee
/data3fast/users/mbermudez/de_02/TFGDataset/img/T2_0718.png|dirt  t sssss iiii     hhhh       d ddeeeee
/data3fast/users/mbermudez/de_02/TFGDataset/img/T2_0218.png|aaaeeeeee      aaa        lllllll     nnnnnn
/data3fast/users/mbermudez/de_02/TFGDataset/img/T2_1428.png|errtt        eeee   sssss    tttt t       sssss
/data3fast/users/mbermudez/de_02/TFGDataset/img/T2_0911.png|eeetttttttt
/data3fast/users/mbermudez/de_02/TFGDataset/img/T2_0675.png|deeeeeeeeeeeeeeleeeeeeeeeee   eeeeennnnnneeeee
/data3fast/users/mbermudez/de_02/TFGDataset/img/T2_1412.png|daaaa              eeesssichhhhcchhhhhh hh hhh  hhhhh
/data3fast/users/mbermudez/de_02/TFGDataset/img/T2_0655.png|weessssshhhhhhh   t      eeeee      sssss
/data3fast/users/mbermudez/de_02/TFGDataset/img/T2_1159.png|uuu           dda dddd     eeeee  hheeeNeee
/data3fast/users/mbermudez/de_02/TFGDataset/img/T2_0837.png|dieeeeeeeeesssssseeeeennnnnnnnnnnnnnnnneeie
/data3fast/users/mbermudez/de_02/TFGDataset/img/T2_1056.png|deeeeeeeeeeeeeeeeeeeee  esssssseeeeeeeeeeee   e errerrreeeeh
/data3fast/users/mbermudez/de_02/TFGDataset/img/T2_1294.png|aaneeeeeeeeeeeedeeeeeeeeee     s             eehhhhh
/data3fast/users/mbermudez/de_02/TFGDataset/img/T2_0538.png|d      rrrrttt       llleeeeeeeeeee        eee
/data3fast/users/mbermudez/de_02/TFGDataset/img/T2_0392.png|mitttttteeeeeeeeeeeeeeeeeeennnnnnnnnnnnnn
/data3fast/users/mbermudez/de_02/TFGDataset/img/T2_1345.png|geee         ettiiii   nnn aaa   ttttt
/data3fast/users/mbermudez/de_02/TFGDataset/img/T2_1260.png|beeeeeeee           sssscchhhhhhh aaaanne
/data3fast/users/mbermudez/de_02/TFGDataset/img/T2_0078.png|nnnddeeeeeeeeee e  eeeeheeeeeeeennnn     aeee
/data3fast/users/mbermudez/de_02/TFGDataset/img/T2_0112.png|aaass  e  eee    e                                sss hh
/data3fast/users/mbermudez/de_02/TFGDataset/img/T2_0226.png|eeNNNeee
/data3fast/users/mbermudez/de_02/TFGDataset/img/T2_0728.png|mi      eeeeeeeeeeeeeeeeeeeeenn    e    stttt
/data3fast/users/mbermudez/de_02/TFGDataset/img/T2_1000.png|ttttteeeeiiiiie   en  eeeeeeeeeeeeeeeeeeeeeeeeeeee
/data3fast/users/mbermudez/de_02/TFGDataset/img/T2_1407.png|eeethttt                       eeeeeeeessssssslll
/data3fast/users/mbermudez/de_02/TFGDataset/img/T2_0056.png|deer        nnnnnnrrrrtrrtt              
/data3fast/users/mbermudez/de_02/TFGDataset/img/T2_1253.png|bbe   hh   eeeeeeeee             
/data3fast/users/mbermudez/de_02/TFGDataset/img/T2_0199.png|wllleeeeeeeeeeeeeeeeeee           ehhhhhhhh
/data3fast/users/mbermudez/de_02/TFGDataset/img/T2_1426.png|aaheeeeeeeeeeeeeeeeeeeeeeeee    ddd    aassslllll
/data3fast/users/mbermudez/de_02/TFGDataset/img/T2_0804.png|in      a      aa  nnnn  eeeeeeeeeeaaa
/data3fast/users/mbermudez/de_02/TFGDataset/img/T2_0005.png|weeehhh       ee   eeeeeellllleeeeeeiiinnnn
/data3fast/users/mbermudez/de_02/TFGDataset/img/T2_0572.png|frrrrddeeeeeeeeeeeeeeeeeeee        e        tttttt
/data3fast/users/mbermudez/de_02/TFGDataset/img/T2_0903.png|*eeeee    h      eeeeeeeeeeeeeeneeeeeeeeeeee
/data3fast/users/mbermudez/de_02/TFGDataset/img/T2_0306.png|tt           eeeehhhheeeeeeeee        eeeessstttttttt
/data3fast/users/mbermudez/de_02/TFGDataset/img/T2_0571.png|beeeee   e            eeeeeeeeeeeeee  nneee
/data3fast/users/mbermudez/de_02/TFGDataset/img/T2_0180.png|schhhhhhhhhhhh          an a aan     neeeeeeeee
/data3fast/users/mbermudez/de_02/TFGDataset/img/T2_0359.png|ieeeeeeeeeeee      sssss..
/data3fast/users/mbermudez/de_02/TFGDataset/img/T2_1324.png|hhh                              hhhhh           ree
/data3fast/users/mbermudez/de_02/TFGDataset/img/T2_1415.png|iinnnneeeeeeeeeeeeeeeeeeee      eeeeeeeeeeeeeeeehhh
/data3fast/users/mbermudez/de_02/TFGDataset/img/T2_0666.png|deeeeeeeeeeeese sss             hh              eeeeeee
/data3fast/users/mbermudez/de_02/TFGDataset/img/T2_1329.png|ssccchttttttttt          eee                ssssee
/data3fast/users/mbermudez/de_02/TFGDataset/img/T2_1009.png|"    eeeeeeeeeeeeeeeeeeeeei        aaasssss
/data3fast/users/mbermudez/de_02/TFGDataset/img/T2_0521.png|de      ttttt        eeeeeeeesselllee            h
/data3fast/users/mbermudez/de_02/TFGDataset/img/T2_1167.png|unn  eeeeeeechheseheeeeeee          eeeeeeeeee
/data3fast/users/mbermudez/de_02/TFGDataset/img/T2_0669.png|deeeeeeeeeeeeeeeeeeeeeeee     aa   llltttt
/data3fast/users/mbermudez/de_02/TFGDataset/img/T2_0823.png|sttt           ssss     eeeeee*        ccchhh
/data3fast/users/mbermudez/de_02/TFGDataset/img/T2_0768.png|aaaeeeeeeeeeeeeeei     tt
/data3fast/users/mbermudez/de_02/TFGDataset/img/T2_0588.png|dee eeeeeeeeeeeeeeeeeee              eeeeeee
/data3fast/users/mbermudez/de_02/TFGDataset/img/T2_0373.png|vrrr     eeeeeeeeeee         sssss       eeee***
/data3fast/users/mbermudez/de_02/TFGDataset/img/T2_0308.png|derrtt    e  eeeeeeeeeeeeeee       h      eee  n
/data3fast/users/mbermudez/de_02/TFGDataset/img/T2_0443.png|derr eeeeeeeeeeeeiieieeeeeeeeeeeessssssttt
/data3fast/users/mbermudez/de_02/TFGDataset/img/T2_0268.png|auuuu   nnn    aa a  h     eeeee ee         ihhhht
/data3fast/users/mbermudez/de_02/TFGDataset/img/T2_0778.png|iiccc     aaaa      nnnnnnnn eeeee    ssshheeeeeeeeeee
/data3fast/users/mbermudez/de_02/TFGDataset/img/T2_1066.png|weee nnnn eeeeeeeeeeeeee e  t     sss       eee
/data3fast/users/mbermudez/de_02/TFGDataset/img/T2_0291.png|reessssssss eeee              eeeee          ann
/data3fast/users/mbermudez/de_02/TFGDataset/img/T2_1168.png|mhh e                  sssseeeeeeee **             eeeeee
/data3fast/users/mbermudez/de_02/TFGDataset/img/T2_1440.png|eehh          eeeeeeeeeeeeeeeeeeeeeeeeeitttttt
/data3fast/users/mbermudez/de_02/TFGDataset/img/T2_0446.png|derr                 ee         e           eeeeeeeee
/data3fast/users/mbermudez/de_02/TFGDataset/img/T2_0041.png|wiieeeeeeeeeeeeee eeeeeeeee e   deee
/data3fast/users/mbermudez/de_02/TFGDataset/img/T2_0119.png|ohhhhhh    nnnnnnnnnnnnnnn        eee  rrrr
/data3fast/users/mbermudez/de_02/TFGDataset/img/T2_0503.png|unndeeeessssssssssssseeee nnnnnii     hhh
/data3fast/users/mbermudez/de_02/TFGDataset/img/T2_0714.png|nnhhhhhh             eeeeecessseeeeeee eeeee
/data3fast/users/mbermudez/de_02/TFGDataset/img/T2_0334.png|iiireeeeeeerrrr               hhhhheeeeessssssss
/data3fast/users/mbermudez/de_02/TFGDataset/img/T2_0697.png|hhh         e eesssseeeeeeee     e ee         l
/data3fast/users/mbermudez/de_02/TFGDataset/img/T2_0099.png|mo  eeeeeeeeeeeeeeee aaaaaaaa     eeeeee           nnn
/data3fast/users/mbermudez/de_02/TFGDataset/img/T2_0324.png|weiiiihhhhhh   nnnnnn eelllllleeeeeeee e
/data3fast/users/mbermudez/de_02/TFGDataset/img/T2_0630.png|ooe    eessssseeeeeee
/data3fast/users/mbermudez/de_02/TFGDataset/img/T2_1446.png|uuu      e  eeeeeeeeeee   dddddd        eeeeee
/data3fast/users/mbermudez/de_02/TFGDataset/img/T2_0867.png|feeeeeeee eeeeeeeeeeeeeeeeeeeee   s       ddnnnn
/data3fast/users/mbermudez/de_02/TFGDataset/img/T2_1178.png|de     a a     eeeeeeeeeeeeeee    ******ttttttttt
/data3fast/users/mbermudez/de_02/TFGDataset/img/T2_1119.png|" eeeeeeeeeeeeeeeeeee              ssss ss tsssst    t
/data3fast/users/mbermudez/de_02/TFGDataset/img/T2_0917.png|# 
/data3fast/users/mbermudez/de_02/TFGDataset/img/T2_0242.png|eee     ddd eeeeeeeeeeeeeeettt     ssss   eeeeee
/data3fast/users/mbermudez/de_02/TFGDataset/img/T2_0943.png|tee    nndd    eeeeeeeehhheeeeeeeeeeeee
/data3fast/users/mbermudez/de_02/TFGDataset/img/T2_0974.png|# 
/data3fast/users/mbermudez/de_02/TFGDataset/img/T2_0856.png|errrrrr  eee     n  eeeeeeeeeeeeeeseeeeeeeeeeeeee
/data3fast/users/mbermudez/de_02/TFGDataset/img/T2_0955.png|wlltttt                  eeeeeeeeeeeeeeeeeee      eee
/data3fast/users/mbermudez/de_02/TFGDataset/img/T2_0236.png|aaaeeeeeeeeeeete       ee     sssssshhh
/data3fast/users/mbermudez/de_02/TFGDataset/img/T2_1371.png|dasss hehheeeee                    e eeeess            n
/data3fast/users/mbermudez/de_02/TFGDataset/img/T2_0254.png|"    eeeeeeeeeeeeellllhhhhhhhhh   ttttt
/data3fast/users/mbermudez/de_02/TFGDataset/img/T2_0897.png|geeeeeeeeeeeiieeeeeeeeeeeiiiiss       selll
/data3fast/users/mbermudez/de_02/TFGDataset/img/T2_0174.png|der     eeeeeeeeeeeiiiiith         rrrrrrrrreee
/data3fast/users/mbermudez/de_02/TFGDataset/img/T2_1129.png|errra aa       sss  eeeee      nnn  e  e eeeeeee
/data3fast/users/mbermudez/de_02/TFGDataset/img/T2_0962.png|ichhh      eeeeeesss   sss          eeeeeeeeeeeeeeeeee
/data3fast/users/mbermudez/de_02/TFGDataset/img/T2_1026.png|ggau        nn       eeeeee          n  nhhhh
/data3fast/users/mbermudez/de_02/TFGDataset/img/T2_0798.png|eeeeeee  assssssssssssseeeeeeeeeeee
/data3fast/users/mbermudez/de_02/TFGDataset/img/T2_1170.png|oo    eeeeeeee        nnnniiiiii      eee
/data3fast/users/mbermudez/de_02/TFGDataset/img/T2_0558.png|sshh     nn     eee     ssssssss     aaaaa
/data3fast/users/mbermudez/de_02/TFGDataset/img/T2_0999.png|eeestlhhhhheeeeeeee  e  a  eeeeeeeeeeeeeeeeeiiinne
/data3fast/users/mbermudez/de_02/TFGDataset/img/T2_0656.png|oor      eeeeeeeeeeeeeeeeeeeeeeeeeeeeeeeeeeeeeeeeee
/data3fast/users/mbermudez/de_02/TFGDataset/img/T2_0927.png|weeeeeeeeeeeehchhheeeeeehiieeee esehhhe      eeeee
/data3fast/users/mbermudez/de_02/TFGDataset/img/T2_0717.png|da   eeeeeettt        eiiiiicccchh aaaaaaaaee
/data3fast/users/mbermudez/de_02/TFGDataset/img/T2_0038.png|shhhaa           e    eeeeeeeeeeeeeeeeeeeee   nn
/data3fast/users/mbermudez/de_02/TFGDataset/img/T2_0933.png|wrr                    d dddeeeee     aaa  eee
/data3fast/users/mbermudez/de_02/TFGDataset/img/T2_1258.png|orr aaaaaalllll  eeeeeeeeeeee      ssssssss
/data3fast/users/mbermudez/de_02/TFGDataset/img/T2_0914.png|aass eeeeeeeeeeeeeeeeeeeeeeeeeeeeeee rrrrrrrrrrt
/data3fast/users/mbermudez/de_02/TFGDataset/img/T2_0440.png|der    ana    tttttt tt
/data3fast/users/mbermudez/de_02/TFGDataset/img/T2_0473.png|geeeesssss
/data3fast/users/mbermudez/de_02/TFGDataset/img/T2_0887.png|tt  aaaaahhhhhhhhhhhh     eeeeeeeeeeeeeeeeeeeeeedd
/data3fast/users/mbermudez/de_02/TFGDataset/img/T2_0439.png|aassss       eeeeeeeeeeeeeeeeeeeeee    n dddeeee
/data3fast/users/mbermudez/de_02/TFGDataset/img/T2_0475.png|iii      eeee      llllleeeeeeeeeeeeeeiiii eeee
/data3fast/users/mbermudez/de_02/TFGDataset/img/T2_1257.png|derrrrrrrtttrrrrrrrttr  eeeeeeeee    nnnnnnn
/data3fast/users/mbermudez/de_02/TFGDataset/img/T2_0163.png|dieeeeeeeeeeeee t      ssseehhhheeeeeehhhhhhhhhhhhha
/data3fast/users/mbermudez/de_02/TFGDataset/img/T2_0684.png|"             sssseeeeeeeeeee e   sssssss   nnnnn
/data3fast/users/mbermudez/de_02/TFGDataset/img/T2_0946.png|nnn   eeeeeeee       s   stt             rrree
/data3fast/users/mbermudez/de_02/TFGDataset/img/T2_0680.png|aaneeeeeeeeeeeeeeiiii  nn n  n             hhhhhhh
/data3fast/users/mbermudez/de_02/TFGDataset/img/T2_1047.png|ssst aaaaaaa ssssss  eeeeeeeeeeeeeeeee     ree
/data3fast/users/mbermudez/de_02/TFGDataset/img/T2_1494.png|eere            eeee              eeeeeee     eeeeeee
/data3fast/users/mbermudez/de_02/TFGDataset/img/T2_0936.png|ddn      ttttttttttt*********eeiiitttt        eeeeee
/data3fast/users/mbermudez/de_02/TFGDataset/img/T2_1203.png|geeeesss  ss        llleeleeeleeeeeeeeeeeeee
/data3fast/users/mbermudez/de_02/TFGDataset/img/T2_1488.png|uuueeeeeeeeeeeeeeee                 aannaaa n
/data3fast/users/mbermudez/de_02/TFGDataset/img/T2_0505.png|nnneeeeeeeeeeeeeeeeeeeeee
/data3fast/users/mbermudez/de_02/TFGDataset/img/T2_1003.png|tteeeeeehhhhhhhhhh      eeeeeeeeeeeeeeeeeeeeeennnnnnnn
/data3fast/users/mbermudez/de_02/TFGDataset/img/T2_1084.png|aaaa           alllleee           ssss iiihhhh
/data3fast/users/mbermudez/de_02/TFGDataset/img/T2_0859.png|tttt                      sssssss     
/data3fast/users/mbermudez/de_02/TFGDataset/img/T2_1071.png|nni ssssseleeehee                      eeeeeeeeeeeeeee
/data3fast/users/mbermudez/de_02/TFGDataset/img/T2_1124.png|iiiiie       hh               dsssss   eeeeee
/data3fast/users/mbermudez/de_02/TFGDataset/img/T2_1454.png|iiieeeeeeennnnnnnnneennneeeeeccccchhh  e
/data3fast/users/mbermudez/de_02/TFGDataset/img/T2_0442.png|ooo  eeeeeeeeeee                    ee eeeeeeeeeeeee
/data3fast/users/mbermudez/de_02/TFGDataset/img/T2_0229.png|iihhhhaa        eeeeeeeeeeeeeeeeeeeeehhhheee         rr
/data3fast/users/mbermudez/de_02/TFGDataset/img/T2_0535.png|mhrrree    ttttttttt              eheeeee ddd
/data3fast/users/mbermudez/de_02/TFGDataset/img/T2_1092.png|drr              sssssss                ssssssssl
/data3fast/users/mbermudez/de_02/TFGDataset/img/T2_0819.png|frrrteeeeeeeeeeeee   eeeeeee        t eeeeee
/data3fast/users/mbermudez/de_02/TFGDataset/img/T2_0132.png|eeeeeeeeee                   e eeeeeeeeeeeeessseeeeeeeeee
/data3fast/users/mbermudez/de_02/TFGDataset/img/T2_0387.png|deeeeeeeeeeeeeeeeeeeeeeeeeee   aassssss
/data3fast/users/mbermudez/de_02/TFGDataset/img/T2_0161.png|arrr       iiii eeeee e  d  deeeeeeeeeeesssssllll
/data3fast/users/mbermudez/de_02/TFGDataset/img/T2_1248.png|ieee             tttttsss              nnnn
/data3fast/users/mbermudez/de_02/TFGDataset/img/T2_0455.png|udd    eeeeehhhhh   hhhhhh h hhhhhhhh      
/data3fast/users/mbermudez/de_02/TFGDataset/img/T2_0225.png|iiineeeeeeeeeeeeeeeeeeeeeeei      deeeeeee
/data3fast/users/mbermudez/de_02/TFGDataset/img/T2_1046.png|dertttttttttttt
/data3fast/users/mbermudez/de_02/TFGDataset/img/T2_0209.png|iii  eeeeeeeeeelleeeeeeeeeeeeeeee  i     aaaaa
/data3fast/users/mbermudez/de_02/TFGDataset/img/T2_0771.png|# 
/data3fast/users/mbermudez/de_02/TFGDataset/img/T2_0172.png|deeess a     eeeeeeeeeeeeeeeeee        eeeee       sssshhhhhh
/data3fast/users/mbermudez/de_02/TFGDataset/img/T2_1185.png|hhh         eeeeeeeeeeeeeeee nndneeniiii
/data3fast/users/mbermudez/de_02/TFGDataset/img/T2_1418.png|geeehhhtttt
/data3fast/users/mbermudez/de_02/TFGDataset/img/T2_0057.png|alllll    nnn  eeeeeeeeeeeeeesssseeeeeee nnnnnnn
/data3fast/users/mbermudez/de_02/TFGDataset/img/T2_1039.png|oo       hhhhhlle  eeee    nnn               eeeee
/data3fast/users/mbermudez/de_02/TFGDataset/img/T2_0382.png|aahhheeeeeeeeiiiiiinnnnn   n     eeeeee
/data3fast/users/mbermudez/de_02/TFGDataset/img/T2_1093.png|rrr  aaaa       eeeeeeeeeeeeeeeeeeee         nnne
/data3fast/users/mbermudez/de_02/TFGDataset/img/T2_0636.png|#  
/data3fast/users/mbermudez/de_02/TFGDataset/img/T2_0212.png|eeeehhhssssssseeeeeee     ..
/data3fast/users/mbermudez/de_02/TFGDataset/img/T2_0759.png|de     aa  eeeeeeeeeeeee     nnnnnnnnnnnnneennn
/data3fast/users/mbermudez/de_02/TFGDataset/img/T2_1336.png|iiihhtttttt    ttt.
/data3fast/users/mbermudez/de_02/TFGDataset/img/T2_0122.png|uureeeeeeeeeeeeee   eeeeeeeeeeeeeeeeeeeeeeeee
/data3fast/users/mbermudez/de_02/TFGDataset/img/T2_0659.png|eeehhhhhhhhhhhh hhhhh hhhhee                 ...
/data3fast/users/mbermudez/de_02/TFGDataset/img/T2_0861.png|miit           aaaaa    hhhhh      eeeeeettt
/data3fast/users/mbermudez/de_02/TFGDataset/img/T2_1299.png|mi    eeeeeeeee      a nn           eseeeeeeeeeh
/data3fast/users/mbermudez/de_02/TFGDataset/img/T2_0288.png|iiiii      eeeeeee  nnnn eeeeeeeeeeeeeeee         
/data3fast/users/mbermudez/de_02/TFGDataset/img/T2_1058.png|dnn  eeeeeeee         ttteeeeeeeeeeeeeeeeeeee   s  ass
/data3fast/users/mbermudez/de_02/TFGDataset/img/T2_1334.png|ss   eeeeeeeeeieheeen n            eeeeeeeee
/data3fast/users/mbermudez/de_02/TFGDataset/img/T2_1491.png|aas      eeee************      sssseeessss     eee
/data3fast/users/mbermudez/de_02/TFGDataset/img/T2_1305.png|rrrrhhhhhhhhhhhhh       sssss                   eeeee
/data3fast/users/mbermudez/de_02/TFGDataset/img/T2_0150.png|wee           eeeessss eeeeeeeeeeee   sssssssss
/data3fast/users/mbermudez/de_02/TFGDataset/img/T2_0328.png|drrrtttttttt   
/data3fast/users/mbermudez/de_02/TFGDataset/img/T2_0093.png|de  aaaaannn eeeeeeeeeeeeeeeee     sstttttt
/data3fast/users/mbermudez/de_02/TFGDataset/img/T2_0297.png|dee                 hhhh    h heeeeeeeeee   nnnnn
/data3fast/users/mbermudez/de_02/TFGDataset/img/T2_0929.png|ttt        ssssssseeee    niiiiiinnnnnnnnnnnn
/data3fast/users/mbermudez/de_02/TFGDataset/img/T2_1013.png|dee    a           nn     hhhh           e   iiin
/data3fast/users/mbermudez/de_02/TFGDataset/img/T2_1162.png|"    eeeeeee   aallls          sssss
/data3fast/users/mbermudez/de_02/TFGDataset/img/T2_1133.png|te  aaaaaaa    eeeeeeeeeeeeeeeeee      eeeeeeeee
/data3fast/users/mbermudez/de_02/TFGDataset/img/T2_0413.png|ee  ddd eeeeeeessss   aaaa   aa         ss
/data3fast/users/mbermudez/de_02/TFGDataset/img/T2_0115.png|eeeeeesssssss      dd   eeeeeeneeeeeeeeee
/data3fast/users/mbermudez/de_02/TFGDataset/img/T2_0140.png|geeeesssssss      eeesseeeeeeee      n       eee    chh
/data3fast/users/mbermudez/de_02/TFGDataset/img/T2_0029.png|eeeehhhhttt                 eeeeeeeeeeeeee  eeeee
/data3fast/users/mbermudez/de_02/TFGDataset/img/T2_0702.png|hheeeeeeeeesssseesesettt    hhhh    eeeeeeN
/data3fast/users/mbermudez/de_02/TFGDataset/img/T2_0238.png|deessshhhhhheeeeeet    ssss         eeeeeeeeeeeeeee
/data3fast/users/mbermudez/de_02/TFGDataset/img/T2_0869.png|ssshhhh  ssssssseeeeeeeeeeeeeeeeeeeeeeeeeess
/data3fast/users/mbermudez/de_02/TFGDataset/img/T2_0287.png|gleeeeee   eeeeeeeeeeeeeeittt    aaaaaaaall
/data3fast/users/mbermudez/de_02/TFGDataset/img/T2_0401.png|geee nnnnnnnnnn n  n  eeeeeeee        nn
/data3fast/users/mbermudez/de_02/TFGDataset/img/T2_0257.png|weeeeettthh                  eeee      eeeeetttt
/data3fast/users/mbermudez/de_02/TFGDataset/img/T2_0391.png|wrr   ss          nnnn n nniiieieehhheeee      rrr
/data3fast/users/mbermudez/de_02/TFGDataset/img/T2_1287.png|eettt           a  nnnn n    eeeeeeeccc    aaaa
/data3fast/users/mbermudez/de_02/TFGDataset/img/T2_1245.png|de  
/data3fast/users/mbermudez/de_02/TFGDataset/img/T2_1161.png|annneeeeeeehhhhhhh     eeeeeeeeeeeeeee     ee
/data3fast/users/mbermudez/de_02/TFGDataset/img/T2_0428.png|"           sssshhheeeeeeeeee             dd
/data3fast/users/mbermudez/de_02/TFGDataset/img/T2_1215.png|schhhh     e   eeeeeeeeeeeeeeeeeeeeee    aa
/data3fast/users/mbermudez/de_02/TFGDataset/img/T2_1192.png|oo    eeeeeeeeeeeeeeeeeessssssss   s             eeeeeee
/data3fast/users/mbermudez/de_02/TFGDataset/img/T2_1497.png|tteeeeeeeeeeee      eeeeeeeeeeeeee   aaaaaaa
/data3fast/users/mbermudez/de_02/TFGDataset/img/T2_0462.png|eeeeeeeeeeeeeeeeeeeeeeeee rerr         essellellle
/data3fast/users/mbermudez/de_02/TFGDataset/img/T2_0107.png|deeeeeeeeeee  r   tteeeeeeeeeeeee       rr
/data3fast/users/mbermudez/de_02/TFGDataset/img/T2_1326.png|sss     nnnnnnnnnnnnnn     eeeeeeeett        eeeh
/data3fast/users/mbermudez/de_02/TFGDataset/img/T2_1453.png|#  
/data3fast/users/mbermudez/de_02/TFGDataset/img/T2_0608.png|bbeeeeeeee                    eeeeeiii       nnr
/data3fast/users/mbermudez/de_02/TFGDataset/img/T2_0568.png|hheeeee    s               eeeeeeeee       
/data3fast/users/mbermudez/de_02/TFGDataset/img/T2_1402.png|wllaa            s sssssss        hlllleeeeeeee
/data3fast/users/mbermudez/de_02/TFGDataset/img/T2_0398.png|mii             eeeessssssttttt       eeeeeNN
/data3fast/users/mbermudez/de_02/TFGDataset/img/T2_0672.png|fnneeeeeeeee ed   eeeeeeeeeeeeeeettteee
/data3fast/users/mbermudez/de_02/TFGDataset/img/T2_1346.png|ssss           d eeeeeeeeeeeesss      aaaahhh
/data3fast/users/mbermudez/de_02/TFGDataset/img/T2_0108.png|dassseeeeeeeeeiiieeeeeeeeeeneeeeeeeeeeennnnn
/data3fast/users/mbermudez/de_02/TFGDataset/img/T2_0741.png|# 
/data3fast/users/mbermudez/de_02/TFGDataset/img/T2_0033.png|ttttttttttt           hhh                eeeeeeeeNN
/data3fast/users/mbermudez/de_02/TFGDataset/img/T2_0405.png|wennnnnnnnnneeeeeeeeeeeeeeeeeeeeeee
/data3fast/users/mbermudez/de_02/TFGDataset/img/T2_1270.png|nnnesssssssll          eeeeeeeeeeee  ee
/data3fast/users/mbermudez/de_02/TFGDataset/img/T2_0154.png|eeerhhttttttttttttttttttt    neeeenenneeeeeee
/data3fast/users/mbermudez/de_02/TFGDataset/img/T2_0106.png|"   sssssiiii              eeeeeeee
/data3fast/users/mbermudez/de_02/TFGDataset/img/T2_0098.png|see           ttttt   ee   ee  e   ee e ssssss
/data3fast/users/mbermudez/de_02/TFGDataset/img/T2_0399.png|aaahlleeeeeeeeeeleee  eee               n  ne
/data3fast/users/mbermudez/de_02/TFGDataset/img/T2_0300.png|aahh                    hhhht  lll        nnnaa
/data3fast/users/mbermudez/de_02/TFGDataset/img/T2_0003.png|wweeehhhhhhhhhhhheee     nn aa    assssssssssseeeeett
/data3fast/users/mbermudez/de_02/TFGDataset/img/T2_1005.png|eeeehhhhhhha a  a       ss     eee        ...
/data3fast/users/mbermudez/de_02/TFGDataset/img/T2_0894.png|uueeeeeeeeeeeeeeeeeeeeeeeeeee  ee   rrrrrrr    d  nnn
/data3fast/users/mbermudez/de_02/TFGDataset/img/T2_0742.png|aahh        aaaaa alllllllll    nnnneeeeeeeeeee
/data3fast/users/mbermudez/de_02/TFGDataset/img/T2_1094.png|"    sss         eeeeee             eeeeeeeeeeeee
/data3fast/users/mbermudez/de_02/TFGDataset/img/T2_1450.png|aaaa     eeeee     eeeeeeeeeeeeeeeeeeehhhhhhhnhh
/data3fast/users/mbermudez/de_02/TFGDataset/img/T2_1126.png|sieeeeeeeeeeee     ss       eee e         eeeeeee
/data3fast/users/mbermudez/de_02/TFGDataset/img/T2_0424.png|iiee  eeeeeeeeeee                    hhtttttt
/data3fast/users/mbermudez/de_02/TFGDataset/img/T2_0542.png|eerrr aaaaaaa  d eeeeeeeeeeeeeschhhh h eeeee
/data3fast/users/mbermudez/de_02/TFGDataset/img/T2_0660.png|ss    d       sssssss     eeeeeeeeeeeeeeeeee
/data3fast/users/mbermudez/de_02/TFGDataset/img/T2_0661.png|inn eeeeeeett     sssseeeeee   
/data3fast/users/mbermudez/de_02/TFGDataset/img/T2_0369.png|weeiichhhhhh     eeeeeeeeeeeeeeeeeeeeeett     
/data3fast/users/mbermudez/de_02/TFGDataset/img/T2_1143.png|eeee                                tt  ttttt
/data3fast/users/mbermudez/de_02/TFGDataset/img/T2_1207.png|neee       ttttttttttttthhhh   elllleeeeeee
/data3fast/users/mbermudez/de_02/TFGDataset/img/T2_1015.png|te    aannnn  eeeeeei              eeeeeeee
/data3fast/users/mbermudez/de_02/TFGDataset/img/T2_0554.png|geeee   e ssssseeeeeiiicchhhhheeeeeeee          eeeeeeeeeeee
/data3fast/users/mbermudez/de_02/TFGDataset/img/T2_0523.png|ttttthhh  eeeeeeeeee     n   eeeeeeeesssssee
/data3fast/users/mbermudez/de_02/TFGDataset/img/T2_1468.png|nnn      sssssshhh            eeeee         ehhhh
/data3fast/users/mbermudez/de_02/TFGDataset/img/T2_1141.png|mahh     eeee  ee  a  aa  ssss           deee
/data3fast/users/mbermudez/de_02/TFGDataset/img/T2_0506.png|uurr ttt            eee   ee     l         ssssss
/data3fast/users/mbermudez/de_02/TFGDataset/img/T2_1088.png|uunneeeeeeeeeeeeeeeeeeeee                    ccc
/data3fast/users/mbermudez/de_02/TFGDataset/img/T2_1243.png|eeeeeee s  eee eeee    eeeeeeeeeeesseeeeeeesseeeeee
/data3fast/users/mbermudez/de_02/TFGDataset/img/T2_0865.png|eeeeeeeeeeeeNee
/data3fast/users/mbermudez/de_02/TFGDataset/img/T2_1455.png|uu   eeeeeeehhh       hhhheeeee      n   i iieeeee
/data3fast/users/mbermudez/de_02/TFGDataset/img/T2_1482.png|lll      nnnneeeeeeeeeeeelllaaaaaaaalll
/data3fast/users/mbermudez/de_02/TFGDataset/img/T2_0676.png|#  
/data3fast/users/mbermudez/de_02/TFGDataset/img/T2_1309.png|eeee               e   eeeee    eeeeeeeee    deeeee
/data3fast/users/mbermudez/de_02/TFGDataset/img/T2_1489.png|aacchhh                nnnnnn   ee  e  rttt
/data3fast/users/mbermudez/de_02/TFGDataset/img/T2_0580.png|"   hhhhhhhheessssssssssl essss            ..
/data3fast/users/mbermudez/de_02/TFGDataset/img/T2_0612.png|aaaheeeeee    eeeeeee iiiitt ii        *******
/data3fast/users/mbermudez/de_02/TFGDataset/img/T2_0626.png|der   n neee eeii           nn   eeeeeeeeeee
/data3fast/users/mbermudez/de_02/TFGDataset/img/T2_0989.png|drrrr tt                sseeee     edd
/data3fast/users/mbermudez/de_02/TFGDataset/img/T2_1208.png|dass   eeeeeeeeen    eeeeeettttttt eeeee
/data3fast/users/mbermudez/de_02/TFGDataset/img/T2_0431.png|bbeeeeeee                        eeeeeeeeeNN
/data3fast/users/mbermudez/de_02/TFGDataset/img/T2_0435.png|eeeee e e    ee        eeeeeeeeeeeeeee        nnnnnnn
/data3fast/users/mbermudez/de_02/TFGDataset/img/T2_0589.png|mii eeeeeeeeeesssseeeeeeeeeeeeeeeeeehhhee     ttt
/data3fast/users/mbermudez/de_02/TFGDataset/img/T2_0762.png|eeereeeeeeeeeeeeeeee   e
/data3fast/users/mbermudez/de_02/TFGDataset/img/T2_0173.png|eee    nnnnnn  eeeiiiii      eiiiiehhhh
/data3fast/users/mbermudez/de_02/TFGDataset/img/T2_1328.png|derr                  eeeeeeeee        neeeee
/data3fast/users/mbermudez/de_02/TFGDataset/img/T2_1006.png|derrrrrrreee    h   eeeeeeeeeeeeee          dee
/data3fast/users/mbermudez/de_02/TFGDataset/img/T2_0340.png|llleeennnnnnhhhh   nnnnnn  ddeeeeeeeeeeeeeelll
/data3fast/users/mbermudez/de_02/TFGDataset/img/T2_0437.png|wiiie      hhhhhlelleeee              hhhhhhh
/data3fast/users/mbermudez/de_02/TFGDataset/img/T2_0567.png|dnn eeeeeetiitttt          a      aaaaaaa  eeeee
/data3fast/users/mbermudez/de_02/TFGDataset/img/T2_1078.png|eetttt 
/data3fast/users/mbermudez/de_02/TFGDataset/img/T2_0467.png|ss   eeeeeeiie     sssssssss    ssssssstttt      eee
/data3fast/users/mbermudez/de_02/TFGDataset/img/T2_0002.png|miitttt         aaaaa  assssss  iiieeee
/data3fast/users/mbermudez/de_02/TFGDataset/img/T2_0735.png|feeeeettttttttt
/data3fast/users/mbermudez/de_02/TFGDataset/img/T2_1361.png|"   deeeeeeeeeeeeeeeeee n     nn aaa   eeseeee
/data3fast/users/mbermudez/de_02/TFGDataset/img/T2_0294.png|"                  eeehhhhhhheeeeeeeeeee    sss
/data3fast/users/mbermudez/de_02/TFGDataset/img/T2_0840.png|oo             eeeeeee  **********....
/data3fast/users/mbermudez/de_02/TFGDataset/img/T2_0843.png|geeeee     aahhhhhh     e  ee            eeeeeee
/data3fast/users/mbermudez/de_02/TFGDataset/img/T2_0304.png|uuu      aaaa   eeeeeeeeeeeeee          nnn
/data3fast/users/mbermudez/de_02/TFGDataset/img/T2_1165.png|deeeeeeeeeeeeeeeeesss              ee      teeeeeeeeee
/data3fast/users/mbermudez/de_02/TFGDataset/img/T2_1441.png|beeeeee        ss   nn  nn aaaaaseeeelllleeee
/data3fast/users/mbermudez/de_02/TFGDataset/img/T2_1132.png|rrrrllllllleeeeeeeeeeeeeee   ssss        ee
/data3fast/users/mbermudez/de_02/TFGDataset/img/T2_1443.png|aahhh              nnneeeeee   * **               sse
/data3fast/users/mbermudez/de_02/TFGDataset/img/T2_0269.png|wlle    nnneeeeeeeeeeeeeeeeeeeeeeeeeellllllll
/data3fast/users/mbermudez/de_02/TFGDataset/img/T2_0215.png|thh         eeeeeee               n        eeeeeee
/data3fast/users/mbermudez/de_02/TFGDataset/img/T2_0224.png|nee          aa        tttttt           h     hhhhhhhh
/data3fast/users/mbermudez/de_02/TFGDataset/img/T2_1002.png|eeeeeeeeeeeeeeeeeeeeeeeeeeeeeeeessttttttt       
/data3fast/users/mbermudez/de_02/TFGDataset/img/T2_1193.png|wwin     eeeee  sssss   eeeeeeeeeeeessssss           
/data3fast/users/mbermudez/de_02/TFGDataset/img/T2_0020.png|ww     eeeeeeeeeeeeeeeeeee  eeedd   dd  eeee
/data3fast/users/mbermudez/de_02/TFGDataset/img/T2_0384.png|geeeeee    n  n  naa    eeeeeeeeeeeeeeeeeeee
/data3fast/users/mbermudez/de_02/TFGDataset/img/T2_0175.png|iieeeeeeeessssssaa   ssss   aa ellllllllllll
/data3fast/users/mbermudez/de_02/TFGDataset/img/T2_1290.png|bb      d    eeeeeeeehchhhhhhhhh         eeee
/data3fast/users/mbermudez/de_02/TFGDataset/img/T2_0651.png|eee    e  e   ssss     nnndd    dd    eeeee   nn
/data3fast/users/mbermudez/de_02/TFGDataset/img/T2_0547.png|iiihhhhhhhht  eeeeee          e  hhhhhhhh    nnnnnn
/data3fast/users/mbermudez/de_02/TFGDataset/img/T2_0871.png|geeeeeeeeeeee  dddd  ddd       a         rreeee
/data3fast/users/mbermudez/de_02/TFGDataset/img/T2_1223.png|aaa         eessssssssssseee              dddd
/data3fast/users/mbermudez/de_02/TFGDataset/img/T2_0034.png|#  
/data3fast/users/mbermudez/de_02/TFGDataset/img/T2_0873.png|iii         eeess   eeeeeeeeeeiii nn        cchhhhh
/data3fast/users/mbermudez/de_02/TFGDataset/img/T2_0603.png|nni eeeeeeeeeeeeeeeeeeeeeeeeeeeeeeeee          ttttttt
/data3fast/users/mbermudez/de_02/TFGDataset/img/T2_0620.png|nnneeeeeeeeeeeeeellttt              eeeeeeeii
/data3fast/users/mbermudez/de_02/TFGDataset/img/T2_0633.png|derhhhhhhhhhheeeeeettt********
/data3fast/users/mbermudez/de_02/TFGDataset/img/T2_0828.png|unn     eeeeee    ee eeeeeeeeeeee      aaaa
/data3fast/users/mbermudez/de_02/TFGDataset/img/T2_1164.png|err aaa    eeeeeeeeeeeeeeeeeeeeeeeeeeeeesseeeee
/data3fast/users/mbermudez/de_02/TFGDataset/img/T2_1476.png|eee         eeeeeeeeeeee  nnnneeeeeeeeeee
/data3fast/users/mbermudez/de_02/TFGDataset/img/T2_0583.png|aaaaa    n  aaa a     ssshhhhhheeeeeeelllleeeeeeee
/data3fast/users/mbermudez/de_02/TFGDataset/img/T2_0406.png|sii      iittttttt       ssssshhhhh   nnn
/data3fast/users/mbermudez/de_02/TFGDataset/img/T2_0781.png|"   eeeeeeeee        eeehhhe          enee
/data3fast/users/mbermudez/de_02/TFGDataset/img/T2_0744.png|deee                                          hhh
/data3fast/users/mbermudez/de_02/TFGDataset/img/T2_0704.png|# 
/data3fast/users/mbermudez/de_02/TFGDataset/img/T2_0266.png|wetttssss   s sseeeeeeeeeeeeeeee        dd     ehhhh
/data3fast/users/mbermudez/de_02/TFGDataset/img/T2_1019.png|geeeeeeee   ttttttttt     eeeeeeeee
/data3fast/users/mbermudez/de_02/TFGDataset/img/T2_0184.png|#  ee
/data3fast/users/mbermudez/de_02/TFGDataset/img/T2_0732.png|"    eeeeeeetttttttttthhhhi  nnnnnn
/data3fast/users/mbermudez/de_02/TFGDataset/img/T2_1108.png|ggeellltttt      eeeeeeeeeeeeeeeeeee      sss
/data3fast/users/mbermudez/de_02/TFGDataset/img/T2_1184.png|freeeddddeee  eeeeeeeeeessee    eeeeeee   e           d
/data3fast/users/mbermudez/de_02/TFGDataset/img/T2_0730.png|hha       eeeeetttttt             a  nneeeeeeee
/data3fast/users/mbermudez/de_02/TFGDataset/img/T2_0256.png|oo      nnnneeeeeeeeeeeesssss    nnn neeee
/data3fast/users/mbermudez/de_02/TFGDataset/img/T2_0341.png|eeeehhhhheeeeeeeeeeeetttt     eeeeh     a
/data3fast/users/mbermudez/de_02/TFGDataset/img/T2_0969.png|seheeeeeeeee                                 eeeeeeeee
/data3fast/users/mbermudez/de_02/TFGDataset/img/T2_0623.png|ddrr       eee     e eiiiiiii        ttt
/data3fast/users/mbermudez/de_02/TFGDataset/img/T2_0832.png|aasss          nn                    d dddddd
/data3fast/users/mbermudez/de_02/TFGDataset/img/T2_0770.png|hhhha            eeeeeeeeeeeeeeeee  nnnnn
/data3fast/users/mbermudez/de_02/TFGDataset/img/T2_0777.png|dee                            nneeeeeeeeennnnee
/data3fast/users/mbermudez/de_02/TFGDataset/img/T2_0863.png|ieeeeeeeeee                                        eee   hhhheeee
/data3fast/users/mbermudez/de_02/TFGDataset/img/T2_0162.png|desssssssssee            eeeeeeeeeeeeeeeeeeei   n nn
/data3fast/users/mbermudez/de_02/TFGDataset/img/T2_0737.png|de     aaa ann  hhhhhheeeeeeee     n
/data3fast/users/mbermudez/de_02/TFGDataset/img/T2_0590.png|iiiii ee  eeeeeeeeeeeeeeeee e ee           chhinn
/data3fast/users/mbermudez/de_02/TFGDataset/img/T2_0276.png|"         n nnnn   eeeeelllllhhhhhhhhh
/data3fast/users/mbermudez/de_02/TFGDataset/img/T2_0090.png|dereehhhhheeeeeeeeeeeeee        ee
/data3fast/users/mbermudez/de_02/TFGDataset/img/T2_0292.png|aann    e   nnnnnn      eeeeheehhhheeeeeeeeeee
/data3fast/users/mbermudez/de_02/TFGDataset/img/T2_1331.png|mit  sssssss eeeeeeeeee   eee  ssssss                  
/data3fast/users/mbermudez/de_02/TFGDataset/img/T2_0021.png|alllttteeeeeieeeeeeiieeeee     errere
/data3fast/users/mbermudez/de_02/TFGDataset/img/T2_0479.png|tttetsseeeee     e      dd            sssss
/data3fast/users/mbermudez/de_02/TFGDataset/img/T2_1121.png|wllls            eeeeeeeeeeeeeeeeeeeeeeeeeeeee  sss
/data3fast/users/mbermudez/de_02/TFGDataset/img/T2_1417.png|hhhh          eee               r ttt
/data3fast/users/mbermudez/de_02/TFGDataset/img/T2_1268.png|wii           de   n n        eeeeeee eeennn
/data3fast/users/mbermudez/de_02/TFGDataset/img/T2_1155.png|ieer        ssss          eeeee  h     eeee
/data3fast/users/mbermudez/de_02/TFGDataset/img/T2_0400.png|bnnn   n eeeeeeeenn   sssn     eeeeeeeeeeeeeee
/data3fast/users/mbermudez/de_02/TFGDataset/img/T2_0896.png|uuu eeeessssssssaaa     eeeeeee          
/data3fast/users/mbermudez/de_02/TFGDataset/img/T2_0783.png|eeeeehhiii   ee   e    ssssss  hhh      eeeee
/data3fast/users/mbermudez/de_02/TFGDataset/img/T2_1261.png|derrtttee     e   e       eeeeeeeeeeeeee
/data3fast/users/mbermudez/de_02/TFGDataset/img/T2_1004.png|hhheeeeeeeeeeeeee         eeeeeeeee ee  enneeeeeeeenne
/data3fast/users/mbermudez/de_02/TFGDataset/img/T2_1469.png|hhreeeeeee e                                       
/data3fast/users/mbermudez/de_02/TFGDataset/img/T2_1030.png|fureeeeeeeeeeeeeeeeeeeeeeeehchhheeeeee
/data3fast/users/mbermudez/de_02/TFGDataset/img/T2_0241.png|unn eeeeeeeessssss   a     ddrrre
/data3fast/users/mbermudez/de_02/TFGDataset/img/T2_0085.png|inn            
/data3fast/users/mbermudez/de_02/TFGDataset/img/T2_0708.png|nneeeeeeeeeeeeee     sss    nnnnnininnnene
/data3fast/users/mbermudez/de_02/TFGDataset/img/T2_0113.png|iihhhttttttt                     eeeeeeeeeeeeeeeessss
/data3fast/users/mbermudez/de_02/TFGDataset/img/T2_0013.png|nnn        eeeeeeeeeeeeeeee
/data3fast/users/mbermudez/de_02/TFGDataset/img/T2_1106.png|llllteeeeeee           ss    e  *****   hhhhhh
/data3fast/users/mbermudez/de_02/TFGDataset/img/T2_1327.png|eee      a  eeeeeeeeeeeeee     dd eeee  aaaaaa
/data3fast/users/mbermudez/de_02/TFGDataset/img/T2_0148.png|ttttt          eeeeeeeeeeeeeeeeeeeeeeeeeeeeeeeeeeeeeiee
/data3fast/users/mbermudez/de_02/TFGDataset/img/T2_0116.png|"   eeeeeeeeeee          sssseeeeeeeeeeeeeeeeee
/data3fast/users/mbermudez/de_02/TFGDataset/img/T2_0773.png|seeee    iiineeeeeeeeeeeeeeeeeeeeee  e  eeeeeeeee
/data3fast/users/mbermudez/de_02/TFGDataset/img/T2_0223.png|witttt    
/data3fast/users/mbermudez/de_02/TFGDataset/img/T2_1199.png|aann t        eeeeedeeee     e tttt     nnn
/data3fast/users/mbermudez/de_02/TFGDataset/img/T2_1074.png|eee        eeeeeeee    tttttt    ssssss  nnnnnn
/data3fast/users/mbermudez/de_02/TFGDataset/img/T2_0198.png|dei           eee     eeeeeeeeeeeeeeehhhh      e
/data3fast/users/mbermudez/de_02/TFGDataset/img/T2_0070.png|deesstttttttt  aaatttttt eeeeeiiiiiieeeee
/data3fast/users/mbermudez/de_02/TFGDataset/img/T2_0274.png|beeeeeeeeeeeeeeeeeeeeeee       e eeeee
/data3fast/users/mbermudez/de_02/TFGDataset/img/T2_1169.png|derrr tttttttt             eeeeeeee  aaaaa    e
/data3fast/users/mbermudez/de_02/TFGDataset/img/T2_0650.png|allleeeeeeeeeeeeeeeeeeeeeeee                  sssssh
/data3fast/users/mbermudez/de_02/TFGDataset/img/T2_0277.png|dertttttttttst
/data3fast/users/mbermudez/de_02/TFGDataset/img/T2_1068.png|ggeiiihhh         eeeeeeeeeeeeehhh         ee
/data3fast/users/mbermudez/de_02/TFGDataset/img/T2_1235.png|nnn sssss  eeee   neennen    aalllleeeee
/data3fast/users/mbermudez/de_02/TFGDataset/img/T2_1075.png|rrrrreeeeeeeeeeeeeeeeeeeeeeessssss     nnnnnnnnnnn
/data3fast/users/mbermudez/de_02/TFGDataset/img/T2_0353.png|"   eeeeeeeeeeeeee    hhhh         eeeeeeeeeee
/data3fast/users/mbermudez/de_02/TFGDataset/img/T2_0166.png|neeeeeeee         a        eeeeeeeeeeeee        aaaa
/data3fast/users/mbermudez/de_02/TFGDataset/img/T2_0333.png|ooeeeeseeeeeeeeennnnneeeeeeeeeeeessssslllll       
/data3fast/users/mbermudez/de_02/TFGDataset/img/T2_1061.png|brr   ee        e     eeeeeeeeeeeeee         sss
/data3fast/users/mbermudez/de_02/TFGDataset/img/T2_0557.png|beee  nnndd eeeeeeeeeeeecchh  nnnnnnnnn
/data3fast/users/mbermudez/de_02/TFGDataset/img/T2_0599.png|dda  hhhhhhhhhhh                     s  hhheeeeeee
/data3fast/users/mbermudez/de_02/TFGDataset/img/T2_0389.png|geeee  eeeeeeeeeettt             eesssssssssss
/data3fast/users/mbermudez/de_02/TFGDataset/img/T2_0356.png|be  nnnnnnnn  aaaa    aaah hh              
/data3fast/users/mbermudez/de_02/TFGDataset/img/T2_1028.png|ffeeeeeeeeeeeeeess     dddd eeeee  sssh
/data3fast/users/mbermudez/de_02/TFGDataset/img/T2_0396.png|hheeeeeeeeeeeeeeeeniieeehhhiiii         *****.
/data3fast/users/mbermudez/de_02/TFGDataset/img/T2_0463.png|dee    rreeeeee               ee e e  ssssss      aah
/data3fast/users/mbermudez/de_02/TFGDataset/img/T2_0740.png|deeeee       ee        ssseeeeeees ssssssss   sssss         eee
/data3fast/users/mbermudez/de_02/TFGDataset/img/T2_1439.png|teeee  eeeeeeeseellllehhhhhhhh       eeeeee
/data3fast/users/mbermudez/de_02/TFGDataset/img/T2_1403.png|hhhhhhttt t      nn      eeeeeeeeeeeeeeeeeee nhh
/data3fast/users/mbermudez/de_02/TFGDataset/img/T2_1070.png|wwlt     sssssss     dd          eeee
/data3fast/users/mbermudez/de_02/TFGDataset/img/T2_0423.png|wwr    aa         eeeeeeeeeeeeeeeeessschhh
/data3fast/users/mbermudez/de_02/TFGDataset/img/T2_1202.png|ss         cccchheee              eeeee  eeeeee eeeeeeeee
/data3fast/users/mbermudez/de_02/TFGDataset/img/T2_0279.png|dee   nnnnnn n           eteteet  r  r     hhhh
/data3fast/users/mbermudez/de_02/TFGDataset/img/T2_0299.png|nna     eeeeeeeeeeeeeeeeeeeeeee          nnnnn
/data3fast/users/mbermudez/de_02/TFGDataset/img/T2_0880.png|ggleeeeeessssssssssseiiiittt   
/data3fast/users/mbermudez/de_02/TFGDataset/img/T2_0347.png|deee e iiii nnn tttttttttt           eee
/data3fast/users/mbermudez/de_02/TFGDataset/img/T2_0833.png|oreesssssseeeeeeeeeeeeee      hhh            ttt
/data3fast/users/mbermudez/de_02/TFGDataset/img/T2_0907.png|wweeeeeeeeee   eeeeeeenneeeeee        llllllle
/data3fast/users/mbermudez/de_02/TFGDataset/img/T2_0681.png|desssssssssssssssss           eeeeeeeeeeeeeeeeeeeee
/data3fast/users/mbermudez/de_02/TFGDataset/img/T2_1220.png|iiie           een        t        ssse
/data3fast/users/mbermudez/de_02/TFGDataset/img/T2_0642.png|diie eeeeeeeeeeesssssttiiieeeeeeeeee         s
/data3fast/users/mbermudez/de_02/TFGDataset/img/T2_1414.png|soo ee  ee      rrreeeeeeeeeeeeeeeee       
/data3fast/users/mbermudez/de_02/TFGDataset/img/T2_0191.png|eee   neeeeeeeeeeeeeeeeeeeee               eee
/data3fast/users/mbermudez/de_02/TFGDataset/img/T2_0648.png|hha    dde        hhhhhh         d  eeee rrr
/data3fast/users/mbermudez/de_02/TFGDataset/img/T2_1341.png|dieeeeeeeeeeeeeeee    eeeeeeeee    e eeee    eeeee
/data3fast/users/mbermudez/de_02/TFGDataset/img/T2_1031.png|bbeeeeeeeeeeeeeeeeiiiiiiiinnnnnninnneeee
/data3fast/users/mbermudez/de_02/TFGDataset/img/T2_1281.png|uu   eeeeeeee e        sssseeeeeeeseeeeeeeeeeeeeee
/data3fast/users/mbermudez/de_02/TFGDataset/img/T2_0570.png|ssst      ieeeeeeeeeeeeee s                        nnnchc
/data3fast/users/mbermudez/de_02/TFGDataset/img/T2_0344.png|gnee             hh            eeeeeee      a
/data3fast/users/mbermudez/de_02/TFGDataset/img/T2_0350.png|geeehhhhhhh           ssssssssssseee                 nn
/data3fast/users/mbermudez/de_02/TFGDataset/img/T2_0374.png|aaa       hhhhhh   eeeeeeeee           ssssss
/data3fast/users/mbermudez/de_02/TFGDataset/img/T2_1308.png|shhhhhhhhhhh        eeee
/data3fast/users/mbermudez/de_02/TFGDataset/img/T2_0136.png|aasssseeeeeeeee              eeeeee          *******
/data3fast/users/mbermudez/de_02/TFGDataset/img/T2_1079.png|mhhhheee eeeeeeeeeeeett t            eee
/data3fast/users/mbermudez/de_02/TFGDataset/img/T2_1251.png|beeee       hheeeeeeeeeeeeerrrreeeeettt
/data3fast/users/mbermudez/de_02/TFGDataset/img/T2_0700.png|innn eeeeeeeeeeeeeessssss     lllllleeell   nnnnnn
/data3fast/users/mbermudez/de_02/TFGDataset/img/T2_0545.png|eiiii        eeeeeeeeeeeeeeessestcttttteee****eeteetttt
/data3fast/users/mbermudez/de_02/TFGDataset/img/T2_1481.png|eesss    nnnnnn      eeeeennnneeeellll
/data3fast/users/mbermudez/de_02/TFGDataset/img/T2_0765.png|iennnn  eeeeeeeeeeeeee            eeeeeeee
/data3fast/users/mbermudez/de_02/TFGDataset/img/T2_0801.png|eeeet           eeeeeeeeeeeee      aaa       ee
/data3fast/users/mbermudez/de_02/TFGDataset/img/T2_1424.png|hhhhhhhhhhe              a  aa          eeeeeeehhee
/data3fast/users/mbermudez/de_02/TFGDataset/img/T2_0470.png|wweeettttttt
/data3fast/users/mbermudez/de_02/TFGDataset/img/T2_0024.png|beeeeeeeeetttt       eeeeeeeee             dd eee
/data3fast/users/mbermudez/de_02/TFGDataset/img/T2_1387.png|o*eeeee*** ** *ee          shs            eee   eeeeeeeee
/data3fast/users/mbermudez/de_02/TFGDataset/img/T2_0168.png|uu       ee        s     a a     ee   ssss eeeeehh
/data3fast/users/mbermudez/de_02/TFGDataset/img/T2_0844.png|uuuu eeeeee            naa a a       eee          
/data3fast/users/mbermudez/de_02/TFGDataset/img/T2_0377.png|daa sss ttt                eeeeee    ss   tttt
/data3fast/users/mbermudez/de_02/TFGDataset/img/T2_0436.png|"   ssss eeeeeeeeeeehhhhhhh       i       eeeeeeeeee
/data3fast/users/mbermudez/de_02/TFGDataset/img/T2_0548.png|aaahleeeeeeeeeeeeeeeeeeeee       cccchh   sssssss
/data3fast/users/mbermudez/de_02/TFGDataset/img/T2_1198.png|dee   ddddeeeeeeerrrr   ttttt       eeee
/data3fast/users/mbermudez/de_02/TFGDataset/img/T2_0552.png|neeeeeeeeeeee e  eeennneeeeeeeeeeeeeNNNN
/data3fast/users/mbermudez/de_02/TFGDataset/img/T2_0517.png|oo             eeeeeeeeee e   *eee   e   eeeeeeee
/data3fast/users/mbermudez/de_02/TFGDataset/img/T2_0357.png|deesseeeeeeeeeeeeeeeeeeeettttt   nnneee
/data3fast/users/mbermudez/de_02/TFGDataset/img/T2_1479.png|weee          eeeeeee           n eeeee
/data3fast/users/mbermudez/de_02/TFGDataset/img/T2_1145.png|ffeeeeeeeeee           eeeee              eeeee
/data3fast/users/mbermudez/de_02/TFGDataset/img/T2_0889.png|ssseeeeelleeeeeeeeeeeeeeeeeeeeeeeeeeiiiiiii
/data3fast/users/mbermudez/de_02/TFGDataset/img/T2_0549.png|eeeeetttt
/data3fast/users/mbermudez/de_02/TFGDataset/img/T2_1201.png|dd   eeeeeeeeeeeeeeeeehhhh     aaaa  nnn eeeee
/data3fast/users/mbermudez/de_02/TFGDataset/img/T2_1382.png|diesssssssse  e ee e            sshhhhssshhh  eeeeeee
/data3fast/users/mbermudez/de_02/TFGDataset/img/T2_1408.png|# eetttttttt
/data3fast/users/mbermudez/de_02/TFGDataset/img/T2_1350.png|nneeeeeeeee       nnn  nn       hhhhhhhhhh       
/data3fast/users/mbermudez/de_02/TFGDataset/img/T2_1116.png|de     aaaaaaaaannnnn   assssss  aaaaaal
/data3fast/users/mbermudez/de_02/TFGDataset/img/T2_0130.png|hhheeeeeeeeeeeeehh  h              eesss        sss
/data3fast/users/mbermudez/de_02/TFGDataset/img/T2_1111.png|orr   aa               etttttttttt t           hhhhh
/data3fast/users/mbermudez/de_02/TFGDataset/img/T2_0860.png|wiiieeeeeeehhhhhheeeeeeeeee ee         eeeeeseeesss   
/data3fast/users/mbermudez/de_02/TFGDataset/img/T2_0699.png|sheeeeeeeeeee e e          eeeeeeeeee       aaaaa
/data3fast/users/mbermudez/de_02/TFGDataset/img/T2_1352.png|deeeeeeeeeeeeeeeeeeeeeeeeeeeeee        aaaaaad
/data3fast/users/mbermudez/de_02/TFGDataset/img/T2_0348.png|worr         tttttt     sssss        eeeeeeeettttt
/data3fast/users/mbermudez/de_02/TFGDataset/img/T2_0541.png|geeeeee    eeeeeeeee         ssssssseseeeessssss
/data3fast/users/mbermudez/de_02/TFGDataset/img/T2_0026.png|iii  eeeeeeeeeeeeeeeeeeeeeeeeeedddddeeeesssss
/data3fast/users/mbermudez/de_02/TFGDataset/img/T2_0693.png|iii  sseeeeeeeeeeeeeeeeeed   d     eieehee
/data3fast/users/mbermudez/de_02/TFGDataset/img/T2_0766.png|aaa   eeeniiiiii   eee       sssaahhhhhh
/data3fast/users/mbermudez/de_02/TFGDataset/img/T2_0179.png|tt      nnnnnnneeennneeeeeecehhheeeeeeeeee
/data3fast/users/mbermudez/de_02/TFGDataset/img/T2_0185.png|dnn   eeeeeeeennndd       ahhhhhhh nnnnn  ss
/data3fast/users/mbermudez/de_02/TFGDataset/img/T2_1278.png|bee   ddeeeeeeeeeeeeeeeeeeeeeeess              ...
/data3fast/users/mbermudez/de_02/TFGDataset/img/T2_0870.png|ma   eeeeeeeeehhhh  a aaaaaaa    eeeeeeeee
/data3fast/users/mbermudez/de_02/TFGDataset/img/T2_0145.png|iichhhhhhtttt                     ttt           sssss
/data3fast/users/mbermudez/de_02/TFGDataset/img/T2_0083.png|uuueeeeeeeeeeeeeeettiii             tt    
/data3fast/users/mbermudez/de_02/TFGDataset/img/T2_0259.png|der          eeeeeeeeeee   eeee                 ee
/data3fast/users/mbermudez/de_02/TFGDataset/img/T2_0433.png|geeeeeeee               ehiiee   cchh    
/data3fast/users/mbermudez/de_02/TFGDataset/img/T2_0261.png|geeeeeeessssssssssseeeeeeeeeelll         nnn
/data3fast/users/mbermudez/de_02/TFGDataset/img/T2_0507.png|iiiie  ee  s  s   eeeeeeeeee eeeeeeeeeehhhhh          a
/data3fast/users/mbermudez/de_02/TFGDataset/img/T2_0445.png|uurreeeeeee     nnn       tt el l    e  aaa
/data3fast/users/mbermudez/de_02/TFGDataset/img/T2_0576.png|geeee  sssss            eehcch       nnnnn
/data3fast/users/mbermudez/de_02/TFGDataset/img/T2_1016.png|eee   s   iiiiiinnnnnneeeeeeeeet        eeesss   NeN
/data3fast/users/mbermudez/de_02/TFGDataset/img/T2_0892.png|nnnn  ss      eeeeeeeeeeeeeeeeeeeeessssssseeeeeee
/data3fast/users/mbermudez/de_02/TFGDataset/img/T2_0509.png|eeeeeeeeeeeeeeeeeeeeeeessssssss  eeeeeee    eeeeeee
/data3fast/users/mbermudez/de_02/TFGDataset/img/T2_0996.png|dii         sss       ************             sss
/data3fast/users/mbermudez/de_02/TFGDataset/img/T2_0050.png|wott      eeeee      eeeeeeeeeeeeeerrrrrrrrhhhhhhh
/data3fast/users/mbermudez/de_02/TFGDataset/img/T2_0522.png|glllllssllleeeeeee      eeeee eeeeeeee    aahh
/data3fast/users/mbermudez/de_02/TFGDataset/img/T2_0578.png|ggeee         nnnnn n  nnnn  eeeeeeeeee      hhhhh
/data3fast/users/mbermudez/de_02/TFGDataset/img/T2_0319.png|scheeeee  e            eeeeee            eeeeeeeee
/data3fast/users/mbermudez/de_02/TFGDataset/img/T2_1063.png|mi   eeeeeeeehhhhh        a          eeeee    e
/data3fast/users/mbermudez/de_02/TFGDataset/img/T2_0617.png|ttt    a       eeeeellllleeeeeesssssssssee  eeeee
/data3fast/users/mbermudez/de_02/TFGDataset/img/T2_0556.png|mee         e eee       a         iii     nn 
/data3fast/users/mbermudez/de_02/TFGDataset/img/T2_1434.png|frrrrrreeeettetttt       s         eeeeeeeeee
/data3fast/users/mbermudez/de_02/TFGDataset/img/T2_0483.png|ss     nnnnnnn  aasssssssssehhhheeeeee s    eeee
/data3fast/users/mbermudez/de_02/TFGDataset/img/T2_1171.png|os        niiiiiiiiieeenn       eeeeeeeeeeeeee
/data3fast/users/mbermudez/de_02/TFGDataset/img/T2_1044.png|mnn     eeeeeeeeeeeeeeeeeeeeeee       nn  sssaa
/data3fast/users/mbermudez/de_02/TFGDataset/img/T2_1423.png|"   eeeeeeeeeeeeennnnd  dd       reettt
/data3fast/users/mbermudez/de_02/TFGDataset/img/T2_0155.png|"              ssssstttttt*****   tt  ee    eeeeee
/data3fast/users/mbermudez/de_02/TFGDataset/img/T2_1187.png|aann      eee e              e hh                   t
/data3fast/users/mbermudez/de_02/TFGDataset/img/T2_0875.png|oee        sssseeeeeeeeeeeeiiiii       nnne
/data3fast/users/mbermudez/de_02/TFGDataset/img/T2_0252.png|geeeee    rrrtiitttt     eeeeeeesse
/data3fast/users/mbermudez/de_02/TFGDataset/img/T2_1259.png|#  
/data3fast/users/mbermudez/de_02/TFGDataset/img/T2_0454.png|schh   eeeeeeeeeeeeeeeeee               nnnnn
/data3fast/users/mbermudez/de_02/TFGDataset/img/T2_0810.png|aaallhhh           d eeeeeeeeessss hhttt    ttt
/data3fast/users/mbermudez/de_02/TFGDataset/img/T2_0141.png|weee                 eesssssssssssiiiiiiiii
/data3fast/users/mbermudez/de_02/TFGDataset/img/T2_1303.png|dnneeeeeeeeeeeaaaaaeeeeeeeeeeitteteeeee eeeeee
/data3fast/users/mbermudez/de_02/TFGDataset/img/T2_1097.png|eeeeeeeeeeeeeeennnnneeeeeeeeeeee   ssssssseee
/data3fast/users/mbermudez/de_02/TFGDataset/img/T2_0235.png|geeettttt           aaahhhhhhhh   nnnnnnnnnn
/data3fast/users/mbermudez/de_02/TFGDataset/img/T2_1249.png|uu   sssshhhhh    aa  a   eeeeeeeeeee          
/data3fast/users/mbermudez/de_02/TFGDataset/img/T2_0597.png|eer       eeeeeeeeeeiiieie        tt..
/data3fast/users/mbermudez/de_02/TFGDataset/img/T2_1478.png|ieeee       eeeeeeeeeeeeeeeeeeeesssssee
/data3fast/users/mbermudez/de_02/TFGDataset/img/T2_0410.png|eeeeeeeeeeeeeeeeeeeeeeeeeee              aa      aa a 
/data3fast/users/mbermudez/de_02/TFGDataset/img/T2_0967.png|eerr       eeeeeeeeeeeeeeee        tt
/data3fast/users/mbermudez/de_02/TFGDataset/img/T2_0043.png|dass hhhhh  eeeeeeeeeeeeeeeeeeeeeeeeeeeee
/data3fast/users/mbermudez/de_02/TFGDataset/img/T2_0449.png|zzreeeeeeeehhhhhhh         eeeeettttt    nnnnnnnh
/data3fast/users/mbermudez/de_02/TFGDataset/img/T2_0485.png|bbee         lllleeeeeeeeeeeeeeeeee        a
/data3fast/users/mbermudez/de_02/TFGDataset/img/T2_0915.png|alll eeeeeeeeeeeeeeeeeeeeee nnneeeeeeesss       de
/data3fast/users/mbermudez/de_02/TFGDataset/img/T2_0321.png|iiinn       e 
/data3fast/users/mbermudez/de_02/TFGDataset/img/T2_0046.png|dee         tttttttttt         hhheeeee ee
/data3fast/users/mbermudez/de_02/TFGDataset/img/T2_1386.png|dd    n     eeeeeeeeesseee eee    eeerrr   r ihh
/data3fast/users/mbermudez/de_02/TFGDataset/img/T2_0998.png|"     sssss       eeee lllss tt         e
/data3fast/users/mbermudez/de_02/TFGDataset/img/T2_0966.png|ttt                 eeeeeeeeeetttttt             eeeee
/data3fast/users/mbermudez/de_02/TFGDataset/img/T2_0975.png|hnnddddd             hh      sssssss  tttttt
/data3fast/users/mbermudez/de_02/TFGDataset/img/T2_1238.png|ann   eee  eeeeeeeeeee               s          eeee
/data3fast/users/mbermudez/de_02/TFGDataset/img/T2_0358.png|"    sshhhh      elllllllsss     eeeeeeeeeee
/data3fast/users/mbermudez/de_02/TFGDataset/img/T2_1037.png|allleeeee e  s  sss     eeeeeeeeeeeeeeeeeeeeeeeeeee
/data3fast/users/mbermudez/de_02/TFGDataset/img/T2_0527.png|deer   nnnnn eeeeeehhhh  aaaaa       eeeeeeee
/data3fast/users/mbermudez/de_02/TFGDataset/img/T2_1130.png|rrrrrsssssssss           eeeeeeeeeeeeeeeeeeeeeee
/data3fast/users/mbermudez/de_02/TFGDataset/img/T2_0696.png|onnneeeeeeeeeeeeeeennnnnnnnn    a   eeeeeeeehhh
/data3fast/users/mbermudez/de_02/TFGDataset/img/T2_0059.png|brr    nnnnnnn  eellllleeeeeeeeeeeeeee   ddddd
/data3fast/users/mbermudez/de_02/TFGDataset/img/T2_0688.png|wiieeeeeeeeeeee                    eeeeeeeeeeeeeeeeee*
/data3fast/users/mbermudez/de_02/TFGDataset/img/T2_0016.png|geeeeeeeetttttt
/data3fast/users/mbermudez/de_02/TFGDataset/img/T2_0104.png|nnaaa     aaa    eeeeeee    eeeeesssssss         
/data3fast/users/mbermudez/de_02/TFGDataset/img/T2_0784.png|di   aaaaa       eeeeeeeeeeeeeee  se  eeeeelllll
/data3fast/users/mbermudez/de_02/TFGDataset/img/T2_1166.png|deeeeeeeeee     e  eee       eeee eeeeeeeee       ssaaass
/data3fast/users/mbermudez/de_02/TFGDataset/img/T2_1213.png|"   eeeeeehhhhhhhhhe      nn     aa sssssttt
/data3fast/users/mbermudez/de_02/TFGDataset/img/T2_1495.png|eee          eeeessslllllee       n          
/data3fast/users/mbermudez/de_02/TFGDataset/img/T2_0913.png|aat       etllllhhheeeeeeeeeeeeer  ttttttttt
/data3fast/users/mbermudez/de_02/TFGDataset/img/T2_1086.png|geeeeeeeeeee       a      ssssss  hhh    eee
/data3fast/users/mbermudez/de_02/TFGDataset/img/T2_0706.png|derr   nnn    ieeeeeee   t     n   eeeeeeeeeeee
/data3fast/users/mbermudez/de_02/TFGDataset/img/T2_0365.png|sss            eeeeeeee
/data3fast/users/mbermudez/de_02/TFGDataset/img/T2_1323.png|beeeeeeeeehhhhhhhhhhheeeeeeee           eeeeeeeeee
/data3fast/users/mbermudez/de_02/TFGDataset/img/T2_0923.png|"     eeeee    eeeeeeeeeii   hh    eeee
/data3fast/users/mbermudez/de_02/TFGDataset/img/T2_0815.png|deeeeeeeeeeeeeee    ttiiii      nndeeeeeehhhhh
/data3fast/users/mbermudez/de_02/TFGDataset/img/T2_0088.png|eee          iiieeeeenee  eeeeeeeeeee    nn
/data3fast/users/mbermudez/de_02/TFGDataset/img/T2_0824.png|un      eeeeeeeeeee eneeeeeeeeeee  h hhhhhhhh  eeeeee
/data3fast/users/mbermudez/de_02/TFGDataset/img/T2_0390.png|sssseeeeeeeeeeeeeehhhhhh        e       eeeeeeeee
/data3fast/users/mbermudez/de_02/TFGDataset/img/T2_1333.png|frrreeeeeeee             eeeeeeeeeeeeeeeeettthhhh
/data3fast/users/mbermudez/de_02/TFGDataset/img/T2_0537.png|"   eeeeeeeee  eeee             ***eee**e
/data3fast/users/mbermudez/de_02/TFGDataset/img/T2_0425.png|ttt       seelllllleeeeeeeeeeesssssseeeeeeeee
/data3fast/users/mbermudez/de_02/TFGDataset/img/T2_0720.png|nnn  seeeeeeeee          eeeeeeeeeeeeeee          eee
/data3fast/users/mbermudez/de_02/TFGDataset/img/T2_0017.png|die   nnnn              eeeeeeceeeeeeee
/data3fast/users/mbermudez/de_02/TFGDataset/img/T2_0687.png|aaaal     eeeeeeeeeeeeeeeeeeeeeeeeeeeeeeeeeee
/data3fast/users/mbermudez/de_02/TFGDataset/img/T2_1347.png|aahhh   aaa  a     d d eeeeeee         rrrrrree
/data3fast/users/mbermudez/de_02/TFGDataset/img/T2_0355.png|der      eeeeeeee*******   nnnnnnnnnnnn     eeeeee
/data3fast/users/mbermudez/de_02/TFGDataset/img/T2_0067.png|sss       tttt          rrrreeeeee   sssssssstt
/data3fast/users/mbermudez/de_02/TFGDataset/img/T2_1065.png|lllee eeeeeeeeee hhhhh            eeeeee         s
/data3fast/users/mbermudez/de_02/TFGDataset/img/T2_0749.png|rrrr            eeeeeeeeeeeeeeeeeee      eeeeeeeeeee
/data3fast/users/mbermudez/de_02/TFGDataset/img/T2_0464.png|sceeeeeeee                           e      eeeeeeett
/data3fast/users/mbermudez/de_02/TFGDataset/img/T2_0533.png|dassssss             e eeeeeii              rrrrr
/data3fast/users/mbermudez/de_02/TFGDataset/img/T2_0529.png|seeeeee                   aaa    tttttttttttt
/data3fast/users/mbermudez/de_02/TFGDataset/img/T2_1200.png|# 
/data3fast/users/mbermudez/de_02/TFGDataset/img/T2_1360.png|geeesssetteeee         nnnnnneeeeeeeeeeee
/data3fast/users/mbermudez/de_02/TFGDataset/img/T2_0329.png|eeeeeeeee                 e eee  e   e ee  eaaaa nnnnn
/data3fast/users/mbermudez/de_02/TFGDataset/img/T2_1459.png|deeeeeeeeennhheeeeeeehhh           eeee        
/data3fast/users/mbermudez/de_02/TFGDataset/img/T2_1432.png|weeee        ddeeeeeeeeeeeeeeeerrrrrreeeeeeee
/data3fast/users/mbermudez/de_02/TFGDataset/img/T2_1125.png|geee     sssssssseeeeeeeeeeeeee            ere
/data3fast/users/mbermudez/de_02/TFGDataset/img/T2_1298.png|dee  aaaalleeeeeelellelee    a     eetieeee
/data3fast/users/mbermudez/de_02/TFGDataset/img/T2_1114.png|iiihh    eeeeeeeeeeeeeeeeeeeee   n e nneeeeeee   nhhhh
/data3fast/users/mbermudez/de_02/TFGDataset/img/T2_1059.png|bbseeeeeeeeeeeeeeeeeeeee            
/data3fast/users/mbermudez/de_02/TFGDataset/img/T2_1325.png|bseeeeeeehhhhhhhhhe                        ee
/data3fast/users/mbermudez/de_02/TFGDataset/img/T2_0857.png|de        aa             ttttt iieeeeee sssssssss
/data3fast/users/mbermudez/de_02/TFGDataset/img/T2_0534.png|geee  ssssssss  ssdssssssssss ttthh        eeeee
/data3fast/users/mbermudez/de_02/TFGDataset/img/T2_0376.png|aaahhheeeeeerrr  rr iii  e nnnnn    e sssstt
/data3fast/users/mbermudez/de_02/TFGDataset/img/T2_1276.png|ooeeeeeeeerrr      r         aaaaaa  eeeeeee
/data3fast/users/mbermudez/de_02/TFGDataset/img/T2_1040.png|wiii  sssss  h h                  sssssseeeeett
/data3fast/users/mbermudez/de_02/TFGDataset/img/T2_1411.png|mitt   eeeeeeeeeeeeeee         rrrtttt
/data3fast/users/mbermudez/de_02/TFGDataset/img/T2_1036.png|hhheeeeeeeee ee eeeeeeessssee           eeeeeeee
/data3fast/users/mbermudez/de_02/TFGDataset/img/T2_1062.png|anneeeeeeeeeeeeeeeeeeeeeeeeee iiiiiiiiiii          e
/data3fast/users/mbermudez/de_02/TFGDataset/img/T2_0313.png|iee    dd         h    hh hhhh        eeeeeeehhhcch
/data3fast/users/mbermudez/de_02/TFGDataset/img/T2_1154.png|eee ssss tttttt
/data3fast/users/mbermudez/de_02/TFGDataset/img/T2_1366.png|beeee eee  e hhh     ttt          *          eeee
/data3fast/users/mbermudez/de_02/TFGDataset/img/T2_0670.png|berrr   nnnn nn    e eeettt              
/data3fast/users/mbermudez/de_02/TFGDataset/img/T2_1118.png|der hhhhha a                n nnn  aaa        eee
/data3fast/users/mbermudez/de_02/TFGDataset/img/T2_1338.png|ieeeesseeeeeeeeeeedddeennnniie  *** eeeeeesssss
/data3fast/users/mbermudez/de_02/TFGDataset/img/T2_0769.png|ssss          nn          hhhh    eeeee
/data3fast/users/mbermudez/de_02/TFGDataset/img/T2_0488.png|hhheeeeeeeeeeeeeeeee   nn    eeeeee hhhh
/data3fast/users/mbermudez/de_02/TFGDataset/img/T2_1379.png|iii  eesseeeeeeeeeeeeeeeee     
/data3fast/users/mbermudez/de_02/TFGDataset/img/T2_1122.png|derr  hiiiiiii  nnnn  ssssssssseeee e ddd
/data3fast/users/mbermudez/de_02/TFGDataset/img/T2_1271.png|aaaaa   eeeeeeeeeeeeeNeesss  s  aa aa         eeeee
/data3fast/users/mbermudez/de_02/TFGDataset/img/T2_1218.png|veeeeeeeeeeeieeiee     a aaa  eeeeeee       
/data3fast/users/mbermudez/de_02/TFGDataset/img/T2_1322.png|ttieeeeeeeeee   ee   sssssshh         ddddd
/data3fast/users/mbermudez/de_02/TFGDataset/img/T2_0849.png|ii                    sellleee         eeee ee eeeee
/data3fast/users/mbermudez/de_02/TFGDataset/img/T2_0787.png|eeer            i    e                  lllee
/data3fast/users/mbermudez/de_02/TFGDataset/img/T2_1431.png|dee  hh eennnnnnnnnnnnnniieeee sssssssssa
/data3fast/users/mbermudez/de_02/TFGDataset/img/T2_1137.png|wii                                    eee   nn
/data3fast/users/mbermudez/de_02/TFGDataset/img/T2_1263.png|gehhhhhtt         eeeeeeeee               eess
/data3fast/users/mbermudez/de_02/TFGDataset/img/T2_0278.png|orrr   ihhhhheeee e eeeee e eeeeeeeeeeeeeeetttttttttt
/data3fast/users/mbermudez/de_02/TFGDataset/img/T2_1385.png|itt      eeee e ee    e            hhhhh      hhhhhhh
/data3fast/users/mbermudez/de_02/TFGDataset/img/T2_0063.png|eennnnnn   aaa   hheeeeeeett          ssss        
/data3fast/users/mbermudez/de_02/TFGDataset/img/T2_1153.png|uund eeeeeeeeeee
/data3fast/users/mbermudez/de_02/TFGDataset/img/T2_0928.png|der aaaaaaaaa    hh      ttttt     aaaaaaa
/data3fast/users/mbermudez/de_02/TFGDataset/img/T2_1241.png|nneeeeeeeeeeeettttt            eeeeeeeeeeeeeeeeeeee
/data3fast/users/mbermudez/de_02/TFGDataset/img/T2_1105.png|teee      eeeeeeeesssssssseeeeeeeiiiiie    eeeeeeee
/data3fast/users/mbermudez/de_02/TFGDataset/img/T2_1274.png|aaleee   eee ssssss        eeeeeeeeeNN
/data3fast/users/mbermudez/de_02/TFGDataset/img/T2_1080.png|reeee e      sssssssshhaaaaaaa nnn   eeeeee
/data3fast/users/mbermudez/de_02/TFGDataset/img/T2_0563.png|aaaeee       ttttttt t    saaaalllleeeeeeee
/data3fast/users/mbermudez/de_02/TFGDataset/img/T2_1014.png|ggeeeeeeeeeeeeeeeesshhhhhheeee eessssssssss s deeeee
/data3fast/users/mbermudez/de_02/TFGDataset/img/T2_1389.png|dee       aaaa     hhhn eeeeeeeeennn  ttt
/data3fast/users/mbermudez/de_02/TFGDataset/img/T2_0258.png|ggeeeeeeeeeeesssss hhhh  aaaatttt       eee
/data3fast/users/mbermudez/de_02/TFGDataset/img/T2_0335.png|dsss               eee      nnnnnnnn eeeeeeee
/data3fast/users/mbermudez/de_02/TFGDataset/img/T2_1224.png|so    eeeeeeeeeeeeeeeeeeeeeeeellllllll   nnnnn
/data3fast/users/mbermudez/de_02/TFGDataset/img/T2_1232.png|ggeeeeeeeeeeeeeee     h eeeeeeeeeeee        aaaa
/data3fast/users/mbermudez/de_02/TFGDataset/img/T2_0004.png|nnhhhheeeeeeeellllleeeeeeeeeee iiiichhhhh
/data3fast/users/mbermudez/de_02/TFGDataset/img/T2_0407.png|uureeeeeeeeeeeeee         sss s       eehhhhhhh
/data3fast/users/mbermudez/de_02/TFGDataset/img/T2_0835.png|dee  aaaa              eeeeee                  s   ee
/data3fast/users/mbermudez/de_02/TFGDataset/img/T2_1456.png|mrr   deeeeeeeeeeeeeeeesseeeeeeeeeeeee     nn
/data3fast/users/mbermudez/de_02/TFGDataset/img/T2_0434.png|sii     nnneeeeeeeeeeeeeeessssssssss   aaasss
/data3fast/users/mbermudez/de_02/TFGDataset/img/T2_1156.png|sseeeeeeeeeehhhh       eeee                      n
/data3fast/users/mbermudez/de_02/TFGDataset/img/T2_0196.png|eee         eeessseee  nnnnnnnnnnnnaaaaaallll
/data3fast/users/mbermudez/de_02/TFGDataset/img/T2_0451.png|geeeeeeeeeeeeeeeee           aaaeee      e
/data3fast/users/mbermudez/de_02/TFGDataset/img/T2_1410.png|undd   seee ee ss     eesssshittttttttttt   ree
/data3fast/users/mbermudez/de_02/TFGDataset/img/T2_0826.png|ii      tt      ***********      *eee  eeeeeeeeeee    nnnnn
/data3fast/users/mbermudez/de_02/TFGDataset/img/T2_0959.png|wrrr                    rrrrreeeeetttttiiiii
/data3fast/users/mbermudez/de_02/TFGDataset/img/T2_1289.png|frrrrreeeeeeeee enneeeeeeeeeee eeeeeeeee      ssss aa
/data3fast/users/mbermudez/de_02/TFGDataset/img/T2_1400.png|be      
/data3fast/users/mbermudez/de_02/TFGDataset/img/T2_0904.png|eer ssllllllleeeeeeeeee            eeeeeee
/data3fast/users/mbermudez/de_02/TFGDataset/img/T2_1369.png|beeeeeee                      nneeneeen
/data3fast/users/mbermudez/de_02/TFGDataset/img/T2_0286.png|# 
/data3fast/users/mbermudez/de_02/TFGDataset/img/T2_0012.png|tth          r              eeeeeeeeeeeeeee
/data3fast/users/mbermudez/de_02/TFGDataset/img/T2_1269.png|iiittttts         eeeeeeeeeeeeeeee  tteeetitttthhh
/data3fast/users/mbermudez/de_02/TFGDataset/img/T2_1107.png|#  
/data3fast/users/mbermudez/de_02/TFGDataset/img/T2_1246.png|aahn  eeeeeeee        rrr eeeeeelllllllll eeee
/data3fast/users/mbermudez/de_02/TFGDataset/img/T2_0514.png|dd        eeeeee eeeee eeeeeeeee   eeeeeeeeeeeeeeee nnn nss
/data3fast/users/mbermudez/de_02/TFGDataset/img/T2_0397.png|aaaa    neeeeeeeeeeeeeeeeeeeeeessssssst
/data3fast/users/mbermudez/de_02/TFGDataset/img/T2_1332.png|so                          ssssss   hh    e   enn
/data3fast/users/mbermudez/de_02/TFGDataset/img/T2_1083.png|neee  hhh     nn   d               a aa      eeeeee
/data3fast/users/mbermudez/de_02/TFGDataset/img/T2_1242.png|mrrhhhhhhsssss                eeee              r      eehhh
/data3fast/users/mbermudez/de_02/TFGDataset/img/T2_1052.png|nnnneeeeeeeeelllllllll                    ee  nnn
/data3fast/users/mbermudez/de_02/TFGDataset/img/T2_0560.png|aasssssshhhhhhhh       tttthitttt       eeeeeee
/data3fast/users/mbermudez/de_02/TFGDataset/img/T2_0169.png|derr ttthhhhh     eeeeeeeeeeeeeehhh   nnnn
/data3fast/users/mbermudez/de_02/TFGDataset/img/T2_0151.png|shhh        eeeeeeeeett     nn        ssss
/data3fast/users/mbermudez/de_02/TFGDataset/img/T2_0450.png|eees                     aa     eeeeeeee
/data3fast/users/mbermudez/de_02/TFGDataset/img/T2_0077.png|ieeeeeeee  eeeeeeeeeeeeeee      a aa    ss
/data3fast/users/mbermudez/de_02/TFGDataset/img/T2_0232.png|weee      sssssseeeeeeeeeeeeeeeeeeeeeeeeeeeeeeee
/data3fast/users/mbermudez/de_02/TFGDataset/img/T2_0415.png|eeeeeeee      aallleeeeeeeee i  n   nnn   d eeee
/data3fast/users/mbermudez/de_02/TFGDataset/img/T2_0298.png|uun  eeehhhhhh                     eeeeeeeeeeeeeeeeeeee
/data3fast/users/mbermudez/de_02/TFGDataset/img/T2_0138.png|aaa                     eeeeeeeeeeeeeeeeeeee
/data3fast/users/mbermudez/de_02/TFGDataset/img/T2_0200.png|ssss hhhhhhhhhhh                   sssssssscccc sss
/data3fast/users/mbermudez/de_02/TFGDataset/img/T2_1420.png|tt    eeeeeeeeeeii    e   sss ll        a    aaaee
/data3fast/users/mbermudez/de_02/TFGDataset/img/T2_0084.png|wnne  ee   s     ttt  eeeeeeeet                eeeeeeeeeee
/data3fast/users/mbermudez/de_02/TFGDataset/img/T2_0426.png|ssaa            ssss                      eeeeesssseee
/data3fast/users/mbermudez/de_02/TFGDataset/img/T2_0296.png|nnn  eeeeeeeee              eeeee         aa
/data3fast/users/mbermudez/de_02/TFGDataset/img/T2_0346.png|geeeeeeeeeeee            eeeeeeeeeeeeeeeeee    ddd
/data3fast/users/mbermudez/de_02/TFGDataset/img/T2_1467.png|iiat    aaaa       eeeeeeeee    nnn  eeee
/data3fast/users/mbermudez/de_02/TFGDataset/img/T2_1008.png|drrrrrrttttt     eeeeeeessssccheeee               dddd
/data3fast/users/mbermudez/de_02/TFGDataset/img/T2_0845.png|dee    eeeeeeeeeeeee     ssss    asssssieee
/data3fast/users/mbermudez/de_02/TFGDataset/img/T2_0032.png|warre               eeeeeeeeeeeeeeeeeeeeeeeeeee
/data3fast/users/mbermudez/de_02/TFGDataset/img/T2_0458.png|dii      a     a   a             eeeeeeeeeeeeeeeessss
/data3fast/users/mbermudez/de_02/TFGDataset/img/T2_0264.png|"        aaaalllllllllllll          aa 
/data3fast/users/mbermudez/de_02/TFGDataset/img/T2_0850.png|weeiiiieeeeeeeeeee           eee
/data3fast/users/mbermudez/de_02/TFGDataset/img/T2_0388.png|murrrrrrettt tttt             eeeeeeeee     nnnnnnnn
/data3fast/users/mbermudez/de_02/TFGDataset/img/T2_1359.png|dereeesssseee   eeeeeeeeeeeeellsciic          nnnn
/data3fast/users/mbermudez/de_02/TFGDataset/img/T2_0941.png|liiih   nnnne   hnn  d    eeeeeeeeeeeellllhhhh
/data3fast/users/mbermudez/de_02/TFGDataset/img/T2_0295.png|geeeeiii   nn   nnnn nneeeeeeeee     aa
/data3fast/users/mbermudez/de_02/TFGDataset/img/T2_0891.png|eeee      ssss  nn   n           eeeeeeeeeeee    ee
/data3fast/users/mbermudez/de_02/TFGDataset/img/T2_0935.png|tttt        hhhh          ssssscchi   eee
/data3fast/users/mbermudez/de_02/TFGDataset/img/T2_0524.png|rrreeeeeeee ddd eee      
/data3fast/users/mbermudez/de_02/TFGDataset/img/T2_0051.png|shhhhhh hhhhh eeeeeeeeeeee                 eeeee
/data3fast/users/mbermudez/de_02/TFGDataset/img/T2_1175.png|wnnnnn        eeeeeeeeeeeeeeeeeeeeeeeeeeee      ssssssss
/data3fast/users/mbermudez/de_02/TFGDataset/img/T2_0952.png|ber        eeeeeeeeeeeeeees            n nn     n e
/data3fast/users/mbermudez/de_02/TFGDataset/img/T2_1383.png|sssseeehhhe   ssss            eeeeeeeeeeeeeeeeeee
/data3fast/users/mbermudez/de_02/TFGDataset/img/T2_1176.png|nnneeeeeeeeeeee ssss   aa  hhh   eeeeeeeeeessss
/data3fast/users/mbermudez/de_02/TFGDataset/img/T2_1254.png|mi    eeeeeeee                    iieeeeeeeeeeeeeee
/data3fast/users/mbermudez/de_02/TFGDataset/img/T2_0550.png|sseeeeeeeee       ddd     eeeeeeeeeee  tttttttttttt
/data3fast/users/mbermudez/de_02/TFGDataset/img/T2_0477.png|liiiiee e e          eeeeee  eeeeiiccchheee      na
/data3fast/users/mbermudez/de_02/TFGDataset/img/T2_0101.png|# 
/data3fast/users/mbermudez/de_02/TFGDataset/img/T2_0263.png|wnnii ssss              iininn eeeeeeeeeee
/data3fast/users/mbermudez/de_02/TFGDataset/img/T2_0920.png|hhrrreeeer   reeeeeeerrrr         aaa   eeeee
/data3fast/users/mbermudez/de_02/TFGDataset/img/T2_0644.png|iiennneeeeeeeeeeeeeseeeeeeeeeeeeeeee     eee er
/data3fast/users/mbermudez/de_02/TFGDataset/img/T2_0562.png|mnneeeeeee****
/data3fast/users/mbermudez/de_02/TFGDataset/img/T2_1300.png|bbr      hhhhhhhhh eeeeeeeeee      ssssss
/data3fast/users/mbermudez/de_02/TFGDataset/img/T2_0001.png|gee      eeeeeeeeeeeeeeeeeee     sssssssssseeeeee
/data3fast/users/mbermudez/de_02/TFGDataset/img/T2_0120.png|aaseeeeeeeeeeeeeeeeeeee         aa      nieeee
/data3fast/users/mbermudez/de_02/TFGDataset/img/T2_0466.png|eeessssss            *         sssseeeeeeehhhheeeeNh
/data3fast/users/mbermudez/de_02/TFGDataset/img/T2_0780.png|o    eeeeee  *   ..
/data3fast/users/mbermudez/de_02/TFGDataset/img/T2_0210.png|sittttt      nnn        rrrrrr rrr rrrr
/data3fast/users/mbermudez/de_02/TFGDataset/img/T2_1045.png|wlleee    ttttttt te    lllllllll           ee
/data3fast/users/mbermudez/de_02/TFGDataset/img/T2_0722.png|hhheeeee        llll ttt  e   e    dee eee
