/data3fast/users/mbermudez/de_03/TFGDataset/img/train_t2_1214_0.png|uuu     alll     iii    eeeeees  uuuuu  sssseee
/data3fast/users/mbermudez/de_03/TFGDataset/img/train_t2_0421_0.png|ggeeeeeee    aaahha    ttttttsss  llleeeeeeee
/data3fast/users/mbermudez/de_03/TFGDataset/img/train_t2_1429_2.png|# 
/data3fast/users/mbermudez/de_03/TFGDataset/img/train_t2_0931_1.png|rreeeee     nnn       eeeessssset       eeeeeeii
/data3fast/users/mbermudez/de_03/TFGDataset/img/train_t2_0306_0.png|isss        eeeeeeehheeeeNeee          ssssstttttttt
/data3fast/users/mbermudez/de_03/TFGDataset/img/train_t2_0774_0.png|daeeeeeeee  uu  eeeeeeeeeee   u eeeeeeeeeeeeeeee
/data3fast/users/mbermudez/de_03/TFGDataset/img/train_t2_0940_1.png|derrriilllllllle nnnnddddd ssleeee    ddddeeeeeeee
/data3fast/users/mbermudez/de_03/TFGDataset/img/train_t2_0178_0.png|mmhh     ereeeeeeeeeeeeeeee  aaaaa      errrr
/data3fast/users/mbermudez/de_03/TFGDataset/img/train_t2_1393_0.png|nnneeeeeellll
/data3fast/users/mbermudez/de_03/TFGDataset/img/train_t2_0367_0.png|aa   eeeeeeeeeeeeeeeeeeeee  eeeeeeellll   nnn
/data3fast/users/mbermudez/de_03/TFGDataset/img/train_t2_0158.png|ssleNNNeeeeeeeeee    eee hhhneeeee       nnnnnn
/data3fast/users/mbermudez/de_03/TFGDataset/img/train_t2_1149.png|unddd eeeeeeeeeeee   alllll         eeseeleee
/data3fast/users/mbermudez/de_03/TFGDataset/img/train_t2_1282_0.png|iit     ssssssss          lll             . ........
/data3fast/users/mbermudez/de_03/TFGDataset/img/train_t2_0752_0.png|nnn  eeeeeeeeeeee    sssssssss   n  eeeeeeeeee
/data3fast/users/mbermudez/de_03/TFGDataset/img/train_t2_0750_1.png|rreeeee      iittt         ee******sstss      ddreee
/data3fast/users/mbermudez/de_03/TFGDataset/img/train_t2_1147.png|waasss ahhheeeeeee         a   ee         dddeee
/data3fast/users/mbermudez/de_03/TFGDataset/img/train_t2_0723_0.png|geeee  n     llihhh       aaaddd    ttttee
/data3fast/users/mbermudez/de_03/TFGDataset/img/train_t2_0679_1.png|unn eeeeeeeeee  hh a       hhhcchhh  nuuuueeeeeNNNNNNN
/data3fast/users/mbermudez/de_03/TFGDataset/img/train_t2_1493.png|geeeeeeeeeNNN
/data3fast/users/mbermudez/de_03/TFGDataset/img/train_t2_1204_2.png|geehhhhhtht ssseeeeeessseeeeeeeeeee     eeeeeeeeeeeeee
/data3fast/users/mbermudez/de_03/TFGDataset/img/train_t2_1154.png|eertttsssshttttttt
/data3fast/users/mbermudez/de_03/TFGDataset/img/train_t2_0440_2.png|der    a    ttttttttt     .
/data3fast/users/mbermudez/de_03/TFGDataset/img/train_t2_0410_1.png|rreeeeeeeeeeeeeeeeeeeeeeeeee        sachh              
/data3fast/users/mbermudez/de_03/TFGDataset/img/train_t2_0481.png|seeeeeeeeeeeeeeeeeeeeesss       ssssss      aan
/data3fast/users/mbermudez/de_03/TFGDataset/img/train_t2_1456_2.png|irrre     ee     llllllee ddd  eeeellhhh nnnnn
/data3fast/users/mbermudez/de_03/TFGDataset/img/train_t2_1076_2.png|grreeeesssssssssss     d    uuuueeee    eeeeeee  r
/data3fast/users/mbermudez/de_03/TFGDataset/img/train_t2_1403_2.png|iiieeehtttttthh    n     ddeeeeeeeeeeeeeee    tcc
/data3fast/users/mbermudez/de_03/TFGDataset/img/train_t2_0260_0.png|nneee sss     eeeeeettttti eeeellllllaaaa eeeee
/data3fast/users/mbermudez/de_03/TFGDataset/img/train_t2_0040.png|assseeeeee             nnaaann eeeeeeeeeee
/data3fast/users/mbermudez/de_03/TFGDataset/img/train_t2_0785.png|nnnlllccchhnnnnneeeee         aa      aaaaahhhhhh
/data3fast/users/mbermudez/de_03/TFGDataset/img/train_t2_0569_0.png|ossseeeeeeeehhhh   e    e**eeeeeeeeeeeeee dereeeeeeee
/data3fast/users/mbermudez/de_03/TFGDataset/img/train_t2_1273_1.png|rreee      s     hhh    nn  eeeeee     eeeeit
/data3fast/users/mbermudez/de_03/TFGDataset/img/train_t2_0282.png|weeeee  eereeed       sssseeeeee  eeeeeeeeeesaaa
/data3fast/users/mbermudez/de_03/TFGDataset/img/train_t2_0428_0.png|nnn  eeesstt u usssseeeeeedeee      nnneeee
/data3fast/users/mbermudez/de_03/TFGDataset/img/train_t2_1403_1.png|ireeehhtttttt  annnn  ddd eeeeeeeeeeeeee   ttt
/data3fast/users/mbermudez/de_03/TFGDataset/img/train_t2_0298.png|unn eelllllhhhhhhhh       nnnaa     rreeeeeeeeeeeen**eee
/data3fast/users/mbermudez/de_03/TFGDataset/img/train_t2_0494_1.png|wssse  
/data3fast/users/mbermudez/de_03/TFGDataset/img/train_t2_0914_0.png|asss  eeee eeeeeeeeetttheeeeeeeeeeddeeeeeeddrrrrr
/data3fast/users/mbermudez/de_03/TFGDataset/img/train_t2_0345_0.png|mhhhhh      ddrrreeehhhh         lllleeeesss   see
/data3fast/users/mbermudez/de_03/TFGDataset/img/train_t2_0117_2.png|ggeeeeeeeeeeee eehhe       ssstt          re
/data3fast/users/mbermudez/de_03/TFGDataset/img/train_t2_0260_1.png|ineeesssss    eeeeeeetttii    lllllllaaaa eeeee
/data3fast/users/mbermudez/de_03/TFGDataset/img/train_t2_1139.png|tt nnnnnn    aaaahhhhheeeeeiiii ll  eeee
/data3fast/users/mbermudez/de_03/TFGDataset/img/train_t2_0753_0.png|asseeeeeeeeeeeeeeeeeertt   eeeee    uuuuuuu
/data3fast/users/mbermudez/de_03/TFGDataset/img/train_t2_0108_2.png|dass eeeeeeennneitttheeee  eeeeeee         nnn
/data3fast/users/mbermudez/de_03/TFGDataset/img/train_t2_0020_2.png|annnllllhhhhleeeeeeennneeeeeee    ddd  eeeeeee
/data3fast/users/mbermudez/de_03/TFGDataset/img/train_t2_1151_2.png|#eee
/data3fast/users/mbermudez/de_03/TFGDataset/img/train_t2_1267_0.png|ann         shhhttttttttte    *tt tttt     dde
/data3fast/users/mbermudez/de_03/TFGDataset/img/train_t2_1498_2.png|die   aa seeeeeeeeeededeeerrrrrrrttt  sssssss
/data3fast/users/mbermudez/de_03/TFGDataset/img/train_t2_0317_2.png|wiir     ahhhhhllle    nddd     e    eesssscchhh
/data3fast/users/mbermudez/de_03/TFGDataset/img/train_t2_1452_0.png|sst   eeeeee  ddeeerr     ssslleeee llhh    iiiee
/data3fast/users/mbermudez/de_03/TFGDataset/img/train_t2_1389_0.png|eee     eehhh      ahhhhheeeeeeennnnnnttttt
/data3fast/users/mbermudez/de_03/TFGDataset/img/train_t2_0251_0.png|der   ccchhhhheeee dde   ssssssssseeecchhees     ddd
/data3fast/users/mbermudez/de_03/TFGDataset/img/train_t2_0294_1.png|uuuuu               aaahhhhhchhheeeeeeennn    ss
/data3fast/users/mbermudez/de_03/TFGDataset/img/train_t2_0608_1.png|bllleeeee  ***** ss ssttt    eeeeeeeii     nnnddee
/data3fast/users/mbermudez/de_03/TFGDataset/img/train_t2_1307_2.png|hhheeeeee  ssss  d   eeeeeeeee    u     eeeeett
/data3fast/users/mbermudez/de_03/TFGDataset/img/train_t2_0630_2.png|oooeee      aahhhhhheeeNN
/data3fast/users/mbermudez/de_03/TFGDataset/img/train_t2_0555.png|dsssss       eeeeeeee     eeeeee         nnn    eeeee
/data3fast/users/mbermudez/de_03/TFGDataset/img/train_t2_1027_0.png|dii  eeelaaaaa  eeeeeeeeeeee   ssssssttteeee
/data3fast/users/mbermudez/de_03/TFGDataset/img/train_t2_0061_1.png|oorr    nnttttt  eeeeeee  aaaa sss   
/data3fast/users/mbermudez/de_03/TFGDataset/img/train_t2_0512.png|aaallllle      deeee    dddeeeee     eeeeeeeeeee dd
/data3fast/users/mbermudez/de_03/TFGDataset/img/train_t2_0327.png|dii  eeessssseeeeeeeeeeeieeeeeeeeeeNN nnnnnne
/data3fast/users/mbermudez/de_03/TFGDataset/img/train_t2_1419_1.png|geee    nnnn  tttttt      lllleeeeeee     eeeeeee
/data3fast/users/mbermudez/de_03/TFGDataset/img/train_t2_1422_1.png|gleehhh        eeeeeeeeeeeeeeeeeeeeeeee nnnnn   eee
/data3fast/users/mbermudez/de_03/TFGDataset/img/train_t2_0621_1.png|iieeeeeeeeeeeennnnnnn    chhhhhhhi  n   iieee
/data3fast/users/mbermudez/de_03/TFGDataset/img/train_t2_0156_0.png|dee  lleeeeeeeeee               eeeessssee  tttttt
/data3fast/users/mbermudez/de_03/TFGDataset/img/train_t2_0102_0.png|aan  eeeeeiinnneeeettttt    d  rreeeeeeeeee
/data3fast/users/mbermudez/de_03/TFGDataset/img/train_t2_1126_2.png|iieeeeeeeeerrtttsssssse e   neeeee        eeeeeee
/data3fast/users/mbermudez/de_03/TFGDataset/img/train_t2_1145_2.png|ffeeeeeeee     dd   sseeeeeeee          eeeeeees
/data3fast/users/mbermudez/de_03/TFGDataset/img/train_t2_0560.png|alssesehhhhhh   ashccchhhtttt  itttt  nnneeeeee
/data3fast/users/mbermudez/de_03/TFGDataset/img/train_t2_1271_0.png|mmhhhuu  eeeeeeeeeeeees      aasssss   ddddeeeeeede
/data3fast/users/mbermudez/de_03/TFGDataset/img/train_t2_1205_2.png|was  eeeee   eeeeeeeeettcchhttttii
/data3fast/users/mbermudez/de_03/TFGDataset/img/train_t2_0351.png|oheeeeeeNNNNNN dddddddddeeeeer     sssshhhhh
/data3fast/users/mbermudez/de_03/TFGDataset/img/train_t2_1220_1.png|iiee    eeeeeee nnnn    tttteesss    dd
/data3fast/users/mbermudez/de_03/TFGDataset/img/train_t2_0047.png|wiieeeeeeeeeenntttee uuuuueeeeeeeeesss  
/data3fast/users/mbermudez/de_03/TFGDataset/img/train_t2_0611_0.png|uu     eeee aaaa       drereerreeeeeeeeehhhhh
/data3fast/users/mbermudez/de_03/TFGDataset/img/train_t2_0168_2.png|auu     eeeeeeeess     aaaannn  eessssss      elilhhh
/data3fast/users/mbermudez/de_03/TFGDataset/img/train_t2_0391.png|wwee                         eeeeiilhhhheeiii    eeee
/data3fast/users/mbermudez/de_03/TFGDataset/img/train_t2_0026_2.png|mii eeeeeeeedddrrrr hheeeeeeeee     d e ssss
/data3fast/users/mbermudez/de_03/TFGDataset/img/train_t2_0820.png|nnnnnnnn tttt eeennneeeee h  tssssssssss iillllllll
/data3fast/users/mbermudez/de_03/TFGDataset/img/train_t2_0356_0.png|bee dnnnnn    aa  aaaaaa   ahhh           nnn
/data3fast/users/mbermudez/de_03/TFGDataset/img/train_t2_0600.png|onnnn   aaasssaa  aaa     tt    d eeee
/data3fast/users/mbermudez/de_03/TFGDataset/img/train_t2_1351.png|eeeeeeeieeeeeeeeeeeeeeeel    .
/data3fast/users/mbermudez/de_03/TFGDataset/img/train_t2_1094_0.png|ge    a            hhhheeeeeee    hu  eeeeeeeeeee
/data3fast/users/mbermudez/de_03/TFGDataset/img/train_t2_0661.png|iii eeeeeee    sssssseeeee    ..
/data3fast/users/mbermudez/de_03/TFGDataset/img/train_t2_0433.png|geeeeeeeeeeedddr uuhhhhheee      ccchhh    
/data3fast/users/mbermudez/de_03/TFGDataset/img/train_t2_0909_1.png|tttnn eeeeiii         deeeeeeeeeeessseeeee hhhhhh
/data3fast/users/mbermudez/de_03/TFGDataset/img/train_t2_0490_2.png|eelllh         aniittttttttinn    ee  ttsshhee
/data3fast/users/mbermudez/de_03/TFGDataset/img/train_t2_0592_2.png|isssseeeeeeeetthhheeN  nd   lllll  eeee          
/data3fast/users/mbermudez/de_03/TFGDataset/img/train_t2_0131_2.png|oon        ee eeeeee      ....
/data3fast/users/mbermudez/de_03/TFGDataset/img/train_t2_0249.png|ueeeeeeeeeeeeehhh                eeeeeeeeeee     u eeee
/data3fast/users/mbermudez/de_03/TFGDataset/img/train_t2_1421_2.png|ssshhhhhhh      
/data3fast/users/mbermudez/de_03/TFGDataset/img/train_t2_0838_0.png|chh    d    reeeeeertthhhh    l    nnnnnneeeehh
/data3fast/users/mbermudez/de_03/TFGDataset/img/train_t2_0419_2.png|dee  sss      ttt tttttttt     eeettttttttttt
/data3fast/users/mbermudez/de_03/TFGDataset/img/train_t2_0602.png|dee     eeeeeeeeeeeeeeeNNNNNsssllllllleeehheellll
/data3fast/users/mbermudez/de_03/TFGDataset/img/train_t2_1118_2.png|derssscaaaaauuuuhhheeee   nnnnnnn    aaa      ddee
/data3fast/users/mbermudez/de_03/TFGDataset/img/train_t2_1066_2.png|weer      eeeeeeeeeeeeeee     lllsss  a    hheee
/data3fast/users/mbermudez/de_03/TFGDataset/img/train_t2_0564_0.png|woo            sssssss        d    ttt.......
/data3fast/users/mbermudez/de_03/TFGDataset/img/train_t2_1398_2.png|ne   aaa leeeeeeeeeeeeeeee         innne
/data3fast/users/mbermudez/de_03/TFGDataset/img/train_t2_0680_1.png|aneeeeeeeeeeeeeeeehhtt    nn  eeee         hhhhhhet
/data3fast/users/mbermudez/de_03/TFGDataset/img/train_t2_0476_1.png|der    eee nnnn        e
/data3fast/users/mbermudez/de_03/TFGDataset/img/train_t2_1167_2.png|uudddeeeeessshhhhhheeeeeeee       u    eeeeeeeee
/data3fast/users/mbermudez/de_03/TFGDataset/img/train_t2_1316.png|veeeeetttttt 
/data3fast/users/mbermudez/de_03/TFGDataset/img/train_t2_0556_2.png|merhh      eeeeeeenn   nn   nnnnneee         t
/data3fast/users/mbermudez/de_03/TFGDataset/img/train_t2_1027_2.png|deeeeeeeaaaa  eeeeeeeeeeeeeeessssssstssstteeee
/data3fast/users/mbermudez/de_03/TFGDataset/img/train_t2_1315_0.png|eeeeee  hhhhh   u  deeeeeeeeeeeeeeeeeeeee uuuueeeee
/data3fast/users/mbermudez/de_03/TFGDataset/img/train_t2_1009.png|an deeeerrchhhhheeeeeeeeee hch       aassss
/data3fast/users/mbermudez/de_03/TFGDataset/img/train_t2_0971_1.png|ssshhh  llllllllhhhhhhh n inn   aall eeeeeiiel
/data3fast/users/mbermudez/de_03/TFGDataset/img/train_t2_0440_1.png|der   aaa     tttttttt     ..
/data3fast/users/mbermudez/de_03/TFGDataset/img/train_t2_0714_0.png|annhhhhhhhhh        eeeelllccchseeeeeeeeeeeee
/data3fast/users/mbermudez/de_03/TFGDataset/img/train_t2_0019_2.png|iihhee  eee   a llleeeeeeeeeeeeeeeeeeess     eeeeee
/data3fast/users/mbermudez/de_03/TFGDataset/img/train_t2_1101_0.png|drrtteeellllllleeeddddd a    eeee auaauudde
/data3fast/users/mbermudez/de_03/TFGDataset/img/train_t2_1392.png|# 
/data3fast/users/mbermudez/de_03/TFGDataset/img/train_t2_0972_1.png|aaattttt
/data3fast/users/mbermudez/de_03/TFGDataset/img/train_t2_0337.png|beeeeeeee nnnnnna   eeeeehhcchh    dddeeeeeeeeeee
/data3fast/users/mbermudez/de_03/TFGDataset/img/train_t2_1453_2.png|# 
/data3fast/users/mbermudez/de_03/TFGDataset/img/train_t2_0239.png|uu   essssseeeeeee   ...
/data3fast/users/mbermudez/de_03/TFGDataset/img/train_t2_1221_0.png|nnn    eeeeeehhee         hheeeeeee    tttilllee
/data3fast/users/mbermudez/de_03/TFGDataset/img/train_t2_0635_1.png|dei  hhhhhhhhh     eeeeeerhhhhhtttttt tttt
/data3fast/users/mbermudez/de_03/TFGDataset/img/train_t2_1414_2.png|ooo eeeennnnnn eeeeeee    eeeeeeeee   deeeee
/data3fast/users/mbermudez/de_03/TFGDataset/img/train_t2_0074_1.png|tt    u ahhhhhhh eeeee   a    eee nnnnnee
/data3fast/users/mbermudez/de_03/TFGDataset/img/train_t2_0854_0.png|bbb       eeee rrr   rrrrreettshhhhhleee        a  
/data3fast/users/mbermudez/de_03/TFGDataset/img/train_t2_0090_0.png|deellleeeeeennneeeeeeeih hhaaa   ee
/data3fast/users/mbermudez/de_03/TFGDataset/img/train_t2_0963_2.png|zu       e     a  sssss      r         ssssssssss
/data3fast/users/mbermudez/de_03/TFGDataset/img/train_t2_1110_1.png|aas eeeeeeen nd      ttt    ssssseeeeeee
/data3fast/users/mbermudez/de_03/TFGDataset/img/train_t2_1162_2.png|tt    eeee    lllllll  d        lssssss
/data3fast/users/mbermudez/de_03/TFGDataset/img/train_t2_0290.png|eeeNNNeeeeeeeeeeeesss           hhhhheeeeeeeeeeeee
/data3fast/users/mbermudez/de_03/TFGDataset/img/train_t2_1138.png|aeee ddd   nnn  essssseeeeeeeeee eeessseeeeeeeeeee
/data3fast/users/mbermudez/de_03/TFGDataset/img/train_t2_1016_1.png|nne   tttthhlhhieenn     iiiieeeee nnneeeseesssNeeeNNNN
/data3fast/users/mbermudez/de_03/TFGDataset/img/train_t2_0070.png|dee  tthhhhhhhhhh tt       sseeeeeeee     ee
/data3fast/users/mbermudez/de_03/TFGDataset/img/train_t2_0588.png|de    eeeeee  eeessee      eee   sss  eeee
/data3fast/users/mbermudez/de_03/TFGDataset/img/train_t2_1430_1.png|drr      eee  chhhhsss        aalllll
/data3fast/users/mbermudez/de_03/TFGDataset/img/train_t2_0165_1.png|bbee  sssssssssthannnnnnn  eeeeeestttt   nnnnn
/data3fast/users/mbermudez/de_03/TFGDataset/img/train_t2_0566.png|dee  lllllhh     dd  rhhh  auuuu eeeessctttt 
/data3fast/users/mbermudez/de_03/TFGDataset/img/train_t2_0977_2.png|eeeuunnndnn   aa  hhhhellleeeeeeeeeeee   eeell
/data3fast/users/mbermudez/de_03/TFGDataset/img/train_t2_0658.png|ii       nn n eeeeeeeeeeeeeelllllllllhhheeeeeeee
/data3fast/users/mbermudez/de_03/TFGDataset/img/train_t2_0685_0.png|dii eeeeeee**nnnnnnllgeeeeee      ssee
/data3fast/users/mbermudez/de_03/TFGDataset/img/train_t2_0043_1.png|daa   ehhhhllllleeeeesssshheeeeeeerrrrrrri
/data3fast/users/mbermudez/de_03/TFGDataset/img/train_t2_1462_1.png|ann  erhhhhh  eeeeeeeee  unn     eeeiinnn  sss
/data3fast/users/mbermudez/de_03/TFGDataset/img/train_t2_0162_0.png|desssseeeeeeeeeee e          eeeeeeeeeeei           
/data3fast/users/mbermudez/de_03/TFGDataset/img/train_t2_0088.png|ee     n       ttnneeeennneee   rrrrrriii   i
/data3fast/users/mbermudez/de_03/TFGDataset/img/train_t2_0251_1.png|dee  ehhchhhhheee    d essssellllllsseeeee      ssd
/data3fast/users/mbermudez/de_03/TFGDataset/img/train_t2_0628_2.png|leeeN    nnnn   ttt nnnnnnn  eeheeesstteettttt
/data3fast/users/mbermudez/de_03/TFGDataset/img/train_t2_0917_0.png|# 
/data3fast/users/mbermudez/de_03/TFGDataset/img/train_t2_0311.png|annn  ttrrrrrr  rhheeeeeeeeee   aa ssseeee    nnn
/data3fast/users/mbermudez/de_03/TFGDataset/img/train_t2_0084.png|wnee       t     sssstttthhheee    eeee      e  tteeeeeeee
/data3fast/users/mbermudez/de_03/TFGDataset/img/train_t2_1052_0.png|ginnneeeelll     llllllehh      dd  ssee     nnnnn
/data3fast/users/mbermudez/de_03/TFGDataset/img/train_t2_0242_1.png|et    dddeeeeeeeeeerrrrreritttttt     ssseeee
/data3fast/users/mbermudez/de_03/TFGDataset/img/train_t2_0044_1.png|wieee     aa     dd    eeesssllll nnne
/data3fast/users/mbermudez/de_03/TFGDataset/img/train_t2_0248_0.png|erreeeeeeennnneeeeeeedeeeeeeehh      eee         
/data3fast/users/mbermudez/de_03/TFGDataset/img/train_t2_0500_1.png|geeeeeeeeeehhhhhhh   neee n  aa as eeeeettt
/data3fast/users/mbermudez/de_03/TFGDataset/img/train_t2_1462_0.png|andderrhhhhh   eeeehe  u      eeeeeenn  sss
/data3fast/users/mbermudez/de_03/TFGDataset/img/train_t2_1392_0.png|# 
/data3fast/users/mbermudez/de_03/TFGDataset/img/train_t2_1247.png|vieeeeessssssssstt   nnnnnnn    eeeeeeeeeee
/data3fast/users/mbermudez/de_03/TFGDataset/img/train_t2_0583_0.png|aaee               llsssshhhhhhh eeeelllllleeeeee
/data3fast/users/mbermudez/de_03/TFGDataset/img/train_t2_0042_0.png|dd   eeeettsstttttttt    sseeeeeeeeeeeeessse ee
/data3fast/users/mbermudez/de_03/TFGDataset/img/train_t2_0811_2.png|dasss eeeeeeeeeeeeiiiiiil ieeee      naaallaaaau
/data3fast/users/mbermudez/de_03/TFGDataset/img/train_t2_0751_1.png|eeee    ee        hhh ee    eee i hh     hess
/data3fast/users/mbermudez/de_03/TFGDataset/img/train_t2_1405.png|tunn eee    aa   ssssseeee      lllee
/data3fast/users/mbermudez/de_03/TFGDataset/img/train_t2_1381_0.png|ttt    tttt                lll   aa   eeeeeeeeeeeeeee
/data3fast/users/mbermudez/de_03/TFGDataset/img/train_t2_0293_1.png|deeeeeeeeeeeeeeee      aaaaaaa  hheeeeehheeeeeeee
/data3fast/users/mbermudez/de_03/TFGDataset/img/train_t2_0501_1.png|geeesssssssssss    nn   eiieeee   eeeeeeeeeeeuuueee
/data3fast/users/mbermudez/de_03/TFGDataset/img/train_t2_0058_0.png|de   iiihhheeeeeeeed                ssssllleeeeeeeee
/data3fast/users/mbermudez/de_03/TFGDataset/img/train_t2_1009_1.png|an d eerrrthhhheeeeeeeee   hhh      aaa
/data3fast/users/mbermudez/de_03/TFGDataset/img/train_t2_0669_2.png|diieeeeeeeeeeeeeeeeeeeennnn      sssssttttttt
/data3fast/users/mbermudez/de_03/TFGDataset/img/train_t2_1436_0.png|ges    a    eeeeeeeeeeeeeeeeee       tttttttttt
/data3fast/users/mbermudez/de_03/TFGDataset/img/train_t2_0340.png|lllee      ecchhhhh   nnddddd  eeeeiinneeeeel
/data3fast/users/mbermudez/de_03/TFGDataset/img/train_t2_0296_1.png|ii  eeeeeeeeee      aaaa  tt   iiiiih     aa
/data3fast/users/mbermudez/de_03/TFGDataset/img/train_t2_0718_0.png|drrttttsssssseeee     hh      deee   dddde
/data3fast/users/mbermudez/de_03/TFGDataset/img/train_t2_0995.png|geeehhhh       dddd esssss  eesssseeeeeeee   ddee
/data3fast/users/mbermudez/de_03/TFGDataset/img/train_t2_0722_2.png|hheeNeNeeee   sst n    ttteeeeeeeee    ddee
/data3fast/users/mbermudez/de_03/TFGDataset/img/train_t2_0743_2.png|auu   l  nnnnn ddedeeeeeeeeeeeeeeeeeeee
/data3fast/users/mbermudez/de_03/TFGDataset/img/train_t2_0706_2.png|derr   nnnnnnnn   alleeeeeeeee    tteeeeeeeeeeeee
/data3fast/users/mbermudez/de_03/TFGDataset/img/train_t2_1291_1.png|and  eeere heeeeeeeettt        lleeeeee
/data3fast/users/mbermudez/de_03/TFGDataset/img/train_t2_1104_1.png|oooeeeeeennnnnnnnnn  aaa ehheeeeehhttt   dd
/data3fast/users/mbermudez/de_03/TFGDataset/img/train_t2_0374_0.png|aas        acchhhhh  eeeeeee          ssssssss
/data3fast/users/mbermudez/de_03/TFGDataset/img/train_t2_0342_1.png|iiin  llllllass   eeed dd  deeee ssccclhlleeesssss
/data3fast/users/mbermudez/de_03/TFGDataset/img/train_t2_0231_1.png|wsssssssssaannnnn  eeeeeeeehhhheee nnnn   tseeeeee
/data3fast/users/mbermudez/de_03/TFGDataset/img/train_t2_1347_1.png|aannn         aaa   dd eeeeeee    auuuuuuueeeeeeh
/data3fast/users/mbermudez/de_03/TFGDataset/img/train_t2_0941_1.png|llhi      ehhhh   dddd    eeeeeeeee  llllllhhh
/data3fast/users/mbermudez/de_03/TFGDataset/img/train_t2_1469.png|hrreeeeeee        dd  d                         lll
/data3fast/users/mbermudez/de_03/TFGDataset/img/train_t2_0609.png|rrrrlhhl  edddeeeeeeeeeeeetttt  sssssssssss
/data3fast/users/mbermudez/de_03/TFGDataset/img/train_t2_0144_1.png|heeeee         eeehhheeee   sssssslhh     dddd
/data3fast/users/mbermudez/de_03/TFGDataset/img/train_t2_1110_0.png|aa  eeeeeee         ttt    sssssseeeeeeN
/data3fast/users/mbermudez/de_03/TFGDataset/img/train_t2_0683_0.png|ttee sssssssssel      deeee      eettteeeenn
/data3fast/users/mbermudez/de_03/TFGDataset/img/train_t2_0749_2.png|eeee     chhh eeeeee uuueeeeeeeelllllll     eeeeeeee
/data3fast/users/mbermudez/de_03/TFGDataset/img/train_t2_1102_2.png|auuuu   eeeeeeee *.....
/data3fast/users/mbermudez/de_03/TFGDataset/img/train_t2_1323_0.png|beeeeeeeeellhhhhhhhhllleeeeee  uudddd  ssssseeee
/data3fast/users/mbermudez/de_03/TFGDataset/img/train_t2_0032.png|darrrreee     a   ddeeeeeeeeeeeeeeeeeeeeeeeeei
/data3fast/users/mbermudez/de_03/TFGDataset/img/train_t2_0715_1.png|mtt    unnnnnnnnneeeeeerrr   d     ihhhhn
/data3fast/users/mbermudez/de_03/TFGDataset/img/train_t2_1045.png|weeeettt     rrrrttt       lllsssssss      eee
/data3fast/users/mbermudez/de_03/TFGDataset/img/train_t2_1255_2.png|lle  dd   eeeeeeeehhhhiinneeeeeeeeeeee      uudd
/data3fast/users/mbermudez/de_03/TFGDataset/img/train_t2_0840_1.png|oonddd   ss   eeeeeeeeee    .......
/data3fast/users/mbermudez/de_03/TFGDataset/img/train_t2_0453_0.png|uund    nnnn  eeeeeeee    ttttttttt ee
/data3fast/users/mbermudez/de_03/TFGDataset/img/train_t2_0214_2.png|annn  eee   ee  eeeeeddeeeeeeeeeeeeeeesssssss      sd
/data3fast/users/mbermudez/de_03/TFGDataset/img/train_t2_0439_1.png|assss     eeeeeeeeeleeeeeeeeeeeeeeNe      deeeeee
/data3fast/users/mbermudez/de_03/TFGDataset/img/train_t2_0708_0.png|neeeeeeeeeeeee     sssss    eeeiiiinnnnee
/data3fast/users/mbermudez/de_03/TFGDataset/img/train_t2_1016.png|nee  ttttti  iiieiee      eeeeeeeee   ssseeesssssNNN
/data3fast/users/mbermudez/de_03/TFGDataset/img/train_t2_0360.png|aallsaaaaaaaaaasshhh  ssssseeeeeeheee        a ch
/data3fast/users/mbermudez/de_03/TFGDataset/img/train_t2_0670_1.png|feeeerr nn  eeeee         sssss ee    a
/data3fast/users/mbermudez/de_03/TFGDataset/img/train_t2_0705.png|lleeeeeeee      e         ss     nnnnuu
/data3fast/users/mbermudez/de_03/TFGDataset/img/train_t2_0562_2.png|iinneeeee****...
/data3fast/users/mbermudez/de_03/TFGDataset/img/train_t2_1002_0.png|eeeeeeeeeeeeeeeeeeeeeeeeeeeeeeeeeeettttttttt   ee
/data3fast/users/mbermudez/de_03/TFGDataset/img/train_t2_1116_0.png|deeN  nnnnnnnaaaaaa        ssssssss aalllle
/data3fast/users/mbermudez/de_03/TFGDataset/img/train_t2_0446.png|der           s         ******ees eeeee       eeeeee
/data3fast/users/mbermudez/de_03/TFGDataset/img/train_t2_1345_1.png|geeeedddd  rrrtttthhe  nnnnaa    iie
/data3fast/users/mbermudez/de_03/TFGDataset/img/train_t2_0527.png|deeeelleee nn  eeeehhh  uuuuuaaau    eeeeeeeee
/data3fast/users/mbermudez/de_03/TFGDataset/img/train_t2_1473_2.png|wwieeeeeeeeeee     lllll  ddd   iii  nnnnnnnn
/data3fast/users/mbermudez/de_03/TFGDataset/img/train_t2_0490_1.png|rrrhh          aa  tttttttiii     e   eeeeehh
/data3fast/users/mbermudez/de_03/TFGDataset/img/train_t2_1305.png|rreellchhheeh           ssssss      ee e*      eeeeee
/data3fast/users/mbermudez/de_03/TFGDataset/img/train_t2_0046.png|derr    eeeeeee     ttti     hhhllleeeeee
/data3fast/users/mbermudez/de_03/TFGDataset/img/train_t2_0160_1.png|aaa      deeeeeerrhhhhhhh  nnneeeeeee     unn
/data3fast/users/mbermudez/de_03/TFGDataset/img/train_t2_1499_2.png|ee    aaaaa      eeeeeeeeeessss   chhhhhttt   eeee
/data3fast/users/mbermudez/de_03/TFGDataset/img/train_t2_1340_0.png|eertttttttt
/data3fast/users/mbermudez/de_03/TFGDataset/img/train_t2_0599_2.png|ddd   reehheeeeeehhha     a ddd  a sseeeeeeee nne
/data3fast/users/mbermudez/de_03/TFGDataset/img/train_t2_0939_1.png|iii eeeeeeeeee     a alls  eeeeee  eeeee aaa
/data3fast/users/mbermudez/de_03/TFGDataset/img/train_t2_1116_2.png|dee   nnnnaallaaa  a n     ssssss  aaallllee
/data3fast/users/mbermudez/de_03/TFGDataset/img/train_t2_1273.png|reeees     d     ehhee  nnn eeeee     eee il
/data3fast/users/mbermudez/de_03/TFGDataset/img/train_t2_0258.png|ggeeee  eeeeessseehhhhht  aassssttt     de
/data3fast/users/mbermudez/de_03/TFGDataset/img/train_t2_0878.png|vrr   aa eeeeeellllennnnnee n lllssssshhhtttte
/data3fast/users/mbermudez/de_03/TFGDataset/img/train_t2_0618_2.png|chhe    s sss  s        n   nn   n eeeeeerrhhhhhheeeeee
/data3fast/users/mbermudez/de_03/TFGDataset/img/train_t2_0865_0.png|beeeeeeeeeeeN
/data3fast/users/mbermudez/de_03/TFGDataset/img/train_t2_0423_2.png|wiinn  lla  n n   eeeeeeeeeeeeee  eeele
/data3fast/users/mbermudez/de_03/TFGDataset/img/train_t2_0739_1.png|teeee    sssstttteeeeeeeeeeeeee          eeeeee
/data3fast/users/mbermudez/de_03/TFGDataset/img/train_t2_0376_1.png|aahheeeeeeeeeeiii  iereeeeh nnn  eeessstttt
/data3fast/users/mbermudez/de_03/TFGDataset/img/train_t2_1294_0.png|aaneeeeeeee ssseeeeeeeeeeeeeeee          eeeeehhhe
/data3fast/users/mbermudez/de_03/TFGDataset/img/train_t2_0040_0.png|alsseeeeeee             nnnnnnnnneeeeeeeee
/data3fast/users/mbermudez/de_03/TFGDataset/img/train_t2_0314.png|ttt            tttsssssseeeesssse      a
/data3fast/users/mbermudez/de_03/TFGDataset/img/train_t2_0161_2.png|mrr u     eetttiiieeeeeee   uuu eeeeeeeee lllllll
/data3fast/users/mbermudez/de_03/TFGDataset/img/train_t2_0133_1.png|te        lllleeeee     as     eeeeeeeee
/data3fast/users/mbermudez/de_03/TFGDataset/img/train_t2_1118_1.png|derschaaauuuuu hheeeee  nnnnnnn   aaaa      deee
/data3fast/users/mbermudez/de_03/TFGDataset/img/train_t2_1170.png|oon eeeeessttt    ee   nnnnnneeiiie ne
/data3fast/users/mbermudez/de_03/TFGDataset/img/train_t2_0336_1.png|chhee dd        eee  ss    eeeeeeee   ttttt
/data3fast/users/mbermudez/de_03/TFGDataset/img/train_t2_0102.png|annn  eeeeeennneeeetttth       eeeeeeeeeeeeeee
/data3fast/users/mbermudez/de_03/TFGDataset/img/train_t2_0949.png|ooeeeeeheee  neeee*******iiieeeeeeehhhh   uuaa
/data3fast/users/mbermudez/de_03/TFGDataset/img/train_t2_0816_2.png|uudd  eeetttt  ..
/data3fast/users/mbermudez/de_03/TFGDataset/img/train_t2_1141.png|mahhhh  ieeiie             ssss        dddeee
/data3fast/users/mbermudez/de_03/TFGDataset/img/train_t2_0185_0.png|dnn eeeee      ddddd   alllhhhhhh   ddddd
/data3fast/users/mbermudez/de_03/TFGDataset/img/train_t2_0525_2.png|beeelleeeeeeeeeeeet   ttt     ieee   n  nnn  ee llll
/data3fast/users/mbermudez/de_03/TFGDataset/img/train_t2_1032.png|eeeeee  nn iiihhhhhhhh   deeeesssssseeeeeeeeeeee
/data3fast/users/mbermudez/de_03/TFGDataset/img/train_t2_1311_0.png|seeeeN  eeeeeeeeeeeeeehhhh      eeeeeehhhhhhheeeeNN
/data3fast/users/mbermudez/de_03/TFGDataset/img/train_t2_1358.png|dasss eeeee   d          neeeennnnneee       ee
/data3fast/users/mbermudez/de_03/TFGDataset/img/train_t2_0083_1.png|uuungeeeeeeeeetttttt    ee        a ttttss
/data3fast/users/mbermudez/de_03/TFGDataset/img/train_t2_0141_2.png|weee              eeee ssssseeestssssccttt e
/data3fast/users/mbermudez/de_03/TFGDataset/img/train_t2_1419.png|geee         tttttt    llllleeeeeeeee  eeeeee
/data3fast/users/mbermudez/de_03/TFGDataset/img/train_t2_0845_2.png|dee     eeeeeeeeeee      sssss  a asssseeeee
/data3fast/users/mbermudez/de_03/TFGDataset/img/train_t2_0754_0.png|unn    seeeeeeeeehh     eee nnn   hhhheeeeeeeehh
/data3fast/users/mbermudez/de_03/TFGDataset/img/train_t2_0431.png|bbeeeeeeee hhh   ddeeeeettt      eeeeeeNN
/data3fast/users/mbermudez/de_03/TFGDataset/img/train_t2_0514_2.png|dsssss   eeeeesseh   esseeeeeeeeeeeN       eeeeeeeeeee  n
/data3fast/users/mbermudez/de_03/TFGDataset/img/train_t2_1176_2.png|iiieeeeeeeeNNeeee   aaaahhlllllheeeeeeeeeessssss
/data3fast/users/mbermudez/de_03/TFGDataset/img/train_t2_0223.png|iittt     
/data3fast/users/mbermudez/de_03/TFGDataset/img/train_t2_1239_0.png|oondeeeeesssss         ..........
/data3fast/users/mbermudez/de_03/TFGDataset/img/train_t2_0652.png|eee   a la           chhhh     d     iiiit
/data3fast/users/mbermudez/de_03/TFGDataset/img/train_t2_0921_1.png|dd      eeeeeennnnnn  sssssssslletttt...
/data3fast/users/mbermudez/de_03/TFGDataset/img/train_t2_0456_2.png|eee aaaaalln e        iiii t tlliii eeeeeeeeee
/data3fast/users/mbermudez/de_03/TFGDataset/img/train_t2_0592_0.png|isss eeeeeeeehheee  nn n  lll eeee            nn
/data3fast/users/mbermudez/de_03/TFGDataset/img/train_t2_0376.png|aahheeeeeeeeeeee irrrrieiee  nnn  eeeeetthhhh
/data3fast/users/mbermudez/de_03/TFGDataset/img/train_t2_0768_2.png|gleee  eeeeeeeeehhhhhh   
/data3fast/users/mbermudez/de_03/TFGDataset/img/train_t2_0417.png|sttttt          seeeeesssssss       llleeeeeeee  e *******
/data3fast/users/mbermudez/de_03/TFGDataset/img/train_t2_0838_2.png|ihh    dd  rrreeeeettthhh aaa      nnneeeeel
/data3fast/users/mbermudez/de_03/TFGDataset/img/train_t2_1363_1.png|urrrrrr  i     sssslllllleeeeeeeieeeee      aaa
/data3fast/users/mbermudez/de_03/TFGDataset/img/train_t2_0279.png|deee  nnnnnnnnn a      eeeeeeeee ii         hhh
/data3fast/users/mbermudez/de_03/TFGDataset/img/train_t2_1035_2.png|llllhh  aahhhh   nnnddeeeeeeeeeeeeeeeett  nnnn
/data3fast/users/mbermudez/de_03/TFGDataset/img/train_t2_0438_2.png|oooeeeeeeeeeeeeeeeeeeeeuuuunnn     eee
/data3fast/users/mbermudez/de_03/TFGDataset/img/train_t2_0843_0.png|geee  d      hhhhhh    eeeee hhhhh    eeeeeee
/data3fast/users/mbermudez/de_03/TFGDataset/img/train_t2_0948_2.png|beeeeeeeeetttttt    nnnnneeei      eeeeeessss
/data3fast/users/mbermudez/de_03/TFGDataset/img/train_t2_0350_1.png|geeesseee  aa a     eeesssssssssssseeeee  nnnnnnnennn
/data3fast/users/mbermudez/de_03/TFGDataset/img/train_t2_0291_2.png|eeesssssss     ddeeeehhhh     ddd eellll      nnnn
/data3fast/users/mbermudez/de_03/TFGDataset/img/train_t2_0567_2.png|dnn  eeee tttttchhh eeee  laaa        llllllll
/data3fast/users/mbermudez/de_03/TFGDataset/img/train_t2_0102_1.png|aan   eeeeeennnneetttttt    ddeeeeeeeeeeeeee
/data3fast/users/mbermudez/de_03/TFGDataset/img/train_t2_1216_0.png|neeeeeeeeeeeeeeeeeeee   ss  dd  eeee sssssss
/data3fast/users/mbermudez/de_03/TFGDataset/img/train_t2_1105_1.png|eee     eeeeeeeelllle  eessseeeeeeeehet      eeeeeee
/data3fast/users/mbermudez/de_03/TFGDataset/img/train_t2_1033_0.png|mmhhhh         hhhhhhhh      iiiiiiit   eennn
/data3fast/users/mbermudez/de_03/TFGDataset/img/train_t2_0795_2.png|eernnnnnnnnnd    ee e   llleeeeee        n  nn
/data3fast/users/mbermudez/de_03/TFGDataset/img/train_t2_0862.png|wasssse        aaa lllleeeeeeeeeeeee ddddd
/data3fast/users/mbermudez/de_03/TFGDataset/img/train_t2_1418_1.png|geehhhhtttt
/data3fast/users/mbermudez/de_03/TFGDataset/img/train_t2_0011.png|aaaa   eeeeetttttttteeeeeeeeeeeeee      n   eeeeee
/data3fast/users/mbermudez/de_03/TFGDataset/img/train_t2_0111_2.png|ffeeeeee   lllllliihhhhhieeeeeeeelllla nn    l
/data3fast/users/mbermudez/de_03/TFGDataset/img/train_t2_0469_2.png|teee        eeeeerrrreeeeettttte   neeeee
/data3fast/users/mbermudez/de_03/TFGDataset/img/train_t2_0458.png|dii     nn        sssshhhh   l      eeeeeeeeeeeeesssssss
/data3fast/users/mbermudez/de_03/TFGDataset/img/train_t2_1462_2.png|anneeerehhhhheeeeeeee nnn     eeeeennnn  sss
/data3fast/users/mbermudez/de_03/TFGDataset/img/train_t2_1293_0.png|llee      eeeeee    nu  eeeee        eeesseeee
/data3fast/users/mbermudez/de_03/TFGDataset/img/train_t2_0709_0.png|deer eeeeeeeeeeee    aaaals tttt           eeeeee
/data3fast/users/mbermudez/de_03/TFGDataset/img/train_t2_0035_1.png|derr  ********            eeeeeeeett    eeeere
/data3fast/users/mbermudez/de_03/TFGDataset/img/train_t2_0344_0.png|nnnee  aaa a sssshhh    nnnnnn eelllhhe    d
/data3fast/users/mbermudez/de_03/TFGDataset/img/train_t2_0868_2.png|undddd            eeeeheeeehhssseeeee 
/data3fast/users/mbermudez/de_03/TFGDataset/img/train_t2_1050_1.png|weee         st    ddeeeeeeeeeee   eeeeeeeeeee
/data3fast/users/mbermudez/de_03/TFGDataset/img/train_t2_1193.png|woneeeeeee    ssssss        sseeeeeeeessss          d
/data3fast/users/mbermudez/de_03/TFGDataset/img/train_t2_0737_2.png|dee           icchhhhllleeeeeeee ii nn
/data3fast/users/mbermudez/de_03/TFGDataset/img/train_t2_0760_1.png|unn eeer  aaaahh  aallllleeeeeeeeee
/data3fast/users/mbermudez/de_03/TFGDataset/img/train_t2_1494_0.png|eess   eeeeeeeeessss    n  eeelllllleeeee   reeeeeee
/data3fast/users/mbermudez/de_03/TFGDataset/img/train_t2_0372_0.png|derrttteeeeeee  ssss        aalllleeeeeeeeeet
/data3fast/users/mbermudez/de_03/TFGDataset/img/train_t2_1416_0.png|diitieeeeeeeee     d n    n   aaaaa    eeeee
/data3fast/users/mbermudez/de_03/TFGDataset/img/train_t2_0976.png|ssssssaaaaaaas llllllhhhh  niiiii   eeeeessseeee d
/data3fast/users/mbermudez/de_03/TFGDataset/img/train_t2_1285_2.png|dd    eeeeeeeeeeeeeeeeeeeee      lllleeeeee  *******enneee
/data3fast/users/mbermudez/de_03/TFGDataset/img/train_t2_0433_1.png|geeeeeeeeeeer  r    ahhhhee      icchhh    n
/data3fast/users/mbermudez/de_03/TFGDataset/img/train_t2_1401.png|in   eessshhhhhhhhee  ddeeeeerrr   n   nnuee
/data3fast/users/mbermudez/de_03/TFGDataset/img/train_t2_0243_0.png|aacheeeeeee  uuuhheeeeeNhhhh  eeeeeeee      eeeeee
/data3fast/users/mbermudez/de_03/TFGDataset/img/train_t2_0500_2.png|geeeeeeeeehhhhhhhnnnnn ee      assseeeeett
/data3fast/users/mbermudez/de_03/TFGDataset/img/train_t2_0238_0.png|de   lllhhhhhheeNeeee ssssss a     eeeeeeeeeeed
/data3fast/users/mbermudez/de_03/TFGDataset/img/train_t2_0380_1.png|geesssst                 sssssssss  eeeeeeeee ee
/data3fast/users/mbermudez/de_03/TFGDataset/img/train_t2_0053_0.png|assss       sssss              eee**   tttssssss
/data3fast/users/mbermudez/de_03/TFGDataset/img/train_t2_0002_1.png|mi    eeeeeeee     aaaauu sssssttt   e
/data3fast/users/mbermudez/de_03/TFGDataset/img/train_t2_0764_2.png|nnnneeeeeennllllll        hhee n        hhhhhuu
/data3fast/users/mbermudez/de_03/TFGDataset/img/train_t2_0008_1.png|oddd     nnnnnn eeeeeee   ee*   ttsseeeee  ddd 
/data3fast/users/mbermudez/de_03/TFGDataset/img/train_t2_1036.png|hhheeeeeesssss       eeeeeessstt       eeeeeeeee
/data3fast/users/mbermudez/de_03/TFGDataset/img/train_t2_0994_2.png|drtttt        ssss    **       eeshhheeeeeeennn
/data3fast/users/mbermudez/de_03/TFGDataset/img/train_t2_0637_2.png|bsss  aa         ttttennneeeeeesssss       eeeeeee
/data3fast/users/mbermudez/de_03/TFGDataset/img/train_t2_1143.png|eeee   ll         ii  i .             tttttttttt
/data3fast/users/mbermudez/de_03/TFGDataset/img/train_t2_1289_1.png|fffe    rereeeeeeeeeee  eeeeeeeeeeeeeeee ett      aa
/data3fast/users/mbermudez/de_03/TFGDataset/img/train_t2_1054_0.png|wlllll    hhh   dddreeeee     sssss   eeeeee
/data3fast/users/mbermudez/de_03/TFGDataset/img/train_t2_1445_2.png|nsseee       nnnaau  ddeeeehhhhh   dddddd
/data3fast/users/mbermudez/de_03/TFGDataset/img/train_t2_0460_1.png|beeeeee      sssss  uuu   uuu     eeeee
/data3fast/users/mbermudez/de_03/TFGDataset/img/train_t2_0448_2.png|gee        rrrtteeeeeeelllllleee  ddddeeeeee
/data3fast/users/mbermudez/de_03/TFGDataset/img/train_t2_0571_2.png|bbeeee  ssssseeeee nnn  eeeeeellllllll  nnnn
/data3fast/users/mbermudez/de_03/TFGDataset/img/train_t2_0147.png|ttteeee    aa   deeeeeeeescchhh nnnnn     e
/data3fast/users/mbermudez/de_03/TFGDataset/img/train_t2_0985_0.png|derrreeeeeeeeee   **n     sssallllllhhhhhhhhhhhhhhh
/data3fast/users/mbermudez/de_03/TFGDataset/img/train_t2_0782_0.png|innneeeeecceeeeeeeeeeeeeeee    n   eeeeeeee
/data3fast/users/mbermudez/de_03/TFGDataset/img/train_t2_1251_0.png|beeeee   aaa eeeeeeeee      eeeeeeeeeeee
/data3fast/users/mbermudez/de_03/TFGDataset/img/train_t2_0929.png|ttt  ddd  ssssssse        i iiliinnnnnnnnnnnd
/data3fast/users/mbermudez/de_03/TFGDataset/img/train_t2_0638_0.png|hhheeeeeeeeeeeeeeeeeeee  hhhhhh           a   eee
/data3fast/users/mbermudez/de_03/TFGDataset/img/train_t2_1076.png|gggeeeeesssssssss           uuuuueeee neeeeeeee     
/data3fast/users/mbermudez/de_03/TFGDataset/img/train_t2_1317_2.png|daseeeeeeeeeeee     tt      tttsseeeeee   nnn
/data3fast/users/mbermudez/de_03/TFGDataset/img/train_t2_0118.png|iiihhhhhhaaaaau     rrrreeeeehhh     eeeeeeeeee
/data3fast/users/mbermudez/de_03/TFGDataset/img/train_t2_0318.png|dee      e  ddd   a sstt      tttt nnneee
/data3fast/users/mbermudez/de_03/TFGDataset/img/train_t2_0187.png|derr reeeeeeeeeeee      s s eeeeeeellllll   eeee   e
/data3fast/users/mbermudez/de_03/TFGDataset/img/train_t2_1443_0.png|aahh  e           eeeeeeeee* ********     lllll  eeee
/data3fast/users/mbermudez/de_03/TFGDataset/img/train_t2_0360_0.png|aaasaaaaaaaaa asssaa  ssseeeeeeeeee         a ahh
/data3fast/users/mbermudez/de_03/TFGDataset/img/train_t2_0308_2.png|drrttttt    n  eeeeeeeeeeeeehhh      eeeeeett
/data3fast/users/mbermudez/de_03/TFGDataset/img/train_t2_0777_0.png|dee Neeee    dd eee     nnlllnnnneeeeeeeeeee
/data3fast/users/mbermudez/de_03/TFGDataset/img/train_t2_0783_0.png|eerttttte nnnnnnn  ssssseeeeeehhh     eeeeee
/data3fast/users/mbermudez/de_03/TFGDataset/img/train_t2_0958.png|de      eeeeeeessstthtt   assss   nn deeeeeeeees
/data3fast/users/mbermudez/de_03/TFGDataset/img/train_t2_0826_1.png|iir   sssstttttttttt                eereeeeeeeeeeee  nu
/data3fast/users/mbermudez/de_03/TFGDataset/img/train_t2_0211.png|aa d  eeee     aaa hhelllllllll  sss       nn
/data3fast/users/mbermudez/de_03/TFGDataset/img/train_t2_1140_1.png|weeeee   nnnnnnnneeee    n     iitttee
/data3fast/users/mbermudez/de_03/TFGDataset/img/train_t2_0912_1.png|oo       eeeeeeeeennnnnnneeeeeeeehhh eeeee     hhh
/data3fast/users/mbermudez/de_03/TFGDataset/img/train_t2_0397_2.png|ble  dddd  deeeeeeeeeeeeeeeeee  ssssstttt
/data3fast/users/mbermudez/de_03/TFGDataset/img/train_t2_0114_2.png|diirrhhhhhhh   nnddeeeeeeeeeeeehhhh   eeeehhl
/data3fast/users/mbermudez/de_03/TFGDataset/img/train_t2_0857_2.png|dee       sssaaa     eee ttttt t heeeeeeesssssss
/data3fast/users/mbermudez/de_03/TFGDataset/img/train_t2_1352.png|derreeeeeeeeeeeeeeeeeeeeeeeeeeeee         uaaaaauu
/data3fast/users/mbermudez/de_03/TFGDataset/img/train_t2_0045.png|sssaaaa        ieeeee        lleehhhhennnnnnnnni
/data3fast/users/mbermudez/de_03/TFGDataset/img/train_t2_0872_1.png|mii    e lllsss  dd  eeeeeeee  nn        ssssss
/data3fast/users/mbermudez/de_03/TFGDataset/img/train_t2_1321_0.png|sseettteeeeeeeeeeeeeeeeeeeeess       n nnn   nn
/data3fast/users/mbermudez/de_03/TFGDataset/img/train_t2_1339_1.png|ttt    ndaaaaaaa      aaahhhh  llhhh    nnnnn
/data3fast/users/mbermudez/de_03/TFGDataset/img/train_t2_0405_2.png|weennnnnnnnneeeeeeeeeeeeeeeeeee   *ee
/data3fast/users/mbermudez/de_03/TFGDataset/img/train_t2_0713_1.png|#  e
/data3fast/users/mbermudez/de_03/TFGDataset/img/train_t2_0604_2.png|cchheeeeeeeeeeeiit   .
/data3fast/users/mbermudez/de_03/TFGDataset/img/train_t2_0583.png|aaee             nn llllsssthhhhheeeeelllllleeee
/data3fast/users/mbermudez/de_03/TFGDataset/img/train_t2_1380_2.png|inn eeeeeeeeeeeee*********tttssss     a  aa sssslledde
/data3fast/users/mbermudez/de_03/TFGDataset/img/train_t2_0720.png|in  esseeeettttti  nnnn      leeeeeeeeee ss  sssllllse
/data3fast/users/mbermudez/de_03/TFGDataset/img/train_t2_1022_2.png|de   eeeeeeeeee       ssseeeeeeeeeeeeeeeennn
/data3fast/users/mbermudez/de_03/TFGDataset/img/train_t2_1159_1.png|zuu          aaaaaaaa   eeeeeeeeeuuuuueeeeeee
/data3fast/users/mbermudez/de_03/TFGDataset/img/train_t2_0008_2.png|oddd      nnnnnhteeeee    iiit  e tseeeee    
/data3fast/users/mbermudez/de_03/TFGDataset/img/train_t2_1136_2.png|geeeee    nn  dd        aa      eeeeeeeeeees
/data3fast/users/mbermudez/de_03/TFGDataset/img/train_t2_0336_0.png|chhe      erret       aaa eeeeeeeeer     aatt
/data3fast/users/mbermudez/de_03/TFGDataset/img/train_t2_0833_0.png|oeeeeesssssshh eeeeeeeeeeeee  aa           iiiiiitt
/data3fast/users/mbermudez/de_03/TFGDataset/img/train_t2_0935_2.png|ttee     eeehhhh      eeeestttthhhhh   eeeee
/data3fast/users/mbermudez/de_03/TFGDataset/img/train_t2_0122_0.png|uu eeeeeeeeeeeeeeeeeeeeeeeeNNgeeeeeeeeeee     eee
/data3fast/users/mbermudez/de_03/TFGDataset/img/train_t2_1324_2.png|chhss    eeeee    **           lllleeee        dddde
/data3fast/users/mbermudez/de_03/TFGDataset/img/train_t2_1390_1.png|nnnn            deeeesstchh           a   eeeleeeeee
/data3fast/users/mbermudez/de_03/TFGDataset/img/train_t2_0560_1.png|allllelhe h  aaasschlhhhh nnnittttt  nneeeeeeeee
/data3fast/users/mbermudez/de_03/TFGDataset/img/train_t2_1107_1.png|# ee
/data3fast/users/mbermudez/de_03/TFGDataset/img/train_t2_0936_0.png|dnnn      sttttttttt        eeeeeeeeiittt  nn eeeee
/data3fast/users/mbermudez/de_03/TFGDataset/img/train_t2_0547_1.png|iiihhhsstthtttteeeeeeeee       r hhhhhheee ennnnnneee
/data3fast/users/mbermudez/de_03/TFGDataset/img/train_t2_0886_2.png|nnnn  ee       ttttthheeeeeeeee    cffunnnnnnn
/data3fast/users/mbermudez/de_03/TFGDataset/img/train_t2_1087_0.png|eessssssNNNN e eee   eee    ddd  aaaaa   d e
/data3fast/users/mbermudez/de_03/TFGDataset/img/train_t2_0377_0.png|dasss  ttttss s  aa     eeeeeeeessss    eeeeett
/data3fast/users/mbermudez/de_03/TFGDataset/img/train_t2_0372_2.png|drrrr eeeeeeee   llsee     aaallllllleeeeeeet
/data3fast/users/mbermudez/de_03/TFGDataset/img/train_t2_1400_2.png|beee     
/data3fast/users/mbermudez/de_03/TFGDataset/img/train_t2_0568_1.png|cheeeee   sssssssaa        iiieeeeeeee   eeete
/data3fast/users/mbermudez/de_03/TFGDataset/img/train_t2_0971.png|lllhh    llllllhhhhhhhhhiiinnnn   iieeelliiii
/data3fast/users/mbermudez/de_03/TFGDataset/img/train_t2_0750_0.png|rreeee           ** .*ttt      ee**** sssss      eeeeee
/data3fast/users/mbermudez/de_03/TFGDataset/img/train_t2_0735_2.png|fffn     ttt  
/data3fast/users/mbermudez/de_03/TFGDataset/img/train_t2_1360_1.png|geesssssssseeee eeee     nnnnnnneeeeeeeeeeeeee
/data3fast/users/mbermudez/de_03/TFGDataset/img/train_t2_0650_0.png|allleeeeeeeeeeeeeeeeeeeeee nn        lh        ssshhhh
/data3fast/users/mbermudez/de_03/TFGDataset/img/train_t2_1366_0.png|beeeeeee  n eeeeeee        dd    iiii***    nnnneeeee
/data3fast/users/mbermudez/de_03/TFGDataset/img/train_t2_1187.png|annnn   eeee ess   aaaa   llhhhheee            ttttt
/data3fast/users/mbermudez/de_03/TFGDataset/img/train_t2_0328_0.png|drrtttttttt  
/data3fast/users/mbermudez/de_03/TFGDataset/img/train_t2_1101_2.png|diitseeeeellllle ddd    hhheeee  aaaaa  ee
/data3fast/users/mbermudez/de_03/TFGDataset/img/train_t2_0858_1.png|unndddd   eeeesesssseeeeeeeeeeee  ddssss
/data3fast/users/mbermudez/de_03/TFGDataset/img/train_t2_0501.png|geesssssssssssss     n   ieeee ee eeeelleheeeeNNNNN
/data3fast/users/mbermudez/de_03/TFGDataset/img/train_t2_0743_0.png|auu      ennnnnnddeeeeeeeedeeeeeeeeeeeeeeee
/data3fast/users/mbermudez/de_03/TFGDataset/img/train_t2_0237_1.png|asssss 
/data3fast/users/mbermudez/de_03/TFGDataset/img/train_t2_1421_1.png|sssshhhhhttt     ...
/data3fast/users/mbermudez/de_03/TFGDataset/img/train_t2_0626.png|dee  nnnnnnnn     ttt     ddd    eeeeeeeeeee
/data3fast/users/mbermudez/de_03/TFGDataset/img/train_t2_0390_0.png|sssseeeeeeeeeeeelllhhhhhhh   ssseeeee   dd  eeeeee
/data3fast/users/mbermudez/de_03/TFGDataset/img/train_t2_1055.png|sseeee     aalll     itttieeeessssssss
/data3fast/users/mbermudez/de_03/TFGDataset/img/train_t2_0826_0.png|iir    sssstttttttt             e    eeerreeeeeeeee    nnnnn
/data3fast/users/mbermudez/de_03/TFGDataset/img/train_t2_0311_0.png|annn  tttteeee    hheeeeeee   aaa sseeeeeee   nnn
/data3fast/users/mbermudez/de_03/TFGDataset/img/train_t2_0401_1.png|geee   nnnnnnnntnnn n eeeeeeesssscchh  eeeee
/data3fast/users/mbermudez/de_03/TFGDataset/img/train_t2_0715_2.png|mm     unnnnnnnnneeeeeeereedd         hhhnnn
/data3fast/users/mbermudez/de_03/TFGDataset/img/train_t2_0797_0.png|weeee  cccchh  nn ddereeeeeee        nnnnnnn
/data3fast/users/mbermudez/de_03/TFGDataset/img/train_t2_0850_0.png|eeeelthheeeeeee   nu eeeeeee     
/data3fast/users/mbermudez/de_03/TFGDataset/img/train_t2_0107.png|deesseeeeee     iiiiiiinneeeeeee   rrrer ri
/data3fast/users/mbermudez/de_03/TFGDataset/img/train_t2_1166_2.png|dee    eeeeee    a    eeeeeeseee         seeeeeehhh  ssss
/data3fast/users/mbermudez/de_03/TFGDataset/img/train_t2_0446_2.png|derr          d         *******nn  ssee     llll  eee
/data3fast/users/mbermudez/de_03/TFGDataset/img/train_t2_0971_2.png|alsl    llllllaahhhh ii         l  eeeiiiiiiinnnn
/data3fast/users/mbermudez/de_03/TFGDataset/img/train_t2_0779.png|wweeee      d   seelllchhiiiennn    ssssseeeeeeeee
/data3fast/users/mbermudez/de_03/TFGDataset/img/train_t2_0721_2.png|*ee     aaashhhh    sssseeeee  llss         eeeeeen
/data3fast/users/mbermudez/de_03/TFGDataset/img/train_t2_0937.png|bbeeeeeeese   d   aa heeeeeeeeeee    nau
/data3fast/users/mbermudez/de_03/TFGDataset/img/train_t2_0768.png|aaae  eeeeeeeerr hhhhh     
/data3fast/users/mbermudez/de_03/TFGDataset/img/train_t2_1156.png|seeNNNNeeeehhhhhh   uueeeeeeddd       ttttt     ddd
/data3fast/users/mbermudez/de_03/TFGDataset/img/train_t2_1389_1.png|beee               hhhhhheeeeeennnnnnntttt
/data3fast/users/mbermudez/de_03/TFGDataset/img/train_t2_1169.png|derrrreeee nnn    tt n    eeeeeee   aaaaaa   uuee
/data3fast/users/mbermudez/de_03/TFGDataset/img/train_t2_0360_2.png|alss aaaaaassssssa  asssssseeeeeehhee     ss  aaaaa
/data3fast/users/mbermudez/de_03/TFGDataset/img/train_t2_1170_1.png|oon  eeeessttt        nnnnnnn ii  nnn  lll
/data3fast/users/mbermudez/de_03/TFGDataset/img/train_t2_0783_1.png|eettthhhl eeennnnn     sssssseeee h  a  uueeeeee
/data3fast/users/mbermudez/de_03/TFGDataset/img/train_t2_1006_2.png|drrr    eeeennaaaa     eeeleelll     d d     ee
/data3fast/users/mbermudez/de_03/TFGDataset/img/train_t2_0225_0.png|lliieeee  eeeeeeeeeeeeehhhtt          reeee
/data3fast/users/mbermudez/de_03/TFGDataset/img/train_t2_1089.png|iii  eeeeeeeeeeeechhhh ee eeeeeleleeeNllllssee  edddee
/data3fast/users/mbermudez/de_03/TFGDataset/img/train_t2_0723.png|geee  nn    llliiii      nnnn        eeee
/data3fast/users/mbermudez/de_03/TFGDataset/img/train_t2_1327.png|eeN      aaalll s eeeeeeeeee   dd      lllsssaauu
/data3fast/users/mbermudez/de_03/TFGDataset/img/train_t2_0181_0.png|seNNNN    eheeeeeeeettt      eeeuuu  eeeeee
/data3fast/users/mbermudez/de_03/TFGDataset/img/train_t2_0879_1.png|iss  eeeeeeeeeeerrrredeee   eeennnnn*e****
/data3fast/users/mbermudez/de_03/TFGDataset/img/train_t2_0443_1.png|de      ttttseeeeettt  nnnne    essssssssshh
/data3fast/users/mbermudez/de_03/TFGDataset/img/train_t2_0199_2.png|wwlleeeeeeeeeee dddddeeeesssee ee thhhhhh
/data3fast/users/mbermudez/de_03/TFGDataset/img/train_t2_0746_1.png|geeeee    uueeeeeeeee        lllllsssssh h   eee
/data3fast/users/mbermudez/de_03/TFGDataset/img/train_t2_1329.png|schhhttttttttt  ***  ieieggge               sseee
/data3fast/users/mbermudez/de_03/TFGDataset/img/train_t2_0407_2.png|uu  eeeeeeeee   llii      lsshh   edd rrscchhhh
/data3fast/users/mbermudez/de_03/TFGDataset/img/train_t2_1410_2.png|undd      eeeee            ttttttetttttttt    
/data3fast/users/mbermudez/de_03/TFGDataset/img/train_t2_1353_1.png|ggeen      sssssssssseeeeeeeeee ueeeeeeeeeeeeeeeee
/data3fast/users/mbermudez/de_03/TFGDataset/img/train_t2_0535_0.png|meee          ...lllllii  dd     llleeeeee nnn
/data3fast/users/mbermudez/de_03/TFGDataset/img/train_t2_0531_2.png|diesssssseesssshhhhhh  nnnnnnnnnnnnn   leeeeeee
/data3fast/users/mbermudez/de_03/TFGDataset/img/train_t2_0571_0.png|bbeeee  e  sseeeeeenn   eeeeeelllllllnnnnnnnee
/data3fast/users/mbermudez/de_03/TFGDataset/img/train_t2_0459.png|ste  nnnuuannnn    iiiiieeeeeiiieeennaaaa  eeeee
/data3fast/users/mbermudez/de_03/TFGDataset/img/train_t2_1499.png|see   aaaaaa    eeeeeeeeessss      chhhhhtt     lllll
/data3fast/users/mbermudez/de_03/TFGDataset/img/train_t2_1369.png|beeeeeeee  nnn   ttchh   d  eeeeeennnnnn
/data3fast/users/mbermudez/de_03/TFGDataset/img/train_t2_0524.png|vrreeeeee   ndddeeeeeee    
/data3fast/users/mbermudez/de_03/TFGDataset/img/train_t2_0652_1.png|geeaaaaalll   e     hcchh          iittt
/data3fast/users/mbermudez/de_03/TFGDataset/img/train_t2_0395_1.png|das s          eeitttttthhhheeeeelll  aaaaaass
/data3fast/users/mbermudez/de_03/TFGDataset/img/train_t2_0286_1.png|# 
/data3fast/users/mbermudez/de_03/TFGDataset/img/train_t2_0835_1.png|de             a  eee nn    ieeetttt     a     heee
/data3fast/users/mbermudez/de_03/TFGDataset/img/train_t2_0952_1.png|bss        eeeeeeeeeeeeetttt    ddd         dd rrr
/data3fast/users/mbermudez/de_03/TFGDataset/img/train_t2_0715.png|mm   aauunnnnnnneeeeeeeedd  d     rrthhhhe
/data3fast/users/mbermudez/de_03/TFGDataset/img/train_t2_1302_2.png|geee     nnna  chinnngeeeennnndd e e     eeeeee
/data3fast/users/mbermudez/de_03/TFGDataset/img/train_t2_1402.png|wwl     dd     tcccssssss      lllllhhheeeeenn
/data3fast/users/mbermudez/de_03/TFGDataset/img/train_t2_1307.png|hheeeeeeee   dd  d  eeeeeeeeettt       eeeeeeee
/data3fast/users/mbermudez/de_03/TFGDataset/img/train_t2_1421.png|ssshhhhhhhhhh   ...
/data3fast/users/mbermudez/de_03/TFGDataset/img/train_t2_0398_0.png|mi     ee  ssss  dd    ttttsssss l  eeeeessss
/data3fast/users/mbermudez/de_03/TFGDataset/img/train_t2_0295_1.png|geeehhttt     nnnneeee       eeeeee  aaa
/data3fast/users/mbermudez/de_03/TFGDataset/img/train_t2_0288.png|iinnnnnnnn    lleeeeee   nneeeeeeeeeellllee ee    n
/data3fast/users/mbermudez/de_03/TFGDataset/img/train_t2_0930_2.png|chhheeeeNssss          heeeeeeeegeeeeeeeeeeeeeNNsssss
/data3fast/users/mbermudez/de_03/TFGDataset/img/train_t2_1090_1.png|eeettttttt ..
/data3fast/users/mbermudez/de_03/TFGDataset/img/train_t2_0655.png|wiessssssshhhhhhhtt  nnn  eeeee     aass
/data3fast/users/mbermudez/de_03/TFGDataset/img/train_t2_1121_2.png|wlllll        nn iiiieeeeeeeeeeennnnnnneeenn  sssss
/data3fast/users/mbermudez/de_03/TFGDataset/img/train_t2_1420_2.png|tt   eeeeeeeeshhhh     ni llll  sss             aee
/data3fast/users/mbermudez/de_03/TFGDataset/img/train_t2_1342_0.png|aanneeeee              eeee  llll  ddeeeeee aa
/data3fast/users/mbermudez/de_03/TFGDataset/img/train_t2_1411.png|ii      eeeeeeeeeeeeee ddd      eeeeet
/data3fast/users/mbermudez/de_03/TFGDataset/img/train_t2_0903.png|nneee tttttt nn  eeeeeeeeeeeeeenneen eeeeeess
/data3fast/users/mbermudez/de_03/TFGDataset/img/train_t2_0294_2.png|auuu            sss aa hhheeeheeeeen nn     ss
/data3fast/users/mbermudez/de_03/TFGDataset/img/train_t2_1080.png|veeerrr        ssssshhhllla      dd   erett
/data3fast/users/mbermudez/de_03/TFGDataset/img/train_t2_0414_2.png|geee          ehhhhhhhcsshcit    nn nn   ss    eeeeeee
/data3fast/users/mbermudez/de_03/TFGDataset/img/train_t2_0023_1.png|geeettththheeeeeeeeelllliiinnnnn   dddeeeeeeeeeeeeee
/data3fast/users/mbermudez/de_03/TFGDataset/img/train_t2_0938_1.png|wweeeeettttt
/data3fast/users/mbermudez/de_03/TFGDataset/img/train_t2_0451_0.png|lleeeeeeeeeeeeeeetthhhh        sssll      ddd
/data3fast/users/mbermudez/de_03/TFGDataset/img/train_t2_0096_1.png|aae     aaaaahh   dddd    deeeeeee   aaaa
/data3fast/users/mbermudez/de_03/TFGDataset/img/train_t2_0856_2.png|irreeeeeeeeeeeennnnneeee eedeeessseeeeeeeeeeeeeNNNN
/data3fast/users/mbermudez/de_03/TFGDataset/img/train_t2_0007_1.png|ee    nnnnnnnnneeeee     eeeeeee   ssseeeeee
/data3fast/users/mbermudez/de_03/TFGDataset/img/train_t2_0499.png|see  nnnnn        ss s hhhhhhhhhhhhh      nnnnni
/data3fast/users/mbermudez/de_03/TFGDataset/img/train_t2_0528_2.png|rrrrrereeeee tttttsssseeeeeeeee ttt    aaas
/data3fast/users/mbermudez/de_03/TFGDataset/img/train_t2_0006.png|dasssssss         *n nn    s uuuueeeeeeeeerrrrrrrreeell
/data3fast/users/mbermudez/de_03/TFGDataset/img/train_t2_0761_1.png|geernnnnnn    t....
/data3fast/users/mbermudez/de_03/TFGDataset/img/train_t2_0870.png|mss    eeeeeeeehhhhh aaaaaaaa a a eeeeeeeeee
/data3fast/users/mbermudez/de_03/TFGDataset/img/train_t2_1439_0.png|teeeeeee ssssssss  iiiihhhhhhhhhh    deeeee
/data3fast/users/mbermudez/de_03/TFGDataset/img/train_t2_1150_1.png|nen   n         eeeeeelhhh    dddeeee   aa
/data3fast/users/mbermudez/de_03/TFGDataset/img/train_t2_1496.png|oonn  eeeeee nnnnnnn        eeeeee
/data3fast/users/mbermudez/de_03/TFGDataset/img/train_t2_0214_1.png|aalnnee        eeeeedddee   eeeeettseeeeessss  ss ee
/data3fast/users/mbermudez/de_03/TFGDataset/img/train_t2_0987_1.png|# d
/data3fast/users/mbermudez/de_03/TFGDataset/img/train_t2_0805_1.png|iirelllll       deeeeeeeeees           e       
/data3fast/users/mbermudez/de_03/TFGDataset/img/train_t2_1406_1.png|derssscchh           eeelllll  ssachhh     eeeeeeh
/data3fast/users/mbermudez/de_03/TFGDataset/img/train_t2_0454_0.png|chhe        eeeeeeeeeee           d  d      n
/data3fast/users/mbermudez/de_03/TFGDataset/img/train_t2_1212_1.png|eee     sssss       eeeeeeeeeeeeeee eeeeeee
/data3fast/users/mbermudez/de_03/TFGDataset/img/train_t2_0250_1.png|tlleeeettttttt     dd  sssseeeeeeee       lllllll
/data3fast/users/mbermudez/de_03/TFGDataset/img/train_t2_0177_0.png|derecclhllh  a   eeesshhtt   ddd      aaaahhhhhh
/data3fast/users/mbermudez/de_03/TFGDataset/img/train_t2_0568_2.png|cheeeee   sssaaaa      rtttieeeee      eett
/data3fast/users/mbermudez/de_03/TFGDataset/img/train_t2_1023_2.png|deeeeeeeeeeedddeeeeeeeeeeeeiitt     dddd
/data3fast/users/mbermudez/de_03/TFGDataset/img/train_t2_0958_2.png|de       neeeeessshhh     sss     nnn  eeeeeeeeee
/data3fast/users/mbermudez/de_03/TFGDataset/img/train_t2_0079_1.png|mt    eeeeehheNssss             iiilll  nn  eeeee
/data3fast/users/mbermudez/de_03/TFGDataset/img/train_t2_0459_0.png|ss      aaa    nn   iiiieeeeeeeeeee  aaaaa   eeeee
/data3fast/users/mbermudez/de_03/TFGDataset/img/train_t2_0256_1.png|ttt    nnneeeeeeeeeeeeeelsssss     nnnnee
/data3fast/users/mbermudez/de_03/TFGDataset/img/train_t2_0299.png|nnnuaaa ssseeeeeeeeeeehhheeee        nneeeeeee
/data3fast/users/mbermudez/de_03/TFGDataset/img/train_t2_0856_0.png|rrrrreeeeeeeennnnneeeeeeeeeeeeeeeeeeeeeeeeeeeeNNNNNN
/data3fast/users/mbermudez/de_03/TFGDataset/img/train_t2_0871_1.png|geeeeeeee      aaa     dddd                ellll
/data3fast/users/mbermudez/de_03/TFGDataset/img/train_t2_1145.png|fffeeeeeee   d dd   ssseeeeee    aaa     eeeees
/data3fast/users/mbermudez/de_03/TFGDataset/img/train_t2_0725_2.png|dii  ll    eeeeeeeee           ssssshheeeee
/data3fast/users/mbermudez/de_03/TFGDataset/img/train_t2_0021_2.png|aalheeeee    rrreeiieeee   eerrrrrrre
/data3fast/users/mbermudez/de_03/TFGDataset/img/train_t2_0922_1.png|chheeeeeeeees uuuuuuuuaa a llchhhhh lllllllss
/data3fast/users/mbermudez/de_03/TFGDataset/img/train_t2_0540_2.png|##
/data3fast/users/mbermudez/de_03/TFGDataset/img/train_t2_0417_0.png|sttttt      sssss    sssssss  aa a   elleeeeeee    **..
/data3fast/users/mbermudez/de_03/TFGDataset/img/train_t2_1387_0.png|tt***** eeeeeeeeeeee    ashllllaaa    sssseeeeeeeeetee
/data3fast/users/mbermudez/de_03/TFGDataset/img/train_t2_0531_1.png|diessssssssssshhhhhh    nnnnn          lleeeee
/data3fast/users/mbermudez/de_03/TFGDataset/img/train_t2_0279_2.png|dee  ennnnnnn  aa     rreeeii   rrr      ahhh
/data3fast/users/mbermudez/de_03/TFGDataset/img/train_t2_1252_1.png|derrllleeeee  eettttthhhhhtttt     eeeeeeeeennnnn
/data3fast/users/mbermudez/de_03/TFGDataset/img/train_t2_0014_0.png|ii  eeeeseestttt           eeeehhhhee   hh uuuuuu
/data3fast/users/mbermudez/de_03/TFGDataset/img/train_t2_0473_1.png|geee t       
/data3fast/users/mbermudez/de_03/TFGDataset/img/train_t2_0512_1.png|aaalllll    eeeeeee d   d  eeeeee     eeleeeeeeee
/data3fast/users/mbermudez/de_03/TFGDataset/img/train_t2_1256_2.png|nneeee   e           eeeeeee        e eennnnnneeee
/data3fast/users/mbermudez/de_03/TFGDataset/img/train_t2_0958_0.png|de     nnneeeeeeetttthh      sss    nn  eeeeeeeN
/data3fast/users/mbermudez/de_03/TFGDataset/img/train_t2_0492.png|rrrrrreeeeeeiiii  cchhhhh  eeeet ii leeeeieeeeneee
/data3fast/users/mbermudez/de_03/TFGDataset/img/train_t2_0975_1.png|hh  dddd          r ehhhhh   dsssss   tttt
/data3fast/users/mbermudez/de_03/TFGDataset/img/train_t2_0374.png|aaa      eehhhhhhhaueeeeeeeeee          ssssss
/data3fast/users/mbermudez/de_03/TFGDataset/img/train_t2_0166_2.png|de   lleeeee    aa         eeeeeeeeeeeeee      aaa
/data3fast/users/mbermudez/de_03/TFGDataset/img/train_t2_1243_0.png|geeeeeseeeeeeee         eeeeeeeeee eeeeeeeeetttte
/data3fast/users/mbermudez/de_03/TFGDataset/img/train_t2_1143_2.png|eeee hh    ee      eiiii        aa nnttttttt
/data3fast/users/mbermudez/de_03/TFGDataset/img/train_t2_0470_1.png|wweeeettttt
/data3fast/users/mbermudez/de_03/TFGDataset/img/train_t2_0854.png|bbeees  eeeee   hhheeeertttthhhheeeeeellee        
/data3fast/users/mbermudez/de_03/TFGDataset/img/train_t2_1164_2.png|err uuuuuuueeeeeeeeeeeeeneeeeeeeeeeeee ssleeeee
/data3fast/users/mbermudez/de_03/TFGDataset/img/train_t2_1313_1.png|aa      sss  ee e    ddd    llllllllllliiee eeeesss
/data3fast/users/mbermudez/de_03/TFGDataset/img/train_t2_1388_1.png|bellcchhts    eeeee                  uuu dddee
/data3fast/users/mbermudez/de_03/TFGDataset/img/train_t2_0027_2.png|err  aannnnneee  nnnnttttee sssss
/data3fast/users/mbermudez/de_03/TFGDataset/img/train_t2_0053_2.png|assss        ssssssccl         eee**** eettttssss
/data3fast/users/mbermudez/de_03/TFGDataset/img/train_t2_1369_2.png|bbeeeeee  nnnd   tttt        eeeeennnnnnn
/data3fast/users/mbermudez/de_03/TFGDataset/img/train_t2_0559_2.png|nnn  eeeelllllssseeeeeee        eeeeelllll eeeeeee
/data3fast/users/mbermudez/de_03/TFGDataset/img/train_t2_1459_0.png|deeeeeeeeeeeeeeeeehhhhhhhlle   n  eeeeeeeeeeee 
/data3fast/users/mbermudez/de_03/TFGDataset/img/train_t2_0717.png|da   eeeeeeerr hhh  neeeeetttchhhh aaaaaallleeee
/data3fast/users/mbermudez/de_03/TFGDataset/img/train_t2_0929_2.png|tt   ddd  ssssss e       iillii nnn nn  dd
/data3fast/users/mbermudez/de_03/TFGDataset/img/train_t2_0910_1.png|waaa  eeeeeee      ssssss eeeeeeeeeeeeeeeenn
/data3fast/users/mbermudez/de_03/TFGDataset/img/train_t2_0060.png|ee   ddd    essssscheeelllhhhh    eeerr aaa
/data3fast/users/mbermudez/de_03/TFGDataset/img/train_t2_0196_0.png|teN         eeessseeee nnnnnn      aaallllll
/data3fast/users/mbermudez/de_03/TFGDataset/img/train_t2_1378_2.png|oeeee              tttt  aaaa      eeee  llllss
/data3fast/users/mbermudez/de_03/TFGDataset/img/train_t2_1133_1.png|ttt   aaa  d eeeeeneeeeeeeelll      iieeeeee
/data3fast/users/mbermudez/de_03/TFGDataset/img/train_t2_0981_2.png|ssst    sssss   seesssssssse    eeeeeeeee st    eeeeee
/data3fast/users/mbermudez/de_03/TFGDataset/img/train_t2_0246_2.png|iittt       nneeeee    eeeeleeeeeeeeee**
/data3fast/users/mbermudez/de_03/TFGDataset/img/train_t2_0893_0.png|tttttshchhhhh   ddd  rrrrhhh a  ssssseeeeeeeeehhh
/data3fast/users/mbermudez/de_03/TFGDataset/img/train_t2_1464_0.png|eeeee    s  nnn n n  ddd eeee eeeeeeichhhh aa
/data3fast/users/mbermudez/de_03/TFGDataset/img/train_t2_0006_1.png|dsssssss       ****nnnnn ss uuuu eeeeeeeee reeeeeeel
/data3fast/users/mbermudez/de_03/TFGDataset/img/train_t2_0113.png|iiiieeeeee  ttttt      d     hhh eeeeeeeeeeeeeeesss
/data3fast/users/mbermudez/de_03/TFGDataset/img/train_t2_0667_0.png|llleee  e    ee    stsschhh eeeeee    ddd eeeeeeeeee
/data3fast/users/mbermudez/de_03/TFGDataset/img/train_t2_0747.png|meehlll    n    eeeeeeeeeeeeeeeeeeeenn  aa
/data3fast/users/mbermudez/de_03/TFGDataset/img/train_t2_0934_0.png|dii   iiiillieeeeeeett     uuu  eeee
/data3fast/users/mbermudez/de_03/TFGDataset/img/train_t2_0108_1.png|dass eeeeeeeeeneeehhtte  eeneeeeeee       dnn
/data3fast/users/mbermudez/de_03/TFGDataset/img/train_t2_1326_2.png|soee     nnnnnnnn      d  eeeeeeeeeetttt      rrrr
/data3fast/users/mbermudez/de_03/TFGDataset/img/train_t2_0649.png|oo    lllaa     eeeee      hhhhlllllleeeeeeeee
/data3fast/users/mbermudez/de_03/TFGDataset/img/train_t2_1062_2.png|anneeeeeeeeeeeereeeeeeeeeeee   tttttcctttt       sss
/data3fast/users/mbermudez/de_03/TFGDataset/img/train_t2_0048_1.png|ooeeee       s teeeeeeeeeeeeeeeee  aaaaaa   eeeeeee
/data3fast/users/mbermudez/de_03/TFGDataset/img/train_t2_1255_1.png|leee dddd eeeeeeehhhhhhnnneneeneeeeeee    uuuudeee
/data3fast/users/mbermudez/de_03/TFGDataset/img/train_t2_0862_2.png|aasssse        aa lllllleeeeeeeeee     dddd
/data3fast/users/mbermudez/de_03/TFGDataset/img/train_t2_0479_1.png|eeeetellllllll    ddddrr           alllll
/data3fast/users/mbermudez/de_03/TFGDataset/img/train_t2_1490_1.png|urru     eeeeettt uuuu ddeeeerrrrie t ssssss
/data3fast/users/mbermudez/de_03/TFGDataset/img/train_t2_1310_1.png|weeeeeeeessssss   ddd    ttttee  tttll
/data3fast/users/mbermudez/de_03/TFGDataset/img/train_t2_1433_0.png|ihhh g       ddeeeeethhhhheeeeeeeee       essssssss
/data3fast/users/mbermudez/de_03/TFGDataset/img/train_t2_1263_1.png|gehhhhhht    u eeeeee     ii i i  i     dd eee
/data3fast/users/mbermudez/de_03/TFGDataset/img/train_t2_0987_2.png|# d
/data3fast/users/mbermudez/de_03/TFGDataset/img/train_t2_0494_0.png|wissse 
/data3fast/users/mbermudez/de_03/TFGDataset/img/train_t2_1297_2.png|aaeeeeeelllllllllsa a      assss        eeeeeeeee
/data3fast/users/mbermudez/de_03/TFGDataset/img/train_t2_0379.png|dii  eeeeeeeerr  aachhh             
/data3fast/users/mbermudez/de_03/TFGDataset/img/train_t2_0406_2.png|iit       llll i         sssllh     iiee
/data3fast/users/mbermudez/de_03/TFGDataset/img/train_t2_0361.png|#  d
/data3fast/users/mbermudez/de_03/TFGDataset/img/train_t2_0491_2.png|aarreeeeeeeehhhe   ddd aaass eeeeee  ee*******.
/data3fast/users/mbermudez/de_03/TFGDataset/img/train_t2_0817_2.png|dee           ee ihhhhh eeeeeeeeeeeeeeeeeeeee  llleeesesee
/data3fast/users/mbermudez/de_03/TFGDataset/img/train_t2_0580.png|auu hhhhhheeheeNNN    ssssssss   sssse       
/data3fast/users/mbermudez/de_03/TFGDataset/img/train_t2_0575_2.png|zz  eehhheee     aahh  ddeeeeeeeeeeeeeeeeeetttnn
/data3fast/users/mbermudez/de_03/TFGDataset/img/train_t2_0904.png|ee   lllllle nnngeeelleee  n   nnnn eeeeeeeeee
/data3fast/users/mbermudez/de_03/TFGDataset/img/train_t2_0361_1.png|#  e
/data3fast/users/mbermudez/de_03/TFGDataset/img/train_t2_1482_1.png|ooo n  n     ddeeeelleeeh      aa aallllllllll
/data3fast/users/mbermudez/de_03/TFGDataset/img/train_t2_1061.png|beeeeeecchhhhheeeNNuuuuneeeeeheeee         aass
/data3fast/users/mbermudez/de_03/TFGDataset/img/train_t2_1369_0.png|bbeeeeeee   n    tttts      eeeee nnnnnnnn
/data3fast/users/mbermudez/de_03/TFGDataset/img/train_t2_0500.png|geeeeeeeeeeehhhhh  nnnne   nnn     ssseeeet
/data3fast/users/mbermudez/de_03/TFGDataset/img/train_t2_0052_2.png|dii    i    nn   nttttsl  seee  sss lllleeeeeleeeeN  
/data3fast/users/mbermudez/de_03/TFGDataset/img/train_t2_0273_0.png|een   a   ddddeeeeeeeeett    uuud          eeeeeen
/data3fast/users/mbermudez/de_03/TFGDataset/img/train_t2_1077_0.png|sse     eritthhhheee     sss   h        sslllee
/data3fast/users/mbermudez/de_03/TFGDataset/img/train_t2_1114.png|iiiiil       eeeeeeeeeeeeee        n  nneeeeee    aaaa
/data3fast/users/mbermudez/de_03/TFGDataset/img/train_t2_0314_1.png|ttttt           tttssseeessssssse         
/data3fast/users/mbermudez/de_03/TFGDataset/img/train_t2_0947.png|maahhhh   nnnn          eeessst       ahh
/data3fast/users/mbermudez/de_03/TFGDataset/img/train_t2_0697.png|hh            e esseseeeeee      ee ee          ssll
/data3fast/users/mbermudez/de_03/TFGDataset/img/train_t2_0712_1.png|der aaaaaueeeeeeee      eeeeeeeeeellleeeN
/data3fast/users/mbermudez/de_03/TFGDataset/img/train_t2_1311_2.png|seeee    neeeeerreeehhhh   nn  eeeeeehhhhh  eeeeee
/data3fast/users/mbermudez/de_03/TFGDataset/img/train_t2_0176_1.png|ii       lllll           eeeeeee****   lllllleeeeee
/data3fast/users/mbermudez/de_03/TFGDataset/img/train_t2_0892_2.png|nnnn a ss      eeeeeessllleeeeeeeeeessssssseeeee
/data3fast/users/mbermudez/de_03/TFGDataset/img/train_t2_0151.png|shhh     a   eeeee   iiiiiii nnnnn   sssssssee
/data3fast/users/mbermudez/de_03/TFGDataset/img/train_t2_1430_0.png|der       e  aaahhsssss       d  lllll
/data3fast/users/mbermudez/de_03/TFGDataset/img/train_t2_0128.png|iii   eeeeeeii eeeiiih        eeeee    dd eeeee
/data3fast/users/mbermudez/de_03/TFGDataset/img/train_t2_0239_1.png|u    essseeeeeeee    .
/data3fast/users/mbermudez/de_03/TFGDataset/img/train_t2_1088_0.png|uunneeeessssseeeeeeennneee   c          s ttttuu
/data3fast/users/mbermudez/de_03/TFGDataset/img/train_t2_1488_0.png|uu  eeeeeeeeeeeeeett    ddrr          annnnnne
/data3fast/users/mbermudez/de_03/TFGDataset/img/train_t2_0973_2.png|eee       hhhhee           ttt  eeeeeeeeeeeeeeeeee
/data3fast/users/mbermudez/de_03/TFGDataset/img/train_t2_0606_0.png|weeeeeeeeeee      enneenn   a heeeeeeeeeeeeiiittt
/data3fast/users/mbermudez/de_03/TFGDataset/img/train_t2_0470.png|weeeeetttttt
/data3fast/users/mbermudez/de_03/TFGDataset/img/train_t2_1045_0.png|weehhht     rrrrrrrtt    aaaalsssseee     eeeeee
/data3fast/users/mbermudez/de_03/TFGDataset/img/train_t2_1266_0.png|nn   eeeesssssscchhh   annnn     nnnnneeeeee
/data3fast/users/mbermudez/de_03/TFGDataset/img/train_t2_1070_2.png|wwl       sshhhhh    ddd          ddeeee
/data3fast/users/mbermudez/de_03/TFGDataset/img/train_t2_0263_0.png|nnniissstt   ddd  aahhhh       deeeeeeeeeeeee
/data3fast/users/mbermudez/de_03/TFGDataset/img/train_t2_1324_0.png|chhsss    eeeeeee         dd  a llhheee    dddddd
/data3fast/users/mbermudez/de_03/TFGDataset/img/train_t2_0699_2.png|sseeeeeeeeeeeeeeeeee       eeehh  eeeeessss     aaaaa
/data3fast/users/mbermudez/de_03/TFGDataset/img/train_t2_0508_1.png|"n  eeeee     aaaaallssssselleeeeeeeeeii
/data3fast/users/mbermudez/de_03/TFGDataset/img/train_t2_1428_0.png|ertttttnnnnnneeeeeeeessss   tttteee      ssss
/data3fast/users/mbermudez/de_03/TFGDataset/img/train_t2_0191.png|eernnenneeeeeeeeeeeeeeeeeeee     d naaa neeeeee
/data3fast/users/mbermudez/de_03/TFGDataset/img/train_t2_0944_0.png|aallllllaaaa  undd         eeeeee        eeeeee
/data3fast/users/mbermudez/de_03/TFGDataset/img/train_t2_0807_1.png|bbee a  eennnneeeeeeee  sssssssss nnnnnnnn
/data3fast/users/mbermudez/de_03/TFGDataset/img/train_t2_0841_0.png|seeeeeeettteee      nnn               eeeeeeeeee*n*
/data3fast/users/mbermudez/de_03/TFGDataset/img/train_t2_0813_2.png|ttteeee eeeeeeeeesssss        ssccchhheeeeeeeeerrrre
/data3fast/users/mbermudez/de_03/TFGDataset/img/train_t2_1298_1.png|dee lllll  eeeeeeehhhhll    aaa  eeeeeeelllhhh
/data3fast/users/mbermudez/de_03/TFGDataset/img/train_t2_1476_2.png|eeN   nnn eeeeeetttt   eee   eeeneeeeeeeeeeee
/data3fast/users/mbermudez/de_03/TFGDataset/img/train_t2_1194_1.png|geee            e hh        eeesssss     nnn        eeeeeee
/data3fast/users/mbermudez/de_03/TFGDataset/img/train_t2_1379_2.png|mi   ssseeeeeeeeeennn leee     
/data3fast/users/mbermudez/de_03/TFGDataset/img/train_t2_0818_0.png|bbseeeeeeeeellllll..
/data3fast/users/mbermudez/de_03/TFGDataset/img/train_t2_0341_2.png|eeethhhh eeeeeeeeeeeerht    drrrrreeehhhh  u
/data3fast/users/mbermudez/de_03/TFGDataset/img/train_t2_0674_2.png|s       eeessss llll    eeeeeeeeeee llaaaa
/data3fast/users/mbermudez/de_03/TFGDataset/img/train_t2_0466_2.png|eeessssshs    d e     ****      sssseeeeeeeeeeehh
/data3fast/users/mbermudez/de_03/TFGDataset/img/train_t2_0366_2.png|daaaa  seeeeeeeeeeeeeeeeeeeeeeeeeNeeeee nnnnn
/data3fast/users/mbermudez/de_03/TFGDataset/img/train_t2_0883_1.png|dee       t         a   eeeeeeeee   t     eeeee    tt
/data3fast/users/mbermudez/de_03/TFGDataset/img/train_t2_0848_2.png|geee ttttttt  nn   ie.*****lsslss     ddd eell
/data3fast/users/mbermudez/de_03/TFGDataset/img/train_t2_0347.png|drrrtt nnnnnnnn  ttt    acchh   dddd  ee
/data3fast/users/mbermudez/de_03/TFGDataset/img/train_t2_0744_2.png|deee   ne         aaa       h    sss           cchhhh
/data3fast/users/mbermudez/de_03/TFGDataset/img/train_t2_1174_1.png|iire      eeet   uuuuu  eeee      eeeeeeeeeeeeee
/data3fast/users/mbermudez/de_03/TFGDataset/img/train_t2_1153_0.png|unddeeeellllleee 
/data3fast/users/mbermudez/de_03/TFGDataset/img/train_t2_1286.png|aau      ssss          stteeeehll      eeeeee
/data3fast/users/mbermudez/de_03/TFGDataset/img/train_t2_1230_2.png|auu  eeeee   neeeggglll    n  ccchhhheeneee
/data3fast/users/mbermudez/de_03/TFGDataset/img/train_t2_0831_2.png|nessssssshtttteeeeee        nnn   sss     eeeeeeeee
/data3fast/users/mbermudez/de_03/TFGDataset/img/train_t2_1254_0.png|mi   eeeeehhh     dd    e           iieeeeeeeNNNNNeNN
/data3fast/users/mbermudez/de_03/TFGDataset/img/train_t2_1383_1.png|ssssseeeeeesssss        eeeeeeeee eeeeeeeeettttt
/data3fast/users/mbermudez/de_03/TFGDataset/img/train_t2_0610_0.png|de             eeesssslllleeeeeeeee      tt    de
/data3fast/users/mbermudez/de_03/TFGDataset/img/train_t2_0514_0.png|dssssss    eeessssst eeeeeee ee eeee       eeeeeeeee  nnnnn
/data3fast/users/mbermudez/de_03/TFGDataset/img/train_t2_0046_2.png|derr    tteeeeee   ttt         scllle  e dd
/data3fast/users/mbermudez/de_03/TFGDataset/img/train_t2_0237_0.png|aasss  
/data3fast/users/mbermudez/de_03/TFGDataset/img/train_t2_0062.png|tttt  nnneeeeelllll  deeeeeeeeeeeeeeeeenn    alllllll
/data3fast/users/mbermudez/de_03/TFGDataset/img/train_t2_1179_2.png|da    eeeeehhhhh uuuuddd  eeeee*** n          ht
/data3fast/users/mbermudez/de_03/TFGDataset/img/train_t2_1068_2.png|ggehhhhhh   aa  dd       deeelichh     ddeee
/data3fast/users/mbermudez/de_03/TFGDataset/img/train_t2_1334.png|osndd eeeenneeeeeennnnn         nneeeeeeee
/data3fast/users/mbermudez/de_03/TFGDataset/img/train_t2_1019_1.png|geeeeeeeerrrrttttttt     eeeeeeeell
/data3fast/users/mbermudez/de_03/TFGDataset/img/train_t2_1000_1.png|leeeeeeeetttt  h nnneeee      sseeeeeeeeeeeeeeeeee
/data3fast/users/mbermudez/de_03/TFGDataset/img/train_t2_1127_2.png|dee  eeeeeeeeeee    rererr   aaahheeeeeleee
/data3fast/users/mbermudez/de_03/TFGDataset/img/train_t2_0155.png|aa            sssstttt   **   ssssetttt  nnngeeeeeeN
/data3fast/users/mbermudez/de_03/TFGDataset/img/train_t2_0280_0.png|eeennnnn nnn  nnn    sssttt       eeeeeee
/data3fast/users/mbermudez/de_03/TFGDataset/img/train_t2_0576_2.png|geeeee          saa      riicchh nnnndn nnnnn
/data3fast/users/mbermudez/de_03/TFGDataset/img/train_t2_0024_0.png|beeeeeeeeessstt    hhheee e ee             d
/data3fast/users/mbermudez/de_03/TFGDataset/img/train_t2_1268_0.png|wii                        seeeeeNNNuuuunn
/data3fast/users/mbermudez/de_03/TFGDataset/img/train_t2_0130_0.png|ceeeeeeeee      ihhhhhhh          slllll   eeeee
/data3fast/users/mbermudez/de_03/TFGDataset/img/train_t2_1051_2.png|nneeeeiiiiiee      eeeeeeeeee      eeeeeeeeh 
/data3fast/users/mbermudez/de_03/TFGDataset/img/train_t2_0222_2.png|tt**       sssss             ennnnneeeeeessss         d
/data3fast/users/mbermudez/de_03/TFGDataset/img/train_t2_0359_1.png|ieeeeeeeeeeee uu   sss 
/data3fast/users/mbermudez/de_03/TFGDataset/img/train_t2_1313_2.png|aau      ss   htee   d    a    llllllleeeeeesssss
/data3fast/users/mbermudez/de_03/TFGDataset/img/train_t2_0450_0.png|ieesst       n eee    aanaa    sseeeeeeeeee
/data3fast/users/mbermudez/de_03/TFGDataset/img/train_t2_0877_1.png|ahheeeeeeeeee  n  dd  eehhhhhe uuuuuuuuue
/data3fast/users/mbermudez/de_03/TFGDataset/img/train_t2_0584_0.png|dd    eehhhhh    
/data3fast/users/mbermudez/de_03/TFGDataset/img/train_t2_1364_0.png|sttteeeeeeeeehhhhhhh     naaan niieee     eeeeee
/data3fast/users/mbermudez/de_03/TFGDataset/img/train_t2_0258_0.png|gggeeeeeeeeeeeess hhhhh  aa ssttt    ddeee
/data3fast/users/mbermudez/de_03/TFGDataset/img/train_t2_0960_2.png|dereeeeeeeeeeeeeeeetttttttt   eeeeeeees  uuuu eeeessss
/data3fast/users/mbermudez/de_03/TFGDataset/img/train_t2_1228_0.png|gee  ddd eeee  d  sssssssssssshhh eeeeeeeeeeeeeeehhh
/data3fast/users/mbermudez/de_03/TFGDataset/img/train_t2_0232_2.png|wwee         sssssshhee   ddeeeerreeeeeeeeeii
/data3fast/users/mbermudez/de_03/TFGDataset/img/train_t2_0817_0.png|deeee          iiii   eeeeeeeeeen  eeeeee  llllllssssssee
/data3fast/users/mbermudez/de_03/TFGDataset/img/train_t2_0650.png|lllleeeeeeeeeee    eeeeeeennn       ll       sssstt
/data3fast/users/mbermudez/de_03/TFGDataset/img/train_t2_1221_1.png|ooo  eeeeeeeeelllee       eeeeee    ttttlllleeeee
/data3fast/users/mbermudez/de_03/TFGDataset/img/train_t2_0744_1.png|dee   nnnn      aaa  nn      sssss e      nahhh
/data3fast/users/mbermudez/de_03/TFGDataset/img/train_t2_0894_0.png|uns seesshhhtsseeeeeeeee      lleeeeeeddrrrrrr nn
/data3fast/users/mbermudez/de_03/TFGDataset/img/train_t2_1100.png|ihhh    eeeeeeeeeeeeeeeeee  llllhhaa      eeeee
/data3fast/users/mbermudez/de_03/TFGDataset/img/train_t2_0103_0.png|#   
/data3fast/users/mbermudez/de_03/TFGDataset/img/train_t2_0175.png|iseeeeeeesssssssssssssssss seeeeeelllllllll
/data3fast/users/mbermudez/de_03/TFGDataset/img/train_t2_1463_0.png|innddeeeeee      dddd      ieeee    *  eeeeeeeeee
/data3fast/users/mbermudez/de_03/TFGDataset/img/train_t2_1294.png|aaneeeee        eeeeeeeeeeee    sss          rehhhh
/data3fast/users/mbermudez/de_03/TFGDataset/img/train_t2_0361_0.png|#  e
/data3fast/users/mbermudez/de_03/TFGDataset/img/train_t2_0216_0.png|tttttllllllle    nnddd  eesseeeeee      eddd
/data3fast/users/mbermudez/de_03/TFGDataset/img/train_t2_0369_0.png|vieiichhhhhh    eeeeeeeeenneeeeeeeeeeettt  aaa
/data3fast/users/mbermudez/de_03/TFGDataset/img/train_t2_1090_0.png|eeetttttttt  
/data3fast/users/mbermudez/de_03/TFGDataset/img/train_t2_1374.png|oeee  aaaaahhh e nneeeii  nnaaa  ee
/data3fast/users/mbermudez/de_03/TFGDataset/img/train_t2_1033_1.png|mahh      nn  t hhhhhhhh  ddeeeiittttt  rr
/data3fast/users/mbermudez/de_03/TFGDataset/img/train_t2_1168.png|ooo    eee     ee eeesssssssheeeeeeeee*          eeeee
/data3fast/users/mbermudez/de_03/TFGDataset/img/train_t2_0317_1.png|wierd   aacchhllle   ndddeeeeee deerrtttchchhe
/data3fast/users/mbermudez/de_03/TFGDataset/img/train_t2_1387.png|tteeee*eeeeeeeeeeeeeeee   scllllaaa     seeeeeeeeeeee
/data3fast/users/mbermudez/de_03/TFGDataset/img/train_t2_0381_1.png|deeeeeeeeeeeeeee    hh   eeeeeeeeee    sssscscchtssh
/data3fast/users/mbermudez/de_03/TFGDataset/img/train_t2_1359_1.png|derreseessss   eeeeelleee   ssssss        n dddd
/data3fast/users/mbermudez/de_03/TFGDataset/img/train_t2_1048_1.png|eeeeeeeeeeeee  nnn ne e ***eeeeeeeee      a           
/data3fast/users/mbermudez/de_03/TFGDataset/img/train_t2_1182_0.png|iitttt hhhhhhh     eeeee     sssssssssseee    eeeeee
/data3fast/users/mbermudez/de_03/TFGDataset/img/train_t2_0394_2.png|undddeeeeeessseeeeeeeee     eeeeeee    nn
/data3fast/users/mbermudez/de_03/TFGDataset/img/train_t2_1100_1.png|iihh    eeeereeeeeeheeeeeeeeeee chaaaa   eeeee
/data3fast/users/mbermudez/de_03/TFGDataset/img/train_t2_0453_2.png|unndnnnnannd  eeeeeeeee     ttt    
/data3fast/users/mbermudez/de_03/TFGDataset/img/train_t2_0962_1.png|llll        eeeeeeeesssssss      eeeeeeeeeeeeeeeeee
/data3fast/users/mbermudez/de_03/TFGDataset/img/train_t2_1269_2.png|iiiieeeilllllll   eeeeeelllss    eeeettttth    
/data3fast/users/mbermudez/de_03/TFGDataset/img/train_t2_1031_1.png|beeeeeeeeeeeeeeeel      iiiieennnnnnd
/data3fast/users/mbermudez/de_03/TFGDataset/img/train_t2_1223_0.png|ta        llllllssssssseee  ddd   sa a   dddd
/data3fast/users/mbermudez/de_03/TFGDataset/img/train_t2_0788_1.png|oon  aaa  eeeeeeehh     aaa   eeeeeee
/data3fast/users/mbermudez/de_03/TFGDataset/img/train_t2_0792_1.png|u     eeeeeeeeeeeeeddeeeeeeeitttt  nnn ass
/data3fast/users/mbermudez/de_03/TFGDataset/img/train_t2_0874_0.png|onneeee   ssssstt e       ah   h  hhheeeeeeessss   
/data3fast/users/mbermudez/de_03/TFGDataset/img/train_t2_1081_1.png|ggennnnn    sssteeeeeeee   eee   lllee         eeellll
/data3fast/users/mbermudez/de_03/TFGDataset/img/train_t2_0562_1.png|inn eeeeee**.....
/data3fast/users/mbermudez/de_03/TFGDataset/img/train_t2_0080_2.png|aannn      eeeeeeeee    nnneeeeeeei n   eeeere
/data3fast/users/mbermudez/de_03/TFGDataset/img/train_t2_0884_1.png|de    e iiee       leee  d  sseehhhhh    dd    hlll
/data3fast/users/mbermudez/de_03/TFGDataset/img/train_t2_1389.png|eee     ee h      aahhhheeeeeennnnnnntttt
/data3fast/users/mbermudez/de_03/TFGDataset/img/train_t2_0798_1.png|ieeeeeee   asssssssseeeeeeeeeeee
/data3fast/users/mbermudez/de_03/TFGDataset/img/train_t2_0195_0.png|wwch         ccchhhhnnn eeeeeerr  auunneeee
/data3fast/users/mbermudez/de_03/TFGDataset/img/train_t2_0455_0.png|uuddddrrrrrreeeeellhhhhhhhh      cccchchhhh
/data3fast/users/mbermudez/de_03/TFGDataset/img/train_t2_0799_0.png|eeeeeeeeeeeeeei   lllllhhh eeeeeeennnnneeeeeeeee
/data3fast/users/mbermudez/de_03/TFGDataset/img/train_t2_1294_2.png|anneeeee   seeeeeeeeeee eee e eeeeest           ehhheee
/data3fast/users/mbermudez/de_03/TFGDataset/img/train_t2_1353.png|geennnn    ssssssss seeeeeeeee     eeeeeeeeeeeeee
/data3fast/users/mbermudez/de_03/TFGDataset/img/train_t2_0914_1.png|asss  eeeeeee     tteeeeeeeeeeee eeed eeeerrrrrrrr
/data3fast/users/mbermudez/de_03/TFGDataset/img/train_t2_1322_1.png|tieeeeeeeelliii       ssssscc    ddd   add
/data3fast/users/mbermudez/de_03/TFGDataset/img/train_t2_0978_0.png|ss        hhhhhheeeeeetttt   ttttt       n  eeees
/data3fast/users/mbermudez/de_03/TFGDataset/img/train_t2_1280_0.png|geeeee 
/data3fast/users/mbermudez/de_03/TFGDataset/img/train_t2_0880.png|ooleeeee    sssssseeee         ....
/data3fast/users/mbermudez/de_03/TFGDataset/img/train_t2_1037.png|allleeeee d  ssssshheeN nnnneeeeeeeee  eeeeeeeehhhh
/data3fast/users/mbermudez/de_03/TFGDataset/img/train_t2_0094_2.png|ann  ssssss       ee nnnnnuu  eeeeee     i*   iiiill
/data3fast/users/mbermudez/de_03/TFGDataset/img/train_t2_0589_1.png|iii  eeeeeeesssssseeeeeeeeeeeeeechchheee      ee
/data3fast/users/mbermudez/de_03/TFGDataset/img/train_t2_1115_2.png|iirreeeeee   eeeeeeeeii   dddd       rr
/data3fast/users/mbermudez/de_03/TFGDataset/img/train_t2_0247_0.png|aaah    eeereeee       rrahhheeeeee   eeeee
/data3fast/users/mbermudez/de_03/TFGDataset/img/train_t2_0364_0.png|eeern     aaa    a      tt       eeeeellle    eeee
/data3fast/users/mbermudez/de_03/TFGDataset/img/train_t2_1130.png|rrrrrsssss  ssss      nn deeeeeeeeeeeeeeeeeeeehet
/data3fast/users/mbermudez/de_03/TFGDataset/img/train_t2_0596_0.png|tteeeeeeeeeee        lllllhheeeeeee    s
/data3fast/users/mbermudez/de_03/TFGDataset/img/train_t2_0038.png|cchhh         e    tttsseeeeeeeeeeehhhheeee   nnnnn
/data3fast/users/mbermudez/de_03/TFGDataset/img/train_t2_0908_2.png|st    eeennnuueeeeeeeeeee    aa   nn   ttttt
/data3fast/users/mbermudez/de_03/TFGDataset/img/train_t2_1430_2.png|der      eee  aaaassseee   d    ellle
/data3fast/users/mbermudez/de_03/TFGDataset/img/train_t2_0033_1.png|ttteeeetttee   t    ttthhh  eeeessss e    eleeeeeeee
/data3fast/users/mbermudez/de_03/TFGDataset/img/train_t2_0284_1.png|oddeeeeeennnnnn      eeeeeeeeeee eeesssss 
/data3fast/users/mbermudez/de_03/TFGDataset/img/train_t2_0835_2.png|de               eeeee       eeettt          d s rre
/data3fast/users/mbermudez/de_03/TFGDataset/img/train_t2_0335.png|dssss   t tt    eeeeeedrr   aaannnncheeeee
/data3fast/users/mbermudez/de_03/TFGDataset/img/train_t2_1125_0.png|geeett       ssssssseeeeeeeeee ee  l     eeeeeee
/data3fast/users/mbermudez/de_03/TFGDataset/img/train_t2_1244_1.png|hhheeeeeeeeee      a     ssssssshllll   dee
/data3fast/users/mbermudez/de_03/TFGDataset/img/train_t2_0421_1.png|ggeeeeeee       haaa    tttttt     elleeeeeee
/data3fast/users/mbermudez/de_03/TFGDataset/img/train_t2_0526_2.png|nnnnaaaaaaaaa        eeeeeeeee   nnnnnnn
/data3fast/users/mbermudez/de_03/TFGDataset/img/train_t2_1168_0.png|cchh     ee  e       ssssssttttteeeeeeee           eeeeee
/data3fast/users/mbermudez/de_03/TFGDataset/img/train_t2_0643_0.png|der  ccchchtttt      eeeeehhhh s    n nnnnnnn dd
/data3fast/users/mbermudez/de_03/TFGDataset/img/train_t2_0523_1.png|tttt      heeeeeeeeN  uuuaa eeeeeeeN  sss ee
/data3fast/users/mbermudez/de_03/TFGDataset/img/train_t2_0609_0.png|errrlhtt   dddeeeessseeeeeettt   sssssssss
/data3fast/users/mbermudez/de_03/TFGDataset/img/train_t2_0187_2.png|de  eeeeeeeeeeeeenn    u ssseeeeeeellllla      eeee
/data3fast/users/mbermudez/de_03/TFGDataset/img/train_t2_0755.png|isssttttttnnnnnn    aaa     aaa   eeee   n
/data3fast/users/mbermudez/de_03/TFGDataset/img/train_t2_1264.png|da   eeeeeeee  d  aaasss  eeeeeeeeeeeeeeeeeuuuu
/data3fast/users/mbermudez/de_03/TFGDataset/img/train_t2_0187_0.png|dee   reeeeeeeeeeeee     u  sseeeeeeellll       ee uu
/data3fast/users/mbermudez/de_03/TFGDataset/img/train_t2_0752_1.png|in  eeeeeelllee      sssssssssss      ereeee
/data3fast/users/mbermudez/de_03/TFGDataset/img/train_t2_0885_0.png|unrrrreeeehhhhh   ddddddrrrreeeeelllll   dddd
/data3fast/users/mbermudez/de_03/TFGDataset/img/train_t2_1022.png|deNNNNNeeeeeeee      ssseeeeeeeeeeeeeeeee nnnn
/data3fast/users/mbermudez/de_03/TFGDataset/img/train_t2_0889_0.png|see  eelleeeeee eeeeeeeeeeeeeeeeeeeeeeetttt
/data3fast/users/mbermudez/de_03/TFGDataset/img/train_t2_1197_0.png|weed d d   sssttttt          a         iiiii
/data3fast/users/mbermudez/de_03/TFGDataset/img/train_t2_0503_1.png|und eeeeeeeshh   ss eeeeennn iiiii   aaaaa
/data3fast/users/mbermudez/de_03/TFGDataset/img/train_t2_1274_0.png|alleeeee   deeeeesssssuuuuueeeeeeeeeeeeN
/data3fast/users/mbermudez/de_03/TFGDataset/img/train_t2_0302_2.png|geeessseeeeeeeeeeeeeennnnnnnnntttt eeeeen nn eee
/data3fast/users/mbermudez/de_03/TFGDataset/img/train_t2_1055_1.png|ieeeee     llll      ttttieeesssssss
/data3fast/users/mbermudez/de_03/TFGDataset/img/train_t2_0163_2.png|diieeeeeeeeeeeeetttt      eeeehhhheeeeeeeeehhhhhhh
/data3fast/users/mbermudez/de_03/TFGDataset/img/train_t2_0060_2.png|ee  dddddd  eessslllhheeellhhh      ee  uuuuuuu
/data3fast/users/mbermudez/de_03/TFGDataset/img/train_t2_0361_2.png|#  e
/data3fast/users/mbermudez/de_03/TFGDataset/img/train_t2_0383.png|irrrrreehhhhtteeeeeeeee   ddddd d    alllllllleeeeeee
/data3fast/users/mbermudez/de_03/TFGDataset/img/train_t2_1177_2.png|bbeeeeeeeee    dd   ddd rritttttt    eeeeeeee
/data3fast/users/mbermudez/de_03/TFGDataset/img/train_t2_1043.png|onneee     hhheee eeeeeee      ddsssseesse      eeeee
/data3fast/users/mbermudez/de_03/TFGDataset/img/train_t2_0694_0.png|seettttttt  n nneeeee     dddddeeeeeeeeee
/data3fast/users/mbermudez/de_03/TFGDataset/img/train_t2_0975_0.png|hhn  ddd       d   hchhhsss  ssssss ttttt
/data3fast/users/mbermudez/de_03/TFGDataset/img/train_t2_0127.png|daaaaa    eeeeeeeeeeeeeeeeee*       eeeeeeeeee
/data3fast/users/mbermudez/de_03/TFGDataset/img/train_t2_0795.png|errnnnnnnnnnn eeeee lllll    ii            aaee
/data3fast/users/mbermudez/de_03/TFGDataset/img/train_t2_1420.png|tt    eeeeeettttth   nn lllllasssssa   nn e  uuuee
/data3fast/users/mbermudez/de_03/TFGDataset/img/train_t2_1344_2.png|dd          dd     iicccclll    ddaa  ssaaaaseee
/data3fast/users/mbermudez/de_03/TFGDataset/img/train_t2_0494.png|wisse  
/data3fast/users/mbermudez/de_03/TFGDataset/img/train_t2_1013_2.png|dee      aaallnnn    annn   lii nn    errrritnnnn
/data3fast/users/mbermudez/de_03/TFGDataset/img/train_t2_0074_0.png|tt       ehhhhhe eeeee      ee nnn eett
/data3fast/users/mbermudez/de_03/TFGDataset/img/train_t2_0875_1.png|eee   dd       sssseeeeeeeeeeeenn hhh     
/data3fast/users/mbermudez/de_03/TFGDataset/img/train_t2_1233.png|wweeeee
/data3fast/users/mbermudez/de_03/TFGDataset/img/train_t2_0705_1.png|llleeeeeeeee  e   tt  a a        nnnnnn
/data3fast/users/mbermudez/de_03/TFGDataset/img/train_t2_1466.png|aanttt tt     eeerrreenrrreeeeeeeeeeeee   sss ssehhhhh
/data3fast/users/mbermudez/de_03/TFGDataset/img/train_t2_0098_1.png|seee            e        eeee  dddeeeeeesssss
/data3fast/users/mbermudez/de_03/TFGDataset/img/train_t2_0547_2.png|iiiistttthhtt eeeeeeeed  dd    hhhhhheeeennnnnnnnee
/data3fast/users/mbermudez/de_03/TFGDataset/img/train_t2_1372.png|eeeeeeeeeetteheeeeeeeeeehheeeee          alllleeee
/data3fast/users/mbermudez/de_03/TFGDataset/img/train_t2_0232_1.png|wwee       sssseeeeee   eeeeerrrreeeeeeeeeeeeennn
/data3fast/users/mbermudez/de_03/TFGDataset/img/train_t2_0386.png|und eeeeeeeeee     ttttt  lllllllll        eeessseessse
/data3fast/users/mbermudez/de_03/TFGDataset/img/train_t2_0583_1.png|aaee        nnn    llllsssstcchheeeeeeelllllleeel
/data3fast/users/mbermudez/de_03/TFGDataset/img/train_t2_0222_1.png|ttt* *     ssse   e    eee nnnnnneeee es    e         
/data3fast/users/mbermudez/de_03/TFGDataset/img/train_t2_0072_1.png|annnnnn     sttttttttttt        aa sssseeeeeeeee
/data3fast/users/mbermudez/de_03/TFGDataset/img/train_t2_1470_0.png|ini  e ttt  eeeeeee ****         eeeeeee    ssseeeeee
/data3fast/users/mbermudez/de_03/TFGDataset/img/train_t2_0724_2.png|geN     a  sseeeeeeeeee       ssssch  nnnn  eeets
/data3fast/users/mbermudez/de_03/TFGDataset/img/train_t2_0861_2.png|mit      dd      aa  lllchhhhh   ddrreeeettttt
/data3fast/users/mbermudez/de_03/TFGDataset/img/train_t2_1374_1.png|oeeee d aaaaa hh  nnneeeii     a a  ee
/data3fast/users/mbermudez/de_03/TFGDataset/img/train_t2_1328.png|dee  ahhhh               eeelee           eeee
/data3fast/users/mbermudez/de_03/TFGDataset/img/train_t2_0443_2.png|derrrrrr    hheseeeeteteennneeeeeeessssssshtht
/data3fast/users/mbermudez/de_03/TFGDataset/img/train_t2_1106_1.png|lllleeee   deeeeed    aa   deee   ***    illl
/data3fast/users/mbermudez/de_03/TFGDataset/img/train_t2_0974_2.png|#  
/data3fast/users/mbermudez/de_03/TFGDataset/img/train_t2_0070_2.png|dee  tttthhhhhh          ssseeeeeeeeit  ee
/data3fast/users/mbermudez/de_03/TFGDataset/img/train_t2_0733_0.png|chhh     eeeeeeeeeeeeeeeeeeeeeeeeeee    eeeee
/data3fast/users/mbermudez/de_03/TFGDataset/img/train_t2_0218_2.png|aaeeeeeel          ssll      lllllls      nnn
/data3fast/users/mbermudez/de_03/TFGDataset/img/train_t2_0866.png|fffff        eeee  ttttttt  eeeeeeeeeeeeeeeddde
/data3fast/users/mbermudez/de_03/TFGDataset/img/train_t2_0895_0.png|eeeen  eeeee  aaaa     eeeeeeee     hsseeeeeeeeeee
/data3fast/users/mbermudez/de_03/TFGDataset/img/train_t2_1009_2.png|anddderrrrihhhheeeeeeeeee  hhh       aasssss
/data3fast/users/mbermudez/de_03/TFGDataset/img/train_t2_0661_0.png|inn  eerett  eee sssssseeeee     .
/data3fast/users/mbermudez/de_03/TFGDataset/img/train_t2_0429.png|ggeeeNeeeeeeee      ssss   ttt i eeeeeeeee  che es   u 
/data3fast/users/mbermudez/de_03/TFGDataset/img/train_t2_1030_0.png|uueeeeeesst     eeeeeeeeeseshcheeeee dde
/data3fast/users/mbermudez/de_03/TFGDataset/img/train_t2_1351_2.png|nnnneeiieeeeeeeeeesssllll
/data3fast/users/mbermudez/de_03/TFGDataset/img/train_t2_0575_1.png|au  eeeeee    aaaahheedddeeeeeelleeeeeeeett
/data3fast/users/mbermudez/de_03/TFGDataset/img/train_t2_0556.png|mrr         nneeeeeettnnnnnnnnn   iii      n
/data3fast/users/mbermudez/de_03/TFGDataset/img/train_t2_0681.png|deessssss     sssssstttt nnnnnneeeeeeeeeee uuueeeeee
/data3fast/users/mbermudez/de_03/TFGDataset/img/train_t2_0793_2.png|bessshhh eeee    eeeesssshhshheee    d   ssssccheeeeeee
/data3fast/users/mbermudez/de_03/TFGDataset/img/train_t2_0148_1.png|tttttiiiii     d rr sssseeeeeee  lllllee eeee tttth
/data3fast/users/mbermudez/de_03/TFGDataset/img/train_t2_1119_2.png|gneeeeeeeeeeeeeeeeeeeeeehh             ttt sssssss
/data3fast/users/mbermudez/de_03/TFGDataset/img/train_t2_0426_2.png|stttaaa          sss     d               ssseeesssss
/data3fast/users/mbermudez/de_03/TFGDataset/img/train_t2_0676_0.png|#  
/data3fast/users/mbermudez/de_03/TFGDataset/img/train_t2_0448_1.png|gee  dd    reettt eeeelllllleee  ddeeeeed
/data3fast/users/mbermudez/de_03/TFGDataset/img/train_t2_0120_1.png|aaseeeeeeeeeeeerrrtttieeeelll     a   iieeeeee
/data3fast/users/mbermudez/de_03/TFGDataset/img/train_t2_0038_2.png|schhh   n    ee    ttteeeeeeeeeee tcchheee   nn
/data3fast/users/mbermudez/de_03/TFGDataset/img/train_t2_0696_0.png|onnneeeeeeeeeeeeeee**nnnnnn   aaa   eeeeeeeeeettt
/data3fast/users/mbermudez/de_03/TFGDataset/img/train_t2_0613_1.png|geeeiiiiihhhhaa     deeeeeeessssssss    ndddee
/data3fast/users/mbermudez/de_03/TFGDataset/img/train_t2_0139_1.png|sttt      neee e     sss  d eeeeeeeeeeeeeeeeeeeeeeee
/data3fast/users/mbermudez/de_03/TFGDataset/img/train_t2_1134_1.png|tt     aaaaallleeeeeeee   uu eeeeeee  eddee
/data3fast/users/mbermudez/de_03/TFGDataset/img/train_t2_1470.png|nnn   etttt   eeeee********      eeeeeee        eeeeeee
/data3fast/users/mbermudez/de_03/TFGDataset/img/train_t2_0542_0.png|eeree   aaaaaaaa   eeeeeeeeee eshhhhhh leeeee
/data3fast/users/mbermudez/de_03/TFGDataset/img/train_t2_1433.png|iihe ee     dddeeeeeeeeieeeneeee    dd  sssssess
/data3fast/users/mbermudez/de_03/TFGDataset/img/train_t2_0233_1.png|beeeeltttttt   ii       deeeeeeeeee      d    eeeeitttt
/data3fast/users/mbermudez/de_03/TFGDataset/img/train_t2_0001_1.png|geN  nnn   eeeleeeeeeeeeeN    d     sssssseeeeeee
/data3fast/users/mbermudez/de_03/TFGDataset/img/train_t2_1222_2.png|woll     eeeeeellllleeeeeeeee          rrr
/data3fast/users/mbermudez/de_03/TFGDataset/img/train_t2_1367_0.png|zeeeeeeee      ssssss     lllllleeeeelhhheeeeeee
/data3fast/users/mbermudez/de_03/TFGDataset/img/train_t2_0540.png|#
/data3fast/users/mbermudez/de_03/TFGDataset/img/train_t2_0329.png|rrreeeeeeeessssss           eeeeennne    cchhl     ddd
/data3fast/users/mbermudez/de_03/TFGDataset/img/train_t2_1143_0.png|eeee   lll         ii i.*          tttttttttt
/data3fast/users/mbermudez/de_03/TFGDataset/img/train_t2_1487_0.png|iin      ddree  llllll  ssssccseeeeee  ddaa
/data3fast/users/mbermudez/de_03/TFGDataset/img/train_t2_0698_1.png|uu       naaahhh  eeeeeeeeehheeeeeeeeeeehhh
/data3fast/users/mbermudez/de_03/TFGDataset/img/train_t2_1484_0.png|dasssseeeeeeeeeeennnnnnnnneeeeeeeeeeeeee       aa
/data3fast/users/mbermudez/de_03/TFGDataset/img/train_t2_0350_2.png|geeeeee    aaaaa     eessssssssssssee       nnnnnnnnnn
/data3fast/users/mbermudez/de_03/TFGDataset/img/train_t2_0379_2.png|ddi eeeeeeeeee   aah           tthh
/data3fast/users/mbermudez/de_03/TFGDataset/img/train_t2_0300.png|aaa   eeed ee     a   ttt accclllee nnnnnnnnna
/data3fast/users/mbermudez/de_03/TFGDataset/img/train_t2_1145_0.png|fffeeeeeeel     d d  ssseeeeee    alaa     eeeee
/data3fast/users/mbermudez/de_03/TFGDataset/img/train_t2_0481_1.png|sseeeeeeeeeeeeeeeeeee    s     sssssss     aa
/data3fast/users/mbermudez/de_03/TFGDataset/img/train_t2_0119_1.png|llllhhhh      nnnnnn   n   dd     ee    eeeee
/data3fast/users/mbermudez/de_03/TFGDataset/img/train_t2_1306_1.png|deeee nnnnnnnnneeeeeethhtheeeeeeeeeeeiii     dde
/data3fast/users/mbermudez/de_03/TFGDataset/img/train_t2_1077_2.png|sse  deeeeeiiichhhiee     aa      hh  eelll
/data3fast/users/mbermudez/de_03/TFGDataset/img/train_t2_0243.png|aachheeeee   aaaahheeeehhhh  eeeeeeeeee       eeee
/data3fast/users/mbermudez/de_03/TFGDataset/img/train_t2_1261.png|drrttt eeee   eeeeeee      eeeeeellleeeee
/data3fast/users/mbermudez/de_03/TFGDataset/img/train_t2_1238_2.png|ann   eteeee e rrrrieeeeeeeee     aassssllleeeeeeeeeee
/data3fast/users/mbermudez/de_03/TFGDataset/img/train_t2_0888_1.png|weeeeee  llllleeen ddd    sslllll         aaaaaa
/data3fast/users/mbermudez/de_03/TFGDataset/img/train_t2_0428_1.png|nnn eee ttttauusssshheeeeeee e    nnnnnnnneee
/data3fast/users/mbermudez/de_03/TFGDataset/img/train_t2_0308_0.png|drrtt           rreeeeeeeeeee        eee      s
/data3fast/users/mbermudez/de_03/TFGDataset/img/train_t2_0986_2.png|aa  eeeeeeeihttt        sss eeeeeeeeee nnnn
/data3fast/users/mbermudez/de_03/TFGDataset/img/train_t2_1213_2.png|sseeeeeeeechhhhhllhhhhhi  nnnn  aallll  sssss
/data3fast/users/mbermudez/de_03/TFGDataset/img/train_t2_1326_0.png|ooos    nnnnnnnnnnnndd   deeeeeeeeeettt      rrrrhh
/data3fast/users/mbermudez/de_03/TFGDataset/img/train_t2_0171_2.png|iiee
/data3fast/users/mbermudez/de_03/TFGDataset/img/train_t2_0688_0.png|weee  d rreeeehhhh           add d  eeeeeeeeeeeeeennnnen
/data3fast/users/mbermudez/de_03/TFGDataset/img/train_t2_0095_0.png|uudddeeeeeeeeee l        t     reeeeeeeessssss
/data3fast/users/mbermudez/de_03/TFGDataset/img/train_t2_0016_0.png|geeeeeeetttth 
/data3fast/users/mbermudez/de_03/TFGDataset/img/train_t2_0329_2.png|eeeheeeeeeesssss       h      eeeee l    allll e   nnnnn
/data3fast/users/mbermudez/de_03/TFGDataset/img/train_t2_1497.png|tte  eeeeeseeeee   heeeeeeeeeeeeee     aaaaaa
/data3fast/users/mbermudez/de_03/TFGDataset/img/train_t2_1259_1.png|#  
/data3fast/users/mbermudez/de_03/TFGDataset/img/train_t2_0258_2.png|ggenne eeeeseeessshhhhhh  aa ssssttttt  dd
/data3fast/users/mbermudez/de_03/TFGDataset/img/train_t2_1024.png|sttttt       rrrete    sssssehhhee  nnnnn   rrii
/data3fast/users/mbermudez/de_03/TFGDataset/img/train_t2_0976_1.png|sssssaaaaaaaallllllllhhhh    iiiieee esssssee  eeee
/data3fast/users/mbermudez/de_03/TFGDataset/img/train_t2_0436_2.png|aasssss  eeeeeeeeiiihhlllehee iiii        eeeeeeeeee
/data3fast/users/mbermudez/de_03/TFGDataset/img/train_t2_0465_1.png|auuu    uunnnnnneeeeeeeeeeeee     aa
/data3fast/users/mbermudez/de_03/TFGDataset/img/train_t2_0522_2.png|gllllleeeeeetssshhhheeddeerrdrdeeeee    aaaaaa
/data3fast/users/mbermudez/de_03/TFGDataset/img/train_t2_0834_1.png|iireeeeeeeeeeeett     llllllhheeeeeen    sssss
/data3fast/users/mbermudez/de_03/TFGDataset/img/train_t2_0441.png|tt  eeeeee d             sssss  ttttt    dde
/data3fast/users/mbermudez/de_03/TFGDataset/img/train_t2_0454_1.png|chhee nnnnn eeeeeeeeeeeee    a     dddd    nnn
/data3fast/users/mbermudez/de_03/TFGDataset/img/train_t2_0612_2.png|aah  ee     leeeeeeeeiittttt         i*i*.....
/data3fast/users/mbermudez/de_03/TFGDataset/img/train_t2_1301.png|dee         h      ddd d  eeeeeeeeeeeeeesssss         eeeeeeN
/data3fast/users/mbermudez/de_03/TFGDataset/img/train_t2_0326_0.png|gggeee ssss           hheenneeeetttt     ssssseee
/data3fast/users/mbermudez/de_03/TFGDataset/img/train_t2_0051_0.png|cchhhh     leiiieeeeeleeeh      dd          eeeee
/data3fast/users/mbermudez/de_03/TFGDataset/img/train_t2_0351_2.png|hheeeeeeeeNeNN  dddd dedeeeee     sssss hhh
/data3fast/users/mbermudez/de_03/TFGDataset/img/train_t2_1242_1.png|drrssssssssts     s    dd eeeeeeee   sssssseeee   eeersttt
/data3fast/users/mbermudez/de_03/TFGDataset/img/train_t2_0338_0.png|eeeN  ssssss       llllee nnnn tttt ***eeeeeeeeee
/data3fast/users/mbermudez/de_03/TFGDataset/img/train_t2_0886_1.png|nnn   eee   tttttttheeeeeeeeeee     ttnnnnnnee
/data3fast/users/mbermudez/de_03/TFGDataset/img/train_t2_0896_0.png|uu eeeeellllsssss deedddddedeee   ss eee
/data3fast/users/mbermudez/de_03/TFGDataset/img/train_t2_0209.png|iiieeeeeee   aaa  llleeeeeeeeeeiiiiiee  aaaaaau
/data3fast/users/mbermudez/de_03/TFGDataset/img/train_t2_1309_0.png|eee  nn    eee        sssseeee nneeeeee      ddeee
/data3fast/users/mbermudez/de_03/TFGDataset/img/train_t2_0455.png|uuddddrrrrreeeeeeehhhhhhh    eiiihhhhchhhttt
/data3fast/users/mbermudez/de_03/TFGDataset/img/train_t2_0905_0.png|gggeeee  ttttt   dddd           
/data3fast/users/mbermudez/de_03/TFGDataset/img/train_t2_0482_1.png|rrrrshhheeee eeeeeeeeeleeeeeeeennnn**   sssssssllssss
/data3fast/users/mbermudez/de_03/TFGDataset/img/train_t2_1487_2.png|iii eee   ee    lllllllee    ttceeeeeee   u
/data3fast/users/mbermudez/de_03/TFGDataset/img/train_t2_1469_1.png|hrrreeee          dddd                             .ll
/data3fast/users/mbermudez/de_03/TFGDataset/img/train_t2_0979_1.png|iittt      een   tt     aaa      eeeeeeiih    nnd
/data3fast/users/mbermudez/de_03/TFGDataset/img/train_t2_1327_1.png|eNN  d      lllleeeeeeeeeeeee  dddd    eessssaaaaa
/data3fast/users/mbermudez/de_03/TFGDataset/img/train_t2_0404_1.png|beeeellllleei  .
/data3fast/users/mbermudez/de_03/TFGDataset/img/train_t2_0388.png|mareeeeeee   *tttttttt       eeeeeeeeeeee          dr
/data3fast/users/mbermudez/de_03/TFGDataset/img/train_t2_0655_1.png|weessssssslhhhhhiie  nnnnnneeeeee      ssss
/data3fast/users/mbermudez/de_03/TFGDataset/img/train_t2_0478.png|geeehheeeenn nnn   eellllhhhe     ieelleeeennNssssss
/data3fast/users/mbermudez/de_03/TFGDataset/img/train_t2_1363.png|urrrrr  iiii      llllsseeelleeeeeeeeett       uu
/data3fast/users/mbermudez/de_03/TFGDataset/img/train_t2_1153_2.png|unddeeeeelleeeeN
/data3fast/users/mbermudez/de_03/TFGDataset/img/train_t2_1225.png|# dd
/data3fast/users/mbermudez/de_03/TFGDataset/img/train_t2_0093_0.png|di    aaaddd deeeeeeellllleeeee  s ssssttttt
/data3fast/users/mbermudez/de_03/TFGDataset/img/train_t2_0302_0.png|geeessseeeeeeeeeeeeeennnnnnnnn ttttt eee  ineeeee
/data3fast/users/mbermudez/de_03/TFGDataset/img/train_t2_0565.png|ffeeeeeeedddd s     tttt a    s ss  eeeeeee
/data3fast/users/mbermudez/de_03/TFGDataset/img/train_t2_1412_2.png|daaaaaaa   dd eee  e sshhhhhht      ecccchhh   aaahee
/data3fast/users/mbermudez/de_03/TFGDataset/img/train_t2_0811_0.png|aassseeeeeeeeeeeeeeeiiiiiiiieeeeiiee  n   allaahauuu
/data3fast/users/mbermudez/de_03/TFGDataset/img/train_t2_1454_1.png|iiieeeeettthhnnnn eennnnnneeeeehhhh eeee
/data3fast/users/mbermudez/de_03/TFGDataset/img/train_t2_0668_0.png|nnnnn  eeeeeee nnaaa   eeeeeeeeeeeeeeeeettttttthh
/data3fast/users/mbermudez/de_03/TFGDataset/img/train_t2_0808_0.png|eet   aaaasssss  eeeeees      ddereeeeeeeeeee
/data3fast/users/mbermudez/de_03/TFGDataset/img/train_t2_0843_1.png|geee d       hhhll      deeeeee     ttt    eeeeee
/data3fast/users/mbermudez/de_03/TFGDataset/img/train_t2_1003_2.png|ttteeeeeehhhhhhhhhhee  dd  rrreeeeeeeeeeeeeeeeee    daa
/data3fast/users/mbermudez/de_03/TFGDataset/img/train_t2_0012.png|hhheeeeee       aaauuuuu eeeeeeeeeesseeeeee
/data3fast/users/mbermudez/de_03/TFGDataset/img/train_t2_0898_0.png|rreeeeeeeeee  eeeeeeeeeeeeeeeee      d eeeeeee
/data3fast/users/mbermudez/de_03/TFGDataset/img/train_t2_0913_2.png|aa     eeeeeellhhh    eeeeeeerrrtt   eee stttttt
/data3fast/users/mbermudez/de_03/TFGDataset/img/train_t2_0348_1.png|wrr        aaa      tssssssssssss   eeeee       tttt
/data3fast/users/mbermudez/de_03/TFGDataset/img/train_t2_0951_2.png|voeeeeeeellhheeeeeeeeeeeeeeeeeeeeeeeee sssssssen
/data3fast/users/mbermudez/de_03/TFGDataset/img/train_t2_1190_0.png|aasttttt   ereeett            nneeeeeeeeedeeee
/data3fast/users/mbermudez/de_03/TFGDataset/img/train_t2_1389_2.png|eeee     a        aaahhhheeeeeeeennnnnntttt
/data3fast/users/mbermudez/de_03/TFGDataset/img/train_t2_0204_1.png|# d
/data3fast/users/mbermudez/de_03/TFGDataset/img/train_t2_0335_1.png|dssssss  n           eeeee   nnnnnnnn eeeeeeeee
/data3fast/users/mbermudez/de_03/TFGDataset/img/train_t2_1410_0.png|un d     eeeeeee  ssss   ee  ttttteetttttt   eere
/data3fast/users/mbermudez/de_03/TFGDataset/img/train_t2_0119_0.png|gelllhhhh    nnnnnnnnnnnn         eee   reeet
/data3fast/users/mbermudez/de_03/TFGDataset/img/train_t2_0763_2.png|sshhhttttteeeeeee           dd eeeseeeeeee   chhhhhe
/data3fast/users/mbermudez/de_03/TFGDataset/img/train_t2_0002.png|iiii eeeellll     aaaaa sssseetttt  eee
/data3fast/users/mbermudez/de_03/TFGDataset/img/train_t2_0828_0.png|nnnddd     aall eedeeeeesss    eeeeeeee  aaas
/data3fast/users/mbermudez/de_03/TFGDataset/img/train_t2_0888_2.png|wieee d   eeelllee nn     sssllllee         aaaaa
/data3fast/users/mbermudez/de_03/TFGDataset/img/train_t2_1337_1.png|uuu  eeeesssssss eeeeeeeeeeeeeeeeeeeeeeee
/data3fast/users/mbermudez/de_03/TFGDataset/img/train_t2_0031_1.png|eee        eeeeeee        d   eeeeitttiiie
/data3fast/users/mbermudez/de_03/TFGDataset/img/train_t2_0579.png|oonnneeeeeeeenneeeeee    
/data3fast/users/mbermudez/de_03/TFGDataset/img/train_t2_1376_2.png|aan  eeee    aaaa heeeeeeeeee             eee
/data3fast/users/mbermudez/de_03/TFGDataset/img/train_t2_0947_0.png|maaaaa     nnnnd    uuuueeeeettt     aaahh
/data3fast/users/mbermudez/de_03/TFGDataset/img/train_t2_0272.png|ii   laaa     dddd    chhhaaa  d dddeeeeerrrrii
/data3fast/users/mbermudez/de_03/TFGDataset/img/train_t2_1415_1.png|innnneeeeee  eeeeeeeeee      ssss  eeeeeeeeeeellllllhhhl
/data3fast/users/mbermudez/de_03/TFGDataset/img/train_t2_0832_0.png|asss     eeeennnnn     drrrrihhh    dddeeeenn
/data3fast/users/mbermudez/de_03/TFGDataset/img/train_t2_0799_2.png|eeeeeeeeeeeeeeei    llhhhheeeeeeeee    eeeeeeesss
/data3fast/users/mbermudez/de_03/TFGDataset/img/train_t2_1326.png|sssss      nnnn      d deeeeeeeessstttt       rrrrrh
/data3fast/users/mbermudez/de_03/TFGDataset/img/train_t2_0653_1.png|alle eeeeesseeeeeeeeeeetheeeee      lllll
/data3fast/users/mbermudez/de_03/TFGDataset/img/train_t2_1387_1.png|ttee**e**  eeeeeeeeee   ssssllllaaaaa  sssssseeeeeeeeeeeee
/data3fast/users/mbermudez/de_03/TFGDataset/img/train_t2_0882_2.png|weeeee  eeeeeeeeeee nnnneeeeeee  *  ssstttaauu
/data3fast/users/mbermudez/de_03/TFGDataset/img/train_t2_0243_1.png|aashhheeeeeeuuuuhhheeeehhheeeeeeeeeee  uuuusseeeee
/data3fast/users/mbermudez/de_03/TFGDataset/img/train_t2_0154_0.png|eetttttttttttttttttt   ei     eeeeee    eee
/data3fast/users/mbermudez/de_03/TFGDataset/img/train_t2_1266.png|neeeeeeessssllhhhhe  aaannnnnee   nnnnnnneeee
/data3fast/users/mbermudez/de_03/TFGDataset/img/train_t2_1455_2.png|mu   eeeeeeelll  aaa  hhhhhhhheet         eeeeeii
/data3fast/users/mbermudez/de_03/TFGDataset/img/train_t2_0834_2.png|irreeeeeeeeeeeeet     lllllhheeeeeeen    asss
/data3fast/users/mbermudez/de_03/TFGDataset/img/train_t2_0964_1.png|tttt      eeeeesesstt   eeeeeeeeeeeeee
/data3fast/users/mbermudez/de_03/TFGDataset/img/train_t2_0430_1.png|ahhh  eeeeeeettt   rerr   nnana  sssssseetttttt
/data3fast/users/mbermudez/de_03/TFGDataset/img/train_t2_0677_0.png|aass     eeeeeeeeesss    lleessttt  edd
/data3fast/users/mbermudez/de_03/TFGDataset/img/train_t2_0603.png|nii llleeeeeedddddeeeeeeeeee*eeeeeee           ttttttt
/data3fast/users/mbermudez/de_03/TFGDataset/img/train_t2_0571.png|beeeee     uueeeeee nneeeeeeeeelllllnnnnnnee
/data3fast/users/mbermudez/de_03/TFGDataset/img/train_t2_0866_0.png|ffffee      eeeeee ttttteeennneeeeeeeeeeeee
/data3fast/users/mbermudez/de_03/TFGDataset/img/train_t2_0384_2.png|neeeeee         nnnnnnnn  eeeeee  deeeeeeeeee
/data3fast/users/mbermudez/de_03/TFGDataset/img/train_t2_0120_0.png|aaseeeeeeeededrrrrriiieeeell   aaa     eeeeee
/data3fast/users/mbermudez/de_03/TFGDataset/img/train_t2_0613_0.png|geeeeeiiihhhhh       eeeeeeessssssssse    ddddd
/data3fast/users/mbermudez/de_03/TFGDataset/img/train_t2_0313.png|nnndddde              eeeeehhh  nnn eeeeeeeeettttt
/data3fast/users/mbermudez/de_03/TFGDataset/img/train_t2_1217_2.png|wlll      sssssss  eeed   r       eeeeeee   
/data3fast/users/mbermudez/de_03/TFGDataset/img/train_t2_0130.png|hheeeeeeeerrrrrrrrhhhhhhh        eessslll  ee    ss
/data3fast/users/mbermudez/de_03/TFGDataset/img/train_t2_0063_2.png|ee   ddnnn      lleeeeeeeettt       ssssss      d
/data3fast/users/mbermudez/de_03/TFGDataset/img/train_t2_0129_0.png|#  d
/data3fast/users/mbermudez/de_03/TFGDataset/img/train_t2_1163_2.png|weeeeeeess       asssseeee nnnnn   eeett***
/data3fast/users/mbermudez/de_03/TFGDataset/img/train_t2_0641_2.png|annnnnnnnnnnnnnnneeeeessseeeeeee eeeeeeer    aa
/data3fast/users/mbermudez/de_03/TFGDataset/img/train_t2_0856_1.png|iireeeeeeeeeeennn   eeeeeeeeeeesseeeeeeeeeeeNNNNNN
/data3fast/users/mbermudez/de_03/TFGDataset/img/train_t2_0015_2.png|derrrreeeeeeeeeeeeeeeeeeeeeeessssssl     sttt
/data3fast/users/mbermudez/de_03/TFGDataset/img/train_t2_0219_0.png|diee          eeeeeeshhh                   l
/data3fast/users/mbermudez/de_03/TFGDataset/img/train_t2_0542.png|eerree   aaaaaaa   eeeeeedeeeeeesschhhhh eeeeeee
/data3fast/users/mbermudez/de_03/TFGDataset/img/train_t2_0968.png|missssssssssss ssssss  aa sssllleeeeeeee ee       rrrrr hh
/data3fast/users/mbermudez/de_03/TFGDataset/img/train_t2_0344_1.png|nnnnn    a  ssssseeee   uuuunneeeeeehhe    dd
/data3fast/users/mbermudez/de_03/TFGDataset/img/train_t2_0304_2.png|un      aaa aa lleeeeeeeeeesss       lll   nnnn
/data3fast/users/mbermudez/de_03/TFGDataset/img/train_t2_1103_1.png|geeeeeeeeeeee  hhhhhh   eeeeeeeihhhee    laaaa
/data3fast/users/mbermudez/de_03/TFGDataset/img/train_t2_1345.png|geeee dd    rtthhhii  nnnn      liee
/data3fast/users/mbermudez/de_03/TFGDataset/img/train_t2_1077_1.png|ssee   eeeeiiiiihheee           h   sssssssssee
/data3fast/users/mbermudez/de_03/TFGDataset/img/train_t2_1179_1.png|da   eeeeeehhhh         eeeeeee**** nnnnn     tttttttt
/data3fast/users/mbermudez/de_03/TFGDataset/img/train_t2_0875_2.png|lee   ddd  essssssssseeeeeeeennei  iih     e
/data3fast/users/mbermudez/de_03/TFGDataset/img/train_t2_0247_1.png|ahhh   ddeeeeeeer   d      hhheeeeeee    eeeee
/data3fast/users/mbermudez/de_03/TFGDataset/img/train_t2_1327_2.png|eeN      aallllseeeeeeeeeeee    ddd   eeehhaauu
/data3fast/users/mbermudez/de_03/TFGDataset/img/train_t2_1079_1.png|cheeeeeeeeeeeeeeee   eees     n eeeeee
/data3fast/users/mbermudez/de_03/TFGDataset/img/train_t2_1284_0.png|dieeeeeeeee   aaahhhhha      dd     tt nnnnnuuuuuu
/data3fast/users/mbermudez/de_03/TFGDataset/img/train_t2_0066_1.png|ffreeee  llllhhhheeeeee         ll  seeeeee
/data3fast/users/mbermudez/de_03/TFGDataset/img/train_t2_0024.png|bbeeeeeeesssssttt    eheeeeeee  e       saaaa  dee
/data3fast/users/mbermudez/de_03/TFGDataset/img/train_t2_0857.png|de          aaaaa     ee ttttttttteeeeeeeessssssss
/data3fast/users/mbermudez/de_03/TFGDataset/img/train_t2_0329_1.png|reeeeeeeeeeeeee         t     eeeeeeeee    allhhhe     uu
/data3fast/users/mbermudez/de_03/TFGDataset/img/train_t2_0034_2.png|#  eee
/data3fast/users/mbermudez/de_03/TFGDataset/img/train_t2_0392_0.png|mtttttttteeeeeeeeee   lllll           nnn
/data3fast/users/mbermudez/de_03/TFGDataset/img/train_t2_0775_2.png|geeeeeeeeeeehhh     aaaaaa nndnnn  ttttttttttt
/data3fast/users/mbermudez/de_03/TFGDataset/img/train_t2_1208_2.png|das  eeeeee   nn   eeeeeeeetttttt  iiieennn
/data3fast/users/mbermudez/de_03/TFGDataset/img/train_t2_0757_2.png|eeett      eeeee  llllleeeennneeiitttt     eeeeee
/data3fast/users/mbermudez/de_03/TFGDataset/img/train_t2_0071_0.png|anneesssseeee        rreeeeeeeeeeeeelll    dddd eeee
/data3fast/users/mbermudez/de_03/TFGDataset/img/train_t2_1226_2.png|aas          ********    eeie         lllcccsseeeeeeee
/data3fast/users/mbermudez/de_03/TFGDataset/img/train_t2_0685_1.png|iii  eeeeeeee**nnnlnnnnneeeeeee   ss  
/data3fast/users/mbermudez/de_03/TFGDataset/img/train_t2_0179_0.png|tthnnnnnnnnnnnneeeeee e  hhcchhhhhheeeeeeeee
/data3fast/users/mbermudez/de_03/TFGDataset/img/train_t2_0518_1.png|drr  aaaa  eeeeeeeeerrrree    n       eeeeett
/data3fast/users/mbermudez/de_03/TFGDataset/img/train_t2_0689_1.png|und     eeeeeeeeesssssssaaassallleeeeeeeeeet
/data3fast/users/mbermudez/de_03/TFGDataset/img/train_t2_0485.png|bbreeehhhh       eeehheeeeeeeeeeeeeddereeee ll
/data3fast/users/mbermudez/de_03/TFGDataset/img/train_t2_0814_2.png|llee       ssseeeeeeeeeeeggeeeee u   ss aaa
/data3fast/users/mbermudez/de_03/TFGDataset/img/train_t2_1349_0.png|eeeiiii        eeeeeeeeeee ttttttt      eerrrrrrrt
/data3fast/users/mbermudez/de_03/TFGDataset/img/train_t2_0431_0.png|ooeeeeeeetttt    d  eeettt       eeeeeeNeNNNNNN
/data3fast/users/mbermudez/de_03/TFGDataset/img/train_t2_1285_1.png|dd    eeeeeeeeeeeeeeeeee        eeeellllleeeeee      nneeeee
/data3fast/users/mbermudez/de_03/TFGDataset/img/train_t2_0551.png|lleeeeeeeeeeeee   ddrrrr    aaa sshhaaau  dddrr
/data3fast/users/mbermudez/de_03/TFGDataset/img/train_t2_0406_0.png|iii        llhhh       d  ssslhhhh   iiin
/data3fast/users/mbermudez/de_03/TFGDataset/img/train_t2_0438.png|oooeeeeeeeeeeeeeeeeeeeeee uuunnn   teee
/data3fast/users/mbermudez/de_03/TFGDataset/img/train_t2_1497_2.png|tteee eeeeeeeee   eeeeeeeeeeeee       aaaaahhh
/data3fast/users/mbermudez/de_03/TFGDataset/img/train_t2_0782_1.png|innneeeeeeeeeeeeeeeeeeeeeeeit      eeeeeeeee
/data3fast/users/mbermudez/de_03/TFGDataset/img/train_t2_1130_1.png|rrrrrtttssssssssssshh    n  eeeeeeeeeeeeeeeeeeehhe
/data3fast/users/mbermudez/de_03/TFGDataset/img/train_t2_0665.png|leee ddddddd   aaalllleeet  nnnddeeeeeeuu
/data3fast/users/mbermudez/de_03/TFGDataset/img/train_t2_0607_1.png|weeeee     sssssssssss     d  ssssssssseeeeeleeeeee
/data3fast/users/mbermudez/de_03/TFGDataset/img/train_t2_1324.png|chhsss    eeeeeeee   *       d  a lllheei  n  ddddd
/data3fast/users/mbermudez/de_03/TFGDataset/img/train_t2_0897.png|geeennneeennneeeeeeeeeeeeee***ss      aallll
/data3fast/users/mbermudez/de_03/TFGDataset/img/train_t2_1113_1.png|elllllleennnnnnnnneeeeeeeeeeeetttte    ssa
/data3fast/users/mbermudez/de_03/TFGDataset/img/train_t2_0873.png|iinnnn   eeee            eeeeeeiii          aschhhhh
/data3fast/users/mbermudez/de_03/TFGDataset/img/train_t2_0276.png|sss       nnnnnnneeeelllllhhhhttttttth
/data3fast/users/mbermudez/de_03/TFGDataset/img/train_t2_1014_2.png|geeeeeeeeeeeelllleehhhh  eeeeeeessssssssssss  s eeeee
/data3fast/users/mbermudez/de_03/TFGDataset/img/train_t2_0780_1.png|oon eeeeeeeeee  ...
/data3fast/users/mbermudez/de_03/TFGDataset/img/train_t2_0087_2.png|diieeeeee       d  ssseeee    dd  aaaaa  eeeee
/data3fast/users/mbermudez/de_03/TFGDataset/img/train_t2_0591.png|dieseeeeeeettttn neeh uuuuuu neeeeeeeeeeee hh    au
/data3fast/users/mbermudez/de_03/TFGDataset/img/train_t2_0955_1.png|wlll                 l           eeeeeeee  nneeeeee e
/data3fast/users/mbermudez/de_03/TFGDataset/img/train_t2_1262_1.png|chhhh  eeeee     aalll    n eeeeeehhhheeeeeee
/data3fast/users/mbermudez/de_03/TFGDataset/img/train_t2_1148_0.png|tt ddddeeeeeeeeeeesss lll        eeee
/data3fast/users/mbermudez/de_03/TFGDataset/img/train_t2_1345_0.png|geeeedddd    tccchhh   nnnnaaa   lie
/data3fast/users/mbermudez/de_03/TFGDataset/img/train_t2_0203_1.png|nnnddd  eeee   eeeeeeeeeeeee          assssee
/data3fast/users/mbermudez/de_03/TFGDataset/img/train_t2_1484.png|das  eeeeeeeeeeeeennnnnnnn eeeeeeeeeeee   ttttaaau
/data3fast/users/mbermudez/de_03/TFGDataset/img/train_t2_0969_1.png|meeeNNeeeeee ttttt     eeeeeehhhh        eeeeeeeeeee
/data3fast/users/mbermudez/de_03/TFGDataset/img/train_t2_0838_1.png|hhhh  d     rrrrrrrrhhtth  aaa   nnnnn  eeeehh
/data3fast/users/mbermudez/de_03/TFGDataset/img/train_t2_0554_2.png|leee    ssssss  eeeeeeeclhhhhhhieiiieeeel       eeeeeeee
/data3fast/users/mbermudez/de_03/TFGDataset/img/train_t2_1233_0.png|wweeeee
/data3fast/users/mbermudez/de_03/TFGDataset/img/train_t2_0601_2.png|bee llllallllleennnneeeeeeeeelllccttt    tttt
/data3fast/users/mbermudez/de_03/TFGDataset/img/train_t2_0638_2.png|ohheeeeeeeeeeeeeeeeeeeeeecchhhhhh   d     a   eeee
/data3fast/users/mbermudez/de_03/TFGDataset/img/train_t2_1065_2.png|lll    dddeeeeeeeeeehhhhhhhh a    deeeeeeeee**n     s
/data3fast/users/mbermudez/de_03/TFGDataset/img/train_t2_0484_0.png|brrrreeeeeeeeeeehh     uu  deeeeeeeeehhhttttt
/data3fast/users/mbermudez/de_03/TFGDataset/img/train_t2_0277_1.png|drrttt    ssshtttttt
/data3fast/users/mbermudez/de_03/TFGDataset/img/train_t2_0077_1.png|ieennnnn  tccchhheeeeeeeeelllll  nnnnaaaaasss
/data3fast/users/mbermudez/de_03/TFGDataset/img/train_t2_0157_0.png|oooo eeeeeeeeeeeeee ssssshhhe  nnnnn  ddeeee
/data3fast/users/mbermudez/de_03/TFGDataset/img/train_t2_0651_1.png|stt     eee      sssee  nnnnnn       ss  e  ennhh
/data3fast/users/mbermudez/de_03/TFGDataset/img/train_t2_1361_2.png|uu    eeeeeeeeeeeeeeeeeeecthhauu  d  eeesellle
/data3fast/users/mbermudez/de_03/TFGDataset/img/train_t2_1100_2.png|ihhh   reeeeeeeeeeessseeeeeee lllhaaa   deeeeittt
/data3fast/users/mbermudez/de_03/TFGDataset/img/train_t2_1307_0.png|hheeeeeeee ssss  dd  eeeeeeeee           eeeeeet
/data3fast/users/mbermudez/de_03/TFGDataset/img/train_t2_1248.png|eeeee eee n     iiitttt      a      hhee  nn
/data3fast/users/mbermudez/de_03/TFGDataset/img/train_t2_0766_1.png|aau eeeeeeehhhnnnneeeeeeee    aaaaaahhllll
/data3fast/users/mbermudez/de_03/TFGDataset/img/train_t2_0879_0.png|iss   eeeeeeeeeerrrrreeeeeddeeeeeeeennn
/data3fast/users/mbermudez/de_03/TFGDataset/img/train_t2_0156_2.png|dee  llleeeeeeeeeeee    achh    neeeeesseee tttttt
/data3fast/users/mbermudez/de_03/TFGDataset/img/train_t2_0999_1.png|eerllllllllleeeeddd     aalleeeeNeNeeee      ii
/data3fast/users/mbermudez/de_03/TFGDataset/img/train_t2_0498_1.png|ees   aa  eeeeeee eeeeelllliiiettttt   *.
/data3fast/users/mbermudez/de_03/TFGDataset/img/train_t2_0347_0.png|dirttt  nnnnnnnnnttt aa          deeeee
/data3fast/users/mbermudez/de_03/TFGDataset/img/train_t2_0462_0.png|eee  lleeeeeeeeeeeeeeeeeeee rrre       ssseeeelll
/data3fast/users/mbermudez/de_03/TFGDataset/img/train_t2_0110_0.png|ooosssssllllllhheeeeeee     alllleeeeleeeeeennnn
/data3fast/users/mbermudez/de_03/TFGDataset/img/train_t2_0877_0.png|aheeee  n ee        rrriihhhhhh uuauuuu nnn
/data3fast/users/mbermudez/de_03/TFGDataset/img/train_t2_1147_1.png|aaass    hhe eeeee  nn     d reeertt     dddddd
/data3fast/users/mbermudez/de_03/TFGDataset/img/train_t2_0434.png|tttt       n eeeeeeeeeessschhht     sssssahh
/data3fast/users/mbermudez/de_03/TFGDataset/img/train_t2_1159_0.png|uu   nnnnn  naaaa  ddeeeeeeeeeeuuuuuueeeeeee
/data3fast/users/mbermudez/de_03/TFGDataset/img/train_t2_0619.png|dee    eeeeeeeeeeee   tth       eeeeeeeeeee    ttttttt
/data3fast/users/mbermudez/de_03/TFGDataset/img/train_t2_0457_2.png|oeeeee  err rrree ssssss   hheeeeeee  eeesstttt
/data3fast/users/mbermudez/de_03/TFGDataset/img/train_t2_0229_1.png|iihhhhhaa    lllleelleeeeeeeeeeeeehhhhhhhheeee  neeeeee
/data3fast/users/mbermudez/de_03/TFGDataset/img/train_t2_1401_2.png|nn   eessttthhhe    deeeeerrr   uunnnnnn
/data3fast/users/mbermudez/de_03/TFGDataset/img/train_t2_1031_2.png|bbeeeeeeeeeeeeeeelh     iiiiiiiennnnnn
/data3fast/users/mbermudez/de_03/TFGDataset/img/train_t2_1194_0.png|geeN          tihe e  eee  eessssss     u un    eeeeee
/data3fast/users/mbermudez/de_03/TFGDataset/img/train_t2_1200.png|##
/data3fast/users/mbermudez/de_03/TFGDataset/img/train_t2_1423_0.png|nnnneeeeeillleeeee  nnddd    ddreeee ttt
/data3fast/users/mbermudez/de_03/TFGDataset/img/train_t2_0117_1.png|geeeeeeeeeee  ehhhhhh     saa        hhhhhh
/data3fast/users/mbermudez/de_03/TFGDataset/img/train_t2_1217_1.png|wlll      sssssl eee             eeeeeee e   nn
/data3fast/users/mbermudez/de_03/TFGDataset/img/train_t2_1393_2.png|nnnnneeellll
/data3fast/users/mbermudez/de_03/TFGDataset/img/train_t2_1475_1.png|neee  eeeeeeeeeeeeeeeennnn     uuuueeeeeeeeeeee
/data3fast/users/mbermudez/de_03/TFGDataset/img/train_t2_0416.png|sssshh   e         dddeeee ss               iiiillls
/data3fast/users/mbermudez/de_03/TFGDataset/img/train_t2_0042_1.png|dd    rttttts      t     sseeeeeeeeeeetetess  ee
/data3fast/users/mbermudez/de_03/TFGDataset/img/train_t2_1045_2.png|weehhht    rrrrrtttii     aaallssss       eeee
/data3fast/users/mbermudez/de_03/TFGDataset/img/train_t2_1006.png|derrrr nnnneeehh    eeelleeeleee      dd  sss
/data3fast/users/mbermudez/de_03/TFGDataset/img/train_t2_0109_2.png|asseeeeee       seeeeeeee  nnn    e   e llslssss
/data3fast/users/mbermudez/de_03/TFGDataset/img/train_t2_0425_1.png|ttt     eleeesssssstt   eeeeeeelsssssse eetttt
/data3fast/users/mbermudez/de_03/TFGDataset/img/train_t2_1038_0.png|daaaaaaa  nu eeeeeesssttthhss   eeee tttttt  dd
/data3fast/users/mbermudez/de_03/TFGDataset/img/train_t2_0076.png|dereeeeeeeeeeseeeee    eeeeeetttnneeeeeeee
/data3fast/users/mbermudez/de_03/TFGDataset/img/train_t2_0798_0.png|iieeeeee aassssssssssseeeeeeeeeeee
/data3fast/users/mbermudez/de_03/TFGDataset/img/train_t2_1023.png|deeeeeeeeeeeee dddeeeeeeeeeeeitt       ddeee
/data3fast/users/mbermudez/de_03/TFGDataset/img/train_t2_0507_0.png|iii    sssssshhheeeeeeeeeeeeeeeee eteetsscchhhh    ddd
/data3fast/users/mbermudez/de_03/TFGDataset/img/train_t2_1477_2.png|ggeeeeeee    uu dddee sss aassseeeeee         d
/data3fast/users/mbermudez/de_03/TFGDataset/img/train_t2_0917_1.png|# 
/data3fast/users/mbermudez/de_03/TFGDataset/img/train_t2_0112_1.png|aae      ss    eeeeeeeeeee     d d          eeesss a
/data3fast/users/mbermudez/de_03/TFGDataset/img/train_t2_0878_1.png|vrrr aaaaaaeeeelllllennnniiinn   sssschhhttt
/data3fast/users/mbermudez/de_03/TFGDataset/img/train_t2_1242_2.png|mrrchsssssssss          dd eeeee tt    ss    eeeeesssthh
/data3fast/users/mbermudez/de_03/TFGDataset/img/train_t2_1015.png|ttt un naa    eeeeee     uu   eeeeeeeeeee
/data3fast/users/mbermudez/de_03/TFGDataset/img/train_t2_0149_1.png|geeeeee  errrrttttt    eeeeee********.****
/data3fast/users/mbermudez/de_03/TFGDataset/img/train_t2_0068_2.png|tttttthheeeeeeeee         aaa    reeeennnnaaaa
/data3fast/users/mbermudez/de_03/TFGDataset/img/train_t2_0390_2.png|sssseeeeeeeeeeeeeelllhhhhhh   seeeeeee     reeeeee
/data3fast/users/mbermudez/de_03/TFGDataset/img/train_t2_0070_1.png|dess thhhhhhhhhhh t       eeeeeeeeeeeeeee
/data3fast/users/mbermudez/de_03/TFGDataset/img/train_t2_0511.png|oooeeeeeeeeeennnnn       hhts       eeeeeeeu
/data3fast/users/mbermudez/de_03/TFGDataset/img/train_t2_0943_0.png|eee   a    eee   eeeeeeeeehheleeee eed
/data3fast/users/mbermudez/de_03/TFGDataset/img/train_t2_0967_2.png|eere          seeeeeeeeeee nnnn     rr
/data3fast/users/mbermudez/de_03/TFGDataset/img/train_t2_1433_2.png|ihhhleee    dddeeeeeeeeeeeeeeeee        sssseeeee
/data3fast/users/mbermudez/de_03/TFGDataset/img/train_t2_0132.png|beeeeeeee   ll lllaaaa  eeeeee nnneeeeeeeeeeeeeeeeellll
/data3fast/users/mbermudez/de_03/TFGDataset/img/train_t2_0587_0.png|der   annn  nn  nd   eeeenn  hheeeee     ss
/data3fast/users/mbermudez/de_03/TFGDataset/img/train_t2_1225_1.png|# dd
/data3fast/users/mbermudez/de_03/TFGDataset/img/train_t2_0089_1.png|aase      rreeeeeeeeeeeeeeeeeeeeeeaaa
/data3fast/users/mbermudez/de_03/TFGDataset/img/train_t2_0848_1.png|geeettttt         iii* *   lllssss   d   lllll
/data3fast/users/mbermudez/de_03/TFGDataset/img/train_t2_1020_2.png|# 
/data3fast/users/mbermudez/de_03/TFGDataset/img/train_t2_0605_1.png|sttlleeeeeeeeeeeeed ssss               dddddd
/data3fast/users/mbermudez/de_03/TFGDataset/img/train_t2_0952_2.png|ber         eeeeeeeeeeeetttt      d        ddd  
/data3fast/users/mbermudez/de_03/TFGDataset/img/train_t2_1135_0.png|geeeee  ttttthhhtteeeeee     d deeeeeeesssss
/data3fast/users/mbermudez/de_03/TFGDataset/img/train_t2_0345.png|mhhhhh        eeeeehhhhh   ddd   lliieeeeeeeeeeee
/data3fast/users/mbermudez/de_03/TFGDataset/img/train_t2_0478_0.png|geeeeeeeeee nnnn   eellhhhhh     eeeeee  sssss
/data3fast/users/mbermudez/de_03/TFGDataset/img/train_t2_1168_1.png|ooo eee           sssssshhhhhteeeeeeee**          eeeeehh
/data3fast/users/mbermudez/de_03/TFGDataset/img/train_t2_0644_0.png|nnnneeeeeeeeeeee   allleeeeeeeeeeeeee    deeeee
/data3fast/users/mbermudez/de_03/TFGDataset/img/train_t2_1010.png|geeee     ddd     assseeeeeeeeeeeeeethhht
/data3fast/users/mbermudez/de_03/TFGDataset/img/train_t2_1371_1.png|dassseeeehheet                         eccshheeee nnnnnn
/data3fast/users/mbermudez/de_03/TFGDataset/img/train_t2_0326_1.png|ggneeessssss aaaa   hheeeeeentttt    ssssssss
/data3fast/users/mbermudez/de_03/TFGDataset/img/train_t2_0822_0.png|unn    uuuuuuuuunnnnnnnnnnnaaaaahhhee
/data3fast/users/mbermudez/de_03/TFGDataset/img/train_t2_1342.png|ann eeeee    nnn eeeed   e illlle   eeeeeeee 
/data3fast/users/mbermudez/de_03/TFGDataset/img/train_t2_0410_0.png|rreeeeeeeeeeeeeeeeeeeeeeeee            nnnnnn      alll
/data3fast/users/mbermudez/de_03/TFGDataset/img/train_t2_0385_2.png|iiiil  a      eeeeeeli  nnnn   eeeeeeeee *****ttttt
/data3fast/users/mbermudez/de_03/TFGDataset/img/train_t2_1465.png|auu eeeee tt      aalll   eeeeeessssssssss     ee
/data3fast/users/mbermudez/de_03/TFGDataset/img/train_t2_0822_2.png|uudd  uuuuuuuuunnnnnnnnnnnnnnaaahhheee
/data3fast/users/mbermudez/de_03/TFGDataset/img/train_t2_1344_1.png|dd      dddddd  e    ttttccl      aaasssss ddee
/data3fast/users/mbermudez/de_03/TFGDataset/img/train_t2_0809_1.png|eeer  r eeeeeeee        iieeennnnneeeeeeeeeeeeel
/data3fast/users/mbermudez/de_03/TFGDataset/img/train_t2_1043_0.png|onee       a  eeeeeeeeee   d  dd  ssseeeee     eeee
/data3fast/users/mbermudez/de_03/TFGDataset/img/train_t2_0534.png|geettttsssss  essss ssssssstthheeeeee     heeee
/data3fast/users/mbermudez/de_03/TFGDataset/img/train_t2_0001_2.png|gee ddd   eeeeeeeeeeeeeeeN  d          sseeeeeee
/data3fast/users/mbermudez/de_03/TFGDataset/img/train_t2_1019_0.png|geeeeeee    ttttttt     eeeeeeellee
/data3fast/users/mbermudez/de_03/TFGDataset/img/train_t2_0922_0.png|cheeeeeeeeee    uunnn asslchhhhiiieellllllll
/data3fast/users/mbermudez/de_03/TFGDataset/img/train_t2_1112.png|sst         sssss    aaaaahhhhhh eeeeeeeeeeihhhh
/data3fast/users/mbermudez/de_03/TFGDataset/img/train_t2_0244_2.png|bseeeeeeeeeeeeeeeeeeenn   ereeeeeeeeeeee
/data3fast/users/mbermudez/de_03/TFGDataset/img/train_t2_1203.png|geeeee  ttttt    llllllleeeeellllleeeeeeee
/data3fast/users/mbermudez/de_03/TFGDataset/img/train_t2_1371_0.png|da   eheeeeet             add      nn  eeeechttnnnnnn
/data3fast/users/mbermudez/de_03/TFGDataset/img/train_t2_0272_1.png|mi          ddddee  cchhhaa adddd eeeeeerrrr
/data3fast/users/mbermudez/de_03/TFGDataset/img/train_t2_0183_0.png|oooeeeeeeeee     dd   sssseeeeeh    eeeehhhhhh
/data3fast/users/mbermudez/de_03/TFGDataset/img/train_t2_0253_0.png|ffnnneee      ssssssseeeeeeeett     eeeeeee
/data3fast/users/mbermudez/de_03/TFGDataset/img/train_t2_0695.png|nn     sseehhheeeehhhhheeeeNe  ss  eee    chhhuu
/data3fast/users/mbermudez/de_03/TFGDataset/img/train_t2_0424_1.png|tte     eeneeeeee      eeee   r      tttttt
/data3fast/users/mbermudez/de_03/TFGDataset/img/train_t2_0069_0.png|innn  eeeeeeeeene   eellllllll     eeee      lll
/data3fast/users/mbermudez/de_03/TFGDataset/img/train_t2_0794_0.png|mee      eeeeeeeeeeeei    aaaaa   eeeeeeeeeeeNeNNN
/data3fast/users/mbermudez/de_03/TFGDataset/img/train_t2_0437_2.png|wieeeeee    ccllhhlllseee        d     rhhhhh
/data3fast/users/mbermudez/de_03/TFGDataset/img/train_t2_0310_2.png|dee   eee ee  ssssssssssseeeeeeeeeeeee  ddeee
/data3fast/users/mbermudez/de_03/TFGDataset/img/train_t2_1155.png|irrrr  rr  t   ss   ddeeeeeeeehhhh  eeeeeel
/data3fast/users/mbermudez/de_03/TFGDataset/img/train_t2_1078_1.png|lltt   
/data3fast/users/mbermudez/de_03/TFGDataset/img/train_t2_0441_2.png|tt  eeeeeee       dd   aassssssstttt    d
/data3fast/users/mbermudez/de_03/TFGDataset/img/train_t2_0713_0.png|# ee
/data3fast/users/mbermudez/de_03/TFGDataset/img/train_t2_0614_2.png|wieeeeeeee      eeee          irreeeeeeeessshheeeeesss
/data3fast/users/mbermudez/de_03/TFGDataset/img/train_t2_1073_0.png|# d
/data3fast/users/mbermudez/de_03/TFGDataset/img/train_t2_1424_2.png|rrhhheeeee   aaa   ennnnunaaaaa  eeeeuuueeeeeeeeee
/data3fast/users/mbermudez/de_03/TFGDataset/img/train_t2_1406_2.png|drr  hhh      eeeeeeeellll   ssschhhau   deeeeeeeeee
/data3fast/users/mbermudez/de_03/TFGDataset/img/train_t2_0899_0.png|iiiiiteeeee eee eeeerr  hh          hee    eeeessssss
/data3fast/users/mbermudez/de_03/TFGDataset/img/train_t2_1290.png|bss       ddee e   ssssheeeeeehhhhh     auuueeee
/data3fast/users/mbermudez/de_03/TFGDataset/img/train_t2_0166_1.png|eee eeleeeeee      a auuuu eeeeeeeeeeeeeee    aaaaaa
/data3fast/users/mbermudez/de_03/TFGDataset/img/train_t2_1471_1.png|stttt           eeeeellllll   eess   nnnnnn  eett  nn
/data3fast/users/mbermudez/de_03/TFGDataset/img/train_t2_1402_1.png|woo               eesssssssss     llllleeeeeeeee
/data3fast/users/mbermudez/de_03/TFGDataset/img/train_t2_1220_0.png|iiii    nneeeeeeggnnnnn   tttsesse     ddd
/data3fast/users/mbermudez/de_03/TFGDataset/img/train_t2_1322_2.png|iieeeeeeeeii    dd  ssssslch    d        ddd
/data3fast/users/mbermudez/de_03/TFGDataset/img/train_t2_0164_1.png|zzeeeee   ahhtttttt
/data3fast/users/mbermudez/de_03/TFGDataset/img/train_t2_0762_2.png|eereeeeeeeeeeeeeeeei  i
/data3fast/users/mbermudez/de_03/TFGDataset/img/train_t2_0549_2.png|beeetttttt
/data3fast/users/mbermudez/de_03/TFGDataset/img/train_t2_1479_0.png|wee   a   nnneeeeeeded   ss ggnnnnnneeeee
/data3fast/users/mbermudez/de_03/TFGDataset/img/train_t2_0658_1.png|ii    d d  rrrrreeeeeeeeeee  llllllllhhhhhheeeeee
/data3fast/users/mbermudez/de_03/TFGDataset/img/train_t2_1454_2.png|iiieeeeeetthhhnnnnnnnnnee ccchhhhhhueeee
/data3fast/users/mbermudez/de_03/TFGDataset/img/train_t2_0283_1.png|weeeeeeee eeeeeeeeeeeellllleeee   dd     ssseee
/data3fast/users/mbermudez/de_03/TFGDataset/img/train_t2_0550_2.png|ssseeeeeeee         n    eeeeeee  lleeeeee ttttttt
/data3fast/users/mbermudez/de_03/TFGDataset/img/train_t2_0009_2.png|beeed d     aach  nnnnneeeeeeechhhht    sss
/data3fast/users/mbermudez/de_03/TFGDataset/img/train_t2_1491_2.png|als       ee e*******       reeschhseeeessssshh eeeee
/data3fast/users/mbermudez/de_03/TFGDataset/img/train_t2_0714_1.png|aancchhhhhhh   ddd  eillllihhhshh  eeeeeerre
/data3fast/users/mbermudez/de_03/TFGDataset/img/train_t2_0467_2.png|uus  tttttteee        eee ss  aa     tttttt    ddde
/data3fast/users/mbermudez/de_03/TFGDataset/img/train_t2_0091.png|uud  aaaaaaa  leeeee      ssss   eeeeeenn
/data3fast/users/mbermudez/de_03/TFGDataset/img/train_t2_0808_2.png|eehh  aaaaasss    eeeett      eeeeeeeeeeeeee
/data3fast/users/mbermudez/de_03/TFGDataset/img/train_t2_0870_2.png|ass   eeeeererehhh     aaaaaaaaaaa  eeeeeees
/data3fast/users/mbermudez/de_03/TFGDataset/img/train_t2_0542_2.png|rrrrrr   aaaaaaaa  eeeeeddeeeeeeshhhhhhle eeee
/data3fast/users/mbermudez/de_03/TFGDataset/img/train_t2_0516_2.png|weeeeee  eeeeeessee    a  seeeeeeeeeel   eeeee
/data3fast/users/mbermudez/de_03/TFGDataset/img/train_t2_1475_2.png|nee  leeeedrrreeeeeeeeennnnnn dd   uuueeeeeeee
/data3fast/users/mbermudez/de_03/TFGDataset/img/train_t2_0579_0.png|oonnneeeeeeeeeeeeee    .
/data3fast/users/mbermudez/de_03/TFGDataset/img/train_t2_0163_1.png|die eeeeeeeeeeeiitt      eeehhhhhheeeeeeechhhhhhh
/data3fast/users/mbermudez/de_03/TFGDataset/img/train_t2_1299_0.png|mi   eeeeeeehh       aaaal l nn    sssseeeeethhh
/data3fast/users/mbermudez/de_03/TFGDataset/img/train_t2_1131_1.png|ihhheeeeeeeeeeeeeeee uuuuuu  eeeeeeee     ssssstht
/data3fast/users/mbermudez/de_03/TFGDataset/img/train_t2_0236_0.png|aus eeeeeeeee      r rdddr d  ssssssshhh
/data3fast/users/mbermudez/de_03/TFGDataset/img/train_t2_0001.png|geNN  n    eeeeeeeeeeeeeeee             seeseseeh
/data3fast/users/mbermudez/de_03/TFGDataset/img/train_t2_0765_2.png|iennnn  rrrrr  eeeeeehhii    n nn  eeeeee
/data3fast/users/mbermudez/de_03/TFGDataset/img/train_t2_0736_0.png|ii  eeeeeeeeeeeeeeeeeeee
/data3fast/users/mbermudez/de_03/TFGDataset/img/train_t2_1450_2.png|maa     eeeeeeeeei t     eeeeeeeeeeeeelhhhhhhhh
/data3fast/users/mbermudez/de_03/TFGDataset/img/train_t2_0908.png|tt     eeeenuuuu  eeeeeeeee    auunn    tttttt
/data3fast/users/mbermudez/de_03/TFGDataset/img/train_t2_0568.png|cheNNeee   ss aaa    deertiihheeeeeeeeee eee
/data3fast/users/mbermudez/de_03/TFGDataset/img/train_t2_1045_1.png|weehhhh      rrrrrrriiee  aaa   esssse       eeee
/data3fast/users/mbermudez/de_03/TFGDataset/img/train_t2_0276_0.png|as       nnnn  eee eelllllchhttttttttt
/data3fast/users/mbermudez/de_03/TFGDataset/img/train_t2_0064_2.png|be   d   eeeetttthh        llhhcchhhhhhhttteeeeee*
/data3fast/users/mbermudez/de_03/TFGDataset/img/train_t2_0626_1.png|deee nnnnnnnn    rrrtt   dddddd   eeeeeeeeee
/data3fast/users/mbermudez/de_03/TFGDataset/img/train_t2_1181_0.png|tt  eeeeeeeeeesssseeeehheN    ddddd eeeeeeehhhhhhh
/data3fast/users/mbermudez/de_03/TFGDataset/img/train_t2_1054_1.png|wwlllee  hhhhhh  ddddeeeeeeee sssss    eeeee
/data3fast/users/mbermudez/de_03/TFGDataset/img/train_t2_1431_2.png|dee NNNNNN   nnnennnnnn   eeeee  sssssssss
/data3fast/users/mbermudez/de_03/TFGDataset/img/train_t2_0097_1.png|tttttttttt       aaahhhhh       nniii  laaa
/data3fast/users/mbermudez/de_03/TFGDataset/img/train_t2_1076_1.png|geeeeeeeesssssssee   uu      uuuueeeeeee ee   ee   ha
/data3fast/users/mbermudez/de_03/TFGDataset/img/train_t2_0218_1.png|anneeeeeee         sseeee    lllll        ee
/data3fast/users/mbermudez/de_03/TFGDataset/img/train_t2_0264_1.png|onn        n n aallsssseleeee  nn       eeerrrr
/data3fast/users/mbermudez/de_03/TFGDataset/img/train_t2_0362_1.png|aaugeeeeeeeeeeeeeee    d   llllleeeeeeeeeeee   
/data3fast/users/mbermudez/de_03/TFGDataset/img/train_t2_0033.png|tteeeeeeetttt       n ccchhh  eessss     eeeeeeeeeeN
/data3fast/users/mbermudez/de_03/TFGDataset/img/train_t2_0613_2.png|geeeeiiiiilhhhhh   dddeeeeeeeesssssseNN    ddeee
/data3fast/users/mbermudez/de_03/TFGDataset/img/train_t2_0135_0.png|wisseeee         nnnddd   ee  ccchhhhhhhh  eeeeeen
/data3fast/users/mbermudez/de_03/TFGDataset/img/train_t2_1283_1.png|ssttt     eee      eeeeeeeeeeennnnnn na    eeeee
/data3fast/users/mbermudez/de_03/TFGDataset/img/train_t2_0274_1.png|bbeedd   eeeeeeeeeeele     ddd   eeen
/data3fast/users/mbermudez/de_03/TFGDataset/img/train_t2_0768_1.png|aae    eeeeeeee  hhhhhh    
/data3fast/users/mbermudez/de_03/TFGDataset/img/train_t2_0642.png|dieeeeeeeee  ddeesssssshheeeeeeeeeeee    n    s
/data3fast/users/mbermudez/de_03/TFGDataset/img/train_t2_0087.png|deeeieieeee     ddd  ssseeee    d   aaaaa  eee
/data3fast/users/mbermudez/de_03/TFGDataset/img/train_t2_0588_2.png|dee   eeeeee eeeeeeeettt          ss eeeee
/data3fast/users/mbermudez/de_03/TFGDataset/img/train_t2_1380_0.png|nn deeeeeeeeeeee********* ssssttt      aaaasll  dddeee
/data3fast/users/mbermudez/de_03/TFGDataset/img/train_t2_0800.png|das              l               sssss     aaaaaseeeeeee
/data3fast/users/mbermudez/de_03/TFGDataset/img/train_t2_1391.png|unnd     iinnnnn   ssss        hheeeeeee      eeee
/data3fast/users/mbermudez/de_03/TFGDataset/img/train_t2_0731_1.png|ooo     eeeeee  edreeeeeeeeeeeeeeeeeee ttsssseeeee
/data3fast/users/mbermudez/de_03/TFGDataset/img/train_t2_0334_1.png|iiieeeeeeeeeeehh       rreeer  hhhhhellleeee asas
/data3fast/users/mbermudez/de_03/TFGDataset/img/train_t2_1109.png|rrrrrchhhh nnnn      sssse       ..
/data3fast/users/mbermudez/de_03/TFGDataset/img/train_t2_0171_0.png|iieee
/data3fast/users/mbermudez/de_03/TFGDataset/img/train_t2_1477.png|geeeeNNssss    nddd    sssssa    eeeeet        ddd
/data3fast/users/mbermudez/de_03/TFGDataset/img/train_t2_0090.png|deeelleeeee  neeeeeeeiih   ahhh  ee
/data3fast/users/mbermudez/de_03/TFGDataset/img/train_t2_0312_1.png|eee  ddddd   elcheeeeeeett      illeeeeennnnnnnn
/data3fast/users/mbermudez/de_03/TFGDataset/img/train_t2_0871_0.png|geeeeeeee e     a      dddd        a      eeelll
/data3fast/users/mbermudez/de_03/TFGDataset/img/train_t2_1283.png|ssott     eee       eeeeeeeee nnnnnnaaa     eeee
/data3fast/users/mbermudez/de_03/TFGDataset/img/train_t2_0420_0.png|drrrreeeeeeeeeetthee     ddd         aaallle
/data3fast/users/mbermudez/de_03/TFGDataset/img/train_t2_0777_1.png|dee    eee      dee     n lllnneeeeeeee   eeee
/data3fast/users/mbermudez/de_03/TFGDataset/img/train_t2_0116_0.png|ddd eeeeehhhhtee eddd  sslll  eeeeeeeeheeeeeee
/data3fast/users/mbermudez/de_03/TFGDataset/img/train_t2_1342_1.png|aan  ee       nn   dee   sssllll   d eeeeeeesaauu
/data3fast/users/mbermudez/de_03/TFGDataset/img/train_t2_0964_0.png|tttt    eeeeelesthhhh    eeeeeeeeeeee  
/data3fast/users/mbermudez/de_03/TFGDataset/img/train_t2_1275.png|bee  a     eeeeeehheeee  nnniiieii *****    llsseee dd
/data3fast/users/mbermudez/de_03/TFGDataset/img/train_t2_1249_2.png|und  ssshhhhh        eehhhhhheeeeeeeeee     aa
/data3fast/users/mbermudez/de_03/TFGDataset/img/train_t2_0915_2.png|allleeeeeeeeeeeeeeeesssseeennnnnneeessss ee   ne
/data3fast/users/mbermudez/de_03/TFGDataset/img/train_t2_1210_1.png|geeeeee tttt  aaa    neeeeiihhhheeeeeee nn
/data3fast/users/mbermudez/de_03/TFGDataset/img/train_t2_0044_2.png|weeee  aaa       nnn    eeelllll  nnnn ee
/data3fast/users/mbermudez/de_03/TFGDataset/img/train_t2_1378_1.png|oeee             sss  tttcaa  n       e  sssshhhhh
/data3fast/users/mbermudez/de_03/TFGDataset/img/train_t2_0946_0.png|uu   eeeeeeeeerhhhhh                   eeeee
/data3fast/users/mbermudez/de_03/TFGDataset/img/train_t2_0566_2.png|derssllllhh          ahh    uu eeeeesttttttt
/data3fast/users/mbermudez/de_03/TFGDataset/img/train_t2_0095_2.png|uuddddeeeeeeeelllls          reeeeeeeessssss
/data3fast/users/mbermudez/de_03/TFGDataset/img/train_t2_0259_1.png|drr     ddd        eeesssseeee                s
/data3fast/users/mbermudez/de_03/TFGDataset/img/train_t2_0806_0.png|eNNNNN e      eeeeeeelee        eeelllleee
/data3fast/users/mbermudez/de_03/TFGDataset/img/train_t2_1343_1.png|iinn     een e thhhh    ssssttttt  ***   eeeedddeee
/data3fast/users/mbermudez/de_03/TFGDataset/img/train_t2_1441_1.png|beeeeee          lssss        aaaa llleeeeeeee
/data3fast/users/mbermudez/de_03/TFGDataset/img/train_t2_0019_1.png|ihhhh ee e     aa  eeeeeeeeeeeeeeeeee      eeeeeee
/data3fast/users/mbermudez/de_03/TFGDataset/img/train_t2_0303_0.png|oeede     eeeeeeeee        nnnn   hhhhhhhnn
/data3fast/users/mbermudez/de_03/TFGDataset/img/train_t2_1396_1.png|lllseeeeeeeeeseee  dd eeeeeeeehhhhhhhhhhaaaa
/data3fast/users/mbermudez/de_03/TFGDataset/img/train_t2_0664_1.png|miit eeeeeeeeeeee    aaahhh   eeeeeee   ssssss
/data3fast/users/mbermudez/de_03/TFGDataset/img/train_t2_0824_2.png|uussssssstteeee     eee   eeeeeeeeeellcccchh  hhheeeeeeee
/data3fast/users/mbermudez/de_03/TFGDataset/img/train_t2_1149_0.png|undddrreeeeeeeee     aalllll          ellleeeee
/data3fast/users/mbermudez/de_03/TFGDataset/img/train_t2_0641_0.png|aannnnnnnnnnnneeeeeeeeeechhheeeeeeeee r rr  tt
/data3fast/users/mbermudez/de_03/TFGDataset/img/train_t2_1448_2.png|aaneeeeeeeeeeeee        uuuuu   eeeeeeeeeee 
/data3fast/users/mbermudez/de_03/TFGDataset/img/train_t2_1186.png|neeeecchht     dee  aaa                eeeelll
/data3fast/users/mbermudez/de_03/TFGDataset/img/train_t2_0002_2.png|iiii eeeehe e   uaaaa  ssseeettte  e
/data3fast/users/mbermudez/de_03/TFGDataset/img/train_t2_0018_1.png|eeeeeeeee    dddeeeeeeeeeeeeeeeee     d  eeesseeeee
/data3fast/users/mbermudez/de_03/TFGDataset/img/train_t2_0955.png|wllll                      .    eeeeeeeeNeNN eee   d
/data3fast/users/mbermudez/de_03/TFGDataset/img/train_t2_0623_1.png|drrr       aallee eeriiiiiiii n  eeerrrrtt
/data3fast/users/mbermudez/de_03/TFGDataset/img/train_t2_0519_0.png|beee           ee     eelllhh    nnnn  esssssst
/data3fast/users/mbermudez/de_03/TFGDataset/img/train_t2_1078_2.png|leetttt 
/data3fast/users/mbermudez/de_03/TFGDataset/img/train_t2_0255_2.png|fur       nnnnnn   rreeelllll nnnnn ehheeeeee
/data3fast/users/mbermudez/de_03/TFGDataset/img/train_t2_0349_2.png|set  aaaaaaassseeeeee     iiiiiiieiihhh   e
/data3fast/users/mbermudez/de_03/TFGDataset/img/train_t2_0354.png|ihhh    ss eees          eeeeeechhheeeeeeeeeeennaaaaaa
/data3fast/users/mbermudez/de_03/TFGDataset/img/train_t2_1498_0.png|di     aeeeeeeeeeeeddrrrrrrrrrrrerssssssssstssss
/data3fast/users/mbermudez/de_03/TFGDataset/img/train_t2_0890_0.png|eeeeeddddd       llllssssleeesesselle ee           
/data3fast/users/mbermudez/de_03/TFGDataset/img/train_t2_1401_0.png|inn eessscccchhhhhee  ddeeeeeerr    nnnn nuu
/data3fast/users/mbermudez/de_03/TFGDataset/img/train_t2_0157_1.png|ooonn eeeeeeeeeeeereesschhhe nnnnnndddeeeee
/data3fast/users/mbermudez/de_03/TFGDataset/img/train_t2_0496_2.png|iii   eeennnnndddeeeeeeeee   sssssa llll  dd
/data3fast/users/mbermudez/de_03/TFGDataset/img/train_t2_0988_1.png|gessssssssssN
/data3fast/users/mbermudez/de_03/TFGDataset/img/train_t2_1035_1.png|llchhhhhhaahhh nnnnndd  eeeeeeeeeeeeeeee  nnnnnnn
/data3fast/users/mbermudez/de_03/TFGDataset/img/train_t2_0889.png|ssseeeelleeeeeeeeeeeeeeeeeeeeeeeeeeeeeeitttt
/data3fast/users/mbermudez/de_03/TFGDataset/img/train_t2_0523.png|ttht      hhhheeeeeeN   daaaaahheeeeee sslll ee
/data3fast/users/mbermudez/de_03/TFGDataset/img/train_t2_0327_2.png|diieeeeee ssssseeeeeeeeeiieeeeeeeeeeee nnnnnn
/data3fast/users/mbermudez/de_03/TFGDataset/img/train_t2_0581_1.png|me     aaaass      d s   sssssstsshhhh   dddde
/data3fast/users/mbermudez/de_03/TFGDataset/img/train_t2_0253_1.png|fffneeeeee     sssssseeeeeeeeeet     ddeeeeeee
/data3fast/users/mbermudez/de_03/TFGDataset/img/train_t2_0095.png|uuddddreeeeeeeeelll          tt  eeeeeesssss
/data3fast/users/mbermudez/de_03/TFGDataset/img/train_t2_0090_2.png|deeeeeleeeee  eeeeeeeee    aaaa    e
/data3fast/users/mbermudez/de_03/TFGDataset/img/train_t2_0422_0.png|eeechhhhha    ddeeeeeeee   nnnnnnnnggnneuehh
/data3fast/users/mbermudez/de_03/TFGDataset/img/train_t2_0952.png|bss         eeeseeeeeeeeeeeettt           aa   dddd
/data3fast/users/mbermudez/de_03/TFGDataset/img/train_t2_1138_2.png|aaeee              esssseeeleeeeeeeeeessssseeee  de
/data3fast/users/mbermudez/de_03/TFGDataset/img/train_t2_1244.png|hhheeeeeeeeeeett       eesssschccllll   
/data3fast/users/mbermudez/de_03/TFGDataset/img/train_t2_0781_2.png|dd   eee*****nnnn lllllleee  nnnnneeeee   n
/data3fast/users/mbermudez/de_03/TFGDataset/img/train_t2_0550_0.png|seeeeeeeeeee        nn  eeeeee     eeeeeiittttttt
/data3fast/users/mbermudez/de_03/TFGDataset/img/train_t2_0511_2.png|ooollle     eeiennnnn   a   hhh     ss  eeeeee
/data3fast/users/mbermudez/de_03/TFGDataset/img/train_t2_0788_0.png|ooonaaaaa  eeeeeehhee    aaaa   eeeeet
/data3fast/users/mbermudez/de_03/TFGDataset/img/train_t2_1257_1.png|dee     nnnneeeehhhtt    ddrreeeeeeehh   uu
/data3fast/users/mbermudez/de_03/TFGDataset/img/train_t2_0737_0.png|de   aa        i cchhhll eeeeeee   nnn
/data3fast/users/mbermudez/de_03/TFGDataset/img/train_t2_0876_0.png|weeee     ellllli     ct       eellleeeeeeeit
/data3fast/users/mbermudez/de_03/TFGDataset/img/train_t2_0594_1.png|ien      eeeeeeee   nnnnnnn tttcccleeeeNNnnn
/data3fast/users/mbermudez/de_03/TFGDataset/img/train_t2_0468.png|aaa    eeeeeee  eeeeeee     eeehhtheeee       lll
/data3fast/users/mbermudez/de_03/TFGDataset/img/train_t2_0475_0.png|iii    eeeeesssss llnnnllllheee    e elehhe ee    
/data3fast/users/mbermudez/de_03/TFGDataset/img/train_t2_0235_1.png|geeettttttttt       sss hhhhhhhhh nnnnn     nn
/data3fast/users/mbermudez/de_03/TFGDataset/img/train_t2_0013_0.png|un    ee    d rrhheeeeee ...
/data3fast/users/mbermudez/de_03/TFGDataset/img/train_t2_1458_0.png|dee   tttttt          ********     eeeeeeeeee
/data3fast/users/mbermudez/de_03/TFGDataset/img/train_t2_0619_0.png|dee   eeeeeeeeeeeeee             eeeeeeeeeeee     tttt
/data3fast/users/mbermudez/de_03/TFGDataset/img/train_t2_1158_1.png|aan dddee sssst  eeeeeeeeeessseeee   ssss ch allee
/data3fast/users/mbermudez/de_03/TFGDataset/img/train_t2_0865.png|beeeeeeeeeeNNNN.
/data3fast/users/mbermudez/de_03/TFGDataset/img/train_t2_1450.png|maah     eeeeeeee     nn lleeeeeeeeeeeeeehhhhaaa
/data3fast/users/mbermudez/de_03/TFGDataset/img/train_t2_1398_1.png|ne   aaa hhheeeeeeeeeeeeee         iinee
/data3fast/users/mbermudez/de_03/TFGDataset/img/train_t2_0071_1.png|annee  sesee         eeeeeeeeeeslllll     ddddn
/data3fast/users/mbermudez/de_03/TFGDataset/img/train_t2_1474_1.png|auu  e essssssss  eeeeee        eeeetccssh   aa
/data3fast/users/mbermudez/de_03/TFGDataset/img/train_t2_1385_1.png|iss  ss sseeeeeeeeNNNNee  d  ee e  sssscchhhhheeeeeeeeh
/data3fast/users/mbermudez/de_03/TFGDataset/img/train_t2_0084_1.png|wnnnn      ttt    *ttttttee      eee  eeee e     tteeeeeeeen
/data3fast/users/mbermudez/de_03/TFGDataset/img/train_t2_0806_2.png|eeNNN         eeeeeeeeeN    d   lleleeeinne
/data3fast/users/mbermudez/de_03/TFGDataset/img/train_t2_0179_1.png|tthnnnnnnnnnnnn eeeeeeeeeeeehchhhhleeeeeeeeeee
/data3fast/users/mbermudez/de_03/TFGDataset/img/train_t2_1110.png|aas eeeeeee            tt     ssseeeeeeeeN
/data3fast/users/mbermudez/de_03/TFGDataset/img/train_t2_1316_1.png|virrrrttttt 
/data3fast/users/mbermudez/de_03/TFGDataset/img/train_t2_1040.png|wiiellaaaaaa      hhhhl   dd     assssseehetttte
/data3fast/users/mbermudez/de_03/TFGDataset/img/train_t2_0651_2.png|bttt      ee       eeee  nnnnnn        eeeee nnnaa
/data3fast/users/mbermudez/de_03/TFGDataset/img/train_t2_0751.png|eeee  eeeeee       hheee       hhhh    eieeeeee
/data3fast/users/mbermudez/de_03/TFGDataset/img/train_t2_0879.png|iit   eeeeeeeeeeeereeeee    reeeennnnneeee
/data3fast/users/mbermudez/de_03/TFGDataset/img/train_t2_1047.png|see aaaaaaa ssssssee   ddeeeeeeeeeeeeeere eee
/data3fast/users/mbermudez/de_03/TFGDataset/img/train_t2_0106.png|ds      hhh               eeeeehhhN
/data3fast/users/mbermudez/de_03/TFGDataset/img/train_t2_0080_0.png|aannn      eeeeeeeee    lllneeeeeinnn   eeeeee
/data3fast/users/mbermudez/de_03/TFGDataset/img/train_t2_1171_0.png|ass      eeeehiiinnnnnnnnn      elsseeeeeeeeeee
/data3fast/users/mbermudez/de_03/TFGDataset/img/train_t2_0868.png|undd      a      eeeeheeeeeeessssssee  
/data3fast/users/mbermudez/de_03/TFGDataset/img/train_t2_0580_1.png|auu  hhhhhhheeee    aaaalsssss       s      ..
/data3fast/users/mbermudez/de_03/TFGDataset/img/train_t2_1151_1.png|leee
/data3fast/users/mbermudez/de_03/TFGDataset/img/train_t2_0657.png|anneeeeeeeetesseeeeeeeeee     eeeeeeeeessss  ehee
/data3fast/users/mbermudez/de_03/TFGDataset/img/train_t2_0309_2.png|dasssseeeeeeeeeeee    ssss a        rrrrrh
/data3fast/users/mbermudez/de_03/TFGDataset/img/train_t2_0023_2.png|geertttttt eeeeeeee lllnnnnnnnn  ddd ddeeeeeeee
/data3fast/users/mbermudez/de_03/TFGDataset/img/train_t2_1000.png|leeeeeeeett nnnnneeee      sseeeeeeeeeeeeeeeeeeeee
/data3fast/users/mbermudez/de_03/TFGDataset/img/train_t2_0288_1.png|iiiiiinnn   n  eeeeee  nnnnneeeeeee lll     eeee
/data3fast/users/mbermudez/de_03/TFGDataset/img/train_t2_0136_1.png|aasssseeeeseeesssss       n eeellllllnnn eeee*******...
/data3fast/users/mbermudez/de_03/TFGDataset/img/train_t2_1214_2.png|au   d   all    lll e   eeeess    u       shee
/data3fast/users/mbermudez/de_03/TFGDataset/img/train_t2_0572_1.png|ffuuddddeeeeeeeeeeeeeee   ddeee            tts
/data3fast/users/mbermudez/de_03/TFGDataset/img/train_t2_0151_0.png|sshh             d  iiiiiiii  nnn    sssssse
/data3fast/users/mbermudez/de_03/TFGDataset/img/train_t2_0982.png|dieseeee       a hhhhhh   ssseeee  nn   lllllllllhhhhhh
/data3fast/users/mbermudez/de_03/TFGDataset/img/train_t2_1067.png|uuueeeeeeehhhheennnnnittttt      aa   eeee
/data3fast/users/mbermudez/de_03/TFGDataset/img/train_t2_1002_1.png|eeeeeeeeeeeeeeeeeeeeeee    eeeeeesstttttttttnnnnn
/data3fast/users/mbermudez/de_03/TFGDataset/img/train_t2_0749_0.png|drrrrriii     eee   uueeeeeeeeeellll       eeeeeeee
/data3fast/users/mbermudez/de_03/TFGDataset/img/train_t2_0599_0.png|ddd   rreeeeeehhaa   aaa     ddd   s sshheeeeeeee
/data3fast/users/mbermudez/de_03/TFGDataset/img/train_t2_0027_0.png|ee  aa  n  eee  uaaa   teeee sssss
/data3fast/users/mbermudez/de_03/TFGDataset/img/train_t2_0033_0.png|ttiieee tssss   tttttchh     ssss      leeeeeeee
/data3fast/users/mbermudez/de_03/TFGDataset/img/train_t2_0071_2.png|aand     eee         eeeeeeeeee cccll      dddddde
/data3fast/users/mbermudez/de_03/TFGDataset/img/train_t2_1251_2.png|beeeee  aaa   eeeeeeeee   eeee   eeeeeeee
/data3fast/users/mbermudez/de_03/TFGDataset/img/train_t2_1069_1.png|dddddddrrrrrree  sssseeeettt      sssss s   .....
/data3fast/users/mbermudez/de_03/TFGDataset/img/train_t2_1041_1.png|meee     hhhhhhhhte
/data3fast/users/mbermudez/de_03/TFGDataset/img/train_t2_0608_2.png|blllleeee    ***  ssssss   eeeeeeeeiiithh nnnndd
/data3fast/users/mbermudez/de_03/TFGDataset/img/train_t2_1338_0.png|iee  seeeeeeeeee  dddeeriiiiinnii      ssssss
/data3fast/users/mbermudez/de_03/TFGDataset/img/train_t2_0522.png|ggeeeeeeeeetttsssschh e  eddddeeeeeeeeee  aaaaa
/data3fast/users/mbermudez/de_03/TFGDataset/img/train_t2_0110_2.png|ooosssssslhhh   eeiiiii    aaalllleeeiieett   nnn
/data3fast/users/mbermudez/de_03/TFGDataset/img/train_t2_0583_2.png|aaau      nn       alll ssscchhhh eeeeelllleeeeeee
/data3fast/users/mbermudez/de_03/TFGDataset/img/train_t2_1209_0.png|iiir   eeessseeeeedddee     cchh  eeeeeee
/data3fast/users/mbermudez/de_03/TFGDataset/img/train_t2_0111_1.png|afeeeeee      llllhhhhhh neeeeeeellll  n   aaaa
/data3fast/users/mbermudez/de_03/TFGDataset/img/train_t2_0410.png|eeeeeeeeeeeeeeeeeeeeeeeee n       ccccc nnnn        a
/data3fast/users/mbermudez/de_03/TFGDataset/img/train_t2_0771_0.png|#  
/data3fast/users/mbermudez/de_03/TFGDataset/img/train_t2_1105_0.png|ttt     eeeeeeellll    eesssseeehheee         eeeeeee
/data3fast/users/mbermudez/de_03/TFGDataset/img/train_t2_0479_2.png|leeee    hhh     dddd              hiilnnn
/data3fast/users/mbermudez/de_03/TFGDataset/img/train_t2_0076_1.png|derr eeeeeeeeesssee     eeetttt nn eeeeeed
/data3fast/users/mbermudez/de_03/TFGDataset/img/train_t2_1323_2.png|beeeeeeeeeeehhhhhhlllleeeeehh      ddd eeesseeeeee
/data3fast/users/mbermudez/de_03/TFGDataset/img/train_t2_1229_1.png|lll        lllht  nn   ssssschh  dderrrrhhhhh
/data3fast/users/mbermudez/de_03/TFGDataset/img/train_t2_0088_1.png|ee          tttt  eeneeeeee    rrrrrrrriiiii
/data3fast/users/mbermudez/de_03/TFGDataset/img/train_t2_0319_0.png|sheeeee               eeeeeeeeerhhhh      eeeeeeeee
/data3fast/users/mbermudez/de_03/TFGDataset/img/train_t2_1195.png|iii aaaaaa  eeeeeeeeee  ..
/data3fast/users/mbermudez/de_03/TFGDataset/img/train_t2_0939_2.png|iii  eeeeeeehe       alllla   eeee   eeeee aae
/data3fast/users/mbermudez/de_03/TFGDataset/img/train_t2_1338_1.png|ieeeeeshheeeeeeedddrrerr niiiiiii***.  lllss
/data3fast/users/mbermudez/de_03/TFGDataset/img/train_t2_0494_2.png|wisss  
/data3fast/users/mbermudez/de_03/TFGDataset/img/train_t2_0572.png|frredddddeeeeeeeeeeeeeee     eeee           ttttt
/data3fast/users/mbermudez/de_03/TFGDataset/img/train_t2_0873_2.png|iinnnn  eeeee    lllss      elliiiiii        schhhhhh
/data3fast/users/mbermudez/de_03/TFGDataset/img/train_t2_0532_0.png|mmreeeeeeeeeeeeeennnnnn lllll    eee           ee
/data3fast/users/mbermudez/de_03/TFGDataset/img/train_t2_1147_2.png|waas      he eeeeee     a    rrreett     ddddd
/data3fast/users/mbermudez/de_03/TFGDataset/img/train_t2_1273_2.png|reeee    a       hhhhe  nnn eeeeee    eeeii
/data3fast/users/mbermudez/de_03/TFGDataset/img/train_t2_1234_1.png|ggssssss   dddee   ttteeeeesss                 rree
/data3fast/users/mbermudez/de_03/TFGDataset/img/train_t2_0774_1.png|da  eeeeee   u  eeeeeeheeee       eeeeeeeeeeeeeee
/data3fast/users/mbermudez/de_03/TFGDataset/img/train_t2_1405_1.png|tt        aall nnneeeesse eeee   lllle
/data3fast/users/mbermudez/de_03/TFGDataset/img/train_t2_0143_0.png|z  eeeelssss
/data3fast/users/mbermudez/de_03/TFGDataset/img/train_t2_0018.png|meeeeeee    dd  eellleeeeeeeeeee*      eeeeeeee
/data3fast/users/mbermudez/de_03/TFGDataset/img/train_t2_0937_0.png|bbeeeeeeeee   d   ahhh eeeeeeeeee   nnaa
/data3fast/users/mbermudez/de_03/TFGDataset/img/train_t2_1350_2.png|nneeetttttt   nnnn eeee      aaa  hhhhhhhhhh   dd
/data3fast/users/mbermudez/de_03/TFGDataset/img/train_t2_1312_0.png|eetttchhh eeeeeeeeeeeeee nnn    eeeeee
/data3fast/users/mbermudez/de_03/TFGDataset/img/train_t2_0748.png|reeeeeennnnnnnnnneeeeeehhhheeeeeeeeeeeeeee
/data3fast/users/mbermudez/de_03/TFGDataset/img/train_t2_0391_2.png|wweee                     neeeeiiliihheeiii    eeeeee
/data3fast/users/mbermudez/de_03/TFGDataset/img/train_t2_0333.png|ooosseeeeeellle nnn    eeee      lssslllllll    nnn
/data3fast/users/mbermudez/de_03/TFGDataset/img/train_t2_1084_0.png|auuu    aaaa    a  leeeeennn    sssss ttttt
/data3fast/users/mbermudez/de_03/TFGDataset/img/train_t2_0619_1.png|dee   eeeeeeeeeeeee ttt     a   eeeeeeeeeee    ttttt
/data3fast/users/mbermudez/de_03/TFGDataset/img/train_t2_0215_2.png|ttt          eeeesseeeNNs   nnnnnn           eeeer
/data3fast/users/mbermudez/de_03/TFGDataset/img/train_t2_0189_2.png|sseeeeeeeeeeeeeee   ssss      iilllll    dd  eeeeeee
/data3fast/users/mbermudez/de_03/TFGDataset/img/train_t2_0828.png|nnndddd     all edddeeeeess   eeeeee   aaaa
/data3fast/users/mbermudez/de_03/TFGDataset/img/train_t2_0662_1.png|eee     deeeeeelllllll    nnnn eeeeeeeessss
/data3fast/users/mbermudez/de_03/TFGDataset/img/train_t2_1188.png|chhhhhhhhhheeee   hhh      dd     sschhh        da
/data3fast/users/mbermudez/de_03/TFGDataset/img/train_t2_0342_0.png|iinnnnn llaaaaaasse dddeeeed     cccll   eeeeee
/data3fast/users/mbermudez/de_03/TFGDataset/img/train_t2_1476.png|eeN   nnnneeeeeeeetteee e  ennneeeeeeeeeeee
/data3fast/users/mbermudez/de_03/TFGDataset/img/train_t2_0935_0.png|ttt     eehhhhhh  u  deeeeesstcchcht    eeeeee
/data3fast/users/mbermudez/de_03/TFGDataset/img/train_t2_0537.png|ffneerrr haaaa    eeeeee tt        eeeeeee
/data3fast/users/mbermudez/de_03/TFGDataset/img/train_t2_1286_0.png|auu      sss  nn    eettthhhhhhheee    eeeee
/data3fast/users/mbermudez/de_03/TFGDataset/img/train_t2_1408_1.png|diitttttttt.
/data3fast/users/mbermudez/de_03/TFGDataset/img/train_t2_0062_0.png|ttt      eeeeeellllll  dddeeiieeeeeeee  e  eeee llllllll
/data3fast/users/mbermudez/de_03/TFGDataset/img/train_t2_1054.png|willll  aahhhh   ddddeeeeeee  tssss     eeeeee
/data3fast/users/mbermudez/de_03/TFGDataset/img/train_t2_1087_1.png|eeessseeeeee            e     aaaaaaaa  sddee
/data3fast/users/mbermudez/de_03/TFGDataset/img/train_t2_0156.png|derllllheeeeeeeeeeeer   aaa     eeeee ssseeeee  ttttt
/data3fast/users/mbermudez/de_03/TFGDataset/img/train_t2_0762.png|eerreeeteeeeeeeeeeeeeiii 
/data3fast/users/mbermudez/de_03/TFGDataset/img/train_t2_0448_0.png|gee           ettt eeeeelllllleeee  edeeeeedd
/data3fast/users/mbermudez/de_03/TFGDataset/img/train_t2_0880_0.png|olleeeee    ssssseeee   tttt    .
/data3fast/users/mbermudez/de_03/TFGDataset/img/train_t2_0740_0.png|dee     e       eeesscchhheeee           cc sssssss eee       
/data3fast/users/mbermudez/de_03/TFGDataset/img/train_t2_1055_2.png|iseeeee     aallll       iieetssssssssss
/data3fast/users/mbermudez/de_03/TFGDataset/img/train_t2_1256_0.png|nne  e   ee    e     eeheee       eee  nnnneeeeee
/data3fast/users/mbermudez/de_03/TFGDataset/img/train_t2_0377_2.png|ddssssstttt  tssss       eeeeeeeee   ahhhheeee
/data3fast/users/mbermudez/de_03/TFGDataset/img/train_t2_1057.png|ieeiiiiiiiiiiiiiieeeeeeeeeeerrrrr      nnnnn
/data3fast/users/mbermudez/de_03/TFGDataset/img/train_t2_1053_2.png|die           dd eeeettttt    ss  sdde
/data3fast/users/mbermudez/de_03/TFGDataset/img/train_t2_0231.png|wisssssssss   nnnnndd eeeeeeeihhheee nn    eeeeeeee
/data3fast/users/mbermudez/de_03/TFGDataset/img/train_t2_0467_0.png|uuu  eettttte e      seees    ass s lttttt    dddee
/data3fast/users/mbermudez/de_03/TFGDataset/img/train_t2_0394.png|undddeeeeestteeeee   neeeeeeeeeillhhhe   nn
/data3fast/users/mbermudez/de_03/TFGDataset/img/train_t2_1297_0.png|aaeeeeeeelllllllla         sssss        eeeeeeeee
/data3fast/users/mbermudez/de_03/TFGDataset/img/train_t2_1337.png|uuu   eeeaassssseedddeeeeeeddeeeee   eeee
/data3fast/users/mbermudez/de_03/TFGDataset/img/train_t2_0837_0.png|dieeeeeeeeeeessss     nnnnnnnn      neeeeeeei
/data3fast/users/mbermudez/de_03/TFGDataset/img/train_t2_1208.png|das  eeeeeee       eeeeeee  tt eeeiinnn
/data3fast/users/mbermudez/de_03/TFGDataset/img/train_t2_0270_0.png|a   ssss
/data3fast/users/mbermudez/de_03/TFGDataset/img/train_t2_0215_0.png|tth      ttt eeeeeeeNN      nnnnnnn       hheeeeeer
/data3fast/users/mbermudez/de_03/TFGDataset/img/train_t2_1277_2.png|de                   eeeeceeeeeeeeeee      eeeeeeessse
/data3fast/users/mbermudez/de_03/TFGDataset/img/train_t2_0490.png|errrlh           a tttttinnnnhh        eeese
/data3fast/users/mbermudez/de_03/TFGDataset/img/train_t2_0618_0.png|chhh     ssssssss    s        nnn   eeeeerr cchhhhhheeeeee
/data3fast/users/mbermudez/de_03/TFGDataset/img/train_t2_0702_0.png|aheeeeesssssseeeee       iiit  llleeeeeee
/data3fast/users/mbermudez/de_03/TFGDataset/img/train_t2_0295_0.png|geeeeetttt   nnnnnneeee    eeeeeeee  aaaaa
/data3fast/users/mbermudez/de_03/TFGDataset/img/train_t2_1098_0.png|wisss   aahhhhhhh   eeee  sssssaa  ss   eee    ssssss
/data3fast/users/mbermudez/de_03/TFGDataset/img/train_t2_0625_1.png|dieeeeeeesstttteee        hhhhhhh    eeeeeee   n
/data3fast/users/mbermudez/de_03/TFGDataset/img/train_t2_0268_1.png|auuuu nnnnnntttnnn aalllss   deeeeee  hhhhhtttt
/data3fast/users/mbermudez/de_03/TFGDataset/img/train_t2_0010_2.png|neee   tt nn  eeee        eeeeeeee   *           eeeeeel
/data3fast/users/mbermudez/de_03/TFGDataset/img/train_t2_0169.png|derr tttchhhh    ddeeeeeeeeeeeehh nnnnnnnnn
/data3fast/users/mbermudez/de_03/TFGDataset/img/train_t2_0315_0.png|unn eeeeeieennnnnndddeeeee    n    eeeeeeeee
/data3fast/users/mbermudez/de_03/TFGDataset/img/train_t2_1075_1.png|chee       aahhhheeeeeeeeeeeeeses   nnnnnnneennn
/data3fast/users/mbermudez/de_03/TFGDataset/img/train_t2_1163.png|wweeeeeeel      aah  eeee nnnneeeee   ****
/data3fast/users/mbermudez/de_03/TFGDataset/img/train_t2_1132_2.png|rrresllllllllleeeeeeeee ssss     ssss    dd
/data3fast/users/mbermudez/de_03/TFGDataset/img/train_t2_1357.png|llhheeeeeeeeeeeee           eeee             dddddeee
/data3fast/users/mbermudez/de_03/TFGDataset/img/train_t2_1137_0.png|ww    ssseeeeeeeeee   ssss   d         deeeeeeea
/data3fast/users/mbermudez/de_03/TFGDataset/img/train_t2_0198.png|di      nnn ttttt   llleeeeeeeeeeee   shhhheeeNN
/data3fast/users/mbermudez/de_03/TFGDataset/img/train_t2_0795_1.png|eeennnnnnnnn    eeellll     eeii            aaaa
/data3fast/users/mbermudez/de_03/TFGDataset/img/train_t2_0225_2.png|llleeeeeeeeeeeeeeeeeeeehttt         reeeeee
/data3fast/users/mbermudez/de_03/TFGDataset/img/train_t2_1169_1.png|drrrreti                  eeeeeeee  llaaaaaaa ee
/data3fast/users/mbermudez/de_03/TFGDataset/img/train_t2_0017.png|deeee   nnnnnnnnn     **ttsssccheeeeeeeeeee
/data3fast/users/mbermudez/de_03/TFGDataset/img/train_t2_1478_1.png|iieeeesss      eeeeeeeeeeee dee  sseeeee
/data3fast/users/mbermudez/de_03/TFGDataset/img/train_t2_1250_0.png|aasseeeeeeeeeeeeeeeess      eeeeeeeeeee
/data3fast/users/mbermudez/de_03/TFGDataset/img/train_t2_0672.png|nnneeeeeeeee  dd  rrrhhheeeeeesettt eee
/data3fast/users/mbermudez/de_03/TFGDataset/img/train_t2_0784_0.png|di    aa u ddd eeeeeete   l  eee    le e    llllll
/data3fast/users/mbermudez/de_03/TFGDataset/img/train_t2_0292.png|aann      nnnnnneiennn n eeglllhhhheeeeeeeee
/data3fast/users/mbermudez/de_03/TFGDataset/img/train_t2_0907.png|wweeeeeeeeeee nnnnn eeeeee****ee   lllla   leee
/data3fast/users/mbermudez/de_03/TFGDataset/img/train_t2_1354_2.png|wieeeess   s  ssss     hhhhhhhhhhh  a
/data3fast/users/mbermudez/de_03/TFGDataset/img/train_t2_0799.png|eeeeeeeeeeeiiennnellllllhheeeeeeeennn  eeeeeeeeee
/data3fast/users/mbermudez/de_03/TFGDataset/img/train_t2_0731_0.png|ooo      rrer  reeeeeeeeeeeeeeee* eeesssstttseee
/data3fast/users/mbermudez/de_03/TFGDataset/img/train_t2_0435_0.png|nee ddd    tttttt  nn eeeeeesseeeeeeee r   n nnnnn
/data3fast/users/mbermudez/de_03/TFGDataset/img/train_t2_1024_0.png|sttttt        iittee    eessschhhe  nnndd rrtt
/data3fast/users/mbermudez/de_03/TFGDataset/img/train_t2_0360_1.png|aaasaaaaaaaaaaasss aasssssseeeeeeeeet      aaaaa
/data3fast/users/mbermudez/de_03/TFGDataset/img/train_t2_0589_2.png|mi    eeeeeeesssssseeeeeeeeeeeee  llheee     tttte
/data3fast/users/mbermudez/de_03/TFGDataset/img/train_t2_0391_0.png|wweeee                  nnnn  eeeelllhhiiiiii  eeeee
/data3fast/users/mbermudez/de_03/TFGDataset/img/train_t2_1015_2.png|tt   aa dd   eeelieeee       nnneeeeeee  de
/data3fast/users/mbermudez/de_03/TFGDataset/img/train_t2_0422_1.png|eetccchhaa    ddddeeeee  nnnnnggggeeennnnn
/data3fast/users/mbermudez/de_03/TFGDataset/img/train_t2_0018_2.png|meeeeeeee     dd eeeeeeeeeeeeee***** *      eeeee
/data3fast/users/mbermudez/de_03/TFGDataset/img/train_t2_0111_0.png|feeeeeee sslllllliiihhhhhinneeeeeelllll   nn al
/data3fast/users/mbermudez/de_03/TFGDataset/img/train_t2_0846_1.png|aan eeeeee     eeesssslhhheeiiiiiieeeeeeeee   nneeee
/data3fast/users/mbermudez/de_03/TFGDataset/img/train_t2_0257_0.png|viiieishttttt      sssss        ehheee       ieeeet
/data3fast/users/mbermudez/de_03/TFGDataset/img/train_t2_0787.png|eeee         ttttti   eee  dd  a        llll
/data3fast/users/mbermudez/de_03/TFGDataset/img/train_t2_0825_1.png|seeeeeeerrrehllleeeesssss            eeeeee
/data3fast/users/mbermudez/de_03/TFGDataset/img/train_t2_1049_1.png|aaauuu   dd    eeeeeellhhchssssuuu eeeeeeeeee
/data3fast/users/mbermudez/de_03/TFGDataset/img/train_t2_1358_2.png|dassseeeeee          t    n ennnnnnnn e e        
/data3fast/users/mbermudez/de_03/TFGDataset/img/train_t2_0075_0.png|"     ttteeessss ...
/data3fast/users/mbermudez/de_03/TFGDataset/img/train_t2_0889_1.png|seeeeeeeeeeeeeeteeeeeeeeeeeeeeeeeeeeeetttttnn
/data3fast/users/mbermudez/de_03/TFGDataset/img/train_t2_1222.png|wllll   dddeeeelllll ieeeeeeeee      s  ttti
/data3fast/users/mbermudez/de_03/TFGDataset/img/train_t2_1328_2.png|drr aaaa          dd   eeleeeii          ee
/data3fast/users/mbermudez/de_03/TFGDataset/img/train_t2_1486_2.png|mii  eeeeeeinnnn lllll    eeeeseeeeeeedderrrr
/data3fast/users/mbermudez/de_03/TFGDataset/img/train_t2_0946.png|nn  eeeeeedderrr hhhhh                   eeeeeeet
/data3fast/users/mbermudez/de_03/TFGDataset/img/train_t2_1274_1.png|aaseee          ssesssst uu eeeeeeegeeeeNN
/data3fast/users/mbermudez/de_03/TFGDataset/img/train_t2_0161_1.png|mau     eeeetttti     ee     u   eeeeeeesssshhh
/data3fast/users/mbermudez/de_03/TFGDataset/img/train_t2_1334_2.png|sonddeeeeeneeeeeehe   n   eeett nn eeeeeeeeee
/data3fast/users/mbermudez/de_03/TFGDataset/img/train_t2_0717_0.png|das  eeeeeeerr   h    eeeeeetttthhhh aaaaaa  eee
/data3fast/users/mbermudez/de_03/TFGDataset/img/train_t2_0655_0.png|weesssss lhhhhhtti  nnnnneeeeeee       as
/data3fast/users/mbermudez/de_03/TFGDataset/img/train_t2_0514.png|dasssseeeeeeee ssee heeeeeeeeeeee        eeeeee eeeee   nnnn
/data3fast/users/mbermudez/de_03/TFGDataset/img/train_t2_1106_2.png|lllleeeeeeeedd     aaa    eeeee         icchhhh
/data3fast/users/mbermudez/de_03/TFGDataset/img/train_t2_0445_0.png|unneeeeeeesss  n nnnnnnnnn  illllleeee    aaa
/data3fast/users/mbermudez/de_03/TFGDataset/img/train_t2_1377.png|wwllll    e    a        hhhheeeiiiiee
/data3fast/users/mbermudez/de_03/TFGDataset/img/train_t2_1469_2.png|hrreeeeeee          ddd                          llll
/data3fast/users/mbermudez/de_03/TFGDataset/img/train_t2_0904_2.png|ee   lllleeeeneeeelllee    nnnnn   eeeeeeeeeee
/data3fast/users/mbermudez/de_03/TFGDataset/img/train_t2_0462_2.png|eeeeelelhheeed eeeeeeeeeeeeeeeeree     sssssseeeel
/data3fast/users/mbermudez/de_03/TFGDataset/img/train_t2_0823_0.png|settt   uuuu    ssss eeeeeeeee*        chhhhhh
/data3fast/users/mbermudez/de_03/TFGDataset/img/train_t2_1435_1.png|mii  eeeeeehccccttttt    ddeeeessssh  aauuuu
/data3fast/users/mbermudez/de_03/TFGDataset/img/train_t2_1417_2.png|ieee       dderr               eeetttt
/data3fast/users/mbermudez/de_03/TFGDataset/img/train_t2_0413_1.png|eeN  ddd eeeeeeess    aaaa      tttt     ee
/data3fast/users/mbermudez/de_03/TFGDataset/img/train_t2_0734_0.png|rrreeeeeeeeeese                it      iiieeeeeeeeeeee
/data3fast/users/mbermudez/de_03/TFGDataset/img/train_t2_1189_0.png|wweeeeeeeeeeelllle      sssss      eeeeeeeeee
/data3fast/users/mbermudez/de_03/TFGDataset/img/train_t2_1221.png|oon    eeeeellllle  ddd     eeeeeeee       llllllle
/data3fast/users/mbermudez/de_03/TFGDataset/img/train_t2_0732_0.png|unn  leeeeee******* llllcchiieeeennnnnn
/data3fast/users/mbermudez/de_03/TFGDataset/img/train_t2_1155_1.png|irrrrr r r         ssdddeeeeeehhhh    eeeeeel
/data3fast/users/mbermudez/de_03/TFGDataset/img/train_t2_0988.png|gessssssssNNNN .
/data3fast/users/mbermudez/de_03/TFGDataset/img/train_t2_1390_2.png|nnn        n     eeeessssthh             llleeeeee
/data3fast/users/mbermudez/de_03/TFGDataset/img/train_t2_1397.png|ddsss    s         iliii    eettteeee
/data3fast/users/mbermudez/de_03/TFGDataset/img/train_t2_1104.png|fffeeeeeunneeennnnnnnn a eeeeeeeeeee       de
/data3fast/users/mbermudez/de_03/TFGDataset/img/train_t2_1493_2.png|geeeeeessseee   .
/data3fast/users/mbermudez/de_03/TFGDataset/img/train_t2_0246_1.png|sstttt      aaaleeeeeee     eeeeeeeeeeeee
/data3fast/users/mbermudez/de_03/TFGDataset/img/train_t2_0527_2.png|deeellleeeennnnn  eeeeh   aaaaaaa     eeeeeeeeee
/data3fast/users/mbermudez/de_03/TFGDataset/img/train_t2_0285_1.png|ffeee       n  teeeeeeee      reeeeeeeee
/data3fast/users/mbermudez/de_03/TFGDataset/img/train_t2_0378_1.png|t      eeeeeeeeeeehh     dd    aachhheeeeeeeeeeeeeee
/data3fast/users/mbermudez/de_03/TFGDataset/img/train_t2_0074.png|tt   ueeeehhhhheeeed       heeee  nnnnnee
/data3fast/users/mbermudez/de_03/TFGDataset/img/train_t2_0991_0.png|ee   nnnnnnn             sssctttttttt    ****e*eeeee
/data3fast/users/mbermudez/de_03/TFGDataset/img/train_t2_0825_2.png|seeeeeeerreeeehlessssssssssllllli   ddeeeeee
/data3fast/users/mbermudez/de_03/TFGDataset/img/train_t2_0079.png|mi   eeeeeeeeessssu               iilleeee en dddde
/data3fast/users/mbermudez/de_03/TFGDataset/img/train_t2_0509_0.png|eeeeeeeeeeeeeeeeeeeee e  ssssssseeeeeeer  uuueeeeeeee
/data3fast/users/mbermudez/de_03/TFGDataset/img/train_t2_0895_1.png|eeennnnnn    aaaaau   eeeeeee hhh seeeeeeeeeeee
/data3fast/users/mbermudez/de_03/TFGDataset/img/train_t2_0217_1.png|*een     aaa     ddeeerrtttht       eeeeee nna
/data3fast/users/mbermudez/de_03/TFGDataset/img/train_t2_1208_0.png|dassseeeeee  nnnn   eeeee  ss t eeeeiinnn
/data3fast/users/mbermudez/de_03/TFGDataset/img/train_t2_0656_1.png|vooe        eeeeeeeeeee  lcceeeeeeeeeeeeeeeeeeeeee
/data3fast/users/mbermudez/de_03/TFGDataset/img/train_t2_0369_1.png|wiellhhhhhh       eeeeeeeeeeeeeeeeeeeeit     a
/data3fast/users/mbermudez/de_03/TFGDataset/img/train_t2_0786_2.png|vnn  llhhheeeeeeeeeeheeeeeee    dd  rritthhhh
/data3fast/users/mbermudez/de_03/TFGDataset/img/train_t2_0503_0.png|und eeeeeeeee    sssslleeeenn         hhhh
/data3fast/users/mbermudez/de_03/TFGDataset/img/train_t2_0960.png|drrrreeeeeeeeeeeeee tttttt t    eeeee      eeeeeeessssss
/data3fast/users/mbermudez/de_03/TFGDataset/img/train_t2_1260.png|beeeet t  ee   ddd ssssshhhhhhh  allllee
/data3fast/users/mbermudez/de_03/TFGDataset/img/train_t2_1157_0.png|drrttt     nnnnnn  cchhnnneeee   hheeegNgeeeeeeeeeeeee
/data3fast/users/mbermudez/de_03/TFGDataset/img/train_t2_0106_2.png|"s      h     e e         eeehhhNN
/data3fast/users/mbermudez/de_03/TFGDataset/img/train_t2_0213_1.png|ss        eessssssssee eeeeeeeeeeee eee    rrhh
/data3fast/users/mbermudez/de_03/TFGDataset/img/train_t2_1472.png|rrr        hhhhh      lllll   iiie *****tssssssss
/data3fast/users/mbermudez/de_03/TFGDataset/img/train_t2_1408_2.png|derttttti..
/data3fast/users/mbermudez/de_03/TFGDataset/img/train_t2_1404_0.png|sclllll  nnnnnn      ss       aaa          iiiiii
/data3fast/users/mbermudez/de_03/TFGDataset/img/train_t2_0666.png|deeeeeeeeeeeeee  ssssssssee              e      seeeeeee
/data3fast/users/mbermudez/de_03/TFGDataset/img/train_t2_1489.png|nnnccchch      dd         aan    eeeeeeett
/data3fast/users/mbermudez/de_03/TFGDataset/img/train_t2_0349.png|ss  aaaaaaa   eeeee     tttiiiiieeiiiiihhh
/data3fast/users/mbermudez/de_03/TFGDataset/img/train_t2_1268_2.png|wir              dd d  aa sseeeeeNNNNNNNnnnd
/data3fast/users/mbermudez/de_03/TFGDataset/img/train_t2_0151_1.png|shhh       eeeedd  riiiiii nnnnn   ssssssee
/data3fast/users/mbermudez/de_03/TFGDataset/img/train_t2_0498_0.png|ees  aaaa   eeeeeeee  eeeellliittttttt    
/data3fast/users/mbermudez/de_03/TFGDataset/img/train_t2_1232_1.png|geeeeeeeeeeeeeeeeeee  ssshhheeeeeeeeettnnn     dds
/data3fast/users/mbermudez/de_03/TFGDataset/img/train_t2_1436_1.png|geess      eeeeeeeeeeeeeeeeee*****n  tttttttttt
/data3fast/users/mbermudez/de_03/TFGDataset/img/train_t2_1368_1.png|geeeeeeeeehh      eeeeeeeeeeee           nnnnnn
/data3fast/users/mbermudez/de_03/TFGDataset/img/train_t2_0123_2.png|un     cchhheeeeeeeee aaaaaaa    eeeenn
/data3fast/users/mbermudez/de_03/TFGDataset/img/train_t2_0624.png|die  llllsstseeeeeeeeeeeeeeheeeeee      dsssss
/data3fast/users/mbermudez/de_03/TFGDataset/img/train_t2_0325_0.png|asss   eeeeeneneeeee sss tt      eeeeellll
/data3fast/users/mbermudez/de_03/TFGDataset/img/train_t2_1091_2.png|eee       ssssshh    eeeee      eeeeellee    eeeeeeeee
/data3fast/users/mbermudez/de_03/TFGDataset/img/train_t2_0699.png|sheeeeeeeeeeeeeee         re   hhheeeeeeesssss  aaa
/data3fast/users/mbermudez/de_03/TFGDataset/img/train_t2_1004.png|chhNNeeeeeeeeeeeennnnnnnnn     eeeee       eeeeeeeee
/data3fast/users/mbermudez/de_03/TFGDataset/img/train_t2_0138_0.png|tt       ehhhh  aauuuueeeeeeeeeellleeeeeeeee
/data3fast/users/mbermudez/de_03/TFGDataset/img/train_t2_0993_0.png|ma  eeeeee nneeeeeeeee         llhi    ereehhh
/data3fast/users/mbermudez/de_03/TFGDataset/img/train_t2_1011_0.png|# 
/data3fast/users/mbermudez/de_03/TFGDataset/img/train_t2_0252_1.png|geeeeee  nnnrrttttttt   ddeeeelleel
/data3fast/users/mbermudez/de_03/TFGDataset/img/train_t2_0620_2.png|inneeeeeeeeeeeillllll      innnnnn   llliiinnn
/data3fast/users/mbermudez/de_03/TFGDataset/img/train_t2_0648_1.png|aa  ddd eererr  shhhhhhhh     ddddeeeeeeennnn
/data3fast/users/mbermudez/de_03/TFGDataset/img/train_t2_1083.png|neeeeihhhhh   nndddddeeeee ss a aahh       eeeeeeee
/data3fast/users/mbermudez/de_03/TFGDataset/img/train_t2_1312_1.png|eesclhhh   eeeeeeeeeeeeettnnnn   eeeeee
/data3fast/users/mbermudez/de_03/TFGDataset/img/train_t2_1385_0.png|itt  sss  eeeeeeeeeeeeee  deee     ssschhhhhheeeeeeethhhh
/data3fast/users/mbermudez/de_03/TFGDataset/img/train_t2_0122_1.png|uu eeeeeeeeeeeeeeeeeeeee  s eeeeeeeeeeee   eer
/data3fast/users/mbermudez/de_03/TFGDataset/img/train_t2_1390.png|nnnii     n    d eeeesssscct       ss     eeeeeee
/data3fast/users/mbermudez/de_03/TFGDataset/img/train_t2_1314_2.png|auussssssssslllllllle  n iiii   lllllllss         
/data3fast/users/mbermudez/de_03/TFGDataset/img/train_t2_1346_1.png|sssss      n  n eeeeeeeeeett           aaaaa
/data3fast/users/mbermudez/de_03/TFGDataset/img/train_t2_1017_0.png|#  e
/data3fast/users/mbermudez/de_03/TFGDataset/img/train_t2_0517_2.png|oo      eeeeee     eeeeeeeee******sssssseee  eedeeeee
/data3fast/users/mbermudez/de_03/TFGDataset/img/train_t2_0226_2.png|eeNNNNNN
/data3fast/users/mbermudez/de_03/TFGDataset/img/train_t2_0529_1.png|seeeNNe                       a sttteeetttt
/data3fast/users/mbermudez/de_03/TFGDataset/img/train_t2_1273_0.png|reeee     ddss   heee   nn  eeee     eeeeel
/data3fast/users/mbermudez/de_03/TFGDataset/img/train_t2_0434_1.png|iitt       nneeeeeeeeeeeeeessshtt    eessssshhh
/data3fast/users/mbermudez/de_03/TFGDataset/img/train_t2_0394_0.png|uudddeeeeeeetsseeeeeeeeeeeeeeeiieieee  nnnn
/data3fast/users/mbermudez/de_03/TFGDataset/img/train_t2_0622_1.png|geNNNNN    dddd   ellleiiinnnnn         rthhhh
/data3fast/users/mbermudez/de_03/TFGDataset/img/train_t2_0461_1.png|dnn   llleeeee eeeeessssessess    ccchhh        ee
/data3fast/users/mbermudez/de_03/TFGDataset/img/train_t2_0928.png|drr aaaaaaaa  aaa   iiiiiiiieeeeellllsssss
/data3fast/users/mbermudez/de_03/TFGDataset/img/train_t2_0094.png|aneeeessssstt      eeeennnuuuu  eeeee           iil
/data3fast/users/mbermudez/de_03/TFGDataset/img/train_t2_0894.png|uneeeeeeestheeeeeeeeeeee   n elleeeeeeeeedd eee    
/data3fast/users/mbermudez/de_03/TFGDataset/img/train_t2_0456.png|beeaaallll  nnn         i*..iiiiiii   eeeeeeeel
/data3fast/users/mbermudez/de_03/TFGDataset/img/train_t2_1180.png|eeeedddd  rr   drrttttttsssssssttt      eee
/data3fast/users/mbermudez/de_03/TFGDataset/img/train_t2_0632_1.png|drrr   eeeeeeeeeeeennnneeeeeeeeeeessss  tttt
/data3fast/users/mbermudez/de_03/TFGDataset/img/train_t2_1464.png|neee    s      nn n dd deeeeeddeeeeeehhhhhhhhuuuh
/data3fast/users/mbermudez/de_03/TFGDataset/img/train_t2_0005.png|weeehh    eeeeeee    aalllleeeeeeeee nnnnnnnn
/data3fast/users/mbermudez/de_03/TFGDataset/img/train_t2_0535_1.png|meeeeeee      .....llll     ddd llleeeeee  dd
/data3fast/users/mbermudez/de_03/TFGDataset/img/train_t2_0655_2.png|weeesssssshhhhhhhi nnnnnneeeeeee     ssssss
/data3fast/users/mbermudez/de_03/TFGDataset/img/train_t2_1330_1.png|innnnnnnnn    nnn     hhhhh            ssssttt
/data3fast/users/mbermudez/de_03/TFGDataset/img/train_t2_1328_1.png|der aaah              eeeleeei          
/data3fast/users/mbermudez/de_03/TFGDataset/img/train_t2_1274_2.png|alleeeeee     eessssssuuuuuueeeeeeeeeee
/data3fast/users/mbermudez/de_03/TFGDataset/img/train_t2_0405_1.png|wennnnnnnn eeeeeeeeeeecchteeee e**
/data3fast/users/mbermudez/de_03/TFGDataset/img/train_t2_1011_1.png|# 
/data3fast/users/mbermudez/de_03/TFGDataset/img/train_t2_1224.png|ooo   eeeeeeeeeeeeeeeeehhhheeeellllssl  eenn
/data3fast/users/mbermudez/de_03/TFGDataset/img/train_t2_0427_2.png|wass           lllll e     eeeeeeeeeeeeeeeeee
/data3fast/users/mbermudez/de_03/TFGDataset/img/train_t2_0139.png|ssttt   ee      ee   sssd ddeeeeeeeeeeeeeeeeeeeeee
/data3fast/users/mbermudez/de_03/TFGDataset/img/train_t2_0023.png|gerrttttth eeeeeeeelllleeennnnnnn dddd eeeeeeeeeeee
/data3fast/users/mbermudez/de_03/TFGDataset/img/train_t2_0079_0.png|mi   eeeeeeeesssss              iiilleennnnnddd
/data3fast/users/mbermudez/de_03/TFGDataset/img/train_t2_1264_1.png|dd    eeeeeee     aaa ss  eeeeeeeeeeeeeeeeauaahh
/data3fast/users/mbermudez/de_03/TFGDataset/img/train_t2_0126_1.png|eeeehhhheeeeeennnn  aaalllleeeee nnnn  aass
/data3fast/users/mbermudez/de_03/TFGDataset/img/train_t2_1331_2.png|ii    sssssshheeee eeeeeeee e   sssssssc   u      nnn
/data3fast/users/mbermudez/de_03/TFGDataset/img/train_t2_0863_0.png|ieeeeeeee****                           nn    eheeee  eeehhhhh
/data3fast/users/mbermudez/de_03/TFGDataset/img/train_t2_0063.png|eeN  nnnnnn    lllleeeeettttt      ssssss     dd
