/data3fast/users/mbermudez/de_03/TFGDataset/img/train_t2_0071_2.png|aadeer rrs eee   ahh   eeeeeeerrr llll      nddeee
/data3fast/users/mbermudez/de_03/TFGDataset/img/train_t2_0062_0.png|tttt nnneeeeeen  llledd  iiiiieeeeeeeeee neee    lllll
/data3fast/users/mbermudez/de_03/TFGDataset/img/train_t2_0199_2.png|wlll  eeeeeeeeeee dddrreesseeeeeeeehhhhhe
/data3fast/users/mbermudez/de_03/TFGDataset/img/train_t2_1450.png|maah     deeeeeee tti  nn lleeeeeeeeellhhee  hhaaah
/data3fast/users/mbermudez/de_03/TFGDataset/img/train_t2_1189_0.png|wweeeeeeerhhh ll   sss    sssss uuuneeeeeee
/data3fast/users/mbermudez/de_03/TFGDataset/img/train_t2_0157_1.png|ooon  eeeeeeeeeeeeerssscchheennnnnnadd eeee
/data3fast/users/mbermudez/de_03/TFGDataset/img/train_t2_1477.png|geeeNNNNNsNN uu dddee  ssaaahhsseeeee       ii dd
/data3fast/users/mbermudez/de_03/TFGDataset/img/train_t2_1133_1.png|ttt aaaannnn eeeeennneeeeeeeeelli      iiieeeee
/data3fast/users/mbermudez/de_03/TFGDataset/img/train_t2_1009.png|an ddeerriiihhhheeeeeeee    hhh  dd aasss
/data3fast/users/mbermudez/de_03/TFGDataset/img/train_t2_0895_1.png|eee nn eee   aaaauu eeeeenngehhht eseeeeeeeeeeed
/data3fast/users/mbermudez/de_03/TFGDataset/img/train_t2_1078_2.png|lettt   
/data3fast/users/mbermudez/de_03/TFGDataset/img/train_t2_1408_1.png|dertttttttttt
/data3fast/users/mbermudez/de_03/TFGDataset/img/train_t2_0380_1.png|gessstt         eeee n   sssssssss  eeeheeeeeee
/data3fast/users/mbermudez/de_03/TFGDataset/img/train_t2_0737_0.png|des     nn iiiiiccchhllleeeeeeee iiinnnn
/data3fast/users/mbermudez/de_03/TFGDataset/img/train_t2_0095_0.png|uuddrrrreeeeee   ss       t u  eeeeeee  ssssss
/data3fast/users/mbermudez/de_03/TFGDataset/img/train_t2_0792_1.png|ut  tteeeeeeeeerrrrnneeeeeeittttnnnnn   sss
/data3fast/users/mbermudez/de_03/TFGDataset/img/train_t2_0706_2.png|derr iinnnnnnn  aa leeeeeettee  ntteeeeeehheeeeeeee
/data3fast/users/mbermudez/de_03/TFGDataset/img/train_t2_1285_2.png|dd   eeeeeee     eeeee e  ee     lllllhheee   *****eeennnnn
/data3fast/users/mbermudez/de_03/TFGDataset/img/train_t2_0976.png|ssssssaaaa  a lllllhhhh     iiiiit   eeeessssse ee
/data3fast/users/mbermudez/de_03/TFGDataset/img/train_t2_0824_2.png|uu  ss hh    d  eeee neeeeenneeellichhh  aaaahhheeeeeeeee
/data3fast/users/mbermudez/de_03/TFGDataset/img/train_t2_1254_0.png|mi   eerrrhhhhNN ddd               iillheeegeeeeeeeNN
/data3fast/users/mbermudez/de_03/TFGDataset/img/train_t2_0630_2.png|oooeeee    aahhhhhheeNNNNN
/data3fast/users/mbermudez/de_03/TFGDataset/img/train_t2_0016_0.png|geeeeee tttti  
/data3fast/users/mbermudez/de_03/TFGDataset/img/train_t2_0958_0.png|dee   nnnnnneeeestthhh nn   ssaaa  nddeeeeeeNesll
/data3fast/users/mbermudez/de_03/TFGDataset/img/train_t2_0027_2.png|ee aaaannnnnee uuuuutt  eee   sssss
/data3fast/users/mbermudez/de_03/TFGDataset/img/train_t2_0609.png|errrllltt ddeeddsssseeeeeeetttnnn  sssssseee
/data3fast/users/mbermudez/de_03/TFGDataset/img/train_t2_0661_0.png|inniieetiiinneeesssss eeeee    ..
/data3fast/users/mbermudez/de_03/TFGDataset/img/train_t2_0060.png|ee    ddd   esssscchhheeeellhhh   dderr   aauuu
/data3fast/users/mbermudez/de_03/TFGDataset/img/train_t2_0501_1.png|geeheeeessssssss      nniieeeeeeedeeeeehheeN neee
/data3fast/users/mbermudez/de_03/TFGDataset/img/train_t2_0422_1.png|eetchhhhh   ndddeee     s  nnnngggnnnggnnahhhh
/data3fast/users/mbermudez/de_03/TFGDataset/img/train_t2_0066_1.png|ffree  allllhhhhheeeee t      llle sssheee
/data3fast/users/mbermudez/de_03/TFGDataset/img/train_t2_0032.png|aarrrrreeerr   aau ddeeeeeeeeeeeeeeeee eeeeeeeeeee
/data3fast/users/mbermudez/de_03/TFGDataset/img/train_t2_0189_2.png|eeeeeeeeheee  eeeeess h   ssel iiiiiiiee   dee ee
/data3fast/users/mbermudez/de_03/TFGDataset/img/train_t2_0133_1.png|te       llllleeeee   aaastt deee   eee
/data3fast/users/mbermudez/de_03/TFGDataset/img/train_t2_0628_2.png|leeeN  nnnnnnn ttt innnnnnnneeeeeeettteeetttt
/data3fast/users/mbermudez/de_03/TFGDataset/img/train_t2_0012.png|theeeeee   ee   aauu  rrheeee   eeeeseeeeer
/data3fast/users/mbermudez/de_03/TFGDataset/img/train_t2_0740_0.png|dee    e         d  ttttstcseeeeeeee*      cttt   ssssee    nnnn
/data3fast/users/mbermudez/de_03/TFGDataset/img/train_t2_0209.png|inneeeeeeennaaaaalllleeeeedd ellliiihe   aaaau
/data3fast/users/mbermudez/de_03/TFGDataset/img/train_t2_1301.png|der    iiiilllaaaass  d  eeeee  eeeeee    sss      nnnleeeeNN
/data3fast/users/mbermudez/de_03/TFGDataset/img/train_t2_0071_0.png|annee   reeeee    hh   eeeeeeeeshhlllee   ddddde
/data3fast/users/mbermudez/de_03/TFGDataset/img/train_t2_0318.png|deee eeeee     aaassstt    eeee tttntne
/data3fast/users/mbermudez/de_03/TFGDataset/img/train_t2_0476_1.png|deee eeee nnnn    e   
/data3fast/users/mbermudez/de_03/TFGDataset/img/train_t2_1284_0.png|dieeeeeesss aaaaahhhh aaa ee  ddn   tttnnenNuu
/data3fast/users/mbermudez/de_03/TFGDataset/img/train_t2_0500_1.png|geeeeeeeeerrruhhuu  neeeee  n aaassseeertt
/data3fast/users/mbermudez/de_03/TFGDataset/img/train_t2_0632_1.png|der     eeeeeeeennngeggeeeelleeet    assstt
/data3fast/users/mbermudez/de_03/TFGDataset/img/train_t2_1484.png|dassseeeeeeeeee nnneeennn  eeeeeeeeeee     ttchhu
/data3fast/users/mbermudez/de_03/TFGDataset/img/train_t2_0988.png|gessssssssNNNN
/data3fast/users/mbermudez/de_03/TFGDataset/img/train_t2_0229_1.png|iihhhhhhhnnnn llllelleleeeeeeeeeeeeehhhhhte    n eeeee
/data3fast/users/mbermudez/de_03/TFGDataset/img/train_t2_0885_0.png|nndeeereehhhhe  dddddeeeeeeeeeelleehh   dddd
/data3fast/users/mbermudez/de_03/TFGDataset/img/train_t2_1490_1.png|frru    eeeettt     uu ddeeeeiiieeeetsssssss
/data3fast/users/mbermudez/de_03/TFGDataset/img/train_t2_1176_2.png|iineeeeeNNNNNNeee       i nnnllllhheeeeeeeeessssss
/data3fast/users/mbermudez/de_03/TFGDataset/img/train_t2_0300.png|aah   ee d  e  esssaaa   ttttiiileee n nnnnnaa
/data3fast/users/mbermudez/de_03/TFGDataset/img/train_t2_1017_0.png|#  e
/data3fast/users/mbermudez/de_03/TFGDataset/img/train_t2_1148_0.png|tee dddeeeeeeeeeessssssllllh      eeee
/data3fast/users/mbermudez/de_03/TFGDataset/img/train_t2_0002_1.png|miii ttth eeee   ddaaaaufssssethhi  dee
/data3fast/users/mbermudez/de_03/TFGDataset/img/train_t2_0559_2.png|unn eeeeee   sssllleeeee nnn   eeeee sslll  eeeerrrr
/data3fast/users/mbermudez/de_03/TFGDataset/img/train_t2_0431.png|bbeeeeeeee   tt   dddeee ttt   n  eeeeNNeeN
/data3fast/users/mbermudez/de_03/TFGDataset/img/train_t2_0971_2.png|lllss     lllllaaa hhiiiii   aal   eeeeeiiiiiinnn
/data3fast/users/mbermudez/de_03/TFGDataset/img/train_t2_1406_2.png|der schunnneeett   eeelllll    ssschhhuuu deeeeeeeehee
/data3fast/users/mbermudez/de_03/TFGDataset/img/train_t2_0894_0.png|nnsssrrrrttsh  eeeeeeeee  nnn eeli   eer  rrrr  aad
/data3fast/users/mbermudez/de_03/TFGDataset/img/train_t2_1462_2.png|anneerhhhhh   e rehheN  n   ahheeeeinnnnnnss
/data3fast/users/mbermudez/de_03/TFGDataset/img/train_t2_0858_1.png|uudddddeeeee  esseeeetttteeee eee   ssss
/data3fast/users/mbermudez/de_03/TFGDataset/img/train_t2_0342_1.png|iinnnniiillaaasssseee   d  ee eee ssccclieeeeeeelshhh
/data3fast/users/mbermudez/de_03/TFGDataset/img/train_t2_1045_2.png|weehhtt  dddrrrrrtttiii  aaaaa eessee  u  eeeeee
/data3fast/users/mbermudez/de_03/TFGDataset/img/train_t2_0398_0.png|mit         ssss eeeer     ttttss  eleeeeeeess
/data3fast/users/mbermudez/de_03/TFGDataset/img/train_t2_0670_1.png|freeee  nnnneeeeeen aa ees ssss    ennn
/data3fast/users/mbermudez/de_03/TFGDataset/img/train_t2_0572_1.png|fere ddddreeeeee chheee  nnddeer           oatt
/data3fast/users/mbermudez/de_03/TFGDataset/img/train_t2_1493.png|ggeeNNNNNNNNN.
/data3fast/users/mbermudez/de_03/TFGDataset/img/train_t2_0079_0.png|mi  eeeeeeeeeeNNsss   nn    i   iilllleee nnddde
/data3fast/users/mbermudez/de_03/TFGDataset/img/train_t2_0702_0.png|hheeeeNssssseeeees       itttt llleeeeeee
/data3fast/users/mbermudez/de_03/TFGDataset/img/train_t2_1242_1.png|drrchhhhhsssssse     ssssssddeeeeeehh  sssssseee    rrrssschh
/data3fast/users/mbermudez/de_03/TFGDataset/img/train_t2_0825_2.png|seeeeeeerrrrelllleesssss     lllii   deeeeeen
/data3fast/users/mbermudez/de_03/TFGDataset/img/train_t2_1179_1.png|da   eeeeeehhhh    aaa  eeeeee****   nnnnn    tttttt
/data3fast/users/mbermudez/de_03/TFGDataset/img/train_t2_1225.png|#  d
/data3fast/users/mbermudez/de_03/TFGDataset/img/train_t2_0006_1.png|dssssss          ii nnnnnn sss   nuueeeeeeeerrrrrreeeelll
/data3fast/users/mbermudez/de_03/TFGDataset/img/train_t2_0094_2.png|aneeessssss      eeennnnnnnnfcheeee    **i     iilllll
/data3fast/users/mbermudez/de_03/TFGDataset/img/train_t2_0667_0.png|lllee   eeee**** ttscchhhl eeeeee  aaaa ddeeeeeeeeee
/data3fast/users/mbermudez/de_03/TFGDataset/img/train_t2_0253_1.png|ffnneeeeeees   sssssseeeeeeeeeeett    eeeeeee
/data3fast/users/mbermudez/de_03/TFGDataset/img/train_t2_0718_0.png|ditt    ssssseeeeee      cchh  eeee  ddddeee
/data3fast/users/mbermudez/de_03/TFGDataset/img/train_t2_0765_2.png|iinnndrrerreeeeeeeeehiii    aaa   eeeeeeee
/data3fast/users/mbermudez/de_03/TFGDataset/img/train_t2_0312_1.png|eer nnnnndd eellleeeetttte   nnnilllhe eeeeennnnnn
/data3fast/users/mbermudez/de_03/TFGDataset/img/train_t2_0611_0.png|uu    eeeeee aaaa        erennreeeeeeeehhhhhh
/data3fast/users/mbermudez/de_03/TFGDataset/img/train_t2_0127.png|daaaaaa  eeeeeerrrrreenneeeeee        eeeeNNNeeNeNN
/data3fast/users/mbermudez/de_03/TFGDataset/img/train_t2_1223_0.png|aaa      nnlllllsssssssseeee   d   ssssaaa nddddd
/data3fast/users/mbermudez/de_03/TFGDataset/img/train_t2_0746_1.png|geeeee   uuuseeeeeeeee   hha  hhhlllsss  hh eeeeee
/data3fast/users/mbermudez/de_03/TFGDataset/img/train_t2_0226_2.png|eeNNNNNN
/data3fast/users/mbermudez/de_03/TFGDataset/img/train_t2_0421_0.png|ggeeeeeee      acchhh   n tttttss  ee ellleeeee
/data3fast/users/mbermudez/de_03/TFGDataset/img/train_t2_0448_1.png|geee        resttt  eeeeslllleeeddddddddedd
/data3fast/users/mbermudez/de_03/TFGDataset/img/train_t2_1033_0.png|mahhh         ie  hhhhhh   ddeiiiitttt  drrre
/data3fast/users/mbermudez/de_03/TFGDataset/img/train_t2_1024_0.png|seett    dd  iiitteee d esttttcchhhee nnnn ddrr
/data3fast/users/mbermudez/de_03/TFGDataset/img/train_t2_1416_0.png|ditttteeeenneeee  aa  eernn aa aaaaahheeeeer
/data3fast/users/mbermudez/de_03/TFGDataset/img/train_t2_0196_0.png|eeNN  aannd deeeeetttts  nnnnnnd     aaallllee
/data3fast/users/mbermudez/de_03/TFGDataset/img/train_t2_0425_1.png|tt     ssssseeeeessssttiinneeeeessssssseeeeeeee
/data3fast/users/mbermudez/de_03/TFGDataset/img/train_t2_1324_2.png|hhes      dderee   * * nnnd d aalehheee nnnnnndddddd
/data3fast/users/mbermudez/de_03/TFGDataset/img/train_t2_1364_0.png|sstteeeeeeeeeeecchhhhhhe     naannnnnneee  ssseees
/data3fast/users/mbermudez/de_03/TFGDataset/img/train_t2_0448_0.png|geee  d      ssttt eeeeellllleeee  ddeeeedd
/data3fast/users/mbermudez/de_03/TFGDataset/img/train_t2_0095.png|unnrreeeeeeeeeellls          reeeeeeee sssssss
/data3fast/users/mbermudez/de_03/TFGDataset/img/train_t2_1378_1.png|ooeee    r          attttchnn   ss  ee    aa llhhhh
/data3fast/users/mbermudez/de_03/TFGDataset/img/train_t2_1195.png|iiihhaaaa  eeeelleeeNNN...
/data3fast/users/mbermudez/de_03/TFGDataset/img/train_t2_1311_2.png|eeeeee nneeeedderreehheeeh    nddeeeellhhhhhh eeeee
/data3fast/users/mbermudez/de_03/TFGDataset/img/train_t2_1154.png|eeeets sshhhtttttt
/data3fast/users/mbermudez/de_03/TFGDataset/img/train_t2_1266.png|nn eeee  ssslllhhhe   nnnngeee  nnnnnnniiin
/data3fast/users/mbermudez/de_03/TFGDataset/img/train_t2_1410_2.png|unddd    lleeeeeesssss ee  tttttttteettttt   edr
/data3fast/users/mbermudez/de_03/TFGDataset/img/train_t2_0517_2.png|oo        eeeee     eeeeeeeeen   osssssee   derrree
/data3fast/users/mbermudez/de_03/TFGDataset/img/train_t2_0879_0.png|iss  eeeeererhhrrrrrreeeee  eeeeeeneee
/data3fast/users/mbermudez/de_03/TFGDataset/img/train_t2_1306_1.png|deeeeennnnnnnneeeeessthhhtteeeeeeeeeliiiiih   dd
/data3fast/users/mbermudez/de_03/TFGDataset/img/train_t2_1229_1.png|lll      aaall eeiit     sssshhh ddderrrrhhhhh
/data3fast/users/mbermudez/de_03/TFGDataset/img/train_t2_0895_0.png|eeeenneeeeee   aaaaa  eeeeeeeeee hhttssseeeeeeede
/data3fast/users/mbermudez/de_03/TFGDataset/img/train_t2_1257_1.png|derttiii enneeeeeettt  dddeeeeeeehhe   nnn
/data3fast/users/mbermudez/de_03/TFGDataset/img/train_t2_0607_1.png|geeee    aassss  ssssssss       sssssseeleleeeee
/data3fast/users/mbermudez/de_03/TFGDataset/img/train_t2_0006.png|dassssssss        e   nnnn  sshhununneeeeerrrrrrrrreeellll
/data3fast/users/mbermudez/de_03/TFGDataset/img/train_t2_0494_0.png|wssseNN
/data3fast/users/mbermudez/de_03/TFGDataset/img/train_t2_1075_1.png|rrrrreeees    hhhheeeNdddeeeeeeseeh    nnnneennnnee
/data3fast/users/mbermudez/de_03/TFGDataset/img/train_t2_0875_2.png|eee dddd e    lsssseeeeeeeeee hhnnniii      e
/data3fast/users/mbermudez/de_03/TFGDataset/img/train_t2_1358.png|dassshhhheNN   nd   ttt    eeeennnnnn     ****  eee
/data3fast/users/mbermudez/de_03/TFGDataset/img/train_t2_0018_1.png|meeeeeee    ddddeeeeellleeeeeeeeee         ssseeee
/data3fast/users/mbermudez/de_03/TFGDataset/img/train_t2_0579.png|oonnneeeeeennnneehhh    ..
/data3fast/users/mbermudez/de_03/TFGDataset/img/train_t2_0326_1.png|agggeeessssss    aa   sieinnnneeett   tttttsssse
/data3fast/users/mbermudez/de_03/TFGDataset/img/train_t2_0508_1.png|"   eeeeee      cchhaassseelllleeeeeeiiit
/data3fast/users/mbermudez/de_03/TFGDataset/img/train_t2_0441_2.png|tt  eeeeeee  nd  ii d  aassss   tttttt   dd
/data3fast/users/mbermudez/de_03/TFGDataset/img/train_t2_1179_2.png|da   eeeerhhhhh    aaa ddeeeeee*** n nnn  d   tttttt
/data3fast/users/mbermudez/de_03/TFGDataset/img/train_t2_0542.png|rrrrrr    aaaaaa  eeeeeNNeddddee schhhhh    eeee
/data3fast/users/mbermudez/de_03/TFGDataset/img/train_t2_0999_1.png|errthlllllllleeed  rr   aaaagessseeeeee    niiii
/data3fast/users/mbermudez/de_03/TFGDataset/img/train_t2_1307.png|hhheeeeeeeee  ddd d rreeggggggeett  uu ereerr
/data3fast/users/mbermudez/de_03/TFGDataset/img/train_t2_1127_2.png|dee  eeeeeeeeeee   eeeeerrrr uaaahheeeeehhhh
/data3fast/users/mbermudez/de_03/TFGDataset/img/train_t2_0588.png|dee     ennn eeessttee   nnnee   sss eeeee
/data3fast/users/mbermudez/de_03/TFGDataset/img/train_t2_1313_1.png|au     saasssshhii   dd  ssss  lllllllliiineeee
/data3fast/users/mbermudez/de_03/TFGDataset/img/train_t2_0404_1.png|beeeellllliiii 
/data3fast/users/mbermudez/de_03/TFGDataset/img/train_t2_0397_2.png|bla  ddd     eeereeeeellleeeenn  ssssssttt
/data3fast/users/mbermudez/de_03/TFGDataset/img/train_t2_1317_2.png|dasseeeeeeeei  d  eehh     an    steeeesse   nnnn
/data3fast/users/mbermudez/de_03/TFGDataset/img/train_t2_1131_1.png|iihheeee  rreeeeeeesssuuuuuu eeeeeeeeeee   sssshhh
/data3fast/users/mbermudez/de_03/TFGDataset/img/train_t2_0252_1.png|geeeeeee un rrrttttttt  ddeeeeslllee
/data3fast/users/mbermudez/de_03/TFGDataset/img/train_t2_0093_0.png|dii   aaaaa d eeeeeeellllleeeeee    ssstttt
/data3fast/users/mbermudez/de_03/TFGDataset/img/train_t2_0416.png|bschheee           dddee ssssheeNN        i  iiiilllss
/data3fast/users/mbermudez/de_03/TFGDataset/img/train_t2_0345_0.png|mhhhhhhh    dddreeeeeheh  a  dd iiillleeetttsseeee
/data3fast/users/mbermudez/de_03/TFGDataset/img/train_t2_0809_1.png|oee      reseeeee  aaa  eeeennneeen   eeeeeeeelllle
/data3fast/users/mbermudez/de_03/TFGDataset/img/train_t2_1339_1.png|ttt  nnndddaaaaall     aahh  rehhhhhheeeennnnn
/data3fast/users/mbermudez/de_03/TFGDataset/img/train_t2_1118_2.png|dersssaaaauuuuu   hhheeeN     nnnnen   aaa     eee
/data3fast/users/mbermudez/de_03/TFGDataset/img/train_t2_1358_2.png|dassshheeeeN    dd   t nn deeeennnnnneeee       
/data3fast/users/mbermudez/de_03/TFGDataset/img/train_t2_1023_2.png|deeeeeeeeeNNNNdddddeeeeeeeeee  tt    ndddeee
/data3fast/users/mbermudez/de_03/TFGDataset/img/train_t2_1389_1.png|beedeeeeahhh   dd  achhhhheeeeeeennnntttt
/data3fast/users/mbermudez/de_03/TFGDataset/img/train_t2_1450_2.png|mma      eeeeeee iit  nn  llsseeeeeelllhhiee aaah
/data3fast/users/mbermudez/de_03/TFGDataset/img/train_t2_1328_1.png|der  ahhh         n ddeeelliieee       nnneee
/data3fast/users/mbermudez/de_03/TFGDataset/img/train_t2_0600.png|nnnnn   a llsssssa nnn sttt   ddssseee
/data3fast/users/mbermudez/de_03/TFGDataset/img/train_t2_0470_1.png|wweeeetttttt
/data3fast/users/mbermudez/de_03/TFGDataset/img/train_t2_0878_1.png|vrrnaaaaaa  ee   lllee nnnntinnn aasssstttttee
/data3fast/users/mbermudez/de_03/TFGDataset/img/train_t2_0643_0.png|der  ccchchchhhhh  ddrrrrchlssse   nnen n     eer
/data3fast/users/mbermudez/de_03/TFGDataset/img/train_t2_1119_2.png|geeeeeeeeeeeeeeereeeeeeehh    d       tttesssssss   nnn
/data3fast/users/mbermudez/de_03/TFGDataset/img/train_t2_0685_0.png|diineeeeeeee****olnnnnngeeeeee   ss ddeee
/data3fast/users/mbermudez/de_03/TFGDataset/img/train_t2_1476.png|eeN dnnnnnneeeeeetttt  eeeeee iineeeeeeeee
/data3fast/users/mbermudez/de_03/TFGDataset/img/train_t2_1470.png|in    chhhteeeeee*************   ieeeeeeeNN      eeeeeeNN
/data3fast/users/mbermudez/de_03/TFGDataset/img/train_t2_1273.png|creess    daa    rrhee     d eeee      eeeiiit
/data3fast/users/mbermudez/de_03/TFGDataset/img/train_t2_0094.png|anee sssssss     eeeeennnnnuuuueee e      **   iillchh
/data3fast/users/mbermudez/de_03/TFGDataset/img/train_t2_1391.png|uund  rrrttinnnn  sssss     seehhhe      eeee
/data3fast/users/mbermudez/de_03/TFGDataset/img/train_t2_0880.png|oooeeeee    ssseeeee nn itt    ..
/data3fast/users/mbermudez/de_03/TFGDataset/img/train_t2_0110_0.png|ooossssssllleelihheeeee     aallleeeiieeeeeee ne
/data3fast/users/mbermudez/de_03/TFGDataset/img/train_t2_1079_1.png|chheeee  seeeeeeee   reees       eeeeee
/data3fast/users/mbermudez/de_03/TFGDataset/img/train_t2_0943_0.png|eeN  aaa   eee     eeehhheeeeeh  eedddd
/data3fast/users/mbermudez/de_03/TFGDataset/img/train_t2_0349.png|stt  aaaaaa  assseeedd   itii hieeeiiihhhhh
/data3fast/users/mbermudez/de_03/TFGDataset/img/train_t2_0211.png|an ddeeeeee nnaaaahhheee lllllsssas       nnn
/data3fast/users/mbermudez/de_03/TFGDataset/img/train_t2_0613_1.png|geeeiiiiillhhhhh   dd  eeeeessssslsss    ddddeee
/data3fast/users/mbermudez/de_03/TFGDataset/img/train_t2_0781_2.png|dd   eeeee**** n   llleeee nnnnneeee      r
/data3fast/users/mbermudez/de_03/TFGDataset/img/train_t2_0258_2.png|gggee    eeesseee  cchht  aassssstt n  deee
/data3fast/users/mbermudez/de_03/TFGDataset/img/train_t2_0523_1.png|eeeti    tchheeeeeeeeN  uaaaahheeeeee ssss 
/data3fast/users/mbermudez/de_03/TFGDataset/img/train_t2_0614_2.png|wieeeeeeenn aaaheeeee         drrreeeeeehhsseee  sss
/data3fast/users/mbermudez/de_03/TFGDataset/img/train_t2_0379.png|dii  eeeeeeddre aacchh   d ss   hii
/data3fast/users/mbermudez/de_03/TFGDataset/img/train_t2_0605_1.png|sttlleeeeeeeeeeeeeddd  sss          a uuddddde
/data3fast/users/mbermudez/de_03/TFGDataset/img/train_t2_0258.png|ggeee  eeeeeessee  chhhh aaassss tt    dee
/data3fast/users/mbermudez/de_03/TFGDataset/img/train_t2_0914_0.png|asss e e  eeeeerrtthhteeeeeeeee e deeeeerrdrrrrr
/data3fast/users/mbermudez/de_03/TFGDataset/img/train_t2_0715.png|mi   aaauunnnnnnneeeeerrr uuun  rrrttthhn
/data3fast/users/mbermudez/de_03/TFGDataset/img/train_t2_0253_0.png|fffneeeeeee   tssssseeeeeeerrttt   ddeeee
/data3fast/users/mbermudez/de_03/TFGDataset/img/train_t2_1294_0.png|anneeee    sss  eeeeeeeeeee eeeeetttah       rehhhh
/data3fast/users/mbermudez/de_03/TFGDataset/img/train_t2_0817_0.png|deee llleee  iiiii  schhneeeeeeee  eeeeeeeee  llllssssesee
/data3fast/users/mbermudez/de_03/TFGDataset/img/train_t2_0524.png|vrrreeee uuddddeeeessse   ..
/data3fast/users/mbermudez/de_03/TFGDataset/img/train_t2_0166_2.png|ne  lllleeeeen  uuuu uu  eeeeeeeeeeeettee    aaaaa
/data3fast/users/mbermudez/de_03/TFGDataset/img/train_t2_0618_0.png|chhttt      ssss ss      nnn    n    eeerrcchhhhh uueeee
/data3fast/users/mbermudez/de_03/TFGDataset/img/train_t2_1405.png|uun  eeee   nnnnnnssseeeeeeee     llllee
/data3fast/users/mbermudez/de_03/TFGDataset/img/train_t2_1055_2.png|ieeeeee    ta  ll     a iireeeesssssss
/data3fast/users/mbermudez/de_03/TFGDataset/img/train_t2_1273_0.png|reeee   aa  d   rrhh   nnnneeeee     deeeiiii
/data3fast/users/mbermudez/de_03/TFGDataset/img/train_t2_0162_0.png|desssssseeeee    nee      dd eeeeeeeeitieeeeee       
/data3fast/users/mbermudez/de_03/TFGDataset/img/train_t2_0850_0.png|eelllhheeeeeeeee  uu eeeeeee     
/data3fast/users/mbermudez/de_03/TFGDataset/img/train_t2_0651_2.png|brtt   eeeee  aaa  ssee  nnnnndd    ssee  eee ncchhh
/data3fast/users/mbermudez/de_03/TFGDataset/img/train_t2_0535_1.png|mrrr   e i i  .lllllii  dddrrr lllheeee  du
/data3fast/users/mbermudez/de_03/TFGDataset/img/train_t2_0084_1.png|nnnnn  s     t  t    sssseeeehee    eeee  sssee    tteeeeee
/data3fast/users/mbermudez/de_03/TFGDataset/img/train_t2_0934_0.png|dii   iilliieeeeeeettt  ee  uu  eee
/data3fast/users/mbermudez/de_03/TFGDataset/img/train_t2_0360_2.png|alssssaaaaaaasssehhhhaassseeeeeehheee    aaaaa  
/data3fast/users/mbermudez/de_03/TFGDataset/img/train_t2_0388.png|mmrrrreeeeei **ttttttssett  uuu eheeeeeNN   nn ii  dd
/data3fast/users/mbermudez/de_03/TFGDataset/img/train_t2_0904.png|eee allllleeennnneeellee   nnnnee  n  eeeeeeee
/data3fast/users/mbermudez/de_03/TFGDataset/img/train_t2_0529_1.png|seeeeee          d  tte    nnaaa  ieteee  ii
/data3fast/users/mbermudez/de_03/TFGDataset/img/train_t2_1439_0.png|tteeeeeenn  sss  eeellhhhhaaahhh    ddeeee
/data3fast/users/mbermudez/de_03/TFGDataset/img/train_t2_0733_0.png|ichhe      eeeeeeeeeneeeeeeeeeeeeee    eeennn
/data3fast/users/mbermudez/de_03/TFGDataset/img/train_t2_0279.png|dee  nnnnnnnnnaaa     eeeee     rrrrr      ahhhh
/data3fast/users/mbermudez/de_03/TFGDataset/img/train_t2_1194_0.png|geee            eehhh     eessssshchh uuunn   ssteeeeeeeee
/data3fast/users/mbermudez/de_03/TFGDataset/img/train_t2_1077_0.png|see ddeeeriiiihhheeee     ss  ehhh   aa slllh
/data3fast/users/mbermudez/de_03/TFGDataset/img/train_t2_1309_0.png|lee nnnnn ieee     dd sesettt neeeeeettt   ddeeee
/data3fast/users/mbermudez/de_03/TFGDataset/img/train_t2_0130_0.png|cheeeeeeee  e  iiieeehhhh  ua  d ee sslllllii eerrsss
/data3fast/users/mbermudez/de_03/TFGDataset/img/train_t2_0314.png|ttt         d    tttssseeeeesssse   aa   
/data3fast/users/mbermudez/de_03/TFGDataset/img/train_t2_0787.png|eeeee        iiiinnneeee   uuu  rre  n aallle
/data3fast/users/mbermudez/de_03/TFGDataset/img/train_t2_0871_1.png|geeeeeeeee  ddd   ll   dddd      ee auu ddeee llll
/data3fast/users/mbermudez/de_03/TFGDataset/img/train_t2_0490.png|errlll          anniiiiinnnnhh       ttssshheee
/data3fast/users/mbermudez/de_03/TFGDataset/img/train_t2_0149_1.png|geeeee  nnnrrrrrtttt    eeee*********.
/data3fast/users/mbermudez/de_03/TFGDataset/img/train_t2_0588_2.png|de    eeeenneesssetee     eee    ssss eeeee
/data3fast/users/mbermudez/de_03/TFGDataset/img/train_t2_0044_1.png|wieeee  aaahe    nnn   eeessllll nnnneeeee
/data3fast/users/mbermudez/de_03/TFGDataset/img/train_t2_0583.png|aaeeN  a      nnnne llll   ttchhhheeNNe lllleeeeel
/data3fast/users/mbermudez/de_03/TFGDataset/img/train_t2_0061_1.png|orrr  nn  rtttt eeeeeeN   aaassssserrri
/data3fast/users/mbermudez/de_03/TFGDataset/img/train_t2_0317_1.png|wwrr     aahhhllle   n dddeee**** d e ssccthhhhe
/data3fast/users/mbermudez/de_03/TFGDataset/img/train_t2_0625_1.png|deeeeeeeeeettttttteee   d   hhhhhhh u  eeeeeee nnn
/data3fast/users/mbermudez/de_03/TFGDataset/img/train_t2_0465_1.png|aa   e uunnnnnnnneeeeeiieee eee  
/data3fast/users/mbermudez/de_03/TFGDataset/img/train_t2_0250_1.png|teel    iittttthh   ddddesseeeee lleeee     lllll
/data3fast/users/mbermudez/de_03/TFGDataset/img/train_t2_1100_1.png|ihhh    rrrreeeehhhh eeeee   eee aaaa  ddeeeeitt
/data3fast/users/mbermudez/de_03/TFGDataset/img/train_t2_1350_2.png|neeettttttee     nneeeeee      aa hhiiihhhhhaa  ddd
/data3fast/users/mbermudez/de_03/TFGDataset/img/train_t2_1247.png|veeeeessss   eesssschnnnnnnnn    eeeeeeeee
/data3fast/users/mbermudez/de_03/TFGDataset/img/train_t2_0344_0.png|nnneeeaaauu dsssseeee  uuunnnn   llllhheeeedd
/data3fast/users/mbermudez/de_03/TFGDataset/img/train_t2_0102_1.png|aanneeeeee nnnneeee ttttt   dddeeeeeeeee   
/data3fast/users/mbermudez/de_03/TFGDataset/img/train_t2_0139_1.png|sstt   nnnneettt    dd sss ddereeeeeee eeeeeeeee
/data3fast/users/mbermudez/de_03/TFGDataset/img/train_t2_0863_0.png|eeeeeeeeee****                iii         uuuu  ehhe    eeeehhhh
/data3fast/users/mbermudez/de_03/TFGDataset/img/train_t2_1168_1.png|ccheee         n    sssssthhcttteeeeeeee  sss    ddrrech
/data3fast/users/mbermudez/de_03/TFGDataset/img/train_t2_0434.png|ttttt    nnlnn eeeeeeeeeeesssshh    eessssshh
/data3fast/users/mbermudez/de_03/TFGDataset/img/train_t2_0889_0.png|see ellleeeeee t  eeeeeeeeee  eeeeeeetttnn
/data3fast/users/mbermudez/de_03/TFGDataset/img/train_t2_0260_0.png|ineeesssss uu eeeeeettttt nneelllllaaaaaaaeeeee
/data3fast/users/mbermudez/de_03/TFGDataset/img/train_t2_0427_2.png|was     nnnnnee cllhleeennnneeeeeeeeeerrrreueee
/data3fast/users/mbermudez/de_03/TFGDataset/img/train_t2_0584_0.png|dass eeeii  hhh    .
/data3fast/users/mbermudez/de_03/TFGDataset/img/train_t2_0661.png|inn eeeiii   eeessssseeeee    ...
/data3fast/users/mbermudez/de_03/TFGDataset/img/train_t2_0780_1.png|oonddeeeeeeeee    ..
/data3fast/users/mbermudez/de_03/TFGDataset/img/train_t2_0835_1.png|de                 eeee       s etttt    a     ssee
/data3fast/users/mbermudez/de_03/TFGDataset/img/train_t2_1103_1.png|geeeeeeeeeeeee   ahhu  ddeeeeetchhh    llllaaa
/data3fast/users/mbermudez/de_03/TFGDataset/img/train_t2_0856_0.png|rrrr aaeeeeerrrnnnn  eeeeeeeeeessseeeeeeeNNNeeeNN
/data3fast/users/mbermudez/de_03/TFGDataset/img/train_t2_0102_0.png|aan teeeeee nnnnieeetttttt      eeeeeeeee d
/data3fast/users/mbermudez/de_03/TFGDataset/img/train_t2_0008_1.png|oddeeeee nuuuunneeeee     *t****ssseeee  dd  
/data3fast/users/mbermudez/de_03/TFGDataset/img/train_t2_1342_0.png|annnerrrhh     n    e eeee  siill   deeeeeeeNNaauuuu
/data3fast/users/mbermudez/de_03/TFGDataset/img/train_t2_1401.png|ii deesssttthhhheN  a  eeerrrrrrr  uuu ueeu
/data3fast/users/mbermudez/de_03/TFGDataset/img/train_t2_0898_0.png|rrreeeeelee     eeeehhheee deeee  nn ddeeeeee
/data3fast/users/mbermudez/de_03/TFGDataset/img/train_t2_1435_1.png|mii  eeeeetttcchsst    dddderrsssshsauuuu
/data3fast/users/mbermudez/de_03/TFGDataset/img/train_t2_1441_1.png|bbeeee   eee    lllls  o       aaaalleeeeeileeess
/data3fast/users/mbermudez/de_03/TFGDataset/img/train_t2_1433.png|iiiiegee  u  ddderrrethheeenneeeee       sssssee
/data3fast/users/mbermudez/de_03/TFGDataset/img/train_t2_1140_1.png|wweeee    nnnnnn  eeei   nn    hhhtttee
/data3fast/users/mbermudez/de_03/TFGDataset/img/train_t2_0777_1.png|de   ccheNNN ddddeee       allnneeeeeede   aa
/data3fast/users/mbermudez/de_03/TFGDataset/img/train_t2_1360_1.png|gesssttteeeslll  deerrruuuuuuneegggggeeeee
/data3fast/users/mbermudez/de_03/TFGDataset/img/train_t2_0156.png|der lcchh  eeeeeeee   aaaah    ee   sssseeet   tttt
/data3fast/users/mbermudez/de_03/TFGDataset/img/train_t2_0276.png|"ss       nndd enee   llllllhhtttttt nnt
/data3fast/users/mbermudez/de_03/TFGDataset/img/train_t2_0360.png|aassaaaaaaaaa ss hhhh  sssseeeeeeheee         iii
/data3fast/users/mbermudez/de_03/TFGDataset/img/train_t2_0947.png|mmahhhhhinnnnnnee  uuueeeeetth    d  acht
/data3fast/users/mbermudez/de_03/TFGDataset/img/train_t2_1312_0.png|eertcchh  eeeeeeeeeeeeeit      deeee
/data3fast/users/mbermudez/de_03/TFGDataset/img/train_t2_0413_1.png|eeN dd     eeeeeee  aaaaaannnntttttt   ee
/data3fast/users/mbermudez/de_03/TFGDataset/img/train_t2_0391.png|woee   s  s       dd  ii nnneiiiillhheeiiitt   drrrrr
/data3fast/users/mbermudez/de_03/TFGDataset/img/train_t2_1353_1.png|geennnneeeessssssssseeeeeeeee uuureeeeeeeeeeeee
/data3fast/users/mbermudez/de_03/TFGDataset/img/train_t2_1233.png|wwreeed
/data3fast/users/mbermudez/de_03/TFGDataset/img/train_t2_0724_2.png|gee        eeeeeeeeeee  n    estttthnnnnnneeettss
/data3fast/users/mbermudez/de_03/TFGDataset/img/train_t2_1363_1.png|urrrrrriiiiiii   sseelleeell    eeeeeeet      uuuu
/data3fast/users/mbermudez/de_03/TFGDataset/img/train_t2_1474_1.png|auu eee       assseeeeet      e eertttth       
/data3fast/users/mbermudez/de_03/TFGDataset/img/train_t2_1421.png|seehhhhhhtt   ..
/data3fast/users/mbermudez/de_03/TFGDataset/img/train_t2_0177_0.png|deeellllleeNNNuu ddeeeetttt  ddd rr    aa eehhhh
/data3fast/users/mbermudez/de_03/TFGDataset/img/train_t2_0653_1.png|all eeeeeesseeeeeeeeechheeennnn   llll
/data3fast/users/mbermudez/de_03/TFGDataset/img/train_t2_0361_2.png|# de
/data3fast/users/mbermudez/de_03/TFGDataset/img/train_t2_0151_0.png|shhh    hhhhee      iiiiiiiiinnnnnn  ssssseee
/data3fast/users/mbermudez/de_03/TFGDataset/img/train_t2_1090_0.png|eerttttttt  
/data3fast/users/mbermudez/de_03/TFGDataset/img/train_t2_0951_2.png|oooeeeeeellcchh eeeeeeeeseeeeeeeeeee  ssssssh
/data3fast/users/mbermudez/de_03/TFGDataset/img/train_t2_0929_2.png|ttt dddd    ssssssee      illl     iiiinnndd
/data3fast/users/mbermudez/de_03/TFGDataset/img/train_t2_0937_0.png|bbreeeesssseee    aachhe eeerettt    nna
/data3fast/users/mbermudez/de_03/TFGDataset/img/train_t2_0843_0.png|geee      erhhhahhhh     deeee hauuuhhteeeee
/data3fast/users/mbermudez/de_03/TFGDataset/img/train_t2_0181_0.png|sseeeeeehhhhheeeelsssettte  rrrrruuahheeeeee
/data3fast/users/mbermudez/de_03/TFGDataset/img/train_t2_1015_2.png|ttt aaaaaadd   iiieeeee     unnnneeeee   eee
/data3fast/users/mbermudez/de_03/TFGDataset/img/train_t2_1208_2.png|dassseee  ee    aaa eeeeee sstttteillllnn
/data3fast/users/mbermudez/de_03/TFGDataset/img/train_t2_1125_0.png|geeettt      ssssssseeeeeeddddeeessll nn  eeeeerr
/data3fast/users/mbermudez/de_03/TFGDataset/img/train_t2_0163_1.png|dieeeneeeeeeeeeittt   dd  eehhhhhhheeeeeeeechhhhhhh  
/data3fast/users/mbermudez/de_03/TFGDataset/img/train_t2_0091.png|uudd aaaaaaafsleeeee    a assss eeeeeee nn
/data3fast/users/mbermudez/de_03/TFGDataset/img/train_t2_0644_0.png|nnnneeeeer   eeee  aas eeeeeeeeeeeeee   addeerrr
/data3fast/users/mbermudez/de_03/TFGDataset/img/train_t2_1139.png|tt  nn     dd aachhhhheeee  iiill eeeeeeeee***
/data3fast/users/mbermudez/de_03/TFGDataset/img/train_t2_0744_1.png|der     nnnee     aaauun tttt    ssssse     n cchh
/data3fast/users/mbermudez/de_03/TFGDataset/img/train_t2_1022_2.png|deNN  eeeeeeleee     sseeeee ddeeeeeeeee  nnnn
/data3fast/users/mbermudez/de_03/TFGDataset/img/train_t2_0454_0.png|chee        eeeeeeeeeee        s ddddd     nnn
/data3fast/users/mbermudez/de_03/TFGDataset/img/train_t2_0158.png|sslllleeeeeeeeeeeee   dd    hh nnneeee       nnnn
/data3fast/users/mbermudez/de_03/TFGDataset/img/train_t2_0939_2.png|iih eeeeeehheeee  aaaass nnneee    eeeeeeaa
/data3fast/users/mbermudez/de_03/TFGDataset/img/train_t2_0044_2.png|wieee   seeee   nnn      eeesll nnnnnneee
/data3fast/users/mbermudez/de_03/TFGDataset/img/train_t2_0391_0.png|woee   sss             iinnnnnniielleeeeit     drree
/data3fast/users/mbermudez/de_03/TFGDataset/img/train_t2_0187_2.png|derrriiiiieeeeeee***        seeeeeeeelll     eeeeeee
/data3fast/users/mbermudez/de_03/TFGDataset/img/train_t2_1076.png|greeeeeesssssssssse    d    uuuueuenneeeeeeee     a
/data3fast/users/mbermudez/de_03/TFGDataset/img/train_t2_0879.png|iit   eeeereeeeeerreeeeee     ennneee*n
/data3fast/users/mbermudez/de_03/TFGDataset/img/train_t2_0423_2.png|wiinnnelllll  nnnn rrriieeeeeeeeee  salh
/data3fast/users/mbermudez/de_03/TFGDataset/img/train_t2_0946_0.png|uu eeeeeedddrrrrhcchhh                  eeeeett
/data3fast/users/mbermudez/de_03/TFGDataset/img/train_t2_0294_1.png|uu     s   retttsss uuuhhheeehhheeNNnnneee  ssss
/data3fast/users/mbermudez/de_03/TFGDataset/img/train_t2_0268_1.png|auuuu  nnn  tnnnnnn aallss ddddeeeercchhtttnnnnt
/data3fast/users/mbermudez/de_03/TFGDataset/img/train_t2_1166_2.png|dee   eeeeeeeeee hh   eeesseeeeee    ss  eeeeeiiclllssss 
/data3fast/users/mbermudez/de_03/TFGDataset/img/train_t2_0968.png|mit ssssssstttsssaaaaallllllllhheeeeeeee***         hh   e
/data3fast/users/mbermudez/de_03/TFGDataset/img/train_t2_1313_2.png|aau      ass   ee   d  a  see  llllliiieeeeesssss
/data3fast/users/mbermudez/de_03/TFGDataset/img/train_t2_0748.png|eeeeeeee  nnnnnnnneeeeehhhhhNeeeeeeee errt
/data3fast/users/mbermudez/de_03/TFGDataset/img/train_t2_0768.png|aaeee   eeeee   hhhhhtt  ..
/data3fast/users/mbermudez/de_03/TFGDataset/img/train_t2_0131_2.png|oon     ll eedeeeesett   ....
/data3fast/users/mbermudez/de_03/TFGDataset/img/train_t2_0461_1.png|dn   alllnneeeeeee  sshhee     ccchhhhe   uu   ee
/data3fast/users/mbermudez/de_03/TFGDataset/img/train_t2_0335.png|dasss  nnnttttt eeeeeeeeer  aannnnnhheeeee
/data3fast/users/mbermudez/de_03/TFGDataset/img/train_t2_0949.png|ooeeellhhieeennnee*****iiiieeeeeiiiihh  uuuuu
/data3fast/users/mbermudez/de_03/TFGDataset/img/train_t2_0040.png|asseeeeeellhh  dd sss   nnnannnggeeeeeeee
/data3fast/users/mbermudez/de_03/TFGDataset/img/train_t2_1346_1.png|ssseN    uuuuu eeeeeeeeeeettt    ss   hhhha
/data3fast/users/mbermudez/de_03/TFGDataset/img/train_t2_0568_2.png|hheeeeee  ssssaaa  deee iiiiiieee ddeeeettt
/data3fast/users/mbermudez/de_03/TFGDataset/img/train_t2_0750_1.png|reeeee    d  iiitttt     eeee****  ssscch   deeeeee
/data3fast/users/mbermudez/de_03/TFGDataset/img/train_t2_1464.png|neeee       nnnnn   d  eeeeedddeeellhhhee  aahhh
/data3fast/users/mbermudez/de_03/TFGDataset/img/train_t2_1168.png|ocche e  es   nnneeeessstttthteeeeeee**   ss    ddeeeeeh
/data3fast/users/mbermudez/de_03/TFGDataset/img/train_t2_1115_2.png|iireeeeee  nneeeeeehhhieeeedd       h uu
/data3fast/users/mbermudez/de_03/TFGDataset/img/train_t2_0053_2.png|assss     aasssssss lll     d   e    rttttsssss
/data3fast/users/mbermudez/de_03/TFGDataset/img/train_t2_0795.png|eennnnnnnnnnd eeeeiih   llll eee           aa eee
/data3fast/users/mbermudez/de_03/TFGDataset/img/train_t2_1151_1.png|eeNN
/data3fast/users/mbermudez/de_03/TFGDataset/img/train_t2_0952_1.png|bss         eeeseeeeeeeeeeitttt   dddr   a   ddrrt
/data3fast/users/mbermudez/de_03/TFGDataset/img/train_t2_0410.png|reeeeeeeeeeeeeeeellhheeeeeee***   cccchlennnnnn     
/data3fast/users/mbermudez/de_03/TFGDataset/img/train_t2_1078_1.png|leettt
/data3fast/users/mbermudez/de_03/TFGDataset/img/train_t2_1255_1.png|lleN ddddeeeeeeehhh  nhhhnnneeeeneeeeeeetttuuunndee
/data3fast/users/mbermudez/de_03/TFGDataset/img/train_t2_1217_1.png|wllle     ssssssheeeedd           eeee ett   n
/data3fast/users/mbermudez/de_03/TFGDataset/img/train_t2_1398_2.png|ee   aaalleeeeeeedeeeeeee  aa     iiiien
/data3fast/users/mbermudez/de_03/TFGDataset/img/train_t2_0325_0.png|aass   e eeeeeeeeee   stchi   ddeeeee lll
/data3fast/users/mbermudez/de_03/TFGDataset/img/train_t2_0479_2.png|leettt  sshhll  ddddrr         iiiinnnnsss
/data3fast/users/mbermudez/de_03/TFGDataset/img/train_t2_0501.png|geeesssssssssss     nneelliehhe deeeeehhheeNNnnnee
/data3fast/users/mbermudez/de_03/TFGDataset/img/train_t2_1478_1.png|iieees   ssss  eeeeeeeeh   dddeesseeeee
/data3fast/users/mbermudez/de_03/TFGDataset/img/train_t2_0518_1.png|drr aaaaa ddeee      rieeenn   aa    eeeeetttt
/data3fast/users/mbermudez/de_03/TFGDataset/img/train_t2_0714_1.png|aanhhhhhhhhauu dd eiiiin  ssshheeeeerrrrrr
/data3fast/users/mbermudez/de_03/TFGDataset/img/train_t2_1221_0.png|onn   eeeeeeeellhe        hhheeee   ttttttllllee
/data3fast/users/mbermudez/de_03/TFGDataset/img/train_t2_1163.png|wweeeeesslll  d aaha seeeettnnnnn eeeett
/data3fast/users/mbermudez/de_03/TFGDataset/img/train_t2_0892_2.png|nnnn ass     ddeeeescchheeeeeeeeeeessssss ddeeee
/data3fast/users/mbermudez/de_03/TFGDataset/img/train_t2_0494_2.png|wissNNN
/data3fast/users/mbermudez/de_03/TFGDataset/img/train_t2_0459_0.png|see  unddaaaau nnn ttttiieeeeeeeeeeee aaaaanneeeeee
/data3fast/users/mbermudez/de_03/TFGDataset/img/train_t2_0222_2.png|tt***        eesst    d  ssseennnnnneeessss   *       eee
/data3fast/users/mbermudez/de_03/TFGDataset/img/train_t2_0828_0.png|nnnndddd  aaalldeeerrdrd ss   eeeeeeee uua
/data3fast/users/mbermudez/de_03/TFGDataset/img/train_t2_0623_1.png|drrrrrr   aaaaleederrrtiiiiinnnn eeerrtttt
/data3fast/users/mbermudez/de_03/TFGDataset/img/train_t2_1357.png|iiihteeeeeeesse   iii     a   eeeNN             ddddd
/data3fast/users/mbermudez/de_03/TFGDataset/img/train_t2_0236_0.png|ausseeeeeeeggg e t    rrrdd   sssseehhhh
/data3fast/users/mbermudez/de_03/TFGDataset/img/train_t2_1398_1.png|ne   aassslhheeeeeeeeeeeee        iiiiine
/data3fast/users/mbermudez/de_03/TFGDataset/img/train_t2_1186.png|nnniiihhhi       eee saaaa ndee         eeeell
/data3fast/users/mbermudez/de_03/TFGDataset/img/train_t2_1393_2.png|nnnnneeeeNNN
/data3fast/users/mbermudez/de_03/TFGDataset/img/train_t2_1045_0.png|wllhhtt  ddddrrtttteee   aaaaaleessstt    eeee
/data3fast/users/mbermudez/de_03/TFGDataset/img/train_t2_0103_0.png|#s ee
/data3fast/users/mbermudez/de_03/TFGDataset/img/train_t2_0376.png|aahheeeeeeeeeeeeeii   ddeeeihhnnnnneeesseestttt
/data3fast/users/mbermudez/de_03/TFGDataset/img/train_t2_0494.png|iisseNNN
/data3fast/users/mbermudez/de_03/TFGDataset/img/train_t2_1338_1.png|ieeee chheeeeedddrrr   nnniiieii ii     llssss
/data3fast/users/mbermudez/de_03/TFGDataset/img/train_t2_0705.png|leeeeNNN     ee  ctt     ssss    nnnnn
/data3fast/users/mbermudez/de_03/TFGDataset/img/train_t2_1312_1.png|eesscchh  eeeeeeeeeeeee     aa  eeeeee
/data3fast/users/mbermudez/de_03/TFGDataset/img/train_t2_1402_1.png|woo      a   t    illsssss   nn  lllhhleeeeeeee
/data3fast/users/mbermudez/de_03/TFGDataset/img/train_t2_1264.png|daa  eeeeeeee      aaasseeererrinneeeeeee uaaahhh
/data3fast/users/mbermudez/de_03/TFGDataset/img/train_t2_0734_0.png|rrrrreeeseeeeee  n  d   iiii          iiiieneeeeeeeeee
/data3fast/users/mbermudez/de_03/TFGDataset/img/train_t2_0023.png|geerttthhhheeeeeeeeelllleennnnnnn ddd    eeeeeeiiieee
/data3fast/users/mbermudez/de_03/TFGDataset/img/train_t2_1038_0.png|drraaaaffs  nnneeeeeesssthht eeffnnettttt   d
/data3fast/users/mbermudez/de_03/TFGDataset/img/train_t2_1454_1.png|iiieeeeritthhnneeNeeennnnncchheNN  aaheeee
/data3fast/users/mbermudez/de_03/TFGDataset/img/train_t2_0652_1.png|gee aaallllle         accht   ddd  iiiiit...
/data3fast/users/mbermudez/de_03/TFGDataset/img/train_t2_0935_2.png|tte    eeeehhhhh uu ddeeesstcchhcchh ieeeee
/data3fast/users/mbermudez/de_03/TFGDataset/img/train_t2_1465.png|auu  eee ttttt   aaalll    eeeeeesssssssssss     dee
/data3fast/users/mbermudez/de_03/TFGDataset/img/train_t2_0079.png|mi   eeeeeeeheNNNsss   n         iiiiiee nnnddeee
/data3fast/users/mbermudez/de_03/TFGDataset/img/train_t2_0822_0.png|undd   uuuuuuueennnnnngnnnaaaaaaahhe
/data3fast/users/mbermudez/de_03/TFGDataset/img/train_t2_1081_1.png|ggnnnnnn    sseeeeeee      eeeelhhee        eeeeell
/data3fast/users/mbermudez/de_03/TFGDataset/img/train_t2_0655.png|wiessss  lhhchhhhei  nnn  reeee    aaasss
/data3fast/users/mbermudez/de_03/TFGDataset/img/train_t2_0757_2.png|eeettt    dddde  llllleeennneeettttt   d eeeeeee
/data3fast/users/mbermudez/de_03/TFGDataset/img/train_t2_1388_1.png|bellhhttt    ssseeee     a    eeee  uuuuu ddeee
/data3fast/users/mbermudez/de_03/TFGDataset/img/train_t2_0974_2.png|# d
/data3fast/users/mbermudez/de_03/TFGDataset/img/train_t2_0731_0.png|ooo      itieeeddrrreeeeeeNeeeeee   sssttttteeees
/data3fast/users/mbermudez/de_03/TFGDataset/img/train_t2_0310_2.png|dee  eeee    eesssssssssssseeeeeeeeee  eddee ree
/data3fast/users/mbermudez/de_03/TFGDataset/img/train_t2_0955.png|wlll      ...........          i eeeeeNeuue e  ee d ..
/data3fast/users/mbermudez/de_03/TFGDataset/img/train_t2_0941_1.png|liiiin   rrehhhh  ddddd   ggeNNNeee lllllll
/data3fast/users/mbermudez/de_03/TFGDataset/img/train_t2_0735_2.png|ffff  a htt  ..
/data3fast/users/mbermudez/de_03/TFGDataset/img/train_t2_0249.png|uueeeeeeelllhhhhhh       a    h   eeeeeee       aeeee
/data3fast/users/mbermudez/de_03/TFGDataset/img/train_t2_0336_0.png|chee        tttee   aaaaueeeeeeee     ttt
/data3fast/users/mbermudez/de_03/TFGDataset/img/train_t2_1392.png|# 
/data3fast/users/mbermudez/de_03/TFGDataset/img/train_t2_0165_1.png|bee  dd ssssssstcaannnnnnneeeeeeeett  aalannnn
/data3fast/users/mbermudez/de_03/TFGDataset/img/train_t2_0088_1.png|ee       ee    thhennnnnnn i  rrrrrrrriiiiidd
/data3fast/users/mbermudez/de_03/TFGDataset/img/train_t2_1321_0.png|ssstttteeeeeeeeeeeeellheeeN          nn      .
/data3fast/users/mbermudez/de_03/TFGDataset/img/train_t2_0873.png|iinnnnn  eeeee   a ss  eee  lll  iii      aassshhhhh
/data3fast/users/mbermudez/de_03/TFGDataset/img/train_t2_1433_2.png|iihhglee  ddd   rsehhhiieeeeeeeeee    ddssseesssss
/data3fast/users/mbermudez/de_03/TFGDataset/img/train_t2_0291_2.png|eeessssssss   ddd   echhhe   ddddd  llhhhh   nnnn
/data3fast/users/mbermudez/de_03/TFGDataset/img/train_t2_0813_2.png|tttte  eeeeeeeeeeessssslll  dd   scccchheeeddddrree
/data3fast/users/mbermudez/de_03/TFGDataset/img/train_t2_1164_2.png|err auuuunneeeeeeeeeennneeeeeeeeee    sllleee
/data3fast/users/mbermudez/de_03/TFGDataset/img/train_t2_1110_0.png|aas eeeeenn           tttt    ssssseeNNNe
/data3fast/users/mbermudez/de_03/TFGDataset/img/train_t2_0144_1.png|ceeeee schh      eehhhheee   assssslhhii ddd
/data3fast/users/mbermudez/de_03/TFGDataset/img/train_t2_0596_0.png|tteeeeelgeeeeee    allllchhheeeeeee    sss
/data3fast/users/mbermudez/de_03/TFGDataset/img/train_t2_0764_2.png|fnnneeeeiiinnlllll  dd  chhheeenn   rrrrhhtt
/data3fast/users/mbermudez/de_03/TFGDataset/img/train_t2_1149_0.png|unddrrreeeeeeeee    allllss    dd   ssllleeeee
/data3fast/users/mbermudez/de_03/TFGDataset/img/train_t2_0841_0.png|seeeeeeitccheeNN   aaa  ee   n  aa eeeeedeeee**
/data3fast/users/mbermudez/de_03/TFGDataset/img/train_t2_1043_0.png|oneeeeeeaahh  ee    eeeeeeee    ddd  eeeell  nnneeee
/data3fast/users/mbermudez/de_03/TFGDataset/img/train_t2_0238_0.png|de   llhhhheeeeee estsss saa    eeeeeeeeeeerrrr
/data3fast/users/mbermudez/de_03/TFGDataset/img/train_t2_0360_0.png|allsaaaaaaaasssshhll   sssseeeeheee     saaaa i
/data3fast/users/mbermudez/de_03/TFGDataset/img/train_t2_0514_2.png|dsss       eeesstst eeeeeeeeeeeees       sceeeeeee nnnnnee
/data3fast/users/mbermudez/de_03/TFGDataset/img/train_t2_0178_0.png|mihh     rrrreeereeeeeeeee  uuuuu  reerrrrrr
/data3fast/users/mbermudez/de_03/TFGDataset/img/train_t2_0214_2.png|aannneeeerrrr    edddddee  eeeee   etttetessss ddr
/data3fast/users/mbermudez/de_03/TFGDataset/img/train_t2_1421_2.png|seehhhtttt    
/data3fast/users/mbermudez/de_03/TFGDataset/img/train_t2_0883_1.png|deee    tttii        eeeeeeeee   ttt   eeeee  e t
/data3fast/users/mbermudez/de_03/TFGDataset/img/train_t2_1469_2.png|rrrreeeeeee      dddd d                        .ll
/data3fast/users/mbermudez/de_03/TFGDataset/img/train_t2_1009_2.png|an ddeeeriiittieeeeeeeee   hh   d  aasss
/data3fast/users/mbermudez/de_03/TFGDataset/img/train_t2_0038_2.png|schllN uu   ee     itttteeeeN     icchhheeee nnd
/data3fast/users/mbermudez/de_03/TFGDataset/img/train_t2_1291_1.png|anddrrrrttt  neeeeeeettt       lleeeeee
/data3fast/users/mbermudez/de_03/TFGDataset/img/train_t2_0111_1.png|ggeeeee     lllliiiihhhhhnnneeeeellll nnnnnee
/data3fast/users/mbermudez/de_03/TFGDataset/img/train_t2_1297_0.png|aaeeeeeeellllll ssaaa     sss   eeess      reeeeeee
/data3fast/users/mbermudez/de_03/TFGDataset/img/train_t2_1062_2.png|anneeeNN      eeeeee eeeeeee n   ttttcthtteee     sssss
/data3fast/users/mbermudez/de_03/TFGDataset/img/train_t2_1392_0.png|# 
/data3fast/users/mbermudez/de_03/TFGDataset/img/train_t2_0612_2.png|aah       aallleeeee  iiiittt      iiiti*......dr
/data3fast/users/mbermudez/de_03/TFGDataset/img/train_t2_0664_1.png|mii  eeeeeeeeeeee    aa hhh   eeeeeeenne  ssssss
/data3fast/users/mbermudez/de_03/TFGDataset/img/train_t2_0744_2.png|dee    nneee   r    aaannnich     ss  rrr nnnnaachhh
/data3fast/users/mbermudez/de_03/TFGDataset/img/train_t2_0868.png|uudddrree uaadddrrecchheeeeeesssssseeee 
/data3fast/users/mbermudez/de_03/TFGDataset/img/train_t2_0743_2.png|auua llllinnnnddeeeeeeeed eeeeeeeeeeeeeee
/data3fast/users/mbermudez/de_03/TFGDataset/img/train_t2_0714_0.png|aanhhhhhhhh  a  dd iiiilnn  scchheeeee    eee
/data3fast/users/mbermudez/de_03/TFGDataset/img/train_t2_0856_1.png|irrr eeeeeeeeeennnneeeeedddeeeeeeeeeeeNNNeNNNNeNNNNNN
/data3fast/users/mbermudez/de_03/TFGDataset/img/train_t2_0151_1.png|sch    ahhhhe  ddd  iriiiiiiinnnnndd sssssseeee
/data3fast/users/mbermudez/de_03/TFGDataset/img/train_t2_1177_2.png|beellleee        dddd rrrrtttttt         eeeeeee
/data3fast/users/mbermudez/de_03/TFGDataset/img/train_t2_1369.png|breeeeee  nnnnn  itttt   deee uueeennnnn
/data3fast/users/mbermudez/de_03/TFGDataset/img/train_t2_0637_2.png|brs    d d  ssssheee innneeeeessssss      eeeeeeee
/data3fast/users/mbermudez/de_03/TFGDataset/img/train_t2_1345.png|geer  dd     ritcchhhe  nn   aa  liiie
/data3fast/users/mbermudez/de_03/TFGDataset/img/train_t2_0788_0.png|ooo aaaaaa  eeeeeeehett   aaas  eeeeettt
/data3fast/users/mbermudez/de_03/TFGDataset/img/train_t2_0361_0.png|#  e
/data3fast/users/mbermudez/de_03/TFGDataset/img/train_t2_0624.png|dee  llleeehheeeeeeennneeeheeeeee         sssss
/data3fast/users/mbermudez/de_03/TFGDataset/img/train_t2_1156.png|seeeNNNNeeeeehht   u  eeeeeedd       ttsttt    dder
/data3fast/users/mbermudez/de_03/TFGDataset/img/train_t2_0381_1.png|dee  eeeheeee eee  hh    eeeeeeeee  iii llssssschttt
/data3fast/users/mbermudez/de_03/TFGDataset/img/train_t2_1396_1.png|alleee essseeeee  nnnnddeeseeehhehhhh   aaaah
/data3fast/users/mbermudez/de_03/TFGDataset/img/train_t2_0507_0.png|iiine    sssschhleee ddeee   eeeee ssseeeecccchhh  dddd
/data3fast/users/mbermudez/de_03/TFGDataset/img/train_t2_0111_2.png|ffgeee    lllllliiihhhhhhnneeeeeelllla nnnn 
/data3fast/users/mbermudez/de_03/TFGDataset/img/train_t2_1268_2.png|wii    aaa   ee   ddd aaa seeeeeNNNuuunndd
/data3fast/users/mbermudez/de_03/TFGDataset/img/train_t2_1251_0.png|beeeee    aahheeeeeeeee    rrrree eeeeee
/data3fast/users/mbermudez/de_03/TFGDataset/img/train_t2_0272_1.png|mi   aaa     dddddr ccchhaa         eeeeerrrri
/data3fast/users/mbermudez/de_03/TFGDataset/img/train_t2_0525_2.png|breleeeeeeeeeteeeee     sss  iiinnnn  chh nnnnnn   
/data3fast/users/mbermudez/de_03/TFGDataset/img/train_t2_1380_0.png|in deeeeeesseeee************ssssst      aaasslls  deee
/data3fast/users/mbermudez/de_03/TFGDataset/img/train_t2_0042_0.png|dd   retee    sstttttnnnn sseeeeeeeeeee       deee
/data3fast/users/mbermudez/de_03/TFGDataset/img/train_t2_1100_2.png|mhhh   eeeeeeeeeehhh NNeeeeeee  aaaaa  dddeeeeitt
/data3fast/users/mbermudez/de_03/TFGDataset/img/train_t2_0213_1.png|soo     eeeesssssseennngeeeeeeee  eeeee   rriiht
/data3fast/users/mbermudez/de_03/TFGDataset/img/train_t2_1274_1.png|aase e       eeeersssttuuuueeeeeeggggeeeeNe
/data3fast/users/mbermudez/de_03/TFGDataset/img/train_t2_0247_1.png|aahh   ddeeerrr    dddrrrhhhhheeNe  nnn eeer
/data3fast/users/mbermudez/de_03/TFGDataset/img/train_t2_0405_1.png|wnnnnnnnnnnneeeneeeeeecchheee     re
/data3fast/users/mbermudez/de_03/TFGDataset/img/train_t2_0237_0.png|asssss 
/data3fast/users/mbermudez/de_03/TFGDataset/img/train_t2_0619.png|dee    eeeeeeeeseeeee iiti        eeeeeeeeeee   n ttttt
/data3fast/users/mbermudez/de_03/TFGDataset/img/train_t2_1138_2.png|aaee        nnneesssssseeelleee deessssseeee de
/data3fast/users/mbermudez/de_03/TFGDataset/img/train_t2_1052_0.png|nnnnneeieeeelll   llllleeeh  a  ddd ssse   nn nnn
/data3fast/users/mbermudez/de_03/TFGDataset/img/train_t2_0117_2.png|geeeeeeeeeeee    hhheeN  ssss        hhheee
/data3fast/users/mbermudez/de_03/TFGDataset/img/train_t2_1469.png|hhreeeeeeee      ddd                ddd          lll
/data3fast/users/mbermudez/de_03/TFGDataset/img/train_t2_1213_2.png|ss eeeeeellhhhhhlhhhhhii  nnnnaaaalllssiit ssss
/data3fast/users/mbermudez/de_03/TFGDataset/img/train_t2_1385_0.png|iss      eeeeee  eeee  d    ee  e   asccchhhheeeeeeehhhh
/data3fast/users/mbermudez/de_03/TFGDataset/img/train_t2_1280_0.png|geeeettt
/data3fast/users/mbermudez/de_03/TFGDataset/img/train_t2_0187.png|derrriiiineeeneeeeeeee uuu   seeeeellllll     eeeee u
/data3fast/users/mbermudez/de_03/TFGDataset/img/train_t2_0987_2.png|# dd
/data3fast/users/mbermudez/de_03/TFGDataset/img/train_t2_1493_2.png|geeee   eees  .
/data3fast/users/mbermudez/de_03/TFGDataset/img/train_t2_0155.png|aa      nnnaaasssssttti  i**   sseeeettt nnnn leeeee
/data3fast/users/mbermudez/de_03/TFGDataset/img/train_t2_0722_2.png|hheeNNNeeeeesttttffnffeettttteeeeee     deee
/data3fast/users/mbermudez/de_03/TFGDataset/img/train_t2_1126_2.png|iieeeerrrrrrrrttssssse      eee   tiin   llanneeeeee
/data3fast/users/mbermudez/de_03/TFGDataset/img/train_t2_0800.png|da            iiill               csssss     afssseeeeNNNN
/data3fast/users/mbermudez/de_03/TFGDataset/img/train_t2_0975_0.png|hhn ddd         dr  achhhs  ddssssss  tttt
/data3fast/users/mbermudez/de_03/TFGDataset/img/train_t2_0420_0.png|drrrrreeeeeeeeeeieeet  nnddd    nnnuuuu eeee
/data3fast/users/mbermudez/de_03/TFGDataset/img/train_t2_0576_2.png|geeeii         e h       eeiiech  nnddd   nnn
/data3fast/users/mbermudez/de_03/TFGDataset/img/train_t2_1414_2.png|ooo eeeennnnnneerrrerrrr rreeeeee  ddaaeeee
/data3fast/users/mbermudez/de_03/TFGDataset/img/train_t2_0421_1.png|geeeeeeeee      acch   nn ittttsseeeellleeeee
/data3fast/users/mbermudez/de_03/TFGDataset/img/train_t2_0944_0.png|allllllllll     dn  eee      eee sste      reeee
/data3fast/users/mbermudez/de_03/TFGDataset/img/train_t2_0359_1.png|ieeeeeeeeeee      sssss  
/data3fast/users/mbermudez/de_03/TFGDataset/img/train_t2_0976_1.png|ssssssaaaa      llllllhhh nnnniiitt    eeesssseee nnnn
/data3fast/users/mbermudez/de_03/TFGDataset/img/train_t2_0376_1.png|aau eeeeeeeeeeeriiii ddeeeiiinnnnnneeeeesttth
/data3fast/users/mbermudez/de_03/TFGDataset/img/train_t2_0481_1.png|seeeeeeeeeeeeeeeeNNe          esssse      uuunn
/data3fast/users/mbermudez/de_03/TFGDataset/img/train_t2_0282.png|weeeeeee e   ddee     sssseeettee  eeeeeeeesehhhu
/data3fast/users/mbermudez/de_03/TFGDataset/img/train_t2_1286_0.png|auu eee  stttt nn    stthteeeeschhh  deeeeeee
/data3fast/users/mbermudez/de_03/TFGDataset/img/train_t2_1378_2.png|ooeeee     e      ano tttnnn       eee   lllllhh
/data3fast/users/mbermudez/de_03/TFGDataset/img/train_t2_0232_1.png|weel  aa    eesssssee  n eeerrrrrreeeeeeeeeeeeii
/data3fast/users/mbermudez/de_03/TFGDataset/img/train_t2_1290.png|bssu   dd eeeee    sssscheee   lhh e   aauudeeee
/data3fast/users/mbermudez/de_03/TFGDataset/img/train_t2_1224.png|sst iiieeeeeee    eeeeeehhhhhee   sllllennnnnne
/data3fast/users/mbermudez/de_03/TFGDataset/img/train_t2_1256_2.png|neeee  eeee**t      eeeehhhee   d   eeennnnnnnneeeee
/data3fast/users/mbermudez/de_03/TFGDataset/img/train_t2_0580.png|uuu hhhhhhhhheeNN  aaslllsse ss    ssse      .
/data3fast/users/mbermudez/de_03/TFGDataset/img/train_t2_1190_0.png|aastttttihheeeerrttt  ndd   tnnneeeeee eeddedee
/data3fast/users/mbermudez/de_03/TFGDataset/img/train_t2_1351_2.png|nnnneehhheeeeeeeeessseeeleN  
/data3fast/users/mbermudez/de_03/TFGDataset/img/train_t2_0481.png|seeeeeeeeeeeeeeeeg     sss   eeesssss t  aaaannn
/data3fast/users/mbermudez/de_03/TFGDataset/img/train_t2_0087.png|diieeetteee    ddde  ssseeee  nndd  aaaa  ddee
/data3fast/users/mbermudez/de_03/TFGDataset/img/train_t2_0451_0.png|leeeeeeeeeeeeeeee tthhh   deee aslll   e   rr
/data3fast/users/mbermudez/de_03/TFGDataset/img/train_t2_0075_0.png|"r    eeeeesssss  ...
/data3fast/users/mbermudez/de_03/TFGDataset/img/train_t2_0126_1.png|eer  hhhheeeNN  dd  as  egheeeee nnn aaasss
/data3fast/users/mbermudez/de_03/TFGDataset/img/train_t2_0440_1.png|der     aaa tttiitttttt    
/data3fast/users/mbermudez/de_03/TFGDataset/img/train_t2_0589_1.png|mii  eeeeeeeesssssseeeeeeeeeeeeeeeccclle   n  rttt
/data3fast/users/mbermudez/de_03/TFGDataset/img/train_t2_0511_2.png|voollle   niineeenn aa s ttthh  sss   eerreeeu
/data3fast/users/mbermudez/de_03/TFGDataset/img/train_t2_1469_1.png|hrrreeeeee N    ddddd                            llllll
/data3fast/users/mbermudez/de_03/TFGDataset/img/train_t2_1466.png|aant          rreeee rnneeeeeeeeeeeeeeee      seehhhh
/data3fast/users/mbermudez/de_03/TFGDataset/img/train_t2_1454_2.png|iieeeeeeiiichhnnn eeennnnnnncchtt  uuuheeeee
/data3fast/users/mbermudez/de_03/TFGDataset/img/train_t2_0329_1.png|rrheeeeeNeNNessss      i      eee  leeNN  aaccllee  uddd
/data3fast/users/mbermudez/de_03/TFGDataset/img/train_t2_0683_0.png|tteeesssssesesseeee nnnneeeee     eeeeeeeennn
/data3fast/users/mbermudez/de_03/TFGDataset/img/train_t2_0761_1.png|grrnnnnnnnnn iittt....
/data3fast/users/mbermudez/de_03/TFGDataset/img/train_t2_0896_0.png|uu  eeeeellllsssss  ddderrrddd   assseeeeu
/data3fast/users/mbermudez/de_03/TFGDataset/img/train_t2_0128.png|iih  eeeeelllhhh  eeeehhhhh  nndeeeeee    d d  ee
/data3fast/users/mbermudez/de_03/TFGDataset/img/train_t2_0838_0.png|ihh        a  eeeerttttt    aaal  nnnnnnneeeeeet
/data3fast/users/mbermudez/de_03/TFGDataset/img/train_t2_1233_0.png|woeeee 
/data3fast/users/mbermudez/de_03/TFGDataset/img/train_t2_1006.png|derrrrrreeeennnaaa   eeeelleeee     dd       ssee
/data3fast/users/mbermudez/de_03/TFGDataset/img/train_t2_0862.png|wasssse         aalllllleeileeeeeeeee    dd
/data3fast/users/mbermudez/de_03/TFGDataset/img/train_t2_1151_2.png|eeNN
/data3fast/users/mbermudez/de_03/TFGDataset/img/train_t2_1294.png|annneeeee sssssee eeeeeee ee e*** ssss    ee  rrchhh
/data3fast/users/mbermudez/de_03/TFGDataset/img/train_t2_0897.png|geeeeeeennnneeeihheeeeeneeesesse*      allll
/data3fast/users/mbermudez/de_03/TFGDataset/img/train_t2_0311.png|ggnn  tttteee  rrrhhreeerrerr   aa  seeeeee   nddd
/data3fast/users/mbermudez/de_03/TFGDataset/img/train_t2_0886_2.png|nnnt     ddeessstcchhteeeeeee***ssttuunnnnnnfee
/data3fast/users/mbermudez/de_03/TFGDataset/img/train_t2_0406_0.png|iii      aalllle  ttt   dd ssslch   iiiii
/data3fast/users/mbermudez/de_03/TFGDataset/img/train_t2_1138.png|aaeee        nnnnnessssseeeeeeeee   ssssseeeeeede
/data3fast/users/mbermudez/de_03/TFGDataset/img/train_t2_1277_2.png|de   aaa  eee nn    scch eeeeeeeeee     hh      essssee
/data3fast/users/mbermudez/de_03/TFGDataset/img/train_t2_0107.png|dee  seeeee dderritttiinnngeeeeeee  rchht  dd
/data3fast/users/mbermudez/de_03/TFGDataset/img/train_t2_0731_1.png|oooo    tteeee eerrrreeeeeeeeeeeeeee ttsttttsssseee
/data3fast/users/mbermudez/de_03/TFGDataset/img/train_t2_0884_1.png|de   ttteee        lleeeeeeersschhhhh   dd rermmhh
/data3fast/users/mbermudez/de_03/TFGDataset/img/train_t2_0377_0.png|dasssstttttt sssaaa     ieieeeeessshhhhh ttee
/data3fast/users/mbermudez/de_03/TFGDataset/img/train_t2_0542_2.png|rrrrrnnn aaaaaaa  eeeeedddddeeesccchhhhhlleeee
/data3fast/users/mbermudez/de_03/TFGDataset/img/train_t2_1297_2.png|aueeeeeee  llllllssaaau   s nnnfsss    uuueeeeeeeee
/data3fast/users/mbermudez/de_03/TFGDataset/img/train_t2_1462_1.png|ann rrrhhhh uueeechhheN  nd   rieeennnnnns
/data3fast/users/mbermudez/de_03/TFGDataset/img/train_t2_0669_2.png|dii       eeeeeeeeeeeeeeeuuu    alllssstttttt
/data3fast/users/mbermudez/de_03/TFGDataset/img/train_t2_1019_1.png|geeeeee    rrttttttt   ddeeeelllleeeNNN
/data3fast/users/mbermudez/de_03/TFGDataset/img/train_t2_1275.png|beN  aa     eeelllheee   nnniiiii   ****.. llsssssed d
/data3fast/users/mbermudez/de_03/TFGDataset/img/train_t2_0096_1.png|aa     nnaaaahheee dd  a   deeeeee  aaaaann
/data3fast/users/mbermudez/de_03/TFGDataset/img/train_t2_0816_2.png|un   ssseiei  ...
/data3fast/users/mbermudez/de_03/TFGDataset/img/train_t2_0302_0.png|geesssseeeeeeeeeenneennnnnnnnnn  tttteeeeennnnneeee
/data3fast/users/mbermudez/de_03/TFGDataset/img/train_t2_0743_0.png|aauu   lliinnnnddddeeeeeddeeeeeeeeeee  ee
/data3fast/users/mbermudez/de_03/TFGDataset/img/train_t2_0527_2.png|der llllheeennn  ellhhh  aaauuuuua   eeeeeeeee
/data3fast/users/mbermudez/de_03/TFGDataset/img/train_t2_1094_0.png|g    sssssss        hheeeeee    ccchu eeeeennnneee
/data3fast/users/mbermudez/de_03/TFGDataset/img/train_t2_0023_1.png|geeetthhtttee eeeeeellllliiennnnndddd   eeeeeeeeeeeeee
/data3fast/users/mbermudez/de_03/TFGDataset/img/train_t2_1222_2.png|wwhlaa   eeeee llllliii eeeeeeer    ss   iii
/data3fast/users/mbermudez/de_03/TFGDataset/img/train_t2_1334.png|oodddeeennnnneehhhe   dd ttteennuuueeeeee
/data3fast/users/mbermudez/de_03/TFGDataset/img/train_t2_0838_1.png|hhhh       rrrrrrrtttttt   aa      nnnnneeeeehh
/data3fast/users/mbermudez/de_03/TFGDataset/img/train_t2_0351.png|ooeeeeeeeNNNN udddddd eeeeerrrt  ssaassahhh
/data3fast/users/mbermudez/de_03/TFGDataset/img/train_t2_0556_2.png|mrr        nn eeeeeett      nnnnneihhtt       ttt
/data3fast/users/mbermudez/de_03/TFGDataset/img/train_t2_0239.png|u    lssssseeeeee   ...
/data3fast/users/mbermudez/de_03/TFGDataset/img/train_t2_0568_1.png|cheeeeeee sssaaaa  dde  tttti eee deeeeetttt
/data3fast/users/mbermudez/de_03/TFGDataset/img/train_t2_0575_1.png|uu  eehhheee  daaahhheeedddeeeellleeeeeeeettnnn
/data3fast/users/mbermudez/de_03/TFGDataset/img/train_t2_0374_0.png|aas       lllhhhuuueeeeeeeeeddd        ssssssss
/data3fast/users/mbermudez/de_03/TFGDataset/img/train_t2_1105_1.png|te      eeeeeeellll    ssssseeeheeett    dd   eeeeee
/data3fast/users/mbermudez/de_03/TFGDataset/img/train_t2_1121_2.png|woll         nnnnnieeerrrrreeeeeeennnnnnneneneessssss
/data3fast/users/mbermudez/de_03/TFGDataset/img/train_t2_1458_0.png|dee   ttttttt     iiiii**tto    eeeerrreeed
/data3fast/users/mbermudez/de_03/TFGDataset/img/train_t2_0882_2.png|weeee     eeeeeeee  nnn eeee      sssschuuuuu
/data3fast/users/mbermudez/de_03/TFGDataset/img/train_t2_0034_2.png|#  eee
/data3fast/users/mbermudez/de_03/TFGDataset/img/train_t2_0052_2.png|dii  tt  nnnnnnn   ac seees  ssss ll eeeeeeeeeeN  dd
/data3fast/users/mbermudez/de_03/TFGDataset/img/train_t2_0971_1.png|alhhttt   llllaaaahhhhiiii   aa eeeeeeellleeen
/data3fast/users/mbermudez/de_03/TFGDataset/img/train_t2_0725_2.png|die  lla      eeeeee    dd     ssseeeeeeeee
/data3fast/users/mbermudez/de_03/TFGDataset/img/train_t2_0119_0.png|ehhhaaah     nnnnnnnnn n   d  ee      rrrrtt
/data3fast/users/mbermudez/de_03/TFGDataset/img/train_t2_0141_2.png|werrr     nnnr uurree  sssseeeetttttthtstt   n
/data3fast/users/mbermudez/de_03/TFGDataset/img/train_t2_0955_1.png|wlll        .........           eeeeee uuuueeee   
/data3fast/users/mbermudez/de_03/TFGDataset/img/train_t2_0569_0.png|oos eeeeeeehhh  u eeeei****ieeeeeeeeeeeeerr    rrttett
/data3fast/users/mbermudez/de_03/TFGDataset/img/train_t2_0834_1.png|iirreeeeeeeeeeittt    lllllchheeeeee     ssss
/data3fast/users/mbermudez/de_03/TFGDataset/img/train_t2_0964_1.png|ttt       ieeeeeetth   ddeeeeeeeeeN     ell
/data3fast/users/mbermudez/de_03/TFGDataset/img/train_t2_0940_1.png|der  eeeeeeelllli nnnnddd  sschheeN   dddddeeenn
/data3fast/users/mbermudez/de_03/TFGDataset/img/train_t2_0516_2.png|weeeee   eeeeNssse    aaasseeeeei ieeeeeeeede
/data3fast/users/mbermudez/de_03/TFGDataset/img/train_t2_0390_0.png|bsssseeeeeeeeeeeellihhhhhhuuu  sssseee nnn errrreeee
/data3fast/users/mbermudez/de_03/TFGDataset/img/train_t2_0342_0.png|eennnnnnaaa  asss   ddd   e deee sccchieeeeeesshh
/data3fast/users/mbermudez/de_03/TFGDataset/img/train_t2_0033_0.png|ttiiieitttsssss    nncchhhhe   rsss  r  aaaeeeeeeeN
/data3fast/users/mbermudez/de_03/TFGDataset/img/train_t2_0063_2.png|eNN dnnnnnn   ssllcheeeeeeeettt nn  sssssh     ddd
/data3fast/users/mbermudez/de_03/TFGDataset/img/train_t2_0259_1.png|der    ddd      ddeeeeeesstt eeeee          sss eeii
/data3fast/users/mbermudez/de_03/TFGDataset/img/train_t2_0834_2.png|iirreeeeeeeeeeeett     lllllchheeeeenn   sssss
/data3fast/users/mbermudez/de_03/TFGDataset/img/train_t2_0777_0.png|de   cchtNN   dddeee    nnnnllnnnneeee    aahheee
/data3fast/users/mbermudez/de_03/TFGDataset/img/train_t2_1337_1.png|u     eeeessssssseddddeeeeededeee  hh eeee
/data3fast/users/mbermudez/de_03/TFGDataset/img/train_t2_0825_1.png|sseeeeeeerrrhhllleesssss    ll   dddreeeeennnn
/data3fast/users/mbermudez/de_03/TFGDataset/img/train_t2_0304_2.png|unn       aaaaaheeeeeeeeeessst      elll  nnnnn
/data3fast/users/mbermudez/de_03/TFGDataset/img/train_t2_1035_1.png|lllchhhh hhhhhh nnnnddeeeeeeeeeeeeeeeee   nnnnnn
/data3fast/users/mbermudez/de_03/TFGDataset/img/train_t2_0047.png|wwie eeenneeii tttte uuu  eeeeeeeesss  tt
/data3fast/users/mbermudez/de_03/TFGDataset/img/train_t2_0751_1.png|eee  eeeess    nnnuhhhee    eeeihhh   iiihheees
/data3fast/users/mbermudez/de_03/TFGDataset/img/train_t2_0035_1.png|der   eee* nnnn illhh  eeerrrcccttt   eeerrr aa
/data3fast/users/mbermudez/de_03/TFGDataset/img/train_t2_0095_2.png|undddeeeeeeeee llas      ttt  eeeeeeeee ssssssss
/data3fast/users/mbermudez/de_03/TFGDataset/img/train_t2_1328_2.png|der  aahh       aaa ddde iiiieee     nn  eee
/data3fast/users/mbermudez/de_03/TFGDataset/img/train_t2_0592_2.png|issss   rerrrchhheeNNnnnnn  llllllheeee         ni
/data3fast/users/mbermudez/de_03/TFGDataset/img/train_t2_0674_2.png|ss      eeeeesssslll eeeeeeeeeieee   aasaa
/data3fast/users/mbermudez/de_03/TFGDataset/img/train_t2_0793_2.png|besshhhhhhhee    eeees htthssssssees       sssschhheeeeee
/data3fast/users/mbermudez/de_03/TFGDataset/img/train_t2_0712_1.png|der aaaaau eeeeeee    eeeeeeeeeelllleeeaauu
/data3fast/users/mbermudez/de_03/TFGDataset/img/train_t2_1226_2.png|aas     d    eee********iiiii          ellcchsseeeeeeee
/data3fast/users/mbermudez/de_03/TFGDataset/img/train_t2_0848_1.png|gee  tttttt n d   iii      sssssN  ddddd  i
/data3fast/users/mbermudez/de_03/TFGDataset/img/train_t2_0294_2.png|uuu        rrrt    aaahhheehhhheeNNnnnneee tts
/data3fast/users/mbermudez/de_03/TFGDataset/img/train_t2_1359_1.png|derreeeessss    deeeelllii    ssiist     nnnnnddde
/data3fast/users/mbermudez/de_03/TFGDataset/img/train_t2_0429.png|ggeeeeeeeeeeee     sss    iiiiieeeeeeeccchhheNNN    e
/data3fast/users/mbermudez/de_03/TFGDataset/img/train_t2_0854_0.png|bbeaaa  eeerrrrrhht  e rsstteeechlllee    aaasdd
/data3fast/users/mbermudez/de_03/TFGDataset/img/train_t2_0978_0.png|ne      accchhhheeeeeshht   ttttt      nnneeeer
/data3fast/users/mbermudez/de_03/TFGDataset/img/train_t2_0532_0.png|mrrrrrreeeeeeeeeennnnn lllleee  r  ssste   nneee
/data3fast/users/mbermudez/de_03/TFGDataset/img/train_t2_0138_0.png|tt       eeerr  aauuuueeeeeee nggleeeeeeee
/data3fast/users/mbermudez/de_03/TFGDataset/img/train_t2_0794_0.png|wee     eeeeeeeeeeeeiiii   aaaa seeeeeeesllleeeNN
/data3fast/users/mbermudez/de_03/TFGDataset/img/train_t2_1400_2.png|bee   nn
/data3fast/users/mbermudez/de_03/TFGDataset/img/train_t2_0239_1.png|uu   ssssseeeeeed    .
/data3fast/users/mbermudez/de_03/TFGDataset/img/train_t2_0988_1.png|gesssssssssN.
/data3fast/users/mbermudez/de_03/TFGDataset/img/train_t2_1255_2.png|llee dddddeeeeeehhhh  ntinneneeeeeeeeeehh uuuuddee
/data3fast/users/mbermudez/de_03/TFGDataset/img/train_t2_0120_1.png|aaeeeeeeeeddddrrrrttiieeeell  ddaaachhheeeeeee
/data3fast/users/mbermudez/de_03/TFGDataset/img/train_t2_0168_2.png|au      eeeeeeee  sss  aannnn lleee sssss     iihhh
/data3fast/users/mbermudez/de_03/TFGDataset/img/train_t2_1387.png|tt******e**eeeeeeeeee    ssllllaaaahl   eessseerrrrrieee
/data3fast/users/mbermudez/de_03/TFGDataset/img/train_t2_0299.png|nrrn aa  ssseeeeeeeeeechhheeeee  ss un nnnnnneen
/data3fast/users/mbermudez/de_03/TFGDataset/img/train_t2_0453_0.png|unnnnnnaannnddeerttte  deerr ttttttt
/data3fast/users/mbermudez/de_03/TFGDataset/img/train_t2_1324.png|hhhss  ss  edee itit*      ddaa  llhhei  nnn  ddddee
/data3fast/users/mbermudez/de_03/TFGDataset/img/train_t2_0854.png|ooee    eeeee   hhhh ee  sssheheNllllee      s   d
/data3fast/users/mbermudez/de_03/TFGDataset/img/train_t2_0723_0.png|ggeee        lllhhie     aa  ndd    tteeee
/data3fast/users/mbermudez/de_03/TFGDataset/img/train_t2_1369_0.png|bbeeeeeee nnnd   iitt   dd ee  uueeeennnnn
/data3fast/users/mbermudez/de_03/TFGDataset/img/train_t2_1307_0.png|cheeeeeeeee    ddd rreeegggeee    ss     eerrrt
/data3fast/users/mbermudez/de_03/TFGDataset/img/train_t2_1143_2.png|eee    allllie   deiiiii*     aa  n itit ttttt
/data3fast/users/mbermudez/de_03/TFGDataset/img/train_t2_0708_0.png|neeeellllleeeeeN nn  assss     nieieineeennn
/data3fast/users/mbermudez/de_03/TFGDataset/img/train_t2_0907.png|wweeeeeeeNe***nnnneee  eeeeee***  llll    lllll
/data3fast/users/mbermudez/de_03/TFGDataset/img/train_t2_0550_2.png|sseeeeeeeeee  u      dd  eeeee a leeeee  tt  tttt
/data3fast/users/mbermudez/de_03/TFGDataset/img/train_t2_0935_0.png|ttt    eeeeethhhhauu deeee  ssccchh  neeeeee
/data3fast/users/mbermudez/de_03/TFGDataset/img/train_t2_0040_0.png|alsseeeeelhle   d       aaannnnnnggeeeeee
/data3fast/users/mbermudez/de_03/TFGDataset/img/train_t2_0466_2.png|eesssssshhhh  dedee         aacheeeessshheeeeeeeeeahh
/data3fast/users/mbermudez/de_03/TFGDataset/img/train_t2_1498_2.png|dii  naaaaseeeeeeddderrrrrr drrrritt   ssseessttt
/data3fast/users/mbermudez/de_03/TFGDataset/img/train_t2_0280_0.png|ieennnn    een   aa ssssttth      eeeeeee
/data3fast/users/mbermudez/de_03/TFGDataset/img/train_t2_0562_2.png|iinneeeeeeNnn.
/data3fast/users/mbermudez/de_03/TFGDataset/img/train_t2_0807_1.png|bee    eeeennnneeeeeeee  ssssssss nnnnnnnnndd
/data3fast/users/mbermudez/de_03/TFGDataset/img/train_t2_0394_0.png|undddeeetttttsseeeNnnneeeeee  illeeeeh   nddd
/data3fast/users/mbermudez/de_03/TFGDataset/img/train_t2_0899_0.png|iiiitteee es s  deeerrrhh    aa  u eeeeh    eeesssss
/data3fast/users/mbermudez/de_03/TFGDataset/img/train_t2_0468.png|aau   eee  eeeet  esrehhe   neertthhtt  eeee  aaa
/data3fast/users/mbermudez/de_03/TFGDataset/img/train_t2_0277_1.png|drrttt  a ssttttttt
/data3fast/users/mbermudez/de_03/TFGDataset/img/train_t2_1371_1.png|dasseeeeeeeht   dd    aaaaa dd e  nnn   sseeett   nnnnn
/data3fast/users/mbermudez/de_03/TFGDataset/img/train_t2_0806_2.png|eeNNNNe  hh    eeeeeelleee   ddd eeeeelhieeee
/data3fast/users/mbermudez/de_03/TFGDataset/img/train_t2_0362_1.png|aafgeeeeee   eeeeee    d  lllleleiilleees   eee
/data3fast/users/mbermudez/de_03/TFGDataset/img/train_t2_1055.png|sseeeee  aach  l       iirr ssssssssss
/data3fast/users/mbermudez/de_03/TFGDataset/img/train_t2_1282_0.png|iit     ssssss          eeeiiii           e   .........
/data3fast/users/mbermudez/de_03/TFGDataset/img/train_t2_0904_2.png|ee  lllllee nnneeeeeeee       ee  nnneeeeeeeee
/data3fast/users/mbermudez/de_03/TFGDataset/img/train_t2_0560.png|aasseeehhhhh    sshccchhhnnniiiiittee   nneeeeeee
/data3fast/users/mbermudez/de_03/TFGDataset/img/train_t2_1327.png|eeNN  d   aaalllseeeeeeeeeee  ddddd   echhhaauuu
/data3fast/users/mbermudez/de_03/TFGDataset/img/train_t2_0455_0.png|uudddrrrrrrreeeeeehhhhhhhhhh  rrrhhhhhhhhhtnn
/data3fast/users/mbermudez/de_03/TFGDataset/img/train_t2_1366_0.png|beeee innnni elleee          e eii**    nnnnneeeee
/data3fast/users/mbermudez/de_03/TFGDataset/img/train_t2_0360_1.png|aass  aaaaaaassslhhhaa  ssseeeehhee    saaaa  a
/data3fast/users/mbermudez/de_03/TFGDataset/img/train_t2_0443_2.png|dee  rrrhh  seeeeett nnnneee  eeesssssstt
/data3fast/users/mbermudez/de_03/TFGDataset/img/train_t2_0656_1.png|vooo   nnnn  eeeeeeeeee   cchheeeed ereeeeeeeeeee
/data3fast/users/mbermudez/de_03/TFGDataset/img/train_t2_1049_1.png|aaau  dd     aueeeellllha  ssuuu eeeeeeeee
/data3fast/users/mbermudez/de_03/TFGDataset/img/train_t2_1372.png|eeeeeeeerrrthhnnnneeNeechheeee     dd   haaa dee
/data3fast/users/mbermudez/de_03/TFGDataset/img/train_t2_0971.png|llllt    elllllaaa   iiiii   aallieeeeeiiiiinn
/data3fast/users/mbermudez/de_03/TFGDataset/img/train_t2_0977_2.png|eereuunnnddn  aa  hiiiillleeeesseee  dd  ealll
/data3fast/users/mbermudez/de_03/TFGDataset/img/train_t2_0509_0.png|eeeeeeeeeeee*****  eeee sssssss  edeeeeerruuuueeeeeee
/data3fast/users/mbermudez/de_03/TFGDataset/img/train_t2_0739_1.png|tte     ssssttttheeeeenneeeeeeeee      d   seeehe
/data3fast/users/mbermudez/de_03/TFGDataset/img/train_t2_1499_2.png|ee     aaall    ddeeeeeeeeee  ss    chcchh    e   ll
/data3fast/users/mbermudez/de_03/TFGDataset/img/train_t2_0243_0.png|aacheeeeee uuuuuaheeeee  hh   eteeeeee  uu  deeee
/data3fast/users/mbermudez/de_03/TFGDataset/img/train_t2_1036.png|hhheeeeesssss       deeeesseee        eeeeee
/data3fast/users/mbermudez/de_03/TFGDataset/img/train_t2_0419_2.png|dii  ssss oooon  t ttttt     ee  stttttttt
/data3fast/users/mbermudez/de_03/TFGDataset/img/train_t2_0369_0.png|vieellhhhhhaaa ddeeeeeeeee nnneeeeeeeeettt  aaa
/data3fast/users/mbermudez/de_03/TFGDataset/img/train_t2_1264_1.png|da    eeeeeeee   d aaass rrerrrnnneeeeeeeuuuh
/data3fast/users/mbermudez/de_03/TFGDataset/img/train_t2_0958.png|de    nnnnneeeeettthhh      aa   nnddeeeeNNNeeN
/data3fast/users/mbermudez/de_03/TFGDataset/img/train_t2_0114_2.png|diieeeeehhhhuuuudddeeeeeennngeeehheee  reeeell
/data3fast/users/mbermudez/de_03/TFGDataset/img/train_t2_0083_1.png|uuuggeeeeeeeettttttt       rrrrr    nn  os
/data3fast/users/mbermudez/de_03/TFGDataset/img/train_t2_0679_1.png|unn eeeeeheeeerr aaaaadddrrcccccttt nnnnueeeeeee
/data3fast/users/mbermudez/de_03/TFGDataset/img/train_t2_1323_0.png|beeeeeeeeellchhhhlllleeleeeee  uu  ddd sssss eeeee
/data3fast/users/mbermudez/de_03/TFGDataset/img/train_t2_1410_0.png|undd   leeeeee    ssse      ttttt eeetttttt  d
/data3fast/users/mbermudez/de_03/TFGDataset/img/train_t2_0498_1.png|ees   a    eeeelleeeeeeeeiillictttt t   n
/data3fast/users/mbermudez/de_03/TFGDataset/img/train_t2_0774_1.png|da eeeeeeNNau  eeeeeehhhN   dd eeeeeeeeeeeeeee
/data3fast/users/mbermudez/de_03/TFGDataset/img/train_t2_1387_1.png|tttee*******eeeeeeteee    ssslllaaaa    sssseeerrrtteee
/data3fast/users/mbermudez/de_03/TFGDataset/img/train_t2_0435_0.png|eeeddddderrrtttt   nneeeellsss  ee rrrrrrnnnnnnnnnn
/data3fast/users/mbermudez/de_03/TFGDataset/img/train_t2_0313.png|ieeddddd   e    cch     eeshhh  nn eeeeeeeeeettttttt
/data3fast/users/mbermudez/de_03/TFGDataset/img/train_t2_1065_2.png|llle  ddd  eeeeeeeeNNhhaasss    ddeeeeeee*** nn  sss
/data3fast/users/mbermudez/de_03/TFGDataset/img/train_t2_0392_0.png|mitttttee nnneeeee alllll i nn        eenn
/data3fast/users/mbermudez/de_03/TFGDataset/img/train_t2_0893_0.png|ttt  sssshhhh    dddrer  aahhheelsssss eeeeeetthhh
/data3fast/users/mbermudez/de_03/TFGDataset/img/train_t2_0437_2.png|wieeee      hhsssllllle  dee        i hhhhhh
/data3fast/users/mbermudez/de_03/TFGDataset/img/train_t2_0410_1.png|reeeeeeeeeeeeeeee llcheeeeeee***  saaalllennn       all
/data3fast/users/mbermudez/de_03/TFGDataset/img/train_t2_0453_2.png|unddnnnaannnd eeiiiiiee  errttttttttte
/data3fast/users/mbermudez/de_03/TFGDataset/img/train_t2_1464_0.png|eeeee      nnnnnnnd  d  eeeeedeee llihiie  uaaahh
/data3fast/users/mbermudez/de_03/TFGDataset/img/train_t2_0456_2.png|bee aaaalleeeeN      iii* iiillliiiieeeeellllle
/data3fast/users/mbermudez/de_03/TFGDataset/img/train_t2_0169.png|derrriihhhhhh   dddeeeeeeeeeeeehh nnnnggennnn
/data3fast/users/mbermudez/de_03/TFGDataset/img/train_t2_0473_1.png|geee   t  s   
/data3fast/users/mbermudez/de_03/TFGDataset/img/train_t2_1271_0.png|maaaa   eeeeeeNNNlllleee     aaaasssa   eeeeeeeeeee
/data3fast/users/mbermudez/de_03/TFGDataset/img/train_t2_0135_0.png|wissse    eeeee    dddd eeeee hhhhhhhh hh eeein
/data3fast/users/mbermudez/de_03/TFGDataset/img/train_t2_0592_0.png|isss drrrrrrrrttheeeNNn dd   lllheeeee       .. nn
/data3fast/users/mbermudez/de_03/TFGDataset/img/train_t2_0070.png|dee   hhhhhhhhhh tt     tsseeeeeeehhiiieee
/data3fast/users/mbermudez/de_03/TFGDataset/img/train_t2_0426_2.png|sstaaa    deeeesssss  d           dd     tsteeee  ssslll
/data3fast/users/mbermudez/de_03/TFGDataset/img/train_t2_0246_2.png|iitt         eeeeeee ss  eeeeellcheeeee*****
/data3fast/users/mbermudez/de_03/TFGDataset/img/train_t2_0106.png|"     scchh   eee      eeeechhhhNN
/data3fast/users/mbermudez/de_03/TFGDataset/img/train_t2_0001_2.png|gee  nnn eeeellleeeeeeeeeNN  d   sss    eessseee
/data3fast/users/mbermudez/de_03/TFGDataset/img/train_t2_0364_0.png|rrrrrnnnlaaaasshaaa     ttt      eeeeelleenn n eeee
/data3fast/users/mbermudez/de_03/TFGDataset/img/train_t2_1256_0.png|neeeeee e   eet        ehheee      eeeennnnnneeee
/data3fast/users/mbermudez/de_03/TFGDataset/img/train_t2_1489.png|nnnccchhhl     ddsssee  nnnaaah eeeeeeett
/data3fast/users/mbermudez/de_03/TFGDataset/img/train_t2_0231.png|wissssssshhuunnnnn      eeeeeeehheeeN nnn  eeeeeeee
/data3fast/users/mbermudez/de_03/TFGDataset/img/train_t2_1169_1.png|derrrreeiii       n  nn   eeeeee   alaaaaa nnneee
/data3fast/users/mbermudez/de_03/TFGDataset/img/train_t2_0069_0.png|iin  eeeeeeeeenneeeeeeeellllll   ieee     dd e
/data3fast/users/mbermudez/de_03/TFGDataset/img/train_t2_1002_0.png|eeeeeeeeeeeeeeeeeeeeeeeeeee eeeeessttttttt  nne
/data3fast/users/mbermudez/de_03/TFGDataset/img/train_t2_0361.png|# dd
/data3fast/users/mbermudez/de_03/TFGDataset/img/train_t2_0046.png|derr     eeeeee    ttttt      hhhhleeee  
/data3fast/users/mbermudez/de_03/TFGDataset/img/train_t2_0601_2.png|beeelaaaahhhlee nnnneeeeeeelllccht    tttt
/data3fast/users/mbermudez/de_03/TFGDataset/img/train_t2_1486_2.png|mireeeeeeii nnnlllllss  eeeeeehhheeeeeddderrr
/data3fast/users/mbermudez/de_03/TFGDataset/img/train_t2_0018.png|meeeeeee   ndddeeeelleeeeeeeeeee***      ssseeeee
/data3fast/users/mbermudez/de_03/TFGDataset/img/train_t2_0203_1.png|n  dd     uuueeeeeeeeeeeeee  dee   aaas  ee
/data3fast/users/mbermudez/de_03/TFGDataset/img/train_t2_1412_2.png|daaaaaaaa  seeee    lllchhsthhh   neichhhhh  aaahhee
/data3fast/users/mbermudez/de_03/TFGDataset/img/train_t2_1053_2.png|die        ss     rertttte    sssss deee
/data3fast/users/mbermudez/de_03/TFGDataset/img/train_t2_1371_0.png|dass ehhhhett  dd          ddeee      sssseeee nnnnnn
/data3fast/users/mbermudez/de_03/TFGDataset/img/train_t2_0394.png|uudddeeetttttseeeNN nnnneeeeeeeilieeeh  an
/data3fast/users/mbermudez/de_03/TFGDataset/img/train_t2_0410_0.png|greeeeeeeeeee*  eelleeeeeee      ssschheegnnnnn      
/data3fast/users/mbermudez/de_03/TFGDataset/img/train_t2_0928.png|drr aaaaaaa  aaaahh   iiiiiiieeelllllsaaa
/data3fast/users/mbermudez/de_03/TFGDataset/img/train_t2_1417_2.png|ierr  aa   ddrrr          t  ddrrrtttt
/data3fast/users/mbermudez/de_03/TFGDataset/img/train_t2_0560_1.png|alleeesshhhh    ssccchhhhinnnittttt   nnnneeeeee
/data3fast/users/mbermudez/de_03/TFGDataset/img/train_t2_1110_1.png|aas eeeeennn   eee   ntttt  dresseeheeeNNN
/data3fast/users/mbermudez/de_03/TFGDataset/img/train_t2_1496.png|oonnneeeessssgnnnnnnee    naeeeeeNN
/data3fast/users/mbermudez/de_03/TFGDataset/img/train_t2_0460_1.png|beee   eiii  eessshuuuuuuhht     seeeeee
/data3fast/users/mbermudez/de_03/TFGDataset/img/train_t2_0880_0.png|olleeee     ssssseee    ittt    ...
/data3fast/users/mbermudez/de_03/TFGDataset/img/train_t2_1420.png|tte   eeee stthhi  nnnnlllllaassss       eenn  aaee
/data3fast/users/mbermudez/de_03/TFGDataset/img/train_t2_0534.png|geeetttttsssssee    ssss    sttteeett   hhhhheeeee
/data3fast/users/mbermudez/de_03/TFGDataset/img/train_t2_1307_2.png|hheeeeeeeeee sssddddree ggggeeet ss  uueeeeeere
/data3fast/users/mbermudez/de_03/TFGDataset/img/train_t2_0811_2.png|dassseeeeeeeeeeeeeiihiii illeeeeee  nnnalllhhhehuuu
/data3fast/users/mbermudez/de_03/TFGDataset/img/train_t2_0638_0.png|hhhheee     eeeeeeeeeeeii hhhhhhhh   daaa   eeee
/data3fast/users/mbermudez/de_03/TFGDataset/img/train_t2_1311_0.png|eeeee   neeeeeeerreeeehee     ddeeeelhhhhhhhueeeee
/data3fast/users/mbermudez/de_03/TFGDataset/img/train_t2_0361_1.png|# de
/data3fast/users/mbermudez/de_03/TFGDataset/img/train_t2_0648_1.png|aa  dddrrrrr uurrschhhhhhse uundddeeeeeee uuunn
/data3fast/users/mbermudez/de_03/TFGDataset/img/train_t2_1054.png|willllee  hhhhht  dddeeeeeeee sssss     eeeee
/data3fast/users/mbermudez/de_03/TFGDataset/img/train_t2_1330_1.png|iinnnnnnnnnnnnnnnn aaah    hhhi   dd  ssssstttt
/data3fast/users/mbermudez/de_03/TFGDataset/img/train_t2_0430_1.png|ahhhneeeeeeeitttt deeerrhhannnn  sssssseeee tttthh
/data3fast/users/mbermudez/de_03/TFGDataset/img/train_t2_0122_0.png|uu eeeeeeeeeeee  eeeeeeeeesfgggeNeeeeeeeii   ee
/data3fast/users/mbermudez/de_03/TFGDataset/img/train_t2_1141.png|mmhh   iihhhh      aall      sssss  e   nnddde
/data3fast/users/mbermudez/de_03/TFGDataset/img/train_t2_0947_0.png|maa h lhhinnnnnde  uu eeeestttt   daaaahhh
/data3fast/users/mbermudez/de_03/TFGDataset/img/train_t2_1243_0.png|eeeeeeeeNN        tti  eeeeeeessee    eeeeesstttteeee
/data3fast/users/mbermudez/de_03/TFGDataset/img/train_t2_1262_1.png|ssheeNNNnn  hee   lllnnn eeeggeeee rhhhhieeeee
/data3fast/users/mbermudez/de_03/TFGDataset/img/train_t2_0185_0.png|nnn  slcchh   ndndddd de  aaaahhhhnnnn dd  esss
/data3fast/users/mbermudez/de_03/TFGDataset/img/train_t2_1147.png|wass  aaahhheeeeee e**      rrrrrrrtt      dddr
/data3fast/users/mbermudez/de_03/TFGDataset/img/train_t2_0183_0.png|oooseeeeeee  ii  eeee    lseeehh eeeeeeehhhhhhh
/data3fast/users/mbermudez/de_03/TFGDataset/img/train_t2_0060_2.png|eee  dddd  reeesssslcceeeeilillhh    rrrr  uuuuuu
/data3fast/users/mbermudez/de_03/TFGDataset/img/train_t2_1345_1.png|geeer      rrrrtsshhhennnnnnaaa  liiii
/data3fast/users/mbermudez/de_03/TFGDataset/img/train_t2_0309_2.png|dassseeelleeeeeeeeett   sssss           rrrrhhhh
/data3fast/users/mbermudez/de_03/TFGDataset/img/train_t2_0571_2.png|bbeeeee  uususeeeeee  n  eeeeee llllllnnnnnee
/data3fast/users/mbermudez/de_03/TFGDataset/img/train_t2_0737_2.png|des       ntiti cchlllleeeeeeeeeeitnnnn
/data3fast/users/mbermudez/de_03/TFGDataset/img/train_t2_1376_2.png|ann eeeee   naaaacheeeeeeeegeeeN        ee
/data3fast/users/mbermudez/de_03/TFGDataset/img/train_t2_1024.png|stttt     dddriitt    eee ssthhhee  nnnddeeittt
/data3fast/users/mbermudez/de_03/TFGDataset/img/train_t2_1238_2.png|dnn ssetttt  d  rrriiiiieeeeennnn  asssccchse e  eeeeNN
/data3fast/users/mbermudez/de_03/TFGDataset/img/train_t2_1158_1.png|aa  ddd sssssttt  deeeee  ssshhee ddeeeecchaalllle
/data3fast/users/mbermudez/de_03/TFGDataset/img/train_t2_1000.png|leeteeeee iittnnnnneeeeitt    sseeeeeeeeeeeeeeeeeeee
/data3fast/users/mbermudez/de_03/TFGDataset/img/train_t2_0494_1.png|wisss  .
/data3fast/users/mbermudez/de_03/TFGDataset/img/train_t2_0972_1.png|aas tt t 
/data3fast/users/mbermudez/de_03/TFGDataset/img/train_t2_0571_0.png|bbeeNeeee  uuuseeee      eeeeeglllllennnnnn
/data3fast/users/mbermudez/de_03/TFGDataset/img/train_t2_0225_2.png|iiiheeerrrr  reeeeeeeeeechhteee       eeeehhh
/data3fast/users/mbermudez/de_03/TFGDataset/img/train_t2_0176_1.png|mi      aaaalll    a h  eeeeee****   llllllchhhheee
/data3fast/users/mbermudez/de_03/TFGDataset/img/train_t2_1327_1.png|eNN  d   aaaaasseeeeeeeeeeee   dddd  eellhssauu
/data3fast/users/mbermudez/de_03/TFGDataset/img/train_t2_1163_2.png|weeeeeessssl  dd  hhh   eettnnnnn eeeeee
/data3fast/users/mbermudez/de_03/TFGDataset/img/train_t2_0922_0.png|chheeeeeeeeeee  u n aannnsslllchh  eeehllllssss
/data3fast/users/mbermudez/de_03/TFGDataset/img/train_t2_0295_1.png|geeeittttt  seeennnnn ee     eeeeee uuuu
/data3fast/users/mbermudez/de_03/TFGDataset/img/train_t2_0187_0.png|der  rreeeeeeneeeeeen uuu   eeeeeeeelllla   eeeeee  n
/data3fast/users/mbermudez/de_03/TFGDataset/img/train_t2_0013_0.png|nn   eee dddd rriheeeeeNNN
/data3fast/users/mbermudez/de_03/TFGDataset/img/train_t2_0886_1.png|unntti    d   tccchhteeeeeee  s cthtunnnnnn
/data3fast/users/mbermudez/de_03/TFGDataset/img/train_t2_0112_1.png|ale       sss   eeeee*eeee    aa       d ss     tsscaaau
/data3fast/users/mbermudez/de_03/TFGDataset/img/train_t2_0351_2.png|oheeeeeeeeeeNuuudddd ee d rrrtt   sssshhhhh
/data3fast/users/mbermudez/de_03/TFGDataset/img/train_t2_0846_1.png|aa eeeee     eeee eeeelccheeeiiiiiiinneeeeee eeeeee
/data3fast/users/mbermudez/de_03/TFGDataset/img/train_t2_0467_2.png|un  etttttttiee    sseeestt  a ssss tttttt   dddee
/data3fast/users/mbermudez/de_03/TFGDataset/img/train_t2_0717_0.png|da   eeeeeer rr  hhh   eeeeettttch aaaaaaalleeeee
/data3fast/users/mbermudez/de_03/TFGDataset/img/train_t2_0606_0.png|weeeeeeeeee  ree  eeeee     uachhheeeeeeeeiiiiii
/data3fast/users/mbermudez/de_03/TFGDataset/img/train_t2_0828.png|nnnddd     aalleeeddrrree ss  eeeeeeee  ha
/data3fast/users/mbermudez/de_03/TFGDataset/img/train_t2_0264_1.png|oon      t   aallllleelleee nn       reerr
/data3fast/users/mbermudez/de_03/TFGDataset/img/train_t2_0865_0.png|beeeeeeeeeNNNN
/data3fast/users/mbermudez/de_03/TFGDataset/img/train_t2_0877_1.png|aaeeeee e eee      dd rrecchhhhN uuuuuueeu
/data3fast/users/mbermudez/de_03/TFGDataset/img/train_t2_0458.png|dii  iittt nnnu dssssshhh     ii    eeeeeeeeeeeNNssssss
/data3fast/users/mbermudez/de_03/TFGDataset/img/train_t2_0877_0.png|hheeN  nnneeee      rrrrcccchhhN uuaauuund
/data3fast/users/mbermudez/de_03/TFGDataset/img/train_t2_0019_2.png|iihhheee dddeellla deeeeeeeeeeeeeeee     s reeeee
/data3fast/users/mbermudez/de_03/TFGDataset/img/train_t2_0547_2.png|iiihhshtttttteeeeeeee  e  dddd    hhiiiiiennnnneeeeee
/data3fast/users/mbermudez/de_03/TFGDataset/img/train_t2_1283_1.png|sstt  t eeee        seeeeeeeeennnnnnnnna    eeet
/data3fast/users/mbermudez/de_03/TFGDataset/img/train_t2_1331_2.png|ii    ssssssshhhe  nneeeeeee   sssseessshh u nnee nnn
/data3fast/users/mbermudez/de_03/TFGDataset/img/train_t2_1354_2.png|wieeeesss    sssst     chhhhhhhh     r
/data3fast/users/mbermudez/de_03/TFGDataset/img/train_t2_0676_0.png|#  
/data3fast/users/mbermudez/de_03/TFGDataset/img/train_t2_0782_1.png|innn seeccchheeNNNeeeeeeeet  aa   eeeeeeee
/data3fast/users/mbermudez/de_03/TFGDataset/img/train_t2_0782_0.png|inn eeeeccchheNNNNeeeeeeee    aaa eeeeeeeee
/data3fast/users/mbermudez/de_03/TFGDataset/img/train_t2_1389_0.png|eeee eeaeahh     aaahhhheeeeeeennnnnn ttttt
/data3fast/users/mbermudez/de_03/TFGDataset/img/train_t2_1110.png|aas eeeee nn  dee    tttt  ddesssscheeNNNN
/data3fast/users/mbermudez/de_03/TFGDataset/img/train_t2_1145.png|ffeeeeeeeeeeee  d   sssseeeeee   ccaaa   eeeeeee
/data3fast/users/mbermudez/de_03/TFGDataset/img/train_t2_1230_2.png|auu  eeeeeennnneeegggllNNN   eesshhhheeneeee
/data3fast/users/mbermudez/de_03/TFGDataset/img/train_t2_0865.png|beeeelleeeNNN..
/data3fast/users/mbermudez/de_03/TFGDataset/img/train_t2_0395_1.png|da              eeeeeitttthhhneeeeeel  aaaaaassss
/data3fast/users/mbermudez/de_03/TFGDataset/img/train_t2_1171_0.png|mss    aaaleeeeeiiiinnnnneee  aaeeesseeeeeeeeee
/data3fast/users/mbermudez/de_03/TFGDataset/img/train_t2_1340_0.png|eerrttttttt  
/data3fast/users/mbermudez/de_03/TFGDataset/img/train_t2_1118_1.png|dersschauuuuuuu  ehheeN    nnnnie    aaaa    ddeee
/data3fast/users/mbermudez/de_03/TFGDataset/img/train_t2_0491_2.png|aareerrererehhee   ddaaassseeedde   ttiit*.
/data3fast/users/mbermudez/de_03/TFGDataset/img/train_t2_1248.png|ieeenne ee i rriicctttsst ll aa    hh   nnn
/data3fast/users/mbermudez/de_03/TFGDataset/img/train_t2_0084.png|wnnnn   ssss ttt*****sssssshhee e  eeee  ss   ee ttttteeeeeee
/data3fast/users/mbermudez/de_03/TFGDataset/img/train_t2_0658_1.png|mi   d d  ddrrrreeeeeeeeee n illllllhhhhheeeeeeee
/data3fast/users/mbermudez/de_03/TFGDataset/img/train_t2_0622_1.png|geeNNNN   dddddd  elllliiinnnnnnna      r sshh
/data3fast/users/mbermudez/de_03/TFGDataset/img/train_t2_0840_1.png|oonddd ers    eeeeeeeeeii  ........
/data3fast/users/mbermudez/de_03/TFGDataset/img/train_t2_0547_1.png|iihhhhttsttttteeee**eeee   d    hhhhhheee nnnnnddee
/data3fast/users/mbermudez/de_03/TFGDataset/img/train_t2_1323_2.png|beeeeeeeeeihhhhhhhh   leeeeeehh uu dddee sssseeene
/data3fast/users/mbermudez/de_03/TFGDataset/img/train_t2_0215_0.png|ttt     a tt   eeNssssN     tnn nnn  llhhiiieeeeee
/data3fast/users/mbermudez/de_03/TFGDataset/img/train_t2_0076_1.png|dere eeeeeeessssee     ettetennnneeeeeei
/data3fast/users/mbermudez/de_03/TFGDataset/img/train_t2_1114.png|iiiiilll   dddeeeeeeeeeeeee       s   nnneeeeeei   haaaa
/data3fast/users/mbermudez/de_03/TFGDataset/img/train_t2_0161_2.png|aauu  u   ettttti  ieeee  aau  d eeeeeeessscllll
/data3fast/users/mbermudez/de_03/TFGDataset/img/train_t2_1298_1.png|dersscaaaaa eeeeeellhhhh  e  aaaa eeeeeilllhhh
/data3fast/users/mbermudez/de_03/TFGDataset/img/train_t2_0129_0.png|#  ee
/data3fast/users/mbermudez/de_03/TFGDataset/img/train_t2_0540_2.png|##
/data3fast/users/mbermudez/de_03/TFGDataset/img/train_t2_0482_1.png|errssshheeee    eeeellhhheeeenee****   ssssslllss
/data3fast/users/mbermudez/de_03/TFGDataset/img/train_t2_0523.png|eeet     ichheeeeeeNN dd aaahhheeeeeesssssseeee
/data3fast/users/mbermudez/de_03/TFGDataset/img/train_t2_1220_0.png|iiih      eeeeeeeuuun d ttttsee      sdd
/data3fast/users/mbermudez/de_03/TFGDataset/img/train_t2_0549_2.png|beeeetttt
/data3fast/users/mbermudez/de_03/TFGDataset/img/train_t2_0071_1.png|andeesssss eee         eeee  eeeslllll     nndde
/data3fast/users/mbermudez/de_03/TFGDataset/img/train_t2_1380_2.png|in deeeeeeeeeee**********ttssssttt       aaallleeee
/data3fast/users/mbermudez/de_03/TFGDataset/img/train_t2_0326_0.png|gggee   ssh     aaacchheeenneeiitt    t  ssseee
/data3fast/users/mbermudez/de_03/TFGDataset/img/train_t2_0273_0.png|ee  aan    ddeeeeeeeeesttt  uuuuude      teeeeeen
/data3fast/users/mbermudez/de_03/TFGDataset/img/train_t2_0868_2.png|unddd r  aaaad  eeelhheeeehheessseeee  
/data3fast/users/mbermudez/de_03/TFGDataset/img/train_t2_0808_0.png|iee   aaaaaasseeeeee  ssuuueeerrrreeeeeeeee
/data3fast/users/mbermudez/de_03/TFGDataset/img/train_t2_0890_0.png|eeeeedddddd      cccclllllseeeeNelllsee     ee lll
/data3fast/users/mbermudez/de_03/TFGDataset/img/train_t2_0814_2.png|lleeee    uusueeeeeeeenneegggeeeN      sshhh
/data3fast/users/mbermudez/de_03/TFGDataset/img/train_t2_0042_1.png|dee  rrre  hhhhtttt     eeeeeeeeeeeehhhlle e d
/data3fast/users/mbermudez/de_03/TFGDataset/img/train_t2_0401_1.png|gee        nnnnntnnnnneeeeeeeessscchhhnne
/data3fast/users/mbermudez/de_03/TFGDataset/img/train_t2_0222_1.png|ttt*        eess    ede      nnnnneeeessssee         rrr
/data3fast/users/mbermudez/de_03/TFGDataset/img/train_t2_0666.png|deeeeeeeeeeeeee    ssssseeee    aa  hheeee     assseeee
/data3fast/users/mbermudez/de_03/TFGDataset/img/train_t2_0274_1.png|beeee   au eeeeeehhheee   ddd e  nn
/data3fast/users/mbermudez/de_03/TFGDataset/img/train_t2_0111_0.png|fggeeee   lllliilllihhhhhieeeeeellllll nnnnn ll
/data3fast/users/mbermudez/de_03/TFGDataset/img/train_t2_1197_0.png|weee d   sss tttt         aa sss   rrrrii***.
/data3fast/users/mbermudez/de_03/TFGDataset/img/train_t2_0979_1.png|iihht    eeeee  chhh  llll a   deeeeeihhh   nddd
/data3fast/users/mbermudez/de_03/TFGDataset/img/train_t2_0826_1.png|ihrr    sshhhhtttt     **i     eee     hheeeeeeeeeeee   nnn
/data3fast/users/mbermudez/de_03/TFGDataset/img/train_t2_0604_2.png|cchhhee   deeeiitt  
/data3fast/users/mbermudez/de_03/TFGDataset/img/train_t2_0619_0.png|dee    eeeeeeeee  eeeehhhinnnaa  eeeeeeeeee       ttttt
/data3fast/users/mbermudez/de_03/TFGDataset/img/train_t2_0492.png|orrrrrrrrtinnnihhhhhhhhsssseeee   niieeeeiiienee
/data3fast/users/mbermudez/de_03/TFGDataset/img/train_t2_1170.png|oon eeeestttt    eee  nnnnn  iiiiin  lll
/data3fast/users/mbermudez/de_03/TFGDataset/img/train_t2_0862_2.png|aasssseehh    d aalllleeeilieeeeee d    d
/data3fast/users/mbermudez/de_03/TFGDataset/img/train_t2_0602.png|de  s  eeNNNN  eeeeeNNNNNNN   ssslelhshhh shhhshh
/data3fast/users/mbermudez/de_03/TFGDataset/img/train_t2_0512.png|dar llllhi  eee deeNNN ddd  eeee      eeeeeeeeee
/data3fast/users/mbermudez/de_03/TFGDataset/img/train_t2_0113.png|rrrritee     ttttt    ddd  achhhh eeeeeeeeeeeeesssss
/data3fast/users/mbermudez/de_03/TFGDataset/img/train_t2_0338_0.png|heeNN ssssssss aaallleeee   n ttttt ** eeeelllleee
/data3fast/users/mbermudez/de_03/TFGDataset/img/train_t2_0136_1.png|aasssseeeeeeeeeesssssss       eeeellll    eeee***
/data3fast/users/mbermudez/de_03/TFGDataset/img/train_t2_0080_0.png|aann     a  reeeeeee   aaeeeeeeeeinnn eeeeeree
/data3fast/users/mbermudez/de_03/TFGDataset/img/train_t2_0665.png|leeeNdddd     llaa  httteN  dddeeeeeee
/data3fast/users/mbermudez/de_03/TFGDataset/img/train_t2_0848_2.png|geenttttttti    iii *i*... lllsssNN  ddddd  
/data3fast/users/mbermudez/de_03/TFGDataset/img/train_t2_0147.png|htteeee ssaauu eeeeeeeeesshhhhnnnnnnd   chhee
/data3fast/users/mbermudez/de_03/TFGDataset/img/train_t2_0160_1.png|aasaaa   deeerrrrrlccchhhh   eeeeeee cchhhuudd
/data3fast/users/mbermudez/de_03/TFGDataset/img/train_t2_0328_0.png|drrtttttttt 
/data3fast/users/mbermudez/de_03/TFGDataset/img/train_t2_1048_1.png|eeeeeeNNeeeeeeeee***nn  *ee***eeeeeeeetttt     aaassrrt tts
/data3fast/users/mbermudez/de_03/TFGDataset/img/train_t2_1368_1.png|geeeeeeeeiih      eeeeeeeetttee   eeee   nnnn
/data3fast/users/mbermudez/de_03/TFGDataset/img/train_t2_1208_0.png|dass eeeeeeee nnnaaheeeeee ssstttreeilinnnn
/data3fast/users/mbermudez/de_03/TFGDataset/img/train_t2_0680_1.png|aaeeeeeeeeeeeeeeeihhht  nnn   hhheeee       hhhhee
/data3fast/users/mbermudez/de_03/TFGDataset/img/train_t2_0613_0.png|geeeiiiiillllhhh   ddddeeeeessssslsseeN  dddde
/data3fast/users/mbermudez/de_03/TFGDataset/img/train_t2_1188.png|cete    hhhhhh eee  ssshh              cchhhe nnn  ass
/data3fast/users/mbermudez/de_03/TFGDataset/img/train_t2_0379_2.png|di  eeeeeeeeeeer aashht u      iiihh
/data3fast/users/mbermudez/de_03/TFGDataset/img/train_t2_1130_1.png|errrrrtte     sss  tnnnn    eeeeeeengngeeeeeeeee
/data3fast/users/mbermudez/de_03/TFGDataset/img/train_t2_0496_2.png|mii  eeeen nnddddeeeeeeeehhNNNsss  aalllll nn
/data3fast/users/mbermudez/de_03/TFGDataset/img/train_t2_0514.png|dasss  e eeeeerrrehssseeeee r eeeeee  nn   seeeeeeeennnnnsss
/data3fast/users/mbermudez/de_03/TFGDataset/img/train_t2_0235_1.png|geetttttttthhh     seeehhaahhhe nnnnn eeeii
/data3fast/users/mbermudez/de_03/TFGDataset/img/train_t2_1106_1.png|ollleee   deeeeedd  aaaah  deeeett       iichh
/data3fast/users/mbermudez/de_03/TFGDataset/img/train_t2_1109.png|rrrrrcchhhnnnn es    l ss        ..
/data3fast/users/mbermudez/de_03/TFGDataset/img/train_t2_0652.png|gee aaalll   a   ee   aacsss    dd   iiiii...
/data3fast/users/mbermudez/de_03/TFGDataset/img/train_t2_1377.png|willl   neeeettuuu dd ssheeee   iiieee
/data3fast/users/mbermudez/de_03/TFGDataset/img/train_t2_0689_1.png|undd  seeeeeeetteesssss aaassllleeeeeeee
/data3fast/users/mbermudez/de_03/TFGDataset/img/train_t2_1390_1.png|nnntt        nddeeeeesttth      sss      eecheeee
/data3fast/users/mbermudez/de_03/TFGDataset/img/train_t2_0786_2.png|onn  llcchtseeeeeehhheeeeeeess     eeeiiiihhh
/data3fast/users/mbermudez/de_03/TFGDataset/img/train_t2_1349_0.png|eeeiiiiii    drrrreeeeeenntttttt   derrrrrrrrrrtt
/data3fast/users/mbermudez/de_03/TFGDataset/img/train_t2_1406_1.png|derssaaauu  ee    eeeeellle    sschhhhuu ddeeeeehhe
/data3fast/users/mbermudez/de_03/TFGDataset/img/train_t2_0835_2.png|de            uuuueeee       sseethh  a  a sss er
/data3fast/users/mbermudez/de_03/TFGDataset/img/train_t2_0556.png|mee      ee nneeeeeh    sssaannnneiih   d   t
/data3fast/users/mbermudez/de_03/TFGDataset/img/train_t2_1013_2.png|die     aaaa nnnlnlss nnnn ellchh   dd rrrtinnn
/data3fast/users/mbermudez/de_03/TFGDataset/img/train_t2_0383.png|irrrrrrseeeteetttseeeeee ddd    dd   lllllllleeenne
/data3fast/users/mbermudez/de_03/TFGDataset/img/train_t2_0981_2.png|ssss    ssss  eeee essssssesss   nneeeeee  ssstttte eeersh
/data3fast/users/mbermudez/de_03/TFGDataset/img/train_t2_0705_1.png|llleeNNNee   itt        ss     aannnn
/data3fast/users/mbermudez/de_03/TFGDataset/img/train_t2_1057.png|eeeeeeiitttii  ellleeee ddeerrrrhh   eeenn
/data3fast/users/mbermudez/de_03/TFGDataset/img/train_t2_1347_1.png|aahhee   aaaa  ss n dddeeeeeee     uuuuuuuueeeee
/data3fast/users/mbermudez/de_03/TFGDataset/img/train_t2_0856_2.png|irrrggleeeee  rnnnneeeeeeeeeessseeeeeeeeeeeeeeeeNN
/data3fast/users/mbermudez/de_03/TFGDataset/img/train_t2_1328.png|dee  aaah          ddeeeiilleN        ee
/data3fast/users/mbermudez/de_03/TFGDataset/img/train_t2_0512_1.png|aaalllll      deeNNN  ddd   eeee      llleeeeee
/data3fast/users/mbermudez/de_03/TFGDataset/img/train_t2_1019_0.png|geeeeee nneerttttttt  ddeeeeelllleeN
/data3fast/users/mbermudez/de_03/TFGDataset/img/train_t2_1397.png|dd   ss   tt       lllhhiideeeittttee
/data3fast/users/mbermudez/de_03/TFGDataset/img/train_t2_0910_1.png|warr  eeeeeeeee   aassss   eesseeellleeeNN ua
/data3fast/users/mbermudez/de_03/TFGDataset/img/train_t2_1269_2.png|iiiieiitttlllllll e neeegeellsss    eeeeettttthh i
/data3fast/users/mbermudez/de_03/TFGDataset/img/train_t2_0929.png|ttt  ddd ssssssseee      illliii nnnnnnnnnnd
/data3fast/users/mbermudez/de_03/TFGDataset/img/train_t2_0243.png|aasheeeeeeN uuuuuhhheeeNNhhh  eeeetteeNN aau  eee
/data3fast/users/mbermudez/de_03/TFGDataset/img/train_t2_0894.png|uneeeeeesthhh eeeeeeeeeN   nnlllleeee ere  ddr   ann
/data3fast/users/mbermudez/de_03/TFGDataset/img/train_t2_0535_0.png|meee           ..llllii   ddde  aaalleeeeNNn
/data3fast/users/mbermudez/de_03/TFGDataset/img/train_t2_0626.png|dee nnngennnn   rtttt    nnnd  eeeeeeeeeee
/data3fast/users/mbermudez/de_03/TFGDataset/img/train_t2_0424_1.png|ieeN    neeeeeee    aacchsee        aasttttttt
/data3fast/users/mbermudez/de_03/TFGDataset/img/train_t2_1334_2.png|oon eeeeennnneeeeeeN   d   rtt nnnueeeeeee
/data3fast/users/mbermudez/de_03/TFGDataset/img/train_t2_0108_2.png|dassseeeee eeeeeeeehhteee nnneeeeeeN     nnnnn
/data3fast/users/mbermudez/de_03/TFGDataset/img/train_t2_0857.png|dee      ssaaaau   rrrtttnn  sccheeeeee   sssss
/data3fast/users/mbermudez/de_03/TFGDataset/img/train_t2_0195_0.png|wach        accchhh nnerrrrrrrrrraaau neeeee
/data3fast/users/mbermudez/de_03/TFGDataset/img/train_t2_1113_1.png|llllllleennnnnnnnneeeeeeeeeeeettte ee  slll
/data3fast/users/mbermudez/de_03/TFGDataset/img/train_t2_0390_2.png|bssseeeNNNeeeeeellliihh aaahh  ssseeeee n deerreeee
/data3fast/users/mbermudez/de_03/TFGDataset/img/train_t2_1403_1.png|iiee   stchhtttnnnnnni  ddddrrriieeeeeeeeee * tcccc
/data3fast/users/mbermudez/de_03/TFGDataset/img/train_t2_1205_2.png|aass  eeeell  gggee eeesschttti  iiieee
/data3fast/users/mbermudez/de_03/TFGDataset/img/train_t2_0914_1.png|aassseee  eeeeeer ttt  seeeeee  deeeeeerrrrrrrrrrr
/data3fast/users/mbermudez/de_03/TFGDataset/img/train_t2_0931_1.png|rrreeeee  ununn   iii eee   sseeitie      eeeeeiiih
/data3fast/users/mbermudez/de_03/TFGDataset/img/train_t2_0074_0.png|tt nnnuueeeehhhheeede    aa eeee  nnn  tttt
/data3fast/users/mbermudez/de_03/TFGDataset/img/train_t2_0074_1.png|tt   uueeehhhhh eeeee  aaa  eeeee nnnnn ii
/data3fast/users/mbermudez/de_03/TFGDataset/img/train_t2_1472.png|err         lccch  n   lllli iiiiii*   **sssssssNNN
/data3fast/users/mbermudez/de_03/TFGDataset/img/train_t2_0915_2.png|alll eeeeeeeeeeeeeeesssseeeennnneee  ssssee   nnnee
/data3fast/users/mbermudez/de_03/TFGDataset/img/train_t2_0613_2.png|geeeiiiiilllhaa     ddeeeeeesssssssseNN   dddd
/data3fast/users/mbermudez/de_03/TFGDataset/img/train_t2_0391_2.png|woee                      nnneeeiillhhheeeeettt    eee
/data3fast/users/mbermudez/de_03/TFGDataset/img/train_t2_1132_2.png|rrrrssllleee llleeeeeee          chhss   dd
/data3fast/users/mbermudez/de_03/TFGDataset/img/train_t2_0969_1.png|meeeNNNN    iiiitttt   ddeeechtttuunn seeee   rrreeuuu
/data3fast/users/mbermudez/de_03/TFGDataset/img/train_t2_0428_1.png|nnnn ee ttttuuu sssshhheeeedddde      nnnnnnnee
/data3fast/users/mbermudez/de_03/TFGDataset/img/train_t2_0422_0.png|eescccchha   ddeeeeeee    nnnnngggnneeennnhh
/data3fast/users/mbermudez/de_03/TFGDataset/img/train_t2_0798_0.png|ieeeeee aassss   ssssseeeeeeeeeeee
/data3fast/users/mbermudez/de_03/TFGDataset/img/train_t2_1055_1.png|sseeee   aaaaa     aaiiii eeeessssssssss
/data3fast/users/mbermudez/de_03/TFGDataset/img/train_t2_1488_0.png|uu  eeeeeeeeeeeeests     rrrr   al  aaannnnnee
/data3fast/users/mbermudez/de_03/TFGDataset/img/train_t2_1098_0.png|wiis   aasschhhh      eeeeee    saaasss   iieee   ssss
/data3fast/users/mbermudez/de_03/TFGDataset/img/train_t2_1274_0.png|alleeee      eeeesssstt uuu eeee  llleeee
/data3fast/users/mbermudez/de_03/TFGDataset/img/train_t2_1032.png|eeeeee   nnniiiihhhhhhh ddddeeesssssee     rrrer
/data3fast/users/mbermudez/de_03/TFGDataset/img/train_t2_0478.png|geehhheeee nnnnnnn   lleeehhhi     eiiiieeeNNsssss
/data3fast/users/mbermudez/de_03/TFGDataset/img/train_t2_1497.png|ttt  eeeeeeeee     iiiinneeeeeee  d   aaaaa
/data3fast/users/mbermudez/de_03/TFGDataset/img/train_t2_0651_1.png|tttt    e    aaa  sseee nnnnndd   ss    eee nn aahh
/data3fast/users/mbermudez/de_03/TFGDataset/img/train_t2_1251_2.png|beeee    aaaheeeeeeee     rreetee eeeeeee
/data3fast/users/mbermudez/de_03/TFGDataset/img/train_t2_0247_0.png|aahu   dderrreee  ddd  rhhhhleNNN      rrrrr
/data3fast/users/mbermudez/de_03/TFGDataset/img/train_t2_0132.png|beeeeeelle      aaaaa  eeeee nnnn   eeeeeeesse eesseeellih
/data3fast/users/mbermudez/de_03/TFGDataset/img/train_t2_1232_1.png|geeeeeeeeeeeeeeeee hhtssshhheeeeeeteee ttnn     
/data3fast/users/mbermudez/de_03/TFGDataset/img/train_t2_0838_2.png|ihh   ddd    reeerttttt   aaa    nnnnnneeeehhh
/data3fast/users/mbermudez/de_03/TFGDataset/img/train_t2_1293_0.png|aae       eeeeeetnnuaaaa  eeeettt  n   sss eedee
/data3fast/users/mbermudez/de_03/TFGDataset/img/train_t2_0783_1.png|eertthhhii nnneee   ssssseeeeehh      rrrrheeee
/data3fast/users/mbermudez/de_03/TFGDataset/img/train_t2_0428_0.png|nnn  eeettttn   ssshheeeeddddee      nnnnneee
/data3fast/users/mbermudez/de_03/TFGDataset/img/train_t2_0306_0.png|ii        ddeeeeieehcheeeeNeee e       d  sseettttttt
/data3fast/users/mbermudez/de_03/TFGDataset/img/train_t2_0286_1.png|# 
/data3fast/users/mbermudez/de_03/TFGDataset/img/train_t2_0340.png|lllen n eeeellhhhhaa nnndddderiiiieennnneeeeessss
/data3fast/users/mbermudez/de_03/TFGDataset/img/train_t2_0795_1.png|eernnnnnnnnndd eeeee    a leeeiiiii         d naaae
/data3fast/users/mbermudez/de_03/TFGDataset/img/train_t2_0799_2.png|eeeeeeeeeehhee  nnneellhhhheeeeeeeennnnneeeeeeeee
/data3fast/users/mbermudez/de_03/TFGDataset/img/train_t2_1106_2.png|oolleeee   eerer   aaa   eeee  *t****     llhhhh
/data3fast/users/mbermudez/de_03/TFGDataset/img/train_t2_1421_1.png|ssshtttt      ..
/data3fast/users/mbermudez/de_03/TFGDataset/img/train_t2_1112.png|iii         ssss   aaaa h hhhhhsshheeNNNeeeiiiihh
/data3fast/users/mbermudez/de_03/TFGDataset/img/train_t2_1066_2.png|wee   a  eerreeeiieeeeess     llll aasa   rrrrr
/data3fast/users/mbermudez/de_03/TFGDataset/img/train_t2_1424_2.png|rrhhheeee   aa   eeeNnnn  aaaaa  eeeeuuuueeeeeeheeeNN
/data3fast/users/mbermudez/de_03/TFGDataset/img/train_t2_0655_1.png|wiessss  allchhhtiie nnn   eeeeee       ssss
/data3fast/users/mbermudez/de_03/TFGDataset/img/train_t2_1077_1.png|seee  eeeriiiiheeeee         erhh     ssssslee
/data3fast/users/mbermudez/de_03/TFGDataset/img/train_t2_0336_1.png|hhee        ttteeee ssaauueeeeeeeerr   tttt
/data3fast/users/mbermudez/de_03/TFGDataset/img/train_t2_1436_0.png|gee aa lnneeedeeeereeeeeeeeee  *      tttttttttt
/data3fast/users/mbermudez/de_03/TFGDataset/img/train_t2_1419_1.png|geee     nnn tttttt      lllleeeeeeesss  uueeee
/data3fast/users/mbermudez/de_03/TFGDataset/img/train_t2_0467_0.png|uu    tttttti  ee   sssseee    aas    oosttttt   ddde
/data3fast/users/mbermudez/de_03/TFGDataset/img/train_t2_0251_0.png|der  eeehheeeee    deeestee ssllleeeheeeee     dddd
/data3fast/users/mbermudez/de_03/TFGDataset/img/train_t2_1482_1.png|lll   dee  ddddeeellllee   rr aa nnlllllll
/data3fast/users/mbermudez/de_03/TFGDataset/img/train_t2_1101_2.png|ditteessslllllle dddd aachheeee  aaaaauddee
/data3fast/users/mbermudez/de_03/TFGDataset/img/train_t2_0876_0.png|meee      lllleenn  scchht  dddesssllleeeeeiit
/data3fast/users/mbermudez/de_03/TFGDataset/img/train_t2_1415_1.png|innnnnnnnn ddeeeeeeeiii     sssch uueeeeeeeeeeellllllli
/data3fast/users/mbermudez/de_03/TFGDataset/img/train_t2_0963_2.png|uu  eeee  uuuuu asssssss  d  rii    d   ssssssss
/data3fast/users/mbermudez/de_03/TFGDataset/img/train_t2_0866_0.png|fffne  ssss ee nn ttcctseeeenn  eeeeeeeedddee
/data3fast/users/mbermudez/de_03/TFGDataset/img/train_t2_0672.png|nnnneeeeee    n d  echheeeeessstttteeeee
/data3fast/users/mbermudez/de_03/TFGDataset/img/train_t2_0650_0.png|alleeeeeeeeteee    eeeeeeeeNNnnndd eachll   d  sssssshht
/data3fast/users/mbermudez/de_03/TFGDataset/img/train_t2_1045.png|wlllhttt   drrrttt rrre   aaaleeesss       eeeee
/data3fast/users/mbermudez/de_03/TFGDataset/img/train_t2_0713_0.png|# d
/data3fast/users/mbermudez/de_03/TFGDataset/img/train_t2_0246_1.png|iitt   d  nnnnageeeee ss   eeesccheeNennneee
/data3fast/users/mbermudez/de_03/TFGDataset/img/train_t2_0485.png|bbeeeee         ellhhheeeeeell    eerererr  nlll
/data3fast/users/mbermudez/de_03/TFGDataset/img/train_t2_1316.png|vieeeerttttt  
/data3fast/users/mbermudez/de_03/TFGDataset/img/train_t2_0143_0.png|uu eeelsssssee
/data3fast/users/mbermudez/de_03/TFGDataset/img/train_t2_0106_2.png|ssss   achhh  eeee   ..  eesschhhNNN
/data3fast/users/mbermudez/de_03/TFGDataset/img/train_t2_1214_0.png|auud    aall            sseeeeehuuuuud   ssshhhee
/data3fast/users/mbermudez/de_03/TFGDataset/img/train_t2_0191.png|eee nnnnnneeeeee eeeeeeeeeee     dd aaauunneeee
/data3fast/users/mbermudez/de_03/TFGDataset/img/train_t2_0753_0.png|aasstttetteeeeeenneeerrhht   dderr aauuuuuu
/data3fast/users/mbermudez/de_03/TFGDataset/img/train_t2_1209_0.png|iiiee   llsssseeeeddrees     ccchenneeeeeeN
/data3fast/users/mbermudez/de_03/TFGDataset/img/train_t2_0626_1.png|der nnnnnn     eirt     aadddd eeeeeeeeeee
/data3fast/users/mbermudez/de_03/TFGDataset/img/train_t2_0531_2.png|diesssss    sssscchtt  nnnnnnnnnn    alllleeee
/data3fast/users/mbermudez/de_03/TFGDataset/img/train_t2_0319_0.png|siheeeeee      aa uu ee  eeeeeerrhhhh   ddeeeeeeeee
/data3fast/users/mbermudez/de_03/TFGDataset/img/train_t2_1031_2.png|beeeNeee tteeeeessshh    iiiiieee  nnndee
/data3fast/users/mbermudez/de_03/TFGDataset/img/train_t2_0818_0.png|assseeeeeeee  lll....
/data3fast/users/mbermudez/de_03/TFGDataset/img/train_t2_0333.png|oooseeeeeelllliie   a nlleeee     sscheeeelll  nnnaa
/data3fast/users/mbermudez/de_03/TFGDataset/img/train_t2_0967_2.png|errreggg      sseeeeeeehee  nnnn   ii
/data3fast/users/mbermudez/de_03/TFGDataset/img/train_t2_0537.png|fnneee   aaa   eeeeee sstt  nn       *eee
/data3fast/users/mbermudez/de_03/TFGDataset/img/train_t2_1105_0.png|tt     eeeeeee  llll  d  ssseeeehhheeti   dd    eeeeeee
/data3fast/users/mbermudez/de_03/TFGDataset/img/train_t2_0618_2.png|mhhttt  ss   ssssss   n   nnnn n    deeerrrrcchhhhh eeeeeue
/data3fast/users/mbermudez/de_03/TFGDataset/img/train_t2_1494_0.png|eess    deeeeeee sssss   nn     llllllll   dderrreeee
/data3fast/users/mbermudez/de_03/TFGDataset/img/train_t2_0912_1.png|oo      deeeeeeeeeennn au eeeee hhhh  eeee    aahh
/data3fast/users/mbermudez/de_03/TFGDataset/img/train_t2_0754_0.png|unn   seeeeeeeeeehhh   ss ee nnn  iccchheeeeeeeett
/data3fast/users/mbermudez/de_03/TFGDataset/img/train_t2_0088.png|eee       nn ttthheeeennneiii  deerrrriiiiii
/data3fast/users/mbermudez/de_03/TFGDataset/img/train_t2_0285_1.png|ffeee    annn tttteeess      ilsesette
/data3fast/users/mbermudez/de_03/TFGDataset/img/train_t2_0232_2.png|weee  aa    eeesssshhh   ddeeerrrr eeeeeeeeeeittt
/data3fast/users/mbermudez/de_03/TFGDataset/img/train_t2_1342.png|aun eereeeh uu    nnne dd  ss  lli   deeeeeeee auu
/data3fast/users/mbermudez/de_03/TFGDataset/img/train_t2_0540.png|#
/data3fast/users/mbermudez/de_03/TFGDataset/img/train_t2_0888_2.png|wieeee  rr alleeennndddd  sssllll ii   i    aauuua
/data3fast/users/mbermudez/de_03/TFGDataset/img/train_t2_0255_2.png|fu         nnnn    rre illlllle nnnnchhheee
/data3fast/users/mbermudez/de_03/TFGDataset/img/train_t2_1045_1.png|wllhhh    ddd rttttteee   aaaa eeessstt uu eeeee
/data3fast/users/mbermudez/de_03/TFGDataset/img/train_t2_1136_2.png|geeeeeeennnnnn   sssss     aaa  eeeeeeeessstt
/data3fast/users/mbermudez/de_03/TFGDataset/img/train_t2_1462_0.png|anneerrhhhh  eeerhhhhNNN    a  heeeeennnnees
/data3fast/users/mbermudez/de_03/TFGDataset/img/train_t2_0288.png|innniiiiiinnnn eeeeeee nnnn eeeeeeeeh   leeeeeee  aaa
/data3fast/users/mbermudez/de_03/TFGDataset/img/train_t2_1479_0.png|wee        eeeee ddddere sss nnnnnnneeeee
/data3fast/users/mbermudez/de_03/TFGDataset/img/train_t2_1182_0.png|iiitttth hhhhhhhe  n deee    sssssssessssee   rreeeee
/data3fast/users/mbermudez/de_03/TFGDataset/img/train_t2_1475_2.png|neee  eeeeedeeeeeeeeee**nnnnddrre uussseeeeeee
/data3fast/users/mbermudez/de_03/TFGDataset/img/train_t2_0478_0.png|geehheeeee nnnn    neeelllhhhh     eee  i eee  sssss
/data3fast/users/mbermudez/de_03/TFGDataset/img/train_t2_0406_2.png|sit      llllliittt       ssllhhh   ihhh
/data3fast/users/mbermudez/de_03/TFGDataset/img/train_t2_1011_0.png|# 
/data3fast/users/mbermudez/de_03/TFGDataset/img/train_t2_0062.png|tttt  nnneeeenn ellll edddrriiiieeeeeeeeeeeeenn eellll
/data3fast/users/mbermudez/de_03/TFGDataset/img/train_t2_0356_0.png|bee  nnnnn    aaaa   aaaa ashhh     a eeeee  nnndn
/data3fast/users/mbermudez/de_03/TFGDataset/img/train_t2_1322_2.png|tieeeeeeeiiiti  dd  sssslcch     d d  s ddee
/data3fast/users/mbermudez/de_03/TFGDataset/img/train_t2_1040.png|iiiilllssssaaa  rrhhhhl  dderri aasssssseeetteeee
/data3fast/users/mbermudez/de_03/TFGDataset/img/train_t2_0038.png|schhhl uu  eeN     iittttteeeeNNeee ccchheeeeee  nn
/data3fast/users/mbermudez/de_03/TFGDataset/img/train_t2_1210_1.png|geeeee  itit   aaaa eeneeeeiccchheeeeeee   n
/data3fast/users/mbermudez/de_03/TFGDataset/img/train_t2_1316_1.png|vireeetttt  
/data3fast/users/mbermudez/de_03/TFGDataset/img/train_t2_0151.png|shhe   uahhhee  dd  eiiiiiihhnnnnnnd  ssssseeee
/data3fast/users/mbermudez/de_03/TFGDataset/img/train_t2_1473_2.png|wweeeeeeeeeeeer   allllll  dd    itteennnnnnn
/data3fast/users/mbermudez/de_03/TFGDataset/img/train_t2_0655_2.png|weeesss lllllchhhiie nn    eeeeee      sssss
/data3fast/users/mbermudez/de_03/TFGDataset/img/train_t2_0116_0.png|udddeereehhhhtteee dddeesslll  deeeeeehhheeeeee
/data3fast/users/mbermudez/de_03/TFGDataset/img/train_t2_0917_0.png|##
/data3fast/users/mbermudez/de_03/TFGDataset/img/train_t2_0822_2.png|uuud     uuuuuufunnngggggnnnnnnaaahhheeeN
/data3fast/users/mbermudez/de_03/TFGDataset/img/train_t2_1087_0.png|eessssssseNeNeNe  nniieee   dddd aauuuuussss
/data3fast/users/mbermudez/de_03/TFGDataset/img/train_t2_1268_0.png|wii    aaa  deee        aasheeeeeNNNN Nnndn
/data3fast/users/mbermudez/de_03/TFGDataset/img/train_t2_0808_2.png|eeht  aaassss  ieeeee   ssf eeeerreeeeeeeeNN
/data3fast/users/mbermudez/de_03/TFGDataset/img/train_t2_0337.png|beeeeeeeeeinnnnnaalleeeeeetchhh  ddddereeeeeeee
/data3fast/users/mbermudez/de_03/TFGDataset/img/train_t2_0296_1.png|inndeeeeeeheee     aa     eee niillhhi  dd aa
/data3fast/users/mbermudez/de_03/TFGDataset/img/train_t2_0589_2.png|mii  eeeeeeeessssssseeeeeeeeee   lllllee    tttte
/data3fast/users/mbermudez/de_03/TFGDataset/img/train_t2_1448_2.png|aaneeeeeeeennn eeeeee    aaaaa    eereeeeehe   nn
/data3fast/users/mbermudez/de_03/TFGDataset/img/train_t2_0811_0.png|dassseeeeeeeeeeeee iiiih llleeeee nnnnaaaalhhhN u
/data3fast/users/mbermudez/de_03/TFGDataset/img/train_t2_0242_1.png|ee     deerrrreeerrddrereeettttnn cchh    eeeeeee
/data3fast/users/mbermudez/de_03/TFGDataset/img/train_t2_1027_0.png|dieeee aaaaaa eeeeeeeeeeeee    ssssssttteeee
/data3fast/users/mbermudez/de_03/TFGDataset/img/train_t2_0823_0.png|seett   uuuu   sssstt deeeeee***   ss  hhhhhh
/data3fast/users/mbermudez/de_03/TFGDataset/img/train_t2_0721_2.png|eee    uauuhhhhhuuN ssseeehhhlNssss   ii     eeeeeeenn
/data3fast/users/mbermudez/de_03/TFGDataset/img/train_t2_0903.png|nnee   ttttnnn  eeeeee  eeeeennnnneeeeeeNNNs
/data3fast/users/mbermudez/de_03/TFGDataset/img/train_t2_0788_1.png|von aaaaaa   eeeehhi       a  eeeeeet
/data3fast/users/mbermudez/de_03/TFGDataset/img/train_t2_1249_2.png|uudd  ssshhh    unneeee chhh  eeeeee dde    aa
/data3fast/users/mbermudez/de_03/TFGDataset/img/train_t2_0257_0.png|viieiihhtttt     aaasss      eelhhlennnnlllhheeee
/data3fast/users/mbermudez/de_03/TFGDataset/img/train_t2_1022.png|deNNNNNeeeeellle    d ssseeeeeeeeeeeeeeeNN nnnn
/data3fast/users/mbermudez/de_03/TFGDataset/img/train_t2_0051_0.png|cchhh     hhhhiinneeelllhhe    dd           eeee
/data3fast/users/mbermudez/de_03/TFGDataset/img/train_t2_0074.png|tt      rhhhhhh eddee  aaaaheee  nnnnneiet
/data3fast/users/mbermudez/de_03/TFGDataset/img/train_t2_0820.png|nnnnnn   ttttteeeeennnneeee tt sss  lesssiiitillll
/data3fast/users/mbermudez/de_03/TFGDataset/img/train_t2_0123_2.png|undd  achhheeeeeeeellaa  aaaa  deeeeeee
/data3fast/users/mbermudez/de_03/TFGDataset/img/train_t2_1445_2.png|beeeee       nnnnaaadddeerrhhhhee   ddddd
/data3fast/users/mbermudez/de_03/TFGDataset/img/train_t2_0276_0.png|"ss  eee  nnnn eeen  egllllhhtttttt tt
/data3fast/users/mbermudez/de_03/TFGDataset/img/train_t2_0554_2.png|geeN    sssssst  eeeeelccchhhhhheiiiii ee e      seeeeee
/data3fast/users/mbermudez/de_03/TFGDataset/img/train_t2_0832_0.png|aass    eeeeennnn    ddderrrhhll   dddeeee nnnn
/data3fast/users/mbermudez/de_03/TFGDataset/img/train_t2_0833_0.png|oeeeeesssssshh eeeeeeeeeee   aa   eehh      iiiiii
/data3fast/users/mbermudez/de_03/TFGDataset/img/train_t2_0292.png|aahh   e nnnnnneeennnuuueeeeihhhheeeessseeeeee
/data3fast/users/mbermudez/de_03/TFGDataset/img/train_t2_0550_0.png|see eeeeeeee      nnnn  eeeeeee   heeeeittt ttttt
/data3fast/users/mbermudez/de_03/TFGDataset/img/train_t2_0939_1.png|iii eeeeeeeeeeee  allll  ieeeees   eeeeeeaa
/data3fast/users/mbermudez/de_03/TFGDataset/img/train_t2_1035_2.png|llhhhhh    hh nnnndddeerrrrreeeeeeeeeettt nnnnn
/data3fast/users/mbermudez/de_03/TFGDataset/img/train_t2_0046_2.png|derr        eeee     ii      rhhhhhee   de
/data3fast/users/mbermudez/de_03/TFGDataset/img/train_t2_1267_0.png|aa   dd rr   stcttthtteee   ***  ttslcc    dree
/data3fast/users/mbermudez/de_03/TFGDataset/img/train_t2_0571.png|bbeeNeee uuueeeeeet  n  eeeeeeegllllnnnnnee
/data3fast/users/mbermudez/de_03/TFGDataset/img/train_t2_1260.png|beeeetttttteeNN dd aassshhhhe   haalllle
/data3fast/users/mbermudez/de_03/TFGDataset/img/train_t2_0417_0.png|stttt          sseee    sssss     a lllgeeeee     e *******
/data3fast/users/mbermudez/de_03/TFGDataset/img/train_t2_0732_0.png|ann  eeeseeeee   oolcchiiiennnnnnn
/data3fast/users/mbermudez/de_03/TFGDataset/img/train_t2_1130.png|rrrrsssse     sssstt  nnnnddeeeeeeeenneeeeehhheeee
/data3fast/users/mbermudez/de_03/TFGDataset/img/train_t2_0641_0.png|mannnnnnn tnnnnnneeeesssschheeee     eer    aaan
/data3fast/users/mbermudez/de_03/TFGDataset/img/train_t2_0438.png|fooeee    eeeeeeNe  uaeee  unn  tttteee
/data3fast/users/mbermudez/de_03/TFGDataset/img/train_t2_0130.png|chheeeee  ee      hheehhhh aa dd   llssllliee   astts
/data3fast/users/mbermudez/de_03/TFGDataset/img/train_t2_0562_1.png|ahnnneeeee* ......
/data3fast/users/mbermudez/de_03/TFGDataset/img/train_t2_0251_1.png|dee  ehchhhhhheee     sseeeellllssllhhheee    aas dd
/data3fast/users/mbermudez/de_03/TFGDataset/img/train_t2_1200.png|#
/data3fast/users/mbermudez/de_03/TFGDataset/img/train_t2_1302_2.png|geeee nn  aacctt nnngeeeennn ddd rrr  ussseeee
/data3fast/users/mbermudez/de_03/TFGDataset/img/train_t2_1023.png|deeeeeeeeeeee ddddeeeeeeeee  ttt a  dddee
/data3fast/users/mbermudez/de_03/TFGDataset/img/train_t2_0244_2.png|bsseddeeeeeeelleeeeee  au   ietteeeeee
/data3fast/users/mbermudez/de_03/TFGDataset/img/train_t2_1285_1.png|dd    eeeeeee  aaaheeeeeee e ddeeellllleeee       eeennnee
/data3fast/users/mbermudez/de_03/TFGDataset/img/train_t2_0080_2.png|aaa      rr   eeeeedd    aanneeeeih    ddeeeee
/data3fast/users/mbermudez/de_03/TFGDataset/img/train_t2_1208.png|dasssseeeee    naaa eeeeee sstt rreiillin
/data3fast/users/mbermudez/de_03/TFGDataset/img/train_t2_0216_0.png|ttttthhhllllllN    ddd    sssseeeee  u     ddd
/data3fast/users/mbermudez/de_03/TFGDataset/img/train_t2_0327.png|diie   essssss eeeeeeeeii eeeeeese nnnnnee
/data3fast/users/mbermudez/de_03/TFGDataset/img/train_t2_0233_1.png|beellliieeetttttti      deeeeeeeeeeee    d ee  rrrihttt
/data3fast/users/mbermudez/de_03/TFGDataset/img/train_t2_0717.png|dass  errrrrrrrr hhh  eeeeeettthhh aaaaaaaa   eee
/data3fast/users/mbermudez/de_03/TFGDataset/img/train_t2_1428_0.png|errtttt nnneeeeeeee sssss     tteeeee   ssssss
/data3fast/users/mbermudez/de_03/TFGDataset/img/train_t2_1352.png|der  eeeeeeeeeeeeeeeeeeeettteeee   d     uuuuuu
/data3fast/users/mbermudez/de_03/TFGDataset/img/train_t2_0783_0.png|eeellhhiiienene**   ssssseeeehh    rrreeeeeee
/data3fast/users/mbermudez/de_03/TFGDataset/img/train_t2_1390.png|nnnn        n ddeeeesssccaa    ss      leeeeeeee
/data3fast/users/mbermudez/de_03/TFGDataset/img/train_t2_0349_2.png|st    aaaallsseeeed    tthhhiiiieiiiiihhhh 
/data3fast/users/mbermudez/de_03/TFGDataset/img/train_t2_0490_2.png|errlll           nnniittinniiele       ssllllee
/data3fast/users/mbermudez/de_03/TFGDataset/img/train_t2_1393_0.png|nnneennggllN
/data3fast/users/mbermudez/de_03/TFGDataset/img/train_t2_1047.png|see  aaaaaauuussseee   deeeeeeeeeeeeedderrre
/data3fast/users/mbermudez/de_03/TFGDataset/img/train_t2_0002_2.png|miiiiiithhllee dddaaaaunsssssetihh  
/data3fast/users/mbermudez/de_03/TFGDataset/img/train_t2_0982.png|dieeeeeeee     schhhi   hh  eeee    ee llllllllhhhlhhhh
/data3fast/users/mbermudez/de_03/TFGDataset/img/train_t2_0591.png|dieeeeeeeeettttii eee uuuuuuuneeeeeeeeeesssttt  aauu
/data3fast/users/mbermudez/de_03/TFGDataset/img/train_t2_0157_0.png|ooon  eeeeeeeeeeee   sschhee nnnn addeeee
/data3fast/users/mbermudez/de_03/TFGDataset/img/train_t2_1169.png|drrrreeeieenn  n nnnnn   eeeeeee  naalaaas nenee
/data3fast/users/mbermudez/de_03/TFGDataset/img/train_t2_1102_2.png|aauuu  eeeeeeee**...
/data3fast/users/mbermudez/de_03/TFGDataset/img/train_t2_0087_2.png|dii eeetee     dddessssshee n dd  aaaaa ddeee
/data3fast/users/mbermudez/de_03/TFGDataset/img/train_t2_0594_1.png|iee      deeeeeiiit nnna   tttttcleeeee nndd
/data3fast/users/mbermudez/de_03/TFGDataset/img/train_t2_1020_2.png|#
/data3fast/users/mbermudez/de_03/TFGDataset/img/train_t2_0608_2.png|bllleeeee********* ssssstttteeeeeeeeiiiihhnnnndeeee
/data3fast/users/mbermudez/de_03/TFGDataset/img/train_t2_1274_2.png|aass eee      eeeesssss uureeeeeeeeeleee
/data3fast/users/mbermudez/de_03/TFGDataset/img/train_t2_0696_0.png|oon deeeeeeeeeNeeee*nnnnnn d aaass eeee eeeeeehhtt
/data3fast/users/mbermudez/de_03/TFGDataset/img/train_t2_0043_1.png|da    ehhhllleeeeee  ssseereheee erereii
/data3fast/users/mbermudez/de_03/TFGDataset/img/train_t2_0946.png|nnee eeeeredrrrrrhhhhs                  eeeerr
/data3fast/users/mbermudez/de_03/TFGDataset/img/train_t2_0936_0.png|dann      stttttttttttiii   ineeeeeiihht   ndeeee
/data3fast/users/mbermudez/de_03/TFGDataset/img/train_t2_0638_2.png|hhheeee     eeeeeeeeerricchhhhhhheedd aaa   eeee
/data3fast/users/mbermudez/de_03/TFGDataset/img/train_t2_1475_1.png|eee lleeeerrreeeeeeennnnnndee  uuusseeeererre
/data3fast/users/mbermudez/de_03/TFGDataset/img/train_t2_0218_1.png|anneeeeeee   ndaassseee  nnallll       nnn
/data3fast/users/mbermudez/de_03/TFGDataset/img/train_t2_0475_0.png|iii   errrerssssll nnnllhhlleee  ee   lcchtttee
/data3fast/users/mbermudez/de_03/TFGDataset/img/train_t2_0699.png|sheeeeeeeeeee   eed    hh  r   llggeettsssss  aaaa
/data3fast/users/mbermudez/de_03/TFGDataset/img/train_t2_1305.png|rrrrllhhheee   ccchh   d ssss       eeee       eeeeeennn
/data3fast/users/mbermudez/de_03/TFGDataset/img/train_t2_1266_0.png|nn  ee ssssslllhhhe   nnnnage    nnnnneeee
/data3fast/users/mbermudez/de_03/TFGDataset/img/train_t2_0608_1.png|bllleeeNe  ******** sstssss   eeeeeeiiiihcannndeee
/data3fast/users/mbermudez/de_03/TFGDataset/img/train_t2_0542_0.png|eerrnnnn aaaaaaa   deeeNNeNdee  scchhhhllleee
/data3fast/users/mbermudez/de_03/TFGDataset/img/train_t2_1147_2.png|wass   aahhhh eeee  *     rrrrrrrrrtt    dddd
/data3fast/users/mbermudez/de_03/TFGDataset/img/train_t2_0090.png|deeeelleeee  neeeeeeeiii   aahheeee
/data3fast/users/mbermudez/de_03/TFGDataset/img/train_t2_0005.png|wellhh     eeeeeedd aaallllleeeeeeeeee nnnnnn
/data3fast/users/mbermudez/de_03/TFGDataset/img/train_t2_1401_2.png|in   rssttttchhhhNN d eeeeerrrrr  nnnuutee
/data3fast/users/mbermudez/de_03/TFGDataset/img/train_t2_1180.png|eee dddderr ii   d  stttttttssssoonnnnnnllll
/data3fast/users/mbermudez/de_03/TFGDataset/img/train_t2_1484_0.png|dassseeeeehhhee nnnniinnnnnddeeeeeeeee     ssschhu
/data3fast/users/mbermudez/de_03/TFGDataset/img/train_t2_0334_1.png|iiieeeeeeeeheee     hhheeeer tttchchlllee  aaasss
/data3fast/users/mbermudez/de_03/TFGDataset/img/train_t2_1351.png|gnnneihheeeeeeeeesssllllNN  .
/data3fast/users/mbermudez/de_03/TFGDataset/img/train_t2_1087_1.png|eesssssss eeeee     iiii   nddd  aaaaassssdd
/data3fast/users/mbermudez/de_03/TFGDataset/img/train_t2_1004.png|chhNNN eeeeeeeeee  nnn nnnn  deeee    unneeeeeeneee
/data3fast/users/mbermudez/de_03/TFGDataset/img/train_t2_0161_1.png|mra uu  eeeeettttiii eeeer aan  eeeeeeessccllll
/data3fast/users/mbermudez/de_03/TFGDataset/img/train_t2_0027_0.png|erraaaannnneerhuuuuunnttteee  ssss
/data3fast/users/mbermudez/de_03/TFGDataset/img/train_t2_1155.png|iirrerrrrrrrtts     sreeeeeee uchh      eel
/data3fast/users/mbermudez/de_03/TFGDataset/img/train_t2_1225_1.png|# dd
/data3fast/users/mbermudez/de_03/TFGDataset/img/train_t2_1374.png|ooeee   aaaahhh nnnneeettt  naaaddee
/data3fast/users/mbermudez/de_03/TFGDataset/img/train_t2_1404_0.png|scchhleNNnnnnneeu    sst     lllnnnn       ieeilil
/data3fast/users/mbermudez/de_03/TFGDataset/img/train_t2_1289_1.png|ffrrreerdrrrriiieeeeee*ee*eeeerteeee  eeeeshhe   daa
/data3fast/users/mbermudez/de_03/TFGDataset/img/train_t2_1143_0.png|eeeee   l  ee   iiiii       aaaa    trrtttttttss
/data3fast/users/mbermudez/de_03/TFGDataset/img/train_t2_1453_2.png|# 
/data3fast/users/mbermudez/de_03/TFGDataset/img/train_t2_1009_1.png|anndderrrrrchhhheNNNeeee    achh     aasssssss
/data3fast/users/mbermudez/de_03/TFGDataset/img/train_t2_0008_2.png|oddd eeennnnffffttee     it**  sssseeeee  ddn
/data3fast/users/mbermudez/de_03/TFGDataset/img/train_t2_0755.png|iesstttt  nnnnno   s       a   a   eeeeee  naa
/data3fast/users/mbermudez/de_03/TFGDataset/img/train_t2_0498_0.png|eet  aaaa  eeeeeleeeddee ellliittttt   ** t 
/data3fast/users/mbermudez/de_03/TFGDataset/img/train_t2_1116_2.png|de    nnnnnnaalllaaaaa  dd sssscc aaaallle
/data3fast/users/mbermudez/de_03/TFGDataset/img/train_t2_0587_0.png|der  aa       nnd  reeenneeeehhhhheee    ssseee
/data3fast/users/mbermudez/de_03/TFGDataset/img/train_t2_1002_1.png|reeeeeeeeeeeeeeeeeeeeeee  eeeeeeessttttttt nnnneee
/data3fast/users/mbermudez/de_03/TFGDataset/img/train_t2_1250_0.png|wasseeeeeeeeeeeeeeeee   aau eeeeeeeeheee
/data3fast/users/mbermudez/de_03/TFGDataset/img/train_t2_1430_0.png|drrr    eee  aaah sssee    dd alllllli
/data3fast/users/mbermudez/de_03/TFGDataset/img/train_t2_0367_0.png|at   eeeeeiieeeeeeeeeeiieee ddeeeeelllee  unn
/data3fast/users/mbermudez/de_03/TFGDataset/img/train_t2_1037.png|alleeeeee  rr  assshheeNnnnneeeecchee  eeeeeeeehhhh
/data3fast/users/mbermudez/de_03/TFGDataset/img/train_t2_1314_2.png|auu  seeeeeellllll nnnniiiit    llllsss    de  d  
/data3fast/users/mbermudez/de_03/TFGDataset/img/train_t2_0677_0.png|alls     nneeeeeeee     ileeeettt   eee
/data3fast/users/mbermudez/de_03/TFGDataset/img/train_t2_0215_2.png|hhhr   r    eeee   sseeN nnnnnnnnnnn     iiierrreee
/data3fast/users/mbermudez/de_03/TFGDataset/img/train_t2_1145_2.png|ffeeeeeeeeee     d  sssseeeeeee  ccha    eeeeees
/data3fast/users/mbermudez/de_03/TFGDataset/img/train_t2_0649.png|os   llll      deeess eerr cchhlllliieeeeeee 
/data3fast/users/mbermudez/de_03/TFGDataset/img/train_t2_0583_2.png|ggeeN  aa   nnnnn   ll    cctthheeeee lllleeeeeee
/data3fast/users/mbermudez/de_03/TFGDataset/img/train_t2_0635_1.png|die    hhhhhhh     eeeerrrcchhttt    hhtt 
/data3fast/users/mbermudez/de_03/TFGDataset/img/train_t2_0122_1.png|uu eeeeeeeeeeeeeeeeeeeeeegffffeeeeeeee  n  eee
/data3fast/users/mbermudez/de_03/TFGDataset/img/train_t2_1221.png|nnn    eeeeeellhee          eeeee    ttolllleeeee
/data3fast/users/mbermudez/de_03/TFGDataset/img/train_t2_1491_2.png|aal    edeeee******     d rrchhhhsseeeeesssschtneee
/data3fast/users/mbermudez/de_03/TFGDataset/img/train_t2_1214_2.png|auu derrraaaaadd  ei    eesseeee  uu  d  rshhee
/data3fast/users/mbermudez/de_03/TFGDataset/img/train_t2_0621_1.png|ieeeeeeeeeeennnnnnn   aahhhniiiii nn alieeen
/data3fast/users/mbermudez/de_03/TFGDataset/img/train_t2_0564_0.png|wrrt    nnn    sss         ddrr iiii.....
/data3fast/users/mbermudez/de_03/TFGDataset/img/train_t2_0870.png|aas   eeeeereeehhh  nnuuuuuaaasaa eeeeeeeees
/data3fast/users/mbermudez/de_03/TFGDataset/img/train_t2_1379_2.png|mit sseeeeseeeeennnnnlleeeNNNN 
/data3fast/users/mbermudez/de_03/TFGDataset/img/train_t2_0378_1.png|tt    deeeeeeiiiihhe   nd  uuuachheeeeiiieeeeeeeeee
/data3fast/users/mbermudez/de_03/TFGDataset/img/train_t2_1168_0.png|chheee    uuuue   dessssccchhtteeeee***eee*s     ddeeeehh
/data3fast/users/mbermudez/de_03/TFGDataset/img/train_t2_0347.png|dertttteeennnn iit     acchh    eee  aa
/data3fast/users/mbermudez/de_03/TFGDataset/img/train_t2_0905_0.png|ggggeee  ccchht  ddd   n         
/data3fast/users/mbermudez/de_03/TFGDataset/img/train_t2_0139.png|sstt   nnneettt  eed  ssssdddeeeeeeeeeeeeeeeeeeeeee
/data3fast/users/mbermudez/de_03/TFGDataset/img/train_t2_1107_1.png|# eee
/data3fast/users/mbermudez/de_03/TFGDataset/img/train_t2_0785.png|fooollllhnnnnneeettte errii  aaad     aaaaahhhhhh
/data3fast/users/mbermudez/de_03/TFGDataset/img/train_t2_0650.png|alleeeeeeeeeeee    eeeeeeeenn ndd  aah   dd  sssshhtt
/data3fast/users/mbermudez/de_03/TFGDataset/img/train_t2_0641_2.png|mannnnnnnninnnnnneeeeeshhheeeeeee   deeer   aaaa
/data3fast/users/mbermudez/de_03/TFGDataset/img/train_t2_0446.png|der            s     e*****nnnnnnsssse e   llliiieee
/data3fast/users/mbermudez/de_03/TFGDataset/img/train_t2_0831_2.png|nesssssshchhtteeee****    annnn ssee   a   eeeeee
/data3fast/users/mbermudez/de_03/TFGDataset/img/train_t2_0258_0.png|gggggee eeeeesssee  hhhh   aa ss ttt nndeee
/data3fast/users/mbermudez/de_03/TFGDataset/img/train_t2_0433.png|geeeeeeeeerdrrreuuuuhhhhee      ccchh   dd
/data3fast/users/mbermudez/de_03/TFGDataset/img/train_t2_1027_2.png|dieeeellaaaauueeeeeeeeeeee    ssssshhteeeeee
/data3fast/users/mbermudez/de_03/TFGDataset/img/train_t2_0938_1.png|weeeeetttttt 
/data3fast/users/mbermudez/de_03/TFGDataset/img/train_t2_1363.png|urrrrrr   i     ssselllsleeeee ihheeett    rr uuu
/data3fast/users/mbermudez/de_03/TFGDataset/img/train_t2_0879_1.png|iis  eeerrrreeeerrrreeerr d rreeennnnee
/data3fast/users/mbermudez/de_03/TFGDataset/img/train_t2_0715_1.png|mi    uunnnnnnneeeeeerrrrrr  n  rtihhhheen
/data3fast/users/mbermudez/de_03/TFGDataset/img/train_t2_1310_1.png|weeeeeeeessssee  d     ttttteeettssllll.
/data3fast/users/mbermudez/de_03/TFGDataset/img/train_t2_0329_2.png|rhhheeeeeNNessss     ichhi   eee llee   aaalleeNN dddd
/data3fast/users/mbermudez/de_03/TFGDataset/img/train_t2_1010.png|geeeett   ddddrr   aaaseeeereeeeeeeeeettthu
/data3fast/users/mbermudez/de_03/TFGDataset/img/train_t2_0579_0.png|oonnneeeeeeeeeeneehhh   ..
/data3fast/users/mbermudez/de_03/TFGDataset/img/train_t2_0284_1.png|oeeeeeeeennnnnnnnnn lleeeee ddeeereeess   d
/data3fast/users/mbermudez/de_03/TFGDataset/img/train_t2_0720.png|nn   sssseeeeetiinnnn     llleeeeeeeee   s tos   sleeee
/data3fast/users/mbermudez/de_03/TFGDataset/img/train_t2_1374_1.png|oeeedd aaaaahhh nnneeiiitt   aalee
/data3fast/users/mbermudez/de_03/TFGDataset/img/train_t2_0871_0.png|geeeeeeeee  ddd  lll  dddddd   r  u     ee llll
/data3fast/users/mbermudez/de_03/TFGDataset/img/train_t2_0374.png|aaa    nneelhhhhaaggeeeeeee    ll     sssss
/data3fast/users/mbermudez/de_03/TFGDataset/img/train_t2_0434_1.png|iiitt    nnnnneeeeeeeeeeeesssthh   eee sschhh
/data3fast/users/mbermudez/de_03/TFGDataset/img/train_t2_1401_0.png|nndeeeestttcthhheee  uddeeerr     uuuuneeeuu
/data3fast/users/mbermudez/de_03/TFGDataset/img/train_t2_1217_2.png|wlll      ssssslleeeedder        eeeeee t   nnnn
/data3fast/users/mbermudez/de_03/TFGDataset/img/train_t2_0314_1.png|ttttt     dddr ttt ssseeeeesssse     aa  
/data3fast/users/mbermudez/de_03/TFGDataset/img/train_t2_1155_1.png|irrrrrrrrrttt      d eeeeeee aahhh  deeeeell
/data3fast/users/mbermudez/de_03/TFGDataset/img/train_t2_1383_1.png|seeeeeeeeeNN  sssst    deerrrehheeeeeeeeeettttt
/data3fast/users/mbermudez/de_03/TFGDataset/img/train_t2_1051_2.png|nneeeeeecehhie n ddeeeeeeeeeee     eeeeeeee 
/data3fast/users/mbermudez/de_03/TFGDataset/img/train_t2_0315_0.png|un  eeeeeeeiinnnnndddeeeeee   nnnna eeeeeee
/data3fast/users/mbermudez/de_03/TFGDataset/img/train_t2_0298.png|un   llllee   chhhhhhhuuuunnnaaah  ddrrrrreeeeeennneeee
/data3fast/users/mbermudez/de_03/TFGDataset/img/train_t2_0952_2.png|bsss       eeeessseeeeeeeeeittt   dd            drr
/data3fast/users/mbermudez/de_03/TFGDataset/img/train_t2_1344_2.png|dd          ddd      ittthhlla  aa  aasssa  eeee
/data3fast/users/mbermudez/de_03/TFGDataset/img/train_t2_0991_0.png|eeN  nnnni             asscttttttte    ***   eeee
/data3fast/users/mbermudez/de_03/TFGDataset/img/train_t2_0685_1.png|dii  eeeeeeen*** llnnnnngeeee   ssssseee
/data3fast/users/mbermudez/de_03/TFGDataset/img/train_t2_0908_2.png|ss   eeeeggeeuuuueeeeeeeee    auuunnnn  tttt
/data3fast/users/mbermudez/de_03/TFGDataset/img/train_t2_0500.png|geeseeeeeeeehhhhht  nneeee nn aasssseerrttt
/data3fast/users/mbermudez/de_03/TFGDataset/img/train_t2_0470.png|weeeettttttt
/data3fast/users/mbermudez/de_03/TFGDataset/img/train_t2_1149.png|unddreeeeeeeeeeeee  aaalllss    dd eeslllleeee
/data3fast/users/mbermudez/de_03/TFGDataset/img/train_t2_0354.png|ichhh   eeeeesttt   dd e  eeeeechheeeeeiieeeenn aaaas
/data3fast/users/mbermudez/de_03/TFGDataset/img/train_t2_1244_1.png|hhheeeeeeeeeee ttaaau  deeesssscclls    eee
/data3fast/users/mbermudez/de_03/TFGDataset/img/train_t2_0799_0.png|eeeeeeeeeeeeee iinn lllhhh    eeeeiinnnneeeeeeeee
/data3fast/users/mbermudez/de_03/TFGDataset/img/train_t2_0479_1.png|eeeeee   lllll  ddddrrraa  ddd    iicllllll
/data3fast/users/mbermudez/de_03/TFGDataset/img/train_t2_1463_0.png|iin deeeeee tt u  dddrrr     eeeee     leeeeeeeeee
/data3fast/users/mbermudez/de_03/TFGDataset/img/train_t2_0024.png|bbeeeeeeseeessttt  eee h eeeeeee  *   sssaa   dee
/data3fast/users/mbermudez/de_03/TFGDataset/img/train_t2_0179_0.png|tthnnnnnnnnnnneeeeeinn eeeehhhhhhheeeeeeseeee
/data3fast/users/mbermudez/de_03/TFGDataset/img/train_t2_0843_1.png|geeNN  d eeeee hhhh      eeeeee  aaunntteeeee
/data3fast/users/mbermudez/de_03/TFGDataset/img/train_t2_1143.png|eeeee    lll     iiiiii      aaaa n  iitttttt
/data3fast/users/mbermudez/de_03/TFGDataset/img/train_t2_0528_2.png|rrrrrrreerrrrrttttttseeeeeeeeeeehhhht   aaa
/data3fast/users/mbermudez/de_03/TFGDataset/img/train_t2_0723.png|ggeee        lllhheeeii  aannnn    eeeee
/data3fast/users/mbermudez/de_03/TFGDataset/img/train_t2_1338_0.png|ieeeeeehheeeee d deerr nniiiiiii ****  lllssssee
/data3fast/users/mbermudez/de_03/TFGDataset/img/train_t2_0063.png|eeN  nnnnn     llllheeeeeeeettt  nn  sssschhi  ddd
/data3fast/users/mbermudez/de_03/TFGDataset/img/train_t2_1054_1.png|willeee  aaahhh  dddeeereeennsssss    eeeeee
/data3fast/users/mbermudez/de_03/TFGDataset/img/train_t2_0566_2.png|dersllllllee         hhh   aau  eeee ttccch     ii
/data3fast/users/mbermudez/de_03/TFGDataset/img/train_t2_0020_2.png|aann  llcccclleeeeeeennneeeeeeeee   dddd eeee
/data3fast/users/mbermudez/de_03/TFGDataset/img/train_t2_0565.png|ffeeeeee s   ddd ss   aaachhhtteee    sssshe
/data3fast/users/mbermudez/de_03/TFGDataset/img/train_t2_0511.png|oooeele   nnneeeennuuu rrrchhtt      rreeee ed
/data3fast/users/mbermudez/de_03/TFGDataset/img/train_t2_0551.png|lleeeeeeessseeee    eeii     assshhhuuuunnddd
/data3fast/users/mbermudez/de_03/TFGDataset/img/train_t2_0806_0.png|eeNN      tt   eeeeeellllle ndd  eelllleeeeen
/data3fast/users/mbermudez/de_03/TFGDataset/img/train_t2_1345_0.png|geeed  d   d rrsccchhi nnn  aaa   lleii
/data3fast/users/mbermudez/de_03/TFGDataset/img/train_t2_1162_2.png|u   eeees      llllll dd        ssss
/data3fast/users/mbermudez/de_03/TFGDataset/img/train_t2_0436_2.png|dassssseeee eeeeeehhhhhlll eeeeii   nn eeeeeeeeehe
/data3fast/users/mbermudez/de_03/TFGDataset/img/train_t2_1420_2.png|tte ed eeee scchh  nnniillllaaassss    nnee  aaaeee
/data3fast/users/mbermudez/de_03/TFGDataset/img/train_t2_0033_1.png|iiiiiieeeetsss        cchhhhee  ssssee    a eeeee
/data3fast/users/mbermudez/de_03/TFGDataset/img/train_t2_0713_1.png|# d
/data3fast/users/mbermudez/de_03/TFGDataset/img/train_t2_0948_2.png|beeeeeeeeetttttttt  nnnnnneeeiii    eeessssse
/data3fast/users/mbermudez/de_03/TFGDataset/img/train_t2_0045.png|ssttaaaaan    eeeeee   ssuu eeeechhhe nnnnnnniiin
/data3fast/users/mbermudez/de_03/TFGDataset/img/train_t2_1497_2.png|tte eeeeeeeeet      iieeeeeegeee       aaaaahh
/data3fast/users/mbermudez/de_03/TFGDataset/img/train_t2_0446_2.png|derr ii            ii*******nnnnnseeeee    iiiieee
/data3fast/users/mbermudez/de_03/TFGDataset/img/train_t2_1076_1.png|grrrreeeesssssss   u  d    auuuuee n  deeeee     aaaah
/data3fast/users/mbermudez/de_03/TFGDataset/img/train_t2_0908.png|st  d eeeggganuuueeeeeeee    aaa nnnn ttttt
/data3fast/users/mbermudez/de_03/TFGDataset/img/train_t2_0747.png|mrrhhhlll  nnd iiieee eeeeeeeeeeeeeee n   aachhh
/data3fast/users/mbermudez/de_03/TFGDataset/img/train_t2_1216_0.png|nne  eeeeeeerreeeeee  asa   dd eeee  uusssstt
/data3fast/users/mbermudez/de_03/TFGDataset/img/train_t2_0774_0.png|daa eeeee uuuu eeeeehchheNN  nddereheeeeeeeeeee
/data3fast/users/mbermudez/de_03/TFGDataset/img/train_t2_1203.png|geeeesssstttt nn lllllllliinnngellllleee dd
/data3fast/users/mbermudez/de_03/TFGDataset/img/train_t2_0889_1.png|sseeeleheeeeeeierereeeeeeeeeeeeeeeeeettttnnn
/data3fast/users/mbermudez/de_03/TFGDataset/img/train_t2_1273_2.png|rreee       s     hhhee  nnneeee      eee  tii
/data3fast/users/mbermudez/de_03/TFGDataset/img/train_t2_0555.png|dssssss       eeeeeeennn eeeeeerre      nnn   eeeeeee
/data3fast/users/mbermudez/de_03/TFGDataset/img/train_t2_1337.png|uu    eeeuassssseeddeeeeedee eee  hh  eeeee
/data3fast/users/mbermudez/de_03/TFGDataset/img/train_t2_0490_1.png|rrrrhh          anniiiiiiiinni   ee    tsssslllee
/data3fast/users/mbermudez/de_03/TFGDataset/img/train_t2_0090_0.png|deeelllheeeeennneeeeerhii  aaa   eee
/data3fast/users/mbermudez/de_03/TFGDataset/img/train_t2_1405_1.png|ttnn eee   a  nnnn sseee  eeee  d  llleee
/data3fast/users/mbermudez/de_03/TFGDataset/img/train_t2_0290.png|eeeNNeeeeeeeeeeeeNN ssss      llllhheeeeeeeeeeeeeuuu
/data3fast/users/mbermudez/de_03/TFGDataset/img/train_t2_0599_0.png|dd    rrhhhheeee  aaa      e   uudddd    echheee neeee
/data3fast/users/mbermudez/de_03/TFGDataset/img/train_t2_0263_0.png|nnnillissttt  dde  aacchhhtt     ddeeeeeeeee
/data3fast/users/mbermudez/de_03/TFGDataset/img/train_t2_1411.png|ii      eeeeeeeeeeeeeee uu      reeeeett
/data3fast/users/mbermudez/de_03/TFGDataset/img/train_t2_0762.png|eerrrteeeeeeeeeeeee  iiiii
/data3fast/users/mbermudez/de_03/TFGDataset/img/train_t2_1430_1.png|der       eee aaaahsseees   nn   lllee
/data3fast/users/mbermudez/de_03/TFGDataset/img/train_t2_1070_2.png|woll      itttthsssuuu ddd ettt   ddddee
/data3fast/users/mbermudez/de_03/TFGDataset/img/train_t2_1455_2.png|m    eeeeee     aaaahiiiiihhheee sstt nnn eeeeeit
/data3fast/users/mbermudez/de_03/TFGDataset/img/train_t2_1187.png|aannn   eeeeeessssslgn aaaageeeeehhh   nddd   tttt  
/data3fast/users/mbermudez/de_03/TFGDataset/img/train_t2_0166_1.png|nee lllleeeeeen        uu uueeeeeeeeeeeete     aaaaa
/data3fast/users/mbermudez/de_03/TFGDataset/img/train_t2_1390_2.png|nnitt   nnnn  ddeeeesssthhh         a    seehheee
/data3fast/users/mbermudez/de_03/TFGDataset/img/train_t2_0962_1.png|wcch     eeeeeee   tteeessss    d eeeeeeeeeeeeeeee
/data3fast/users/mbermudez/de_03/TFGDataset/img/train_t2_0531_1.png|dieeseee    sssschhhh  nn n nnnd   nna llleeeee
/data3fast/users/mbermudez/de_03/TFGDataset/img/train_t2_0462_0.png|ee   lhhhheddddrreeeeleee rrrrrrr  uuussseeeel
/data3fast/users/mbermudez/de_03/TFGDataset/img/train_t2_1043.png|ooeee   cchhh  e   eeeeeeee    ddd  ssseeess   n  eee
/data3fast/users/mbermudez/de_03/TFGDataset/img/train_t2_0450_0.png|ieesttt      t   eeee aaannn    s heeeeeeee
/data3fast/users/mbermudez/de_03/TFGDataset/img/train_t2_1016.png|nett       ihhhheeen nn   eiiee     sssseeeeuuuuueNN
/data3fast/users/mbermudez/de_03/TFGDataset/img/train_t2_0519_0.png|beee          e    tt    llhhee  aaannn  sssst
/data3fast/users/mbermudez/de_03/TFGDataset/img/train_t2_0171_2.png|iieh
/data3fast/users/mbermudez/de_03/TFGDataset/img/train_t2_0526_2.png|nnn  asaaaaaa      t  eeeeeeee    nnn
/data3fast/users/mbermudez/de_03/TFGDataset/img/train_t2_0580_1.png|auu  ehhhhhhheeN ddsaalllesss   ss         
/data3fast/users/mbermudez/de_03/TFGDataset/img/train_t2_1476_2.png|eNN  nnnnneeeeeetttt ddee   nneeeeeeeeeeee
/data3fast/users/mbermudez/de_03/TFGDataset/img/train_t2_0015_2.png|drrrrrrtr  eeeeedddddeeeeeeeeessllll    attt
/data3fast/users/mbermudez/de_03/TFGDataset/img/train_t2_1389_2.png|deeee eeaahh   d  aachhheeeeeeeennnnn ttt
/data3fast/users/mbermudez/de_03/TFGDataset/img/train_t2_0327_2.png|dii  eeees sseeeeeeeeeiii  eeeeeeeN nnnnnnee
/data3fast/users/mbermudez/de_03/TFGDataset/img/train_t2_0350_2.png|geehhhhh ll   aahh   eesschssssee s sst     nnnnnnnnn
/data3fast/users/mbermudez/de_03/TFGDataset/img/train_t2_1220_1.png|ieee      eeeeeeeNu n   tttttee    dddss
/data3fast/users/mbermudez/de_03/TFGDataset/img/train_t2_0372_0.png|derrthheeeeeeeer  sssee     aallleeeeillleee
/data3fast/users/mbermudez/de_03/TFGDataset/img/train_t2_0217_1.png|eeee    ssasaa   ddeeerrrrshhh       eeeeeeeennn
/data3fast/users/mbermudez/de_03/TFGDataset/img/train_t2_1326.png|sssse    nnnnnnd       dddeeeeeesseeeetttt   ddrr
/data3fast/users/mbermudez/de_03/TFGDataset/img/train_t2_0023_2.png|geerttttttteeeeeeeeellliinnnnnnnn      deee  eeeeee
/data3fast/users/mbermudez/de_03/TFGDataset/img/train_t2_1443_0.png|aahheee    aaaaa   eeeeeene*ee*******nn  llllll   eeee
/data3fast/users/mbermudez/de_03/TFGDataset/img/train_t2_0072_1.png|wannnnnd d  sstttttttttttt       aaassseeehheeeeee
/data3fast/users/mbermudez/de_03/TFGDataset/img/train_t2_0766_1.png|auu eeeeeeeehhannu eeeeett   aaaaaaahhh
/data3fast/users/mbermudez/de_03/TFGDataset/img/train_t2_0405_2.png|wee  nnnnneeeeennnfeeeeecchheN    *
/data3fast/users/mbermudez/de_03/TFGDataset/img/train_t2_1041_1.png|meer    uhhhhhhhtNN
/data3fast/users/mbermudez/de_03/TFGDataset/img/train_t2_0619_1.png|dee   eeeeeeeeeeeereettt    a a seeeeeeeeeee  n  ttttt
/data3fast/users/mbermudez/de_03/TFGDataset/img/train_t2_0024_0.png|bbeeeeeessssstttt  eeehch   eeee     sssaaaa dde
/data3fast/users/mbermudez/de_03/TFGDataset/img/train_t2_0522_2.png|ggllleeeeeeeiitssscheeddrrrrddeeeeee    aaaaaa
/data3fast/users/mbermudez/de_03/TFGDataset/img/train_t2_0385_2.png|wiil  saaas   nnneeeillinn  nn d eeeeeeee       ..ii
/data3fast/users/mbermudez/de_03/TFGDataset/img/train_t2_1212_1.png|ee      eesee      eeeeeeeeeeerr uuueeeeeeeeee
/data3fast/users/mbermudez/de_03/TFGDataset/img/train_t2_1100.png|mhhh   drrrreeeeeeehlleeNeee e    hhaaa ddeeeeei
/data3fast/users/mbermudez/de_03/TFGDataset/img/train_t2_0033.png|iiieeeeetttsss       tchhhh e  ssssee   aalleeeeeN
/data3fast/users/mbermudez/de_03/TFGDataset/img/train_t2_1422_1.png|gllihh      eeeeeed eeeee   eeeeeeeee  nnuun eee
/data3fast/users/mbermudez/de_03/TFGDataset/img/train_t2_0019_1.png|iihh    ee d  aaaa eeeeneeeeeeeccee       eeeee
/data3fast/users/mbermudez/de_03/TFGDataset/img/train_t2_0001_1.png|geN  uunu  eeelleeeeeeeeeeN       aaass eeeeeeeh
/data3fast/users/mbermudez/de_03/TFGDataset/img/train_t2_0503_1.png|und eeeeeshh  aa sseeeeennnnniiii     aahh
/data3fast/users/mbermudez/de_03/TFGDataset/img/train_t2_1234_1.png|gesssss          rrtttteee  ssss     nn       r rrrrrr
/data3fast/users/mbermudez/de_03/TFGDataset/img/train_t2_0657.png|aanneeee    reeessseeeeeee    deeeeeeeeess  uuheeNNN
/data3fast/users/mbermudez/de_03/TFGDataset/img/train_t2_0308_2.png|dittttt eeee n   eeeeeeeeeeh aaan    eeeee   
/data3fast/users/mbermudez/de_03/TFGDataset/img/train_t2_0302_2.png|geesssseeeeeeeeeeeennnnnnnnnn  tttteeeennnn eeeee
/data3fast/users/mbermudez/de_03/TFGDataset/img/train_t2_0522.png|gglllleeeee ttssschheeeddrrrrrdeeee e e  aaaa
/data3fast/users/mbermudez/de_03/TFGDataset/img/train_t2_0715_2.png|mi   uuunnnuunneeeeeeerree uu    rttthh
/data3fast/users/mbermudez/de_03/TFGDataset/img/train_t2_0031_1.png|te    aaah eeeeeeeen  an dd eeeeettttinnn
/data3fast/users/mbermudez/de_03/TFGDataset/img/train_t2_1089.png|iin  eeeeeeeeeeehhhheeeed eelllleeeeNlllsss  deeeee
/data3fast/users/mbermudez/de_03/TFGDataset/img/train_t2_0763_2.png|sschhhttteeeeee*****     aa   ee ess eeeettcchhaah
/data3fast/users/mbermudez/de_03/TFGDataset/img/train_t2_1145_0.png|ffeeeeeeell     d d sssseeeed   acch   ddeeeees
/data3fast/users/mbermudez/de_03/TFGDataset/img/train_t2_0010_2.png|*ne  iiiinnn   eee        ieee  * **     ss   ddd eeelll
/data3fast/users/mbermudez/de_03/TFGDataset/img/train_t2_0749_2.png|rreeiiiii hhh eeeee uuuueeeeeeeellll      eeeeeee ett
/data3fast/users/mbermudez/de_03/TFGDataset/img/train_t2_0198.png|dii   nnnnnntttttt   llleeeeeeeeeeee    shchhhNNN
/data3fast/users/mbermudez/de_03/TFGDataset/img/train_t2_0462_2.png|eee  llhhh    drreeeeeee  ererrrrr   u ssssssllll
/data3fast/users/mbermudez/de_03/TFGDataset/img/train_t2_0001.png|gee   uu  eeeelleeeeeeeeeee  n   ss      eeessshhh
/data3fast/users/mbermudez/de_03/TFGDataset/img/train_t2_0681.png|dissssssss     sssssttttnnnnnnneeeeeeeeeeegggggeeeee
/data3fast/users/mbermudez/de_03/TFGDataset/img/train_t2_1259_1.png|#  
/data3fast/users/mbermudez/de_03/TFGDataset/img/train_t2_0805_1.png|iirsscchheNN uuu ddeeeeeeee   s  nnn  eee   aann
/data3fast/users/mbermudez/de_03/TFGDataset/img/train_t2_0017.png|diie   nnnnnnn   tttt  *** ssscchheeeettte
/data3fast/users/mbermudez/de_03/TFGDataset/img/train_t2_0779.png|wwreeeee     d    slllleiiiinnn   ssssssseeeeeeeee
/data3fast/users/mbermudez/de_03/TFGDataset/img/train_t2_0527.png|dee llleeennnndeeeehh    aaaaaaa   errrhhheeee
/data3fast/users/mbermudez/de_03/TFGDataset/img/train_t2_1430_2.png|drr      eee  aaaa sssee         llli
/data3fast/users/mbermudez/de_03/TFGDataset/img/train_t2_1387_0.png|tte   n**e***eertteee    ssllllaaaaa   esseeee  teeeeee
/data3fast/users/mbermudez/de_03/TFGDataset/img/train_t2_1261.png|drrtttt      nneeeeeess nnneeeeeellleennn
/data3fast/users/mbermudez/de_03/TFGDataset/img/train_t2_1030_0.png|fueeeesstttt  eeeeeeeeeee lcchhheeee d
/data3fast/users/mbermudez/de_03/TFGDataset/img/train_t2_0768_1.png|aaeee    hreee  aahhhhttt .
/data3fast/users/mbermudez/de_03/TFGDataset/img/train_t2_1061.png|bbdee ssssshheeeeuuuuunnnee cllee        aaass
/data3fast/users/mbermudez/de_03/TFGDataset/img/train_t2_1381_0.png|tt*      rtccttt   dd        lll  dd aaa eeeeeeeeeeeee
/data3fast/users/mbermudez/de_03/TFGDataset/img/train_t2_0762_2.png|eerreeeeeeeeeeee   iii
/data3fast/users/mbermudez/de_03/TFGDataset/img/train_t2_1403_2.png|iieeee ttttttt nnnn    dddrrriieeeeeeeeee    ccccchh
/data3fast/users/mbermudez/de_03/TFGDataset/img/train_t2_0987_1.png|# dd
/data3fast/users/mbermudez/de_03/TFGDataset/img/train_t2_1299_0.png|mii  rerrrehheeN    dd aalllnnnn  essssseeeeehhh
/data3fast/users/mbermudez/de_03/TFGDataset/img/train_t2_0218_2.png|aaeeeeee       allseeee nnnallll       nn
/data3fast/users/mbermudez/de_03/TFGDataset/img/train_t2_0171_0.png|iiie
/data3fast/users/mbermudez/de_03/TFGDataset/img/train_t2_0058_0.png|de  iiicchhheeeeeddeee ti        aasssllllleeeeeeeee
/data3fast/users/mbermudez/de_03/TFGDataset/img/train_t2_0500_2.png|gessseeeerrruuhhu nnneeeenn   assseeeeetttt
/data3fast/users/mbermudez/de_03/TFGDataset/img/train_t2_1385_1.png|iss     eeeeeeeeNee  ddd     ee    sscchhhheeeeeettthh
/data3fast/users/mbermudez/de_03/TFGDataset/img/train_t2_0514_0.png|dassss eeeeeerrtthf  eeeeee eeeeeeee       cceeeeeeeennnnnn
/data3fast/users/mbermudez/de_03/TFGDataset/img/train_t2_0958_2.png|deN  nnnnneeeeeeesttt nn   ssss  nnnnneeeeeeeeNs
/data3fast/users/mbermudez/de_03/TFGDataset/img/train_t2_0347_0.png|drrttteeeeeennn  ttt  aa  iii  dee  daa
/data3fast/users/mbermudez/de_03/TFGDataset/img/train_t2_0995.png|geehhhhhh      ndddeesss uu eeessseeeeeee   dddee
/data3fast/users/mbermudez/de_03/TFGDataset/img/train_t2_0583_1.png|auuNN       nn n   lllll   tttchheeeee llll eeel
/data3fast/users/mbermudez/de_03/TFGDataset/img/train_t2_0575_2.png|u   eeeeeee    aahhheedddeeeeelllleeeeeeeiinnn
/data3fast/users/mbermudez/de_03/TFGDataset/img/train_t2_0909_1.png|ttnnnn  iiiiiii       rrrreeeeeeesseee  uuuuhhhh
/data3fast/users/mbermudez/de_03/TFGDataset/img/train_t2_1104.png|foeeeeeu  nneeennnnnn  a elleeeeeetttt   dd
/data3fast/users/mbermudez/de_03/TFGDataset/img/train_t2_1222.png|wlll    eeeeeelllll  ieeeeeerrde  sss    
/data3fast/users/mbermudez/de_03/TFGDataset/img/train_t2_0443_1.png|der  rrr h  ssseeeettt  innieeeesssssshhttt
/data3fast/users/mbermudez/de_03/TFGDataset/img/train_t2_1157_0.png|dettt     nnnnnn  chhnnnnneeeeescccnnngeeeeeeeeeeeee
/data3fast/users/mbermudez/de_03/TFGDataset/img/train_t2_0459.png|see   nuaaauunnn eiiiitii eeeieieeee  aaaa eeeee
/data3fast/users/mbermudez/de_03/TFGDataset/img/train_t2_0118.png|ieehhhhhhaauuuauuhee deeeeeehe        eeeeeeee
/data3fast/users/mbermudez/de_03/TFGDataset/img/train_t2_0752_1.png|inddeeeeelllleeennn ssssssssssss   errrrreee
/data3fast/users/mbermudez/de_03/TFGDataset/img/train_t2_0572.png|frruuddreeeeee   cheeeN  nddeee               t
/data3fast/users/mbermudez/de_03/TFGDataset/img/train_t2_0231_1.png|wissssssuuuuuunnn   eeeeeeeeechhhee  nn    tteeeee
/data3fast/users/mbermudez/de_03/TFGDataset/img/train_t2_0872_1.png|mii   eell  ss  dddeeeeee****i    ddeessssssss
/data3fast/users/mbermudez/de_03/TFGDataset/img/train_t2_0417.png|ssttt        sss ee   sssssss       e leeee   e*e******nnn
/data3fast/users/mbermudez/de_03/TFGDataset/img/train_t2_1181_0.png|"tt   eeeeeeelss    eehheN   ddddeeeeeeesschhhh
/data3fast/users/mbermudez/de_03/TFGDataset/img/train_t2_0603.png|nn llllleee  dddrreeeeeeeeee*eeeeeeee          tttttt
/data3fast/users/mbermudez/de_03/TFGDataset/img/train_t2_0875_1.png|le   d  eee   sssss eeeeeeeeihhiiii  aa  
/data3fast/users/mbermudez/de_03/TFGDataset/img/train_t2_0431_0.png|bbeeeee      t   dddeeetth  nnnd eeeeeeNNN
/data3fast/users/mbermudez/de_03/TFGDataset/img/train_t2_1077_2.png|sse d eeeeriiihhheeee      a a e      sslllee
/data3fast/users/mbermudez/de_03/TFGDataset/img/train_t2_0344_1.png|nnneee aaaa ddssetteh u uuuunnnn eeehheee  ddd
/data3fast/users/mbermudez/de_03/TFGDataset/img/train_t2_0873_2.png|iiinn eeeeeee   a  sssseeeeeell   iiii   n    sshhhhhh
/data3fast/users/mbermudez/de_03/TFGDataset/img/train_t2_1344_1.png|dd        dddd    e   ttt   l     ddaasssaaaaeeee
/data3fast/users/mbermudez/de_03/TFGDataset/img/train_t2_0784_0.png|dii   auuu dd eeeehhte   sssss    ss  eee    llleee
/data3fast/users/mbermudez/de_03/TFGDataset/img/train_t2_0341_2.png|eettthhheeeeeeerrrreettt    ddrrrrrhhheeN uu
/data3fast/users/mbermudez/de_03/TFGDataset/img/train_t2_0335_1.png|dssss  nnnoott     rrrrreerr nnnnnnnnhhheeeeN
/data3fast/users/mbermudez/de_03/TFGDataset/img/train_t2_0179_1.png|thh nnnnnnnnn  eeeeeeneeeeeeehhhhhhheeeeeeseeee
/data3fast/users/mbermudez/de_03/TFGDataset/img/train_t2_0889.png|eee eeeehheeeettreeeeeeeeeeeeeeeeeeeeeeettttnn
/data3fast/users/mbermudez/de_03/TFGDataset/img/train_t2_0148_1.png|tttttttiiiiii   ddde   sssshheeeeeee lllleeeeeeee  ssshh
/data3fast/users/mbermudez/de_03/TFGDataset/img/train_t2_1244.png|hhheeeeeeeeee    aaa  dee  stssssllll    ee
/data3fast/users/mbermudez/de_03/TFGDataset/img/train_t2_0288_1.png|irnnniiinn    leeeeeee nnnneeeeeeeeee  lleeeeeen
/data3fast/users/mbermudez/de_03/TFGDataset/img/train_t2_1369_2.png|bbeeeeee   nnd   iccchh     eee uuuennnnnn
/data3fast/users/mbermudez/de_03/TFGDataset/img/train_t2_1499.png|eee   aaaaaaa   ddeeeeeeeees ss     hhhhh tt  ee rr
/data3fast/users/mbermudez/de_03/TFGDataset/img/train_t2_0921_1.png|dd     eessseeegnnnnnesssssssss  i  .......
/data3fast/users/mbermudez/de_03/TFGDataset/img/train_t2_0620_2.png|inneeeeeeeeeeeeeei laa    iiinnnnndd   lllliinn
/data3fast/users/mbermudez/de_03/TFGDataset/img/train_t2_0694_0.png|eettttttttt  nnn eeeee    aa   deeeeeeeeeeee
/data3fast/users/mbermudez/de_03/TFGDataset/img/train_t2_0377_2.png|dasss ttttssss   sa a  iiiii eeeeessschhhtteeeet
/data3fast/users/mbermudez/de_03/TFGDataset/img/train_t2_0985_0.png|drrrrreeeeennnnee*e**  t   aassllllllhhhhhhhhh t  hhaaa
/data3fast/users/mbermudez/de_03/TFGDataset/img/train_t2_1147_1.png|wass  aaahhheeeeeee*e  n  aaa errrrrr       rddr
/data3fast/users/mbermudez/de_03/TFGDataset/img/train_t2_0204_1.png|# d
/data3fast/users/mbermudez/de_03/TFGDataset/img/train_t2_1104_1.png|ofeeeeuunnnnnnnnnnnnnd   aehhheeeeetthttt dddr
/data3fast/users/mbermudez/de_03/TFGDataset/img/train_t2_0156_2.png|dee  lllheeeeeeeeeeee   aaanh  eee     eseeeee  tt
/data3fast/users/mbermudez/de_03/TFGDataset/img/train_t2_1353.png|geennnnn  sss   sss eeeeesseeee  uu reeeeeeeeeeeee
/data3fast/users/mbermudez/de_03/TFGDataset/img/train_t2_1423_0.png|nnn eeeeeiiiilleeeeee nndd   rdreeeessscs
/data3fast/users/mbermudez/de_03/TFGDataset/img/train_t2_0994_2.png|drrttt     d   sts     e   nnn rrrscchheeeeennnn
/data3fast/users/mbermudez/de_03/TFGDataset/img/train_t2_0009_2.png|beeedeerr     ttttnnnneeeeeeehhhhhht   sss
/data3fast/users/mbermudez/de_03/TFGDataset/img/train_t2_1431_2.png|dee  NNhhNN nnnddennnnnerttteeeeer  sssssss
/data3fast/users/mbermudez/de_03/TFGDataset/img/train_t2_0089_1.png|alseee   i   eeeeeeeeNeee eeeeeeeeeNNNaaa
/data3fast/users/mbermudez/de_03/TFGDataset/img/train_t2_0414_2.png|geeennnn     reeeeeeccchhhte t  nnnnnn      uu   eeeee
/data3fast/users/mbermudez/de_03/TFGDataset/img/train_t2_0837_0.png|diieeeeeeeeeeeessshh nnnnnnnn     n eeeeinn
/data3fast/users/mbermudez/de_03/TFGDataset/img/train_t2_1134_1.png|ttt       aalllleeeeiieee   uu eeeee  dddr
/data3fast/users/mbermudez/de_03/TFGDataset/img/train_t2_0870_2.png|asss  eeerrrrreehhh   naaaa aaaaa ggggeleeNNss
/data3fast/users/mbermudez/de_03/TFGDataset/img/train_t2_1135_0.png|ggeeee  ttt   tttttsseee     nnneeeeet  essss
/data3fast/users/mbermudez/de_03/TFGDataset/img/train_t2_0329.png|rrhheeeeeeNNeessss    iiiii       ileeNN   saslllNNN nd
/data3fast/users/mbermudez/de_03/TFGDataset/img/train_t2_1088_0.png|uuu  eeeeesssseeennneeee    tttt        ssttt  hh
/data3fast/users/mbermudez/de_03/TFGDataset/img/train_t2_0975_1.png|hh  ddnn  u     dee  aahhhsss  d ssssstttt
/data3fast/users/mbermudez/de_03/TFGDataset/img/train_t2_1084_0.png|auu        ee      slleeee nnn    sssttttttt
/data3fast/users/mbermudez/de_03/TFGDataset/img/train_t2_0109_2.png|asseNeeee ee  usseeeeee  nnn  ii    eeelllllsssssa
/data3fast/users/mbermudez/de_03/TFGDataset/img/train_t2_1137_0.png|wwi  sssssrrreeeeeee   sssseee         eeeeeenn
/data3fast/users/mbermudez/de_03/TFGDataset/img/train_t2_0795_2.png|errnnnnnnnnnddeeelleiie  ass  e i         aaaneeee
/data3fast/users/mbermudez/de_03/TFGDataset/img/train_t2_0068_2.png|ttttcchhhheeeed            aaa   eeeeeeennnnaaa
/data3fast/users/mbermudez/de_03/TFGDataset/img/train_t2_0454_1.png|cheee nnnnneeeeeeeeeeeee        s  ddeee   nnn
/data3fast/users/mbermudez/de_03/TFGDataset/img/train_t2_0768_2.png|aleeee  hheeee    chhhhttt
/data3fast/users/mbermudez/de_03/TFGDataset/img/train_t2_0164_1.png|weeeeeer  astttttt
/data3fast/users/mbermudez/de_03/TFGDataset/img/train_t2_0293_1.png|deeeeeeeeesseeeeeee   d    aannnnheeehhhheeeeeeeeee
/data3fast/users/mbermudez/de_03/TFGDataset/img/train_t2_1003_2.png|tteeeeeeeethhhhshhttee dddrrrriieeeeeNeeeeeeeee    ddd
/data3fast/users/mbermudez/de_03/TFGDataset/img/train_t2_1327_2.png|eeN d      alllseeeeeeeeeeee     ddd  eeeeeha
/data3fast/users/mbermudez/de_03/TFGDataset/img/train_t2_0986_2.png|aaeeeeeeeiiiitt eee    assssereeeeeeeennnnn
/data3fast/users/mbermudez/de_03/TFGDataset/img/train_t2_0219_0.png|dieeeeee uunnneeerr aahhseeeN                ii
/data3fast/users/mbermudez/de_03/TFGDataset/img/train_t2_1031_1.png|bbeeeeeeeeeeeeeeeslhhh  nniiiieeennnndde
/data3fast/users/mbermudez/de_03/TFGDataset/img/train_t2_1487_2.png|inn ssseeeeeeee  aalllllee   sscheeeeee aaauu
/data3fast/users/mbermudez/de_03/TFGDataset/img/train_t2_1194_1.png|geeN            eehhhh  neeee sssssssss    nnnn    s  eeeiie
/data3fast/users/mbermudez/de_03/TFGDataset/img/train_t2_0098_1.png|sste        ss eiii  g al  e   eedee  esssss
/data3fast/users/mbermudez/de_03/TFGDataset/img/train_t2_1073_0.png|# 
/data3fast/users/mbermudez/de_03/TFGDataset/img/train_t2_0394_2.png|undd eeeetttlleeNNe nneeee d   lllheeee  a
/data3fast/users/mbermudez/de_03/TFGDataset/img/train_t2_0308_0.png|drrttii    e   nn eeeeeeeeeee nnccch   eeeeee    a
/data3fast/users/mbermudez/de_03/TFGDataset/img/train_t2_0751.png|eee   ereerr    uufeeeeuu ueeee  hh  ieer  eess
/data3fast/users/mbermudez/de_03/TFGDataset/img/train_t2_0581_1.png|meN    aaaasss       ss rrttt  ss  hhh    eeseee
/data3fast/users/mbermudez/de_03/TFGDataset/img/train_t2_1228_0.png|geeN ddeeeeeee dd ssssss   ssscchhau eeeeeeeeeeeellhhhh
/data3fast/users/mbermudez/de_03/TFGDataset/img/train_t2_0469_2.png|eeeN ssss   ddeerrrhhh  esseehet  nnnneee
/data3fast/users/mbermudez/de_03/TFGDataset/img/train_t2_1050_1.png|weeee        ttt   dddeeeeeeeeeN   leeeeeeeeee
/data3fast/users/mbermudez/de_03/TFGDataset/img/train_t2_0440_2.png|der   a       ttttttt      .
/data3fast/users/mbermudez/de_03/TFGDataset/img/train_t2_0154_0.png|rrrrtttte  ttttttttte er  tii  eeeee   nnneeee
/data3fast/users/mbermudez/de_03/TFGDataset/img/train_t2_0119_1.png|eell  hhhh  nnnnnnnd   nnnn  dd  ee      rret
/data3fast/users/mbermudez/de_03/TFGDataset/img/train_t2_0108_1.png|dsss eeeeeeeeeeee ttteeee nnneeeeeee  s     nn
/data3fast/users/mbermudez/de_03/TFGDataset/img/train_t2_0610_0.png|de  aaaaa      eeeesllllllleeeeeee     cctttt   eee
/data3fast/users/mbermudez/de_03/TFGDataset/img/train_t2_0079_1.png|mi   eeeeehhheNNsssss  nnn   ii    lllii   ndddeee
/data3fast/users/mbermudez/de_03/TFGDataset/img/train_t2_1419.png|geee   nnnn   ttttt     lllleeeeeee ss  eeeeeee
/data3fast/users/mbermudez/de_03/TFGDataset/img/train_t2_0566.png|dersslllllleii   dd   mh    uuudeee  ssttttt  d
/data3fast/users/mbermudez/de_03/TFGDataset/img/train_t2_0799.png|eeeeeeeetteeee nnnillllhhheeeeeeiiennnnnneeeeeee
/data3fast/users/mbermudez/de_03/TFGDataset/img/train_t2_1167_2.png|undddeeesssssscchhheeeeeeeee    aa  ee  eeeeeeee
/data3fast/users/mbermudez/de_03/TFGDataset/img/train_t2_1433_0.png|iih        dddddeessshhhheeeneeeeee        ssssssss
/data3fast/users/mbermudez/de_03/TFGDataset/img/train_t2_0937.png|bbeeeeesssee    aaaaheneeeeeeeer   nnuu
/data3fast/users/mbermudez/de_03/TFGDataset/img/train_t2_1456_2.png|vrerr    ee   eeellllsss  dd eeeee llchhe nnnnn
/data3fast/users/mbermudez/de_03/TFGDataset/img/train_t2_0369_1.png|viillhhhhhh a  ddeeeeeeeeN nneeeeeeeeettt  aaa
/data3fast/users/mbermudez/de_03/TFGDataset/img/train_t2_0311_0.png|gnn   tttteee   srrreeeeeer  uuu sseeeeee   nnn
/data3fast/users/mbermudez/de_03/TFGDataset/img/train_t2_0317_2.png|wiedddd raaachhllee  nnddde*****ee    ssssttthseee
/data3fast/users/mbermudez/de_03/TFGDataset/img/train_t2_0243_1.png|wasseeeeeeeN uuuuuhheeeeeehhh  eteeeeee  uuu  eeee
/data3fast/users/mbermudez/de_03/TFGDataset/img/train_t2_0698_1.png|uu    nnnnnnaachhhleeeeeeeeehhhh  eeeeeeereh
/data3fast/users/mbermudez/de_03/TFGDataset/img/train_t2_0021_2.png|aalleeeett    reeeeeeeeee   rrrrrrreerr
/data3fast/users/mbermudez/de_03/TFGDataset/img/train_t2_0861_2.png|mit  eeeeedd    a nnlllhhhhhaa   eeeeeeetttttn
/data3fast/users/mbermudez/de_03/TFGDataset/img/train_t2_0256_1.png|mtt   nnneeeeeeeeeeegeeglsssss   nnneeeennn
/data3fast/users/mbermudez/de_03/TFGDataset/img/train_t2_1436_1.png|ges aal s  e  deeeeeeeeeeeeeee****  nn  tttiiittt
/data3fast/users/mbermudez/de_03/TFGDataset/img/train_t2_0011.png|auuuu eeeeeeeettttteee    eeeessseee          eseeeNN
/data3fast/users/mbermudez/de_03/TFGDataset/img/train_t2_1067.png|uuueeeeeesssheeeennnniitttt ss    aaaa  eeee
/data3fast/users/mbermudez/de_03/TFGDataset/img/train_t2_0964_0.png|hhtte    elleeeeeess h  deeeeeeggeee  dddelll
/data3fast/users/mbermudez/de_03/TFGDataset/img/train_t2_0826_0.png|iir    ssssstttttteeee******.     e    rhhheeeeeeeeeee  nnnn
/data3fast/users/mbermudez/de_03/TFGDataset/img/train_t2_1452_0.png|ooleeeeell  edeeeeritt    sssseeeee llaah iiiiee
/data3fast/users/mbermudez/de_03/TFGDataset/img/train_t2_0272.png|mi   ll  u  ddddee  cccaaaaaas    eeeeeeeriii
/data3fast/users/mbermudez/de_03/TFGDataset/img/train_t2_0248_0.png|errnneeeennnne eeeeee ddeeeeeeehh    eeeee        ee
/data3fast/users/mbermudez/de_03/TFGDataset/img/train_t2_0077_1.png|eennnnn    ccchheNNNddesssllll nnnnn aaaassss
/data3fast/users/mbermudez/de_03/TFGDataset/img/train_t2_0697.png|hhh       at   esssseeeeeehhh   eeeeee     nassssl
/data3fast/users/mbermudez/de_03/TFGDataset/img/train_t2_1170_1.png|oon eeeessss    d rrr nnnnnn iiiiee    ll
/data3fast/users/mbermudez/de_03/TFGDataset/img/train_t2_0658.png|mit  ddd  nnnrrreeeeeeeeee llllllllhhhhheeeeeee
/data3fast/users/mbermudez/de_03/TFGDataset/img/train_t2_1150_1.png|ee   n  iiiiie   eeelleeht     deeeeeddrraaa
/data3fast/users/mbermudez/de_03/TFGDataset/img/train_t2_1326_0.png|ssee   nnnnnnnnnnnn    ddeeeeeeseeetttttt  dddrrrhh
/data3fast/users/mbermudez/de_03/TFGDataset/img/train_t2_0455.png|uuddd rrrrreerrrrhhhhhhhhh eer  ccccchhhtt 
/data3fast/users/mbermudez/de_03/TFGDataset/img/train_t2_0439_1.png|assss    ssseeeeeellleeennnnneeeeee   ddn eeeeee
/data3fast/users/mbermudez/de_03/TFGDataset/img/train_t2_0076.png|dereeeenneeeesseee u  eeeeteeettnneeeeeeed
/data3fast/users/mbermudez/de_03/TFGDataset/img/train_t2_1090_1.png|errtttttttt .
/data3fast/users/mbermudez/de_03/TFGDataset/img/train_t2_0749_0.png|eeeeiii   hhheeee uuuueeeeeeeeeelll   aa  eeeeeeeeeee
/data3fast/users/mbermudez/de_03/TFGDataset/img/train_t2_0960_2.png|dereeeeeeeeeeeee**** tttttt    tteeeeeNN    u eeeeeeesssss
/data3fast/users/mbermudez/de_03/TFGDataset/img/train_t2_0567_2.png|dnnn  eeetttttttccheeee  aaaaa    ss  nnnlllll
/data3fast/users/mbermudez/de_03/TFGDataset/img/train_t2_0917_1.png|# 
/data3fast/users/mbermudez/de_03/TFGDataset/img/train_t2_0817_2.png|dee  ellllli   iiiicch   eeeeeeNN  eeeeeeee   alllleeseeeee
/data3fast/users/mbermudez/de_03/TFGDataset/img/train_t2_0237_1.png|asssss
/data3fast/users/mbermudez/de_03/TFGDataset/img/train_t2_0845_2.png|deee    eeeeeeeeeee dd  sss    aaassseeeee
/data3fast/users/mbermudez/de_03/TFGDataset/img/train_t2_0175.png|ieeeeeeeeeessssssss eeessss  eeee lllllll
/data3fast/users/mbermudez/de_03/TFGDataset/img/train_t2_0097_1.png|tttttttti    r   r a h h       nnniiiillaasss
/data3fast/users/mbermudez/de_03/TFGDataset/img/train_t2_0655_0.png|weessss   hhhhhhiee  nnn  reeeee        ssss
/data3fast/users/mbermudez/de_03/TFGDataset/img/train_t2_0599_2.png|dd   rrhhheeeeN  aaaah    a   u    assehheeeNNuuue
/data3fast/users/mbermudez/de_03/TFGDataset/img/train_t2_0070_1.png|desss tthhhhaa   tttt   ssseeeeeeehttt eeee
/data3fast/users/mbermudez/de_03/TFGDataset/img/train_t2_0090_2.png|deeeeleeeee  n eeeeee       aahhheee
/data3fast/users/mbermudez/de_03/TFGDataset/img/train_t2_1418_1.png|geehhhhettt.
/data3fast/users/mbermudez/de_03/TFGDataset/img/train_t2_0993_0.png|aa   eeeeeeuun eeeee e d     lllhhh  dd reeechhhh
/data3fast/users/mbermudez/de_03/TFGDataset/img/train_t2_0797_0.png|weee  icccchhhnnnndd eeeeeeeeee n  aa    nn
/data3fast/users/mbermudez/de_03/TFGDataset/img/train_t2_1204_2.png|geehhhhht   sseeeeNNusseeeessseeeee    nneeeeeeenneeeee
/data3fast/users/mbermudez/de_03/TFGDataset/img/train_t2_1389.png|eeee    aaah      aa hhheeeeeeennnnnn tttt
/data3fast/users/mbermudez/de_03/TFGDataset/img/train_t2_1015.png|ttt uaaaaaaddd eeiiiieee    uuunnneeee   deee
/data3fast/users/mbermudez/de_03/TFGDataset/img/train_t2_0695.png|nn  ssssssshhhheeeehhhhhteeeNNN    e*ee  tcchuuu
/data3fast/users/mbermudez/de_03/TFGDataset/img/train_t2_1076_2.png|geeeeeesssssssessssa    d    uhuuu n   eeeeeee   saaas
/data3fast/users/mbermudez/de_03/TFGDataset/img/train_t2_1361_2.png|uu dddeeeeeeeeeee   nneeeetttt uu dddeessshh
/data3fast/users/mbermudez/de_03/TFGDataset/img/train_t2_1016_1.png|nee      i llllhiiee nnn   eieeeeee    ssseesssssNNNNN
/data3fast/users/mbermudez/de_03/TFGDataset/img/train_t2_0102.png|aann teeeeeennnneeeettttt   ddd rreeeeeee  rrrr
/data3fast/users/mbermudez/de_03/TFGDataset/img/train_t2_1322_1.png|tteeeeeeelleitt       essllhhh   dddd     ddd
/data3fast/users/mbermudez/de_03/TFGDataset/img/train_t2_1252_1.png|dee llllleeenn eeeettthhtttt       eeeeeennnnnnn
/data3fast/users/mbermudez/de_03/TFGDataset/img/train_t2_1174_1.png|ieer    eeeeett   uuu eeeels   d   ieeeeeeeeeeee
/data3fast/users/mbermudez/de_03/TFGDataset/img/train_t2_0441.png|tt   eeee    dd       aaass  tt t    dd
/data3fast/users/mbermudez/de_03/TFGDataset/img/train_t2_0484_0.png|brreeeeeeeeee   ahaa uuuuudddeeeeeee    ihittt
/data3fast/users/mbermudez/de_03/TFGDataset/img/train_t2_1324_0.png|chsssss   eeeeeiiii     ddd aaallllhheeee nndddddd
/data3fast/users/mbermudez/de_03/TFGDataset/img/train_t2_0930_2.png|iiteeNN ssss eee **  cchinnneeeggggeeeeeehheeeeNNsssss
/data3fast/users/mbermudez/de_03/TFGDataset/img/train_t2_0866.png|fffnen     eeene ittttteeeeeeeereeeeeeeeererr
/data3fast/users/mbermudez/de_03/TFGDataset/img/train_t2_0120_0.png|aaseeeeeeddddeerrrttiieeeellll  daa  hhiieeeeee
/data3fast/users/mbermudez/de_03/TFGDataset/img/train_t2_0438_2.png|oooeeeeeeeeeeeee  uuuee  nnnn   ttttee
/data3fast/users/mbermudez/de_03/TFGDataset/img/train_t2_1242_2.png|drrrscccchsssss     sss ddeeeeeetht    sssssee d eeerrsss
/data3fast/users/mbermudez/de_03/TFGDataset/img/train_t2_0699_2.png|sseeeeeee*eeeeeeee     a    e llleeeesssss     aaaa
/data3fast/users/mbermudez/de_03/TFGDataset/img/train_t2_1429_2.png|# 
/data3fast/users/mbermudez/de_03/TFGDataset/img/train_t2_1000_1.png|leeeeeee iiitchhnnnneeeei    eeeeeeeeeeeeiiieeeee
/data3fast/users/mbermudez/de_03/TFGDataset/img/train_t2_1286.png|auu     ssssttnnn   sttteeeeslchh   eeeeeee
/data3fast/users/mbermudez/de_03/TFGDataset/img/train_t2_0225_0.png|iiiieeeerrrreeeeeeeeeihhttt          rerehhh
/data3fast/users/mbermudez/de_03/TFGDataset/img/train_t2_0775_2.png|geeeiillleeeett  aalllaaa nnnn     ittttttt
/data3fast/users/mbermudez/de_03/TFGDataset/img/train_t2_0048_1.png|oooeeee      ssseeeeerreeeeeeeee  aaaa      sseeeeeee
/data3fast/users/mbermudez/de_03/TFGDataset/img/train_t2_1263_1.png|geehttttte uuueeeeee     iii..ii   ii     eee
/data3fast/users/mbermudez/de_03/TFGDataset/img/train_t2_0303_0.png|oeee        eeeeeeee ddd   nnnneeiihhhhhnnnn
/data3fast/users/mbermudez/de_03/TFGDataset/img/train_t2_0260_1.png|iieeeessss nnu eeeeeettti neee llll aaaaaauseeee
/data3fast/users/mbermudez/de_03/TFGDataset/img/train_t2_1116_0.png|de    nnnnnnnaaaaaa    d ssstttcaallllle
/data3fast/users/mbermudez/de_03/TFGDataset/img/train_t2_0642.png|dieeeeeeii    eeesssttteeeeeeeeerriinn       
/data3fast/users/mbermudez/de_03/TFGDataset/img/train_t2_0386.png|udddeeeeeeeeeeenniittttsshhl eellllal  eeeeee ssssshseee
/data3fast/users/mbermudez/de_03/TFGDataset/img/train_t2_1080.png|veeerrrrr      ssshhhhlll aa   nn  ddeerrtt
/data3fast/users/mbermudez/de_03/TFGDataset/img/train_t2_1091_2.png|eee     eeeessshhhh  eeeee uu  eeeeee     rrerrrrrrr
/data3fast/users/mbermudez/de_03/TFGDataset/img/train_t2_0960.png|derreeeeeeeeeeeeee  ttttttt    eeeeeNN  uuunneeeeeesssl
/data3fast/users/mbermudez/de_03/TFGDataset/img/train_t2_0878.png|werr aaaahheee llleegnnnnniinn  aasssttthh
/data3fast/users/mbermudez/de_03/TFGDataset/img/train_t2_0736_0.png|mi   eeeeeeeee eeeeeeee
/data3fast/users/mbermudez/de_03/TFGDataset/img/train_t2_1498_0.png|die      ehheeeedeerrerrrrrrrrrrttt  eeeesssst
/data3fast/users/mbermudez/de_03/TFGDataset/img/train_t2_0053_0.png|asss       sssses hhll   dd   ee e    ttttttt
/data3fast/users/mbermudez/de_03/TFGDataset/img/train_t2_0064_2.png|b  d    iiiettttsaa    eellhhhtttttttteeeee*******
/data3fast/users/mbermudez/de_03/TFGDataset/img/train_t2_1477_2.png|geeeeNNeeN uuuuddddee   sasscchheeeee          
/data3fast/users/mbermudez/de_03/TFGDataset/img/train_t2_0857_2.png|de       sssaaa   eeerr t  ttchheeeee   ssssss
/data3fast/users/mbermudez/de_03/TFGDataset/img/train_t2_0973_2.png|ee   hhheeeee hhh         t   eeeeeeeeeeereeeee
/data3fast/users/mbermudez/de_03/TFGDataset/img/train_t2_0922_1.png|cheeeeeeeeeeeee   unannn sllccht  eelllsssssll
/data3fast/users/mbermudez/de_03/TFGDataset/img/train_t2_1326_2.png|ssee   nnnnnn nn nnnnnn ddeeeeeeeeeettt   rrrrrrr
/data3fast/users/mbermudez/de_03/TFGDataset/img/train_t2_0952.png|bsstt    n   ssseeeeeeeeeeittt   dddde    a   d  dr
/data3fast/users/mbermudez/de_03/TFGDataset/img/train_t2_0070_2.png|dee   tttthhhh   tt    ssseeeeehiiiieeee
/data3fast/users/mbermudez/de_03/TFGDataset/img/train_t2_0156_0.png|dee  iii   eeeeeeee   aaah  eee   ssseeeeee  tt
/data3fast/users/mbermudez/de_03/TFGDataset/img/train_t2_1153_0.png|uudddeeeeeeleeNN
/data3fast/users/mbermudez/de_03/TFGDataset/img/train_t2_0448_2.png|gee     ddddrrrttee eeeglllleee   edeeeeeedd
/data3fast/users/mbermudez/de_03/TFGDataset/img/train_t2_0163_2.png|diinnneeeeeeeeeeittt  ddeeeelchhhhhheNNeelllccchht nnn
/data3fast/users/mbermudez/de_03/TFGDataset/img/train_t2_1343_1.png|innnnnnee nn   iiittee  ssssseett   ii    eeeee ddeee
/data3fast/users/mbermudez/de_03/TFGDataset/img/train_t2_0760_1.png|unneerrr aaaahhh   aallleeiiileeee
/data3fast/users/mbermudez/de_03/TFGDataset/img/train_t2_1159_0.png|uu   ee  n  a aa  aaa ddeeeeeeehhuuuuuuueeeeeN
/data3fast/users/mbermudez/de_03/TFGDataset/img/train_t2_0018_2.png|meeeeee     dddeeeeeleeeeeeeee  **  eeee  sssseeee
/data3fast/users/mbermudez/de_03/TFGDataset/img/train_t2_1083.png|neeeiihhhhh  nndddddeeeee s  uushhhh    a    eeeeeNN
/data3fast/users/mbermudez/de_03/TFGDataset/img/train_t2_0456.png|bee aa lleee  nnn    iii.....illiii neeeelll
/data3fast/users/mbermudez/de_03/TFGDataset/img/train_t2_0348_1.png|worr        aattttt  sssssssstt  eeeee      ttttt
/data3fast/users/mbermudez/de_03/TFGDataset/img/train_t2_1068_2.png|gllhhhhthh a   ddde  aaa dddeeehhhe  uuuuuee
/data3fast/users/mbermudez/de_03/TFGDataset/img/train_t2_0007_1.png|ee   nnnnnnnnnnnneee uu  eeeee   assllleeee
/data3fast/users/mbermudez/de_03/TFGDataset/img/train_t2_0345.png|mhhhh hh     ddrrreehhheN    dd eellln  eeeeeeeee
/data3fast/users/mbermudez/de_03/TFGDataset/img/train_t2_0407_2.png|uu  eeeeeeeeennng iii     lllseeedd    ccchhhee
/data3fast/users/mbermudez/de_03/TFGDataset/img/train_t2_0223.png|iittt      
/data3fast/users/mbermudez/de_03/TFGDataset/img/train_t2_1283.png|ooootttt eeeeee    aa eeeeeeeennnnnn a a   eeet
/data3fast/users/mbermudez/de_03/TFGDataset/img/train_t2_0366_2.png|daaaaassheeeeeeeeeee    rreeeeeeeeee**nnnnnn
/data3fast/users/mbermudez/de_03/TFGDataset/img/train_t2_0609_0.png|errlllttt  dddddeeesseeeeeittnnn ssssssseee
/data3fast/users/mbermudez/de_03/TFGDataset/img/train_t2_0433_1.png|geeeetteeeerrrrrrruuuhhhhhnnnn   eicchss   
/data3fast/users/mbermudez/de_03/TFGDataset/img/train_t2_0750_0.png|rrresss         itt..tt   ssseeee****** ssssa  dedeeee
/data3fast/users/mbermudez/de_03/TFGDataset/img/train_t2_0283_1.png|weeeeeellsseeeeeeeeiie llleeeeee    aaa  eeeee
/data3fast/users/mbermudez/de_03/TFGDataset/img/train_t2_0117_1.png|ggeeeeeeeee nn  hhhee   asssthh      aahhheer
/data3fast/users/mbermudez/de_03/TFGDataset/img/train_t2_1273_1.png|hheeee    d ss   rhhhe  nnnn eeee    eee  iiiii
/data3fast/users/mbermudez/de_03/TFGDataset/img/train_t2_1294_2.png|anneeee e  ssss eeeeeeeeeeeeeeee* s ttt   d  r ccchhee
/data3fast/users/mbermudez/de_03/TFGDataset/img/train_t2_0798_1.png|ieeeeee   asss  ssssseeeeeeeeeddee
/data3fast/users/mbermudez/de_03/TFGDataset/img/train_t2_0279_2.png|deee eennnnnnnnaaaa    iieee   eerrrrcht     hhh
/data3fast/users/mbermudez/de_03/TFGDataset/img/train_t2_0384_2.png|neeeeeees      nnnnn  nnnnneeee     eeeeeee  
/data3fast/users/mbermudez/de_03/TFGDataset/img/train_t2_1471_1.png|stttthhh    ddnnnee sscllleee    seeennnnnn eeeeennn
/data3fast/users/mbermudez/de_03/TFGDataset/img/train_t2_0583_0.png|aaaN         d een lll    tttthheeeeelllllleeeeeee
/data3fast/users/mbermudez/de_03/TFGDataset/img/train_t2_0270_0.png|"s ssss
/data3fast/users/mbermudez/de_03/TFGDataset/img/train_t2_1014_2.png|geeeeeeeeeeeeeellee  hhhhheeeee esssss  ssss  eeeee
/data3fast/users/mbermudez/de_03/TFGDataset/img/train_t2_0662_1.png|eee  dddd eeeeectlllssss  nnnnee  nnneeessss
/data3fast/users/mbermudez/de_03/TFGDataset/img/train_t2_1459_0.png|deeennnnnneeehheee  hhhhhh    ndd  ttteeeeee   a
/data3fast/users/mbermudez/de_03/TFGDataset/img/train_t2_0888_1.png|wieed     e nggggnnnndd  ssllllee  nnttss  aa
/data3fast/users/mbermudez/de_03/TFGDataset/img/train_t2_0457_2.png|orrereee rrrrrrrrtt  sssss fttteeeeeeddddesssssttttt
/data3fast/users/mbermudez/de_03/TFGDataset/img/train_t2_0372_2.png|drrrrthhteeeeee  sseee     aaalllleeeeeeeeet
/data3fast/users/mbermudez/de_03/TFGDataset/img/train_t2_1101_0.png|ditttte eslllleee ddddd aachheee  aauudeee
/data3fast/users/mbermudez/de_03/TFGDataset/img/train_t2_0503_0.png|unddeeeeeehhhh  sssseeeeennnnniiii  irr aahh
/data3fast/users/mbermudez/de_03/TFGDataset/img/train_t2_1159_1.png|uu            aa   au ddeeeeeeehhuuuuuuueeeeN
/data3fast/users/mbermudez/de_03/TFGDataset/img/train_t2_0026_2.png|iii eeeeeeeerrrrrr   eeeeeee     ee   sssssst
/data3fast/users/mbermudez/de_03/TFGDataset/img/train_t2_0668_0.png|innnnnneeeeee  uann deeeeeeiiieee  tttttthhhhttt
/data3fast/users/mbermudez/de_03/TFGDataset/img/train_t2_0002.png|iiiitttteeeee   d aaaufssssettthh  e
/data3fast/users/mbermudez/de_03/TFGDataset/img/train_t2_1221_1.png|nnn   eeeeeeehhee       t  eeeeNe    tttoollleeee
/data3fast/users/mbermudez/de_03/TFGDataset/img/train_t2_1329.png|sschhttttttttt******* eeeeeeee    d         eeeeee
/data3fast/users/mbermudez/de_03/TFGDataset/img/train_t2_1487_0.png|iii   eeeeeee   aalllleee  scccheeeeedaaaa
/data3fast/users/mbermudez/de_03/TFGDataset/img/train_t2_1033_1.png|mahh     n      hhhhhha  deeeiiitttt  dennn
/data3fast/users/mbermudez/de_03/TFGDataset/img/train_t2_0014_0.png|in  eeesssttiii  nnc      eeesschheeeerrrhuuuunnn
/data3fast/users/mbermudez/de_03/TFGDataset/img/train_t2_0688_0.png|weeeddd rreeeehhth      aad ss    deeeeeeeeeeeee *nnee
/data3fast/users/mbermudez/de_03/TFGDataset/img/train_t2_1342_1.png|aannreeehh uuunnnee n ee  ssilll  ddeeeeeseeNN
/data3fast/users/mbermudez/de_03/TFGDataset/img/train_t2_0214_1.png|alnn eeeerr     eeeeedd e lleeeeeettteeeee sss  de
/data3fast/users/mbermudez/de_03/TFGDataset/img/train_t2_0709_0.png|derrrrreeeeeeeeeee   aaaalsseeettt          eeeee
/data3fast/users/mbermudez/de_03/TFGDataset/img/train_t2_1470_0.png|iii e cchht ddeee************     eeeeeee  sss  eeeeeeNNN
/data3fast/users/mbermudez/de_03/TFGDataset/img/train_t2_1011_1.png|# d
/data3fast/users/mbermudez/de_03/TFGDataset/img/train_t2_1054_0.png|wwllle  ahhhhttt ddrrreeeggnnossss   eeeee
/data3fast/users/mbermudez/de_03/TFGDataset/img/train_t2_1315_0.png|eee   eehhhhuuuuddderreeeeeeeee eseeeee   u eeee
/data3fast/users/mbermudez/de_03/TFGDataset/img/train_t2_0499.png|ee   nnnn    eerssss   ttheeehhhh       nnn iiio
/data3fast/users/mbermudez/de_03/TFGDataset/img/train_t2_0874_0.png|oonee    ssseeeee iii    aaah ee hhhheeeeesssss  dd
/data3fast/users/mbermudez/de_03/TFGDataset/img/train_t2_0295_0.png|geeeeiittt   nnnnnneee     eeeeeee uuuuu
/data3fast/users/mbermudez/de_03/TFGDataset/img/train_t2_0913_2.png|aa     eeelllee  hhheee ddeeeitt eeersssttttttt
/data3fast/users/mbermudez/de_03/TFGDataset/img/train_t2_1069_1.png|eerdddrrrrrreee ssseeeeetttteeinn   sss     .l
/data3fast/users/mbermudez/de_03/TFGDataset/img/train_t2_0110_2.png|ooossssllllllhhhheeeeeinn  aaallleeiieieeee nnnnn
/data3fast/users/mbermudez/de_03/TFGDataset/img/train_t2_0752_0.png|in  eeeeeellleinnn  sssseessssss n  rrrrreeeee
/data3fast/users/mbermudez/de_03/TFGDataset/img/train_t2_1239_0.png|oonddeeee ssa   deeei .........
/data3fast/users/mbermudez/de_03/TFGDataset/img/train_t2_1006_2.png|drrrrrreeeeennuahh  ddeeeeeeeeeN    ddd au  ee
/data3fast/users/mbermudez/de_03/TFGDataset/img/train_t2_1193.png|wiieeeennnnnneeesss       eeeeeeeeeee s s    n  dddd
/data3fast/users/mbermudez/de_03/TFGDataset/img/train_t2_0350_1.png|geeeheeeN aaaaaa  ddeeehccsssseeessssstee    nnnnnnnn
/data3fast/users/mbermudez/de_03/TFGDataset/img/train_t2_1367_0.png|"eeeeeeeee  t    assccii  nnallleee iiihhheeeeee
/data3fast/users/mbermudez/de_03/TFGDataset/img/train_t2_0568.png|cheeeee     aaaaa   eeer tttihheeedeeeett
/data3fast/users/mbermudez/de_03/TFGDataset/img/train_t2_0445_0.png|uuteeeeeee  s  eeeennnnn ttt alllleeeee  aaa
/data3fast/users/mbermudez/de_03/TFGDataset/img/train_t2_1153_2.png|uuddeeeeeelleeeN 
/data3fast/users/mbermudez/de_03/TFGDataset/img/train_t2_1402.png|wwl   aaaaa    ihhlessstt  n    lllheeeeettt
/data3fast/users/mbermudez/de_03/TFGDataset/img/train_t2_1408_2.png|drrtttttttt 
/data3fast/users/mbermudez/de_03/TFGDataset/img/train_t2_0771_0.png|#  
