/data3fast/users/mbermudez/de_03/TFGDataset/img/train_t2_1354_2.png|iiieeessss  dd ssso  uuu rrhhhhhhhh   daa
/data3fast/users/mbermudez/de_03/TFGDataset/img/train_t2_0023.png|geeehhhhhteeeeeeeee llleennnennnnn    dd  edeeeeeeeeee
/data3fast/users/mbermudez/de_03/TFGDataset/img/train_t2_0292.png|aah   ee  nnnnnneee uuueeeeelllihhheessseeeeeN
/data3fast/users/mbermudez/de_03/TFGDataset/img/train_t2_1389.png|eee   eeeehhh  dd  aahhheeeeeeennnnnn ttttt
/data3fast/users/mbermudez/de_03/TFGDataset/img/train_t2_0112_1.png|ase      sssss  eeeeeeeee     a       d ss  **eeess  uu
/data3fast/users/mbermudez/de_03/TFGDataset/img/train_t2_0005.png|weehhhh     heeee  d aaallleeelleeessseennnnnn
/data3fast/users/mbermudez/de_03/TFGDataset/img/train_t2_1408_2.png|drrtttttttt.
/data3fast/users/mbermudez/de_03/TFGDataset/img/train_t2_0612_2.png|aahheeee  aallleeed   iitttttn   eeii**** *i irre
/data3fast/users/mbermudez/de_03/TFGDataset/img/train_t2_0203_1.png|nn  d   e uueeeNe   eeeeee  udeee  aaas   sess
/data3fast/users/mbermudez/de_03/TFGDataset/img/train_t2_0775_2.png|geeeeeiieeeehhttt aa  ll aaannndd   iitttttss
/data3fast/users/mbermudez/de_03/TFGDataset/img/train_t2_0619_1.png|de     eeee   sreeeee tti   aa sseeeeeeeeeee    nnrrtttt
/data3fast/users/mbermudez/de_03/TFGDataset/img/train_t2_1205_2.png|was  eeeeellggeee eeeerscchhti iiiiiiieee
/data3fast/users/mbermudez/de_03/TFGDataset/img/train_t2_0453_0.png|uudnnnnfunnndeerttteeeeeerrtttttttutte
/data3fast/users/mbermudez/de_03/TFGDataset/img/train_t2_1368_1.png|geeeeeeeeeehl     eeeeeesssete  n  eeee   nnn
/data3fast/users/mbermudez/de_03/TFGDataset/img/train_t2_0717.png|dass eeeerrrrrr aahh eeeeeee tttccchhhaaaaaaaaleeee
/data3fast/users/mbermudez/de_03/TFGDataset/img/train_t2_0768.png|aaee   aheeeeee  ahhhhhh   .
/data3fast/users/mbermudez/de_03/TFGDataset/img/train_t2_1126_2.png|ieee  rrrirrrrrrsssssslee nnee tt  ee llaaa  eeee
/data3fast/users/mbermudez/de_03/TFGDataset/img/train_t2_0139_1.png|sttt   eennnttt eeee    sssderrreeeeeeeeeeeeeeeeN
/data3fast/users/mbermudez/de_03/TFGDataset/img/train_t2_0165_1.png|bess dd ssssscchhnnnnnnnnneeeeeseett  aannnnn
/data3fast/users/mbermudez/de_03/TFGDataset/img/train_t2_1337.png|uu    eeeeusssseeeedddrre ddeee  hhh  eeee
/data3fast/users/mbermudez/de_03/TFGDataset/img/train_t2_1000_1.png|leeeeeeee iiithh nnneeeeii   eeeeeeeeeee iieeeeeee
/data3fast/users/mbermudez/de_03/TFGDataset/img/train_t2_0564_0.png|wwr     n     sss           d rieii......
/data3fast/users/mbermudez/de_03/TFGDataset/img/train_t2_1162_2.png|u   eeeee      llllll ddd    .  lsssss
/data3fast/users/mbermudez/de_03/TFGDataset/img/train_t2_0111_1.png|ffeeeee   iilllliihhhhhhinneeeeeelllll nnneell
/data3fast/users/mbermudez/de_03/TFGDataset/img/train_t2_0428_1.png|nnn eeeetttuuuu  sshheeeeeedd  r    nnnnneee
/data3fast/users/mbermudez/de_03/TFGDataset/img/train_t2_0299.png|rrnuaaa  sseeeeeeeeeeehhieeee  t ssuuu  nnnnnee
/data3fast/users/mbermudez/de_03/TFGDataset/img/train_t2_1226_2.png|maa       ddd e*******.     iilll   ddeeiiichseeeeeeee
/data3fast/users/mbermudez/de_03/TFGDataset/img/train_t2_1155.png|iirrrrrrrr    t  a   eeeeeeeeuhhhht   eeel
/data3fast/users/mbermudez/de_03/TFGDataset/img/train_t2_0169.png|derr eiihhhhh  dddeeeeeeeeeeeehhhnnnneeennnnn
/data3fast/users/mbermudez/de_03/TFGDataset/img/train_t2_0514_2.png|dass     reeeetthhh   eeeeeeeiileeeN  nn   cheeeeee nnnnnn
/data3fast/users/mbermudez/de_03/TFGDataset/img/train_t2_1145_2.png|ffeeeeeeeee      d a ssseeeeee    chh    d esseee
/data3fast/users/mbermudez/de_03/TFGDataset/img/train_t2_1387_1.png|ttte  ****eeeerrreeee     sllllhaaah  eeesseerrrrttheee
/data3fast/users/mbermudez/de_03/TFGDataset/img/train_t2_0962_1.png|lllh     eeesee     ttsseN   u  sseeeeeeeeeeeeee***
/data3fast/users/mbermudez/de_03/TFGDataset/img/train_t2_0883_1.png|deee           nn     eeeeeeeee a  tttt  eeeeee   ttt
/data3fast/users/mbermudez/de_03/TFGDataset/img/train_t2_0350_2.png|geehhhheNNN  aaaa  ddeeessssllee  sssss    nn eneennnnn
/data3fast/users/mbermudez/de_03/TFGDataset/img/train_t2_0937.png|beeeeeeessse     aahhhneeeeeeett    uuuuu
/data3fast/users/mbermudez/de_03/TFGDataset/img/train_t2_0311.png|aan  tttttthee   rheeeeeeeeet  aa eeeeset   ddn
/data3fast/users/mbermudez/de_03/TFGDataset/img/train_t2_0766_1.png|aau eeeeeeeichhnnnn seeeeet    aaaahhh
/data3fast/users/mbermudez/de_03/TFGDataset/img/train_t2_0076_1.png|der ee eeeesssseeNN    eeteeeetnnn eeeeee
/data3fast/users/mbermudez/de_03/TFGDataset/img/train_t2_1054_0.png|wwlle   aaahhht ddddeereegnnn sssss     eeee
/data3fast/users/mbermudez/de_03/TFGDataset/img/train_t2_0904_2.png|ee  lllllllii nneeellleee  nnn   n n reeeeeee
/data3fast/users/mbermudez/de_03/TFGDataset/img/train_t2_1250_0.png|aassseeeeeeeeeeeeeee    aau eeeerreehhhu
/data3fast/users/mbermudez/de_03/TFGDataset/img/train_t2_0752_1.png|ii  eeeeelllliiinnnn ssssesgsssss nn rrrrrruee
/data3fast/users/mbermudez/de_03/TFGDataset/img/train_t2_0632_1.png|de        eeeeeennnnnggegggeeeeestt    aattt
/data3fast/users/mbermudez/de_03/TFGDataset/img/train_t2_0748.png|eeeeeeeennnnnnnnnnneeiihehe   eeeeeee   eeee
/data3fast/users/mbermudez/de_03/TFGDataset/img/train_t2_1401_0.png|in dd ssttttthhhee     ddeeerrr   uuuuuueuu
/data3fast/users/mbermudez/de_03/TFGDataset/img/train_t2_0805_1.png|iersllllleeNNNNauudddeeeeeeeNss   nn  iieeee n
/data3fast/users/mbermudez/de_03/TFGDataset/img/train_t2_0113.png|irrrtee     tttttt   ddd  aachh  eeerreeeeeeeeee  sss
/data3fast/users/mbermudez/de_03/TFGDataset/img/train_t2_1229_1.png|ll        aaalseetti   ddssssch  ddrrrrrrrrhh
/data3fast/users/mbermudez/de_03/TFGDataset/img/train_t2_0974_2.png|# 
/data3fast/users/mbermudez/de_03/TFGDataset/img/train_t2_0765_2.png|eennnderrrrhhheeeeeeeihitt    aa  reeeeeee
/data3fast/users/mbermudez/de_03/TFGDataset/img/train_t2_0302_0.png|geeeeeeeeeerrrreeeeeeeennnnnnnn  tttteeeeeeennnnneeeee
/data3fast/users/mbermudez/de_03/TFGDataset/img/train_t2_1170_1.png|ooo eeeeessttt  ddrrr nnnnnn ittieeee   lll
/data3fast/users/mbermudez/de_03/TFGDataset/img/train_t2_0123_2.png|uudd  sschhheeeeeee  aa d  aaau  eeeeenggg
/data3fast/users/mbermudez/de_03/TFGDataset/img/train_t2_1262_1.png|ssheeNNe hhhee    lllll  ddeeggggeeeehhhhtiieee
/data3fast/users/mbermudez/de_03/TFGDataset/img/train_t2_0929_2.png|ttt ddd     ssssseeee     iiilliiinnnnnn  ndd
/data3fast/users/mbermudez/de_03/TFGDataset/img/train_t2_0939_1.png|ihhheeeeeehhheee    allsssheeeee s  deeeeeeaaaa
/data3fast/users/mbermudez/de_03/TFGDataset/img/train_t2_0469_2.png|eeNNNssss  ddeeerrr hhheeeesttte  nneeee
/data3fast/users/mbermudez/de_03/TFGDataset/img/train_t2_1248.png|eeeee     rr   iiitttt  s  l  a  arreeeennnn
/data3fast/users/mbermudez/de_03/TFGDataset/img/train_t2_0360_2.png|alss aaaauuuuu shhhhh  ssseeeeshhhheee    saa    
/data3fast/users/mbermudez/de_03/TFGDataset/img/train_t2_1404_0.png|schhlNNNNnnnnee uu    sstt  n  elln  n  iiiiieeel
/data3fast/users/mbermudez/de_03/TFGDataset/img/train_t2_0437_2.png|wieeeee    hhhsssslllleee dde  aa      mhhhhhh
/data3fast/users/mbermudez/de_03/TFGDataset/img/train_t2_0537.png|ffeeeeeeih  aa  eeeennessss  n   ee   eeeee
/data3fast/users/mbermudez/de_03/TFGDataset/img/train_t2_0456_2.png|bee aalllleeeN  ndd eiitt..iiillliiieee eeleee
/data3fast/users/mbermudez/de_03/TFGDataset/img/train_t2_1316.png|vieeeeettttt  
/data3fast/users/mbermudez/de_03/TFGDataset/img/train_t2_0021_2.png|aalhttttt   eeeeeeieeeet   errrrrrrre
/data3fast/users/mbermudez/de_03/TFGDataset/img/train_t2_0567_2.png|dan   ssssttttnn chh  ee  aaa   dd  ss  nnnlllle
/data3fast/users/mbermudez/de_03/TFGDataset/img/train_t2_0610_0.png|de   aaa      eeee sssllllgggeeeeee   ahhhtttt  eeee
/data3fast/users/mbermudez/de_03/TFGDataset/img/train_t2_1337_1.png|uuu   eee uussssseeeddeeeeeeeeeee   hh eeeNN
/data3fast/users/mbermudez/de_03/TFGDataset/img/train_t2_1158_1.png|aan     ssssstttee eeeeee  sssteee dd  serhh    lllee
/data3fast/users/mbermudez/de_03/TFGDataset/img/train_t2_0943_0.png|ee    aaa eeee niiiihhhheeeeelhhhee  ddi
/data3fast/users/mbermudez/de_03/TFGDataset/img/train_t2_1488_0.png|uu eeeeeeeeeeeeee ss    rdrrer   d aaaannnnnge
/data3fast/users/mbermudez/de_03/TFGDataset/img/train_t2_0964_1.png|hhht      iiileeeesst    deeeeeeeee     ell
/data3fast/users/mbermudez/de_03/TFGDataset/img/train_t2_0888_2.png|wieeeee rreeagggennnnddd sssslleenni   ts  uuaaaa
/data3fast/users/mbermudez/de_03/TFGDataset/img/train_t2_0917_0.png|# 
/data3fast/users/mbermudez/de_03/TFGDataset/img/train_t2_1387_0.png|tt***********rereeeeee    ccslllaaaa    eessseeeeerrtttee
/data3fast/users/mbermudez/de_03/TFGDataset/img/train_t2_1452_0.png|oooeeeelllll deeeeeeeiitt   sseeeeeelaaahhhhiiieeee
/data3fast/users/mbermudez/de_03/TFGDataset/img/train_t2_1090_0.png|eertttttttt   
/data3fast/users/mbermudez/de_03/TFGDataset/img/train_t2_1057.png|ieeiiiiitttti n lllhheeeddeeerrrrr h   ee nnnnnn
/data3fast/users/mbermudez/de_03/TFGDataset/img/train_t2_1031_1.png|beeeeeeeeeteeeNNNsschh nnnnnieeeinnnnnde
/data3fast/users/mbermudez/de_03/TFGDataset/img/train_t2_0232_2.png|wiee     hh eessssshhh  eeerrrrrrr eeeeeeeeeiiii
/data3fast/users/mbermudez/de_03/TFGDataset/img/train_t2_0093_0.png|di   aaaaaaa d eeeeeeellalleeee  sss ttttt
/data3fast/users/mbermudez/de_03/TFGDataset/img/train_t2_0131_2.png|oonnd  all  ddeeeee     .....
/data3fast/users/mbermudez/de_03/TFGDataset/img/train_t2_1154.png|eeer  sss hhhtttt
/data3fast/users/mbermudez/de_03/TFGDataset/img/train_t2_0243.png|aacheeeeeeeNN uuachheNNN chh   eeteeee  uu   eeee
/data3fast/users/mbermudez/de_03/TFGDataset/img/train_t2_0348_1.png|wor         aaasttt  sssssssssoo  eeee   a   i itttt
/data3fast/users/mbermudez/de_03/TFGDataset/img/train_t2_1181_0.png|"tt    eee   eesseee   eeNN    dddeeeeeesetchhhh
/data3fast/users/mbermudez/de_03/TFGDataset/img/train_t2_1273.png|rrree    dddd  rrrr h   ndd  eeee    d eeiiil
/data3fast/users/mbermudez/de_03/TFGDataset/img/train_t2_1048_1.png|gehheeeeeeee ee**nnnnd  e******eeeeeeeii     aaa s rrrtt  
/data3fast/users/mbermudez/de_03/TFGDataset/img/train_t2_0915_2.png|alll eeeeeeeeeeee  esssse  nnnneenn sssssee  nnee
/data3fast/users/mbermudez/de_03/TFGDataset/img/train_t2_0903.png|nee  iiittt nn  eeeee   eeeeeeenn u eeeeeNNss
/data3fast/users/mbermudez/de_03/TFGDataset/img/train_t2_0735_2.png|ffffe   h ht   ..
/data3fast/users/mbermudez/de_03/TFGDataset/img/train_t2_1179_1.png|da    eeeeeehh aaaaaa ddeeeee******t nnnnd    tttttt
/data3fast/users/mbermudez/de_03/TFGDataset/img/train_t2_1369.png|beeeeeee  nnn n ittct   dd  eeeeeeennnnn
/data3fast/users/mbermudez/de_03/TFGDataset/img/train_t2_0023_1.png|geerhhhhheee ddeeeelllliinniinnnnnndd   eeeeeeeeeeee
/data3fast/users/mbermudez/de_03/TFGDataset/img/train_t2_0181_0.png|seeeNNhhhhhheeeeessssttt eerrr  rrrh reeeeee
/data3fast/users/mbermudez/de_03/TFGDataset/img/train_t2_0608_2.png|bllleeee   ********sstttstheeee  eeeeiiicchtnnndeeer
/data3fast/users/mbermudez/de_03/TFGDataset/img/train_t2_1367_0.png|"t eeeeeeeiit   sssss cht nn   lllleeee ilhhhheeeee
/data3fast/users/mbermudez/de_03/TFGDataset/img/train_t2_1208_0.png|dassseeeee  e nnnaaheeeeer   tttt eeeeiiinnn
/data3fast/users/mbermudez/de_03/TFGDataset/img/train_t2_1410_0.png|unddd sslleeeneessssseee  iitttteeettttttt  ddrrr
/data3fast/users/mbermudez/de_03/TFGDataset/img/train_t2_0176_1.png|mi       aaaal      hh  eeeeee****     glllllhhhhee
/data3fast/users/mbermudez/de_03/TFGDataset/img/train_t2_0973_2.png|ee   chhhheeeeehhhhlN   d  its eeeeeeeeeeerrrrrreeeen
/data3fast/users/mbermudez/de_03/TFGDataset/img/train_t2_0274_1.png|bbeeede  aaueeeeeehhh        dd  e  nnn
/data3fast/users/mbermudez/de_03/TFGDataset/img/train_t2_0540.png|#
/data3fast/users/mbermudez/de_03/TFGDataset/img/train_t2_0379_2.png|di  eeeee eeeedrraaschhu     s tiii a
/data3fast/users/mbermudez/de_03/TFGDataset/img/train_t2_1023_2.png|dereeeeeeeeNNN ddddereeeeeeee  ttt  ndddde
/data3fast/users/mbermudez/de_03/TFGDataset/img/train_t2_0456.png|bee aaallllee   n     iii**t.llliiii nneeellsee
/data3fast/users/mbermudez/de_03/TFGDataset/img/train_t2_0934_0.png|diii  iiliiieeeeeettt  gge  uu  ee
/data3fast/users/mbermudez/de_03/TFGDataset/img/train_t2_0156.png|de   llcchh  eeeeeerr   aaah   deee  sssseee   tttt
/data3fast/users/mbermudez/de_03/TFGDataset/img/train_t2_0795.png|eeennnnnnnnnndd eiieei  aassleeii ii       aaaaeee
/data3fast/users/mbermudez/de_03/TFGDataset/img/train_t2_0448_0.png|gee          eesttt neeeessllleee  e rre edeee
/data3fast/users/mbermudez/de_03/TFGDataset/img/train_t2_1323_2.png|beeeeeeeeeeeihchhhhh   lheeee hh    u dddeesss eeeet
/data3fast/users/mbermudez/de_03/TFGDataset/img/train_t2_1421_1.png|ssshhhtt       ..
/data3fast/users/mbermudez/de_03/TFGDataset/img/train_t2_0189_2.png|seeeehhhhe    deeeeeestt   a s    iiiilli e dd  eeee
/data3fast/users/mbermudez/de_03/TFGDataset/img/train_t2_1080.png|veeer  rrr    sssshhhhhe aa     nn dddeerrit
/data3fast/users/mbermudez/de_03/TFGDataset/img/train_t2_0384_2.png|neeeee        nnnn  afnnnn eee    eedddeeeee
/data3fast/users/mbermudez/de_03/TFGDataset/img/train_t2_0500_2.png|ggssseeerrrrrrhhh  nnniee     dassseeeeettt
/data3fast/users/mbermudez/de_03/TFGDataset/img/train_t2_1016.png|nt          lliiiiinnn     iieeee   osssseeeessfuufNNN
/data3fast/users/mbermudez/de_03/TFGDataset/img/train_t2_0601_2.png|bee aaaaahllleennnnndeeeee   lcch    ssttttt
/data3fast/users/mbermudez/de_03/TFGDataset/img/train_t2_0556.png|mrr    ll   nneeeeest       alnnneehhh  dd   t
/data3fast/users/mbermudez/de_03/TFGDataset/img/train_t2_0825_1.png|seeeeerdddrrrcchlleessss   olllii  ddeeeeee
/data3fast/users/mbermudez/de_03/TFGDataset/img/train_t2_0509_0.png|rreeeeeeeeee***d eeeeeessssssst  eeeeeee  uuuueeeeeee
/data3fast/users/mbermudez/de_03/TFGDataset/img/train_t2_0630_2.png|oooeeee    aachhhheeeNNNNN
/data3fast/users/mbermudez/de_03/TFGDataset/img/train_t2_1103_1.png|geeenneeeeeeeet uaahhuudddeeee ttchheeee  aaaaa
/data3fast/users/mbermudez/de_03/TFGDataset/img/train_t2_0870_2.png|aass  deerrreeehhhh   udddaaaa a a lleeeeNNNs
/data3fast/users/mbermudez/de_03/TFGDataset/img/train_t2_1252_1.png|der llllleennneetthhehetthhhh     eeeeee iieennn
/data3fast/users/mbermudez/de_03/TFGDataset/img/train_t2_0937_0.png|beeeeee ssseii d aaahhenneeeeerrtt  nnna
/data3fast/users/mbermudez/de_03/TFGDataset/img/train_t2_0253_1.png|fnnneeeeeeesttt ssssseeeeereeett  dddd eeeeee
/data3fast/users/mbermudez/de_03/TFGDataset/img/train_t2_0149_1.png|geeeeerrnnnrrrtttttt  d  eeee******.
/data3fast/users/mbermudez/de_03/TFGDataset/img/train_t2_0391_0.png|wweed   ss        d      nneeeeilllhheeeit     rrrrr
/data3fast/users/mbermudez/de_03/TFGDataset/img/train_t2_0968.png|mmtsssllssssssss   aas  l lleelhieeeeeee*** i    rr aaa
/data3fast/users/mbermudez/de_03/TFGDataset/img/train_t2_0422_1.png|eescchhaa nnnddd   ee  e s fnnggguungeeeuu
/data3fast/users/mbermudez/de_03/TFGDataset/img/train_t2_0641_2.png|annnnnnnennininnneeesssseeheeeeen   eeerrr    aan
/data3fast/users/mbermudez/de_03/TFGDataset/img/train_t2_1371_0.png|daaseeheeeeii  dder   adddssseer      ssseeet  nnnnnn
/data3fast/users/mbermudez/de_03/TFGDataset/img/train_t2_0033_1.png|tiiieeetttttss       icchhi  rr ssssee   alleeeee
/data3fast/users/mbermudez/de_03/TFGDataset/img/train_t2_0298.png|und eellee   sschhh uuuddnaaaa   ddeerrrreennneeeee*
/data3fast/users/mbermudez/de_03/TFGDataset/img/train_t2_1003_2.png|tteeeeeeehtthshhhhh    dddr iiiieeeeeeeeeee    aaddd
/data3fast/users/mbermudez/de_03/TFGDataset/img/train_t2_0079_0.png|mi   eeeeeeetNsssss   n  i   deeillhheennndddde
/data3fast/users/mbermudez/de_03/TFGDataset/img/train_t2_1487_0.png|iissss    eeerr aallllle  sssscheeeee  aaaa
/data3fast/users/mbermudez/de_03/TFGDataset/img/train_t2_0698_1.png|uu  eeeennnaachhhieleeeeeeehhhehe  eerrreeeee
/data3fast/users/mbermudez/de_03/TFGDataset/img/train_t2_0156_0.png|dee lllinnn eeeeee   aaaach    eee sssseeee    t
/data3fast/users/mbermudez/de_03/TFGDataset/img/train_t2_0179_1.png|thhnnnnnnn n rreeeeee  eeehhlhhhheNNeeeeeeee
/data3fast/users/mbermudez/de_03/TFGDataset/img/train_t2_0394_2.png|uudddee itttsssee nneeeeedr  iiliieeeN     
/data3fast/users/mbermudez/de_03/TFGDataset/img/train_t2_1002_1.png|eeeeeeeeeeeeeeeeeeeeee    eeeeeesssstttttt  n eee
/data3fast/users/mbermudez/de_03/TFGDataset/img/train_t2_0434.png|sttttt   llllnn eeeeeeeeetetsssshhh eee sssshhh
/data3fast/users/mbermudez/de_03/TFGDataset/img/train_t2_1006_2.png|drrrrhhheeeeeeeuua   eeeeleeeeeN    dd   au  eee
/data3fast/users/mbermudez/de_03/TFGDataset/img/train_t2_1327.png|eeN   d  iiaaalseeeeeeeeeeee     dd eelllhhsuuuu
/data3fast/users/mbermudez/de_03/TFGDataset/img/train_t2_0119_1.png|eel  hhhhhe  nnnn  nnnnnn   dd  reee   a  rreet
/data3fast/users/mbermudez/de_03/TFGDataset/img/train_t2_0613_0.png|geeenniiiilichhh   ddd eeeeesssslllssss  ddddee
/data3fast/users/mbermudez/de_03/TFGDataset/img/train_t2_0377_0.png|dasssttttttssssssaaan   iirrieeeeeessssshrerr
/data3fast/users/mbermudez/de_03/TFGDataset/img/train_t2_0685_0.png|di   eeeeee*****llonnnnnggeeeee   ssssdee
/data3fast/users/mbermudez/de_03/TFGDataset/img/train_t2_0279_2.png|deeeeeennnnnn  aaaaa  d  etee     rerrrtt   rrrhh
/data3fast/users/mbermudez/de_03/TFGDataset/img/train_t2_1307.png|cheeeeeeeee sss dddrrrrgggggge   t    reeeeertt
/data3fast/users/mbermudez/de_03/TFGDataset/img/train_t2_1009.png|anddderrrriihhhheeNNeeeeett   h  d  aaaasss
/data3fast/users/mbermudez/de_03/TFGDataset/img/train_t2_0204_1.png|# 
/data3fast/users/mbermudez/de_03/TFGDataset/img/train_t2_1216_0.png|nee eeeeerrrreeeeeee   sss   ddd eerrrr uttsssss
/data3fast/users/mbermudez/de_03/TFGDataset/img/train_t2_1055_1.png|sseeeee  att        a  i eeeesssssssss
/data3fast/users/mbermudez/de_03/TFGDataset/img/train_t2_0733_0.png|chheN     reeeeeiiiineeeeeeteeeeeee  u eeeee 
/data3fast/users/mbermudez/de_03/TFGDataset/img/train_t2_1052_0.png|llnneennnegeeee   sllleeeeeh  an d   essee   ennnnn
/data3fast/users/mbermudez/de_03/TFGDataset/img/train_t2_0837_0.png|dieeeeeseeeeeeesss   nnnnnn      nnneeeeeiii
/data3fast/users/mbermudez/de_03/TFGDataset/img/train_t2_0156_2.png|de   llnnneeeeeeeee  aaannnn eeee   ssseeeN tttt
/data3fast/users/mbermudez/de_03/TFGDataset/img/train_t2_0592_2.png|inss eeeeeerrtthheeNN  n   llllc nneee  **        nnn
/data3fast/users/mbermudez/de_03/TFGDataset/img/train_t2_0235_1.png|geetttttttthhh    ssseee aaahhhhnnnnn lli nnnn
/data3fast/users/mbermudez/de_03/TFGDataset/img/train_t2_0485.png|brreeee  ha    eellhheeeeeellle  eeerrree  l
/data3fast/users/mbermudez/de_03/TFGDataset/img/train_t2_0575_1.png|uu  lehhhheeed  aacheeeeddeeeeellleeeeeeeetttnnnn
/data3fast/users/mbermudez/de_03/TFGDataset/img/train_t2_0091.png|undd aaaaaufffggeeee     assss  eeeeeeinn
/data3fast/users/mbermudez/de_03/TFGDataset/img/train_t2_0880_0.png|olleeee     sssseee n  iiit   ...
/data3fast/users/mbermudez/de_03/TFGDataset/img/train_t2_1257_1.png|der  ii  eeeneeeeeetttt  ddeereeeeeehN aunnn
/data3fast/users/mbermudez/de_03/TFGDataset/img/train_t2_1388_1.png|bblllcttttts ssseeee     nd     e   uuuuuudde
/data3fast/users/mbermudez/de_03/TFGDataset/img/train_t2_1498_2.png|dee  a aa eeeeeeeeedrrrrrrrddrrrrttt   ssesstt
/data3fast/users/mbermudez/de_03/TFGDataset/img/train_t2_1419_1.png|geee   nnn  ttttttt    alllleeeeeeees  uueeeeee
/data3fast/users/mbermudez/de_03/TFGDataset/img/train_t2_0878_1.png|eer naaaaahheee  lllgennnnnii l assssstttthee
/data3fast/users/mbermudez/de_03/TFGDataset/img/train_t2_0603.png|nn  llllee    dddrrrreeeee*eee**eeeeeeeN   d   ittttttt
/data3fast/users/mbermudez/de_03/TFGDataset/img/train_t2_0826_0.png|hhr      shhhhhtte   ***        ee   rhhheeeeeeeeeee  nnnn
/data3fast/users/mbermudez/de_03/TFGDataset/img/train_t2_0676_0.png|#  
/data3fast/users/mbermudez/de_03/TFGDataset/img/train_t2_0251_0.png|dee   scchheeeee  ddeee ttsseeesslllleeeeett    sse
/data3fast/users/mbermudez/de_03/TFGDataset/img/train_t2_0042_1.png|dee  eeeee  sshhttttnn  sseeeeeeeeeeehtttss   eee
/data3fast/users/mbermudez/de_03/TFGDataset/img/train_t2_1352.png|deeeeeeeeeesstteeeeeeeeeettteeeeN  dd sss  uuuuuu
/data3fast/users/mbermudez/de_03/TFGDataset/img/train_t2_1285_1.png|de     eeeeee  aaeeeeeee*** eeeeellleeeeee     ** *eeeeee
/data3fast/users/mbermudez/de_03/TFGDataset/img/train_t2_0674_2.png|ss     eeeee     lll eeeeeeeiieeeeNlsssuu
/data3fast/users/mbermudez/de_03/TFGDataset/img/train_t2_0622_1.png|geeNNNNN     ddd eeleeiiiinnnnnnaaahh eeeraahhhht
/data3fast/users/mbermudez/de_03/TFGDataset/img/train_t2_0526_2.png|nnnn lsllsaaaan   ttiieeeeeeeee iinnnneee
/data3fast/users/mbermudez/de_03/TFGDataset/img/train_t2_1110_1.png|aas eeeeeee  eee     tttt ddeeessshhhNNNNN
/data3fast/users/mbermudez/de_03/TFGDataset/img/train_t2_1410_2.png|undd   lleeeeegggssssee   itttttteetttttti dder
/data3fast/users/mbermudez/de_03/TFGDataset/img/train_t2_1473_2.png|wieeeeeeeeeeerrr    lllll   d   chtte nnnnnnn
/data3fast/users/mbermudez/de_03/TFGDataset/img/train_t2_0717_0.png|das  eeeeeeerrr hhhh  ieeeeeitttcchhaaaaaaalleeee
/data3fast/users/mbermudez/de_03/TFGDataset/img/train_t2_1345_1.png|geerr  rr    rssshheeennnn aaa  lleiii
/data3fast/users/mbermudez/de_03/TFGDataset/img/train_t2_0886_1.png|nnnee   ddddessccctcthheeNNeeee   ffffttunnn
/data3fast/users/mbermudez/de_03/TFGDataset/img/train_t2_0651_2.png|eett    eeeeeaaaa ssss    nnnndd   ssseeeeeenn hhhh
/data3fast/users/mbermudez/de_03/TFGDataset/img/train_t2_0161_2.png|mrr  uu reeeettii  ieeee  aaa   eeeeeeeeeshhlllll
/data3fast/users/mbermudez/de_03/TFGDataset/img/train_t2_0360.png|alssaaaahhuuussshhhh   sssseeeeehhheee   ss    iii
/data3fast/users/mbermudez/de_03/TFGDataset/img/train_t2_0975_0.png|hh  dddd uu    rrr  ahhhhee ddsssssssttttt
/data3fast/users/mbermudez/de_03/TFGDataset/img/train_t2_0440_1.png|der aaaadd   ttttt eet      
/data3fast/users/mbermudez/de_03/TFGDataset/img/train_t2_0889_0.png|sseeelllheeee  ttreeeeeeeeeeeee**eeeeeeetttnn
/data3fast/users/mbermudez/de_03/TFGDataset/img/train_t2_0397_2.png|ala  dddd  ddeee  eeeegleeeeenn sssssttt
/data3fast/users/mbermudez/de_03/TFGDataset/img/train_t2_1390_2.png|nnn     nnnnnnnd eee sttchh              shhheeeeeN
/data3fast/users/mbermudez/de_03/TFGDataset/img/train_t2_0929.png|tto dddd  assssseee       iiilhh nnnniiinnnnnd
/data3fast/users/mbermudez/de_03/TFGDataset/img/train_t2_1225.png|#ddd
/data3fast/users/mbermudez/de_03/TFGDataset/img/train_t2_1342_1.png|aanrrrrrr   u n nn     dee  sllll   dddeeeeeesaaaaa
/data3fast/users/mbermudez/de_03/TFGDataset/img/train_t2_1312_0.png|eesshchh  eeeeeeeeeeeeee it    a  eeeeee
/data3fast/users/mbermudez/de_03/TFGDataset/img/train_t2_0986_2.png|aateeeeeeehhhtteedd     ss  rereeeeett nnnnn
/data3fast/users/mbermudez/de_03/TFGDataset/img/train_t2_1439_0.png|tteNNeeeee sssstiieleehhh  aaahh t  ddeeel
/data3fast/users/mbermudez/de_03/TFGDataset/img/train_t2_0475_0.png|iii    e ereesssslennnnlllllhhee deee  llcchheeee
/data3fast/users/mbermudez/de_03/TFGDataset/img/train_t2_0547_2.png|iiissssshhhttt eeeeeeee         ahhhhiiieeeennnnnneenn
/data3fast/users/mbermudez/de_03/TFGDataset/img/train_t2_1374.png|ooeee   aaaahhh nnneen   it   alldee
/data3fast/users/mbermudez/de_03/TFGDataset/img/train_t2_1027_0.png|dieeeeellaaauueeeeeeeeeseee    sssssshheeeeer
/data3fast/users/mbermudez/de_03/TFGDataset/img/train_t2_1242_1.png|rrrcshsshshettss       s ddddeeerrhhee   sss  e     rrrrsschh
/data3fast/users/mbermudez/de_03/TFGDataset/img/train_t2_1208_2.png|dasseeeeeeeee  nnaahheeeee sstt  eelllinnnn
/data3fast/users/mbermudez/de_03/TFGDataset/img/train_t2_1398_1.png|ee  aaasseleeeeeedeeeeeee        iiii  ee
/data3fast/users/mbermudez/de_03/TFGDataset/img/train_t2_0850_0.png|eeellhheeeeee eer  uuueeeee      
/data3fast/users/mbermudez/de_03/TFGDataset/img/train_t2_0276.png|"ss      nnndde nnneeselllliittttt  tcchh
/data3fast/users/mbermudez/de_03/TFGDataset/img/train_t2_0624.png|diee  lssssseeeeee  nneeechheeedeee      dsssss
/data3fast/users/mbermudez/de_03/TFGDataset/img/train_t2_0912_1.png|oo       eeeeeeeennnnnn eeeeee  cchhh eed   rrrcchh
/data3fast/users/mbermudez/de_03/TFGDataset/img/train_t2_1412_2.png|daaaaaaa  sssee   nn iccssshthh    hhhheeh   aaahhheeN
/data3fast/users/mbermudez/de_03/TFGDataset/img/train_t2_0972_1.png|assttt i
/data3fast/users/mbermudez/de_03/TFGDataset/img/train_t2_1415_1.png|iinnne nnnnddeeeeeeeiiee     stthh  eeeeeeeeeeillliiih
/data3fast/users/mbermudez/de_03/TFGDataset/img/train_t2_0218_2.png|aaneeeeee   nn ssssseee nnnaallee      nnnn
/data3fast/users/mbermudez/de_03/TFGDataset/img/train_t2_1133_1.png|ttt   annnnndeeeeeggf eeeeeeee   i     iiiinee
/data3fast/users/mbermudez/de_03/TFGDataset/img/train_t2_0922_0.png|shheeeeeeeess     nnnnnassssciiiie  llllsssllees
/data3fast/users/mbermudez/de_03/TFGDataset/img/train_t2_0685_1.png|dii  eeeee******ooonnnngeeeee    ssseeee
/data3fast/users/mbermudez/de_03/TFGDataset/img/train_t2_0334_1.png|iiieeeeeeeeeeee     hhr ee rrrrrcchhlleeee  ssss
/data3fast/users/mbermudez/de_03/TFGDataset/img/train_t2_0288_1.png|iennniiiiinnn leeeeee  nn deeeeeeeee   ll eeeee   
/data3fast/users/mbermudez/de_03/TFGDataset/img/train_t2_0712_1.png|de  aaaaauueeeeeett    eeeee   eeeeeeeN aa
/data3fast/users/mbermudez/de_03/TFGDataset/img/train_t2_0679_1.png|unn eeelhhheeedrr aaa ddeercccchttt  nnnn eeeeeeN
/data3fast/users/mbermudez/de_03/TFGDataset/img/train_t2_1009_2.png|an ddeeerriiihhieeeN  eeeitt h     aaaasss
/data3fast/users/mbermudez/de_03/TFGDataset/img/train_t2_0713_1.png|# ee
/data3fast/users/mbermudez/de_03/TFGDataset/img/train_t2_0500.png|geesseeeerrerhhhhhnnnneeit nn d  ssseeeerttt
/data3fast/users/mbermudez/de_03/TFGDataset/img/train_t2_0232_1.png|wiee  aaa   esssssshhee  derrrrrrrreeeeeeeeeiiii
/data3fast/users/mbermudez/de_03/TFGDataset/img/train_t2_1402_1.png|woo   dd  a      iielllsssstt     lllhheeeeeeee
/data3fast/users/mbermudez/de_03/TFGDataset/img/train_t2_1195.png|iiitt auuuu eeeNNNlNNNN ...
/data3fast/users/mbermudez/de_03/TFGDataset/img/train_t2_0126_1.png|eee   hhhtteNNNnnd a   ehhcheeee *   aaaasssss
/data3fast/users/mbermudez/de_03/TFGDataset/img/train_t2_0788_1.png|oon aassssa  eeeeehht    d  asseeeeee
/data3fast/users/mbermudez/de_03/TFGDataset/img/train_t2_0811_0.png|dasss eeeeeeeeeeeeiitiinnniigeeeei  nnnn allhheeuuuu
/data3fast/users/mbermudez/de_03/TFGDataset/img/train_t2_0889_1.png|sse eeeeeeeeeeetrreeeeeeeddeeeeeeeeeetttttnnnnn
/data3fast/users/mbermudez/de_03/TFGDataset/img/train_t2_1475_2.png|nee llleeedrrreeeeeee***nnn  drrr usssheeeerree
/data3fast/users/mbermudez/de_03/TFGDataset/img/train_t2_0788_0.png|oonnaaaaass eeeeeehh        aaseeeeertt
/data3fast/users/mbermudez/de_03/TFGDataset/img/train_t2_1453_2.png|# 
/data3fast/users/mbermudez/de_03/TFGDataset/img/train_t2_0817_0.png|dieee llll     ii    nngeeeeeNNn  eeeeeeee   lllllsssseeee
/data3fast/users/mbermudez/de_03/TFGDataset/img/train_t2_1345.png|gee        d rritchhi  nnnn aa   eeeii
/data3fast/users/mbermudez/de_03/TFGDataset/img/train_t2_0995.png|geehheeeehh u  ddddeeesss uuueeeesseeeee   ddeee
/data3fast/users/mbermudez/de_03/TFGDataset/img/train_t2_0568_1.png|cheeeee    sssaaa deee  iiiinieeeeeeeerttt
/data3fast/users/mbermudez/de_03/TFGDataset/img/train_t2_1019_1.png|geeeeeruuuuerrrttttt    eeeeelleeeNN
/data3fast/users/mbermudez/de_03/TFGDataset/img/train_t2_0214_2.png|aanneeeeerrr    ededdee   eeeeee   rreeeeeessss  dddr
/data3fast/users/mbermudez/de_03/TFGDataset/img/train_t2_1223_0.png|chh  n   lllenn ssssssssseeee  d  sssaaa   dddee
/data3fast/users/mbermudez/de_03/TFGDataset/img/train_t2_1067.png|uuuueeeeescchhennnniiiitttt     aaaa  eeeele
/data3fast/users/mbermudez/de_03/TFGDataset/img/train_t2_1054.png|wileee aaahhhh  ddddeeeeegggnsssss    reeee
/data3fast/users/mbermudez/de_03/TFGDataset/img/train_t2_0478.png|geehhheeeeennn   nn eeeelhhhhii      iiiieeNN ussss
/data3fast/users/mbermudez/de_03/TFGDataset/img/train_t2_0820.png|nnnnn   tttnnnieeeennnnieeee  ctsssllssssstiiiillll
/data3fast/users/mbermudez/de_03/TFGDataset/img/train_t2_0875_2.png|lee  dd ee    asssseeeeeeeeichhhiiii aa iie
/data3fast/users/mbermudez/de_03/TFGDataset/img/train_t2_0751.png|eee  eeeee      uurreeer u eee cch   ii hhhsee
/data3fast/users/mbermudez/de_03/TFGDataset/img/train_t2_0413_1.png|ee  dddd    eeessee   aaaaa    sstt     t
/data3fast/users/mbermudez/de_03/TFGDataset/img/train_t2_1177_2.png|bbeeeeee  d d    ddddeerrttttttt    nnn ereee
/data3fast/users/mbermudez/de_03/TFGDataset/img/train_t2_1221_0.png|nnn   eeeeeeehlhe  ddd  iichheeeNee  oooollleee
/data3fast/users/mbermudez/de_03/TFGDataset/img/train_t2_1314_2.png|uuu   seeessslllel ll nniiiii  aalllllss   edrr   
/data3fast/users/mbermudez/de_03/TFGDataset/img/train_t2_0709_0.png|deerrreeeeeeeeeeeeee  aaaa eeesttt     dd   eeenne
/data3fast/users/mbermudez/de_03/TFGDataset/img/train_t2_0524.png|rrrreeeeeNuudddeeeesss   ..
/data3fast/users/mbermudez/de_03/TFGDataset/img/train_t2_1137_0.png|wii   ssssrreeeeeeen  ssssseee   aaa   eeeeeell
/data3fast/users/mbermudez/de_03/TFGDataset/img/train_t2_0087.png|dieeeettteells  dd  ssssheee nndd  aaaaa deer
/data3fast/users/mbermudez/de_03/TFGDataset/img/train_t2_0507_0.png|iineee   ssssshhlleNeddeerr nngeeeeersseeeecccclle  d
/data3fast/users/mbermudez/de_03/TFGDataset/img/train_t2_0291_2.png|ressssssss    dddeehhhhhii     dd  elllhhh   nnnnn
/data3fast/users/mbermudez/de_03/TFGDataset/img/train_t2_0335.png|dsssss nnnnntttt  eeeeerr   aannnnnnccheeNN
/data3fast/users/mbermudez/de_03/TFGDataset/img/train_t2_0808_2.png|iee  aaaaassss  iiieee ssuu eeerrreeeeeeNNN
/data3fast/users/mbermudez/de_03/TFGDataset/img/train_t2_1204_2.png|geehhhhttt stsheeeNNssseeeeeeeeeee    ddeeeeeeeneenneee
/data3fast/users/mbermudez/de_03/TFGDataset/img/train_t2_0623_1.png|drrr     aaahl edeeer iiiiiiit  ddeeeerttt
/data3fast/users/mbermudez/de_03/TFGDataset/img/train_t2_0420_0.png|drrr eeeeeeeeehhheeeet   ddd     nnuuueeeel
/data3fast/users/mbermudez/de_03/TFGDataset/img/train_t2_0438.png|fooeee    eeeeeeNN uueeeNuunn   ttttte
/data3fast/users/mbermudez/de_03/TFGDataset/img/train_t2_0366_2.png|daaaaaa seeeeeeee eeee    eeeeeNNNNNeN**n
/data3fast/users/mbermudez/de_03/TFGDataset/img/train_t2_0064_2.png|be      iieeettsccha n  lllhhittttttttcteeeN********
/data3fast/users/mbermudez/de_03/TFGDataset/img/train_t2_0816_2.png|nnd  sseettt  ..
/data3fast/users/mbermudez/de_03/TFGDataset/img/train_t2_1357.png|lhhheet   eellllliiiiin      ee          ee    dddeee
/data3fast/users/mbermudez/de_03/TFGDataset/img/train_t2_0666.png|deeeeeeesseeee  d ssssssseeet     aaanieeeee   asseeeeee
/data3fast/users/mbermudez/de_03/TFGDataset/img/train_t2_0405_1.png|weennnnnnnnneeennnnseeeeechheee  **ee
/data3fast/users/mbermudez/de_03/TFGDataset/img/train_t2_0653_1.png|aal eeeeeesss eeeeeeechheeeen nn aalll
/data3fast/users/mbermudez/de_03/TFGDataset/img/train_t2_1486_2.png|miieeeeeee iinilllllss  eeee  chheeee   dreee
/data3fast/users/mbermudez/de_03/TFGDataset/img/train_t2_0051_0.png|cchhh  nnllhhhiinnneellhhhee             ss  l
/data3fast/users/mbermudez/de_03/TFGDataset/img/train_t2_0782_0.png|nnnneeeeccchheeNNNeeeeeeeee    au  eeeeeeee
/data3fast/users/mbermudez/de_03/TFGDataset/img/train_t2_1002_0.png|eeeeeeeeeeeeeeeeeeeehheee   eeeeesssttttttt   nneee
/data3fast/users/mbermudez/de_03/TFGDataset/img/train_t2_1307_0.png|chheeeeeeett   d    errgggggnn tss  uuu eeertt
/data3fast/users/mbermudez/de_03/TFGDataset/img/train_t2_0376_1.png|auu eeeeeeeee r      deeeiihhnnnnn eeseetttthh
/data3fast/users/mbermudez/de_03/TFGDataset/img/train_t2_0857_2.png|dee    dd  saaa     rrertt nna cheeeeee  sssssll
/data3fast/users/mbermudez/de_03/TFGDataset/img/train_t2_1149.png|unddrrrrrreeeeeeee   aallllss    ddeeiiilleeeee
/data3fast/users/mbermudez/de_03/TFGDataset/img/train_t2_1329.png|sstttttttttt   ..*****  rrreee   ndd s    nd  sseNNN
/data3fast/users/mbermudez/de_03/TFGDataset/img/train_t2_1259_1.png|# d
/data3fast/users/mbermudez/de_03/TFGDataset/img/train_t2_0380_1.png|geestttt  aa    eeen   ueessssasss eeeehtt dde
/data3fast/users/mbermudez/de_03/TFGDataset/img/train_t2_1222_2.png|wollaau eeeee  llll niileeeeee  d   s   iii
/data3fast/users/mbermudez/de_03/TFGDataset/img/train_t2_0476_1.png|dee    eee nnn     dd   
/data3fast/users/mbermudez/de_03/TFGDataset/img/train_t2_0531_1.png|dieeessee   ssschhht   nnnnnnn  ee  nnnn lleee
/data3fast/users/mbermudez/de_03/TFGDataset/img/train_t2_0482_1.png|rrrrssseee   ueeeeeeeelchheennnnee***  sssssllll
/data3fast/users/mbermudez/de_03/TFGDataset/img/train_t2_0053_0.png|assss      ssssse  hhh       seeee     itsssst
/data3fast/users/mbermudez/de_03/TFGDataset/img/train_t2_0255_2.png|uu      aah nnn   r rr  ellllgggnnnniichheeee
/data3fast/users/mbermudez/de_03/TFGDataset/img/train_t2_0876_0.png|mee   eeiilleeeennllcchhtt dddeeessllleeeeei
/data3fast/users/mbermudez/de_03/TFGDataset/img/train_t2_1326_0.png|ssssNN  nnnnnnnn    nnn ddeeeeeeeeeetttt    rrrrrr
/data3fast/users/mbermudez/de_03/TFGDataset/img/train_t2_0303_0.png|oeeee    nneeeeeeeee          nnneeiihhh nnnhn
/data3fast/users/mbermudez/de_03/TFGDataset/img/train_t2_1464_0.png|eees    ss   nnnnnn   ddeeee ddeeeellhhiee nuuuh
/data3fast/users/mbermudez/de_03/TFGDataset/img/train_t2_1378_2.png|oeeer     d       aanttttih         eee  allhhhh
/data3fast/users/mbermudez/de_03/TFGDataset/img/train_t2_0831_2.png|nesssscctttchteNNNNe      annnn  seee     eeeeee
/data3fast/users/mbermudez/de_03/TFGDataset/img/train_t2_0304_2.png|uu  d   aaa  lleeeN  eeeeeestt    elllla nnnnn
/data3fast/users/mbermudez/de_03/TFGDataset/img/train_t2_0642.png|dieeeeeiii  deeesssttheeeseeeeeeeeettt     sss
/data3fast/users/mbermudez/de_03/TFGDataset/img/train_t2_0157_0.png|ooon  eeeeeeeereeedesssschheennnnnaaa deeee
/data3fast/users/mbermudez/de_03/TFGDataset/img/train_t2_0466_2.png|eess shhhhh  dedee    **   aaheeeeeshhheeeeeeeaahh
/data3fast/users/mbermudez/de_03/TFGDataset/img/train_t2_1217_2.png|wllle      sssslhheeeerd        eeee   eeeeeeN
/data3fast/users/mbermudez/de_03/TFGDataset/img/train_t2_1421_2.png|ssshhhhh ht   ..
/data3fast/users/mbermudez/de_03/TFGDataset/img/train_t2_1113_1.png|ellllleeennnnnnnndeeeeeeeeeeettteeeee  aall
/data3fast/users/mbermudez/de_03/TFGDataset/img/train_t2_0423_2.png|wwinn llllleee   n rrrreeeeeeeeeeee  sshhee
/data3fast/users/mbermudez/de_03/TFGDataset/img/train_t2_1316_1.png|virrrettttt a
/data3fast/users/mbermudez/de_03/TFGDataset/img/train_t2_0191.png|eernnnnnneeeeeeeeeeeeeeeehehet  ddddaaa eeenn
/data3fast/users/mbermudez/de_03/TFGDataset/img/train_t2_0394.png|undddeeetttttteeee nnneeeerrriiileee   nnd
/data3fast/users/mbermudez/de_03/TFGDataset/img/train_t2_0138_0.png|ma        eee  haauuuueeeeee  gggglleeeeeee
/data3fast/users/mbermudez/de_03/TFGDataset/img/train_t2_0914_0.png|assss     edeeeertttt sseeee    eeeeererreerrrrrtt
/data3fast/users/mbermudez/de_03/TFGDataset/img/train_t2_0018_1.png|meeeeeee     ddeeeeeleeeeeeeeeeee    deeesssggee
/data3fast/users/mbermudez/de_03/TFGDataset/img/train_t2_1456_2.png|ieee     eeeee  eeellllee  dddeeeeellchheennnnd
/data3fast/users/mbermudez/de_03/TFGDataset/img/train_t2_0338_0.png|heeN  ssssssss   aallleee  nnnniii****ee  leeeeee
/data3fast/users/mbermudez/de_03/TFGDataset/img/train_t2_0638_2.png|ohhhee  nn  eeeeeeeeeeiichhhhhhhh  e d aaaa eeee
/data3fast/users/mbermudez/de_03/TFGDataset/img/train_t2_1469.png|hrrreeeeee       ddd                             aa
/data3fast/users/mbermudez/de_03/TFGDataset/img/train_t2_0426_2.png|sstaa     eeeee   ssss de         d ii  stt   e  ssseel
/data3fast/users/mbermudez/de_03/TFGDataset/img/train_t2_1116_0.png|de   nnnnnnnlanaa a    nd ssssssshaalllll
/data3fast/users/mbermudez/de_03/TFGDataset/img/train_t2_0350_1.png|geshhhee    aaaah   eeeesschssseeessssttee   nnneennnn
/data3fast/users/mbermudez/de_03/TFGDataset/img/train_t2_0117_1.png|geeeNNNeeeeeN    chteeN   asstt     aaherrer
/data3fast/users/mbermudez/de_03/TFGDataset/img/train_t2_1275.png|beN aaaa   eeeelleeeee nnnneiiiii       llssssee   r
/data3fast/users/mbermudez/de_03/TFGDataset/img/train_t2_1474_1.png|auu  ee   ss   sseeeee ttt dd    eehhhtt    aaa
/data3fast/users/mbermudez/de_03/TFGDataset/img/train_t2_0783_0.png|eestchhhiennne**   ssssseeeee  hu  eeeueeeee
/data3fast/users/mbermudez/de_03/TFGDataset/img/train_t2_0771_0.png|#  
/data3fast/users/mbermudez/de_03/TFGDataset/img/train_t2_1445_2.png|nsseee    r  aaauu dddeeeeehhhhN   dddd
/data3fast/users/mbermudez/de_03/TFGDataset/img/train_t2_0946_0.png|uuneeeeee ddderrruhhhs ee            a  eeeeeee
/data3fast/users/mbermudez/de_03/TFGDataset/img/train_t2_1121_2.png|wolll    s   nnniiee  errrrereeeeinnnnnneneenn ssssss
/data3fast/users/mbermudez/de_03/TFGDataset/img/train_t2_0672.png|nnneeeeeeee       richhheeeeessttteee
/data3fast/users/mbermudez/de_03/TFGDataset/img/train_t2_0496_2.png|mii  eeeennndd   ddeeeeeeheNN   sss llllll  nd
/data3fast/users/mbermudez/de_03/TFGDataset/img/train_t2_0072_1.png|wnnnnnnndde sssttttttttttti ***  aaan ssseeeeeeeeee
/data3fast/users/mbermudez/de_03/TFGDataset/img/train_t2_1433_2.png|ihhheeeee   ddddrreehhheieneeeeee      d essssssseN
/data3fast/users/mbermudez/de_03/TFGDataset/img/train_t2_0705_1.png|lleleNNNee    rrrr   a    ss     aaannn
/data3fast/users/mbermudez/de_03/TFGDataset/img/train_t2_1150_1.png|ee  nnndn iii  re  eeeleeht   ddeeeedrr  aaaa
/data3fast/users/mbermudez/de_03/TFGDataset/img/train_t2_0560.png|alsseeehhhhh a sssscchhhhnnnntttttsse  nnnneeeeee
/data3fast/users/mbermudez/de_03/TFGDataset/img/train_t2_0151_1.png|shhh    ahhhe ddd rrriiiiiinhnnnndd sssssdeee
/data3fast/users/mbermudez/de_03/TFGDataset/img/train_t2_0931_1.png|treeeeeeee  nnnn   ii  eeesseeiiiit    eeeleeeei
/data3fast/users/mbermudez/de_03/TFGDataset/img/train_t2_0033_0.png|tiiieiitttttssss    thhhhh  er  sss  r   eeeeeNNN
/data3fast/users/mbermudez/de_03/TFGDataset/img/train_t2_1322_1.png|tieeeeeeeleeti   d sssseechhh  ndd  sss ddd
/data3fast/users/mbermudez/de_03/TFGDataset/img/train_t2_1338_1.png|iee  sahheeeeeee  ddrrrnnnniiiiitii    llleeN
/data3fast/users/mbermudez/de_03/TFGDataset/img/train_t2_0443_2.png|der  rrthhtt seeeettt nnnneeeeessssssseettttt
/data3fast/users/mbermudez/de_03/TFGDataset/img/train_t2_1255_1.png|lll  nddddeeeelleeN nnnhhhnnneeee  eeeeettnnnnnddee
/data3fast/users/mbermudez/de_03/TFGDataset/img/train_t2_0361_1.png|# dd
/data3fast/users/mbermudez/de_03/TFGDataset/img/train_t2_0398_0.png|mii        ssssseedeer ttt ssssoo lgeeede sssss
/data3fast/users/mbermudez/de_03/TFGDataset/img/train_t2_0971_1.png|llllttti  lllllaaa hhtiiiiinn aalle neeellllliinn
/data3fast/users/mbermudez/de_03/TFGDataset/img/train_t2_0599_2.png|dd    rhhheeeee aaaaaa  d  u uuudda  sshheeeNNNn
/data3fast/users/mbermudez/de_03/TFGDataset/img/train_t2_0141_2.png|wrrr   n nnnn  uu eeee sssseeeettttlsssttt   
/data3fast/users/mbermudez/de_03/TFGDataset/img/train_t2_0843_1.png|geee  d   rrrrhhhh    i  eeee    ttttttteeedee
/data3fast/users/mbermudez/de_03/TFGDataset/img/train_t2_0746_1.png|geeee     uuseeeeeeer aah iiilllllsss hh  deee
/data3fast/users/mbermudez/de_03/TFGDataset/img/train_t2_0135_0.png|wissss      eeee   nnnneeeeesschhhhttthh  eeeiinnnn
/data3fast/users/mbermudez/de_03/TFGDataset/img/train_t2_0040_0.png|asseeeeellll    dss     annnnnnnngeeeeeee
/data3fast/users/mbermudez/de_03/TFGDataset/img/train_t2_1079_1.png|ooeeee    eeeeee      esss  nnn   eeeee
/data3fast/users/mbermudez/de_03/TFGDataset/img/train_t2_0431.png|ooeeeeeeee   ta   ddeeettth  n d eeleeeNNN
/data3fast/users/mbermudez/de_03/TFGDataset/img/train_t2_1484.png|ddss eeeeeehheeennneieennn d eeeeeeeeee     sttcau
/data3fast/users/mbermudez/de_03/TFGDataset/img/train_t2_1403_2.png|iiee  tttttttt unnn    ddddeeiiieee    e***  cccc
/data3fast/users/mbermudez/de_03/TFGDataset/img/train_t2_0117_2.png|ggeeeeeeeeeee    ccheeNN   ss t      aaeeeerr
/data3fast/users/mbermudez/de_03/TFGDataset/img/train_t2_0498_0.png|eet aaaaa  eeeeell deeeee lliictttt   ****  
/data3fast/users/mbermudez/de_03/TFGDataset/img/train_t2_1484_0.png|dassseeeeeehheeennneennnnnddeeeeeeeeeee    scchhu
/data3fast/users/mbermudez/de_03/TFGDataset/img/train_t2_0151_0.png|see   aahhhheedd     riiiiihhnnnnnd  sssssseee
/data3fast/users/mbermudez/de_03/TFGDataset/img/train_t2_0233_1.png|brrlllictttttttt****       ede eeeeeN     deeeernnnnihh
/data3fast/users/mbermudez/de_03/TFGDataset/img/train_t2_0589_1.png|mii  eeeeeee ssssseeeeeeeeeeeerrllllhee   ss errt
/data3fast/users/mbermudez/de_03/TFGDataset/img/train_t2_1156.png|seeeNNeeeehhheet  uau eeeeee dd       tttt   dddee
/data3fast/users/mbermudez/de_03/TFGDataset/img/train_t2_0347.png|drrttteeeeennnnniitt    cchh  ddde  d a
/data3fast/users/mbermudez/de_03/TFGDataset/img/train_t2_1334_2.png|oooeeeeeenneeeehhee und  rrttnnnuuheeeeeell
/data3fast/users/mbermudez/de_03/TFGDataset/img/train_t2_1423_0.png|nnneeeeeiiillleeeeee  uud   adreeeeessss
/data3fast/users/mbermudez/de_03/TFGDataset/img/train_t2_0879_0.png|iis  eeeererrrrrrrrrrrr   deeeennneeeee
/data3fast/users/mbermudez/de_03/TFGDataset/img/train_t2_1359_1.png|deeeeeesssss     eellellii  eeessssc      nnnndddee
/data3fast/users/mbermudez/de_03/TFGDataset/img/train_t2_1230_2.png|auu  eeee  nnnggegglllee  nneettchht nneeeee
/data3fast/users/mbermudez/de_03/TFGDataset/img/train_t2_1339_1.png|ttt   dddd aaaall t   aahh   rhclhhhiiennnnnnn
/data3fast/users/mbermudez/de_03/TFGDataset/img/train_t2_0052_2.png|dii  iii*  nnnnnotccchlseee    ssslll eeeeellseeee nnn
/data3fast/users/mbermudez/de_03/TFGDataset/img/train_t2_1344_1.png|dd       ddd   eee   ccht lll   dd aasssaaadeeee
/data3fast/users/mbermudez/de_03/TFGDataset/img/train_t2_0559_2.png|unndeeee  aasssllleeeeee  n i  eeee sslssl eeerrrr
/data3fast/users/mbermudez/de_03/TFGDataset/img/train_t2_0498_1.png|ees  aaau  eeeelleeddeeee iiiicttttt     nn
/data3fast/users/mbermudez/de_03/TFGDataset/img/train_t2_0244_2.png|beeedddreeeeeeeeeeenner  rreteeeeeeeeee
/data3fast/users/mbermudez/de_03/TFGDataset/img/train_t2_0999_1.png|eetttllllllleeeeii dd   a nggesseNNNeee***nniii
/data3fast/users/mbermudez/de_03/TFGDataset/img/train_t2_0094_2.png|annssssssss  t   eeeeuuuuunffhhhee     ****  iiillhhh
/data3fast/users/mbermudez/de_03/TFGDataset/img/train_t2_0514_0.png|dassss   eeeeeeesttsssseeeee eeeeeeeN   dd  cheeeeNNNN nnen
/data3fast/users/mbermudez/de_03/TFGDataset/img/train_t2_0362_1.png|aanngeeeee    eeee   ddd alleeeiiiieeete    eee
/data3fast/users/mbermudez/de_03/TFGDataset/img/train_t2_0132.png|beeeeeeees      aaaaa  eeeeN  nnn eeeeeee  sseeeeeeellll
/data3fast/users/mbermudez/de_03/TFGDataset/img/train_t2_0424_1.png|iee    e eeeeee     achseee   rrr uua ttttt
/data3fast/users/mbermudez/de_03/TFGDataset/img/train_t2_0129_0.png|#  ee
/data3fast/users/mbermudez/de_03/TFGDataset/img/train_t2_1472.png|ertt   dddrrrccch  nn llll   iiiii* ****ssssssssNNN
/data3fast/users/mbermudez/de_03/TFGDataset/img/train_t2_0455.png|uuddd rrhhhreeeeihchhhaahheeerrrccchhhhttt
/data3fast/users/mbermudez/de_03/TFGDataset/img/train_t2_1363.png|urrrrrrr iiiii  ssseeelllNeN   eeeeett   de  uaa
/data3fast/users/mbermudez/de_03/TFGDataset/img/train_t2_0364_0.png|eerrnnnn assshsa    a     ttt      eeeeelennnn eeeeee
/data3fast/users/mbermudez/de_03/TFGDataset/img/train_t2_1376_2.png|ann eeeee  ddaaaaheeeeeee ge        iie
/data3fast/users/mbermudez/de_03/TFGDataset/img/train_t2_0947.png|maahhhhhhinnnnndee auu eeetttch   dd acchht
/data3fast/users/mbermudez/de_03/TFGDataset/img/train_t2_0757_2.png|sestt    ss  d   lllleeNNnn  rittttt  dd eeeeli
/data3fast/users/mbermudez/de_03/TFGDataset/img/train_t2_1454_2.png|iiieeeeiiichhn  eeeeennnnncccctt  aaa  eeee
/data3fast/users/mbermudez/de_03/TFGDataset/img/train_t2_0566.png|der slllllee     dde  hhh  au  dee  ssscat   dd
/data3fast/users/mbermudez/de_03/TFGDataset/img/train_t2_0982.png|diiseeeeee      scchte   hh  sees N  eeelllllllillhhh
/data3fast/users/mbermudez/de_03/TFGDataset/img/train_t2_0781_2.png|dd  eeee***   nn  lllleeee nntttnn eese   ee
/data3fast/users/mbermudez/de_03/TFGDataset/img/train_t2_1405_1.png|tt   ee  sssaannnn ssee   eee     lllll
/data3fast/users/mbermudez/de_03/TFGDataset/img/train_t2_0001_1.png|gee  nnnuaeeeeleeeeeeeeee  ddd  ss    ssseeseeehh
/data3fast/users/mbermudez/de_03/TFGDataset/img/train_t2_1459_0.png|deeennnnnneeeeeeee   ahhll    nd   seeeeeee   aaa
/data3fast/users/mbermudez/de_03/TFGDataset/img/train_t2_1051_2.png|nneeeeeiiihhi nndde sseeeee       eeeeeee  aa
/data3fast/users/mbermudez/de_03/TFGDataset/img/train_t2_0187_2.png|der riiiiiieeeenneee*** ss u   seeeeee llll    eeeee 
/data3fast/users/mbermudez/de_03/TFGDataset/img/train_t2_1083.png|neeeiiihhhh   nnddddeees sss  aaa hhht aa  ddeeeeeee
/data3fast/users/mbermudez/de_03/TFGDataset/img/train_t2_1273_1.png|rreee     ass     hhee    nneeeee    ddeeiii
/data3fast/users/mbermudez/de_03/TFGDataset/img/train_t2_0879.png|iis   esseeeehrrrrrrree    reennneee***
/data3fast/users/mbermudez/de_03/TFGDataset/img/train_t2_0308_2.png|ditttt    eeerr n ettteeeee  aaahnn   eeee    ss
/data3fast/users/mbermudez/de_03/TFGDataset/img/train_t2_0527.png|deeellleennnnd elllhh   aaunnaaa   eeereeeeee
/data3fast/users/mbermudez/de_03/TFGDataset/img/train_t2_0007_1.png|ee    nnnnnnnnneeeee aa ddeeeee  aaslleeeeee
/data3fast/users/mbermudez/de_03/TFGDataset/img/train_t2_0453_2.png|unnnnnnnnnn  eeiiiie  eeerr tttttuuueee
/data3fast/users/mbermudez/de_03/TFGDataset/img/train_t2_1081_1.png|geennnnne   ssseeeeeee*    eeeeee llee      h  eeeeell
/data3fast/users/mbermudez/de_03/TFGDataset/img/train_t2_0074_0.png|tt     eeeahhhh eeeee  aaaa eeee  nnnneee
/data3fast/users/mbermudez/de_03/TFGDataset/img/train_t2_0695.png|nnssssssssshhhheeeehhhhteeeNNNssss  eeee   chhuuu
/data3fast/users/mbermudez/de_03/TFGDataset/img/train_t2_0689_1.png|udd   s eeeeeeeeees  sssaasssslllleeeeillleee
/data3fast/users/mbermudez/de_03/TFGDataset/img/train_t2_0885_0.png|nndeerereheehhh   dddeeeedeeeeeleellll   ddeee
/data3fast/users/mbermudez/de_03/TFGDataset/img/train_t2_0111_0.png|fgeeeeesss illllilihhhhhhnnneeeeeNllllll nnneelll
/data3fast/users/mbermudez/de_03/TFGDataset/img/train_t2_0935_0.png|ett    eeeeehhhhuuuuddeeeessttts   nnneeeee
/data3fast/users/mbermudez/de_03/TFGDataset/img/train_t2_0148_1.png|ttttiiitti     ddeee   sscchheeeeee  lllleeeeeeee ssshhe
/data3fast/users/mbermudez/de_03/TFGDataset/img/train_t2_1118_2.png|desshhhauuuuuuu ehheee     nnnnnnnn    aa     eeee
/data3fast/users/mbermudez/de_03/TFGDataset/img/train_t2_0008_1.png|oddd  eennnnnuufuheeNN  ee   ***eesssseee ddd 
/data3fast/users/mbermudez/de_03/TFGDataset/img/train_t2_0336_1.png|chheeeee  u u teeee    aau eeeeeeer     aaa
/data3fast/users/mbermudez/de_03/TFGDataset/img/train_t2_1134_1.png|ttt      aaslleeeeiieeees  uueeeeee   dde
/data3fast/users/mbermudez/de_03/TFGDataset/img/train_t2_0080_0.png|mannnnnd     eeeeeeddee  nnneeeeeeeiinnneeeerree
/data3fast/users/mbermudez/de_03/TFGDataset/img/train_t2_0047.png|wwoeeeeeeeenn ttteee uuu neeeeeeeessss t
/data3fast/users/mbermudez/de_03/TFGDataset/img/train_t2_0490_1.png|errlhh     i  a nnniichtt  iee   eeee   tssheeeeNN
/data3fast/users/mbermudez/de_03/TFGDataset/img/train_t2_0406_2.png|iit       alleittt    dd sslll      iiii
/data3fast/users/mbermudez/de_03/TFGDataset/img/train_t2_0743_0.png|auu   ll nnnnnddeeeeeedddeeeeeeeee  eeee
/data3fast/users/mbermudez/de_03/TFGDataset/img/train_t2_1369_0.png|bbeeeeeee   nnn  ittct    eee  uuueeennnn
/data3fast/users/mbermudez/de_03/TFGDataset/img/train_t2_0994_2.png|drtttt      e  ss      e**  uu  rrschheeeeNNnn
/data3fast/users/mbermudez/de_03/TFGDataset/img/train_t2_1256_0.png|neeeeee***** ttt   uuu  erhheeN   d eeeennnnnntee
/data3fast/users/mbermudez/de_03/TFGDataset/img/train_t2_0347_0.png|drtttteeeeennn iitttt  aa h i       daaaee
/data3fast/users/mbermudez/de_03/TFGDataset/img/train_t2_0499.png|ee  nnnnnn  deertttsaaa  eeeeillhh     nnn   iii
/data3fast/users/mbermudez/de_03/TFGDataset/img/train_t2_0257_0.png|vieelschhtt     aaaasssee    a hhll nn   lchheett
/data3fast/users/mbermudez/de_03/TFGDataset/img/train_t2_0310_2.png|deeee   tteeeeesssssssssse   eeeeeee    eee    s
/data3fast/users/mbermudez/de_03/TFGDataset/img/train_t2_1497_2.png|ttee eeeeereeee    riiiinneeeeee    aaaannn
/data3fast/users/mbermudez/de_03/TFGDataset/img/train_t2_0501_1.png|geeeeesssssssls     dd  iiilleeer reeeeehheeNNnne
/data3fast/users/mbermudez/de_03/TFGDataset/img/train_t2_0390_0.png|bsssseeeeeeeeeelllihhh  hahhh sssseeee    ddeerrreee
/data3fast/users/mbermudez/de_03/TFGDataset/img/train_t2_0596_0.png|tteellleeeeeee     aallllchheeeeee n  aass
/data3fast/users/mbermudez/de_03/TFGDataset/img/train_t2_0784_0.png|de  aaauuuuddddeeetteeNN  sllee     eee     llllle
/data3fast/users/mbermudez/de_03/TFGDataset/img/train_t2_1454_1.png|iirreeeeiithh  neeeeennnnnn ccee   uahheeee
/data3fast/users/mbermudez/de_03/TFGDataset/img/train_t2_0478_0.png|geehhheeeeennnaa   n eeelhhhi      e  iieeeNN ssss
/data3fast/users/mbermudez/de_03/TFGDataset/img/train_t2_0568.png|cheeeee      ssaaa  eeerriiiih eeedeeeetttt
/data3fast/users/mbermudez/de_03/TFGDataset/img/train_t2_0018_2.png|meeeeeett   ddddeeeelleeeeeeeee*****   eeessseeee
/data3fast/users/mbermudez/de_03/TFGDataset/img/train_t2_1385_1.png|iss    ssteeee   eeNNeeedd      ee   scchhhhtteeeeeeettthh
/data3fast/users/mbermudez/de_03/TFGDataset/img/train_t2_1430_0.png|der     eeeee aah  sssss   dn  alllli
/data3fast/users/mbermudez/de_03/TFGDataset/img/train_t2_1334.png|oooeeeeennnneeechh  ddd  tttt nnuuueeeeeelll
/data3fast/users/mbermudez/de_03/TFGDataset/img/train_t2_1220_0.png|iiii     eeeeeeeeuuddd   ttttee        ddd
/data3fast/users/mbermudez/de_03/TFGDataset/img/train_t2_0312_1.png|err nnndddn  eleeseeeettt   nn  llcheeerrinnnnnn
/data3fast/users/mbermudez/de_03/TFGDataset/img/train_t2_0811_2.png|dassseeeeeeeeeeeeiicciiinnllleee     naalllhhh uuuu
/data3fast/users/mbermudez/de_03/TFGDataset/img/train_t2_0422_0.png|eesccchhhaan  ddeeeeeeee  * nnngggeennneeeach
/data3fast/users/mbermudez/de_03/TFGDataset/img/train_t2_0443_1.png|derr  r chttsseeeetttiiiiinieeeeesssssshtttt
/data3fast/users/mbermudez/de_03/TFGDataset/img/train_t2_0256_1.png|mtt   nnnneeeeeeeeeeeeggllssss     nneeennnn
/data3fast/users/mbermudez/de_03/TFGDataset/img/train_t2_0433_1.png|geeeeeeeerrddrrr  uuahhhhh  nn eiiiccss   n
/data3fast/users/mbermudez/de_03/TFGDataset/img/train_t2_1176_2.png|iineeeeeNNeeeeeeeee   aachhilnlllllheeeeeeesssss
/data3fast/users/mbermudez/de_03/TFGDataset/img/train_t2_0249.png|geeeeeeelllllhht       saaa iinh  eeeeeeel   aa  eee
/data3fast/users/mbermudez/de_03/TFGDataset/img/train_t2_0905_0.png|gggeee   cchh   dd     e        ..
/data3fast/users/mbermudez/de_03/TFGDataset/img/train_t2_0491_2.png|aarreeeerrrhhheNN dddd aaaas eeee   ii*****
/data3fast/users/mbermudez/de_03/TFGDataset/img/train_t2_0650_0.png|alleeeeeiieeee  eeeeeeeeee uudddeellllh  dd  sssschhh
/data3fast/users/mbermudez/de_03/TFGDataset/img/train_t2_0284_1.png|oeeeeeeeennnnnnn n  leeeeedddrrrreeessss  d
/data3fast/users/mbermudez/de_03/TFGDataset/img/train_t2_1369_2.png|bbeeeeee  nnnn   icctt   de   ueeeennnn
/data3fast/users/mbermudez/de_03/TFGDataset/img/train_t2_0952.png|bss     nnneeeeseeeeeeeeeeittt   dddee  aaa    diree
/data3fast/users/mbermudez/de_03/TFGDataset/img/train_t2_0494_1.png|wisss  .
/data3fast/users/mbermudez/de_03/TFGDataset/img/train_t2_0535_0.png|meeee   i iii .. llllit dddrer aalleeee  unn
/data3fast/users/mbermudez/de_03/TFGDataset/img/train_t2_0002_2.png|miirttttthleeee   aaaasssssettthhhie
/data3fast/users/mbermudez/de_03/TFGDataset/img/train_t2_0354.png|llhhh   eeeeeettt    deeefg hheeeeettiiieee nnnaaaaa
/data3fast/users/mbermudez/de_03/TFGDataset/img/train_t2_1462_1.png|anneerchhhh  derrehheNN  ddaamheeeeeennnnnsss
/data3fast/users/mbermudez/de_03/TFGDataset/img/train_t2_0607_1.png|geeeee   assss  d sssss   nn aa ssssseeeeeeeeeee
/data3fast/users/mbermudez/de_03/TFGDataset/img/train_t2_0253_0.png|fffnneeeee      sssseeeerrreeett    deeeeeeee
/data3fast/users/mbermudez/de_03/TFGDataset/img/train_t2_0276_0.png|"s        nnnnee    sggllllhhhttt  nnchh
/data3fast/users/mbermudez/de_03/TFGDataset/img/train_t2_1379_2.png|mit eeeeeeeeee nnnllleeeeN   ..
/data3fast/users/mbermudez/de_03/TFGDataset/img/train_t2_0740_0.png|de    eee      deeee ssttthhheeeeee**    cccc     sssseee     an
/data3fast/users/mbermudez/de_03/TFGDataset/img/train_t2_0618_2.png|chhtte        sssss     nnn    n  eeeerrrehhhhhhh  eeerru
/data3fast/users/mbermudez/de_03/TFGDataset/img/train_t2_1104.png|ooeeee unnneeeennnnnn   a ceeeeeeetttt   ddre
/data3fast/users/mbermudez/de_03/TFGDataset/img/train_t2_1234_1.png|ggsssss   eee    rrrttteeeN  sseee nnnnndd rrtts   drre
/data3fast/users/mbermudez/de_03/TFGDataset/img/train_t2_0457_2.png|rrrrresseerrrrrrrri   sssfheeetheeee ddeeessssttttt
/data3fast/users/mbermudez/de_03/TFGDataset/img/train_t2_1131_1.png|iiheeeeeeeerrreeeees uuuunneeeeeeleett    ssschhh
/data3fast/users/mbermudez/de_03/TFGDataset/img/train_t2_0042_0.png|de   eeeee   ssachttnnnn  sseeeeeeeeeiiiiel   dee
/data3fast/users/mbermudez/de_03/TFGDataset/img/train_t2_0351.png|oheeeeeeeeNNNN  ddd  eeeee rrrrr    ssaahhhe
/data3fast/users/mbermudez/de_03/TFGDataset/img/train_t2_0971_2.png|lllhh     lllllaaaahhhhitei    llleeneiilliiiinn
/data3fast/users/mbermudez/de_03/TFGDataset/img/train_t2_0440_2.png|der  a      tttt  ttte     
/data3fast/users/mbermudez/de_03/TFGDataset/img/train_t2_1043.png|oneeeee   chh eee  eeeeeee st   dd ssseeell   nneeee
/data3fast/users/mbermudez/de_03/TFGDataset/img/train_t2_1141.png|maah   iihhhi d  ellaa dd    ssss  e nndddeee
/data3fast/users/mbermudez/de_03/TFGDataset/img/train_t2_0503_1.png|undeeeeeeehhh   ssseeee nnnneiiii    aaah
/data3fast/users/mbermudez/de_03/TFGDataset/img/train_t2_0494.png|wisseNN
/data3fast/users/mbermudez/de_03/TFGDataset/img/train_t2_0838_0.png|ihhh    e aa eeeeettttt  hh  ll   nnnneeeeehh
/data3fast/users/mbermudez/de_03/TFGDataset/img/train_t2_0215_0.png|thrrrr   ht   eeNNsssNN   nn  nnnnn  lhhhee irrreee
/data3fast/users/mbermudez/de_03/TFGDataset/img/train_t2_0481_1.png|seeeeeeeeeeeeeeggee           esssss     uuuann
/data3fast/users/mbermudez/de_03/TFGDataset/img/train_t2_1327_1.png|eeN dnd   aaall eeeeeeeeeeee    nd  elllhssuuu
/data3fast/users/mbermudez/de_03/TFGDataset/img/train_t2_0754_0.png|unn  lsseeeeeeeeNNhNNu   eee nnnniicchheeeeeeeee
/data3fast/users/mbermudez/de_03/TFGDataset/img/train_t2_0369_0.png|vielllhhhhhhaa deeeeeeeNnnnnnneeeeeeeettt   aa
/data3fast/users/mbermudez/de_03/TFGDataset/img/train_t2_0848_1.png|ggnnttttttttnn n iiiii***  llsssss   dddd  ll
/data3fast/users/mbermudez/de_03/TFGDataset/img/train_t2_0681.png|dissssssllls   sssssstttt nnnnneeeeeeeeeee   eeeeeeeee
/data3fast/users/mbermudez/de_03/TFGDataset/img/train_t2_0583_1.png|aaeNN       nnnnn  lllss nttttchhheeNN llllleeeeee
/data3fast/users/mbermudez/de_03/TFGDataset/img/train_t2_1374_1.png|oeeeedd aaaaahh nnnneeiit  na a  ee
/data3fast/users/mbermudez/de_03/TFGDataset/img/train_t2_0619.png|de   eeeeeeeeeerrreeeecchinn    seeeeeeeeeeeee  n  ttttt
/data3fast/users/mbermudez/de_03/TFGDataset/img/train_t2_0917_1.png|##
/data3fast/users/mbermudez/de_03/TFGDataset/img/train_t2_0706_2.png|dee   nnnniiinnnaageeeseeeeNN  n eeeeeesshheeeeNN
/data3fast/users/mbermudez/de_03/TFGDataset/img/train_t2_1390_1.png|nnnni  nnnnnndddeeeesscccch  n sss      ssshhheeee
/data3fast/users/mbermudez/de_03/TFGDataset/img/train_t2_0023_2.png|gerrthhttttteeeeeeeelllenneeinnnnn      deeeeeeeiee
/data3fast/users/mbermudez/de_03/TFGDataset/img/train_t2_0098_1.png|sse         s  iee   aag  h    deee   ssss
/data3fast/users/mbermudez/de_03/TFGDataset/img/train_t2_0239.png|uu   lsssseeeeeeNN   ..
/data3fast/users/mbermudez/de_03/TFGDataset/img/train_t2_0060_2.png|ee    ddd eeessssscchhheeeeehhhh   err  uuuuuuu
/data3fast/users/mbermudez/de_03/TFGDataset/img/train_t2_0032.png|aarrrreeeee    aaudddrrreeeeeeeeeee*neeee eeeeee
/data3fast/users/mbermudez/de_03/TFGDataset/img/train_t2_0345_0.png|mhhhhaaa   ddrreeehhhhN    ddd  illlnnnestteeeeee
/data3fast/users/mbermudez/de_03/TFGDataset/img/train_t2_0964_0.png|tttt      hheeeeee iii   deeeeeeeee  de  lll
/data3fast/users/mbermudez/de_03/TFGDataset/img/train_t2_1420.png|tte   deee  tthh   nnnniillaaassss    unnee  aaa eee
/data3fast/users/mbermudez/de_03/TFGDataset/img/train_t2_0930_2.png|iihhhsssss    * **** cciieneenneeeeeeeeehhhheee sssssss
/data3fast/users/mbermudez/de_03/TFGDataset/img/train_t2_0749_0.png|eeeeeiii chhh eeeee  uuureeeeeeeelll  aahhee  eeeeeeer
/data3fast/users/mbermudez/de_03/TFGDataset/img/train_t2_0118.png|iiehhhhhh  aaaaahh uddderrrehhte      deeeeleieee
/data3fast/users/mbermudez/de_03/TFGDataset/img/train_t2_0270_0.png|aa s ss
/data3fast/users/mbermudez/de_03/TFGDataset/img/train_t2_0897.png|geeenn eeennneiehheeennn eeeesst       alll
/data3fast/users/mbermudez/de_03/TFGDataset/img/train_t2_1294_0.png|anneee     sss   eeeee   eee***  tttt      rrrrhhh
/data3fast/users/mbermudez/de_03/TFGDataset/img/train_t2_0868_2.png|undd rrrr      rreeellheeeehhssssseeee  aa
/data3fast/users/mbermudez/de_03/TFGDataset/img/train_t2_0540_2.png|#
/data3fast/users/mbermudez/de_03/TFGDataset/img/train_t2_0550_0.png|ss eeeeeeehh  nd    n  eeeeeNN a hiieetttttttt
/data3fast/users/mbermudez/de_03/TFGDataset/img/train_t2_0061_1.png|oorrrrrr nnnntttteeeeee   aa ssseeerr
/data3fast/users/mbermudez/de_03/TFGDataset/img/train_t2_1433.png|iihhgeee   unddeeeeechheennneeeee       essssssse
/data3fast/users/mbermudez/de_03/TFGDataset/img/train_t2_0904.png|ee  allleeeiinnneelllee   dneee     rreeeeei
/data3fast/users/mbermudez/de_03/TFGDataset/img/train_t2_1284_0.png|diesseeeeess aaaahhh  aaa ee  ddnn ttttt nnnnuu
/data3fast/users/mbermudez/de_03/TFGDataset/img/train_t2_0012.png|tteeeeeennn drrr auuuu rh  e  nnseseeeee
/data3fast/users/mbermudez/de_03/TFGDataset/img/train_t2_0813_2.png|teeeeeerrrrrreeeesssssllll dd   sscccchheeedddree
/data3fast/users/mbermudez/de_03/TFGDataset/img/train_t2_1306_1.png|dee   nennnnneeeee sshhhtteeeeeeeeeeeiiii    dde
/data3fast/users/mbermudez/de_03/TFGDataset/img/train_t2_0922_1.png|chheeeeeeesssee   nnnnnnn sschhi  elllllsssllls
/data3fast/users/mbermudez/de_03/TFGDataset/img/train_t2_0046_2.png|der     ttt eeee     iii      sshhlee  ddd
/data3fast/users/mbermudez/de_03/TFGDataset/img/train_t2_0838_1.png|chhh   d   aareeeerttttt    aas   nnnnneeeee
/data3fast/users/mbermudez/de_03/TFGDataset/img/train_t2_1130_1.png|rrrrrsstteee ussssst  nnnnddeeeeeeennnneeeeeehhee
/data3fast/users/mbermudez/de_03/TFGDataset/img/train_t2_0993_0.png|aa   eeeeeuuudeeeeee      d  llllhi     essshhe
/data3fast/users/mbermudez/de_03/TFGDataset/img/train_t2_1194_0.png|geNN        t eee thhiie    essssse  uuuunuu  nu seeeeeeee
/data3fast/users/mbermudez/de_03/TFGDataset/img/train_t2_0652_1.png|gee aalllll      ee   aaat     d   eeii**.
/data3fast/users/mbermudez/de_03/TFGDataset/img/train_t2_1221_1.png|oon   eeeeeeelllee        heeeNNN   ttoolllleeeeee
/data3fast/users/mbermudez/de_03/TFGDataset/img/train_t2_0178_0.png|mmhh   ddrrrrrrrr eeeeeeeee uuuua     eeerrrr
/data3fast/users/mbermudez/de_03/TFGDataset/img/train_t2_1233_0.png|wweeeee
/data3fast/users/mbermudez/de_03/TFGDataset/img/train_t2_1364_0.png|sstt eeeeeeeehchhhhhie     aannnhiinneess  eeeee
/data3fast/users/mbermudez/de_03/TFGDataset/img/train_t2_1419.png|geee   ddnnn  tttttt    lllleeeeies    ueeeee
/data3fast/users/mbermudez/de_03/TFGDataset/img/train_t2_1436_0.png|ge   aall eeedeeeeeeeeeeeeee   n      ttttttttt
/data3fast/users/mbermudez/de_03/TFGDataset/img/train_t2_0158.png|ssllleeeeeeeeeeeeeN unndneechnnneeee    ii nnnn
/data3fast/users/mbermudez/de_03/TFGDataset/img/train_t2_0576_2.png|geee       sdde  h    ddeencchhe  ddd   *nnn
/data3fast/users/mbermudez/de_03/TFGDataset/img/train_t2_0294_1.png|uu    aa    rrtttt ssuauu eeehhhheNNN nnneee  sss
/data3fast/users/mbermudez/de_03/TFGDataset/img/train_t2_0213_1.png|so   dd     ssssseee  ofgeeeeeeeesseeeeee     iih
/data3fast/users/mbermudez/de_03/TFGDataset/img/train_t2_1321_0.png|sssteettteeeeeeddeeellleeNN   ee       nnn    
/data3fast/users/mbermudez/de_03/TFGDataset/img/train_t2_1125_0.png|geeettt     d ssssseeeeeee ddeeeeess nnnnddeeerrr
/data3fast/users/mbermudez/de_03/TFGDataset/img/train_t2_1221.png|onn    eeeeeeellee  dd   iih eeeee    ttoollleeeee
/data3fast/users/mbermudez/de_03/TFGDataset/img/train_t2_0114_2.png|dieeeeeehhhhhhuunnddeeeeeennneeeehhhee u ueeeall
/data3fast/users/mbermudez/de_03/TFGDataset/img/train_t2_0033.png|ttieeeeitteesss    nn tchhh err ssssseee    eeeeeeeee
/data3fast/users/mbermudez/de_03/TFGDataset/img/train_t2_0732_0.png|unnnggeeeeee ****** llcchheeeennnnnn
/data3fast/users/mbermudez/de_03/TFGDataset/img/train_t2_0635_1.png|de      hhhhh   lleeeddrrrcchhhtt    ccttt  
/data3fast/users/mbermudez/de_03/TFGDataset/img/train_t2_0621_1.png|sseeeeeNNeeeeennnn     aachhhnhiiiiin aaalleennn
/data3fast/users/mbermudez/de_03/TFGDataset/img/train_t2_0854.png|bbeesasseeeee   hhheeee  srcheeesshhllee    aass dd
/data3fast/users/mbermudez/de_03/TFGDataset/img/train_t2_1055_2.png|sseeeee   acclll         reeetsssssss
/data3fast/users/mbermudez/de_03/TFGDataset/img/train_t2_0947_0.png|maaaa hhhhennnnddeeuuuueeeeetttt     aa
/data3fast/users/mbermudez/de_03/TFGDataset/img/train_t2_0531_2.png|deesseeee n sssssshht     nnnn  d   nnnllleeeee
/data3fast/users/mbermudez/de_03/TFGDataset/img/train_t2_1077_0.png|see  ddeeeriiichheeee     s eaahhh     lleeeee
/data3fast/users/mbermudez/de_03/TFGDataset/img/train_t2_1151_1.png|eeeN
/data3fast/users/mbermudez/de_03/TFGDataset/img/train_t2_1017_0.png|# ee
/data3fast/users/mbermudez/de_03/TFGDataset/img/train_t2_0780_1.png|oonddeeeeeeeeeeeeNN.
/data3fast/users/mbermudez/de_03/TFGDataset/img/train_t2_0909_1.png|tttnnnnniiii     i    reeerrrrreeessseee  uhhhhhhhhh
/data3fast/users/mbermudez/de_03/TFGDataset/img/train_t2_0694_0.png|eettttttrrt  nnnnheee     aa  eeeeeeeeeeee
/data3fast/users/mbermudez/de_03/TFGDataset/img/train_t2_1299_0.png|mit  eerrreetheN    daaaslliihnnaagssssseeeehhhhh
/data3fast/users/mbermudez/de_03/TFGDataset/img/train_t2_0907.png|wweeeeeeee****nnnnnnee  eeeeee**eee lcaaaaleeeiiin
/data3fast/users/mbermudez/de_03/TFGDataset/img/train_t2_0845_2.png|deee   neeeehhhheeeeN  a sssss  aaaasschseeee
/data3fast/users/mbermudez/de_03/TFGDataset/img/train_t2_0955.png|wllll        .......lllN         eeeeeeNuuuueeeeN    
/data3fast/users/mbermudez/de_03/TFGDataset/img/train_t2_0479_2.png|leeeeee llall  dddderrrcaa  ddd rriiillln
/data3fast/users/mbermudez/de_03/TFGDataset/img/train_t2_0441.png|tt egeeeeee  ddd      aasss    itttt   ddee
/data3fast/users/mbermudez/de_03/TFGDataset/img/train_t2_1414_2.png|ooo eeee nnnnneeeeeeee d aeeeeeee dd  aeeeee
/data3fast/users/mbermudez/de_03/TFGDataset/img/train_t2_1070_2.png|wwll       tttthh uuu dd eett   ddeeee
/data3fast/users/mbermudez/de_03/TFGDataset/img/train_t2_0655.png|wissssessllllchhhhee nnnnn  eeeee    a asssss
/data3fast/users/mbermudez/de_03/TFGDataset/img/train_t2_1266.png|nn    ee  ssssshehehN  nnnnnggee  nnnnnnneee
/data3fast/users/mbermudez/de_03/TFGDataset/img/train_t2_0774_1.png|daaeeeeeeNaaa neeeeechhhNN  nd  eeheeeNeeeeeeee
/data3fast/users/mbermudez/de_03/TFGDataset/img/train_t2_1401_2.png|innd erttttttthhhNN uu deeerrrrr  uuuuuutee
/data3fast/users/mbermudez/de_03/TFGDataset/img/train_t2_1450_2.png|maa     eeeeeee iitt nnnlleeeeeeeelllhiiee  aaahhh
/data3fast/users/mbermudez/de_03/TFGDataset/img/train_t2_0699.png|sheeeNeeeeeeeee e edd   hhh  eeehllggeeettt  ssaaa
/data3fast/users/mbermudez/de_03/TFGDataset/img/train_t2_0655_0.png|wiessssssshhhhhiiinnnnnnn  eeee    u a ss
/data3fast/users/mbermudez/de_03/TFGDataset/img/train_t2_0511_2.png|ooonel   nneeeeeennn uu  rttt   a  rrreeeee 
/data3fast/users/mbermudez/de_03/TFGDataset/img/train_t2_0987_2.png|# d
/data3fast/users/mbermudez/de_03/TFGDataset/img/train_t2_0750_1.png|rreee    d   iiittttt   s   eee**** ssscaaa  deeee
/data3fast/users/mbermudez/de_03/TFGDataset/img/train_t2_1312_1.png|eesllhhh  eeeeeeeeeeeeiii n     eeeeee
/data3fast/users/mbermudez/de_03/TFGDataset/img/train_t2_0652.png|eee  a llls    h      sacch    a     iiiiiii.
/data3fast/users/mbermudez/de_03/TFGDataset/img/train_t2_0024_0.png|bbeeeeeesssssttt   eehhh   eeeeee*    ss    dee
/data3fast/users/mbermudez/de_03/TFGDataset/img/train_t2_0107.png|dee  seeeeeeddd riiiiinnnneeeeee  rrhhet  dr
/data3fast/users/mbermudez/de_03/TFGDataset/img/train_t2_1167_2.png|undddeeeesssscccchheeleeeee   naaa  eee deeeeee
/data3fast/users/mbermudez/de_03/TFGDataset/img/train_t2_0106.png|"      schhh  d e  .   eerrchheeNNN
/data3fast/users/mbermudez/de_03/TFGDataset/img/train_t2_1406_2.png|der aaaau neeiittee eellli     sschhhhuuudddeeeeehhte
/data3fast/users/mbermudez/de_03/TFGDataset/img/train_t2_1431_2.png|de   NcehNN nnnnnnnnnnneettteeee ssssssee
/data3fast/users/mbermudez/de_03/TFGDataset/img/train_t2_0090_0.png|deeellleeee  nneeeee    hhaa   iee
/data3fast/users/mbermudez/de_03/TFGDataset/img/train_t2_0329_2.png|rrhhheeNNNNNNssss    chhti   ee lie      aacllee  nnnn
/data3fast/users/mbermudez/de_03/TFGDataset/img/train_t2_0013_0.png|un sseee  ddddrrhheeeeeeNN .
/data3fast/users/mbermudez/de_03/TFGDataset/img/train_t2_1208.png|dass eeeeeeee nnaaaheeeee  sttreeeelllinn
/data3fast/users/mbermudez/de_03/TFGDataset/img/train_t2_1285_2.png|dd   eeeeeeee  aaeeeeeeeeeeee    llllheeee   *****eeeennnn
/data3fast/users/mbermudez/de_03/TFGDataset/img/train_t2_1385_0.png|iss     eeeeeeeeeeeeeee ddd reeeed   acchhhheee eeeehhhhh
/data3fast/users/mbermudez/de_03/TFGDataset/img/train_t2_0236_0.png|aasseeeeeeeggeeri    rrrrdddaasssseehhh
/data3fast/users/mbermudez/de_03/TFGDataset/img/train_t2_1105_0.png|tte   rrrreeeeellllleed  seeeehhhheet   ndd  eeeeeee
/data3fast/users/mbermudez/de_03/TFGDataset/img/train_t2_0340.png|lllle   eeellhhhhhannnnndddddiiiieeeennneeeessss
/data3fast/users/mbermudez/de_03/TFGDataset/img/train_t2_0199_2.png|wiil  eellleeeeedddrrrr  sseerrrrtthhhhhhee
/data3fast/users/mbermudez/de_03/TFGDataset/img/train_t2_0841_0.png|seeeeeettttccleeN  uaaa eee      aaaseeedeeeeenn
/data3fast/users/mbermudez/de_03/TFGDataset/img/train_t2_1155_1.png|irrrrrrrrrrr         reeeeee  hhhhh  d eeell
/data3fast/users/mbermudez/de_03/TFGDataset/img/train_t2_1263_1.png|geehhttteee uuuueeeee    iiii  i ii      desss
/data3fast/users/mbermudez/de_03/TFGDataset/img/train_t2_0094.png|anne  sssssst   eeee nnnnuuuuuhee       *  *  iiilllhhh
/data3fast/users/mbermudez/de_03/TFGDataset/img/train_t2_0459_0.png|seN   uuuaaau   e  iitiiieeeiieeieeee  aaaanneeeee
/data3fast/users/mbermudez/de_03/TFGDataset/img/train_t2_0755.png|iiesttttttnnnnn  s  a     aaaa    leeeee  aaa
/data3fast/users/mbermudez/de_03/TFGDataset/img/train_t2_0010_2.png|neeetttti nnn  eee    d  iieeee  ****    ss     ddeeeeiee
/data3fast/users/mbermudez/de_03/TFGDataset/img/train_t2_0053_2.png|assss      sssssss hh       s  eeee  rtttteessst
/data3fast/users/mbermudez/de_03/TFGDataset/img/train_t2_0377_2.png|dasss tttttssssssaa  niiii eeeeesssschhh teee
/data3fast/users/mbermudez/de_03/TFGDataset/img/train_t2_1077_1.png|sse  deeeretthhhhheee       a  h    a alleeess
/data3fast/users/mbermudez/de_03/TFGDataset/img/train_t2_1353.png|geennn  esss   ssss eeesseeee   uureeeeeeseeeedde
/data3fast/users/mbermudez/de_03/TFGDataset/img/train_t2_0913_2.png|aat     eeelhh   ahhheeNd  eiitteeee   ssttttt
/data3fast/users/mbermudez/de_03/TFGDataset/img/train_t2_0657.png|annneeeee   eeessseeeeeee     ddeeeeeNNN    sshhhNNNNN
/data3fast/users/mbermudez/de_03/TFGDataset/img/train_t2_0870.png|aass   eeeeeeihhhh    daa    aaa  eeeleeeNN
/data3fast/users/mbermudez/de_03/TFGDataset/img/train_t2_0258.png|ggggnneeee  esseeeahhhht a asssssoiinineeee
/data3fast/users/mbermudez/de_03/TFGDataset/img/train_t2_0446_2.png|dee  hi    d ss    iii*******nnnn sseeeeee   lllhhiee
/data3fast/users/mbermudez/de_03/TFGDataset/img/train_t2_0643_0.png|der llcccccctctti  ddeeeelllsss   nnn  n    nnndee
/data3fast/users/mbermudez/de_03/TFGDataset/img/train_t2_1389_1.png|beed eeeehhh    d acchhhieeeeeeennnnntttt
/data3fast/users/mbermudez/de_03/TFGDataset/img/train_t2_0459.png|seeN   nuauuuu nnnn ttii  eeiiieieee   aaaanneeeee
/data3fast/users/mbermudez/de_03/TFGDataset/img/train_t2_1041_1.png|meeee  uahhhhhteeN
/data3fast/users/mbermudez/de_03/TFGDataset/img/train_t2_1214_0.png|uuu    ralll  d  lliii    sseeeee uuuu e  sshhhee
/data3fast/users/mbermudez/de_03/TFGDataset/img/train_t2_0017.png|diee nnnnnan n e  ttt **  sscchhheeeeeeee
/data3fast/users/mbermudez/de_03/TFGDataset/img/train_t2_0575_2.png|u   eeehhee  d aaahheeeedddeeeellleeeeeeeeetttnnnn
/data3fast/users/mbermudez/de_03/TFGDataset/img/train_t2_0571_2.png|bbeeeeee uuuusseeee nn  eeeee  lllllnnnnnni
/data3fast/users/mbermudez/de_03/TFGDataset/img/train_t2_0723_0.png|ggee       alllhhheeee   aaan dd  eetteeeee
/data3fast/users/mbermudez/de_03/TFGDataset/img/train_t2_0068_2.png|eetttcchhhheeeede   aa      aaa  eeeeee nnnnaaall
/data3fast/users/mbermudez/de_03/TFGDataset/img/train_t2_1251_2.png|beeeeee    aaheeeeee   e   eeeeteeeeeeeel
/data3fast/users/mbermudez/de_03/TFGDataset/img/train_t2_0587_0.png|der aaa  d   t   nd eeeneeennrtthhheee   assse
/data3fast/users/mbermudez/de_03/TFGDataset/img/train_t2_0097_1.png|ttttttttttt    rr  aaaa   iiie innniiilllaaas
/data3fast/users/mbermudez/de_03/TFGDataset/img/train_t2_0508_1.png|"  eeeeeee   sssschh aasssselleeeeeeeee   
/data3fast/users/mbermudez/de_03/TFGDataset/img/train_t2_1280_0.png|geeeeeN
/data3fast/users/mbermudez/de_03/TFGDataset/img/train_t2_0079_1.png|mi   eeeeeehhhNNNsss  nnn     d  illlheeennuddddd
/data3fast/users/mbermudez/de_03/TFGDataset/img/train_t2_0308_0.png|dertttt    eeee   tteeeeeeeenncchcn  deeee     ssss
/data3fast/users/mbermudez/de_03/TFGDataset/img/train_t2_1393_0.png|nnneeeegggeNN
/data3fast/users/mbermudez/de_03/TFGDataset/img/train_t2_0702_0.png|hheeeeessssseeeeessll  nnicctt  lllleeeeee
/data3fast/users/mbermudez/de_03/TFGDataset/img/train_t2_1148_0.png|te dddddrreeeeeeessssss llllla     eeeee
/data3fast/users/mbermudez/de_03/TFGDataset/img/train_t2_1424_2.png|rrrhheeeeee  aaaa eee nnn   aaanneeee uuueeeeshhhheeNNNN
/data3fast/users/mbermudez/de_03/TFGDataset/img/train_t2_0566_2.png|der sslllleeee    de   hhh  auu deeee sttcaa    r
/data3fast/users/mbermudez/de_03/TFGDataset/img/train_t2_0246_2.png|ist          ngeeeee ss   eeeillcheeeNe***e
/data3fast/users/mbermudez/de_03/TFGDataset/img/train_t2_1190_0.png|aas hthii   rrettt    ddesttttnnnnieeeee dddeeeee
/data3fast/users/mbermudez/de_03/TFGDataset/img/train_t2_0258_0.png|gggg  eeeeeesssee  hhhh  aaaassstttti  ede
/data3fast/users/mbermudez/de_03/TFGDataset/img/train_t2_1290.png|bss       deeeee   ssschheeee  chhhee aaau dee
/data3fast/users/mbermudez/de_03/TFGDataset/img/train_t2_0817_2.png|dee   llllliiii  iicch  eeeeeee    eeieeeN  lllllhsseeess
/data3fast/users/mbermudez/de_03/TFGDataset/img/train_t2_1463_0.png|innddeeeee*tttt   dder     iiiee  *****iieeeeeeeee
/data3fast/users/mbermudez/de_03/TFGDataset/img/train_t2_0951_2.png|ooeeeeeellhhhhheeeeeeeeeeeeeehhee ttssssllee n
/data3fast/users/mbermudez/de_03/TFGDataset/img/train_t2_0651_1.png|bttt   eeeeee a   ssseeennnnndd     sss eeennnncch
/data3fast/users/mbermudez/de_03/TFGDataset/img/train_t2_1139.png|trnnnn     ed aaahhhhheeee   nillee  eeeee*
/data3fast/users/mbermudez/de_03/TFGDataset/img/train_t2_0231_1.png|wisssssshhuuunnnnnnn eeeeeeerhhhheeee      teeeeet
/data3fast/users/mbermudez/de_03/TFGDataset/img/train_t2_0882_2.png|aeeee     eeeeeee    nneeeee    ** ssstchnn
/data3fast/users/mbermudez/de_03/TFGDataset/img/train_t2_0360_0.png|aaasaaaaaauuu sslhhh    ssseeeehhheee   aa    im
/data3fast/users/mbermudez/de_03/TFGDataset/img/train_t2_0410_1.png|reeeeeeeeeeeeeeeeeccheeeeee****   sscchl  nnnn    i 
/data3fast/users/mbermudez/de_03/TFGDataset/img/train_t2_0871_0.png|geeeeeeeee   ddd   e   dddd    er aauu eeeeell
/data3fast/users/mbermudez/de_03/TFGDataset/img/train_t2_0260_0.png|ineeNNssss   nneeeettttinieeelllll aaaaaseeeeeNN
/data3fast/users/mbermudez/de_03/TFGDataset/img/train_t2_0154_0.png|errr  errhttttttttteee       eeee     iiiee
/data3fast/users/mbermudez/de_03/TFGDataset/img/train_t2_0231.png|wissssssssshunnnnnnnn eeeeeercchhheNNN nn   eeeeee
/data3fast/users/mbermudez/de_03/TFGDataset/img/train_t2_1197_0.png|weeee       sttts        dd  ss   trrrrii
/data3fast/users/mbermudez/de_03/TFGDataset/img/train_t2_0655_1.png|wiessss  allcchiiiiinnnnn ieeee     aaa
/data3fast/users/mbermudez/de_03/TFGDataset/img/train_t2_0854_0.png|bbebaaaeeeeerruahhhieeer ttttheehlllle    aaaassd
/data3fast/users/mbermudez/de_03/TFGDataset/img/train_t2_1286.png|auu      ssttt nnd  tttheeettchh  ddereeeeee
/data3fast/users/mbermudez/de_03/TFGDataset/img/train_t2_0846_1.png|ah  eeee      eeeeeee cccheeeeiiiiiineeeeee   nnneeee
/data3fast/users/mbermudez/de_03/TFGDataset/img/train_t2_1345_0.png|geer  d    d rrccchhi nnnnna    llee
/data3fast/users/mbermudez/de_03/TFGDataset/img/train_t2_1363_1.png|urrrrr   iiii    ssslllessl ee   ieeet    e  au
/data3fast/users/mbermudez/de_03/TFGDataset/img/train_t2_0436_2.png|dasssss   neeeeiitielhhhhe   eiiitt nnn eeeesshheee
/data3fast/users/mbermudez/de_03/TFGDataset/img/train_t2_1043_0.png|ooeeee  aahhh      meeeeee       d  ssseeeel   nnneeee
/data3fast/users/mbermudez/de_03/TFGDataset/img/train_t2_1342.png|aanneeerreeuuuuddennnnddd   liiiil ddeeeeeeeNNuau
/data3fast/users/mbermudez/de_03/TFGDataset/img/train_t2_1101_2.png|drttteessllllleee  ddd ahhheeeN aaaaa d
/data3fast/users/mbermudez/de_03/TFGDataset/img/train_t2_1203.png|geeesssssttttnnne  lllllleeiinngellllleeeee
/data3fast/users/mbermudez/de_03/TFGDataset/img/train_t2_1307_2.png|cheeeeeeee   aa dd eeegggggnnn    uuueeeeeere
/data3fast/users/mbermudez/de_03/TFGDataset/img/train_t2_1038_0.png|drraaauuuf nnnneeeeee tttthhfeeennnnetttt  irr
/data3fast/users/mbermudez/de_03/TFGDataset/img/train_t2_0155.png|aa         nnnn ssssttii      eesseeeett nnneeeNNNN
/data3fast/users/mbermudez/de_03/TFGDataset/img/train_t2_0071_1.png|anddessss eee    a h  eeeeeeee sccllee    nnndde
/data3fast/users/mbermudez/de_03/TFGDataset/img/train_t2_1091_2.png|eeee      eeesss   aaheeeeee    eeeeeee    drrrrrreeerr
/data3fast/users/mbermudez/de_03/TFGDataset/img/train_t2_1378_1.png|oeeeer            aas tchchnnn s    eee   ssshhhh
/data3fast/users/mbermudez/de_03/TFGDataset/img/train_t2_1106_1.png|ollleee    deeee    maahh   eestt **     icchhhhh
/data3fast/users/mbermudez/de_03/TFGDataset/img/train_t2_1293_0.png|ales aaaa eeeeeet  n aaffeeeeeecttuu d eeseeee
/data3fast/users/mbermudez/de_03/TFGDataset/img/train_t2_0258_2.png|ggggn eeeee ssseeeehhhhht  aasssstttt nnde
/data3fast/users/mbermudez/de_03/TFGDataset/img/train_t2_1268_0.png|wii     aa ddee         aaa seeeeNNNNNNNunnd
/data3fast/users/mbermudez/de_03/TFGDataset/img/train_t2_1493_2.png|geehheeeN    
/data3fast/users/mbermudez/de_03/TFGDataset/img/train_t2_1326_2.png|sssee    nnnnn    nn    ddeeeeeeeeeettttt     rrrrhhh
/data3fast/users/mbermudez/de_03/TFGDataset/img/train_t2_0361_0.png|#  ee
/data3fast/users/mbermudez/de_03/TFGDataset/img/train_t2_1163_2.png|weeeeeesslll  d  hhuu  eeetttnnuuu eeeeee***
/data3fast/users/mbermudez/de_03/TFGDataset/img/train_t2_0889.png|seeeeelheeeeeettteereeeeeeeeeeeeeeeeeeettttt
/data3fast/users/mbermudez/de_03/TFGDataset/img/train_t2_0043_1.png|da   eehhhha leeeeee asseeeehhhhee eeeiiee
/data3fast/users/mbermudez/de_03/TFGDataset/img/train_t2_0462_0.png|ee   elcchh edeereeeeeeel  errrreerrrr    ssseeelll
/data3fast/users/mbermudez/de_03/TFGDataset/img/train_t2_1266_0.png|nn  e ee sssssllchhhh   nnngeee    nnnnieee
/data3fast/users/mbermudez/de_03/TFGDataset/img/train_t2_0315_0.png|un   eeeeeeiiennn dddeeeree  nnnnnnaaeeeeeeeee
/data3fast/users/mbermudez/de_03/TFGDataset/img/train_t2_0795_1.png|errnnnnnnnnnn eeeliih aaasseeeiiiiit     aaaaa eee
/data3fast/users/mbermudez/de_03/TFGDataset/img/train_t2_0446.png|der hhii      sss   iiii*****nnnn  ttsee  e  ilchhie
/data3fast/users/mbermudez/de_03/TFGDataset/img/train_t2_0102_0.png|aan  eeeeeennnneeee ttcht  nddeeiiiieeeeeee m
/data3fast/users/mbermudez/de_03/TFGDataset/img/train_t2_0250_1.png|teellee   ttttttte  ddd essseeee   lllee    eeelll
/data3fast/users/mbermudez/de_03/TFGDataset/img/train_t2_0737_0.png|des     d  iiinnncchhllleeeeeeeee  ttnn
/data3fast/users/mbermudez/de_03/TFGDataset/img/train_t2_0434_1.png|iittth   nnllnn eeeeieeeeeeetsschh   ee sssss
/data3fast/users/mbermudez/de_03/TFGDataset/img/train_t2_0237_0.png|aassss 
/data3fast/users/mbermudez/de_03/TFGDataset/img/train_t2_1411.png|mi    aeeeeeeeerrreeee u       eeeetttt
/data3fast/users/mbermudez/de_03/TFGDataset/img/train_t2_0764_2.png|fnneeeeennniilllll dddrr ahhheenn a  eeeehhtuu
/data3fast/users/mbermudez/de_03/TFGDataset/img/train_t2_1138_2.png|aeeee       nnnee  sssseeleeeee  deeeeeeeee   ee
/data3fast/users/mbermudez/de_03/TFGDataset/img/train_t2_0074.png|tt    eeeeehhhh ddeee  aaa eeee   nnnn iiitt
/data3fast/users/mbermudez/de_03/TFGDataset/img/train_t2_0015_2.png|drrrrrrrrrrree eee ddeeeeeeeeeN  ll     sstttt
/data3fast/users/mbermudez/de_03/TFGDataset/img/train_t2_0565.png|ffeeeeee     dddsssiiit  aachheetse    esreth
/data3fast/users/mbermudez/de_03/TFGDataset/img/train_t2_0383.png|irrrrrreetteeeeetttheeNe dd     dd   n llllllleeeneeeee
/data3fast/users/mbermudez/de_03/TFGDataset/img/train_t2_1421.png|seehhtttt      ..
/data3fast/users/mbermudez/de_03/TFGDataset/img/train_t2_1116_2.png|de   nnnnnn  alaa  ssa  nd sssstttaaaalllee
/data3fast/users/mbermudez/de_03/TFGDataset/img/train_t2_0268_1.png|auuuuu n   ttttnnnnnnnalass  eee eee cchhhtnntttttt
/data3fast/users/mbermudez/de_03/TFGDataset/img/train_t2_0896_0.png|uu eeeeeell asssshheederrrdddr aalseeeeu
/data3fast/users/mbermudez/de_03/TFGDataset/img/train_t2_1499.png|eeN   aaallla  dddeeeeeeee  ss     chhhhhttt edesll
/data3fast/users/mbermudez/de_03/TFGDataset/img/train_t2_1242_2.png|rrrrcchhssssss      ssss deeereeehe  ssssss eed rrrrssch
/data3fast/users/mbermudez/de_03/TFGDataset/img/train_t2_1179_2.png|da    eeerhhhe  uuuuuu eeeeeeeee***  nnnn d  schhtt
/data3fast/users/mbermudez/de_03/TFGDataset/img/train_t2_1045_1.png|wlllhht   ddrrrrttttr    aall esseees uuueeeee
/data3fast/users/mbermudez/de_03/TFGDataset/img/train_t2_0626_1.png|de  nnnnel n  eerrtt       nd eeeeeseeeee
/data3fast/users/mbermudez/de_03/TFGDataset/img/train_t2_1462_0.png|aaddrrrhhhhh  eeeehhheNN dd amhheeeennnnnss
/data3fast/users/mbermudez/de_03/TFGDataset/img/train_t2_0035_1.png|dee  tiieie nnnnlllhh  ddeeeestttte   eeeiaaa
/data3fast/users/mbermudez/de_03/TFGDataset/img/train_t2_0077_1.png|iennnnn   cchhheeNe   eesslll nnnnnuaaassss
/data3fast/users/mbermudez/de_03/TFGDataset/img/train_t2_1443_0.png|aahheeee  aalls  nneennnneee*****nen**nnllllls    eee
/data3fast/users/mbermudez/de_03/TFGDataset/img/train_t2_0525_2.png|beelleeeeesssteeeee    sssttl  iiien  uuuunne nn lll
/data3fast/users/mbermudez/de_03/TFGDataset/img/train_t2_1381_0.png|tt*     i tttt  a    stt    llleed  aa eeeeeeeeeeenn
/data3fast/users/mbermudez/de_03/TFGDataset/img/train_t2_1358.png|dassseeeee  nnd  sttt     eeeennnnneeee******. 
/data3fast/users/mbermudez/de_03/TFGDataset/img/train_t2_1050_1.png|weeee  dd  tttts  dddereeeeee     eeeeeeeee
/data3fast/users/mbermudez/de_03/TFGDataset/img/train_t2_1338_0.png|ieeeesshhheeeeerrrrrrrrrnnniiiiiii***  llsssssN
/data3fast/users/mbermudez/de_03/TFGDataset/img/train_t2_1393_2.png|undeenngeelN
/data3fast/users/mbermudez/de_03/TFGDataset/img/train_t2_0103_0.png|#ssee
/data3fast/users/mbermudez/de_03/TFGDataset/img/train_t2_0724_2.png|gee   aass   eeeeeeeee   aaa eessttt nnnnn ettsee
/data3fast/users/mbermudez/de_03/TFGDataset/img/train_t2_1132_2.png|rrrrllseellllllleeeeee    sse     ccsss  dd
/data3fast/users/mbermudez/de_03/TFGDataset/img/train_t2_0247_1.png|aaau   ddrereeere  ndderrhhahleeeeee     rree
/data3fast/users/mbermudez/de_03/TFGDataset/img/train_t2_0873_2.png|iinnn   eeee    aalss eeeeeilll   iii       sschhhhhh
/data3fast/users/mbermudez/de_03/TFGDataset/img/train_t2_1102_2.png|aauua   eeeeeee ....
/data3fast/users/mbermudez/de_03/TFGDataset/img/train_t2_1324_0.png|chhh  sssseeeeeei ***       d   clhhhi    naddddeee
/data3fast/users/mbermudez/de_03/TFGDataset/img/train_t2_1145_0.png|foeeeeeeeeee      d  ssseeeeee    aa    ddeeeeeee
/data3fast/users/mbermudez/de_03/TFGDataset/img/train_t2_1169.png|derrrreei  nnoo  onnnn   eeeeeee    aaaaaassfeeee
/data3fast/users/mbermudez/de_03/TFGDataset/img/train_t2_1464.png|nneesss     nnnnn   dddddeeeedddee lcccheee uuahhhh
/data3fast/users/mbermudez/de_03/TFGDataset/img/train_t2_1015.png|tt  aaaaaa   eeiiiiieee sss  nnnneeeee     ee
/data3fast/users/mbermudez/de_03/TFGDataset/img/train_t2_0838_2.png|ihh       aa  eeeeetttttt   aa   nnnnnnneeehhl
/data3fast/users/mbermudez/de_03/TFGDataset/img/train_t2_1323_0.png|beeeeeeeeiilllhhhhhleeleeeeeh  uuunddd esssseeee
/data3fast/users/mbermudez/de_03/TFGDataset/img/train_t2_0341_2.png|eestthhheeeeeeeerrehhtttt  ddeeerhheeeee aa
/data3fast/users/mbermudez/de_03/TFGDataset/img/train_t2_1392_0.png|# 
/data3fast/users/mbermudez/de_03/TFGDataset/img/train_t2_0535_1.png|meee    iii .... llllliiddddrr aalleeeeNN ddd
/data3fast/users/mbermudez/de_03/TFGDataset/img/train_t2_0416.png|bssshh ee         dd  eeessshhh NNN       iiiiieeees
/data3fast/users/mbermudez/de_03/TFGDataset/img/train_t2_0272_1.png|mi   lllhNN  dddd   cccchaa      eeeeeeerrrii
/data3fast/users/mbermudez/de_03/TFGDataset/img/train_t2_0637_2.png|bsss uddddd  sseeehennnneeeeelsssssee     eeeeee
/data3fast/users/mbermudez/de_03/TFGDataset/img/train_t2_0908_2.png|st  ddeegggggnnuueeeeeeeeit   auunnnn  rttt
/data3fast/users/mbermudez/de_03/TFGDataset/img/train_t2_1062_2.png|aageeeee    ieeeeeeeeeeeeee   osscchhttseeeee   sssss
/data3fast/users/mbermudez/de_03/TFGDataset/img/train_t2_0222_2.png|ttt******s     se    ee sssggnnnnneeeeessssee **    eee
/data3fast/users/mbermudez/de_03/TFGDataset/img/train_t2_0079.png|mi   eeeeehheNNssss  nnn        illlheeNnndddee
/data3fast/users/mbermudez/de_03/TFGDataset/img/train_t2_0376.png|aahhheeeeeeeeeeeri   deeeiihhnnnnneeeeeeetttllh
/data3fast/users/mbermudez/de_03/TFGDataset/img/train_t2_1283.png|oooottttteeee    aa  eeeeeeeennnnnnn aaa  eeeee
/data3fast/users/mbermudez/de_03/TFGDataset/img/train_t2_0527_2.png|dee llcheeennnn eellhh   aaaaaaa   eerrrhheeee
/data3fast/users/mbermudez/de_03/TFGDataset/img/train_t2_0239_1.png|z    llssseeeeeee   .
/data3fast/users/mbermudez/de_03/TFGDataset/img/train_t2_0083_1.png|uuuggeeeeeeeeeetttt  eee    rrrrr aa ttossss
/data3fast/users/mbermudez/de_03/TFGDataset/img/train_t2_1491_2.png|als   dddeee**********    eerrcchhhsseee  ssschheeee
/data3fast/users/mbermudez/de_03/TFGDataset/img/train_t2_0198.png|dii   nn nntttttt   llllleeeeeeeeeee   sschhheeNNu
/data3fast/users/mbermudez/de_03/TFGDataset/img/train_t2_0128.png|ihh  eeee llli  deeeehhhh  nndeeee  t   ddd aee
/data3fast/users/mbermudez/de_03/TFGDataset/img/train_t2_0272.png|mi    llee   dddeer aachhaa      eeeeeeeeriii
/data3fast/users/mbermudez/de_03/TFGDataset/img/train_t2_0914_1.png|assss e   eeeeerrtt  ssseeeee    eeeeeeerrrrrrrr
/data3fast/users/mbermudez/de_03/TFGDataset/img/train_t2_0016_0.png|geeeeee tttilll
/data3fast/users/mbermudez/de_03/TFGDataset/img/train_t2_0243_0.png|aacheeeeeee uuuuahheeNN ahhht  eeeeeee  aa  eeee
/data3fast/users/mbermudez/de_03/TFGDataset/img/train_t2_0344_0.png|nnneeeeauuu  assshet       nnn   lhhheeeedddaaa
/data3fast/users/mbermudez/de_03/TFGDataset/img/train_t2_0490_2.png|erllll       i  nnnnittttnnii  aeeee  tttslllee
/data3fast/users/mbermudez/de_03/TFGDataset/img/train_t2_0866_0.png|fffnesssss   eennnttttee      eeeeeeeeeeedrrr
/data3fast/users/mbermudez/de_03/TFGDataset/img/train_t2_1261.png|drtttee  e    rreeeee  nneeeeeeesllleenn
/data3fast/users/mbermudez/de_03/TFGDataset/img/train_t2_0309_2.png|dassslelleeeeeehhe    dsss  a  a ii  drrrehhhhh
/data3fast/users/mbermudez/de_03/TFGDataset/img/train_t2_0787.png|eeeee   n    iiiiinnneeee   du  rre   n llll
/data3fast/users/mbermudez/de_03/TFGDataset/img/train_t2_0467_0.png|unn  ttttttiiine    ssseeettt aaaa   oiitttt  nddeee
/data3fast/users/mbermudez/de_03/TFGDataset/img/train_t2_0894.png|uneeeeertttsh eeeeeeeeeNN nn  llllieeerrrdddrr     i
/data3fast/users/mbermudez/de_03/TFGDataset/img/train_t2_1100_1.png|ihhh   rrrreeee  hhlsNNNN s ee lcaaaa ddeeeeiii
/data3fast/users/mbermudez/de_03/TFGDataset/img/train_t2_1401.png|inndeeesssttchhhhNNN uudeeerrrr   uuuueeeeu
/data3fast/users/mbermudez/de_03/TFGDataset/img/train_t2_0501.png|geehhheessslllsss       eelllleeedereeeccheeNnnneee
/data3fast/users/mbermudez/de_03/TFGDataset/img/train_t2_0484_0.png|brrrreeeeeeeenniii  aaaa uuu deeeeeeee  hh tttt
/data3fast/users/mbermudez/de_03/TFGDataset/img/train_t2_0237_1.png|aasse 
/data3fast/users/mbermudez/de_03/TFGDataset/img/train_t2_0075_0.png|"   rrtteee ssss  ....
/data3fast/users/mbermudez/de_03/TFGDataset/img/train_t2_0120_0.png|aaseeeeeee dddrrrrtttiieeee  lll dddaahhhieneee
/data3fast/users/mbermudez/de_03/TFGDataset/img/train_t2_1366_0.png|beeeeeinnnn eeeeeeet t   ddd eiiit        uugeeeee
/data3fast/users/mbermudez/de_03/TFGDataset/img/train_t2_0806_0.png|eeNNN    tt    eeeeessseeN   dd elllleeiien
/data3fast/users/mbermudez/de_03/TFGDataset/img/train_t2_0122_0.png|au eeeeeeeed   eeeeeeegssfgggeeeeeeeeii  aaa
/data3fast/users/mbermudez/de_03/TFGDataset/img/train_t2_0286_1.png|# 
/data3fast/users/mbermudez/de_03/TFGDataset/img/train_t2_0171_0.png|iiee
/data3fast/users/mbermudez/de_03/TFGDataset/img/train_t2_0414_2.png|geei   nnn    eessllhhtettt   nnnnnenn  uuu s eeeee
/data3fast/users/mbermudez/de_03/TFGDataset/img/train_t2_0661_0.png|iiiierrrrrr neeessss eeeee    .
/data3fast/users/mbermudez/de_03/TFGDataset/img/train_t2_0163_1.png|diinnnneeeeeeeeeittt  ddee shhhhhheeNeeescchhhhhnnn
/data3fast/users/mbermudez/de_03/TFGDataset/img/train_t2_0898_0.png|rreeeeeellle   eeerrchheeN  eeee  nndddeeeeee
/data3fast/users/mbermudez/de_03/TFGDataset/img/train_t2_1499_2.png|ee   aaaaaaaaa ddeeeeeseette ss l  hhhhhtttseeee lll
/data3fast/users/mbermudez/de_03/TFGDataset/img/train_t2_1217_1.png|wlll      sssssllseee drrr   t  deee   eteee un
/data3fast/users/mbermudez/de_03/TFGDataset/img/train_t2_1435_1.png|mii   eeeetttchsssttt   dderrssssssss auuu
/data3fast/users/mbermudez/de_03/TFGDataset/img/train_t2_0279.png|deeee***nnnnnnnnaaaa ddiieee     eer        rhhh
/data3fast/users/mbermudez/de_03/TFGDataset/img/train_t2_0458.png|dii   tttt       ssssshht ee  llhh   ddeeeehheeeNNNNsssss
/data3fast/users/mbermudez/de_03/TFGDataset/img/train_t2_0824_2.png|uu sssschhh ddeeee* **eeeennneeeellchhhnnn  chhhleeeee
/data3fast/users/mbermudez/de_03/TFGDataset/img/train_t2_0877_1.png|aheee   nneeeet   u drrreccchhhNNuuuuuuuuuddd
/data3fast/users/mbermudez/de_03/TFGDataset/img/train_t2_1298_1.png|derssllll  neeeeeellhhh ee   aau rreengllllssh
/data3fast/users/mbermudez/de_03/TFGDataset/img/train_t2_1222.png|woll     eeeee  llllliieeeeeeedd  esss   iiii
/data3fast/users/mbermudez/de_03/TFGDataset/img/train_t2_0151.png|shhh    hhhh eddd   iiiiiicchnnnndddssssssseee
/data3fast/users/mbermudez/de_03/TFGDataset/img/train_t2_0259_1.png|drr    dee      dddeeessstt  deeeei         ssseiiei
/data3fast/users/mbermudez/de_03/TFGDataset/img/train_t2_0977_2.png|eeen  nn ddddd  cchhieeillieeeesseeee dd r aheee
/data3fast/users/mbermudez/de_03/TFGDataset/img/train_t2_1105_1.png|te      reeeeeellls    eessseeeeehhteii   dd  eeeee
/data3fast/users/mbermudez/de_03/TFGDataset/img/train_t2_0161_1.png|maauuuuueeeetttiiii ieeee   au  eeeeeeeessshhhlll
/data3fast/users/mbermudez/de_03/TFGDataset/img/train_t2_0451_0.png|lleeeiiieeeeeeeestchhhu d ee  aasll     rdrr
/data3fast/users/mbermudez/de_03/TFGDataset/img/train_t2_0762_2.png|eeeeetteeeeeeeeee  iiii
/data3fast/users/mbermudez/de_03/TFGDataset/img/train_t2_1077_2.png|sse ddeeeeeiicchhhee      saalehh    a sllsee
/data3fast/users/mbermudez/de_03/TFGDataset/img/train_t2_0641_0.png|aannnnnnnninnnnnneeeeesssshhheeeeee      ee    
/data3fast/users/mbermudez/de_03/TFGDataset/img/train_t2_1239_0.png|ooo  eeesssss   ddeii............
/data3fast/users/mbermudez/de_03/TFGDataset/img/train_t2_1118_1.png|derscchuuuuuuuuuehhheeN    nnnnii n  aaass   ddee
/data3fast/users/mbermudez/de_03/TFGDataset/img/train_t2_0523.png|eeett     schheeeeeeNNN nddaaachheeeeN  sssssee
/data3fast/users/mbermudez/de_03/TFGDataset/img/train_t2_0088_1.png|ee      see  ttttheennneeeet  rrrrreriiiiii
/data3fast/users/mbermudez/de_03/TFGDataset/img/train_t2_0800.png|das         iiiiii            aa sssssssss aafssshhllNN
/data3fast/users/mbermudez/de_03/TFGDataset/img/train_t2_0356_0.png|be n nnnnn  aaaaa  a   aaachhhh  u  reettttnn
/data3fast/users/mbermudez/de_03/TFGDataset/img/train_t2_0747.png|mrrrhlll a  nd  etiee   eeeeeeeeeeee**    nnnccch
/data3fast/users/mbermudez/de_03/TFGDataset/img/train_t2_0588.png|dee    eeeengeesseteett    neee   sss  eee
/data3fast/users/mbermudez/de_03/TFGDataset/img/train_t2_0976_1.png|osssssaaaallls  lllllhhh a nniiiitt  ddeeesssseeennn
/data3fast/users/mbermudez/de_03/TFGDataset/img/train_t2_1036.png|hhheeeeeNsssssahht dddeeeeesseeeee  aassseeeeee
/data3fast/users/mbermudez/de_03/TFGDataset/img/train_t2_0549_2.png|beeeeettt
/data3fast/users/mbermudez/de_03/TFGDataset/img/train_t2_1286_0.png|auu eee sssst nnnn   ssthheeeicchh ddeereeeee
/data3fast/users/mbermudez/de_03/TFGDataset/img/train_t2_0952_1.png|best    nnd eeessseeeeeeeeeitttt   ddder     dddrrr
/data3fast/users/mbermudez/de_03/TFGDataset/img/train_t2_0490.png|eelllll   d     innniiitnnnnin   ee   tttssceee
/data3fast/users/mbermudez/de_03/TFGDataset/img/train_t2_1309_0.png|eee  nnnnn ieee      d ssrrrtt nneeeeeett  ddeee
/data3fast/users/mbermudez/de_03/TFGDataset/img/train_t2_0090_2.png|deeeeclheee nneeeeeeheee  aaaa  eeee
/data3fast/users/mbermudez/de_03/TFGDataset/img/train_t2_0060.png|ee    dd  eeeesssssccleeelllhhhaa deeerrr   uuuuu
/data3fast/users/mbermudez/de_03/TFGDataset/img/train_t2_0404_1.png|beeelllleiiii 
/data3fast/users/mbermudez/de_03/TFGDataset/img/train_t2_0715_2.png|mi   auufffnnnnneeeeeeeeeeeuuu    itteehhunnn
/data3fast/users/mbermudez/de_03/TFGDataset/img/train_t2_0555.png|dasssss   ddeeeeee** nn eeeerrrr a     nnn    eeeeeee
/data3fast/users/mbermudez/de_03/TFGDataset/img/train_t2_0001_2.png|gee  nnnn  eeeeeeeeeeeeeeeNN   d sss     eeeeesshhh
/data3fast/users/mbermudez/de_03/TFGDataset/img/train_t2_0311_0.png|gnnn  ittteeee  aacheeeeerttt   u  eeeeeet   ndd
/data3fast/users/mbermudez/de_03/TFGDataset/img/train_t2_0928.png|der aachha a aaasshh  iiiiiii  e  lllllaanns
/data3fast/users/mbermudez/de_03/TFGDataset/img/train_t2_0421_0.png|geeeeeeeet      ccch aann ittttss   eellllleee
/data3fast/users/mbermudez/de_03/TFGDataset/img/train_t2_1061.png|bbrdd rsssscchheeeeeeuuuuueeeehhhee      ee aa
/data3fast/users/mbermudez/de_03/TFGDataset/img/train_t2_0445_0.png|uurrreeeee esss    nnnnnnntttt llllnneeeee  ass
/data3fast/users/mbermudez/de_03/TFGDataset/img/train_t2_0828_0.png|unndddddrrr aall dddrrrrrrr sss  ieeeeeee  aaa
/data3fast/users/mbermudez/de_03/TFGDataset/img/train_t2_0708_0.png|neeeeellllleeNNN nnd ssssst   nnneiiilieneee
/data3fast/users/mbermudez/de_03/TFGDataset/img/train_t2_0219_0.png|iieeeee  unnnneeeeeuchhhhee          d      illchh
/data3fast/users/mbermudez/de_03/TFGDataset/img/train_t2_0899_0.png|iiiiieeeeeee  seeeeeerrhh    sssu  rrrhh   eee sssss
/data3fast/users/mbermudez/de_03/TFGDataset/img/train_t2_1389_0.png|eee   eeehhh   dd aahhhheeeeeeennnn  tttt
/data3fast/users/mbermudez/de_03/TFGDataset/img/train_t2_0661.png|iin eeer t  ngeeesssseeee e     ..
/data3fast/users/mbermudez/de_03/TFGDataset/img/train_t2_0818_0.png|ussseeeeeeeee llll....
/data3fast/users/mbermudez/de_03/TFGDataset/img/train_t2_0494_0.png|wisseNNN
/data3fast/users/mbermudez/de_03/TFGDataset/img/train_t2_0865.png|beeeeeleeeeNN ..
/data3fast/users/mbermudez/de_03/TFGDataset/img/train_t2_0294_2.png|uuuuu      rrttt ssss  hhheeehhheeNnnnnneee sss
/data3fast/users/mbermudez/de_03/TFGDataset/img/train_t2_0731_0.png|ooo     iiiie dddrreeeeeeeeeeeeeeeecsstttttt eeesse
/data3fast/users/mbermudez/de_03/TFGDataset/img/train_t2_0547_1.png|iiihhssstttthteeeeeeeee    dd   rhhhhhiiee nnnnneee
/data3fast/users/mbermudez/de_03/TFGDataset/img/train_t2_0095_2.png|unddrrreeeeeeeellss  tn   rrtteeeeee  ssssss
/data3fast/users/mbermudez/de_03/TFGDataset/img/train_t2_1089.png|ii  eeeeeeeee iicchheeeeee llllleeeNNNlllsss ddeeee
/data3fast/users/mbermudez/de_03/TFGDataset/img/train_t2_1159_0.png|uu   e   n d  a aaaa u eeeeeeeeNuuuuuuueeeNN
/data3fast/users/mbermudez/de_03/TFGDataset/img/train_t2_0580.png|auu hhhhhhhheeNN   aaalllsset    eess   dde ..
/data3fast/users/mbermudez/de_03/TFGDataset/img/train_t2_1033_0.png|mahhh     n iithh  aahhh  eeeeitttttt  drrr
/data3fast/users/mbermudez/de_03/TFGDataset/img/train_t2_1020_2.png|# 
/data3fast/users/mbermudez/de_03/TFGDataset/img/train_t2_0519_0.png|bee tt     s    ****o    llhhhe   aaannn esssst
/data3fast/users/mbermudez/de_03/TFGDataset/img/train_t2_1479_0.png|wee  l   nnnerrrrrrrddd  ssggnnnnnneeee
/data3fast/users/mbermudez/de_03/TFGDataset/img/train_t2_0958_0.png|de    nnnnneeeeeessccchtn   ssss  nnnndeeeeNNNNe
/data3fast/users/mbermudez/de_03/TFGDataset/img/train_t2_0809_1.png|dee     eeeeeeeNN aaa   eiiieneeee **e eeeeellllee
/data3fast/users/mbermudez/de_03/TFGDataset/img/train_t2_0516_2.png|wweeereeeeeeeesssee   aaa  eeeeee iiiilleeeeee
/data3fast/users/mbermudez/de_03/TFGDataset/img/train_t2_0216_0.png|etttillllleeee    nddd    ssseeeeen  uu eddddd
/data3fast/users/mbermudez/de_03/TFGDataset/img/train_t2_0130.png|cheee eeee***  iiieeeehhht  u ddd elsslllliineee uusss
/data3fast/users/mbermudez/de_03/TFGDataset/img/train_t2_1380_0.png|iiddeeeeeeeeeee e******tssssssstt   a  aassss  ddee
/data3fast/users/mbermudez/de_03/TFGDataset/img/train_t2_0793_2.png|besshhhhheet   eeeeeeehttsscssssheeN      ssccllleeeeee
/data3fast/users/mbermudez/de_03/TFGDataset/img/train_t2_0602.png|de     eeeee   aleeeeNN  ee    ssggllgssshhhgggscccsh
/data3fast/users/mbermudez/de_03/TFGDataset/img/train_t2_0335_1.png|dssss  nnnoott    erreeerr  annnnnncchheeNe
/data3fast/users/mbermudez/de_03/TFGDataset/img/train_t2_0388.png|mmrrreeeee  **tttssttt   u   hhheeNNeN      ii  dd
/data3fast/users/mbermudez/de_03/TFGDataset/img/train_t2_0102_1.png|ann eeeeeeennnieeee  tttt   dd  iiieeeee  ee
/data3fast/users/mbermudez/de_03/TFGDataset/img/train_t2_0556_2.png|mrr      eee  neeeett      annneeiiii      
/data3fast/users/mbermudez/de_03/TFGDataset/img/train_t2_0011.png|aauu   eeeeeerttttteee   rrrssteee   nnd ee eeeee
/data3fast/users/mbermudez/de_03/TFGDataset/img/train_t2_0688_0.png|wieedddrrrrreehhhh   ann a d   ddd  rieeeeeeeee   e n
/data3fast/users/mbermudez/de_03/TFGDataset/img/train_t2_0662_1.png|eee  dd   eeeeelllllllse  n   re  nnneeesss
/data3fast/users/mbermudez/de_03/TFGDataset/img/train_t2_1157_0.png|ditttt     ufnee nnchhnnneeeesscc nggeeeeeeeeeeee
/data3fast/users/mbermudez/de_03/TFGDataset/img/train_t2_0260_1.png|iieeeesssss    eeeeettttiineeeellllaaaaa sseee
/data3fast/users/mbermudez/de_03/TFGDataset/img/train_t2_1014_2.png|geeeeee eeeellleee    h  ieeee slssss  sssuueeee
/data3fast/users/mbermudez/de_03/TFGDataset/img/train_t2_1075_1.png|rree    esssehhhheeee   eeeecheNs    nnneeeinnnn
/data3fast/users/mbermudez/de_03/TFGDataset/img/train_t2_1493.png|geee   eeNNN .
/data3fast/users/mbermudez/de_03/TFGDataset/img/train_t2_0960_2.png|derrreeeeeeeeeee*** ttttttt   eeeeeeNN auuu eeeeeeeess
/data3fast/users/mbermudez/de_03/TFGDataset/img/train_t2_1470_0.png|in  e thhh ddde ************to    eeeeee  aass  eeesse
/data3fast/users/mbermudez/de_03/TFGDataset/img/train_t2_1342_0.png|annneerrehe  u n  ii   dde siillll ddeeeeeee aaaa
/data3fast/users/mbermudez/de_03/TFGDataset/img/train_t2_0760_1.png|uunrrrr  aaahhh    alllleeiiilleeeeN
/data3fast/users/mbermudez/de_03/TFGDataset/img/train_t2_1022_2.png|deN   eeeeellee     sseeeeeeNeeeeeeeeeeeennnn
/data3fast/users/mbermudez/de_03/TFGDataset/img/train_t2_1294.png|aaneeeee   ss   eeeeeeeNN eeeeee ttc      rrrchhhhe
/data3fast/users/mbermudez/de_03/TFGDataset/img/train_t2_0978_0.png|sn       ccchhhheeeeeshhtte niittt        nneer
/data3fast/users/mbermudez/de_03/TFGDataset/img/train_t2_1390.png|nniiiii   n    ddeeesstccchaa           elleeeee
/data3fast/users/mbermudez/de_03/TFGDataset/img/train_t2_0946.png|un eeeee  deerr ahhhhhee         ii  a eeeeeee
/data3fast/users/mbermudez/de_03/TFGDataset/img/train_t2_1331_2.png|mi    sssssshhhee nneeeeerreeh    deessshhau  eee nnnaa
/data3fast/users/mbermudez/de_03/TFGDataset/img/train_t2_0848_2.png|geettttttiiiin   eeiii**   lllsssN   dddddeell
/data3fast/users/mbermudez/de_03/TFGDataset/img/train_t2_0670_1.png|frrert nn   eeeeee uu  ettt  ss eeeee naa
/data3fast/users/mbermudez/de_03/TFGDataset/img/train_t2_0106_2.png|"      acchh  eeee        eeehhhNNN
/data3fast/users/mbermudez/de_03/TFGDataset/img/train_t2_0460_1.png|beeee    ih   sssshuuun  tcch   dd eeee
/data3fast/users/mbermudez/de_03/TFGDataset/img/train_t2_0834_2.png|irrreeeeeeeeeeeiiii    sllllchheeeeeeen  ssss
/data3fast/users/mbermudez/de_03/TFGDataset/img/train_t2_0532_0.png|mmrrrrreeeeeeeeee nnnnnlllllleeeeere sssee   nnnee
/data3fast/users/mbermudez/de_03/TFGDataset/img/train_t2_0084_1.png|wnnn   ssssittt     tssssshhheee     eeeeesee  ee tttieeeeeee
/data3fast/users/mbermudez/de_03/TFGDataset/img/train_t2_1324.png|cehs     s eeee iittt       da  ellhhee       ddde
/data3fast/users/mbermudez/de_03/TFGDataset/img/train_t2_0211.png|an  deeeee  nnnna cheee  lllllsssssa       
/data3fast/users/mbermudez/de_03/TFGDataset/img/train_t2_0342_1.png|eennnniiilll assssee ddr     eee  scccllleeeeelllss
/data3fast/users/mbermudez/de_03/TFGDataset/img/train_t2_1389_2.png|deed eeeeehhht  d  aachhheeeeeeeeennnnnttt
/data3fast/users/mbermudez/de_03/TFGDataset/img/train_t2_1317_2.png|daseeeeeeeeie   eee ca      a  ttteeeeseee  nnnn
/data3fast/users/mbermudez/de_03/TFGDataset/img/train_t2_1189_0.png|wweeeeerrrhhhlleee  s    sssss    eeeeeeee
/data3fast/users/mbermudez/de_03/TFGDataset/img/train_t2_0318.png|de  eeeeee   daana sssct    ee  tttnnnnnne
/data3fast/users/mbermudez/de_03/TFGDataset/img/train_t2_0542.png|rerrnnnn  aaaaaau eeeeNNNNNeddee cchhhhlleeee
/data3fast/users/mbermudez/de_03/TFGDataset/img/train_t2_0038.png|cchhhl uuuu deeee    iitttseeeeee  tcccheeeee  nn
/data3fast/users/mbermudez/de_03/TFGDataset/img/train_t2_0625_1.png|dieeeeeeeeeetttttttee  nd   cthhhh     eeeeeeee  uu
/data3fast/users/mbermudez/de_03/TFGDataset/img/train_t2_0655_2.png|weees   lllcchhhee nnnnn   iieeee s  uaasss
/data3fast/users/mbermudez/de_03/TFGDataset/img/train_t2_0026_2.png|iii lleeeeeeerrrrrrrhheeeeeee       e   ssssst
/data3fast/users/mbermudez/de_03/TFGDataset/img/train_t2_1110.png|aas eeeeennn   ee     ttt  ddeeessshheNNNNN
/data3fast/users/mbermudez/de_03/TFGDataset/img/train_t2_0229_1.png|iihhh a       llleeeeeeellleeeeheeeeeecchhhhttee  n eeee
/data3fast/users/mbermudez/de_03/TFGDataset/img/train_t2_1100_2.png|ihhh    rreeeeee hhheeee   eee llchaa dddeeeett
/data3fast/users/mbermudez/de_03/TFGDataset/img/train_t2_1462_2.png|andeerrchhhh drrrcheeeN  nd   hheeennnnnees
/data3fast/users/mbermudez/de_03/TFGDataset/img/train_t2_0018.png|meeeetttt    ddddeeeelleeeeeeeee****   ee sss geee
/data3fast/users/mbermudez/de_03/TFGDataset/img/train_t2_0494_2.png|wssss NN.
/data3fast/users/mbermudez/de_03/TFGDataset/img/train_t2_0753_0.png|assttteeeeeeee nnneeerrttti ddrrrrr aauuuu
/data3fast/users/mbermudez/de_03/TFGDataset/img/train_t2_1372.png|eesseeeeertthhhunnneeeeeehhNNNN  hhh ddd  aaaleede
/data3fast/users/mbermudez/de_03/TFGDataset/img/train_t2_0361_2.png|#  e
/data3fast/users/mbermudez/de_03/TFGDataset/img/train_t2_0890_0.png|ueeee  eeddddd    lccccssssleeeeeNssllee    eee  la
/data3fast/users/mbermudez/de_03/TFGDataset/img/train_t2_1489.png|anascchhhh     dddsss   nnnnaa   deeeeetttuuu
/data3fast/users/mbermudez/de_03/TFGDataset/img/train_t2_0949.png|ooeeellhhiiennnee*****i*ii eeeeeeiiihh  nuaa
/data3fast/users/mbermudez/de_03/TFGDataset/img/train_t2_0062.png|ttttnnnneeeenneellll ddddrriiieeeeeeeeeeeee      llll
/data3fast/users/mbermudez/de_03/TFGDataset/img/train_t2_0410.png|rreeeeeeeeeeeeeeeeeeeeeeeen******  ssschh nnnnn   d   all
/data3fast/users/mbermudez/de_03/TFGDataset/img/train_t2_0658_1.png|mit   ddddnrrrreeeeeeeeenn iiillllhhhhhhheeeeeee
/data3fast/users/mbermudez/de_03/TFGDataset/img/train_t2_1213_2.png|sseeeeeeeeellcchhhhhheett  nnn  llla   ttttss
/data3fast/users/mbermudez/de_03/TFGDataset/img/train_t2_1498_0.png|di    a aeeeeeee ddeerrrrrrrrrrrrtttt eessssss
/data3fast/users/mbermudez/de_03/TFGDataset/img/train_t2_1469_2.png|hrrreeeeee        dd                     e   . lalll
/data3fast/users/mbermudez/de_03/TFGDataset/img/train_t2_0369_1.png|iieeeehhht  aa ddeeeeeeNN  nnneeeeeeeettt   ss
/data3fast/users/mbermudez/de_03/TFGDataset/img/train_t2_0799_0.png|eeeeeeeeeetei innnnllaahhheeeeeeiiinnnn eeeeeeee
/data3fast/users/mbermudez/de_03/TFGDataset/img/train_t2_0768_2.png|aae   aahheeee  ahhhhhttt.
/data3fast/users/mbermudez/de_03/TFGDataset/img/train_t2_1143.png|eeesss   ll ii   iieii***.i  aaaan  t   tttttt
/data3fast/users/mbermudez/de_03/TFGDataset/img/train_t2_0479_1.png|leeeeeNNsslllll   ddder  a  ddd   iillllnss
/data3fast/users/mbermudez/de_03/TFGDataset/img/train_t2_1391.png|unnn  rttttnnnnn  lssss   d sseehhee       eeee
/data3fast/users/mbermudez/de_03/TFGDataset/img/train_t2_1210_1.png|geeeeeeeiittt    aa nneeeertcchheeeeeee  
/data3fast/users/mbermudez/de_03/TFGDataset/img/train_t2_0777_0.png|de   cchhN   dddeeee tt annlllnnnneeee    aahhhNNN
/data3fast/users/mbermudez/de_03/TFGDataset/img/train_t2_1073_0.png|# d
/data3fast/users/mbermudez/de_03/TFGDataset/img/train_t2_1024_0.png|sstttt    d   iiitee   sseetscchhheeennnddd rr
/data3fast/users/mbermudez/de_03/TFGDataset/img/train_t2_0242_1.png|ee    ddrrrerrreeeddrrrrreeittttn  tcchuuseeeeeeeN
/data3fast/users/mbermudez/de_03/TFGDataset/img/train_t2_0329_1.png|rrhhheeNeeNN sss    acchhh      llleeeN  asslllee uuddd
/data3fast/users/mbermudez/de_03/TFGDataset/img/train_t2_0664_1.png|mi   eeeeeeeeeeee     aacchh u eeeeennn   sssss
/data3fast/users/mbermudez/de_03/TFGDataset/img/train_t2_0019_2.png|iihhheeee dde aaaa ddeeeeeegeeeeecee  s    reeeee
/data3fast/users/mbermudez/de_03/TFGDataset/img/train_t2_1360_1.png|gesssseeeellll  dderrrruuuunnneegggggggeeeee
/data3fast/users/mbermudez/de_03/TFGDataset/img/train_t2_1496.png|oonn eeeesssegnnnnnneee  anneeeeN
/data3fast/users/mbermudez/de_03/TFGDataset/img/train_t2_0351_2.png|oheeeeeeeeeNNuudddaa eed  rrirrr   sssahhhhh
/data3fast/users/mbermudez/de_03/TFGDataset/img/train_t2_0835_1.png|de         ee  uuuueee       eeeettt    a  aass   eeeee
/data3fast/users/mbermudez/de_03/TFGDataset/img/train_t2_0102.png|ann  eeeeeennnnnieeeeccttt  ddd irieeeeee  r
/data3fast/users/mbermudez/de_03/TFGDataset/img/train_t2_0620_2.png|inneeeeeeieeeeeeee  a    ieinnnnnndd ellllinnn
/data3fast/users/mbermudez/de_03/TFGDataset/img/train_t2_0215_2.png|tttr       tt eeesssseNN  nn   nnnnnn  iiii   rrreeee
/data3fast/users/mbermudez/de_03/TFGDataset/img/train_t2_1078_2.png|leett   
/data3fast/users/mbermudez/de_03/TFGDataset/img/train_t2_0826_1.png|ihr    ssstthtttttee  ***i            rrhreeeeeeeeeee   nnnn
/data3fast/users/mbermudez/de_03/TFGDataset/img/train_t2_1040.png|wiillllssssau   rrhh     ddee  aaassss eeeettteeee
/data3fast/users/mbermudez/de_03/TFGDataset/img/train_t2_0606_0.png|weee  eeeesrrrr  nneeee   uuaahheeeeeeeee iiiiii
/data3fast/users/mbermudez/de_03/TFGDataset/img/train_t2_0263_0.png|nnnnilctttt  dder aahhhhtttii  dddeeeeeeeeee
/data3fast/users/mbermudez/de_03/TFGDataset/img/train_t2_0058_0.png|de    iicchheeeNedddde  *t         aasslllsseeeeeeeeeg
/data3fast/users/mbermudez/de_03/TFGDataset/img/train_t2_0319_0.png|ssheeeee e   rr auuuee uueeeeerrrrhhhuu ddeeeeeee
/data3fast/users/mbermudez/de_03/TFGDataset/img/train_t2_0823_0.png|sstttt  uunu   ssssteee  eeeee*    sscchhihh
/data3fast/users/mbermudez/de_03/TFGDataset/img/train_t2_0609_0.png|rrrlllltt   deeeeessseeeeeeitttnn  sssssee
/data3fast/users/mbermudez/de_03/TFGDataset/img/train_t2_0283_1.png|weeeee   lleeeeeeeeeeeeelllleeee     aa   eeee
/data3fast/users/mbermudez/de_03/TFGDataset/img/train_t2_0317_1.png|wiiddrrr  aaahllle    nddeeeeeedderrsstcchhseeeN
/data3fast/users/mbermudez/de_03/TFGDataset/img/train_t2_1377.png|wlllllnn eee  aaa  ndd sthhee   nniieee
/data3fast/users/mbermudez/de_03/TFGDataset/img/train_t2_1147_1.png|aaas   aahhh  eeee**e    aarrrrrrrr      dddee
/data3fast/users/mbermudez/de_03/TFGDataset/img/train_t2_1277_2.png|de      eeee  nnndd sss  nngeeeeNNN n eechh     esssse
/data3fast/users/mbermudez/de_03/TFGDataset/img/train_t2_0571.png|beeeeee  uuuuuseeee  n  eeeeeeeglllnnnnnnnee
/data3fast/users/mbermudez/de_03/TFGDataset/img/train_t2_1138.png|aaeedd        nneeesssseeeelleeee d sssseeeee ddd
/data3fast/users/mbermudez/de_03/TFGDataset/img/train_t2_0379.png|dii ieeieeeeder aaaahh nndd   iiiiii
/data3fast/users/mbermudez/de_03/TFGDataset/img/train_t2_0214_1.png|aanneee  rrre    deeee d   leeee  teeseeet  ssss d
/data3fast/users/mbermudez/de_03/TFGDataset/img/train_t2_0333.png|oooseeeelllhhiieennann  eeeeennn sslcheetss ll  nnu
/data3fast/users/mbermudez/de_03/TFGDataset/img/train_t2_0187.png|derr rriiiennnnee*eee* uuu     eeeeeelllll   eeeee   u
/data3fast/users/mbermudez/de_03/TFGDataset/img/train_t2_0108_1.png|dass eeeeee   neeeetttseeeennneeeeee      ddnn
/data3fast/users/mbermudez/de_03/TFGDataset/img/train_t2_0110_0.png|voosssssssslllihhheeeeii    aallleeeiiiileee  nnnn
/data3fast/users/mbermudez/de_03/TFGDataset/img/train_t2_0468.png|aau    eeeeete eessseeteeuunnetttthttt   eee  lss
/data3fast/users/mbermudez/de_03/TFGDataset/img/train_t2_0568_2.png|cheeeee     sssaaa  deee iiti eee deeetttt
/data3fast/users/mbermudez/de_03/TFGDataset/img/train_t2_1145.png|fooeeeeeeeee      d   sssseeee    cch    deeeeeeeN
/data3fast/users/mbermudez/de_03/TFGDataset/img/train_t2_0862.png|wasssseett     a allleeeiiillheee eee   dd 
/data3fast/users/mbermudez/de_03/TFGDataset/img/train_t2_1147.png|was aaaaahh  eeeeeee**       rrrrrrr      dddr
/data3fast/users/mbermudez/de_03/TFGDataset/img/train_t2_0427_2.png|was    aannniiin ccclleeennnnneeeeeeeeeerr heee
/data3fast/users/mbermudez/de_03/TFGDataset/img/train_t2_1031_2.png|beeeeeeesstteeeeelcch    niiiieeennnnn
/data3fast/users/mbermudez/de_03/TFGDataset/img/train_t2_0455_0.png|uudddrrrhhheeeeeelchhhhhh  errrthhchhhcttt
/data3fast/users/mbermudez/de_03/TFGDataset/img/train_t2_0288.png|iinniiinnnnnnleeeeeeee nnnddeeeeeeeee  ll eeeee  
/data3fast/users/mbermudez/de_03/TFGDataset/img/train_t2_0372_2.png|drrrrthheeeeee  sssseeei    aaallleeeiieeeee
/data3fast/users/mbermudez/de_03/TFGDataset/img/train_t2_0417.png|sttttt         eeeee   ssssse            eee       ******.
/data3fast/users/mbermudez/de_03/TFGDataset/img/train_t2_0518_1.png|der aaaa  eeeess     rieee  aaa d e lleeeeett
/data3fast/users/mbermudez/de_03/TFGDataset/img/train_t2_0583.png|aaeeNN      nnnne  lllls  tchhhhheeee llllleeeeell
/data3fast/users/mbermudez/de_03/TFGDataset/img/train_t2_1169_1.png|derrrrrti       onnna n  deeeeee   aaalaa neeee
/data3fast/users/mbermudez/de_03/TFGDataset/img/train_t2_1271_0.png|maaaauuueeeeeeeeeeeeeee      aaasss      eee  dddee
/data3fast/users/mbermudez/de_03/TFGDataset/img/train_t2_1164_2.png|erraaaffunneee eeeeeeeee** eeeeeeee   slllleeeee
/data3fast/users/mbermudez/de_03/TFGDataset/img/train_t2_0763_2.png|ssthhttttteeee*ee**       d sededde   eiiichhh uueeh
/data3fast/users/mbermudez/de_03/TFGDataset/img/train_t2_1212_1.png|eee     eesesN   dn  eeeeeeeeeeeet   eeeeeeee
/data3fast/users/mbermudez/de_03/TFGDataset/img/train_t2_0534.png|geeetttt  ss eess   dd   ssttccttte    aaheeeee
/data3fast/users/mbermudez/de_03/TFGDataset/img/train_t2_0070_1.png|dee    hhhhhhahnniitt   sssseeeeehitteee
/data3fast/users/mbermudez/de_03/TFGDataset/img/train_t2_1087_1.png|eesssssseNNeee    niiiit   dddd  uuuuaassdeee
/data3fast/users/mbermudez/de_03/TFGDataset/img/train_t2_0886_2.png|nnntt   ddeeessscchhhheNNeeeee  sttttnnnnnneee
/data3fast/users/mbermudez/de_03/TFGDataset/img/train_t2_0002.png|miiiitttheee    dduauuffssssttiiiiie
/data3fast/users/mbermudez/de_03/TFGDataset/img/train_t2_0955_1.png|wllle      .........lllee       eeeeee uuueeeN     eee
/data3fast/users/mbermudez/de_03/TFGDataset/img/train_t2_1358_2.png|dassshhheN  nddd  ttt    ddeeeennnnntet   **ii  eee
/data3fast/users/mbermudez/de_03/TFGDataset/img/train_t2_1153_0.png|undddeeeeelhheNN..
/data3fast/users/mbermudez/de_03/TFGDataset/img/train_t2_1313_2.png|auu ddd uausshht  n ddd    s     slllliiiiieeeessss
/data3fast/users/mbermudez/de_03/TFGDataset/img/train_t2_0385_2.png|wiiillllasss  nneeeiiiiin   nnn eeeeeeee  iii   ittiiii
/data3fast/users/mbermudez/de_03/TFGDataset/img/train_t2_0438_2.png|oooeeee eeeeeeeee    eeee  nnnn  ttttee
/data3fast/users/mbermudez/de_03/TFGDataset/img/train_t2_0858_1.png|undddd a eeeeeeeseeeetttteeeeeee   sssss
/data3fast/users/mbermudez/de_03/TFGDataset/img/train_t2_0246_1.png|iittt  i   nnnlgeeee     eeeeiicheeeN *n*****
/data3fast/users/mbermudez/de_03/TFGDataset/img/train_t2_1448_2.png|aaeeeeeeeeennneeeieee   aaaaahhh u drereehheNNnnn
/data3fast/users/mbermudez/de_03/TFGDataset/img/train_t2_0569_0.png|oo  eeeeseeeehhh    nneiii****eeeeeee  rrrrr    eettteeet
/data3fast/users/mbermudez/de_03/TFGDataset/img/train_t2_0944_0.png|allllllhaaaaa   nnn  ee         ettt    rrrrheeeee
/data3fast/users/mbermudez/de_03/TFGDataset/img/train_t2_0293_1.png|deeeeeeeeettt eeeeehhdddr  aaauuhheeeechhhheeeeeee
/data3fast/users/mbermudez/de_03/TFGDataset/img/train_t2_0814_2.png|ttteee eer uusssseeeeeinnneeeeeeeN     aaaattt
/data3fast/users/mbermudez/de_03/TFGDataset/img/train_t2_1487_2.png|iii   s  eeeeer aalllllee    sccheeeee duaa
/data3fast/users/mbermudez/de_03/TFGDataset/img/train_t2_1405.png|tt  eeeertt   fnnnsssee    eee    llle
/data3fast/users/mbermudez/de_03/TFGDataset/img/train_t2_1400_2.png|bee  nnnee
/data3fast/users/mbermudez/de_03/TFGDataset/img/train_t2_0175.png|iieeeerrreeesssssl   eessss   eeeee llllllll
/data3fast/users/mbermudez/de_03/TFGDataset/img/train_t2_0462_2.png|ee  ellchhe ddrrreeeeelleerrrrrrrrr  sss eeessllle
/data3fast/users/mbermudez/de_03/TFGDataset/img/train_t2_1420_2.png|tt    eeee  sschhh   nniiilllaaasss    uueee  aaau
/data3fast/users/mbermudez/de_03/TFGDataset/img/train_t2_0828.png|unnddd    aaaaaleeeeerddrrsss   neeeeeehhassa
/data3fast/users/mbermudez/de_03/TFGDataset/img/train_t2_0020_2.png|aann  itccccllleeeeee nnnteeeeee   dddddder
/data3fast/users/mbermudez/de_03/TFGDataset/img/train_t2_0280_0.png|ieennnnnn  ee  aaaasssstttt      eeeeee
/data3fast/users/mbermudez/de_03/TFGDataset/img/train_t2_0136_1.png|aassseeeeeeeeeesss   sssa  neeee  llllla neeeee*****.
/data3fast/users/mbermudez/de_03/TFGDataset/img/train_t2_1349_0.png|eeiiiiiii      rrreeeeeeeiinnttctt    rreeeerrrrrtt
/data3fast/users/mbermudez/de_03/TFGDataset/img/train_t2_1015_2.png|ee   aaaaad deelliieeee  s uunnnneeeee   dee
/data3fast/users/mbermudez/de_03/TFGDataset/img/train_t2_1170.png|oon eeeeestt    d rre uunnna iiii nnn 
/data3fast/users/mbermudez/de_03/TFGDataset/img/train_t2_0988_1.png|ggsssssssNNN.
/data3fast/users/mbermudez/de_03/TFGDataset/img/train_t2_0884_1.png|de    ttteee      lleeedeeeesshhh   hh  deerraah
/data3fast/users/mbermudez/de_03/TFGDataset/img/train_t2_0523_1.png|eeet     tchh eeeeeeeN  ddaaahhheeeeNNNssssee
/data3fast/users/mbermudez/de_03/TFGDataset/img/train_t2_1274_2.png|aasseeee     eeeesssssuuuuueeeeee  geeeeN
/data3fast/users/mbermudez/de_03/TFGDataset/img/train_t2_1143_2.png|eeee   aahe    dd iiii  .*.    aaa  nntttttch
/data3fast/users/mbermudez/de_03/TFGDataset/img/train_t2_0252_1.png|geeeeee uu eerttthttt  ddeeeeeslllNN
/data3fast/users/mbermudez/de_03/TFGDataset/img/train_t2_0551.png|llleeeeerrtteeee   deriihh   aasschhhuunddddi
/data3fast/users/mbermudez/de_03/TFGDataset/img/train_t2_0044_2.png|wieeeee aasssee  nnnnn  eeeesllll nnnnn  e
/data3fast/users/mbermudez/de_03/TFGDataset/img/train_t2_0658.png|iii      dddeeeeheeeeeeeeeiiilllleeihhhhhheeeeeeee
/data3fast/users/mbermudez/de_03/TFGDataset/img/train_t2_0467_2.png|uus eetttttttthe    sseeeettt  aaa  oootttttt  nddee
/data3fast/users/mbermudez/de_03/TFGDataset/img/train_t2_0861_2.png|mitteeeeedddd mi   nllllhhhhha  ddeeeeeetttnn
/data3fast/users/mbermudez/de_03/TFGDataset/img/train_t2_1274_0.png|alleee   ss  eeeeessssssuuuueeeee  gleeeNN
/data3fast/users/mbermudez/de_03/TFGDataset/img/train_t2_1482_1.png|llo   eee   ddd   llllhe     aaaannlllllll
/data3fast/users/mbermudez/de_03/TFGDataset/img/train_t2_1151_2.png|eeNN
/data3fast/users/mbermudez/de_03/TFGDataset/img/train_t2_1392.png|# 
/data3fast/users/mbermudez/de_03/TFGDataset/img/train_t2_0063.png|eNN nddnnnnn  ssllliheeeeeettttt n n sssslhhhi   drr
/data3fast/users/mbermudez/de_03/TFGDataset/img/train_t2_1477.png|geeeNNNNNNNNNN  nddddee  sssuuhh sseeee     ii  d
/data3fast/users/mbermudez/de_03/TFGDataset/img/train_t2_0571_0.png|beeeeeeee  uuuseeeer nn eeeee   lllllnnnnnie
/data3fast/users/mbermudez/de_03/TFGDataset/img/train_t2_1115_2.png|ihreeeeer r   eeeeeehiii ddd          uuuue
/data3fast/users/mbermudez/de_03/TFGDataset/img/train_t2_1344_2.png|dd        dd   ee   iicccclll  ddddddssssaaa eeeee
/data3fast/users/mbermudez/de_03/TFGDataset/img/train_t2_0736_0.png|mii eeeeeeeet  eeeeeett
/data3fast/users/mbermudez/de_03/TFGDataset/img/train_t2_1417_2.png|ihee      drrer aaa  dd  ttt   rrerthhh
/data3fast/users/mbermudez/de_03/TFGDataset/img/train_t2_1428_0.png|erttttt nnneeeeeeeessssss     ttttteeee   assss
/data3fast/users/mbermudez/de_03/TFGDataset/img/train_t2_0592_0.png|iss  e errrrehhhheNN nnn   lllchh ee   ** ..    n
/data3fast/users/mbermudez/de_03/TFGDataset/img/train_t2_0218_1.png|aaneeeeeet     aaasseee  nnalllee      nnn
/data3fast/users/mbermudez/de_03/TFGDataset/img/train_t2_1045_2.png|weehhhi   ddrrrtttt eee  aaalllessee  uuttteee
/data3fast/users/mbermudez/de_03/TFGDataset/img/train_t2_0750_0.png|rrrrss    dd  itttt     sss eee****      aaa   dderrre
/data3fast/users/mbermudez/de_03/TFGDataset/img/train_t2_0290.png|eeNNNNeeeeeeeeeeeee sss      alllhheeeeeeeeee uuuu
/data3fast/users/mbermudez/de_03/TFGDataset/img/train_t2_0696_0.png|oon deeeeeeeeNNNee ***nnnnnnn aasss  deeeeeeeeert
/data3fast/users/mbermudez/de_03/TFGDataset/img/train_t2_0009_2.png|beedddrrrrraaa  tnnnnneeeeeeiiiihh     ss
/data3fast/users/mbermudez/de_03/TFGDataset/img/train_t2_1037.png|alleee  dee  aaasssshheennnneeescchhee    eeeeeehhh
/data3fast/users/mbermudez/de_03/TFGDataset/img/train_t2_1047.png|se   aaaauuusssssse     eeeeeeeeee  ddrrrrrrr
/data3fast/users/mbermudez/de_03/TFGDataset/img/train_t2_1311_0.png|eeeeeN  neeen deeerrhheeNN aunddeeeeelchhhhuueeee
/data3fast/users/mbermudez/de_03/TFGDataset/img/train_t2_0786_2.png|onnn cccchh eeeeelhhhhheeeee        eeeiiichhhh
/data3fast/users/mbermudez/de_03/TFGDataset/img/train_t2_0217_1.png|*nn     ssstcaaa  ddeerrrrrtttch    d eeeee nnnha
/data3fast/users/mbermudez/de_03/TFGDataset/img/train_t2_0327.png|die  es  s  ssggggeeeeitti  eeeeeeeN  nnnnn
/data3fast/users/mbermudez/de_03/TFGDataset/img/train_t2_0163_2.png|diennnneeeeeeeiittt     d eechchhhhhNNNNesllhhhhh nnn
/data3fast/users/mbermudez/de_03/TFGDataset/img/train_t2_0139.png|sstt   nneeeett   eee  ass ddrereeeeeeeeeeeeeeeeeeee
/data3fast/users/mbermudez/de_03/TFGDataset/img/train_t2_0337.png|beeeeeeee   nnnnna eeeeeetthh    dd reeeeeeee
/data3fast/users/mbermudez/de_03/TFGDataset/img/train_t2_1127_2.png|de    eeeeeeeee   rreeeerrr aaahhheeeell
/data3fast/users/mbermudez/de_03/TFGDataset/img/train_t2_0166_1.png|ne  lllleeeeenn  aassuudd  ueeeeeNeeett  ee   aaaaa
/data3fast/users/mbermudez/de_03/TFGDataset/img/train_t2_1322_2.png|tieeeeeeeeett    d  seeelchh   ddd     der
/data3fast/users/mbermudez/de_03/TFGDataset/img/train_t2_1076.png|rrrrggeeesssssssses  uuddee uuuueeenn eeeeeee     t
/data3fast/users/mbermudez/de_03/TFGDataset/img/train_t2_1273_0.png|rreee    a  d  rrree    nn  eeeNNNN ddeeii
/data3fast/users/mbermudez/de_03/TFGDataset/img/train_t2_0979_1.png|itttts   eeeerr ctt  eelll a   eeeeeitthh   dddrrr
/data3fast/users/mbermudez/de_03/TFGDataset/img/train_t2_1402.png|woo    dd      iiiilllsssts     llllleheee  t
/data3fast/users/mbermudez/de_03/TFGDataset/img/train_t2_0843_0.png|geee dd   ee  aaahhi    deeee ccctttttteeeee
/data3fast/users/mbermudez/de_03/TFGDataset/img/train_t2_0329.png|rrhhheeeeeNessss     iihi      ii  nee aaallleeNNN ddd
/data3fast/users/mbermudez/de_03/TFGDataset/img/train_t2_0429.png|geeeeeeeeeeeei    ssss iiiiii  eeeeesschheee    s  e
/data3fast/users/mbermudez/de_03/TFGDataset/img/train_t2_0808_0.png|eee  aaaaasss eeeeeeessss   rrrrreeeeeeeeee
/data3fast/users/mbermudez/de_03/TFGDataset/img/train_t2_1403_1.png|iieeeettttttttt  nnnni dddrrrrieeeeeeee nnnn
/data3fast/users/mbermudez/de_03/TFGDataset/img/train_t2_0326_1.png|gnneessssss    aa   ihheenneeeeit     tttsssee
/data3fast/users/mbermudez/de_03/TFGDataset/img/train_t2_0514.png|dasss    eereesshhhee eeeeeeiieelee   n   scheeeeeeennnn  ss
/data3fast/users/mbermudez/de_03/TFGDataset/img/train_t2_0822_0.png|uuddeer uuuuuuufnnnnggggnnnnnaaacchhleee
/data3fast/users/mbermudez/de_03/TFGDataset/img/train_t2_1471_1.png|sttttth h   ddd eeeissclllleee eesssegnnn eeeeee   
/data3fast/users/mbermudez/de_03/TFGDataset/img/train_t2_1194_1.png|geee      tt   eehhhi e ie essssssss    nnnnn     eeeeeet
/data3fast/users/mbermudez/de_03/TFGDataset/img/train_t2_0878.png|wer aaaaahhee  lllllnnnntttiinn asssssscththh
/data3fast/users/mbermudez/de_03/TFGDataset/img/train_t2_0856_1.png|irregggeeeeerrrrnn     edddeeeesseeeehhheNNNNNNNNNN
/data3fast/users/mbermudez/de_03/TFGDataset/img/train_t2_0428_0.png|nnn eeeettttt uussshhheeNedddeeee      nnnneee
/data3fast/users/mbermudez/de_03/TFGDataset/img/train_t2_0441_2.png|tt  eeeNNN  dd  t  dd aaasss  itttt   ddd
/data3fast/users/mbermudez/de_03/TFGDataset/img/train_t2_1251_0.png|beeeee    aaahheeeeeee      reeeeeeeeeeee
/data3fast/users/mbermudez/de_03/TFGDataset/img/train_t2_1429_2.png|#
/data3fast/users/mbermudez/de_03/TFGDataset/img/train_t2_0840_1.png|oondd   rss   neeeeeeeii   ........
/data3fast/users/mbermudez/de_03/TFGDataset/img/train_t2_0856_2.png|irreg  a eerrrrnnnn eeee  eeessseeeeeeeeeeeNeNNNNN
/data3fast/users/mbermudez/de_03/TFGDataset/img/train_t2_0667_0.png|lllee   eeeee*****sstschhh  eeeee   aaa  eeeeeeeeeee
/data3fast/users/mbermudez/de_03/TFGDataset/img/train_t2_0378_1.png|t    ddeeeeeeiiiccch   dddd  uuuschheeeiiiiieeeeeeee
/data3fast/users/mbermudez/de_03/TFGDataset/img/train_t2_0697.png|hhh      cttt  esssseeeee hhh   eeeee**    aasllll
/data3fast/users/mbermudez/de_03/TFGDataset/img/train_t2_0941_1.png|lliii   eeehhhhe  dddd  aaaegeeNNee   illllllehh
/data3fast/users/mbermudez/de_03/TFGDataset/img/train_t2_1087_0.png|eetssssse ueeee  nniiiet  ddddd aauuuass dee
/data3fast/users/mbermudez/de_03/TFGDataset/img/train_t2_0877_0.png|aaeee nnnneeee    u rrrrrcchhheN uuaaaahuuud
/data3fast/users/mbermudez/de_03/TFGDataset/img/train_t2_0825_2.png|sseeeerrrrrrillleeessss    llliii drreeeennn
/data3fast/users/mbermudez/de_03/TFGDataset/img/train_t2_1084_0.png|auu    sa  e  h a leeeeee  nn  e ss  tttthhh
/data3fast/users/mbermudez/de_03/TFGDataset/img/train_t2_0581_1.png|eeN    aa  si        rrrrtteess   cchh eee eee
/data3fast/users/mbermudez/de_03/TFGDataset/img/train_t2_0835_2.png|de        eee  uuu eeeii  aa  eeeett   aa   s  rrree
/data3fast/users/mbermudez/de_03/TFGDataset/img/train_t2_1035_2.png|lllhhh aaahhh nnnndddrrrrrrrreeeeeeeeettt nnnn
/data3fast/users/mbermudez/de_03/TFGDataset/img/train_t2_0599_0.png|dd   rhhheeeeeeehaaala u uuuuu dddaassheeeeee  eeee
/data3fast/users/mbermudez/de_03/TFGDataset/img/train_t2_0110_2.png|voosssllllleelhheeeeiii    aalllleeiileees  nnnn
/data3fast/users/mbermudez/de_03/TFGDataset/img/train_t2_1078_1.png|lettt   
/data3fast/users/mbermudez/de_03/TFGDataset/img/train_t2_0119_0.png|eellhhhhh   nnnnnnndnnn an  d  eee     rreett
/data3fast/users/mbermudez/de_03/TFGDataset/img/train_t2_1371_1.png|dasseeeeehee    de   a   a   eer nnnnssscheeee  nnnnnnn
/data3fast/users/mbermudez/de_03/TFGDataset/img/train_t2_0589_2.png|iii  eeeeeeeessssseeeeeeeeeeee  ccclleee      e
/data3fast/users/mbermudez/de_03/TFGDataset/img/train_t2_0302_2.png|geessseeeeeeereeeeeeeeennnnnnnn  tteeeennnnn  dee
/data3fast/users/mbermudez/de_03/TFGDataset/img/train_t2_1315_0.png|eeeeeeehhheh uuuudddeereeeeeed eessseeeeuuuueeee
/data3fast/users/mbermudez/de_03/TFGDataset/img/train_t2_0327_2.png|dieeeeeeeess   ggeeeeett   geeeeeNN nnnnneeee
/data3fast/users/mbermudez/de_03/TFGDataset/img/train_t2_1011_1.png|# d
/data3fast/users/mbermudez/de_03/TFGDataset/img/train_t2_0031_1.png|eee    lhh  edeeeeei anunddddeeeeeetttinn
/data3fast/users/mbermudez/de_03/TFGDataset/img/train_t2_1301.png|der   iiiiiilaaa sss dde   eeeeeeeeeeeeeeesssss    nnnlleeeee
/data3fast/users/mbermudez/de_03/TFGDataset/img/train_t2_0512_1.png|aaellllllii  d eeeNeNN  udddeeeee    eeeleeeeeded
/data3fast/users/mbermudez/de_03/TFGDataset/img/train_t2_1114.png|iiihhhhl    ddeeeeeeeeeeeee**  sss    nnnneeeeeii   aa
/data3fast/users/mbermudez/de_03/TFGDataset/img/train_t2_0296_1.png|ii  eeeeeeeeeeee    aaa  tteee   iihhie d aa
/data3fast/users/mbermudez/de_03/TFGDataset/img/train_t2_0130_0.png|cheeeeeeeee   iihheeeehhh uuu   eeessssssliieeeeettss
/data3fast/users/mbermudez/de_03/TFGDataset/img/train_t2_1324_2.png|cssss  s deeee itii      dd aa eehhheee nnn  dddee
/data3fast/users/mbermudez/de_03/TFGDataset/img/train_t2_0604_2.png|cchheee   deeeiitttt 
/data3fast/users/mbermudez/de_03/TFGDataset/img/train_t2_1305.png|erreleheeee   tcchh     sss    sas   eeee    ssseeeennnn
/data3fast/users/mbermudez/de_03/TFGDataset/img/train_t2_0743_2.png|auu  llliiinneeeddreeeeeeerreeeeeeeee
/data3fast/users/mbermudez/de_03/TFGDataset/img/train_t2_1455_2.png|m    eelleee   aaaah rrrhhhhheeetts      eeeeiit
/data3fast/users/mbermudez/de_03/TFGDataset/img/train_t2_0665.png|leeeN  dd    ellaa itttte  nddeeeeeeeN
/data3fast/users/mbermudez/de_03/TFGDataset/img/train_t2_1416_0.png|derttteennneeee ss   ee  aa    aaaa eeerrrrr
/data3fast/users/mbermudez/de_03/TFGDataset/img/train_t2_1238_2.png|dnn ssstteee dddriiiieeeenneeee  asssssccc  eeeeNeNNNNN
/data3fast/users/mbermudez/de_03/TFGDataset/img/train_t2_0714_0.png|aahhhhhhhh     ddeeiiiiieesscchheeeeeer  ar
/data3fast/users/mbermudez/de_03/TFGDataset/img/train_t2_1065_2.png|llle  nddd eeeeeeeeN uhcassss     deeeeee**     sssss
/data3fast/users/mbermudez/de_03/TFGDataset/img/train_t2_1004.png|hheNNN eeeeeeeNN     nniie   dddeee    ddd neeeeeeneeN
/data3fast/users/mbermudez/de_03/TFGDataset/img/train_t2_0264_1.png|oon    it  n aaasssslleeeee onn      rrer
/data3fast/users/mbermudez/de_03/TFGDataset/img/train_t2_1283_1.png|sstttttteeeee  d  aseeeeNeee nnnnnaaaa   eees
/data3fast/users/mbermudez/de_03/TFGDataset/img/train_t2_1076_1.png|ggeeeeeeessssssss uu     e   uufeeen eeeeeee    ee hhh
/data3fast/users/mbermudez/de_03/TFGDataset/img/train_t2_0613_2.png|geeiiiiiiiillhhhh ddd eeeeeesssssssseeN   dddeee
/data3fast/users/mbermudez/de_03/TFGDataset/img/train_t2_0044_1.png|wieee   aaahheN  nnn     e sslll nnnnneeeee
/data3fast/users/mbermudez/de_03/TFGDataset/img/train_t2_0794_0.png|mee    llleeeeeeeeeeee  hh  aaaaseeeeeeeehhleNNNN
/data3fast/users/mbermudez/de_03/TFGDataset/img/train_t2_0785.png|nnnnllchhhnnnnnneetttee     i aa d sss haahhhhhh
/data3fast/users/mbermudez/de_03/TFGDataset/img/train_t2_0470.png|weeeettttttt
/data3fast/users/mbermudez/de_03/TFGDataset/img/train_t2_0481.png|seeeeeeeeeeeeeeeee      s      eesssss    aaann
/data3fast/users/mbermudez/de_03/TFGDataset/img/train_t2_1045.png|weehhttt  dderrrtttteee   aaaeeessstt    teeee
/data3fast/users/mbermudez/de_03/TFGDataset/img/train_t2_0209.png|inneeeeeerruuaaaalleeeeeeeeeddeiiiiiehhh u aaauu
/data3fast/users/mbermudez/de_03/TFGDataset/img/train_t2_0394_0.png|undddeeetttttteeee  neeeeederriiieeeee  nndd
/data3fast/users/mbermudez/de_03/TFGDataset/img/train_t2_0921_1.png|dd       sseeeennnnn sssssssseee  t .......
/data3fast/users/mbermudez/de_03/TFGDataset/img/train_t2_1187.png|aact   eeeerreeessscc naangeehheehht u ddd sstttthh 
/data3fast/users/mbermudez/de_03/TFGDataset/img/train_t2_0762.png|eerretteeeeeeeeeee  hieeei
/data3fast/users/mbermudez/de_03/TFGDataset/img/train_t2_1006.png|drrrreeteeeeennahhh   eeeeeeeeell  dddd      ee
/data3fast/users/mbermudez/de_03/TFGDataset/img/train_t2_0461_1.png|ddn  lllann eeeeeeeee cshssess   tcchhheeN aau de
/data3fast/users/mbermudez/de_03/TFGDataset/img/train_t2_0492.png|orrrrrrrrrt nnnchhhhaaa  eeeeee   nnllleieiiineee
/data3fast/users/mbermudez/de_03/TFGDataset/img/train_t2_0392_0.png|mittttee e nneeerrr  alllllinnn        dnn
/data3fast/users/mbermudez/de_03/TFGDataset/img/train_t2_0892_2.png|nnnn sss  t   eeeeescllleeeeeeeeeee sssssseedeeeee
/data3fast/users/mbermudez/de_03/TFGDataset/img/train_t2_0111_2.png|ffeeeee   sllllliihhhhhhinneeeeeesslllannnnneee
/data3fast/users/mbermudez/de_03/TFGDataset/img/train_t2_0872_1.png|mii  eee ll   s  ddddeeeeeee***     eee sssts
/data3fast/users/mbermudez/de_03/TFGDataset/img/train_t2_0503_0.png|unddeeeeeeehh  assseeee nnnniitt      mahh
/data3fast/users/mbermudez/de_03/TFGDataset/img/train_t2_0395_1.png|da    ii      ddeeeettttttiiieeeeell  aaaa  ddda
/data3fast/users/mbermudez/de_03/TFGDataset/img/train_t2_1168_1.png|oohee     uuuuee   sssssscchhheeee   eee*sss     ddereehh
/data3fast/users/mbermudez/de_03/TFGDataset/img/train_t2_1140_1.png|weeeee    ennnnnnn eeee  annnn ichh  eeee
/data3fast/users/mbermudez/de_03/TFGDataset/img/train_t2_0019_1.png|ihhhhe   ddree  aal deeeeeeeeeeeeeeee  s    eeeeee
/data3fast/users/mbermudez/de_03/TFGDataset/img/train_t2_0168_2.png|uu      eeeeeeeeee  s  aaaa     geeee sssss    rrill
/data3fast/users/mbermudez/de_03/TFGDataset/img/train_t2_1256_2.png|neeeeeee*ee        u  ueeheee      eee  nnnnnnnneeee
/data3fast/users/mbermudez/de_03/TFGDataset/img/train_t2_0725_2.png|dee  llll     eeeeeee    dd   ss  eecheeeeeN
/data3fast/users/mbermudez/de_03/TFGDataset/img/train_t2_0722_2.png|cheNNNeeeeeNNe tsttff  eettttreeeee      eeee
/data3fast/users/mbermudez/de_03/TFGDataset/img/train_t2_1380_2.png|inddeeeeeeeeeee********ttttsssss      aaasssss ddeee
/data3fast/users/mbermudez/de_03/TFGDataset/img/train_t2_0066_1.png|freeee  allllhhhheeee  ttt d   le   sshheee
/data3fast/users/mbermudez/de_03/TFGDataset/img/train_t2_0669_2.png|dieeee      eeeeeeeetnneee  nn allsssstttt
/data3fast/users/mbermudez/de_03/TFGDataset/img/train_t2_0879_1.png|sss eeeeerrrrerrrrrregee   reeeennneee*
/data3fast/users/mbermudez/de_03/TFGDataset/img/train_t2_0751_1.png|eerr  r rssse     ahheee     ee   hhiiiiihh ssee
/data3fast/users/mbermudez/de_03/TFGDataset/img/train_t2_0069_0.png|ii   eeeeeeeenneee   eeelllllll  iissss     deel
/data3fast/users/mbermudez/de_03/TFGDataset/img/train_t2_0517_2.png|oo       eeeee aa    eeeeeenne***  sssssse  ddeerr
/data3fast/users/mbermudez/de_03/TFGDataset/img/train_t2_0560_1.png|aasssllhhhhh   sssccchhhhinnniitttte  nnnn eeeeee
/data3fast/users/mbermudez/de_03/TFGDataset/img/train_t2_1328_2.png|der aaaahh       aaa ddeeeiiiiie        nddee
/data3fast/users/mbermudez/de_03/TFGDataset/img/train_t2_1049_1.png|aaau    dee  aaeeeeelllhhaaasssuueeeeeeeeeee
/data3fast/users/mbermudez/de_03/TFGDataset/img/train_t2_0608_1.png|bblleeeee  ******  ssstttttee   eeeiiiiiiht nnn eeee
/data3fast/users/mbermudez/de_03/TFGDataset/img/train_t2_0367_0.png|aa    eeeeiieeeeeeeeeeeiiie  deeeelllle   nn
/data3fast/users/mbermudez/de_03/TFGDataset/img/train_t2_0034_2.png|#  eee*
/data3fast/users/mbermudez/de_03/TFGDataset/img/train_t2_1168_0.png|ooh ee     s   nnede sssccccctttteeee****sss    nderrreeh
/data3fast/users/mbermudez/de_03/TFGDataset/img/train_t2_0605_1.png|sttt geeeeeeeeeeeed    assht  ddd  aaa e  uudddd
/data3fast/users/mbermudez/de_03/TFGDataset/img/train_t2_0713_0.png|#  e
/data3fast/users/mbermudez/de_03/TFGDataset/img/train_t2_0777_1.png|de   chhhNNN ddddee      aalll nnnneeeee   aahhe
/data3fast/users/mbermudez/de_03/TFGDataset/img/train_t2_0046.png|derr    tt eeeee    ttihh    rrhhhlleee  
/data3fast/users/mbermudez/de_03/TFGDataset/img/train_t2_0868.png|unddd rrr  aa     ellhheeeeesssssseeee  
/data3fast/users/mbermudez/de_03/TFGDataset/img/train_t2_0386.png|unddeeeeeeeeennnnitttttthllllee  llllaa  eee   sssssheess
/data3fast/users/mbermudez/de_03/TFGDataset/img/train_t2_1225_1.png|# dd
/data3fast/users/mbermudez/de_03/TFGDataset/img/train_t2_1030_0.png|uufeeesstttt ddeeeeeeeeeesscchhheeeeeee
/data3fast/users/mbermudez/de_03/TFGDataset/img/train_t2_0960.png|drrrreeeeeeeee e****stttttt   ttttseeeeN  aa  neeeeeesssssl
/data3fast/users/mbermudez/de_03/TFGDataset/img/train_t2_1310_1.png|weeeleessssssee   dd   tttttt etttssttl
/data3fast/users/mbermudez/de_03/TFGDataset/img/train_t2_0976.png|oossssaaaaaaalllllehhhh  n iiiiit     eessssss  ennn
/data3fast/users/mbermudez/de_03/TFGDataset/img/train_t2_0185_0.png|nnn eescchh  nnnnnddderr allaaahhhnnnndddddass
/data3fast/users/mbermudez/de_03/TFGDataset/img/train_t2_0611_0.png|u     eeeeeeeaaa  ti     rnnnnrerereeeehhhhhh
/data3fast/users/mbermudez/de_03/TFGDataset/img/train_t2_1475_1.png|eee lle dddrrreeeeeeeennnnn dder uuuuueeeeeeee
/data3fast/users/mbermudez/de_03/TFGDataset/img/train_t2_0238_0.png|de   llhhhhhheeeee  sss  ssaaa    eeeeeeeeeedrrre
/data3fast/users/mbermudez/de_03/TFGDataset/img/train_t2_0644_0.png|nnnnneee  eeeeee   aaalleeeeeeeeeeeee  aa eeeeeer
/data3fast/users/mbermudez/de_03/TFGDataset/img/train_t2_0160_1.png|ass      eeeerrrrrllcchhhhunnneeeeee   chhhuundd
/data3fast/users/mbermudez/de_03/TFGDataset/img/train_t2_0668_0.png|innnnnneeeeee nnnaaaeeeeeleeeie   rtttthhhhhhhhh
/data3fast/users/mbermudez/de_03/TFGDataset/img/train_t2_1027_2.png|diieeeeeeaaaaueeeeeeeeeseee    ssssshhteeee
/data3fast/users/mbermudez/de_03/TFGDataset/img/train_t2_0833_0.png|oeeee ssssshh   eeeeeeeeeee  aa   hhh       niiii
/data3fast/users/mbermudez/de_03/TFGDataset/img/train_t2_1326.png|ssss    nnnnnn   nn n   deeeeeseeeeetttt    deerr
/data3fast/users/mbermudez/de_03/TFGDataset/img/train_t2_0799_2.png|eeeeeeeehhhheeeeeinnallllhheeeeeiiiinnn eeeeeee
/data3fast/users/mbermudez/de_03/TFGDataset/img/train_t2_1098_0.png|wisss  asssschchh    eeeee    sssaa       eeee   llllss
/data3fast/users/mbermudez/de_03/TFGDataset/img/train_t2_1267_0.png|ann dd  rrrsshhhtttttteeett     i tccc s   dreee
/data3fast/users/mbermudez/de_03/TFGDataset/img/train_t2_1264.png|da   eeeeeeee    ddaass  rrrrreenneeeeeeeuahhh
/data3fast/users/mbermudez/de_03/TFGDataset/img/train_t2_0314_1.png|att       ddd     tttsseeeeeesssee u aaa
/data3fast/users/mbermudez/de_03/TFGDataset/img/train_t2_1016_1.png|ne         lllhheeiee nn   eeeeei  n  sseeeeeN uueeNNNN
/data3fast/users/mbermudez/de_03/TFGDataset/img/train_t2_0133_1.png|ee       sslllnneee  aaass     ee  eeeee
/data3fast/users/mbermudez/de_03/TFGDataset/img/train_t2_0062_0.png|ttt  nnneennee  lllleddd   iiieeeeee ee*e*eeee   lllllll
/data3fast/users/mbermudez/de_03/TFGDataset/img/train_t2_0752_0.png|in eeeeeeelleeinnn ssssegeessss  n errrrreeee
/data3fast/users/mbermudez/de_03/TFGDataset/img/train_t2_0857.png|dee        aaaa   eerr  tnn tcccheeeee   sssllll
/data3fast/users/mbermudez/de_03/TFGDataset/img/train_t2_0550_2.png|seeNNeeeeeNNuu       neeeeeeN aal eeeeirttttat
/data3fast/users/mbermudez/de_03/TFGDataset/img/train_t2_0680_1.png|aaneeeeeeeeeeeeeeehhttt  nnnnaacheee   aa  hhhhhhee
/data3fast/users/mbermudez/de_03/TFGDataset/img/train_t2_0715_1.png|mt  auuuuunnnnneeeeerrrrr uudd   ieehhhhen
/data3fast/users/mbermudez/de_03/TFGDataset/img/train_t2_0613_1.png|geeiiiiiiiihhhhh  dddeeeeeeeeessssllseN  ndddeee
/data3fast/users/mbermudez/de_03/TFGDataset/img/train_t2_0006.png|dasssss   s     **** nnn  s ffnunuuueeeerrrrrrrrrrreggl
/data3fast/users/mbermudez/de_03/TFGDataset/img/train_t2_0465_1.png|aaseee  uunnnnnnngeeeeeieeeeeeee aaa
/data3fast/users/mbermudez/de_03/TFGDataset/img/train_t2_0774_0.png|daeeeeeeee uuuueeeeeechheeN  dd erreeeeeeeeeeeee
/data3fast/users/mbermudez/de_03/TFGDataset/img/train_t2_1490_1.png|rrrr   eeeeettt   fff  dedeee  iiieeeettssssss
/data3fast/users/mbermudez/de_03/TFGDataset/img/train_t2_0359_1.png|ieeeeeeeeeeee      ssss  ss 
/data3fast/users/mbermudez/de_03/TFGDataset/img/train_t2_0002_1.png|miirtttttllleee d aaaau  sssseeiiii  
/data3fast/users/mbermudez/de_03/TFGDataset/img/train_t2_1328_1.png|der  ahhhh       aa dddeeiiiieeN        n eeee
/data3fast/users/mbermudez/de_03/TFGDataset/img/train_t2_0822_2.png|unnn    uuuuuuueennnnnngggnnnnnaacchhllee
/data3fast/users/mbermudez/de_03/TFGDataset/img/train_t2_1090_1.png|eerttttttttt 
/data3fast/users/mbermudez/de_03/TFGDataset/img/train_t2_1465.png|auu eeeeettt     dllll    eeeee sssschsssssss    ddee
/data3fast/users/mbermudez/de_03/TFGDataset/img/train_t2_1100.png|ihhhh  reeerreeeellhheeeees eeeNlcchaaa  ddeeeeiitt
/data3fast/users/mbermudez/de_03/TFGDataset/img/train_t2_1328.png|dee  hhhhh       aa ddeeiiileeeN        neeee
/data3fast/users/mbermudez/de_03/TFGDataset/img/train_t2_0744_1.png|deeee***enneee     aaauunnhttt    sssseee     aacchh
/data3fast/users/mbermudez/de_03/TFGDataset/img/train_t2_0088.png|eee         nntthheeeennneeiit reerrrriiiiiiid
/data3fast/users/mbermudez/de_03/TFGDataset/img/train_t2_0865_0.png|beeeeeeesseNNN
/data3fast/users/mbermudez/de_03/TFGDataset/img/train_t2_0958.png|deN    nnnnneeeesshchhh    sssssaannnneeeeeNNNNNel
/data3fast/users/mbermudez/de_03/TFGDataset/img/train_t2_0063_2.png|eeN  ddddnn  ss  iilllceeeeetttt      ssschhii   ddr
/data3fast/users/mbermudez/de_03/TFGDataset/img/train_t2_0715.png|mi   auuunnnnnnnneeeereerruuu    tttreehhuun
/data3fast/users/mbermudez/de_03/TFGDataset/img/train_t2_1269_2.png|tiieeeii  llllle    neeeeeellls     eeettttttte i
/data3fast/users/mbermudez/de_03/TFGDataset/img/train_t2_0406_0.png|iii   e  aalleettt    dd sssllhe   inii
/data3fast/users/mbermudez/de_03/TFGDataset/img/train_t2_0963_2.png|u  eeeeee  a    aasssss  e   iiii  dddeesssssss
/data3fast/users/mbermudez/de_03/TFGDataset/img/train_t2_0958_2.png|deN   nnnnnnneeessthhtnnn  assss   nnndeeeeeeNsN
/data3fast/users/mbermudez/de_03/TFGDataset/img/train_t2_0834_1.png|irrreeeeeggeeeettti  ssllllchhheeeeen   sssss
/data3fast/users/mbermudez/de_03/TFGDataset/img/train_t2_0721_2.png|eee   uuuuuuhhhhNNN sssseeehhhe  lsss   iii    eeeeeeuu
/data3fast/users/mbermudez/de_03/TFGDataset/img/train_t2_1106_2.png|ollleeei   deee   daaaa   eee t t***     ricchhh
/data3fast/users/mbermudez/de_03/TFGDataset/img/train_t2_1109.png|rrrrehhhhnnnnsss     ss   ee    .
/data3fast/users/mbermudez/de_03/TFGDataset/img/train_t2_0910_1.png|arrr u eeeeeeei     ssss    eseeeeeieeeeNNe
/data3fast/users/mbermudez/de_03/TFGDataset/img/train_t2_0656_1.png|ooonnnnnnnnn eeeeeseee     cccceeeeeerrreeeeee deeee
/data3fast/users/mbermudez/de_03/TFGDataset/img/train_t2_1406_1.png|desscaaau n eeir   eeellllin   schhhhhuu ddeeeeeeheee
/data3fast/users/mbermudez/de_03/TFGDataset/img/train_t2_0866.png|fffffs ssss eeee   tcttt eeeen eeeeeeeerrder
/data3fast/users/mbermudez/de_03/TFGDataset/img/train_t2_1168.png|ooo  ee   sruuuneee sssssctthheNNeeeeee  st      reeeeeh
/data3fast/users/mbermudez/de_03/TFGDataset/img/train_t2_0090.png|deeelllheee nnneeeeee     aaa  ee
/data3fast/users/mbermudez/de_03/TFGDataset/img/train_t2_1291_1.png|anddeerrstt uu eeegeehht        ellleeeed
/data3fast/users/mbermudez/de_03/TFGDataset/img/train_t2_0895_1.png|eennnneeeeee aaaaauu  ee  nneee  a tsseeeeeeee
/data3fast/users/mbermudez/de_03/TFGDataset/img/train_t2_1200.png|#
/data3fast/users/mbermudez/de_03/TFGDataset/img/train_t2_1343_1.png|nnnnn   eee nnn ichhheee  ssshhht   iiiiii  eeeeddeerr
/data3fast/users/mbermudez/de_03/TFGDataset/img/train_t2_0720.png|nn  esssssttteeeee nnn      lsscheeeNee  sso    lss eee
/data3fast/users/mbermudez/de_03/TFGDataset/img/train_t2_0008_2.png|oddd eeennnnfuuufeeeNdde  tt*.ttsssseeeN dd  n
/data3fast/users/mbermudez/de_03/TFGDataset/img/train_t2_1076_2.png|grrr eeeessss sssss    ddee  auuee uundeee*****ee  aaa
/data3fast/users/mbermudez/de_03/TFGDataset/img/train_t2_0143_0.png|uu eeellssssee
/data3fast/users/mbermudez/de_03/TFGDataset/img/train_t2_0450_0.png|eeesttt    nn        aaaan dd  sschheeeeeee
/data3fast/users/mbermudez/de_03/TFGDataset/img/train_t2_0421_1.png|llllheeee      mcchhaa   ttttssss    ellleeee
/data3fast/users/mbermudez/de_03/TFGDataset/img/train_t2_1478_1.png|vieeeees dddssseeegggeeehe  d essseeer
/data3fast/users/mbermudez/de_03/TFGDataset/img/train_t2_0792_1.png|ut ttt eeeeeeeeeerrd eeeeeeetttttnnn  aasttt
/data3fast/users/mbermudez/de_03/TFGDataset/img/train_t2_0040.png|asseeeeellhh  dddss     aaannna eeeeeeedd
/data3fast/users/mbermudez/de_03/TFGDataset/img/train_t2_0522_2.png|gllllleeeeeeiitsllhheeerddrrrrr  eeee  rr aaahh
/data3fast/users/mbermudez/de_03/TFGDataset/img/train_t2_0936_0.png|dnnnn    tttccchhtttttttii  nneeeeeihhhtt  nnddeee
/data3fast/users/mbermudez/de_03/TFGDataset/img/train_t2_0591.png|deeee eerree tiiii eeeuuuuuu ennneeeeeeeettthh  uuuuu
/data3fast/users/mbermudez/de_03/TFGDataset/img/train_t2_0295_0.png|geeehittt   eeennnnneeee    eeeeeee  aauuu
/data3fast/users/mbermudez/de_03/TFGDataset/img/train_t2_0410_0.png|rreeeeeeeeeeeeeeeeeeceeeeeee**    ssscchhennnn       aal
/data3fast/users/mbermudez/de_03/TFGDataset/img/train_t2_0542_2.png|rrrrrn   aaaaaauudeeeeNN ddeeesccchhheeelleeee
/data3fast/users/mbermudez/de_03/TFGDataset/img/train_t2_1353_1.png|geennnneesssss  sss   seeeeeeeeeuuueeeeeeeseeeddd
/data3fast/users/mbermudez/de_03/TFGDataset/img/train_t2_0273_0.png|ee  aaa   dddddeeeeeeeettt uuuuuuuud    u tteeeee  n
/data3fast/users/mbermudez/de_03/TFGDataset/img/train_t2_0248_0.png|errriinnnnnnnneeeeeeeeeeeeeeehhhhe   eee         e
/data3fast/users/mbermudez/de_03/TFGDataset/img/train_t2_0405_2.png|weennnnnnniiieee  eeeeeeccchetN ****i
/data3fast/users/mbermudez/de_03/TFGDataset/img/train_t2_0683_0.png|tteeessssshhsslleee    neeeees    eeeeeennnn
/data3fast/users/mbermudez/de_03/TFGDataset/img/train_t2_0795_2.png|errnnnnnnnnnddeeilhhhe     eeeeieii        aaaageee
/data3fast/users/mbermudez/de_03/TFGDataset/img/train_t2_1135_0.png|geeeee  tt   tcttttheeeee   a dd eiieeeeeesssss
/data3fast/users/mbermudez/de_03/TFGDataset/img/train_t2_0374_0.png|aas   nnniieichhuuuugeeeeeee    aa      ssssss
/data3fast/users/mbermudez/de_03/TFGDataset/img/train_t2_0247_0.png|aahhu  ddeeeeeeee   dddrr hhheeeee       eerr
/data3fast/users/mbermudez/de_03/TFGDataset/img/train_t2_1441_1.png|beeeeee   eee    lllloooii   ddaaaallllliieeee
/data3fast/users/mbermudez/de_03/TFGDataset/img/train_t2_0314.png|ttt        dd   ttttsssseeeeessssee uaa   
/data3fast/users/mbermudez/de_03/TFGDataset/img/train_t2_0583_0.png|aaeNN   u u   een   llllittthhhhheeeeeelllleeeee
/data3fast/users/mbermudez/de_03/TFGDataset/img/train_t2_0195_0.png|wcchh   d  aaastthhhhneerurrrrrrrrraaaanneee
/data3fast/users/mbermudez/de_03/TFGDataset/img/train_t2_0095.png|uudddeeeeeeeeeellss  t   rtt    eeeeee sssss
/data3fast/users/mbermudez/de_03/TFGDataset/img/train_t2_1159_1.png|uu      nnddd  aaa  a deeeeeehheuuuuuuuueeeeN
/data3fast/users/mbermudez/de_03/TFGDataset/img/train_t2_0251_1.png|dee  llhhhheeethht   desseee   lsllllheeeei   aa ddee
/data3fast/users/mbermudez/de_03/TFGDataset/img/train_t2_0313.png|ineeddd n dd    chh     eeechtt  uuu eeeeeee   tthh
/data3fast/users/mbermudez/de_03/TFGDataset/img/train_t2_0779.png|wweeeee    eeee    llllliiiiinnn   sssss  eeeeeeee
/data3fast/users/mbermudez/de_03/TFGDataset/img/train_t2_0345.png|mihhhhhha   ddddrereheee     dd elllinneeeeteeess
/data3fast/users/mbermudez/de_03/TFGDataset/img/train_t2_0938_1.png|wweeeetttttt l
/data3fast/users/mbermudez/de_03/TFGDataset/img/train_t2_0048_1.png|ooeedee        sseeeerr  eeeeeee  aaa ddsssseeeeeeee
/data3fast/users/mbermudez/de_03/TFGDataset/img/train_t2_1249_2.png|undd ssshhhht    nnneeecchhh  deeeeeeeee   
/data3fast/users/mbermudez/de_03/TFGDataset/img/train_t2_0127.png|daaaaaa  eeeeeeerrreeinnneeee n ii   deeeellllleN
/data3fast/users/mbermudez/de_03/TFGDataset/img/train_t2_0024.png|bbeeeeeessssetttt   eeeh   eeeee**    ssaaa   ee
/data3fast/users/mbermudez/de_03/TFGDataset/img/train_t2_1289_1.png|fffrre   riiiiiinneeee**   iiiiieee eeeeessch   dda
/data3fast/users/mbermudez/de_03/TFGDataset/img/train_t2_0317_2.png|wieerr  aacchhllee    nddee *e**ee e ssssttthhhh
/data3fast/users/mbermudez/de_03/TFGDataset/img/train_t2_0739_1.png|tee    ssssstttthh e   e**eeeeeeee i     aa hhheeee
/data3fast/users/mbermudez/de_03/TFGDataset/img/train_t2_0116_0.png|udddeeeeeehhhhteeeedddeessslll eeeeererchheeeen
/data3fast/users/mbermudez/de_03/TFGDataset/img/train_t2_0076.png|deeeeennneeeessseN uu  eettteennn eeeee  d
/data3fast/users/mbermudez/de_03/TFGDataset/img/train_t2_0401_1.png|gee       nnnnnnnnnnnnneeeeeee ssscchh  neee
/data3fast/users/mbermudez/de_03/TFGDataset/img/train_t2_0226_2.png|eeNNN eNNNN
/data3fast/users/mbermudez/de_03/TFGDataset/img/train_t2_1477_2.png|geeeeeessee uuunddde  sssaaaah eeeeee    iiii  dd
/data3fast/users/mbermudez/de_03/TFGDataset/img/train_t2_1260.png|beeeettttteeN   ddd sssschhhee  aaallllnn
/data3fast/users/mbermudez/de_03/TFGDataset/img/train_t2_0948_2.png|beeeeeeeeeettttttt  nnnnneee    t  eee   ssseeN
/data3fast/users/mbermudez/de_03/TFGDataset/img/train_t2_1469_1.png|rrrreeeeeN      dddd d        cch       e        aalll
/data3fast/users/mbermudez/de_03/TFGDataset/img/train_t2_0588_2.png|de   eeeeenneeeessseet      e    sssseeeee
/data3fast/users/mbermudez/de_03/TFGDataset/img/train_t2_0940_1.png|derrreeeeeellllliinnnddd ee llhhhe   ddddeeeeeeng
/data3fast/users/mbermudez/de_03/TFGDataset/img/train_t2_0038_2.png|schhh  uuuuueeee     it  sseeeN    ichhheee   uudd
/data3fast/users/mbermudez/de_03/TFGDataset/img/train_t2_0782_1.png|innngeechcheeeeee**eeeeee   aaa  eeeeeeeee
/data3fast/users/mbermudez/de_03/TFGDataset/img/train_t2_0109_2.png|aasNeeeeee    asseeeeee nnnd   i nnee   llllssds
/data3fast/users/mbermudez/de_03/TFGDataset/img/train_t2_0874_0.png|oonee    accsseesstth     aaahheee uhhhheeeeNssss   dd
/data3fast/users/mbermudez/de_03/TFGDataset/img/train_t2_1119_2.png|zeeeeeeeeeneeeeerrrrehhhN     dd ss   rrrttssss  ooll
/data3fast/users/mbermudez/de_03/TFGDataset/img/train_t2_0863_0.png|eeee e eee***eee      e     iiii e***    uuueeehhheeNuuueeehhhhh
/data3fast/users/mbermudez/de_03/TFGDataset/img/train_t2_0223.png|ltttt     
/data3fast/users/mbermudez/de_03/TFGDataset/img/train_t2_0768_1.png|aaae   eheeeee aahhhhtttt.
/data3fast/users/mbermudez/de_03/TFGDataset/img/train_t2_1346_1.png|sssss     aauu eeeeeeeeeettt         eeer  aa
/data3fast/users/mbermudez/de_03/TFGDataset/img/train_t2_1327_2.png|ee  dd   m alaseeeeeeeeeee    dddd eeeeles uuuu
/data3fast/users/mbermudez/de_03/TFGDataset/img/train_t2_1387.png|tteee*****e*eeeeeeee    sslllllhaaa     seeeeeertttte
/data3fast/users/mbermudez/de_03/TFGDataset/img/train_t2_1476_2.png|eeN  ndnneeeeeettt   eeee  nnnieeeeeeeeee
/data3fast/users/mbermudez/de_03/TFGDataset/img/train_t2_0360_1.png|aassaaaaaau   slhhhh   ssseeeeehhheee  ss a  aaii
/data3fast/users/mbermudez/de_03/TFGDataset/img/train_t2_0243_1.png|wwcheeeeee  uuuuhhheeeN hhh tteeeeehhuuuu   eeee
/data3fast/users/mbermudez/de_03/TFGDataset/img/train_t2_1143_0.png|eeee     llei   d iiiiii     aaa   ittiiittttt
/data3fast/users/mbermudez/de_03/TFGDataset/img/train_t2_0981_2.png|stt       sa eeeeNNsslsssssee      eeeee    tttt  eee rrrhh
/data3fast/users/mbermudez/de_03/TFGDataset/img/train_t2_0638_0.png|ohhleee     eeeeeeeeeennicchhhhhheedd  aaa  eeeen
/data3fast/users/mbermudez/de_03/TFGDataset/img/train_t2_1497.png|tteeeeeeeeeeee     iiiennneeeeeee     aaaan
/data3fast/users/mbermudez/de_03/TFGDataset/img/train_t2_0873.png|iinnnn eeeeee   aalsss  ee  ll  iieii     aassshhhhh
/data3fast/users/mbermudez/de_03/TFGDataset/img/train_t2_0419_2.png|dii ssss nn otttt i   tttt   ee   sitttttt
/data3fast/users/mbermudez/de_03/TFGDataset/img/train_t2_0306_0.png|dss      ddeeeeeeehhheeeNNNeeee   nndd eesssttttttnnn
/data3fast/users/mbermudez/de_03/TFGDataset/img/train_t2_0967_2.png|rrrregeeeee  ss eeeeeeeeee  nnne  iiii
/data3fast/users/mbermudez/de_03/TFGDataset/img/train_t2_0699_2.png|sseeeeeeeeeeeeee ee   rahh  eeellleee ssss    aaaa
/data3fast/users/mbermudez/de_03/TFGDataset/img/train_t2_0430_1.png|ahhhnneeeeeiiitt  deeeee annnn assssseee  itttt
/data3fast/users/mbermudez/de_03/TFGDataset/img/train_t2_0196_0.png|teNN aaan deeeeette e  nnnn      ddd aallllee
/data3fast/users/mbermudez/de_03/TFGDataset/img/train_t2_1422_1.png|geeihhht      eeeeeedeee    eeeeeeeeeeeeee nnnndeess
/data3fast/users/mbermudez/de_03/TFGDataset/img/train_t2_0108_2.png|dass eeeeeee nnneeehhhseee nnneeeeee      nnnee
/data3fast/users/mbermudez/de_03/TFGDataset/img/train_t2_1088_0.png|uuu eeeeee sssseggenneee   mcchhuu  e       tttth
/data3fast/users/mbermudez/de_03/TFGDataset/img/train_t2_1010.png|geeeett   ddddd   alass  eeeeeeeeeeeeeettt  a
/data3fast/users/mbermudez/de_03/TFGDataset/img/train_t2_0431_0.png|obeeeeee   r       deeetich  ndd elleeNNNNN
/data3fast/users/mbermudez/de_03/TFGDataset/img/train_t2_0300.png|aahh    dr       aa    iichtthiill   nnnnnaaaa
/data3fast/users/mbermudez/de_03/TFGDataset/img/train_t2_0470_1.png|wweeeeettttt
/data3fast/users/mbermudez/de_03/TFGDataset/img/train_t2_0975_1.png|hh   d  uuuu   ede  ahhhhles dddssssttttt
/data3fast/users/mbermudez/de_03/TFGDataset/img/train_t2_0122_1.png|uu eeeeeeeddeeeeeeeeeeeeeegffgeeeeeeeeee     ee
/data3fast/users/mbermudez/de_03/TFGDataset/img/train_t2_1035_1.png|lllhhhaaaaahhhennnnndddeeeeiieeeeeeeeeettt nnnnnn
/data3fast/users/mbermudez/de_03/TFGDataset/img/train_t2_1430_1.png|der    nn eee aahhh sssee      llllle
/data3fast/users/mbermudez/de_03/TFGDataset/img/train_t2_1294_2.png|anneee  ee ss     eeeeeeNN **eeeettts    dd   achhheeN
/data3fast/users/mbermudez/de_03/TFGDataset/img/train_t2_1066_2.png|wee  aaud eeerriiiieeeee     lllllaass  au rrrr
/data3fast/users/mbermudez/de_03/TFGDataset/img/train_t2_0783_1.png|eerchhhhiiinneee**   ssssseeeeehhh      rrheeee
/data3fast/users/mbermudez/de_03/TFGDataset/img/train_t2_1243_0.png|eeeeeeeeeNN           eeee esssss    eeeessstteeee
/data3fast/users/mbermudez/de_03/TFGDataset/img/train_t2_0391_2.png|woee    s    e           nnneeeeiilllheeeiittt   eeee
/data3fast/users/mbermudez/de_03/TFGDataset/img/train_t2_1104_1.png|ooeeeee annnnnnnnnnnnd aaalleheeeeeetttt ddddee
/data3fast/users/mbermudez/de_03/TFGDataset/img/train_t2_0798_1.png|ieeeee aaassss   sssseeeee deedeee
/data3fast/users/mbermudez/de_03/TFGDataset/img/train_t2_1268_2.png|wii    aaa  eeee    ddaaa  seeeN  uueeNNnnd
/data3fast/users/mbermudez/de_03/TFGDataset/img/train_t2_0952_2.png|bsst   nnn eeessseeeeeeeeiiitt    ddd     n dd   rrr
/data3fast/users/mbermudez/de_03/TFGDataset/img/train_t2_1494_0.png|eess    ddeeeee sssssNNN        llllee    ee   reeeet
/data3fast/users/mbermudez/de_03/TFGDataset/img/train_t2_0522.png|gggeeleeeeiiii ssscheeerrrrrdrrr deeee    auhhha
/data3fast/users/mbermudez/de_03/TFGDataset/img/train_t2_1418_1.png|gehhhhhhttN
/data3fast/users/mbermudez/de_03/TFGDataset/img/train_t2_1054_1.png|wwllleee ahhhh   dddeeeeeenn ssssst   eeeeee
/data3fast/users/mbermudez/de_03/TFGDataset/img/train_t2_1436_1.png|ges  aallloee ddeeeeeeeeeeeeee* nnn   tttttttttt
/data3fast/users/mbermudez/de_03/TFGDataset/img/train_t2_0528_2.png|rrrrrreeeerrrtttttttteeeeeeeeeeechhht   aaa
/data3fast/users/mbermudez/de_03/TFGDataset/img/train_t2_0648_1.png|aa ddddrrrrrrrrr cccchhhhe nnndd  eeeeee  unnn
/data3fast/users/mbermudez/de_03/TFGDataset/img/train_t2_1112.png|iit      nn llsss   naaahhuuuuhhhheeee  eeiiihhh
/data3fast/users/mbermudez/de_03/TFGDataset/img/train_t2_1396_1.png|lllseeeesesssseee  nnndeerrreehhhhhhhss  aaahh
/data3fast/users/mbermudez/de_03/TFGDataset/img/train_t2_1000.png|leeeeee iiiihhnnnnneeeiii    eeeeeeeeee  iiieeeeeeee
/data3fast/users/mbermudez/de_03/TFGDataset/img/train_t2_0095_0.png|uuddrrrrenneeee  s   it     uuteeeeneeee ssssss
/data3fast/users/mbermudez/de_03/TFGDataset/img/train_t2_0862_2.png|aassseett        lllleeiiiiilee   ee   ddd
/data3fast/users/mbermudez/de_03/TFGDataset/img/train_t2_0391.png|woee   ssss             ii neeeeillchhheeiiitt   reerr
/data3fast/users/mbermudez/de_03/TFGDataset/img/train_t2_0562_1.png|innneeee*******..
/data3fast/users/mbermudez/de_03/TFGDataset/img/train_t2_0718_0.png|ditttt   ssssseee tt   nnach   eeee   dddeee
/data3fast/users/mbermudez/de_03/TFGDataset/img/train_t2_1053_2.png|dii    a    s     eetttte      asssseeee
/data3fast/users/mbermudez/de_03/TFGDataset/img/train_t2_1024.png|sstttt    ddd  iitee  d ssssschhhhe  nnndddrriitt
/data3fast/users/mbermudez/de_03/TFGDataset/img/train_t2_0832_0.png|asss   eeseeennnnnnt rdrrrrr  hll nnddeee  nn
/data3fast/users/mbermudez/de_03/TFGDataset/img/train_t2_0584_0.png|dass eeeeettthhh   .
/data3fast/users/mbermudez/de_03/TFGDataset/img/train_t2_1107_1.png|#  ee
/data3fast/users/mbermudez/de_03/TFGDataset/img/train_t2_1101_0.png|ditteeesllllllee  ddddaachheeeee aaaaa  dee
/data3fast/users/mbermudez/de_03/TFGDataset/img/train_t2_0939_2.png|iih  eeeeehhheeen aaalls   eeeess   eeeeeeeaa
/data3fast/users/mbermudez/de_03/TFGDataset/img/train_t2_0344_1.png|fnneee aaau  sssethee e auuuunn   lhhheeeNNdda
/data3fast/users/mbermudez/de_03/TFGDataset/img/train_t2_0895_0.png|eennnneeeee   aaaaau eeennnneee a tsseeeeeeeeddrr
/data3fast/users/mbermudez/de_03/TFGDataset/img/train_t2_1351_2.png|nnnnehhheeeeeeeeeessseleeN  .
/data3fast/users/mbermudez/de_03/TFGDataset/img/train_t2_1450.png|maahh    eeeee   ttt nnn lleeeeeeeeeehiiiee  aaaa
/data3fast/users/mbermudez/de_03/TFGDataset/img/train_t2_0439_1.png|asssss   sss  eeeellleelengnnnneeeee   n nndeeeee
/data3fast/users/mbermudez/de_03/TFGDataset/img/train_t2_1232_1.png|geeeeeeeeeeeeeeeehtsssshuuhheeeeeteeettt  nn   sss
/data3fast/users/mbermudez/de_03/TFGDataset/img/train_t2_0285_1.png|ffeee   nnnn ttttteees  d   iiieeeseee
/data3fast/users/mbermudez/de_03/TFGDataset/img/train_t2_0871_1.png|geeeeeeee   dd   asl e   ddd    er  uuuu dee ell
/data3fast/users/mbermudez/de_03/TFGDataset/img/train_t2_0282.png|weeeeee  rrrrree  *  ooeeeetttt  eeeeeeeeeNhah
/data3fast/users/mbermudez/de_03/TFGDataset/img/train_t2_1094_0.png|g     sssssh nnnd  chhheeN dd   cchh  eeeeenneeee
/data3fast/users/mbermudez/de_03/TFGDataset/img/train_t2_1149_0.png|unddrrrrreeeeeee   alllaaass     d esilllleeee
/data3fast/users/mbermudez/de_03/TFGDataset/img/train_t2_1188.png|chht eehhhhhhh       hcht      n    esschhhl nnn     ss
/data3fast/users/mbermudez/de_03/TFGDataset/img/train_t2_1255_2.png|lleN dddddeeeeeeheee hhhhnnneeeggggeeeeethuuuuddd
/data3fast/users/mbermudez/de_03/TFGDataset/img/train_t2_1273_2.png|rrree     da      hhee    nneeeeN    dd eiiii
/data3fast/users/mbermudez/de_03/TFGDataset/img/train_t2_1013_2.png|die     aaallllnniic   unnnechhhhhn  d rrrrrtnnnnn
/data3fast/users/mbermudez/de_03/TFGDataset/img/train_t2_1214_2.png|auuddee  alll  eeiiiinnn essseeee uuu d  schheee
/data3fast/users/mbermudez/de_03/TFGDataset/img/train_t2_1069_1.png|deerdrrrrrrrre  sseeessttttteennneessss     ..l.
/data3fast/users/mbermudez/de_03/TFGDataset/img/train_t2_0171_2.png|iiih
/data3fast/users/mbermudez/de_03/TFGDataset/img/train_t2_1244_1.png|hhheeeeeeeee  tt  aau deeeetccchllll  eee
/data3fast/users/mbermudez/de_03/TFGDataset/img/train_t2_0162_0.png|dessssssetteN  neeee        dreeeeeeieieeee       
/data3fast/users/mbermudez/de_03/TFGDataset/img/train_t2_0372_0.png|drrrrhhieeeeeee  ssseee    aaaallleeeeiiiee
/data3fast/users/mbermudez/de_03/TFGDataset/img/train_t2_1110_0.png|aaseeeeeeenn  dee  aa  tttrr r ssshheeNNN
/data3fast/users/mbermudez/de_03/TFGDataset/img/train_t2_0618_0.png|chhee e         sssss      nn  iinnn eeeeerccchhhhuueeeerrr
/data3fast/users/mbermudez/de_03/TFGDataset/img/train_t2_0880.png|ooleeee  ss   ssseeeN   ii      ...
/data3fast/users/mbermudez/de_03/TFGDataset/img/train_t2_0628_2.png|lleeNN  nnn    tttt ennnnnnnn eseeeee tttttttt n
/data3fast/users/mbermudez/de_03/TFGDataset/img/train_t2_0222_1.png|ttt *      d ess   dde   sseennnnneeeee sssee   ***.    ee
/data3fast/users/mbermudez/de_03/TFGDataset/img/train_t2_0761_1.png|grrnnnnnnnnii    ...
/data3fast/users/mbermudez/de_03/TFGDataset/img/train_t2_0070.png|dee    ithhhh   tt       sseeeeeeehht   eeee
/data3fast/users/mbermudez/de_03/TFGDataset/img/train_t2_0971.png|alllhst e illllaaa hhhhhiiii  a lleeeeeiilllie
/data3fast/users/mbermudez/de_03/TFGDataset/img/train_t2_0027_2.png|ee aaannnnneee  uuuuutttteeee  ss
/data3fast/users/mbermudez/de_03/TFGDataset/img/train_t2_1397.png|dss     eeet   nn illhhh   eiittteeeee
/data3fast/users/mbermudez/de_03/TFGDataset/img/train_t2_0326_0.png|gggeeesssssa       ccchheennneeeii      s sseeeeN
/data3fast/users/mbermudez/de_03/TFGDataset/img/train_t2_1163.png|weeeessssssll ddrrhhaaueeeee nnnnn eeee   *..
/data3fast/users/mbermudez/de_03/TFGDataset/img/train_t2_1433_0.png|iihgeeeee   ddddeeeehhhheeeeneeeeee    dd eeeesssse
/data3fast/users/mbermudez/de_03/TFGDataset/img/train_t2_0448_2.png|gee    dd   eestt eeeeeelllllee   eeeeeeeedde
/data3fast/users/mbermudez/de_03/TFGDataset/img/train_t2_0500_1.png|ggeeseeeeerrrhhhhuu  eeeeee    aasseeeerrttt
/data3fast/users/mbermudez/de_03/TFGDataset/img/train_t2_1350_2.png|neeeetttteeNN      eeeee eeei    aa  eehhhhhhhauuddee
/data3fast/users/mbermudez/de_03/TFGDataset/img/train_t2_0328_0.png|drrtttteettt  
/data3fast/users/mbermudez/de_03/TFGDataset/img/train_t2_0087_2.png|diissstteeNN    ddd   ssshee  nddd  aaaa  deeee
/data3fast/users/mbermudez/de_03/TFGDataset/img/train_t2_0435_0.png|eee  dd eerrthttt nnneeeeellsss edeerrrreernnnnnnnnn
/data3fast/users/mbermudez/de_03/TFGDataset/img/train_t2_0361.png|# de
/data3fast/users/mbermudez/de_03/TFGDataset/img/train_t2_0179_0.png|ttt nnnnnnnnn rriieeenee allhhhhhheeeeeesst
/data3fast/users/mbermudez/de_03/TFGDataset/img/train_t2_0071_2.png|aadrrr   eeeee   uh   rreeeerrrrsllll        ddee
/data3fast/users/mbermudez/de_03/TFGDataset/img/train_t2_1247.png|iieeeessss  eesssshhnnnnnnnn    eeeeeeeee
/data3fast/users/mbermudez/de_03/TFGDataset/img/train_t2_0875_1.png|lee   dde    aasssseeeneeeeelhhhiii  aaa  ee
/data3fast/users/mbermudez/de_03/TFGDataset/img/train_t2_0554_2.png|leeN    sssssstt  eeeeellcchhhhhiiiiiii leeeN    u eeeeeeeee
/data3fast/users/mbermudez/de_03/TFGDataset/img/train_t2_0562_2.png|nnnneeeeee***.
/data3fast/users/mbermudez/de_03/TFGDataset/img/train_t2_1361_2.png|uu  ddeeeeeeeee hhnnneeeetthhuuuuuddeeeschhe
/data3fast/users/mbermudez/de_03/TFGDataset/img/train_t2_0935_2.png|ttt     eeehhhhhuuuu eeeesttssshhhh neeeeeer
/data3fast/users/mbermudez/de_03/TFGDataset/img/train_t2_0070_2.png|desst tiihhhhhhhitt    sssseeeeeehhhtnn
/data3fast/users/mbermudez/de_03/TFGDataset/img/train_t2_0454_0.png|chee  n  nn eeeeeeeeeee      al  dddd     nnnnn
/data3fast/users/mbermudez/de_03/TFGDataset/img/train_t2_0512.png|aaalllllii   eeeeeNN   uuddeeee    d eeeleeeeeeee
/data3fast/users/mbermudez/de_03/TFGDataset/img/train_t2_0731_1.png|oooo     rrrt  dderreeeeeeeeee*eeeeetsssttttsses
/data3fast/users/mbermudez/de_03/TFGDataset/img/train_t2_1282_0.png|iiss      sss           eeihhh         t      ......
/data3fast/users/mbermudez/de_03/TFGDataset/img/train_t2_0609.png|errrllh    ddee dessseeeeeettiinneessssss
/data3fast/users/mbermudez/de_03/TFGDataset/img/train_t2_1264_1.png|da   ieeeeeeeee   ddaasss  errreennneeeeeeeuuaahh
/data3fast/users/mbermudez/de_03/TFGDataset/img/train_t2_1153_2.png|unddeeeellleeeNNN
/data3fast/users/mbermudez/de_03/TFGDataset/img/train_t2_0649.png|o    llll   ah   eesseederrcchhllllleeeiii eeee
/data3fast/users/mbermudez/de_03/TFGDataset/img/train_t2_1166_2.png|dee    e*eeeeeereaalleeee  sseeeee   aasseeeeeiiiihlls  s 
/data3fast/users/mbermudez/de_03/TFGDataset/img/train_t2_1180.png|nee  ddeerrr      ssstttttssssss   nnnnn ale
/data3fast/users/mbermudez/de_03/TFGDataset/img/train_t2_0006_1.png|dasss       s s****   nnnn aa  nnnnn seeerrrrrrrrrrrelll
/data3fast/users/mbermudez/de_03/TFGDataset/img/train_t2_1174_1.png|ierr uu  eeeei n aaa  eeelll   d  iiieeeeeeeeeeee
/data3fast/users/mbermudez/de_03/TFGDataset/img/train_t2_1408_1.png|dertttttttt 
/data3fast/users/mbermudez/de_03/TFGDataset/img/train_t2_1136_2.png|geeeeeeeennnnn  d ss      nnaaa heeeeeeeeessttt
/data3fast/users/mbermudez/de_03/TFGDataset/img/train_t2_0969_1.png|mchheNNNee nnieettt nn eeerrchhhunnnfseeeeeerrrreeeee
/data3fast/users/mbermudez/de_03/TFGDataset/img/train_t2_0014_0.png|nn eeeesse         n h unn deesshhiiieeerhhhuuunnd
/data3fast/users/mbermudez/de_03/TFGDataset/img/train_t2_1244.png|hhheeeeeeeee  tttaaau deee stssscchlll  ee
/data3fast/users/mbermudez/de_03/TFGDataset/img/train_t2_0626.png|dee  nnnnn    deettt      annddeeeesseeeee
/data3fast/users/mbermudez/de_03/TFGDataset/img/train_t2_0579_0.png|oonnneeeeeennnneeehhhNN  ..
/data3fast/users/mbermudez/de_03/TFGDataset/img/train_t2_1055.png|sseeeee   ccaa       a itiree csssssss
/data3fast/users/mbermudez/de_03/TFGDataset/img/train_t2_0893_0.png|tt  sssllhhhhh   dddrerh   hhhh  llsss   eeeetthhh
/data3fast/users/mbermudez/de_03/TFGDataset/img/train_t2_0614_2.png|wiieeee  nnnn ahheee    ii ddd  reeeee   sssh eedsss
/data3fast/users/mbermudez/de_03/TFGDataset/img/train_t2_1171_0.png|ass     eeeeeettiinnneeeei     ee ssseeeeeeee
/data3fast/users/mbermudez/de_03/TFGDataset/img/train_t2_0572.png|ffrrdd   eeeee   llheeennnnede        ee** ottt
/data3fast/users/mbermudez/de_03/TFGDataset/img/train_t2_0045.png|ssttaaaa  ddeeiiiieee  uuu   gllhhee nnnnnnnttt
/data3fast/users/mbermudez/de_03/TFGDataset/img/train_t2_1209_0.png|iiiee     sssseee deeee    iccchnnneeee
/data3fast/users/mbermudez/de_03/TFGDataset/img/train_t2_0183_0.png|nnneeeeeee   tt eee   assseee au  eeerhhhhha
/data3fast/users/mbermudez/de_03/TFGDataset/img/train_t2_1011_0.png|# 
/data3fast/users/mbermudez/de_03/TFGDataset/img/train_t2_0381_1.png|deee eeehhheeeee  hhh   eeeeeeeeeeiiiillaassssttttt
/data3fast/users/mbermudez/de_03/TFGDataset/img/train_t2_0080_2.png|aannn     rreeeee edeee nnnneeeeeiinn  eeeere
/data3fast/users/mbermudez/de_03/TFGDataset/img/train_t2_1254_0.png|mt   errrehhhhN  ndd     rrrt      llgeeeegggeeeee
/data3fast/users/mbermudez/de_03/TFGDataset/img/train_t2_0583_2.png|aaee    au    nnnn ll    ttttthheeelll lll eeeel
/data3fast/users/mbermudez/de_03/TFGDataset/img/train_t2_1228_0.png|gee  dd  eeeeedd ssssss d sssaaaa eeeeeee  eeeehhh
/data3fast/users/mbermudez/de_03/TFGDataset/img/train_t2_1470.png|nnn   tthht d eee**********       eeeeee        eeeeeN
/data3fast/users/mbermudez/de_03/TFGDataset/img/train_t2_0988.png|gehssssssN.
/data3fast/users/mbermudez/de_03/TFGDataset/img/train_t2_0856_0.png|rrrrggg eeerr nnnnn eeeeedeesssseeeeeeeeeeggeeeN
/data3fast/users/mbermudez/de_03/TFGDataset/img/train_t2_0542_0.png|eerrnn  aaaaaaau  eeNNNNdddd  sschhhhlleeeee
/data3fast/users/mbermudez/de_03/TFGDataset/img/train_t2_1297_2.png|aueeeee eleelllsss auddd s  nnn ssse     eeeeeee
/data3fast/users/mbermudez/de_03/TFGDataset/img/train_t2_1233.png|wwreee
/data3fast/users/mbermudez/de_03/TFGDataset/img/train_t2_1466.png|aatttttt      eerrrr r rreerhtteeeeeNsNN  s sssshhhh
/data3fast/users/mbermudez/de_03/TFGDataset/img/train_t2_0579.png|oon eeeeeNNNnnneehhNNN 
/data3fast/users/mbermudez/de_03/TFGDataset/img/train_t2_0074_1.png|tt    ueeehhhhh eeeee  aaah eeee nnnnn
/data3fast/users/mbermudez/de_03/TFGDataset/img/train_t2_1147_2.png|waa   auhhhh eeeeeee   aaaa rrrrttt      dddde
/data3fast/users/mbermudez/de_03/TFGDataset/img/train_t2_1274_1.png|alss          eessssstt uuueeeee  eleeeNN
/data3fast/users/mbermudez/de_03/TFGDataset/img/train_t2_1182_0.png|iiit    achhhhhe     dee      sssssssssseee  a eeeee
/data3fast/users/mbermudez/de_03/TFGDataset/img/train_t2_0157_1.png|oonnnn  errrrreeeee ssschheennnnnda  ddeeee
/data3fast/users/mbermudez/de_03/TFGDataset/img/train_t2_0619_0.png|deN     eeeeeees eeeehttt       seeeeeeeeeee   n ttttttt
/data3fast/users/mbermudez/de_03/TFGDataset/img/train_t2_0734_0.png|rrrreeeeeeeeeett   ddd iiitti      ddiiiiinneeeeeeee
/data3fast/users/mbermudez/de_03/TFGDataset/img/train_t2_1311_2.png|seeee  nnneeeederreechhhhh   nddeeeeeechhhauuueeee
/data3fast/users/mbermudez/de_03/TFGDataset/img/train_t2_0807_1.png|beeaaa eeeeennnnieeeee   ssssssss  nnnnnnnn
/data3fast/users/mbermudez/de_03/TFGDataset/img/train_t2_0714_1.png|annhhhhhhhhh   ddiiiillee sschheeeeeerrr  r
/data3fast/users/mbermudez/de_03/TFGDataset/img/train_t2_0187_0.png|dee rriiiieeeenneeeeettt u   eeeeeeellll     eeeeeen
/data3fast/users/mbermudez/de_03/TFGDataset/img/train_t2_0407_2.png|u   eeeeeee  ggggeiii  d  slccsee ddrssschhhhhe
/data3fast/users/mbermudez/de_03/TFGDataset/img/train_t2_1033_1.png|mahh     nnn     hhhhhh  ddeee iittttt dder
/data3fast/users/mbermudez/de_03/TFGDataset/img/train_t2_0894_0.png|unsssersshhhh sseeeeeee  nn  lleeiii eerrrrdrrrrrrnn
/data3fast/users/mbermudez/de_03/TFGDataset/img/train_t2_0342_0.png|eeinnnnnn llaaasssee     r  eeee  scclllieeeeelllse
/data3fast/users/mbermudez/de_03/TFGDataset/img/train_t2_0580_1.png|auuu eeehhhheeNNdd  ssslleess  uueesss      ..
/data3fast/users/mbermudez/de_03/TFGDataset/img/train_t2_0349_2.png|st   laaa a assseee     ttihhhiiee iiiihhh rre
/data3fast/users/mbermudez/de_03/TFGDataset/img/train_t2_0027_0.png|er aaannnnneeee  uuunn tteee ssss
/data3fast/users/mbermudez/de_03/TFGDataset/img/train_t2_1458_0.png|dee  iiittttt   dii ******* oo  errrrreeeee
/data3fast/users/mbermudez/de_03/TFGDataset/img/train_t2_0473_1.png|geee  tt  ss
/data3fast/users/mbermudez/de_03/TFGDataset/img/train_t2_1313_1.png|aas     aaasseeennndd   sseess slllllleiinn  sssse
/data3fast/users/mbermudez/de_03/TFGDataset/img/train_t2_0225_2.png|iiiieee urrrreeeeeeeeechttt   e   n ddeeeehhh
/data3fast/users/mbermudez/de_03/TFGDataset/img/train_t2_0089_1.png|aaseeeii     eeeeeeeee   eeeeeeeeeee aaa
/data3fast/users/mbermudez/de_03/TFGDataset/img/train_t2_1340_0.png|eertttttttt 
/data3fast/users/mbermudez/de_03/TFGDataset/img/train_t2_0985_0.png|derrreeeeennnneee**    e s   aslllliihhhhhhhhtt    aaa
/data3fast/users/mbermudez/de_03/TFGDataset/img/train_t2_1302_2.png|geeeN   n aaacttnnngggeeegnnnn d  eer uuuueee
/data3fast/users/mbermudez/de_03/TFGDataset/img/train_t2_1032.png|eeeeeee  nnnnniihihhhhe  dddd esssssee    eeeeee
/data3fast/users/mbermudez/de_03/TFGDataset/img/train_t2_0071_0.png|anndrrrss  eee   ah   eeeeeeerrtsllllee    d dee
/data3fast/users/mbermudez/de_03/TFGDataset/img/train_t2_0454_1.png|chheee nnnneeeeeeeeeee   d   ls  eddee   riin
/data3fast/users/mbermudez/de_03/TFGDataset/img/train_t2_0349.png|stt aaaaaaa a sseeee     tihhhheeieiihhhhhh
/data3fast/users/mbermudez/de_03/TFGDataset/img/train_t2_0325_0.png|aasss eeerrrreeeeeN    siiii  ddeeeeellllll
/data3fast/users/mbermudez/de_03/TFGDataset/img/train_t2_1186.png|neelllhhht      reer aaaaannee           eeeee
/data3fast/users/mbermudez/de_03/TFGDataset/img/train_t2_0277_1.png|drrttee ashhttttt..
/data3fast/users/mbermudez/de_03/TFGDataset/img/train_t2_0529_1.png|seeeNNNN ssaa       t  ssee   aaa stteeeeeiit
/data3fast/users/mbermudez/de_03/TFGDataset/img/train_t2_1045_0.png|weeehhh   ddrrrrtttteee aaaa eeessse   uuueeeee
/data3fast/users/mbermudez/de_03/TFGDataset/img/train_t2_0425_1.png|tte    ssscchheeeessss iieeeeeesssssseeeeeeeee
/data3fast/users/mbermudez/de_03/TFGDataset/img/train_t2_0888_1.png|wieeeerrr  aageeennnndd  sslllleen   tt  auuuu
/data3fast/users/mbermudez/de_03/TFGDataset/img/train_t2_0723.png|ggeee       llliiheeee  aa  nn    seeeeee
/data3fast/users/mbermudez/de_03/TFGDataset/img/train_t2_0572_1.png|feeuudddeeeeee   eeeeee nnddeer       ee    aaa
/data3fast/users/mbermudez/de_03/TFGDataset/img/train_t2_0144_1.png|hheeeessslhh  n  eeehhheeeeeee ssssslllhiii  dd
/data3fast/users/mbermudez/de_03/TFGDataset/img/train_t2_1193.png|wiiiennnnnnneeessssss        iceheeeeeeeesss    nn     
/data3fast/users/mbermudez/de_03/TFGDataset/img/train_t2_0177_0.png|der scclleeeNNaau eeeescch   dd  eee  aaaauuhhhhhh
/data3fast/users/mbermudez/de_03/TFGDataset/img/train_t2_0797_0.png|weee iccchhhh nnndd rreeeeeeeg nnn    nnnne
/data3fast/users/mbermudez/de_03/TFGDataset/img/train_t2_1224.png|oo   ieeeeeee   reeeeeecchhheee   llls   iiiinnn
/data3fast/users/mbermudez/de_03/TFGDataset/img/train_t2_1383_1.png|sssssehhheeeN   ssstt  dd eeeeeeh  eeeeeeeetttttt
/data3fast/users/mbermudez/de_03/TFGDataset/img/train_t2_1022.png|deNNN  eeeeeelii    ddssseeeNNdeeeeseeteeennnnn
/data3fast/users/mbermudez/de_03/TFGDataset/img/train_t2_1130.png|rrrrrrsseee  sssstttt nnnndddeeeeeeggnneeeeehhhheee
/data3fast/users/mbermudez/de_03/TFGDataset/img/train_t2_1023.png|dereeeeeeeeNNNdddddeeeeeeeeee ttt   nndddeee
/data3fast/users/mbermudez/de_03/TFGDataset/img/train_t2_1009_1.png|annddeerrrichhhheee  eeeiii  hh  dd aaaa
/data3fast/users/mbermudez/de_03/TFGDataset/img/train_t2_0433.png|geeeeeeeerdddrrrruuuuhhhhe nnde  ccchht  
/data3fast/users/mbermudez/de_03/TFGDataset/img/train_t2_1220_1.png|iies      eeeeee uuuudd  ttttee     ddsssse
/data3fast/users/mbermudez/de_03/TFGDataset/img/train_t2_1019_0.png|geeeeeeeuunerrrtttttt  ddeeeellllle
/data3fast/users/mbermudez/de_03/TFGDataset/img/train_t2_0147.png|ttteee   saau  eeeeeeeeescchhhnnnnnndd aaheee
/data3fast/users/mbermudez/de_03/TFGDataset/img/train_t2_0374.png|aas    n neicchhaau eeeeeee     a       sssss
/data3fast/users/mbermudez/de_03/TFGDataset/img/train_t2_0650.png|allleeeieeieeee  nndeeeeeneen n d   achh   d  ssssschhtt
/data3fast/users/mbermudez/de_03/TFGDataset/img/train_t2_1430_2.png|der   n eeee aaaa ssseee    n  allleeii
/data3fast/users/mbermudez/de_03/TFGDataset/img/train_t2_0295_1.png|geeehhttt   soeennnnnet      eeeeeer aaaauu
/data3fast/users/mbermudez/de_03/TFGDataset/img/train_t2_0987_1.png|#dd
/data3fast/users/mbermudez/de_03/TFGDataset/img/train_t2_1476.png|eeN nnnnnn eeee  ttt   eeee  nnineeeeeleeee
/data3fast/users/mbermudez/de_03/TFGDataset/img/train_t2_0001.png|geN   nnn eeeeeeleeeeeeeeeN   dd sssl  d  seeeehh
/data3fast/users/mbermudez/de_03/TFGDataset/img/train_t2_1347_1.png|ahhhe    nnn  assa nnddeeeeeeeeee  uuuuuuufgfeehhet
/data3fast/users/mbermudez/de_03/TFGDataset/img/train_t2_0225_0.png|iiiieeeerrrrreeeeeeeeehhhttt        ddeeerrehh
/data3fast/users/mbermudez/de_03/TFGDataset/img/train_t2_0417_0.png|sstttt        ssseeee   sssss      eeelllleee   i iii****
/data3fast/users/mbermudez/de_03/TFGDataset/img/train_t2_0600.png|onnn     eellsss annnaa  tt      seee
/data3fast/users/mbermudez/de_03/TFGDataset/img/train_t2_0991_0.png|ee  nnnniiiinn  ad  t   tstcttttctttti        ee
/data3fast/users/mbermudez/de_03/TFGDataset/img/train_t2_0448_1.png|gerr    dd rrrtttt  eeeeelllhheee dd  eeddd
/data3fast/users/mbermudez/de_03/TFGDataset/img/train_t2_1351.png|ennneehheeeeenneeesseeee    .
/data3fast/users/mbermudez/de_03/TFGDataset/img/train_t2_0390_2.png|bssseeeNeNeeeeeeeiiiiihhhhhhh  sseeeee  n  rrrrrrhhe
/data3fast/users/mbermudez/de_03/TFGDataset/img/train_t2_1068_2.png|geeiiiii    aah ddrrrmaal deeeeiiihhee  uudeeee
/data3fast/users/mbermudez/de_03/TFGDataset/img/train_t2_0084.png|weenn  ssssstti      sssthheie    rrre   ss e e   ettteeeenn
/data3fast/users/mbermudez/de_03/TFGDataset/img/train_t2_0677_0.png|aasss    eeeeeeeeess    iilieeettt   ddd
/data3fast/users/mbermudez/de_03/TFGDataset/img/train_t2_0096_1.png|aee   dnnaaaahh eeee  d ss  eeeeee  aa   nnn
/data3fast/users/mbermudez/de_03/TFGDataset/img/train_t2_0705.png|eeeeeNNNNe   rrrrrtt   dd  ssst   nnn
/data3fast/users/mbermudez/de_03/TFGDataset/img/train_t2_1297_0.png|aaeeeeeeeee  lllsss uu   seeennn sse      eeeeeee
/data3fast/users/mbermudez/de_03/TFGDataset/img/train_t2_1330_1.png|iinnnnnnnnnnnttnnnn  aahhee ihh  nn dd  sssttttt
/data3fast/users/mbermudez/de_03/TFGDataset/img/train_t2_0744_2.png|dee   *nnnnee  rr aaauuuunhet   sssseer   nn achhhhhh
/data3fast/users/mbermudez/de_03/TFGDataset/img/train_t2_0799.png|ieeeeeeeeettteiiinnlllhhhheeeeeieiinnnnneeeeeeees
/data3fast/users/mbermudez/de_03/TFGDataset/img/train_t2_0511.png|vooeelllsiiienneee uuu ssshhhtt sss   rrrehhe  d
/data3fast/users/mbermudez/de_03/TFGDataset/img/train_t2_0908.png|st  ddeeeeegnaanu eeeeeeeet    uuunnn   ttttt
/data3fast/users/mbermudez/de_03/TFGDataset/img/train_t2_0594_1.png|iis  aa ddeeeeee ttt nnnn   ttocllleeNN nnnee
/data3fast/users/mbermudez/de_03/TFGDataset/img/train_t2_0166_2.png|ee  llleeeeeeeN  uauuu     eeeeeeedeeeeeee       aaaaa
/data3fast/users/mbermudez/de_03/TFGDataset/img/train_t2_0336_0.png|hhhe   d   uttttee    aaufeeeeeerr   aaatt
/data3fast/users/mbermudez/de_03/TFGDataset/img/train_t2_0737_2.png|des   a dd iittahchhllleeeeeeee  ittnnn
/data3fast/users/mbermudez/de_03/TFGDataset/img/train_t2_0798_0.png|eeeeeee  assss  d ssseeeeeee eeddee
/data3fast/users/mbermudez/de_03/TFGDataset/img/train_t2_0120_1.png|aaeeeeeeeedddrerrrrtthheeeellll ddaa cchheeeeeer
/data3fast/users/mbermudez/de_03/TFGDataset/img/train_t2_0806_2.png|eNNNNNee  tt   deeeeellleeN  nnddeeelllliiinnn
/data3fast/users/mbermudez/de_03/TFGDataset/img/train_t2_0749_2.png|rrreeii  cchhh  ee  uuuueeeeeeee elllll   a eeeeeeeeet
/data3fast/users/mbermudez/de_03/TFGDataset/img/train_t2_0164_1.png|wweeee     shttt
/data3fast/users/mbermudez/de_03/TFGDataset/img/train_t2_1398_2.png|ee      lleehheeeeeeeeeeiii  a    iiiiiin
