/data3fast/users/mbermudez/de_03/TFGDataset/img/train_t2_1177_2.png|beeeeeie        nddddeerrttttttt    e   eeeeee
/data3fast/users/mbermudez/de_03/TFGDataset/img/train_t2_0156_2.png|der  lln eeeeeeeeee    aaah   deeeN  ssseeee ttt
/data3fast/users/mbermudez/de_03/TFGDataset/img/train_t2_0376_1.png|auuheeeeeeeeerrri    deeeechhhnnnneeeeeetttt
/data3fast/users/mbermudez/de_03/TFGDataset/img/train_t2_0971_1.png|ssstttt lllll aaahhhhhtiiiinn a leeee  eiiiiinn
/data3fast/users/mbermudez/de_03/TFGDataset/img/train_t2_0928.png|deraaaahh    aaass    rrrii ieeeelllssasnn
/data3fast/users/mbermudez/de_03/TFGDataset/img/train_t2_1208_2.png|dds  eeeeeee  nnaaheeeeeersttttieeiiiinnn
/data3fast/users/mbermudez/de_03/TFGDataset/img/train_t2_0784_0.png|iii   aannndddeeeettteeN   see    eee     sellee
/data3fast/users/mbermudez/de_03/TFGDataset/img/train_t2_1126_2.png|ieee  rrrrrrrrtsssssseeNee  neee tt   e  annn eeeee
/data3fast/users/mbermudez/de_03/TFGDataset/img/train_t2_0139.png|stttt  nneeeett  eee   sssdderreeeeeeeeeNeeeeeeee
/data3fast/users/mbermudez/de_03/TFGDataset/img/train_t2_1392_0.png|# 
/data3fast/users/mbermudez/de_03/TFGDataset/img/train_t2_0348_1.png|wor    rrrr     tttt   sssssoooot eeeee      ittttt
/data3fast/users/mbermudez/de_03/TFGDataset/img/train_t2_0079_1.png|mt  eeeeeehheNNNs s   nn  i      lllhhee  nnddee
/data3fast/users/mbermudez/de_03/TFGDataset/img/train_t2_0583_1.png|aueNN      nnnnnnn llll    ccchteeeee llll eeeee
/data3fast/users/mbermudez/de_03/TFGDataset/img/train_t2_0613_2.png|geeeiiiililhhhh  ddddeeeeeessssssssseeN  nddde
/data3fast/users/mbermudez/de_03/TFGDataset/img/train_t2_0607_1.png|eeeee  n   eeeed  sssss    nn  ssssseeeeeeeeeeee
/data3fast/users/mbermudez/de_03/TFGDataset/img/train_t2_0811_2.png|dassseeeeeeeeeeeeeiiiiii llgeeee   nnnaalhhheNuuuu
/data3fast/users/mbermudez/de_03/TFGDataset/img/train_t2_1350_2.png|nneeettttteeeN     neeeee       ahh ehhcchhhaauddeee
/data3fast/users/mbermudez/de_03/TFGDataset/img/train_t2_0788_1.png|von aaaass  eeeeeehht  d    aseeeeeee
/data3fast/users/mbermudez/de_03/TFGDataset/img/train_t2_0312_1.png|err   nnne   iieeeeesseee     iilllhhedeeeiinnnnn
/data3fast/users/mbermudez/de_03/TFGDataset/img/train_t2_0797_0.png|weee  ccchhhnnnndddrreeeeeeeennnn      nneee
/data3fast/users/mbermudez/de_03/TFGDataset/img/train_t2_0793_2.png|besshhhheeeett    seeeehsssssssleeeN       sssschheeeeeee
/data3fast/users/mbermudez/de_03/TFGDataset/img/train_t2_1251_2.png|beeeee   aaaheeeNeeeei     eeett eeeeeele
/data3fast/users/mbermudez/de_03/TFGDataset/img/train_t2_0215_2.png|ttee      tt eee   sssNNNNNe  nnnnnn   ii  iirrreee
/data3fast/users/mbermudez/de_03/TFGDataset/img/train_t2_0401_1.png|gees     nnnnnnnnnnnnneeeeeee sscchh  eee
/data3fast/users/mbermudez/de_03/TFGDataset/img/train_t2_0619_1.png|de    eeeeeeeeeeeee  ttii     sseeeeeeeeeee   nn   tttt
/data3fast/users/mbermudez/de_03/TFGDataset/img/train_t2_1233.png|wweeeed..
/data3fast/users/mbermudez/de_03/TFGDataset/img/train_t2_0258_2.png|ggeen  eee  eessee  chhhh   asssssttii nddee
/data3fast/users/mbermudez/de_03/TFGDataset/img/train_t2_0360_1.png|alss aaauuuuu sslhhe     sseeeeeeeehee   ssaaa  i
/data3fast/users/mbermudez/de_03/TFGDataset/img/train_t2_0349.png|st   aaaa    aseeeed    tttiiiiieeiiiichhhh
/data3fast/users/mbermudez/de_03/TFGDataset/img/train_t2_0905_0.png|gggeeee   cttt  dd   ddee    n n
/data3fast/users/mbermudez/de_03/TFGDataset/img/train_t2_1273_2.png|rreeee   dd  dd    hee   n neeee      eeeiit
/data3fast/users/mbermudez/de_03/TFGDataset/img/train_t2_0540_2.png|#
/data3fast/users/mbermudez/de_03/TFGDataset/img/train_t2_0203_1.png|n  dddee   uueee a eeeeerr  ddee  aaaaa  e
/data3fast/users/mbermudez/de_03/TFGDataset/img/train_t2_0295_1.png|geeeittt  sseeeennnnne      eeeeee  aaaa
/data3fast/users/mbermudez/de_03/TFGDataset/img/train_t2_0618_0.png|chhhee       sssss          nnni     deeerrrhhhhhuu eeeeee
/data3fast/users/mbermudez/de_03/TFGDataset/img/train_t2_0540.png|# 
/data3fast/users/mbermudez/de_03/TFGDataset/img/train_t2_1076.png|grrggeeeeessssssse    ddd r auuuuee neeeeeeee*    r a
/data3fast/users/mbermudez/de_03/TFGDataset/img/train_t2_1019_0.png|geeeeeeenn rertttttt  dd  eeeeelllleN
/data3fast/users/mbermudez/de_03/TFGDataset/img/train_t2_0231_1.png|wisssssshhuuunnnnnn rreeeeeeecchheeNNnnnnttteeeeee
/data3fast/users/mbermudez/de_03/TFGDataset/img/train_t2_0094.png|anne sssssl     eeeeennnnnuuthteee      *i*  iiiiilhh
/data3fast/users/mbermudez/de_03/TFGDataset/img/train_t2_0705_1.png|eelleNeee    ier    aa  sssr   nnnn
/data3fast/users/mbermudez/de_03/TFGDataset/img/train_t2_0637_2.png|bss   ddd   ssseeeeeinnnnneeeessssee     eeeeeeee
/data3fast/users/mbermudez/de_03/TFGDataset/img/train_t2_1378_2.png|ooeee             aaootttti   sss eeee   llleeshhh
/data3fast/users/mbermudez/de_03/TFGDataset/img/train_t2_0892_2.png|nnn  lll t   ddeeeesscclleeeeeeeeeeessssseedeee
/data3fast/users/mbermudez/de_03/TFGDataset/img/train_t2_0158.png|stllleeeeeeeeeeeeeN  ddd rrchhnnneee  iii    nnn
/data3fast/users/mbermudez/de_03/TFGDataset/img/train_t2_0861_2.png|iii   eeeddd     annllllhhhhaaa  deeeeeetttt
/data3fast/users/mbermudez/de_03/TFGDataset/img/train_t2_0376.png|aaaheeeeeeeeeeeeii   deeeihhhnnnnn eeesttihhh
/data3fast/users/mbermudez/de_03/TFGDataset/img/train_t2_0060_2.png|ee    dddeeee  sslllchheeeeihhha  drrrrr uuuuuu
/data3fast/users/mbermudez/de_03/TFGDataset/img/train_t2_0661.png|iii ii ttttr  gggssssseeee     ..
/data3fast/users/mbermudez/de_03/TFGDataset/img/train_t2_0435_0.png|nen ddddrrrcchttt    neeeee  ssseeeeerrrrrrnnnnnaaa
/data3fast/users/mbermudez/de_03/TFGDataset/img/train_t2_0736_0.png|mt  eeeeeeell neeeeeeee
/data3fast/users/mbermudez/de_03/TFGDataset/img/train_t2_0946_0.png|uu eeeeee  ddrrrrhhhhh              a   eeeeer
/data3fast/users/mbermudez/de_03/TFGDataset/img/train_t2_0856_0.png|irrrggnneeerrrrnnnnnneeeeee eessseeeeeeeeeeeegegeNNN
/data3fast/users/mbermudez/de_03/TFGDataset/img/train_t2_0460_1.png|beeeee  iii   ssssttuunnuthhhuu   seee
/data3fast/users/mbermudez/de_03/TFGDataset/img/train_t2_0075_0.png|"   rhhteeNsssss  ...
/data3fast/users/mbermudez/de_03/TFGDataset/img/train_t2_0181_0.png|seee  e ahhheeeeeesstttte   errrruahheeeee
/data3fast/users/mbermudez/de_03/TFGDataset/img/train_t2_1402.png|wlll      a      ccccsssss    n  lllhhhleeeeet nnn
/data3fast/users/mbermudez/de_03/TFGDataset/img/train_t2_0087_2.png|diessttteeN          sssche  ddd    aaau  eee
/data3fast/users/mbermudez/de_03/TFGDataset/img/train_t2_0764_2.png|fnneeeeeinnnnlllll  dd  acchheennn    rrrehhhu
/data3fast/users/mbermudez/de_03/TFGDataset/img/train_t2_1050_1.png|weee  dd    ttto  dddrrreeeeeNN  aleeeeeeeee
/data3fast/users/mbermudez/de_03/TFGDataset/img/train_t2_0139_1.png|sstt    eenffttteeedd  sss deereeiieeeeee eeeeeeee
/data3fast/users/mbermudez/de_03/TFGDataset/img/train_t2_0156_0.png|de  lllhh   eeeeeeee  aaaahnn eee   ssseeeee  ttt
/data3fast/users/mbermudez/de_03/TFGDataset/img/train_t2_0395_1.png|da   slii    nndeeretttiinthineeell     saaaaaa
/data3fast/users/mbermudez/de_03/TFGDataset/img/train_t2_0960.png|derreeeeeeeeeeeee** sstttt      eees    uuuu eeenneeesssss
/data3fast/users/mbermudez/de_03/TFGDataset/img/train_t2_1469_1.png|hrrreeeeeeee   dddddd         a               ...llll
/data3fast/users/mbermudez/de_03/TFGDataset/img/train_t2_0975_1.png|hh  dddn   uu  deer ahhhhassdddssss  tttt
/data3fast/users/mbermudez/de_03/TFGDataset/img/train_t2_0550_0.png|sse  eeeeeee    ee  nndeeeeee  a eeeheeetttttttt
/data3fast/users/mbermudez/de_03/TFGDataset/img/train_t2_0479_2.png|leeeee sssslhh   ddddrrr aa ddd  rriihllnn
/data3fast/users/mbermudez/de_03/TFGDataset/img/train_t2_0806_2.png|eeNNNN   cht   eeeeeesleeN  ndddeeeelleeiii
/data3fast/users/mbermudez/de_03/TFGDataset/img/train_t2_1194_1.png|geeN     nnn  eee  ihi nn eeeesssssshs  nn n       eeeeeee
/data3fast/users/mbermudez/de_03/TFGDataset/img/train_t2_0817_0.png|dee   llleee      sshh neeeeeeee    eeeeeee  lllllsseessss
/data3fast/users/mbermudez/de_03/TFGDataset/img/train_t2_0344_1.png|nnneeeaaaaa ddssrhhhe  uuuuuuud  ellhhheeeNddd
/data3fast/users/mbermudez/de_03/TFGDataset/img/train_t2_1254_0.png|mi  derreehheNN  ddnn    ertt  dd iiihlngeeeeeeeeeee
/data3fast/users/mbermudez/de_03/TFGDataset/img/train_t2_0862.png|wsssseeet        allleeeiillleeeeedee   uu s
/data3fast/users/mbermudez/de_03/TFGDataset/img/train_t2_1369_2.png|bbeeeeee   nnn  iiitt    deee   eeennnn
/data3fast/users/mbermudez/de_03/TFGDataset/img/train_t2_0258_0.png|ggggggeeeeeeessseehhhhh  aaassssoitt nnddee
/data3fast/users/mbermudez/de_03/TFGDataset/img/train_t2_0799_2.png|eeeeeeeeehteeeiiinee aalhhheeeeeiiiennn eeeeeeesss
/data3fast/users/mbermudez/de_03/TFGDataset/img/train_t2_0550_2.png|sseeeeeeeeeNuu drr  nnneeeeeN    heeeeetttttttt
/data3fast/users/mbermudez/de_03/TFGDataset/img/train_t2_0949.png|oooelleiiiiennnee*******iiiiieeeeeiiichh nnuuu
/data3fast/users/mbermudez/de_03/TFGDataset/img/train_t2_0526_2.png|nnnn lllss  aaan  ttti eeeeeeeeeeennnnn
/data3fast/users/mbermudez/de_03/TFGDataset/img/train_t2_0117_2.png|geeeeNNeeeeeeN    chheeN   sss t    aahheeee
/data3fast/users/mbermudez/de_03/TFGDataset/img/train_t2_1418_1.png|geehhhhttN
/data3fast/users/mbermudez/de_03/TFGDataset/img/train_t2_0973_2.png|ee   chhheeeN hhh  N      ssseeeeeeeeeirerrrreeee
/data3fast/users/mbermudez/de_03/TFGDataset/img/train_t2_0119_1.png|lllllhhhh    nnnnn dd   aa  dd eee      rreet
/data3fast/users/mbermudez/de_03/TFGDataset/img/train_t2_0448_0.png|gee   dd     sssttteeeeeelllheee dddrreeedd
/data3fast/users/mbermudez/de_03/TFGDataset/img/train_t2_0233_1.png|beelllhhhttttttiii        eeeeeeeeee        uueee  nccttt
/data3fast/users/mbermudez/de_03/TFGDataset/img/train_t2_1230_2.png|auu  eeee nnneeegggglleNNnnn  sscchhhenneeeee
/data3fast/users/mbermudez/de_03/TFGDataset/img/train_t2_1401.png|in   essttttthhhhNN u  deeerrr   uuuuu eeuu
/data3fast/users/mbermudez/de_03/TFGDataset/img/train_t2_0226_2.png|eNNN NNNN
/data3fast/users/mbermudez/de_03/TFGDataset/img/train_t2_1169.png|drrrrreei oon  nooo  nn   eeeeee    aallaass  eeee
/data3fast/users/mbermudez/de_03/TFGDataset/img/train_t2_0006_1.png|dasssss     s      nnnn  sssh nnn  seeerrrrrrrrrreeeelll
/data3fast/users/mbermudez/de_03/TFGDataset/img/train_t2_1302_2.png|geeee  nnnaaacctnnnnggggeinnnn   erre   sseeeee
/data3fast/users/mbermudez/de_03/TFGDataset/img/train_t2_0340.png|lllee  neeelllhhhh   nnnnddd  ieeiriiinnneesssss
/data3fast/users/mbermudez/de_03/TFGDataset/img/train_t2_0204_1.png|#  
/data3fast/users/mbermudez/de_03/TFGDataset/img/train_t2_0587_0.png|der  a          ddee eggennnerhhhheee   sssee
/data3fast/users/mbermudez/de_03/TFGDataset/img/train_t2_1410_0.png|undd sslleeeeee ssssee   iccttttseettttttt  rrr
/data3fast/users/mbermudez/de_03/TFGDataset/img/train_t2_0066_1.png|ffeeee  lllllcchheeeeettt  dd  lleeassheee
/data3fast/users/mbermudez/de_03/TFGDataset/img/train_t2_0596_0.png|teeellllnneeee       ollliieeeeeenn   ssss
/data3fast/users/mbermudez/de_03/TFGDataset/img/train_t2_0288.png|iiiniiiiiinnnnnleeeeee  nnnneeeeeeeee  ll e eeee   
/data3fast/users/mbermudez/de_03/TFGDataset/img/train_t2_0717_0.png|dass  erer       hhh  eeeee ttsschhhhaaaaaaa eeee
/data3fast/users/mbermudez/de_03/TFGDataset/img/train_t2_1023_2.png|dereeeeeeeNNNNddddeeeeeeeeN   tt    dddeee
/data3fast/users/mbermudez/de_03/TFGDataset/img/train_t2_1405_1.png|unnd eeers aannnnnsssee    eeedd elllll
/data3fast/users/mbermudez/de_03/TFGDataset/img/train_t2_0367_0.png|aa  eeeeeeieeeeeeeennneeet  edddeeelllee   nnn
/data3fast/users/mbermudez/de_03/TFGDataset/img/train_t2_0580.png|au   hhhhhhheeeN  aaaaalles   fesss   ddde .
/data3fast/users/mbermudez/de_03/TFGDataset/img/train_t2_0808_2.png|ieh   a  sss   ieeeee sssuu dderrrreeeeeeeN
/data3fast/users/mbermudez/de_03/TFGDataset/img/train_t2_1299_0.png|mi   eereeehheeN   nddaassiiinn a   ssssseeereeehh
/data3fast/users/mbermudez/de_03/TFGDataset/img/train_t2_1439_0.png|tteNeeeee  sssss  ieeeeii  aaahh t dddeeee
/data3fast/users/mbermudez/de_03/TFGDataset/img/train_t2_0459.png|seeN  nuuuuuuunnnnnniitiiieeeiieeeee  aaaaa eeeeee
/data3fast/users/mbermudez/de_03/TFGDataset/img/train_t2_0083_1.png|uuugggeeeeeeeeettttttt      rrrrr  a ttssssss
/data3fast/users/mbermudez/de_03/TFGDataset/img/train_t2_0680_1.png|anneeeeeeeeeeeeeiictttt   nnnn heeeee   a  hhhhhhe
/data3fast/users/mbermudez/de_03/TFGDataset/img/train_t2_0643_0.png|derr cccchhhtthhi  ddrrrrccsssss  d  nnnn    ddee
/data3fast/users/mbermudez/de_03/TFGDataset/img/train_t2_0592_0.png|issseeeeerrrttthhheeNN n d  lll  eeeeee****    dddnn
/data3fast/users/mbermudez/de_03/TFGDataset/img/train_t2_0514.png|dasss     eeeeesschh  eeeeee  leeee      a cheeeeeennnnn ssss
/data3fast/users/mbermudez/de_03/TFGDataset/img/train_t2_1145_0.png|ooneeeeeeee       d sssseeeee    ccca   deeesse
/data3fast/users/mbermudez/de_03/TFGDataset/img/train_t2_1273.png|creee   aass   rrhhe    nnnee    NN ddeeiiiil
/data3fast/users/mbermudez/de_03/TFGDataset/img/train_t2_0423_2.png|wirn nalllll   dd  rtteeeeeeeeeen   asllll
/data3fast/users/mbermudez/de_03/TFGDataset/img/train_t2_1360_1.png|gesssseeeelll   derrrrruuunndeeegggggeeeee
/data3fast/users/mbermudez/de_03/TFGDataset/img/train_t2_1309_0.png|lee   nnn iiee   a dddsssrrhr  nneeeeett  ndeeee
/data3fast/users/mbermudez/de_03/TFGDataset/img/train_t2_0952_1.png|bsss         esseeeeeeee iiittt   ddder aa    dddr
/data3fast/users/mbermudez/de_03/TFGDataset/img/train_t2_0045.png|ssttaaaaa  ddeeiiiee  ssauu eeelchheee nnnniiiin
/data3fast/users/mbermudez/de_03/TFGDataset/img/train_t2_1256_0.png|nneeee ***itt      uu  ehhheeN  dd  eennnnnnnneee
/data3fast/users/mbermudez/de_03/TFGDataset/img/train_t2_0834_1.png|iireeeeeeeeeeettii   llllllhhieeeeee   sssss
/data3fast/users/mbermudez/de_03/TFGDataset/img/train_t2_0023_2.png|geerrthhhtteeee  eellleinnneennnn      dddeeeeeieee
/data3fast/users/mbermudez/de_03/TFGDataset/img/train_t2_0311.png|gnnn ttttttee  aahheeeeeeeet  aauseeeeett   d
/data3fast/users/mbermudez/de_03/TFGDataset/img/train_t2_0763_2.png|ssshtttttteeeeeee       aad  ssee   see tcchhhhhe
/data3fast/users/mbermudez/de_03/TFGDataset/img/train_t2_1497.png|tteeeeeeeeeeee      iiiiineeeeee       aaaaac
/data3fast/users/mbermudez/de_03/TFGDataset/img/train_t2_1363.png|urrrrr  iiiii   sssslellle     iiiiett  dee  auu
/data3fast/users/mbermudez/de_03/TFGDataset/img/train_t2_1181_0.png|"tt  eeeeee elssee   hheNN uddddeeeeeeshhhhhhh
/data3fast/users/mbermudez/de_03/TFGDataset/img/train_t2_0127.png|ddraaalll   eeeerrrrttnneeee*iiii     ddeeeeellee
/data3fast/users/mbermudez/de_03/TFGDataset/img/train_t2_1051_2.png|neeeeeiiihhei nndddeeeeleeee       eeeeeerr a
/data3fast/users/mbermudez/de_03/TFGDataset/img/train_t2_0027_2.png|err aaannnnnee  uuuun   ee sss
/data3fast/users/mbermudez/de_03/TFGDataset/img/train_t2_0113.png|irrrhe  s   rrrtttt   ddd aaahhtt eeereeeeeeee ssss
/data3fast/users/mbermudez/de_03/TFGDataset/img/train_t2_0405_1.png|wennnnnnnnnieeen  eeeeetchheeN  **ee
/data3fast/users/mbermudez/de_03/TFGDataset/img/train_t2_0501_1.png|geehhhssssssssses       iieeeee  deeeechheeN nneee
/data3fast/users/mbermudez/de_03/TFGDataset/img/train_t2_0089_1.png|aasee iii  d reeeeeeeee   eegeeeeN aaaa
/data3fast/users/mbermudez/de_03/TFGDataset/img/train_t2_1421_2.png|sshhtttt haaa   .
/data3fast/users/mbermudez/de_03/TFGDataset/img/train_t2_0987_2.png|# d
/data3fast/users/mbermudez/de_03/TFGDataset/img/train_t2_1298_1.png|deessllla eeeeeellhhhhlheee aaaa  eeeeilllleess
/data3fast/users/mbermudez/de_03/TFGDataset/img/train_t2_0976_1.png|sssssssaaa     llllihhhh   niiiiit  ddeeessssee nnnn
/data3fast/users/mbermudez/de_03/TFGDataset/img/train_t2_0329_1.png|rrhheeeeeeeeesss      ccht      liii e   asslhleNN dddnn
/data3fast/users/mbermudez/de_03/TFGDataset/img/train_t2_0369_0.png|wieeiichhhhh a dd eeeeeee nnneeeeiiieettt   aaa
/data3fast/users/mbermudez/de_03/TFGDataset/img/train_t2_0260_1.png|iieeesssssss    eeeettttt  eeeelllllaaaaauseeeee
/data3fast/users/mbermudez/de_03/TFGDataset/img/train_t2_0273_0.png|ee   a   dddd eeeeeeeesttt   uuuu  ee  nn ttteeeeeee
/data3fast/users/mbermudez/de_03/TFGDataset/img/train_t2_0345.png|iihhhhah    ddddeeeeeheehh   dddd illlieeesseeeee
/data3fast/users/mbermudez/de_03/TFGDataset/img/train_t2_0427_2.png|was      nnnnieiicclllleNnnnnneeeeeeeeedrrrrhhh
/data3fast/users/mbermudez/de_03/TFGDataset/img/train_t2_0071_0.png|andrrrss  eee     ah  eeeeeeeeeescclllee      dd
/data3fast/users/mbermudez/de_03/TFGDataset/img/train_t2_0481_1.png|seeeeeeeeeeeeee  gee          eessssss t  uua
/data3fast/users/mbermudez/de_03/TFGDataset/img/train_t2_0001_1.png|gee   nnn eeellleeeeeeeeeeeN  dd  sal  d sseeeehhhe
/data3fast/users/mbermudez/de_03/TFGDataset/img/train_t2_1389_1.png|eee eeeeeahhh  dd  aachhieeeeeennnnnntttt
/data3fast/users/mbermudez/de_03/TFGDataset/img/train_t2_0294_1.png|uu   aaa    rrrrttts  aaahhhhhhheeeennnneeee ss
/data3fast/users/mbermudez/de_03/TFGDataset/img/train_t2_1464_0.png|sesss         nn    nndd eeeeeeeeee echhhee nuuuhhh
/data3fast/users/mbermudez/de_03/TFGDataset/img/train_t2_0868.png|undddeerr  ua    eeelhhheeeelssssseeee 
/data3fast/users/mbermudez/de_03/TFGDataset/img/train_t2_1249_2.png|uud  rsssshhttt  nnn eeeachhhhe eeeeee     nn
/data3fast/users/mbermudez/de_03/TFGDataset/img/train_t2_0888_2.png|wieeeerrrree llggennnddd sssslleeii  ttr  uauaa
/data3fast/users/mbermudez/de_03/TFGDataset/img/train_t2_0359_1.png|iieeeeeeeeee     ssss    s
/data3fast/users/mbermudez/de_03/TFGDataset/img/train_t2_0248_0.png|rrrennneenntnnnheeeeeeeeeeeeeeehhie  eeeee*       e
/data3fast/users/mbermudez/de_03/TFGDataset/img/train_t2_0743_2.png|auu  lllinnnndded eeeee deeeeeeeeeeeeeeee
/data3fast/users/mbermudez/de_03/TFGDataset/img/train_t2_0390_2.png|blsseeeNeeeeeeeeeiilihhh  hhhhh  esseeeee     rrrrhe
/data3fast/users/mbermudez/de_03/TFGDataset/img/train_t2_0419_2.png|dii  ssssll       *ittttts    ee   iettttttt
/data3fast/users/mbermudez/de_03/TFGDataset/img/train_t2_0843_0.png|geeeN   ssrrrrhhh  hhii   deeee  huntttheeeeee
/data3fast/users/mbermudez/de_03/TFGDataset/img/train_t2_0136_1.png|aassseeeeeeeeests e  sss   eeee  lllll nneeeee ****i.
/data3fast/users/mbermudez/de_03/TFGDataset/img/train_t2_0943_0.png|eeN aaaa   ee      eeechheeeellee   ddd
/data3fast/users/mbermudez/de_03/TFGDataset/img/train_t2_1242_2.png|irrchhhhhseellss     ss  deeeeerthet  usssss e ee  rrssschhh
/data3fast/users/mbermudez/de_03/TFGDataset/img/train_t2_0714_1.png|annnhhhhhhhaa  dd eillliiehccccs eeeerrrrr
/data3fast/users/mbermudez/de_03/TFGDataset/img/train_t2_0594_1.png|ie       eeeeee ttt nnnn   tttttllleeeN nddeee
/data3fast/users/mbermudez/de_03/TFGDataset/img/train_t2_0027_0.png|eer aannnneeee uuuunnttteeee   ssssss
/data3fast/users/mbermudez/de_03/TFGDataset/img/train_t2_0347_0.png|drrttt eeeeeenniiittt aa  ch   eee    aa
/data3fast/users/mbermudez/de_03/TFGDataset/img/train_t2_0865_0.png|beeeeeeeselNN
/data3fast/users/mbermudez/de_03/TFGDataset/img/train_t2_0120_1.png|aaaeeeeeeedddderrrtttiieeeeell  aaaaahhheeeeeee
/data3fast/users/mbermudez/de_03/TFGDataset/img/train_t2_1328_2.png|der aaaa         aaa ddeeillieeeN    nnnneeee
/data3fast/users/mbermudez/de_03/TFGDataset/img/train_t2_0237_0.png|aasssss
/data3fast/users/mbermudez/de_03/TFGDataset/img/train_t2_0416.png|bschhhte         ddddee ssshhhNNN        iiieeeellitt
/data3fast/users/mbermudez/de_03/TFGDataset/img/train_t2_0031_1.png|tee    llhheedeeeeei aa  ddd  eeeeitttttnn
/data3fast/users/mbermudez/de_03/TFGDataset/img/train_t2_0787.png|eeeee    dd   cch    eeee  uud rrhe  n  lllee
/data3fast/users/mbermudez/de_03/TFGDataset/img/train_t2_0532_0.png|mmrrrrrrreeeeeeeeinnnnnnlllleee   ee ssss eee   geee
/data3fast/users/mbermudez/de_03/TFGDataset/img/train_t2_0833_0.png|oeeeesssssshhh   eeeeeeeeeN  aaahehhh      nniiti
/data3fast/users/mbermudez/de_03/TFGDataset/img/train_t2_0238_0.png|de   lllhhhhheeeNNNtt    s ssaa   deereeeeeeddee
/data3fast/users/mbermudez/de_03/TFGDataset/img/train_t2_1390.png|nnnn   nnnnnn   deeeesttthhaa n  ss      eehheeeeNN
/data3fast/users/mbermudez/de_03/TFGDataset/img/train_t2_0766_1.png|auu eeeeeeeehhnnnnueeeeeete   aaaaahhhl
/data3fast/users/mbermudez/de_03/TFGDataset/img/train_t2_0880_0.png|ooleeeee     sssseeN   iii       ..
/data3fast/users/mbermudez/de_03/TFGDataset/img/train_t2_0169.png|derrrttthhhhhh  dddreeeeeeeeeeeehhnnnneeennnnnn
/data3fast/users/mbermudez/de_03/TFGDataset/img/train_t2_0723_0.png|ggeee        lllhhh ee   aannddd   ttteee
/data3fast/users/mbermudez/de_03/TFGDataset/img/train_t2_0175.png|iieeeerrreessssssaa eeesssssfeeeee  lllllh
/data3fast/users/mbermudez/de_03/TFGDataset/img/train_t2_0904.png|ee   lllleee nnneeeellee  nnneeenn   rrreeeeee
/data3fast/users/mbermudez/de_03/TFGDataset/img/train_t2_1381_0.png|tt* **   iiii hht     s  tt    lllee   ua eeeeeeeeeeeeee
/data3fast/users/mbermudez/de_03/TFGDataset/img/train_t2_0624.png|dee  lllesshheeeeeeN nnneehheeeee er       sssss
/data3fast/users/mbermudez/de_03/TFGDataset/img/train_t2_0318.png|dee  eeeee  ddd a   ass     eri tnnnnniie
/data3fast/users/mbermudez/de_03/TFGDataset/img/train_t2_0848_2.png|gee ttttttiiii     ii*****  llsseeNN   dddd eeii
/data3fast/users/mbermudez/de_03/TFGDataset/img/train_t2_1011_0.png|# 
/data3fast/users/mbermudez/de_03/TFGDataset/img/train_t2_0547_2.png|iihhsshshttttteeeeeeeee    d rrrhhhhhiiieennnnneeeen
/data3fast/users/mbermudez/de_03/TFGDataset/img/train_t2_0325_0.png|asss eeee r eeeeeee ssscchh   ddeeeeelllll
/data3fast/users/mbermudez/de_03/TFGDataset/img/train_t2_1455_2.png|m   eeeeeeee     aa  eeehhhheeeettt   nnneeeeee
/data3fast/users/mbermudez/de_03/TFGDataset/img/train_t2_0361_1.png|# de
/data3fast/users/mbermudez/de_03/TFGDataset/img/train_t2_0583_2.png|aaeNNNssa   nnnnn lllls  nnttthhseeeN llllleeeeel
/data3fast/users/mbermudez/de_03/TFGDataset/img/train_t2_1289_1.png|ffrre dddrriiiieennee*ee* eeeerree  eerrsschhh   daa
/data3fast/users/mbermudez/de_03/TFGDataset/img/train_t2_0795_2.png|eeennnnnnuuu deeeelhe   llsseeeeiii       aaaneee
/data3fast/users/mbermudez/de_03/TFGDataset/img/train_t2_0388.png|marreeeee  t **ttssttttt  uuu  hhheeNNNNNN nnnniii  
/data3fast/users/mbermudez/de_03/TFGDataset/img/train_t2_1453_2.png|#
/data3fast/users/mbermudez/de_03/TFGDataset/img/train_t2_0588_2.png|dee  eeegggfeeeeeeett     eee   aasseeeee
/data3fast/users/mbermudez/de_03/TFGDataset/img/train_t2_1334.png|oon eeeeennneecchhNuddd  tteee  uuueeeee
/data3fast/users/mbermudez/de_03/TFGDataset/img/train_t2_0063_2.png|eN  ndddnnn   sslllhheeeeeeetttt     ssllshhii  dd
/data3fast/users/mbermudez/de_03/TFGDataset/img/train_t2_1016_1.png|ne       illlliieeeen n   leeeee    ooeeeeesssssuueee
/data3fast/users/mbermudez/de_03/TFGDataset/img/train_t2_1121_2.png|wollll  ss   nnnnneeeerrrreeeeerrennnnneeennnnsssssss
/data3fast/users/mbermudez/de_03/TFGDataset/img/train_t2_0635_1.png|de    hhhhhhhh ass eeeeerccchhht     chhtt
/data3fast/users/mbermudez/de_03/TFGDataset/img/train_t2_1422_1.png|geehhh       eeeeedeeeee   egeeeeeeeeeeee  unddessee
/data3fast/users/mbermudez/de_03/TFGDataset/img/train_t2_1417_2.png|ihee aaa  ddrrrr aaa ddd  tt dderrrtt
/data3fast/users/mbermudez/de_03/TFGDataset/img/train_t2_0440_2.png|de   aa  d  ttttt eett     
/data3fast/users/mbermudez/de_03/TFGDataset/img/train_t2_0443_1.png|deerrr    ah seeeeett nnnnieeeeessssssshhtttt
/data3fast/users/mbermudez/de_03/TFGDataset/img/train_t2_0001_2.png|gee dnnnd  eeeleeeeeeeeeeeN       ss a   eessseehhh
/data3fast/users/mbermudez/de_03/TFGDataset/img/train_t2_1104.png|ooeeee  annnneennnnn    aaeeeeeeeertttt    d
/data3fast/users/mbermudez/de_03/TFGDataset/img/train_t2_0161_1.png|mauuuu   eeeetttt ii eeeer   au  eeeeeeeessssclllll
/data3fast/users/mbermudez/de_03/TFGDataset/img/train_t2_1487_0.png|iii ss     eerrr aalllleee  sscchheeeeed aaauu
/data3fast/users/mbermudez/de_03/TFGDataset/img/train_t2_0046.png|der     ttteeee     tttihh     ahhsssleee  
/data3fast/users/mbermudez/de_03/TFGDataset/img/train_t2_1259_1.png|#  
/data3fast/users/mbermudez/de_03/TFGDataset/img/train_t2_0179_0.png|tttnnnnnnnnn   iiieeineeeeelhhchhheeeeessee
/data3fast/users/mbermudez/de_03/TFGDataset/img/train_t2_0940_1.png|der   eeeeeellliiinn  dddde sllchhhN  ddddeeeeeeggee
/data3fast/users/mbermudez/de_03/TFGDataset/img/train_t2_1393_2.png|undneeeeeNN
/data3fast/users/mbermudez/de_03/TFGDataset/img/train_t2_0191.png|eer nnnnneeeeeeeeeeeeeeeeheett   dd  aauueee
/data3fast/users/mbermudez/de_03/TFGDataset/img/train_t2_0417_0.png|sstttt         sseeeN    ssss    a     lleeeed    iii******nn
/data3fast/users/mbermudez/de_03/TFGDataset/img/train_t2_0762.png|eeeeeeeettteeeeee   mm ee
/data3fast/users/mbermudez/de_03/TFGDataset/img/train_t2_0110_2.png|ooosssssssllllehhheeiiii  d  aasllleeiiillssseenn
/data3fast/users/mbermudez/de_03/TFGDataset/img/train_t2_0012.png|ttheeee  nde   ssauu  rhhhee  nn sssseeeeer
/data3fast/users/mbermudez/de_03/TFGDataset/img/train_t2_1139.png|tt nnnnl dde  aahhhhhheeeee iiiilll deeee**
/data3fast/users/mbermudez/de_03/TFGDataset/img/train_t2_1261.png|drrtttee        eeees  nn eeeeeesllleeenn
/data3fast/users/mbermudez/de_03/TFGDataset/img/train_t2_0018_1.png|meeeeeee     dddeeeeleeeeeeeeete*  *    dr ssseeee
/data3fast/users/mbermudez/de_03/TFGDataset/img/train_t2_0788_0.png|ooo aaaaaaseeeeeeiit      aass  eeeett
/data3fast/users/mbermudez/de_03/TFGDataset/img/train_t2_0583.png|aaue         nnnnn llll   ttchhhheeeee  lll eeeeel
/data3fast/users/mbermudez/de_03/TFGDataset/img/train_t2_1217_2.png|wlll       ssssllieeeeed     i   deeeee ttte  nn
/data3fast/users/mbermudez/de_03/TFGDataset/img/train_t2_1465.png|auu eeeee ttt     allll    eeee    ssessssss     d
/data3fast/users/mbermudez/de_03/TFGDataset/img/train_t2_1024_0.png|ssett    ddd iitt     sseesstchhhee nnn ddd  ii
/data3fast/users/mbermudez/de_03/TFGDataset/img/train_t2_1466.png|annttt       rrrrrr nnerrrehheeeeeeeese    u eeshhhhhh
/data3fast/users/mbermudez/de_03/TFGDataset/img/train_t2_0866_0.png|ffffnssss  eeeeenriitttseeeenn  eeeeeee ddeee
/data3fast/users/mbermudez/de_03/TFGDataset/img/train_t2_1155_1.png|iieerrrrrr          deeeeeeeeuhhhh   d eeelll
/data3fast/users/mbermudez/de_03/TFGDataset/img/train_t2_1349_0.png|eeriiiiiiiii ddrrreeeeeiinnnttttt  dd errrrrerrrr
/data3fast/users/mbermudez/de_03/TFGDataset/img/train_t2_1406_2.png|derscccuuuu e it  eeeeelll    ssschhhau dddeeeehheeee
/data3fast/users/mbermudez/de_03/TFGDataset/img/train_t2_0702_0.png|hheeeesssssseeeeit      ittttt  lleeeee
/data3fast/users/mbermudez/de_03/TFGDataset/img/train_t2_0394.png|unddde ettttttsseNN nneeeeee  iiiheeee   nn
/data3fast/users/mbermudez/de_03/TFGDataset/img/train_t2_0199_2.png|wllleeeeeeeeeee drrr    eessseeeee  hhhh
/data3fast/users/mbermudez/de_03/TFGDataset/img/train_t2_1049_1.png|aaau    dee aaaggeeeeelch assssueeeeeeeeeee
/data3fast/users/mbermudez/de_03/TFGDataset/img/train_t2_0518_1.png|der aaaa  deeeee     rieee naa    allleeeetttt
/data3fast/users/mbermudez/de_03/TFGDataset/img/train_t2_0372_0.png|drrrhhheeeeeett  sssseee     aalllleeeieeeee
/data3fast/users/mbermudez/de_03/TFGDataset/img/train_t2_0222_2.png|ttt**      s essee  nd  sss nnnnnnnee esssee        rrr
/data3fast/users/mbermudez/de_03/TFGDataset/img/train_t2_0843_1.png|geeN   d eeehhhhhhah    ddeeee  a tttttneeeed
/data3fast/users/mbermudez/de_03/TFGDataset/img/train_t2_0619.png|de    eeeeeeereeee  etti     ass eeeeeeeeee   nnnttttt
/data3fast/users/mbermudez/de_03/TFGDataset/img/train_t2_0102_0.png|annnieeeee  nnnieee tttt   ddd iiieeeeee    e
/data3fast/users/mbermudez/de_03/TFGDataset/img/train_t2_0351_2.png|ooeeeeeeeeNNN  ddd   eeed  rrrtt   aassshhh
/data3fast/users/mbermudez/de_03/TFGDataset/img/train_t2_1293_0.png|ales  aas  eeeeee    uufeeeeeett nn   eseeeess
/data3fast/users/mbermudez/de_03/TFGDataset/img/train_t2_1421_1.png|ssshhett    t   .
/data3fast/users/mbermudez/de_03/TFGDataset/img/train_t2_1068_2.png|glehhhhh   aah  ee  aaaa dddeellihhe  uuuudeee
/data3fast/users/mbermudez/de_03/TFGDataset/img/train_t2_0176_1.png|mi    ee aaall    a     eeeeee*****  gllllllhhheee
/data3fast/users/mbermudez/de_03/TFGDataset/img/train_t2_0978_0.png|nn      ccccchhheNNNeecchee niitttt   aa   neeee
/data3fast/users/mbermudez/de_03/TFGDataset/img/train_t2_0614_2.png|wieeeeeeeennn   eeed   ii  dd eeeeeeeeNN shhhh   edds
/data3fast/users/mbermudez/de_03/TFGDataset/img/train_t2_1090_1.png|eerttttttt  
/data3fast/users/mbermudez/de_03/TFGDataset/img/train_t2_0619_0.png|de     eeeee  seeeee  citt  aa sseeeeeeeeeeee  nn   tttttt
/data3fast/users/mbermudez/de_03/TFGDataset/img/train_t2_1035_2.png|llchhh aahhhhhnnnnnddeeerrrrreeegeeeeettt  nnnn
/data3fast/users/mbermudez/de_03/TFGDataset/img/train_t2_1102_2.png|auuuu  ereeeeee  ....
/data3fast/users/mbermudez/de_03/TFGDataset/img/train_t2_1138_2.png|beeeee     nnnneeessssseeeeeeeee  eessestte  ddee
/data3fast/users/mbermudez/de_03/TFGDataset/img/train_t2_1423_0.png|nnn eeeeeiiiilieeeee  naa  rrreeeee sssst
/data3fast/users/mbermudez/de_03/TFGDataset/img/train_t2_0602.png|de    NeeeeNN     eNNNNNNNN      ssgllggsschhgggsshhheN
/data3fast/users/mbermudez/de_03/TFGDataset/img/train_t2_1013_2.png|die   e   aaannnnel     nn iiccch  nndderrttttinnnn
/data3fast/users/mbermudez/de_03/TFGDataset/img/train_t2_0285_1.png|ffeeee  nnnn  ttttteeee     iiiieesee
/data3fast/users/mbermudez/de_03/TFGDataset/img/train_t2_1248.png|eeen e        iiictttsss  l   da  hhhee nnn
/data3fast/users/mbermudez/de_03/TFGDataset/img/train_t2_1358_2.png|dasssheeeeNN  dddd ttt    eeeennnn e ee t ...  
/data3fast/users/mbermudez/de_03/TFGDataset/img/train_t2_1045_1.png|welhhhhtt   d rrttttiiee aaaa eeesseetuuuuteeee
/data3fast/users/mbermudez/de_03/TFGDataset/img/train_t2_0242_1.png|ee    ddeerrrrreeeeddrrrreeittttnnntchh uuseeeeeNN
/data3fast/users/mbermudez/de_03/TFGDataset/img/train_t2_0868_2.png|unddderrr       reeehhhheeeeheessseeee a
/data3fast/users/mbermudez/de_03/TFGDataset/img/train_t2_1410_2.png|udddd  llleeeeeegssss   eee ttttttttettt     de
/data3fast/users/mbermudez/de_03/TFGDataset/img/train_t2_0288_1.png|iiiiiiiiiinnn eeeeeeee nnnn eeeeeeee  llleeee    
/data3fast/users/mbermudez/de_03/TFGDataset/img/train_t2_0556_2.png|mrr      eeeenneeeeeeht    salnngeeiiht      ttt
/data3fast/users/mbermudez/de_03/TFGDataset/img/train_t2_0362_1.png|aaffgeeeeee   eeee    d  aallleeilliieeNNN   ee
/data3fast/users/mbermudez/de_03/TFGDataset/img/train_t2_1009.png|an dddrrriiichheeeNeeeeet   ahh dd  aaas
/data3fast/users/mbermudez/de_03/TFGDataset/img/train_t2_1396_1.png|llleee ssssseeeeee  n deeeeeeeehhhee  saaahah
/data3fast/users/mbermudez/de_03/TFGDataset/img/train_t2_1078_1.png|lettttt 
/data3fast/users/mbermudez/de_03/TFGDataset/img/train_t2_1496.png|oon eeeesss egnnnnneee  nn eeeeNNs
/data3fast/users/mbermudez/de_03/TFGDataset/img/train_t2_0229_1.png|iihhhhhhtt nnnn leeeellleeleeeeeeeeeeeecchhht     eeeeee
/data3fast/users/mbermudez/de_03/TFGDataset/img/train_t2_1251_0.png|beeeee    aaaaeeeeeeeer    rrree  eeeeeee
/data3fast/users/mbermudez/de_03/TFGDataset/img/train_t2_1389_2.png|deee  eeeehh  d  aaahhheeeeeeeeennnn tttt
/data3fast/users/mbermudez/de_03/TFGDataset/img/train_t2_0398_0.png|mi     ee    ssseeeerr tttt ssst   eeeee  essss
/data3fast/users/mbermudez/de_03/TFGDataset/img/train_t2_1083.png|neeeiihhhhh   nddddddeeee  s aa hhhhht       seeeeNN
/data3fast/users/mbermudez/de_03/TFGDataset/img/train_t2_1054_1.png|wwllleee aahhht ddddrrreeegge  ssssss eeeeee
/data3fast/users/mbermudez/de_03/TFGDataset/img/train_t2_0014_0.png|in   ssseeettt   nn tt    n eeesshhieeerrr uuuudd
/data3fast/users/mbermudez/de_03/TFGDataset/img/train_t2_0255_2.png|uu   r     ann d rrriee  lllle n   icchheeee
/data3fast/users/mbermudez/de_03/TFGDataset/img/train_t2_0937_0.png|beeeeeessseeee  aaahhe nneeeeeeet   naauu
/data3fast/users/mbermudez/de_03/TFGDataset/img/train_t2_0364_0.png|eeeenn    assssaa   a   ttttt     eeeelee  nn deeeee
/data3fast/users/mbermudez/de_03/TFGDataset/img/train_t2_0422_1.png|eesccchhha  ndddeee    ee  fffnfgeennggeeuah
/data3fast/users/mbermudez/de_03/TFGDataset/img/train_t2_0118.png|iiiiehhhhh uuuuuhhe uu eeerttheN       eeeeeleee
/data3fast/users/mbermudez/de_03/TFGDataset/img/train_t2_0638_0.png|hhheee      eeeeeeeeeeeeiiicchhhhher d  aassseeenn
/data3fast/users/mbermudez/de_03/TFGDataset/img/train_t2_0335.png|dsss    nooottt   errrrerrrr annnnnnccheeeN
/data3fast/users/mbermudez/de_03/TFGDataset/img/train_t2_0133_1.png|eeN       slllleneeee  aaass t  ee    eeee
/data3fast/users/mbermudez/de_03/TFGDataset/img/train_t2_0214_1.png|allne  errrrr   eeeeeeddd   leeeee  ssseee   sasseee
/data3fast/users/mbermudez/de_03/TFGDataset/img/train_t2_0097_1.png|ttttttttt       a aaaahh   eeiiiiiinniiilaaaasss
/data3fast/users/mbermudez/de_03/TFGDataset/img/train_t2_0562_1.png|innneeeeeNeNNN.
/data3fast/users/mbermudez/de_03/TFGDataset/img/train_t2_0058_0.png|de   iiieeehheeeNdddeeee  **        aaallllseeeeeeeeeeeeee
/data3fast/users/mbermudez/de_03/TFGDataset/img/train_t2_1343_1.png|nnnn  eeeenneeiiihhhhee   ssshhee ii    ieeeeee ddeeerr
/data3fast/users/mbermudez/de_03/TFGDataset/img/train_t2_0165_1.png|beee    sssssschhannnnnn eeeeeeesettt  a nnnn
/data3fast/users/mbermudez/de_03/TFGDataset/img/train_t2_1213_2.png|sseeeeeeeeeecchhhhhhheeet nnn   lllll eeittss 
/data3fast/users/mbermudez/de_03/TFGDataset/img/train_t2_0547_1.png|iirhhhhhhhtttteeeeeeeeees  ddd  rhhhhhhheeennnnneeee
/data3fast/users/mbermudez/de_03/TFGDataset/img/train_t2_0735_2.png|ffffeee     i    .
/data3fast/users/mbermudez/de_03/TFGDataset/img/train_t2_0761_1.png|gernnnnnnnn iiii....
/data3fast/users/mbermudez/de_03/TFGDataset/img/train_t2_0975_0.png|hhe ddddn    u eed  aahhhhe  d sssss   ttt
/data3fast/users/mbermudez/de_03/TFGDataset/img/train_t2_0494.png|wissNNNN
/data3fast/users/mbermudez/de_03/TFGDataset/img/train_t2_1430_0.png|der     eeeeee aaa  sseee       ellli
/data3fast/users/mbermudez/de_03/TFGDataset/img/train_t2_1054.png|willee    chhhh  ddddeeeeeggnettsss    eeeeee
/data3fast/users/mbermudez/de_03/TFGDataset/img/train_t2_1462_1.png|anneerrhhhhu derrhhhhNNN dd   hheeeeennnneeess
/data3fast/users/mbermudez/de_03/TFGDataset/img/train_t2_0809_1.png|oee     rteeeeeNN aaa  eeeenneee******eeeeeeeelllle
/data3fast/users/mbermudez/de_03/TFGDataset/img/train_t2_1073_0.png|# d
/data3fast/users/mbermudez/de_03/TFGDataset/img/train_t2_0795.png|errnnnnnnnnnddeeeieeh        eeei   *      aaandeee
/data3fast/users/mbermudez/de_03/TFGDataset/img/train_t2_1100_1.png|iihhh   rrreeeerahhheeNNNs eee lcccaau ddeeeitt
/data3fast/users/mbermudez/de_03/TFGDataset/img/train_t2_1045_0.png|wellhhht  dd rrrttrree  aaaaleessse t u eeeee
/data3fast/users/mbermudez/de_03/TFGDataset/img/train_t2_1471_1.png|ssttthhh u  ddd n   ssllllle   eesss  nnnnnneeee   
/data3fast/users/mbermudez/de_03/TFGDataset/img/train_t2_0216_0.png|ttttllllhheeNNN  nndd ee sssseeeeee    eeddd 
/data3fast/users/mbermudez/de_03/TFGDataset/img/train_t2_1238_2.png|ann  ssttteeeddrrrriiiieeeeee*     asssscchee  NeeeeNNN
/data3fast/users/mbermudez/de_03/TFGDataset/img/train_t2_0138_0.png|tt       eeeei  aauuuneeeeet nneellleeeeeeee
/data3fast/users/mbermudez/de_03/TFGDataset/img/train_t2_0768_2.png|glle   areeeerr aahhhhtt..
/data3fast/users/mbermudez/de_03/TFGDataset/img/train_t2_0009_2.png|beeddee rrr   ttnnnnnneeeeeeehhhh    ssss
/data3fast/users/mbermudez/de_03/TFGDataset/img/train_t2_0749_2.png|eeeeeenn hhh eeeNNNuuuuueeeeeee lllle  hh ee  eeeeee
/data3fast/users/mbermudez/de_03/TFGDataset/img/train_t2_1323_0.png|beeeeeeeeeiillhhhhhhhlheeeee   uuu dd  eesssteneeee
/data3fast/users/mbermudez/de_03/TFGDataset/img/train_t2_0878.png|verr aaaahhee   lllggnnnnciiinnnassssstttttth
/data3fast/users/mbermudez/de_03/TFGDataset/img/train_t2_0454_0.png|chhe    n   eeeeeeeeeee    aass ddded    nnnnn
/data3fast/users/mbermudez/de_03/TFGDataset/img/train_t2_0528_2.png|rrrrrreererrtssttttteeeeeeeeeeeerttth   aaass
/data3fast/users/mbermudez/de_03/TFGDataset/img/train_t2_0854.png|beeeessseeee  rrhhhiee   ssthheeeellleee   sss dd
/data3fast/users/mbermudez/de_03/TFGDataset/img/train_t2_0088_1.png|ee       ee   tthhenennnnitt  deerrrriiiiiiid
/data3fast/users/mbermudez/de_03/TFGDataset/img/train_t2_0551.png|lleeeeeeetsseeee     iii    assschhhhaa  ddni
/data3fast/users/mbermudez/de_03/TFGDataset/img/train_t2_0845_2.png|dee    n eeeeeeeeeNN  d ssss    aaascseeeee
/data3fast/users/mbermudez/de_03/TFGDataset/img/train_t2_0507_0.png|iiiee  ssssssscchleeNede   eeeeee rrrt eeeessccchll dddd
/data3fast/users/mbermudez/de_03/TFGDataset/img/train_t2_0559_2.png|unndeeee   aassslllleeeee  n    eeee  ssll eeerrrre
/data3fast/users/mbermudez/de_03/TFGDataset/img/train_t2_0912_1.png|tt       deeeeeeeeeennaaaaeeeeeehhchheeeeddrrahhh
/data3fast/users/mbermudez/de_03/TFGDataset/img/train_t2_1239_0.png|ooo  eeeeesst  ddeeeti..........
/data3fast/users/mbermudez/de_03/TFGDataset/img/train_t2_1133_1.png|tt   aaaanddeeeeeeenneteeeeelllii     iiileeee
/data3fast/users/mbermudez/de_03/TFGDataset/img/train_t2_0455.png|uuddd rrhhheeeeerhchhhhhhu errrrcccchchcttt
/data3fast/users/mbermudez/de_03/TFGDataset/img/train_t2_0866.png|fffff sssss eeeeriiicttt ee    eeeeeee eedrrr
/data3fast/users/mbermudez/de_03/TFGDataset/img/train_t2_0883_1.png|deee ee  r  iin  aa  eeeeeeee      ttt eeeeeeee   tth
/data3fast/users/mbermudez/de_03/TFGDataset/img/train_t2_0302_2.png|geesssseeeeerrreeeeeeeennnnnnnn  ttteeeeeiinnn deee
/data3fast/users/mbermudez/de_03/TFGDataset/img/train_t2_0360_2.png|asssaa aaaauusssshhhh a ssseeeehhheee   aa     h
/data3fast/users/mbermudez/de_03/TFGDataset/img/train_t2_0209.png|inneeeeeerrnnaaaalllleeeeNN d eillliehh   uuaa
/data3fast/users/mbermudez/de_03/TFGDataset/img/train_t2_0588.png|de    eeeenn  esseeett    nee    ssseeeee
/data3fast/users/mbermudez/de_03/TFGDataset/img/train_t2_1404_0.png|sslllllNnnnn    nn   sstt    llnnnnn         iiiii
/data3fast/users/mbermudez/de_03/TFGDataset/img/train_t2_0095_2.png|unddeerrreegeee  as  t     rrreeeeeee  sssssss
/data3fast/users/mbermudez/de_03/TFGDataset/img/train_t2_0908_2.png|st  deeeegggnnuuu eeeeeeit   aauunnnn  ttttt
/data3fast/users/mbermudez/de_03/TFGDataset/img/train_t2_0268_1.png|auuu       tttnnnnnncclaasss eee eeesschhhhnnnntt
/data3fast/users/mbermudez/de_03/TFGDataset/img/train_t2_0490.png|errlll    i    annnniittinnnie h       ssslleee
/data3fast/users/mbermudez/de_03/TFGDataset/img/train_t2_0345_0.png|mhhhhhhaa   dddeeeeeehhh    ddd elllliieseteeeeeee
/data3fast/users/mbermudez/de_03/TFGDataset/img/train_t2_0568.png|cheeeeee    aaaaa   eee   ittheee ddeeettt
/data3fast/users/mbermudez/de_03/TFGDataset/img/train_t2_0856_1.png|rrrrrll eeerrrreennn  eeeeeeeeesseeeeeeeeeNNeeeNN
/data3fast/users/mbermudez/de_03/TFGDataset/img/train_t2_0264_1.png|onn     i   aaaasssseellleee  nn ssuuueerrr
/data3fast/users/mbermudez/de_03/TFGDataset/img/train_t2_0706_2.png|der   iniiiiiin aaaleeeesteeNN nnn eeeesshhheeeeee
/data3fast/users/mbermudez/de_03/TFGDataset/img/train_t2_0244_2.png|bsse eeeeeeeellleeeenn  rrrriiieeeeeeee
/data3fast/users/mbermudez/de_03/TFGDataset/img/train_t2_1221_1.png|oon   eeeeeeelhhee ddd  ichh eee e  ttttolllleeee
/data3fast/users/mbermudez/de_03/TFGDataset/img/train_t2_1151_2.png|eeeN
/data3fast/users/mbermudez/de_03/TFGDataset/img/train_t2_0542_0.png|eerrnn   aaaaaa  ddeeeNeNddd  esscchh  lllee
/data3fast/users/mbermudez/de_03/TFGDataset/img/train_t2_1403_2.png|iieee  tttttt  nnnn   dddddeeeiieeeeeeeee****** sccc
/data3fast/users/mbermudez/de_03/TFGDataset/img/train_t2_1002_0.png|eeeeeeeeeeeeeeeeeeeehhe   eeeeeeessstttttt     eeee
/data3fast/users/mbermudez/de_03/TFGDataset/img/train_t2_1327_1.png|eeN       maaa  eeeeeeeeeeerr   nnd eellhhsss
/data3fast/users/mbermudez/de_03/TFGDataset/img/train_t2_1344_2.png|dd        dd   eee   iiccc lll   adaassaaaa deee
/data3fast/users/mbermudez/de_03/TFGDataset/img/train_t2_0566_2.png|der llllleee ii  ddrr hhaa  uu  eeesstttt     
/data3fast/users/mbermudez/de_03/TFGDataset/img/train_t2_0613_0.png|geeeiiiiiillhhhhh  ddddeeeeesssssllsse  nndddeee
/data3fast/users/mbermudez/de_03/TFGDataset/img/train_t2_1242_1.png|irrhhhhhsstsees   s  ssssdd eerreehee  usseeee  d rrrrrscch
/data3fast/users/mbermudez/de_03/TFGDataset/img/train_t2_0871_1.png|geeeeeeee   d   alee   ddd   eee   uuuu eeeelll
/data3fast/users/mbermudez/de_03/TFGDataset/img/train_t2_0537.png|fnneeeei  aa   eeeeee sstt      ee   eeeeee
/data3fast/users/mbermudez/de_03/TFGDataset/img/train_t2_1119_2.png|eeeeeeeeeeeeeedeeeeeehheNN     d  s  rrittttssss   n
/data3fast/users/mbermudez/de_03/TFGDataset/img/train_t2_0737_0.png|des     n  tinnncchhllleeedeeeeei  innn
/data3fast/users/mbermudez/de_03/TFGDataset/img/train_t2_0494_0.png|wssseNNN
/data3fast/users/mbermudez/de_03/TFGDataset/img/train_t2_1379_2.png|iit  eeeseeeeeeennn lleeNNNNN 
/data3fast/users/mbermudez/de_03/TFGDataset/img/train_t2_0964_1.png|thtt      leeeeettt    deeeeeeeeee     lll
/data3fast/users/mbermudez/de_03/TFGDataset/img/train_t2_0618_2.png|chhtttt       sss    n n n nn i nneeeeerrrrhhhhhhh ueeeeuu
/data3fast/users/mbermudez/de_03/TFGDataset/img/train_t2_1389_0.png|beeee  aahhh   d  achhhieeeeeeennnn  tttttt
/data3fast/users/mbermudez/de_03/TFGDataset/img/train_t2_0632_1.png|der     deeeeeeeennnngeeeeeeeeeett     aattt
/data3fast/users/mbermudez/de_03/TFGDataset/img/train_t2_0130.png|hheeeeeeeeeeee   iieeeehht uuu ddeeelssslllinneee sss
/data3fast/users/mbermudez/de_03/TFGDataset/img/train_t2_1470.png|inn   shhtt  ddee***********       eeeeee     ss eeNNNNNNNNN
/data3fast/users/mbermudez/de_03/TFGDataset/img/train_t2_0929_2.png|ttt dddd    sssssseee     iiilll  nnniinnnnndd
/data3fast/users/mbermudez/de_03/TFGDataset/img/train_t2_0500.png|geesseeeeeerrhhhhunnnneeett n daasseeeeett
/data3fast/users/mbermudez/de_03/TFGDataset/img/train_t2_1214_2.png|auuddder laal dd  iiie   essseeee uuu  e ssshhhee
/data3fast/users/mbermudez/de_03/TFGDataset/img/train_t2_0794_0.png|mee     leeedeeeeeeeeii    aaaaasseeeeeeeehhlleNNNN
/data3fast/users/mbermudez/de_03/TFGDataset/img/train_t2_1147_2.png|waa   aaahhh eee eee*   aa rrrrrrtt      adeee
/data3fast/users/mbermudez/de_03/TFGDataset/img/train_t2_0157_0.png|oonnnn  eeereeeeeeerssscchhee nnnnnna  eeee
/data3fast/users/mbermudez/de_03/TFGDataset/img/train_t2_1100_2.png|ihhh   rrrrreeeehhhheeN  seeee  caaaaa dddeeeitt
/data3fast/users/mbermudez/de_03/TFGDataset/img/train_t2_0035_1.png|der   iii*i nnnnn illi   eeeeeeschte  eeee  mmrr
/data3fast/users/mbermudez/de_03/TFGDataset/img/train_t2_0768.png|alee   eeeeeee  acchhhhtt  
/data3fast/users/mbermudez/de_03/TFGDataset/img/train_t2_1200.png|#
/data3fast/users/mbermudez/de_03/TFGDataset/img/train_t2_1115_2.png|iiieeeee  nneeeerehhhtii eeddd    tt  uuuuu
/data3fast/users/mbermudez/de_03/TFGDataset/img/train_t2_0722_2.png|cheNNNeeeeeNN  tttfffeetttteeeeeeee      eee
/data3fast/users/mbermudez/de_03/TFGDataset/img/train_t2_1163_2.png|wweeeeessslll dd aaa sseeee nnnnnn  eeeee **
/data3fast/users/mbermudez/de_03/TFGDataset/img/train_t2_0854_0.png|oeeeaasseeeerrr ahhhieeertsshheeeelllee     assad
/data3fast/users/mbermudez/de_03/TFGDataset/img/train_t2_1266_0.png|nn  ee    ssslleehhe  annnnageee   nnnniieee
/data3fast/users/mbermudez/de_03/TFGDataset/img/train_t2_0034_2.png|#  eee*..
/data3fast/users/mbermudez/de_03/TFGDataset/img/train_t2_1225.png|#ddd
/data3fast/users/mbermudez/de_03/TFGDataset/img/train_t2_1041_1.png|meeee  nahhhhhttNNN
/data3fast/users/mbermudez/de_03/TFGDataset/img/train_t2_0838_0.png|ihhs       a eeeeeetttttt  aall e nnnnnneeehhh
/data3fast/users/mbermudez/de_03/TFGDataset/img/train_t2_1488_0.png|uu  eeeeeeeeeeeeetsss   ddrer        aannnnnge
/data3fast/users/mbermudez/de_03/TFGDataset/img/train_t2_1150_1.png|ee nnnnnn iiiirree aggeeeet    deeeeerraaaaa
/data3fast/users/mbermudez/de_03/TFGDataset/img/train_t2_0948_2.png|beellleeeeeeettttt   nnnnnnee iii    eee  sssss
/data3fast/users/mbermudez/de_03/TFGDataset/img/train_t2_0762_2.png|eerettteeeeeeeeee  iiiiii
/data3fast/users/mbermudez/de_03/TFGDataset/img/train_t2_1037.png|allleeee  de  aassschheee nnnnneeeccchee   eeeeeeehhh
/data3fast/users/mbermudez/de_03/TFGDataset/img/train_t2_1307_2.png|hheeeeeeeees s  ddd er ggggggnnn ss u  eeerrrt
/data3fast/users/mbermudez/de_03/TFGDataset/img/train_t2_0781_2.png|dd  eeeee **** nn   lllheeN nnnnnneees     d
/data3fast/users/mbermudez/de_03/TFGDataset/img/train_t2_1273_1.png|crrsee    ss     hhheNN  nnn eeee  a  ddeeiii
/data3fast/users/mbermudez/de_03/TFGDataset/img/train_t2_0731_0.png|ooo      iiiee  drrreeeeeeeeeenneeeeetssssttteeeee
/data3fast/users/mbermudez/de_03/TFGDataset/img/train_t2_1197_0.png|weeeddd  sss ttt              sss    drriit**.
/data3fast/users/mbermudez/de_03/TFGDataset/img/train_t2_1159_1.png|uu    ee  nn aaa  aaaa  eeeeechheNuuuuuueeeeNN
/data3fast/users/mbermudez/de_03/TFGDataset/img/train_t2_0523.png|eeei ni ttchhheeeeeeeN  ddaaahhhheeeellsssssee
/data3fast/users/mbermudez/de_03/TFGDataset/img/train_t2_0571_0.png|beeeeeeeeeuuusseeee     eeeeeeellllllnnnniiiee
/data3fast/users/mbermudez/de_03/TFGDataset/img/train_t2_0709_0.png|derrriiieeeeeeeeeenn  aalllssseetttt  n dd   eeeeee
/data3fast/users/mbermudez/de_03/TFGDataset/img/train_t2_0576_2.png|geee      ss   e haa    eiiicchh   dddnennnn
/data3fast/users/mbermudez/de_03/TFGDataset/img/train_t2_1141.png|mahh   iichhh  ee llll         ssssee   dddde
/data3fast/users/mbermudez/de_03/TFGDataset/img/train_t2_0683_0.png|teeeeesssshh lllee   nnneeeee     tteeeeenne
/data3fast/users/mbermudez/de_03/TFGDataset/img/train_t2_0457_2.png|vrrrsssssrrrr rrrrii   ssssfhheeerrree deeeessssttttt
/data3fast/users/mbermudez/de_03/TFGDataset/img/train_t2_0652_1.png|gee aaaallll  h  e dd  aac    d     iiii*...
/data3fast/users/mbermudez/de_03/TFGDataset/img/train_t2_0341_2.png|eescchhhheeeeeeerrreetttt  dddeeerhhheeN  ua
/data3fast/users/mbermudez/de_03/TFGDataset/img/train_t2_1077_0.png|sse   eeeritthhhheeee    aaa eehhh    alllls
/data3fast/users/mbermudez/de_03/TFGDataset/img/train_t2_0720.png|in  esssseetttneeennn    llllscheeeeeee sssttt  llleee
/data3fast/users/mbermudez/de_03/TFGDataset/img/train_t2_0270_0.png|"   se
/data3fast/users/mbermudez/de_03/TFGDataset/img/train_t2_0895_0.png|eennneeeeee   aaaaau deeeenneeeeh    eeeeeeee
/data3fast/users/mbermudez/de_03/TFGDataset/img/train_t2_0439_1.png|aassss   sssseeeeellleeennnnnngeeeNNN    nddddeee
/data3fast/users/mbermudez/de_03/TFGDataset/img/train_t2_1015.png|tttauaaaa    eeilliieee sssuuunnnneeee     ee
/data3fast/users/mbermudez/de_03/TFGDataset/img/train_t2_1110.png|auseeeeeeenn dee     n ttt  e ssssehheeNNNNNN
/data3fast/users/mbermudez/de_03/TFGDataset/img/train_t2_0235_1.png|geettttttttthh   dd schhh   ahhhh     ll iinnn
/data3fast/users/mbermudez/de_03/TFGDataset/img/train_t2_0685_1.png|dii  eeeee*****gllnnnnnneeeeee   ssseeee
/data3fast/users/mbermudez/de_03/TFGDataset/img/train_t2_0886_2.png|unnteee  dd rsssttthhteeeNeee sscchununnnneeee
/data3fast/users/mbermudez/de_03/TFGDataset/img/train_t2_0342_0.png|iiinnii  l aaaasseee ddd r eeeee  cccchieeeeeelheee
/data3fast/users/mbermudez/de_03/TFGDataset/img/train_t2_0015_2.png|derrrrrrrrrreree edddeeeeeeeessNllll sssstttt
/data3fast/users/mbermudez/de_03/TFGDataset/img/train_t2_0876_0.png|meeeeee   iillleen  sscchh  dddeescllleeeee ii
/data3fast/users/mbermudez/de_03/TFGDataset/img/train_t2_0213_1.png|ss       eesssssseeennggeeeee ee eeeeeee   rrhih
/data3fast/users/mbermudez/de_03/TFGDataset/img/train_t2_1145_2.png|ffeeeeeeeeee     dd assseeeeee   cch    deeeeees
/data3fast/users/mbermudez/de_03/TFGDataset/img/train_t2_0426_2.png|sstt aa  dddeer    s    sd            d  ssseet  eess
/data3fast/users/mbermudez/de_03/TFGDataset/img/train_t2_1045.png|weeehhh   dddrrrttt eeee aaaaeeessse      eeee
/data3fast/users/mbermudez/de_03/TFGDataset/img/train_t2_0119_0.png|eehlhhhhhie     nnndd nnnn  ddd ee      rrrree
/data3fast/users/mbermudez/de_03/TFGDataset/img/train_t2_0300.png|ahn  eeee  ee   ssa       tiiiilee   nn   aaaa
/data3fast/users/mbermudez/de_03/TFGDataset/img/train_t2_1284_0.png|dieeeeessse uua  hhha a eee   dn   ttttnneeeNuu
/data3fast/users/mbermudez/de_03/TFGDataset/img/train_t2_1223_0.png|hhh      lllll  ssssssseee        sssaa  nndddee
/data3fast/users/mbermudez/de_03/TFGDataset/img/train_t2_1454_1.png|iieeerriihhnnneeeeeeennnnn eceeN   aahueeeee
/data3fast/users/mbermudez/de_03/TFGDataset/img/train_t2_0748.png|eeeeeeeennnnnnnnnneeeeehhhNN  eeeeeee eeeee
/data3fast/users/mbermudez/de_03/TFGDataset/img/train_t2_1472.png|err   ddd rrcchh  ndn lllllee iiiii*******ssssllsseeN
/data3fast/users/mbermudez/de_03/TFGDataset/img/train_t2_0500_2.png|geeseeeerrrrrrhhhhnnneeii  n dassseeeeetttt
/data3fast/users/mbermudez/de_03/TFGDataset/img/train_t2_0679_1.png|nnneeeeccheeeeerrraaaa eedrrchccchhh  nnnueeeeee
/data3fast/users/mbermudez/de_03/TFGDataset/img/train_t2_1283.png|ssstttt  teeee    aa  eeeeee nnnnnnnnaa    eeettt
/data3fast/users/mbermudez/de_03/TFGDataset/img/train_t2_1342_0.png|aaneerrrree uuu        deeee iiiill   eeeeeeeNNauu
/data3fast/users/mbermudez/de_03/TFGDataset/img/train_t2_0434.png|iittt    lllan eeeeeeeeeeesssshh  eee sssssssst
/data3fast/users/mbermudez/de_03/TFGDataset/img/train_t2_1328_1.png|der  aahhhe      aa ddeeeiiiieee       n eeeeN
/data3fast/users/mbermudez/de_03/TFGDataset/img/train_t2_0875_1.png|ee  dddeeee    ssssseeeeeegggiiiiiii  ahh   e
/data3fast/users/mbermudez/de_03/TFGDataset/img/train_t2_1067.png|uuueeeeeeshchheennnnnittttt  s   aaau  eee
/data3fast/users/mbermudez/de_03/TFGDataset/img/train_t2_0630_2.png|ooeeee   s   chhhhhheeNNNN
/data3fast/users/mbermudez/de_03/TFGDataset/img/train_t2_0818_0.png|bsseeeeeeee   ll...
/data3fast/users/mbermudez/de_03/TFGDataset/img/train_t2_1324.png|hhhs   sss deeeee**tt     dd  a eeehhee nnnnnddddd
/data3fast/users/mbermudez/de_03/TFGDataset/img/train_t2_0291_2.png|veessssssseN   dddeecchhht       d eelllh    nnnnn
/data3fast/users/mbermudez/de_03/TFGDataset/img/train_t2_1388_1.png|belltttttttssssseee  ii    dd   eee  uuuuu ddee
/data3fast/users/mbermudez/de_03/TFGDataset/img/train_t2_1110_0.png|aaseeeeeenen   e      tttt   deessshheeee
/data3fast/users/mbermudez/de_03/TFGDataset/img/train_t2_1221_0.png|oo    eeeeeeeehhhlee     tthheeeeee   soolllleeeee
/data3fast/users/mbermudez/de_03/TFGDataset/img/train_t2_0096_1.png|aee  d  naaaa  eee ddd    eeeeeee  aaalnnn
/data3fast/users/mbermudez/de_03/TFGDataset/img/train_t2_0508_1.png|"   eeeeee   a   hhhaa  seelleeeeeeeee n 
/data3fast/users/mbermudez/de_03/TFGDataset/img/train_t2_0695.png|nn  ssssssschheeeeehhhhteeee      eeee * scchhuuu
/data3fast/users/mbermudez/de_03/TFGDataset/img/train_t2_1424_2.png|rrrhhheeee   aaaa eee  nndaaunnhhhe uuudeerrchhheNNNN
/data3fast/users/mbermudez/de_03/TFGDataset/img/train_t2_0535_0.png|mee     i ii *.. llllli  ddder aalleeeeeN  nnn
/data3fast/users/mbermudez/de_03/TFGDataset/img/train_t2_0670_1.png|ffrer  nnnn eeeee uuu esstssss  eeee  aa
/data3fast/users/mbermudez/de_03/TFGDataset/img/train_t2_0232_2.png|weee        eeesssshh   ddeerrrrr  eeeeeeeeeiiii
/data3fast/users/mbermudez/de_03/TFGDataset/img/train_t2_0977_2.png|rrenn   uuddd aahhheeiillleeeesseeee      aeeeee
/data3fast/users/mbermudez/de_03/TFGDataset/img/train_t2_0469_2.png|eeNN  sss   deeeerrhhh eeeesettt nnnnnee
/data3fast/users/mbermudez/de_03/TFGDataset/img/train_t2_0873_2.png|iinnnn  eeeeee   aass  eee iii   iii   nn     ashhhhh
/data3fast/users/mbermudez/de_03/TFGDataset/img/train_t2_0302_0.png|geesssse eeeeeeeeeeneennnnnnnn   ttteeeee nnnnn ddee
/data3fast/users/mbermudez/de_03/TFGDataset/img/train_t2_0421_0.png|ggeeeeeeet     aachh   nnn tttsss    elllleeeeee
/data3fast/users/mbermudez/de_03/TFGDataset/img/train_t2_1045_2.png|weehhhttt  ddrrrrttttr   aaaa eeessee u   eeeee
/data3fast/users/mbermudez/de_03/TFGDataset/img/train_t2_0768_1.png|aaeeea rhreeee nachhhhttt..
/data3fast/users/mbermudez/de_03/TFGDataset/img/train_t2_0223.png|iittt      
/data3fast/users/mbermudez/de_03/TFGDataset/img/train_t2_1190_0.png|assttttt    rrreettt   n    tnnnneeeee eeeddde
/data3fast/users/mbermudez/de_03/TFGDataset/img/train_t2_1337_1.png|u     eeeeaasssseeeeerrreeedddeee  ch  eeee
/data3fast/users/mbermudez/de_03/TFGDataset/img/train_t2_1189_0.png|waeeeeerrrhhhh lee s  a   ssss uuuueeeeeee
/data3fast/users/mbermudez/de_03/TFGDataset/img/train_t2_1055.png|iseeeee  ttcaal     aiiirrrtttsssssss
/data3fast/users/mbermudez/de_03/TFGDataset/img/train_t2_1188.png|chee    hhhhhh   eeeehht     annnndd  scchh   nnn    a
/data3fast/users/mbermudez/de_03/TFGDataset/img/train_t2_1077_1.png|ss     eeerrcchhhheee    ss  hhhh   a   sssshh
/data3fast/users/mbermudez/de_03/TFGDataset/img/train_t2_1208_0.png|dass eeeee   nnnnnahheeee  ssttt  eiiiinn
/data3fast/users/mbermudez/de_03/TFGDataset/img/train_t2_0571.png|bbeeeeee uuuuuueeerr nnndeeeeee llggnnnnnnee
/data3fast/users/mbermudez/de_03/TFGDataset/img/train_t2_0437_2.png|wiieee      chhssllllhh  eee  aa       hhhhh
/data3fast/users/mbermudez/de_03/TFGDataset/img/train_t2_0237_1.png|aass  
/data3fast/users/mbermudez/de_03/TFGDataset/img/train_t2_1398_2.png|ne   aaa lleeeeeeeeeeeeeee       iiiiieenn
/data3fast/users/mbermudez/de_03/TFGDataset/img/train_t2_0897.png|geee nneeennnnneehheeennneeeeeee        aale
/data3fast/users/mbermudez/de_03/TFGDataset/img/train_t2_0462_0.png|eeN   lhhhie ierrreeele  rrrrrrrrr    fse eessslle
/data3fast/users/mbermudez/de_03/TFGDataset/img/train_t2_0485.png|brrreeehhhhh    eellhheeeeeellee  rrrrrrrrra
/data3fast/users/mbermudez/de_03/TFGDataset/img/train_t2_1474_1.png|auu  ee      aasseeeee tt    e  rrtttttthh     aa
/data3fast/users/mbermudez/de_03/TFGDataset/img/train_t2_0361_2.png|# dde
/data3fast/users/mbermudez/de_03/TFGDataset/img/train_t2_0813_2.png|ttee   eerrrreeeeeesssslll      scccchhhee  ddeeerrr
/data3fast/users/mbermudez/de_03/TFGDataset/img/train_t2_0955.png|wllll       .......              eeeeNNN uuueeee   eee
/data3fast/users/mbermudez/de_03/TFGDataset/img/train_t2_0061_1.png|oonrrrrr  nnnttteeeeeeN   aaassseeer
/data3fast/users/mbermudez/de_03/TFGDataset/img/train_t2_1116_0.png|deN   nggnnnnnaaaaaaa  dd ssssttcaaalllll
/data3fast/users/mbermudez/de_03/TFGDataset/img/train_t2_1456_2.png|veerr    eeee   eeelllle  ddeeeeeeelcchh  nnddn
/data3fast/users/mbermudez/de_03/TFGDataset/img/train_t2_1006_2.png|drrrrhh eeeeeuuaahh   eeeeeeeee      d     ueee
/data3fast/users/mbermudez/de_03/TFGDataset/img/train_t2_0046_2.png|der        eeee     iii h    rrhcllllee   
/data3fast/users/mbermudez/de_03/TFGDataset/img/train_t2_1234_1.png|ggsssss  eee  dd   rtttteee  essee  nnn  dd   ttt derr
/data3fast/users/mbermudez/de_03/TFGDataset/img/train_t2_0026_2.png|mii  eeeeeeeerrrrrahhheeee  ee     ee    sssstt
/data3fast/users/mbermudez/de_03/TFGDataset/img/train_t2_0960_2.png|deeeeeeeeeeeeeee **itttttt nn  tseeeeeN  auuueeeeeesssss
/data3fast/users/mbermudez/de_03/TFGDataset/img/train_t2_0018_2.png|meeeeeete    dddeeeelleeeeeeeeee***   dde sssseee
/data3fast/users/mbermudez/de_03/TFGDataset/img/train_t2_0799.png|eeeeeeeethhee nniielllhheee eeiieennnneeeeeeett
/data3fast/users/mbermudez/de_03/TFGDataset/img/train_t2_1338_0.png|iee   ehheeeeee rrrdr   nniieieii **  llllsssse
/data3fast/users/mbermudez/de_03/TFGDataset/img/train_t2_1452_0.png|ool eeeelll  ddeeeeeitt   ssseeeeee llaaahhiiiee
/data3fast/users/mbermudez/de_03/TFGDataset/img/train_t2_1180.png|eeee ddee  t      ttttttsstttssssoonnnnaal
/data3fast/users/mbermudez/de_03/TFGDataset/img/train_t2_1061.png|bbdd   sschhheeeeeeuuuueee  ahheee    ddd  aaas
/data3fast/users/mbermudez/de_03/TFGDataset/img/train_t2_1130.png|rrrrreseee   ssssttt nnndddeeeeeeeeennneeeeeheeet
/data3fast/users/mbermudez/de_03/TFGDataset/img/train_t2_1371_1.png|das  eeehhhtt ddd    haa dd   dd    n sscsehee   nnnnnnn
/data3fast/users/mbermudez/de_03/TFGDataset/img/train_t2_0217_1.png|*eee*   ossssca   deeerrr  schhht  nn  eseeee cnhnn
/data3fast/users/mbermudez/de_03/TFGDataset/img/train_t2_0584_0.png|dassseeee  hhhhh  ll
/data3fast/users/mbermudez/de_03/TFGDataset/img/train_t2_0080_2.png|aannn       reeeeeeNdee  nnngeeeeee ii eeeeeeee
/data3fast/users/mbermudez/de_03/TFGDataset/img/train_t2_0087.png|die eetttee     dd  ssssheeN  dd    aaaau deee
/data3fast/users/mbermudez/de_03/TFGDataset/img/train_t2_1338_1.png|iieeesshheeeeeerrr  deeninnieeiii***    llssseNN
/data3fast/users/mbermudez/de_03/TFGDataset/img/train_t2_1490_1.png|frrr  uffeeeeet   ff    deee  iiieeetstsssss
/data3fast/users/mbermudez/de_03/TFGDataset/img/train_t2_0823_0.png|sstttt  uuund   sssst ddeeeeeeenn   sssiiiihhhhh
/data3fast/users/mbermudez/de_03/TFGDataset/img/train_t2_0611_0.png|"     eeeeeelaa         rernnnereeeeeeeehhhhhhhhh
/data3fast/users/mbermudez/de_03/TFGDataset/img/train_t2_1057.png|eeeeiiihhhtt    lllhheeeeeeerrrrr    ee naa
/data3fast/users/mbermudez/de_03/TFGDataset/img/train_t2_1233_0.png|wweeee 
/data3fast/users/mbermudez/de_03/TFGDataset/img/train_t2_0777_1.png|de   chhNNNN  dddee    nnnaallnnnnneeee     chhe
/data3fast/users/mbermudez/de_03/TFGDataset/img/train_t2_1076_2.png|grrrggeeeessssses  aa    ee nauueeuuuu eeeeeeee      ss
/data3fast/users/mbermudez/de_03/TFGDataset/img/train_t2_0392_0.png|mitttttttteeneeeere  allllennni    s   enn
/data3fast/users/mbermudez/de_03/TFGDataset/img/train_t2_1484.png|dassseeeeeehheeennnniee nnnddeeeeeeeeeee    sccchhau
/data3fast/users/mbermudez/de_03/TFGDataset/img/train_t2_1023.png|dereeeeeeeeeNNNdddeeeeeeeeeeettt  u ddddeee
/data3fast/users/mbermudez/de_03/TFGDataset/img/train_t2_0503_0.png|unndeeeeeeehhh   ssleeeeennnnitttih    aaahhhh
/data3fast/users/mbermudez/de_03/TFGDataset/img/train_t2_1433_2.png|iihheeee    uddeereschheeenneeeeee     ddessssssse
/data3fast/users/mbermudez/de_03/TFGDataset/img/train_t2_0429.png|geeeeNNeeeeeii   assss    ttii eeeeee cchhhheNNN    ss
/data3fast/users/mbermudez/de_03/TFGDataset/img/train_t2_0258.png|ggggggee   eeesee  hhhhttt aassssttinnndee
/data3fast/users/mbermudez/de_03/TFGDataset/img/train_t2_0107.png|dessssseeeeeddde  tttiilnneeeee rrrhhhti drr
/data3fast/users/mbermudez/de_03/TFGDataset/img/train_t2_0179_1.png|tttnnnnnnnnnnnreeeeeeneeeeehhhhhheeNNeeeeee
/data3fast/users/mbermudez/de_03/TFGDataset/img/train_t2_1491_2.png|aas   ddeeeee**********     rrrcchhheeeNe ssssst  rre
/data3fast/users/mbermudez/de_03/TFGDataset/img/train_t2_0040.png|asseeeelllhhh  dd  rtt  aaaannaa eeeeeee
/data3fast/users/mbermudez/de_03/TFGDataset/img/train_t2_0019_2.png|iihhhh  eede r aaa  deeeineeeeeehhee    ss rrree
/data3fast/users/mbermudez/de_03/TFGDataset/img/train_t2_0475_0.png|iii    eeeeessss lnnnnccllllheee dee  ccchhteeee
/data3fast/users/mbermudez/de_03/TFGDataset/img/train_t2_1297_0.png|auueeeeeleel lllsaaaa      eeu   ees    rreeeeee
/data3fast/users/mbermudez/de_03/TFGDataset/img/train_t2_0986_2.png|att eeeeeeihhtt  eer tss    eeeeetteennnnn
/data3fast/users/mbermudez/de_03/TFGDataset/img/train_t2_0361_0.png|# dee
/data3fast/users/mbermudez/de_03/TFGDataset/img/train_t2_0044_2.png|wieeee  aaaseee  nnn     eesslll nnnn   e
/data3fast/users/mbermudez/de_03/TFGDataset/img/train_t2_1327.png|eN    dd  iiaalsssee eeeeeee  ddd     eehhh uuu
/data3fast/users/mbermudez/de_03/TFGDataset/img/train_t2_0952.png|bsst   nnn  eeesseeeeeeeee tttt  dddd        dd dr
/data3fast/users/mbermudez/de_03/TFGDataset/img/train_t2_1076_1.png|grregeeessssss e   uuu dee  aauu  nnn eeeeeee     chhha
/data3fast/users/mbermudez/de_03/TFGDataset/img/train_t2_0047.png|wweee eeee rr nnttee uuuueeeeeeeeesssst
/data3fast/users/mbermudez/de_03/TFGDataset/img/train_t2_0111_2.png|feeeee  ssslllllliihhhhhineeeee slllllnnnn  llll
/data3fast/users/mbermudez/de_03/TFGDataset/img/train_t2_1170.png|vondeeessstttt  ddrr  annnneiiiiee     lll
/data3fast/users/mbermudez/de_03/TFGDataset/img/train_t2_0168_2.png|uuu     eeeeeeeeeessssa   aannnllee ssssss  ddeeiiihh
/data3fast/users/mbermudez/de_03/TFGDataset/img/train_t2_0247_1.png|aauuu dderrrrrrrrr   ddeehhhhleeee      rreree
/data3fast/users/mbermudez/de_03/TFGDataset/img/train_t2_1433_0.png|iiheeeeee   ddddeeesehhheeeneeeeee     ddeesssssssss
/data3fast/users/mbermudez/de_03/TFGDataset/img/train_t2_0657.png|aangeeeee    eeeessseeeeeeee   ddeeeeeeeee  ssshheNNNN
/data3fast/users/mbermudez/de_03/TFGDataset/img/train_t2_0641_0.png|aannnnneeeitnnnnneeeessseeeeeeeeee    eeerrr  tt
/data3fast/users/mbermudez/de_03/TFGDataset/img/train_t2_1062_2.png|aaeeeeee    eeeeeeeeeeeeee  n tsttttttteeee ** ssssss
/data3fast/users/mbermudez/de_03/TFGDataset/img/train_t2_0822_2.png|uuddd r uuuuuuuuunnngngggennn  acchhhleee
/data3fast/users/mbermudez/de_03/TFGDataset/img/train_t2_0068_2.png|etttttthhheeNeede   a  d    aaa  eeeerennnnaaall
/data3fast/users/mbermudez/de_03/TFGDataset/img/train_t2_1244_1.png|hhheeeeeeeeeettttaaau deeesssssslll   eeee
/data3fast/users/mbermudez/de_03/TFGDataset/img/train_t2_0527.png|dereehhheeNnnnneellhhh   uuuaaah  derrrrhheeeN
/data3fast/users/mbermudez/de_03/TFGDataset/img/train_t2_0816_2.png|udddsss eeeee  .
/data3fast/users/mbermudez/de_03/TFGDataset/img/train_t2_1390_1.png|nniiit     n   ddeeesssthhh     ss       seeeheee
/data3fast/users/mbermudez/de_03/TFGDataset/img/train_t2_0379.png|di  ee  eeeerr  asshhhu  d ss  iiii
/data3fast/users/mbermudez/de_03/TFGDataset/img/train_t2_1168.png|oohheee       fnneee sssssccchtteeeeee**eeettt    ddeerehh
/data3fast/users/mbermudez/de_03/TFGDataset/img/train_t2_1421.png|seehhhh     t  ..
/data3fast/users/mbermudez/de_03/TFGDataset/img/train_t2_0112_1.png|ale     ssss   eeee*eeeeee   aa               eee  scaa
/data3fast/users/mbermudez/de_03/TFGDataset/img/train_t2_1313_2.png|aau    uuuausteeee ddd aa  e  slllllliiii  essssee
/data3fast/users/mbermudez/de_03/TFGDataset/img/train_t2_0879_0.png|iis  deesseerrrrrrreeerrer  reennnnnnneee
/data3fast/users/mbermudez/de_03/TFGDataset/img/train_t2_0123_2.png|nndd aacchhheeeeeee aaa d aaau  eeeeegg
/data3fast/users/mbermudez/de_03/TFGDataset/img/train_t2_0655_1.png|weeess  lllhhhhhiii nnnnn  neeee     aaass
/data3fast/users/mbermudez/de_03/TFGDataset/img/train_t2_0749_0.png|rre eiiitn   eeeee uuuuueeeeeeelllle   ch eeeeeeerr
/data3fast/users/mbermudez/de_03/TFGDataset/img/train_t2_0721_2.png|eee    uuuushhhh N  sseehhheel  sss  iiii     eeeeegnu
/data3fast/users/mbermudez/de_03/TFGDataset/img/train_t2_0017.png|dee  innnnnn dnn  tttt***osschheeeeeeee
/data3fast/users/mbermudez/de_03/TFGDataset/img/train_t2_1243_0.png|eeeeeeeeNNN          eeedeeeesse u   eeeeettttteeer
/data3fast/users/mbermudez/de_03/TFGDataset/img/train_t2_0783_1.png|eesthhhiiinnnneee  asssseeeeerhh     rrrrheeee
/data3fast/users/mbermudez/de_03/TFGDataset/img/train_t2_0326_0.png|ggggN  ssss    nna cccchnnneeeiitnnn tttt   essse
/data3fast/users/mbermudez/de_03/TFGDataset/img/train_t2_0939_2.png|iih  eerrhhheeeenn allsh   eees   deeeeeeaaaa
/data3fast/users/mbermudez/de_03/TFGDataset/img/train_t2_1134_1.png|ttt     aaaallleeieeeeitt  u eeeeeee   dd
/data3fast/users/mbermudez/de_03/TFGDataset/img/train_t2_1484_0.png|da   eeeeeeeeeennnnnnennnddeeeeeeeeeeee     sschhh
/data3fast/users/mbermudez/de_03/TFGDataset/img/train_t2_0955_1.png|wllll      .........lllle        eeeeeeeuuuggeNNN   e
/data3fast/users/mbermudez/de_03/TFGDataset/img/train_t2_1053_2.png|dii        sss    erriieeet   sssss eeee
/data3fast/users/mbermudez/de_03/TFGDataset/img/train_t2_0805_1.png|iirecchhleeeNuuuu eeeeeeeee s  nnnnn ieeee   
/data3fast/users/mbermudez/de_03/TFGDataset/img/train_t2_0413_1.png|ee  dddddeeeesseeee  aaaahhh     ttt   ee
/data3fast/users/mbermudez/de_03/TFGDataset/img/train_t2_1101_2.png|drrtteessllllleee dddd achhheeeN aaauuud
/data3fast/users/mbermudez/de_03/TFGDataset/img/train_t2_1326_0.png|ssss    nnnnnnnn   nn dd eeeeeeeeettttt     eeerrhh
/data3fast/users/mbermudez/de_03/TFGDataset/img/train_t2_1009_2.png|annddeeeiiiiihieeeeeeeeeii hah  dd  aaasss
/data3fast/users/mbermudez/de_03/TFGDataset/img/train_t2_1043.png|oneeeee cchhh d ehhheeeee       ddssseeeelll  nneeeeee
/data3fast/users/mbermudez/de_03/TFGDataset/img/train_t2_1087_1.png|eesssssssNNNeNN   n  iiee   ddd  auuuuu ddee
/data3fast/users/mbermudez/de_03/TFGDataset/img/train_t2_1105_0.png|tee  rrrrreee  lllll dd  sseeseehhheeii  n deeeeeee
/data3fast/users/mbermudez/de_03/TFGDataset/img/train_t2_0132.png|beeeeeeeee      aaaa  eeeeeennnnneeeeeeeeessseeeeeeeelllh
/data3fast/users/mbermudez/de_03/TFGDataset/img/train_t2_1036.png|hhhheeeeesssshhhttt  deeeseeeeett aa s eeeereee
/data3fast/users/mbermudez/de_03/TFGDataset/img/train_t2_0908.png|st  dneeeegggnuu eeeeeeei     auuunnnn tttttt
/data3fast/users/mbermudez/de_03/TFGDataset/img/train_t2_0279.png|dee ennnnnnnnnnnaaaa   deeetee    rrrr      rrhhh
/data3fast/users/mbermudez/de_03/TFGDataset/img/train_t2_0211.png|annddeee   nnnn ahhheee  lllllaassss        
/data3fast/users/mbermudez/de_03/TFGDataset/img/train_t2_1405.png|tt  neeee a fgnnnnsssee    eee    lllee
/data3fast/users/mbermudez/de_03/TFGDataset/img/train_t2_0850_0.png|eeeiihheeeeeeeeer uuureeeeee     
/data3fast/users/mbermudez/de_03/TFGDataset/img/train_t2_0649.png|oos  sllll      eeeesee  rrcchhllleeeeeeee   eeeee
/data3fast/users/mbermudez/de_03/TFGDataset/img/train_t2_0935_2.png|tte    eeeeehhhuuuuddeeeesstttthhh nnneeee
/data3fast/users/mbermudez/de_03/TFGDataset/img/train_t2_0386.png|nnddeeeeeeeeeennniittt cschlleee llll  n  eeee  sssseeeess
/data3fast/users/mbermudez/de_03/TFGDataset/img/train_t2_0317_1.png|wirrer    aacchllee   nddeeeenn eeee sstthhhheeeN
/data3fast/users/mbermudez/de_03/TFGDataset/img/train_t2_0336_1.png|hheeeee er uutt ee   saauueeeeerr    tttt
/data3fast/users/mbermudez/de_03/TFGDataset/img/train_t2_0560_1.png|alseeeehhhhhuu sssshhhhhhnnnnittet   nnneeeeeeeee
/data3fast/users/mbermudez/de_03/TFGDataset/img/train_t2_1397.png|dds s   eettt  nneiichh    eiittte  e
/data3fast/users/mbermudez/de_03/TFGDataset/img/train_t2_0985_0.png|dereeeeeeeennen*eee        aas eelllhhhhh  ttt    uaa
/data3fast/users/mbermudez/de_03/TFGDataset/img/train_t2_1143.png|eeee   aalee      iii** .  aaaa     iittttttt
/data3fast/users/mbermudez/de_03/TFGDataset/img/train_t2_0360_0.png|aassaaaaaauuuussshhh   assseeeechheee    ss  a iih
/data3fast/users/mbermudez/de_03/TFGDataset/img/train_t2_1419.png|geee   ndd    ttttt    lllleeeeeeees   ueeeeeee
/data3fast/users/mbermudez/de_03/TFGDataset/img/train_t2_0737_2.png|des     nnn i  aachhllleeeeeeeeee itnnn
/data3fast/users/mbermudez/de_03/TFGDataset/img/train_t2_0650_0.png|alleeeeeiieeeeeee eeeeeeeee  u d  eeellh   d   essshhh
/data3fast/users/mbermudez/de_03/TFGDataset/img/train_t2_0527_2.png|dee lllheeennnn eeeihh   aauunuu   eeerrehheeee
/data3fast/users/mbermudez/de_03/TFGDataset/img/train_t2_0445_0.png|unneeeeeeee ss  nnnnnnnn ttt llllneeeeee   aaa
/data3fast/users/mbermudez/de_03/TFGDataset/img/train_t2_0106.png|"    ssstcch   ee    .   eercchhhNN
/data3fast/users/mbermudez/de_03/TFGDataset/img/train_t2_0988.png|gessssssNNNN..
/data3fast/users/mbermudez/de_03/TFGDataset/img/train_t2_0715_2.png|mit   uuuunnennnneerrrrrrre  nn  rrrtthhhenn
/data3fast/users/mbermudez/de_03/TFGDataset/img/train_t2_0503_1.png|unddeeeeeeeh  aassseeeeennnnieiiii     aaah
/data3fast/users/mbermudez/de_03/TFGDataset/img/train_t2_0958_0.png|de   nnnnnnneeeetttht   n  sss   nnnneeeeeeN sle
/data3fast/users/mbermudez/de_03/TFGDataset/img/train_t2_0246_1.png|ssttt       egleeeee eseeeeeiiiheeeenneee*e
/data3fast/users/mbermudez/de_03/TFGDataset/img/train_t2_1224.png|oo    eeeeeeee  dreeeeeeehheeet   llsss nnnnii
/data3fast/users/mbermudez/de_03/TFGDataset/img/train_t2_1022.png|deNNN  eeeeeeeee    dssseeeeeedeeeeseeeee nnn
/data3fast/users/mbermudez/de_03/TFGDataset/img/train_t2_0090_2.png|deeeeleeee  nnnneeerrrre  aaah   eeee
/data3fast/users/mbermudez/de_03/TFGDataset/img/train_t2_0404_1.png|bbeeeelliiiinn..
/data3fast/users/mbermudez/de_03/TFGDataset/img/train_t2_0218_2.png|anneeeeett  nnnassseee  nnnaallll      nnni
/data3fast/users/mbermudez/de_03/TFGDataset/img/train_t2_0599_0.png|dda   rhhheeee sshhaaaa  au u  uudd  sshheeee  nnee
/data3fast/users/mbermudez/de_03/TFGDataset/img/train_t2_0922_1.png|hhheeeeeeessee    naaannn sliiiii eeeshhlssllll
/data3fast/users/mbermudez/de_03/TFGDataset/img/train_t2_0599_2.png|ddd rrrhhhheeee sclll  d aa      uaad sschheeee eee
/data3fast/users/mbermudez/de_03/TFGDataset/img/train_t2_0080_0.png|aannn      rrreeeddeee  aanneeerrinnineeedrrre
/data3fast/users/mbermudez/de_03/TFGDataset/img/train_t2_0534.png|geerttttttsssssse    sss  eiistttteee   aaah eeeee
/data3fast/users/mbermudez/de_03/TFGDataset/img/train_t2_1220_1.png|ieei     eeeeeeee  u     tttte        dse
/data3fast/users/mbermudez/de_03/TFGDataset/img/train_t2_0494_2.png|wisssNN
/data3fast/users/mbermudez/de_03/TFGDataset/img/train_t2_0872_1.png|mi   eeell    s  ddeeeeeeeee innn  eersssstts
/data3fast/users/mbermudez/de_03/TFGDataset/img/train_t2_0496_2.png|miiieeee nnnddddeeeeehhheeNN ssssaallllll  nnnd
/data3fast/users/mbermudez/de_03/TFGDataset/img/train_t2_0333.png|oooeeeeeeeellhheee  aaa leeeee    ssceeeeslllnnnnne
/data3fast/users/mbermudez/de_03/TFGDataset/img/train_t2_0038.png|cchhll  uuudddee    iicccheeeNN    schheeeeee  ddd
/data3fast/users/mbermudez/de_03/TFGDataset/img/train_t2_1033_0.png|mmhhhh      ttthhhhhhahh  deeeiittttt  rrrrnnnn
/data3fast/users/mbermudez/de_03/TFGDataset/img/train_t2_0572.png|frrrddd ureeee   cheeeennnndderrr o   ee*   tttt
/data3fast/users/mbermudez/de_03/TFGDataset/img/train_t2_0251_0.png|de    llchhhheett   dderrieeeleelleeeeeee      dddee
/data3fast/users/mbermudez/de_03/TFGDataset/img/train_t2_1406_1.png|dersschhu neeiii  eeellllll   sscchhhh   ddeeeeeehhee
/data3fast/users/mbermudez/de_03/TFGDataset/img/train_t2_0880.png|oooeeeee    assseee  nniii    ....
/data3fast/users/mbermudez/de_03/TFGDataset/img/train_t2_1324_2.png|ceesss   deeeeertiii    nndd aallleeeii nnnnddddde
/data3fast/users/mbermudez/de_03/TFGDataset/img/train_t2_0798_0.png|ieeeeeeeeasss d  ssseeeeeeeeedde
/data3fast/users/mbermudez/de_03/TFGDataset/img/train_t2_1015_2.png|eet uaaaaa d eeliiieeeees uuu nneeeeee   dee
/data3fast/users/mbermudez/de_03/TFGDataset/img/train_t2_1038_0.png|drr auuftttfnnneeeeeeetttttheee nnneettttt rddd
/data3fast/users/mbermudez/de_03/TFGDataset/img/train_t2_0915_2.png|allleeeeeeeeeeeeeeesseeee  nnnneen  sssseee nnnne
/data3fast/users/mbermudez/de_03/TFGDataset/img/train_t2_0196_0.png|teN   aa  ddeeesttttts  nnnn     ddd  aallll
/data3fast/users/mbermudez/de_03/TFGDataset/img/train_t2_1031_1.png|beeeeeeettteeeesschh    iiitieeennnnnd
/data3fast/users/mbermudez/de_03/TFGDataset/img/train_t2_0672.png|nnneeeeeeee      d  echheeeesssttttt  rrre
/data3fast/users/mbermudez/de_03/TFGDataset/img/train_t2_1487_2.png|iisss      eerr  aallllee    schheeeee   aaa
/data3fast/users/mbermudez/de_03/TFGDataset/img/train_t2_1476.png|eeN   nnnneeeeeetttt  eee  iiinneeeeeeleeen
/data3fast/users/mbermudez/de_03/TFGDataset/img/train_t2_1138.png|aaeee       ddnneeessssseeeeeeee eeeeseeeeee   eee
/data3fast/users/mbermudez/de_03/TFGDataset/img/train_t2_1459_0.png|deennnnnnneeehhheee   hhhhle   nnn iteee    ee  ua
/data3fast/users/mbermudez/de_03/TFGDataset/img/train_t2_1222.png|wllhh   eeeee  lllliiiieeeeeeerdd   ss   ii
/data3fast/users/mbermudez/de_03/TFGDataset/img/train_t2_1476_2.png|eeN  nnnnnnneeertttt  ddee  iiinneeeeeeee
/data3fast/users/mbermudez/de_03/TFGDataset/img/train_t2_0033.png|ttiiiiteettsss     nttchhhh ee ssssss     llleeeeNN
/data3fast/users/mbermudez/de_03/TFGDataset/img/train_t2_0006.png|dasssss     *******   nnn  ss  fnuuu eerrrrrrrrrrrrrrrelll
/data3fast/users/mbermudez/de_03/TFGDataset/img/train_t2_0835_1.png|de        ee  aau   ee        eeeett     aaa  sss e
/data3fast/users/mbermudez/de_03/TFGDataset/img/train_t2_0319_0.png|shheeeeee***    a  rueeuu eeeeerrrhhhha  ddeeeehhhee
/data3fast/users/mbermudez/de_03/TFGDataset/img/train_t2_0410_0.png|rrreeeeeeeeeeeeeeelchheeeee*    sssshhhennn   i     a
/data3fast/users/mbermudez/de_03/TFGDataset/img/train_t2_0775_2.png|geeeeeeeeehhhtt   aa l   aa  ddn   ittttttt
/data3fast/users/mbermudez/de_03/TFGDataset/img/train_t2_0461_1.png|daa  lllaa  eeeeee ssschlsssss  aacchhhee aaa  d
/data3fast/users/mbermudez/de_03/TFGDataset/img/train_t2_0257_0.png|vooessettti     aaasss   r  rhhll  nnnllhhheeee
/data3fast/users/mbermudez/de_03/TFGDataset/img/train_t2_0981_2.png|stt    sssaa    e  ssssssee     nn eeee    ttt   rrrrssh
/data3fast/users/mbermudez/de_03/TFGDataset/img/train_t2_0459_0.png|seN    uuauuun nni iti  eeiieeeeee  aaaaaneeeee
/data3fast/users/mbermudez/de_03/TFGDataset/img/train_t2_0946.png|unn eeee  eeeerr ahhss               a  eerrr
/data3fast/users/mbermudez/de_03/TFGDataset/img/train_t2_1209_0.png|iii      lsseeee dddeesse   riichnnnneeee
/data3fast/users/mbermudez/de_03/TFGDataset/img/train_t2_0817_2.png|die   lllleiiii  iict nngeeeeee    iiiiee   lllllssessss
/data3fast/users/mbermudez/de_03/TFGDataset/img/train_t2_0969_1.png|meeeNNN eeniiittt     eeerrcccttnnuf eeeeerrrrrnn
/data3fast/users/mbermudez/de_03/TFGDataset/img/train_t2_1080.png|veeerrrrr     sssllhhe  laa   nn   dddeeertt
/data3fast/users/mbermudez/de_03/TFGDataset/img/train_t2_0351.png|ohheeeeeeeNNN  ddddd eee   rrttt sssssahhh
/data3fast/users/mbermudez/de_03/TFGDataset/img/train_t2_0583_0.png|aaeee  aaa  nnn   llll    ttchhheee  lllll eeee
/data3fast/users/mbermudez/de_03/TFGDataset/img/train_t2_0163_1.png|dieeenneeeeeiiiiitttt  d  eeecchhhheeeNeelhhhhhhhnn
/data3fast/users/mbermudez/de_03/TFGDataset/img/train_t2_1204_2.png|geechhtttt  hhee  sssseeeesseeeee  nnnndeeeeeeenne
/data3fast/users/mbermudez/de_03/TFGDataset/img/train_t2_0699_2.png|sseeeeeeeee    eeee   ahh   rr lllggesss  ss  aaa
/data3fast/users/mbermudez/de_03/TFGDataset/img/train_t2_1312_1.png|eessshh   eeeeeeeeeeee      n  eeeee
/data3fast/users/mbermudez/de_03/TFGDataset/img/train_t2_1436_1.png|gesaaaa n ee ddeerereeeeeeeee** nnn    titttttt
/data3fast/users/mbermudez/de_03/TFGDataset/img/train_t2_1159_0.png|u       ndd     aaaaa ddeeeeeeeehuuuuuuueeeee
/data3fast/users/mbermudez/de_03/TFGDataset/img/train_t2_1372.png|eeeeeeeeerrtchhneeeeeeecheeNNN  hh deeraaaaa deee
/data3fast/users/mbermudez/de_03/TFGDataset/img/train_t2_1263_1.png|geehhttttte uuuu eeeee   iiit...ii     dd  ssse
/data3fast/users/mbermudez/de_03/TFGDataset/img/train_t2_0187_2.png|dee rriiiiienneeeeen  uuuu  sseeeee llllaa   eeee uuu
/data3fast/users/mbermudez/de_03/TFGDataset/img/train_t2_0979_1.png|iitttt    eeeeen cttt    laaaa   eeeeeihhhh nnn daaaa
/data3fast/users/mbermudez/de_03/TFGDataset/img/train_t2_0499.png|eee nnnnnn   eer    aaaa rreehhhhh     nnnni io
/data3fast/users/mbermudez/de_03/TFGDataset/img/train_t2_0799_0.png|nneeeeeeeeeeiii nnn aaahhh  eeeeeennnnneeeeeeet
/data3fast/users/mbermudez/de_03/TFGDataset/img/train_t2_0944_0.png|allllllllaaauuuunnn eee     de   ttt      heeeee
/data3fast/users/mbermudez/de_03/TFGDataset/img/train_t2_0667_0.png|lleeee    eeee***tssscchhhleeeee  aaaa   reeeeeeeeee
/data3fast/users/mbermudez/de_03/TFGDataset/img/train_t2_0834_2.png|ihrreeeeeeeeeettt     lllllchheeeennn   sssss
/data3fast/users/mbermudez/de_03/TFGDataset/img/train_t2_1326_2.png|ssse    nnnnnnn       n ddeeeeesseeeett     eerrr
/data3fast/users/mbermudez/de_03/TFGDataset/img/train_t2_0750_0.png|rrrees    dd eeiittttt   sss eee*** * ssssaa   deeeer
/data3fast/users/mbermudez/de_03/TFGDataset/img/train_t2_0757_2.png|eehttt      ee  llllleNN nnnettttttt  d  reeeee
/data3fast/users/mbermudez/de_03/TFGDataset/img/train_t2_0889.png|sss  eeeeheeetttreeeeeeeddeeeeeeeeeeeetttnnn
/data3fast/users/mbermudez/de_03/TFGDataset/img/train_t2_0394_2.png|undddee ttttsssee nnnneeee    cchheeNN   
/data3fast/users/mbermudez/de_03/TFGDataset/img/train_t2_0907.png|wweeeeeeeee  nnnnn     eee****  cccaaa leeeiiin
/data3fast/users/mbermudez/de_03/TFGDataset/img/train_t2_0451_0.png|lleeetiiieeeeee  tthhhh ddd  aass  iie   rr
/data3fast/users/mbermudez/de_03/TFGDataset/img/train_t2_0655_0.png|wissss s llhhhhtt   nnn a  eeeeee   aa asss
/data3fast/users/mbermudez/de_03/TFGDataset/img/train_t2_1286.png|auu  eee sss  nn  eeetttheeeeschhh  deeeeeeie
/data3fast/users/mbermudez/de_03/TFGDataset/img/train_t2_1354_2.png|wieeeesstt    ssssttttt   chhhhhhhhhaa
/data3fast/users/mbermudez/de_03/TFGDataset/img/train_t2_0621_1.png|ieeeeeNNNeeeeeennnnen  acchhhnnhtie   aalie
/data3fast/users/mbermudez/de_03/TFGDataset/img/train_t2_1171_0.png|ass      eeeeethh nnnniieee  a hee    leeeeeeee
/data3fast/users/mbermudez/de_03/TFGDataset/img/train_t2_0894_0.png|unessrrrthhheeseeeeeeeNN nnnnlllliieeerrrrrrrrr aa
/data3fast/users/mbermudez/de_03/TFGDataset/img/train_t2_0879_1.png|iss  eeessrrrerrrrrrreeee    rreeennne
/data3fast/users/mbermudez/de_03/TFGDataset/img/train_t2_0987_1.png|#dd
/data3fast/users/mbermudez/de_03/TFGDataset/img/train_t2_0383.png|irrrrresshhheeNettttheeeedd d  ddd  aaallllllllleeeeee
/data3fast/users/mbermudez/de_03/TFGDataset/img/train_t2_1408_2.png|derttttttttt
/data3fast/users/mbermudez/de_03/TFGDataset/img/train_t2_0895_1.png|eee n eeeee  aaaaaau  eee  geeeechh  eeeeeeeeeede
/data3fast/users/mbermudez/de_03/TFGDataset/img/train_t2_1162_2.png|tt eeeeess      lllllss dd   ...sssss
/data3fast/users/mbermudez/de_03/TFGDataset/img/train_t2_1186.png|nee lchh        errr aaaaaneeee         eeeeell
/data3fast/users/mbermudez/de_03/TFGDataset/img/train_t2_1075_1.png|reeee eeeee lhhhhheNNdddeeseeeeNNN    nnnnnnneennnn
/data3fast/users/mbermudez/de_03/TFGDataset/img/train_t2_1475_1.png|eee llleeddrrreeeeeeeennnnn  ereruuuuseeeer rrrr
/data3fast/users/mbermudez/de_03/TFGDataset/img/train_t2_0725_2.png|dii llll   drr nnneee    d  a  sseeechheeNNNN
/data3fast/users/mbermudez/de_03/TFGDataset/img/train_t2_1374_1.png|oeeed  aaaaahhiinnnieei t  aaaaleee
/data3fast/users/mbermudez/de_03/TFGDataset/img/train_t2_0079.png|mi   eeeehhhtNNNNsss      i       iihhheNN ndddd
/data3fast/users/mbermudez/de_03/TFGDataset/img/train_t2_0011.png|aaauu eeerrrrrettteeeee    esssseee    dn     eeeeeN
/data3fast/users/mbermudez/de_03/TFGDataset/img/train_t2_1214_0.png|uu  deeraaal dd ll      otreeee  uuuu  esshhheeee
/data3fast/users/mbermudez/de_03/TFGDataset/img/train_t2_1004.png|hheNN   eeeeeeeNNN    nnneee   ddeee   u ddeeeeennee
/data3fast/users/mbermudez/de_03/TFGDataset/img/train_t2_0753_0.png|assstteeeeeeeennneeerrrrttt  ddeee aauuuee
/data3fast/users/mbermudez/de_03/TFGDataset/img/train_t2_0609_0.png|errrllli   ddeeesssseeeeeeittnnn sssssssee
/data3fast/users/mbermudez/de_03/TFGDataset/img/train_t2_0995.png|geehhhhhe  aau ddddeessss uu eeeeseeeeeeee  nudde
/data3fast/users/mbermudez/de_03/TFGDataset/img/train_t2_1402_1.png|wll    d aa    ieelhhlsssss       llllheeeeeee
/data3fast/users/mbermudez/de_03/TFGDataset/img/train_t2_0276.png|"sss    uunnn eeenn e lllllhhttttttnnch
/data3fast/users/mbermudez/de_03/TFGDataset/img/train_t2_1357.png|iihhi    eesllle   iii  e  a   ee     dd  ee    dddde
/data3fast/users/mbermudez/de_03/TFGDataset/img/train_t2_0225_2.png|iiiieeeeerrrrreeeeeeechhttte       ddeerrrhhh
/data3fast/users/mbermudez/de_03/TFGDataset/img/train_t2_1499_2.png|se   aaaaaala  ddeeeeeeett   seee  chhhhttt  ee 
/data3fast/users/mbermudez/de_03/TFGDataset/img/train_t2_0154_0.png|eert     ettttttttteee  itt  eeeee    inieee
/data3fast/users/mbermudez/de_03/TFGDataset/img/train_t2_0877_1.png|aheeee  nneeiet s   rrrellhhhhN uuuuuhhhe nnn
/data3fast/users/mbermudez/de_03/TFGDataset/img/train_t2_0250_1.png|teleeee   tttttteN  ddd ssseeeeenggleee   d llll
/data3fast/users/mbermudez/de_03/TFGDataset/img/train_t2_0051_0.png|schhhh n lllhhiiinneeeihheee            ss  eeee
/data3fast/users/mbermudez/de_03/TFGDataset/img/train_t2_1311_2.png|leeee  nnneeeerrreeeheeeh   n deeeeellhhhhuuuueeeee
/data3fast/users/mbermudez/de_03/TFGDataset/img/train_t2_0484_0.png|brrrrreeeeeneee iii    auuuuuddeeeeee   hhhttt
/data3fast/users/mbermudez/de_03/TFGDataset/img/train_t2_0542.png|eeeee n aaaaaaa  eeeNNNNeddddeescchhhhlgllaee
/data3fast/users/mbermudez/de_03/TFGDataset/img/train_t2_0566.png|der llllllleiii  ddrr hhh aaauu dee sstta a    rr
/data3fast/users/mbermudez/de_03/TFGDataset/img/train_t2_0033_1.png|tiiiiieeetttes    tt tcchhhhee  sssseee   alleeeee
/data3fast/users/mbermudez/de_03/TFGDataset/img/train_t2_1011_1.png|# 
/data3fast/users/mbermudez/de_03/TFGDataset/img/train_t2_0117_1.png|geeeeN  eeee    eitteeeN   ss      r aa eerrrr
/data3fast/users/mbermudez/de_03/TFGDataset/img/train_t2_1435_1.png|mii   eeee  tctts  o   ddderrsssssssauuuu
/data3fast/users/mbermudez/de_03/TFGDataset/img/train_t2_1454_2.png|iiieeeeeiihhhnn eeennnnnnncccttt   aaaeeeee
/data3fast/users/mbermudez/de_03/TFGDataset/img/train_t2_0568_2.png|cheeeeee    ssssaa ddeee   iiiieeeNeeee ett
/data3fast/users/mbermudez/de_03/TFGDataset/img/train_t2_0431.png|ooeeeeee    tt    deeesstth  nnd ellleeeNN
/data3fast/users/mbermudez/de_03/TFGDataset/img/train_t2_0941_1.png|lliin n eeehhhhe  ddd     eeeeeeeee iilllllll
/data3fast/users/mbermudez/de_03/TFGDataset/img/train_t2_0010_2.png|nee   iii nnnnneee   nn  iieeeeee **** ** tss    ddrreeee
/data3fast/users/mbermudez/de_03/TFGDataset/img/train_t2_0988_1.png|ggsssssssNNN
/data3fast/users/mbermudez/de_03/TFGDataset/img/train_t2_0347.png|drrt  eeeeeenn iitttt  aaahtt   dde   aa
/data3fast/users/mbermudez/de_03/TFGDataset/img/train_t2_0111_1.png|fgeeee    lllllleiihhhhhhnneeeeessslllnnnnnnell
/data3fast/users/mbermudez/de_03/TFGDataset/img/train_t2_0093_0.png|dei aaaaaaanddeeeeeeeellleeeeee sssss ttt
/data3fast/users/mbermudez/de_03/TFGDataset/img/train_t2_0162_0.png|dessssssttteeNNN   e t   dd ieeeeeeeeiiieeeee    nn
/data3fast/users/mbermudez/de_03/TFGDataset/img/train_t2_0575_1.png|uu  eehhheee  d aachheedddeeeellleeeeeeeeiittn
/data3fast/users/mbermudez/de_03/TFGDataset/img/train_t2_1494_0.png|eertt    eeeeeeesssssNN  n ee   llleleee    eeeeeee
/data3fast/users/mbermudez/de_03/TFGDataset/img/train_t2_0417.png|sttttt       ssseee     ssse      e  ggggee    eei**iinnn
/data3fast/users/mbermudez/de_03/TFGDataset/img/train_t2_1112.png|isss   nnn  sssst   aaahhhuuuuhhhheeeeeeeiichhhh
/data3fast/users/mbermudez/de_03/TFGDataset/img/train_t2_0568_1.png|hheeeeee    ssaaaaa eeee ttti eeeedeeeette
/data3fast/users/mbermudez/de_03/TFGDataset/img/train_t2_0303_0.png|oeee     nnneeeeeeee      a  nnneiiiichhhhnnnnnn
/data3fast/users/mbermudez/de_03/TFGDataset/img/train_t2_0509_0.png|reeeeeeeeeeeee  ddeeeeessssssse  eeeeerrruuuuureeeeee
/data3fast/users/mbermudez/de_03/TFGDataset/img/train_t2_1390_2.png|nnni    nnnnndddeees ttcchh  nn      a   eeeeeee
/data3fast/users/mbermudez/de_03/TFGDataset/img/train_t2_1195.png|iiihhaauuuaeeeeNeeeeNNN...
/data3fast/users/mbermudez/de_03/TFGDataset/img/train_t2_0440_1.png|der    ddd a  ttttteeet   ..
/data3fast/users/mbermudez/de_03/TFGDataset/img/train_t2_0580_1.png|auuu eeeehhhheeNdd aaallleess  ueees   d ee
/data3fast/users/mbermudez/de_03/TFGDataset/img/train_t2_0277_1.png|drrrree aahhttttttt
/data3fast/users/mbermudez/de_03/TFGDataset/img/train_t2_1436_0.png|ge      sgeeeeeeereeeeeeeeee**n     n rttttttt
/data3fast/users/mbermudez/de_03/TFGDataset/img/train_t2_0665.png|leeNdddd     lle aaasttteNN ndddreeeeeN
/data3fast/users/mbermudez/de_03/TFGDataset/img/train_t2_1358.png|daaseeehheNN nndd  tt   nn eeennnnnneett  **   
/data3fast/users/mbermudez/de_03/TFGDataset/img/train_t2_0733_0.png|cheeh uuuueeeeeeiiineeeeeeeeeeeeee   ueeeee 
/data3fast/users/mbermudez/de_03/TFGDataset/img/train_t2_0108_2.png|dass  eeeeeeee  iehhhteee  nneeeeee      ddnnnn
/data3fast/users/mbermudez/de_03/TFGDataset/img/train_t2_0406_0.png|itt      aallliitt    ddrssschhh   iiinnn
/data3fast/users/mbermudez/de_03/TFGDataset/img/train_t2_1066_2.png|werr aaau eeeereheeeeee      lllllaas    hhheee
/data3fast/users/mbermudez/de_03/TFGDataset/img/train_t2_0102_1.png|aanttteeeeeennnneeeitcchtt   dd   iieeeee   e
/data3fast/users/mbermudez/de_03/TFGDataset/img/train_t2_1205_2.png|was  ee   llgngeee  ssschhhht  iiiihheeee
/data3fast/users/mbermudez/de_03/TFGDataset/img/train_t2_1274_2.png|alsseee  ss   eeeessssssuuuueeeeee  lgeeeNN
/data3fast/users/mbermudez/de_03/TFGDataset/img/train_t2_0005.png|weehhhh   a eeeee  daaallleeeiieeeeeeeennnnnn
/data3fast/users/mbermudez/de_03/TFGDataset/img/train_t2_0882_2.png|weee      deeeeee   nnneeeeeed     ssscthuun
/data3fast/users/mbermudez/de_03/TFGDataset/img/train_t2_1155.png|irrrerrrrrr r   sss   eeeeeee uhhhhh     eel
/data3fast/users/mbermudez/de_03/TFGDataset/img/train_t2_1458_0.png|de   iiittttt    diiiitt***     eerrrrrreee
/data3fast/users/mbermudez/de_03/TFGDataset/img/train_t2_0962_1.png|lllhi    ssseee     ssee ss uuu  seeeeeeeeeeeeeee****
/data3fast/users/mbermudez/de_03/TFGDataset/img/train_t2_0239.png|u    lssssseeeeee    .
/data3fast/users/mbermudez/de_03/TFGDataset/img/train_t2_1255_1.png|lllNNdddddeeeeeeeeee hhhhnnnneee n ugeeeehhhuuuddde
/data3fast/users/mbermudez/de_03/TFGDataset/img/train_t2_0310_2.png|dee  ee   eee sseeesssssss   leeeeeeee   eeeed
/data3fast/users/mbermudez/de_03/TFGDataset/img/train_t2_1378_1.png|oeeee    i      aas  tttnnnn      eeee   llsehh
/data3fast/users/mbermudez/de_03/TFGDataset/img/train_t2_0808_0.png|eee  aaaasss  eeeeeee ss   eerrrrreeeeeee
/data3fast/users/mbermudez/de_03/TFGDataset/img/train_t2_1420.png|tte  eeeee sschh  nnniillllaasss   a   eennnaaauee
/data3fast/users/mbermudez/de_03/TFGDataset/img/train_t2_0298.png|nnn  lllee   hchhhhhh uuunnnnaaa   dderrreeeeeeeneeee*
/data3fast/users/mbermudez/de_03/TFGDataset/img/train_t2_0517_2.png|oo      eeeeeela   eeeeeee****** osssssee dddeerr
/data3fast/users/mbermudez/de_03/TFGDataset/img/train_t2_0525_2.png|brellleeeessttteeeee   ssss   ii i n   ch  nnneee llll
/data3fast/users/mbermudez/de_03/TFGDataset/img/train_t2_1048_1.png|geehhee  eeeeeee**nn    ****eeeeeeeeettt   aaad srrr tt
/data3fast/users/mbermudez/de_03/TFGDataset/img/train_t2_0420_0.png|drrr  eeeeeeehhheeeee  ndddee    tu u  eelll
/data3fast/users/mbermudez/de_03/TFGDataset/img/train_t2_1389.png|eeee  eeehhh   d  achhhheeeeeeennnnn tttt
/data3fast/users/mbermudez/de_03/TFGDataset/img/train_t2_0490_1.png|rrrrhh        aannnnittttnnieeh   e   iislleeeN
/data3fast/users/mbermudez/de_03/TFGDataset/img/train_t2_0148_1.png|dtt iiiiiiii   deeer rrssshheeeee  glllleeeeeee ttttt
/data3fast/users/mbermudez/de_03/TFGDataset/img/train_t2_0589_2.png|mii  eeeeeeeeesssss  eeeeeeeeee cclllee n  ssshe
/data3fast/users/mbermudez/de_03/TFGDataset/img/train_t2_0135_0.png|wisssse   neee    nnnneeeee shhhttiihhh eeeirnn
/data3fast/users/mbermudez/de_03/TFGDataset/img/train_t2_0605_1.png|sttllleeeeeeeeeeed   aasss   dd   aa  eN dddddde
/data3fast/users/mbermudez/de_03/TFGDataset/img/train_t2_1014_2.png|ggeeeeeeeee esllleeehhh   reeeeNNsss    sssu eeee
/data3fast/users/mbermudez/de_03/TFGDataset/img/train_t2_1323_2.png|beeeeeeeeeeeeillhhheee eleeehe   nnndd  esss  ennee
/data3fast/users/mbermudez/de_03/TFGDataset/img/train_t2_1411.png|iii     eeeeeeeerreeeeeeuuu  n  reeeit
/data3fast/users/mbermudez/de_03/TFGDataset/img/train_t2_1244.png|hhheeeeeeeeee     aa ddeeeettsssshlll    ee
/data3fast/users/mbermudez/de_03/TFGDataset/img/train_t2_0032.png|arrrreeeee   r auu dderreeeeeeeeee  nneeeeeeeehhe
/data3fast/users/mbermudez/de_03/TFGDataset/img/train_t2_0610_0.png|de   aaa    deeeee sscclllgeeeeeee   cchtttt   eeee
/data3fast/users/mbermudez/de_03/TFGDataset/img/train_t2_0155.png|aa    d   nnnnassssttttt   i**  sseeeeeet nnnn eeeeNN
/data3fast/users/mbermudez/de_03/TFGDataset/img/train_t2_1145.png|foneeeeeeeeee   d   ssseeeeNe    ccha  dddeeeeeet
/data3fast/users/mbermudez/de_03/TFGDataset/img/train_t2_1317_2.png|das eeeeeeeeee     hh  nn  s n  tteeeeesee  nnnn
/data3fast/users/mbermudez/de_03/TFGDataset/img/train_t2_0441_2.png|tth eeeeeNN  d        d aasss   ittt    d
/data3fast/users/mbermudez/de_03/TFGDataset/img/train_t2_0002.png|miiiittttteeeee     aauussseesttth  i
/data3fast/users/mbermudez/de_03/TFGDataset/img/train_t2_0470.png|zeeeeetttttt
/data3fast/users/mbermudez/de_03/TFGDataset/img/train_t2_0024_0.png|bbeeeeeeesssstth   eeehhh   deeee    sssaa  dee
/data3fast/users/mbermudez/de_03/TFGDataset/img/train_t2_1091_2.png|eeee      eeesssshh nnheeee  u  eeeelleee rrr rreerrrre
/data3fast/users/mbermudez/de_03/TFGDataset/img/train_t2_0311_0.png|gnnn  tttheee   achheeeeeeert  aa  seeeeeee  unn
/data3fast/users/mbermudez/de_03/TFGDataset/img/train_t2_0832_0.png|aass    eeeeennnnn   ddrrrrrhilll  dddeeee nnn
/data3fast/users/mbermudez/de_03/TFGDataset/img/train_t2_0195_0.png|wachhh   dd   sccchhhneerrrrrrrrrrrhaannneee
/data3fast/users/mbermudez/de_03/TFGDataset/img/train_t2_0163_2.png|diinnnneeeeeeeeiitt      eeeecchhhhheNNeesscchhhhh nnnn
/data3fast/users/mbermudez/de_03/TFGDataset/img/train_t2_1256_2.png|neeee   **  t           aheeee  u    eeennnnnnnieee
/data3fast/users/mbermudez/de_03/TFGDataset/img/train_t2_1010.png|geeetttt  dddd    ealssseeerreeee eeeeett  a
/data3fast/users/mbermudez/de_03/TFGDataset/img/train_t2_0043_1.png|das    hhalllleeeee   sseeeehhe   eeereri
/data3fast/users/mbermudez/de_03/TFGDataset/img/train_t2_1247.png|iieeeesss  ddesssschnnnnnnnn  nddnnnneeeeee
/data3fast/users/mbermudez/de_03/TFGDataset/img/train_t2_0008_2.png|oddddeeennnnnuuntteee de ti  .* sssseeee  d  
/data3fast/users/mbermudez/de_03/TFGDataset/img/train_t2_0327_2.png|die eeeessssss gggeeeeeiii neeeeeeeN  nnnnnee
/data3fast/users/mbermudez/de_03/TFGDataset/img/train_t2_0549_2.png|beseetttt
/data3fast/users/mbermudez/de_03/TFGDataset/img/train_t2_1106_1.png|ollliiii  dddeee     aaah   eeee  **      ccchhhh
/data3fast/users/mbermudez/de_03/TFGDataset/img/train_t2_0431_0.png|bbeeeee      aa   deestthh uu ddellleeeNNN
/data3fast/users/mbermudez/de_03/TFGDataset/img/train_t2_1017_0.png|#  e
/data3fast/users/mbermudez/de_03/TFGDataset/img/train_t2_0522_2.png|gglllleeeeeeiiiossshheeeddrrrrreeddeee    uuaaaa
/data3fast/users/mbermudez/de_03/TFGDataset/img/train_t2_0185_0.png|nnnn ssscii  nnndddddde  aallaaahhhnnndddd ssss
/data3fast/users/mbermudez/de_03/TFGDataset/img/train_t2_1497_2.png|tteeeeeeeeeeet     rriinneeeeeee       aaaaa
/data3fast/users/mbermudez/de_03/TFGDataset/img/train_t2_1315_0.png|eee    chhhhh uu dddeeeeeeeee   eeessseeee uueeeett
/data3fast/users/mbermudez/de_03/TFGDataset/img/train_t2_0714_0.png|aanchhhhhtttu   ddeiiilln  sscchheeeeer  aaaee
/data3fast/users/mbermudez/de_03/TFGDataset/img/train_t2_0626.png|de   nennnn    iittt        dd reeeeeeeeee
/data3fast/users/mbermudez/de_03/TFGDataset/img/train_t2_1125_0.png|geeitttt   n  ssssseeeeeeeeeee  lle  nn   eeerrrrr
/data3fast/users/mbermudez/de_03/TFGDataset/img/train_t2_0655.png|wiessss  allchhhhee nnnn    eeee     a ssss
/data3fast/users/mbermudez/de_03/TFGDataset/img/train_t2_0076_1.png|der  eeeeeessssee uu eeetttttnnnneeeee dd
/data3fast/users/mbermudez/de_03/TFGDataset/img/train_t2_0446_2.png|der   ee      ss     i******** nnnnesseee    llliieer
/data3fast/users/mbermudez/de_03/TFGDataset/img/train_t2_0752_0.png|in deeeeeeelllie nn ssssseesssss  n eerrrruueeNN
/data3fast/users/mbermudez/de_03/TFGDataset/img/train_t2_1143_0.png|eeee    allle   ddii  iii   aaaaa  ittttntchts
/data3fast/users/mbermudez/de_03/TFGDataset/img/train_t2_1032.png|eeeee   nnn iiihhhhhhhhe dddde sssssee     eereee
/data3fast/users/mbermudez/de_03/TFGDataset/img/train_t2_1277_2.png|de   aaheeee  nnnd ssschhnneeeeeNN  deeech   deeesssl
/data3fast/users/mbermudez/de_03/TFGDataset/img/train_t2_0456_2.png|bee aaaallgeeN nnnd iii  i...lllliiine elllle
/data3fast/users/mbermudez/de_03/TFGDataset/img/train_t2_1100.png|ihhau   ereeeeeeeahlleeNN ee   lcccaaa dddeeittt
/data3fast/users/mbermudez/de_03/TFGDataset/img/train_t2_0807_1.png|beeaaa eeeennnnnneeeee    sssllss  nnnnnnn
/data3fast/users/mbermudez/de_03/TFGDataset/img/train_t2_1002_1.png|reeeeeeeeeNeeeeeeeeeehee errrreeeesstttttt nnnniii
/data3fast/users/mbermudez/de_03/TFGDataset/img/train_t2_0349_2.png|st   aaaaaaaassseeeee   ttttthhheeeeiiichhha
/data3fast/users/mbermudez/de_03/TFGDataset/img/train_t2_0428_1.png|nnn eeee t auuu   shheeeeeeddee     nnnnnnneee
/data3fast/users/mbermudez/de_03/TFGDataset/img/train_t2_1329.png|sshhtttttttttt e****** eeeeheN uu            ssseN
/data3fast/users/mbermudez/de_03/TFGDataset/img/train_t2_0514_0.png|dassss     eeeesshhh   eeeeee  eelleee        ceeeee nnnnnn n
/data3fast/users/mbermudez/de_03/TFGDataset/img/train_t2_0820.png|nnnnn   tttttnneeeeennnnieeeetcssssllssss  oooolllllll
/data3fast/users/mbermudez/de_03/TFGDataset/img/train_t2_0609.png|rrrrllltt   d desssseeeeeetttinn  ssssssseN
/data3fast/users/mbermudez/de_03/TFGDataset/img/train_t2_0648_1.png|aa  dddrrrrr  rrchhcchhsf  nnnnddeeeeee uuunn
/data3fast/users/mbermudez/de_03/TFGDataset/img/train_t2_0705.png|lllleeeN     rrr      dddsss    annnnaa
/data3fast/users/mbermudez/de_03/TFGDataset/img/train_t2_0198.png|di    nnnfnettttt   lllln eeeeeeeeee     chhheeNNuuu
/data3fast/users/mbermudez/de_03/TFGDataset/img/train_t2_0102.png|aanntteeeee nnnnneeetthtt   ddd rreeeeee    mrer
/data3fast/users/mbermudez/de_03/TFGDataset/img/train_t2_0913_2.png|aat    rreelle   hhhhe  ddeeiiteee   ersstttttt
/data3fast/users/mbermudez/de_03/TFGDataset/img/train_t2_1135_0.png|geeee          ttttteeeee     dd iiiee   essss
/data3fast/users/mbermudez/de_03/TFGDataset/img/train_t2_0070_1.png|des  ticchhaaaa iitt     osseeeeeihheen de
/data3fast/users/mbermudez/de_03/TFGDataset/img/train_t2_0746_1.png|geeeee fuuuueeeeeeeer aaaa iiilllss   hhh ddee
/data3fast/users/mbermudez/de_03/TFGDataset/img/train_t2_1380_0.png|inddeeeeesssetNNN********* t  sst    aa aaaasss ddeee
/data3fast/users/mbermudez/de_03/TFGDataset/img/train_t2_0428_0.png|nnn eee tthuuu   sschhheNeedddee      nnnneee
/data3fast/users/mbermudez/de_03/TFGDataset/img/train_t2_1486_2.png|miiieeeee  nnnnllllllss eeeee chheeee  drrrrr
/data3fast/users/mbermudez/de_03/TFGDataset/img/train_t2_0122_0.png|uu eeeeeee   eeeeeeeeeeesfffgeeeeeeeeiiin   dee
/data3fast/users/mbermudez/de_03/TFGDataset/img/train_t2_0516_2.png|wweereeeeheeeessss     aa  seeeee iiiielleeddee
/data3fast/users/mbermudez/de_03/TFGDataset/img/train_t2_0249.png|ueeeeeeelllleehhhi  ee   aa nn   eeeeeel       ree
/data3fast/users/mbermudez/de_03/TFGDataset/img/train_t2_1220_0.png|iiii     eeegeee  nnnna tttteee    ddds
/data3fast/users/mbermudez/de_03/TFGDataset/img/train_t2_0811_0.png|aassseeeeeeeeeeeeeichtt nillgeeeee   nnn aalhheeuuuu
/data3fast/users/mbermudez/de_03/TFGDataset/img/train_t2_0774_0.png|daeeeeeeNN uuueeeeeecchheN udddrreeeeeeeeeeeee
/data3fast/users/mbermudez/de_03/TFGDataset/img/train_t2_0436_2.png|d ssssseeeeeeeeeettehhhll  lleeiiitt  n eeeesseheee
/data3fast/users/mbermudez/de_03/TFGDataset/img/train_t2_0581_1.png|eeN       sss         rrtteeesst  cchhh ddeee
/data3fast/users/mbermudez/de_03/TFGDataset/img/train_t2_0390_0.png|bssseeeeeeeeeeeellleihhhhuu  sseeeeeee  n dderrrhee
/data3fast/users/mbermudez/de_03/TFGDataset/img/train_t2_0422_0.png|eesccchhha  ddeeeeeee e nnonnfggennnngeencchhh
/data3fast/users/mbermudez/de_03/TFGDataset/img/train_t2_0531_2.png|diessseee  fsssschhh    nnnnnnnndee    llleee
/data3fast/users/mbermudez/de_03/TFGDataset/img/train_t2_0885_0.png|unddrrrrehhhheN   dddeeeeereeellleell    ddee
/data3fast/users/mbermudez/de_03/TFGDataset/img/train_t2_0070_2.png|dess tttcchaah  iit     ssseeeeechitt eee
/data3fast/users/mbermudez/de_03/TFGDataset/img/train_t2_0491_2.png|aarrrereerrrheee  dddd aaaaseeeddee iitt .e
/data3fast/users/mbermudez/de_03/TFGDataset/img/train_t2_0272_1.png|mi    llee   dddde  cahhhaa       eeeeeerrri
/data3fast/users/mbermudez/de_03/TFGDataset/img/train_t2_1477_2.png|geeeeeNsste uuuuddddee  sssaaa  heeeee   niii   dd
/data3fast/users/mbermudez/de_03/TFGDataset/img/train_t2_0873.png|iiii    eeeeee    lsss ee e lleeiiiii      asschhhhhh
/data3fast/users/mbermudez/de_03/TFGDataset/img/train_t2_1174_1.png|ieer u  eeeett nnnuuueeeeell  ddd iiieeeeeeee*e**ee
/data3fast/users/mbermudez/de_03/TFGDataset/img/train_t2_1106_2.png|ollleii  er eee dd  aaa   eeee ******..   rricchhhh
/data3fast/users/mbermudez/de_03/TFGDataset/img/train_t2_1268_0.png|iii    aaaandee   a        eeeeeNuueee  nndd
/data3fast/users/mbermudez/de_03/TFGDataset/img/train_t2_1445_2.png|nees    e     innuuuuddeeerehheeeN   ddde
/data3fast/users/mbermudez/de_03/TFGDataset/img/train_t2_0350_1.png|ggehheeeN   aaaaah  edeeeesssssseee ssssste   nnneeennnnn
/data3fast/users/mbermudez/de_03/TFGDataset/img/train_t2_0391_2.png|woeee       de     d    ii eeeiiiiillheeeiitt   rrrrrr
/data3fast/users/mbermudez/de_03/TFGDataset/img/train_t2_0110_0.png|ooossssslllllihhheeeeiii   aaalleeeeiieleeeeennnn
/data3fast/users/mbermudez/de_03/TFGDataset/img/train_t2_0434_1.png|iiitt    nnnnleeseieeeeeeeeettstt  rreee ssshh
/data3fast/users/mbermudez/de_03/TFGDataset/img/train_t2_0218_1.png|aaneeeeeet  nn  assseee   n alllee   tt  nne
/data3fast/users/mbermudez/de_03/TFGDataset/img/train_t2_0947_0.png|mmhh  hhhhinnnddee uuuuueeee tttt   aaahh
/data3fast/users/mbermudez/de_03/TFGDataset/img/train_t2_0294_2.png|uuuuuuu    errrtt  ssaau eeeehheee nnnee tttt
/data3fast/users/mbermudez/de_03/TFGDataset/img/train_t2_1353_1.png|geennnnneess    ssse   eesseeee uuueeeeeeeeeeeeee
/data3fast/users/mbermudez/de_03/TFGDataset/img/train_t2_1337.png|u    eeeeuaasssseeedddeeeedddeee  hh  eeeN
/data3fast/users/mbermudez/de_03/TFGDataset/img/train_t2_0935_0.png|ttt     eeeehhttuuuudeeee tttttthhhnneeeee
/data3fast/users/mbermudez/de_03/TFGDataset/img/train_t2_1313_1.png|ass     aasssteee nn d  sseee  llllllliiiinneeeesss
/data3fast/users/mbermudez/de_03/TFGDataset/img/train_t2_0896_0.png|uu  eeeeelll aassss eeerrrrdddee  asseeee u
/data3fast/users/mbermudez/de_03/TFGDataset/img/train_t2_1316_1.png|vierrrttttt  
/data3fast/users/mbermudez/de_03/TFGDataset/img/train_t2_0306_0.png|iss       deeeerielhceeeeNN  eeee   udddeeesstttttt n
/data3fast/users/mbermudez/de_03/TFGDataset/img/train_t2_0529_1.png|lleeNNN    aa  dd ittttss   naallitteee tii
/data3fast/users/mbermudez/de_03/TFGDataset/img/train_t2_0438.png|fooeee  eeeeeeeee uuueeN uunn   ttttee
/data3fast/users/mbermudez/de_03/TFGDataset/img/train_t2_1275.png|beN aall    eeelleeeee  nnniiiiiii*      llsssss ddddd
/data3fast/users/mbermudez/de_03/TFGDataset/img/train_t2_0656_1.png|vooo   ts nneeeeeettee    lcchheee  rreeeeeeeeeeeee
/data3fast/users/mbermudez/de_03/TFGDataset/img/train_t2_1462_2.png|anneerrhhhh  eerrhhheNN dd  ahheeeeennnn ssss
/data3fast/users/mbermudez/de_03/TFGDataset/img/train_t2_0698_1.png|uu   eeennnnaachhheeeleeeehhheee   reeerrhree
/data3fast/users/mbermudez/de_03/TFGDataset/img/train_t2_0824_2.png|ud  sssstteeedeee  e  eeeeeenneglllchh  aaaahhleeeeeeeer
/data3fast/users/mbermudez/de_03/TFGDataset/img/train_t2_0336_0.png|chee   e    ttteee   aaafgeeeeerrrii   tt
/data3fast/users/mbermudez/de_03/TFGDataset/img/train_t2_1469.png|hrreeeeeee   .   dddd                            lllll
/data3fast/users/mbermudez/de_03/TFGDataset/img/train_t2_1420_2.png|tte    eeeeschhh   niiiinlaaassss     reen  aaaee
/data3fast/users/mbermudez/de_03/TFGDataset/img/train_t2_0157_1.png|ooonn  eeeeerreeeddesssheeeennnnnnna  deee
/data3fast/users/mbermudez/de_03/TFGDataset/img/train_t2_0215_0.png|hhrrr   aa   eeeessssseNeu     nnnn    hh eiiiiierr
/data3fast/users/mbermudez/de_03/TFGDataset/img/train_t2_1431_2.png|dee  chhNNN nddennnnneerttteeee ssssssee
/data3fast/users/mbermudez/de_03/TFGDataset/img/train_t2_1088_0.png|uuu eeeeeessssggggnneneer  cchuu   e    tt   ar
/data3fast/users/mbermudez/de_03/TFGDataset/img/train_t2_0239_1.png|u   llsssseeeeee    ..
/data3fast/users/mbermudez/de_03/TFGDataset/img/train_t2_0498_0.png|ee   aa   deeeeel   eeeeeelliistttt      t   aa
/data3fast/users/mbermudez/de_03/TFGDataset/img/train_t2_1019_1.png|geeheeer    ertttttt  dddreeellleeeN
/data3fast/users/mbermudez/de_03/TFGDataset/img/train_t2_0870_2.png|asss   eeeererehhhh   ddaauu aaaaaggeeeeeNNs
/data3fast/users/mbermudez/de_03/TFGDataset/img/train_t2_0626_1.png|dee  nneennn  deeettt         d eeeeeeeeee
/data3fast/users/mbermudez/de_03/TFGDataset/img/train_t2_1482_1.png|ooo    eeed dndddeelllheerr   aana  llllll
/data3fast/users/mbermudez/de_03/TFGDataset/img/train_t2_0111_0.png|fgeeeeees tlllllliiichhhhieeeeeeeslll nnnnn  lllls
/data3fast/users/mbermudez/de_03/TFGDataset/img/train_t2_0971_2.png|lllh     elllllaaaahhttitinnn aalleeeeeieiiiiinnn
/data3fast/users/mbermudez/de_03/TFGDataset/img/train_t2_0023.png|gerrrthhhteeeeee eeeeliinnennnnnnndd   eee eeeeeeeee
/data3fast/users/mbermudez/de_03/TFGDataset/img/train_t2_0141_2.png|weerrreeeen nnn rrueeeessssseeettttssshtttt n
/data3fast/users/mbermudez/de_03/TFGDataset/img/train_t2_0151_1.png|shhe   aahhee  dd  rrriiiiiinnnnndd ssssseeeee
/data3fast/users/mbermudez/de_03/TFGDataset/img/train_t2_1331_2.png|mi    sssssshhhee nneeeeeeeee    eeessschhhuuu eeetnnn
/data3fast/users/mbermudez/de_03/TFGDataset/img/train_t2_0947.png|maaaa hheennnndde aau  eeeettttt u daaaat
/data3fast/users/mbermudez/de_03/TFGDataset/img/train_t2_1346_1.png|asseNN     uuu eeeeeeeeeeettt    s  ee  rr aaa
/data3fast/users/mbermudez/de_03/TFGDataset/img/train_t2_0999_1.png|errtllhllllleee   ddrr   uggggssseeeeee******iii
/data3fast/users/mbermudez/de_03/TFGDataset/img/train_t2_0328_0.png|dettttttttt  
/data3fast/users/mbermudez/de_03/TFGDataset/img/train_t2_1043_0.png|ooeeee   ah    de   eeeeeesss   ddd  sseeeels    neeee
/data3fast/users/mbermudez/de_03/TFGDataset/img/train_t2_0661_0.png|inniieeer   nnneessssee ee      .
/data3fast/users/mbermudez/de_03/TFGDataset/img/train_t2_0114_2.png|diieeeehhhhhhuuunndeeereennnggeehhh    reee all
/data3fast/users/mbermudez/de_03/TFGDataset/img/train_t2_1166_2.png|dee   eeeeee e   sh    deessseeeeee   ss  eeee  iihhllsss  
/data3fast/users/mbermudez/de_03/TFGDataset/img/train_t2_1342_1.png|aanneeeehh  u nddnen   deee illll ddd eeeeee aauu
/data3fast/users/mbermudez/de_03/TFGDataset/img/train_t2_0606_0.png|weeeeees   rrrr  nnneeee  uuu hhheeeeeeeeeiiiiii
/data3fast/users/mbermudez/de_03/TFGDataset/img/train_t2_0564_0.png|wwo     nn  aaassst      tt ddriiittt.
/data3fast/users/mbermudez/de_03/TFGDataset/img/train_t2_0931_1.png|trreeeeee u nnnn  iii eeeeesssoeiiit    eeeeeeiii
/data3fast/users/mbermudez/de_03/TFGDataset/img/train_t2_0256_1.png|ttt  nnnn eeieeeeeeeeNellssss    nnneeeentt
/data3fast/users/mbermudez/de_03/TFGDataset/img/train_t2_1305.png|rrrlllhheee    ccch   d sssss    a   eeeee      sseeeennn
/data3fast/users/mbermudez/de_03/TFGDataset/img/train_t2_0994_2.png|detttt    d    sss    ee    n  rrschhheeeeNnnn
/data3fast/users/mbermudez/de_03/TFGDataset/img/train_t2_0090.png|deeelllheee nnneeeeee ii  aaaah  ee
/data3fast/users/mbermudez/de_03/TFGDataset/img/train_t2_0874_0.png|ooeee    cchs  eee  hi     hhheee  uhhheeeNNNsssN nd
/data3fast/users/mbermudez/de_03/TFGDataset/img/train_t2_0147.png|thteee ss auudddeeeeeesschhh nnnnnd    heeee
/data3fast/users/mbermudez/de_03/TFGDataset/img/train_t2_0143_0.png|uu eeeesssseN
/data3fast/users/mbermudez/de_03/TFGDataset/img/train_t2_0074.png|tt     eeeehhhh ddeeeN aaa  eeee nnnnn it
/data3fast/users/mbermudez/de_03/TFGDataset/img/train_t2_0922_0.png|chheeeeeeessss    nnaann  sllchhti  lllllllsss
/data3fast/users/mbermudez/de_03/TFGDataset/img/train_t2_0421_1.png|gleeeeeeee    aacchh   n iittsss   eellleeeee
/data3fast/users/mbermudez/de_03/TFGDataset/img/train_t2_1216_0.png|nne eeeeeeeerrreeeeeN  sa  ddddeeeerruuuuutss
/data3fast/users/mbermudez/de_03/TFGDataset/img/train_t2_0079_0.png|mi  eeeeeeeehNN  sss dnn  ii  d  ellhhhNNNN dddee
/data3fast/users/mbermudez/de_03/TFGDataset/img/train_t2_0183_0.png|ooeeeeeee   rr   eedd  asseeeehhuueeeehhhhha
/data3fast/users/mbermudez/de_03/TFGDataset/img/train_t2_0084_1.png|nnnnn  ssss  **ttttsss ssshhheeett  eeree  seeee  ttteeeeeee
/data3fast/users/mbermudez/de_03/TFGDataset/img/train_t2_1016.png|net       illihheeennnnn  eeeieee    n seeeessuuuNNNN
/data3fast/users/mbermudez/de_03/TFGDataset/img/train_t2_0286_1.png|# 
/data3fast/users/mbermudez/de_03/TFGDataset/img/train_t2_1345_0.png|geee    dddrrr cccchennnnn taa    il
/data3fast/users/mbermudez/de_03/TFGDataset/img/train_t2_1377.png|wwlllaa  eee aaauu ddd sshhee   iiiiee
/data3fast/users/mbermudez/de_03/TFGDataset/img/train_t2_0149_1.png|geeeee    rrrrrtttt    d eeee******** nn
/data3fast/users/mbermudez/de_03/TFGDataset/img/train_t2_0668_0.png|eennnnneeeeee aanauueeeeelleeeeee   rrrthhhhhhh
/data3fast/users/mbermudez/de_03/TFGDataset/img/train_t2_1187.png|aannn   eeeeesesoo  aaaaaggeeeeehh     dd   ttcchh 
/data3fast/users/mbermudez/de_03/TFGDataset/img/train_t2_1208.png|dass  eeeeee  nnaaaheeeeee   rrrriiiinnnn
/data3fast/users/mbermudez/de_03/TFGDataset/img/train_t2_0982.png|dieeeeeeee uuu aschheehhh   eessNNNNN   lllllllllihhhh
/data3fast/users/mbermudez/de_03/TFGDataset/img/train_t2_1383_1.png|sseeeehhhheNNN sssstt    reereeheeeee eeeerttttte
/data3fast/users/mbermudez/de_03/TFGDataset/img/train_t2_0723.png|geee    aaaalllihe  ei aaa dn dd  eettte
/data3fast/users/mbermudez/de_03/TFGDataset/img/train_t2_0511_2.png|voeelll nneeeenennnuu   stttt  sss rrreeeee e
/data3fast/users/mbermudez/de_03/TFGDataset/img/train_t2_0798_1.png|eeeeeeeaaassee  ssssseeeeeeeedddee
/data3fast/users/mbermudez/de_03/TFGDataset/img/train_t2_0232_1.png|wieee  aa   eeessssse  nndeeerrrhrreeeeneeeeeen
/data3fast/users/mbermudez/de_03/TFGDataset/img/train_t2_0535_1.png|meeee   iiii . lllllii dddee aaalleeeeN ddd
/data3fast/users/mbermudez/de_03/TFGDataset/img/train_t2_1153_0.png|uuddeeeeelleeeNN
/data3fast/users/mbermudez/de_03/TFGDataset/img/train_t2_1118_2.png|derssccuuuuuuuurehheeeN   nnnnnn       a   ddeee
/data3fast/users/mbermudez/de_03/TFGDataset/img/train_t2_0841_0.png|seeeeeeittssceeN  nnnaa eee      a  eNeeeeeee****
/data3fast/users/mbermudez/de_03/TFGDataset/img/train_t2_0360.png|aass aaaauaaa sllhhhh  ssseeeeeehhhee    saaa  i
/data3fast/users/mbermudez/de_03/TFGDataset/img/train_t2_1137_0.png|wii  sssssrreeeeeee    sssseee   a    eeeeeeeeggnn
/data3fast/users/mbermudez/de_03/TFGDataset/img/train_t2_0751.png|eeee  eeee      ccheeeeuu eee  hhh  eeeiieeee
/data3fast/users/mbermudez/de_03/TFGDataset/img/train_t2_1371_0.png|da  echhheettt dd   aa  a ss ee  nnn  ssseeeee nnnnnnnn
/data3fast/users/mbermudez/de_03/TFGDataset/img/train_t2_0033_0.png|tiiieiiitee sss      ccchhheee  ssssrer  lleeeeeN
/data3fast/users/mbermudez/de_03/TFGDataset/img/train_t2_1035_1.png|llhhhhhaa hhhhennnnnddeeerrrreeeegeeeeett nnnnnn
/data3fast/users/mbermudez/de_03/TFGDataset/img/train_t2_0282.png|weeeee  rrrrrred   * ssssseeeet     eeeeeNNsah
/data3fast/users/mbermudez/de_03/TFGDataset/img/train_t2_0519_0.png|beee        s  eee ** ooo  llheee  nnnnn ssstt
/data3fast/users/mbermudez/de_03/TFGDataset/img/train_t2_1469_2.png|rrrrreeeeeN  .   ddddd        aa                ..ll
/data3fast/users/mbermudez/de_03/TFGDataset/img/train_t2_0890_0.png|eeeeeeeeeedddd   llccchslllsseeeelllsll  eee    lll
/data3fast/users/mbermudez/de_03/TFGDataset/img/train_t2_1403_1.png|iieee tttttttt  nnniii dddrrriiiieeeeeeennnn ccch
/data3fast/users/mbermudez/de_03/TFGDataset/img/train_t2_1499.png|eeN    aalaaaa  ddeeeeeettt  sssee  hhhhhttt  eeellll
/data3fast/users/mbermudez/de_03/TFGDataset/img/train_t2_0699.png|shheeNeeeeeeeeeeeeee  achh eee hhllgeeeeets  ssaaaa
/data3fast/users/mbermudez/de_03/TFGDataset/img/train_t2_0622_1.png|geeNNNNNN    aadd  ellliiiinnnnnn aa  e  rrrccctt
/data3fast/users/mbermudez/de_03/TFGDataset/img/train_t2_0822_0.png|uun ee  uuuuuffuuunggggnggnnnnnaaachhh
/data3fast/users/mbermudez/de_03/TFGDataset/img/train_t2_1087_0.png|eesssssss ueeeee nniieett   dddd auuaau deee
/data3fast/users/mbermudez/de_03/TFGDataset/img/train_t2_0377_0.png|dassstttttt sssssaaann iiiiieeeesssshhhh ererr
/data3fast/users/mbermudez/de_03/TFGDataset/img/train_t2_0361.png|#  e
/data3fast/users/mbermudez/de_03/TFGDataset/img/train_t2_0780_1.png|vondddeeeeeeeeeee  ..
/data3fast/users/mbermudez/de_03/TFGDataset/img/train_t2_0871_0.png|geeeeeeeee   dd  lll   dd d   s ee  aau eeeeilll
/data3fast/users/mbermudez/de_03/TFGDataset/img/train_t2_0734_0.png|rrrrreeeseeeeeee   n d eei*tt        iiiiiieeeeeeee*****
/data3fast/users/mbermudez/de_03/TFGDataset/img/train_t2_1127_2.png|de   eeeeeeegge  e  eeeeerr aaahhheeeellee
/data3fast/users/mbermudez/de_03/TFGDataset/img/train_t2_0828_0.png|nnnddd     aallleddrrrrrer  s   geeeeeehaass
/data3fast/users/mbermudez/de_03/TFGDataset/img/train_t2_0008_1.png|odedeeennnnnnnnttteeNNd   *i*  tsssseeeeN   d
/data3fast/users/mbermudez/de_03/TFGDataset/img/train_t2_0002_2.png|miriitttehlleeee   aaaufssssttttiii e
/data3fast/users/mbermudez/de_03/TFGDataset/img/train_t2_1368_1.png|geeeeeeeehii      eeeeeeeeette    deriii   nnnn
/data3fast/users/mbermudez/de_03/TFGDataset/img/train_t2_0214_2.png|aannneeerrrr      eeddeeee   seeeettrseeeee  sss  ee
/data3fast/users/mbermudez/de_03/TFGDataset/img/train_t2_0074_0.png|tt    eeeeaahhh eeeee  aaahheeee  nnn ett
/data3fast/users/mbermudez/de_03/TFGDataset/img/train_t2_1047.png|seNN aaauuuuussssel    deeeeeeeeeeedddrrrrre
/data3fast/users/mbermudez/de_03/TFGDataset/img/train_t2_0084.png|weenn   sssttti      sssscchee     eee  sssee    ttiieeeeee
/data3fast/users/mbermudez/de_03/TFGDataset/img/train_t2_0914_1.png|asssse     eeeeetttttsseeeeee    deeeeeeerrrrrrr
/data3fast/users/mbermudez/de_03/TFGDataset/img/train_t2_0782_0.png|iinn gseccceeeeNN  eeeeeeee   aaa eeeeeeeeel
/data3fast/users/mbermudez/de_03/TFGDataset/img/train_t2_0455_0.png|uuddd rrhhheeeeeelchhhhhhh errr ccccchhht
/data3fast/users/mbermudez/de_03/TFGDataset/img/train_t2_0299.png|rrr a     eeeeeeeeeeeeiiitteee sssNN nnnn  eenn
/data3fast/users/mbermudez/de_03/TFGDataset/img/train_t2_0292.png|aahh      nnnniiiee  uuu eeeeiilihhee ssselee
/data3fast/users/mbermudez/de_03/TFGDataset/img/train_t2_1334_2.png|oodd eeennneeeechh   dd    ttt   uueeeeeee
/data3fast/users/mbermudez/de_03/TFGDataset/img/train_t2_0304_2.png|rr          aalleee  aeeeeeestt     llll  nnn
/data3fast/users/mbermudez/de_03/TFGDataset/img/train_t2_0219_0.png|diee     nnnneeee r cchhheeN        d      ii
/data3fast/users/mbermudez/de_03/TFGDataset/img/train_t2_0243_1.png|wachheeeeeeNuuuuahhheeNNl hhhee eeseeh  uu  eeeee
/data3fast/users/mbermudez/de_03/TFGDataset/img/train_t2_0344_0.png|ineeeee auu ddssshhee    ee nn   elleheeedd  aa
/data3fast/users/mbermudez/de_03/TFGDataset/img/train_t2_0091.png|undd  aaaaaa flleeee      ssss iee eeeiinn
/data3fast/users/mbermudez/de_03/TFGDataset/img/train_t2_0335_1.png|dsssss nnnooot    eerreeerr annnnnnnnccchheeNd
/data3fast/users/mbermudez/de_03/TFGDataset/img/train_t2_0023_1.png|eeerrhhhheteeeeeee lllllinneeennnnnn    eeeeeeeeeeeee
/data3fast/users/mbermudez/de_03/TFGDataset/img/train_t2_1364_0.png|sstteeeeeeeeeeehhhhhhhe    aannnnchieee sss  eeeeees
/data3fast/users/mbermudez/de_03/TFGDataset/img/train_t2_0562_2.png|iinneeeeeeNN....
/data3fast/users/mbermudez/de_03/TFGDataset/img/train_t2_1393_0.png|uneeennneeNNN
/data3fast/users/mbermudez/de_03/TFGDataset/img/train_t2_0002_1.png|miii ttteeeleeee d aauuu  ssstetiihi
/data3fast/users/mbermudez/de_03/TFGDataset/img/train_t2_1070_2.png|wwll      ertthhhuuuuddd ettt   ddeeeee
/data3fast/users/mbermudez/de_03/TFGDataset/img/train_t2_0314.png|ttt        dder t ttssstteeeeNsssee  uaaau
/data3fast/users/mbermudez/de_03/TFGDataset/img/train_t2_1170_1.png|onn eeeessstt   dderichnnnnnn iiiieee elll
/data3fast/users/mbermudez/de_03/TFGDataset/img/train_t2_0500_1.png|geeeeeeeeerrrhhhhh nnneeee n   aasseeeeee
/data3fast/users/mbermudez/de_03/TFGDataset/img/train_t2_0724_2.png|gee   aaaass  eeeeeeeer   aaeess t hnnnnn eeetttte
/data3fast/users/mbermudez/de_03/TFGDataset/img/train_t2_0414_2.png|geee    nnn   eeeelhhchhhtt    nnnnnnn     uuu   eeeeee
/data3fast/users/mbermudez/de_03/TFGDataset/img/train_t2_0575_2.png|z  eeelhhhee dd aachheedddeeeeellleeeeeeeiittnnn
/data3fast/users/mbermudez/de_03/TFGDataset/img/train_t2_0752_1.png|in eeeeeeellleennne ssssssssessonnn rrrrrrhue
/data3fast/users/mbermudez/de_03/TFGDataset/img/train_t2_1345.png|gee       ederrttccchh nnnn  a  lleeee
/data3fast/users/mbermudez/de_03/TFGDataset/img/train_t2_0293_1.png|dee  eeeeeeeeeeeeerr      aauuanheeeehhhhheeeeeeeee
/data3fast/users/mbermudez/de_03/TFGDataset/img/train_t2_0694_0.png|eeetttttt    nnnheee         derrreeeeeee
/data3fast/users/mbermudez/de_03/TFGDataset/img/train_t2_0531_1.png|diesseeee  sssschhh   nnnnnnn eee  naa lleeee
/data3fast/users/mbermudez/de_03/TFGDataset/img/train_t2_0893_0.png|ttt  sssshhhhh   dddrree ahhhhheesssss   eeeeeiihhhh
/data3fast/users/mbermudez/de_03/TFGDataset/img/train_t2_0053_2.png|assss      asssssssshh ee      ee**eeerttttssss
/data3fast/users/mbermudez/de_03/TFGDataset/img/train_t2_0064_2.png|bb     iiieee ttssha     lllihhttttttttteeeee******
/data3fast/users/mbermudez/de_03/TFGDataset/img/train_t2_1464.png|neee  s     nnnnn   dddd eeeee  deellcchtee  uuah
/data3fast/users/mbermudez/de_03/TFGDataset/img/train_t2_0715_1.png|mit    ahhnnnnnnnneeeerrrrr  ud   irrehhhhh
/data3fast/users/mbermudez/de_03/TFGDataset/img/train_t2_1286_0.png|auu  e  ssssttnnnndessttteeesslhh  deeeeeee
/data3fast/users/mbermudez/de_03/TFGDataset/img/train_t2_0122_1.png|uu eeeeeeeedee****eeeeeeeggsegggeeeeeeee     e
/data3fast/users/mbermudez/de_03/TFGDataset/img/train_t2_0454_1.png|shee     nneeeeeeeeeee      aals dddeed   ii
/data3fast/users/mbermudez/de_03/TFGDataset/img/train_t2_1401_0.png|iid eerssttthhhhhNN  dddeeeerrrr    uuueetuuu
/data3fast/users/mbermudez/de_03/TFGDataset/img/train_t2_1114.png|niihhllll   dddeeeeeeeeeeeeee        nnneeeeeeeei haaaa
/data3fast/users/mbermudez/de_03/TFGDataset/img/train_t2_1376_2.png|aan ieeee   nnaaahheeeeeeeeeeee      n  ee
/data3fast/users/mbermudez/de_03/TFGDataset/img/train_t2_0760_1.png|uu eerr  aaahhhhi  aalllleeilleeeeeN
/data3fast/users/mbermudez/de_03/TFGDataset/img/train_t2_1157_0.png|drrtttt   nnnf eee  ahhiineeeesscchnngeeeeeeeeeeeeehhh
/data3fast/users/mbermudez/de_03/TFGDataset/img/train_t2_1081_1.png|geennnnne  sssseeeee   s  ee    lleeeN   aaaa  eeeellll
/data3fast/users/mbermudez/de_03/TFGDataset/img/train_t2_0283_1.png|weeeeee  lsleeeeeeeeee hhlleeee  d aaa   eeee
/data3fast/users/mbermudez/de_03/TFGDataset/img/train_t2_1353.png|geennnnneessss  ssss e esseeee     r eeeeeeee ed
/data3fast/users/mbermudez/de_03/TFGDataset/img/train_t2_0878_1.png|verraaaaahheeee lllle nnnnctii  aaasssstttttt
/data3fast/users/mbermudez/de_03/TFGDataset/img/train_t2_0166_2.png|ee  lllleeeeeeeN  auuu    uueeeeeee   eeee     aaaa
/data3fast/users/mbermudez/de_03/TFGDataset/img/train_t2_0243.png|wachheeeeeeuuuuachhheeNNe hhhee tteeeee  uu  eeee
/data3fast/users/mbermudez/de_03/TFGDataset/img/train_t2_1252_1.png|der llliieen  eeeehttt  hhhttt  d eeeeeeiiiinnnee
/data3fast/users/mbermudez/de_03/TFGDataset/img/train_t2_1285_1.png|ddd   eeeeeeee    a eeNeee***e eeelllllleee      ***eeenneeee
/data3fast/users/mbermudez/de_03/TFGDataset/img/train_t2_0378_1.png|tt    ddeeeellllihhh   ddd e  aaasheeeiilliieeeeeee
/data3fast/users/mbermudez/de_03/TFGDataset/img/train_t2_1330_1.png|iinnnn nnnnttt   nn aaa   rhhhhh    dd ssssttttt
/data3fast/users/mbermudez/de_03/TFGDataset/img/train_t2_1257_1.png|dertti i  n eeerreettt   ddeeeehheee    nnnn
/data3fast/users/mbermudez/de_03/TFGDataset/img/train_t2_1094_0.png|"    ssssshh  nd  acchheee dd r cch   eeeeenneeeee
/data3fast/users/mbermudez/de_03/TFGDataset/img/train_t2_1351_2.png|nnnneeeheeeein eesssseeeeNN
/data3fast/users/mbermudez/de_03/TFGDataset/img/train_t2_1262_1.png|sshhe    hheeee  lllh     eeeeeeeercchhtteee
/data3fast/users/mbermudez/de_03/TFGDataset/img/train_t2_1140_1.png|wweeee     nnnnnnneeiih nnnn  ihttttee
/data3fast/users/mbermudez/de_03/TFGDataset/img/train_t2_0612_2.png|aahh e   aaallleeed  iittttt  nd  iitt** ....e
/data3fast/users/mbermudez/de_03/TFGDataset/img/train_t2_0976.png|sssssaaaaassss  lllhhhhh   niiii    deesssssseedn
/data3fast/users/mbermudez/de_03/TFGDataset/img/train_t2_0696_0.png|oonneeeeeeeeeeeNNeeennnnnnnnn aaasseee eeeeeeeeht
/data3fast/users/mbermudez/de_03/TFGDataset/img/train_t2_1118_1.png|drrscchuuuuuuuuurhhhee      nnn n     lll  ddeeeee
/data3fast/users/mbermudez/de_03/TFGDataset/img/train_t2_1366_0.png|beeeeiiinnn eehhhee ttss ddd reiiii   rr aanngeeeee
/data3fast/users/mbermudez/de_03/TFGDataset/img/train_t2_0751_1.png|eeeee  errsss  nnnehhhe    eeee hhh iiiiihhhees
/data3fast/users/mbermudez/de_03/TFGDataset/img/train_t2_1065_2.png|lll    ddndeeeeeeeeehhaahssss     eeeeeeee**nnnn  
/data3fast/users/mbermudez/de_03/TFGDataset/img/train_t2_1274_0.png|alleeeee  ss  eeeesssss uuuueeeee  eeeeee
/data3fast/users/mbermudez/de_03/TFGDataset/img/train_t2_0441.png|tt ggggeeNNNdd   ii    aaass   itttt   dde
/data3fast/users/mbermudez/de_03/TFGDataset/img/train_t2_1324_0.png|chhsssssseedeeeriiiit     dddd  lllhheeii   a dddde
/data3fast/users/mbermudez/de_03/TFGDataset/img/train_t2_0677_0.png|alll  ee   teeeeeeess    llieeessth e
/data3fast/users/mbermudez/de_03/TFGDataset/img/train_t2_0669_2.png|dieeee     eeeeeeettt eeee uu  alllssstttttt
/data3fast/users/mbermudez/de_03/TFGDataset/img/train_t2_0379_2.png|dii  eeeeeeeddrr ahhhh   d     iihh
/data3fast/users/mbermudez/de_03/TFGDataset/img/train_t2_0740_0.png|dee    e* ** *      sstttthhteeeeee  e     cc t  ssssse  ee   an
/data3fast/users/mbermudez/de_03/TFGDataset/img/train_t2_1169_1.png|drrrrtiii        nnita     eeeee    llaaaasss nee
/data3fast/users/mbermudez/de_03/TFGDataset/img/train_t2_0856_2.png|irrrgggeeeeeerrnrnrrii eeee deessseeeeeeeeeeeeeeeeNN
/data3fast/users/mbermudez/de_03/TFGDataset/img/train_t2_0020_2.png|aannn iitccchleeeeee ffttteeeeee    dddeereh
/data3fast/users/mbermudez/de_03/TFGDataset/img/train_t2_0103_0.png|#  e
/data3fast/users/mbermudez/de_03/TFGDataset/img/train_t2_1176_2.png|iineeeeeeNeeeeeeee   aaahhh nnnlllcchh eeeeessssssss
/data3fast/users/mbermudez/de_03/TFGDataset/img/train_t2_0315_0.png|un  eeeeeeiiieinnnnddeerrrr   nnnnnaeeeeerrr
/data3fast/users/mbermudez/de_03/TFGDataset/img/train_t2_0013_0.png|un  eee   ddd rrctheeeeeNNN 
/data3fast/users/mbermudez/de_03/TFGDataset/img/train_t2_0888_1.png|wieeerdrr  allleennnddddd sssllllenn iisss auaaa
/data3fast/users/mbermudez/de_03/TFGDataset/img/train_t2_1006.png|derrrrhhhennnnenccca  deeelleess     dd      e
/data3fast/users/mbermudez/de_03/TFGDataset/img/train_t2_1340_0.png|eeettttttttt 
/data3fast/users/mbermudez/de_03/TFGDataset/img/train_t2_1493.png|ggeee eNNNNNN ..
/data3fast/users/mbermudez/de_03/TFGDataset/img/train_t2_0565.png|fueeeees  aaadd s   iii cchhhutsee    eesshhhh
/data3fast/users/mbermudez/de_03/TFGDataset/img/train_t2_0512.png|aaelllllhii d dd eeNNN  dddd eeeen    eeelieeeeeeee
/data3fast/users/mbermudez/de_03/TFGDataset/img/train_t2_0782_1.png|innneeeeechhhNNNNN*eeeeeeei   aa   eeeeeeetts
/data3fast/users/mbermudez/de_03/TFGDataset/img/train_t2_1078_2.png|leetttt  
/data3fast/users/mbermudez/de_03/TFGDataset/img/train_t2_1269_2.png|iiiiiiitttsslllll  nneeeeeeslssss     ettthettttthhh
/data3fast/users/mbermudez/de_03/TFGDataset/img/train_t2_1136_2.png|geeeereennuuu  dd sss      naaa cheeeeeeesttttt
/data3fast/users/mbermudez/de_03/TFGDataset/img/train_t2_0715.png|mi  aaannnhnnnnneeeeerrrrrr u  n   iteehhhenn
/data3fast/users/mbermudez/de_03/TFGDataset/img/train_t2_1148_0.png|tt dddddeeeeeeeesssses  llll      eeeee
/data3fast/users/mbermudez/de_03/TFGDataset/img/train_t2_1312_0.png|eesscchhh  eeeeeeeeeeeeei         eeeeee
/data3fast/users/mbermudez/de_03/TFGDataset/img/train_t2_1443_0.png|aaahheeee  aaas   neee nnee******ee*neee   ollll  eeeee
/data3fast/users/mbermudez/de_03/TFGDataset/img/train_t2_1143_2.png|eest    aeeee   d diiiii .   aaaa    ttttttttt
/data3fast/users/mbermudez/de_03/TFGDataset/img/train_t2_1285_2.png|dd    eeeeeee   aheeNNNNee ee   eelllhhhee    ****eeeeeeennn
/data3fast/users/mbermudez/de_03/TFGDataset/img/train_t2_0433.png|geeeeeeeeerrrrr  uuuhhhhhhe nn   cchhhe   dd
/data3fast/users/mbermudez/de_03/TFGDataset/img/train_t2_0468.png|aau   eeeeeeee  errrseeeeuu  eeetttttteeeeee  aa
/data3fast/users/mbermudez/de_03/TFGDataset/img/train_t2_0164_1.png|wweeeerr aashtttttt
/data3fast/users/mbermudez/de_03/TFGDataset/img/train_t2_1268_2.png|wirr  aaaaa  ee     dd  a seeeNNuuuueNNuddnn
/data3fast/users/mbermudez/de_03/TFGDataset/img/train_t2_0295_0.png|geeeiiitt    eennnnneeee     eeeeeee uauu
/data3fast/users/mbermudez/de_03/TFGDataset/img/train_t2_0222_1.png|ttt***ss     esss    ddeess  nnnnnneeeessssee** *   t  dd
/data3fast/users/mbermudez/de_03/TFGDataset/img/train_t2_1054_0.png|wwlllee aahhhht  ddddrrrrenn ssssss   eeeee
/data3fast/users/mbermudez/de_03/TFGDataset/img/train_t2_0369_1.png|iieeeehhhhhh   ddeeeeeeNN   eeeeeeeeeetttt  aaaaa
/data3fast/users/mbermudez/de_03/TFGDataset/img/train_t2_0831_2.png|nesssssttttthhheeeeee   s  annnnnsssee    aa eeeee
/data3fast/users/mbermudez/de_03/TFGDataset/img/train_t2_1473_2.png|wwieeeeeeeeeeerr  aalllle  ddd  cchee nnnnnn
/data3fast/users/mbermudez/de_03/TFGDataset/img/train_t2_0642.png|dieeeeeiiinn desssssthhessseeeeeeiieeentt    sss
/data3fast/users/mbermudez/de_03/TFGDataset/img/train_t2_0837_0.png|dieeeeeeeeeeeesse   nnneennn       eeeeeinn
/data3fast/users/mbermudez/de_03/TFGDataset/img/train_t2_1156.png|seeNNNNeeeeheee  uuuueeeeeed e       tttstt   ddde
/data3fast/users/mbermudez/de_03/TFGDataset/img/train_t2_0453_2.png|unnd aannnnndeeeitt   deerrttttt   
/data3fast/users/mbermudez/de_03/TFGDataset/img/train_t2_1103_1.png|geeeneneeeeeeee uuhhhuu deeeeiichh  deellaaaa
/data3fast/users/mbermudez/de_03/TFGDataset/img/train_t2_1361_2.png|uu  ddeeeeeeeeerriinnneeeniccht uu ddeeeshhlll
/data3fast/users/mbermudez/de_03/TFGDataset/img/train_t2_1359_1.png|deeeeeeessssss ee  eelleei     iiiis     nnnnn ddd
/data3fast/users/mbermudez/de_03/TFGDataset/img/train_t2_0106_2.png|"s      cchh eeeeN       eeeeehhh
/data3fast/users/mbermudez/de_03/TFGDataset/img/train_t2_0904_2.png|ee aalllleiinnneeelllee  nnn ee  nn  eeeeeee
/data3fast/users/mbermudez/de_03/TFGDataset/img/train_t2_0909_1.png|ttnnneeennnniii     ddrerrrrrrreessseeee huhhhhhhh
/data3fast/users/mbermudez/de_03/TFGDataset/img/train_t2_0478.png|geehheeeeee  nnnn  ggelllhhhiii  d   iiiheNNN ssssss
/data3fast/users/mbermudez/de_03/TFGDataset/img/train_t2_1153_2.png|uuddeeeeeleleeNN
/data3fast/users/mbermudez/de_03/TFGDataset/img/train_t2_0424_1.png|ieeNN   nnnneeee     rchhe dd rr  uuu stttttttt
/data3fast/users/mbermudez/de_03/TFGDataset/img/train_t2_1307.png|hheeeeeeeee   ddddd errggggggnn   s ureeeeert
/data3fast/users/mbermudez/de_03/TFGDataset/img/train_t2_1151_1.png|eeNN
/data3fast/users/mbermudez/de_03/TFGDataset/img/train_t2_0052_2.png|diiiiii**   nnnn occchssese    ssss    eeelleeeeee nndd
/data3fast/users/mbermudez/de_03/TFGDataset/img/train_t2_0354.png|wchhh    eeeesttt   dd eeeeeeeeehheeettiieeee naaaaa
/data3fast/users/mbermudez/de_03/TFGDataset/img/train_t2_0425_1.png|tt     ssshheeessss iiieeneeeesssssseeeeetttt
/data3fast/users/mbermudez/de_03/TFGDataset/img/train_t2_0071_2.png|aaeer sssreeee  a    eeeseerrrrcclllle       dder
/data3fast/users/mbermudez/de_03/TFGDataset/img/train_t2_1463_0.png|inn  eeeeenntch  dddrr     iieeee       elleeeeeee
/data3fast/users/mbermudez/de_03/TFGDataset/img/train_t2_0473_1.png|geeenttt ss e
/data3fast/users/mbermudez/de_03/TFGDataset/img/train_t2_0467_0.png|uu  etttttttiee    ssseeee  aaa  ss   itsttt   dddeee
/data3fast/users/mbermudez/de_03/TFGDataset/img/train_t2_1232_1.png|geeeeeeeeeeeeeeee  tssshhhsseeeeeeet  etttnn   ssss
/data3fast/users/mbermudez/de_03/TFGDataset/img/train_t2_1113_1.png|eelllliiiinnnnnnneeeeee  eeeeeetttt     ssssss
/data3fast/users/mbermudez/de_03/TFGDataset/img/train_t2_1479_0.png|wee     ennnneeeer dddr sssoggnnnnnneeeee
/data3fast/users/mbermudez/de_03/TFGDataset/img/train_t2_0731_1.png|ooo     rrrrirrrrrrrrreeeeeeNNeeeeeeeeststttttsssee
/data3fast/users/mbermudez/de_03/TFGDataset/img/train_t2_1415_1.png|innnnee   ddeeeeeeeeeienn   ssscchuu eeeeeeeeelllliihh
/data3fast/users/mbermudez/de_03/TFGDataset/img/train_t2_1374.png|ooee   aaaaahhhnnnnnee   tt  aaaneeee
/data3fast/users/mbermudez/de_03/TFGDataset/img/train_t2_1408_1.png|derttttttt   
/data3fast/users/mbermudez/de_03/TFGDataset/img/train_t2_0777_0.png|de   chhhN  ddddeee     aanall nnneeeed   auaee
/data3fast/users/mbermudez/de_03/TFGDataset/img/train_t2_0246_2.png|ssttt       aangeeee sss  eeeeeiccheeNenenn
/data3fast/users/mbermudez/de_03/TFGDataset/img/train_t2_0448_1.png|gee         esssttteeeeegccclllee dd drrrdddd
/data3fast/users/mbermudez/de_03/TFGDataset/img/train_t2_0754_0.png|un   ssse eeeeeesehNN   s eeennnn  cchhhhhueeeeettt
/data3fast/users/mbermudez/de_03/TFGDataset/img/train_t2_0865.png|beeeeeesseeNNN ..
/data3fast/users/mbermudez/de_03/TFGDataset/img/train_t2_1316.png|virrrertttttt 
/data3fast/users/mbermudez/de_03/TFGDataset/img/train_t2_0747.png|mrrhhhll  nndd  tttieeeeeeeeeeeeeeeeen*    achhh
/data3fast/users/mbermudez/de_03/TFGDataset/img/train_t2_1430_1.png|drr      eee  aaahhesssee      elleei
/data3fast/users/mbermudez/de_03/TFGDataset/img/train_t2_1391.png|unnd   tttnnnnn   ssss    d  scchheeN  nn deeee
/data3fast/users/mbermudez/de_03/TFGDataset/img/train_t2_0397_2.png|bbe ddd   dddeerrrreeeeeeeeeegnn ssstttt
/data3fast/users/mbermudez/de_03/TFGDataset/img/train_t2_0380_1.png|geestttt       eeennn   eehsssssseeeeeehht   eee
/data3fast/users/mbermudez/de_03/TFGDataset/img/train_t2_1380_2.png|inndeeeeetteeeee******** ttssssttt       slllsddeee
/data3fast/users/mbermudez/de_03/TFGDataset/img/train_t2_1222_2.png|woll     eeeee lllliiiiieeeeeee   sss   iii
/data3fast/users/mbermudez/de_03/TFGDataset/img/train_t2_1271_0.png|mmaaauuueeeeeeeeeeeeese   d aaasss    d deeee  dddeee
/data3fast/users/mbermudez/de_03/TFGDataset/img/train_t2_1387.png|ttte  *****eeeeerttee    ssslll  aahh    esssseerrrtttie
/data3fast/users/mbermudez/de_03/TFGDataset/img/train_t2_0795_1.png|rrrnnnnnnnnnn   eeiiee  a   eeeeii             ndrr
/data3fast/users/mbermudez/de_03/TFGDataset/img/train_t2_0857.png|dee       ssaa    rrertttttt tccheeee   ssssssa
/data3fast/users/mbermudez/de_03/TFGDataset/img/train_t2_0334_1.png|iiieeeeenneeeht     chheeerrrrtthhhsshhleee  aass
/data3fast/users/mbermudez/de_03/TFGDataset/img/train_t2_1297_2.png|aueeeeee    lllsss uudd ss ennn see  u rreeeeeee
/data3fast/users/mbermudez/de_03/TFGDataset/img/train_t2_0708_0.png|neeeelllleeeeeNNnnn  sssstt   neeiiinneeeee
/data3fast/users/mbermudez/de_03/TFGDataset/img/train_t2_0156.png|der  lcchheeeeeeeeeer  naaca    ee   ssteeee  tttt
/data3fast/users/mbermudez/de_03/TFGDataset/img/train_t2_1400_2.png|bee nnnnne
/data3fast/users/mbermudez/de_03/TFGDataset/img/train_t2_1306_1.png|deeeennnnnnnnneeeeesshhhhtteeeeeeeeeeiihi   dde
/data3fast/users/mbermudez/de_03/TFGDataset/img/train_t2_0592_2.png|iiss eeerrrrrhhhheeNN nnn  llllll  eeee          nn
/data3fast/users/mbermudez/de_03/TFGDataset/img/train_t2_1031_2.png|beeeeeeesttteeeeessch   nniiiieee nnnndee
/data3fast/users/mbermudez/de_03/TFGDataset/img/train_t2_0108_1.png|dass eeeeeeeeeeeerrhhheeeeennneeeeee     dddee
/data3fast/users/mbermudez/de_03/TFGDataset/img/train_t2_0567_2.png|annn eeesettttnhhhh eee  hhha      ass llllllee
/data3fast/users/mbermudez/de_03/TFGDataset/img/train_t2_1478_1.png|vieeee    dssseeeegeeeeehae  de eesseeerh
/data3fast/users/mbermudez/de_03/TFGDataset/img/train_t2_1225_1.png|# dd
/data3fast/users/mbermudez/de_03/TFGDataset/img/train_t2_0247_0.png|aauuu dddrreeeeeee uuddrrhhhhh eeeeguu  rrrreee
/data3fast/users/mbermudez/de_03/TFGDataset/img/train_t2_0406_2.png|iii ee n aalleeettt    ddd lllhee   aiie
/data3fast/users/mbermudez/de_03/TFGDataset/img/train_t2_0713_1.png|# dde
/data3fast/users/mbermudez/de_03/TFGDataset/img/train_t2_1282_0.png|itt     sssss           eee liii       t     .........
/data3fast/users/mbermudez/de_03/TFGDataset/img/train_t2_0072_1.png|wnnnnnnnn   esstttthhtttii        aauu ssseheeeeeee
/data3fast/users/mbermudez/de_03/TFGDataset/img/train_t2_0410.png|rrreeeeeeeeee  eeellleeeeee***   ss cchlgnnnnn i     
/data3fast/users/mbermudez/de_03/TFGDataset/img/train_t2_1116_2.png|de    gngggaaallnn aaaanndd sssssaaaaaalee
/data3fast/users/mbermudez/de_03/TFGDataset/img/train_t2_0466_2.png|eeessssshhs   eedeee  ii   aacheeeessshheeeeeeeNahh
/data3fast/users/mbermudez/de_03/TFGDataset/img/train_t2_0848_1.png|geentttttttiinnddd  iii***  llssssN   ddd   il
/data3fast/users/mbermudez/de_03/TFGDataset/img/train_t2_1414_2.png|ooo eeee nnnnn eerreeer rrheeee    eaaeeer
/data3fast/users/mbermudez/de_03/TFGDataset/img/train_t2_0826_0.png|ihhr rrrsshhhttttttt   i      ee   rrhhh eeeeeileee  nnnn
/data3fast/users/mbermudez/de_03/TFGDataset/img/train_t2_0327.png|die  e    oessegggeeeeeiiiieeeeeeesN  nnneee
/data3fast/users/mbermudez/de_03/TFGDataset/img/train_t2_1107_1.png|#  ee
/data3fast/users/mbermudez/de_03/TFGDataset/img/train_t2_0384_2.png|neeeeee        eennnnnnnnneee    eeeeeeeeee tt
/data3fast/users/mbermudez/de_03/TFGDataset/img/train_t2_0272.png|mit  lllh    ddddd   acchaa      eeeeeeeerrri
/data3fast/users/mbermudez/de_03/TFGDataset/img/train_t2_0993_0.png|aaa  eeeeeeuuuddee eee d   alllhhii   errcchhe
/data3fast/users/mbermudez/de_03/TFGDataset/img/train_t2_1164_2.png|eraaaaufufeee ee eeeeeeeeeeeeeeeee e  sllleeee
/data3fast/users/mbermudez/de_03/TFGDataset/img/train_t2_0458.png|dii ttttt   uuuaasssssshh    llii  ddeeeehheeeeeessssss
/data3fast/users/mbermudez/de_03/TFGDataset/img/train_t2_0109_2.png|aas e eeeeeeee ssseeeeeennnnn ee   eeetssllll 
/data3fast/users/mbermudez/de_03/TFGDataset/img/train_t2_1294_0.png|aaneeee eesss    eeeeeeNNeeeeee  tsstt   drrrccchh
/data3fast/users/mbermudez/de_03/TFGDataset/img/train_t2_0755.png|ieettttttonnnnno ssssa   aa a    ieeeei a
/data3fast/users/mbermudez/de_03/TFGDataset/img/train_t2_0450_0.png|ieeettt   nnn  eeeeegaaaann   ssehheeeeee
/data3fast/users/mbermudez/de_03/TFGDataset/img/train_t2_0863_0.png|ieeeeeeee*****e           itiiii******    uuuuuehheeNNuu  eeehh
/data3fast/users/mbermudez/de_03/TFGDataset/img/train_t2_1020_2.png|# 
/data3fast/users/mbermudez/de_03/TFGDataset/img/train_t2_0579_0.png|oonneeeeeeeennncchheNNNN.
/data3fast/users/mbermudez/de_03/TFGDataset/img/train_t2_0857_2.png|dee       saaaaa   eeer tt    ccheeeeeN  ssssslll
/data3fast/users/mbermudez/de_03/TFGDataset/img/train_t2_0407_2.png|u   eeeeeeee lllliii     sslllseeedd  s cchlee
/data3fast/users/mbermudez/de_03/TFGDataset/img/train_t2_0569_0.png|oo  eeeesseeeehh  eeee iii*eeeeeeeeeeerrrrrene erreettte
/data3fast/users/mbermudez/de_03/TFGDataset/img/train_t2_0929.png|ttt ddddddddsssseeee      iillhi nnniiinnnnde
/data3fast/users/mbermudez/de_03/TFGDataset/img/train_t2_0886_1.png|nnntee   ddde ssthhhhtteNNNeeees cuuuuunnneee
/data3fast/users/mbermudez/de_03/TFGDataset/img/train_t2_0814_2.png|lleee eeeeuuussseeeeeeenngggggeee  a  d  rt
/data3fast/users/mbermudez/de_03/TFGDataset/img/train_t2_0674_2.png|"e     eeeee ss  lll  eeeeeeeeeeee  aaaaa
/data3fast/users/mbermudez/de_03/TFGDataset/img/train_t2_1267_0.png|wnnddd  auuussstttthhheee       iittc    dderrr
/data3fast/users/mbermudez/de_03/TFGDataset/img/train_t2_0739_1.png|tee    ssssttthhhteeeeeeeeeeeeeeehtt  dd aseeeheeN
/data3fast/users/mbermudez/de_03/TFGDataset/img/train_t2_0274_1.png|beee     ueeeeggelleee    dddde  nnn
/data3fast/users/mbermudez/de_03/TFGDataset/img/train_t2_0329_2.png|rrrheeeeeeNNNNss     cchh  d  elleeee  aaacllleeN dddn
/data3fast/users/mbermudez/de_03/TFGDataset/img/train_t2_1339_1.png|ttt   nnddaaaaalhh   t aah eeehhchhiie  nnnnuu
/data3fast/users/mbermudez/de_03/TFGDataset/img/train_t2_0253_1.png|ffnnneeeeeeett  sssseerrreeeeeett   ddeeeeee
/data3fast/users/mbermudez/de_03/TFGDataset/img/train_t2_1462_0.png|andeerrhhhh  dderehhheNNnnnd   hheeennnnness
/data3fast/users/mbermudez/de_03/TFGDataset/img/train_t2_0385_2.png|iiilllaaasss   neeeilliinn n nndeeellleee * *ttt  inn
/data3fast/users/mbermudez/de_03/TFGDataset/img/train_t2_0744_1.png|deee  nnnnneee    aaaunnnttt    ssseee    rnrncch
/data3fast/users/mbermudez/de_03/TFGDataset/img/train_t2_1342.png|anneeeeer      dnnnnn eed   iiill   ddeeeeeeeN aauu
/data3fast/users/mbermudez/de_03/TFGDataset/img/train_t2_0231.png|wissssssshhhunnnnnnnn eeeeeeicchhheeN nn  ttteeeeee
/data3fast/users/mbermudez/de_03/TFGDataset/img/train_t2_1310_1.png|weeeeeesssseeee       ttttt eeeeellltt
/data3fast/users/mbermudez/de_03/TFGDataset/img/train_t2_0171_0.png|iiih
/data3fast/users/mbermudez/de_03/TFGDataset/img/train_t2_0555.png|dassss     eeee*****  nneeeeerrr      e nn    eeeee
/data3fast/users/mbermudez/de_03/TFGDataset/img/train_t2_1266.png|nn  e     sssscchhee  aaanneee    nnnniii
/data3fast/users/mbermudez/de_03/TFGDataset/img/train_t2_1322_2.png|iieeeeeeeeeiiiir d    sllsshh   ndd      dde
/data3fast/users/mbermudez/de_03/TFGDataset/img/train_t2_1255_2.png|lllN ddddddeeelllheee nhchiiieneeeeeeeeettt uuundde
/data3fast/users/mbermudez/de_03/TFGDataset/img/train_t2_0838_1.png|cchh     raaa reeetttttt    aal   nnnnneeeehh
/data3fast/users/mbermudez/de_03/TFGDataset/img/train_t2_1344_1.png|d        d    a eee  t ccccllll  ddaaassaa  deeee
/data3fast/users/mbermudez/de_03/TFGDataset/img/train_t2_0465_1.png|aaa    uunnnnnnneeeeeeiteeeeeee aa
/data3fast/users/mbermudez/de_03/TFGDataset/img/train_t2_1311_0.png|eeeeee enneeeeeeeeeeheehh    ddeeeeelchhhhuuueeeeee
/data3fast/users/mbermudez/de_03/TFGDataset/img/train_t2_0021_2.png|aalttttt    eerreiiiieei ddrrrrrrree
/data3fast/users/mbermudez/de_03/TFGDataset/img/train_t2_0481.png|ieeeeeeeeeeeeeNNNNN          esssss     t anann
/data3fast/users/mbermudez/de_03/TFGDataset/img/train_t2_0151.png|shhe  uahhhhhee  d  ririiiiiinnnnnnddssssseeee
/data3fast/users/mbermudez/de_03/TFGDataset/img/train_t2_1228_0.png|gee  nddeeeeeee   sssss   ssscchh eeeeeeeeereellhhhhh
/data3fast/users/mbermudez/de_03/TFGDataset/img/train_t2_0681.png|diesssssllss    ssssttchtnnnnnn eeeeeeeeeeeeuuueeeeeee
/data3fast/users/mbermudez/de_03/TFGDataset/img/train_t2_1009_1.png|annddderrrrihhheeee eeeee  aah    d aaas
/data3fast/users/mbermudez/de_03/TFGDataset/img/train_t2_1203.png|geeeessttttt ee    alllleeiinnneellleeeeddr
/data3fast/users/mbermudez/de_03/TFGDataset/img/train_t2_0608_1.png|bblleeeeNNe*******    ttsts  e e eeeniiih nnnddeee
/data3fast/users/mbermudez/de_03/TFGDataset/img/train_t2_1084_0.png|uuu    aaaarerrr a  eeeee     ee  ttthhht 
/data3fast/users/mbermudez/de_03/TFGDataset/img/train_t2_0771_0.png|#  
/data3fast/users/mbermudez/de_03/TFGDataset/img/train_t2_0394_0.png|undddee tttttteee  nneeeeeer  iiiiee    nnn
/data3fast/users/mbermudez/de_03/TFGDataset/img/train_t2_1367_0.png|"rreeeeeeeitt  ssssscch   naallleeeeiiihhhhheeeee
/data3fast/users/mbermudez/de_03/TFGDataset/img/train_t2_0001.png|geN  undnneeeeeeeeeeeeeeeeN uud  s  aa  eeeeeshh
/data3fast/users/mbermudez/de_03/TFGDataset/img/train_t2_0098_1.png|stt        ss  eee         rr   ddeeeeesssss
/data3fast/users/mbermudez/de_03/TFGDataset/img/train_t2_0958.png|de    nnnnnneeeeetthhhh n  sssss aunnneeeeeNNe
/data3fast/users/mbermudez/de_03/TFGDataset/img/train_t2_1477.png|geeeNNNsstt  undddddeee uus aaahheeeee     nii  d
/data3fast/users/mbermudez/de_03/TFGDataset/img/train_t2_1149_0.png|undddrrrreeeeeeeeee  aaaasss   n dde sslleeeee
/data3fast/users/mbermudez/de_03/TFGDataset/img/train_t2_0825_1.png|seeeeeerrrrrrhlleeeeesss    llii   deeeeeeen
/data3fast/users/mbermudez/de_03/TFGDataset/img/train_t2_1314_2.png|uuu  sssssseeellllllennnnniihh   alllllss eeedd   
/data3fast/users/mbermudez/de_03/TFGDataset/img/train_t2_1450_2.png|maa     dddeeeee  ttt nnneeeeseeeeelllheee   hhhh
/data3fast/users/mbermudez/de_03/TFGDataset/img/train_t2_1264_1.png|da   ieelleee   ndd  aaassseerrrrrnneeeeee aaaahhh
/data3fast/users/mbermudez/de_03/TFGDataset/img/train_t2_0743_0.png|auua lllliii  dddreeeee ddreeeeeeee eee
/data3fast/users/mbermudez/de_03/TFGDataset/img/train_t2_0405_2.png|weennnnnnnniieeen  feeeeehheeNe  ** 
/data3fast/users/mbermudez/de_03/TFGDataset/img/train_t2_1090_0.png|eerttttttt   
/data3fast/users/mbermudez/de_03/TFGDataset/img/train_t2_0879.png|iis    seerrerrrrrrrrreee   rrreennneeeen
/data3fast/users/mbermudez/de_03/TFGDataset/img/train_t2_0991_0.png|ee   nnnniii     d      ttttttttteettt  ii***   eee
/data3fast/users/mbermudez/de_03/TFGDataset/img/train_t2_0846_1.png|aa   eeee        eeselllheeheeeihhliineeeee  anneeee
/data3fast/users/mbermudez/de_03/TFGDataset/img/train_t2_0930_2.png|sttseeeesssss ee *nn ccheenneeee   ggeeeeschheeNN  ssss
/data3fast/users/mbermudez/de_03/TFGDataset/img/train_t2_0774_1.png|da eeeeeNNaaau eeeeechhhNN uddd rheeeeeeeeeeee
/data3fast/users/mbermudez/de_03/TFGDataset/img/train_t2_0151_0.png|shhe uuaaahh  dd   rrriiiiiiinnnnndd ssssssedes
/data3fast/users/mbermudez/de_03/TFGDataset/img/train_t2_0560.png|alleeeehhhhh   sssccchhhhnnnniiitsst nnn eeeeeee
/data3fast/users/mbermudez/de_03/TFGDataset/img/train_t2_1027_0.png|diieeeeeaaaaa  eeeeeeeetteeN   ssssssseeeer
/data3fast/users/mbermudez/de_03/TFGDataset/img/train_t2_0189_2.png|seeeelchhhe    eeeeseetthss  ll  iiiilliee dd  eeeee
/data3fast/users/mbermudez/de_03/TFGDataset/img/train_t2_1369.png|breeeeeeee nnnn  niictt     eeee  eennnn
/data3fast/users/mbermudez/de_03/TFGDataset/img/train_t2_0453_0.png|uund nnannndderttti eeeeer tttttuuu
/data3fast/users/mbermudez/de_03/TFGDataset/img/train_t2_0492.png|orrrrrreetrnnnn icchhhaah sseett   nllleiinneeeee
/data3fast/users/mbermudez/de_03/TFGDataset/img/train_t2_1493_2.png|geeeeeeessee ..
/data3fast/users/mbermudez/de_03/TFGDataset/img/train_t2_0914_0.png|asssse     eeeeeetttttteeeeeee eedeee errrrrrrrt
/data3fast/users/mbermudez/de_03/TFGDataset/img/train_t2_0007_1.png|ee    nnnnnnnnggeeee u  eeeee    ssssleeeee
/data3fast/users/mbermudez/de_03/TFGDataset/img/train_t2_0161_2.png|mrruuuu reehtttiiiieeee  aaa nndeeeeeeessshllllll
/data3fast/users/mbermudez/de_03/TFGDataset/img/train_t2_1168_0.png|cchhee  ee   uuu  eeesssttcchhhtteeeeeee**e ss    dereehh
/data3fast/users/mbermudez/de_03/TFGDataset/img/train_t2_1147.png|wass  aauhhheeeeeee    d  rrrrrrrrttt   adddd
/data3fast/users/mbermudez/de_03/TFGDataset/img/train_t2_0391.png|wweee ssss  e          iiinneeeiillleeehttt     eeree
/data3fast/users/mbermudez/de_03/TFGDataset/img/train_t2_1347_1.png|aaheeee nnnaa  sss   dddeeeeeeeeN   uuuuuufeeeehhtt
/data3fast/users/mbermudez/de_03/TFGDataset/img/train_t2_1351.png|nnneiieheeeenneeeessseeelN .
/data3fast/users/mbermudez/de_03/TFGDataset/img/train_t2_1327_2.png|eeN  d    i aaasseeeeegeeee      dd  eleesauuu
/data3fast/users/mbermudez/de_03/TFGDataset/img/train_t2_0522.png|gglllllleeeeiissschheeddrrrrr  eeee  rrr gaau
/data3fast/users/mbermudez/de_03/TFGDataset/img/train_t2_1328.png|dee  ahhhh      aa  deeeiiiieNNN     nndee
/data3fast/users/mbermudez/de_03/TFGDataset/img/train_t2_0438_2.png|llleeee   seeeeeN  u eee  nnn   tttte
/data3fast/users/mbermudez/de_03/TFGDataset/img/train_t2_1104_1.png|ooeeeeeuuunnneennnnnn   aehhheeeee ttttt  dd
/data3fast/users/mbermudez/de_03/TFGDataset/img/train_t2_0279_2.png|dee   nnennn  aaan   d ieee      drrr      rrr
/data3fast/users/mbermudez/de_03/TFGDataset/img/train_t2_0603.png|iiiillllle  d rr  dddeeeeee**eeeeeeeeee        tttttttt
/data3fast/users/mbermudez/de_03/TFGDataset/img/train_t2_0713_0.png|# de
/data3fast/users/mbermudez/de_03/TFGDataset/img/train_t2_0838_2.png|ihh         aueeeertttttt   aall    nnnneeeecll
/data3fast/users/mbermudez/de_03/TFGDataset/img/train_t2_0967_2.png|eee  ggeee   ss  eeeeeeeeh  nnn e      r
/data3fast/users/mbermudez/de_03/TFGDataset/img/train_t2_1147_1.png|aaa    aahhheeeeeeee   ddaaaa rrrrrtt     dddr
/data3fast/users/mbermudez/de_03/TFGDataset/img/train_t2_0937.png|beeee essseeee   aaahhenneeeeeeeet  nnnnu
/data3fast/users/mbermudez/de_03/TFGDataset/img/train_t2_1027_2.png|dieeeeee aaaaeeeeeeeeeeeee    ssssscssseeeee
/data3fast/users/mbermudez/de_03/TFGDataset/img/train_t2_1307_0.png|cheeeeeeeeee   dddd rreegngggenn   s uuueeerrrtt
/data3fast/users/mbermudez/de_03/TFGDataset/img/train_t2_0074_1.png|tt     eeeaahhht  eeeee aaa   eee nnnnnne
/data3fast/users/mbermudez/de_03/TFGDataset/img/train_t2_0655_2.png|weeess   allchhheei nnnna   eeeee        s
/data3fast/users/mbermudez/de_03/TFGDataset/img/train_t2_1130_1.png|rrrrrrtteee  ussssthhnn  dddeeeeeeeennneeeeeeeehhee
/data3fast/users/mbermudez/de_03/TFGDataset/img/train_t2_1260.png|beeeetttttteNN  dddassssshhhee  aalllllii
/data3fast/users/mbermudez/de_03/TFGDataset/img/train_t2_0263_0.png|nnniiiicttt  ddd  aahhhhttiiii  eeeeeeehheeeN
/data3fast/users/mbermudez/de_03/TFGDataset/img/train_t2_1441_1.png|beeeeeee      nnllllll         aaaaaleeeiiilleee
/data3fast/users/mbermudez/de_03/TFGDataset/img/train_t2_0171_2.png|iieh
/data3fast/users/mbermudez/de_03/TFGDataset/img/train_t2_0608_2.png|bllleeeeee ******  n sssttttee  deeeeiiiihhnnnnndeeee
/data3fast/users/mbermudez/de_03/TFGDataset/img/train_t2_0482_1.png|rrrrsshheeedd   eeeeeelhheeennnen*****  scclssllss
/data3fast/users/mbermudez/de_03/TFGDataset/img/train_t2_0826_1.png|ihr    ussschtttttteee***     e e  d  chheeeeeeeeeeee  nnnn
/data3fast/users/mbermudez/de_03/TFGDataset/img/train_t2_0076.png|deeeeeeee  esseeee uun eeettee nunheee dddi
/data3fast/users/mbermudez/de_03/TFGDataset/img/train_t2_0501.png|geesssseeNsslls     nnneeeilllee ddeeeeccheNNNnnee
/data3fast/users/mbermudez/de_03/TFGDataset/img/train_t2_1079_1.png|chhee    eeeeeee u   eesss      neeeee
/data3fast/users/mbermudez/de_03/TFGDataset/img/train_t2_0765_2.png|eenn  eeeer  heeeeeichtttt  aaau eeeeeeee
/data3fast/users/mbermudez/de_03/TFGDataset/img/train_t2_1475_2.png|eee llleeedeeeeeeeeeee***nnn  derr uuuueeeeee
/data3fast/users/mbermudez/de_03/TFGDataset/img/train_t2_0511.png|voeeellsonnnneeeennuuu  rrttth aaa   errreeee
/data3fast/users/mbermudez/de_03/TFGDataset/img/train_t2_0251_1.png|dee  eeeehhtttt   dd eeeeee  llllsslheeeii   assdd
/data3fast/users/mbermudez/de_03/TFGDataset/img/train_t2_1283_1.png|stttt  iteeee    aa  eeeeee nnnnnn nnaa  eeeee
/data3fast/users/mbermudez/de_03/TFGDataset/img/train_t2_0094_2.png|nnn   ssss a     eeee  uunnuuuueeeee   ******  iiiiilhhhh
/data3fast/users/mbermudez/de_03/TFGDataset/img/train_t2_1291_1.png|andderrshht   nneeeeehittt   d  llhheedde
/data3fast/users/mbermudez/de_03/TFGDataset/img/train_t2_1301.png|de  nnniinniiiaaa  s       nn*eeeeeee  eesssss   nnn llleeeNN
/data3fast/users/mbermudez/de_03/TFGDataset/img/train_t2_1182_0.png|iihtt   aahhhhh  nnn eee      ssesssssseee    hheeee
/data3fast/users/mbermudez/de_03/TFGDataset/img/train_t2_0377_2.png|das   tttttssssaaaan  iiii  eeeessssshhhtttt
/data3fast/users/mbermudez/de_03/TFGDataset/img/train_t2_0116_0.png|udddeeeeechhhteeee ddd   llll deeeeeeihheeeee
/data3fast/users/mbermudez/de_03/TFGDataset/img/train_t2_0372_2.png|derrrhhheeeeer  sss eee   daaallleeeeiilleet
/data3fast/users/mbermudez/de_03/TFGDataset/img/train_t2_1055_2.png|iieeeee   ata       aaiiieeetssssssss
/data3fast/users/mbermudez/de_03/TFGDataset/img/train_t2_0308_0.png|drrttti   deee   ttteeeeeeeennccch   deeee  nn  
/data3fast/users/mbermudez/de_03/TFGDataset/img/train_t2_1229_1.png|lllee    aaaaleettinnn  sssshh   drrrrrrrrihh
/data3fast/users/mbermudez/de_03/TFGDataset/img/train_t2_0356_0.png|bee nnnnnnn  aaa   a     aschhhuu dd rreet nnnnn
/data3fast/users/mbermudez/de_03/TFGDataset/img/train_t2_0800.png|da              iil             aasssss sss auuufsshle
/data3fast/users/mbermudez/de_03/TFGDataset/img/train_t2_0921_1.png|d       sssseeennnnnessssssleee  iii...
/data3fast/users/mbermudez/de_03/TFGDataset/img/train_t2_0446.png|drr   iie    ss  e  i******nnnnnneessee    llchhieee
/data3fast/users/mbermudez/de_03/TFGDataset/img/train_t2_1003_2.png|tteeeeeeehhhhhhheeet   edd riiieeeeeeee**eeeee     aaaa
/data3fast/users/mbermudez/de_03/TFGDataset/img/train_t2_1179_2.png|da   eeeeeehhhe   aaaau  eeeeee   nnnnnn   ssschhhtt
/data3fast/users/mbermudez/de_03/TFGDataset/img/train_t2_1221.png|ooo   eeeeeeelllhe        iheeeeeN    oooollleee
/data3fast/users/mbermudez/de_03/TFGDataset/img/train_t2_1369_0.png|bbeeeeeee  nn    iittt  ddeee  uu eennnnn
/data3fast/users/mbermudez/de_03/TFGDataset/img/train_t2_0884_1.png|de    eeeee     eeellee deeee sthhhhhhhh dddeerlllh
/data3fast/users/mbermudez/de_03/TFGDataset/img/train_t2_1401_2.png|indd sssstttttthheN   d eeeerrr   uuuuueeeuu
/data3fast/users/mbermudez/de_03/TFGDataset/img/train_t2_1448_2.png|ggneeeeeeeennneeeeeeee naaaaaa    eeeeeeeeeeN nnn
/data3fast/users/mbermudez/de_03/TFGDataset/img/train_t2_0284_1.png|ooeeeeeennnnnni nnnn geeeee ddeeeeeeess    n
/data3fast/users/mbermudez/de_03/TFGDataset/img/train_t2_0366_2.png|daaaaa sseeeee ee eee r  eeeeeeNNNeeee * nnna
/data3fast/users/mbermudez/de_03/TFGDataset/img/train_t2_0917_1.png|# 
/data3fast/users/mbermudez/de_03/TFGDataset/img/train_t2_1419_1.png|geee   nnnn ttttttt n  aallleeelieees   ueeeeee
/data3fast/users/mbermudez/de_03/TFGDataset/img/train_t2_0591.png|diesseeeeerrttt  i ee uuuuuueeneeeeeeeeeetchhhss uuuu
/data3fast/users/mbermudez/de_03/TFGDataset/img/train_t2_0040_0.png|alseeeellhhe   d ss     nnnnnnnnaggeeeeeee
/data3fast/users/mbermudez/de_03/TFGDataset/img/train_t2_0600.png|onnn dd  ellasssaaann  cttt dd sssree
/data3fast/users/mbermudez/de_03/TFGDataset/img/train_t2_0308_2.png|drrttt   deeeennnueeeeeeeeeee nach    eeee    
/data3fast/users/mbermudez/de_03/TFGDataset/img/train_t2_0712_1.png|der aaaaauneeeeeett    eeeeeeeeellleeeNaa
/data3fast/users/mbermudez/de_03/TFGDataset/img/train_t2_0326_1.png|ggeee ssssssh    aa  hhheennnneen    tttt ssss
/data3fast/users/mbermudez/de_03/TFGDataset/img/train_t2_0825_2.png|seeeeeedrrrrillheesssssss   llli   dreeennnn
/data3fast/users/mbermudez/de_03/TFGDataset/img/train_t2_0019_1.png|ihhhhh  eeer   aalleeddeeeeeeeeeeeeh       eeeeee
/data3fast/users/mbermudez/de_03/TFGDataset/img/train_t2_0462_2.png|eee lllhhheedddrreeeeel  rrrrrreerrr  uu  seeeelll
/data3fast/users/mbermudez/de_03/TFGDataset/img/train_t2_1226_2.png|aaa       deeee********   iiiiill      e icchhssseeeeee
/data3fast/users/mbermudez/de_03/TFGDataset/img/train_t2_0579.png|oonnneeeeeennneeehhhN   .
/data3fast/users/mbermudez/de_03/TFGDataset/img/train_t2_0062_0.png|tttt nneeeeee   lllleeddd  iiiieeeeeee **eeeee   llllll
/data3fast/users/mbermudez/de_03/TFGDataset/img/train_t2_0253_0.png|ffnneeeeee      sssseeererrreei    deeeeedeee
/data3fast/users/mbermudez/de_03/TFGDataset/img/train_t2_0467_2.png|uun ettttttttheN    seeestttaaa    oooccttt   dddee
/data3fast/users/mbermudez/de_03/TFGDataset/img/train_t2_0062.png|tttt nnneeeeennn lllleddd iiiieeeeeeeeeeeeeeeeeellllll
/data3fast/users/mbermudez/de_03/TFGDataset/img/train_t2_1000_1.png|leeeeeee  iiihhnnnnneeeiii    sseeeeeeeeee   eeeeeee
/data3fast/users/mbermudez/de_03/TFGDataset/img/train_t2_0783_0.png|eesschhiiiennnee    assssseeeeehhh     rrhheeeeN
/data3fast/users/mbermudez/de_03/TFGDataset/img/train_t2_0744_2.png|dee  e*nnnne    d aaaa nncctt   sssseerrr nnnaaachh
/data3fast/users/mbermudez/de_03/TFGDataset/img/train_t2_0479_1.png|eeeeee    lll  iidddee  a  ddd   rtciillnlss
/data3fast/users/mbermudez/de_03/TFGDataset/img/train_t2_0042_0.png|de    eeee  sss  ttttnnn  sseeeeeeeeeeetills  e
/data3fast/users/mbermudez/de_03/TFGDataset/img/train_t2_0894.png|nnneeerrshhhuu eeeeeeeNNnn   lleeiie  drrrrrrrr  nn
/data3fast/users/mbermudez/de_03/TFGDataset/img/train_t2_0144_1.png|heeeee ssti nn deiihhheeeee    ssssllhh   dddd
/data3fast/users/mbermudez/de_03/TFGDataset/img/train_t2_0160_1.png|aaaaaaaah eeerrrrrelhchhh  nndeeeeeeee chh unnd
/data3fast/users/mbermudez/de_03/TFGDataset/img/train_t2_0554_2.png|geeNN   ssssss eeeneeeelcchllhhhiiiiiiiieeeeN     sseeeee
/data3fast/users/mbermudez/de_03/TFGDataset/img/train_t2_0542_2.png|rrrrnnnnaaaaaaa deeeNNNddddeeeescchheelllleee
/data3fast/users/mbermudez/de_03/TFGDataset/img/train_t2_0317_2.png|wweer    aaahhleee    dd  eeeee  e  ssstttthhheeN
/data3fast/users/mbermudez/de_03/TFGDataset/img/train_t2_0939_1.png|iih  eeeeeehhe    aallss  neeee    eeeeee aaaa
/data3fast/users/mbermudez/de_03/TFGDataset/img/train_t2_1000.png|leeeeee  iiiiinnnnngeeeit    sseeeeeeeee  iieeeeeeeee
/data3fast/users/mbermudez/de_03/TFGDataset/img/train_t2_1322_1.png|iieeeeeeeleiiit      ssselch  nnddd  sss dd
/data3fast/users/mbermudez/de_03/TFGDataset/img/train_t2_1290.png|bssu u ddd deeer   ssccheee   llhheee aaauudeee
/data3fast/users/mbermudez/de_03/TFGDataset/img/train_t2_0329.png|rrhheeeeeeeeNssss     cciii    e iieeeNN  alllheeN dddnn
/data3fast/users/mbermudez/de_03/TFGDataset/img/train_t2_0276_0.png|"s   t   unnndde n   eellllhhttttt nnahh
/data3fast/users/mbermudez/de_03/TFGDataset/img/train_t2_0936_0.png|dnnn     ssttttttttttt  itiieenneeeihhtt    dddeeee
/data3fast/users/mbermudez/de_03/TFGDataset/img/train_t2_0236_0.png|auuseeeeeeeefgeeett d rrrrrd   ssssehhhh
/data3fast/users/mbermudez/de_03/TFGDataset/img/train_t2_1210_1.png|geeeeeee  hht   aauuneeeenrcchhheeeeeee  nn
/data3fast/users/mbermudez/de_03/TFGDataset/img/train_t2_1022_2.png|deN   eeeeeeeeee      sseeeeedeeeesseeee nnnnn
/data3fast/users/mbermudez/de_03/TFGDataset/img/train_t2_1470_0.png|inn  eechtt dd    ********      rr eeeeeee   a  eeeeeee
/data3fast/users/mbermudez/de_03/TFGDataset/img/train_t2_0653_1.png|aal  eeeeeessseeeeeeeehhheeeen  n  llll
/data3fast/users/mbermudez/de_03/TFGDataset/img/train_t2_0968.png|mmt sshhssstsst   aaaas  llllhheee eeeeeeii         mmaade
/data3fast/users/mbermudez/de_03/TFGDataset/img/train_t2_0314_1.png|tttt       ddee  tttttseeeeeessse  aaaaa t
/data3fast/users/mbermudez/de_03/TFGDataset/img/train_t2_1294_2.png|anneeeee    sseee eeeeeNNeeeee   tchhs   ddd rcchhhee
/data3fast/users/mbermudez/de_03/TFGDataset/img/train_t2_0410_1.png|rreeeeeeeeeee*e eeeeeeeeeenn**   ssscchheennnnn i    d
/data3fast/users/mbermudez/de_03/TFGDataset/img/train_t2_0374.png|aaa  nnnneeichhhuuufeeeeeee d        n  ssssss
/data3fast/users/mbermudez/de_03/TFGDataset/img/train_t2_0433_1.png|geeeeeeerrrrrrrrrr  uhhhheennnde  ccchhe  ddn
/data3fast/users/mbermudez/de_03/TFGDataset/img/train_t2_0448_2.png|geer      drerrttt eeeeeeccllleee d  reeeeeeed
/data3fast/users/mbermudez/de_03/TFGDataset/img/train_t2_0476_1.png|dee  eeeer nnnn tt  eeee 
/data3fast/users/mbermudez/de_03/TFGDataset/img/train_t2_0063.png|ee  ddnnnnn   sllllhheeeeetttttt     sssschh   dd
/data3fast/users/mbermudez/de_03/TFGDataset/img/train_t2_0571_2.png|beeeeeee uuuuusseee  n   eeeeee llllgnnnnni
/data3fast/users/mbermudez/de_03/TFGDataset/img/train_t2_0018.png|meeeeeeett   dddeeeellleeeeeeee *  * dd  ssseeee
/data3fast/users/mbermudez/de_03/TFGDataset/img/train_t2_0589_1.png|mii  eeeeeeeesssssseeeeeee  eeeecccllleee    errt
/data3fast/users/mbermudez/de_03/TFGDataset/img/train_t2_0613_1.png|geeiiiiillllchhh   ddeeeeseeesssssssee   ndddee
/data3fast/users/mbermudez/de_03/TFGDataset/img/train_t2_1387_1.png|ttt*ee*ee*eeerrreeeee      sllllaa a  eesssseerrrttteee
/data3fast/users/mbermudez/de_03/TFGDataset/img/train_t2_1264.png|daa   eelleeee   dd aasseeeerreeenneeeeeeaaaaahh
/data3fast/users/mbermudez/de_03/TFGDataset/img/train_t2_0958_2.png|de    nnnnnneeeessschhnnn  ssss    nnneeeeeeeesll
/data3fast/users/mbermudez/de_03/TFGDataset/img/train_t2_0556.png|mer      eeeenngeeeett   sssannnneechht      
/data3fast/users/mbermudez/de_03/TFGDataset/img/train_t2_0060.png|ee    n ddeeeesssscchheeeellhhhh  ddrrrrraauu
/data3fast/users/mbermudez/de_03/TFGDataset/img/train_t2_0903.png|nnee ssttcconn   eeeee  u eeeeennnuuuueeeeNss
/data3fast/users/mbermudez/de_03/TFGDataset/img/train_t2_0337.png|beeeeeeeeett nnaaa eeeeetttth   ddeeeeeeeeee
/data3fast/users/mbermudez/de_03/TFGDataset/img/train_t2_1416_0.png|drtttt nnneeeee  a    errc     aaaaaaheeerrrr
/data3fast/users/mbermudez/de_03/TFGDataset/img/train_t2_1167_2.png|undddeeesssschhhhhleelleeeee  aaa    eeeeeeeee
/data3fast/users/mbermudez/de_03/TFGDataset/img/train_t2_1109.png|rrrrrcchhhnnn ssee   stt e      .
/data3fast/users/mbermudez/de_03/TFGDataset/img/train_t2_1392.png|# 
/data3fast/users/mbermudez/de_03/TFGDataset/img/train_t2_1321_0.png|ssettttee eeeeeeeeeleheeNNs        aa nn     .
/data3fast/users/mbermudez/de_03/TFGDataset/img/train_t2_0252_1.png|geeeee  unnneeetthttt  dd eeeesllle
/data3fast/users/mbermudez/de_03/TFGDataset/img/train_t2_1450.png|maa       eeeee   tt nnnglleeeeeeeeeeiiiiie  aaa
/data3fast/users/mbermudez/de_03/TFGDataset/img/train_t2_0785.png|nnnolllchhnnnnnneett    eei  aa ddd   aaaaaahhhhh
/data3fast/users/mbermudez/de_03/TFGDataset/img/train_t2_0523_1.png|eett     tthheeeeeeeNN dduaaahhheeeeNlsssseei
/data3fast/users/mbermudez/de_03/TFGDataset/img/train_t2_1110_1.png|aus eeeennnnn  ee      ttt dd ssshhhheeeee
/data3fast/users/mbermudez/de_03/TFGDataset/img/train_t2_1033_1.png|mahh    nnn iii  hhhhhh    eeeiiitttt ddrrrnnnn
/data3fast/users/mbermudez/de_03/TFGDataset/img/train_t2_0095_0.png|uuddrrrrr neeeellss  tt  rrrcuu eeeee  ssssss
/data3fast/users/mbermudez/de_03/TFGDataset/img/train_t2_0974_2.png|# d
/data3fast/users/mbermudez/de_03/TFGDataset/img/train_t2_0044_1.png|wieee  aaash    nnnn      eesllllnnnnneee
/data3fast/users/mbermudez/de_03/TFGDataset/img/train_t2_0494_1.png|wisssNN
/data3fast/users/mbermudez/de_03/TFGDataset/img/train_t2_0889_1.png|seeeeeleeeeeeettteeeeeeeedeee neeeeeeetttinnn
/data3fast/users/mbermudez/de_03/TFGDataset/img/train_t2_0858_1.png|uudddddrreeesssseeeeetteeeeeeee   ssss
/data3fast/users/mbermudez/de_03/TFGDataset/img/train_t2_1294.png|anneeee    ss ee  eeeeeN   eee***tttts      rrcchhhh
/data3fast/users/mbermudez/de_03/TFGDataset/img/train_t2_0697.png|hh       ctt   eesseee g ccct  eeeeee*nnnn  slllll
/data3fast/users/mbermudez/de_03/TFGDataset/img/train_t2_0313.png|beeedddd ddee  cttt    eeeschht nnnneeeeeee   chhht
/data3fast/users/mbermudez/de_03/TFGDataset/img/train_t2_1412_2.png|daaaaaaa   sseee nnn icchhest      iiehhhh  uuuuuhheee
/data3fast/users/mbermudez/de_03/TFGDataset/img/train_t2_0280_0.png|eeennnnnnnnee n naaasssstttt     eeleeee
/data3fast/users/mbermudez/de_03/TFGDataset/img/train_t2_0972_1.png|ass      
/data3fast/users/mbermudez/de_03/TFGDataset/img/train_t2_0042_1.png|de   eeeee sssstttttnnnn sseeeeeeeeeeeiitt  s eeee
/data3fast/users/mbermudez/de_03/TFGDataset/img/train_t2_1345_1.png|geee      rrrrrttchte nnnnnaaaa llie
/data3fast/users/mbermudez/de_03/TFGDataset/img/train_t2_1430_2.png|drr      eeee aaa  sseee   nn  eeellii
/data3fast/users/mbermudez/de_03/TFGDataset/img/train_t2_0658_1.png|mi    dddddnnneeeeeeeeeen n  illllhhhhhheeeeeee
/data3fast/users/mbermudez/de_03/TFGDataset/img/train_t2_0177_0.png|der  llllheeN  uuueeee stth   ddd e     aa   ahhhh
/data3fast/users/mbermudez/de_03/TFGDataset/img/train_t2_0676_0.png|#  
/data3fast/users/mbermudez/de_03/TFGDataset/img/train_t2_0964_0.png|ttte     illleeeeesshh  ddrrrreggeee  d e
/data3fast/users/mbermudez/de_03/TFGDataset/img/train_t2_0048_1.png|ooeeee     osssseeerrrreeeeeeeNNNaaa  dd ssseeeeeeeeNN
/data3fast/users/mbermudez/de_03/TFGDataset/img/train_t2_0917_0.png|# 
/data3fast/users/mbermudez/de_03/TFGDataset/img/train_t2_0806_0.png|eeNNNNee t    eeeeeeeseNNNnnddd eellleiieenn
/data3fast/users/mbermudez/de_03/TFGDataset/img/train_t2_0243_0.png|acchheeeeeNN uuuuhheeeNN  hh   eeteeeN uuuu  eeee
/data3fast/users/mbermudez/de_03/TFGDataset/img/train_t2_0899_0.png|niiiiee     seeeeeeerrr  r    a   eer      eeesssss
/data3fast/users/mbermudez/de_03/TFGDataset/img/train_t2_0381_1.png|deeeeeeeeeeeeee   hhh    eeeeeeeeiii  laassssstttttthhh
/data3fast/users/mbermudez/de_03/TFGDataset/img/train_t2_0835_2.png|de             uu eeee    a   eeeeth   aa      rreer
/data3fast/users/mbermudez/de_03/TFGDataset/img/train_t2_0651_2.png|bet     deeee aaaa ssee nnnnnnndd e  ss   eeennna
/data3fast/users/mbermudez/de_03/TFGDataset/img/train_t2_1163.png|weeeeesssslll d rrhauu eeeennnnn  eeee  nnn
/data3fast/users/mbermudez/de_03/TFGDataset/img/train_t2_0732_0.png|unn ggeeeeeee***** lllciiie eennnnnnn
/data3fast/users/mbermudez/de_03/TFGDataset/img/train_t2_1250_0.png|waseeeeeeeeeeeeeeee   aaa  eeerrihheee
/data3fast/users/mbermudez/de_03/TFGDataset/img/train_t2_0786_2.png|oon llchhttt  eeeeehhhheeeeeee      errriichhh
/data3fast/users/mbermudez/de_03/TFGDataset/img/train_t2_1030_0.png|uureeessttt  d eeeeeeeee sscchhheeN dd
/data3fast/users/mbermudez/de_03/TFGDataset/img/train_t2_1040.png|iiillllssssa    hhhhll  ddeer  aaassseeeehhtteee
/data3fast/users/mbermudez/de_03/TFGDataset/img/train_t2_1168_1.png|ccheeee      unnee  sssstttthhteee ***e**sss   nddderrclh
/data3fast/users/mbermudez/de_03/TFGDataset/img/train_t2_1132_2.png|rrrrsslllllllleeeeee    ees     accstt  ddd
/data3fast/users/mbermudez/de_03/TFGDataset/img/train_t2_1385_1.png|it      eeeeeNNNeeeeee  dd    e ee   acchhhheeeeeeeetttt
/data3fast/users/mbermudez/de_03/TFGDataset/img/train_t2_0685_0.png|diii  eeeee****gllnnnnngeeeeee    ssdee
/data3fast/users/mbermudez/de_03/TFGDataset/img/train_t2_0443_2.png|deerrrrr  t seeeeettt  nneeeeee sssssseetttt
/data3fast/users/mbermudez/de_03/TFGDataset/img/train_t2_1098_0.png|iiss      sshcchh    eeeeeNN  aaasaa   o  eee    essss
/data3fast/users/mbermudez/de_03/TFGDataset/img/train_t2_0877_0.png|aaeeNe nnneeeet uuudrrrrcchhhee uuuuaa   ndd
/data3fast/users/mbermudez/de_03/TFGDataset/img/train_t2_0187.png|der   iiiiiinneeeeee  uuuuu   eeeee lllll    eeeee  
/data3fast/users/mbermudez/de_03/TFGDataset/img/train_t2_0131_2.png|oonn  aall  dd eeeeee      ...
/data3fast/users/mbermudez/de_03/TFGDataset/img/train_t2_0934_0.png|dii  iiiilinneeeeettt   gee uu  ee
/data3fast/users/mbermudez/de_03/TFGDataset/img/train_t2_0391_0.png|woeee   sss  d   aa  d   nnneeeeellhhheett     eeee
/data3fast/users/mbermudez/de_03/TFGDataset/img/train_t2_0650.png|aalleeeeeeetseee  neeeeeeennnndde aachh  dddesssshhttt
/data3fast/users/mbermudez/de_03/TFGDataset/img/train_t2_1429_2.png|#
/data3fast/users/mbermudez/de_03/TFGDataset/img/train_t2_0938_1.png|aweeeeettttt  a
/data3fast/users/mbermudez/de_03/TFGDataset/img/train_t2_0658.png|mi     dd   nneeeeeeeeeenneellllllehhhhheeeeeee
/data3fast/users/mbermudez/de_03/TFGDataset/img/train_t2_0875_2.png|lee  dd eee   aasssseeeeeeeegnnnniiii  aa  
/data3fast/users/mbermudez/de_03/TFGDataset/img/train_t2_0342_1.png|eeinnnnnlllaaaassseee      eeee  ssccchheeeeelsshh
/data3fast/users/mbermudez/de_03/TFGDataset/img/train_t2_1273_0.png|creee   dd  aa    eeeh   nnn eeeeNNuu eeeeii
/data3fast/users/mbermudez/de_03/TFGDataset/img/train_t2_0718_0.png|ditttt   sssseeeentrn  aacch   eee   uddeeee
/data3fast/users/mbermudez/de_03/TFGDataset/img/train_t2_0689_1.png|uud    eeeerrtttessssssa  aasallleeeeiieeee
/data3fast/users/mbermudez/de_03/TFGDataset/img/train_t2_1498_2.png|die  aaa seseeeeeeddrrrrrr drrrrrtttt   eessstt
/data3fast/users/mbermudez/de_03/TFGDataset/img/train_t2_1193.png|winnneeeennnneessss         sccheeeeee  ssss  unnnddd
/data3fast/users/mbermudez/de_03/TFGDataset/img/train_t2_0951_2.png|ooeeeeeellcchhee eeeeeeeeeeeee hu    ssssshhnnn
/data3fast/users/mbermudez/de_03/TFGDataset/img/train_t2_0889_0.png|eee  lhhheeeett eeeeee eeedeeeeeeeeeeeettttnnn
/data3fast/users/mbermudez/de_03/TFGDataset/img/train_t2_0070.png|de    tchhhhhh  tttt   ssseeeeeehttt  ee
/data3fast/users/mbermudez/de_03/TFGDataset/img/train_t2_0016_0.png|geeeeee ittii 
/data3fast/users/mbermudez/de_03/TFGDataset/img/train_t2_0514_2.png|dsss   eeeerrrrtthseeeeeeeeeeeeesee  nn  sccheeeeeennnnn 
/data3fast/users/mbermudez/de_03/TFGDataset/img/train_t2_1212_1.png|eee     eesse  u d   eeeeeeeeeet uueeeeeeee
/data3fast/users/mbermudez/de_03/TFGDataset/img/train_t2_1280_0.png|geeee  
/data3fast/users/mbermudez/de_03/TFGDataset/img/train_t2_0350_2.png|geehhhhe     aaaa  deeeeesssslse    ssse    nnneeeenn
/data3fast/users/mbermudez/de_03/TFGDataset/img/train_t2_0024.png|bbeeeeeeessssttt   eescht  deeee*    aaaa  eee
/data3fast/users/mbermudez/de_03/TFGDataset/img/train_t2_1387_0.png|tt*e****e****errrreee    sslllllaah   eesseeeertttttee
/data3fast/users/mbermudez/de_03/TFGDataset/img/train_t2_1179_1.png|da   rreeehhhe   aaaa   eeeee****    nnn    rrtttt
/data3fast/users/mbermudez/de_03/TFGDataset/img/train_t2_1385_0.png|iss      eeee    eeeee  ddrrr  eee  aacchhhheeeeeeechhhhh
/data3fast/users/mbermudez/de_03/TFGDataset/img/train_t2_0898_0.png|rrreeeeelllee  deerrtteeN  eeeee  nnddeeeeee
/data3fast/users/mbermudez/de_03/TFGDataset/img/train_t2_0338_0.png|ceeN  ssssssst   aallleee nnnnttii   *eeeeeeeeeee
/data3fast/users/mbermudez/de_03/TFGDataset/img/train_t2_0840_1.png|oondd  rrr   unneeeeeee i *.......
/data3fast/users/mbermudez/de_03/TFGDataset/img/train_t2_1089.png|inn eeeeeeeeeeeiihhheeerrrr ellleeeeNN llls eddeeeer
/data3fast/users/mbermudez/de_03/TFGDataset/img/train_t2_0374_0.png|aas  n nnilllchhaugeeeeeee     al      ssss
/data3fast/users/mbermudez/de_03/TFGDataset/img/train_t2_0309_2.png|da seeellleeeeeeeee     ss aaa   iii  drrrr
/data3fast/users/mbermudez/de_03/TFGDataset/img/train_t2_1398_1.png|ee   aaalleehheeedeeeeeeii   n  iiiiiie
/data3fast/users/mbermudez/de_03/TFGDataset/img/train_t2_0225_0.png|iiiieeeruuureeeeeeeeeeccchttt ee   nndeeeee
/data3fast/users/mbermudez/de_03/TFGDataset/img/train_t2_0644_0.png|nnnnneee    eeeeN  asseeeeeeeeeeeeee     ddeeer
/data3fast/users/mbermudez/de_03/TFGDataset/img/train_t2_0053_0.png|assss       ssssss hhl        e****** titttsss
/data3fast/users/mbermudez/de_03/TFGDataset/img/train_t2_1194_0.png|geNN           eee chhieen eeessssee  uunnnnnn     eeeeet
/data3fast/users/mbermudez/de_03/TFGDataset/img/train_t2_0666.png|deeeeeeeeeeeee   d sssssseeee     aaacheeee   dassdeeeee
/data3fast/users/mbermudez/de_03/TFGDataset/img/train_t2_1498_0.png|di   auueeehheeeeddrrrrrdddrrretttt  eeessstttt
/data3fast/users/mbermudez/de_03/TFGDataset/img/train_t2_1489.png|nnncccchhhl  ndddsss    nnnaaah  eeeeeetttt
/data3fast/users/mbermudez/de_03/TFGDataset/img/train_t2_0120_0.png|aaseeeeeeeeeddrrrrtiinneeeellll daaa hhiieeeee
/data3fast/users/mbermudez/de_03/TFGDataset/img/train_t2_0601_2.png|beee aaaaahhlll nnnn eeeeee   ccht  sstttt
/data3fast/users/mbermudez/de_03/TFGDataset/img/train_t2_0652.png|gee aasslll  hh  dd    cctt        iiii**......
/data3fast/users/mbermudez/de_03/TFGDataset/img/train_t2_0870.png|mas  eeeeeerrehhh   nnnaaa  saas eggeeeeessss
/data3fast/users/mbermudez/de_03/TFGDataset/img/train_t2_0910_1.png|wrrrr eeeeeeee    asssst    essseeeieeeeeN uu
/data3fast/users/mbermudez/de_03/TFGDataset/img/train_t2_1149.png|undd rrrreeeeeeee    aallllss   ddee ssslleeee
/data3fast/users/mbermudez/de_03/TFGDataset/img/train_t2_0717.png|dassseeeeerrrrrr hh   neeeee tttthhh aaaaaall eeed
/data3fast/users/mbermudez/de_03/TFGDataset/img/train_t2_0638_2.png|oohleN  nn  ceeeeeeennnichhhhhhh    d aaass eeee
/data3fast/users/mbermudez/de_03/TFGDataset/img/train_t2_1274_1.png|als e        eeeessssst uuuuueeeeeellleeNNN
/data3fast/users/mbermudez/de_03/TFGDataset/img/train_t2_0071_1.png|aadeesssss  eee    a   eee   eeellllee    nnndde
/data3fast/users/mbermudez/de_03/TFGDataset/img/train_t2_0604_2.png|cchhheN  dddeeiichtt 
/data3fast/users/mbermudez/de_03/TFGDataset/img/train_t2_1352.png|dee eeeeeeeeeeeeeeeeeeeertttteeNN  ddesss uuuuuuuu
/data3fast/users/mbermudez/de_03/TFGDataset/img/train_t2_0129_0.png|#  ee
/data3fast/users/mbermudez/de_03/TFGDataset/img/train_t2_1154.png|eerrts aaahttttttt
/data3fast/users/mbermudez/de_03/TFGDataset/img/train_t2_1105_1.png|eeN      reeeeeNllll   eesssseehheettt    d    eeeee
/data3fast/users/mbermudez/de_03/TFGDataset/img/train_t2_1428_0.png|ertttttnnnnneeeeeeeessss      ttrrerer  aassss
/data3fast/users/mbermudez/de_03/TFGDataset/img/train_t2_0069_0.png|ii     eeeeeeene   eeeelllllll    steeeN   dddel
/data3fast/users/mbermudez/de_03/TFGDataset/img/train_t2_0664_1.png|iii heeeeeeeeeeee   aaa hhh  eeeeenenn   sssssss
/data3fast/users/mbermudez/de_03/TFGDataset/img/train_t2_0077_1.png|eennnnnnn   cchheeNNdd eeesllllnnnnnnaaaaasss
/data3fast/users/mbermudez/de_03/TFGDataset/img/train_t2_0623_1.png|drrrr     aaaa ddeeerittttiiinnnddeerrrtt
/data3fast/users/mbermudez/de_03/TFGDataset/img/train_t2_0178_0.png|mmhhh     eeerrrrrreeeeeeee uuuuuaah  eerrrrrr
/data3fast/users/mbermudez/de_03/TFGDataset/img/train_t2_0456.png|bee aallllleeennndd iiiiii*...iilliiinneeelll
/data3fast/users/mbermudez/de_03/TFGDataset/img/train_t2_0750_1.png|rreess        iiiittt  s   ee******   sscch  dddeeee
/data3fast/users/mbermudez/de_03/TFGDataset/img/train_t2_0641_2.png|aannnnnnniiinnnnneeeeessshhhheeeeee  urrrrr   aaa
/data3fast/users/mbermudez/de_03/TFGDataset/img/train_t2_0524.png|vrrreeee uuddddreessse  ...
/data3fast/users/mbermudez/de_03/TFGDataset/img/train_t2_1024.png|sstttt    dddeitttee  eesssescchh   nnnnddeerrt
/data3fast/users/mbermudez/de_03/TFGDataset/img/train_t2_0088.png|ee        nnn tchheeennnneii r rreerrrii  ddd
/data3fast/users/mbermudez/de_03/TFGDataset/img/train_t2_0828.png|nnnndddrrr alla deeerrrrr ss  egggggeeehaaa
/data3fast/users/mbermudez/de_03/TFGDataset/img/train_t2_0128.png|iii  eeeeeellli deerehhhh aannneeee     ddd aa
/data3fast/users/mbermudez/de_03/TFGDataset/img/train_t2_0963_2.png|z  eeglleee aaua   assss     rriii   d eessssss
/data3fast/users/mbermudez/de_03/TFGDataset/img/train_t2_0038_2.png|schhhl  uuudddee      chheeeNNee   cchheeeee  nndd
/data3fast/users/mbermudez/de_03/TFGDataset/img/train_t2_0430_1.png|ahhhneeeeeeeiiit  ddeeerr aannn  ssssseeeeiiiiitt
/data3fast/users/mbermudez/de_03/TFGDataset/img/train_t2_0971.png|lllltete lllllaaaahhhhhinnn allleeei eellliii
/data3fast/users/mbermudez/de_03/TFGDataset/img/train_t2_0290.png|eeNNNNNeeeeeeeeeeNN ssss   dd  llhheeeeeeeeee uuuu
/data3fast/users/mbermudez/de_03/TFGDataset/img/train_t2_0296_1.png|ii  eeeeeellhi     aaaa   eeeii  llhh     aaa
/data3fast/users/mbermudez/de_03/TFGDataset/img/train_t2_0792_1.png|u     iieeeeeeeerdr  neeeeetttt n     aassott
/data3fast/users/mbermudez/de_03/TFGDataset/img/train_t2_1433.png|iihheeeee   dddderrscchheennneeeee    d  ssssssseeNN
/data3fast/users/mbermudez/de_03/TFGDataset/img/train_t2_0779.png|wweeee s   ddde ss lllliiiiienn   sssssss  eeeeeee
/data3fast/users/mbermudez/de_03/TFGDataset/img/train_t2_0095.png|uuddrrrreeeeeeg lls       trrrrreeenee ssssss
/data3fast/users/mbermudez/de_03/TFGDataset/img/train_t2_0862_2.png|wassseeeh        lllleeeiilleee   e   uuddee
/data3fast/users/mbermudez/de_03/TFGDataset/img/train_t2_0512_1.png|daalllllhii  dddeeee  ddd   eeeee    eeelleeeeeeeee
/data3fast/users/mbermudez/de_03/TFGDataset/img/train_t2_0498_1.png|sss aaaa   eeeeelledeeee   iccstttttt   ttt.
/data3fast/users/mbermudez/de_03/TFGDataset/img/train_t2_1069_1.png|deddddrrrrrrrreeessseeestttee nnneessss    ....
/data3fast/users/mbermudez/de_03/TFGDataset/img/train_t2_0470_1.png|wweeeeettttt
/data3fast/users/mbermudez/de_03/TFGDataset/img/train_t2_0625_1.png|dieeeeeeeeettttttteeeN   d   cchhhh    eeeeeeee  nn
/data3fast/users/mbermudez/de_03/TFGDataset/img/train_t2_0688_0.png|weee   d rerreehhh   nn  a  dss dd  rreeeeeeeeee eee nnee
/data3fast/users/mbermudez/de_03/TFGDataset/img/train_t2_0478_0.png|geshhheeeeennnnn    geeelhhhh      ee iieeNNsssss
/data3fast/users/mbermudez/de_03/TFGDataset/img/train_t2_1052_0.png|gnneeeeeeeeeeee sassllleeee  aa  ddd ssseee   nnn
/data3fast/users/mbermudez/de_03/TFGDataset/img/train_t2_1055_1.png|iseeeee   aha           rrreeessssssss
/data3fast/users/mbermudez/de_03/TFGDataset/img/train_t2_1101_0.png|dittteeeellllleee dd daaaheeeNN aaau eeee
/data3fast/users/mbermudez/de_03/TFGDataset/img/train_t2_0620_2.png|innneeeeeeeeeeeee  caa   eei nnn    ellliiinnn
/data3fast/users/mbermudez/de_03/TFGDataset/img/train_t2_1363_1.png|urrrrrr  iiiii  ssseeelllse     iieee        auu
/data3fast/users/mbermudez/de_03/TFGDataset/img/train_t2_0572_1.png|feee deeeeeeee   eeeeee n deee r      eee   aacc
/data3fast/users/mbermudez/de_03/TFGDataset/img/train_t2_0490_2.png|rrrllli     i   nnnnnciitnniie   e   tttllleee
/data3fast/users/mbermudez/de_03/TFGDataset/img/train_t2_0628_2.png|eeeNN   nnnnn  tt  nninnnnniicheeeettttest   n
/data3fast/users/mbermudez/de_03/TFGDataset/img/train_t2_0126_1.png|ee   hhhheeeNN uud  as ehiheeee     aaaasss
/data3fast/users/mbermudez/de_03/TFGDataset/img/train_t2_1158_1.png|aa  dd erssstttt e eeeeee ssshhe  dd  scchhlllll
/data3fast/users/mbermudez/de_03/TFGDataset/img/train_t2_0651_1.png|btt    eeeee aaaa sseee nnnn  ddde ssu  eeee  na
/data3fast/users/mbermudez/de_03/TFGDataset/img/train_t2_1326.png|sssee    nnnnn  aa nnndddeeeeeeeeeee t t   ddrr
/data3fast/users/mbermudez/de_03/TFGDataset/img/train_t2_0260_0.png|iieeessss  nnneeeeettttt  eellllaaaaaaaassheeeNe
/data3fast/users/mbermudez/de_03/TFGDataset/img/train_t2_0090_0.png|deeellhheeN nneeeehhee   aahh   e
/data3fast/users/mbermudez/de_03/TFGDataset/img/train_t2_0662_1.png|eeee    deeeeeetclllllsse nnn eeeuunneeeesss
/data3fast/users/mbermudez/de_03/TFGDataset/img/train_t2_0952_2.png|bert    nnneeessseeeeeeeeeittt   dddee  aa   d  ir
/data3fast/users/mbermudez/de_03/TFGDataset/img/train_t2_0187_0.png|derriiiiiineeeeeeeeee    u  seeeeeeeelllla   eeee  nu
/data3fast/users/mbermudez/de_03/TFGDataset/img/train_t2_1077_2.png|see   eeeeitthhhheee    aassaa er   aalleee
/data3fast/users/mbermudez/de_03/TFGDataset/img/train_t2_0259_1.png|drr              deeeesss    eeee          ssseeee
/data3fast/users/mbermudez/de_03/TFGDataset/img/train_t2_1217_1.png|wllll     ssslsssheeeeeer  aa t  deee  ette  
/data3fast/users/mbermudez/de_03/TFGDataset/img/train_t2_1131_1.png|ihhheeee  rreeeeeeeN uuuuuh eeeeeleeett    ssschhh
/data3fast/users/mbermudez/de_03/TFGDataset/img/train_t2_0166_1.png|ne  lllleeeeee   aaa   ddu eeeeNNeeee t eee   aaa
/data3fast/users/mbermudez/de_03/TFGDataset/img/train_t2_0130_0.png|hheeeeeeeeee iiiihheehhhh   u   ee lssslliiiieeee sss
